date,temp_c,precip_mm,humidity_pct,wind_speed_ms
2000-01-01,16.873,0.0,55.8,0.599
2000-01-02,17.018,0.002,54.99,0.666
2000-01-03,17.548,0.0,52.97,0.563
2000-01-04,17.244,0.002,53.03,0.539
2000-01-05,17.16,0.003,55.26,0.511
2000-01-06,16.61,0.0,57.95,0.7
2000-01-07,18.059,0.003,50.63,0.318
2000-01-08,17.048,0.006,52.24,0.612
2000-01-09,18.017,0.243,50.79,0.245
2000-01-10,16.048,0.412,65.58,0.688
2000-01-11,17.458,0.034,56.85,0.769
2000-01-12,17.284,0.026,62.79,0.582
2000-01-13,17.671,5.374,64.52,0.586
2000-01-14,14.86,15.036,86.44,1.084
2000-01-15,15.095,2.326,77.24,1.07
2000-01-16,15.558,1.652,71.35,1.24
2000-01-17,16.519,0.063,64.06,0.391
2000-01-18,17.323,0.001,57.78,0.407
2000-01-19,17.884,3.854,60.45,0.53
2000-01-20,14.289,10.795,84.66,0.952
2000-01-21,13.878,1.658,76.47,1.316
2000-01-22,15.705,1.908,61.07,0.691
2000-01-23,13.465,2.859,77.17,1.203
2000-01-24,14.739,0.155,66.83,1.199
2000-01-25,16.688,0.005,56.44,0.613
2000-01-26,17.273,0.001,55.9,0.657
2000-01-27,17.907,0.495,56.4,0.532
2000-01-28,14.045,20.217,81.55,1.392
2000-01-29,15.123,6.546,75.79,0.452
2000-01-30,14.249,1.098,78.0,0.468
2000-01-31,14.911,0.008,66.31,0.942
2000-02-01,15.545,1.206,61.84,1.444
2000-02-02,13.212,11.331,82.53,1.115
2000-02-03,13.505,3.101,81.72,1.095
2000-02-04,15.781,0.454,64.43,0.832
2000-02-05,16.56,0.388,63.83,0.642
2000-02-06,16.219,0.938,69.64,0.914
2000-02-07,15.583,5.25,73.42,0.922
2000-02-08,16.405,0.887,69.1,0.448
2000-02-09,16.367,0.231,63.36,0.427
2000-02-10,16.21,0.036,62.13,0.309
2000-02-11,15.995,0.002,56.89,0.747
2000-02-12,17.536,0.005,56.66,0.603
2000-02-13,18.823,0.004,58.03,0.708
2000-02-14,19.654,0.001,52.08,0.456
2000-02-15,18.393,0.594,59.61,0.75
2000-02-16,18.393,0.002,58.49,0.566
2000-02-17,17.486,1.572,63.27,0.991
2000-02-18,17.105,2.246,62.28,1.171
2000-02-19,15.738,2.415,66.26,1.022
2000-02-20,16.536,0.064,55.31,0.785
2000-02-21,16.427,0.014,53.01,0.662
2000-02-22,17.462,0.005,49.93,0.628
2000-02-23,17.565,0.013,54.26,0.86
2000-02-24,17.276,0.026,56.67,1.118
2000-02-25,18.259,0.041,49.5,0.934
2000-02-26,17.919,1.509,54.99,0.465
2000-02-27,16.051,0.482,62.92,0.656
2000-02-28,17.026,0.009,47.68,0.529
2000-02-29,18.353,0.004,46.44,0.407
2000-03-01,17.902,2.178,57.64,0.229
2000-03-02,15.023,22.091,80.95,1.338
2000-03-03,15.113,20.694,84.9,1.107
2000-03-04,16.455,3.941,75.82,1.253
2000-03-05,16.371,7.211,77.57,1.332
2000-03-06,16.62,11.948,84.14,1.259
2000-03-07,17.778,7.431,78.38,1.265
2000-03-08,16.887,35.93,84.45,1.417
2000-03-09,17.183,22.262,76.31,0.958
2000-03-10,17.178,2.182,68.26,1.147
2000-03-11,17.0,1.653,67.94,1.23
2000-03-12,16.481,7.475,74.98,1.29
2000-03-13,16.996,26.656,82.64,1.116
2000-03-14,16.555,38.226,87.43,1.232
2000-03-15,16.965,13.437,79.06,1.407
2000-03-16,16.958,3.717,74.33,1.535
2000-03-17,17.628,1.003,71.75,1.598
2000-03-18,17.908,0.423,71.6,1.34
2000-03-19,17.54,5.934,77.2,1.692
2000-03-20,18.961,3.247,69.87,1.523
2000-03-21,19.386,0.31,65.84,1.415
2000-03-22,21.282,0.001,56.76,0.646
2000-03-23,23.053,0.001,49.93,0.525
2000-03-24,22.532,0.026,57.52,0.681
2000-03-25,22.788,0.174,57.12,0.97
2000-03-26,23.992,0.001,52.2,0.65
2000-03-27,24.438,0.029,52.47,0.692
2000-03-28,25.015,0.002,50.13,0.571
2000-03-29,24.353,0.282,55.94,0.653
2000-03-30,24.092,0.512,63.0,0.281
2000-03-31,23.894,4.911,70.98,0.16
2000-04-01,20.767,51.51,90.36,1.005
2000-04-02,19.595,79.0,88.82,1.004
2000-04-03,20.424,20.397,83.32,1.011
2000-04-04,20.167,48.513,85.66,1.302
2000-04-05,19.608,64.289,85.56,1.489
2000-04-06,19.362,55.184,87.38,1.31
2000-04-07,20.108,32.082,86.31,1.161
2000-04-08,20.284,29.768,83.4,1.445
2000-04-09,20.379,44.343,81.24,1.342
2000-04-10,20.9,31.27,80.69,1.523
2000-04-11,22.874,0.714,68.67,0.632
2000-04-12,21.894,0.175,77.58,0.59
2000-04-13,23.055,0.103,72.41,0.414
2000-04-14,23.806,0.78,74.09,0.509
2000-04-15,24.598,0.917,74.11,0.647
2000-04-16,24.579,7.384,73.16,0.236
2000-04-17,22.0,11.85,82.93,0.604
2000-04-18,24.069,0.263,68.2,0.997
2000-04-19,24.746,0.135,69.07,0.458
2000-04-20,25.744,2.554,69.07,0.2
2000-04-21,23.843,5.184,79.62,0.452
2000-04-22,23.468,25.547,78.9,0.477
2000-04-23,21.088,77.379,88.67,0.821
2000-04-24,21.066,71.996,89.66,0.463
2000-04-25,21.024,15.413,83.54,1.148
2000-04-26,22.182,1.908,75.24,1.181
2000-04-27,24.569,0.92,69.19,0.279
2000-04-28,22.266,23.655,82.88,1.066
2000-04-29,21.657,78.751,87.13,0.861
2000-04-30,21.341,103.332,87.38,0.937
2000-05-01,21.69,29.733,82.05,0.758
2000-05-02,20.523,60.389,87.44,1.17
2000-05-03,21.164,6.54,79.07,0.533
2000-05-04,24.534,0.057,68.79,0.274
2000-05-05,26.245,0.264,69.84,0.296
2000-05-06,25.689,2.882,77.49,0.222
2000-05-07,25.68,5.936,77.71,0.29
2000-05-08,25.444,6.015,79.7,0.08
2000-05-09,25.453,3.942,81.89,0.326
2000-05-10,26.207,1.77,80.25,0.134
2000-05-11,26.012,2.814,85.73,0.443
2000-05-12,27.222,1.571,80.61,0.209
2000-05-13,27.687,7.883,78.89,0.453
2000-05-14,27.279,4.285,78.9,0.111
2000-05-15,27.594,4.813,81.88,0.14
2000-05-16,26.959,11.766,83.64,0.139
2000-05-17,25.2,31.675,88.56,0.498
2000-05-18,23.57,76.847,88.02,1.158
2000-05-19,23.865,6.47,80.39,0.655
2000-05-20,25.892,1.723,68.63,1.01
2000-05-21,25.186,2.213,74.44,1.134
2000-05-22,25.291,8.961,77.98,0.989
2000-05-23,24.169,7.188,83.61,0.68
2000-05-24,26.724,4.509,73.37,0.617
2000-05-25,27.008,6.16,76.74,0.208
2000-05-26,24.823,68.814,88.69,0.975
2000-05-27,23.995,76.04,90.25,1.161
2000-05-28,23.091,97.284,89.32,1.025
2000-05-29,22.413,50.684,88.61,0.851
2000-05-30,25.697,0.51,78.52,0.361
2000-05-31,27.125,4.85,76.07,0.175
2000-06-01,26.22,10.546,83.54,0.286
2000-06-02,28.084,0.724,74.84,0.024
2000-06-03,28.52,0.639,74.13,0.396
2000-06-04,29.251,1.279,71.4,0.949
2000-06-05,29.32,1.554,69.7,1.059
2000-06-06,27.372,16.447,80.16,0.561
2000-06-07,25.202,27.686,89.56,1.154
2000-06-08,25.573,39.779,91.84,1.156
2000-06-09,25.49,39.7,91.63,1.225
2000-06-10,25.412,17.02,89.8,1.171
2000-06-11,26.411,8.702,83.81,0.993
2000-06-12,25.74,13.092,87.54,0.818
2000-06-13,24.853,25.697,92.06,0.677
2000-06-14,24.72,49.535,91.13,0.675
2000-06-15,26.026,6.612,85.06,0.388
2000-06-16,27.128,2.332,82.2,0.368
2000-06-17,29.22,0.61,72.99,0.772
2000-06-18,29.831,1.755,67.14,1.053
2000-06-19,26.928,25.071,82.75,0.655
2000-06-20,25.56,58.34,90.58,0.726
2000-06-21,24.651,54.669,93.53,1.339
2000-06-22,23.567,82.895,93.09,1.202
2000-06-23,23.647,68.355,91.83,0.874
2000-06-24,24.229,28.945,90.48,0.867
2000-06-25,24.666,18.972,89.94,1.015
2000-06-26,25.494,19.313,87.81,0.612
2000-06-27,26.757,10.436,83.99,0.261
2000-06-28,27.088,7.139,83.62,0.263
2000-06-29,26.631,17.449,85.79,0.316
2000-06-30,25.526,13.581,88.99,0.435
2000-07-01,26.651,12.137,79.67,0.476
2000-07-02,27.604,4.682,77.36,0.152
2000-07-03,27.164,2.692,80.37,0.358
2000-07-04,26.243,10.441,83.5,0.601
2000-07-05,26.928,5.828,80.68,0.297
2000-07-06,27.371,1.396,80.95,0.274
2000-07-07,27.463,11.832,82.81,0.208
2000-07-08,26.013,18.061,88.43,0.426
2000-07-09,25.496,57.589,87.92,0.649
2000-07-10,27.109,3.695,81.84,0.392
2000-07-11,29.065,0.517,73.08,0.989
2000-07-12,28.679,6.982,75.67,0.745
2000-07-13,26.06,29.007,89.62,0.532
2000-07-14,25.347,33.297,87.42,0.641
2000-07-15,27.722,0.825,77.97,0.272
2000-07-16,29.726,1.075,71.61,0.602
2000-07-17,28.343,11.641,78.46,0.519
2000-07-18,25.993,7.237,88.1,0.721
2000-07-19,26.351,15.68,84.13,0.815
2000-07-20,24.806,13.848,91.23,0.599
2000-07-21,27.019,5.965,82.71,0.225
2000-07-22,26.665,16.151,87.78,0.496
2000-07-23,26.295,7.548,87.47,0.341
2000-07-24,28.251,1.851,77.73,0.241
2000-07-25,27.221,10.256,85.0,0.516
2000-07-26,25.177,25.255,91.48,0.406
2000-07-27,26.197,15.239,89.26,0.441
2000-07-28,25.368,12.906,91.68,0.615
2000-07-29,25.762,13.859,89.6,0.484
2000-07-30,25.611,34.12,90.11,0.947
2000-07-31,25.081,50.028,90.48,1.139
2000-08-01,24.026,65.635,92.45,1.257
2000-08-02,23.766,61.973,91.41,1.255
2000-08-03,24.248,35.214,90.76,1.171
2000-08-04,24.998,12.56,86.64,0.6
2000-08-05,26.43,2.268,83.73,0.196
2000-08-06,28.34,2.432,78.46,0.374
2000-08-07,27.783,7.301,83.7,0.398
2000-08-08,28.131,10.868,83.02,0.151
2000-08-09,27.429,22.278,84.49,0.198
2000-08-10,26.402,13.92,83.87,0.673
2000-08-11,25.191,19.59,89.5,0.498
2000-08-12,24.722,14.784,91.85,0.729
2000-08-13,25.169,23.476,92.59,0.825
2000-08-14,25.267,30.205,91.39,0.76
2000-08-15,24.963,15.089,91.78,0.718
2000-08-16,25.151,12.494,89.02,0.712
2000-08-17,26.986,4.675,83.58,0.215
2000-08-18,27.377,12.555,83.56,0.159
2000-08-19,25.519,11.525,89.91,0.371
2000-08-20,27.364,2.686,80.2,0.316
2000-08-21,28.017,0.89,78.7,0.325
2000-08-22,28.839,1.726,78.24,0.239
2000-08-23,27.567,12.262,86.77,0.313
2000-08-24,27.457,3.397,87.66,0.265
2000-08-25,28.324,13.188,84.12,0.2
2000-08-26,28.075,10.837,82.0,0.139
2000-08-27,26.668,16.746,86.8,0.163
2000-08-28,26.365,27.277,86.03,0.367
2000-08-29,25.995,21.343,85.26,0.724
2000-08-30,27.513,2.205,76.89,0.439
2000-08-31,27.639,6.801,78.37,0.994
2000-09-01,28.924,0.532,71.42,0.737
2000-09-02,28.912,4.536,75.44,0.349
2000-09-03,26.859,12.132,88.43,0.068
2000-09-04,26.568,19.762,85.74,0.342
2000-09-05,26.029,18.43,88.79,0.368
2000-09-06,26.718,15.775,85.7,0.106
2000-09-07,25.186,26.997,90.33,0.316
2000-09-08,25.285,15.888,89.29,0.568
2000-09-09,25.555,11.649,86.5,0.648
2000-09-10,25.489,11.921,84.42,0.678
2000-09-11,26.561,3.939,82.1,0.314
2000-09-12,27.651,0.824,79.65,0.384
2000-09-13,28.643,0.063,72.9,0.976
2000-09-14,28.399,6.174,73.81,0.463
2000-09-15,24.345,20.539,89.78,0.65
2000-09-16,24.023,18.406,85.16,1.1
2000-09-17,24.447,0.14,76.47,0.868
2000-09-18,25.1,0.382,77.1,0.534
2000-09-19,24.617,2.158,82.81,0.288
2000-09-20,25.203,2.962,81.07,0.306
2000-09-21,25.795,3.226,78.48,0.196
2000-09-22,25.56,3.984,78.07,0.11
2000-09-23,25.818,3.099,75.98,0.242
2000-09-24,25.25,9.18,77.83,0.27
2000-09-25,23.544,70.155,88.51,0.766
2000-09-26,24.567,5.412,83.44,0.321
2000-09-27,24.866,0.9,79.75,0.215
2000-09-28,25.408,0.26,77.38,0.232
2000-09-29,25.59,0.324,78.76,0.387
2000-09-30,25.877,0.806,77.07,0.741
2000-10-01,25.454,0.998,78.25,0.985
2000-10-02,24.503,3.586,78.5,0.859
2000-10-03,25.886,1.449,73.62,0.478
2000-10-04,25.35,1.435,80.48,0.312
2000-10-05,25.817,1.178,80.19,0.222
2000-10-06,25.595,0.797,80.94,0.211
2000-10-07,25.849,7.787,81.68,0.08
2000-10-08,24.361,11.037,87.46,0.173
2000-10-09,24.775,13.273,85.04,0.292
2000-10-10,24.387,1.091,84.42,0.129
2000-10-11,25.403,0.186,79.08,0.175
2000-10-12,26.154,0.072,75.57,0.253
2000-10-13,25.537,0.125,73.81,0.551
2000-10-14,25.407,0.145,72.24,0.683
2000-10-15,25.512,0.013,68.82,0.751
2000-10-16,26.107,0.001,65.61,0.653
2000-10-17,25.456,0.004,67.99,0.71
2000-10-18,24.784,0.601,76.33,0.426
2000-10-19,25.509,0.943,73.17,0.456
2000-10-20,25.175,0.178,71.36,0.248
2000-10-21,24.533,0.051,72.2,0.375
2000-10-22,24.283,0.256,69.9,0.427
2000-10-23,22.465,0.69,75.14,1.202
2000-10-24,23.454,0.505,70.69,1.022
2000-10-25,23.966,0.002,67.74,0.618
2000-10-26,23.706,0.002,65.73,0.8
2000-10-27,24.462,0.081,64.34,0.68
2000-10-28,20.829,4.397,86.89,0.288
2000-10-29,19.651,1.759,88.32,0.433
2000-10-30,22.048,0.006,69.2,0.366
2000-10-31,21.352,0.0,68.15,0.739
2000-11-01,22.366,0.031,66.77,0.999
2000-11-02,22.401,0.0,62.4,0.835
2000-11-03,22.499,0.001,63.41,0.506
2000-11-04,22.041,0.002,66.3,0.565
2000-11-05,22.419,0.085,66.32,0.428
2000-11-06,21.484,0.585,75.36,0.463
2000-11-07,22.052,0.319,70.87,0.379
2000-11-08,22.183,0.007,71.3,0.253
2000-11-09,22.054,0.112,72.17,0.386
2000-11-10,21.034,0.297,73.05,0.71
2000-11-11,22.35,0.071,64.29,0.527
2000-11-12,21.388,0.232,70.11,0.592
2000-11-13,20.724,1.774,72.68,0.69
2000-11-14,18.727,6.331,82.1,1.118
2000-11-15,20.811,0.149,70.23,0.386
2000-11-16,21.09,0.0,64.71,0.713
2000-11-17,21.199,0.003,61.11,0.837
2000-11-18,20.795,2.352,64.19,0.757
2000-11-19,17.53,28.889,86.59,1.053
2000-11-20,15.255,6.151,79.53,1.161
2000-11-21,18.572,0.001,70.86,0.567
2000-11-22,19.204,0.04,66.55,0.791
2000-11-23,19.326,0.0,68.04,0.683
2000-11-24,19.784,0.009,67.36,0.64
2000-11-25,19.261,0.007,69.24,0.87
2000-11-26,19.134,0.0,68.44,0.969
2000-11-27,18.605,0.001,66.96,1.048
2000-11-28,18.928,0.013,64.35,0.998
2000-11-29,17.075,1.145,78.18,1.222
2000-11-30,17.912,0.247,71.98,0.985
2000-12-01,17.457,0.319,72.24,0.958
2000-12-02,17.751,0.002,64.23,0.665
2000-12-03,16.647,0.0,67.23,0.676
2000-12-04,16.949,0.001,67.65,0.737
2000-12-05,17.268,0.004,64.45,0.782
2000-12-06,16.955,0.001,63.86,0.793
2000-12-07,17.324,0.0,61.89,0.807
2000-12-08,17.383,0.007,63.88,0.869
2000-12-09,17.09,0.015,64.74,0.711
2000-12-10,16.28,0.556,71.76,1.322
2000-12-11,15.969,3.62,74.47,1.436
2000-12-12,17.302,0.073,68.03,0.313
2000-12-13,16.169,0.0,68.62,0.698
2000-12-14,16.152,0.001,66.2,0.724
2000-12-15,16.867,0.001,63.53,0.72
2000-12-16,17.198,0.002,62.61,0.861
2000-12-17,18.315,0.0,63.43,0.591
2000-12-18,17.632,0.002,67.17,0.555
2000-12-19,17.7,0.005,68.97,0.567
2000-12-20,18.364,0.001,66.8,0.702
2000-12-21,18.332,0.001,64.56,0.669
2000-12-22,17.691,0.0,64.91,0.805
2000-12-23,18.003,0.001,66.64,0.871
2000-12-24,18.185,0.001,65.34,0.764
2000-12-25,17.461,0.001,64.34,0.786
2000-12-26,16.774,0.001,62.19,0.805
2000-12-27,16.451,0.003,61.31,0.769
2000-12-28,16.501,0.001,61.74,0.826
2000-12-29,16.896,0.0,60.35,0.625
2000-12-30,16.524,0.001,64.47,0.647
2000-12-31,17.48,0.001,63.78,0.673
2001-01-01,17.609,0.04,69.17,0.788
2001-01-02,17.362,2.967,71.85,1.095
2001-01-03,16.699,1.112,73.62,1.087
2001-01-04,16.413,8.091,65.17,0.808
2001-01-05,13.371,4.699,80.11,0.886
2001-01-06,15.25,0.0,65.8,0.589
2001-01-07,15.992,0.186,65.71,0.587
2001-01-08,14.171,1.571,73.73,1.201
2001-01-09,14.937,1.009,63.73,0.891
2001-01-10,15.036,0.005,64.71,0.262
2001-01-11,15.173,0.02,65.81,0.25
2001-01-12,16.203,0.0,64.44,0.232
2001-01-13,16.287,0.093,66.03,0.752
2001-01-14,16.075,0.018,62.01,0.559
2001-01-15,16.282,0.003,61.44,0.6
2001-01-16,16.651,0.001,61.86,0.736
2001-01-17,17.087,0.001,57.21,0.642
2001-01-18,16.616,0.0,58.33,0.811
2001-01-19,16.766,0.0,56.7,0.855
2001-01-20,17.565,0.005,56.03,0.835
2001-01-21,18.355,0.047,55.94,0.649
2001-01-22,16.598,1.417,64.02,1.121
2001-01-23,14.46,16.782,85.16,1.202
2001-01-24,14.555,9.587,75.56,0.695
2001-01-25,16.745,0.066,60.63,0.182
2001-01-26,16.863,0.108,66.39,0.256
2001-01-27,16.798,0.236,70.37,0.209
2001-01-28,17.994,0.03,66.02,0.112
2001-01-29,19.32,0.009,61.97,0.176
2001-01-30,19.624,0.053,64.32,0.149
2001-01-31,19.387,0.093,66.81,0.224
2001-02-01,19.341,0.166,67.83,0.204
2001-02-02,17.466,7.245,82.38,0.892
2001-02-03,16.521,1.842,79.94,1.36
2001-02-04,17.43,0.101,61.58,0.775
2001-02-05,16.807,0.324,60.64,1.035
2001-02-06,16.881,0.18,58.74,0.976
2001-02-07,17.781,0.002,55.33,0.982
2001-02-08,18.476,0.002,59.4,0.819
2001-02-09,19.077,0.009,60.66,0.297
2001-02-10,20.241,0.716,58.35,0.25
2001-02-11,17.98,1.456,75.2,0.769
2001-02-12,18.703,0.323,71.25,0.702
2001-02-13,19.713,0.006,64.39,0.44
2001-02-14,20.413,0.001,59.64,0.758
2001-02-15,20.713,0.002,58.93,0.83
2001-02-16,20.733,0.042,60.91,0.876
2001-02-17,21.576,0.139,57.99,0.43
2001-02-18,20.385,2.472,62.69,0.814
2001-02-19,17.724,7.533,75.04,1.172
2001-02-20,19.997,0.895,59.72,0.505
2001-02-21,18.338,6.323,65.5,0.931
2001-02-22,16.089,14.462,76.54,1.024
2001-02-23,18.144,0.001,61.24,0.563
2001-02-24,19.888,0.937,60.01,0.148
2001-02-25,17.593,21.166,74.95,1.178
2001-02-26,16.29,50.786,88.19,0.955
2001-02-27,16.808,18.284,83.43,1.285
2001-02-28,18.567,0.239,70.45,1.061
2001-03-01,19.433,0.95,65.34,1.168
2001-03-02,18.575,2.305,74.29,1.515
2001-03-03,20.878,0.0,59.72,0.565
2001-03-04,21.402,0.001,58.27,0.681
2001-03-05,20.394,6.472,66.76,0.685
2001-03-06,18.495,1.627,69.86,0.761
2001-03-07,19.521,0.005,63.17,0.427
2001-03-08,20.199,0.06,60.54,0.773
2001-03-09,20.461,0.009,58.65,0.85
2001-03-10,20.37,0.104,59.44,1.049
2001-03-11,20.551,0.034,56.67,0.939
2001-03-12,21.318,0.023,52.66,0.95
2001-03-13,21.64,0.004,51.54,1.032
2001-03-14,21.872,0.184,53.03,1.049
2001-03-15,21.468,3.22,58.92,1.382
2001-03-16,19.824,6.282,70.69,1.547
2001-03-17,19.888,2.227,61.34,1.655
2001-03-18,20.878,0.174,55.0,1.383
2001-03-19,20.875,0.038,55.09,1.108
2001-03-20,22.048,0.001,50.18,0.801
2001-03-21,22.467,0.153,54.62,1.474
2001-03-22,21.162,1.197,67.46,1.719
2001-03-23,20.605,31.071,74.78,1.027
2001-03-24,19.103,36.911,81.23,1.053
2001-03-25,19.33,3.672,78.05,0.956
2001-03-26,19.977,0.123,68.83,0.583
2001-03-27,21.095,3.172,68.44,0.823
2001-03-28,22.184,0.071,66.51,0.412
2001-03-29,19.763,29.347,84.51,1.229
2001-03-30,19.73,32.185,82.87,0.995
2001-03-31,19.447,37.682,88.12,0.998
2001-04-01,20.636,20.596,77.69,0.872
2001-04-02,19.405,34.786,84.19,1.208
2001-04-03,19.317,4.442,77.12,1.251
2001-04-04,21.918,0.04,67.65,0.673
2001-04-05,22.445,0.058,68.8,0.752
2001-04-06,22.525,1.948,71.31,1.211
2001-04-07,21.33,8.381,75.15,1.294
2001-04-08,22.376,20.796,75.84,1.27
2001-04-09,20.532,60.113,84.77,1.338
2001-04-10,20.373,61.587,86.01,1.277
2001-04-11,21.324,18.297,77.48,0.903
2001-04-12,21.789,2.508,80.42,0.725
2001-04-13,22.134,15.521,82.98,0.735
2001-04-14,20.461,42.633,86.04,1.246
2001-04-15,22.404,2.015,76.63,1.219
2001-04-16,21.965,10.52,77.37,0.905
2001-04-17,21.012,21.326,82.43,1.081
2001-04-18,21.24,15.762,83.0,0.9
2001-04-19,21.914,8.536,77.08,0.635
2001-04-20,20.382,14.103,83.49,1.186
2001-04-21,20.061,15.28,82.08,1.474
2001-04-22,21.893,0.585,70.15,1.647
2001-04-23,21.795,0.622,69.23,1.428
2001-04-24,23.742,0.001,64.24,0.495
2001-04-25,24.886,4.796,61.86,0.949
2001-04-26,20.041,25.653,84.14,1.06
2001-04-27,20.133,43.41,84.83,0.967
2001-04-28,20.889,11.18,80.09,0.895
2001-04-29,20.377,40.723,85.0,1.249
2001-04-30,21.068,5.467,77.05,0.617
2001-05-01,24.451,0.008,69.93,0.215
2001-05-02,25.071,0.355,73.34,0.408
2001-05-03,26.178,2.566,69.32,0.486
2001-05-04,25.358,11.189,75.84,0.35
2001-05-05,22.934,14.881,87.86,0.435
2001-05-06,24.357,3.658,80.82,0.08
2001-05-07,25.176,8.891,72.05,0.349
2001-05-08,23.227,7.153,79.74,0.519
2001-05-09,23.034,8.94,81.25,1.234
2001-05-10,23.486,0.728,78.1,0.321
2001-05-11,23.67,0.188,77.13,0.682
2001-05-12,25.188,0.044,69.11,0.866
2001-05-13,26.792,0.001,64.0,0.894
2001-05-14,27.007,0.178,67.0,0.504
2001-05-15,27.581,1.026,71.46,0.486
2001-05-16,26.873,4.787,74.52,0.409
2001-05-17,26.186,13.897,79.35,0.295
2001-05-18,24.914,20.215,84.15,0.431
2001-05-19,24.427,8.867,78.35,1.16
2001-05-20,24.892,5.695,80.73,0.438
2001-05-21,25.446,17.532,83.76,0.24
2001-05-22,25.935,16.263,81.34,0.309
2001-05-23,26.188,5.243,77.72,0.312
2001-05-24,24.913,17.774,82.26,0.915
2001-05-25,26.821,0.648,72.89,0.523
2001-05-26,27.91,0.884,71.63,0.52
2001-05-27,27.905,7.067,73.97,0.066
2001-05-28,26.964,6.809,79.41,0.334
2001-05-29,27.149,3.687,76.16,0.18
2001-05-30,26.247,17.975,80.37,0.586
2001-05-31,23.913,20.686,87.24,1.034
2001-06-01,24.765,3.147,79.58,0.531
2001-06-02,25.824,1.481,75.67,0.559
2001-06-03,26.148,4.387,80.02,0.545
2001-06-04,23.872,65.408,89.24,0.622
2001-06-05,22.637,45.341,90.56,0.708
2001-06-06,23.422,66.598,91.06,0.947
2001-06-07,24.376,26.378,88.18,0.825
2001-06-08,24.574,17.889,87.01,0.69
2001-06-09,26.488,3.868,80.6,0.325
2001-06-10,26.779,4.376,83.88,0.246
2001-06-11,28.431,1.281,76.46,0.779
2001-06-12,28.508,7.019,75.15,0.924
2001-06-13,29.62,3.17,71.41,0.481
2001-06-14,27.973,12.525,79.24,0.533
2001-06-15,26.592,7.843,81.36,0.429
2001-06-16,27.718,2.168,74.51,1.058
2001-06-17,27.698,1.135,73.41,1.593
2001-06-18,26.675,10.939,81.64,0.514
2001-06-19,26.392,30.827,85.19,0.447
2001-06-20,25.816,34.163,89.25,0.862
2001-06-21,27.76,4.562,78.64,0.699
2001-06-22,28.823,1.078,73.62,0.967
2001-06-23,29.94,1.177,67.51,0.537
2001-06-24,28.186,17.026,80.48,0.358
2001-06-25,26.724,6.815,85.22,0.539
2001-06-26,27.339,17.787,84.29,0.183
2001-06-27,26.219,12.738,86.92,0.422
2001-06-28,27.579,6.398,82.21,0.329
2001-06-29,27.846,6.54,81.26,0.498
2001-06-30,25.723,17.878,89.8,0.475
2001-07-01,26.373,6.052,85.39,0.482
2001-07-02,27.338,5.934,81.2,0.494
2001-07-03,28.172,1.084,81.14,0.108
2001-07-04,29.824,3.062,76.18,0.39
2001-07-05,29.232,2.871,78.57,0.44
2001-07-06,29.114,2.952,79.2,0.486
2001-07-07,30.76,2.771,72.86,0.551
2001-07-08,29.088,6.684,80.15,0.706
2001-07-09,27.68,11.084,83.45,0.707
2001-07-10,28.744,13.474,75.47,0.576
2001-07-11,26.45,24.352,87.47,0.796
2001-07-12,26.573,24.565,87.5,0.455
2001-07-13,25.674,25.493,90.75,0.561
2001-07-14,26.202,11.597,87.45,0.491
2001-07-15,27.253,11.005,84.18,0.203
2001-07-16,28.046,9.607,79.94,0.335
2001-07-17,28.293,3.354,76.89,0.571
2001-07-18,27.891,5.856,78.43,0.576
2001-07-19,26.952,7.892,83.87,0.679
2001-07-20,26.305,17.412,87.62,0.517
2001-07-21,26.062,9.686,89.4,0.176
2001-07-22,29.13,0.368,77.89,0.297
2001-07-23,28.178,13.741,84.64,0.467
2001-07-24,26.275,15.904,88.95,0.699
2001-07-25,25.829,24.334,91.88,0.598
2001-07-26,25.79,20.231,90.68,0.487
2001-07-27,26.072,19.725,89.61,0.769
2001-07-28,24.835,40.153,93.96,1.271
2001-07-29,24.704,22.059,91.72,1.032
2001-07-30,25.066,20.401,89.57,0.853
2001-07-31,25.439,14.628,90.15,0.595
2001-08-01,26.302,8.502,87.97,0.326
2001-08-02,28.04,0.265,79.58,0.244
2001-08-03,29.671,0.364,74.14,0.33
2001-08-04,30.353,0.034,69.32,0.446
2001-08-05,29.652,0.685,72.38,0.417
2001-08-06,28.459,3.676,80.45,0.701
2001-08-07,27.918,6.606,83.45,0.398
2001-08-08,28.294,4.841,82.93,0.328
2001-08-09,28.307,4.354,83.07,0.118
2001-08-10,28.045,7.561,84.75,0.424
2001-08-11,26.856,9.645,86.51,0.272
2001-08-12,26.559,7.412,89.17,0.269
2001-08-13,28.326,2.524,82.09,0.563
2001-08-14,29.361,4.914,74.12,0.591
2001-08-15,27.11,7.183,84.96,0.468
2001-08-16,26.405,8.566,87.05,0.546
2001-08-17,26.685,7.254,83.32,0.759
2001-08-18,27.186,4.624,81.88,1.208
2001-08-19,27.004,1.183,81.73,1.134
2001-08-20,28.634,1.195,76.24,0.881
2001-08-21,27.733,24.966,81.71,0.206
2001-08-22,25.403,39.152,91.75,0.749
2001-08-23,25.497,22.895,88.11,0.503
2001-08-24,26.127,12.47,81.96,0.664
2001-08-25,25.573,26.944,83.94,0.749
2001-08-26,27.35,3.35,78.42,0.361
2001-08-27,27.934,3.317,77.46,0.574
2001-08-28,28.47,2.047,75.11,0.699
2001-08-29,29.195,0.821,71.51,0.859
2001-08-30,29.212,1.059,73.08,0.445
2001-08-31,27.978,21.515,81.35,0.311
2001-09-01,25.368,46.312,91.85,0.649
2001-09-02,25.467,40.744,89.5,0.842
2001-09-03,24.724,22.045,91.32,0.644
2001-09-04,26.825,0.311,79.13,0.223
2001-09-05,27.805,1.439,77.66,0.257
2001-09-06,27.251,15.912,81.94,0.232
2001-09-07,26.094,14.957,87.15,0.237
2001-09-08,26.434,17.605,85.35,0.271
2001-09-09,26.236,5.617,85.63,0.245
2001-09-10,27.792,2.654,77.93,0.192
2001-09-11,28.163,3.046,75.38,0.428
2001-09-12,26.202,18.758,85.09,0.282
2001-09-13,25.389,15.899,89.34,0.101
2001-09-14,25.223,8.566,89.41,0.263
2001-09-15,25.877,4.754,86.83,0.304
2001-09-16,26.636,9.544,82.78,0.077
2001-09-17,26.002,2.422,82.13,0.432
2001-09-18,26.471,8.036,80.08,0.482
2001-09-19,26.566,1.712,80.79,0.454
2001-09-20,25.624,6.822,86.77,0.167
2001-09-21,26.861,4.291,82.98,0.12
2001-09-22,26.743,2.428,83.3,0.169
2001-09-23,26.594,6.17,83.26,0.235
2001-09-24,25.958,6.819,86.12,0.252
2001-09-25,25.885,2.606,86.34,0.371
2001-09-26,26.836,2.109,82.48,0.194
2001-09-27,27.09,2.482,80.14,0.189
2001-09-28,27.361,2.693,75.82,0.393
2001-09-29,26.927,0.436,77.7,0.622
2001-09-30,27.283,6.683,75.67,0.226
2001-10-01,25.144,17.043,85.73,0.315
2001-10-02,23.824,17.032,85.68,0.767
2001-10-03,23.416,20.471,86.23,0.103
2001-10-04,22.176,26.414,88.47,0.985
2001-10-05,21.935,41.948,91.14,1.001
2001-10-06,22.851,17.869,90.48,1.059
2001-10-07,24.316,6.309,83.54,0.658
2001-10-08,25.59,2.497,78.74,0.168
2001-10-09,25.641,3.646,77.16,0.302
2001-10-10,24.76,6.803,81.89,0.288
2001-10-11,25.142,1.655,80.68,0.25
2001-10-12,25.91,0.373,78.55,0.321
2001-10-13,25.905,2.615,80.0,0.198
2001-10-14,23.4,23.613,88.65,0.243
2001-10-15,23.715,4.834,83.9,0.425
2001-10-16,23.834,2.332,78.41,0.794
2001-10-17,24.734,1.092,71.8,0.485
2001-10-18,22.8,13.208,80.35,0.641
2001-10-19,23.661,1.585,73.96,0.46
2001-10-20,23.649,0.121,74.66,0.457
2001-10-21,23.837,0.001,70.32,0.584
2001-10-22,24.161,0.0,69.38,0.604
2001-10-23,23.96,0.001,66.96,0.723
2001-10-24,24.064,0.002,64.44,0.842
2001-10-25,23.909,0.001,66.1,0.713
2001-10-26,23.572,0.001,68.26,0.773
2001-10-27,23.911,0.0,66.18,0.746
2001-10-28,23.429,0.005,68.16,0.66
2001-10-29,24.158,0.246,68.18,0.582
2001-10-30,22.893,0.915,77.62,0.658
2001-10-31,23.285,0.821,74.61,0.512
2001-11-01,23.051,1.067,71.79,0.637
2001-11-02,23.25,0.155,74.04,0.447
2001-11-03,23.917,0.275,71.44,0.356
2001-11-04,21.342,4.184,79.36,1.065
2001-11-05,21.579,2.38,76.9,1.129
2001-11-06,22.465,0.002,67.06,0.67
2001-11-07,22.968,0.624,64.57,0.409
2001-11-08,21.908,2.161,72.94,0.446
2001-11-09,21.761,0.956,71.1,0.582
2001-11-10,21.884,0.051,71.61,0.461
2001-11-11,22.049,0.001,66.32,0.732
2001-11-12,22.212,0.002,65.99,0.43
2001-11-13,22.339,0.001,68.32,0.376
2001-11-14,21.247,0.002,75.9,0.546
2001-11-15,22.98,0.062,68.79,0.795
2001-11-16,21.793,0.413,73.43,0.754
2001-11-17,21.777,0.444,73.27,0.437
2001-11-18,20.542,0.383,73.0,0.537
2001-11-19,20.743,0.001,68.05,0.707
2001-11-20,20.414,0.194,67.84,0.977
2001-11-21,20.652,0.132,67.17,0.88
2001-11-22,20.842,0.15,68.94,0.205
2001-11-23,19.023,2.94,78.85,0.372
2001-11-24,20.056,0.003,73.68,0.131
2001-11-25,19.811,0.001,71.44,0.392
2001-11-26,19.663,0.0,68.23,0.601
2001-11-27,19.57,0.077,69.99,0.526
2001-11-28,18.945,0.195,69.11,0.44
2001-11-29,19.486,0.003,64.42,0.251
2001-11-30,19.096,0.083,69.22,0.302
2001-12-01,17.919,0.002,73.28,0.425
2001-12-02,18.349,0.151,72.19,0.754
2001-12-03,18.799,0.001,64.42,0.585
2001-12-04,19.277,0.113,62.47,0.553
2001-12-05,18.604,1.156,71.93,0.951
2001-12-06,18.614,0.36,71.03,0.707
2001-12-07,19.096,0.421,63.54,0.592
2001-12-08,16.998,8.725,75.21,1.269
2001-12-09,15.81,4.925,79.82,0.964
2001-12-10,18.322,0.002,65.56,0.332
2001-12-11,18.19,0.0,66.71,0.335
2001-12-12,17.867,0.0,64.2,0.572
2001-12-13,17.591,0.001,63.03,0.82
2001-12-14,17.896,0.001,61.91,0.894
2001-12-15,18.079,0.0,59.43,0.751
2001-12-16,17.481,0.003,60.55,0.958
2001-12-17,17.572,0.003,58.76,0.895
2001-12-18,17.566,0.0,57.26,0.818
2001-12-19,17.539,0.001,57.08,0.835
2001-12-20,17.817,0.0,58.52,0.907
2001-12-21,18.045,0.0,57.16,0.637
2001-12-22,16.848,0.001,57.13,0.76
2001-12-23,16.471,0.001,56.96,0.892
2001-12-24,16.623,0.0,57.25,0.803
2001-12-25,16.063,0.002,56.75,0.822
2001-12-26,16.272,0.001,53.01,0.804
2001-12-27,16.224,0.001,57.15,0.934
2001-12-28,17.047,0.001,54.92,0.796
2001-12-29,16.961,0.014,60.41,0.931
2001-12-30,17.208,0.001,53.71,0.67
2001-12-31,16.948,0.001,52.52,0.525
2002-01-01,16.608,0.0,56.29,0.651
2002-01-02,17.437,0.0,54.97,0.534
2002-01-03,17.003,0.001,51.2,0.741
2002-01-04,16.986,0.001,48.58,0.759
2002-01-05,17.266,0.003,48.1,0.625
2002-01-06,17.553,0.0,47.75,0.636
2002-01-07,18.104,0.004,46.95,0.73
2002-01-08,18.036,0.088,47.73,0.605
2002-01-09,17.319,0.008,56.92,0.525
2002-01-10,17.415,0.039,60.23,0.305
2002-01-11,16.417,0.301,66.19,0.509
2002-01-12,16.373,0.006,59.86,0.554
2002-01-13,16.399,0.0,56.35,0.577
2002-01-14,17.639,0.009,50.21,0.556
2002-01-15,18.19,0.007,51.78,0.285
2002-01-16,17.713,2.611,56.86,0.641
2002-01-17,14.931,11.756,86.62,1.047
2002-01-18,15.6,15.048,86.67,0.96
2002-01-19,15.727,24.999,88.24,0.945
2002-01-20,16.065,15.556,87.46,0.893
2002-01-21,15.526,15.099,87.3,1.083
2002-01-22,15.191,8.507,82.41,1.144
2002-01-23,14.957,11.548,82.06,0.854
2002-01-24,14.228,4.45,81.38,0.662
2002-01-25,13.911,0.68,73.57,0.623
2002-01-26,15.631,0.009,61.01,0.174
2002-01-27,15.062,0.148,66.89,0.614
2002-01-28,16.318,1.691,67.34,1.067
2002-01-29,15.192,1.221,75.77,1.15
2002-01-30,15.219,1.796,74.19,0.484
2002-01-31,16.035,0.038,68.8,0.29
2002-02-01,16.981,0.041,67.57,0.159
2002-02-02,17.659,0.212,67.5,0.13
2002-02-03,16.277,0.515,73.46,0.545
2002-02-04,16.067,0.114,75.22,0.319
2002-02-05,17.613,0.039,68.6,0.315
2002-02-06,17.557,0.067,69.91,0.643
2002-02-07,17.98,0.01,67.43,0.585
2002-02-08,18.595,0.033,69.08,0.594
2002-02-09,19.382,0.042,68.22,0.584
2002-02-10,19.82,0.015,66.7,0.632
2002-02-11,20.072,0.001,63.18,0.617
2002-02-12,20.284,0.006,62.36,0.598
2002-02-13,19.275,0.329,68.34,1.092
2002-02-14,19.968,0.001,60.04,0.602
2002-02-15,20.753,0.005,59.39,0.617
2002-02-16,20.618,0.062,56.53,0.816
2002-02-17,21.248,0.0,50.59,0.749
2002-02-18,21.315,0.002,49.97,0.592
2002-02-19,20.671,1.361,59.17,0.486
2002-02-20,19.654,0.218,62.0,0.535
2002-02-21,17.86,2.571,66.64,1.183
2002-02-22,20.095,0.021,59.21,0.17
2002-02-23,21.005,0.082,60.94,0.325
2002-02-24,21.42,0.018,59.56,0.439
2002-02-25,21.162,5.29,62.44,0.605
2002-02-26,17.383,27.328,84.66,0.874
2002-02-27,18.516,0.646,65.44,0.776
2002-02-28,18.941,0.095,61.01,0.634
2002-03-01,19.986,0.006,56.34,0.543
2002-03-02,20.83,0.001,57.12,0.666
2002-03-03,19.018,27.939,72.11,1.145
2002-03-04,18.121,4.593,81.03,1.0
2002-03-05,19.203,1.066,69.54,1.225
2002-03-06,19.488,0.175,64.37,1.133
2002-03-07,19.62,0.111,61.21,0.45
2002-03-08,20.019,0.104,58.08,0.698
2002-03-09,20.916,0.483,55.4,0.733
2002-03-10,21.256,0.162,58.52,0.757
2002-03-11,20.261,5.032,70.39,0.921
2002-03-12,21.694,0.121,68.43,0.548
2002-03-13,22.648,0.693,64.4,0.894
2002-03-14,19.954,6.827,76.53,1.493
2002-03-15,19.658,3.608,77.16,1.284
2002-03-16,20.343,2.869,66.66,1.113
2002-03-17,21.198,0.004,59.62,0.585
2002-03-18,22.727,0.117,55.4,0.753
2002-03-19,22.615,0.103,55.9,1.01
2002-03-20,23.716,0.002,51.04,0.732
2002-03-21,23.471,0.057,56.23,1.171
2002-03-22,22.223,5.341,66.21,1.571
2002-03-23,20.043,10.675,73.55,0.873
2002-03-24,19.313,26.443,80.45,0.799
2002-03-25,17.549,31.536,86.71,1.253
2002-03-26,18.795,33.227,86.48,0.939
2002-03-27,19.376,33.091,86.42,0.907
2002-03-28,19.296,37.101,86.76,1.007
2002-03-29,18.825,15.382,81.39,1.227
2002-03-30,21.599,0.133,64.63,0.529
2002-03-31,21.448,0.003,60.63,0.663
2002-04-01,22.878,0.094,57.97,0.425
2002-04-02,19.595,10.513,78.13,0.706
2002-04-03,19.623,6.945,75.6,0.865
2002-04-04,20.496,0.501,71.02,0.076
2002-04-05,21.974,0.004,68.71,0.338
2002-04-06,23.339,0.013,66.1,0.552
2002-04-07,24.797,0.003,62.83,0.404
2002-04-08,24.927,4.784,69.42,0.413
2002-04-09,21.439,62.998,84.73,0.91
2002-04-10,20.617,53.93,84.23,0.914
2002-04-11,19.933,15.462,79.11,1.421
2002-04-12,22.628,0.672,66.38,0.626
2002-04-13,22.956,0.499,67.1,0.584
2002-04-14,24.049,0.497,65.44,0.614
2002-04-15,24.383,1.935,66.23,0.699
2002-04-16,21.646,34.786,84.57,0.967
2002-04-17,23.335,15.236,81.17,0.755
2002-04-18,21.28,143.455,92.29,1.031
2002-04-19,20.281,66.231,90.3,0.935
2002-04-20,23.024,0.37,81.21,0.435
2002-04-21,23.472,5.169,81.05,0.706
2002-04-22,22.883,2.335,77.99,0.737
2002-04-23,24.853,0.554,69.13,0.573
2002-04-24,24.657,0.727,70.27,0.609
2002-04-25,24.319,0.85,71.99,0.716
2002-04-26,22.847,25.075,79.5,0.764
2002-04-27,21.637,21.529,82.04,1.088
2002-04-28,22.871,0.826,70.99,0.642
2002-04-29,21.81,14.723,78.4,0.771
2002-04-30,20.843,17.644,79.47,1.052
2002-05-01,22.327,1.203,74.73,0.728
2002-05-02,22.837,2.48,69.7,0.754
2002-05-03,21.237,7.416,80.28,1.025
2002-05-04,20.029,13.337,85.7,1.144
2002-05-05,24.414,0.006,67.24,0.531
2002-05-06,25.386,0.501,70.32,0.313
2002-05-07,25.22,0.285,72.08,0.661
2002-05-08,25.664,0.155,70.87,0.799
2002-05-09,27.689,0.419,64.42,0.558
2002-05-10,26.974,3.766,72.42,0.649
2002-05-11,24.116,5.944,80.08,1.02
2002-05-12,23.181,6.984,80.58,0.865
2002-05-13,26.486,0.0,73.07,0.22
2002-05-14,27.848,3.629,72.28,0.1
2002-05-15,27.08,0.251,73.73,0.181
2002-05-16,27.526,0.328,71.69,0.357
2002-05-17,28.715,2.317,66.55,0.718
2002-05-18,28.24,2.321,68.16,0.81
2002-05-19,26.084,10.613,79.44,0.331
2002-05-20,24.671,120.266,87.73,1.067
2002-05-21,23.74,77.227,89.3,0.623
2002-05-22,21.13,101.105,87.03,1.218
2002-05-23,24.287,0.125,77.01,0.287
2002-05-24,26.413,1.388,73.45,0.243
2002-05-25,25.961,4.917,76.25,0.097
2002-05-26,22.857,23.25,85.21,1.147
2002-05-27,23.128,23.976,77.85,0.638
2002-05-28,22.461,5.89,86.06,0.399
2002-05-29,26.095,0.316,73.94,0.278
2002-05-30,27.007,3.0,75.95,0.247
2002-05-31,25.877,10.037,81.78,0.155
2002-06-01,25.813,7.58,80.58,0.379
2002-06-02,25.101,7.045,84.5,0.219
2002-06-03,26.585,5.213,79.34,0.125
2002-06-04,27.138,7.396,79.99,0.157
2002-06-05,26.545,13.374,80.26,0.254
2002-06-06,25.421,35.781,86.78,0.474
2002-06-07,25.355,20.928,84.63,0.628
2002-06-08,26.841,2.236,81.18,0.308
2002-06-09,27.499,2.889,82.17,0.334
2002-06-10,27.066,13.624,85.17,0.369
2002-06-11,25.448,18.263,90.53,0.409
2002-06-12,24.948,55.548,91.41,0.718
2002-06-13,25.333,32.277,85.04,0.882
2002-06-14,25.42,36.559,86.27,0.502
2002-06-15,24.926,10.231,86.9,0.897
2002-06-16,26.171,6.445,80.8,0.611
2002-06-17,25.662,19.192,86.94,0.607
2002-06-18,25.524,12.148,84.76,1.129
2002-06-19,26.155,6.525,80.22,0.831
2002-06-20,26.697,6.079,76.22,0.882
2002-06-21,27.471,2.86,77.14,0.863
2002-06-22,27.715,3.205,76.5,1.671
2002-06-23,29.538,0.455,69.55,1.313
2002-06-24,30.258,3.076,68.71,0.666
2002-06-25,28.074,11.018,81.41,0.358
2002-06-26,25.836,20.418,91.69,0.728
2002-06-27,25.913,24.584,90.98,0.902
2002-06-28,26.63,27.683,86.37,0.782
2002-06-29,25.666,27.171,88.67,0.765
2002-06-30,26.232,18.754,85.54,0.589
2002-07-01,27.182,9.622,83.33,0.436
2002-07-02,26.926,10.689,84.89,0.507
2002-07-03,27.173,26.348,85.35,0.585
2002-07-04,26.734,18.899,84.59,0.78
2002-07-05,26.62,19.064,87.31,0.545
2002-07-06,26.988,26.193,86.85,0.56
2002-07-07,27.439,4.442,82.38,0.669
2002-07-08,28.958,2.048,76.4,0.565
2002-07-09,27.413,7.718,82.82,0.581
2002-07-10,27.098,19.573,86.12,0.458
2002-07-11,26.461,9.907,88.81,0.38
2002-07-12,26.492,10.365,86.9,0.413
2002-07-13,25.84,21.889,89.04,0.773
2002-07-14,27.049,2.207,84.16,0.24
2002-07-15,28.601,6.149,80.81,0.329
2002-07-16,29.616,9.397,79.17,0.396
2002-07-17,27.927,19.187,85.18,0.113
2002-07-18,25.617,56.471,92.58,0.799
2002-07-19,24.88,26.432,93.69,1.222
2002-07-20,24.461,49.988,92.93,1.102
2002-07-21,24.379,131.125,92.24,0.927
2002-07-22,24.454,84.777,90.98,1.194
2002-07-23,24.03,73.634,93.49,1.124
2002-07-24,25.218,18.821,86.71,1.005
2002-07-25,25.07,15.035,86.9,0.623
2002-07-26,25.68,8.231,84.49,0.757
2002-07-27,26.589,3.356,83.41,0.527
2002-07-28,26.559,6.121,83.89,0.61
2002-07-29,27.498,3.376,81.51,0.267
2002-07-30,26.453,10.551,88.52,0.287
2002-07-31,25.416,14.835,90.95,0.572
2002-08-01,25.488,14.517,90.98,0.329
2002-08-02,26.172,9.263,88.42,0.518
2002-08-03,26.826,16.823,86.27,0.216
2002-08-04,26.779,8.474,87.66,0.583
2002-08-05,26.716,5.417,87.81,0.097
2002-08-06,28.792,1.852,79.72,0.223
2002-08-07,28.667,0.995,79.69,0.319
2002-08-08,28.475,2.413,80.66,0.951
2002-08-09,26.921,11.11,82.77,1.091
2002-08-10,25.121,22.277,90.23,0.87
2002-08-11,25.283,18.127,88.21,0.69
2002-08-12,25.161,10.828,86.28,0.97
2002-08-13,25.824,6.577,82.18,0.839
2002-08-14,26.675,4.471,76.56,1.171
2002-08-15,28.448,1.289,72.59,1.077
2002-08-16,28.818,3.985,73.8,0.515
2002-08-17,26.561,7.348,85.68,0.321
2002-08-18,25.365,13.069,87.65,0.413
2002-08-19,24.775,9.638,84.76,0.731
2002-08-20,27.053,0.044,76.09,0.258
2002-08-21,28.31,0.062,69.09,0.742
2002-08-22,28.29,0.031,68.41,1.133
2002-08-23,29.057,3.621,69.68,0.506
2002-08-24,25.165,13.601,89.21,0.531
2002-08-25,25.119,8.869,90.55,0.677
2002-08-26,26.101,3.171,85.3,0.461
2002-08-27,28.013,1.137,79.33,0.134
2002-08-28,29.183,1.97,75.85,0.425
2002-08-29,29.049,4.161,76.27,0.272
2002-08-30,26.674,6.911,84.84,0.075
2002-08-31,28.371,1.04,78.38,0.193
2002-09-01,28.088,2.491,78.77,0.217
2002-09-02,26.616,2.412,84.15,0.091
2002-09-03,27.692,0.686,75.32,0.122
2002-09-04,27.648,0.147,77.26,0.227
2002-09-05,28.106,0.174,74.74,0.254
2002-09-06,28.634,0.874,69.19,0.289
2002-09-07,28.753,0.018,65.81,0.563
2002-09-08,29.086,0.003,63.67,0.769
2002-09-09,29.108,0.328,63.2,1.174
2002-09-10,28.618,0.092,63.18,0.98
2002-09-11,28.904,0.93,65.12,0.418
2002-09-12,26.455,3.189,83.15,0.45
2002-09-13,25.827,3.663,85.02,0.39
2002-09-14,26.035,14.032,82.21,0.26
2002-09-15,24.707,35.742,87.92,0.758
2002-09-16,24.559,20.737,85.52,0.688
2002-09-17,24.522,4.033,84.87,0.267
2002-09-18,26.259,0.034,78.32,0.344
2002-09-19,28.045,0.001,68.84,0.648
2002-09-20,28.859,0.298,65.42,0.708
2002-09-21,28.453,0.489,69.39,0.777
2002-09-22,26.36,15.157,78.08,1.143
2002-09-23,23.858,79.405,87.38,1.081
2002-09-24,22.656,41.533,89.75,1.171
2002-09-25,22.776,20.745,88.51,0.824
2002-09-26,26.102,0.838,75.76,0.824
2002-09-27,25.253,10.926,80.92,0.945
2002-09-28,24.206,23.591,88.57,0.792
2002-09-29,23.074,134.837,94.7,0.873
2002-09-30,23.063,78.026,91.42,1.12
2002-10-01,23.356,23.258,87.74,0.573
2002-10-02,25.337,6.421,81.2,0.157
2002-10-03,25.04,5.033,83.42,0.372
2002-10-04,25.853,1.043,77.93,0.292
2002-10-05,25.882,1.996,78.71,0.23
2002-10-06,26.092,0.102,75.43,0.599
2002-10-07,26.884,0.003,64.06,0.709
2002-10-08,25.752,0.048,65.16,1.023
2002-10-09,26.034,0.183,62.09,0.682
2002-10-10,24.974,1.95,74.53,0.214
2002-10-11,23.334,3.198,80.49,0.356
2002-10-12,23.887,0.142,74.42,0.495
2002-10-13,24.429,0.133,70.56,0.532
2002-10-14,24.311,0.062,67.67,0.792
2002-10-15,25.191,0.016,64.82,0.928
2002-10-16,24.823,0.055,69.29,0.652
2002-10-17,24.778,0.485,74.41,0.271
2002-10-18,22.78,14.922,81.82,0.486
2002-10-19,21.727,3.942,83.92,0.899
2002-10-20,23.64,0.203,76.49,0.278
2002-10-21,22.846,6.609,83.22,0.169
2002-10-22,22.527,1.838,78.05,0.619
2002-10-23,22.382,0.228,77.37,0.778
2002-10-24,23.745,0.001,68.53,0.441
2002-10-25,23.456,0.007,67.92,0.677
2002-10-26,23.436,0.002,66.56,0.655
2002-10-27,23.902,0.073,62.73,0.383
2002-10-28,22.714,0.04,69.81,0.521
2002-10-29,22.386,0.016,70.24,0.454
2002-10-30,22.105,0.042,67.55,0.58
2002-10-31,21.597,0.005,67.92,0.718
2002-11-01,22.324,0.0,66.35,0.742
2002-11-02,22.788,0.03,65.37,0.867
2002-11-03,22.151,0.125,66.75,0.954
2002-11-04,21.394,0.114,67.71,1.235
2002-11-05,21.669,0.017,67.88,0.825
2002-11-06,21.14,0.016,70.89,0.661
2002-11-07,21.524,0.001,67.97,0.756
2002-11-08,22.017,0.0,67.56,0.838
2002-11-09,22.337,0.002,64.71,0.729
2002-11-10,21.415,0.001,68.56,0.748
2002-11-11,21.991,0.0,66.36,0.733
2002-11-12,21.65,3.114,72.06,0.64
2002-11-13,19.085,25.703,89.76,1.02
2002-11-14,18.964,9.352,89.04,0.519
2002-11-15,19.688,0.082,81.19,0.262
2002-11-16,20.89,0.003,75.56,0.412
2002-11-17,20.52,0.003,70.83,0.69
2002-11-18,19.55,0.0,66.66,0.742
2002-11-19,19.244,0.917,71.3,0.677
2002-11-20,17.061,2.656,83.42,1.3
2002-11-21,18.709,0.002,73.8,0.583
2002-11-22,18.814,0.0,72.49,0.696
2002-11-23,18.989,0.0,71.57,0.685
2002-11-24,18.96,0.001,72.87,0.919
2002-11-25,19.902,0.004,71.23,1.091
2002-11-26,20.293,0.042,70.05,1.15
2002-11-27,20.276,0.004,72.27,0.714
2002-11-28,20.271,0.005,75.14,0.728
2002-11-29,19.792,0.003,77.23,0.768
2002-11-30,20.004,0.002,74.36,0.752
2002-12-01,19.753,1.682,74.33,0.935
2002-12-02,19.318,1.107,78.78,0.344
2002-12-03,19.98,0.0,77.25,0.355
2002-12-04,20.521,0.026,75.58,0.408
2002-12-05,20.358,0.013,69.53,0.721
2002-12-06,19.988,0.011,67.77,0.677
2002-12-07,19.142,0.005,70.0,0.706
2002-12-08,18.639,0.002,69.87,0.842
2002-12-09,18.252,0.001,66.43,0.811
2002-12-10,18.184,0.002,65.62,0.505
2002-12-11,16.556,0.0,72.67,0.849
2002-12-12,16.906,0.002,67.38,0.962
2002-12-13,16.835,0.0,65.74,0.853
2002-12-14,16.678,0.001,66.59,0.867
2002-12-15,16.855,0.002,67.31,0.973
2002-12-16,17.574,0.004,67.67,0.76
2002-12-17,16.278,1.526,79.2,0.71
2002-12-18,16.964,1.171,73.73,0.383
2002-12-19,16.568,0.66,78.37,0.422
2002-12-20,15.762,4.829,79.58,1.094
2002-12-21,14.695,17.015,88.54,1.014
2002-12-22,16.574,0.012,74.79,0.47
2002-12-23,16.068,0.005,76.41,0.613
2002-12-24,16.258,0.001,72.06,0.802
2002-12-25,16.582,0.122,68.79,0.438
2002-12-26,15.551,0.059,76.14,0.422
2002-12-27,16.005,0.2,72.94,0.333
2002-12-28,14.698,0.364,78.23,0.546
2002-12-29,14.243,0.565,75.98,0.614
2002-12-30,14.555,0.003,68.8,0.569
2002-12-31,14.491,0.0,70.1,0.823
2003-01-01,14.595,0.135,75.01,0.848
2003-01-02,15.331,0.002,66.63,0.57
2003-01-03,15.902,0.001,66.94,0.73
2003-01-04,15.603,0.823,67.79,0.698
2003-01-05,15.349,0.979,80.03,0.361
2003-01-06,14.808,0.209,82.08,0.312
2003-01-07,16.474,0.001,69.65,0.49
2003-01-08,15.807,0.42,71.83,0.875
2003-01-09,16.884,0.003,67.67,0.291
2003-01-10,16.877,0.002,67.92,0.457
2003-01-11,16.198,0.034,69.97,0.707
2003-01-12,16.971,0.026,66.55,0.482
2003-01-13,16.483,0.005,64.25,0.61
2003-01-14,16.22,0.004,62.28,0.764
2003-01-15,15.564,0.001,64.91,0.571
2003-01-16,15.353,0.0,66.25,0.737
2003-01-17,15.665,0.001,67.8,0.681
2003-01-18,15.849,0.003,70.75,0.614
2003-01-19,16.693,0.004,70.56,0.549
2003-01-20,16.633,0.003,73.69,0.481
2003-01-21,16.067,0.003,68.46,0.595
2003-01-22,16.346,0.008,69.56,0.406
2003-01-23,15.655,0.323,74.75,0.566
2003-01-24,14.874,0.733,75.89,0.632
2003-01-25,16.125,0.022,64.96,0.369
2003-01-26,16.426,0.007,66.5,0.259
2003-01-27,16.533,0.012,66.24,0.597
2003-01-28,17.774,0.021,63.58,0.699
2003-01-29,16.826,19.353,74.96,0.832
2003-01-30,14.41,21.857,87.74,0.645
2003-01-31,16.747,0.052,64.55,0.378
2003-02-01,17.903,0.002,63.31,0.746
2003-02-02,17.86,0.003,70.02,0.737
2003-02-03,18.3,0.005,67.91,0.878
2003-02-04,18.639,0.012,66.36,0.846
2003-02-05,18.208,8.281,70.38,1.092
2003-02-06,15.377,6.346,86.38,0.587
2003-02-07,17.231,0.714,75.41,0.472
2003-02-08,15.758,7.915,81.74,1.058
2003-02-09,15.517,5.438,79.18,1.294
2003-02-10,16.133,3.086,74.91,1.394
2003-02-11,16.461,0.766,70.27,1.28
2003-02-12,15.897,7.489,70.64,1.525
2003-02-13,14.081,14.039,85.02,1.104
2003-02-14,15.118,3.228,73.67,0.637
2003-02-15,15.641,0.003,69.53,0.404
2003-02-16,17.235,0.014,65.54,0.412
2003-02-17,17.414,0.026,67.52,0.569
2003-02-18,18.343,0.019,66.02,0.544
2003-02-19,19.291,0.254,63.18,0.653
2003-02-20,17.729,20.393,74.97,0.693
2003-02-21,16.195,6.335,76.96,0.783
2003-02-22,17.79,0.008,62.13,0.283
2003-02-23,17.868,0.008,62.44,0.624
2003-02-24,19.058,0.406,59.91,0.66
2003-02-25,17.57,4.46,72.32,1.11
2003-02-26,15.756,8.876,82.9,1.28
2003-02-27,16.469,4.272,78.88,1.399
2003-02-28,18.874,0.029,66.07,0.477
2003-03-01,20.538,0.037,62.25,0.333
2003-03-02,21.648,0.092,62.53,0.317
2003-03-03,19.934,12.104,77.37,0.625
2003-03-04,18.463,18.941,84.4,0.938
2003-03-05,18.389,0.379,62.41,1.072
2003-03-06,17.846,0.002,60.74,0.749
2003-03-07,18.555,0.009,55.26,0.788
2003-03-08,17.502,0.112,60.58,1.095
2003-03-09,18.278,0.0,60.74,0.462
2003-03-10,19.328,0.458,59.65,0.812
2003-03-11,17.591,7.572,72.31,1.477
2003-03-12,18.631,6.201,73.4,0.903
2003-03-13,16.436,19.624,85.23,1.111
2003-03-14,17.207,1.858,79.48,0.769
2003-03-15,19.234,6.606,68.76,0.83
2003-03-16,17.14,24.103,85.95,0.958
2003-03-17,17.672,15.08,86.23,1.032
2003-03-18,20.044,0.605,70.28,0.548
2003-03-19,20.578,2.125,69.05,0.473
2003-03-20,18.116,3.308,78.54,1.001
2003-03-21,16.854,1.894,77.35,1.579
2003-03-22,20.054,0.005,62.57,0.562
2003-03-23,21.176,0.072,63.91,0.531
2003-03-24,22.084,0.005,58.09,0.807
2003-03-25,22.174,0.086,59.48,0.686
2003-03-26,22.436,0.534,64.05,0.556
2003-03-27,22.885,0.045,62.01,0.689
2003-03-28,24.565,1.165,60.5,0.072
2003-03-29,22.137,1.38,74.0,0.549
2003-03-30,22.378,4.269,68.25,0.751
2003-03-31,18.426,22.019,87.68,1.32
2003-04-01,19.343,40.776,82.13,0.78
2003-04-02,18.099,37.448,87.13,1.135
2003-04-03,19.749,6.386,80.78,0.951
2003-04-04,22.107,0.521,71.34,0.812
2003-04-05,22.981,0.038,69.61,0.9
2003-04-06,22.732,0.483,73.39,1.046
2003-04-07,23.853,2.248,67.67,0.848
2003-04-08,21.398,8.744,80.97,1.435
2003-04-09,22.535,1.201,69.61,1.36
2003-04-10,23.145,0.311,66.24,0.588
2003-04-11,22.064,26.835,75.44,0.923
2003-04-12,19.689,26.824,82.76,0.983
2003-04-13,20.94,1.446,80.49,0.687
2003-04-14,23.849,0.026,72.39,0.221
2003-04-15,23.96,3.785,75.41,0.087
2003-04-16,22.234,2.606,80.33,0.816
2003-04-17,20.907,70.765,85.46,1.387
2003-04-18,22.489,1.533,75.0,0.494
2003-04-19,24.183,0.073,69.02,0.382
2003-04-20,22.779,9.065,79.81,0.989
2003-04-21,21.267,63.678,83.79,1.114
2003-04-22,20.816,58.504,83.37,1.164
2003-04-23,22.801,0.563,68.76,0.509
2003-04-24,24.777,0.001,65.2,0.456
2003-04-25,26.925,0.083,63.1,0.165
2003-04-26,24.454,3.352,79.17,0.871
2003-04-27,24.29,3.242,78.98,0.958
2003-04-28,23.885,4.114,79.22,0.813
2003-04-29,24.96,2.424,73.42,0.806
2003-04-30,25.203,6.589,69.57,0.669
2003-05-01,23.639,8.009,75.69,0.47
2003-05-02,23.124,1.731,73.86,0.326
2003-05-03,24.85,2.777,67.18,0.375
2003-05-04,21.788,91.148,85.85,0.999
2003-05-05,21.808,49.905,86.18,1.204
2003-05-06,21.24,46.707,85.56,1.096
2003-05-07,21.238,29.507,84.21,1.244
2003-05-08,21.189,28.56,79.88,1.713
2003-05-09,23.066,0.872,70.57,1.134
2003-05-10,24.882,1.309,64.12,0.542
2003-05-11,24.311,0.374,62.62,0.844
2003-05-12,25.063,0.017,63.07,0.989
2003-05-13,26.576,0.032,63.39,0.571
2003-05-14,27.875,0.371,62.66,0.486
2003-05-15,26.246,0.55,74.31,0.359
2003-05-16,26.094,3.576,75.29,0.268
2003-05-17,24.849,5.648,78.69,0.766
2003-05-18,27.277,0.485,67.26,0.574
2003-05-19,27.165,1.977,71.83,0.741
2003-05-20,26.452,11.608,71.15,0.627
2003-05-21,22.918,62.284,84.62,0.928
2003-05-22,22.38,15.023,85.54,0.985
2003-05-23,26.047,0.082,70.35,0.305
2003-05-24,26.302,7.062,75.57,0.085
2003-05-25,24.302,111.013,89.84,0.553
2003-05-26,22.8,45.67,88.79,1.151
2003-05-27,22.821,25.761,90.19,1.07
2003-05-28,23.536,18.938,88.24,0.851
2003-05-29,25.83,1.209,77.3,0.994
2003-05-30,28.147,0.124,67.08,0.27
2003-05-31,28.453,0.198,71.05,0.244
2003-06-01,28.52,2.651,70.39,0.468
2003-06-02,28.77,0.781,72.84,0.444
2003-06-03,28.994,3.909,72.36,0.332
2003-06-04,28.27,8.159,75.08,0.609
2003-06-05,24.893,13.889,85.01,0.488
2003-06-06,24.677,23.417,82.85,0.597
2003-06-07,24.184,44.78,87.65,0.696
2003-06-08,25.486,4.413,77.62,0.347
2003-06-09,25.83,2.463,81.62,0.317
2003-06-10,27.529,0.997,74.53,0.672
2003-06-11,27.467,9.125,75.72,0.56
2003-06-12,24.453,70.564,91.38,1.222
2003-06-13,24.385,63.667,89.63,1.25
2003-06-14,24.49,28.818,84.93,1.189
2003-06-15,24.977,14.289,84.18,0.906
2003-06-16,28.597,0.862,69.73,0.233
2003-06-17,29.292,0.52,68.35,0.989
2003-06-18,29.751,2.078,67.16,0.76
2003-06-19,27.928,3.155,73.11,1.047
2003-06-20,27.24,5.066,78.93,0.742
2003-06-21,28.607,0.372,73.47,0.849
2003-06-22,28.864,6.212,73.49,0.746
2003-06-23,27.531,11.59,82.45,0.355
2003-06-24,25.908,42.301,90.6,0.662
2003-06-25,25.157,58.334,93.28,1.231
2003-06-26,24.799,63.383,91.44,0.749
2003-06-27,24.608,16.116,92.42,0.827
2003-06-28,24.567,57.862,90.99,1.252
2003-06-29,24.634,49.341,89.22,0.762
2003-06-30,25.372,17.847,87.54,0.906
2003-07-01,25.448,9.845,88.5,0.526
2003-07-02,26.395,17.866,82.76,0.585
2003-07-03,25.062,27.336,89.67,0.781
2003-07-04,25.134,10.979,86.25,0.879
2003-07-05,26.524,1.874,81.69,0.453
2003-07-06,25.671,21.121,86.03,0.726
2003-07-07,23.929,64.637,94.92,1.428
2003-07-08,23.724,60.61,92.52,1.232
2003-07-09,23.904,16.672,89.83,0.899
2003-07-10,23.456,40.206,92.07,1.097
2003-07-11,24.554,16.1,91.4,1.082
2003-07-12,25.531,27.417,86.75,0.684
2003-07-13,27.09,6.39,81.33,0.39
2003-07-14,27.305,2.301,79.09,0.681
2003-07-15,27.864,4.978,77.63,0.698
2003-07-16,27.676,4.215,82.58,0.372
2003-07-17,28.226,3.305,79.53,0.113
2003-07-18,26.944,29.005,86.48,0.513
2003-07-19,25.29,32.533,90.97,1.041
2003-07-20,24.628,50.309,91.13,0.677
2003-07-21,26.354,4.346,84.88,0.484
2003-07-22,26.731,3.619,85.03,0.237
2003-07-23,29.294,0.237,77.94,0.349
2003-07-24,31.316,0.062,68.6,0.837
2003-07-25,29.833,0.248,70.92,1.129
2003-07-26,30.348,1.186,67.58,1.399
2003-07-27,28.447,9.808,76.54,0.673
2003-07-28,26.0,38.905,90.01,0.774
2003-07-29,25.339,44.222,90.13,0.796
2003-07-30,25.407,13.42,87.44,1.105
2003-07-31,27.687,4.181,78.96,0.653
2003-08-01,26.634,8.337,86.38,0.193
2003-08-02,26.742,5.11,85.88,0.116
2003-08-03,28.298,3.877,81.76,0.197
2003-08-04,29.178,1.292,79.39,0.407
2003-08-05,29.972,2.637,76.84,0.346
2003-08-06,27.922,3.372,85.65,0.331
2003-08-07,28.035,3.116,84.15,0.392
2003-08-08,26.773,18.058,89.4,0.515
2003-08-09,26.382,18.921,90.23,0.782
2003-08-10,25.789,13.697,90.04,0.846
2003-08-11,26.37,13.205,89.02,0.762
2003-08-12,27.368,8.793,85.03,0.214
2003-08-13,27.835,4.337,84.57,0.101
2003-08-14,27.4,9.225,86.15,0.286
2003-08-15,26.422,8.061,88.05,0.485
2003-08-16,26.969,20.491,86.09,0.332
2003-08-17,25.914,27.413,90.69,0.412
2003-08-18,27.581,3.062,82.37,0.186
2003-08-19,27.557,12.44,85.36,0.258
2003-08-20,27.318,6.474,85.08,0.188
2003-08-21,28.526,0.18,78.98,0.442
2003-08-22,28.978,3.617,74.74,1.006
2003-08-23,25.552,16.03,90.05,0.67
2003-08-24,26.639,3.447,84.57,0.34
2003-08-25,28.707,1.412,76.62,0.121
2003-08-26,28.651,4.07,79.69,0.124
2003-08-27,26.879,10.03,86.95,0.23
2003-08-28,25.89,13.78,89.11,0.42
2003-08-29,26.217,16.236,88.06,0.734
2003-08-30,25.732,24.183,88.19,0.797
2003-08-31,25.381,10.677,87.66,0.986
2003-09-01,26.331,7.885,82.31,0.902
2003-09-02,26.597,7.22,84.82,0.498
2003-09-03,27.309,2.493,81.41,0.18
2003-09-04,27.993,1.912,79.79,0.059
2003-09-05,27.889,4.371,79.81,0.31
2003-09-06,28.518,1.564,74.91,0.469
2003-09-07,27.166,9.369,80.81,0.272
2003-09-08,26.751,5.719,83.55,0.484
2003-09-09,28.275,1.413,76.2,0.323
2003-09-10,27.965,0.23,76.45,0.794
2003-09-11,27.883,1.124,74.29,0.966
2003-09-12,26.767,7.144,78.5,1.187
2003-09-13,28.568,1.368,71.3,0.562
2003-09-14,28.968,0.851,71.06,0.296
2003-09-15,28.528,1.554,74.21,0.294
2003-09-16,26.654,11.762,84.7,0.223
2003-09-17,25.614,16.155,89.16,0.224
2003-09-18,25.681,16.853,87.18,0.151
2003-09-19,25.872,8.249,86.96,0.158
2003-09-20,26.63,10.481,83.59,0.05
2003-09-21,26.207,6.649,82.04,0.481
2003-09-22,27.508,1.271,75.9,0.142
2003-09-23,27.698,1.031,76.61,0.088
2003-09-24,28.49,2.595,73.57,0.201
2003-09-25,27.634,1.148,76.28,0.348
2003-09-26,26.275,9.569,82.88,0.272
2003-09-27,24.953,16.157,88.41,0.28
2003-09-28,25.73,8.177,84.35,0.13
2003-09-29,25.85,4.235,85.05,0.139
2003-09-30,26.016,4.159,84.33,0.026
2003-10-01,25.895,7.159,83.49,0.14
2003-10-02,26.37,7.808,81.24,0.037
2003-10-03,25.948,5.846,80.73,0.354
2003-10-04,24.823,10.531,83.31,0.569
2003-10-05,24.59,4.125,82.33,0.627
2003-10-06,25.185,0.155,77.41,0.615
2003-10-07,25.901,0.086,72.86,0.334
2003-10-08,24.386,2.226,79.93,0.533
2003-10-09,23.175,15.271,86.06,0.431
2003-10-10,22.98,31.842,87.65,0.885
2003-10-11,23.88,2.061,84.08,0.462
2003-10-12,24.78,1.266,82.5,0.095
2003-10-13,24.403,0.56,83.52,0.262
2003-10-14,24.756,0.029,78.38,0.503
2003-10-15,25.88,1.284,77.31,0.281
2003-10-16,25.016,2.734,83.7,0.168
2003-10-17,24.774,1.95,84.52,0.307
2003-10-18,24.727,2.854,83.76,0.224
2003-10-19,24.615,1.585,81.86,0.399
2003-10-20,25.293,0.174,70.58,0.508
2003-10-21,25.296,0.105,69.86,0.123
2003-10-22,24.402,0.087,72.43,0.547
2003-10-23,23.546,0.006,68.76,0.67
2003-10-24,24.339,0.005,66.89,0.575
2003-10-25,23.945,0.481,73.43,0.354
2003-10-26,22.574,10.863,80.99,0.679
2003-10-27,21.881,13.375,86.44,0.788
2003-10-28,22.538,2.869,81.71,0.469
2003-10-29,23.446,0.869,79.77,0.341
2003-10-30,23.221,0.994,80.61,0.448
2003-10-31,23.528,1.41,78.76,0.063
2003-11-01,21.67,0.909,85.83,0.304
2003-11-02,21.908,0.101,79.34,0.592
2003-11-03,22.045,0.168,77.32,0.527
2003-11-04,21.63,0.075,77.68,0.495
2003-11-05,20.932,0.406,78.41,0.615
2003-11-06,21.561,0.376,78.59,0.148
2003-11-07,21.72,0.203,75.58,0.101
2003-11-08,21.874,0.256,72.28,0.43
2003-11-09,21.54,0.072,75.37,0.299
2003-11-10,21.075,0.043,76.09,0.479
2003-11-11,20.829,0.001,72.6,0.835
2003-11-12,20.365,0.001,70.09,1.045
2003-11-13,20.165,0.088,69.23,0.834
2003-11-14,20.076,0.0,71.51,0.618
2003-11-15,19.776,0.002,76.31,0.539
2003-11-16,19.886,0.002,73.9,0.505
2003-11-17,20.196,0.005,67.98,0.498
2003-11-18,19.952,0.008,67.19,0.53
2003-11-19,19.349,0.002,71.06,0.587
2003-11-20,19.096,0.016,74.48,0.452
2003-11-21,18.857,0.002,75.54,0.514
2003-11-22,19.511,0.0,71.59,0.67
2003-11-23,19.548,0.001,71.52,0.724
2003-11-24,19.265,0.002,72.1,0.684
2003-11-25,19.943,0.026,73.46,0.765
2003-11-26,19.273,0.263,74.68,1.018
2003-11-27,18.523,2.267,77.66,1.275
2003-11-28,17.881,1.375,77.99,1.262
2003-11-29,18.44,0.001,66.53,0.751
2003-11-30,17.887,0.002,68.56,0.723
2003-12-01,17.562,0.002,72.85,0.693
2003-12-02,17.95,0.002,69.96,0.673
2003-12-03,17.267,0.441,75.85,1.07
2003-12-04,16.974,0.897,76.98,1.323
2003-12-05,17.645,0.001,68.62,0.672
2003-12-06,17.578,0.002,67.69,0.719
2003-12-07,17.416,0.001,63.91,0.853
2003-12-08,16.547,0.001,68.16,0.951
2003-12-09,18.366,0.015,60.82,0.591
2003-12-10,17.302,0.001,65.14,0.784
2003-12-11,17.223,0.0,66.6,0.751
2003-12-12,17.076,0.002,70.23,0.824
2003-12-13,17.517,0.001,67.41,0.844
2003-12-14,17.512,0.0,66.51,0.744
2003-12-15,17.976,0.003,62.81,0.592
2003-12-16,17.704,0.002,66.69,0.671
2003-12-17,17.777,0.0,71.46,0.403
2003-12-18,17.015,0.001,70.72,0.743
2003-12-19,17.59,0.097,71.7,0.579
2003-12-20,18.245,1.888,70.6,0.658
2003-12-21,17.815,0.03,74.24,0.577
2003-12-22,17.45,0.001,68.53,0.797
2003-12-23,17.364,0.0,63.1,0.795
2003-12-24,16.848,0.193,64.08,0.741
2003-12-25,17.032,0.035,63.15,0.536
2003-12-26,16.796,0.002,63.39,0.63
2003-12-27,16.657,0.001,60.39,0.836
2003-12-28,14.336,11.258,82.03,0.991
2003-12-29,13.914,2.632,81.02,0.328
2003-12-30,14.096,0.0,74.07,0.695
2003-12-31,15.178,0.002,67.6,0.594
2004-01-01,15.79,0.001,63.19,0.703
2004-01-02,16.115,0.076,65.16,0.729
2004-01-03,16.651,0.04,64.3,0.477
2004-01-04,15.729,0.002,65.8,0.661
2004-01-05,15.691,0.001,63.34,0.733
2004-01-06,15.831,0.0,60.75,0.728
2004-01-07,16.017,0.001,58.09,0.813
2004-01-08,17.095,0.555,55.31,0.629
2004-01-09,15.752,0.07,72.25,0.493
2004-01-10,15.794,0.001,66.6,0.666
2004-01-11,16.195,0.002,65.85,0.707
2004-01-12,16.933,0.005,59.71,0.731
2004-01-13,16.503,0.765,59.59,0.838
2004-01-14,14.07,9.524,80.27,0.738
2004-01-15,14.944,0.009,73.11,0.452
2004-01-16,16.516,0.002,66.15,0.416
2004-01-17,17.497,0.009,62.36,0.304
2004-01-18,16.68,4.208,68.25,0.544
2004-01-19,12.744,11.514,87.4,1.17
2004-01-20,15.575,0.076,74.28,0.675
2004-01-21,17.752,0.016,67.11,0.33
2004-01-22,16.488,0.37,75.66,0.647
2004-01-23,17.966,0.813,66.96,0.324
2004-01-24,15.455,31.533,87.29,0.785
2004-01-25,15.062,7.865,83.26,0.588
2004-01-26,15.824,0.041,69.93,0.357
2004-01-27,14.864,0.066,68.83,0.529
2004-01-28,14.628,0.068,65.87,0.348
2004-01-29,15.271,0.007,66.96,0.45
2004-01-30,15.647,0.002,67.1,0.593
2004-01-31,15.647,0.001,66.87,0.847
2004-02-01,14.577,3.051,77.39,1.319
2004-02-02,14.46,2.108,76.48,1.433
2004-02-03,14.494,0.412,69.04,0.785
2004-02-04,15.44,0.003,63.58,0.118
2004-02-05,14.272,1.113,71.88,0.955
2004-02-06,14.631,0.682,66.91,0.914
2004-02-07,15.979,0.011,60.2,0.1
2004-02-08,16.009,0.001,62.11,0.511
2004-02-09,16.694,0.002,60.99,0.653
2004-02-10,16.918,0.001,60.41,0.813
2004-02-11,17.364,0.001,61.04,0.794
2004-02-12,17.864,0.0,58.69,0.73
2004-02-13,18.603,0.002,61.6,0.692
2004-02-14,18.424,0.03,58.24,0.91
2004-02-15,18.078,0.118,59.02,1.051
2004-02-16,18.297,0.035,57.65,0.514
2004-02-17,18.359,0.001,60.88,0.464
2004-02-18,18.034,0.006,58.47,0.743
2004-02-19,18.746,1.538,53.52,1.081
2004-02-20,15.26,2.439,76.22,1.475
2004-02-21,18.622,0.001,59.64,0.521
2004-02-22,18.716,1.194,64.74,0.426
2004-02-23,19.141,0.699,66.04,0.387
2004-02-24,20.306,0.049,62.24,0.279
2004-02-25,20.444,0.0,64.94,0.337
2004-02-26,20.871,0.081,64.88,0.465
2004-02-27,20.867,1.3,64.93,0.509
2004-02-28,17.327,35.793,87.81,0.891
2004-02-29,17.221,25.981,88.51,0.989
2004-03-01,17.158,13.081,86.33,1.344
2004-03-02,18.945,0.084,71.65,0.959
2004-03-03,18.459,0.351,75.08,1.178
2004-03-04,19.423,0.008,70.4,0.528
2004-03-05,20.26,0.837,69.84,0.644
2004-03-06,19.39,1.166,75.97,1.418
2004-03-07,19.365,0.338,72.24,1.374
2004-03-08,20.773,0.001,63.14,0.651
2004-03-09,21.468,0.0,62.76,0.643
2004-03-10,22.071,2.359,65.56,0.298
2004-03-11,21.281,0.17,69.12,0.174
2004-03-12,22.306,0.038,65.32,0.317
2004-03-13,22.298,0.012,64.53,0.526
2004-03-14,22.968,0.01,61.72,0.641
2004-03-15,23.474,0.034,59.7,0.648
2004-03-16,23.298,0.226,60.6,0.847
2004-03-17,24.241,0.501,58.27,0.648
2004-03-18,24.589,1.181,64.28,0.942
2004-03-19,21.862,12.267,74.62,1.694
2004-03-20,19.826,4.65,86.09,0.97
2004-03-21,19.449,32.4,88.86,1.087
2004-03-22,19.812,38.844,89.72,0.908
2004-03-23,20.113,35.045,90.56,1.158
2004-03-24,20.559,55.663,90.9,1.275
2004-03-25,20.783,34.104,88.42,1.471
2004-03-26,20.966,28.985,83.75,1.618
2004-03-27,20.47,79.428,87.53,1.207
2004-03-28,19.499,118.298,92.46,0.894
2004-03-29,20.179,18.758,80.44,1.172
2004-03-30,19.216,75.816,86.37,1.038
2004-03-31,18.803,13.277,80.8,1.108
2004-04-01,21.743,0.973,71.37,0.363
2004-04-02,21.351,0.826,73.03,0.47
2004-04-03,18.953,6.891,82.93,1.36
2004-04-04,21.512,0.378,72.54,0.582
2004-04-05,21.977,0.458,75.58,0.412
2004-04-06,22.451,1.304,80.67,0.174
2004-04-07,21.952,2.185,82.82,0.121
2004-04-08,20.69,3.879,84.27,0.478
2004-04-09,22.605,2.219,70.64,0.412
2004-04-10,20.702,7.607,82.34,0.886
2004-04-11,22.207,2.068,74.77,0.666
2004-04-12,21.327,70.482,85.25,0.896
2004-04-13,19.642,58.803,87.46,1.304
2004-04-14,19.848,35.547,83.32,0.917
2004-04-15,19.619,78.323,88.28,0.838
2004-04-16,19.412,3.214,83.25,0.714
2004-04-17,23.489,2.923,69.38,0.534
2004-04-18,20.28,20.405,84.47,0.829
2004-04-19,22.932,0.477,72.0,0.499
2004-04-20,24.646,0.016,66.18,0.305
2004-04-21,25.056,0.322,71.07,0.309
2004-04-22,25.232,1.914,72.34,0.243
2004-04-23,24.303,14.913,75.42,0.488
2004-04-24,24.338,7.545,75.96,0.343
2004-04-25,24.786,0.532,72.56,0.396
2004-04-26,24.765,0.742,74.4,0.449
2004-04-27,26.765,0.718,61.36,0.222
2004-04-28,24.45,0.858,70.19,0.587
2004-04-29,26.516,0.123,59.82,0.381
2004-04-30,26.04,4.104,68.32,0.211
2004-05-01,24.503,19.699,76.02,0.541
2004-05-02,22.827,19.248,82.26,1.127
2004-05-03,23.909,0.683,66.87,1.49
2004-05-04,25.526,0.0,57.48,0.62
2004-05-05,26.121,0.045,56.12,0.514
2004-05-06,23.484,0.848,66.43,1.536
2004-05-07,25.3,0.002,63.68,0.29
2004-05-08,26.365,0.154,64.8,0.644
2004-05-09,23.087,19.397,82.79,1.302
2004-05-10,22.098,54.196,88.63,1.176
2004-05-11,21.974,54.14,88.57,1.17
2004-05-12,22.091,45.07,90.51,1.024
2004-05-13,22.564,107.748,88.05,1.236
2004-05-14,21.984,80.511,89.62,1.264
2004-05-15,23.56,77.073,83.2,0.751
2004-05-16,24.444,16.357,83.05,1.089
2004-05-17,26.871,5.155,73.57,0.884
2004-05-18,26.415,8.37,79.78,1.064
2004-05-19,24.78,0.844,80.62,1.13
2004-05-20,26.29,2.596,74.62,0.799
2004-05-21,23.246,8.423,84.97,1.152
2004-05-22,22.585,11.165,86.85,1.278
2004-05-23,23.23,6.138,85.21,0.855
2004-05-24,24.537,3.435,80.35,0.266
2004-05-25,24.583,12.989,79.6,0.694
2004-05-26,27.153,0.29,68.75,0.287
2004-05-27,27.82,0.98,68.5,0.2
2004-05-28,27.151,2.859,74.04,0.198
2004-05-29,26.204,9.348,80.5,0.075
2004-05-30,26.446,11.074,79.93,0.303
2004-05-31,25.693,4.844,84.72,0.118
2004-06-01,27.692,1.374,73.76,0.184
2004-06-02,27.207,11.329,76.54,0.243
2004-06-03,26.267,8.72,82.32,0.395
2004-06-04,24.526,21.528,88.16,0.726
2004-06-05,26.898,1.139,75.61,0.141
2004-06-06,27.712,5.88,73.29,0.306
2004-06-07,26.471,6.792,79.96,0.241
2004-06-08,27.236,8.06,76.28,0.5
2004-06-09,28.104,0.828,70.73,0.436
2004-06-10,29.112,0.946,66.12,0.444
2004-06-11,28.318,2.241,71.3,1.051
2004-06-12,27.468,5.198,73.6,1.481
2004-06-13,26.955,5.895,75.19,0.913
2004-06-14,26.264,12.185,79.94,0.419
2004-06-15,27.03,2.998,79.45,0.392
2004-06-16,27.673,7.835,78.64,0.405
2004-06-17,26.921,6.075,82.82,0.798
2004-06-18,27.955,9.19,74.4,0.969
2004-06-19,26.707,15.919,83.08,1.223
2004-06-20,26.023,15.967,85.7,0.968
2004-06-21,25.003,40.057,89.32,1.186
2004-06-22,24.541,27.587,88.5,1.034
2004-06-23,23.716,36.571,92.04,1.08
2004-06-24,24.452,33.286,88.7,0.919
2004-06-25,26.188,6.462,83.64,0.503
2004-06-26,25.411,10.76,85.68,0.433
2004-06-27,26.742,12.318,82.25,0.171
2004-06-28,27.146,13.746,82.58,0.376
2004-06-29,26.134,29.739,88.81,0.592
2004-06-30,26.07,5.283,86.71,0.502
2004-07-01,28.321,3.801,79.75,0.193
2004-07-02,28.558,4.104,79.25,0.2
2004-07-03,29.113,4.899,73.98,0.847
2004-07-04,26.254,27.06,88.61,0.82
2004-07-05,25.145,43.174,93.39,0.9
2004-07-06,24.337,43.398,94.07,1.363
2004-07-07,24.046,45.058,91.76,0.95
2004-07-08,23.423,44.858,93.71,1.248
2004-07-09,23.576,46.609,92.78,1.151
2004-07-10,23.884,41.549,89.63,1.035
2004-07-11,23.939,35.459,89.27,0.298
2004-07-12,25.374,3.83,82.39,0.473
2004-07-13,25.696,6.785,80.72,0.567
2004-07-14,26.155,4.821,80.43,1.04
2004-07-15,26.128,15.235,82.61,0.958
2004-07-16,24.473,36.686,88.36,0.995
2004-07-17,23.508,62.351,96.04,1.093
2004-07-18,23.873,100.704,93.92,1.095
2004-07-19,24.153,70.778,91.03,0.823
2004-07-20,24.974,25.226,86.54,0.526
2004-07-21,25.177,5.513,88.62,0.304
2004-07-22,27.692,1.221,77.49,0.688
2004-07-23,29.566,1.283,67.82,0.368
2004-07-24,28.316,5.408,74.24,0.43
2004-07-25,25.976,5.161,87.59,0.261
2004-07-26,27.654,1.043,79.58,0.496
2004-07-27,28.965,2.012,75.05,0.311
2004-07-28,27.495,12.231,78.93,0.452
2004-07-29,27.666,4.616,75.59,0.272
2004-07-30,27.259,10.521,83.45,0.31
2004-07-31,26.758,5.614,84.22,0.048
2004-08-01,27.683,4.939,80.46,0.323
2004-08-02,29.138,0.142,70.14,0.983
2004-08-03,28.464,0.514,72.77,1.134
2004-08-04,26.445,21.598,84.19,0.651
2004-08-05,25.922,12.293,88.05,0.54
2004-08-06,26.674,10.726,84.75,0.553
2004-08-07,27.768,6.147,78.44,0.175
2004-08-08,28.307,9.837,78.29,0.531
2004-08-09,27.193,2.849,83.87,0.393
2004-08-10,28.762,0.803,72.94,0.73
2004-08-11,29.14,0.118,71.65,1.037
2004-08-12,29.795,0.038,66.61,1.254
2004-08-13,28.578,4.894,74.95,0.521
2004-08-14,27.272,6.444,85.08,0.335
2004-08-15,27.187,8.556,85.58,0.272
2004-08-16,29.777,2.328,74.43,0.201
2004-08-17,29.446,9.959,78.12,0.21
2004-08-18,28.524,7.844,79.12,0.304
2004-08-19,27.76,6.303,78.51,0.627
2004-08-20,28.951,0.921,71.72,0.885
2004-08-21,29.678,1.151,69.49,0.715
2004-08-22,27.687,12.676,82.49,0.122
2004-08-23,26.578,11.445,87.3,0.123
2004-08-24,26.42,15.335,86.98,0.319
2004-08-25,25.79,28.541,91.44,0.684
2004-08-26,25.706,19.295,90.65,0.789
2004-08-27,26.39,13.487,86.25,0.605
2004-08-28,27.345,8.34,82.57,0.032
2004-08-29,27.178,23.777,86.17,0.267
2004-08-30,26.442,20.302,88.94,0.282
2004-08-31,26.327,13.953,87.95,0.421
2004-09-01,26.429,17.919,88.5,0.295
2004-09-02,26.097,25.159,89.19,0.212
2004-09-03,26.491,38.882,87.23,0.385
2004-09-04,26.701,31.377,86.64,0.171
2004-09-05,25.454,26.718,92.03,0.571
2004-09-06,25.231,34.421,92.37,0.857
2004-09-07,24.959,48.603,92.28,0.979
2004-09-08,24.578,58.885,91.68,0.599
2004-09-09,26.923,3.435,77.63,0.958
2004-09-10,27.011,2.161,70.99,0.991
2004-09-11,27.25,0.877,67.75,1.561
2004-09-12,24.571,5.817,81.53,0.851
2004-09-13,25.56,0.0,78.05,0.472
2004-09-14,27.319,0.001,67.15,0.427
2004-09-15,26.432,0.003,71.86,0.763
2004-09-16,27.842,0.02,68.3,0.56
2004-09-17,27.425,0.607,74.19,0.536
2004-09-18,27.052,9.453,74.88,0.217
2004-09-19,26.375,5.316,79.9,0.325
2004-09-20,26.79,1.297,80.05,0.24
2004-09-21,27.457,2.758,80.33,0.143
2004-09-22,25.868,22.226,86.65,0.244
2004-09-23,24.955,15.003,87.1,0.331
2004-09-24,25.624,15.171,86.37,0.286
2004-09-25,26.136,5.676,83.32,0.142
2004-09-26,25.993,4.296,85.19,0.113
2004-09-27,26.374,3.54,82.74,0.116
2004-09-28,26.351,3.28,82.25,0.175
2004-09-29,25.603,4.464,84.56,0.282
2004-09-30,26.275,0.642,80.7,0.26
2004-10-01,26.658,1.804,77.42,0.435
2004-10-02,26.788,2.682,72.45,0.734
2004-10-03,26.009,1.69,72.78,0.723
2004-10-04,23.878,13.132,81.09,1.118
2004-10-05,22.662,32.608,88.7,1.048
2004-10-06,21.64,26.619,92.6,0.832
2004-10-07,22.218,9.496,87.75,0.819
2004-10-08,21.824,34.173,88.31,1.118
2004-10-09,23.218,7.888,82.59,0.636
2004-10-10,23.75,0.317,81.1,0.352
2004-10-11,24.461,0.013,75.8,0.327
2004-10-12,25.438,0.576,72.14,0.235
2004-10-13,24.774,0.377,75.26,0.294
2004-10-14,25.228,1.717,75.28,0.128
2004-10-15,22.137,5.383,85.53,0.571
2004-10-16,23.983,0.186,75.33,0.1
2004-10-17,24.267,0.224,76.39,0.181
2004-10-18,24.235,0.14,75.5,0.196
2004-10-19,23.541,0.673,76.39,0.374
2004-10-20,23.34,0.136,73.78,0.495
2004-10-21,22.567,0.028,73.46,0.578
2004-10-22,22.743,0.004,69.12,0.613
2004-10-23,22.169,0.003,69.33,0.747
2004-10-24,22.351,0.001,65.61,0.707
2004-10-25,22.521,0.0,65.22,0.753
2004-10-26,22.938,0.013,60.87,0.769
2004-10-27,21.597,0.248,67.2,0.943
2004-10-28,20.615,0.902,71.87,0.921
2004-10-29,20.975,0.0,63.79,0.792
2004-10-30,20.868,0.004,65.12,0.606
2004-10-31,20.489,0.001,66.14,0.665
2004-11-01,20.843,0.0,63.19,0.579
2004-11-02,20.72,0.001,60.45,0.706
2004-11-03,21.33,0.006,59.91,0.728
2004-11-04,20.904,0.003,63.22,0.721
2004-11-05,20.561,0.0,63.67,0.837
2004-11-06,20.742,0.002,65.1,0.716
2004-11-07,20.59,0.001,65.32,0.758
2004-11-08,20.733,0.005,65.96,0.747
2004-11-09,20.467,0.018,66.36,0.634
2004-11-10,20.163,0.002,65.35,0.617
2004-11-11,20.199,0.004,62.75,0.782
2004-11-12,20.896,0.002,60.35,0.646
2004-11-13,21.012,0.068,61.78,0.462
2004-11-14,20.13,0.016,65.83,0.493
2004-11-15,19.652,0.105,68.49,0.623
2004-11-16,19.607,0.001,67.13,0.553
2004-11-17,19.725,0.041,65.1,0.74
2004-11-18,20.128,0.014,60.96,0.823
2004-11-19,19.045,1.413,71.36,1.303
2004-11-20,19.129,0.001,68.31,0.592
2004-11-21,19.014,0.001,66.22,0.866
2004-11-22,19.162,0.0,61.74,0.986
2004-11-23,18.92,0.037,57.7,0.934
2004-11-24,18.434,0.051,63.22,0.854
2004-11-25,18.468,0.096,62.28,1.151
2004-11-26,18.767,0.002,58.95,1.238
2004-11-27,19.043,0.009,57.85,0.994
2004-11-28,18.848,0.072,57.24,0.959
2004-11-29,18.012,0.001,63.4,0.811
2004-11-30,17.852,0.002,62.11,0.923
2004-12-01,18.467,0.003,59.56,0.991
2004-12-02,18.341,0.002,56.6,0.736
2004-12-03,17.901,0.0,60.44,0.558
2004-12-04,17.244,0.002,64.39,0.874
2004-12-05,17.57,-0.0,59.76,0.851
2004-12-06,17.794,0.0,65.57,0.855
2004-12-07,18.514,0.0,61.79,0.881
2004-12-08,18.221,0.004,67.24,0.699
2004-12-09,18.105,0.0,71.54,0.597
2004-12-10,18.796,0.001,66.87,0.737
2004-12-11,18.088,0.001,68.85,0.747
2004-12-12,18.382,0.0,66.98,0.777
2004-12-13,19.076,0.001,64.52,0.543
2004-12-14,17.392,0.0,70.34,0.646
2004-12-15,17.759,0.002,68.14,0.649
2004-12-16,17.42,0.019,68.0,0.811
2004-12-17,17.57,0.0,68.26,0.636
2004-12-18,17.007,0.002,68.5,0.558
2004-12-19,16.94,0.0,69.37,0.609
2004-12-20,17.513,0.778,63.79,0.57
2004-12-21,14.373,25.022,86.51,1.182
2004-12-22,15.641,2.345,76.54,0.891
2004-12-23,16.434,0.015,68.56,0.65
2004-12-24,16.747,0.047,68.42,0.587
2004-12-25,15.365,6.243,73.93,1.047
2004-12-26,12.699,6.411,82.2,1.162
2004-12-27,14.556,0.088,68.32,0.116
2004-12-28,14.38,0.001,65.57,0.832
2004-12-29,14.736,0.002,66.85,0.702
2004-12-30,14.136,0.003,70.39,0.828
2004-12-31,15.333,0.001,69.32,0.863
2005-01-01,16.391,0.001,70.51,0.764
2005-01-02,16.858,0.001,74.02,0.617
2005-01-03,17.067,0.005,76.91,0.586
2005-01-04,17.076,0.073,74.07,0.738
2005-01-05,17.061,0.003,75.09,0.449
2005-01-06,16.944,0.002,76.13,0.704
2005-01-07,16.835,0.078,70.8,0.779
2005-01-08,17.095,0.0,62.12,0.648
2005-01-09,16.116,4.909,65.56,0.729
2005-01-10,13.135,7.389,85.85,0.79
2005-01-11,13.599,2.437,74.7,1.239
2005-01-12,15.165,0.002,63.67,0.357
2005-01-13,15.363,0.003,63.92,0.407
2005-01-14,15.911,0.013,67.16,0.245
2005-01-15,16.825,0.029,67.13,0.244
2005-01-16,16.776,0.138,68.43,0.454
2005-01-17,15.819,2.192,77.21,1.029
2005-01-18,15.79,5.19,75.36,1.03
2005-01-19,14.6,12.792,80.11,0.879
2005-01-20,13.764,2.817,77.38,0.835
2005-01-21,14.555,0.001,66.77,0.405
2005-01-22,15.169,0.0,69.52,0.575
2005-01-23,16.595,6.47,61.62,0.599
2005-01-24,14.057,1.654,78.74,0.779
2005-01-25,15.776,0.007,67.95,0.461
2005-01-26,16.397,0.509,67.33,0.231
2005-01-27,16.033,0.45,72.4,0.464
2005-01-28,17.152,0.005,69.0,0.107
2005-01-29,15.886,0.053,73.71,0.81
2005-01-30,16.844,0.001,64.88,0.66
2005-01-31,19.184,0.002,56.66,0.529
2005-02-01,16.599,10.174,77.55,0.643
2005-02-02,15.78,2.934,81.06,0.626
2005-02-03,17.638,0.011,62.56,0.294
2005-02-04,16.146,0.003,66.94,0.766
2005-02-05,15.514,0.545,65.99,1.179
2005-02-06,15.748,0.147,67.95,1.06
2005-02-07,16.064,0.759,66.74,1.173
2005-02-08,17.404,0.002,59.9,0.898
2005-02-09,17.801,0.035,64.41,0.882
2005-02-10,18.005,0.012,65.32,0.63
2005-02-11,19.608,1.227,59.9,0.561
2005-02-12,17.893,30.816,77.67,0.87
2005-02-13,15.185,69.659,88.04,1.307
2005-02-14,14.908,29.076,87.75,1.118
2005-02-15,15.089,30.072,85.96,1.57
2005-02-16,15.918,42.915,90.45,1.352
2005-02-17,16.925,14.515,86.41,1.093
2005-02-18,16.885,13.762,85.81,1.046
2005-02-19,17.12,17.248,88.0,1.265
2005-02-20,17.337,19.409,88.53,1.24
2005-02-21,17.783,12.66,86.86,1.235
2005-02-22,18.033,15.107,79.58,1.373
2005-02-23,16.478,2.993,79.61,0.904
2005-02-24,18.382,0.048,75.34,0.396
2005-02-25,17.316,3.696,82.58,1.113
2005-02-26,17.016,6.44,84.4,0.951
2005-02-27,18.191,0.434,77.01,0.878
2005-02-28,18.302,0.445,76.42,1.278
2005-03-01,20.527,2.665,67.03,0.48
2005-03-02,16.613,12.64,88.13,0.939
2005-03-03,17.294,4.417,88.04,0.992
2005-03-04,19.823,11.915,78.37,0.782
2005-03-05,17.947,77.447,88.72,1.385
2005-03-06,17.213,77.887,88.83,1.399
2005-03-07,18.426,7.032,83.17,1.193
2005-03-08,18.453,25.586,87.25,1.13
2005-03-09,18.529,19.249,86.05,1.272
2005-03-10,18.856,20.743,84.63,1.034
2005-03-11,19.206,9.729,83.65,1.219
2005-03-12,19.467,1.353,75.81,1.167
2005-03-13,20.477,0.003,70.61,0.62
2005-03-14,20.987,0.002,66.53,0.698
2005-03-15,22.004,0.143,67.04,0.651
2005-03-16,22.068,0.123,68.35,0.462
2005-03-17,21.625,0.017,70.59,0.741
2005-03-18,21.953,0.101,70.37,0.825
2005-03-19,22.393,21.155,69.1,0.764
2005-03-20,18.324,59.01,86.29,1.181
2005-03-21,16.24,35.184,88.87,0.974
2005-03-22,17.634,86.038,87.7,0.975
2005-03-23,18.266,72.18,88.96,0.918
2005-03-24,17.665,35.098,85.72,0.894
2005-03-25,17.882,20.676,81.51,0.712
2005-03-26,18.256,2.226,80.43,0.403
2005-03-27,20.775,1.798,66.0,0.638
2005-03-28,17.908,34.607,86.49,1.246
2005-03-29,18.464,49.322,89.75,0.903
2005-03-30,19.645,18.953,82.76,1.14
2005-03-31,19.852,20.373,85.37,0.638
2005-04-01,19.087,20.959,82.09,1.423
2005-04-02,21.756,0.002,63.48,1.177
2005-04-03,22.025,0.185,62.46,1.028
2005-04-04,20.97,0.716,64.38,1.17
2005-04-05,22.155,0.007,62.91,0.522
2005-04-06,22.567,2.382,67.04,0.605
2005-04-07,19.306,19.516,86.28,1.083
2005-04-08,19.935,21.962,86.0,0.917
2005-04-09,20.189,52.837,89.08,0.996
2005-04-10,20.92,72.275,87.91,0.959
2005-04-11,20.33,56.409,87.71,1.154
2005-04-12,20.792,20.021,76.77,1.798
2005-04-13,22.899,0.002,62.69,0.702
2005-04-14,22.905,0.0,63.71,0.586
2005-04-15,23.767,0.152,65.91,0.905
2005-04-16,21.511,6.542,80.19,1.333
2005-04-17,20.403,40.245,87.85,1.376
2005-04-18,20.962,46.238,84.75,1.706
2005-04-19,21.418,9.898,79.18,1.504
2005-04-20,24.263,0.002,64.86,0.553
2005-04-21,24.73,0.037,61.81,0.69
2005-04-22,24.838,0.124,62.99,0.59
2005-04-23,24.91,0.066,67.89,0.606
2005-04-24,25.068,2.352,70.89,0.21
2005-04-25,24.3,3.209,78.07,0.665
2005-04-26,22.201,22.827,87.43,0.999
2005-04-27,21.131,37.217,85.9,1.19
2005-04-28,20.184,34.278,87.42,1.165
2005-04-29,20.696,17.284,86.82,1.041
2005-04-30,24.096,1.033,70.14,0.398
2005-05-01,24.193,0.761,72.76,0.209
2005-05-02,25.047,0.143,65.98,0.467
2005-05-03,24.861,0.213,66.36,0.442
2005-05-04,23.959,7.363,73.75,0.263
2005-05-05,23.083,5.943,79.77,0.072
2005-05-06,23.669,2.66,79.15,0.176
2005-05-07,24.329,0.073,68.92,0.348
2005-05-08,25.248,0.02,64.61,0.317
2005-05-09,25.463,0.476,67.75,0.444
2005-05-10,22.712,24.785,83.61,0.793
2005-05-11,24.029,5.661,71.97,1.239
2005-05-12,23.113,2.921,72.16,1.834
2005-05-13,22.957,5.979,73.09,1.389
2005-05-14,22.889,14.708,75.13,1.287
2005-05-15,21.16,47.39,85.35,1.117
2005-05-16,24.344,1.812,71.41,0.281
2005-05-17,22.641,16.908,81.3,1.196
2005-05-18,23.657,11.786,70.43,0.622
2005-05-19,22.564,38.153,81.05,0.874
2005-05-20,22.825,44.309,81.71,1.057
2005-05-21,22.473,9.777,80.8,1.217
2005-05-22,25.112,0.167,71.36,0.246
2005-05-23,26.607,0.753,69.16,0.399
2005-05-24,25.596,6.317,79.98,0.409
2005-05-25,24.537,22.304,87.54,0.295
2005-05-26,24.154,10.447,90.37,0.537
2005-05-27,24.529,27.69,87.74,0.75
2005-05-28,23.706,75.223,89.79,0.846
2005-05-29,25.081,5.337,85.76,0.337
2005-05-30,26.775,3.802,80.82,0.217
2005-05-31,25.989,31.889,86.77,0.471
2005-06-01,25.305,85.544,86.64,1.184
2005-06-02,26.753,6.162,73.04,1.446
2005-06-03,27.765,0.092,66.3,0.61
2005-06-04,28.143,0.083,64.54,0.494
2005-06-05,28.68,0.488,65.47,0.306
2005-06-06,28.351,1.096,70.01,0.2
2005-06-07,27.614,2.041,77.29,0.291
2005-06-08,28.005,3.914,74.24,0.254
2005-06-09,28.589,0.366,70.91,0.253
2005-06-10,29.118,0.84,71.84,0.28
2005-06-11,28.807,3.502,74.51,0.166
2005-06-12,27.782,2.153,79.29,0.041
2005-06-13,29.066,1.534,74.71,0.265
2005-06-14,28.63,4.877,78.61,0.076
2005-06-15,28.013,2.997,79.85,0.143
2005-06-16,30.115,1.193,71.33,0.075
2005-06-17,28.445,29.027,81.28,0.356
2005-06-18,26.483,11.949,87.51,0.433
2005-06-19,28.12,8.107,79.69,0.159
2005-06-20,27.252,5.782,78.52,0.554
2005-06-21,27.453,5.011,76.27,0.269
2005-06-22,25.472,27.75,85.82,0.877
2005-06-23,26.747,6.523,79.98,0.392
2005-06-24,25.652,33.543,87.95,0.678
2005-06-25,25.523,5.037,88.46,0.234
2005-06-26,28.546,0.402,73.47,0.462
2005-06-27,28.819,1.332,74.83,0.55
2005-06-28,28.758,8.702,75.53,0.577
2005-06-29,27.388,7.81,82.68,0.393
2005-06-30,27.685,6.584,81.11,0.524
2005-07-01,28.441,4.519,77.83,0.26
2005-07-02,27.405,9.329,85.1,0.328
2005-07-03,28.326,5.696,79.21,0.311
2005-07-04,28.627,2.274,75.47,0.856
2005-07-05,29.629,1.393,71.84,0.604
2005-07-06,28.87,6.313,77.49,0.247
2005-07-07,27.801,3.413,82.57,0.236
2005-07-08,27.397,12.959,85.05,0.381
2005-07-09,25.65,26.795,90.73,1.011
2005-07-10,24.833,43.944,93.15,1.025
2005-07-11,24.406,50.579,92.07,0.875
2005-07-12,24.403,45.292,88.75,0.695
2005-07-13,24.571,39.812,87.64,0.68
2005-07-14,25.713,17.106,85.51,0.425
2005-07-15,25.045,22.507,89.03,0.779
2005-07-16,24.678,23.863,90.54,0.959
2005-07-17,24.716,22.62,89.17,1.132
2005-07-18,24.591,15.945,89.44,1.338
2005-07-19,25.438,14.635,86.59,0.823
2005-07-20,25.484,7.708,88.36,0.814
2005-07-21,27.226,4.494,81.88,0.015
2005-07-22,27.89,6.412,84.93,0.079
2005-07-23,28.999,2.041,79.98,0.132
2005-07-24,29.038,2.018,79.2,0.234
2005-07-25,29.563,0.685,74.19,0.79
2005-07-26,29.379,0.477,71.22,0.915
2005-07-27,29.339,0.313,71.88,0.648
2005-07-28,29.285,0.226,73.11,0.817
2005-07-29,29.566,0.116,71.58,1.093
2005-07-30,30.239,0.179,69.36,0.836
2005-07-31,29.626,4.241,76.56,0.388
2005-08-01,28.923,5.575,81.91,0.425
2005-08-02,28.278,8.925,80.56,0.805
2005-08-03,29.52,1.752,71.29,1.014
2005-08-04,27.218,5.054,81.66,0.679
2005-08-05,26.199,17.658,86.93,0.713
2005-08-06,25.831,13.062,87.71,0.606
2005-08-07,26.621,10.085,83.47,0.452
2005-08-08,28.581,0.926,76.0,0.575
2005-08-09,28.66,1.569,78.58,0.495
2005-08-10,27.015,18.865,87.61,0.236
2005-08-11,27.341,6.373,84.66,0.376
2005-08-12,29.18,0.775,77.39,0.307
2005-08-13,29.696,2.49,78.33,0.473
2005-08-14,28.445,7.595,78.59,0.947
2005-08-15,28.648,1.515,72.56,0.579
2005-08-16,26.656,6.744,86.51,0.282
2005-08-17,27.753,3.906,80.0,0.092
2005-08-18,28.464,3.998,79.52,0.251
2005-08-19,27.152,18.158,83.72,0.12
2005-08-20,25.599,24.515,89.79,0.877
2005-08-21,25.926,23.19,87.11,0.784
2005-08-22,26.088,30.5,87.54,0.644
2005-08-23,24.964,45.34,91.99,0.779
2005-08-24,24.787,37.502,89.83,0.791
2005-08-25,25.269,15.674,88.66,0.626
2005-08-26,25.11,14.106,88.82,0.732
2005-08-27,26.084,16.181,84.29,0.339
2005-08-28,25.532,19.609,85.94,0.498
2005-08-29,26.099,6.355,84.44,0.303
2005-08-30,26.969,2.047,83.41,0.068
2005-08-31,28.476,0.234,75.8,0.246
2005-09-01,30.071,0.081,71.38,0.165
2005-09-02,30.213,0.847,73.47,0.346
2005-09-03,28.574,4.481,79.7,0.269
2005-09-04,26.993,14.412,85.56,0.08
2005-09-05,27.933,1.843,75.92,0.274
2005-09-06,27.57,0.264,78.18,0.252
2005-09-07,28.29,0.508,75.79,0.32
2005-09-08,28.327,0.337,75.18,0.576
2005-09-09,28.811,0.009,69.24,0.883
2005-09-10,28.576,0.011,68.11,0.881
2005-09-11,28.156,0.08,69.15,0.972
2005-09-12,28.476,0.001,63.69,1.198
2005-09-13,28.498,0.001,62.63,0.979
2005-09-14,28.81,0.0,61.68,0.613
2005-09-15,28.882,0.006,60.6,0.786
2005-09-16,29.352,0.136,64.71,0.95
2005-09-17,28.753,0.074,67.15,0.692
2005-09-18,29.863,0.003,62.78,0.72
2005-09-19,30.776,0.065,64.69,0.209
2005-09-20,28.06,11.096,77.53,0.793
2005-09-21,26.236,11.746,82.91,0.512
2005-09-22,24.741,13.773,89.91,0.655
2005-09-23,25.136,19.627,86.53,0.719
2005-09-24,24.773,19.363,89.01,0.539
2005-09-25,26.561,0.571,79.75,0.265
2005-09-26,26.978,0.749,78.23,0.341
2005-09-27,27.802,0.35,75.14,0.334
2005-09-28,28.363,3.425,74.87,0.218
2005-09-29,26.545,6.033,83.87,0.299
2005-09-30,25.352,6.425,87.22,0.219
2005-10-01,25.264,5.971,86.18,0.446
2005-10-02,24.444,9.691,89.06,0.424
2005-10-03,26.004,0.835,79.84,0.217
2005-10-04,26.699,0.911,77.4,0.211
2005-10-05,26.553,2.217,79.22,0.203
2005-10-06,25.992,1.853,80.62,0.229
2005-10-07,25.818,0.931,79.02,0.475
2005-10-08,25.583,1.309,75.79,0.624
2005-10-09,26.646,0.06,67.28,0.671
2005-10-10,26.083,0.141,69.58,0.666
2005-10-11,26.141,0.184,68.59,0.409
2005-10-12,25.746,0.193,71.5,0.392
2005-10-13,25.738,0.091,68.3,0.451
2005-10-14,25.593,0.105,68.15,0.501
2005-10-15,25.825,0.021,68.62,0.495
2005-10-16,25.993,0.205,69.51,0.338
2005-10-17,25.16,1.591,72.63,0.384
2005-10-18,25.839,0.571,69.56,0.203
2005-10-19,25.086,0.269,71.86,0.384
2005-10-20,26.134,4.567,72.28,0.34
2005-10-21,22.923,10.313,82.56,0.648
2005-10-22,22.722,13.271,81.44,0.798
2005-10-23,20.57,22.405,90.35,0.91
2005-10-24,21.594,2.549,79.88,0.555
2005-10-25,23.419,0.017,69.36,0.548
2005-10-26,22.53,0.415,72.78,1.068
2005-10-27,22.218,0.7,73.44,1.097
2005-10-28,22.593,0.001,67.53,0.847
2005-10-29,22.425,0.001,64.32,0.74
2005-10-30,22.355,0.895,66.88,0.621
2005-10-31,22.064,1.201,69.05,0.993
2005-11-01,22.138,0.608,73.07,0.598
2005-11-02,22.374,0.002,66.87,0.729
2005-11-03,21.8,0.001,70.0,0.531
2005-11-04,22.312,0.013,67.43,0.601
2005-11-05,22.216,0.052,70.43,0.681
2005-11-06,21.891,0.002,70.91,0.623
2005-11-07,21.861,0.003,66.25,0.722
2005-11-08,21.477,0.0,66.94,0.922
2005-11-09,21.641,0.011,64.95,0.751
2005-11-10,21.26,0.005,66.42,0.547
2005-11-11,20.688,-0.0,67.32,0.517
2005-11-12,19.895,0.012,70.27,0.534
2005-11-13,19.146,0.001,63.63,0.799
2005-11-14,19.656,0.0,65.61,0.685
2005-11-15,20.106,0.0,69.66,0.813
2005-11-16,20.951,0.277,66.58,0.775
2005-11-17,18.806,5.312,80.5,1.225
2005-11-18,17.944,4.91,85.7,1.165
2005-11-19,19.743,0.022,70.53,0.912
2005-11-20,19.394,0.002,68.62,1.035
2005-11-21,19.145,0.003,69.07,1.013
2005-11-22,20.01,0.374,65.63,0.777
2005-11-23,18.443,3.081,77.28,0.942
2005-11-24,18.424,0.613,72.76,0.878
2005-11-25,18.483,0.0,67.11,0.702
2005-11-26,18.76,0.002,68.12,0.743
2005-11-27,18.896,0.0,67.7,0.827
2005-11-28,18.572,0.002,66.54,0.829
2005-11-29,18.048,0.002,67.83,0.895
2005-11-30,17.569,0.001,67.69,0.953
2005-12-01,17.676,0.001,64.15,1.01
2005-12-02,18.235,0.001,64.7,0.983
2005-12-03,17.936,0.002,65.4,0.904
2005-12-04,19.125,0.058,62.05,0.853
2005-12-05,17.559,0.209,71.13,1.307
2005-12-06,17.642,0.001,64.27,0.839
2005-12-07,17.671,0.002,65.78,0.879
2005-12-08,17.445,0.003,60.77,1.033
2005-12-09,17.013,0.003,58.27,1.034
2005-12-10,17.026,0.0,60.63,1.024
2005-12-11,17.305,0.001,63.78,0.917
2005-12-12,16.86,0.001,63.94,0.953
2005-12-13,16.532,0.001,60.98,0.838
2005-12-14,16.317,0.001,60.27,1.032
2005-12-15,17.112,0.0,57.5,0.914
2005-12-16,17.072,0.001,62.27,0.888
2005-12-17,17.429,0.001,64.51,0.899
2005-12-18,18.003,0.001,62.64,0.858
2005-12-19,17.995,0.0,63.52,0.937
2005-12-20,17.972,0.0,59.29,0.875
2005-12-21,18.102,0.001,56.25,0.927
2005-12-22,19.184,0.166,58.95,0.717
2005-12-23,16.456,2.024,77.54,1.174
2005-12-24,17.173,0.074,69.06,1.112
2005-12-25,17.81,0.002,65.02,0.743
2005-12-26,17.342,2.292,76.22,0.32
2005-12-27,17.081,0.039,71.84,0.488
2005-12-28,16.701,0.037,66.04,0.588
2005-12-29,16.669,0.002,61.55,0.629
2005-12-30,16.256,0.001,56.48,0.755
2005-12-31,16.346,0.0,58.68,0.634
2006-01-01,17.323,0.001,60.04,0.522
2006-01-02,17.692,0.001,63.45,0.516
2006-01-03,17.644,0.002,68.86,0.484
2006-01-04,17.234,0.0,70.75,0.589
2006-01-05,17.608,0.0,64.65,0.744
2006-01-06,17.974,0.001,59.3,0.803
2006-01-07,18.108,0.001,56.48,0.774
2006-01-08,17.548,0.0,58.55,0.76
2006-01-09,17.931,0.001,59.18,0.742
2006-01-10,17.679,0.001,59.81,0.688
2006-01-11,17.652,0.001,62.11,0.549
2006-01-12,17.758,1.362,64.38,0.522
2006-01-13,15.003,4.634,79.64,0.956
2006-01-14,15.104,0.327,70.6,1.068
2006-01-15,16.217,0.001,60.52,0.608
2006-01-16,17.37,0.002,59.1,0.309
2006-01-17,17.436,0.526,66.08,0.29
2006-01-18,15.12,5.024,86.78,0.8
2006-01-19,17.266,0.554,74.97,0.567
2006-01-20,18.264,0.142,71.7,0.079
2006-01-21,17.112,6.205,79.79,0.521
2006-01-22,16.9,1.104,79.16,0.326
2006-01-23,17.7,0.009,67.44,0.438
2006-01-24,17.936,0.077,66.13,0.395
2006-01-25,17.474,0.11,62.95,0.581
2006-01-26,16.894,0.0,59.41,0.685
2006-01-27,16.811,0.001,59.86,0.626
2006-01-28,17.004,0.002,61.16,0.482
2006-01-29,17.081,0.003,63.12,0.526
2006-01-30,17.595,0.001,59.67,0.636
2006-01-31,17.861,0.001,59.27,0.692
2006-02-01,18.61,0.002,58.78,0.657
2006-02-02,19.198,0.001,61.59,0.634
2006-02-03,19.183,0.004,60.63,0.733
2006-02-04,18.751,2.655,66.46,0.728
2006-02-05,18.403,0.017,70.26,0.36
2006-02-06,18.427,0.001,64.57,0.508
2006-02-07,18.604,0.001,62.22,0.686
2006-02-08,19.138,0.0,55.34,0.857
2006-02-09,19.677,0.002,48.8,0.811
2006-02-10,19.645,0.018,53.26,0.735
2006-02-11,20.019,0.003,54.15,0.355
2006-02-12,19.677,0.03,57.53,0.506
2006-02-13,19.741,0.001,53.42,0.722
2006-02-14,19.465,0.483,57.11,0.26
2006-02-15,15.997,51.595,85.4,0.953
2006-02-16,16.096,93.405,89.98,0.929
2006-02-17,16.585,7.204,83.5,0.887
2006-02-18,19.371,0.085,71.72,0.631
2006-02-19,19.403,0.048,74.05,0.837
2006-02-20,20.409,1.848,72.82,0.999
2006-02-21,18.091,19.594,88.65,0.876
2006-02-22,19.405,16.613,83.4,0.806
2006-02-23,18.862,19.142,85.91,1.115
2006-02-24,18.086,14.821,88.09,0.753
2006-02-25,19.795,4.851,83.19,1.16
2006-02-26,18.681,18.729,86.13,1.299
2006-02-27,18.069,45.676,88.91,1.225
2006-02-28,19.153,13.007,77.55,1.709
2006-03-01,18.873,1.405,73.38,1.633
2006-03-02,19.243,0.001,64.65,1.025
2006-03-03,19.535,0.002,63.11,0.979
2006-03-04,20.019,0.0,64.37,0.753
2006-03-05,19.111,0.596,65.44,1.379
2006-03-06,18.153,3.508,73.35,1.532
2006-03-07,19.61,0.379,65.05,0.815
2006-03-08,20.423,0.035,64.56,0.825
2006-03-09,21.362,0.0,66.01,0.731
2006-03-10,22.625,0.0,63.53,0.793
2006-03-11,21.089,6.941,75.96,1.387
2006-03-12,19.86,8.961,73.46,0.876
2006-03-13,18.687,9.276,77.32,1.234
2006-03-14,20.232,0.283,68.69,1.324
2006-03-15,19.66,2.1,72.32,1.226
2006-03-16,19.922,1.356,69.98,1.325
2006-03-17,20.123,0.965,71.33,1.023
2006-03-18,20.047,0.139,67.32,0.769
2006-03-19,20.532,0.005,61.72,0.754
2006-03-20,20.979,0.0,56.6,0.677
2006-03-21,22.023,0.464,55.73,0.91
2006-03-22,18.469,8.014,77.07,1.666
2006-03-23,18.594,7.165,78.94,1.594
2006-03-24,19.489,0.217,75.79,1.279
2006-03-25,20.114,0.893,75.4,1.4
2006-03-26,19.587,12.075,81.11,1.618
2006-03-27,20.698,14.828,80.0,1.768
2006-03-28,21.943,0.695,65.69,1.423
2006-03-29,22.175,0.038,60.79,1.16
2006-03-30,22.329,0.145,55.32,1.139
2006-03-31,22.629,0.001,55.6,0.626
2006-04-01,22.871,0.112,57.83,0.915
2006-04-02,20.38,4.593,73.59,2.018
2006-04-03,19.209,26.918,82.64,1.059
2006-04-04,18.369,60.698,84.94,1.426
2006-04-05,19.636,6.041,79.22,0.796
2006-04-06,20.024,4.422,79.97,1.061
2006-04-07,20.261,8.502,74.57,0.782
2006-04-08,22.213,1.05,70.98,0.352
2006-04-09,23.516,0.583,68.73,0.495
2006-04-10,21.221,18.916,83.96,0.933
2006-04-11,21.181,76.385,90.34,0.958
2006-04-12,21.558,49.079,88.28,1.138
2006-04-13,21.694,96.258,86.47,1.091
2006-04-14,21.503,68.918,89.36,0.927
2006-04-15,21.052,47.821,85.44,1.432
2006-04-16,20.902,68.387,85.25,1.43
2006-04-17,21.347,27.379,84.44,1.407
2006-04-18,19.875,14.123,87.35,0.96
2006-04-19,22.955,1.278,72.37,0.67
2006-04-20,23.255,0.698,69.56,0.476
2006-04-21,22.922,1.379,69.64,0.587
2006-04-22,23.714,0.229,66.74,0.444
2006-04-23,24.802,0.09,61.73,0.319
2006-04-24,24.721,0.636,64.96,0.628
2006-04-25,24.425,1.015,68.95,0.65
2006-04-26,23.858,1.748,69.31,1.169
2006-04-27,21.339,2.857,79.06,0.909
2006-04-28,24.227,0.003,65.6,0.506
2006-04-29,26.402,0.0,54.74,0.828
2006-04-30,26.655,0.201,60.64,0.389
2006-05-01,27.087,0.559,66.42,0.242
2006-05-02,26.308,2.365,73.35,0.319
2006-05-03,25.9,2.759,73.87,0.699
2006-05-04,23.878,18.055,80.25,1.022
2006-05-05,23.489,20.361,83.33,0.912
2006-05-06,22.958,11.845,80.91,1.153
2006-05-07,24.298,1.64,72.41,0.409
2006-05-08,26.018,0.038,66.8,0.453
2006-05-09,26.445,0.075,68.0,0.655
2006-05-10,28.133,5.706,63.07,0.352
2006-05-11,25.992,20.892,77.91,0.404
2006-05-12,24.777,34.481,85.01,0.349
2006-05-13,24.448,11.987,83.09,0.431
2006-05-14,22.845,8.284,80.69,0.602
2006-05-15,24.475,0.001,64.36,1.214
2006-05-16,25.708,0.001,64.22,0.623
2006-05-17,27.861,0.0,59.93,0.55
2006-05-18,27.987,0.091,62.79,0.313
2006-05-19,28.089,0.634,61.95,0.529
2006-05-20,27.256,1.178,63.55,0.783
2006-05-21,27.974,0.014,62.23,0.248
2006-05-22,28.776,0.017,58.61,0.406
2006-05-23,28.827,0.748,62.06,0.296
2006-05-24,29.453,0.076,59.73,0.504
2006-05-25,29.98,0.032,61.23,1.115
2006-05-26,28.552,5.743,68.81,1.175
2006-05-27,24.031,36.379,88.15,1.073
2006-05-28,24.545,13.627,84.54,0.618
2006-05-29,23.611,30.881,91.97,1.0
2006-05-30,24.051,60.715,92.15,0.821
2006-05-31,23.678,38.758,91.48,1.071
2006-06-01,24.863,22.43,85.05,0.832
2006-06-02,25.709,4.313,83.7,0.395
2006-06-03,27.106,1.485,78.18,0.184
2006-06-04,28.488,1.167,73.85,0.382
2006-06-05,27.935,4.449,79.33,0.46
2006-06-06,27.996,5.624,78.94,0.437
2006-06-07,27.826,8.091,80.16,0.253
2006-06-08,27.504,18.521,81.86,0.351
2006-06-09,25.662,25.641,88.03,0.788
2006-06-10,25.44,46.008,84.73,1.072
2006-06-11,23.927,45.772,90.11,1.148
2006-06-12,23.433,124.744,89.98,1.196
2006-06-13,23.962,23.937,88.49,0.994
2006-06-14,25.378,11.914,81.94,0.885
2006-06-15,25.015,14.793,82.59,1.05
2006-06-16,24.618,8.708,83.02,1.184
2006-06-17,27.438,0.954,74.01,0.125
2006-06-18,28.566,0.602,72.38,0.17
2006-06-19,29.102,2.603,73.0,0.287
2006-06-20,30.129,3.795,68.0,0.209
2006-06-21,26.471,7.758,83.16,0.604
2006-06-22,28.296,3.878,75.23,0.369
2006-06-23,26.863,15.369,84.13,0.34
2006-06-24,26.203,10.719,87.11,0.237
2006-06-25,26.439,26.244,87.48,0.314
2006-06-26,26.006,45.126,87.71,0.377
2006-06-27,25.839,21.389,88.89,0.197
2006-06-28,26.449,7.209,86.11,0.273
2006-06-29,27.701,1.628,80.14,0.194
2006-06-30,28.648,1.304,77.89,0.363
2006-07-01,29.334,0.514,73.6,1.329
2006-07-02,30.012,0.152,68.94,1.327
2006-07-03,29.502,10.314,73.45,0.874
2006-07-04,26.574,14.451,89.18,0.574
2006-07-05,25.888,24.638,91.19,0.8
2006-07-06,25.961,26.778,90.21,1.01
2006-07-07,25.718,57.133,92.24,0.765
2006-07-08,25.913,44.076,91.48,0.658
2006-07-09,28.107,7.593,81.82,0.233
2006-07-10,28.388,6.188,82.79,0.128
2006-07-11,27.583,7.786,86.16,0.467
2006-07-12,27.276,13.42,86.77,0.373
2006-07-13,26.62,13.715,88.14,0.447
2006-07-14,27.149,16.16,86.3,0.061
2006-07-15,26.86,7.492,88.22,0.475
2006-07-16,29.941,1.374,72.6,0.443
2006-07-17,28.382,9.227,83.11,0.36
2006-07-18,26.524,14.231,91.07,0.559
2006-07-19,26.475,19.181,90.48,0.449
2006-07-20,26.274,42.208,88.65,0.748
2006-07-21,26.896,17.991,86.46,0.322
2006-07-22,25.703,18.525,91.45,0.77
2006-07-23,26.05,21.399,88.77,0.553
2006-07-24,25.415,26.285,91.03,0.458
2006-07-25,25.414,14.524,91.04,0.066
2006-07-26,27.353,9.541,83.7,0.277
2006-07-27,28.696,2.155,76.52,0.392
2006-07-28,28.526,0.354,73.38,1.314
2006-07-29,29.415,0.008,68.2,1.149
2006-07-30,30.48,0.904,68.18,0.407
2006-07-31,29.669,0.413,75.65,0.266
2006-08-01,29.727,0.761,73.95,0.66
2006-08-02,30.276,0.556,68.14,0.886
2006-08-03,29.266,1.94,72.99,0.749
2006-08-04,27.003,15.392,84.55,0.602
2006-08-05,25.934,11.911,85.79,0.523
2006-08-06,25.332,10.69,88.06,0.481
2006-08-07,25.955,3.567,87.06,0.408
2006-08-08,27.795,1.835,81.22,0.323
2006-08-09,29.241,0.703,77.85,0.229
2006-08-10,30.969,0.005,68.27,0.735
2006-08-11,30.6,0.041,68.87,1.248
2006-08-12,30.872,1.035,66.01,0.764
2006-08-13,29.057,7.615,77.68,0.552
2006-08-14,27.845,0.614,79.78,0.457
2006-08-15,30.715,0.001,65.32,0.669
2006-08-16,30.973,0.032,65.63,0.738
2006-08-17,30.18,10.33,71.5,0.618
2006-08-18,26.749,7.616,87.66,0.502
2006-08-19,27.798,5.51,83.89,0.309
2006-08-20,29.681,3.181,76.72,0.346
2006-08-21,29.107,1.075,75.59,1.078
2006-08-22,28.107,7.107,76.72,0.305
2006-08-23,26.195,18.312,87.0,0.539
2006-08-24,25.452,24.786,88.73,0.798
2006-08-25,26.199,6.357,84.47,0.424
2006-08-26,26.81,10.042,83.62,0.256
2006-08-27,28.815,0.715,74.3,0.317
2006-08-28,29.593,0.308,69.83,1.186
2006-08-29,29.176,1.861,69.07,0.891
2006-08-30,27.097,9.888,83.31,0.436
2006-08-31,26.757,4.577,85.11,0.433
2006-09-01,28.233,2.681,79.39,0.278
2006-09-02,29.329,0.33,71.71,0.832
2006-09-03,29.566,0.69,69.47,0.548
2006-09-04,27.477,6.353,81.76,0.562
2006-09-05,26.124,15.545,87.33,0.529
2006-09-06,26.363,7.499,82.76,0.705
2006-09-07,24.567,24.688,89.79,1.029
2006-09-08,25.002,15.84,87.83,0.735
2006-09-09,26.496,8.186,81.03,0.681
2006-09-10,24.077,56.41,90.36,0.952
2006-09-11,24.58,19.972,87.58,0.712
2006-09-12,23.552,28.485,90.75,1.185
2006-09-13,24.981,5.423,82.79,1.021
2006-09-14,26.787,0.183,72.04,0.567
2006-09-15,27.647,0.145,72.41,0.41
2006-09-16,26.909,0.874,77.39,0.396
2006-09-17,27.256,0.857,76.38,0.393
2006-09-18,27.259,0.11,73.87,0.723
2006-09-19,28.245,0.0,67.88,1.029
2006-09-20,28.41,0.057,65.36,0.674
2006-09-21,26.333,1.761,77.66,0.482
2006-09-22,25.211,1.129,84.36,0.287
2006-09-23,26.58,0.455,75.93,0.488
2006-09-24,25.667,2.703,82.72,0.258
2006-09-25,27.004,0.366,76.07,0.242
2006-09-26,26.955,0.603,77.57,0.232
2006-09-27,27.839,0.027,72.91,0.358
2006-09-28,28.903,0.076,65.4,0.718
2006-09-29,28.927,0.156,68.22,0.446
2006-09-30,27.884,3.081,75.72,0.259
2006-10-01,27.022,4.004,79.7,0.036
2006-10-02,27.247,0.903,76.34,0.214
2006-10-03,26.582,0.115,77.94,0.318
2006-10-04,27.043,4.095,73.5,0.513
2006-10-05,26.418,1.926,73.4,0.425
2006-10-06,26.584,0.311,74.28,0.116
2006-10-07,26.647,0.447,72.42,0.276
2006-10-08,26.948,0.061,67.23,0.411
2006-10-09,27.295,0.033,66.03,0.498
2006-10-10,27.159,3.267,68.59,0.193
2006-10-11,25.704,2.082,72.77,0.599
2006-10-12,26.313,0.039,67.32,0.477
2006-10-13,26.51,0.601,65.64,0.575
2006-10-14,26.517,0.087,64.68,0.267
2006-10-15,26.505,0.131,63.37,0.215
2006-10-16,26.242,0.036,64.83,0.331
2006-10-17,25.741,0.042,64.64,0.493
2006-10-18,25.214,0.327,67.04,0.468
2006-10-19,25.243,0.001,62.25,0.425
2006-10-20,25.732,0.004,60.46,0.605
2006-10-21,24.468,0.514,69.54,0.297
2006-10-22,24.35,0.1,66.98,0.421
2006-10-23,24.62,0.004,58.34,0.509
2006-10-24,24.04,0.056,58.46,0.616
2006-10-25,23.993,0.001,56.58,0.74
2006-10-26,24.167,0.004,56.22,0.788
2006-10-27,23.951,0.001,57.0,0.717
2006-10-28,23.269,0.001,56.55,0.663
2006-10-29,22.642,0.002,55.73,0.577
2006-10-30,22.47,0.0,56.53,0.629
2006-10-31,22.668,0.003,59.04,0.598
2006-11-01,23.039,0.001,60.19,0.659
2006-11-02,23.728,0.0,59.08,0.638
2006-11-03,23.644,0.001,63.42,0.517
2006-11-04,24.13,0.117,64.6,0.601
2006-11-05,22.691,0.209,69.18,0.693
2006-11-06,23.059,0.017,67.97,0.485
2006-11-07,24.401,0.677,59.21,0.338
2006-11-08,23.104,0.187,64.62,0.608
2006-11-09,22.951,0.003,66.7,0.506
2006-11-10,24.373,0.791,63.41,0.348
2006-11-11,20.743,2.144,79.71,0.798
2006-11-12,22.211,0.059,65.73,0.556
2006-11-13,22.578,0.063,64.07,0.444
2006-11-14,22.353,0.041,62.8,0.615
2006-11-15,22.515,0.002,59.54,0.545
2006-11-16,21.761,0.042,59.4,0.703
2006-11-17,21.621,0.002,56.32,0.617
2006-11-18,21.027,0.015,55.25,0.685
2006-11-19,19.504,0.497,64.54,0.951
2006-11-20,18.402,1.191,71.66,0.429
2006-11-21,18.732,0.012,68.73,0.449
2006-11-22,19.461,2.26,67.81,0.336
2006-11-23,17.325,20.915,84.59,0.861
2006-11-24,16.306,24.036,85.46,1.278
2006-11-25,16.245,16.609,84.66,1.073
2006-11-26,16.158,1.152,75.07,1.288
2006-11-27,16.91,0.003,63.56,0.633
2006-11-28,16.221,0.001,66.22,0.957
2006-11-29,15.846,0.0,68.31,0.771
2006-11-30,16.742,0.005,69.91,0.605
2006-12-01,17.688,0.005,68.59,0.487
2006-12-02,17.213,0.007,73.02,0.47
2006-12-03,17.895,-0.0,72.78,0.581
2006-12-04,17.634,0.0,74.82,0.773
2006-12-05,17.501,0.003,73.31,0.845
2006-12-06,17.419,0.0,72.44,0.851
2006-12-07,17.971,0.017,70.44,0.89
2006-12-08,18.803,0.034,66.28,0.801
2006-12-09,18.731,0.072,68.83,0.799
2006-12-10,18.146,0.587,72.0,0.743
2006-12-11,17.766,1.605,70.23,0.944
2006-12-12,15.059,18.833,87.52,1.255
2006-12-13,16.448,0.263,72.56,0.773
2006-12-14,16.748,0.002,66.53,0.626
2006-12-15,16.946,0.001,69.51,0.736
2006-12-16,17.179,0.0,70.09,1.074
2006-12-17,18.594,0.002,63.75,0.796
2006-12-18,17.536,0.065,74.09,0.826
2006-12-19,17.527,0.006,71.68,0.898
2006-12-20,17.563,0.016,69.58,1.021
2006-12-21,17.863,0.084,67.76,0.993
2006-12-22,17.42,0.0,65.97,1.036
2006-12-23,17.857,0.002,62.54,0.546
2006-12-24,17.413,0.003,66.5,0.495
2006-12-25,17.394,0.002,69.82,0.447
2006-12-26,17.111,0.003,70.28,0.502
2006-12-27,15.669,2.199,77.88,0.893
2006-12-28,16.392,0.172,71.8,0.776
2006-12-29,16.24,0.089,71.4,0.611
2006-12-30,16.851,0.006,66.51,0.767
2006-12-31,17.128,0.009,61.29,0.606
2007-01-01,16.237,1.504,68.87,0.478
2007-01-02,15.99,1.141,79.06,0.243
2007-01-03,16.471,0.061,73.28,0.11
2007-01-04,15.501,0.007,74.96,0.469
2007-01-05,17.444,0.007,70.51,0.491
2007-01-06,18.113,0.003,68.35,0.721
2007-01-07,18.618,0.072,65.99,0.445
2007-01-08,17.407,0.019,66.52,0.705
2007-01-09,17.524,0.0,60.69,0.811
2007-01-10,18.282,0.372,61.55,0.304
2007-01-11,16.27,0.343,74.75,0.992
2007-01-12,16.38,0.953,69.08,1.02
2007-01-13,14.504,3.216,77.85,0.886
2007-01-14,14.252,0.537,69.54,0.914
2007-01-15,15.193,0.064,58.05,0.493
2007-01-16,14.718,0.211,60.13,0.631
2007-01-17,13.812,0.04,61.33,1.079
2007-01-18,14.242,0.001,56.72,0.736
2007-01-19,16.19,0.001,54.73,0.354
2007-01-20,16.112,0.086,61.45,0.183
2007-01-21,14.558,6.464,73.55,0.803
2007-01-22,13.691,1.222,79.02,0.643
2007-01-23,15.51,0.004,70.19,0.461
2007-01-24,16.326,0.001,66.77,0.675
2007-01-25,17.266,0.002,65.79,0.563
2007-01-26,17.465,0.01,66.18,0.625
2007-01-27,17.892,0.002,64.07,0.68
2007-01-28,18.462,0.129,61.42,0.778
2007-01-29,18.719,0.0,59.6,0.729
2007-01-30,19.844,0.148,57.35,0.604
2007-01-31,19.025,0.693,65.28,1.041
2007-02-01,18.266,0.315,68.55,0.874
2007-02-02,17.829,0.362,64.1,1.205
2007-02-03,17.754,0.123,64.18,0.969
2007-02-04,17.684,3.372,67.08,0.552
2007-02-05,16.009,3.623,77.01,0.96
2007-02-06,17.311,0.232,66.73,0.467
2007-02-07,16.056,2.475,72.07,1.179
2007-02-08,15.445,1.829,73.77,0.949
2007-02-09,17.553,0.067,62.73,0.463
2007-02-10,17.956,0.001,62.2,0.555
2007-02-11,19.278,0.004,61.38,0.498
2007-02-12,17.963,5.358,70.9,0.52
2007-02-13,16.483,4.861,78.75,0.939
2007-02-14,16.18,11.483,74.37,0.79
2007-02-15,14.724,20.155,81.54,0.501
2007-02-16,15.322,0.456,65.87,0.264
2007-02-17,15.504,0.096,64.22,0.304
2007-02-18,14.935,0.398,67.6,0.899
2007-02-19,17.017,0.0,58.11,0.244
2007-02-20,17.891,0.034,58.09,0.18
2007-02-21,18.359,0.004,61.95,0.309
2007-02-22,18.807,0.079,59.88,0.476
2007-02-23,19.156,0.008,60.49,0.634
2007-02-24,19.92,0.016,59.22,0.613
2007-02-25,20.418,0.047,58.21,0.735
2007-02-26,16.602,3.883,76.58,0.915
2007-02-27,16.482,1.986,71.13,0.838
2007-02-28,19.268,0.004,60.38,0.25
2007-03-01,20.606,0.594,55.7,0.334
2007-03-02,16.698,17.258,81.18,1.091
2007-03-03,17.231,3.826,75.05,0.427
2007-03-04,19.823,0.043,64.73,0.087
2007-03-05,19.424,1.028,68.35,0.369
2007-03-06,19.178,0.554,67.22,0.723
2007-03-07,19.025,0.454,65.03,0.88
2007-03-08,20.062,0.006,57.34,0.188
2007-03-09,19.707,0.008,58.62,0.623
2007-03-10,20.112,0.0,56.95,0.82
2007-03-11,20.722,0.009,56.19,0.869
2007-03-12,22.403,0.005,53.88,0.592
2007-03-13,22.797,0.002,54.33,0.551
2007-03-14,22.152,5.03,62.56,0.608
2007-03-15,18.461,17.337,76.91,1.07
2007-03-16,18.795,1.473,65.45,0.637
2007-03-17,19.783,0.005,54.31,0.241
2007-03-18,20.838,0.001,51.97,0.49
2007-03-19,22.221,0.0,49.98,0.546
2007-03-20,22.686,0.002,49.25,0.713
2007-03-21,23.957,0.032,48.45,0.709
2007-03-22,19.759,3.186,71.56,1.542
2007-03-23,22.415,1.029,65.71,0.522
2007-03-24,23.562,1.581,62.49,0.284
2007-03-25,20.79,12.839,79.81,1.204
2007-03-26,20.379,3.614,77.42,1.257
2007-03-27,23.333,0.005,54.23,0.67
2007-03-28,24.313,0.0,49.6,0.541
2007-03-29,25.945,0.001,52.91,0.403
2007-03-30,25.865,0.024,55.21,0.617
2007-03-31,26.884,0.023,53.86,0.492
2007-04-01,26.375,5.883,61.99,0.529
2007-04-02,21.579,49.356,87.36,1.326
2007-04-03,20.227,88.778,85.11,1.1
2007-04-04,20.709,16.166,81.23,0.908
2007-04-05,20.405,19.447,83.43,1.267
2007-04-06,19.488,32.848,85.82,1.161
2007-04-07,21.951,13.646,76.78,0.393
2007-04-08,19.171,91.143,87.89,1.368
2007-04-09,20.046,6.39,79.03,0.901
2007-04-10,17.974,67.118,87.83,1.553
2007-04-11,17.94,22.055,87.46,1.065
2007-04-12,20.004,2.833,74.69,0.49
2007-04-13,22.116,0.044,70.58,0.399
2007-04-14,23.916,0.004,68.73,0.276
2007-04-15,25.244,0.02,69.42,0.23
2007-04-16,25.018,3.825,73.5,0.386
2007-04-17,25.52,0.074,75.55,0.372
2007-04-18,25.632,2.061,75.58,0.451
2007-04-19,24.862,9.11,78.04,0.434
2007-04-20,23.434,38.426,82.05,0.793
2007-04-21,20.339,94.473,88.78,1.244
2007-04-22,21.147,81.342,90.76,0.791
2007-04-23,20.048,96.557,88.58,1.433
2007-04-24,19.321,33.494,88.92,1.404
2007-04-25,20.255,45.267,84.39,1.511
2007-04-26,20.958,43.204,84.89,1.191
2007-04-27,19.551,16.94,87.59,1.07
2007-04-28,22.758,0.009,73.35,0.363
2007-04-29,24.639,0.087,69.35,0.438
2007-04-30,25.922,0.031,68.26,0.379
2007-05-01,26.684,0.294,67.22,0.629
2007-05-02,27.366,0.103,66.07,0.51
2007-05-03,27.202,0.56,67.33,0.622
2007-05-04,27.24,0.022,66.04,0.719
2007-05-05,28.405,0.007,64.59,0.409
2007-05-06,28.961,0.076,62.15,0.467
2007-05-07,29.005,1.069,62.13,0.39
2007-05-08,28.812,0.545,63.8,0.327
2007-05-09,28.29,0.748,67.41,0.319
2007-05-10,27.622,1.87,69.39,0.556
2007-05-11,27.21,2.342,70.51,0.662
2007-05-12,27.022,0.667,70.86,0.775
2007-05-13,25.332,3.051,72.44,1.055
2007-05-14,24.208,13.012,79.71,0.327
2007-05-15,22.199,36.13,87.74,0.934
2007-05-16,24.146,4.986,79.35,0.525
2007-05-17,26.899,0.262,73.36,0.441
2007-05-18,28.25,0.45,68.8,0.423
2007-05-19,28.125,4.605,73.05,0.295
2007-05-20,27.879,1.82,73.91,0.483
2007-05-21,27.0,8.863,81.5,0.351
2007-05-22,26.144,37.685,85.39,0.253
2007-05-23,24.805,87.367,90.19,1.13
2007-05-24,24.636,27.806,86.34,1.221
2007-05-25,24.529,12.338,82.95,1.141
2007-05-26,25.962,5.429,77.4,0.693
2007-05-27,25.627,5.125,82.0,0.203
2007-05-28,25.985,13.991,82.42,0.239
2007-05-29,25.84,7.582,82.88,0.439
2007-05-30,27.557,1.295,73.44,0.413
2007-05-31,26.56,12.872,77.33,0.928
2007-06-01,23.903,48.093,86.89,1.189
2007-06-02,24.438,23.436,84.65,0.92
2007-06-03,24.514,21.189,84.0,0.834
2007-06-04,27.381,1.054,74.49,0.078
2007-06-05,27.429,2.379,75.97,0.256
2007-06-06,28.081,1.433,72.89,0.295
2007-06-07,26.678,19.303,82.16,0.309
2007-06-08,24.455,39.894,91.38,0.395
2007-06-09,24.743,9.472,86.86,0.65
2007-06-10,24.253,33.323,89.75,0.943
2007-06-11,24.691,4.729,85.47,0.721
2007-06-12,27.462,0.914,77.71,0.496
2007-06-13,27.949,14.339,75.82,0.168
2007-06-14,23.873,110.275,90.39,0.693
2007-06-15,25.189,19.344,82.01,0.892
2007-06-16,23.903,48.774,92.24,0.835
2007-06-17,24.317,27.791,91.64,1.444
2007-06-18,25.217,10.106,86.77,0.858
2007-06-19,26.839,3.623,79.45,0.554
2007-06-20,28.925,1.104,73.51,0.516
2007-06-21,28.086,1.441,75.09,1.014
2007-06-22,28.064,2.796,75.46,0.457
2007-06-23,26.807,24.039,79.67,0.914
2007-06-24,23.562,60.31,90.87,0.373
2007-06-25,26.886,0.228,77.14,0.389
2007-06-26,27.922,2.729,75.39,0.277
2007-06-27,28.705,4.617,75.89,0.229
2007-06-28,27.749,8.15,77.43,0.852
2007-06-29,27.866,9.736,80.08,0.336
2007-06-30,27.525,6.724,82.56,0.395
2007-07-01,27.311,10.918,84.72,0.298
2007-07-02,28.507,6.745,80.06,0.126
2007-07-03,28.94,1.05,76.28,1.002
2007-07-04,30.029,0.127,68.77,1.462
2007-07-05,30.491,0.812,67.57,0.982
2007-07-06,29.489,8.052,75.95,0.335
2007-07-07,26.893,13.964,86.65,0.604
2007-07-08,27.185,27.076,85.52,0.554
2007-07-09,25.953,41.191,90.79,0.833
2007-07-10,25.91,21.251,88.87,0.753
2007-07-11,26.486,19.408,85.68,0.679
2007-07-12,27.121,12.141,85.54,0.156
2007-07-13,28.68,6.828,79.92,0.21
2007-07-14,28.319,13.161,80.79,0.768
2007-07-15,28.642,7.314,77.95,1.209
2007-07-16,26.389,20.764,88.4,0.914
2007-07-17,26.047,19.912,90.0,1.142
2007-07-18,25.393,27.697,93.48,1.118
2007-07-19,24.999,29.021,92.65,1.118
2007-07-20,25.776,21.871,89.41,0.903
2007-07-21,26.053,16.947,86.56,0.688
2007-07-22,24.63,20.266,90.48,0.635
2007-07-23,24.361,25.538,91.6,0.562
2007-07-24,24.195,24.878,91.27,0.874
2007-07-25,23.824,30.93,93.16,0.82
2007-07-26,25.09,24.008,87.41,0.516
2007-07-27,23.389,58.496,92.53,1.039
2007-07-28,23.356,31.836,93.5,1.152
2007-07-29,23.921,30.395,90.26,1.052
2007-07-30,24.458,31.21,88.68,0.945
2007-07-31,23.809,87.413,92.72,0.952
2007-08-01,24.864,3.619,88.64,0.503
2007-08-02,26.426,3.549,83.74,0.382
2007-08-03,27.326,1.968,82.02,0.16
2007-08-04,28.55,0.963,78.59,0.394
2007-08-05,29.513,0.14,73.28,1.241
2007-08-06,30.32,0.28,68.37,1.133
2007-08-07,28.464,11.771,79.32,0.467
2007-08-08,26.679,4.363,89.03,0.551
2007-08-09,29.823,0.827,76.55,0.125
2007-08-10,30.663,3.849,77.43,0.179
2007-08-11,28.007,14.546,85.44,0.611
2007-08-12,26.322,9.676,87.7,0.944
2007-08-13,26.331,9.599,84.49,0.917
2007-08-14,26.253,40.796,85.77,0.672
2007-08-15,26.034,12.914,86.36,0.725
2007-08-16,26.468,11.76,86.74,0.288
2007-08-17,27.096,8.999,83.05,0.632
2007-08-18,28.224,1.253,73.15,0.709
2007-08-19,29.864,0.329,69.1,0.539
2007-08-20,27.785,8.364,83.01,0.104
2007-08-21,26.517,9.443,87.24,0.086
2007-08-22,26.256,9.489,87.6,0.213
2007-08-23,26.356,9.261,87.32,0.189
2007-08-24,27.163,3.043,85.6,0.138
2007-08-25,26.424,15.039,88.0,0.398
2007-08-26,25.994,14.667,90.49,0.303
2007-08-27,26.817,7.522,84.59,0.246
2007-08-28,26.51,16.325,86.29,0.211
2007-08-29,26.304,8.166,87.29,0.389
2007-08-30,26.892,10.162,84.86,0.24
2007-08-31,26.863,5.396,85.1,0.15
2007-09-01,27.078,6.506,85.2,0.272
2007-09-02,26.098,54.901,89.17,0.495
2007-09-03,24.317,124.868,93.52,0.799
2007-09-04,24.323,38.377,90.0,1.057
2007-09-05,24.253,7.533,86.56,0.881
2007-09-06,23.634,38.976,88.53,1.04
2007-09-07,23.546,56.251,90.49,1.153
2007-09-08,24.403,29.109,90.44,0.55
2007-09-09,24.779,19.47,91.21,0.567
2007-09-10,25.007,9.803,89.62,0.483
2007-09-11,26.673,4.504,82.76,0.164
2007-09-12,27.118,4.165,83.31,0.158
2007-09-13,27.578,7.809,82.61,0.131
2007-09-14,27.237,5.027,83.49,0.133
2007-09-15,26.181,19.033,87.24,0.166
2007-09-16,24.969,11.348,88.85,0.54
2007-09-17,27.593,0.269,77.39,0.245
2007-09-18,28.118,0.46,75.89,0.436
2007-09-19,27.746,0.043,73.06,0.8
2007-09-20,28.535,0.0,65.09,0.976
2007-09-21,28.148,0.001,61.7,1.151
2007-09-22,27.497,0.0,59.25,1.141
2007-09-23,26.693,0.0,64.84,1.005
2007-09-24,26.808,0.002,66.83,0.739
2007-09-25,27.924,0.03,67.93,0.171
2007-09-26,27.143,6.496,78.3,0.122
2007-09-27,26.684,5.851,79.8,0.026
2007-09-28,26.676,4.197,81.48,0.15
2007-09-29,27.118,4.32,79.85,0.237
2007-09-30,27.123,6.165,77.99,0.007
2007-10-01,26.823,5.499,79.69,0.262
2007-10-02,27.708,0.74,77.21,0.088
2007-10-03,28.468,2.268,76.6,0.171
2007-10-04,28.061,1.128,79.2,0.086
2007-10-05,28.345,0.294,77.67,0.194
2007-10-06,28.6,1.488,77.56,0.203
2007-10-07,29.409,0.028,69.56,1.056
2007-10-08,27.146,3.618,72.3,1.623
2007-10-09,25.896,3.428,76.84,0.86
2007-10-10,25.602,3.311,79.69,0.201
2007-10-11,23.912,13.993,85.55,0.37
2007-10-12,26.036,0.058,72.44,0.363
2007-10-13,26.216,0.224,73.81,0.54
2007-10-14,25.936,1.425,73.12,0.782
2007-10-15,25.292,4.684,76.48,0.643
2007-10-16,22.579,17.667,89.54,0.844
2007-10-17,22.48,23.092,84.23,0.924
2007-10-18,21.877,10.331,87.62,0.671
2007-10-19,23.209,12.391,77.57,0.389
2007-10-20,22.107,6.606,81.32,0.422
2007-10-21,22.9,0.692,78.52,0.179
2007-10-22,22.416,1.4,78.68,0.316
2007-10-23,22.211,0.055,69.0,0.784
2007-10-24,22.398,0.003,66.87,0.652
2007-10-25,22.319,0.0,69.68,0.775
2007-10-26,21.957,0.002,66.85,0.76
2007-10-27,21.801,0.003,67.92,0.652
2007-10-28,22.293,0.001,67.96,0.742
2007-10-29,22.475,0.0,71.36,0.926
2007-10-30,23.653,0.005,66.94,0.899
2007-10-31,22.926,0.0,70.06,0.743
2007-11-01,23.009,0.002,65.57,0.877
2007-11-02,23.084,0.129,69.79,0.663
2007-11-03,23.011,0.049,67.78,0.548
2007-11-04,23.062,0.014,68.62,0.558
2007-11-05,23.163,0.046,68.31,0.713
2007-11-06,23.055,0.064,64.81,0.894
2007-11-07,22.161,0.019,69.97,0.81
2007-11-08,22.546,0.114,67.82,0.679
2007-11-09,22.016,0.726,69.17,0.898
2007-11-10,22.047,0.715,70.61,0.685
2007-11-11,21.744,0.064,71.75,0.726
2007-11-12,21.306,0.001,67.8,0.62
2007-11-13,20.699,0.0,62.85,0.834
2007-11-14,22.001,0.0,57.81,0.925
2007-11-15,21.464,1.192,66.46,0.433
2007-11-16,18.952,3.836,86.1,0.613
2007-11-17,20.109,0.351,82.04,0.456
2007-11-18,21.355,0.018,76.89,0.449
2007-11-19,21.316,0.001,73.89,0.619
2007-11-20,20.877,0.011,68.98,0.707
2007-11-21,19.574,0.0,66.74,1.006
2007-11-22,19.635,0.003,62.78,0.909
2007-11-23,19.57,0.001,61.41,0.791
2007-11-24,19.373,0.001,60.93,0.89
2007-11-25,18.954,0.0,63.66,0.807
2007-11-26,18.744,0.001,62.97,0.778
2007-11-27,18.937,0.0,65.42,0.712
2007-11-28,18.59,0.001,66.77,0.737
2007-11-29,18.139,0.0,65.12,0.824
2007-11-30,19.139,0.412,65.38,0.63
2007-12-01,18.214,1.391,75.03,0.765
2007-12-02,18.431,0.013,72.61,0.609
2007-12-03,18.22,1.761,65.9,0.838
2007-12-04,16.926,1.148,72.25,0.526
2007-12-05,16.65,0.0,70.35,0.644
2007-12-06,16.911,0.001,65.74,0.784
2007-12-07,16.678,0.0,61.23,0.88
2007-12-08,16.951,0.0,59.23,0.842
2007-12-09,16.489,0.0,63.18,0.784
2007-12-10,16.182,0.001,63.97,0.893
2007-12-11,16.897,0.002,60.36,0.762
2007-12-12,16.497,0.0,62.43,0.733
2007-12-13,16.698,0.0,65.35,0.986
2007-12-14,16.843,0.001,64.66,0.965
2007-12-15,17.255,0.001,63.13,0.847
2007-12-16,17.335,0.0,61.02,0.662
2007-12-17,17.065,0.001,63.8,0.573
2007-12-18,16.787,0.001,63.38,0.721
2007-12-19,16.891,0.0,60.13,0.753
2007-12-20,16.851,0.001,61.23,0.734
2007-12-21,16.978,0.001,64.95,0.505
2007-12-22,16.655,0.003,70.63,0.272
2007-12-23,15.612,0.0,72.33,0.644
2007-12-24,16.649,0.0,67.02,0.631
2007-12-25,16.715,0.001,67.7,0.688
2007-12-26,17.56,0.006,68.82,0.577
2007-12-27,18.429,0.089,68.93,0.324
2007-12-28,17.535,0.039,71.82,0.492
2007-12-29,17.51,0.025,71.43,0.55
2007-12-30,17.651,0.021,70.71,0.62
2007-12-31,17.388,0.011,72.89,0.568
2008-01-01,18.341,0.003,65.45,0.662
2008-01-02,18.534,0.0,65.37,0.506
2008-01-03,18.387,0.002,69.99,0.402
2008-01-04,17.614,0.014,72.23,0.417
2008-01-05,17.532,0.003,60.75,0.538
2008-01-06,17.312,0.001,59.87,0.617
2008-01-07,18.217,0.001,53.79,0.55
2008-01-08,18.075,0.002,57.38,0.521
2008-01-09,17.501,0.001,63.23,0.521
2008-01-10,17.092,0.0,63.82,0.666
2008-01-11,16.838,3.664,69.76,0.94
2008-01-12,15.453,6.385,81.36,1.165
2008-01-13,17.467,0.034,66.08,0.368
2008-01-14,16.804,0.621,69.7,0.709
2008-01-15,18.284,0.019,63.12,0.48
2008-01-16,18.974,0.001,59.21,0.494
2008-01-17,18.574,0.013,62.86,0.677
2008-01-18,17.152,6.066,73.05,0.938
2008-01-19,16.01,43.835,86.67,1.216
2008-01-20,15.944,23.267,85.77,1.146
2008-01-21,14.81,14.469,87.51,0.867
2008-01-22,14.68,0.223,75.45,1.131
2008-01-23,16.003,0.492,66.79,0.916
2008-01-24,13.627,8.427,85.87,0.788
2008-01-25,14.867,4.087,79.26,0.903
2008-01-26,14.922,17.351,84.31,0.951
2008-01-27,14.038,18.417,86.17,0.713
2008-01-28,12.838,5.066,82.97,0.696
2008-01-29,12.084,8.285,79.46,1.289
2008-01-30,11.741,11.036,85.68,0.991
2008-01-31,12.227,3.787,81.49,0.956
2008-02-01,12.63,1.426,71.54,0.632
2008-02-02,13.315,0.009,65.78,0.492
2008-02-03,13.99,0.021,67.54,0.61
2008-02-04,13.473,0.9,74.38,1.203
2008-02-05,14.016,0.143,71.47,0.841
2008-02-06,15.157,0.012,69.13,1.061
2008-02-07,16.121,0.836,69.84,0.95
2008-02-08,15.177,15.493,84.91,1.057
2008-02-09,15.209,33.629,91.21,0.596
2008-02-10,15.358,4.1,82.75,1.02
2008-02-11,15.725,0.527,74.66,0.748
2008-02-12,15.759,0.36,70.96,0.518
2008-02-13,15.258,1.272,70.87,0.78
2008-02-14,16.141,0.059,66.23,0.198
2008-02-15,16.994,0.158,66.95,0.132
2008-02-16,17.392,0.29,69.87,0.212
2008-02-17,16.603,0.049,72.99,0.396
2008-02-18,15.63,5.319,79.0,1.054
2008-02-19,16.164,4.663,73.19,0.861
2008-02-20,16.931,0.189,64.97,0.627
2008-02-21,17.547,0.006,65.0,0.426
2008-02-22,18.079,0.008,65.46,0.49
2008-02-23,18.171,0.028,65.12,0.704
2008-02-24,19.054,0.302,60.44,0.5
2008-02-25,15.706,13.033,85.63,0.965
2008-02-26,16.267,6.659,77.29,1.466
2008-02-27,17.564,0.223,66.82,0.659
2008-02-28,17.354,0.076,66.3,0.285
2008-02-29,17.757,0.003,60.63,0.88
2008-03-01,19.118,0.002,57.38,0.788
2008-03-02,19.877,0.002,54.71,0.827
2008-03-03,20.433,0.222,57.87,0.709
2008-03-04,19.845,3.523,66.88,0.62
2008-03-05,17.953,2.444,73.11,0.72
2008-03-06,19.359,0.12,63.38,0.624
2008-03-07,20.388,0.064,64.59,0.711
2008-03-08,20.065,0.509,67.72,0.964
2008-03-09,21.895,0.005,57.95,0.461
2008-03-10,22.672,0.157,58.75,0.419
2008-03-11,23.733,0.245,60.56,0.277
2008-03-12,21.918,4.497,73.61,0.506
2008-03-13,21.715,7.996,74.84,0.887
2008-03-14,19.872,66.217,84.71,0.843
2008-03-15,19.02,37.863,81.66,1.301
2008-03-16,17.453,13.434,81.28,1.352
2008-03-17,20.284,0.118,67.97,0.626
2008-03-18,21.608,4.135,65.88,0.706
2008-03-19,18.004,36.211,85.59,1.497
2008-03-20,18.481,53.684,84.89,1.099
2008-03-21,17.491,19.958,85.28,1.272
2008-03-22,18.528,4.807,81.11,0.889
2008-03-23,20.646,1.948,69.54,1.006
2008-03-24,20.193,17.949,75.56,1.415
2008-03-25,19.822,13.184,78.43,0.532
2008-03-26,19.774,25.281,83.22,1.014
2008-03-27,19.261,32.905,86.92,1.051
2008-03-28,18.907,28.484,81.49,1.518
2008-03-29,18.956,49.66,85.63,1.34
2008-03-30,18.646,52.157,85.57,1.342
2008-03-31,19.686,6.596,79.02,1.316
2008-04-01,21.137,0.772,68.51,1.099
2008-04-02,20.667,3.57,69.33,0.996
2008-04-03,18.695,19.987,82.7,1.416
2008-04-04,19.746,4.771,79.74,1.153
2008-04-05,21.904,0.126,67.76,0.967
2008-04-06,23.836,0.002,59.26,0.57
2008-04-07,23.348,0.138,64.19,0.748
2008-04-08,23.628,0.036,67.97,0.397
2008-04-09,24.187,0.258,68.78,0.62
2008-04-10,25.193,0.043,64.11,0.478
2008-04-11,25.463,0.021,64.1,0.511
2008-04-12,23.809,7.007,71.56,1.381
2008-04-13,20.378,39.612,83.61,1.294
2008-04-14,19.795,71.216,87.35,1.057
2008-04-15,21.933,3.134,75.28,0.569
2008-04-16,23.893,0.34,73.35,0.524
2008-04-17,21.971,54.807,87.39,0.767
2008-04-18,20.859,95.837,88.62,1.169
2008-04-19,20.879,21.27,82.35,0.886
2008-04-20,23.031,0.768,74.8,0.893
2008-04-21,24.605,0.119,65.94,0.704
2008-04-22,24.806,0.22,67.83,1.041
2008-04-23,25.805,0.381,65.12,0.817
2008-04-24,24.529,5.264,71.74,1.402
2008-04-25,22.946,5.607,82.8,1.235
2008-04-26,21.111,36.387,86.32,1.559
2008-04-27,20.336,71.03,88.4,1.292
2008-04-28,20.317,88.798,85.9,1.473
2008-04-29,21.037,13.475,83.18,1.02
2008-04-30,25.605,1.08,66.43,0.48
2008-05-01,24.322,10.405,76.6,0.82
2008-05-02,22.308,35.201,85.72,1.178
2008-05-03,23.911,4.957,75.81,1.132
2008-05-04,26.521,0.053,69.52,0.183
2008-05-05,27.107,0.647,70.25,0.166
2008-05-06,25.453,4.905,81.01,0.362
2008-05-07,24.622,8.353,84.77,0.407
2008-05-08,25.015,8.0,79.93,0.493
2008-05-09,24.371,15.785,83.76,0.48
2008-05-10,26.805,0.279,73.55,0.128
2008-05-11,26.995,2.571,75.25,0.205
2008-05-12,27.523,0.309,68.93,0.406
2008-05-13,27.355,1.201,70.82,0.61
2008-05-14,27.499,1.484,72.51,0.426
2008-05-15,26.686,2.05,75.2,0.828
2008-05-16,27.9,0.684,68.77,0.731
2008-05-17,27.414,5.566,74.71,0.23
2008-05-18,25.692,32.135,84.02,0.287
2008-05-19,22.91,54.061,90.16,1.07
2008-05-20,23.784,11.279,80.08,0.927
2008-05-21,24.76,6.084,75.97,0.707
2008-05-22,23.443,24.435,86.97,0.606
2008-05-23,24.929,2.695,83.15,0.252
2008-05-24,25.833,3.95,81.2,0.158
2008-05-25,26.189,9.385,80.53,0.191
2008-05-26,26.768,4.471,77.67,0.041
2008-05-27,26.099,12.252,82.1,0.167
2008-05-28,26.075,9.312,82.31,0.214
2008-05-29,26.016,11.799,82.74,0.299
2008-05-30,27.148,5.456,75.24,0.496
2008-05-31,26.811,4.453,76.83,0.096
2008-06-01,25.223,13.472,80.11,0.849
2008-06-02,24.65,16.226,84.05,0.947
2008-06-03,26.132,1.872,75.3,0.12
2008-06-04,25.76,2.246,79.45,0.284
2008-06-05,26.506,9.595,78.18,0.386
2008-06-06,25.518,10.863,84.79,0.676
2008-06-07,27.186,2.399,75.31,0.657
2008-06-08,26.456,3.8,80.95,0.279
2008-06-09,26.541,8.222,84.46,0.282
2008-06-10,26.248,16.794,85.36,0.485
2008-06-11,25.126,22.438,89.85,0.488
2008-06-12,26.235,4.9,83.33,0.362
2008-06-13,25.091,27.536,88.32,0.996
2008-06-14,25.645,18.593,84.16,0.667
2008-06-15,26.259,13.15,81.83,1.133
2008-06-16,28.242,1.837,75.25,1.259
2008-06-17,27.429,17.747,79.94,0.528
2008-06-18,25.34,9.909,85.95,0.886
2008-06-19,25.217,7.912,84.73,0.738
2008-06-20,24.433,12.677,89.07,0.842
2008-06-21,24.812,14.812,89.33,0.995
2008-06-22,25.958,6.177,84.2,0.687
2008-06-23,26.369,4.885,81.54,0.782
2008-06-24,27.732,3.782,78.62,0.307
2008-06-25,28.407,16.937,79.36,0.142
2008-06-26,24.925,58.714,92.57,0.485
2008-06-27,27.027,7.266,82.98,0.02
2008-06-28,28.734,2.417,76.79,0.516
2008-06-29,28.071,17.486,78.79,0.42
2008-06-30,26.681,8.252,86.74,0.325
2008-07-01,26.061,31.279,89.2,0.69
2008-07-02,25.515,15.055,88.12,0.968
2008-07-03,25.212,30.731,87.99,0.909
2008-07-04,24.591,72.468,91.08,0.929
2008-07-05,26.476,5.075,83.78,0.258
2008-07-06,28.357,0.236,71.27,0.941
2008-07-07,29.232,0.055,67.72,1.112
2008-07-08,29.72,0.001,66.05,1.138
2008-07-09,30.164,3.318,66.62,0.733
2008-07-10,26.4,16.971,85.77,0.695
2008-07-11,25.172,33.681,91.95,0.943
2008-07-12,26.258,9.412,83.49,0.711
2008-07-13,27.583,9.671,79.16,0.378
2008-07-14,25.969,34.265,90.91,0.476
2008-07-15,25.149,13.517,92.6,0.874
2008-07-16,26.632,18.162,87.07,0.544
2008-07-17,26.119,55.626,89.5,0.488
2008-07-18,26.275,19.313,89.52,0.221
2008-07-19,25.963,30.231,90.86,0.394
2008-07-20,25.166,46.142,93.08,0.899
2008-07-21,24.287,43.838,94.99,1.17
2008-07-22,24.659,14.918,92.4,0.521
2008-07-23,25.39,10.341,89.23,0.545
2008-07-24,25.932,12.095,86.59,0.689
2008-07-25,26.253,13.514,85.0,0.702
2008-07-26,27.034,5.086,81.99,0.935
2008-07-27,29.528,0.821,69.62,0.889
2008-07-28,28.669,6.016,74.89,0.771
2008-07-29,26.158,13.932,88.37,0.539
2008-07-30,27.657,4.63,80.27,0.221
2008-07-31,27.771,4.204,83.81,0.097
2008-08-01,28.285,2.047,80.18,0.035
2008-08-02,27.784,6.58,84.45,0.193
2008-08-03,26.611,14.414,87.13,0.338
2008-08-04,25.65,16.173,89.26,0.326
2008-08-05,24.721,14.492,92.96,0.448
2008-08-06,25.647,10.595,89.0,0.048
2008-08-07,28.642,0.928,75.73,0.243
2008-08-08,29.892,0.57,76.74,0.33
2008-08-09,29.55,4.156,76.78,0.803
2008-08-10,27.974,19.172,80.33,0.212
2008-08-11,26.241,16.877,87.46,0.577
2008-08-12,26.754,16.737,82.89,0.333
2008-08-13,26.968,27.46,81.63,0.619
2008-08-14,26.136,25.442,87.08,0.542
2008-08-15,25.237,20.263,88.44,0.928
2008-08-16,25.091,21.732,90.09,0.911
2008-08-17,24.946,25.83,93.57,1.109
2008-08-18,25.446,9.206,89.62,0.697
2008-08-19,26.433,5.714,85.82,0.566
2008-08-20,28.182,3.657,79.6,0.232
2008-08-21,26.318,14.053,89.66,0.36
2008-08-22,26.964,2.743,86.81,0.208
2008-08-23,27.427,5.014,86.02,0.187
2008-08-24,25.824,21.896,91.12,0.578
2008-08-25,25.373,49.473,92.39,0.73
2008-08-26,24.115,48.357,94.19,1.145
2008-08-27,23.942,39.498,91.26,1.103
2008-08-28,23.778,48.097,91.21,0.952
2008-08-29,24.252,22.685,90.6,1.029
2008-08-30,24.917,11.004,87.59,0.9
2008-08-31,25.458,16.278,84.85,0.756
2008-09-01,26.579,8.674,77.38,0.369
2008-09-02,24.582,67.06,85.24,1.014
2008-09-03,24.023,55.97,88.24,0.649
2008-09-04,23.703,44.389,89.24,0.663
2008-09-05,24.794,39.356,83.45,0.623
2008-09-06,25.262,18.273,84.03,0.472
2008-09-07,27.42,2.241,77.91,0.27
2008-09-08,27.39,2.7,77.99,0.475
2008-09-09,27.458,0.692,75.18,0.306
2008-09-10,28.168,0.337,73.81,0.399
2008-09-11,27.861,4.619,78.69,0.044
2008-09-12,28.343,0.1,74.57,0.202
2008-09-13,28.896,0.76,71.13,0.321
2008-09-14,28.437,0.04,70.6,0.669
2008-09-15,28.832,0.065,67.15,1.077
2008-09-16,28.334,1.292,67.86,1.075
2008-09-17,26.959,1.749,77.84,0.276
2008-09-18,27.696,5.247,76.73,0.166
2008-09-19,27.205,7.445,79.6,0.099
2008-09-20,27.74,2.668,78.07,0.105
2008-09-21,25.396,10.374,88.68,0.125
2008-09-22,26.181,5.221,84.75,0.141
2008-09-23,26.473,3.928,85.54,0.074
2008-09-24,27.007,7.852,84.81,0.265
2008-09-25,26.361,5.144,84.24,0.095
2008-09-26,27.068,1.291,81.11,0.226
2008-09-27,27.872,0.481,75.91,0.869
2008-09-28,27.578,6.868,76.56,0.52
2008-09-29,25.415,9.041,87.07,0.127
2008-09-30,26.212,2.806,82.67,0.152
2008-10-01,27.742,7.63,78.42,0.251
2008-10-02,25.788,5.978,82.73,0.624
2008-10-03,25.223,5.254,81.56,0.367
2008-10-04,24.389,7.512,86.93,0.418
2008-10-05,25.005,2.902,82.03,0.203
2008-10-06,26.425,2.36,75.14,0.095
2008-10-07,23.676,11.427,83.42,0.522
2008-10-08,24.196,4.251,77.39,0.689
2008-10-09,24.59,4.615,79.66,0.361
2008-10-10,24.918,2.437,80.14,0.317
2008-10-11,25.696,0.374,76.65,0.407
2008-10-12,25.432,0.49,76.79,0.315
2008-10-13,25.649,0.607,72.73,0.335
2008-10-14,25.49,0.363,69.28,0.632
2008-10-15,25.469,0.003,65.58,0.559
2008-10-16,25.466,0.0,63.28,0.398
2008-10-17,24.788,0.0,61.74,0.51
2008-10-18,24.855,0.0,60.55,0.706
2008-10-19,24.748,0.003,61.9,0.729
2008-10-20,24.655,0.229,63.52,0.781
2008-10-21,25.105,0.191,60.28,0.465
2008-10-22,24.491,0.1,61.21,0.445
2008-10-23,23.986,0.002,56.96,0.741
2008-10-24,25.02,0.561,55.43,0.402
2008-10-25,23.435,0.043,68.03,0.584
2008-10-26,20.682,21.068,83.29,0.334
2008-10-27,20.72,43.589,88.74,1.215
2008-10-28,22.363,0.664,83.94,0.404
2008-10-29,22.448,0.074,78.15,0.382
2008-10-30,22.759,0.013,77.73,0.271
2008-10-31,23.249,0.06,78.17,0.12
2008-11-01,22.661,0.003,81.59,0.198
2008-11-02,22.829,0.016,82.66,0.164
2008-11-03,23.443,0.166,80.67,0.138
2008-11-04,21.547,1.38,84.31,0.343
2008-11-05,21.45,0.875,74.35,0.706
2008-11-06,20.103,0.004,78.02,0.408
2008-11-07,19.905,0.0,74.19,0.663
2008-11-08,20.764,0.001,71.43,0.585
2008-11-09,20.818,0.002,71.65,0.759
2008-11-10,20.906,0.002,70.63,0.874
2008-11-11,20.915,0.002,65.31,0.754
2008-11-12,20.32,0.002,72.48,0.623
2008-11-13,19.52,0.004,73.39,0.763
2008-11-14,20.0,0.001,70.91,0.772
2008-11-15,19.175,0.001,69.84,0.809
2008-11-16,18.397,0.003,64.29,0.889
2008-11-17,18.269,0.0,62.58,0.889
2008-11-18,19.311,0.001,63.98,0.837
2008-11-19,19.927,0.0,61.4,0.953
2008-11-20,20.632,0.013,64.76,0.85
2008-11-21,18.444,23.452,79.54,1.418
2008-11-22,17.065,2.599,79.93,1.019
2008-11-23,17.182,0.002,76.64,0.784
2008-11-24,17.753,0.0,70.09,0.971
2008-11-25,18.506,0.0,65.55,0.928
2008-11-26,18.378,0.001,69.32,0.918
2008-11-27,18.726,0.002,69.03,1.074
2008-11-28,18.985,0.001,64.48,0.965
2008-11-29,18.757,0.001,68.97,0.964
2008-11-30,19.016,0.003,69.73,0.936
2008-12-01,19.081,0.001,66.89,0.805
2008-12-02,18.271,0.001,71.29,0.747
2008-12-03,18.454,0.004,72.54,0.435
2008-12-04,18.655,0.001,73.68,0.522
2008-12-05,19.338,0.003,65.47,0.924
2008-12-06,19.703,0.045,68.31,0.641
2008-12-07,19.479,0.016,70.5,0.362
2008-12-08,17.899,0.02,74.31,0.789
2008-12-09,18.065,0.001,66.36,0.687
2008-12-10,17.574,0.0,68.19,0.634
2008-12-11,18.075,1.797,66.3,0.817
2008-12-12,16.629,3.993,85.3,0.834
2008-12-13,18.497,0.026,73.46,0.569
2008-12-14,18.118,0.005,74.25,0.545
2008-12-15,18.459,0.01,71.03,0.418
2008-12-16,17.916,0.002,70.25,0.641
2008-12-17,18.001,0.0,70.14,0.629
2008-12-18,17.55,0.001,71.67,0.683
2008-12-19,17.51,0.001,71.43,0.619
2008-12-20,17.665,0.002,71.79,0.64
2008-12-21,17.197,0.004,75.46,0.723
2008-12-22,17.926,0.313,72.73,0.794
2008-12-23,18.083,0.777,76.28,0.644
2008-12-24,18.384,0.086,71.25,0.666
2008-12-25,17.971,0.011,67.4,0.871
2008-12-26,17.73,0.417,64.09,0.808
2008-12-27,17.14,0.06,65.55,0.456
2008-12-28,16.254,0.035,66.97,0.568
2008-12-29,16.689,0.046,64.38,0.521
2008-12-30,16.195,0.057,65.32,0.676
2008-12-31,15.825,2.548,69.65,1.204
2009-01-01,15.033,2.369,74.44,1.517
2009-01-02,14.006,4.008,76.46,1.177
2009-01-03,15.256,0.001,61.98,0.847
2009-01-04,16.25,0.213,57.57,0.683
2009-01-05,15.701,1.533,65.71,0.741
2009-01-06,14.129,2.879,76.64,1.313
2009-01-07,15.522,0.038,60.93,0.938
2009-01-08,14.976,0.001,64.69,1.022
2009-01-09,15.666,0.001,62.42,0.929
2009-01-10,16.349,0.0,61.6,0.685
2009-01-11,16.532,0.001,62.87,0.636
2009-01-12,15.909,0.001,67.06,0.603
2009-01-13,17.341,0.0,63.97,0.68
2009-01-14,17.729,0.001,61.64,0.702
2009-01-15,17.634,0.0,62.15,0.723
2009-01-16,17.677,0.002,64.23,0.555
2009-01-17,17.189,0.002,69.96,0.48
2009-01-18,18.028,0.003,67.15,0.444
2009-01-19,17.868,0.007,66.22,0.441
2009-01-20,18.572,0.167,66.89,0.404
2009-01-21,18.552,0.004,70.72,0.476
2009-01-22,19.07,0.001,68.35,0.479
2009-01-23,18.312,0.003,73.49,0.512
2009-01-24,19.535,0.101,70.97,0.655
2009-01-25,20.192,1.614,73.57,0.289
2009-01-26,17.769,11.939,90.9,0.573
2009-01-27,17.844,12.457,87.68,0.852
2009-01-28,16.388,11.963,89.56,1.112
2009-01-29,18.267,0.009,73.18,0.389
2009-01-30,18.56,0.017,72.74,0.422
2009-01-31,18.519,5.345,74.01,0.636
2009-02-01,17.173,8.333,79.55,0.608
2009-02-02,17.126,0.002,69.71,0.7
2009-02-03,17.286,0.002,67.27,0.64
2009-02-04,18.198,0.012,63.28,0.431
2009-02-05,17.712,0.001,69.47,0.6
2009-02-06,17.865,0.001,68.85,0.749
2009-02-07,18.02,0.0,65.95,0.782
2009-02-08,17.94,0.005,65.9,0.746
2009-02-09,18.515,0.0,62.66,0.703
2009-02-10,18.896,0.0,64.03,0.667
2009-02-11,18.886,0.005,65.83,0.672
2009-02-12,19.235,0.972,66.24,0.615
2009-02-13,19.719,0.017,67.42,0.311
2009-02-14,20.038,0.003,70.04,0.185
2009-02-15,19.746,0.037,69.6,0.687
2009-02-16,19.9,0.0,64.59,0.808
2009-02-17,20.562,0.002,58.23,0.641
2009-02-18,20.9,0.291,52.76,0.841
2009-02-19,20.046,0.539,63.88,1.513
2009-02-20,21.566,0.023,52.59,0.757
2009-02-21,19.403,5.103,63.4,1.537
2009-02-22,18.41,5.197,66.86,1.826
2009-02-23,18.061,5.712,68.63,1.577
2009-02-24,15.48,37.734,84.83,1.432
2009-02-25,16.39,79.545,87.59,1.119
2009-02-26,16.807,55.743,87.04,1.231
2009-02-27,16.709,26.365,82.06,1.334
2009-02-28,16.191,31.899,82.89,1.094
2009-03-01,15.543,2.063,73.82,1.678
2009-03-02,18.204,0.002,58.08,0.896
2009-03-03,20.015,0.0,58.15,0.652
2009-03-04,19.961,0.106,64.83,0.802
2009-03-05,19.838,6.211,71.37,0.647
2009-03-06,19.012,3.752,78.01,0.887
2009-03-07,18.951,12.18,83.71,0.937
2009-03-08,19.166,3.531,81.22,1.215
2009-03-09,20.974,0.024,70.02,0.976
2009-03-10,21.347,0.658,68.44,1.478
2009-03-11,21.045,1.526,62.48,1.371
2009-03-12,18.756,0.635,63.95,1.56
2009-03-13,19.987,0.001,56.98,0.823
2009-03-14,21.18,0.001,56.02,1.005
2009-03-15,21.777,0.001,55.52,0.97
2009-03-16,21.986,0.001,56.02,0.898
2009-03-17,22.03,0.082,55.31,0.758
2009-03-18,22.909,0.024,53.72,0.668
2009-03-19,22.343,0.038,56.56,0.786
2009-03-20,21.156,0.409,62.03,1.244
2009-03-21,21.981,0.002,56.12,0.748
2009-03-22,22.28,0.062,63.78,0.884
2009-03-23,22.495,0.585,67.57,0.935
2009-03-24,22.971,1.042,64.05,0.861
2009-03-25,23.135,0.193,58.44,0.83
2009-03-26,23.113,5.623,59.53,0.746
2009-03-27,21.4,2.717,66.14,0.611
2009-03-28,22.454,0.294,60.74,0.115
2009-03-29,21.803,0.506,64.84,0.414
2009-03-30,19.613,35.828,78.56,1.075
2009-03-31,18.121,57.576,88.13,1.153
2009-04-01,17.297,8.963,84.68,1.199
2009-04-02,21.19,0.004,68.25,0.631
2009-04-03,22.928,8.339,66.74,0.377
2009-04-04,20.984,20.915,78.58,0.781
2009-04-05,20.429,11.309,82.63,0.846
2009-04-06,23.906,0.448,70.37,0.25
2009-04-07,21.413,28.885,84.72,0.612
2009-04-08,19.285,17.496,88.25,1.162
2009-04-09,22.461,10.529,76.43,0.778
2009-04-10,21.589,23.691,75.55,0.982
2009-04-11,20.604,5.998,72.79,0.762
2009-04-12,23.141,0.14,66.31,0.471
2009-04-13,24.635,0.019,62.52,0.407
2009-04-14,24.483,0.498,65.7,0.684
2009-04-15,25.9,0.056,62.59,0.323
2009-04-16,24.609,4.663,72.11,0.686
2009-04-17,23.133,18.88,83.19,1.11
2009-04-18,21.828,44.587,88.21,1.126
2009-04-19,22.388,3.769,81.73,0.753
2009-04-20,23.149,8.464,79.17,0.675
2009-04-21,23.164,9.89,76.79,0.756
2009-04-22,22.248,23.798,87.21,1.016
2009-04-23,22.545,17.429,89.16,1.101
2009-04-24,22.912,7.636,84.65,1.224
2009-04-25,25.354,0.007,69.83,0.759
2009-04-26,26.14,0.019,64.41,0.702
2009-04-27,26.581,0.369,61.27,0.826
2009-04-28,26.527,0.038,61.41,0.509
2009-04-29,26.926,0.11,63.13,0.714
2009-04-30,25.218,2.549,72.89,0.903
2009-05-01,22.415,15.016,85.96,1.06
2009-05-02,26.99,0.026,65.35,0.179
2009-05-03,27.713,5.261,67.49,0.175
2009-05-04,25.536,8.96,77.52,0.248
2009-05-05,26.094,6.6,74.99,0.438
2009-05-06,24.469,18.815,83.25,0.387
2009-05-07,23.792,7.497,85.16,0.8
2009-05-08,24.864,3.145,73.98,1.267
2009-05-09,25.371,2.631,68.12,1.305
2009-05-10,24.75,6.455,69.53,1.744
2009-05-11,23.971,8.574,73.89,1.063
2009-05-12,27.923,0.143,60.09,0.417
2009-05-13,26.903,1.31,63.59,0.372
2009-05-14,24.557,12.033,75.98,0.604
2009-05-15,26.004,0.601,67.65,0.394
2009-05-16,27.905,2.727,61.99,0.263
2009-05-17,25.55,6.958,76.52,0.324
2009-05-18,24.077,8.909,81.45,0.437
2009-05-19,25.564,0.403,74.31,0.261
2009-05-20,27.663,0.691,67.54,0.29
2009-05-21,28.184,4.118,70.45,0.16
2009-05-22,27.718,2.205,69.83,0.805
2009-05-23,29.455,0.248,60.63,0.608
2009-05-24,29.349,1.268,64.35,0.612
2009-05-25,25.659,12.93,82.5,1.377
2009-05-26,25.264,44.046,82.01,1.458
2009-05-27,24.398,20.108,87.77,0.543
2009-05-28,27.275,1.835,77.74,0.22
2009-05-29,27.851,2.394,75.59,0.088
2009-05-30,26.749,12.497,76.85,0.811
2009-05-31,25.111,34.923,83.95,0.437
2009-06-01,24.695,61.219,83.58,0.72
2009-06-02,25.741,3.339,80.78,0.317
2009-06-03,27.369,2.095,76.6,0.031
2009-06-04,28.34,3.387,74.46,0.143
2009-06-05,27.676,1.035,77.66,0.544
2009-06-06,28.563,0.867,71.42,0.918
2009-06-07,27.892,2.972,75.67,0.98
2009-06-08,26.28,16.155,86.32,0.576
2009-06-09,25.743,22.604,86.89,0.799
2009-06-10,26.548,9.974,75.99,0.348
2009-06-11,25.941,5.43,75.46,0.397
2009-06-12,25.786,9.297,79.36,0.289
2009-06-13,25.703,11.839,80.13,0.268
2009-06-14,25.703,10.818,83.95,0.297
2009-06-15,26.36,9.737,83.12,0.22
2009-06-16,26.978,2.247,81.6,0.137
2009-06-17,29.195,1.625,74.6,0.244
2009-06-18,28.45,10.68,79.96,0.183
2009-06-19,27.183,6.515,83.55,0.442
2009-06-20,27.396,13.913,83.27,0.239
2009-06-21,26.871,7.633,85.5,0.447
2009-06-22,27.909,7.67,81.0,0.319
2009-06-23,28.151,2.703,80.25,0.265
2009-06-24,29.603,1.895,72.91,0.429
2009-06-25,27.443,15.458,83.2,0.321
2009-06-26,25.577,21.388,92.63,0.787
2009-06-27,26.138,14.967,87.21,0.818
2009-06-28,25.262,19.929,91.32,1.168
2009-06-29,24.747,49.519,93.12,1.268
2009-06-30,24.596,35.755,92.56,1.153
2009-07-01,24.712,54.953,90.29,0.929
2009-07-02,24.771,15.737,90.77,0.961
2009-07-03,24.487,15.876,93.06,0.885
2009-07-04,24.755,13.624,92.05,0.95
2009-07-05,24.986,17.631,91.4,0.922
2009-07-06,25.799,9.353,89.44,0.614
2009-07-07,26.254,10.3,88.76,0.653
2009-07-08,26.765,18.669,85.33,0.609
2009-07-09,25.822,11.619,88.99,0.743
2009-07-10,25.43,15.992,89.79,1.1
2009-07-11,25.98,8.006,86.61,0.806
2009-07-12,28.174,0.81,79.88,0.553
2009-07-13,30.963,0.272,71.06,0.366
2009-07-14,30.303,11.387,75.27,0.317
2009-07-15,28.838,9.839,79.57,0.142
2009-07-16,26.888,20.328,87.02,0.389
2009-07-17,27.312,8.748,85.1,0.381
2009-07-18,28.629,2.15,79.38,0.033
2009-07-19,30.232,0.774,74.39,0.831
2009-07-20,30.085,0.876,73.76,0.896
2009-07-21,28.82,1.594,74.78,0.961
2009-07-22,28.253,3.686,79.82,0.268
2009-07-23,27.31,9.942,87.15,0.283
2009-07-24,26.781,15.885,88.92,0.521
2009-07-25,26.295,23.971,88.02,0.954
2009-07-26,24.991,30.151,92.08,0.859
2009-07-27,26.994,5.673,83.04,1.094
2009-07-28,25.957,27.98,87.35,0.879
2009-07-29,26.856,15.435,81.34,0.698
2009-07-30,25.601,30.546,90.84,0.781
2009-07-31,26.268,20.25,90.03,0.441
2009-08-01,28.1,2.874,82.27,0.283
2009-08-02,28.829,4.74,79.94,0.205
2009-08-03,27.731,22.652,86.71,0.21
2009-08-04,26.201,25.802,92.39,0.532
2009-08-05,26.965,24.343,87.71,0.22
2009-08-06,28.514,2.731,81.43,0.291
2009-08-07,29.413,5.365,81.43,0.191
2009-08-08,27.961,11.462,87.49,0.231
2009-08-09,26.685,11.658,89.65,0.341
2009-08-10,28.824,3.14,80.33,0.342
2009-08-11,26.887,35.955,89.67,0.329
2009-08-12,24.94,34.731,94.98,0.481
2009-08-13,25.946,9.52,89.16,0.161
2009-08-14,26.94,15.584,86.91,0.207
2009-08-15,25.722,16.846,91.38,0.398
2009-08-16,24.982,40.756,93.86,0.845
2009-08-17,24.955,45.736,92.0,1.103
2009-08-18,24.751,16.477,91.2,1.175
2009-08-19,25.443,13.348,88.51,0.775
2009-08-20,24.57,34.72,91.9,0.915
2009-08-21,24.915,15.497,90.23,0.651
2009-08-22,25.828,8.982,86.51,0.656
2009-08-23,25.691,9.003,85.01,0.882
2009-08-24,27.588,1.281,72.96,1.131
2009-08-25,28.082,0.007,69.86,1.211
2009-08-26,28.96,0.703,68.59,0.762
2009-08-27,27.234,6.87,80.38,0.517
2009-08-28,26.332,22.495,86.9,0.17
2009-08-29,26.395,4.424,86.56,0.191
2009-08-30,27.432,1.071,82.54,0.542
2009-08-31,29.095,0.768,75.33,0.425
2009-09-01,29.039,1.66,76.89,0.21
2009-09-02,27.933,0.807,78.81,0.507
2009-09-03,29.082,0.243,71.7,0.95
2009-09-04,28.969,1.523,73.54,0.666
2009-09-05,28.842,0.649,73.56,0.857
2009-09-06,29.227,0.756,71.76,0.9
2009-09-07,29.604,0.474,70.04,1.209
2009-09-08,29.795,0.285,67.77,1.254
2009-09-09,27.977,8.926,76.36,0.688
2009-09-10,25.776,5.887,86.68,0.403
2009-09-11,26.625,3.084,85.23,0.144
2009-09-12,27.27,4.159,85.19,0.139
2009-09-13,27.764,8.216,83.66,0.042
2009-09-14,27.194,6.782,84.57,0.446
2009-09-15,25.683,12.002,89.49,0.297
2009-09-16,26.543,12.775,87.19,0.25
2009-09-17,26.647,17.841,86.63,0.158
2009-09-18,25.045,15.037,91.26,0.482
2009-09-19,24.508,42.079,92.76,0.892
2009-09-20,24.914,27.947,89.42,0.61
2009-09-21,24.718,19.271,89.0,0.248
2009-09-22,25.478,11.772,83.12,0.432
2009-09-23,26.279,2.783,79.56,0.497
2009-09-24,27.174,4.793,77.8,0.336
2009-09-25,25.586,6.414,82.64,0.94
2009-09-26,27.542,0.48,74.66,0.652
2009-09-27,28.467,0.081,70.04,0.866
2009-09-28,28.868,0.06,67.9,0.79
2009-09-29,28.624,0.149,71.08,0.711
2009-09-30,28.055,0.184,72.82,0.752
2009-10-01,28.34,0.0,68.81,0.751
2009-10-02,28.775,0.044,66.96,0.842
2009-10-03,26.374,0.943,77.22,0.856
2009-10-04,26.834,0.648,74.56,1.05
2009-10-05,25.763,2.399,78.21,1.025
2009-10-06,26.504,2.029,77.28,0.89
2009-10-07,24.281,15.719,86.56,1.061
2009-10-08,23.74,35.321,88.25,1.393
2009-10-09,23.134,46.27,88.76,0.944
2009-10-10,24.761,1.587,80.85,0.347
2009-10-11,24.865,0.55,80.84,0.355
2009-10-12,25.083,0.118,78.71,0.43
2009-10-13,25.322,0.053,75.07,0.487
2009-10-14,25.563,0.001,69.09,0.575
2009-10-15,26.245,0.274,69.17,0.417
2009-10-16,25.339,4.834,77.93,0.258
2009-10-17,24.349,4.163,84.58,0.336
2009-10-18,23.823,11.145,84.71,0.354
2009-10-19,23.75,2.105,77.81,0.41
2009-10-20,23.353,0.394,81.69,0.129
2009-10-21,23.983,0.054,76.36,0.362
2009-10-22,24.272,0.016,71.09,0.568
2009-10-23,24.046,0.012,67.99,0.76
2009-10-24,24.01,0.005,68.54,0.483
2009-10-25,23.268,0.049,74.02,0.557
2009-10-26,23.235,0.002,71.37,0.692
2009-10-27,22.826,0.001,73.05,0.724
2009-10-28,22.837,0.001,69.82,0.854
2009-10-29,22.683,0.001,71.72,0.65
2009-10-30,22.889,0.006,70.6,0.659
2009-10-31,22.59,0.003,72.11,0.649
2009-11-01,23.017,0.0,71.51,0.811
2009-11-02,23.415,0.002,65.62,1.211
2009-11-03,22.593,0.24,70.45,1.141
2009-11-04,22.638,0.001,68.86,0.818
2009-11-05,22.958,0.0,69.71,0.708
2009-11-06,22.081,0.002,70.96,0.594
2009-11-07,21.829,0.316,70.25,0.732
2009-11-08,21.857,0.041,69.5,0.547
2009-11-09,21.611,0.245,71.15,0.578
2009-11-10,21.111,0.058,69.48,0.61
2009-11-11,20.909,0.03,69.64,0.716
2009-11-12,20.999,0.001,69.58,0.764
2009-11-13,21.304,0.003,69.66,0.566
2009-11-14,21.533,0.265,76.0,0.425
2009-11-15,19.769,21.503,88.27,0.946
2009-11-16,19.59,23.075,91.8,0.949
2009-11-17,18.864,27.487,91.74,0.958
2009-11-18,19.146,10.872,85.78,0.579
2009-11-19,19.041,2.875,78.5,1.019
2009-11-20,19.844,0.207,74.89,0.136
2009-11-21,19.311,0.097,78.01,0.273
2009-11-22,19.357,0.062,74.0,0.723
2009-11-23,18.979,0.002,71.13,0.778
2009-11-24,19.757,0.029,72.65,0.365
2009-11-25,20.034,0.236,77.02,0.281
2009-11-26,18.126,0.987,87.71,0.62
2009-11-27,18.186,0.243,79.88,0.697
2009-11-28,19.114,0.0,77.81,0.474
2009-11-29,19.742,0.006,78.15,0.454
2009-11-30,19.15,0.007,78.83,0.648
2009-12-01,18.887,0.018,78.02,0.689
2009-12-02,19.714,0.246,75.83,0.409
2009-12-03,19.374,0.265,76.78,0.681
2009-12-04,19.302,0.483,80.15,0.373
2009-12-05,18.542,2.271,84.41,0.525
2009-12-06,17.372,11.537,87.76,0.734
2009-12-07,16.899,6.851,87.23,0.789
2009-12-08,18.384,0.328,77.1,0.444
2009-12-09,18.339,0.026,78.2,0.303
2009-12-10,18.233,0.018,81.2,0.283
2009-12-11,17.693,0.11,85.36,0.475
2009-12-12,18.042,0.017,78.48,0.633
2009-12-13,19.016,1.134,72.97,0.558
2009-12-14,16.826,3.097,85.25,0.827
2009-12-15,18.166,0.492,77.9,0.437
2009-12-16,16.784,5.437,87.32,0.882
2009-12-17,16.438,6.678,85.07,0.949
2009-12-18,16.328,4.954,85.28,1.021
2009-12-19,15.688,5.874,84.05,0.961
2009-12-20,16.589,0.027,80.93,0.392
2009-12-21,16.692,0.084,78.06,0.68
2009-12-22,17.547,0.208,74.21,0.66
2009-12-23,15.776,1.219,79.91,1.264
2009-12-24,15.277,1.188,79.16,1.272
2009-12-25,15.118,0.318,76.77,0.436
2009-12-26,15.256,0.006,76.82,0.403
2009-12-27,15.227,0.008,78.4,0.547
2009-12-28,16.244,0.013,73.83,0.449
2009-12-29,16.194,0.065,75.75,0.308
2009-12-30,15.812,0.004,78.23,0.544
2009-12-31,14.613,4.929,82.33,0.847
2010-01-01,14.168,0.056,82.48,0.336
2010-01-02,15.497,0.002,80.38,0.361
2010-01-03,15.806,0.003,79.26,0.543
2010-01-04,16.319,0.024,79.43,0.514
2010-01-05,15.954,0.025,79.53,0.687
2010-01-06,16.326,0.0,72.69,0.918
2010-01-07,16.367,0.001,71.62,0.876
2010-01-08,16.524,0.0,73.67,0.814
2010-01-09,16.499,0.017,74.02,0.911
2010-01-10,16.031,0.001,70.09,0.782
2010-01-11,16.151,0.005,71.54,0.586
2010-01-12,15.755,0.024,76.03,0.714
2010-01-13,16.73,0.002,76.05,0.527
2010-01-14,16.543,1.248,79.09,0.971
2010-01-15,16.669,0.028,77.78,0.503
2010-01-16,16.629,0.005,79.79,0.607
2010-01-17,17.141,0.008,78.68,0.655
2010-01-18,18.176,0.002,75.0,0.518
2010-01-19,17.469,0.001,72.1,0.766
2010-01-20,17.371,0.001,64.97,0.844
2010-01-21,17.268,0.0,64.07,0.81
2010-01-22,17.032,0.001,63.69,0.877
2010-01-23,16.73,0.001,60.89,0.999
2010-01-24,17.204,0.001,59.58,0.929
2010-01-25,16.869,0.0,64.25,1.044
2010-01-26,16.769,0.644,64.38,1.164
2010-01-27,17.146,0.027,67.0,0.765
2010-01-28,17.445,0.001,64.18,0.748
2010-01-29,17.287,0.004,65.76,0.789
2010-01-30,17.591,0.112,64.17,0.937
2010-01-31,17.947,0.004,62.35,0.774
2010-02-01,17.053,0.057,66.64,0.963
2010-02-02,17.837,0.05,57.13,0.693
2010-02-03,15.993,0.538,68.15,1.165
2010-02-04,17.407,0.03,58.97,0.632
2010-02-05,17.05,0.091,59.75,0.576
2010-02-06,16.532,0.002,64.63,0.622
2010-02-07,17.777,0.002,64.47,0.664
2010-02-08,18.411,0.001,61.32,0.752
2010-02-09,19.541,0.085,58.19,0.664
2010-02-10,17.585,2.376,73.12,1.458
2010-02-11,17.582,0.401,73.28,1.464
2010-02-12,19.06,0.701,59.84,0.732
2010-02-13,16.492,7.515,79.8,1.124
2010-02-14,16.28,3.757,77.1,1.377
2010-02-15,16.937,0.317,68.25,1.318
2010-02-16,17.725,0.407,62.51,1.282
2010-02-17,17.214,5.98,71.82,1.153
2010-02-18,15.895,4.155,75.4,1.208
2010-02-19,17.944,0.001,59.14,0.661
2010-02-20,18.64,0.085,60.53,0.495
2010-02-21,18.919,0.0,62.95,0.427
2010-02-22,20.042,0.06,64.18,0.433
2010-02-23,19.725,3.002,67.39,0.869
2010-02-24,16.03,36.198,85.55,1.417
2010-02-25,16.374,17.8,81.32,1.544
2010-02-26,19.594,0.012,67.21,0.49
2010-02-27,19.047,1.478,74.05,0.762
2010-02-28,19.469,0.098,72.87,0.545
2010-03-01,20.804,12.868,69.17,0.687
2010-03-02,16.715,46.781,88.99,1.021
2010-03-03,18.193,5.85,81.59,0.957
2010-03-04,17.026,28.902,86.12,1.236
2010-03-05,17.975,49.109,87.98,1.189
2010-03-06,18.504,13.751,86.01,1.173
2010-03-07,18.722,9.299,78.27,1.617
2010-03-08,19.375,1.8,77.32,1.136
2010-03-09,19.938,0.779,76.26,1.559
2010-03-10,21.711,0.095,67.22,0.672
2010-03-11,22.712,0.007,62.87,0.525
2010-03-12,21.521,0.105,70.31,0.543
2010-03-13,20.463,1.223,73.22,1.245
2010-03-14,19.567,0.83,72.67,1.702
2010-03-15,19.061,4.813,74.08,1.92
2010-03-16,21.203,0.009,65.02,0.595
2010-03-17,22.561,0.001,61.66,0.69
2010-03-18,23.818,0.0,58.16,0.634
2010-03-19,23.638,0.0,58.47,0.522
2010-03-20,23.606,0.001,63.97,0.56
2010-03-21,24.642,0.098,62.51,0.662
2010-03-22,21.761,20.98,78.52,1.265
2010-03-23,19.823,39.271,89.55,1.197
2010-03-24,20.193,24.761,89.66,1.224
2010-03-25,20.728,23.319,88.86,1.167
2010-03-26,20.451,85.684,88.18,1.352
2010-03-27,19.989,82.115,85.88,1.223
2010-03-28,18.394,59.362,87.43,1.126
2010-03-29,19.765,1.781,78.36,0.88
2010-03-30,19.342,78.547,84.57,0.898
2010-03-31,17.998,110.198,89.98,1.015
2010-04-01,19.233,76.302,86.85,1.105
2010-04-02,19.523,54.962,87.92,1.136
2010-04-03,20.532,66.232,87.61,1.244
2010-04-04,20.962,31.304,82.65,0.679
2010-04-05,21.118,51.088,86.25,1.035
2010-04-06,20.493,85.073,88.39,1.275
2010-04-07,22.931,0.038,74.17,0.611
2010-04-08,25.081,0.748,71.28,0.382
2010-04-09,23.106,23.841,77.51,0.799
2010-04-10,20.868,69.068,87.79,0.863
2010-04-11,22.566,3.012,78.53,0.73
2010-04-12,22.26,10.963,86.14,0.439
2010-04-13,21.354,101.018,90.94,0.799
2010-04-14,20.359,50.982,91.21,0.693
2010-04-15,24.318,0.004,73.03,0.284
2010-04-16,25.441,0.383,74.63,0.354
2010-04-17,23.413,17.231,81.55,0.342
2010-04-18,23.336,2.353,80.51,0.708
2010-04-19,21.603,42.32,87.78,1.045
2010-04-20,21.897,17.887,84.36,0.746
2010-04-21,21.576,57.583,89.61,1.064
2010-04-22,20.897,129.617,90.08,0.775
2010-04-23,20.071,148.335,91.02,0.954
2010-04-24,20.608,156.674,90.85,0.815
2010-04-25,19.665,137.754,89.04,1.161
2010-04-26,20.665,16.132,77.38,0.524
2010-04-27,22.67,0.03,73.5,0.168
2010-04-28,23.635,0.073,72.9,0.286
2010-04-29,25.528,1.247,69.58,0.245
2010-04-30,23.913,2.511,80.12,0.34
2010-05-01,26.162,0.295,71.5,0.255
2010-05-02,26.082,3.999,74.75,0.133
2010-05-03,24.19,35.816,85.69,0.637
2010-05-04,22.942,25.667,85.87,1.047
2010-05-05,24.851,5.591,83.14,0.275
2010-05-06,25.384,3.631,81.43,0.172
2010-05-07,25.061,10.847,83.5,0.051
2010-05-08,24.072,23.205,87.13,0.356
2010-05-09,22.348,47.088,88.31,1.114
2010-05-10,22.344,31.787,85.23,1.004
2010-05-11,22.336,129.323,89.82,0.901
2010-05-12,20.971,190.566,87.44,1.496
2010-05-13,21.693,114.83,87.5,1.241
2010-05-14,21.625,139.33,87.55,1.203
2010-05-15,21.581,105.281,89.31,1.041
2010-05-16,21.301,40.087,86.78,1.309
2010-05-17,24.718,0.204,71.85,0.551
2010-05-18,26.384,9.057,74.04,0.573
2010-05-19,23.069,63.47,88.82,1.183
2010-05-20,22.688,125.059,89.37,1.077
2010-05-21,23.025,60.893,91.31,0.696
2010-05-22,24.182,16.795,84.49,0.527
2010-05-23,25.791,7.911,81.82,0.237
2010-05-24,25.833,17.855,84.57,0.072
2010-05-25,25.328,16.466,85.63,0.276
2010-05-26,26.641,3.825,76.47,0.098
2010-05-27,25.777,7.986,86.14,0.427
2010-05-28,26.179,5.246,82.56,0.366
2010-05-29,27.556,2.194,72.2,0.816
2010-05-30,26.047,4.591,76.52,0.481
2010-05-31,24.635,55.732,88.35,0.393
2010-06-01,23.154,77.973,86.98,0.862
2010-06-02,24.91,9.858,83.14,0.574
2010-06-03,24.36,11.629,87.34,0.6
2010-06-04,26.14,15.152,77.74,0.391
2010-06-05,23.783,94.329,89.25,1.047
2010-06-06,23.146,69.414,90.64,1.404
2010-06-07,23.316,42.394,87.44,1.156
2010-06-08,24.756,12.775,83.46,0.82
2010-06-09,23.823,28.339,88.31,0.837
2010-06-10,25.049,12.286,86.27,0.68
2010-06-11,27.448,3.113,76.96,0.451
2010-06-12,27.746,14.874,74.0,0.563
2010-06-13,25.366,20.663,88.12,0.498
2010-06-14,26.437,10.036,84.87,0.28
2010-06-15,27.551,6.602,80.39,0.389
2010-06-16,26.379,14.038,88.58,0.323
2010-06-17,27.675,8.573,83.09,0.106
2010-06-18,27.103,7.698,84.54,0.273
2010-06-19,26.488,20.67,87.71,0.36
2010-06-20,25.887,17.7,89.82,0.375
2010-06-21,25.118,22.625,91.2,0.668
2010-06-22,25.199,22.212,88.31,0.977
2010-06-23,25.816,16.248,87.56,0.92
2010-06-24,27.325,10.709,80.51,0.734
2010-06-25,26.606,15.267,85.48,0.447
2010-06-26,25.431,35.329,89.24,0.887
2010-06-27,24.54,29.303,90.81,1.146
2010-06-28,25.149,20.919,88.58,0.888
2010-06-29,25.54,30.55,88.08,0.377
2010-06-30,26.896,6.348,83.62,0.339
2010-07-01,27.642,7.265,82.11,0.116
2010-07-02,26.495,16.585,87.22,0.101
2010-07-03,28.206,5.698,81.0,0.21
2010-07-04,25.8,27.436,92.73,0.294
2010-07-05,26.346,18.748,89.39,0.351
2010-07-06,25.798,30.666,92.23,0.767
2010-07-07,25.605,28.811,92.33,0.993
2010-07-08,24.726,30.648,93.95,1.231
2010-07-09,24.208,22.735,92.43,1.124
2010-07-10,24.523,27.862,91.33,1.054
2010-07-11,25.716,18.552,86.25,1.148
2010-07-12,27.058,2.946,83.94,0.324
2010-07-13,27.11,7.447,86.76,0.235
2010-07-14,27.258,8.06,86.52,0.371
2010-07-15,26.695,15.996,88.82,0.219
2010-07-16,25.79,30.25,90.63,0.582
2010-07-17,25.875,68.694,91.28,0.875
2010-07-18,24.728,75.955,93.85,0.901
2010-07-19,26.072,6.052,87.31,0.269
2010-07-20,26.354,15.314,87.32,0.503
2010-07-21,25.252,17.178,92.11,0.726
2010-07-22,25.546,13.504,90.67,0.656
2010-07-23,25.693,9.423,90.92,0.694
2010-07-24,27.976,2.649,82.49,0.424
2010-07-25,28.11,13.863,79.96,0.702
2010-07-26,27.25,12.024,83.27,0.389
2010-07-27,29.245,7.225,78.0,0.248
2010-07-28,27.198,9.545,87.94,0.331
2010-07-29,26.304,9.773,89.88,0.554
2010-07-30,25.589,32.228,89.78,0.388
2010-07-31,26.693,15.858,86.88,0.608
2010-08-01,25.71,10.43,90.86,0.422
2010-08-02,28.424,2.207,78.55,0.148
2010-08-03,26.815,12.131,87.02,0.212
2010-08-04,26.792,3.507,81.7,0.836
2010-08-05,30.568,0.41,67.54,0.466
2010-08-06,28.351,17.418,82.6,0.637
2010-08-07,27.485,16.326,84.76,0.251
2010-08-08,26.91,6.413,86.39,0.439
2010-08-09,28.001,7.654,83.06,0.139
2010-08-10,29.685,1.804,75.97,0.199
2010-08-11,29.433,4.527,79.7,0.636
2010-08-12,27.928,11.114,86.63,0.266
2010-08-13,26.242,10.053,90.49,0.429
2010-08-14,26.944,14.053,88.02,0.446
2010-08-15,26.494,8.837,90.21,0.41
2010-08-16,25.953,16.403,93.19,0.676
2010-08-17,26.116,14.184,90.14,0.479
2010-08-18,26.884,11.16,87.12,0.161
2010-08-19,26.727,13.013,88.74,0.171
2010-08-20,25.376,28.464,93.01,0.467
2010-08-21,24.927,14.949,92.83,0.784
2010-08-22,25.409,17.732,89.61,0.828
2010-08-23,26.644,6.527,84.11,0.62
2010-08-24,27.974,1.359,76.04,0.727
2010-08-25,28.076,16.99,79.74,0.301
2010-08-26,26.035,32.228,90.38,0.566
2010-08-27,25.584,18.969,90.88,0.488
2010-08-28,27.145,1.528,83.35,0.228
2010-08-29,29.271,0.895,74.2,0.344
2010-08-30,28.806,5.828,74.85,0.369
2010-08-31,26.992,13.816,84.8,0.145
2010-09-01,25.685,14.368,91.6,0.439
2010-09-02,27.846,3.433,79.83,0.361
2010-09-03,28.221,11.389,78.47,0.328
2010-09-04,25.134,55.012,91.18,0.684
2010-09-05,25.235,22.11,86.2,0.965
2010-09-06,24.793,40.801,89.05,0.953
2010-09-07,26.045,14.291,83.95,0.768
2010-09-08,27.035,7.795,81.51,0.27
2010-09-09,25.461,24.202,88.75,0.451
2010-09-10,24.975,37.034,89.42,0.908
2010-09-11,26.398,11.061,82.96,0.558
2010-09-12,27.455,7.22,82.77,0.184
2010-09-13,26.441,18.878,87.27,0.204
2010-09-14,25.944,25.782,87.68,0.142
2010-09-15,25.822,12.8,88.62,0.125
2010-09-16,25.865,16.404,86.81,0.303
2010-09-17,26.65,2.358,79.52,0.644
2010-09-18,28.088,1.553,72.18,0.361
2010-09-19,25.271,12.68,86.6,0.489
2010-09-20,25.688,4.609,83.18,0.163
2010-09-21,26.275,2.514,85.68,0.327
2010-09-22,27.302,0.483,82.29,0.284
2010-09-23,27.204,10.436,82.85,0.01
2010-09-24,25.477,16.99,87.36,0.084
2010-09-25,25.009,18.935,88.28,0.297
2010-09-26,24.599,20.186,88.76,0.393
2010-09-27,24.95,39.522,88.92,0.498
2010-09-28,25.997,1.754,80.83,0.318
2010-09-29,25.818,0.348,81.76,0.264
2010-09-30,26.072,0.743,79.24,0.647
2010-10-01,26.68,0.61,77.89,0.366
2010-10-02,26.089,3.038,82.02,0.327
2010-10-03,26.929,0.272,74.03,0.592
2010-10-04,26.464,0.412,75.2,0.966
2010-10-05,26.557,1.401,73.19,0.888
2010-10-06,23.121,25.031,86.11,1.278
2010-10-07,24.603,2.528,79.14,0.633
2010-10-08,22.599,18.479,85.41,1.134
2010-10-09,21.714,24.452,88.74,0.74
2010-10-10,23.825,4.668,79.28,0.507
2010-10-11,24.922,0.004,74.53,0.25
2010-10-12,25.205,0.163,78.99,0.511
2010-10-13,25.241,1.536,79.55,0.672
2010-10-14,26.07,0.16,77.27,0.825
2010-10-15,25.38,9.057,81.29,1.281
2010-10-16,24.202,6.04,85.35,0.88
2010-10-17,24.436,7.099,81.75,0.605
2010-10-18,24.259,4.403,79.66,0.453
2010-10-19,25.195,0.054,73.51,1.003
2010-10-20,26.16,0.302,68.24,0.767
2010-10-21,24.525,2.45,75.81,1.107
2010-10-22,24.461,1.192,75.1,1.185
2010-10-23,24.649,1.566,75.71,0.914
2010-10-24,24.432,1.074,79.83,0.106
2010-10-25,23.714,0.505,82.3,0.375
2010-10-26,23.968,0.734,79.39,0.43
2010-10-27,24.14,1.243,77.85,0.229
2010-10-28,23.053,0.466,79.43,0.409
2010-10-29,23.106,0.059,77.13,0.414
2010-10-30,22.904,0.001,68.73,0.825
2010-10-31,22.96,0.002,69.69,0.8
2010-11-01,23.489,1.882,71.83,0.372
2010-11-02,20.132,3.597,84.37,1.129
2010-11-03,22.209,0.344,73.92,0.657
2010-11-04,22.073,0.003,71.91,0.702
2010-11-05,22.389,0.002,71.7,0.779
2010-11-06,22.799,0.059,69.58,0.69
2010-11-07,22.093,0.03,70.68,0.703
2010-11-08,21.328,0.009,72.29,0.757
2010-11-09,21.651,0.0,67.93,0.874
2010-11-10,21.726,0.002,64.82,0.803
2010-11-11,21.615,0.025,70.79,0.65
2010-11-12,20.165,0.595,75.62,1.188
2010-11-13,20.653,0.003,69.62,1.009
2010-11-14,19.853,0.196,76.24,1.182
2010-11-15,20.889,0.007,69.22,0.679
2010-11-16,20.953,0.095,69.79,0.677
2010-11-17,20.644,0.293,73.32,0.646
2010-11-18,21.837,0.003,71.02,0.369
2010-11-19,19.325,22.257,85.3,0.775
2010-11-20,18.048,71.696,91.99,0.763
2010-11-21,16.862,4.816,85.96,1.35
2010-11-22,19.042,0.0,73.39,0.454
2010-11-23,19.209,0.0,74.49,0.686
2010-11-24,19.119,0.004,78.03,0.669
2010-11-25,19.535,0.003,77.14,0.686
2010-11-26,20.23,0.027,77.04,0.591
2010-11-27,20.721,0.149,77.26,0.138
2010-11-28,20.117,2.37,82.39,0.375
2010-11-29,18.69,5.102,85.94,0.866
2010-11-30,18.211,2.147,81.57,0.746
2010-12-01,18.591,0.002,73.87,0.598
2010-12-02,18.286,0.001,71.43,0.808
2010-12-03,17.416,0.0,69.21,1.027
2010-12-04,17.027,0.001,67.79,0.977
2010-12-05,16.855,0.003,68.21,0.993
2010-12-06,17.022,0.001,72.23,0.909
2010-12-07,17.726,0.002,68.52,0.897
2010-12-08,18.908,0.001,69.53,0.688
2010-12-09,18.081,0.094,80.18,0.781
2010-12-10,18.929,0.19,74.61,0.865
2010-12-11,18.678,0.65,73.97,0.935
2010-12-12,16.794,2.385,82.98,0.173
2010-12-13,16.0,0.007,82.08,0.324
2010-12-14,16.715,0.336,79.8,0.47
2010-12-15,16.453,0.024,78.95,0.415
2010-12-16,16.509,0.0,74.03,0.75
2010-12-17,16.662,0.0,70.49,0.803
2010-12-18,16.964,0.002,67.64,0.792
2010-12-19,16.491,0.022,66.88,0.734
2010-12-20,16.106,0.001,69.66,0.52
2010-12-21,15.313,0.0,70.05,0.716
2010-12-22,14.976,0.002,70.94,0.753
2010-12-23,16.132,0.185,65.65,0.459
2010-12-24,14.975,0.105,70.99,0.819
2010-12-25,15.481,0.001,67.58,0.722
2010-12-26,15.619,0.001,69.8,0.737
2010-12-27,15.631,0.0,70.61,0.654
2010-12-28,15.314,0.001,71.62,0.802
2010-12-29,15.559,0.001,71.56,0.71
2010-12-30,15.969,0.003,72.89,0.831
2010-12-31,16.985,0.104,70.13,0.803
2011-01-01,15.501,22.206,83.33,1.032
2011-01-02,14.429,1.655,83.83,0.722
2011-01-03,15.35,0.001,74.39,0.594
2011-01-04,15.65,0.002,73.88,0.673
2011-01-05,15.728,0.002,72.66,0.901
2011-01-06,15.89,0.001,72.15,1.047
2011-01-07,16.236,0.002,67.93,1.058
2011-01-08,15.747,0.029,69.88,1.217
2011-01-09,15.552,1.676,67.32,1.277
2011-01-10,14.507,2.215,75.0,1.22
2011-01-11,15.643,0.01,67.72,0.445
2011-01-12,15.844,0.08,73.15,0.314
2011-01-13,15.779,0.633,75.59,0.349
2011-01-14,16.205,0.391,75.32,0.171
2011-01-15,14.993,4.649,81.31,0.772
2011-01-16,13.349,47.491,88.69,1.271
2011-01-17,11.762,3.408,82.67,1.166
2011-01-18,14.167,2.008,65.16,0.202
2011-01-19,11.049,7.112,88.28,0.896
2011-01-20,12.771,0.005,74.73,0.503
2011-01-21,14.966,0.069,67.92,0.39
2011-01-22,15.032,0.085,70.73,0.481
2011-01-23,15.396,0.736,74.2,0.455
2011-01-24,15.899,0.73,74.97,0.25
2011-01-25,15.374,0.766,77.65,0.871
2011-01-26,15.096,4.932,76.35,1.167
2011-01-27,14.218,8.918,83.95,1.135
2011-01-28,16.033,0.007,66.48,0.708
2011-01-29,15.21,0.05,71.91,1.061
2011-01-30,16.758,0.63,63.18,0.847
2011-01-31,13.787,6.798,83.16,1.26
2011-02-01,15.775,0.002,71.17,0.595
2011-02-02,16.814,0.001,70.67,0.464
2011-02-03,17.163,0.0,71.68,0.549
2011-02-04,16.894,0.002,74.2,0.602
2011-02-05,17.812,0.045,73.6,0.571
2011-02-06,16.95,0.036,76.2,0.554
2011-02-07,18.124,0.018,72.9,0.353
2011-02-08,17.813,5.697,74.7,0.62
2011-02-09,15.833,8.99,87.71,1.093
2011-02-10,16.712,0.108,73.85,0.776
2011-02-11,17.418,0.005,69.16,0.774
2011-02-12,18.181,0.007,68.39,0.595
2011-02-13,18.885,0.059,69.03,0.534
2011-02-14,18.981,0.631,74.17,0.573
2011-02-15,16.917,11.742,85.24,1.073
2011-02-16,16.811,26.995,89.55,1.099
2011-02-17,16.501,43.298,85.84,0.844
2011-02-18,15.183,9.606,86.33,0.811
2011-02-19,15.63,0.177,73.11,0.959
2011-02-20,16.37,0.011,65.77,0.818
2011-02-21,16.881,0.0,67.98,0.992
2011-02-22,18.088,0.061,65.28,0.442
2011-02-23,18.132,0.004,69.22,0.555
2011-02-24,18.016,0.003,70.88,0.842
2011-02-25,18.61,0.035,63.23,0.96
2011-02-26,18.355,0.757,67.22,1.469
2011-02-27,18.002,0.533,68.78,1.325
2011-02-28,18.956,0.038,61.44,0.835
2011-03-01,19.408,0.003,62.84,0.651
2011-03-02,20.691,0.002,61.39,0.791
2011-03-03,20.698,0.137,61.86,1.049
2011-03-04,20.152,4.091,68.76,1.223
2011-03-05,18.209,10.506,83.61,1.282
2011-03-06,17.984,4.083,81.63,1.137
2011-03-07,19.782,0.005,69.6,0.879
2011-03-08,20.862,1.51,68.39,0.997
2011-03-09,19.616,14.5,75.58,1.501
2011-03-10,19.062,13.795,81.27,1.444
2011-03-11,20.027,9.485,73.13,1.197
2011-03-12,17.769,17.638,82.1,1.248
2011-03-13,19.993,0.044,69.43,0.571
2011-03-14,19.253,0.192,66.54,1.371
2011-03-15,20.056,0.003,60.68,0.637
2011-03-16,20.857,0.0,49.67,0.993
2011-03-17,21.441,0.575,58.19,1.079
2011-03-18,17.209,46.006,86.04,1.315
2011-03-19,17.413,29.289,87.17,0.951
2011-03-20,18.1,78.427,92.29,1.046
2011-03-21,19.368,77.281,91.18,1.217
2011-03-22,19.782,15.724,82.7,1.186
2011-03-23,19.739,5.491,80.91,1.5
2011-03-24,19.773,19.182,79.9,1.641
2011-03-25,19.438,33.671,84.25,1.309
2011-03-26,18.453,9.66,79.14,0.792
2011-03-27,21.996,0.176,68.9,0.398
2011-03-28,22.115,3.217,72.54,0.524
2011-03-29,18.564,8.148,80.49,1.532
2011-03-30,21.111,1.273,69.69,0.89
2011-03-31,19.024,19.693,84.38,1.161
2011-04-01,18.933,8.112,85.27,1.155
2011-04-02,20.385,2.202,77.1,1.289
2011-04-03,20.144,3.242,79.76,1.329
2011-04-04,21.206,6.56,77.51,1.34
2011-04-05,19.819,10.094,81.47,1.18
2011-04-06,21.795,1.685,69.12,0.63
2011-04-07,19.717,4.422,76.95,1.688
2011-04-08,20.306,3.814,74.55,1.904
2011-04-09,20.967,1.978,74.89,1.705
2011-04-10,23.267,1.044,66.64,1.255
2011-04-11,23.418,0.229,65.65,0.763
2011-04-12,24.02,0.118,65.69,0.433
2011-04-13,24.512,2.498,65.77,0.439
2011-04-14,22.254,11.471,77.52,1.115
2011-04-15,22.147,2.315,75.25,0.875
2011-04-16,22.556,0.556,75.43,0.274
2011-04-17,23.75,0.265,75.47,0.396
2011-04-18,26.032,0.286,64.97,0.344
2011-04-19,22.532,30.275,83.45,0.757
2011-04-20,21.333,44.148,84.73,1.27
2011-04-21,22.053,23.323,80.74,1.143
2011-04-22,22.654,3.312,74.79,1.642
2011-04-23,23.331,0.817,69.6,1.012
2011-04-24,23.023,0.39,69.78,1.06
2011-04-25,23.518,0.26,71.27,0.387
2011-04-26,24.691,0.012,70.83,0.25
2011-04-27,25.571,1.343,73.89,0.078
2011-04-28,24.121,0.31,77.13,0.451
2011-04-29,25.159,0.269,70.48,0.531
2011-04-30,25.219,5.772,74.76,0.264
2011-05-01,24.24,15.169,78.5,0.599
2011-05-02,21.419,43.667,87.05,1.081
2011-05-03,20.834,25.59,89.32,0.477
2011-05-04,22.781,0.057,73.62,0.194
2011-05-05,24.932,0.032,66.37,0.304
2011-05-06,25.781,1.919,72.82,0.398
2011-05-07,25.564,3.189,77.14,0.243
2011-05-08,24.239,8.158,83.99,0.38
2011-05-09,25.563,4.573,77.05,0.284
2011-05-10,24.96,2.077,79.89,0.327
2011-05-11,25.901,4.061,77.16,0.127
2011-05-12,25.032,10.398,83.96,0.265
2011-05-13,25.261,3.011,79.36,0.336
2011-05-14,26.642,0.604,70.18,0.298
2011-05-15,26.167,3.605,74.42,0.567
2011-05-16,26.279,1.241,74.38,0.238
2011-05-17,28.614,0.032,67.24,0.339
2011-05-18,28.149,1.42,71.01,0.268
2011-05-19,25.894,14.44,80.97,0.477
2011-05-20,23.47,30.683,83.9,0.99
2011-05-21,23.641,5.609,84.41,0.455
2011-05-22,25.814,12.349,75.76,0.721
2011-05-23,23.853,54.546,88.46,0.941
2011-05-24,24.405,17.695,80.43,1.02
2011-05-25,26.734,0.095,70.71,0.231
2011-05-26,28.452,0.17,70.16,0.258
2011-05-27,28.812,2.026,72.37,0.294
2011-05-28,28.271,5.881,76.82,0.288
2011-05-29,28.364,3.271,70.67,0.862
2011-05-30,24.98,14.478,83.71,1.094
2011-05-31,24.618,10.416,82.25,0.892
2011-06-01,25.026,18.482,84.74,0.606
2011-06-02,26.252,11.94,81.08,0.371
2011-06-03,25.524,10.842,81.56,0.903
2011-06-04,26.192,4.875,76.76,1.077
2011-06-05,26.665,7.041,73.32,0.954
2011-06-06,25.854,6.643,78.63,0.832
2011-06-07,27.362,2.246,73.94,0.58
2011-06-08,27.11,1.987,76.45,0.501
2011-06-09,26.339,10.693,78.42,0.741
2011-06-10,25.282,6.686,82.53,0.559
2011-06-11,26.977,2.372,79.47,0.339
2011-06-12,26.675,7.966,83.42,0.545
2011-06-13,28.345,2.024,76.02,0.635
2011-06-14,28.07,2.807,77.33,0.852
2011-06-15,27.554,3.436,76.97,1.249
2011-06-16,27.348,7.523,78.09,1.277
2011-06-17,26.266,4.833,83.66,1.06
2011-06-18,28.966,7.621,72.83,0.508
2011-06-19,27.891,6.933,81.61,0.26
2011-06-20,28.338,12.023,79.15,0.278
2011-06-21,26.04,11.968,89.7,0.551
2011-06-22,26.124,15.799,88.78,0.274
2011-06-23,25.68,4.698,90.44,0.617
2011-06-24,28.715,0.319,78.31,0.11
2011-06-25,29.55,1.154,79.21,0.321
2011-06-26,28.904,11.589,75.19,0.44
2011-06-27,25.951,20.135,89.05,0.411
2011-06-28,26.953,18.336,83.14,0.257
2011-06-29,25.335,26.876,90.92,0.907
2011-06-30,25.75,14.784,87.72,0.692
2011-07-01,25.229,10.923,90.88,0.926
2011-07-02,25.224,13.442,90.25,0.884
2011-07-03,25.134,10.259,90.79,0.81
2011-07-04,25.889,6.879,87.72,0.579
2011-07-05,25.799,3.092,86.04,0.668
2011-07-06,25.401,15.711,88.26,1.043
2011-07-07,25.025,20.652,90.6,0.947
2011-07-08,25.399,19.855,89.46,0.901
2011-07-09,26.247,7.464,84.47,0.765
2011-07-10,26.996,2.691,82.16,0.343
2011-07-11,28.474,2.117,78.14,0.233
2011-07-12,28.94,13.098,77.26,0.29
2011-07-13,25.82,39.884,88.96,0.755
2011-07-14,25.0,59.411,89.38,0.775
2011-07-15,25.276,28.899,86.43,0.452
2011-07-16,25.73,7.711,83.75,0.682
2011-07-17,25.442,23.658,86.52,0.825
2011-07-18,24.308,95.957,91.01,1.12
2011-07-19,26.648,12.41,81.66,0.392
2011-07-20,28.699,1.175,73.1,0.843
2011-07-21,29.547,2.111,69.54,1.449
2011-07-22,25.981,26.801,86.8,0.597
2011-07-23,24.824,21.062,91.38,0.342
2011-07-24,28.252,3.319,78.57,0.122
2011-07-25,28.231,5.93,81.0,0.26
2011-07-26,27.225,17.196,85.14,0.375
2011-07-27,26.141,12.461,88.12,0.259
2011-07-28,26.416,12.32,87.78,0.362
2011-07-29,26.29,6.271,86.29,0.239
2011-07-30,27.132,4.304,84.97,0.242
2011-07-31,27.869,1.123,81.71,0.367
2011-08-01,28.136,5.945,83.4,0.439
2011-08-02,28.511,2.01,76.88,1.443
2011-08-03,28.246,16.853,78.78,1.067
2011-08-04,25.318,87.417,91.05,0.921
2011-08-05,25.507,27.966,88.85,0.285
2011-08-06,26.823,13.294,85.07,0.341
2011-08-07,26.506,2.996,83.95,0.716
2011-08-08,29.254,0.411,69.2,0.384
2011-08-09,25.795,10.214,90.0,0.417
2011-08-10,26.652,12.028,84.59,0.196
2011-08-11,28.297,1.972,80.25,0.258
2011-08-12,29.821,3.004,75.14,0.235
2011-08-13,26.07,20.374,89.93,0.237
2011-08-14,24.823,20.176,92.28,0.505
2011-08-15,24.2,17.002,92.91,0.777
2011-08-16,24.942,4.014,85.0,0.758
2011-08-17,25.646,7.949,83.53,0.461
2011-08-18,25.123,5.62,88.93,0.205
2011-08-19,27.14,1.27,80.84,0.072
2011-08-20,27.869,7.972,82.4,0.206
2011-08-21,26.718,12.062,85.98,0.347
2011-08-22,25.656,38.151,91.2,0.38
2011-08-23,25.927,10.268,89.27,0.343
2011-08-24,25.995,10.713,88.72,0.521
2011-08-25,27.214,1.612,81.23,0.167
2011-08-26,28.941,0.272,71.48,0.25
2011-08-27,28.591,0.023,69.66,0.85
2011-08-28,28.689,0.089,68.16,0.888
2011-08-29,29.361,0.281,67.07,0.741
2011-08-30,29.365,0.847,71.58,0.379
2011-08-31,28.77,4.964,76.79,0.589
2011-09-01,27.609,8.895,82.21,0.486
2011-09-02,27.426,5.574,84.36,0.387
2011-09-03,28.382,3.899,79.78,0.27
2011-09-04,29.68,0.887,76.5,0.31
2011-09-05,27.497,14.234,86.4,0.403
2011-09-06,25.538,22.148,90.02,0.123
2011-09-07,25.624,32.178,86.73,0.419
2011-09-08,26.488,2.032,82.39,0.512
2011-09-09,27.741,1.279,77.19,0.65
2011-09-10,27.505,6.211,81.83,0.161
2011-09-11,28.456,0.456,76.51,0.443
2011-09-12,29.712,0.1,69.63,0.401
2011-09-13,29.256,2.199,69.69,0.698
2011-09-14,28.128,6.464,75.99,0.196
2011-09-15,26.712,8.579,83.06,0.33
2011-09-16,25.45,16.183,89.42,0.455
2011-09-17,25.431,7.509,86.44,0.896
2011-09-18,25.161,6.425,88.51,0.692
2011-09-19,27.797,0.244,77.27,0.423
2011-09-20,28.158,2.962,77.5,0.285
2011-09-21,26.784,6.152,81.31,0.574
2011-09-22,25.734,11.622,84.29,0.89
2011-09-23,25.498,12.276,84.9,0.659
2011-09-24,24.579,21.604,90.27,0.676
2011-09-25,25.131,6.672,83.6,0.759
2011-09-26,26.33,2.479,79.57,0.185
2011-09-27,26.041,4.056,78.08,0.424
2011-09-28,26.8,1.016,75.27,0.142
2011-09-29,26.782,0.534,80.55,0.193
2011-09-30,27.317,5.891,80.59,0.189
2011-10-01,26.588,2.617,81.1,0.253
2011-10-02,25.66,24.615,82.92,0.325
2011-10-03,24.971,3.487,76.68,1.085
2011-10-04,24.449,0.385,76.43,0.819
2011-10-05,26.003,0.117,71.4,0.635
2011-10-06,26.508,0.154,72.39,0.422
2011-10-07,25.729,1.225,78.48,0.367
2011-10-08,25.298,0.673,80.04,0.416
2011-10-09,26.377,0.307,74.78,0.367
2011-10-10,26.326,0.285,74.65,0.417
2011-10-11,26.799,0.482,74.63,0.321
2011-10-12,25.976,1.218,78.11,0.367
2011-10-13,25.456,2.357,80.78,0.289
2011-10-14,25.994,0.451,73.68,0.452
2011-10-15,26.192,0.263,72.28,0.385
2011-10-16,24.692,0.038,76.3,0.961
2011-10-17,24.954,2.027,72.87,1.045
2011-10-18,25.494,3.332,68.5,0.828
2011-10-19,24.615,0.668,76.14,0.511
2011-10-20,25.213,0.555,72.58,1.05
2011-10-21,25.032,1.865,74.38,0.31
2011-10-22,22.702,6.685,84.51,0.573
2011-10-23,20.488,8.833,86.76,0.778
2011-10-24,22.678,0.002,73.55,0.496
2011-10-25,23.375,0.118,70.51,0.633
2011-10-26,23.85,0.87,67.08,0.487
2011-10-27,21.836,0.5,76.4,0.385
2011-10-28,22.868,0.01,68.48,0.443
2011-10-29,22.681,0.09,67.18,0.457
2011-10-30,22.43,0.221,66.68,0.617
2011-10-31,21.808,0.067,68.49,0.598
2011-11-01,21.067,0.334,68.02,0.72
2011-11-02,20.915,0.153,66.3,0.307
2011-11-03,20.389,0.014,63.51,0.604
2011-11-04,19.868,0.001,64.93,0.758
2011-11-05,21.081,0.322,61.95,0.637
2011-11-06,19.849,0.375,67.32,0.988
2011-11-07,20.795,0.0,64.38,0.368
2011-11-08,20.398,0.016,69.44,0.391
2011-11-09,20.208,0.001,67.79,0.466
2011-11-10,20.355,0.0,61.6,0.592
2011-11-11,19.262,0.001,61.54,0.715
2011-11-12,19.276,0.0,58.27,0.831
2011-11-13,19.432,0.491,67.36,0.867
2011-11-14,18.645,2.376,78.71,1.163
2011-11-15,18.858,1.766,74.28,1.21
2011-11-16,18.325,1.975,72.61,1.119
2011-11-17,18.814,0.096,67.03,0.727
2011-11-18,19.026,0.002,67.85,0.281
2011-11-19,18.784,0.001,70.1,0.562
2011-11-20,19.646,0.002,65.47,0.865
2011-11-21,19.822,0.0,63.76,0.824
2011-11-22,19.498,0.003,65.45,0.798
2011-11-23,20.007,0.001,64.84,0.888
2011-11-24,19.917,0.001,64.43,0.793
2011-11-25,19.08,0.0,66.27,0.752
2011-11-26,18.679,0.001,66.3,0.699
2011-11-27,18.421,0.001,64.55,0.63
2011-11-28,17.511,0.0,63.98,0.677
2011-11-29,18.037,0.002,61.12,0.65
2011-11-30,18.968,0.0,66.82,0.765
2011-12-01,19.79,0.001,66.19,0.685
2011-12-02,19.925,0.001,64.88,0.721
2011-12-03,20.038,0.246,64.08,0.6
2011-12-04,17.681,4.666,82.34,0.681
2011-12-05,19.055,0.008,74.15,0.423
2011-12-06,19.29,0.035,71.87,0.68
2011-12-07,19.748,0.026,71.08,0.81
2011-12-08,19.107,0.021,72.24,0.771
2011-12-09,19.242,9.241,73.5,0.758
2011-12-10,16.632,12.346,85.75,0.949
2011-12-11,15.224,1.209,82.75,0.673
2011-12-12,16.569,0.004,71.47,0.435
2011-12-13,17.045,0.138,71.43,0.352
2011-12-14,17.572,0.034,68.48,0.309
2011-12-15,17.292,0.071,69.27,0.587
2011-12-16,16.624,0.485,69.52,0.983
2011-12-17,16.374,0.181,70.55,0.844
2011-12-18,16.323,0.0,64.41,0.819
2011-12-19,15.923,0.0,64.77,0.792
2011-12-20,15.779,0.001,64.28,0.846
2011-12-21,15.471,0.001,66.92,0.856
2011-12-22,15.7,0.0,66.07,0.803
2011-12-23,15.957,0.0,66.05,0.794
2011-12-24,16.033,0.001,66.75,0.955
2011-12-25,16.549,0.0,64.99,1.022
2011-12-26,16.719,0.005,63.59,1.019
2011-12-27,16.883,0.002,64.36,1.046
2011-12-28,16.904,0.056,65.21,1.237
2011-12-29,16.911,0.0,62.68,0.9
2011-12-30,16.489,0.001,63.01,0.897
2011-12-31,16.38,0.001,63.72,0.963
2012-01-01,17.976,0.043,63.91,0.781
2012-01-02,15.811,17.093,85.26,0.413
2012-01-03,14.127,13.233,86.4,0.957
2012-01-04,13.982,7.333,79.86,0.979
2012-01-05,15.653,1.02,72.64,0.417
2012-01-06,14.03,3.768,78.78,1.234
2012-01-07,15.024,0.614,70.79,0.935
2012-01-08,14.656,0.276,69.68,1.331
2012-01-09,16.596,0.087,65.0,0.599
2012-01-10,14.692,2.03,75.06,1.361
2012-01-11,14.184,7.729,78.57,1.115
2012-01-12,14.104,3.402,75.95,1.104
2012-01-13,14.658,0.931,69.1,0.449
2012-01-14,14.248,0.041,74.45,0.215
2012-01-15,14.065,0.033,73.08,0.458
2012-01-16,15.206,0.006,66.86,0.368
2012-01-17,13.423,4.893,76.22,0.713
2012-01-18,12.404,5.122,83.2,1.122
2012-01-19,14.12,3.891,73.95,1.206
2012-01-20,13.713,19.268,83.05,1.14
2012-01-21,13.338,7.604,84.04,0.944
2012-01-22,15.283,0.013,67.07,0.303
2012-01-23,15.961,0.019,63.59,0.478
2012-01-24,16.2,0.009,62.2,0.363
2012-01-25,16.143,0.034,68.44,0.117
2012-01-26,15.641,0.467,76.65,0.344
2012-01-27,14.857,0.859,75.17,1.127
2012-01-28,16.232,0.021,65.0,0.392
2012-01-29,16.318,0.008,64.29,0.565
2012-01-30,16.082,0.0,63.34,0.528
2012-01-31,16.186,0.001,62.03,0.526
2012-02-01,17.126,0.008,62.74,0.273
2012-02-02,16.662,0.017,71.04,0.262
2012-02-03,16.84,0.127,68.12,0.466
2012-02-04,16.82,0.005,65.03,0.773
2012-02-05,17.625,0.003,64.68,0.589
2012-02-06,16.966,0.076,71.99,0.562
2012-02-07,17.176,0.016,71.53,0.529
2012-02-08,17.71,0.451,71.08,0.905
2012-02-09,16.581,8.689,80.33,1.337
2012-02-10,15.686,1.99,81.29,0.822
2012-02-11,16.633,0.094,61.52,0.623
2012-02-12,16.955,0.028,60.73,0.546
2012-02-13,17.202,0.014,59.42,0.682
2012-02-14,17.524,0.092,64.45,0.976
2012-02-15,17.395,0.295,71.89,1.154
2012-02-16,17.766,0.119,68.98,1.169
2012-02-17,18.487,8.606,65.82,0.84
2012-02-18,18.828,1.946,69.45,0.596
2012-02-19,17.437,2.083,71.21,1.222
2012-02-20,19.247,0.008,58.47,0.396
2012-02-21,19.976,0.069,60.36,0.19
2012-02-22,20.743,0.07,61.71,0.114
2012-02-23,20.791,0.336,67.0,0.177
2012-02-24,20.529,0.75,68.23,0.483
2012-02-25,19.39,1.415,73.04,1.096
2012-02-26,18.247,4.611,71.72,1.759
2012-02-27,18.898,0.172,65.12,0.559
2012-02-28,18.737,1.818,61.96,0.84
2012-02-29,16.286,34.187,75.96,1.382
2012-03-01,15.428,20.607,79.02,1.422
2012-03-02,15.725,6.915,72.64,1.653
2012-03-03,14.619,9.425,76.13,1.777
2012-03-04,16.173,0.769,66.25,0.964
2012-03-05,18.349,0.342,62.19,0.294
2012-03-06,17.04,16.863,78.88,0.707
2012-03-07,16.944,32.201,86.37,1.039
2012-03-08,17.133,13.304,81.67,1.529
2012-03-09,17.923,2.648,68.16,1.879
2012-03-10,19.729,0.12,56.82,1.163
2012-03-11,20.089,0.002,59.58,1.16
2012-03-12,20.162,0.0,56.69,0.945
2012-03-13,21.534,1.837,53.84,0.622
2012-03-14,18.342,2.27,73.18,1.178
2012-03-15,18.731,20.031,70.19,1.166
2012-03-16,17.844,5.701,69.66,1.011
2012-03-17,18.809,0.004,61.79,0.574
2012-03-18,20.483,0.078,56.67,0.727
2012-03-19,21.538,0.0,54.67,0.699
2012-03-20,22.537,0.0,56.17,0.677
2012-03-21,22.962,2.201,60.88,0.484
2012-03-22,19.829,12.642,84.56,1.052
2012-03-23,20.057,3.395,80.38,1.19
2012-03-24,22.379,0.003,63.48,0.837
2012-03-25,23.795,0.005,56.97,0.559
2012-03-26,23.622,0.979,60.02,0.721
2012-03-27,18.097,28.607,85.12,1.063
2012-03-28,19.703,16.648,83.74,0.965
2012-03-29,19.086,86.278,88.14,1.293
2012-03-30,19.375,11.153,80.79,0.956
2012-03-31,22.656,0.121,64.12,0.736
2012-04-01,23.476,0.002,57.77,0.82
2012-04-02,24.257,0.002,56.7,0.74
2012-04-03,24.66,0.215,57.96,0.908
2012-04-04,23.266,0.648,63.98,1.33
2012-04-05,20.42,33.5,80.49,1.303
2012-04-06,19.108,20.191,85.8,1.218
2012-04-07,21.362,5.915,74.64,0.886
2012-04-08,21.033,4.065,73.43,0.495
2012-04-09,18.398,9.74,84.67,0.801
2012-04-10,20.677,0.059,74.22,0.622
2012-04-11,21.993,2.686,75.27,0.123
2012-04-12,20.954,39.364,80.96,0.736
2012-04-13,20.349,41.673,85.34,0.992
2012-04-14,20.251,25.061,82.39,1.434
2012-04-15,20.594,34.283,81.06,1.175
2012-04-16,20.771,33.632,80.06,1.114
2012-04-17,19.794,23.108,81.32,1.675
2012-04-18,19.655,52.438,85.92,1.103
2012-04-19,20.07,23.947,85.53,0.895
2012-04-20,23.646,0.005,73.92,0.305
2012-04-21,25.517,3.263,71.33,0.053
2012-04-22,21.704,26.447,85.16,0.644
2012-04-23,21.577,48.876,82.93,1.136
2012-04-24,20.988,44.739,83.12,1.271
2012-04-25,20.604,29.033,83.54,0.962
2012-04-26,20.476,38.243,84.89,0.876
2012-04-27,20.164,65.075,86.79,1.207
2012-04-28,19.647,88.881,88.31,0.998
2012-04-29,20.1,73.811,85.74,1.474
2012-04-30,20.101,71.124,86.54,1.145
2012-05-01,20.211,56.391,87.08,1.173
2012-05-02,21.029,22.228,80.98,1.142
2012-05-03,21.506,4.221,78.33,1.098
2012-05-04,23.871,0.085,67.24,0.753
2012-05-05,25.076,0.0,67.46,0.266
2012-05-06,25.781,0.005,68.42,0.286
2012-05-07,27.034,0.174,65.28,0.392
2012-05-08,27.403,0.193,67.59,0.279
2012-05-09,27.351,0.479,70.25,0.465
2012-05-10,27.114,1.31,73.0,0.464
2012-05-11,26.643,8.703,75.49,0.252
2012-05-12,25.345,14.263,81.51,0.24
2012-05-13,22.347,75.561,87.38,1.041
2012-05-14,22.939,46.334,87.94,1.123
2012-05-15,22.61,72.275,84.45,1.337
2012-05-16,23.476,21.241,82.55,1.39
2012-05-17,25.582,0.125,68.32,1.115
2012-05-18,26.696,0.049,67.56,0.306
2012-05-19,27.427,0.023,69.16,0.404
2012-05-20,27.988,0.278,72.9,0.235
2012-05-21,27.897,2.622,77.18,0.132
2012-05-22,26.19,24.279,84.13,0.197
2012-05-23,25.335,15.002,84.34,0.945
2012-05-24,24.025,9.382,84.95,1.048
2012-05-25,27.35,0.693,74.48,0.142
2012-05-26,27.863,1.754,76.31,0.136
2012-05-27,28.445,4.161,75.28,0.302
2012-05-28,28.505,5.361,76.27,0.273
2012-05-29,29.316,6.754,73.85,0.138
2012-05-30,27.012,19.021,82.8,0.772
2012-05-31,26.444,15.354,80.88,1.275
2012-06-01,26.057,15.769,84.03,1.108
2012-06-02,24.096,27.937,88.06,0.767
2012-06-03,24.798,20.223,86.95,1.074
2012-06-04,24.38,63.053,86.82,1.398
2012-06-05,23.45,63.296,86.85,0.805
2012-06-06,25.159,11.57,83.45,0.92
2012-06-07,26.556,0.453,78.93,0.449
2012-06-08,27.646,1.224,77.84,0.222
2012-06-09,29.021,3.007,72.71,0.321
2012-06-10,27.586,12.786,79.56,0.516
2012-06-11,26.693,20.91,82.85,0.278
2012-06-12,25.995,19.674,84.78,0.753
2012-06-13,26.363,12.773,81.35,0.821
2012-06-14,25.04,20.45,87.37,0.929
2012-06-15,24.844,65.359,89.39,0.855
2012-06-16,27.307,9.632,79.67,0.761
2012-06-17,26.196,10.522,84.31,0.935
2012-06-18,28.558,6.377,77.62,0.553
2012-06-19,27.51,14.957,82.8,0.794
2012-06-20,26.557,14.556,85.07,1.06
2012-06-21,25.506,27.205,88.65,0.956
2012-06-22,25.624,20.513,87.94,0.601
2012-06-23,24.577,43.541,91.67,0.896
2012-06-24,24.726,103.956,90.71,1.134
2012-06-25,24.634,72.139,91.42,1.068
2012-06-26,23.889,44.451,91.31,1.345
2012-06-27,24.782,16.836,85.89,0.716
2012-06-28,25.804,2.626,83.71,0.351
2012-06-29,27.937,0.965,77.94,0.366
2012-06-30,29.632,0.724,73.56,0.373
2012-07-01,29.912,0.99,71.56,0.73
2012-07-02,28.799,4.976,75.71,0.924
2012-07-03,25.568,25.225,89.27,0.906
2012-07-04,24.525,55.036,92.13,1.018
2012-07-05,25.583,12.05,88.53,0.804
2012-07-06,27.156,6.817,81.78,0.52
2012-07-07,27.084,6.502,83.23,0.573
2012-07-08,26.988,12.493,85.77,0.135
2012-07-09,26.43,14.482,90.12,0.362
2012-07-10,25.374,24.066,92.71,0.752
2012-07-11,25.225,15.865,91.27,0.983
2012-07-12,25.33,29.854,89.76,0.837
2012-07-13,25.368,14.947,89.24,0.815
2012-07-14,25.311,27.661,91.75,0.798
2012-07-15,24.93,28.128,91.85,0.998
2012-07-16,24.49,30.361,93.45,1.124
2012-07-17,24.218,40.803,94.05,1.018
2012-07-18,24.784,15.793,91.57,0.93
2012-07-19,26.653,8.836,83.22,0.819
2012-07-20,27.884,4.884,79.32,0.905
2012-07-21,27.227,21.957,82.93,0.685
2012-07-22,24.44,78.067,94.22,1.065
2012-07-23,24.424,14.686,93.99,1.009
2012-07-24,26.432,1.915,86.11,0.231
2012-07-25,28.187,2.246,80.89,0.114
2012-07-26,27.825,18.077,84.78,0.367
2012-07-27,26.1,8.192,89.15,0.496
2012-07-28,26.018,16.749,89.63,0.459
2012-07-29,27.4,2.025,80.21,0.565
2012-07-30,28.037,7.232,81.49,0.252
2012-07-31,26.687,8.871,87.95,0.384
2012-08-01,25.065,40.396,92.39,0.722
2012-08-02,25.583,13.391,88.11,0.491
2012-08-03,29.455,0.042,69.64,0.527
2012-08-04,29.602,1.072,69.7,1.087
2012-08-05,28.877,5.938,75.47,0.548
2012-08-06,26.63,14.809,88.35,0.453
2012-08-07,25.202,11.962,92.67,0.35
2012-08-08,28.143,2.707,81.17,0.498
2012-08-09,29.439,0.788,76.71,0.382
2012-08-10,28.54,1.332,78.99,0.748
2012-08-11,29.004,4.981,74.72,0.386
2012-08-12,27.215,10.891,83.32,0.695
2012-08-13,26.213,14.642,89.42,0.429
2012-08-14,26.608,6.157,86.92,0.476
2012-08-15,28.254,3.999,83.36,0.528
2012-08-16,28.646,2.03,82.84,0.406
2012-08-17,29.495,1.218,77.71,0.516
2012-08-18,29.12,6.996,79.96,0.557
2012-08-19,26.488,19.083,90.09,0.693
2012-08-20,25.014,34.495,93.39,0.902
2012-08-21,24.543,13.01,90.11,0.724
2012-08-22,25.632,22.742,87.15,0.48
2012-08-23,25.514,20.025,87.86,0.619
2012-08-24,26.831,5.842,81.95,0.087
2012-08-25,28.787,0.649,74.64,0.413
2012-08-26,27.632,5.908,80.78,0.169
2012-08-27,26.972,6.545,84.16,0.3
2012-08-28,26.489,3.261,86.8,0.307
2012-08-29,27.243,16.701,84.77,0.186
2012-08-30,25.493,36.261,93.3,0.636
2012-08-31,25.6,31.008,90.13,0.864
2012-09-01,25.533,18.555,87.95,0.736
2012-09-02,26.813,2.651,82.42,0.401
2012-09-03,24.37,15.502,85.66,1.06
2012-09-04,27.603,0.058,65.87,0.999
2012-09-05,27.854,0.137,67.34,0.891
2012-09-06,28.636,0.041,67.78,0.398
2012-09-07,28.781,0.017,70.64,0.414
2012-09-08,29.383,0.038,67.35,0.891
2012-09-09,29.052,4.522,71.95,0.706
2012-09-10,25.248,6.348,89.67,0.456
2012-09-11,25.716,23.051,88.1,0.539
2012-09-12,24.176,75.104,91.89,1.081
2012-09-13,25.901,2.873,80.4,0.311
2012-09-14,24.409,15.657,83.96,1.133
2012-09-15,22.874,22.362,88.92,1.347
2012-09-16,23.299,43.624,89.81,1.103
2012-09-17,23.306,39.121,92.15,0.952
2012-09-18,23.79,44.892,92.49,0.833
2012-09-19,23.703,67.479,93.59,1.237
2012-09-20,23.638,69.909,94.06,1.241
2012-09-21,23.691,52.16,92.43,1.056
2012-09-22,23.792,43.33,91.46,0.878
2012-09-23,23.694,33.558,89.76,0.883
2012-09-24,23.782,10.477,86.64,0.588
2012-09-25,25.937,0.207,79.39,0.12
2012-09-26,26.441,1.177,81.32,0.372
2012-09-27,26.997,6.501,81.67,0.27
2012-09-28,27.141,2.397,80.85,0.404
2012-09-29,27.578,6.452,77.69,0.153
2012-09-30,25.598,18.815,86.61,0.148
2012-10-01,24.318,46.611,89.5,0.494
2012-10-02,23.301,82.014,92.64,1.089
2012-10-03,23.26,61.429,91.91,1.234
2012-10-04,23.127,41.207,93.08,0.888
2012-10-05,23.959,3.285,85.35,0.386
2012-10-06,24.837,0.969,81.95,0.29
2012-10-07,25.802,0.784,79.66,0.518
2012-10-08,26.529,0.019,73.59,0.619
2012-10-09,24.312,10.917,81.68,0.641
2012-10-10,24.004,2.926,79.44,1.174
2012-10-11,22.48,9.651,86.7,0.964
2012-10-12,23.18,5.507,83.6,0.166
2012-10-13,23.953,0.187,77.15,0.253
2012-10-14,23.484,0.029,72.82,0.347
2012-10-15,22.959,0.08,75.76,0.448
2012-10-16,23.087,0.004,72.72,0.526
2012-10-17,23.002,0.001,67.17,0.586
2012-10-18,23.223,0.009,65.84,0.666
2012-10-19,22.786,0.058,67.53,0.781
2012-10-20,22.831,0.001,67.41,0.643
2012-10-21,22.061,0.005,68.38,0.667
2012-10-22,21.577,0.002,66.6,0.813
2012-10-23,22.498,0.014,66.24,0.635
2012-10-24,22.107,0.399,67.76,0.905
2012-10-25,21.066,1.323,72.15,0.831
2012-10-26,21.792,0.0,68.95,0.561
2012-10-27,21.888,0.0,69.74,0.604
2012-10-28,22.313,0.002,63.92,0.76
2012-10-29,22.434,0.001,65.31,0.617
2012-10-30,21.846,0.001,67.98,0.639
2012-10-31,21.59,0.001,67.0,0.686
2012-11-01,21.37,0.004,66.32,0.637
2012-11-02,20.839,0.001,59.66,0.824
2012-11-03,19.824,0.0,62.84,0.736
2012-11-04,19.809,0.0,62.21,0.799
2012-11-05,20.352,0.004,65.85,0.825
2012-11-06,21.681,0.008,65.1,0.667
2012-11-07,21.696,2.056,70.31,0.373
2012-11-08,19.756,0.392,76.07,0.481
2012-11-09,19.502,0.016,69.43,0.377
2012-11-10,18.91,0.001,70.04,0.569
2012-11-11,19.108,0.0,66.78,0.849
2012-11-12,19.455,0.003,62.96,0.844
2012-11-13,19.86,0.001,61.1,0.822
2012-11-14,19.524,0.0,61.3,0.899
2012-11-15,19.916,0.0,60.35,0.853
2012-11-16,19.375,0.001,62.03,0.843
2012-11-17,19.152,0.0,64.59,0.792
2012-11-18,19.258,0.001,64.68,0.796
2012-11-19,19.513,0.003,59.43,0.998
2012-11-20,19.96,0.002,60.35,0.99
2012-11-21,19.792,0.0,64.52,0.784
2012-11-22,19.53,0.001,60.37,0.831
2012-11-23,19.508,0.001,61.8,0.644
2012-11-24,19.196,1.352,67.04,0.967
2012-11-25,18.22,1.157,71.78,0.894
2012-11-26,19.028,0.219,66.78,0.393
2012-11-27,18.377,0.505,69.07,0.601
2012-11-28,18.414,0.001,67.47,0.565
2012-11-29,18.895,0.008,63.07,0.831
2012-11-30,19.028,0.046,62.55,1.1
2012-12-01,18.693,0.001,62.54,0.683
2012-12-02,18.676,0.002,63.02,0.592
2012-12-03,18.405,0.002,65.79,0.649
2012-12-04,18.461,0.001,67.61,0.507
2012-12-05,18.261,0.001,64.01,0.612
2012-12-06,17.919,0.001,69.67,0.524
2012-12-07,17.826,0.001,72.18,0.522
2012-12-08,19.003,0.011,69.53,0.465
2012-12-09,18.227,0.712,74.29,0.546
2012-12-10,18.706,0.695,72.4,0.367
2012-12-11,17.778,1.348,76.45,0.692
2012-12-12,16.338,14.16,77.98,1.261
2012-12-13,15.08,4.712,80.35,1.26
2012-12-14,16.295,1.255,71.72,1.003
2012-12-15,16.493,0.001,65.66,0.687
2012-12-16,16.144,0.001,67.92,0.733
2012-12-17,16.928,0.0,68.83,0.479
2012-12-18,16.727,0.01,72.2,0.674
2012-12-19,17.217,4.667,73.43,0.39
2012-12-20,15.145,6.28,88.62,0.88
2012-12-21,16.617,2.07,79.7,0.625
2012-12-22,17.111,0.001,68.94,0.643
2012-12-23,15.891,0.0,70.47,0.9
2012-12-24,15.382,0.0,65.46,1.013
2012-12-25,15.053,0.001,61.48,1.031
2012-12-26,15.025,0.001,62.96,0.808
2012-12-27,14.765,0.001,62.6,0.875
2012-12-28,14.713,0.0,64.28,0.942
2012-12-29,15.189,0.0,63.11,1.002
2012-12-30,16.118,0.0,61.49,0.964
