date,temp_c,precip_mm,humidity_pct,wind_speed_ms
2000-01-01,16.506,0.0,69.26,2.122
2000-01-02,16.795,0.002,70.66,2.468
2000-01-03,16.537,0.0,72.34,2.81
2000-01-04,16.067,0.002,71.77,2.638
2000-01-05,15.902,0.003,70.02,2.769
2000-01-06,15.153,0.0,66.43,3.042
2000-01-07,15.008,0.001,67.2,2.673
2000-01-08,15.219,0.001,68.47,2.434
2000-01-09,15.453,0.002,69.13,2.093
2000-01-10,16.601,0.0,68.82,1.163
2000-01-11,17.777,0.0,69.54,0.532
2000-01-12,18.144,0.0,72.22,1.005
2000-01-13,18.706,0.569,74.28,1.292
2000-01-14,18.666,0.004,67.31,2.801
2000-01-15,18.135,0.083,67.89,2.64
2000-01-16,17.903,0.001,60.4,3.284
2000-01-17,14.583,0.001,50.76,3.638
2000-01-18,14.575,0.001,64.13,2.538
2000-01-19,15.816,0.001,65.15,2.699
2000-01-20,16.607,0.0,60.53,1.958
2000-01-21,16.545,0.002,60.34,1.235
2000-01-22,17.19,0.001,67.86,1.526
2000-01-23,18.036,0.122,72.41,0.528
2000-01-24,17.279,0.206,72.44,0.995
2000-01-25,17.669,0.001,64.98,0.573
2000-01-26,17.842,0.001,62.2,0.764
2000-01-27,19.306,0.04,62.72,1.573
2000-01-28,19.297,0.02,61.6,3.36
2000-01-29,16.934,0.065,61.85,3.155
2000-01-30,17.078,0.001,58.9,0.54
2000-01-31,17.978,0.001,55.51,2.444
2000-02-01,19.142,11.977,61.85,3.773
2000-02-02,16.575,0.239,79.69,3.521
2000-02-03,16.963,0.002,75.29,1.018
2000-02-04,17.552,0.576,70.11,1.257
2000-02-05,17.891,23.829,83.42,2.425
2000-02-06,17.734,0.101,84.79,0.826
2000-02-07,17.431,0.543,81.54,1.747
2000-02-08,16.699,0.012,72.29,2.448
2000-02-09,16.089,0.001,66.84,2.701
2000-02-10,15.991,0.002,69.85,0.736
2000-02-11,17.418,3.886,76.85,2.16
2000-02-12,18.105,2.229,80.02,1.009
2000-02-13,18.591,0.042,69.26,2.766
2000-02-14,17.017,0.0,58.4,3.47
2000-02-15,15.525,0.002,58.23,2.969
2000-02-16,16.846,0.002,65.44,2.26
2000-02-17,17.954,0.001,66.22,2.519
2000-02-18,17.406,0.002,48.22,2.971
2000-02-19,17.493,0.002,51.33,2.97
2000-02-20,17.436,0.0,54.09,1.907
2000-02-21,17.489,0.0,65.57,0.907
2000-02-22,18.802,0.003,62.28,1.919
2000-02-23,19.875,0.001,43.57,3.196
2000-02-24,18.961,0.0,40.3,3.508
2000-02-25,17.549,0.001,40.51,3.31
2000-02-26,17.553,0.0,39.95,2.985
2000-02-27,18.201,0.001,42.69,2.594
2000-02-28,19.13,0.002,44.41,0.242
2000-02-29,20.018,0.0,44.21,1.441
2000-03-01,20.79,0.034,48.1,1.539
2000-03-02,20.433,0.249,59.82,1.14
2000-03-03,22.13,0.001,54.25,0.833
2000-03-04,23.456,0.005,51.4,1.836
2000-03-05,23.453,0.769,61.63,0.381
2000-03-06,23.408,0.001,42.13,2.812
2000-03-07,24.333,0.077,41.98,1.824
2000-03-08,24.246,0.819,37.02,4.087
2000-03-09,22.232,0.0,29.88,4.619
2000-03-10,21.497,0.001,38.24,2.721
2000-03-11,23.285,0.003,38.89,1.103
2000-03-12,24.121,0.146,50.64,2.647
2000-03-13,22.782,2.789,71.6,3.01
2000-03-14,22.107,1.163,73.87,1.585
2000-03-15,23.019,0.002,40.12,3.888
2000-03-16,23.036,0.0,34.26,3.618
2000-03-17,24.24,0.001,37.73,1.691
2000-03-18,24.835,0.0,41.81,1.575
2000-03-19,25.408,0.0,38.61,2.167
2000-03-20,24.081,0.0,30.57,3.216
2000-03-21,24.482,0.002,29.07,1.719
2000-03-22,27.101,0.041,35.82,1.311
2000-03-23,23.768,6.009,59.94,1.82
2000-03-24,24.682,0.002,46.55,2.49
2000-03-25,24.317,0.0,39.6,2.76
2000-03-26,25.713,0.0,34.95,1.675
2000-03-27,27.069,0.064,35.84,0.445
2000-03-28,27.745,0.002,33.09,1.048
2000-03-29,28.175,0.0,34.36,0.923
2000-03-30,28.996,0.0,33.84,1.675
2000-03-31,29.435,0.0,37.37,1.817
2000-04-01,31.11,0.0,24.43,3.514
2000-04-02,31.75,0.0,20.04,5.396
2000-04-03,29.85,0.001,20.06,3.732
2000-04-04,30.338,0.001,20.02,4.146
2000-04-05,31.238,0.0,17.26,4.3
2000-04-06,30.912,0.001,17.22,4.004
2000-04-07,30.146,0.001,17.56,3.435
2000-04-08,31.018,0.0,18.87,3.538
2000-04-09,30.359,0.0,23.69,1.489
2000-04-10,29.775,0.001,29.1,0.34
2000-04-11,28.774,0.997,47.68,3.278
2000-04-12,28.785,0.004,55.23,2.755
2000-04-13,29.321,0.894,56.46,2.339
2000-04-14,28.14,1.225,68.16,3.792
2000-04-15,26.784,7.113,73.43,2.601
2000-04-16,28.486,0.15,64.3,1.199
2000-04-17,29.227,0.903,61.91,2.101
2000-04-18,27.964,0.037,67.61,4.069
2000-04-19,28.968,0.988,64.14,3.334
2000-04-20,28.593,0.354,68.26,3.935
2000-04-21,28.576,0.509,68.72,3.45
2000-04-22,28.564,0.099,71.74,2.584
2000-04-23,30.411,0.907,56.96,1.541
2000-04-24,26.229,4.371,75.04,2.96
2000-04-25,25.624,1.726,74.38,4.064
2000-04-26,25.624,1.056,75.77,3.738
2000-04-27,25.438,1.228,78.0,3.239
2000-04-28,27.617,0.425,73.36,2.819
2000-04-29,28.421,0.056,71.97,3.164
2000-04-30,29.022,0.008,68.56,2.488
2000-05-01,29.559,0.053,68.43,3.328
2000-05-02,26.191,0.675,72.26,5.277
2000-05-03,25.321,0.743,75.44,4.235
2000-05-04,27.688,0.37,69.89,3.43
2000-05-05,30.015,0.156,59.06,3.099
2000-05-06,31.423,0.415,49.97,3.035
2000-05-07,30.466,0.453,56.08,2.07
2000-05-08,31.225,0.295,54.21,1.743
2000-05-09,32.107,0.029,52.08,1.807
2000-05-10,31.814,1.969,56.79,1.121
2000-05-11,32.511,0.252,55.64,1.558
2000-05-12,34.006,0.318,49.84,2.063
2000-05-13,35.576,0.15,42.56,1.641
2000-05-14,32.894,2.523,58.01,2.329
2000-05-15,31.117,8.493,66.51,2.156
2000-05-16,29.209,14.036,76.16,1.679
2000-05-17,29.225,1.625,73.94,2.948
2000-05-18,30.498,0.024,68.68,2.953
2000-05-19,28.96,1.339,75.07,4.47
2000-05-20,27.283,9.238,77.25,3.658
2000-05-21,24.96,38.979,93.91,2.253
2000-05-22,25.302,15.375,89.9,3.342
2000-05-23,26.035,6.109,84.79,2.844
2000-05-24,28.431,3.979,75.59,1.876
2000-05-25,27.776,14.09,83.77,1.006
2000-05-26,29.753,0.103,76.56,2.828
2000-05-27,30.032,0.021,75.9,2.696
2000-05-28,28.623,0.093,77.57,3.747
2000-05-29,27.113,15.306,80.59,3.938
2000-05-30,26.745,3.156,83.7,3.154
2000-05-31,26.982,12.141,86.57,1.291
2000-06-01,28.366,8.971,78.85,0.908
2000-06-02,28.05,5.084,81.13,3.166
2000-06-03,29.529,3.768,78.33,2.575
2000-06-04,31.045,0.339,72.72,2.403
2000-06-05,29.041,4.796,80.38,3.612
2000-06-06,27.42,16.289,85.01,6.166
2000-06-07,27.361,6.485,85.72,4.52
2000-06-08,28.268,19.067,86.05,2.516
2000-06-09,27.889,26.081,87.62,1.082
2000-06-10,27.88,5.927,86.95,0.737
2000-06-11,28.982,1.522,83.74,0.743
2000-06-12,30.201,4.809,76.54,0.821
2000-06-13,30.936,0.347,71.58,1.578
2000-06-14,30.186,5.259,77.26,0.466
2000-06-15,27.609,18.965,87.79,1.966
2000-06-16,28.556,7.24,85.47,1.689
2000-06-17,29.839,1.037,77.87,2.443
2000-06-18,28.719,5.317,82.38,4.007
2000-06-19,27.305,17.178,87.38,4.548
2000-06-20,28.006,13.422,86.09,3.074
2000-06-21,27.46,24.844,88.72,2.278
2000-06-22,27.786,13.409,85.29,2.849
2000-06-23,27.523,9.465,87.38,0.64
2000-06-24,29.148,5.245,82.41,1.39
2000-06-25,29.228,11.421,82.89,0.234
2000-06-26,28.34,36.148,84.17,1.278
2000-06-27,27.76,21.987,87.89,2.304
2000-06-28,28.808,2.727,82.06,3.316
2000-06-29,28.628,1.379,80.49,3.271
2000-06-30,29.462,0.616,74.0,2.564
2000-07-01,29.356,2.811,78.48,2.479
2000-07-02,29.351,3.791,79.85,2.242
2000-07-03,29.822,3.181,78.9,0.983
2000-07-04,30.641,5.045,74.7,0.423
2000-07-05,29.81,5.238,80.6,1.256
2000-07-06,28.223,21.833,87.24,2.034
2000-07-07,29.366,5.869,81.13,2.5
2000-07-08,29.004,3.551,81.95,2.394
2000-07-09,28.605,11.732,85.7,1.907
2000-07-10,27.664,13.259,88.09,2.636
2000-07-11,28.387,3.69,84.39,3.878
2000-07-12,28.689,3.844,81.04,6.176
2000-07-13,27.802,10.536,86.0,4.139
2000-07-14,27.726,9.421,87.17,2.344
2000-07-15,26.972,14.385,90.49,2.017
2000-07-16,28.823,2.011,81.73,2.542
2000-07-17,29.096,1.616,78.64,4.536
2000-07-18,28.193,3.316,79.76,5.732
2000-07-19,27.248,8.583,85.23,5.089
2000-07-20,27.081,13.919,85.83,3.79
2000-07-21,27.039,11.757,87.81,0.967
2000-07-22,28.663,10.497,81.0,2.31
2000-07-23,28.304,2.666,77.86,3.38
2000-07-24,27.434,13.542,84.42,1.96
2000-07-25,27.026,22.081,88.79,2.057
2000-07-26,27.84,3.251,81.86,4.103
2000-07-27,27.963,1.484,82.77,3.444
2000-07-28,28.644,1.298,79.79,3.146
2000-07-29,28.237,8.2,83.56,2.618
2000-07-30,28.397,8.521,84.35,1.856
2000-07-31,27.663,15.477,87.37,1.199
2000-08-01,26.594,16.368,90.37,3.092
2000-08-02,28.267,6.844,78.85,3.538
2000-08-03,29.377,0.934,71.19,3.802
2000-08-04,29.583,0.938,71.99,3.085
2000-08-05,29.78,2.52,77.8,1.617
2000-08-06,30.007,1.688,79.28,0.298
2000-08-07,29.109,13.442,84.37,1.483
2000-08-08,28.627,18.942,84.7,1.719
2000-08-09,27.07,15.491,89.78,3.521
2000-08-10,28.366,1.77,81.8,3.932
2000-08-11,27.325,6.468,86.26,3.248
2000-08-12,28.519,3.569,80.88,2.47
2000-08-13,28.517,14.153,84.95,1.445
2000-08-14,28.26,10.164,84.38,1.033
2000-08-15,27.93,8.012,85.61,0.828
2000-08-16,27.409,9.316,86.76,1.451
2000-08-17,27.782,10.778,86.16,0.367
2000-08-18,28.295,6.181,82.48,3.675
2000-08-19,28.7,3.579,80.61,3.403
2000-08-20,28.505,1.128,82.25,3.004
2000-08-21,28.523,4.083,83.48,2.714
2000-08-22,29.875,0.328,75.57,2.343
2000-08-23,29.762,0.767,77.92,2.205
2000-08-24,29.862,0.32,77.39,2.145
2000-08-25,29.938,1.289,79.04,1.702
2000-08-26,30.196,1.45,78.38,1.404
2000-08-27,29.798,1.32,78.54,1.933
2000-08-28,28.929,4.931,82.59,2.582
2000-08-29,28.117,7.935,84.52,2.41
2000-08-30,27.828,13.137,85.77,1.608
2000-08-31,26.197,23.951,91.87,2.195
2000-09-01,25.872,16.846,93.6,3.522
2000-09-02,26.779,5.145,88.68,4.275
2000-09-03,27.251,4.101,86.31,4.514
2000-09-04,28.694,0.732,79.04,2.649
2000-09-05,28.17,10.989,84.42,1.858
2000-09-06,27.885,7.606,85.0,2.394
2000-09-07,26.871,8.839,88.36,2.886
2000-09-08,26.712,9.334,88.96,2.152
2000-09-09,26.143,13.318,91.86,1.139
2000-09-10,26.764,6.11,89.38,0.846
2000-09-11,27.646,1.628,85.41,1.895
2000-09-12,28.571,0.548,77.88,2.206
2000-09-13,29.116,0.466,76.55,1.703
2000-09-14,27.279,17.551,86.79,3.046
2000-09-15,26.811,10.554,86.94,3.608
2000-09-16,26.976,20.717,87.48,2.738
2000-09-17,25.22,27.32,94.94,2.606
2000-09-18,23.526,35.655,95.34,4.023
2000-09-19,24.984,19.726,82.14,6.781
2000-09-20,23.099,138.553,95.71,6.652
2000-09-21,24.609,114.217,92.66,5.518
2000-09-22,24.794,4.257,90.37,2.051
2000-09-23,24.805,3.295,90.43,1.083
2000-09-24,25.71,1.89,87.55,0.371
2000-09-25,26.864,1.131,83.86,1.102
2000-09-26,27.033,0.179,75.99,2.022
2000-09-27,27.514,0.138,75.32,2.429
2000-09-28,27.095,0.029,76.08,2.235
2000-09-29,27.23,0.015,75.56,1.297
2000-09-30,27.484,0.009,74.35,1.069
2000-10-01,26.613,1.413,81.69,1.455
2000-10-02,27.469,0.461,78.46,0.851
2000-10-03,27.644,0.425,77.54,0.253
2000-10-04,27.821,1.88,82.15,0.321
2000-10-05,28.188,0.887,81.58,0.591
2000-10-06,28.327,0.874,81.82,0.374
2000-10-07,28.846,1.215,78.77,0.681
2000-10-08,28.308,2.586,81.71,1.022
2000-10-09,28.159,1.957,78.6,0.542
2000-10-10,27.615,0.263,78.07,0.391
2000-10-11,27.716,0.368,77.77,0.85
2000-10-12,27.7,0.136,69.84,1.854
2000-10-13,26.358,0.015,66.49,2.483
2000-10-14,25.918,0.0,65.07,1.682
2000-10-15,26.407,0.0,67.88,1.153
2000-10-16,26.702,0.001,64.73,1.411
2000-10-17,26.818,0.0,60.5,1.336
2000-10-18,27.047,0.001,63.39,1.506
2000-10-19,27.517,0.0,65.42,0.647
2000-10-20,27.251,0.024,66.56,0.681
2000-10-21,26.679,0.021,64.95,0.728
2000-10-22,26.154,0.43,74.26,0.8
2000-10-23,26.102,0.684,76.3,1.021
2000-10-24,26.146,0.053,71.6,1.975
2000-10-25,26.131,0.066,70.53,2.018
2000-10-26,26.296,0.002,63.26,1.336
2000-10-27,26.531,0.132,59.88,2.931
2000-10-28,24.502,0.017,63.94,4.14
2000-10-29,23.925,0.002,61.65,2.126
2000-10-30,24.871,0.003,59.41,1.769
2000-10-31,25.53,0.0,60.28,0.818
2000-11-01,25.393,0.003,62.62,1.553
2000-11-02,25.393,0.014,63.45,0.145
2000-11-03,25.725,0.006,60.83,1.279
2000-11-04,26.221,0.001,54.39,2.237
2000-11-05,25.295,0.0,53.17,2.624
2000-11-06,24.497,0.003,52.46,2.335
2000-11-07,24.522,0.0,51.16,1.934
2000-11-08,24.79,0.0,50.0,2.194
2000-11-09,24.65,0.0,48.3,2.52
2000-11-10,24.323,0.001,53.48,1.501
2000-11-11,23.85,0.0,53.99,1.637
2000-11-12,23.169,0.001,53.92,1.447
2000-11-13,22.293,0.003,53.61,1.578
2000-11-14,22.348,0.002,51.74,1.986
2000-11-15,23.179,0.001,56.58,0.599
2000-11-16,22.911,0.0,60.2,0.774
2000-11-17,23.34,0.002,56.57,1.456
2000-11-18,22.967,0.0,57.81,2.097
2000-11-19,22.33,0.002,56.08,1.952
2000-11-20,23.038,0.001,57.63,2.028
2000-11-21,22.804,0.001,67.54,2.539
2000-11-22,22.747,0.026,67.11,2.096
2000-11-23,22.648,0.0,65.9,1.01
2000-11-24,22.403,0.0,62.33,2.334
2000-11-25,21.953,0.001,60.61,1.765
2000-11-26,21.369,0.0,52.9,1.923
2000-11-27,21.159,0.001,54.25,1.728
2000-11-28,21.248,0.001,55.8,1.871
2000-11-29,20.66,0.0,58.02,2.441
2000-11-30,20.721,0.0,50.95,2.475
2000-12-01,18.401,0.001,47.25,3.082
2000-12-02,16.964,0.001,49.74,2.394
2000-12-03,17.872,0.0,49.8,2.81
2000-12-04,17.552,0.001,50.74,3.002
2000-12-05,17.518,0.004,55.94,2.375
2000-12-06,17.859,0.0,57.65,2.029
2000-12-07,18.451,0.0,60.78,1.925
2000-12-08,18.568,0.0,58.13,2.418
2000-12-09,18.38,0.002,58.42,1.449
2000-12-10,19.043,0.0,59.27,0.997
2000-12-11,17.948,0.0,58.45,2.182
2000-12-12,17.429,0.001,55.8,2.001
2000-12-13,17.439,0.0,54.22,2.635
2000-12-14,17.489,0.001,56.59,2.159
2000-12-15,17.747,0.001,58.72,1.757
2000-12-16,18.391,0.002,59.47,1.487
2000-12-17,18.809,0.0,60.53,2.031
2000-12-18,18.871,0.001,64.69,2.533
2000-12-19,18.543,0.001,62.64,2.703
2000-12-20,17.125,0.001,55.58,2.383
2000-12-21,17.654,0.001,62.44,2.258
2000-12-22,18.17,0.0,63.47,2.471
2000-12-23,18.345,0.001,66.56,2.116
2000-12-24,18.881,0.001,66.52,1.985
2000-12-25,19.241,0.001,67.28,2.068
2000-12-26,19.927,0.001,66.8,2.113
2000-12-27,19.168,0.003,65.53,1.711
2000-12-28,19.059,0.001,63.08,2.15
2000-12-29,18.084,0.0,63.53,2.351
2000-12-30,17.954,0.001,62.51,1.929
2000-12-31,18.656,0.238,60.23,2.144
2001-01-01,16.32,6.377,83.3,1.806
2001-01-02,17.804,0.018,76.44,2.557
2001-01-03,17.247,0.001,66.19,3.609
2001-01-04,16.124,0.001,63.36,3.409
2001-01-05,14.687,0.002,65.17,2.985
2001-01-06,14.423,0.0,68.26,2.502
2001-01-07,14.258,0.003,66.02,2.399
2001-01-08,15.149,0.0,60.61,2.096
2001-01-09,15.609,0.002,59.91,2.8
2001-01-10,14.457,0.001,59.9,2.86
2001-01-11,13.886,0.002,61.08,2.786
2001-01-12,14.235,0.0,63.28,1.936
2001-01-13,14.957,0.0,62.04,2.575
2001-01-14,14.768,0.002,61.55,2.261
2001-01-15,15.615,0.003,56.94,2.416
2001-01-16,16.201,0.001,57.54,2.554
2001-01-17,16.031,0.0,56.13,2.554
2001-01-18,15.732,0.0,51.17,2.647
2001-01-19,16.274,0.0,57.86,2.255
2001-01-20,16.858,0.0,57.62,2.352
2001-01-21,16.974,0.001,55.82,1.672
2001-01-22,18.641,0.808,55.03,1.279
2001-01-23,19.332,0.006,50.9,3.394
2001-01-24,16.776,0.0,42.1,4.85
2001-01-25,14.993,0.001,48.26,3.14
2001-01-26,15.056,0.0,55.02,2.333
2001-01-27,15.845,0.001,56.83,2.351
2001-01-28,16.57,0.001,59.05,1.964
2001-01-29,17.946,0.001,57.03,2.146
2001-01-30,18.589,0.001,58.41,2.229
2001-01-31,19.863,0.0,57.22,2.122
2001-02-01,20.937,0.001,53.84,3.037
2001-02-02,19.062,-0.0,42.51,3.964
2001-02-03,16.115,0.0,44.46,3.211
2001-02-04,15.884,0.001,49.31,1.809
2001-02-05,17.286,0.003,53.1,1.28
2001-02-06,17.765,0.002,49.17,2.863
2001-02-07,17.6,0.002,51.04,2.86
2001-02-08,17.911,0.0,47.01,3.249
2001-02-09,18.001,0.002,49.23,2.471
2001-02-10,18.579,0.0,51.63,2.479
2001-02-11,19.076,0.001,50.99,2.372
2001-02-12,19.159,0.0,48.81,2.418
2001-02-13,18.767,0.001,51.17,2.153
2001-02-14,19.897,0.001,56.22,1.115
2001-02-15,22.518,0.617,52.61,0.621
2001-02-16,22.391,0.099,56.54,0.229
2001-02-17,23.201,0.002,56.58,1.003
2001-02-18,23.109,0.002,53.24,2.24
2001-02-19,22.757,0.001,50.22,3.076
2001-02-20,21.752,0.0,48.79,2.421
2001-02-21,22.036,0.001,49.91,0.788
2001-02-22,22.471,0.0,46.91,2.749
2001-02-23,22.285,0.0,52.25,0.843
2001-02-24,22.59,0.006,55.08,1.453
2001-02-25,22.964,0.791,58.72,2.597
2001-02-26,23.346,1.595,54.19,1.902
2001-02-27,22.402,0.002,40.52,2.651
2001-02-28,23.771,0.099,36.55,1.841
2001-03-01,23.992,0.126,52.41,2.5
2001-03-02,23.352,0.001,28.38,3.872
2001-03-03,21.804,0.0,32.36,3.032
2001-03-04,21.9,0.123,45.78,3.182
2001-03-05,22.614,0.331,52.99,3.299
2001-03-06,22.204,0.001,36.68,3.472
2001-03-07,23.02,0.0,38.08,1.238
2001-03-08,23.305,0.0,38.57,1.259
2001-03-09,23.742,0.001,34.98,1.857
2001-03-10,24.105,0.002,33.5,2.292
2001-03-11,24.223,0.001,35.33,1.463
2001-03-12,24.646,0.001,36.7,1.072
2001-03-13,25.223,0.0,33.53,1.391
2001-03-14,26.054,0.0,36.23,0.736
2001-03-15,26.422,0.006,35.91,3.145
2001-03-16,26.838,0.0,29.84,4.093
2001-03-17,25.961,0.0,24.22,3.788
2001-03-18,26.131,0.0,28.64,3.348
2001-03-19,26.877,0.001,31.24,2.046
2001-03-20,27.744,0.001,34.07,0.547
2001-03-21,29.392,0.005,34.63,0.257
2001-03-22,27.687,1.969,45.06,1.373
2001-03-23,26.747,1.191,50.75,1.952
2001-03-24,27.065,0.001,26.58,4.077
2001-03-25,27.005,0.0,27.37,3.393
2001-03-26,27.954,0.001,27.09,3.21
2001-03-27,28.449,0.0,25.72,3.054
2001-03-28,28.422,0.0,31.01,0.766
2001-03-29,28.945,0.001,41.71,0.827
2001-03-30,29.534,0.964,42.77,0.987
2001-03-31,26.485,8.806,64.76,0.914
2001-04-01,26.988,0.085,52.35,0.696
2001-04-02,27.984,0.001,30.91,2.924
2001-04-03,28.205,0.0,28.44,2.989
2001-04-04,29.45,0.001,24.84,2.832
2001-04-05,30.564,0.0,20.11,2.661
2001-04-06,30.708,0.001,24.18,1.459
2001-04-07,31.843,0.0,20.94,2.815
2001-04-08,31.602,0.001,22.94,3.388
2001-04-09,31.997,0.0,20.91,3.264
2001-04-10,31.988,0.001,22.26,0.609
2001-04-11,31.512,0.008,38.06,1.975
2001-04-12,30.417,2.241,53.71,2.696
2001-04-13,28.208,2.298,61.87,1.233
2001-04-14,28.121,0.428,55.81,2.64
2001-04-15,27.909,2.667,64.3,0.999
2001-04-16,28.48,0.45,55.99,0.949
2001-04-17,29.819,0.078,43.5,2.767
2001-04-18,28.464,0.073,45.17,1.922
2001-04-19,29.929,0.001,36.3,3.072
2001-04-20,31.436,0.0,28.49,4.702
2001-04-21,30.636,0.0,26.3,4.479
2001-04-22,30.663,0.001,23.44,2.777
2001-04-23,31.326,0.001,27.81,0.702
2001-04-24,32.517,0.001,31.01,2.297
2001-04-25,33.602,0.0,28.64,1.25
2001-04-26,32.473,0.001,40.27,3.038
2001-04-27,31.061,0.955,51.39,2.818
2001-04-28,30.287,0.145,54.79,4.283
2001-04-29,27.934,0.168,64.95,4.675
2001-04-30,28.144,0.122,64.87,4.491
2001-05-01,28.579,0.838,61.71,4.014
2001-05-02,29.115,5.503,64.57,2.537
2001-05-03,28.866,5.385,67.64,3.474
2001-05-04,27.662,9.662,72.14,2.692
2001-05-05,26.303,3.473,76.02,4.275
2001-05-06,25.832,1.339,78.87,4.966
2001-05-07,25.147,10.334,84.4,3.386
2001-05-08,27.044,1.173,77.36,2.478
2001-05-09,27.247,2.699,76.68,3.448
2001-05-10,26.737,0.672,76.35,4.387
2001-05-11,25.724,13.432,83.15,4.234
2001-05-12,27.812,0.278,71.24,2.975
2001-05-13,29.47,0.003,62.66,2.168
2001-05-14,30.937,0.16,56.23,2.865
2001-05-15,28.252,7.747,71.99,2.546
2001-05-16,28.17,3.867,77.37,1.99
2001-05-17,29.227,0.477,71.32,1.604
2001-05-18,29.609,1.455,69.18,1.294
2001-05-19,30.423,1.433,63.91,0.79
2001-05-20,29.037,3.141,73.68,2.477
2001-05-21,28.417,7.885,77.29,2.224
2001-05-22,29.457,1.013,71.68,2.168
2001-05-23,30.182,1.085,69.42,2.608
2001-05-24,30.087,0.122,71.64,4.147
2001-05-25,27.576,0.234,78.69,5.335
2001-05-26,27.593,21.297,78.34,4.548
2001-05-27,26.829,15.849,82.7,2.536
2001-05-28,29.141,7.831,77.02,1.636
2001-05-29,27.765,18.645,81.69,2.315
2001-05-30,27.477,4.779,82.24,1.625
2001-05-31,27.801,29.955,83.44,2.224
2001-06-01,27.15,7.534,83.56,2.495
2001-06-02,27.226,6.833,85.43,2.823
2001-06-03,26.807,12.769,88.38,3.023
2001-06-04,27.011,12.529,84.61,2.808
2001-06-05,27.399,2.586,84.08,0.262
2001-06-06,28.57,17.013,78.95,1.556
2001-06-07,27.366,3.472,86.15,2.746
2001-06-08,28.298,2.045,83.64,2.497
2001-06-09,28.171,1.464,84.49,2.948
2001-06-10,29.101,0.575,79.41,2.891
2001-06-11,30.041,0.755,75.27,3.011
2001-06-12,29.698,4.179,77.43,4.051
2001-06-13,28.752,4.511,77.46,5.827
2001-06-14,26.768,7.821,84.51,6.693
2001-06-15,25.655,6.994,90.36,4.598
2001-06-16,26.64,12.48,86.15,3.681
2001-06-17,27.957,18.786,80.31,2.705
2001-06-18,25.861,70.45,93.88,3.695
2001-06-19,26.7,37.799,90.78,2.272
2001-06-20,26.843,35.545,90.92,2.279
2001-06-21,27.448,17.281,88.16,1.184
2001-06-22,28.024,7.5,85.33,2.476
2001-06-23,28.389,11.212,83.72,3.54
2001-06-24,28.17,9.302,83.79,4.025
2001-06-25,28.471,5.936,82.26,3.523
2001-06-26,27.795,6.754,84.32,3.695
2001-06-27,27.491,9.033,87.3,3.563
2001-06-28,27.706,4.547,87.37,3.033
2001-06-29,28.954,2.433,79.58,4.523
2001-06-30,27.402,6.486,85.71,5.494
2001-07-01,28.057,1.85,81.84,3.361
2001-07-02,28.482,4.268,82.09,1.869
2001-07-03,28.903,3.398,83.61,1.025
2001-07-04,29.526,2.259,80.44,1.573
2001-07-05,30.261,2.306,79.21,1.719
2001-07-06,30.239,1.82,78.53,2.663
2001-07-07,29.551,4.164,80.78,3.329
2001-07-08,29.15,4.768,80.32,4.374
2001-07-09,28.607,8.763,81.03,5.518
2001-07-10,27.737,3.184,84.62,4.858
2001-07-11,28.251,2.394,80.61,5.237
2001-07-12,27.805,2.127,81.58,4.976
2001-07-13,28.379,0.963,77.1,2.611
2001-07-14,28.841,2.074,80.95,2.393
2001-07-15,27.59,15.804,86.5,2.85
2001-07-16,27.266,13.045,86.2,3.782
2001-07-17,28.226,2.978,81.47,3.952
2001-07-18,28.906,2.809,81.54,3.091
2001-07-19,28.451,2.636,80.84,4.28
2001-07-20,27.971,2.748,82.86,3.666
2001-07-21,28.337,5.102,82.79,3.812
2001-07-22,28.272,1.361,82.91,4.212
2001-07-23,28.822,3.685,81.19,3.857
2001-07-24,28.469,3.03,82.52,2.987
2001-07-25,28.814,1.857,81.85,2.887
2001-07-26,28.445,5.356,84.34,2.656
2001-07-27,28.296,8.104,85.73,2.005
2001-07-28,27.824,18.315,87.17,1.976
2001-07-29,26.294,38.267,94.06,2.944
2001-07-30,26.967,11.497,88.06,2.433
2001-07-31,28.065,10.243,85.22,2.075
2001-08-01,28.948,5.212,83.37,1.697
2001-08-02,28.662,5.459,84.61,0.911
2001-08-03,29.305,0.937,79.73,3.068
2001-08-04,28.777,2.781,81.2,2.988
2001-08-05,29.125,2.729,79.5,2.619
2001-08-06,28.146,4.86,84.41,2.852
2001-08-07,29.461,0.85,77.13,2.149
2001-08-08,30.326,1.014,72.77,1.574
2001-08-09,29.323,2.198,80.19,2.428
2001-08-10,29.43,0.761,76.9,3.174
2001-08-11,29.356,0.95,77.09,2.923
2001-08-12,29.304,1.126,79.03,2.437
2001-08-13,29.518,2.327,81.5,2.607
2001-08-14,28.796,6.248,82.62,3.684
2001-08-15,28.203,4.686,83.78,3.475
2001-08-16,29.196,2.02,81.37,1.721
2001-08-17,28.824,7.666,84.19,1.774
2001-08-18,28.94,2.535,82.38,2.617
2001-08-19,29.751,1.352,79.95,2.837
2001-08-20,29.543,5.254,82.24,3.17
2001-08-21,29.265,7.526,82.31,2.992
2001-08-22,28.321,11.017,84.77,2.61
2001-08-23,27.48,11.266,86.59,3.045
2001-08-24,26.986,12.328,88.97,2.205
2001-08-25,26.782,18.251,90.5,1.218
2001-08-26,27.276,8.648,88.09,0.473
2001-08-27,26.597,13.193,91.11,0.346
2001-08-28,26.027,10.303,93.31,0.454
2001-08-29,26.802,10.126,89.63,1.067
2001-08-30,26.43,14.902,91.82,2.033
2001-08-31,27.722,11.386,85.14,3.665
2001-09-01,27.082,13.884,87.06,3.841
2001-09-02,27.737,15.206,87.86,2.618
2001-09-03,28.336,13.812,84.31,2.541
2001-09-04,26.944,22.475,89.66,2.851
2001-09-05,25.917,15.856,93.17,2.338
2001-09-06,25.905,12.189,93.17,1.462
2001-09-07,26.292,11.812,90.99,1.725
2001-09-08,25.467,8.82,94.9,1.033
2001-09-09,26.067,11.03,91.8,0.503
2001-09-10,27.05,1.928,87.61,1.418
2001-09-11,26.338,11.6,88.76,2.337
2001-09-12,24.951,26.078,96.06,2.915
2001-09-13,26.047,8.713,89.8,2.491
2001-09-14,27.237,2.994,86.38,1.734
2001-09-15,28.498,3.735,82.0,0.546
2001-09-16,28.629,4.699,82.08,0.33
2001-09-17,27.283,12.771,86.9,0.53
2001-09-18,27.529,1.876,83.18,0.53
2001-09-19,27.946,0.095,74.05,1.657
2001-09-20,27.989,0.117,74.25,0.829
2001-09-21,28.286,0.147,78.17,1.082
2001-09-22,28.972,0.724,79.81,0.943
2001-09-23,28.931,1.335,79.44,1.43
2001-09-24,27.973,1.486,83.48,2.341
2001-09-25,28.2,1.291,83.71,1.646
2001-09-26,28.763,1.548,80.24,0.911
2001-09-27,28.587,6.006,82.3,1.365
2001-09-28,28.191,7.113,83.19,2.095
2001-09-29,28.354,5.522,82.92,2.252
2001-09-30,27.115,9.419,84.14,3.861
2001-10-01,25.285,12.676,92.27,3.237
2001-10-02,26.003,5.245,89.81,2.498
2001-10-03,26.259,22.28,88.82,2.562
2001-10-04,24.715,40.678,95.92,2.741
2001-10-05,25.54,29.383,92.77,2.685
2001-10-06,26.524,3.534,87.69,0.685
2001-10-07,27.633,2.028,84.66,0.678
2001-10-08,27.811,1.094,85.67,0.513
2001-10-09,26.823,4.864,87.26,0.682
2001-10-10,26.909,2.844,83.23,0.378
2001-10-11,27.01,0.851,84.7,1.292
2001-10-12,27.504,0.334,79.73,0.645
2001-10-13,27.169,0.401,78.3,0.576
2001-10-14,27.05,0.493,78.85,1.0
2001-10-15,26.644,0.299,77.52,0.541
2001-10-16,25.763,0.003,75.52,1.151
2001-10-17,26.13,0.019,72.95,0.757
2001-10-18,25.529,0.153,73.03,0.867
2001-10-19,25.211,0.585,79.52,0.409
2001-10-20,25.07,0.713,81.55,0.777
2001-10-21,25.701,0.043,77.05,0.808
2001-10-22,25.993,0.468,79.06,0.365
2001-10-23,26.251,0.081,75.98,1.219
2001-10-24,25.512,0.016,73.3,1.975
2001-10-25,25.311,0.001,71.97,2.139
2001-10-26,25.732,0.001,69.44,0.936
2001-10-27,25.9,0.013,71.03,1.336
2001-10-28,25.884,5.686,78.78,1.026
2001-10-29,25.677,0.457,82.36,0.667
2001-10-30,25.481,1.016,83.28,1.128
2001-10-31,25.465,0.207,77.53,0.99
2001-11-01,25.236,0.244,77.21,0.477
2001-11-02,25.272,0.408,78.8,1.787
2001-11-03,25.232,0.354,80.42,1.142
2001-11-04,25.329,0.127,75.13,0.703
2001-11-05,25.557,0.077,76.02,1.226
2001-11-06,25.111,0.158,78.34,1.683
2001-11-07,24.488,0.376,76.52,0.818
2001-11-08,23.481,0.0,70.21,1.794
2001-11-09,23.39,0.002,66.45,1.133
2001-11-10,22.273,0.002,65.47,1.293
2001-11-11,22.231,0.001,62.61,1.521
2001-11-12,23.0,0.002,65.3,1.671
2001-11-13,22.515,0.0,64.83,1.535
2001-11-14,22.435,0.002,63.31,2.04
2001-11-15,21.724,0.0,64.15,1.619
2001-11-16,22.277,0.001,63.35,1.266
2001-11-17,22.608,0.0,63.99,1.193
2001-11-18,22.344,0.001,64.83,1.257
2001-11-19,22.49,0.01,69.65,0.499
2001-11-20,22.492,0.0,67.23,1.433
2001-11-21,22.3,0.002,65.8,1.972
2001-11-22,21.897,0.003,66.73,2.042
2001-11-23,21.738,0.0,63.74,2.206
2001-11-24,20.937,0.001,62.8,1.863
2001-11-25,20.867,0.001,61.52,2.317
2001-11-26,20.275,0.0,61.03,1.953
2001-11-27,20.767,0.003,61.03,1.806
2001-11-28,20.55,-0.0,59.94,2.292
2001-11-29,19.632,0.001,60.57,2.532
2001-11-30,18.973,0.0,61.41,2.812
2001-12-01,18.326,0.0,61.13,2.185
2001-12-02,18.029,0.0,66.52,2.198
2001-12-03,18.471,0.001,63.66,1.723
2001-12-04,19.019,0.002,63.27,2.064
2001-12-05,18.744,0.001,66.34,1.84
2001-12-06,19.014,0.001,65.29,1.591
2001-12-07,18.881,0.001,64.51,1.599
2001-12-08,18.403,0.003,62.67,2.387
2001-12-09,19.001,0.0,65.26,1.046
2001-12-10,18.376,0.001,70.87,0.902
2001-12-11,18.164,0.0,70.87,1.076
2001-12-12,18.417,0.0,72.07,1.435
2001-12-13,18.654,0.001,71.2,1.617
2001-12-14,18.381,0.001,72.42,1.89
2001-12-15,18.193,0.0,71.1,2.127
2001-12-16,17.304,0.001,72.46,2.416
2001-12-17,17.394,0.003,74.71,2.154
2001-12-18,17.233,0.0,73.01,2.277
2001-12-19,17.56,0.001,72.1,2.439
2001-12-20,17.499,0.0,73.07,2.616
2001-12-21,16.131,0.0,61.86,2.735
2001-12-22,16.352,0.001,64.62,2.683
2001-12-23,16.876,0.001,72.11,2.265
2001-12-24,16.911,0.0,69.7,2.126
2001-12-25,16.931,0.002,67.54,1.715
2001-12-26,17.254,0.001,68.59,1.745
2001-12-27,17.17,0.001,70.42,1.931
2001-12-28,17.017,0.001,72.05,1.57
2001-12-29,17.045,0.002,69.31,2.19
2001-12-30,16.525,0.001,65.67,2.508
2001-12-31,15.204,0.001,65.42,2.564
2002-01-01,15.434,0.0,67.03,2.431
2002-01-02,15.935,0.0,68.25,2.626
2002-01-03,15.964,0.001,69.0,2.296
2002-01-04,16.753,0.001,69.35,1.891
2002-01-05,17.404,0.003,69.84,1.867
2002-01-06,17.789,0.0,66.26,1.512
2002-01-07,17.419,0.003,64.83,1.459
2002-01-08,17.592,0.003,61.29,2.022
2002-01-09,17.008,0.002,57.41,2.573
2002-01-10,17.137,0.001,66.33,2.582
2002-01-11,16.31,0.001,63.86,2.252
2002-01-12,17.071,0.004,62.6,0.308
2002-01-13,17.913,0.0,62.92,0.532
2002-01-14,18.53,0.002,66.56,0.255
2002-01-15,19.372,0.004,65.48,2.023
2002-01-16,19.804,1.197,74.11,2.754
2002-01-17,19.272,0.679,80.52,0.978
2002-01-18,19.636,10.535,82.66,2.191
2002-01-19,19.416,0.816,81.33,0.946
2002-01-20,18.422,1.541,80.39,1.673
2002-01-21,16.883,0.062,79.25,2.501
2002-01-22,18.022,0.454,77.38,1.925
2002-01-23,17.23,0.037,65.62,2.895
2002-01-24,15.2,0.0,65.0,3.624
2002-01-25,14.891,0.001,66.27,2.369
2002-01-26,16.045,0.001,65.46,0.229
2002-01-27,18.004,6.673,65.68,3.48
2002-01-28,16.353,12.479,87.56,2.824
2002-01-29,16.327,0.252,76.41,1.252
2002-01-30,15.262,0.002,68.36,2.804
2002-01-31,15.944,0.002,70.95,2.545
2002-02-01,15.68,0.001,65.95,2.596
2002-02-02,16.128,0.0,67.31,2.944
2002-02-03,16.073,0.001,61.26,3.131
2002-02-04,15.884,0.003,64.57,1.919
2002-02-05,16.168,0.0,65.29,1.513
2002-02-06,18.045,0.072,62.56,0.587
2002-02-07,20.072,3.627,71.5,0.281
2002-02-08,16.871,5.326,90.58,1.228
2002-02-09,19.522,0.003,79.67,2.22
2002-02-10,20.071,0.0,77.5,2.27
2002-02-11,20.835,0.0,69.32,1.334
2002-02-12,21.149,0.001,70.92,2.564
2002-02-13,18.159,0.0,66.67,3.938
2002-02-14,17.511,0.001,71.2,2.843
2002-02-15,18.543,0.0,69.42,2.781
2002-02-16,19.352,0.003,69.34,2.357
2002-02-17,20.437,0.0,66.87,2.109
2002-02-18,21.057,0.001,67.72,2.758
2002-02-19,21.773,0.001,61.26,3.228
2002-02-20,21.715,0.002,58.29,2.579
2002-02-21,22.138,0.002,55.98,2.866
2002-02-22,21.695,0.002,56.07,1.172
2002-02-23,22.685,0.002,59.13,0.523
2002-02-24,24.22,0.002,58.7,0.992
2002-02-25,22.108,1.232,73.93,1.094
2002-02-26,21.452,0.017,55.53,3.88
2002-02-27,21.233,0.002,47.97,3.537
2002-02-28,21.638,0.0,54.28,2.377
2002-03-01,22.498,0.0,51.28,0.727
2002-03-02,23.682,0.936,52.88,1.388
2002-03-03,22.168,14.891,68.22,1.821
2002-03-04,20.516,0.002,53.33,3.393
2002-03-05,20.53,0.001,51.62,2.908
2002-03-06,20.522,0.001,51.39,1.921
2002-03-07,21.682,0.002,46.37,0.275
2002-03-08,22.815,0.001,48.86,1.64
2002-03-09,24.206,0.02,64.43,1.536
2002-03-10,25.691,0.001,60.36,0.507
2002-03-11,26.302,0.001,43.64,3.209
2002-03-12,24.275,0.001,37.67,3.058
2002-03-13,25.789,0.002,38.29,3.75
2002-03-14,26.914,0.0,34.08,4.614
2002-03-15,24.336,0.086,49.53,3.568
2002-03-16,24.869,0.001,41.56,3.371
2002-03-17,25.772,0.001,39.76,0.516
2002-03-18,26.709,0.0,41.2,0.165
2002-03-19,27.581,0.001,42.57,0.264
2002-03-20,28.221,0.0,44.45,0.486
2002-03-21,28.699,0.0,42.14,0.703
2002-03-22,28.032,0.046,40.07,1.303
2002-03-23,28.606,0.001,35.33,2.279
2002-03-24,27.726,0.001,44.83,0.365
2002-03-25,27.659,0.001,55.96,2.742
2002-03-26,26.839,0.853,66.35,2.499
2002-03-27,26.785,0.019,69.45,2.27
2002-03-28,27.836,0.097,50.16,0.164
2002-03-29,27.786,0.019,47.04,1.235
2002-03-30,26.501,0.292,53.99,3.265
2002-03-31,27.511,0.032,52.81,3.04
2002-04-01,27.753,0.093,55.27,4.179
2002-04-02,25.487,0.501,65.9,4.396
2002-04-03,23.858,5.858,67.76,3.15
2002-04-04,24.765,0.175,64.72,2.331
2002-04-05,27.61,0.007,53.22,1.474
2002-04-06,29.165,0.111,60.02,2.042
2002-04-07,30.009,0.09,60.43,2.49
2002-04-08,29.924,1.887,58.55,0.295
2002-04-09,31.058,0.003,32.11,4.223
2002-04-10,30.435,0.01,24.67,3.769
2002-04-11,29.229,0.001,36.22,2.363
2002-04-12,26.99,0.054,59.53,4.039
2002-04-13,28.755,0.001,45.5,1.551
2002-04-14,30.506,0.009,44.4,1.308
2002-04-15,29.652,0.513,61.36,3.199
2002-04-16,30.303,0.098,58.17,2.205
2002-04-17,30.272,0.009,59.78,2.768
2002-04-18,32.608,0.0,38.47,0.844
2002-04-19,33.253,0.001,33.65,0.652
2002-04-20,31.696,0.624,53.23,4.33
2002-04-21,29.673,0.041,60.67,4.335
2002-04-22,28.74,0.444,58.88,5.066
2002-04-23,27.7,0.357,65.05,5.166
2002-04-24,27.623,0.106,66.32,4.624
2002-04-25,28.013,0.112,67.02,4.355
2002-04-26,26.613,6.977,73.49,3.147
2002-04-27,27.092,0.618,64.78,1.663
2002-04-28,29.266,0.002,57.86,4.087
2002-04-29,26.989,0.478,64.0,5.821
2002-04-30,27.095,0.022,63.7,2.992
2002-05-01,26.932,0.141,69.25,4.314
2002-05-02,24.889,0.275,74.82,4.918
2002-05-03,25.828,0.207,71.99,4.247
2002-05-04,26.486,0.064,68.47,3.972
2002-05-05,26.927,1.258,69.65,4.327
2002-05-06,27.298,0.866,68.1,3.536
2002-05-07,29.333,0.319,57.61,2.446
2002-05-08,30.27,0.614,60.59,2.569
2002-05-09,31.711,0.249,57.25,3.115
2002-05-10,30.873,1.349,62.25,3.974
2002-05-11,28.822,7.574,72.94,3.627
2002-05-12,28.558,1.926,74.93,3.337
2002-05-13,30.72,13.269,66.1,3.182
2002-05-14,27.622,13.862,84.15,3.295
2002-05-15,27.672,1.195,77.29,3.938
2002-05-16,29.973,0.303,66.27,2.701
2002-05-17,31.121,1.744,62.87,1.863
2002-05-18,29.576,5.262,71.77,2.876
2002-05-19,30.284,0.0,65.19,3.663
2002-05-20,32.203,0.704,65.04,1.273
2002-05-21,32.271,1.834,64.18,1.445
2002-05-22,30.869,0.029,65.27,3.776
2002-05-23,27.516,0.3,74.93,4.997
2002-05-24,28.539,5.542,71.13,3.671
2002-05-25,26.057,7.602,81.68,3.633
2002-05-26,26.096,13.696,77.98,2.481
2002-05-27,24.632,12.536,86.41,2.697
2002-05-28,26.15,1.987,79.19,2.301
2002-05-29,27.672,0.379,72.46,2.637
2002-05-30,28.059,7.476,77.56,1.727
2002-05-31,27.86,2.859,78.55,1.975
2002-06-01,28.689,0.912,77.59,2.111
2002-06-02,29.226,1.412,78.49,2.401
2002-06-03,29.178,3.28,78.04,2.575
2002-06-04,28.616,3.385,76.53,3.809
2002-06-05,28.108,0.733,78.73,4.01
2002-06-06,28.698,1.76,73.39,3.332
2002-06-07,28.787,2.605,75.62,2.912
2002-06-08,28.942,10.093,78.69,3.354
2002-06-09,28.806,8.581,81.26,2.872
2002-06-10,26.77,8.978,89.12,3.574
2002-06-11,25.982,11.834,91.84,3.833
2002-06-12,25.674,6.332,93.12,2.865
2002-06-13,26.829,2.957,86.56,2.17
2002-06-14,29.074,4.02,78.91,2.176
2002-06-15,27.83,4.121,85.39,2.848
2002-06-16,28.849,4.712,79.27,2.716
2002-06-17,28.304,6.42,82.51,1.828
2002-06-18,28.892,5.961,83.14,1.33
2002-06-19,28.484,7.351,85.32,1.963
2002-06-20,28.405,3.675,84.7,2.49
2002-06-21,28.642,1.008,82.12,2.196
2002-06-22,28.364,10.138,82.03,2.95
2002-06-23,27.34,4.191,85.11,6.427
2002-06-24,29.032,3.051,78.58,4.606
2002-06-25,27.7,5.775,83.81,4.475
2002-06-26,26.554,2.857,89.89,3.613
2002-06-27,29.001,1.5,79.58,1.511
2002-06-28,29.519,11.811,80.78,1.061
2002-06-29,28.871,14.934,84.19,0.602
2002-06-30,29.356,7.983,83.82,0.726
2002-07-01,28.134,11.915,88.03,1.034
2002-07-02,27.613,9.795,89.1,0.465
2002-07-03,27.691,8.562,88.25,0.463
2002-07-04,26.584,78.52,94.15,0.41
2002-07-05,26.71,17.431,92.72,1.879
2002-07-06,26.837,14.052,91.89,2.009
2002-07-07,29.825,3.303,81.51,0.959
2002-07-08,30.694,1.574,77.08,0.495
2002-07-09,30.908,0.716,77.1,0.485
2002-07-10,30.751,0.896,78.86,0.04
2002-07-11,31.574,0.001,68.48,1.853
2002-07-12,32.205,0.27,65.26,1.272
2002-07-13,31.339,1.117,75.11,1.272
2002-07-14,29.158,10.272,86.08,2.567
2002-07-15,27.93,14.22,89.58,1.058
2002-07-16,29.379,4.05,80.62,2.371
2002-07-17,29.339,9.711,81.13,3.341
2002-07-18,28.862,3.563,81.98,3.625
2002-07-19,28.415,10.679,86.58,2.745
2002-07-20,28.292,12.876,86.69,0.85
2002-07-21,26.269,107.194,95.08,3.446
2002-07-22,26.983,22.248,88.64,2.911
2002-07-23,29.455,3.206,74.57,3.528
2002-07-24,30.515,0.559,72.22,1.983
2002-07-25,30.242,0.476,74.86,1.601
2002-07-26,29.472,9.207,80.78,1.056
2002-07-27,30.424,0.549,78.21,0.603
2002-07-28,30.227,2.141,78.93,1.325
2002-07-29,28.33,26.226,87.41,2.791
2002-07-30,26.32,12.814,92.55,2.935
2002-07-31,27.984,4.031,85.22,2.827
2002-08-01,28.453,5.791,83.03,2.825
2002-08-02,27.503,13.768,87.31,2.909
2002-08-03,26.874,11.454,89.57,2.756
2002-08-04,28.526,2.373,82.66,2.551
2002-08-05,28.505,8.194,84.85,2.106
2002-08-06,29.336,2.287,80.24,2.579
2002-08-07,29.641,3.801,81.42,1.859
2002-08-08,29.659,2.726,81.93,2.111
2002-08-09,28.905,11.832,83.55,2.01
2002-08-10,28.163,7.065,84.19,2.989
2002-08-11,27.117,10.449,90.28,2.986
2002-08-12,26.359,9.484,92.66,3.634
2002-08-13,25.812,7.044,93.6,4.611
2002-08-14,26.635,8.789,89.22,3.374
2002-08-15,27.12,10.606,87.12,3.44
2002-08-16,26.454,11.016,89.71,4.005
2002-08-17,27.031,3.085,84.58,4.517
2002-08-18,26.926,15.184,87.89,4.137
2002-08-19,27.118,7.935,87.46,2.938
2002-08-20,26.829,6.244,85.42,3.757
2002-08-21,26.384,4.541,84.42,3.918
2002-08-22,28.264,3.897,79.5,4.041
2002-08-23,26.805,7.703,86.16,5.229
2002-08-24,27.064,2.705,86.67,3.495
2002-08-25,28.79,2.702,83.48,1.09
2002-08-26,29.374,1.913,77.67,2.25
2002-08-27,27.972,11.076,84.79,1.259
2002-08-28,28.272,4.169,84.46,0.927
2002-08-29,27.844,7.589,83.81,3.147
2002-08-30,28.235,1.434,79.11,3.689
2002-08-31,28.077,1.884,81.54,3.291
2002-09-01,28.473,1.865,81.47,3.016
2002-09-02,27.744,5.962,82.65,2.664
2002-09-03,27.63,9.154,82.56,2.832
2002-09-04,27.683,3.564,82.07,2.99
2002-09-05,28.031,7.383,82.59,2.666
2002-09-06,28.549,2.65,81.53,2.42
2002-09-07,28.876,1.968,80.8,2.495
2002-09-08,29.149,6.155,82.12,1.711
2002-09-09,27.464,18.431,86.23,3.032
2002-09-10,26.905,5.486,83.29,4.98
2002-09-11,24.921,33.77,93.38,5.65
2002-09-12,26.218,4.503,88.0,3.465
2002-09-13,28.087,0.55,79.12,1.763
2002-09-14,28.253,6.029,83.43,0.911
2002-09-15,28.476,2.829,83.09,1.214
2002-09-16,28.105,1.348,79.77,1.22
2002-09-17,27.148,4.172,82.88,0.937
2002-09-18,26.825,1.439,83.29,0.906
2002-09-19,28.011,0.005,76.58,1.664
2002-09-20,28.892,1.205,77.7,0.326
2002-09-21,27.496,13.447,88.26,1.248
2002-09-22,26.802,21.008,87.86,2.056
2002-09-23,25.813,19.801,90.49,2.277
2002-09-24,25.059,15.077,91.28,3.21
2002-09-25,24.501,20.442,94.98,3.06
2002-09-26,25.147,5.148,93.08,1.819
2002-09-27,26.186,9.441,88.23,1.497
2002-09-28,26.112,10.179,90.62,1.063
2002-09-29,26.966,5.694,86.06,0.201
2002-09-30,27.993,0.959,82.22,0.924
2002-10-01,27.787,0.426,78.72,1.749
2002-10-02,26.855,0.006,74.25,1.735
2002-10-03,26.727,0.001,73.12,1.397
2002-10-04,26.933,0.134,75.86,0.906
2002-10-05,27.244,0.516,80.39,1.013
2002-10-06,28.176,0.699,79.14,0.147
2002-10-07,27.976,0.368,78.82,1.145
2002-10-08,26.866,3.121,84.51,1.644
2002-10-09,25.831,4.509,85.78,1.171
2002-10-10,26.693,0.956,82.51,0.785
2002-10-11,26.526,1.109,82.51,0.416
2002-10-12,26.128,1.823,82.89,1.883
2002-10-13,26.047,1.5,82.74,1.149
2002-10-14,26.155,2.25,81.72,2.246
2002-10-15,26.133,1.036,82.2,1.764
2002-10-16,27.175,0.213,76.39,0.366
2002-10-17,24.65,26.182,83.4,1.045
2002-10-18,22.737,27.085,84.85,1.584
2002-10-19,24.132,0.323,79.08,1.566
2002-10-20,24.348,0.095,77.51,2.078
2002-10-21,24.787,0.069,74.93,1.821
2002-10-22,25.082,0.111,75.44,0.852
2002-10-23,24.967,0.313,79.32,0.739
2002-10-24,24.751,0.103,76.65,1.03
2002-10-25,23.432,0.003,72.84,1.731
2002-10-26,22.883,0.001,68.25,2.269
2002-10-27,22.575,0.0,69.36,2.4
2002-10-28,22.525,0.0,70.36,2.055
2002-10-29,22.83,0.0,70.68,1.092
2002-10-30,23.079,0.001,68.25,0.816
2002-10-31,23.815,0.0,67.97,0.459
2002-11-01,23.714,0.0,72.14,0.668
2002-11-02,23.865,0.001,72.43,1.899
2002-11-03,23.984,0.003,71.16,1.13
2002-11-04,23.845,0.045,73.32,0.95
2002-11-05,23.487,0.405,76.68,0.814
2002-11-06,23.716,0.048,72.61,1.277
2002-11-07,24.652,0.006,70.08,0.507
2002-11-08,24.087,0.002,71.23,1.526
2002-11-09,23.828,0.002,72.18,1.769
2002-11-10,24.109,0.001,70.24,1.803
2002-11-11,24.363,0.0,67.32,1.067
2002-11-12,23.06,0.067,72.18,2.973
2002-11-13,22.367,0.139,74.74,2.707
2002-11-14,21.638,0.002,63.52,3.398
2002-11-15,20.678,0.002,64.6,2.4
2002-11-16,21.221,0.0,64.22,2.52
2002-11-17,21.675,0.003,63.87,2.344
2002-11-18,21.612,0.0,63.55,2.458
2002-11-19,20.997,0.0,65.36,2.133
2002-11-20,21.679,0.0,62.75,0.395
2002-11-21,21.753,0.149,71.7,0.363
2002-11-22,21.817,0.0,68.81,1.608
2002-11-23,21.504,0.0,67.03,1.103
2002-11-24,21.542,0.001,65.36,1.721
2002-11-25,21.468,0.002,66.0,1.651
2002-11-26,21.599,0.0,69.06,1.855
2002-11-27,21.978,0.02,68.81,2.036
2002-11-28,22.165,0.001,66.14,2.319
2002-11-29,21.529,0.002,60.99,2.555
2002-11-30,20.107,0.001,61.54,2.312
2002-12-01,19.386,0.003,54.44,2.72
2002-12-02,19.543,0.0,61.68,2.352
2002-12-03,19.414,0.0,62.94,2.44
2002-12-04,18.872,0.0,61.74,2.246
2002-12-05,17.898,0.003,61.19,2.085
2002-12-06,18.536,0.0,59.24,2.172
2002-12-07,18.426,0.001,59.8,2.465
2002-12-08,18.525,0.001,63.19,2.469
2002-12-09,18.56,0.001,61.22,2.371
2002-12-10,18.056,0.001,57.12,2.453
2002-12-11,17.87,0.0,57.11,1.988
2002-12-12,18.554,0.002,62.3,1.758
2002-12-13,19.29,0.0,63.06,2.117
2002-12-14,19.448,0.001,66.08,2.071
2002-12-15,19.3,0.0,68.71,1.675
2002-12-16,19.219,0.007,68.42,1.843
2002-12-17,19.75,0.001,65.82,2.156
2002-12-18,19.596,0.001,70.13,0.939
2002-12-19,19.349,0.0,73.52,0.113
2002-12-20,19.599,0.0,70.99,1.931
2002-12-21,19.072,0.004,71.49,2.4
2002-12-22,18.468,0.002,72.58,0.691
2002-12-23,18.284,0.003,72.62,0.796
2002-12-24,18.392,0.233,71.33,0.367
2002-12-25,17.862,0.742,76.08,0.768
2002-12-26,18.067,0.046,70.88,2.365
2002-12-27,17.065,0.006,69.83,2.704
2002-12-28,16.498,0.003,69.26,2.86
2002-12-29,15.07,0.003,69.03,1.949
2002-12-30,15.529,0.002,67.89,0.367
2002-12-31,16.316,8.957,67.85,2.062
2003-01-01,16.204,0.308,77.38,1.279
2003-01-02,15.77,0.001,79.05,2.083
2003-01-03,16.292,0.001,74.73,2.744
2003-01-04,15.411,0.0,70.83,3.503
2003-01-05,14.852,0.0,74.26,3.226
2003-01-06,14.234,0.0,77.59,2.562
2003-01-07,13.34,0.001,78.48,2.785
2003-01-08,13.022,0.007,77.75,2.733
2003-01-09,12.592,0.005,77.08,2.238
2003-01-10,12.906,0.001,75.22,2.948
2003-01-11,13.548,0.001,76.77,2.655
2003-01-12,12.685,0.003,73.37,2.758
2003-01-13,12.848,-0.0,75.89,2.678
2003-01-14,13.072,0.001,74.46,2.605
2003-01-15,13.685,0.001,75.24,2.51
2003-01-16,14.369,0.0,76.67,2.517
2003-01-17,14.834,0.001,74.59,2.344
2003-01-18,14.895,0.001,73.86,2.315
2003-01-19,14.044,0.001,73.2,2.629
2003-01-20,13.054,0.0,71.68,2.863
2003-01-21,12.817,0.001,73.38,2.827
2003-01-22,13.205,0.002,76.36,2.599
2003-01-23,13.724,0.001,75.22,2.543
2003-01-24,15.044,0.001,72.06,1.765
2003-01-25,15.887,0.001,73.02,0.964
2003-01-26,15.893,0.001,74.21,2.201
2003-01-27,16.94,0.002,74.28,0.256
2003-01-28,18.467,2.693,73.06,0.174
2003-01-29,17.165,8.086,88.93,1.044
2003-01-30,16.753,0.055,78.39,2.169
2003-01-31,18.61,4.649,71.52,1.174
2003-02-01,15.906,23.585,88.15,3.109
2003-02-02,16.782,1.044,85.11,1.078
2003-02-03,18.621,0.005,81.2,2.598
2003-02-04,17.885,0.078,82.3,2.225
2003-02-05,18.386,0.218,80.29,2.427
2003-02-06,18.243,0.124,77.89,2.769
2003-02-07,18.413,0.002,74.98,0.756
2003-02-08,18.884,0.0,76.0,1.218
2003-02-09,19.784,0.011,75.71,0.957
2003-02-10,20.032,0.095,72.7,0.77
2003-02-11,20.015,1.42,76.56,0.384
2003-02-12,19.313,0.505,79.6,1.613
2003-02-13,17.808,0.001,66.07,2.887
2003-02-14,18.08,0.001,68.69,2.664
2003-02-15,18.595,0.001,65.15,0.771
2003-02-16,18.953,0.005,66.52,0.787
2003-02-17,20.03,0.003,64.42,1.012
2003-02-18,21.892,0.003,64.16,1.857
2003-02-19,20.381,8.35,82.62,2.325
2003-02-20,19.762,0.24,78.03,2.385
2003-02-21,18.198,0.001,63.53,3.517
2003-02-22,18.485,0.001,68.98,1.579
2003-02-23,19.624,0.003,69.22,1.533
2003-02-24,20.787,0.002,67.53,1.843
2003-02-25,21.453,0.239,67.71,1.888
2003-02-26,21.122,0.007,70.95,0.664
2003-02-27,21.585,0.219,72.97,1.859
2003-02-28,22.153,0.047,71.5,2.055
2003-03-01,23.17,0.082,69.57,1.926
2003-03-02,23.982,0.0,69.11,0.412
2003-03-03,26.695,0.001,56.41,2.661
2003-03-04,22.623,0.0,29.81,6.776
2003-03-05,18.726,0.002,39.35,4.523
2003-03-06,19.353,0.0,45.74,2.924
2003-03-07,20.65,0.001,37.27,3.304
2003-03-08,20.483,0.001,38.26,2.855
2003-03-09,21.403,0.0,45.43,0.887
2003-03-10,23.23,0.301,44.73,1.062
2003-03-11,23.954,0.296,63.63,2.864
2003-03-12,20.568,22.654,83.95,3.041
2003-03-13,20.297,1.958,80.12,1.542
2003-03-14,22.457,0.027,71.02,0.762
2003-03-15,22.205,0.776,79.59,1.474
2003-03-16,24.289,0.002,67.73,1.166
2003-03-17,24.286,0.154,72.18,1.668
2003-03-18,22.989,1.301,74.72,2.302
2003-03-19,23.59,0.721,60.61,0.274
2003-03-20,23.989,0.0,50.16,1.722
2003-03-21,23.783,0.002,58.53,2.079
2003-03-22,24.151,0.002,62.05,1.767
2003-03-23,25.613,0.0,58.3,1.021
2003-03-24,26.843,0.07,54.62,1.179
2003-03-25,27.054,0.289,55.97,1.173
2003-03-26,26.478,0.976,62.36,1.624
2003-03-27,26.689,0.17,61.53,2.146
2003-03-28,27.047,0.123,59.07,1.571
2003-03-29,28.155,0.005,53.81,1.894
2003-03-30,28.133,0.543,57.62,1.365
2003-03-31,27.847,0.022,54.5,1.241
2003-04-01,27.564,0.003,43.39,1.2
2003-04-02,27.411,0.001,42.56,0.937
2003-04-03,28.21,0.024,51.84,2.716
2003-04-04,28.214,0.735,58.69,3.641
2003-04-05,26.89,17.239,71.06,1.163
2003-04-06,28.451,0.002,51.2,1.813
2003-04-07,28.611,0.002,31.77,3.188
2003-04-08,28.799,0.002,28.75,3.127
2003-04-09,29.295,0.0,28.4,1.933
2003-04-10,29.804,0.003,33.71,1.015
2003-04-11,30.687,0.003,37.83,0.877
2003-04-12,30.726,0.003,38.85,0.587
2003-04-13,30.829,0.0,47.45,2.512
2003-04-14,29.961,1.393,54.66,3.404
2003-04-15,30.357,0.904,49.83,2.393
2003-04-16,29.719,1.173,57.98,3.347
2003-04-17,29.873,0.263,55.69,1.367
2003-04-18,31.018,0.002,49.58,2.784
2003-04-19,31.311,0.008,54.89,3.252
2003-04-20,31.413,0.56,50.37,1.584
2003-04-21,30.179,1.646,52.59,1.877
2003-04-22,29.927,0.061,51.22,2.274
2003-04-23,29.418,0.022,56.93,3.788
2003-04-24,31.343,0.044,53.76,3.254
2003-04-25,31.801,0.209,56.95,3.22
2003-04-26,28.505,0.241,68.04,4.696
2003-04-27,29.72,0.474,62.46,4.325
2003-04-28,28.816,4.318,62.22,2.857
2003-04-29,27.851,5.14,70.51,2.628
2003-04-30,27.673,1.272,66.58,2.508
2003-05-01,28.125,1.172,63.17,2.608
2003-05-02,26.248,0.274,73.5,4.09
2003-05-03,26.903,0.553,76.77,3.64
2003-05-04,30.284,0.006,51.4,0.672
2003-05-05,31.804,0.0,18.64,3.358
2003-05-06,32.262,0.0,16.37,1.713
2003-05-07,33.067,0.007,24.3,1.052
2003-05-08,30.069,5.276,57.64,3.247
2003-05-09,29.354,3.606,58.41,3.079
2003-05-10,28.944,1.239,60.26,3.02
2003-05-11,28.571,1.317,60.63,3.269
2003-05-12,28.423,0.363,63.09,4.496
2003-05-13,30.252,0.095,60.58,3.364
2003-05-14,30.534,2.443,62.25,3.04
2003-05-15,30.279,1.01,62.55,3.476
2003-05-16,30.183,0.364,65.58,3.925
2003-05-17,31.995,0.002,53.77,3.129
2003-05-18,30.216,0.322,63.48,4.741
2003-05-19,29.973,0.133,62.17,4.884
2003-05-20,31.505,0.438,57.77,3.301
2003-05-21,28.738,1.207,71.53,5.084
2003-05-22,27.019,0.593,76.17,4.244
2003-05-23,28.301,0.341,69.03,2.748
2003-05-24,31.265,0.229,62.68,2.379
2003-05-25,33.006,0.017,50.08,0.856
2003-05-26,34.737,0.0,31.42,3.059
2003-05-27,34.725,0.002,28.2,2.388
2003-05-28,33.943,0.003,40.35,1.013
2003-05-29,33.746,0.002,47.78,2.21
2003-05-30,33.586,0.0,50.75,3.264
2003-05-31,34.503,0.001,49.2,3.719
2003-06-01,34.842,0.129,51.37,3.748
2003-06-02,34.893,0.08,52.1,3.85
2003-06-03,33.822,1.333,57.26,3.969
2003-06-04,31.251,2.053,67.56,4.327
2003-06-05,32.07,2.291,62.72,3.132
2003-06-06,28.736,7.268,71.55,3.927
2003-06-07,29.107,3.037,71.96,3.079
2003-06-08,29.266,18.539,74.84,2.716
2003-06-09,28.273,13.688,80.53,2.049
2003-06-10,29.083,9.708,77.94,2.866
2003-06-11,29.535,0.615,75.75,3.867
2003-06-12,30.287,0.086,74.14,3.291
2003-06-13,30.214,0.254,74.5,3.429
2003-06-14,29.315,4.216,75.91,4.024
2003-06-15,28.137,0.457,78.85,3.588
2003-06-16,29.075,1.177,76.56,3.598
2003-06-17,30.837,0.285,68.42,2.988
2003-06-18,27.765,11.122,84.02,3.664
2003-06-19,28.33,5.104,79.91,3.812
2003-06-20,28.627,4.784,78.86,3.087
2003-06-21,28.759,8.696,77.54,2.472
2003-06-22,26.593,15.545,86.87,2.646
2003-06-23,26.604,20.614,91.14,2.93
2003-06-24,26.302,8.494,92.61,3.002
2003-06-25,28.265,12.587,86.08,1.952
2003-06-26,28.487,14.723,85.36,1.202
2003-06-27,27.279,24.12,90.09,1.241
2003-06-28,26.788,21.672,90.07,2.489
2003-06-29,27.023,40.365,90.71,1.989
2003-06-30,27.742,11.075,87.5,0.619
2003-07-01,27.405,15.93,88.5,3.113
2003-07-02,27.343,11.643,87.71,2.907
2003-07-03,27.945,13.394,85.73,2.628
2003-07-04,27.284,13.934,88.65,3.013
2003-07-05,27.913,5.252,84.85,2.758
2003-07-06,29.146,1.267,79.39,2.416
2003-07-07,29.396,11.551,80.32,1.651
2003-07-08,28.384,13.908,86.34,1.707
2003-07-09,26.899,28.517,91.64,2.307
2003-07-10,27.965,3.065,83.76,2.54
2003-07-11,27.621,7.175,86.01,2.661
2003-07-12,27.192,14.976,89.48,1.691
2003-07-13,27.587,19.932,87.88,1.826
2003-07-14,26.618,14.153,90.78,2.73
2003-07-15,27.5,5.543,86.77,3.432
2003-07-16,28.331,4.045,82.15,3.694
2003-07-17,29.015,1.754,81.3,3.165
2003-07-18,29.6,0.808,76.77,2.2
2003-07-19,29.592,0.597,76.22,2.468
2003-07-20,29.227,2.645,78.45,3.115
2003-07-21,28.381,3.246,82.86,3.101
2003-07-22,27.87,5.324,85.16,2.916
2003-07-23,29.515,2.6,82.3,1.91
2003-07-24,29.579,25.383,83.57,0.157
2003-07-25,27.913,15.11,89.55,2.714
2003-07-26,29.248,3.099,77.33,6.453
2003-07-27,28.324,3.526,79.98,6.306
2003-07-28,28.145,10.754,84.9,2.922
2003-07-29,27.523,20.704,88.81,2.199
2003-07-30,27.798,10.063,86.75,1.844
2003-07-31,26.499,23.234,92.39,1.855
2003-08-01,27.345,8.31,86.2,3.372
2003-08-02,27.193,6.561,86.76,3.779
2003-08-03,28.797,1.441,80.71,2.694
2003-08-04,30.154,0.261,75.0,1.939
2003-08-05,30.138,2.054,78.03,1.331
2003-08-06,30.382,1.1,79.7,1.394
2003-08-07,30.871,0.732,74.93,2.086
2003-08-08,30.168,0.999,78.27,2.351
2003-08-09,29.518,4.951,81.03,2.414
2003-08-10,28.723,8.478,83.23,2.355
2003-08-11,27.793,13.48,87.1,2.742
2003-08-12,27.534,16.565,88.74,3.32
2003-08-13,28.238,6.017,84.57,3.154
2003-08-14,28.543,6.114,83.1,3.414
2003-08-15,27.636,4.422,87.85,3.654
2003-08-16,28.807,1.487,84.02,2.421
2003-08-17,28.628,24.248,86.79,1.35
2003-08-18,27.098,37.632,91.8,2.539
2003-08-19,26.914,14.439,90.58,2.444
2003-08-20,27.702,6.761,86.69,2.113
2003-08-21,29.502,5.45,83.98,0.827
2003-08-22,28.611,2.947,82.61,4.174
2003-08-23,27.471,13.325,85.91,5.064
2003-08-24,27.71,5.972,85.89,2.97
2003-08-25,28.589,3.995,84.8,1.812
2003-08-26,28.946,10.882,83.22,0.629
2003-08-27,28.41,3.333,82.58,3.347
2003-08-28,28.383,2.89,79.85,5.045
2003-08-29,27.958,3.176,83.78,4.251
2003-08-30,27.683,2.981,85.87,3.079
2003-08-31,27.872,4.337,85.89,2.47
2003-09-01,27.419,11.745,87.21,3.621
2003-09-02,27.601,2.907,84.04,4.831
2003-09-03,28.003,3.375,83.12,3.941
2003-09-04,28.021,3.575,83.89,3.317
2003-09-05,28.329,8.414,83.39,3.209
2003-09-06,27.867,4.643,82.04,4.788
2003-09-07,27.24,7.337,84.57,4.798
2003-09-08,27.07,8.184,86.44,4.262
2003-09-09,27.35,14.653,86.28,3.652
2003-09-10,28.617,1.05,80.58,2.699
2003-09-11,28.529,9.064,85.53,1.567
2003-09-12,27.291,12.35,88.35,2.304
2003-09-13,27.547,11.951,86.55,2.67
2003-09-14,27.052,10.335,89.11,2.98
2003-09-15,26.989,9.576,88.81,2.871
2003-09-16,27.539,9.444,86.35,2.361
2003-09-17,27.35,12.054,88.26,2.417
2003-09-18,27.696,2.139,85.97,2.297
2003-09-19,27.701,4.053,85.35,2.303
2003-09-20,27.458,6.227,85.78,2.436
2003-09-21,27.058,11.604,86.96,2.123
2003-09-22,26.475,14.52,91.22,2.222
2003-09-23,26.908,9.216,87.85,2.199
2003-09-24,26.528,5.16,90.01,2.363
2003-09-25,27.145,3.151,85.45,1.863
2003-09-26,27.265,4.196,84.58,1.377
2003-09-27,27.66,3.184,82.92,1.356
2003-09-28,27.066,9.154,86.27,1.221
2003-09-29,26.524,9.791,88.98,1.476
2003-09-30,27.715,2.251,83.05,0.527
2003-10-01,26.989,7.758,86.84,1.423
2003-10-02,27.299,2.416,83.72,0.436
2003-10-03,27.402,1.127,82.59,1.104
2003-10-04,27.331,2.207,83.92,0.746
2003-10-05,27.607,2.126,82.5,0.965
2003-10-06,27.322,0.95,82.17,2.55
2003-10-07,25.11,1.851,80.93,4.319
2003-10-08,23.276,50.051,91.2,5.279
2003-10-09,22.634,49.687,95.46,2.389
2003-10-10,25.477,0.533,80.33,2.287
2003-10-11,26.093,0.089,78.05,1.563
2003-10-12,25.698,0.001,77.2,1.435
2003-10-13,25.029,0.001,74.52,2.02
2003-10-14,23.598,0.0,69.95,2.147
2003-10-15,24.27,0.001,73.43,1.459
2003-10-16,25.281,0.003,74.63,1.008
2003-10-17,25.817,0.001,75.88,1.474
2003-10-18,26.393,0.13,77.25,1.268
2003-10-19,26.646,0.27,79.92,1.346
2003-10-20,26.081,0.077,76.44,1.924
2003-10-21,25.324,0.003,73.05,1.683
2003-10-22,25.758,0.009,68.89,0.874
2003-10-23,25.336,7.791,79.27,0.369
2003-10-24,22.053,92.186,91.2,2.328
2003-10-25,21.211,43.576,91.33,3.314
2003-10-26,22.011,17.42,96.01,2.882
2003-10-27,24.088,0.463,85.24,0.615
2003-10-28,24.924,0.607,85.4,0.272
2003-10-29,25.447,0.064,80.59,1.652
2003-10-30,25.303,0.055,79.54,2.133
2003-10-31,24.511,0.029,79.68,1.435
2003-11-01,24.266,0.073,76.21,0.932
2003-11-02,24.186,0.053,73.91,0.926
2003-11-03,23.409,0.002,73.86,1.768
2003-11-04,23.438,0.002,73.95,2.157
2003-11-05,23.205,0.002,72.22,1.923
2003-11-06,23.009,0.0,67.38,2.082
2003-11-07,23.149,0.002,67.83,1.36
2003-11-08,22.97,0.0,70.41,1.622
2003-11-09,22.939,0.003,68.86,2.028
2003-11-10,22.238,0.001,71.54,1.356
2003-11-11,22.591,0.003,73.35,0.441
2003-11-12,21.491,0.051,77.03,0.709
2003-11-13,21.754,0.021,76.1,1.116
2003-11-14,21.78,0.0,74.34,1.628
2003-11-15,21.595,0.001,71.93,2.427
2003-11-16,20.494,0.001,69.58,2.283
2003-11-17,20.421,0.002,71.97,1.177
2003-11-18,21.327,0.002,72.01,1.407
2003-11-19,21.856,0.001,67.74,2.518
2003-11-20,21.076,0.0,60.16,3.141
2003-11-21,18.446,0.0,62.12,2.271
2003-11-22,18.849,0.0,65.5,2.045
2003-11-23,19.329,0.0,67.92,1.216
2003-11-24,19.979,0.0,67.18,1.894
2003-11-25,19.334,0.001,64.26,2.403
2003-11-26,18.225,0.0,63.35,1.803
2003-11-27,17.977,0.002,62.76,2.128
2003-11-28,17.312,-0.0,61.56,1.512
2003-11-29,17.483,0.001,63.99,1.205
2003-11-30,17.572,0.002,64.43,2.13
2003-12-01,17.587,0.001,63.83,2.466
2003-12-02,17.572,0.001,62.9,2.166
2003-12-03,17.38,0.001,66.3,2.023
2003-12-04,17.624,0.003,65.94,1.575
2003-12-05,18.717,0.0,64.85,0.964
2003-12-06,18.899,0.001,65.99,0.833
2003-12-07,19.339,0.001,66.57,0.208
2003-12-08,19.179,0.001,68.2,0.739
2003-12-09,19.336,0.001,68.81,0.759
2003-12-10,19.455,0.001,68.89,0.644
2003-12-11,20.047,0.0,64.01,0.928
2003-12-12,19.24,0.002,66.47,1.429
2003-12-13,18.787,0.001,69.22,1.706
2003-12-14,19.043,0.0,68.72,1.24
2003-12-15,19.091,0.003,70.56,0.706
2003-12-16,18.025,0.049,81.15,0.432
2003-12-17,18.015,0.001,76.38,0.796
2003-12-18,19.057,0.001,70.88,1.37
2003-12-19,18.935,0.0,64.99,2.333
2003-12-20,18.281,0.001,66.54,2.628
2003-12-21,17.226,0.001,68.18,2.325
2003-12-22,16.643,0.001,66.76,2.383
2003-12-23,16.369,0.0,61.72,2.608
2003-12-24,16.172,0.001,62.24,3.046
2003-12-25,15.661,0.0,64.43,2.636
2003-12-26,15.077,0.002,64.07,2.179
2003-12-27,16.671,1.168,56.75,0.938
2003-12-28,14.41,3.521,82.88,1.531
2003-12-29,15.163,0.009,71.15,2.433
2003-12-30,14.336,0.0,73.05,2.324
2003-12-31,14.47,0.001,75.97,2.451
2004-01-01,14.461,0.0,76.51,2.542
2004-01-02,14.124,0.0,76.62,2.526
2004-01-03,13.652,0.0,78.01,2.316
2004-01-04,13.546,0.0,77.96,2.323
2004-01-05,14.358,0.001,75.52,1.885
2004-01-06,14.763,0.224,76.84,2.461
2004-01-07,15.189,0.001,74.59,2.69
2004-01-08,15.117,0.002,75.88,3.303
2004-01-09,14.511,0.002,71.45,2.728
2004-01-10,15.166,0.001,72.5,2.019
2004-01-11,15.646,0.002,73.38,2.071
2004-01-12,16.06,0.001,74.48,2.114
2004-01-13,15.927,0.0,74.04,2.15
2004-01-14,15.877,0.002,73.16,1.803
2004-01-15,16.627,0.002,71.96,0.631
2004-01-16,16.916,0.173,75.42,0.998
2004-01-17,16.836,0.005,72.94,1.279
2004-01-18,17.703,0.017,72.14,0.386
2004-01-19,17.452,0.0,74.05,2.009
2004-01-20,17.186,0.01,75.93,1.218
2004-01-21,17.415,0.001,72.51,1.192
2004-01-22,18.525,0.002,74.88,0.889
2004-01-23,17.854,10.585,87.53,2.108
2004-01-24,16.365,17.062,92.8,1.202
2004-01-25,15.803,0.039,75.39,2.918
2004-01-26,15.064,0.001,74.85,2.272
2004-01-27,14.639,0.002,71.12,2.357
2004-01-28,14.75,0.0,72.9,1.403
2004-01-29,15.038,0.003,73.85,1.042
2004-01-30,16.378,0.001,73.26,0.53
2004-01-31,17.269,1.177,80.15,1.728
2004-02-01,18.343,0.026,77.43,1.893
2004-02-02,16.371,0.0,66.23,4.069
2004-02-03,14.961,0.005,65.03,3.747
2004-02-04,14.46,0.0,69.46,1.693
2004-02-05,15.408,0.001,64.46,0.628
2004-02-06,15.507,0.001,67.65,1.653
2004-02-07,15.632,0.001,63.75,1.651
2004-02-08,16.082,0.001,65.13,1.665
2004-02-09,16.754,0.002,67.06,1.583
2004-02-10,17.883,0.001,65.77,1.127
2004-02-11,18.871,0.001,65.5,0.685
2004-02-12,19.376,0.0,68.35,0.839
2004-02-13,20.185,0.001,67.44,1.626
2004-02-14,19.908,0.002,62.13,2.472
2004-02-15,19.537,0.008,65.96,1.735
2004-02-16,19.284,0.0,65.91,1.587
2004-02-17,20.187,0.001,65.95,1.098
2004-02-18,20.802,0.001,67.67,0.45
2004-02-19,21.28,0.025,66.68,1.826
2004-02-20,20.82,0.032,68.08,1.065
2004-02-21,20.717,0.034,68.95,0.515
2004-02-22,20.598,0.002,56.88,2.554
2004-02-23,21.109,0.002,59.1,0.682
2004-02-24,21.93,0.0,60.93,0.607
2004-02-25,22.695,0.002,62.89,0.994
2004-02-26,22.93,0.003,60.37,1.483
2004-02-27,23.453,0.0,58.5,1.698
2004-02-28,25.082,0.001,51.54,3.044
2004-02-29,26.385,0.001,39.31,4.751
2004-03-01,24.679,0.002,32.58,5.263
2004-03-02,22.919,0.002,35.63,4.096
2004-03-03,21.87,0.001,44.54,2.813
2004-03-04,22.708,0.001,42.54,2.838
2004-03-05,23.457,0.0,38.39,3.48
2004-03-06,24.964,0.002,37.18,2.849
2004-03-07,24.156,1.27,41.06,1.25
2004-03-08,23.741,0.184,46.75,1.935
2004-03-09,25.386,0.0,46.99,1.211
2004-03-10,23.125,3.364,63.11,1.052
2004-03-11,23.814,0.006,63.11,1.36
2004-03-12,24.9,0.002,59.65,1.099
2004-03-13,25.9,0.003,56.34,0.514
2004-03-14,26.091,0.009,59.06,1.373
2004-03-15,26.677,0.007,57.92,1.094
2004-03-16,27.927,0.0,51.47,1.323
2004-03-17,28.501,0.001,53.06,2.328
2004-03-18,28.578,0.067,58.35,1.543
2004-03-19,28.632,0.038,55.81,0.326
2004-03-20,27.794,0.001,55.28,1.07
2004-03-21,27.243,0.002,63.02,1.823
2004-03-22,28.719,-0.0,55.97,0.144
2004-03-23,30.078,0.0,45.38,2.066
2004-03-24,31.554,0.001,28.39,4.175
2004-03-25,31.187,0.001,22.54,4.112
2004-03-26,30.916,0.003,24.9,3.202
2004-03-27,31.517,0.0,25.56,3.13
2004-03-28,31.475,0.0,22.43,4.291
2004-03-29,30.099,0.001,22.27,3.637
2004-03-30,29.509,0.002,26.19,2.923
2004-03-31,29.453,0.002,27.72,1.458
2004-04-01,29.038,0.0,45.41,3.096
2004-04-02,28.895,0.001,50.05,2.854
2004-04-03,28.399,0.061,54.63,3.781
2004-04-04,28.054,0.079,57.53,3.557
2004-04-05,28.599,0.359,58.58,2.834
2004-04-06,28.931,0.345,57.63,2.058
2004-04-07,27.432,6.298,63.54,3.207
2004-04-08,26.966,0.31,65.22,3.742
2004-04-09,26.793,0.169,65.17,4.201
2004-04-10,27.472,0.008,64.07,3.114
2004-04-11,28.134,0.02,65.38,2.788
2004-04-12,28.603,0.038,62.63,2.967
2004-04-13,29.012,0.006,54.7,1.995
2004-04-14,29.681,0.007,53.22,3.029
2004-04-15,31.059,0.005,43.94,1.006
2004-04-16,30.501,0.007,48.48,2.522
2004-04-17,28.886,0.033,60.88,3.91
2004-04-18,28.295,2.182,63.58,4.573
2004-04-19,27.865,0.002,60.78,4.66
2004-04-20,28.891,0.023,58.37,3.224
2004-04-21,28.722,1.019,65.93,3.569
2004-04-22,28.258,0.909,65.32,4.192
2004-04-23,28.522,4.019,60.87,3.011
2004-04-24,26.653,2.182,68.06,2.388
2004-04-25,26.952,3.547,68.25,1.275
2004-04-26,27.194,3.206,69.38,1.137
2004-04-27,28.856,0.202,59.6,2.081
2004-04-28,28.655,3.469,60.11,1.7
2004-04-29,27.725,2.634,69.49,3.049
2004-04-30,29.373,0.073,61.47,2.281
2004-05-01,31.153,0.075,47.78,1.507
2004-05-02,30.567,0.001,28.62,4.217
2004-05-03,29.981,0.001,23.52,3.618
2004-05-04,30.433,0.0,25.31,0.534
2004-05-05,31.488,0.001,29.95,0.295
2004-05-06,33.175,0.001,34.78,1.585
2004-05-07,33.922,0.002,38.09,2.33
2004-05-08,34.907,0.0,35.85,0.95
2004-05-09,34.856,0.002,41.33,1.713
2004-05-10,34.51,0.001,42.03,0.496
2004-05-11,34.504,0.001,31.66,1.75
2004-05-12,34.492,0.0,37.18,0.413
2004-05-13,35.056,0.002,38.09,1.783
2004-05-14,35.989,0.014,37.59,2.218
2004-05-15,35.505,0.006,44.45,2.639
2004-05-16,30.794,0.16,64.27,5.431
2004-05-17,30.706,1.551,66.09,4.372
2004-05-18,29.367,2.549,76.12,4.075
2004-05-19,31.91,0.312,62.41,3.77
2004-05-20,30.846,0.144,65.37,5.045
2004-05-21,28.463,1.082,66.75,4.62
2004-05-22,26.566,2.297,74.15,4.579
2004-05-23,28.302,0.381,71.22,3.881
2004-05-24,28.137,1.302,72.77,3.579
2004-05-25,28.538,1.095,71.44,3.027
2004-05-26,28.607,3.278,72.87,2.676
2004-05-27,28.973,4.209,74.59,2.808
2004-05-28,30.453,0.617,66.05,1.645
2004-05-29,30.802,0.707,62.84,2.207
2004-05-30,30.651,0.053,64.82,3.868
2004-05-31,29.81,1.707,68.89,4.363
2004-06-01,28.411,18.097,73.94,4.687
2004-06-02,27.811,2.939,79.58,3.392
2004-06-03,29.02,1.531,76.47,2.872
2004-06-04,28.174,0.536,76.95,4.381
2004-06-05,28.83,9.417,75.36,3.344
2004-06-06,27.622,12.403,77.66,3.499
2004-06-07,27.736,7.88,79.65,2.83
2004-06-08,28.288,0.773,78.93,3.756
2004-06-09,28.77,0.171,75.03,2.8
2004-06-10,30.434,0.151,69.36,2.885
2004-06-11,31.036,1.163,68.47,2.84
2004-06-12,29.488,12.629,76.81,4.056
2004-06-13,27.409,15.304,84.17,6.868
2004-06-14,27.081,8.998,84.28,7.213
2004-06-15,26.52,11.739,89.08,4.745
2004-06-16,27.86,20.936,86.17,2.407
2004-06-17,27.586,23.849,88.14,3.025
2004-06-18,27.902,23.111,86.42,2.783
2004-06-19,27.448,13.536,88.05,1.526
2004-06-20,27.139,17.425,88.47,1.655
2004-06-21,26.737,32.855,90.96,1.685
2004-06-22,29.058,6.844,79.39,2.574
2004-06-23,30.115,3.977,73.11,3.599
2004-06-24,30.156,4.487,74.22,1.895
2004-06-25,30.587,0.56,75.01,1.776
2004-06-26,30.448,1.949,77.26,0.525
2004-06-27,30.493,2.76,77.02,0.34
2004-06-28,29.903,7.664,80.66,1.155
2004-06-29,30.066,1.378,80.35,1.519
2004-06-30,30.476,1.148,79.01,2.162
2004-07-01,29.521,4.512,83.07,2.99
2004-07-02,29.198,8.578,82.85,3.062
2004-07-03,27.97,4.702,84.87,3.589
2004-07-04,27.33,20.18,87.46,4.261
2004-07-05,27.495,37.741,90.42,2.526
2004-07-06,28.142,22.157,87.45,1.02
2004-07-07,27.704,16.752,87.69,2.029
2004-07-08,27.112,77.801,86.84,3.769
2004-07-09,26.757,55.324,87.81,3.504
2004-07-10,28.423,11.502,79.24,2.596
2004-07-11,28.805,9.892,80.54,0.517
2004-07-12,27.825,7.515,84.9,1.846
2004-07-13,27.452,5.279,86.08,2.722
2004-07-14,27.626,8.981,85.36,2.641
2004-07-15,27.499,7.787,83.92,3.79
2004-07-16,25.83,8.041,92.92,4.085
2004-07-17,26.944,31.059,91.05,1.595
2004-07-18,26.713,28.219,89.77,2.709
2004-07-19,26.796,18.617,89.17,3.246
2004-07-20,28.821,12.258,81.76,1.903
2004-07-21,28.192,7.667,85.05,0.574
2004-07-22,27.622,4.634,86.64,1.984
2004-07-23,28.214,6.835,82.02,3.069
2004-07-24,27.406,7.592,86.79,3.235
2004-07-25,27.857,3.88,83.46,2.758
2004-07-26,28.748,3.007,80.05,2.785
2004-07-27,28.453,4.973,81.22,3.58
2004-07-28,27.769,6.044,83.02,4.369
2004-07-29,27.807,3.192,82.24,5.063
2004-07-30,27.129,6.392,84.75,4.501
2004-07-31,26.672,10.747,90.14,3.012
2004-08-01,28.075,3.775,84.14,2.714
2004-08-02,28.992,2.101,81.55,2.777
2004-08-03,29.075,3.368,80.33,3.667
2004-08-04,27.909,4.361,82.25,5.633
2004-08-05,28.046,6.324,80.91,5.652
2004-08-06,27.471,4.036,85.27,4.094
2004-08-07,27.644,4.63,83.9,4.805
2004-08-08,27.127,6.817,85.89,4.985
2004-08-09,27.401,7.075,84.86,4.404
2004-08-10,28.123,2.7,82.95,3.709
2004-08-11,27.85,10.436,86.16,3.358
2004-08-12,28.396,6.038,81.6,4.464
2004-08-13,26.412,15.465,88.93,5.593
2004-08-14,27.615,5.583,83.73,3.997
2004-08-15,27.838,8.473,85.42,2.818
2004-08-16,28.302,7.65,84.5,2.59
2004-08-17,28.564,8.723,86.05,1.939
2004-08-18,28.352,12.817,85.49,1.45
2004-08-19,27.514,21.843,87.38,2.209
2004-08-20,27.314,15.163,86.98,3.683
2004-08-21,28.497,6.553,82.94,4.631
2004-08-22,29.028,1.507,79.82,3.668
2004-08-23,28.804,5.02,81.86,2.677
2004-08-24,28.22,7.259,84.87,1.745
2004-08-25,27.87,6.74,87.71,1.447
2004-08-26,28.565,4.754,81.56,2.541
2004-08-27,28.105,5.676,83.56,2.206
2004-08-28,27.215,8.751,88.71,1.821
2004-08-29,26.887,7.117,91.14,1.315
2004-08-30,28.353,2.668,86.1,1.021
2004-08-31,29.106,1.48,82.55,1.671
2004-09-01,30.024,1.327,78.44,2.372
2004-09-02,29.875,0.923,78.55,1.524
2004-09-03,30.038,1.461,80.26,0.538
2004-09-04,29.466,1.266,82.02,1.044
2004-09-05,28.811,4.214,83.81,2.071
2004-09-06,28.923,2.047,82.44,2.083
2004-09-07,29.826,4.848,80.71,0.771
2004-09-08,30.206,0.643,77.4,1.944
2004-09-09,28.126,12.032,83.94,2.408
2004-09-10,26.395,16.007,88.44,2.446
2004-09-11,27.158,2.689,81.77,2.747
2004-09-12,27.859,3.762,76.17,3.511
2004-09-13,27.788,0.372,70.39,4.071
2004-09-14,26.097,6.876,76.71,3.942
2004-09-15,26.649,2.81,79.62,3.122
2004-09-16,26.529,11.546,80.55,4.211
2004-09-17,25.347,14.682,88.27,4.274
2004-09-18,25.758,9.729,87.87,3.486
2004-09-19,26.389,3.173,87.34,3.503
2004-09-20,27.734,0.427,80.2,2.532
2004-09-21,28.134,3.268,81.93,1.937
2004-09-22,28.483,1.175,79.23,1.563
2004-09-23,28.247,5.283,83.18,0.817
2004-09-24,27.821,4.241,85.44,0.446
2004-09-25,27.922,1.707,83.78,1.534
2004-09-26,28.18,1.177,82.44,1.258
2004-09-27,28.207,1.435,82.82,1.139
2004-09-28,27.104,7.091,87.58,2.297
2004-09-29,26.51,1.73,87.53,2.484
2004-09-30,26.831,1.661,87.15,2.528
2004-10-01,26.641,11.814,87.41,1.986
2004-10-02,27.19,2.636,83.37,2.495
2004-10-03,26.926,3.839,85.16,2.109
2004-10-04,26.434,4.576,84.69,2.521
2004-10-05,25.713,13.631,87.18,2.513
2004-10-06,23.725,80.108,98.35,4.317
2004-10-07,22.59,68.492,93.76,3.181
2004-10-08,25.097,1.143,81.28,0.655
2004-10-09,25.853,0.845,82.19,1.842
2004-10-10,26.286,0.87,85.96,1.352
2004-10-11,26.59,0.39,82.72,1.383
2004-10-12,26.674,0.492,81.75,0.462
2004-10-13,26.298,0.759,79.23,1.155
2004-10-14,25.252,3.239,80.43,1.575
2004-10-15,24.67,0.393,76.98,2.536
2004-10-16,23.467,0.002,73.96,2.44
2004-10-17,23.491,0.001,71.9,2.04
2004-10-18,23.697,0.002,72.92,2.189
2004-10-19,24.204,0.0,73.43,1.972
2004-10-20,24.402,0.001,75.31,1.65
2004-10-21,24.657,0.001,72.59,1.654
2004-10-22,24.316,0.002,71.21,1.438
2004-10-23,24.6,0.004,69.66,1.019
2004-10-24,24.815,0.062,72.38,0.523
2004-10-25,24.648,0.132,75.88,1.139
2004-10-26,24.493,0.1,75.81,1.046
2004-10-27,24.167,0.133,76.47,0.278
2004-10-28,24.103,0.503,78.1,0.382
2004-10-29,23.905,1.184,76.98,0.657
2004-10-30,22.901,0.06,74.85,1.54
2004-10-31,22.235,0.001,68.25,1.978
2004-11-01,21.49,0.0,65.26,2.308
2004-11-02,21.117,0.0,65.0,2.366
2004-11-03,20.734,0.002,60.0,2.486
2004-11-04,20.87,0.002,60.46,2.215
2004-11-05,22.127,0.0,63.03,2.204
2004-11-06,22.963,0.002,60.53,2.277
2004-11-07,22.442,0.001,62.81,2.054
2004-11-08,22.106,0.001,65.12,1.624
2004-11-09,21.997,0.001,62.94,1.65
2004-11-10,21.857,0.001,58.39,0.979
2004-11-11,21.228,0.001,60.56,1.272
2004-11-12,21.505,0.001,64.69,1.294
2004-11-13,21.703,0.001,60.92,2.21
2004-11-14,21.006,0.0,63.74,1.734
2004-11-15,21.407,0.0,63.6,0.906
2004-11-16,21.793,0.001,63.74,0.894
2004-11-17,22.064,0.0,64.77,1.434
2004-11-18,22.595,0.002,64.9,1.53
2004-11-19,22.52,0.012,66.04,1.784
2004-11-20,22.893,0.003,65.63,0.172
2004-11-21,22.614,0.001,67.73,0.628
2004-11-22,22.359,0.149,70.4,0.848
2004-11-23,21.819,0.454,74.01,0.806
2004-11-24,21.3,0.681,74.7,1.201
2004-11-25,21.299,0.086,71.64,1.968
2004-11-26,21.188,0.002,64.17,1.253
2004-11-27,21.646,0.007,61.13,1.34
2004-11-28,21.259,0.102,64.23,1.155
2004-11-29,21.158,0.001,61.34,2.34
2004-11-30,20.429,0.002,65.69,1.887
2004-12-01,20.446,0.001,66.38,1.112
2004-12-02,20.445,0.002,65.58,1.553
2004-12-03,20.196,0.0,66.56,2.339
2004-12-04,19.802,0.002,68.42,2.239
2004-12-05,19.476,-0.0,69.1,1.921
2004-12-06,20.509,0.0,66.46,1.09
2004-12-07,20.555,0.0,62.44,1.132
2004-12-08,20.747,0.001,63.84,1.775
2004-12-09,20.819,0.002,64.31,1.851
2004-12-10,20.563,0.006,66.27,1.111
2004-12-11,20.949,0.001,66.19,1.376
2004-12-12,21.121,0.0,67.71,1.53
2004-12-13,20.623,0.001,68.18,2.056
2004-12-14,20.732,0.005,67.54,2.339
2004-12-15,20.459,0.027,67.38,1.826
2004-12-16,20.149,0.006,66.88,1.538
2004-12-17,20.17,0.0,69.08,0.964
2004-12-18,20.146,0.002,68.6,1.295
2004-12-19,19.971,0.106,73.79,0.353
2004-12-20,19.511,0.566,80.85,1.475
2004-12-21,19.048,0.148,78.16,1.25
2004-12-22,18.591,0.006,75.53,0.869
2004-12-23,18.827,0.004,74.49,0.488
2004-12-24,18.464,0.002,73.42,1.556
2004-12-25,17.534,0.003,64.53,3.38
2004-12-26,15.498,0.003,59.79,3.98
2004-12-27,13.967,0.0,66.72,1.553
2004-12-28,15.067,0.001,66.94,2.448
2004-12-29,15.689,0.002,69.77,2.515
2004-12-30,16.547,0.003,68.73,1.697
2004-12-31,17.684,0.001,67.27,0.431
2005-01-01,18.564,0.001,68.9,0.181
2005-01-02,18.861,0.001,72.97,0.846
2005-01-03,18.92,0.001,76.6,1.531
2005-01-04,19.099,0.001,71.22,3.31
2005-01-05,16.751,0.001,66.06,2.522
2005-01-06,16.625,0.001,63.63,2.455
2005-01-07,16.181,-0.0,60.87,2.826
2005-01-08,15.989,0.0,67.37,2.383
2005-01-09,16.438,0.001,66.49,2.769
2005-01-10,17.008,0.0,61.98,0.83
2005-01-11,16.354,0.768,70.09,1.165
2005-01-12,16.976,0.021,67.95,1.465
2005-01-13,16.3,0.002,64.49,2.473
2005-01-14,16.041,0.001,64.68,2.34
2005-01-15,16.789,0.002,66.74,1.442
2005-01-16,17.888,0.001,66.31,1.258
2005-01-17,18.866,2.76,67.56,0.457
2005-01-18,17.105,5.8,84.34,1.457
2005-01-19,16.479,0.378,73.71,3.448
2005-01-20,14.489,0.001,62.95,2.97
2005-01-21,15.273,0.008,64.58,1.143
2005-01-22,16.363,0.081,69.02,0.192
2005-01-23,15.021,10.91,84.69,2.627
2005-01-24,15.446,0.213,80.58,1.215
2005-01-25,15.899,0.003,72.17,2.598
2005-01-26,16.14,0.0,72.95,2.857
2005-01-27,16.873,0.001,74.01,1.506
2005-01-28,15.836,9.142,89.52,1.193
2005-01-29,17.051,0.02,83.5,1.42
2005-01-30,18.316,0.04,82.52,0.88
2005-01-31,17.677,6.777,87.61,1.645
2005-02-01,16.984,0.72,81.56,3.545
2005-02-02,15.368,0.001,69.89,3.873
2005-02-03,14.949,0.001,71.74,2.432
2005-02-04,15.511,0.0,70.46,1.907
2005-02-05,17.306,0.0,67.9,1.272
2005-02-06,18.482,0.002,67.27,0.898
2005-02-07,19.048,0.01,72.44,0.056
2005-02-08,19.616,0.141,74.81,0.337
2005-02-09,20.201,0.0,76.57,2.812
2005-02-10,20.087,0.001,72.76,2.793
2005-02-11,20.831,0.0,70.38,2.692
2005-02-12,22.381,0.001,64.75,3.879
2005-02-13,23.636,0.0,47.19,7.203
2005-02-14,22.503,0.0,41.88,6.709
2005-02-15,21.959,0.008,55.87,3.502
2005-02-16,22.425,0.002,60.58,2.126
2005-02-17,22.998,13.734,59.74,1.71
2005-02-18,22.085,2.361,70.0,0.767
2005-02-19,23.837,0.163,66.19,0.944
2005-02-20,24.094,1.05,65.43,2.457
2005-02-21,23.448,1.17,60.04,4.105
2005-02-22,21.477,3.835,66.59,2.443
2005-02-23,19.74,1.017,66.63,3.166
2005-02-24,19.527,0.001,60.87,3.179
2005-02-25,21.282,0.0,50.09,4.498
2005-02-26,20.994,0.0,49.28,4.013
2005-02-27,20.97,0.003,53.33,2.882
2005-02-28,22.465,0.001,52.56,3.0
2005-03-01,24.154,0.001,51.39,3.176
2005-03-02,26.025,0.0,45.83,4.192
2005-03-03,25.638,0.003,47.02,3.815
2005-03-04,25.829,0.001,51.55,2.463
2005-03-05,26.324,0.003,51.61,2.877
2005-03-06,27.253,0.0,44.35,4.614
2005-03-07,27.505,0.0,41.37,3.799
2005-03-08,24.979,0.037,55.36,4.106
2005-03-09,25.534,0.0,57.37,3.628
2005-03-10,26.931,0.001,47.89,3.75
2005-03-11,23.704,1.057,59.51,2.485
2005-03-12,24.257,0.228,52.78,1.676
2005-03-13,24.549,0.0,45.5,1.559
2005-03-14,25.118,0.002,43.17,2.0
2005-03-15,26.26,0.0,44.85,1.282
2005-03-16,27.146,0.002,46.13,1.688
2005-03-17,27.245,0.072,58.69,1.576
2005-03-18,26.154,1.663,68.41,2.498
2005-03-19,27.016,0.235,64.56,1.837
2005-03-20,27.702,0.033,50.89,1.151
2005-03-21,28.528,0.001,37.69,2.706
2005-03-22,28.128,0.229,47.28,1.249
2005-03-23,27.424,3.64,47.64,0.776
2005-03-24,23.257,0.92,69.62,1.127
2005-03-25,23.669,0.148,52.97,1.722
2005-03-26,25.187,0.003,42.94,0.373
2005-03-27,25.985,0.001,57.22,2.629
2005-03-28,26.851,0.018,60.99,2.903
2005-03-29,27.357,0.266,56.34,0.373
2005-03-30,28.027,0.233,43.86,0.545
2005-03-31,28.318,0.001,36.12,2.098
2005-04-01,27.668,0.001,30.43,1.731
2005-04-02,27.89,0.002,28.48,0.722
2005-04-03,28.034,0.001,36.2,1.417
2005-04-04,27.921,0.002,44.96,2.59
2005-04-05,29.009,0.0,45.29,2.274
2005-04-06,29.581,0.004,50.07,1.825
2005-04-07,30.237,0.001,49.31,3.1
2005-04-08,30.825,0.284,47.7,1.929
2005-04-09,29.907,0.513,58.07,3.016
2005-04-10,30.591,0.341,51.89,0.838
2005-04-11,29.609,0.0,25.3,2.684
2005-04-12,28.458,0.001,17.53,3.737
2005-04-13,28.842,0.001,20.65,2.218
2005-04-14,29.367,0.0,26.11,1.216
2005-04-15,30.611,0.0,28.0,0.917
2005-04-16,31.419,0.002,33.29,0.486
2005-04-17,31.568,0.0,26.28,1.957
2005-04-18,31.142,0.0,25.48,2.069
2005-04-19,31.542,0.001,25.54,0.717
2005-04-20,31.29,0.742,41.49,2.349
2005-04-21,31.608,0.039,40.73,1.944
2005-04-22,31.457,0.008,45.95,2.946
2005-04-23,31.164,0.667,53.8,3.049
2005-04-24,30.907,0.69,55.97,1.611
2005-04-25,30.969,0.704,48.25,0.885
2005-04-26,32.233,0.355,34.47,2.241
2005-04-27,31.908,0.0,34.15,1.04
2005-04-28,30.987,0.125,41.19,0.697
2005-04-29,30.529,0.164,46.25,1.478
2005-04-30,27.99,0.472,59.28,1.92
2005-05-01,28.443,1.35,57.25,1.88
2005-05-02,26.756,4.448,68.49,2.242
2005-05-03,28.856,0.689,58.16,1.378
2005-05-04,29.286,0.312,53.97,1.175
2005-05-05,27.924,2.042,63.35,2.488
2005-05-06,26.923,4.003,67.32,2.847
2005-05-07,26.609,0.543,67.67,3.409
2005-05-08,26.677,1.059,71.9,2.439
2005-05-09,29.365,0.169,62.28,1.909
2005-05-10,32.365,0.001,29.41,2.948
2005-05-11,31.796,0.001,19.99,2.999
2005-05-12,32.245,0.0,22.13,0.823
2005-05-13,31.977,0.046,39.65,1.941
2005-05-14,30.51,0.41,56.34,3.61
2005-05-15,31.634,0.0,47.29,2.116
2005-05-16,30.758,0.008,58.16,4.122
2005-05-17,27.951,0.155,67.66,4.663
2005-05-18,28.344,0.05,66.14,3.961
2005-05-19,29.748,4.649,62.29,3.395
2005-05-20,27.719,1.87,68.47,4.452
2005-05-21,27.064,0.041,66.68,4.608
2005-05-22,27.746,0.068,68.63,3.556
2005-05-23,30.417,4.427,65.04,3.331
2005-05-24,28.842,0.289,74.76,3.477
2005-05-25,31.936,0.013,58.66,2.507
2005-05-26,31.294,0.003,62.13,3.575
2005-05-27,32.556,0.129,58.93,2.858
2005-05-28,34.374,0.001,43.21,0.846
2005-05-29,35.595,0.0,39.59,2.192
2005-05-30,35.807,0.002,42.83,1.902
2005-05-31,36.561,0.02,34.08,1.711
2005-06-01,36.579,0.0,21.35,3.372
2005-06-02,35.82,0.0,18.73,2.187
2005-06-03,34.705,0.009,42.81,3.248
2005-06-04,32.754,0.518,53.25,5.0
2005-06-05,32.499,0.459,56.65,3.961
2005-06-06,32.589,0.154,57.26,3.898
2005-06-07,31.688,0.252,61.59,3.573
2005-06-08,34.015,0.121,50.49,2.344
2005-06-09,34.856,0.033,48.75,1.879
2005-06-10,35.315,0.0,44.34,2.536
2005-06-11,36.474,0.0,40.56,2.705
2005-06-12,34.277,0.009,55.81,4.571
2005-06-13,32.978,0.128,60.06,4.422
2005-06-14,35.102,0.1,53.49,3.114
2005-06-15,32.979,0.001,62.23,4.205
2005-06-16,32.656,0.057,63.28,3.769
2005-06-17,33.889,0.087,56.74,3.49
2005-06-18,33.55,0.075,59.67,4.171
2005-06-19,32.053,0.095,65.21,4.751
2005-06-20,32.403,0.501,63.08,4.143
2005-06-21,30.592,13.78,72.35,3.524
2005-06-22,28.386,23.783,85.33,2.679
2005-06-23,28.797,15.936,81.98,1.373
2005-06-24,29.22,4.324,79.66,1.62
2005-06-25,28.813,7.57,82.07,2.67
2005-06-26,29.511,3.923,80.06,2.564
2005-06-27,29.686,1.785,74.91,3.679
2005-06-28,27.641,7.658,81.37,6.255
2005-06-29,27.052,5.447,84.74,6.744
2005-06-30,27.834,8.162,84.03,4.507
2005-07-01,28.395,12.964,82.21,2.987
2005-07-02,28.545,9.168,81.87,3.422
2005-07-03,28.029,11.901,83.63,3.296
2005-07-04,26.576,10.476,88.77,3.567
2005-07-05,26.352,22.462,90.29,3.834
2005-07-06,28.506,8.75,83.13,2.091
2005-07-07,30.051,0.974,77.33,2.01
2005-07-08,30.684,0.66,73.01,2.453
2005-07-09,30.375,1.382,71.26,2.672
2005-07-10,28.818,5.347,80.97,3.285
2005-07-11,27.408,4.322,86.95,3.507
2005-07-12,26.447,19.151,92.6,3.382
2005-07-13,26.297,10.691,92.97,1.813
2005-07-14,26.57,20.732,90.6,1.34
2005-07-15,26.462,23.679,92.58,2.321
2005-07-16,27.588,8.28,84.93,1.928
2005-07-17,28.242,6.912,84.99,0.97
2005-07-18,28.927,8.636,83.92,1.243
2005-07-19,27.681,26.058,88.54,1.871
2005-07-20,27.106,22.578,89.02,2.054
2005-07-21,27.024,8.977,87.48,0.825
2005-07-22,27.868,11.55,86.8,0.465
2005-07-23,29.348,3.647,81.58,2.376
2005-07-24,29.769,0.848,78.33,2.739
2005-07-25,29.908,0.811,74.53,3.636
2005-07-26,29.03,1.798,76.04,5.62
2005-07-27,28.897,3.451,78.24,4.506
2005-07-28,29.174,4.013,79.46,3.242
2005-07-29,29.868,0.64,75.98,3.164
2005-07-30,29.698,1.443,76.22,4.665
2005-07-31,29.891,0.944,73.19,4.767
2005-08-01,29.9,1.345,76.25,3.028
2005-08-02,29.775,18.777,80.45,1.418
2005-08-03,29.297,2.485,78.32,4.15
2005-08-04,29.088,1.44,77.99,4.484
2005-08-05,28.281,3.456,81.92,3.574
2005-08-06,28.07,7.658,85.55,2.366
2005-08-07,27.182,14.675,90.54,0.328
2005-08-08,28.307,2.539,83.76,1.559
2005-08-09,28.773,6.308,83.23,1.585
2005-08-10,28.522,2.295,82.98,2.388
2005-08-11,28.31,13.366,86.05,2.146
2005-08-12,28.151,3.968,85.72,1.507
2005-08-13,28.817,7.088,85.27,0.718
2005-08-14,28.952,11.355,83.01,1.284
2005-08-15,28.159,5.325,84.49,3.388
2005-08-16,28.656,1.047,80.68,3.079
2005-08-17,29.1,5.941,82.33,2.344
2005-08-18,28.961,11.054,83.81,2.423
2005-08-19,28.67,4.236,82.38,3.108
2005-08-20,27.892,5.904,84.15,3.126
2005-08-21,26.993,14.812,89.59,3.285
2005-08-22,27.029,12.279,89.13,2.358
2005-08-23,26.895,12.585,89.85,1.36
2005-08-24,26.071,42.379,92.12,2.623
2005-08-25,26.706,6.505,87.43,2.767
2005-08-26,28.587,1.303,82.43,1.386
2005-08-27,29.276,0.882,79.3,1.457
2005-08-28,29.334,0.535,79.89,1.56
2005-08-29,29.497,1.585,78.65,2.306
2005-08-30,29.829,1.258,79.67,0.712
2005-08-31,29.03,3.772,83.49,1.808
2005-09-01,30.35,2.95,79.69,2.178
2005-09-02,30.237,8.116,80.09,1.287
2005-09-03,28.835,7.461,84.22,1.936
2005-09-04,28.224,10.249,85.62,2.401
2005-09-05,27.182,29.63,89.6,2.45
2005-09-06,26.826,14.73,91.08,2.111
2005-09-07,29.458,2.088,79.89,1.297
2005-09-08,29.242,0.934,79.59,1.952
2005-09-09,28.544,5.033,83.37,2.478
2005-09-10,28.296,3.266,82.65,2.91
2005-09-11,27.861,4.179,80.91,3.923
2005-09-12,28.933,1.999,76.97,5.48
2005-09-13,27.069,10.272,86.18,5.677
2005-09-14,27.516,4.627,83.44,3.722
2005-09-15,28.839,0.279,79.04,0.303
2005-09-16,28.484,1.042,80.46,3.117
2005-09-17,27.883,3.168,83.23,1.659
2005-09-18,28.374,7.228,84.35,1.946
2005-09-19,29.625,0.005,74.28,1.968
2005-09-20,29.58,0.633,73.99,2.22
2005-09-21,26.736,7.153,88.74,2.837
2005-09-22,27.577,0.461,81.52,2.116
2005-09-23,27.85,6.352,85.8,0.832
2005-09-24,28.398,4.817,82.61,1.407
2005-09-25,28.648,1.198,79.85,1.913
2005-09-26,27.658,1.295,81.87,1.995
2005-09-27,28.122,0.489,80.53,1.385
2005-09-28,28.761,0.565,78.04,2.046
2005-09-29,28.414,1.175,79.43,1.887
2005-09-30,28.457,1.467,79.73,0.354
2005-10-01,27.417,1.726,83.68,2.201
2005-10-02,26.06,5.717,87.04,2.724
2005-10-03,24.068,17.277,90.86,3.843
2005-10-04,23.806,13.663,94.1,2.19
2005-10-05,23.937,5.831,93.85,1.768
2005-10-06,26.262,0.307,84.97,0.424
2005-10-07,27.022,0.683,81.72,0.445
2005-10-08,27.232,2.022,83.88,0.292
2005-10-09,26.898,1.614,84.48,0.766
2005-10-10,27.366,0.658,82.75,0.881
2005-10-11,27.657,0.276,79.56,1.034
2005-10-12,27.984,0.185,77.94,0.228
2005-10-13,27.193,0.08,78.63,0.28
2005-10-14,27.654,0.131,77.3,0.72
2005-10-15,27.256,0.453,79.56,1.507
2005-10-16,25.455,3.555,84.8,1.798
2005-10-17,26.718,4.012,79.0,0.766
2005-10-18,25.323,4.155,86.54,1.949
2005-10-19,23.561,31.094,89.1,4.192
2005-10-20,21.911,40.587,84.89,4.938
2005-10-21,22.121,3.361,85.62,4.367
2005-10-22,22.301,1.174,88.52,2.149
2005-10-23,23.967,0.77,82.13,2.14
2005-10-24,23.616,0.148,80.51,1.37
2005-10-25,24.454,0.264,79.35,0.722
2005-10-26,24.531,0.571,80.59,0.522
2005-10-27,24.286,0.522,80.37,0.966
2005-10-28,24.148,0.008,77.87,1.704
2005-10-29,24.151,0.001,73.54,1.433
2005-10-30,23.9,0.0,70.82,0.758
2005-10-31,24.068,0.004,71.61,0.378
2005-11-01,23.531,0.127,77.34,0.536
2005-11-02,23.082,0.268,79.23,0.468
2005-11-03,22.329,0.028,74.21,1.254
2005-11-04,22.086,0.003,70.04,2.227
2005-11-05,21.847,0.0,70.3,2.459
2005-11-06,21.445,0.002,69.96,2.41
2005-11-07,21.343,0.003,70.57,2.012
2005-11-08,21.985,0.0,71.11,1.943
2005-11-09,22.425,0.001,69.69,1.971
2005-11-10,21.523,0.001,67.08,2.348
2005-11-11,21.031,-0.0,64.35,2.46
2005-11-12,21.067,0.001,68.3,2.282
2005-11-13,20.973,0.0,69.74,1.755
2005-11-14,21.09,0.0,69.49,1.466
2005-11-15,21.626,0.0,69.89,2.0
2005-11-16,20.918,0.0,69.11,1.621
2005-11-17,20.265,0.003,64.56,2.35
2005-11-18,19.841,0.001,58.33,1.477
2005-11-19,19.862,0.002,64.99,0.56
2005-11-20,20.528,0.002,67.13,1.314
2005-11-21,20.627,0.001,67.97,1.447
2005-11-22,20.49,0.0,69.55,1.374
2005-11-23,20.567,0.0,68.69,1.018
2005-11-24,20.938,0.0,68.83,0.734
2005-11-25,20.341,0.0,69.86,0.541
2005-11-26,19.411,0.002,65.01,2.125
2005-11-27,18.863,0.0,64.67,1.979
2005-11-28,18.829,0.002,68.47,1.411
2005-11-29,19.098,0.002,67.33,1.673
2005-11-30,19.053,0.001,68.09,1.43
2005-12-01,19.589,0.001,68.86,1.162
2005-12-02,19.691,0.001,68.38,1.749
2005-12-03,19.253,0.002,59.75,2.465
2005-12-04,17.921,0.001,53.9,3.343
2005-12-05,16.053,0.0,64.15,2.364
2005-12-06,17.047,0.001,66.29,2.02
2005-12-07,17.772,0.002,68.58,2.046
2005-12-08,18.453,0.003,69.84,1.939
2005-12-09,18.697,0.003,70.68,2.027
2005-12-10,18.704,0.0,70.1,2.06
2005-12-11,17.918,0.001,63.54,2.303
2005-12-12,17.514,0.001,61.75,2.404
2005-12-13,16.16,0.001,51.01,2.986
2005-12-14,15.571,0.001,60.37,2.351
2005-12-15,17.081,0.0,65.23,1.993
2005-12-16,17.694,0.001,67.02,2.018
2005-12-17,17.516,0.001,69.27,2.118
2005-12-18,17.175,0.001,67.15,2.219
2005-12-19,17.107,0.0,69.68,1.626
2005-12-20,17.426,0.0,67.63,0.769
2005-12-21,18.919,0.006,67.5,0.502
2005-12-22,19.067,0.002,70.22,0.772
2005-12-23,18.615,0.001,72.77,0.646
2005-12-24,18.955,0.002,68.6,1.854
2005-12-25,17.733,0.002,66.3,3.012
2005-12-26,16.9,0.001,62.69,2.998
2005-12-27,16.906,0.001,60.89,1.006
2005-12-28,16.778,0.0,64.02,1.14
2005-12-29,16.409,0.002,66.97,1.504
2005-12-30,16.605,0.001,68.48,1.722
2005-12-31,16.909,0.0,70.5,1.925
2006-01-01,17.472,0.001,72.11,1.856
2006-01-02,17.414,0.001,68.75,1.701
2006-01-03,17.768,0.002,67.95,2.143
2006-01-04,18.883,0.0,64.91,3.318
2006-01-05,16.451,0.0,64.42,3.313
2006-01-06,15.492,0.001,67.1,2.827
2006-01-07,15.599,0.001,69.14,2.719
2006-01-08,15.613,0.0,67.63,2.874
2006-01-09,14.538,0.001,63.61,2.755
2006-01-10,14.587,0.001,62.51,2.681
2006-01-11,14.928,0.001,67.56,2.499
2006-01-12,15.281,0.001,65.61,2.187
2006-01-13,15.992,0.0,65.57,2.146
2006-01-14,16.529,0.0,64.65,1.964
2006-01-15,17.277,0.001,65.3,0.357
2006-01-16,17.173,0.002,68.8,1.421
2006-01-17,17.979,0.001,69.26,1.463
2006-01-18,20.137,0.001,65.82,3.447
2006-01-19,20.599,0.0,63.54,3.968
2006-01-20,19.342,0.001,47.99,4.47
2006-01-21,19.165,0.0,46.74,4.609
2006-01-22,16.779,0.0,51.22,3.709
2006-01-23,15.94,0.007,57.56,2.012
2006-01-24,15.624,0.002,51.58,2.844
2006-01-25,14.925,0.0,61.81,2.198
2006-01-26,16.389,0.0,59.25,2.528
2006-01-27,17.336,0.001,61.72,2.584
2006-01-28,17.123,0.002,57.86,2.488
2006-01-29,17.465,0.001,62.01,2.204
2006-01-30,18.478,0.001,65.08,1.061
2006-01-31,19.307,0.001,65.62,0.937
2006-02-01,19.746,0.002,68.97,1.36
2006-02-02,20.409,0.001,72.94,1.808
2006-02-03,20.177,0.002,64.65,2.206
2006-02-04,19.56,0.001,61.7,2.164
2006-02-05,20.591,0.001,62.11,0.618
2006-02-06,20.76,0.001,62.01,0.484
2006-02-07,20.997,0.0,63.79,0.61
2006-02-08,21.358,0.0,65.71,0.893
2006-02-09,21.821,0.009,63.75,0.725
2006-02-10,21.272,0.022,64.53,1.457
2006-02-11,21.546,0.001,62.7,1.274
2006-02-12,21.627,0.0,58.33,0.984
2006-02-13,22.056,0.001,59.75,0.969
2006-02-14,22.885,0.001,59.91,0.636
2006-02-15,22.92,0.002,65.03,0.414
2006-02-16,23.728,0.196,55.84,2.126
2006-02-17,23.68,0.003,56.56,1.551
2006-02-18,23.731,0.0,65.92,1.868
2006-02-19,24.519,0.054,64.33,1.733
2006-02-20,24.27,0.044,68.35,1.283
2006-02-21,24.797,0.041,69.41,0.145
2006-02-22,24.764,0.003,65.97,0.644
2006-02-23,24.765,0.0,58.28,1.081
2006-02-24,25.014,0.0,48.06,2.803
2006-02-25,25.163,0.002,49.01,2.82
2006-02-26,26.868,0.0,39.71,3.901
2006-02-27,28.618,0.004,31.5,5.657
2006-02-28,26.269,0.001,34.84,4.881
2006-03-01,24.397,0.0,41.23,3.34
2006-03-02,23.106,0.035,49.97,2.657
2006-03-03,22.985,0.002,47.77,2.765
2006-03-04,23.14,0.0,44.87,1.559
2006-03-05,23.834,0.001,41.98,1.844
2006-03-06,25.156,0.003,37.56,1.656
2006-03-07,26.139,0.0,38.72,1.118
2006-03-08,26.662,0.001,43.04,0.784
2006-03-09,27.377,0.0,45.0,1.452
2006-03-10,25.45,1.975,54.95,3.123
2006-03-11,21.318,3.484,77.38,0.979
2006-03-12,22.503,0.885,70.6,2.601
2006-03-13,23.515,0.073,63.85,2.097
2006-03-14,25.112,0.001,56.47,1.524
2006-03-15,24.809,2.358,60.7,1.344
2006-03-16,24.705,0.024,53.61,2.741
2006-03-17,25.017,0.001,39.13,3.997
2006-03-18,24.189,0.001,32.96,3.715
2006-03-19,24.214,0.002,33.11,2.805
2006-03-20,25.553,0.0,36.01,2.56
2006-03-21,27.492,0.01,34.46,2.918
2006-03-22,27.536,0.003,29.91,3.627
2006-03-23,27.106,0.002,27.75,3.396
2006-03-24,27.93,0.001,29.03,2.86
2006-03-25,29.388,0.002,31.93,2.352
2006-03-26,31.1,0.012,24.37,3.676
2006-03-27,29.898,0.001,20.14,4.506
2006-03-28,29.14,0.001,19.84,4.221
2006-03-29,28.22,0.001,21.82,3.508
2006-03-30,27.689,0.002,26.36,2.285
2006-03-31,28.609,0.001,29.55,2.028
2006-04-01,29.89,0.003,28.02,1.618
2006-04-02,30.202,0.001,32.18,1.275
2006-04-03,28.974,0.039,47.02,2.44
2006-04-04,28.495,0.007,53.54,2.045
2006-04-05,28.797,0.001,50.95,2.448
2006-04-06,28.184,0.011,57.41,3.986
2006-04-07,28.097,0.01,57.82,4.07
2006-04-08,29.188,0.028,55.05,3.997
2006-04-09,28.252,0.092,63.18,3.877
2006-04-10,29.932,0.017,62.85,2.523
2006-04-11,32.822,0.003,26.98,3.407
2006-04-12,32.836,0.001,17.8,3.692
2006-04-13,32.91,0.0,17.07,2.289
2006-04-14,33.065,0.001,14.89,3.267
2006-04-15,33.184,0.002,13.78,3.701
2006-04-16,33.803,0.002,22.74,2.781
2006-04-17,30.356,3.732,42.4,2.725
2006-04-18,24.584,15.307,72.44,2.038
2006-04-19,23.669,9.185,75.18,1.523
2006-04-20,25.918,0.029,61.09,0.452
2006-04-21,27.999,0.021,54.63,1.256
2006-04-22,28.374,0.445,58.2,1.735
2006-04-23,29.266,0.174,54.19,2.472
2006-04-24,29.124,0.004,55.11,3.631
2006-04-25,29.605,0.018,55.51,3.608
2006-04-26,29.146,1.833,54.67,3.805
2006-04-27,29.017,2.666,62.5,3.681
2006-04-28,30.231,0.089,53.83,2.601
2006-04-29,31.669,0.018,42.77,1.569
2006-04-30,33.065,0.002,36.65,1.571
2006-05-01,34.542,0.0,35.92,1.341
2006-05-02,31.709,1.675,55.28,3.442
2006-05-03,31.53,0.035,55.51,3.281
2006-05-04,32.176,0.062,46.37,1.511
2006-05-05,31.97,0.708,50.64,2.764
2006-05-06,30.394,1.422,60.12,3.702
2006-05-07,28.785,0.104,64.68,4.972
2006-05-08,28.741,3.579,69.01,3.402
2006-05-09,29.826,2.497,64.47,2.784
2006-05-10,30.014,2.959,64.99,3.173
2006-05-11,29.263,1.83,70.96,3.103
2006-05-12,28.939,3.772,70.23,3.229
2006-05-13,26.596,7.334,78.8,4.262
2006-05-14,27.109,2.967,71.74,3.893
2006-05-15,29.293,0.011,58.25,3.206
2006-05-16,29.957,0.014,58.12,2.872
2006-05-17,31.79,0.0,50.88,1.214
2006-05-18,33.39,3.926,45.53,0.687
2006-05-19,29.732,5.319,66.58,2.094
2006-05-20,29.448,2.266,65.27,2.166
2006-05-21,29.221,5.731,68.43,2.287
2006-05-22,29.714,10.778,68.2,1.494
2006-05-23,29.396,8.491,72.64,1.983
2006-05-24,30.372,4.446,70.43,1.866
2006-05-25,30.877,2.674,72.11,1.859
2006-05-26,30.8,2.592,67.77,3.328
2006-05-27,30.206,4.518,67.51,2.967
2006-05-28,28.327,19.93,83.91,2.688
2006-05-29,28.291,6.933,82.75,2.04
2006-05-30,29.853,0.793,77.07,3.442
2006-05-31,29.3,15.227,78.28,2.813
2006-06-01,28.798,9.813,79.28,2.868
2006-06-02,28.552,2.414,79.44,3.057
2006-06-03,27.619,23.604,85.86,3.121
2006-06-04,27.727,27.552,87.64,1.331
2006-06-05,29.106,7.126,80.13,1.802
2006-06-06,27.685,17.697,85.59,2.748
2006-06-07,26.499,21.81,90.66,3.203
2006-06-08,27.249,16.441,87.89,2.306
2006-06-09,27.714,12.353,86.59,1.367
2006-06-10,29.104,1.503,82.25,2.112
2006-06-11,31.326,0.006,69.32,1.765
2006-06-12,32.003,0.0,62.64,2.34
2006-06-13,31.612,0.001,72.3,0.99
2006-06-14,31.436,0.038,71.6,0.573
2006-06-15,31.361,0.151,69.58,0.181
2006-06-16,31.585,0.068,67.0,1.716
2006-06-17,30.398,0.173,74.1,2.952
2006-06-18,30.159,0.349,76.69,2.891
2006-06-19,31.471,0.793,70.94,2.383
2006-06-20,30.982,2.043,73.67,2.766
2006-06-21,29.335,4.219,76.76,3.261
2006-06-22,28.769,6.605,80.41,2.822
2006-06-23,29.104,3.651,78.83,3.021
2006-06-24,29.365,0.918,76.16,2.956
2006-06-25,29.824,3.509,74.94,2.625
2006-06-26,28.845,16.122,82.57,1.815
2006-06-27,27.245,26.993,90.78,1.52
2006-06-28,27.898,15.222,86.57,2.256
2006-06-29,28.585,5.796,84.12,2.077
2006-06-30,29.814,3.447,80.11,1.162
2006-07-01,30.466,3.717,80.6,1.18
2006-07-02,30.365,1.479,74.54,4.639
2006-07-03,29.732,1.244,73.47,6.637
2006-07-04,28.926,2.374,80.31,4.95
2006-07-05,30.17,2.465,79.75,2.031
2006-07-06,30.043,3.287,73.25,2.714
2006-07-07,28.889,20.28,82.05,2.847
2006-07-08,27.821,9.666,87.1,2.016
2006-07-09,28.666,8.898,82.97,1.601
2006-07-10,27.269,53.06,92.57,2.478
2006-07-11,26.845,49.797,91.26,3.61
2006-07-12,26.824,12.281,92.03,3.122
2006-07-13,28.217,17.673,86.53,1.625
2006-07-14,28.247,6.666,87.21,1.432
2006-07-15,29.245,2.456,79.63,3.346
2006-07-16,29.595,0.652,77.6,4.023
2006-07-17,29.07,6.941,81.85,3.486
2006-07-18,29.554,9.003,81.95,2.76
2006-07-19,28.322,8.674,86.07,2.728
2006-07-20,28.121,5.88,83.23,4.008
2006-07-21,28.338,2.201,77.56,5.545
2006-07-22,28.814,1.052,78.21,3.215
2006-07-23,28.778,1.883,82.7,1.483
2006-07-24,28.818,4.394,83.47,1.96
2006-07-25,27.597,19.579,89.27,2.721
2006-07-26,28.005,10.775,85.01,2.67
2006-07-27,28.213,3.992,83.27,2.675
2006-07-28,28.266,7.213,83.28,2.64
2006-07-29,28.85,3.094,74.31,5.308
2006-07-30,27.624,3.253,84.12,4.697
2006-07-31,29.482,0.862,78.6,2.068
2006-08-01,29.578,10.683,81.3,0.599
2006-08-02,29.635,0.596,75.09,3.848
2006-08-03,28.945,1.33,75.54,5.352
2006-08-04,28.306,1.127,76.75,5.306
2006-08-05,28.171,2.961,77.32,3.567
2006-08-06,28.029,10.922,82.4,1.969
2006-08-07,28.526,5.107,81.61,0.988
2006-08-08,29.201,5.664,81.65,0.119
2006-08-09,30.395,0.268,73.9,0.741
2006-08-10,28.543,12.362,84.84,1.258
2006-08-11,30.464,7.644,79.55,1.402
2006-08-12,30.115,1.839,74.35,4.392
2006-08-13,29.234,2.353,78.15,4.49
2006-08-14,28.876,5.213,80.92,3.395
2006-08-15,29.439,5.577,80.46,3.44
2006-08-16,30.002,0.463,73.53,3.908
2006-08-17,28.506,3.365,79.16,5.09
2006-08-18,28.365,4.157,82.16,3.554
2006-08-19,28.256,6.279,84.54,1.568
2006-08-20,28.669,5.481,84.83,0.22
2006-08-21,28.342,19.447,85.14,0.432
2006-08-22,28.434,1.912,76.69,4.983
2006-08-23,27.76,4.51,82.22,4.833
2006-08-24,28.249,3.581,83.45,3.271
2006-08-25,28.018,6.177,85.35,2.466
2006-08-26,26.963,26.212,89.53,0.759
2006-08-27,26.292,48.508,92.46,0.717
2006-08-28,27.768,21.905,86.48,0.807
2006-08-29,27.237,13.714,86.34,4.556
2006-08-30,27.531,6.569,83.34,4.605
2006-08-31,27.84,1.847,83.9,2.681
2006-09-01,28.809,0.98,79.81,0.814
2006-09-02,29.546,0.092,71.88,2.544
2006-09-03,27.675,7.758,85.01,1.585
2006-09-04,28.356,0.414,74.56,3.978
2006-09-05,28.364,0.694,76.82,3.007
2006-09-06,29.048,0.243,76.44,1.733
2006-09-07,29.762,0.819,77.4,2.285
2006-09-08,29.282,7.574,78.9,1.818
2006-09-09,27.79,5.381,87.28,0.688
2006-09-10,28.381,4.206,84.47,0.256
2006-09-11,27.138,18.499,89.67,0.148
2006-09-12,28.335,4.81,84.18,0.551
2006-09-13,27.996,7.201,84.58,1.639
2006-09-14,27.221,7.842,86.5,2.402
2006-09-15,27.677,1.724,84.9,2.538
2006-09-16,28.011,3.2,84.29,2.061
2006-09-17,28.443,1.415,81.42,2.2
2006-09-18,28.93,2.016,82.2,1.949
2006-09-19,29.605,0.884,76.74,2.556
2006-09-20,26.951,9.808,82.27,6.566
2006-09-21,24.272,44.101,91.48,7.468
2006-09-22,23.319,30.513,97.13,5.47
2006-09-23,23.768,9.475,96.49,5.11
2006-09-24,25.017,38.812,92.46,4.853
2006-09-25,24.932,32.292,94.75,2.929
2006-09-26,26.809,1.217,89.02,0.53
2006-09-27,27.671,1.019,85.34,1.273
2006-09-28,28.735,2.201,82.69,0.86
2006-09-29,27.802,9.362,86.31,1.927
2006-09-30,27.807,6.621,86.05,1.584
2006-10-01,28.651,2.903,81.77,0.971
2006-10-02,28.24,4.436,85.41,1.218
2006-10-03,28.73,1.541,85.5,0.693
2006-10-04,28.335,2.328,82.34,1.644
2006-10-05,28.211,0.126,77.75,0.479
2006-10-06,27.577,1.1,80.49,1.657
2006-10-07,27.585,0.789,82.69,0.812
2006-10-08,28.256,0.625,79.83,0.691
2006-10-09,28.127,0.63,80.29,1.343
2006-10-10,28.515,0.756,79.58,0.394
2006-10-11,27.36,2.046,82.74,0.795
2006-10-12,26.647,1.016,82.59,2.103
2006-10-13,27.166,0.226,81.74,1.44
2006-10-14,27.536,0.848,80.66,0.552
2006-10-15,26.952,1.264,85.03,0.677
2006-10-16,27.313,0.692,79.97,0.186
2006-10-17,27.777,0.012,70.51,0.482
2006-10-18,26.637,0.043,72.96,0.826
2006-10-19,25.917,1.676,76.91,1.378
2006-10-20,24.718,3.461,82.41,0.33
2006-10-21,22.785,12.782,88.32,0.788
2006-10-22,23.307,0.233,82.26,0.888
2006-10-23,23.773,0.107,77.11,1.53
2006-10-24,24.217,0.01,73.24,1.812
2006-10-25,24.874,0.067,75.45,1.328
2006-10-26,25.245,0.003,72.7,1.305
2006-10-27,25.112,0.035,71.96,1.282
2006-10-28,24.971,0.103,71.04,1.157
2006-10-29,24.93,0.114,74.41,1.474
2006-10-30,24.556,0.0,70.35,1.416
2006-10-31,24.128,0.003,68.49,1.248
2006-11-01,24.597,0.001,67.94,1.202
2006-11-02,24.246,0.195,73.53,1.388
2006-11-03,24.685,0.031,71.13,2.125
2006-11-04,23.825,0.512,79.22,2.358
2006-11-05,24.254,0.0,70.51,2.535
2006-11-06,24.057,0.0,70.23,1.876
2006-11-07,24.406,0.039,69.92,1.191
2006-11-08,24.519,0.526,76.08,1.03
2006-11-09,24.132,1.299,80.97,1.252
2006-11-10,23.159,3.261,83.71,0.433
2006-11-11,22.05,3.082,83.19,1.121
2006-11-12,23.148,0.002,72.64,1.403
2006-11-13,23.301,0.016,72.46,2.151
2006-11-14,23.147,0.002,72.1,1.684
2006-11-15,23.233,0.002,70.28,1.729
2006-11-16,22.816,0.0,68.61,2.28
2006-11-17,22.091,0.001,68.75,1.684
2006-11-18,22.182,0.0,67.76,1.872
2006-11-19,22.628,0.002,65.8,2.552
2006-11-20,21.975,0.001,67.22,1.623
2006-11-21,21.077,0.001,70.97,1.129
2006-11-22,20.737,0.002,65.08,2.234
2006-11-23,21.837,0.001,65.72,2.383
2006-11-24,22.567,0.001,61.45,2.627
2006-11-25,21.456,0.001,58.5,3.063
2006-11-26,19.202,0.001,57.82,2.856
2006-11-27,17.984,0.001,56.28,1.531
2006-11-28,17.766,0.001,59.56,1.883
2006-11-29,18.106,0.0,62.74,1.762
2006-11-30,18.211,0.0,61.78,2.504
2006-12-01,17.757,0.001,57.44,2.783
2006-12-02,16.951,0.002,58.03,2.263
2006-12-03,17.408,-0.0,58.51,2.169
2006-12-04,18.402,0.0,60.86,1.962
2006-12-05,19.054,0.003,64.29,1.623
2006-12-06,20.182,0.0,64.28,0.763
2006-12-07,21.019,0.003,69.15,0.643
2006-12-08,21.334,0.002,68.47,1.848
2006-12-09,21.057,0.001,65.63,2.312
2006-12-10,21.224,0.001,70.59,1.03
2006-12-11,20.822,1.949,69.77,1.719
2006-12-12,18.843,0.04,65.93,3.435
2006-12-13,16.634,0.004,65.52,2.279
2006-12-14,17.022,0.001,66.69,2.454
2006-12-15,17.177,0.001,69.94,1.761
2006-12-16,18.465,0.0,67.91,1.83
2006-12-17,19.141,0.002,68.47,1.907
2006-12-18,19.694,0.001,69.51,1.668
2006-12-19,19.687,0.001,66.18,0.865
2006-12-20,20.146,0.001,67.14,0.663
2006-12-21,20.388,0.003,68.52,1.06
2006-12-22,20.254,0.0,67.55,2.12
2006-12-23,19.487,0.002,67.08,2.199
2006-12-24,18.721,0.002,65.72,2.566
2006-12-25,17.666,0.0,66.31,2.479
2006-12-26,17.167,0.001,64.6,2.059
2006-12-27,18.192,0.003,60.96,2.021
2006-12-28,18.184,0.158,72.08,1.382
2006-12-29,17.843,0.008,67.25,2.045
2006-12-30,17.177,0.001,65.76,2.224
2006-12-31,17.206,0.001,65.72,2.014
2007-01-01,17.15,0.001,63.93,2.552
2007-01-02,16.453,0.001,64.33,3.184
2007-01-03,15.513,0.0,65.58,2.75
2007-01-04,15.068,0.001,65.28,2.427
2007-01-05,15.282,0.0,67.98,2.399
2007-01-06,15.675,0.002,64.29,2.67
2007-01-07,16.116,0.001,54.5,3.246
2007-01-08,14.703,0.001,53.69,2.736
2007-01-09,14.893,0.0,55.84,2.474
2007-01-10,15.367,0.002,58.9,2.524
2007-01-11,15.955,0.0,65.02,2.361
2007-01-12,16.136,0.001,57.09,2.839
2007-01-13,15.317,0.0,53.09,3.507
2007-01-14,13.978,0.002,56.2,2.509
2007-01-15,15.184,0.001,55.85,1.301
2007-01-16,15.563,0.0,60.15,0.397
2007-01-17,15.613,0.001,64.82,1.326
2007-01-18,15.868,0.001,63.19,1.768
2007-01-19,16.393,0.0,60.33,2.789
2007-01-20,16.832,0.0,61.33,2.5
2007-01-21,16.891,0.0,60.69,2.393
2007-01-22,15.263,0.0,59.18,2.226
2007-01-23,15.912,0.002,59.8,1.845
2007-01-24,17.115,0.001,61.64,2.449
2007-01-25,17.471,0.002,66.41,2.152
2007-01-26,18.284,0.0,67.23,1.076
2007-01-27,20.007,0.002,64.68,0.236
2007-01-28,19.923,0.001,68.06,0.739
2007-01-29,20.799,0.0,71.38,1.265
2007-01-30,21.85,0.001,68.8,0.16
2007-01-31,19.554,4.78,82.28,0.232
2007-02-01,20.436,0.015,70.35,0.813
2007-02-02,20.051,0.006,67.33,0.778
2007-02-03,19.951,0.023,70.86,1.29
2007-02-04,19.954,0.046,72.84,1.512
2007-02-05,19.429,0.104,75.88,1.573
2007-02-06,19.436,0.344,79.2,2.64
2007-02-07,18.322,3.338,85.44,3.026
2007-02-08,18.094,0.556,84.13,2.414
2007-02-09,19.27,0.007,73.95,1.944
2007-02-10,20.114,0.019,70.03,1.525
2007-02-11,19.199,8.987,76.69,1.657
2007-02-12,18.236,5.33,82.94,1.84
2007-02-13,17.534,16.575,92.79,2.712
2007-02-14,16.879,2.214,86.79,0.635
2007-02-15,16.775,0.008,74.21,3.068
2007-02-16,17.435,0.174,72.09,1.731
2007-02-17,17.94,0.021,72.24,1.7
2007-02-18,17.715,0.047,69.85,2.537
2007-02-19,18.203,-0.0,69.26,2.14
2007-02-20,18.759,0.002,70.67,2.315
2007-02-21,18.859,0.0,68.92,1.904
2007-02-22,19.888,0.001,69.99,1.823
2007-02-23,21.405,0.017,69.53,1.281
2007-02-24,21.663,0.008,66.21,1.994
2007-02-25,19.973,1.043,68.38,2.393
2007-02-26,19.919,0.002,69.62,2.291
2007-02-27,20.884,0.007,65.19,0.669
2007-02-28,22.308,0.17,59.74,1.375
2007-03-01,20.914,15.315,78.02,2.241
2007-03-02,19.8,2.17,81.98,2.466
2007-03-03,19.572,0.001,65.8,2.59
2007-03-04,20.218,0.003,58.75,3.003
2007-03-05,21.002,0.002,51.03,3.639
2007-03-06,20.751,0.001,45.34,3.67
2007-03-07,19.719,0.002,47.62,3.112
2007-03-08,20.552,0.001,46.96,1.038
2007-03-09,21.74,0.0,48.22,0.27
2007-03-10,23.093,0.0,51.57,0.578
2007-03-11,24.426,0.001,46.06,0.695
2007-03-12,25.016,0.271,57.71,0.751
2007-03-13,23.412,3.297,66.19,0.96
2007-03-14,23.488,0.768,69.58,2.025
2007-03-15,22.723,0.002,47.48,5.365
2007-03-16,20.697,0.003,45.41,4.025
2007-03-17,22.305,0.0,52.09,1.332
2007-03-18,24.678,0.001,48.79,0.761
2007-03-19,25.832,0.0,46.71,0.877
2007-03-20,26.526,0.002,46.96,1.279
2007-03-21,27.043,0.452,51.25,1.125
2007-03-22,27.843,0.0,49.14,1.16
2007-03-23,27.921,0.001,48.05,1.903
2007-03-24,27.481,0.0,32.85,4.394
2007-03-25,26.67,0.001,29.77,4.55
2007-03-26,26.29,0.002,31.61,3.605
2007-03-27,26.983,0.002,32.48,1.684
2007-03-28,28.523,0.0,37.57,0.673
2007-03-29,29.649,0.0,37.39,0.887
2007-03-30,30.534,0.002,33.77,0.699
2007-03-31,31.216,0.002,36.89,1.413
2007-04-01,32.546,0.002,32.64,3.098
2007-04-02,32.35,0.001,20.42,4.524
2007-04-03,30.909,0.001,20.34,4.798
2007-04-04,28.799,0.001,25.93,2.579
2007-04-05,29.363,0.0,27.54,1.341
2007-04-06,30.158,0.003,37.93,0.49
2007-04-07,29.761,0.011,52.42,2.804
2007-04-08,30.055,0.0,39.93,1.265
2007-04-09,30.114,1.344,41.56,0.415
2007-04-10,29.084,0.0,49.06,1.763
2007-04-11,26.63,0.967,60.96,4.405
2007-04-12,27.526,0.052,56.35,3.485
2007-04-13,27.685,0.26,58.31,3.074
2007-04-14,28.898,0.111,54.67,2.275
2007-04-15,30.37,0.023,52.29,2.295
2007-04-16,30.984,0.38,54.28,1.827
2007-04-17,30.207,1.0,57.55,3.049
2007-04-18,28.98,4.636,65.9,1.661
2007-04-19,29.798,3.515,60.85,1.683
2007-04-20,30.957,0.14,53.7,1.103
2007-04-21,30.525,0.862,56.32,1.573
2007-04-22,30.986,0.177,49.32,0.942
2007-04-23,31.404,0.005,48.0,1.885
2007-04-24,30.402,0.107,53.57,3.075
2007-04-25,29.205,0.01,56.3,3.801
2007-04-26,29.006,0.627,60.26,3.58
2007-04-27,28.312,0.782,62.25,4.381
2007-04-28,30.129,0.002,52.41,2.495
2007-04-29,31.793,0.154,51.26,2.886
2007-04-30,31.563,0.802,51.38,2.111
2007-05-01,31.466,0.552,52.53,1.597
2007-05-02,32.689,0.219,42.48,1.686
2007-05-03,33.751,0.106,38.85,2.051
2007-05-04,33.968,0.008,39.03,2.465
2007-05-05,33.345,1.696,44.98,1.112
2007-05-06,32.793,1.862,48.81,1.147
2007-05-07,29.867,10.343,66.46,1.465
2007-05-08,28.65,7.075,70.6,2.6
2007-05-09,29.318,2.732,67.03,2.146
2007-05-10,29.998,0.855,64.76,1.67
2007-05-11,29.709,0.945,66.95,3.85
2007-05-12,28.645,4.125,71.6,3.245
2007-05-13,30.477,0.596,61.7,2.387
2007-05-14,30.485,0.543,60.58,3.055
2007-05-15,29.932,0.007,50.9,3.951
2007-05-16,29.939,3.712,60.51,2.88
2007-05-17,30.787,0.226,59.44,1.864
2007-05-18,30.295,5.725,66.55,1.436
2007-05-19,30.547,6.294,67.28,0.789
2007-05-20,29.726,4.625,71.13,1.352
2007-05-21,30.152,0.432,72.4,0.925
2007-05-22,32.801,0.003,48.69,1.767
2007-05-23,33.861,0.0,37.07,2.756
2007-05-24,33.617,0.003,36.94,1.273
2007-05-25,33.649,0.001,46.28,2.259
2007-05-26,32.637,0.18,59.49,3.508
2007-05-27,31.934,3.924,63.49,1.838
2007-05-28,32.945,0.004,48.12,0.77
2007-05-29,34.177,0.001,32.1,2.232
2007-05-30,35.174,0.0,27.63,3.113
2007-05-31,36.001,0.001,25.09,3.293
2007-06-01,36.244,0.001,26.1,2.494
2007-06-02,35.815,0.001,38.18,1.067
2007-06-03,32.74,0.194,56.59,5.186
2007-06-04,27.962,0.859,73.17,4.633
2007-06-05,29.61,3.818,68.86,3.349
2007-06-06,31.145,0.731,64.5,3.766
2007-06-07,27.864,1.108,80.45,4.857
2007-06-08,29.347,14.034,75.99,4.097
2007-06-09,26.424,34.233,92.33,3.79
2007-06-10,26.047,38.93,90.6,3.217
2007-06-11,26.838,1.223,87.59,2.347
2007-06-12,28.588,7.443,84.03,2.958
2007-06-13,28.485,17.938,84.39,3.419
2007-06-14,27.471,36.033,90.41,1.697
2007-06-15,26.908,35.779,93.79,2.077
2007-06-16,29.126,15.018,82.78,2.95
2007-06-17,29.481,6.489,80.1,2.052
2007-06-18,29.752,8.032,80.69,0.948
2007-06-19,29.498,5.052,82.36,0.409
2007-06-20,28.952,3.247,84.03,2.714
2007-06-21,30.277,3.431,79.74,2.495
2007-06-22,28.228,11.157,84.73,3.737
2007-06-23,28.146,7.987,83.65,3.341
2007-06-24,28.375,5.775,82.92,3.26
2007-06-25,29.133,0.873,78.1,2.744
2007-06-26,29.85,3.681,79.29,2.159
2007-06-27,29.678,6.444,80.65,2.194
2007-06-28,29.513,4.129,77.03,5.108
2007-06-29,28.635,1.69,77.67,7.624
2007-06-30,28.743,12.743,81.02,5.002
2007-07-01,27.703,10.93,88.38,2.747
2007-07-02,28.827,16.682,85.59,1.915
2007-07-03,28.949,17.522,84.77,0.48
2007-07-04,28.872,23.185,86.05,1.011
2007-07-05,28.395,27.986,86.14,2.609
2007-07-06,28.754,3.247,79.44,6.453
2007-07-07,28.117,4.589,82.14,6.107
2007-07-08,28.434,3.931,83.36,3.246
2007-07-09,29.803,1.215,79.26,0.952
2007-07-10,29.249,15.307,84.24,1.38
2007-07-11,28.596,7.639,85.93,0.824
2007-07-12,28.212,13.557,88.29,1.403
2007-07-13,28.746,27.676,86.8,1.119
2007-07-14,28.414,12.137,87.74,1.873
2007-07-15,28.382,19.497,86.61,2.981
2007-07-16,26.927,21.403,91.32,5.707
2007-07-17,27.199,21.116,91.9,2.615
2007-07-18,28.04,26.964,87.82,1.247
2007-07-19,26.751,64.278,93.69,3.862
2007-07-20,27.513,14.424,88.91,3.46
2007-07-21,27.667,26.246,88.8,2.227
2007-07-22,25.943,79.856,94.49,1.483
2007-07-23,26.113,77.245,93.63,2.643
2007-07-24,27.577,3.266,82.48,1.178
2007-07-25,27.309,9.691,87.44,1.283
2007-07-26,26.291,31.836,92.7,1.601
2007-07-27,26.136,22.775,93.09,1.249
2007-07-28,27.071,8.463,88.7,0.679
2007-07-29,28.012,12.64,86.58,0.999
2007-07-30,27.434,16.66,91.03,0.925
2007-07-31,28.151,13.056,86.98,0.649
2007-08-01,27.021,33.639,90.63,1.01
2007-08-02,26.567,31.367,92.33,1.925
2007-08-03,28.776,3.386,83.08,2.398
2007-08-04,30.119,0.618,78.6,1.86
2007-08-05,30.726,1.101,76.17,2.525
2007-08-06,29.686,3.433,77.18,5.177
2007-08-07,29.12,1.159,77.53,5.415
2007-08-08,29.272,2.359,80.37,2.902
2007-08-09,30.711,0.578,77.14,0.792
2007-08-10,31.352,4.718,76.73,2.022
2007-08-11,30.784,6.896,78.96,1.962
2007-08-12,28.533,6.409,86.18,0.888
2007-08-13,28.169,13.065,86.43,1.408
2007-08-14,26.906,38.663,91.97,2.918
2007-08-15,27.485,19.84,86.95,3.919
2007-08-16,26.842,31.431,92.66,1.255
2007-08-17,26.234,19.8,93.76,0.854
2007-08-18,28.025,2.986,83.56,3.121
2007-08-19,28.182,2.123,81.53,4.517
2007-08-20,28.424,1.433,80.59,4.13
2007-08-21,29.35,0.243,77.14,1.97
2007-08-22,30.414,0.606,75.1,1.093
2007-08-23,28.974,8.8,84.25,1.245
2007-08-24,28.795,4.967,84.24,1.666
2007-08-25,29.44,2.629,80.39,1.463
2007-08-26,28.652,7.181,85.07,2.123
2007-08-27,27.751,20.366,86.9,2.802
2007-08-28,28.171,7.372,85.32,2.551
2007-08-29,28.203,11.168,86.45,2.202
2007-08-30,27.81,14.958,89.35,1.937
2007-08-31,28.458,15.245,87.47,1.407
2007-09-01,29.213,4.066,82.49,1.712
2007-09-02,29.258,1.172,81.57,2.23
2007-09-03,29.089,3.564,82.69,1.967
2007-09-04,28.14,5.497,85.82,2.197
2007-09-05,27.121,9.321,87.1,3.096
2007-09-06,25.313,10.418,93.46,2.122
2007-09-07,26.498,23.506,91.28,0.72
2007-09-08,27.809,7.919,84.95,0.264
2007-09-09,27.947,8.689,84.5,0.963
2007-09-10,27.98,2.981,86.2,1.085
2007-09-11,28.36,4.165,86.44,0.277
2007-09-12,28.769,4.249,83.29,0.225
2007-09-13,28.891,4.554,83.32,1.213
2007-09-14,28.165,6.15,86.44,1.881
2007-09-15,27.886,12.933,86.03,1.599
2007-09-16,27.9,10.058,86.22,1.893
2007-09-17,27.895,8.32,87.35,1.863
2007-09-18,27.852,15.474,90.24,1.353
2007-09-19,29.025,2.839,82.71,1.503
2007-09-20,29.234,1.385,82.54,1.893
2007-09-21,29.459,0.001,70.83,3.307
2007-09-22,28.237,0.046,69.36,4.678
2007-09-23,24.652,19.13,85.9,7.358
2007-09-24,24.168,48.018,93.53,7.488
2007-09-25,24.679,38.594,95.11,4.964
2007-09-26,25.901,17.351,91.12,2.211
2007-09-27,26.618,4.271,87.63,1.81
2007-09-28,26.429,9.343,89.03,2.354
2007-09-29,27.25,6.516,85.1,2.151
2007-09-30,27.602,3.309,85.73,1.134
2007-10-01,27.623,3.431,85.92,0.417
2007-10-02,28.456,1.709,81.41,0.237
2007-10-03,28.391,5.357,82.75,0.676
2007-10-04,28.705,1.729,83.18,0.25
2007-10-05,29.17,0.952,81.72,0.919
2007-10-06,29.173,3.704,82.06,1.868
2007-10-07,28.979,0.072,73.23,2.801
2007-10-08,26.915,5.176,81.55,0.246
2007-10-09,26.766,1.274,82.96,0.306
2007-10-10,26.386,0.095,75.22,0.583
2007-10-11,26.462,0.002,76.98,0.412
2007-10-12,26.352,0.655,80.03,1.262
2007-10-13,27.224,1.044,81.64,0.364
2007-10-14,26.808,10.628,83.36,1.128
2007-10-15,25.78,3.592,86.99,2.32
2007-10-16,26.083,3.338,83.09,0.791
2007-10-17,25.624,3.44,86.43,0.858
2007-10-18,25.564,0.147,79.66,1.635
2007-10-19,25.064,0.019,73.99,2.129
2007-10-20,24.741,0.109,74.13,1.987
2007-10-21,25.18,0.047,72.95,0.857
2007-10-22,25.085,0.014,72.3,0.563
2007-10-23,24.729,0.012,75.88,1.771
2007-10-24,24.719,0.225,79.34,1.047
2007-10-25,24.795,0.2,76.42,0.762
2007-10-26,25.22,0.002,73.24,0.971
2007-10-27,25.473,0.014,73.03,1.467
2007-10-28,25.128,0.006,71.92,0.103
2007-10-29,25.506,0.0,70.62,1.413
2007-10-30,25.043,0.035,74.45,1.527
2007-10-31,25.282,0.001,74.0,1.047
2007-11-01,25.463,0.035,72.34,1.34
2007-11-02,24.893,0.03,70.79,0.69
2007-11-03,24.582,0.027,64.81,1.223
2007-11-04,24.73,0.008,65.24,0.61
2007-11-05,24.79,0.0,66.21,0.562
2007-11-06,24.467,0.245,73.89,1.043
2007-11-07,24.871,0.108,70.46,1.157
2007-11-08,24.748,1.25,76.55,1.354
2007-11-09,24.129,0.79,78.64,0.509
2007-11-10,23.929,0.028,70.83,1.212
2007-11-11,24.072,0.001,64.72,0.695
2007-11-12,23.363,0.001,66.89,0.865
2007-11-13,22.852,0.0,65.05,0.847
2007-11-14,22.752,0.0,65.36,1.317
2007-11-15,23.511,0.023,64.94,2.896
2007-11-16,22.006,0.003,66.85,1.973
2007-11-17,22.574,0.001,67.51,0.276
2007-11-18,22.086,0.001,63.0,1.226
2007-11-19,21.656,0.0,57.17,2.276
2007-11-20,20.856,0.001,55.12,2.546
2007-11-21,20.588,0.0,63.5,1.686
2007-11-22,21.274,0.003,63.09,1.493
2007-11-23,22.192,0.001,64.73,2.074
2007-11-24,21.735,0.001,64.64,2.124
2007-11-25,21.42,0.0,64.17,1.732
2007-11-26,21.363,0.001,64.18,1.365
2007-11-27,20.841,0.002,65.98,1.784
2007-11-28,20.36,0.001,64.19,1.3
2007-11-29,21.011,0.0,58.04,0.249
2007-11-30,20.439,0.0,61.37,1.416
2007-12-01,20.83,0.0,61.03,1.429
2007-12-02,21.094,0.0,60.95,0.211
2007-12-03,19.974,0.031,68.15,1.416
2007-12-04,19.37,0.029,69.54,2.16
2007-12-05,20.331,0.0,65.99,0.42
2007-12-06,19.663,0.001,69.08,1.431
2007-12-07,19.241,0.0,68.1,2.076
2007-12-08,18.478,0.0,62.28,2.318
2007-12-09,18.031,0.0,64.31,1.672
2007-12-10,18.246,0.001,63.56,1.848
2007-12-11,18.66,0.001,59.65,0.583
2007-12-12,19.291,0.0,59.09,0.73
2007-12-13,18.695,0.0,69.84,1.052
2007-12-14,19.904,0.001,70.19,2.17
2007-12-15,18.774,0.0,63.61,2.75
2007-12-16,16.644,0.0,55.97,2.808
2007-12-17,16.116,0.001,58.93,2.849
2007-12-18,15.995,0.001,61.54,2.425
2007-12-19,16.707,0.0,57.83,2.763
2007-12-20,16.272,0.001,56.76,3.115
2007-12-21,16.148,0.001,59.96,2.542
2007-12-22,16.755,0.003,59.67,0.836
2007-12-23,17.45,0.0,66.83,0.795
2007-12-24,17.906,0.0,69.18,1.886
2007-12-25,18.335,0.001,71.68,1.692
2007-12-26,18.927,0.001,68.07,1.125
2007-12-27,18.383,0.0,63.48,2.475
2007-12-28,16.987,0.001,63.3,2.336
2007-12-29,16.728,0.001,61.03,2.236
2007-12-30,16.499,0.0,60.82,2.783
2007-12-31,15.231,0.0,57.9,2.691
2008-01-01,15.648,0.001,59.16,2.152
2008-01-02,16.524,0.0,63.21,1.723
2008-01-03,17.682,0.001,62.58,2.277
2008-01-04,17.672,0.003,59.51,2.554
2008-01-05,16.576,0.001,58.06,2.255
2008-01-06,16.968,0.0,59.04,1.985
2008-01-07,17.693,0.001,63.43,2.277
2008-01-08,18.14,0.002,63.12,2.26
2008-01-09,18.988,0.001,64.6,2.682
2008-01-10,20.317,0.0,67.05,2.831
2008-01-11,21.181,0.001,54.05,3.846
2008-01-12,19.427,0.001,47.1,4.724
2008-01-13,16.69,0.0,54.74,2.742
2008-01-14,16.867,0.0,57.07,3.157
2008-01-15,16.292,0.0,59.33,1.892
2008-01-16,17.208,0.001,64.49,1.473
2008-01-17,18.2,0.002,68.18,1.553
2008-01-18,19.343,0.004,68.5,0.502
2008-01-19,20.061,0.001,68.6,1.626
2008-01-20,20.21,0.0,62.13,2.203
2008-01-21,16.808,0.002,46.42,3.761
2008-01-22,16.732,0.119,54.33,1.687
2008-01-23,14.009,27.921,88.55,1.824
2008-01-24,15.761,0.242,82.32,0.616
2008-01-25,17.029,0.214,75.62,0.85
2008-01-26,16.767,0.639,76.08,0.665
2008-01-27,15.84,0.135,64.77,3.389
2008-01-28,15.284,0.02,56.14,3.633
2008-01-29,15.397,1.194,64.35,1.355
2008-01-30,14.908,2.357,76.42,1.209
2008-01-31,14.437,0.314,75.37,1.691
2008-02-01,13.971,0.0,62.91,2.595
2008-02-02,14.161,0.0,62.48,1.805
2008-02-03,15.623,0.072,56.76,0.427
2008-02-04,16.917,0.002,68.05,1.66
2008-02-05,18.417,0.148,77.38,1.957
2008-02-06,19.964,0.001,75.47,0.069
2008-02-07,21.087,0.062,76.18,1.658
2008-02-08,18.166,10.997,89.45,0.983
2008-02-09,18.553,0.0,69.56,3.616
2008-02-10,15.865,0.001,59.19,3.53
2008-02-11,15.529,0.0,59.16,2.887
2008-02-12,15.576,0.004,56.74,3.352
2008-02-13,14.729,0.001,51.46,3.31
2008-02-14,14.969,0.0,55.46,2.071
2008-02-15,16.117,0.001,57.35,2.539
2008-02-16,17.023,0.001,60.61,0.85
2008-02-17,18.53,0.002,61.43,1.281
2008-02-18,19.305,0.001,63.39,1.884
2008-02-19,19.708,0.448,63.57,3.553
2008-02-20,17.7,1.883,75.07,1.683
2008-02-21,18.811,0.001,66.9,0.251
2008-02-22,20.55,0.001,59.84,0.665
2008-02-23,21.185,0.003,62.12,1.258
2008-02-24,22.535,0.001,62.78,0.777
2008-02-25,22.635,0.0,51.43,2.897
2008-02-26,20.136,0.001,44.47,2.958
2008-02-27,20.314,0.001,43.58,2.476
2008-02-28,20.755,0.001,51.04,1.559
2008-02-29,21.541,0.003,50.13,1.491
2008-03-01,22.365,0.002,47.16,0.386
2008-03-02,23.872,0.001,48.88,0.33
2008-03-03,23.689,0.012,55.31,1.301
2008-03-04,22.632,0.566,61.86,2.189
2008-03-05,22.614,0.06,65.75,3.182
2008-03-06,22.876,0.075,63.07,1.479
2008-03-07,23.815,0.002,61.36,0.632
2008-03-08,24.904,0.001,55.84,0.159
2008-03-09,25.164,0.0,54.8,0.582
2008-03-10,25.62,0.001,49.5,1.887
2008-03-11,24.98,0.001,47.06,2.224
2008-03-12,25.523,0.001,51.15,2.432
2008-03-13,26.694,0.0,46.28,2.579
2008-03-14,27.144,0.704,42.33,3.829
2008-03-15,26.462,0.001,43.05,3.574
2008-03-16,26.29,0.0,43.91,2.62
2008-03-17,26.741,0.001,43.6,0.49
2008-03-18,26.894,0.001,47.08,1.619
2008-03-19,27.19,0.005,53.91,1.591
2008-03-20,26.836,0.953,58.2,0.708
2008-03-21,27.415,0.03,46.04,1.65
2008-03-22,26.813,0.001,49.07,0.177
2008-03-23,26.804,0.0,55.98,1.082
2008-03-24,27.306,0.0,50.3,1.501
2008-03-25,27.928,0.001,41.26,1.469
2008-03-26,27.781,0.0,42.25,2.402
2008-03-27,28.716,0.0,27.76,3.728
2008-03-28,29.363,0.001,24.4,3.86
2008-03-29,29.318,0.028,25.35,2.357
2008-03-30,28.831,0.001,28.59,1.895
2008-03-31,28.6,0.006,35.97,0.795
2008-04-01,28.041,0.17,46.63,0.802
2008-04-02,28.009,0.052,46.26,0.935
2008-04-03,28.227,0.387,46.0,1.274
2008-04-04,27.44,0.46,49.92,0.591
2008-04-05,26.277,15.769,65.48,2.313
2008-04-06,24.346,6.187,72.64,0.608
2008-04-07,25.771,0.001,51.71,2.963
2008-04-08,26.493,0.0,43.46,2.644
2008-04-09,28.125,0.0,39.08,2.476
2008-04-10,29.337,0.001,33.56,2.6
2008-04-11,30.578,0.0,37.13,0.718
2008-04-12,31.089,0.015,41.62,1.2
2008-04-13,30.91,0.179,41.63,0.377
2008-04-14,30.858,0.038,45.83,1.133
2008-04-15,29.546,2.444,61.23,3.47
2008-04-16,30.201,0.018,58.87,3.222
2008-04-17,30.469,1.834,59.09,0.629
2008-04-18,32.18,0.001,28.58,3.697
2008-04-19,31.732,0.001,19.82,3.865
2008-04-20,32.173,0.0,18.08,3.367
2008-04-21,31.925,0.0,22.0,1.255
2008-04-22,32.851,0.002,29.73,0.459
2008-04-23,33.256,0.002,35.11,1.191
2008-04-24,33.496,0.001,29.59,0.316
2008-04-25,33.452,0.001,34.33,1.227
2008-04-26,33.346,0.001,34.93,0.571
2008-04-27,33.694,0.002,27.85,0.983
2008-04-28,33.056,0.051,41.58,1.525
2008-04-29,32.134,0.002,47.98,3.644
2008-04-30,31.513,0.001,52.75,4.266
2008-05-01,32.954,0.009,45.86,1.803
2008-05-02,32.595,0.662,46.64,2.265
2008-05-03,31.073,0.856,56.28,3.836
2008-05-04,31.234,0.668,56.23,4.148
2008-05-05,30.645,1.652,61.75,2.883
2008-05-06,30.629,0.438,59.62,2.571
2008-05-07,31.361,0.586,58.74,2.862
2008-05-08,31.653,0.306,53.42,1.646
2008-05-09,32.025,0.063,48.59,0.951
2008-05-10,32.377,0.047,48.27,1.22
2008-05-11,31.894,0.504,52.64,2.655
2008-05-12,32.293,0.424,48.62,1.956
2008-05-13,32.288,1.391,51.13,2.128
2008-05-14,32.214,1.568,53.05,2.26
2008-05-15,31.294,0.936,59.25,2.412
2008-05-16,31.528,1.075,60.65,1.96
2008-05-17,32.274,0.642,56.39,1.312
2008-05-18,32.199,0.197,56.53,2.719
2008-05-19,30.888,0.262,61.21,3.624
2008-05-20,28.636,1.916,69.38,3.033
2008-05-21,29.32,1.207,67.86,2.722
2008-05-22,28.753,10.207,71.62,2.601
2008-05-23,27.254,16.419,81.01,3.095
2008-05-24,27.347,11.459,82.6,2.658
2008-05-25,27.225,22.5,83.66,1.477
2008-05-26,28.115,1.969,79.83,1.004
2008-05-27,29.514,0.796,76.07,0.814
2008-05-28,30.738,0.069,66.37,0.613
2008-05-29,31.262,0.003,66.44,1.388
2008-05-30,31.414,0.991,64.23,1.419
2008-05-31,31.431,0.178,64.85,2.632
2008-06-01,31.984,0.275,62.71,3.104
2008-06-02,29.91,0.033,71.29,4.235
2008-06-03,28.908,1.613,77.04,3.366
2008-06-04,28.298,25.964,80.78,2.967
2008-06-05,27.044,8.553,83.78,2.259
2008-06-06,26.894,18.508,86.65,1.958
2008-06-07,26.965,5.282,84.38,3.013
2008-06-08,27.583,5.336,82.96,3.125
2008-06-09,27.034,6.849,86.66,3.289
2008-06-10,27.111,7.445,85.91,3.389
2008-06-11,28.172,2.041,82.81,3.255
2008-06-12,29.073,3.417,80.97,2.74
2008-06-13,28.651,14.988,84.61,1.892
2008-06-14,27.077,22.197,90.79,1.51
2008-06-15,27.725,14.745,88.61,0.944
2008-06-16,28.622,19.513,85.12,0.989
2008-06-17,28.078,8.158,80.85,4.567
2008-06-18,25.566,4.366,88.14,4.79
2008-06-19,25.188,26.601,95.52,2.256
2008-06-20,27.53,4.727,83.28,1.555
2008-06-21,27.769,0.869,81.85,2.568
2008-06-22,27.725,6.379,85.33,2.961
2008-06-23,27.372,9.164,87.87,2.824
2008-06-24,28.552,2.933,83.91,2.88
2008-06-25,29.88,0.847,79.16,2.753
2008-06-26,29.474,2.524,80.39,2.78
2008-06-27,28.42,10.698,83.72,3.653
2008-06-28,27.181,13.734,87.37,4.264
2008-06-29,26.32,11.038,91.87,3.925
2008-06-30,26.587,10.125,90.09,3.03
2008-07-01,26.885,23.383,91.26,1.542
2008-07-02,28.224,12.845,86.49,1.182
2008-07-03,28.576,15.96,85.96,1.659
2008-07-04,28.381,18.508,86.56,0.9
2008-07-05,27.28,33.73,91.11,1.345
2008-07-06,27.92,7.817,85.95,1.253
2008-07-07,29.046,1.644,81.05,1.011
2008-07-08,28.903,3.079,77.63,4.147
2008-07-09,27.616,12.618,85.2,4.5
2008-07-10,28.303,3.721,83.55,3.12
2008-07-11,28.102,17.74,86.49,1.79
2008-07-12,27.648,29.364,87.62,0.584
2008-07-13,27.428,9.127,87.85,1.636
2008-07-14,27.958,36.049,86.71,1.69
2008-07-15,26.339,13.078,92.21,2.295
2008-07-16,26.09,47.093,93.83,2.347
2008-07-17,27.221,47.18,90.41,1.26
2008-07-18,27.896,18.45,87.28,0.666
2008-07-19,26.899,19.199,91.06,2.699
2008-07-20,27.2,20.358,89.75,1.534
2008-07-21,28.227,17.505,86.78,1.255
2008-07-22,28.295,21.846,87.59,1.117
2008-07-23,27.608,17.185,88.53,1.638
2008-07-24,27.482,8.895,87.75,0.735
2008-07-25,28.145,12.667,85.52,1.798
2008-07-26,27.88,14.98,85.94,3.006
2008-07-27,28.499,4.22,81.81,3.306
2008-07-28,28.824,4.348,80.17,4.481
2008-07-29,29.028,1.88,76.9,4.745
2008-07-30,28.688,3.66,81.73,3.874
2008-07-31,28.927,3.056,79.79,4.157
2008-08-01,28.522,5.526,81.91,3.793
2008-08-02,29.007,8.73,80.72,2.931
2008-08-03,28.114,11.173,85.01,2.736
2008-08-04,28.923,1.771,80.68,3.199
2008-08-05,28.217,5.415,84.11,3.034
2008-08-06,28.509,7.673,83.13,2.515
2008-08-07,27.828,16.44,86.03,2.214
2008-08-08,29.638,5.897,80.83,1.027
2008-08-09,29.739,6.478,80.68,3.008
2008-08-10,28.098,5.46,81.95,6.22
2008-08-11,27.163,13.478,87.27,4.717
2008-08-12,26.975,20.378,90.17,2.782
2008-08-13,27.03,15.262,89.23,1.76
2008-08-14,26.753,25.003,92.29,2.157
2008-08-15,27.373,14.807,88.48,2.378
2008-08-16,27.587,11.236,87.04,2.357
2008-08-17,27.852,18.682,86.99,0.968
2008-08-18,27.564,21.163,87.64,1.298
2008-08-19,26.392,31.373,92.92,1.762
2008-08-20,26.995,12.766,88.84,2.654
2008-08-21,27.751,3.885,84.83,2.926
2008-08-22,28.249,4.968,84.5,2.078
2008-08-23,29.339,1.545,81.81,1.941
2008-08-24,29.681,0.777,77.75,1.948
2008-08-25,29.318,0.868,77.6,1.984
2008-08-26,29.22,5.043,81.48,0.906
2008-08-27,28.617,20.018,85.74,0.608
2008-08-28,27.223,20.893,90.35,1.203
2008-08-29,27.108,11.666,88.71,2.408
2008-08-30,28.84,3.008,82.22,1.741
2008-08-31,29.39,2.477,80.73,0.573
2008-09-01,29.48,2.371,81.78,0.675
2008-09-02,29.636,1.808,80.96,0.285
2008-09-03,29.615,3.035,80.04,0.455
2008-09-04,28.326,6.352,84.99,0.843
2008-09-05,27.373,6.323,85.86,0.92
2008-09-06,28.04,1.755,84.79,1.602
2008-09-07,28.418,0.842,82.5,1.28
2008-09-08,29.319,1.021,78.42,1.633
2008-09-09,28.682,1.584,79.86,2.675
2008-09-10,28.784,4.012,82.95,2.692
2008-09-11,29.506,0.647,77.26,2.519
2008-09-12,28.834,1.771,82.15,2.067
2008-09-13,28.906,7.91,82.43,1.421
2008-09-14,29.023,4.222,82.52,1.076
2008-09-15,28.931,5.909,81.72,1.83
2008-09-16,27.888,8.829,82.19,3.678
2008-09-17,27.187,6.888,83.44,6.647
2008-09-18,27.453,2.546,83.04,5.907
2008-09-19,27.103,5.651,86.82,3.106
2008-09-20,28.74,2.238,81.24,1.147
2008-09-21,28.324,12.716,83.39,1.121
2008-09-22,26.511,12.667,88.81,1.094
2008-09-23,26.963,6.651,86.09,0.909
2008-09-24,26.119,9.09,90.71,0.195
2008-09-25,27.068,12.354,87.88,1.627
2008-09-26,27.822,1.476,83.04,2.168
2008-09-27,27.445,0.797,83.2,1.193
2008-09-28,25.838,42.578,91.61,1.978
2008-09-29,25.211,26.941,91.39,0.978
2008-09-30,27.392,0.197,80.91,1.521
2008-10-01,28.793,0.104,77.24,0.393
2008-10-02,28.504,2.349,80.13,0.269
2008-10-03,27.485,2.617,84.67,1.313
2008-10-04,27.539,5.269,84.98,0.564
2008-10-05,27.883,1.679,82.83,1.257
2008-10-06,26.446,1.999,87.16,2.058
2008-10-07,26.919,2.761,83.05,0.45
2008-10-08,26.564,1.146,85.38,0.546
2008-10-09,26.677,1.501,83.11,0.957
2008-10-10,26.842,0.503,80.23,0.199
2008-10-11,27.221,0.425,80.03,0.414
2008-10-12,26.88,0.124,78.17,0.811
2008-10-13,27.273,0.06,76.46,0.597
2008-10-14,27.1,0.019,76.66,0.993
2008-10-15,27.467,0.131,77.1,0.919
2008-10-16,26.55,0.033,77.18,0.699
2008-10-17,26.539,0.064,76.08,1.3
2008-10-18,25.975,0.015,77.25,1.463
2008-10-19,25.925,0.013,73.28,1.94
2008-10-20,25.548,0.115,75.26,1.645
2008-10-21,25.685,0.0,69.77,1.114
2008-10-22,25.791,0.0,70.81,0.192
2008-10-23,25.708,0.013,71.15,0.939
2008-10-24,25.843,0.003,68.5,0.94
2008-10-25,25.311,0.723,76.11,2.375
2008-10-26,23.821,0.669,75.44,2.549
2008-10-27,22.994,0.0,71.49,0.651
2008-10-28,24.042,0.019,72.99,1.498
2008-10-29,24.857,0.001,70.74,0.599
2008-10-30,24.795,0.013,70.69,0.874
2008-10-31,24.816,0.02,70.37,1.191
2008-11-01,24.508,0.005,71.01,1.208
2008-11-02,24.633,0.0,70.33,1.174
2008-11-03,25.374,0.0,67.44,0.652
2008-11-04,24.936,0.101,71.45,1.22
2008-11-05,24.157,0.59,77.88,1.32
2008-11-06,24.309,0.062,73.4,1.215
2008-11-07,24.824,0.0,67.29,0.44
2008-11-08,24.628,0.001,68.12,0.547
2008-11-09,24.455,0.001,65.9,0.583
2008-11-10,24.509,0.0,64.83,0.685
2008-11-11,24.512,0.002,63.86,0.338
2008-11-12,23.874,0.0,66.51,0.25
2008-11-13,23.82,0.0,64.58,0.702
2008-11-14,23.84,0.0,63.79,0.883
2008-11-15,23.464,0.001,64.77,0.548
2008-11-16,23.029,0.003,66.09,1.029
2008-11-17,22.725,0.0,65.2,1.146
2008-11-18,22.665,0.001,64.92,0.991
2008-11-19,23.446,0.001,64.5,1.231
2008-11-20,23.556,0.003,65.23,1.679
2008-11-21,23.279,0.003,61.93,2.845
2008-11-22,20.355,0.001,53.89,2.84
2008-11-23,19.701,0.002,58.25,2.117
2008-11-24,19.232,0.0,61.07,1.937
2008-11-25,20.581,0.0,63.05,1.819
2008-11-26,21.187,0.001,63.32,1.012
2008-11-27,20.885,0.002,64.72,1.198
2008-11-28,21.385,0.001,63.41,1.941
2008-11-29,21.391,0.001,67.73,1.699
2008-11-30,21.306,0.003,66.63,1.053
2008-12-01,22.143,0.001,63.51,0.777
2008-12-02,21.692,0.003,67.64,0.88
2008-12-03,21.781,0.0,63.02,2.021
2008-12-04,22.492,0.022,66.09,0.92
2008-12-05,22.439,0.006,64.27,0.994
2008-12-06,21.98,0.001,64.45,1.715
2008-12-07,22.011,0.001,66.46,0.402
2008-12-08,22.127,0.001,71.16,0.669
2008-12-09,22.192,0.003,72.14,1.074
2008-12-10,22.244,0.009,70.3,1.556
2008-12-11,21.824,0.0,72.24,1.52
2008-12-12,21.73,0.0,73.48,1.607
2008-12-13,21.622,0.007,75.13,1.716
2008-12-14,20.742,0.002,73.79,2.281
2008-12-15,18.442,0.001,70.07,2.003
2008-12-16,18.624,0.002,71.57,1.395
2008-12-17,19.541,0.0,74.52,1.714
2008-12-18,19.926,0.001,76.21,1.791
2008-12-19,19.87,0.011,76.63,0.787
2008-12-20,19.837,0.013,76.06,0.993
2008-12-21,19.7,0.034,75.41,1.184
2008-12-22,20.125,0.202,75.56,1.291
2008-12-23,19.31,0.014,74.09,2.063
2008-12-24,17.969,0.001,70.57,1.986
2008-12-25,18.19,0.001,69.31,1.931
2008-12-26,18.047,0.042,73.75,1.465
2008-12-27,18.089,0.085,72.96,1.826
2008-12-28,18.298,0.05,73.72,1.515
2008-12-29,18.482,0.002,69.77,1.625
2008-12-30,18.309,0.0,69.16,1.247
2008-12-31,18.115,0.001,69.4,1.567
2009-01-01,17.244,0.0,71.74,1.486
2009-01-02,16.858,0.0,70.73,1.631
2009-01-03,16.45,0.001,70.54,1.415
2009-01-04,16.164,0.001,73.0,1.647
2009-01-05,16.973,0.0,70.1,0.543
2009-01-06,17.697,0.121,69.34,1.617
2009-01-07,18.632,0.399,76.61,1.659
2009-01-08,18.871,1.113,82.11,0.568
2009-01-09,19.185,0.005,75.45,0.895
2009-01-10,19.457,0.003,74.31,1.691
2009-01-11,19.29,0.077,76.86,2.684
2009-01-12,18.22,0.001,73.71,2.032
2009-01-13,18.093,0.0,71.73,1.778
2009-01-14,18.165,0.001,70.21,1.9
2009-01-15,18.219,0.0,67.75,1.654
2009-01-16,18.427,0.002,70.4,1.612
2009-01-17,18.813,0.002,72.29,1.808
2009-01-18,19.507,0.001,73.24,2.202
2009-01-19,20.306,0.002,74.12,2.839
2009-01-20,19.084,-0.0,58.0,3.554
2009-01-21,17.618,0.001,66.3,2.287
2009-01-22,18.564,0.001,70.55,2.135
2009-01-23,18.867,0.001,74.86,1.695
2009-01-24,20.012,0.003,73.27,1.013
2009-01-25,20.151,0.002,77.01,0.839
2009-01-26,20.659,0.003,75.57,2.85
2009-01-27,21.797,0.002,66.03,3.768
2009-01-28,19.495,0.0,61.01,3.682
2009-01-29,18.277,0.003,64.83,2.207
2009-01-30,18.642,0.001,65.3,2.777
2009-01-31,18.361,0.0,60.3,2.879
2009-02-01,17.612,0.001,62.23,2.458
2009-02-02,17.486,0.001,58.62,1.846
2009-02-03,18.333,0.001,63.52,1.691
2009-02-04,19.06,0.0,65.4,1.43
2009-02-05,19.897,0.001,64.8,1.543
2009-02-06,20.471,0.001,64.33,0.755
2009-02-07,20.664,0.0,61.8,1.927
2009-02-08,20.354,0.005,60.45,2.333
2009-02-09,19.617,0.0,58.39,1.757
2009-02-10,20.399,0.0,60.01,0.654
2009-02-11,21.724,4.865,59.91,0.947
2009-02-12,20.316,0.007,65.75,3.807
2009-02-13,19.764,0.003,66.64,2.14
2009-02-14,20.405,0.002,62.0,2.556
2009-02-15,21.418,0.001,60.29,3.033
2009-02-16,20.726,0.0,50.45,2.948
2009-02-17,20.055,0.002,49.22,2.852
2009-02-18,20.432,0.0,52.25,2.886
2009-02-19,20.444,0.0,52.84,2.688
2009-02-20,21.617,0.0,49.92,2.676
2009-02-21,23.947,0.001,36.64,5.483
2009-02-22,24.214,0.0,30.62,5.325
2009-02-23,23.674,0.001,43.03,3.347
2009-02-24,24.016,0.001,45.75,3.042
2009-02-25,25.899,0.001,39.84,4.938
2009-02-26,25.369,0.002,35.04,5.066
2009-02-27,25.051,0.001,34.17,5.082
2009-02-28,23.97,0.001,29.07,5.107
2009-03-01,21.489,0.001,36.64,1.691
2009-03-02,21.662,0.002,45.22,1.482
2009-03-03,22.927,0.0,48.85,0.72
2009-03-04,24.286,0.002,53.83,1.876
2009-03-05,26.597,0.001,45.33,3.203
2009-03-06,25.471,0.0,36.15,3.797
2009-03-07,24.894,0.002,36.45,3.008
2009-03-08,26.015,0.001,38.02,2.737
2009-03-09,26.547,0.002,38.27,2.487
2009-03-10,26.918,0.0,35.33,3.258
2009-03-11,25.811,0.0,31.18,4.401
2009-03-12,24.04,0.001,38.79,2.664
2009-03-13,25.06,0.001,40.81,0.786
2009-03-14,25.154,0.001,39.72,1.579
2009-03-15,25.675,0.001,39.63,2.03
2009-03-16,26.391,0.03,40.39,0.513
2009-03-17,26.477,0.002,38.46,0.908
2009-03-18,26.628,0.014,37.14,0.245
2009-03-19,26.409,0.001,38.45,1.018
2009-03-20,26.591,0.789,45.7,2.482
2009-03-21,26.764,0.646,48.88,1.973
2009-03-22,26.434,0.144,53.92,0.432
2009-03-23,27.046,0.002,46.1,0.976
2009-03-24,27.036,0.002,41.66,1.2
2009-03-25,28.026,0.095,39.79,1.273
2009-03-26,26.871,0.114,42.49,1.401
2009-03-27,26.364,0.002,44.03,0.974
2009-03-28,27.105,0.04,46.6,1.236
2009-03-29,27.523,1.538,51.97,1.717
2009-03-30,27.095,0.373,59.31,1.372
2009-03-31,27.029,0.002,44.49,1.22
2009-04-01,27.199,0.0,46.05,1.387
2009-04-02,28.155,0.003,49.79,2.335
2009-04-03,28.95,0.001,51.72,1.99
2009-04-04,28.906,0.0,51.16,2.099
2009-04-05,29.027,0.001,52.46,1.673
2009-04-06,29.58,0.001,44.64,0.891
2009-04-07,29.97,0.001,34.14,1.769
2009-04-08,31.048,0.002,29.84,2.742
2009-04-09,30.004,0.04,35.95,2.184
2009-04-10,30.307,0.001,28.53,3.479
2009-04-11,29.07,0.001,27.49,2.088
2009-04-12,29.741,0.0,31.66,0.545
2009-04-13,31.356,0.0,31.74,0.656
2009-04-14,32.109,0.013,38.86,2.681
2009-04-15,32.596,0.0,34.51,1.134
2009-04-16,33.666,0.001,33.34,1.598
2009-04-17,33.666,0.002,30.2,2.011
2009-04-18,33.25,0.001,16.65,5.024
2009-04-19,32.166,0.001,23.82,0.959
2009-04-20,32.041,0.001,44.11,2.739
2009-04-21,30.859,0.003,55.64,3.709
2009-04-22,33.006,0.0,37.11,1.147
2009-04-23,33.278,0.0,14.56,4.527
2009-04-24,32.638,0.001,12.72,4.189
2009-04-25,32.848,0.003,14.34,2.977
2009-04-26,32.508,0.003,13.16,3.681
2009-04-27,32.324,0.003,15.77,2.425
2009-04-28,33.547,0.003,26.79,2.583
2009-04-29,32.558,0.409,53.05,3.387
2009-04-30,31.247,0.178,60.37,4.572
2009-05-01,27.897,0.12,69.27,5.096
2009-05-02,28.308,0.029,67.93,4.198
2009-05-03,30.675,0.115,59.38,2.862
2009-05-04,31.311,0.213,58.18,2.383
2009-05-05,32.116,0.338,53.14,1.832
2009-05-06,32.988,0.0,37.41,1.433
2009-05-07,33.231,0.002,23.73,3.39
2009-05-08,34.111,0.0,19.34,3.586
2009-05-09,34.139,0.0,23.39,2.261
2009-05-10,32.146,0.607,44.64,2.107
2009-05-11,30.46,1.111,53.98,2.417
2009-05-12,26.241,5.445,76.62,3.416
2009-05-13,26.712,0.952,71.13,2.799
2009-05-14,28.704,0.186,61.01,3.074
2009-05-15,28.292,32.318,69.84,3.31
2009-05-16,25.871,37.436,83.1,3.039
2009-05-17,27.02,10.448,79.9,3.076
2009-05-18,26.968,0.407,80.39,2.824
2009-05-19,28.657,4.31,78.07,3.132
2009-05-20,27.997,25.701,82.59,3.035
2009-05-21,27.705,11.503,83.47,3.159
2009-05-22,28.957,2.924,74.7,3.359
2009-05-23,29.175,2.46,75.64,2.745
2009-05-24,28.332,16.165,80.88,2.456
2009-05-25,25.039,72.998,89.39,5.293
2009-05-26,26.339,34.15,81.78,0.411
2009-05-27,27.121,4.136,83.74,2.812
2009-05-28,28.266,8.544,79.0,3.038
2009-05-29,27.737,16.902,83.32,2.146
2009-05-30,29.022,1.496,77.58,2.35
2009-05-31,26.825,19.998,87.75,2.216
2009-06-01,28.444,0.694,79.74,0.333
2009-06-02,30.282,1.319,69.61,0.278
2009-06-03,29.333,2.703,79.74,2.421
2009-06-04,29.358,1.634,79.93,2.844
2009-06-05,29.96,1.005,75.27,2.684
2009-06-06,29.694,0.997,77.16,1.829
2009-06-07,30.098,0.753,75.23,0.435
2009-06-08,31.35,0.002,60.46,1.258
2009-06-09,30.846,0.0,62.21,1.114
2009-06-10,30.743,0.006,75.33,3.397
2009-06-11,28.776,0.203,78.78,4.495
2009-06-12,28.947,2.857,78.12,3.823
2009-06-13,28.09,1.89,81.12,3.61
2009-06-14,29.95,0.21,77.45,2.969
2009-06-15,30.886,0.004,75.23,3.082
2009-06-16,31.064,0.002,73.27,2.183
2009-06-17,31.426,0.002,67.66,1.185
2009-06-18,31.941,0.002,60.75,1.371
2009-06-19,32.351,0.001,65.57,2.18
2009-06-20,32.427,0.003,69.9,3.317
2009-06-21,32.225,0.002,70.62,3.369
2009-06-22,31.708,0.005,71.51,4.368
2009-06-23,30.993,5.565,73.97,4.733
2009-06-24,29.499,5.992,81.03,4.281
2009-06-25,29.793,4.573,78.33,3.989
2009-06-26,31.016,1.357,74.06,3.666
2009-06-27,30.149,6.269,77.8,3.616
2009-06-28,28.928,20.025,85.31,2.904
2009-06-29,28.675,19.615,86.65,1.586
2009-06-30,27.584,79.068,89.92,1.533
2009-07-01,27.339,36.443,90.89,1.022
2009-07-02,27.802,7.694,88.61,0.24
2009-07-03,28.245,9.208,86.86,2.12
2009-07-04,27.416,13.456,90.79,2.438
2009-07-05,28.834,5.299,83.17,2.835
2009-07-06,28.94,4.204,83.25,3.082
2009-07-07,28.252,12.013,84.46,3.722
2009-07-08,28.658,4.159,82.22,4.324
2009-07-09,28.488,7.608,83.68,4.076
2009-07-10,28.402,2.194,80.88,4.495
2009-07-11,28.967,1.912,81.78,3.092
2009-07-12,29.381,2.412,80.6,2.802
2009-07-13,30.581,0.062,75.23,2.958
2009-07-14,29.732,2.157,76.7,4.245
2009-07-15,29.447,1.684,74.78,6.687
2009-07-16,28.893,3.074,80.45,4.895
2009-07-17,29.518,1.44,80.01,2.729
2009-07-18,30.6,3.863,77.79,1.866
2009-07-19,29.354,24.613,83.8,0.793
2009-07-20,30.179,1.359,76.71,3.227
2009-07-21,29.423,1.217,75.9,5.105
2009-07-22,27.657,20.547,85.05,4.073
2009-07-23,28.743,3.952,82.78,2.044
2009-07-24,29.799,6.959,80.88,1.579
2009-07-25,30.266,3.715,78.92,1.674
2009-07-26,29.286,19.002,83.82,1.266
2009-07-27,27.158,41.392,93.51,1.649
2009-07-28,27.621,10.992,87.18,0.801
2009-07-29,27.742,29.656,89.18,1.375
2009-07-30,28.262,16.078,86.78,2.225
2009-07-31,29.892,3.599,77.09,2.865
2009-08-01,29.654,19.19,79.68,1.852
2009-08-02,28.367,17.884,88.66,0.819
2009-08-03,29.549,12.277,83.62,1.461
2009-08-04,30.064,15.266,80.58,1.814
2009-08-05,29.836,13.713,82.77,1.109
2009-08-06,28.967,13.26,88.33,0.183
2009-08-07,28.796,18.63,87.39,1.189
2009-08-08,28.922,10.646,80.57,2.227
2009-08-09,28.082,16.021,87.92,0.258
2009-08-10,28.531,13.137,86.3,2.861
2009-08-11,28.442,8.642,86.92,3.468
2009-08-12,28.907,11.792,83.81,2.7
2009-08-13,27.867,59.642,91.52,2.641
2009-08-14,26.657,15.0,93.13,3.12
2009-08-15,26.634,18.417,92.28,3.072
2009-08-16,26.828,32.916,91.73,1.649
2009-08-17,28.601,14.361,85.44,0.446
2009-08-18,27.357,32.465,91.07,0.711
2009-08-19,26.938,33.481,91.01,0.817
2009-08-20,27.193,9.103,87.33,1.692
2009-08-21,28.057,7.921,84.31,1.677
2009-08-22,28.185,11.001,84.4,1.138
2009-08-23,27.466,16.761,87.41,1.595
2009-08-24,26.754,13.042,87.87,2.801
2009-08-25,28.282,4.279,81.54,3.671
2009-08-26,27.872,2.437,80.69,4.961
2009-08-27,26.025,12.859,88.3,5.972
2009-08-28,26.967,13.668,87.81,4.108
2009-08-29,27.886,9.498,85.9,2.246
2009-08-30,28.583,7.975,85.55,2.229
2009-08-31,28.753,5.249,84.77,1.569
2009-09-01,29.155,6.569,81.87,1.857
2009-09-02,29.535,7.405,80.47,2.157
2009-09-03,28.764,8.256,85.1,1.76
2009-09-04,27.981,12.169,85.27,3.271
2009-09-05,27.547,19.906,83.04,5.436
2009-09-06,26.215,21.65,89.86,7.272
2009-09-07,27.78,12.515,84.25,5.642
2009-09-08,28.296,7.427,79.75,6.117
2009-09-09,24.837,45.655,97.0,5.492
2009-09-10,27.451,1.004,86.81,3.531
2009-09-11,28.349,2.709,84.9,1.009
2009-09-12,29.237,0.666,81.64,1.678
2009-09-13,29.608,1.039,81.37,2.117
2009-09-14,29.611,2.215,78.6,1.594
2009-09-15,29.292,3.466,80.41,0.892
2009-09-16,28.456,9.799,84.75,0.348
2009-09-17,28.248,4.673,84.95,0.926
2009-09-18,28.423,2.441,84.04,1.466
2009-09-19,29.128,0.366,76.59,0.442
2009-09-20,29.119,1.361,80.95,0.799
2009-09-21,28.592,0.997,82.25,2.066
2009-09-22,27.854,0.932,85.27,2.737
2009-09-23,28.002,0.87,81.21,2.434
2009-09-24,27.702,1.625,83.93,2.3
2009-09-25,27.304,3.514,83.5,2.249
2009-09-26,28.309,3.394,83.46,1.06
2009-09-27,29.896,1.523,77.59,1.168
2009-09-28,29.615,0.714,79.73,1.806
2009-09-29,29.238,3.204,83.0,1.543
2009-09-30,29.217,1.574,79.87,2.518
2009-10-01,29.432,0.27,75.83,2.708
2009-10-02,27.409,0.361,83.19,0.849
2009-10-03,27.473,5.025,86.95,1.682
2009-10-04,26.697,19.113,87.15,3.605
2009-10-05,25.618,7.491,90.8,3.733
2009-10-06,25.263,45.18,94.3,3.164
2009-10-07,26.179,28.941,90.98,2.45
2009-10-08,25.889,2.518,88.44,2.36
2009-10-09,26.713,0.06,74.69,2.725
2009-10-10,26.972,0.806,78.74,2.269
2009-10-11,27.056,0.149,77.98,1.432
2009-10-12,26.49,0.149,75.93,1.677
2009-10-13,25.688,0.005,73.6,2.016
2009-10-14,25.873,0.001,71.05,1.628
2009-10-15,26.037,0.002,73.38,1.519
2009-10-16,26.56,0.363,75.12,1.713
2009-10-17,26.559,0.424,77.65,2.249
2009-10-18,25.404,0.0,68.14,2.965
2009-10-19,24.847,0.0,63.26,3.261
2009-10-20,23.932,0.0,65.33,2.622
2009-10-21,23.287,0.0,65.1,1.86
2009-10-22,23.685,0.003,68.81,1.628
2009-10-23,24.554,0.001,66.04,2.206
2009-10-24,23.135,0.001,59.44,2.429
2009-10-25,23.008,0.0,57.86,2.094
2009-10-26,23.247,0.002,61.73,1.968
2009-10-27,22.534,0.001,60.04,1.888
2009-10-28,23.306,0.001,63.35,0.804
2009-10-29,24.049,0.001,61.4,1.901
2009-10-30,24.422,0.003,61.35,2.244
2009-10-31,24.504,0.0,61.26,1.036
2009-11-01,24.663,0.0,64.55,0.282
2009-11-02,25.119,0.002,71.1,1.575
2009-11-03,25.522,0.001,69.17,0.684
2009-11-04,25.6,0.001,69.91,1.268
2009-11-05,25.838,0.0,65.03,0.829
2009-11-06,25.208,0.002,65.77,0.969
2009-11-07,24.717,0.002,62.41,1.725
2009-11-08,23.931,0.0,61.68,1.646
2009-11-09,24.43,0.001,59.34,2.265
2009-11-10,24.756,0.0,54.51,2.441
2009-11-11,24.582,0.0,63.24,0.825
2009-11-12,24.727,0.001,66.19,1.909
2009-11-13,25.689,0.0,71.29,0.335
2009-11-14,26.651,0.001,68.77,3.448
2009-11-15,26.113,0.007,66.18,4.892
2009-11-16,24.129,0.267,70.31,4.554
2009-11-17,20.258,1.173,78.45,3.047
2009-11-18,22.987,0.001,66.96,3.386
2009-11-19,21.698,0.001,54.75,3.414
2009-11-20,18.523,0.001,54.06,2.38
2009-11-21,18.481,0.0,59.16,1.549
2009-11-22,19.342,0.001,60.38,2.087
2009-11-23,20.276,0.001,59.13,2.658
2009-11-24,20.175,0.0,57.5,2.724
2009-11-25,20.159,0.0,55.99,2.687
2009-11-26,19.51,0.002,58.22,2.177
2009-11-27,20.442,0.001,56.73,1.126
2009-11-28,19.929,0.0,58.41,1.575
2009-11-29,20.137,0.002,59.36,2.044
2009-11-30,20.49,0.001,61.64,1.89
2009-12-01,20.56,0.001,63.79,1.877
2009-12-02,20.397,0.0,64.65,2.048
2009-12-03,20.116,0.0,65.97,1.85
2009-12-04,20.321,0.001,63.55,2.188
2009-12-05,20.049,0.002,62.31,2.221
2009-12-06,19.563,0.0,61.98,2.43
2009-12-07,19.515,0.001,60.09,2.615
2009-12-08,19.271,0.0,62.42,1.932
2009-12-09,19.322,0.0,59.58,1.071
2009-12-10,18.613,0.002,60.5,1.15
2009-12-11,18.779,0.003,65.33,1.171
2009-12-12,19.391,0.001,70.88,0.698
2009-12-13,19.607,0.003,71.79,1.011
2009-12-14,19.628,0.001,69.82,2.307
2009-12-15,19.483,0.0,68.24,1.839
2009-12-16,20.427,0.001,61.95,3.001
2009-12-17,20.28,0.0,70.1,2.335
2009-12-18,20.083,0.189,73.81,1.678
2009-12-19,19.643,0.001,64.08,2.687
2009-12-20,17.38,0.0,62.17,2.166
2009-12-21,16.876,0.001,57.58,2.611
2009-12-22,16.603,0.001,63.68,2.511
2009-12-23,16.363,0.001,61.04,2.693
2009-12-24,16.21,0.0,57.78,2.837
2009-12-25,15.803,0.002,59.58,2.031
2009-12-26,15.86,0.001,60.97,1.832
2009-12-27,15.795,0.0,62.05,1.876
2009-12-28,16.044,0.001,59.07,2.521
2009-12-29,15.171,0.002,62.3,1.865
2009-12-30,16.596,1.542,61.58,1.578
2009-12-31,15.646,0.028,66.84,2.941
2010-01-01,14.9,0.0,71.08,2.316
2010-01-02,15.595,0.001,69.6,2.473
2010-01-03,15.711,0.001,70.42,2.773
2010-01-04,16.748,0.001,70.24,3.38
2010-01-05,16.414,0.001,73.12,2.418
2010-01-06,15.245,0.0,71.62,2.325
2010-01-07,16.33,0.001,71.9,2.05
2010-01-08,16.849,0.0,70.96,2.407
2010-01-09,16.491,0.0,70.59,2.724
2010-01-10,15.591,0.001,69.9,2.971
2010-01-11,14.145,0.0,70.77,2.861
2010-01-12,14.697,0.0,74.49,1.819
2010-01-13,16.205,0.091,73.83,0.601
2010-01-14,17.618,0.001,74.59,2.533
2010-01-15,17.319,0.002,72.87,2.29
2010-01-16,16.882,0.003,73.55,2.486
2010-01-17,16.695,0.001,74.2,2.521
2010-01-18,16.478,0.0,76.08,2.58
2010-01-19,16.515,0.001,76.01,2.572
2010-01-20,17.052,0.001,73.43,2.382
2010-01-21,16.848,0.0,71.81,2.635
2010-01-22,17.178,0.001,69.57,2.399
2010-01-23,17.385,0.001,71.51,2.071
2010-01-24,17.481,0.001,69.67,0.977
2010-01-25,18.261,0.0,67.82,1.453
2010-01-26,18.209,0.001,66.48,2.741
2010-01-27,18.864,0.001,72.3,2.22
2010-01-28,18.196,0.001,65.47,2.094
2010-01-29,18.501,0.001,61.27,2.285
2010-01-30,19.274,0.003,61.67,2.893
2010-01-31,18.914,0.003,59.75,2.322
2010-02-01,18.688,0.002,56.82,2.663
2010-02-02,19.232,0.004,50.87,3.179
2010-02-03,18.323,0.004,48.26,3.302
2010-02-04,18.144,0.002,50.43,2.977
2010-02-05,18.164,0.002,52.55,2.79
2010-02-06,19.165,0.002,59.92,0.077
2010-02-07,20.299,0.002,62.54,0.734
2010-02-08,21.086,0.0,65.59,0.61
2010-02-09,21.077,0.075,66.46,1.125
2010-02-10,21.298,0.001,69.43,2.626
2010-02-11,21.59,0.001,66.73,2.168
2010-02-12,19.037,0.751,69.48,2.104
2010-02-13,19.85,0.001,66.36,3.599
2010-02-14,19.986,0.001,63.64,3.382
2010-02-15,20.892,0.016,62.73,2.336
2010-02-16,21.916,0.0,64.79,1.781
2010-02-17,22.257,0.003,47.51,3.731
2010-02-18,20.637,0.001,46.12,4.184
2010-02-19,19.425,0.0,54.38,2.525
2010-02-20,20.257,0.001,55.0,2.455
2010-02-21,21.074,0.0,51.29,1.421
2010-02-22,21.402,0.0,54.77,1.418
2010-02-23,22.92,0.15,56.2,1.868
2010-02-24,23.291,0.0,54.67,2.575
2010-02-25,23.72,0.002,50.94,3.075
2010-02-26,23.281,0.003,54.88,2.319
2010-02-27,23.876,0.001,52.31,2.061
2010-02-28,24.179,0.001,56.66,0.925
2010-03-01,24.918,0.002,53.25,1.201
2010-03-02,26.935,0.0,41.48,4.082
2010-03-03,26.804,0.002,36.13,4.098
2010-03-04,26.767,0.0,39.54,3.623
2010-03-05,28.507,0.0,37.25,4.574
2010-03-06,26.508,0.002,36.38,4.454
2010-03-07,27.293,-0.0,34.88,4.867
2010-03-08,26.229,0.001,36.07,4.385
2010-03-09,24.834,0.0,38.79,3.259
2010-03-10,24.388,0.0,38.25,3.052
2010-03-11,25.199,0.002,40.48,2.66
2010-03-12,25.778,0.0,34.29,3.596
2010-03-13,26.71,0.001,33.38,3.838
2010-03-14,26.91,0.003,37.08,2.572
2010-03-15,27.12,0.038,41.13,2.296
2010-03-16,26.377,1.101,52.68,2.887
2010-03-17,27.504,0.019,39.87,1.471
2010-03-18,28.011,0.0,37.55,0.978
2010-03-19,28.898,0.0,39.96,2.169
2010-03-20,29.87,0.001,40.08,2.15
2010-03-21,30.581,0.0,37.33,2.358
2010-03-22,31.885,0.0,29.54,3.413
2010-03-23,31.434,0.001,28.0,3.153
2010-03-24,31.172,0.0,26.3,3.24
2010-03-25,31.47,0.0,31.4,1.307
2010-03-26,31.246,0.002,34.04,0.843
2010-03-27,30.859,0.001,34.83,1.161
2010-03-28,30.225,0.0,37.41,0.784
2010-03-29,28.163,0.008,57.87,3.01
2010-03-30,28.307,0.021,60.17,2.735
2010-03-31,29.501,0.132,44.95,0.994
2010-04-01,31.784,0.003,24.26,3.376
2010-04-02,31.569,0.002,20.4,3.128
2010-04-03,31.749,0.001,23.09,2.219
2010-04-04,33.08,0.0,22.54,2.979
2010-04-05,33.078,0.0,18.67,4.23
2010-04-06,33.133,0.001,15.74,4.621
2010-04-07,31.618,0.002,20.41,1.299
2010-04-08,31.385,0.005,29.49,1.096
2010-04-09,32.133,0.0,22.64,2.617
2010-04-10,32.076,0.002,25.05,2.218
2010-04-11,32.439,-0.0,32.11,0.373
2010-04-12,32.492,0.003,48.06,2.694
2010-04-13,31.396,2.051,56.91,2.364
2010-04-14,32.542,0.003,51.4,1.975
2010-04-15,31.147,0.054,62.2,3.996
2010-04-16,31.476,0.02,58.2,3.743
2010-04-17,28.015,0.073,67.84,5.594
2010-04-18,28.001,0.016,67.34,4.672
2010-04-19,30.208,0.007,62.48,2.279
2010-04-20,31.331,0.006,59.01,3.024
2010-04-21,31.735,0.005,54.49,2.365
2010-04-22,32.805,0.002,38.27,1.127
2010-04-23,33.145,0.001,35.14,0.603
2010-04-24,33.314,0.004,28.85,1.539
2010-04-25,33.037,0.003,33.08,0.792
2010-04-26,30.97,1.667,53.33,3.669
2010-04-27,27.164,0.098,64.96,5.146
2010-04-28,29.491,0.039,61.06,3.599
2010-04-29,30.416,0.78,58.41,3.609
2010-04-30,29.315,0.052,65.57,4.177
2010-05-01,31.127,0.088,60.32,3.045
2010-05-02,30.916,1.766,63.52,0.837
2010-05-03,31.819,1.329,52.61,0.595
2010-05-04,32.784,1.074,46.01,1.738
2010-05-05,28.899,8.532,68.0,3.597
2010-05-06,27.269,8.811,77.59,2.872
2010-05-07,27.627,14.65,78.77,1.807
2010-05-08,29.11,0.143,71.45,0.896
2010-05-09,31.105,0.041,56.32,0.552
2010-05-10,31.347,0.0,55.55,0.616
2010-05-11,32.437,0.002,47.87,0.471
2010-05-12,34.0,0.002,30.16,1.926
2010-05-13,34.182,0.004,30.51,1.051
2010-05-14,32.934,0.852,56.78,2.661
2010-05-15,31.883,2.71,57.26,2.313
2010-05-16,31.923,0.046,57.93,4.213
2010-05-17,28.306,0.654,68.46,5.445
2010-05-18,30.023,2.06,67.23,4.893
2010-05-19,31.895,0.044,63.51,3.351
2010-05-20,32.632,2.253,59.71,0.405
2010-05-21,30.559,9.388,68.33,2.567
2010-05-22,30.698,0.165,65.26,3.649
2010-05-23,30.029,2.456,69.68,3.522
2010-05-24,27.613,4.702,78.04,4.126
2010-05-25,27.411,0.707,77.77,3.628
2010-05-26,30.001,4.559,67.77,3.813
2010-05-27,27.132,28.502,81.25,3.819
2010-05-28,27.96,2.39,74.88,2.927
2010-05-29,29.853,0.745,71.53,2.597
2010-05-30,30.721,0.872,73.99,3.099
2010-05-31,31.501,0.407,70.4,2.052
2010-06-01,31.851,0.001,68.47,2.906
2010-06-02,30.885,0.005,71.91,3.959
2010-06-03,29.881,0.041,70.02,4.033
2010-06-04,29.406,0.366,71.99,2.884
2010-06-05,31.633,0.04,63.75,1.604
2010-06-06,34.192,0.002,43.13,2.753
2010-06-07,33.992,0.001,42.15,1.23
2010-06-08,33.879,0.01,56.24,2.509
2010-06-09,33.508,0.02,55.26,1.066
2010-06-10,34.528,0.001,49.95,2.124
2010-06-11,33.922,0.157,53.84,3.535
2010-06-12,32.075,0.847,63.4,3.938
2010-06-13,32.229,0.491,61.73,3.444
2010-06-14,32.551,0.263,60.29,3.302
2010-06-15,32.452,2.203,64.09,2.59
2010-06-16,31.375,13.995,70.01,2.169
2010-06-17,29.239,31.817,82.05,1.707
2010-06-18,27.886,21.032,87.3,2.641
2010-06-19,27.919,11.019,87.09,3.138
2010-06-20,28.787,9.26,84.54,3.102
2010-06-21,29.954,0.7,79.26,3.018
2010-06-22,30.763,2.936,77.84,3.502
2010-06-23,28.698,7.025,85.3,3.163
2010-06-24,28.052,7.11,84.94,3.241
2010-06-25,28.716,2.407,81.9,3.334
2010-06-26,28.562,10.381,82.83,2.782
2010-06-27,28.796,3.788,85.74,1.3
2010-06-28,29.51,12.937,84.67,1.174
2010-06-29,29.32,10.937,83.15,2.111
2010-06-30,27.912,13.106,87.7,2.725
2010-07-01,27.65,16.051,88.17,3.157
2010-07-02,28.255,5.192,85.02,3.572
2010-07-03,28.615,4.996,82.21,3.944
2010-07-04,29.511,1.348,79.06,3.674
2010-07-05,30.26,0.689,74.9,2.912
2010-07-06,28.977,6.422,80.51,3.16
2010-07-07,29.687,1.326,75.9,3.361
2010-07-08,30.746,0.278,68.6,2.328
2010-07-09,30.276,13.016,79.94,1.209
2010-07-10,29.473,45.492,85.15,1.319
2010-07-11,27.97,27.948,90.46,1.283
2010-07-12,26.915,36.903,93.28,0.934
2010-07-13,27.593,7.655,89.34,1.174
2010-07-14,28.702,3.529,83.5,3.29
2010-07-15,29.731,1.283,79.3,3.045
2010-07-16,30.011,1.067,78.21,2.607
2010-07-17,30.792,1.5,75.14,1.841
2010-07-18,29.519,27.326,84.12,0.931
2010-07-19,27.726,25.303,92.13,2.354
2010-07-20,27.958,18.112,90.26,2.159
2010-07-21,29.117,5.156,83.97,2.152
2010-07-22,29.316,3.577,80.17,2.586
2010-07-23,29.788,6.814,82.15,2.207
2010-07-24,29.38,6.502,80.32,3.694
2010-07-25,29.01,1.915,78.73,6.359
2010-07-26,27.227,15.27,85.99,5.785
2010-07-27,28.405,2.757,82.74,3.591
2010-07-28,30.386,0.001,71.73,2.401
2010-07-29,29.739,4.166,76.25,2.828
2010-07-30,27.954,6.631,83.94,3.914
2010-07-31,27.395,6.025,86.77,3.441
2010-08-01,27.884,10.576,86.21,3.343
2010-08-02,28.116,3.993,83.33,3.224
2010-08-03,29.22,1.518,80.22,3.052
2010-08-04,29.565,1.232,77.58,3.489
2010-08-05,28.724,4.81,81.99,4.187
2010-08-06,29.432,0.82,73.44,4.77
2010-08-07,29.372,0.749,75.8,2.881
2010-08-08,30.56,0.53,74.94,1.636
2010-08-09,30.781,6.265,79.24,0.603
2010-08-10,29.943,10.575,82.79,0.532
2010-08-11,30.135,8.485,82.24,1.585
2010-08-12,29.088,21.522,85.75,2.104
2010-08-13,28.525,18.658,86.34,2.468
2010-08-14,28.989,6.528,84.29,2.38
2010-08-15,28.853,9.805,84.74,2.705
2010-08-16,28.966,17.317,86.39,1.645
2010-08-17,28.94,15.282,86.29,0.589
2010-08-18,28.277,21.057,90.22,1.847
2010-08-19,28.328,15.222,87.78,2.57
2010-08-20,28.928,9.688,84.53,1.999
2010-08-21,28.443,25.17,86.07,0.863
2010-08-22,27.638,36.076,90.56,0.37
2010-08-23,27.219,35.043,92.08,1.192
2010-08-24,27.031,25.046,92.66,2.181
2010-08-25,28.796,4.895,84.01,2.059
2010-08-26,29.701,1.028,77.18,1.809
2010-08-27,29.499,0.697,78.69,2.11
2010-08-28,29.545,1.166,79.83,2.564
2010-08-29,29.126,2.918,83.04,3.133
2010-08-30,28.484,7.7,84.39,3.505
2010-08-31,28.818,0.986,80.83,3.957
2010-09-01,28.591,3.791,83.1,3.382
2010-09-02,29.412,3.485,81.31,2.882
2010-09-03,29.133,5.2,82.56,2.709
2010-09-04,29.097,3.555,82.63,2.759
2010-09-05,29.017,2.33,83.39,2.935
2010-09-06,29.124,0.929,82.17,3.253
2010-09-07,28.81,4.06,81.94,4.014
2010-09-08,27.781,6.069,85.72,4.299
2010-09-09,28.182,5.527,84.84,2.862
2010-09-10,28.167,14.316,86.75,1.981
2010-09-11,26.967,16.678,89.79,1.399
2010-09-12,26.882,17.059,91.27,1.206
2010-09-13,27.993,5.664,84.35,1.383
2010-09-14,27.189,12.703,87.16,2.555
2010-09-15,26.043,9.617,90.68,2.933
2010-09-16,26.446,14.79,89.8,3.428
2010-09-17,27.113,7.198,84.93,3.657
2010-09-18,26.508,14.138,86.74,4.567
2010-09-19,26.666,4.384,87.01,3.617
2010-09-20,27.911,2.578,82.85,2.284
2010-09-21,27.663,10.95,86.82,1.516
2010-09-22,26.847,6.589,89.54,1.067
2010-09-23,28.15,0.62,80.13,1.431
2010-09-24,27.815,7.944,85.21,0.184
2010-09-25,27.599,1.297,83.97,0.783
2010-09-26,28.345,1.924,83.35,0.351
2010-09-27,28.187,1.376,80.95,2.2
2010-09-28,28.191,0.398,75.72,1.918
2010-09-29,28.014,0.559,80.38,0.723
2010-09-30,28.296,0.292,76.32,0.712
2010-10-01,28.173,0.097,76.37,1.158
2010-10-02,28.615,1.116,80.4,0.908
2010-10-03,28.909,0.614,78.07,0.82
2010-10-04,28.638,2.415,81.28,0.557
2010-10-05,27.883,7.331,83.7,0.154
2010-10-06,26.922,3.938,83.6,2.54
2010-10-07,25.819,0.519,81.07,3.471
2010-10-08,24.941,1.803,85.43,2.419
2010-10-09,26.035,0.737,79.5,1.059
2010-10-10,26.788,1.59,81.83,0.986
2010-10-11,26.558,0.472,81.66,1.952
2010-10-12,26.614,0.318,81.89,1.015
2010-10-13,27.757,0.388,76.14,0.772
2010-10-14,27.597,4.884,75.65,1.525
2010-10-15,27.154,11.653,86.06,2.397
2010-10-16,26.338,29.008,87.84,3.123
2010-10-17,25.786,1.001,84.25,3.232
2010-10-18,27.136,0.081,80.19,1.706
2010-10-19,27.84,0.005,76.93,1.352
2010-10-20,27.867,0.204,77.64,1.109
2010-10-21,26.643,9.507,83.56,0.764
2010-10-22,25.451,0.963,84.72,1.872
2010-10-23,25.922,0.528,82.9,1.211
2010-10-24,26.127,0.154,77.96,2.242
2010-10-25,25.493,0.01,74.91,1.213
2010-10-26,24.148,0.0,69.17,2.088
2010-10-27,24.101,0.001,68.83,2.283
2010-10-28,23.559,0.0,71.71,2.14
2010-10-29,24.228,0.001,68.7,0.352
2010-10-30,24.364,0.001,69.01,0.561
2010-10-31,24.791,0.096,68.56,1.922
2010-11-01,21.111,0.981,73.98,0.933
2010-11-02,21.971,0.001,75.75,0.64
2010-11-03,23.734,0.001,73.03,1.802
2010-11-04,23.819,0.001,71.01,1.787
2010-11-05,24.158,0.002,71.97,0.977
2010-11-06,25.364,0.002,69.15,0.381
2010-11-07,25.236,0.023,73.19,0.851
2010-11-08,24.835,0.058,76.83,1.342
2010-11-09,25.545,0.067,74.84,0.041
2010-11-10,25.409,0.065,72.2,0.389
2010-11-11,24.82,0.056,73.06,0.537
2010-11-12,23.928,0.336,74.32,0.808
2010-11-13,23.246,0.524,79.7,2.2
2010-11-14,23.691,0.351,77.89,1.548
2010-11-15,23.651,0.225,76.03,1.667
2010-11-16,23.655,0.069,74.43,1.11
2010-11-17,24.606,0.175,73.17,0.455
2010-11-18,24.969,0.296,72.56,0.538
2010-11-19,24.582,0.183,69.48,3.131
2010-11-20,23.033,0.022,62.44,3.826
2010-11-21,20.687,0.001,59.38,2.129
2010-11-22,21.558,0.0,60.8,0.596
2010-11-23,22.038,0.0,64.04,1.953
2010-11-24,22.302,0.001,65.45,2.072
2010-11-25,23.332,0.002,65.65,1.471
2010-11-26,23.123,0.085,72.98,1.645
2010-11-27,23.847,0.01,68.87,2.081
2010-11-28,22.844,0.001,65.09,2.291
2010-11-29,21.568,0.0,57.28,3.382
2010-11-30,18.979,0.001,57.02,2.732
2010-12-01,18.359,0.002,60.8,1.657
2010-12-02,18.527,0.001,59.2,1.86
2010-12-03,19.397,0.0,64.07,1.645
2010-12-04,19.37,0.001,62.93,1.793
2010-12-05,19.225,0.003,57.49,1.402
2010-12-06,20.26,0.001,57.34,1.082
2010-12-07,19.087,1.391,77.66,1.432
2010-12-08,20.206,0.446,79.48,0.686
2010-12-09,21.355,0.001,73.27,0.618
2010-12-10,21.419,0.001,65.45,2.063
2010-12-11,20.781,0.002,54.65,3.587
2010-12-12,17.533,0.001,52.97,2.937
2010-12-13,17.394,0.0,59.78,1.665
2010-12-14,17.334,0.0,59.33,2.709
2010-12-15,17.481,0.002,63.73,2.195
2010-12-16,17.914,0.0,59.71,2.675
2010-12-17,17.891,0.0,62.51,2.678
2010-12-18,17.608,0.0,65.3,2.439
2010-12-19,17.347,0.0,60.73,2.558
2010-12-20,16.643,0.0,59.47,2.691
2010-12-21,16.479,0.0,57.98,2.794
2010-12-22,16.188,0.001,61.4,2.192
2010-12-23,16.775,0.001,59.84,1.255
2010-12-24,16.786,0.001,62.19,1.449
2010-12-25,16.679,0.0,63.2,1.55
2010-12-26,16.722,0.001,61.42,1.744
2010-12-27,16.674,0.0,63.51,2.234
2010-12-28,16.433,0.001,63.22,2.136
2010-12-29,17.44,0.001,63.02,1.084
2010-12-30,18.285,0.002,67.72,0.437
2010-12-31,18.12,1.36,75.31,1.457
2011-01-01,16.556,2.201,79.65,2.517
2011-01-02,14.642,0.001,68.57,2.821
2011-01-03,14.793,0.001,68.44,2.484
2011-01-04,14.556,0.001,67.37,2.966
2011-01-05,14.537,0.0,68.86,2.947
2011-01-06,14.55,0.001,69.66,2.677
2011-01-07,14.464,0.002,72.75,2.412
2011-01-08,14.901,0.0,73.71,1.852
2011-01-09,14.68,0.001,68.1,2.54
2011-01-10,14.291,0.002,71.46,3.398
2011-01-11,13.813,0.001,69.26,2.531
2011-01-12,14.225,0.001,73.01,2.443
2011-01-13,15.214,0.001,71.91,1.978
2011-01-14,16.192,0.001,70.51,0.579
2011-01-15,17.655,0.452,69.81,1.994
2011-01-16,16.588,0.007,54.91,4.232
2011-01-17,13.763,0.001,60.74,2.555
2011-01-18,14.133,0.0,63.34,1.848
2011-01-19,15.244,0.002,59.61,1.822
2011-01-20,14.569,0.0,66.19,0.618
2011-01-21,14.92,0.002,65.11,2.041
2011-01-22,15.973,0.002,65.44,1.363
2011-01-23,17.441,0.0,66.81,0.791
2011-01-24,17.602,0.0,67.72,1.395
2011-01-25,17.412,0.001,64.52,1.783
2011-01-26,17.571,0.222,63.33,1.892
2011-01-27,17.312,0.001,51.67,3.315
2011-01-28,16.349,0.001,57.26,1.35
2011-01-29,17.223,0.199,61.65,0.869
2011-01-30,18.298,1.793,72.27,1.116
2011-01-31,18.513,0.001,64.47,2.672
2011-02-01,17.148,0.0,64.21,2.271
2011-02-02,17.7,0.001,65.48,1.735
2011-02-03,18.365,0.0,65.93,1.821
2011-02-04,18.881,0.002,67.28,1.787
2011-02-05,19.239,0.001,66.99,0.895
2011-02-06,20.034,0.0,67.18,1.157
2011-02-07,21.166,0.002,67.46,2.158
2011-02-08,22.488,0.002,58.75,3.001
2011-02-09,19.462,0.002,46.81,3.797
2011-02-10,18.263,0.002,53.69,2.926
2011-02-11,18.625,0.003,54.2,2.765
2011-02-12,19.637,0.003,55.98,1.354
2011-02-13,20.844,0.0,62.03,0.618
2011-02-14,22.195,0.0,64.1,0.479
2011-02-15,23.779,0.098,61.58,1.927
2011-02-16,21.897,3.043,71.13,1.855
2011-02-17,18.959,2.198,73.68,3.207
2011-02-18,19.1,0.001,60.67,3.215
2011-02-19,18.866,0.0,60.03,2.116
2011-02-20,20.003,0.077,54.36,1.134
2011-02-21,19.982,0.016,58.24,2.346
2011-02-22,19.696,0.001,56.3,2.789
2011-02-23,20.166,0.001,51.49,2.688
2011-02-24,19.837,0.0,50.27,2.314
2011-02-25,20.801,0.098,54.87,1.822
2011-02-26,22.153,0.009,53.51,2.628
2011-02-27,22.195,0.0,39.0,3.745
2011-02-28,21.035,0.001,36.25,3.632
2011-03-01,20.607,0.001,44.02,2.557
2011-03-02,22.802,0.001,45.32,2.686
2011-03-03,24.761,0.001,46.82,3.046
2011-03-04,24.737,0.082,50.0,3.807
2011-03-05,25.818,0.002,46.48,4.339
2011-03-06,25.236,0.0,32.68,5.215
2011-03-07,24.361,0.0,36.65,4.429
2011-03-08,24.939,0.002,38.2,4.411
2011-03-09,25.772,0.175,43.35,2.51
2011-03-10,25.648,0.0,42.8,2.102
2011-03-11,24.902,2.89,43.41,2.073
2011-03-12,24.261,0.001,38.61,3.235
2011-03-13,23.478,0.001,45.94,1.81
2011-03-14,24.855,0.0,46.81,0.506
2011-03-15,25.367,0.03,46.73,0.682
2011-03-16,26.432,0.0,42.81,1.313
2011-03-17,27.373,0.0,39.42,1.539
2011-03-18,26.385,0.004,58.44,1.339
2011-03-19,26.692,0.001,61.12,1.717
2011-03-20,27.669,0.001,49.11,1.134
2011-03-21,28.531,0.0,29.61,4.172
2011-03-22,26.576,0.0,33.55,3.076
2011-03-23,26.947,0.0,34.85,2.035
2011-03-24,27.992,0.024,35.68,2.628
2011-03-25,28.093,0.043,35.85,2.485
2011-03-26,27.76,0.005,36.64,1.143
2011-03-27,26.912,0.034,55.49,3.018
2011-03-28,22.772,6.414,78.46,3.527
2011-03-29,25.201,0.251,68.99,3.249
2011-03-30,24.505,1.959,75.84,3.101
2011-03-31,25.613,0.281,60.53,0.233
2011-04-01,26.495,0.001,49.34,0.729
2011-04-02,27.501,0.002,55.48,1.775
2011-04-03,26.912,2.339,69.15,2.23
2011-04-04,25.952,0.816,69.3,0.554
2011-04-05,26.338,0.003,50.63,1.533
2011-04-06,27.183,0.0,29.41,2.869
2011-04-07,28.853,0.002,23.67,2.83
2011-04-08,29.136,0.0,28.32,1.407
2011-04-09,28.186,0.261,41.33,0.937
2011-04-10,29.33,0.311,42.02,1.991
2011-04-11,29.721,0.05,40.55,1.698
2011-04-12,29.348,0.031,47.91,2.022
2011-04-13,28.6,3.337,55.03,1.427
2011-04-14,27.369,4.59,63.24,1.413
2011-04-15,28.569,0.06,58.15,1.671
2011-04-16,29.549,0.021,51.77,1.093
2011-04-17,30.222,0.001,54.63,1.881
2011-04-18,29.914,1.135,63.26,2.569
2011-04-19,30.264,0.282,52.48,0.761
2011-04-20,29.442,0.129,44.47,2.571
2011-04-21,30.64,0.0,29.45,3.123
2011-04-22,30.439,0.0,29.59,2.391
2011-04-23,30.398,0.001,29.28,1.482
2011-04-24,29.802,0.018,43.44,2.573
2011-04-25,26.213,16.296,69.22,4.53
2011-04-26,26.755,0.993,67.21,2.25
2011-04-27,28.376,0.337,58.14,1.746
2011-04-28,29.426,0.103,54.83,1.908
2011-04-29,28.961,10.514,60.92,2.924
2011-04-30,27.475,4.832,73.21,3.838
2011-05-01,28.045,0.14,71.4,3.745
2011-05-02,26.891,0.06,73.82,3.719
2011-05-03,28.585,0.064,68.45,4.397
2011-05-04,26.513,0.159,74.85,4.079
2011-05-05,28.487,2.39,65.27,2.638
2011-05-06,29.513,1.883,64.35,2.322
2011-05-07,29.038,4.12,70.75,1.421
2011-05-08,30.121,0.041,59.52,0.636
2011-05-09,30.873,0.233,59.06,2.296
2011-05-10,30.695,0.001,60.83,4.125
2011-05-11,30.089,0.015,64.76,3.533
2011-05-12,30.472,0.158,64.73,4.323
2011-05-13,29.218,0.033,68.45,4.094
2011-05-14,31.537,0.063,61.14,3.141
2011-05-15,31.233,0.271,61.88,4.277
2011-05-16,29.07,0.85,71.24,4.996
2011-05-17,29.924,11.56,67.65,3.913
2011-05-18,28.868,9.514,74.45,3.94
2011-05-19,26.398,9.599,81.55,3.922
2011-05-20,27.889,6.288,75.05,1.946
2011-05-21,28.547,0.606,75.06,2.756
2011-05-22,29.718,3.169,75.06,0.793
2011-05-23,30.95,0.248,66.93,0.274
2011-05-24,30.314,0.696,70.76,2.409
2011-05-25,28.676,4.586,74.26,3.944
2011-05-26,30.118,2.371,73.39,2.055
2011-05-27,30.581,6.021,70.31,1.657
2011-05-28,29.766,9.92,73.96,1.27
2011-05-29,29.353,2.669,75.44,2.851
2011-05-30,28.997,6.189,76.67,2.102
2011-05-31,29.43,1.192,75.11,1.557
2011-06-01,30.374,0.295,69.47,2.652
2011-06-02,30.385,0.029,70.02,3.395
2011-06-03,31.477,0.169,67.68,2.296
2011-06-04,31.834,0.032,63.88,1.7
2011-06-05,32.923,0.002,58.63,3.012
2011-06-06,33.039,1.003,59.53,3.496
2011-06-07,31.447,0.386,63.24,4.253
2011-06-08,29.992,4.649,71.1,3.36
2011-06-09,30.158,2.803,72.09,2.436
2011-06-10,31.09,9.954,65.83,1.549
2011-06-11,29.402,6.082,75.02,2.301
2011-06-12,28.39,8.24,77.51,3.225
2011-06-13,28.569,14.656,80.96,2.665
2011-06-14,28.167,10.903,82.76,2.799
2011-06-15,27.516,6.567,86.06,2.75
2011-06-16,28.078,16.212,83.35,3.204
2011-06-17,27.309,10.724,82.6,5.693
2011-06-18,26.324,19.55,89.99,7.088
2011-06-19,26.445,19.821,90.72,7.668
2011-06-20,28.118,10.028,86.05,5.682
2011-06-21,29.421,0.854,80.1,4.056
2011-06-22,29.806,6.476,79.68,2.967
2011-06-23,29.528,12.107,83.56,1.692
2011-06-24,28.89,29.005,86.91,0.982
2011-06-25,28.287,25.112,88.69,1.649
2011-06-26,27.246,40.344,89.56,3.05
2011-06-27,26.535,29.43,92.0,3.494
2011-06-28,27.536,15.343,86.67,3.503
2011-06-29,27.201,25.732,90.55,2.097
2011-06-30,26.696,34.427,92.48,1.272
2011-07-01,28.019,17.828,84.35,2.563
2011-07-02,27.631,28.19,88.04,1.511
2011-07-03,27.299,27.542,89.55,0.879
2011-07-04,27.733,21.133,87.77,2.158
2011-07-05,28.534,2.102,78.88,3.434
2011-07-06,28.359,1.487,79.66,3.196
2011-07-07,28.412,2.182,78.43,3.449
2011-07-08,28.914,3.461,80.88,2.187
2011-07-09,29.45,12.59,82.85,1.45
2011-07-10,28.981,10.18,84.25,0.871
2011-07-11,28.833,2.853,83.6,1.402
2011-07-12,29.911,1.798,79.72,2.264
2011-07-13,29.185,9.866,81.3,2.789
2011-07-14,29.205,4.032,80.02,3.267
2011-07-15,28.419,2.66,82.17,3.894
2011-07-16,27.923,7.036,84.29,3.825
2011-07-17,28.253,7.349,83.97,3.37
2011-07-18,28.434,8.459,86.05,1.929
2011-07-19,28.028,27.902,88.03,0.153
2011-07-20,26.615,12.989,93.66,2.437
2011-07-21,28.133,4.739,82.13,4.727
2011-07-22,27.298,0.876,78.93,5.394
2011-07-23,28.116,0.322,74.99,3.288
2011-07-24,28.922,0.555,75.39,2.652
2011-07-25,29.908,0.475,72.38,2.144
2011-07-26,29.979,0.251,71.83,1.82
2011-07-27,29.543,8.455,80.88,1.111
2011-07-28,28.803,11.188,85.64,1.503
2011-07-29,28.133,16.15,88.05,1.306
2011-07-30,28.966,6.484,86.26,0.986
2011-07-31,29.706,4.453,83.82,0.599
2011-08-01,30.02,13.9,83.0,0.184
2011-08-02,29.326,25.753,85.15,1.492
2011-08-03,27.585,12.708,90.7,2.613
2011-08-04,27.776,16.909,89.19,2.354
2011-08-05,27.572,14.784,88.66,2.262
2011-08-06,26.856,23.297,91.46,3.138
2011-08-07,27.706,6.227,84.1,4.642
2011-08-08,26.825,6.488,86.56,5.71
2011-08-09,25.928,12.175,91.36,3.013
2011-08-10,26.17,11.081,91.78,2.621
2011-08-11,27.589,1.413,81.01,4.069
2011-08-12,28.49,1.526,76.09,5.253
2011-08-13,26.761,12.018,86.28,6.26
2011-08-14,26.521,15.165,89.44,3.575
2011-08-15,27.58,31.297,87.49,1.397
2011-08-16,26.774,50.45,91.08,1.673
2011-08-17,26.521,31.938,91.51,0.89
2011-08-18,26.692,25.015,89.36,2.498
2011-08-19,27.482,0.912,82.74,2.953
2011-08-20,29.145,0.303,76.75,1.938
2011-08-21,29.952,0.404,74.43,1.441
2011-08-22,28.486,12.301,86.63,1.915
2011-08-23,28.105,13.473,86.3,1.827
2011-08-24,27.29,26.087,89.22,2.145
2011-08-25,27.596,6.518,85.64,2.887
2011-08-26,28.313,1.318,79.63,3.367
2011-08-27,28.659,1.0,78.33,3.443
2011-08-28,29.138,0.416,76.1,3.174
2011-08-29,29.661,0.602,76.38,2.868
2011-08-30,29.799,0.506,75.4,2.714
2011-08-31,29.295,0.86,77.67,3.634
2011-09-01,28.438,1.731,78.43,4.652
2011-09-02,27.724,1.716,81.32,4.518
2011-09-03,28.671,1.209,77.22,3.286
2011-09-04,29.524,1.59,76.26,2.42
2011-09-05,29.39,0.451,77.13,3.03
2011-09-06,28.375,6.253,81.86,3.374
2011-09-07,27.791,6.716,83.92,3.063
2011-09-08,27.653,5.623,83.35,3.815
2011-09-09,27.628,7.504,82.36,5.061
2011-09-10,27.427,7.232,86.07,3.914
2011-09-11,28.673,1.555,78.77,2.299
2011-09-12,29.686,1.388,79.47,1.173
2011-09-13,29.985,17.672,79.77,0.439
2011-09-14,28.454,10.227,83.46,1.994
2011-09-15,26.869,27.206,88.6,2.547
2011-09-16,26.403,23.838,91.21,1.77
2011-09-17,26.792,19.72,90.4,0.957
2011-09-18,25.948,33.975,93.2,1.665
2011-09-19,25.714,13.902,93.15,2.542
2011-09-20,27.093,9.883,88.18,0.928
2011-09-21,27.369,14.828,86.6,1.414
2011-09-22,27.105,14.161,86.84,3.303
2011-09-23,26.76,15.153,87.13,4.395
2011-09-24,26.867,5.218,85.8,4.731
2011-09-25,26.965,21.565,86.01,4.345
2011-09-26,25.04,18.976,88.72,1.376
2011-09-27,26.823,0.78,80.6,1.533
2011-09-28,27.477,1.328,84.59,1.741
2011-09-29,27.905,1.202,83.51,1.956
2011-09-30,28.28,0.775,80.03,2.229
2011-10-01,27.746,1.083,79.11,2.54
2011-10-02,27.516,0.96,80.32,1.034
2011-10-03,27.421,1.347,81.87,0.842
2011-10-04,27.404,1.314,82.84,0.526
2011-10-05,27.98,0.646,81.39,0.766
2011-10-06,28.264,0.52,78.96,0.706
2011-10-07,28.41,3.094,80.99,0.759
2011-10-08,27.289,7.553,84.8,0.69
2011-10-09,27.899,1.302,82.91,0.938
2011-10-10,27.852,0.847,81.9,1.213
2011-10-11,27.498,0.003,75.96,1.694
2011-10-12,27.273,0.001,74.53,1.965
2011-10-13,26.95,0.001,71.38,1.86
2011-10-14,27.049,0.001,69.32,1.714
2011-10-15,27.55,0.226,72.97,0.226
2011-10-16,27.013,0.877,77.21,1.535
2011-10-17,26.804,1.224,78.1,1.408
2011-10-18,26.344,5.217,82.86,0.597
2011-10-19,26.641,1.7,83.89,0.023
2011-10-20,25.982,5.364,84.15,0.557
2011-10-21,23.896,8.249,89.14,1.071
2011-10-22,25.291,0.451,82.65,0.112
2011-10-23,25.278,0.477,82.04,1.229
2011-10-24,25.358,0.212,77.89,1.077
2011-10-25,25.811,0.059,72.78,0.581
2011-10-26,25.329,0.602,75.44,0.733
2011-10-27,24.849,0.001,67.19,2.202
2011-10-28,23.722,0.001,65.18,1.241
2011-10-29,23.377,0.002,65.0,1.511
2011-10-30,23.066,0.001,59.28,1.326
2011-10-31,22.827,0.0,62.34,0.684
2011-11-01,23.165,0.103,68.66,0.359
2011-11-02,22.436,0.241,75.64,1.925
2011-11-03,22.842,0.215,74.63,2.573
2011-11-04,22.728,0.207,74.13,1.653
2011-11-05,22.96,0.575,72.24,1.207
2011-11-06,22.354,0.405,71.37,2.463
2011-11-07,21.631,0.074,72.1,1.123
2011-11-08,21.815,0.002,70.39,1.367
2011-11-09,22.59,0.001,69.67,1.243
2011-11-10,23.756,0.0,67.25,0.292
2011-11-11,23.768,0.042,69.83,0.243
2011-11-12,23.152,0.124,72.65,1.637
2011-11-13,22.421,0.225,77.12,1.945
2011-11-14,22.147,0.865,78.65,1.345
2011-11-15,22.187,0.685,78.03,0.818
2011-11-16,22.114,0.205,69.06,0.458
2011-11-17,21.45,0.183,75.91,2.337
2011-11-18,20.943,0.258,78.39,1.62
2011-11-19,21.777,0.001,70.9,0.542
2011-11-20,21.605,0.003,70.98,0.8
2011-11-21,22.181,0.0,69.05,0.979
2011-11-22,22.455,0.003,66.93,0.76
2011-11-23,22.331,0.001,67.44,1.034
2011-11-24,21.78,0.001,70.7,0.864
2011-11-25,21.758,0.0,69.19,1.894
2011-11-26,21.558,0.001,69.88,2.065
2011-11-27,21.111,0.001,68.02,2.431
2011-11-28,20.363,0.0,64.47,2.528
2011-11-29,20.477,0.002,65.89,1.547
2011-11-30,20.691,0.011,67.7,1.125
2011-12-01,21.351,0.001,67.33,0.536
2011-12-02,21.356,0.0,69.52,0.842
2011-12-03,21.579,0.032,67.45,1.546
2011-12-04,21.225,0.096,72.54,0.254
2011-12-05,21.026,0.153,76.29,1.651
2011-12-06,20.998,0.15,75.28,1.017
2011-12-07,21.301,0.055,74.03,0.773
2011-12-08,21.34,0.004,71.78,1.314
2011-12-09,20.175,0.01,70.41,2.066
2011-12-10,20.559,0.395,74.19,1.472
2011-12-11,18.744,0.0,68.85,1.287
2011-12-12,18.129,0.002,70.9,1.372
2011-12-13,17.463,0.017,68.42,2.132
2011-12-14,16.775,0.001,71.32,1.784
2011-12-15,16.327,0.001,70.13,2.013
2011-12-16,16.079,0.0,69.21,2.049
2011-12-17,15.966,0.001,72.14,1.574
2011-12-18,16.351,0.001,72.69,1.755
2011-12-19,16.834,0.0,73.0,2.339
2011-12-20,16.434,0.001,75.57,2.41
2011-12-21,16.057,0.001,77.4,2.29
2011-12-22,15.849,0.0,77.97,2.243
2011-12-23,15.632,0.001,76.53,2.062
2011-12-24,15.936,0.001,70.67,2.252
2011-12-25,16.248,0.0,71.76,2.0
2011-12-26,17.159,0.001,73.46,1.825
2011-12-27,17.786,0.001,71.91,1.392
2011-12-28,18.198,0.002,71.66,1.075
2011-12-29,17.625,0.0,72.62,1.121
2011-12-30,18.857,0.001,66.38,0.319
2011-12-31,19.077,0.001,67.48,1.193
2012-01-01,16.654,12.617,86.32,1.61
2012-01-02,16.489,9.614,89.25,1.503
2012-01-03,16.313,0.487,84.1,2.134
2012-01-04,15.668,0.085,77.27,1.729
2012-01-05,17.213,0.007,74.41,0.795
2012-01-06,16.649,0.068,78.12,1.016
2012-01-07,17.701,0.215,76.98,1.908
2012-01-08,17.967,0.716,76.34,2.325
2012-01-09,16.802,5.47,85.93,0.737
2012-01-10,16.565,0.501,81.74,2.467
2012-01-11,14.628,0.003,71.81,2.996
2012-01-12,14.152,0.01,67.49,3.279
2012-01-13,13.973,0.003,69.13,3.642
2012-01-14,13.197,0.0,71.98,2.52
2012-01-15,14.438,0.001,71.88,1.189
2012-01-16,16.029,0.001,70.24,0.394
2012-01-17,15.615,0.286,82.39,0.295
2012-01-18,16.988,0.308,77.21,0.674
2012-01-19,16.556,5.194,79.8,1.867
2012-01-20,17.137,0.45,79.81,1.745
2012-01-21,14.565,0.002,64.36,4.268
2012-01-22,13.604,0.0,71.7,2.415
2012-01-23,14.396,0.001,69.52,2.572
2012-01-24,14.671,0.0,71.02,2.23
2012-01-25,15.291,0.002,70.28,2.012
2012-01-26,15.896,0.001,69.31,2.396
2012-01-27,16.482,0.002,65.82,3.065
2012-01-28,16.139,0.001,64.82,1.827
2012-01-29,15.935,0.0,62.78,1.97
2012-01-30,15.935,0.0,63.43,2.193
2012-01-31,16.316,0.001,59.24,2.533
2012-02-01,15.878,0.001,55.91,3.284
2012-02-02,15.983,0.001,61.11,2.684
2012-02-03,16.499,0.0,60.79,2.677
2012-02-04,17.488,0.001,64.09,1.698
2012-02-05,19.025,0.001,61.78,2.377
2012-02-06,20.847,0.001,57.94,3.78
2012-02-07,20.164,0.0,60.52,2.314
2012-02-08,21.015,2.908,69.39,1.716
2012-02-09,16.672,0.027,53.7,4.232
2012-02-10,15.076,0.002,51.92,3.472
2012-02-11,15.874,0.001,57.5,2.744
2012-02-12,17.0,0.001,56.98,1.368
2012-02-13,18.752,0.446,58.46,1.234
2012-02-14,20.679,0.001,67.22,1.33
2012-02-15,21.089,0.001,65.3,0.859
2012-02-16,21.42,0.506,69.34,0.326
2012-02-17,21.872,0.008,61.41,3.026
2012-02-18,20.235,0.001,45.69,4.013
2012-02-19,19.254,0.001,49.35,3.146
2012-02-20,19.488,0.0,54.06,2.24
2012-02-21,20.835,0.001,58.56,2.058
2012-02-22,22.618,0.001,55.63,2.211
2012-02-23,24.527,0.002,48.74,4.049
2012-02-24,24.652,0.001,44.39,4.135
2012-02-25,24.244,0.0,41.05,4.488
2012-02-26,22.93,0.002,28.67,5.481
2012-02-27,20.663,0.002,36.88,3.303
2012-02-28,21.315,0.0,44.52,2.402
2012-02-29,21.941,0.001,40.96,3.288
2012-03-01,21.711,0.0,38.14,3.023
2012-03-02,22.096,0.0,36.63,2.789
2012-03-03,22.623,0.002,36.64,3.022
2012-03-04,23.047,0.0,41.15,0.899
2012-03-05,23.288,0.001,51.85,1.145
2012-03-06,24.895,0.003,51.22,0.947
2012-03-07,25.696,0.003,34.54,3.403
2012-03-08,24.054,0.002,30.1,3.054
2012-03-09,24.058,0.0,30.44,2.021
2012-03-10,23.286,0.001,27.52,2.805
2012-03-11,22.605,0.002,34.59,2.318
2012-03-12,24.998,0.813,34.89,2.557
2012-03-13,20.293,6.671,78.98,1.449
2012-03-14,21.537,0.019,63.62,3.307
2012-03-15,22.442,0.002,46.42,3.652
2012-03-16,22.729,0.0,45.04,2.068
2012-03-17,23.495,0.003,45.77,1.379
2012-03-18,24.701,0.0,46.87,1.929
2012-03-19,25.876,0.0,51.04,0.695
2012-03-20,26.775,0.0,51.33,0.785
2012-03-21,28.601,0.0,41.89,2.996
2012-03-22,26.289,0.002,26.3,4.816
2012-03-23,24.341,0.001,34.13,2.551
2012-03-24,25.591,0.002,39.99,1.377
2012-03-25,26.844,0.003,43.75,1.091
2012-03-26,27.719,0.0,38.69,1.836
2012-03-27,29.049,0.001,34.36,2.713
2012-03-28,29.931,0.001,29.98,2.823
2012-03-29,29.367,0.001,25.33,4.217
2012-03-30,27.92,0.0,30.21,0.425
2012-03-31,28.064,0.001,42.48,2.252
2012-04-01,29.321,0.002,40.62,1.543
2012-04-02,30.407,0.003,36.22,2.251
2012-04-03,30.299,2.204,43.29,2.274
2012-04-04,28.28,1.145,56.84,2.902
2012-04-05,27.748,2.204,61.45,2.535
2012-04-06,26.144,1.405,68.84,2.691
2012-04-07,25.66,0.105,67.64,3.917
2012-04-08,25.163,0.021,69.89,4.189
2012-04-09,24.479,0.315,71.51,3.568
2012-04-10,24.478,0.233,70.25,4.105
2012-04-11,25.832,0.075,67.91,3.146
2012-04-12,27.995,0.464,56.32,0.661
2012-04-13,29.026,0.003,41.83,0.15
2012-04-14,29.403,0.214,42.32,0.911
2012-04-15,29.463,0.181,40.44,2.753
2012-04-16,29.92,0.002,32.5,4.094
2012-04-17,31.303,0.0,28.73,3.624
2012-04-18,32.892,0.002,25.82,3.935
2012-04-19,32.559,0.0,28.84,2.872
2012-04-20,31.529,0.0,47.03,2.207
2012-04-21,32.082,0.3,40.86,2.365
2012-04-22,32.95,0.0,23.76,5.232
2012-04-23,33.384,0.001,21.55,4.791
2012-04-24,33.41,0.0,21.79,3.803
2012-04-25,32.852,0.121,27.81,2.021
2012-04-26,32.567,0.0,31.54,1.481
2012-04-27,33.087,0.046,26.82,3.678
2012-04-28,32.642,0.0,24.44,4.36
2012-04-29,32.433,0.0,24.72,3.473
2012-04-30,32.796,0.0,20.16,1.858
2012-05-01,32.076,0.002,26.98,1.098
2012-05-02,30.813,0.001,46.32,1.135
2012-05-03,31.524,0.058,39.22,0.754
2012-05-04,29.49,3.854,52.94,3.006
2012-05-05,28.227,1.107,60.38,1.167
2012-05-06,31.058,0.048,35.8,0.982
2012-05-07,32.469,0.001,31.32,0.114
2012-05-08,33.691,0.006,35.67,1.841
2012-05-09,32.571,1.887,48.4,2.015
2012-05-10,32.884,0.386,49.37,1.612
2012-05-11,32.545,0.761,52.58,1.718
2012-05-12,32.364,0.05,53.64,1.647
2012-05-13,33.969,0.026,36.62,2.117
2012-05-14,35.132,0.001,25.05,4.092
2012-05-15,35.182,0.003,22.8,4.203
2012-05-16,34.799,0.001,22.27,2.944
2012-05-17,33.116,0.007,43.25,2.866
2012-05-18,32.926,0.935,50.44,3.724
2012-05-19,33.421,0.961,51.82,1.672
2012-05-20,34.49,0.039,42.94,0.731
2012-05-21,34.903,0.0,34.48,0.986
2012-05-22,34.996,0.001,33.74,1.108
2012-05-23,34.768,0.003,34.61,1.449
2012-05-24,34.391,0.0,28.89,1.256
2012-05-25,34.44,0.001,44.04,3.209
2012-05-26,34.312,0.418,50.08,3.652
2012-05-27,31.297,1.039,67.19,3.595
2012-05-28,34.067,0.026,54.59,2.596
2012-05-29,34.931,0.048,50.34,2.525
2012-05-30,34.512,0.267,53.74,2.983
2012-05-31,33.791,0.112,57.05,4.004
2012-06-01,32.457,0.477,62.74,4.267
2012-06-02,29.598,5.203,74.87,3.159
2012-06-03,33.693,0.003,59.18,1.571
2012-06-04,34.254,0.316,54.89,1.512
2012-06-05,32.943,2.066,59.4,2.156
2012-06-06,32.659,0.017,59.45,3.145
2012-06-07,32.146,0.478,61.69,2.496
2012-06-08,34.589,0.002,48.44,1.074
2012-06-09,34.525,0.002,50.89,1.539
2012-06-10,34.398,0.0,52.61,2.111
2012-06-11,34.112,0.023,54.87,3.269
2012-06-12,33.897,0.004,57.11,3.861
2012-06-13,34.905,0.254,53.4,2.72
2012-06-14,35.144,0.002,50.25,2.664
2012-06-15,34.371,0.003,52.81,2.128
2012-06-16,32.739,0.03,59.69,3.001
2012-06-17,29.513,5.447,75.88,4.253
2012-06-18,28.711,16.27,83.6,3.224
2012-06-19,30.067,6.351,75.68,2.637
2012-06-20,29.814,9.964,77.66,2.488
2012-06-21,28.363,12.659,82.96,3.875
2012-06-22,27.954,13.857,86.04,3.939
2012-06-23,28.113,18.203,85.05,2.397
2012-06-24,28.286,14.903,87.48,0.297
2012-06-25,33.044,0.312,58.13,4.117
2012-06-26,33.568,0.009,54.04,4.763
2012-06-27,32.359,0.233,61.22,0.534
2012-06-28,30.901,0.372,71.96,2.518
2012-06-29,31.597,0.105,70.13,2.909
2012-06-30,32.247,1.285,69.78,3.586
2012-07-01,29.781,6.279,78.31,3.963
2012-07-02,31.07,0.483,68.34,3.736
2012-07-03,30.194,0.966,69.15,3.953
2012-07-04,27.956,8.923,83.82,3.645
2012-07-05,27.702,13.283,87.02,2.242
2012-07-06,27.37,19.43,87.69,2.843
2012-07-07,27.228,9.07,87.88,3.287
2012-07-08,28.599,5.61,82.01,3.57
2012-07-09,28.289,5.528,82.13,4.178
2012-07-10,28.706,10.457,82.25,2.476
2012-07-11,29.417,18.868,83.8,0.783
2012-07-12,28.557,23.48,87.72,1.58
2012-07-13,28.375,21.47,86.39,1.283
2012-07-14,28.094,36.872,87.32,1.108
2012-07-15,27.502,22.943,89.81,1.227
2012-07-16,28.461,16.798,86.56,0.821
2012-07-17,28.269,22.274,86.7,1.701
2012-07-18,27.521,29.67,91.86,0.958
2012-07-19,27.032,26.357,92.32,1.482
2012-07-20,28.527,3.418,84.0,3.51
2012-07-21,28.152,9.115,83.87,4.054
2012-07-22,28.723,2.456,83.82,3.193
2012-07-23,29.188,4.607,83.72,2.284
2012-07-24,28.515,5.813,85.41,2.903
2012-07-25,28.701,3.418,82.83,3.625
2012-07-26,29.497,1.345,79.63,3.056
2012-07-27,28.287,6.471,83.27,3.897
2012-07-28,27.892,12.104,85.64,3.439
2012-07-29,27.871,6.218,84.0,3.874
2012-07-30,28.633,1.674,77.76,4.24
2012-07-31,28.676,1.526,77.89,4.049
2012-08-01,29.237,0.967,79.18,2.728
2012-08-02,28.49,13.242,83.94,2.754
2012-08-03,28.512,3.968,81.26,3.335
2012-08-04,28.985,5.218,80.2,3.745
2012-08-05,28.895,2.607,78.03,4.701
2012-08-06,27.87,11.277,84.17,4.62
2012-08-07,28.121,12.272,82.99,3.442
2012-08-08,27.8,7.664,86.6,3.012
2012-08-09,28.258,8.696,86.31,2.382
2012-08-10,28.734,6.998,81.53,3.433
2012-08-11,27.326,9.782,85.46,4.151
2012-08-12,27.303,12.358,85.98,3.004
2012-08-13,27.902,20.352,85.92,1.119
2012-08-14,27.779,9.559,87.07,0.208
2012-08-15,29.05,6.208,83.07,0.318
2012-08-16,29.477,13.543,82.12,0.263
2012-08-17,28.431,13.901,84.88,1.334
2012-08-18,29.723,0.454,76.65,2.844
2012-08-19,29.319,1.672,78.09,2.978
2012-08-20,28.792,2.402,80.96,2.155
2012-08-21,27.582,18.321,86.94,2.825
2012-08-22,26.924,26.126,90.03,2.642
2012-08-23,26.273,11.077,91.74,1.048
2012-08-24,27.304,12.005,87.37,0.77
2012-08-25,27.512,14.387,87.19,1.931
2012-08-26,28.685,7.149,83.68,2.469
2012-08-27,28.897,3.597,81.67,3.188
2012-08-28,29.413,1.393,80.17,2.594
2012-08-29,29.184,4.198,81.67,2.462
2012-08-30,29.561,0.858,78.33,2.327
2012-08-31,29.482,0.33,76.61,1.903
2012-09-01,29.727,1.26,80.12,2.374
2012-09-02,29.41,6.07,80.23,3.104
2012-09-03,28.249,10.002,81.32,4.345
2012-09-04,27.048,2.732,82.04,6.317
2012-09-05,26.065,4.587,86.66,5.831
2012-09-06,26.661,3.021,85.74,4.394
2012-09-07,28.119,1.077,81.91,1.312
2012-09-08,29.829,1.294,77.21,0.281
2012-09-09,27.57,12.582,84.55,3.53
2012-09-10,27.244,8.181,86.65,3.939
2012-09-11,27.873,13.943,86.17,2.984
2012-09-12,27.31,13.243,88.16,1.96
2012-09-13,26.859,21.535,90.35,1.441
2012-09-14,25.608,26.074,95.22,1.689
2012-09-15,25.081,14.286,96.0,1.414
2012-09-16,25.086,17.834,96.01,3.27
2012-09-17,26.583,8.422,88.18,3.733
2012-09-18,27.081,12.025,87.66,1.705
2012-09-19,27.308,5.55,87.29,0.654
2012-09-20,27.893,2.728,84.92,0.474
2012-09-21,27.993,8.473,85.85,0.771
2012-09-22,28.261,6.659,85.23,0.922
2012-09-23,28.425,0.048,74.74,2.442
2012-09-24,27.882,0.107,72.27,2.557
2012-09-25,27.73,0.042,73.52,1.64
2012-09-26,28.041,0.524,80.34,1.042
2012-09-27,28.694,0.205,77.26,1.233
2012-09-28,29.199,0.201,77.13,1.001
2012-09-29,29.535,0.462,77.24,1.007
2012-09-30,28.968,2.605,81.44,1.289
2012-10-01,28.47,2.96,82.41,1.669
2012-10-02,28.56,4.933,83.09,1.194
2012-10-03,27.591,15.545,86.12,0.506
2012-10-04,27.555,1.642,83.64,0.811
2012-10-05,27.709,0.596,79.59,0.697
2012-10-06,27.516,0.097,75.86,0.643
2012-10-07,27.572,1.254,82.02,0.557
2012-10-08,27.47,10.331,84.26,0.321
2012-10-09,24.711,22.875,91.98,1.575
2012-10-10,25.147,4.923,87.92,0.848
2012-10-11,26.138,0.17,79.39,2.278
2012-10-12,26.11,0.038,74.54,2.218
2012-10-13,26.219,0.002,71.66,0.957
2012-10-14,25.823,0.052,71.53,0.657
2012-10-15,25.934,0.003,70.44,0.387
2012-10-16,26.182,0.026,71.13,0.231
2012-10-17,25.718,0.146,75.89,0.683
2012-10-18,25.573,0.661,78.47,1.072
2012-10-19,24.572,0.003,72.26,1.563
2012-10-20,24.527,0.002,71.66,1.354
2012-10-21,24.84,0.001,69.76,1.474
2012-10-22,24.213,0.003,67.99,1.981
2012-10-23,23.667,0.003,68.73,2.065
2012-10-24,23.993,-0.0,65.43,2.379
2012-10-25,24.255,0.017,69.48,1.73
2012-10-26,24.057,0.07,71.17,0.61
2012-10-27,22.942,0.0,63.09,1.954
2012-10-28,23.053,0.002,62.77,2.496
2012-10-29,23.113,0.0,64.86,2.317
2012-10-30,23.184,0.0,64.63,2.17
2012-10-31,22.863,0.001,67.2,1.581
2012-11-01,22.975,0.003,67.51,1.424
2012-11-02,23.254,0.814,70.92,0.642
2012-11-03,22.423,0.176,82.35,1.58
2012-11-04,22.16,0.442,84.49,1.695
2012-11-05,22.644,0.268,83.59,1.324
2012-11-06,23.314,0.028,76.07,0.4
2012-11-07,22.902,0.001,64.53,2.486
2012-11-08,22.082,0.0,60.26,2.565
2012-11-09,22.358,0.001,63.72,1.23
2012-11-10,22.01,0.001,62.7,1.578
2012-11-11,21.673,0.0,62.44,2.062
2012-11-12,21.669,0.036,65.88,1.45
2012-11-13,21.805,0.002,62.95,2.125
2012-11-14,21.448,0.0,62.47,2.437
2012-11-15,20.881,0.0,63.3,1.786
2012-11-16,20.966,0.001,59.68,1.995
2012-11-17,21.022,0.0,62.5,1.711
2012-11-18,21.261,0.001,63.82,1.666
2012-11-19,21.249,0.002,61.82,2.154
2012-11-20,20.513,0.0,61.62,2.243
2012-11-21,20.762,0.0,61.14,2.514
2012-11-22,19.774,0.001,58.48,2.611
2012-11-23,19.366,0.0,59.83,2.151
2012-11-24,19.727,0.0,56.78,2.733
2012-11-25,20.245,0.001,56.57,3.172
2012-11-26,19.407,0.001,57.34,2.38
2012-11-27,18.309,0.003,61.72,1.965
2012-11-28,18.575,0.001,61.41,1.879
2012-11-29,18.643,0.001,58.13,2.16
2012-11-30,19.316,0.0,57.68,2.433
2012-12-01,19.604,0.001,62.88,1.984
2012-12-02,18.609,0.002,59.06,2.221
2012-12-03,18.969,0.002,58.5,2.848
2012-12-04,18.151,0.001,58.7,2.725
2012-12-05,17.891,0.001,59.72,2.32
2012-12-06,18.392,0.001,61.12,2.567
2012-12-07,17.974,0.001,61.86,2.019
2012-12-08,17.966,0.001,64.43,1.825
2012-12-09,18.247,0.0,64.28,1.703
2012-12-10,18.819,0.003,65.91,0.87
2012-12-11,20.202,3.348,72.54,1.869
2012-12-12,19.496,0.001,78.57,0.76
2012-12-13,19.546,0.025,73.5,0.099
2012-12-14,19.343,0.007,73.8,0.532
2012-12-15,19.07,0.014,76.88,0.19
2012-12-16,19.013,0.015,78.15,2.504
2012-12-17,18.769,0.0,73.61,1.714
2012-12-18,17.482,0.003,71.87,2.59
2012-12-19,17.188,0.001,70.05,2.584
2012-12-20,15.981,0.002,70.74,2.426
2012-12-21,15.582,0.001,72.47,1.727
2012-12-22,15.717,0.0,73.67,1.444
2012-12-23,15.982,0.0,72.89,1.417
2012-12-24,16.286,0.0,75.64,2.176
2012-12-25,16.24,0.017,73.07,2.673
2012-12-26,15.282,0.003,71.91,2.01
2012-12-27,15.865,0.001,72.2,2.344
2012-12-28,15.93,0.0,74.32,2.373
2012-12-29,15.581,0.0,73.8,2.101
2012-12-30,15.812,0.0,74.0,1.973
