date,temp_c,precip_mm,humidity_pct,wind_speed_ms
2000-01-01,16.15,0.0,69.76,1.835
2000-01-02,16.493,0.002,70.72,2.271
2000-01-03,16.193,0.0,72.32,2.582
2000-01-04,15.717,0.002,72.78,2.352
2000-01-05,15.643,0.003,70.0,2.591
2000-01-06,14.813,0.0,67.78,2.622
2000-01-07,14.842,0.001,70.56,2.432
2000-01-08,14.887,0.001,70.61,2.106
2000-01-09,15.476,0.002,71.68,1.437
2000-01-10,16.503,0.0,71.58,0.846
2000-01-11,16.939,0.0,72.21,0.571
2000-01-12,18.001,0.273,72.13,0.802
2000-01-13,18.245,1.45,75.45,0.571
2000-01-14,18.248,0.005,70.58,2.914
2000-01-15,17.403,0.0,65.15,2.596
2000-01-16,16.8,0.001,49.39,3.734
2000-01-17,13.807,0.001,54.33,3.34
2000-01-18,13.925,0.001,69.69,1.668
2000-01-19,15.505,0.001,69.43,2.138
2000-01-20,15.357,0.0,67.86,1.325
2000-01-21,15.676,0.002,63.74,1.616
2000-01-22,16.339,0.001,62.84,1.531
2000-01-23,17.101,0.014,63.7,0.772
2000-01-24,17.073,0.06,65.22,0.218
2000-01-25,16.808,0.001,64.22,0.785
2000-01-26,17.264,0.001,65.09,0.472
2000-01-27,18.613,0.005,64.16,1.844
2000-01-28,18.657,0.012,58.22,3.714
2000-01-29,16.794,0.001,63.02,2.621
2000-01-30,16.636,0.001,65.21,1.111
2000-01-31,17.651,0.001,55.67,2.608
2000-02-01,18.122,15.679,60.96,4.863
2000-02-02,16.043,2.52,76.76,3.527
2000-02-03,15.795,0.002,74.78,0.703
2000-02-04,15.991,0.0,72.99,1.163
2000-02-05,17.7,1.33,72.18,3.065
2000-02-06,17.26,0.96,80.39,0.888
2000-02-07,16.656,0.195,75.49,1.873
2000-02-08,15.87,0.004,69.08,2.126
2000-02-09,15.491,0.001,66.26,2.399
2000-02-10,15.506,0.002,69.98,0.465
2000-02-11,16.617,1.484,69.69,2.603
2000-02-12,17.463,0.148,73.55,0.529
2000-02-13,17.589,0.005,64.9,2.567
2000-02-14,15.994,0.0,55.35,3.442
2000-02-15,15.888,0.002,62.23,2.213
2000-02-16,17.305,0.002,68.2,1.821
2000-02-17,17.931,0.001,55.0,2.494
2000-02-18,17.53,0.002,41.3,2.645
2000-02-19,17.304,0.002,40.85,3.204
2000-02-20,16.607,0.0,43.35,1.306
2000-02-21,17.961,0.0,46.62,0.365
2000-02-22,19.018,0.003,43.26,2.329
2000-02-23,18.707,0.001,32.7,3.595
2000-02-24,18.4,0.0,36.86,3.454
2000-02-25,17.263,0.001,36.98,3.03
2000-02-26,16.971,0.0,37.66,2.559
2000-02-27,17.948,0.001,39.08,2.216
2000-02-28,19.161,0.002,40.16,1.078
2000-02-29,19.612,0.0,41.07,2.012
2000-03-01,20.616,0.001,40.82,2.295
2000-03-02,20.781,0.007,49.02,0.789
2000-03-03,21.391,0.001,50.96,0.426
2000-03-04,22.331,0.002,48.68,1.552
2000-03-05,23.021,0.038,49.15,0.792
2000-03-06,23.532,0.001,43.51,2.193
2000-03-07,24.349,0.004,42.19,1.548
2000-03-08,23.855,0.003,28.69,4.185
2000-03-09,21.634,0.0,29.67,4.122
2000-03-10,20.845,0.001,38.68,1.186
2000-03-11,22.626,0.003,39.17,2.056
2000-03-12,23.57,0.861,41.52,2.331
2000-03-13,22.14,1.194,54.34,1.916
2000-03-14,21.373,4.222,63.32,1.622
2000-03-15,22.393,0.002,35.77,3.909
2000-03-16,22.069,0.0,36.88,2.95
2000-03-17,22.886,0.001,40.29,0.799
2000-03-18,24.085,0.004,39.41,1.25
2000-03-19,24.807,0.0,32.59,2.764
2000-03-20,23.748,0.0,25.06,2.942
2000-03-21,23.469,0.002,27.1,1.349
2000-03-22,26.43,0.79,25.88,1.028
2000-03-23,21.203,5.884,67.18,1.081
2000-03-24,22.812,0.002,51.78,2.507
2000-03-25,23.667,0.0,41.19,2.298
2000-03-26,24.614,0.0,39.1,0.997
2000-03-27,26.315,0.001,30.49,0.366
2000-03-28,26.933,0.002,28.67,0.898
2000-03-29,27.665,0.0,29.27,0.983
2000-03-30,29.176,0.0,33.87,1.289
2000-03-31,29.848,0.0,36.34,1.022
2000-04-01,31.727,0.0,23.01,3.235
2000-04-02,31.544,0.0,16.56,5.425
2000-04-03,29.79,0.001,20.51,3.507
2000-04-04,30.726,0.001,17.87,3.955
2000-04-05,31.138,0.0,14.68,4.379
2000-04-06,31.093,0.001,12.14,4.421
2000-04-07,30.224,0.001,14.35,3.316
2000-04-08,31.355,0.0,16.16,3.558
2000-04-09,31.082,0.002,16.5,1.81
2000-04-10,30.012,0.001,20.8,0.742
2000-04-11,30.123,0.178,31.98,2.367
2000-04-12,29.613,0.001,42.09,2.318
2000-04-13,29.887,0.619,45.43,2.392
2000-04-14,29.969,0.437,52.42,3.757
2000-04-15,27.797,2.093,61.8,2.701
2000-04-16,28.999,0.078,47.06,0.863
2000-04-17,30.141,0.018,43.45,1.212
2000-04-18,29.596,0.351,54.05,3.406
2000-04-19,29.088,1.942,56.72,2.942
2000-04-20,28.87,2.647,60.35,3.428
2000-04-21,29.055,0.352,58.51,3.311
2000-04-22,29.37,0.531,61.83,1.814
2000-04-23,29.753,3.501,55.29,1.203
2000-04-24,27.086,8.946,62.53,1.726
2000-04-25,25.997,3.804,66.27,3.886
2000-04-26,26.634,0.128,64.63,4.345
2000-04-27,27.567,0.053,62.96,3.25
2000-04-28,28.639,0.215,63.73,2.744
2000-04-29,29.598,0.947,62.3,2.114
2000-04-30,30.339,0.011,57.21,1.755
2000-05-01,30.147,0.569,59.21,2.706
2000-05-02,28.283,0.024,61.97,4.858
2000-05-03,28.439,0.002,55.3,4.725
2000-05-04,29.82,0.032,54.48,3.79
2000-05-05,31.492,0.062,48.39,3.537
2000-05-06,31.903,2.328,44.13,2.513
2000-05-07,29.075,3.116,61.02,2.056
2000-05-08,30.562,0.285,55.02,1.297
2000-05-09,31.711,0.051,47.58,1.453
2000-05-10,31.959,0.565,51.51,0.712
2000-05-11,33.281,0.018,47.76,0.876
2000-05-12,34.512,0.037,43.53,1.291
2000-05-13,35.927,0.066,40.34,0.325
2000-05-14,33.33,2.172,52.63,1.646
2000-05-15,31.82,1.871,59.24,2.031
2000-05-16,29.708,5.96,69.77,1.748
2000-05-17,29.919,3.19,67.1,2.414
2000-05-18,31.833,0.228,59.9,2.363
2000-05-19,30.249,5.617,66.46,4.211
2000-05-20,27.445,9.296,73.01,4.234
2000-05-21,26.811,3.704,78.87,2.922
2000-05-22,25.439,20.855,85.57,4.663
2000-05-23,27.822,0.859,73.54,3.076
2000-05-24,27.788,26.303,79.01,1.837
2000-05-25,27.681,23.026,82.12,0.946
2000-05-26,28.455,5.624,77.54,2.94
2000-05-27,29.247,7.384,74.62,2.555
2000-05-28,28.5,1.722,74.76,3.002
2000-05-29,27.59,4.724,77.41,3.295
2000-05-30,26.958,11.741,79.58,2.741
2000-05-31,27.62,1.528,78.66,1.84
2000-06-01,28.212,2.854,75.94,1.085
2000-06-02,28.095,8.95,78.43,3.175
2000-06-03,29.442,2.96,75.89,2.765
2000-06-04,31.284,0.381,68.17,2.667
2000-06-05,29.272,11.319,77.7,4.063
2000-06-06,27.962,10.21,81.24,6.838
2000-06-07,27.184,9.728,85.64,5.882
2000-06-08,26.981,48.542,89.7,2.958
2000-06-09,26.674,26.171,91.39,1.89
2000-06-10,27.68,1.884,85.57,1.338
2000-06-11,28.972,1.831,82.74,1.057
2000-06-12,30.008,1.264,77.77,1.021
2000-06-13,31.061,0.481,69.24,1.656
2000-06-14,29.741,13.602,77.57,1.741
2000-06-15,26.627,33.228,89.96,3.327
2000-06-16,26.998,49.589,89.26,1.896
2000-06-17,29.41,3.079,79.04,2.399
2000-06-18,29.175,11.044,80.52,3.386
2000-06-19,27.906,10.706,82.79,5.055
2000-06-20,27.559,10.413,85.13,4.006
2000-06-21,26.61,29.899,91.73,3.039
2000-06-22,26.663,41.196,91.61,3.041
2000-06-23,26.599,8.586,89.84,1.282
2000-06-24,28.098,5.247,85.02,1.004
2000-06-25,27.651,20.577,85.05,0.868
2000-06-26,27.018,13.22,86.41,1.499
2000-06-27,27.222,16.065,87.78,2.036
2000-06-28,28.179,2.665,82.62,3.58
2000-06-29,28.558,2.704,79.42,3.998
2000-06-30,29.164,1.147,77.41,3.216
2000-07-01,29.066,2.579,76.39,3.512
2000-07-02,27.734,9.128,82.37,2.984
2000-07-03,28.231,6.582,83.82,1.691
2000-07-04,29.393,10.588,80.51,0.859
2000-07-05,28.246,20.713,84.14,0.892
2000-07-06,26.066,43.179,95.03,2.609
2000-07-07,26.323,33.994,91.7,2.12
2000-07-08,28.016,14.045,86.75,2.147
2000-07-09,27.667,12.271,87.51,1.815
2000-07-10,27.735,13.274,85.17,2.897
2000-07-11,28.535,4.91,81.65,3.466
2000-07-12,29.607,3.088,75.73,5.958
2000-07-13,28.064,11.129,82.14,5.648
2000-07-14,27.341,7.438,87.79,3.133
2000-07-15,26.899,21.261,89.26,2.468
2000-07-16,28.448,2.104,82.53,2.183
2000-07-17,29.534,1.798,78.54,3.315
2000-07-18,29.173,1.113,73.85,4.914
2000-07-19,28.152,4.608,78.11,6.235
2000-07-20,27.344,13.199,84.17,4.541
2000-07-21,26.784,9.559,87.09,1.421
2000-07-22,28.849,1.989,77.16,2.542
2000-07-23,28.143,2.192,77.23,3.156
2000-07-24,27.526,20.266,85.01,1.22
2000-07-25,27.417,8.676,86.49,0.367
2000-07-26,28.058,7.01,80.83,3.638
2000-07-27,28.443,1.621,77.93,4.181
2000-07-28,28.724,1.526,78.56,3.423
2000-07-29,27.845,6.876,83.24,3.271
2000-07-30,27.963,10.165,85.21,2.413
2000-07-31,26.648,11.725,91.0,1.142
2000-08-01,26.374,17.887,92.08,2.015
2000-08-02,27.849,10.174,83.8,2.604
2000-08-03,28.676,1.888,76.52,2.224
2000-08-04,29.218,1.24,75.08,2.238
2000-08-05,29.355,2.755,79.65,1.294
2000-08-06,28.878,4.649,84.39,1.008
2000-08-07,28.436,14.253,86.1,1.525
2000-08-08,28.339,7.086,84.88,1.631
2000-08-09,26.883,12.118,90.15,3.639
2000-08-10,28.285,6.088,81.05,4.188
2000-08-11,27.706,3.776,83.43,3.943
2000-08-12,27.816,2.16,83.34,3.001
2000-08-13,27.92,10.467,85.48,1.93
2000-08-14,27.355,7.613,86.96,1.801
2000-08-15,27.642,3.508,84.52,1.93
2000-08-16,27.415,6.316,87.45,0.628
2000-08-17,27.381,9.678,87.83,0.545
2000-08-18,28.018,6.011,83.5,3.623
2000-08-19,28.599,1.747,80.62,3.698
2000-08-20,28.163,5.344,82.89,3.028
2000-08-21,28.127,1.836,82.51,3.163
2000-08-22,29.458,0.662,78.71,2.477
2000-08-23,29.162,1.821,80.12,2.337
2000-08-24,29.521,0.609,77.88,2.52
2000-08-25,29.697,0.605,77.06,1.807
2000-08-26,29.768,0.434,77.74,0.887
2000-08-27,29.531,1.441,79.23,1.587
2000-08-28,28.658,1.336,81.49,2.44
2000-08-29,28.005,6.594,83.96,1.746
2000-08-30,27.314,14.941,87.58,0.381
2000-08-31,27.736,23.92,86.37,0.467
2000-09-01,25.963,105.168,91.87,2.69
2000-09-02,26.921,11.679,87.78,3.663
2000-09-03,27.373,3.8,85.47,4.68
2000-09-04,27.854,5.495,82.66,4.132
2000-09-05,27.203,10.4,87.25,3.113
2000-09-06,26.762,28.85,89.33,2.288
2000-09-07,26.525,8.145,88.23,3.176
2000-09-08,26.369,10.626,88.87,2.001
2000-09-09,26.072,8.856,90.44,1.254
2000-09-10,27.0,2.208,86.5,0.515
2000-09-11,27.494,1.838,84.75,1.645
2000-09-12,27.952,0.476,80.56,1.668
2000-09-13,28.465,0.065,78.72,1.545
2000-09-14,27.715,18.193,84.07,2.096
2000-09-15,26.524,11.006,86.43,3.843
2000-09-16,26.683,7.648,86.99,2.956
2000-09-17,24.831,11.222,91.04,3.331
2000-09-18,24.884,2.304,79.77,3.656
2000-09-19,26.77,0.226,70.0,4.61
2000-09-20,23.706,101.434,81.47,5.92
2000-09-21,22.74,96.762,88.6,5.657
2000-09-22,23.603,2.886,88.08,3.442
2000-09-23,24.139,3.065,91.98,1.3
2000-09-24,25.696,0.84,85.27,0.293
2000-09-25,26.183,0.686,83.16,0.865
2000-09-26,26.748,0.779,78.84,1.322
2000-09-27,26.473,0.089,79.39,1.789
2000-09-28,26.496,0.044,77.27,1.245
2000-09-29,26.656,0.08,77.69,0.673
2000-09-30,26.363,0.098,73.95,1.336
2000-10-01,26.702,0.207,75.51,0.887
2000-10-02,27.211,0.798,79.93,0.88
2000-10-03,27.334,0.379,80.22,1.217
2000-10-04,27.267,0.492,77.64,0.594
2000-10-05,27.306,0.16,77.4,0.482
2000-10-06,27.492,0.114,77.09,0.732
2000-10-07,28.195,0.475,77.19,1.057
2000-10-08,27.752,0.462,76.84,1.34
2000-10-09,27.63,0.845,78.84,0.485
2000-10-10,27.543,0.275,74.88,0.152
2000-10-11,27.471,0.39,74.72,0.455
2000-10-12,27.082,0.048,70.8,1.182
2000-10-13,25.9,0.009,67.36,1.83
2000-10-14,25.819,0.0,65.5,0.98
2000-10-15,26.058,0.0,61.2,0.948
2000-10-16,25.546,0.001,58.83,1.147
2000-10-17,26.546,0.0,54.38,1.889
2000-10-18,26.671,0.001,58.11,1.503
2000-10-19,26.927,0.0,60.98,0.362
2000-10-20,26.377,0.0,59.41,0.466
2000-10-21,26.266,0.037,61.4,1.713
2000-10-22,25.699,0.344,71.11,1.182
2000-10-23,25.705,0.699,69.28,1.086
2000-10-24,26.188,0.17,66.89,1.729
2000-10-25,25.581,0.723,69.33,2.222
2000-10-26,25.748,0.009,59.63,1.646
2000-10-27,26.253,0.001,55.92,1.575
2000-10-28,25.65,0.014,58.59,2.563
2000-10-29,23.766,0.002,63.29,1.672
2000-10-30,24.845,0.003,59.89,2.201
2000-10-31,25.022,0.0,60.46,0.229
2000-11-01,24.963,0.003,58.54,1.015
2000-11-02,25.08,0.0,57.13,0.934
2000-11-03,25.013,0.001,57.17,1.516
2000-11-04,25.521,0.001,54.35,1.766
2000-11-05,24.244,0.0,53.09,2.184
2000-11-06,24.0,0.003,55.87,1.714
2000-11-07,24.797,0.0,53.18,0.919
2000-11-08,24.336,0.0,55.28,0.975
2000-11-09,23.876,0.0,54.18,1.655
2000-11-10,23.611,0.001,56.67,0.006
2000-11-11,23.458,0.0,58.51,0.433
2000-11-12,23.107,0.001,57.36,0.656
2000-11-13,22.356,0.003,53.27,1.029
2000-11-14,22.251,0.002,55.9,1.762
2000-11-15,22.603,0.001,58.37,0.802
2000-11-16,22.392,0.0,60.58,0.732
2000-11-17,22.426,0.002,57.84,1.197
2000-11-18,22.053,0.0,60.06,1.578
2000-11-19,22.088,0.002,58.99,1.476
2000-11-20,22.593,0.001,57.56,1.946
2000-11-21,22.522,0.004,64.39,2.399
2000-11-22,22.091,0.015,64.25,1.924
2000-11-23,21.736,0.0,65.45,0.873
2000-11-24,21.656,0.0,64.44,2.276
2000-11-25,20.834,0.001,64.29,1.043
2000-11-26,20.477,0.0,55.41,1.286
2000-11-27,20.35,0.001,52.32,1.153
2000-11-28,20.84,0.001,53.15,1.53
2000-11-29,20.025,0.0,51.85,2.271
2000-11-30,18.8,0.0,46.7,2.338
2000-12-01,17.29,0.001,47.97,2.65
2000-12-02,16.221,0.001,51.81,1.784
2000-12-03,17.649,0.0,49.16,2.507
2000-12-04,17.116,0.001,53.44,2.534
2000-12-05,17.276,0.004,56.36,1.561
2000-12-06,17.556,0.0,60.03,1.043
2000-12-07,18.181,0.0,62.44,1.038
2000-12-08,18.001,0.0,60.37,1.826
2000-12-09,17.603,0.002,59.73,0.245
2000-12-10,18.1,0.0,57.39,0.532
2000-12-11,17.218,0.0,55.05,1.631
2000-12-12,16.504,0.001,55.83,1.187
2000-12-13,17.052,0.0,57.2,2.174
2000-12-14,16.738,0.001,60.17,1.391
2000-12-15,17.486,0.001,60.4,0.98
2000-12-16,17.563,0.002,62.17,0.609
2000-12-17,18.187,0.0,62.59,1.569
2000-12-18,18.201,0.001,66.4,2.066
2000-12-19,17.24,0.001,59.75,2.284
2000-12-20,16.059,0.001,61.52,1.329
2000-12-21,17.236,0.001,64.79,1.75
2000-12-22,17.871,0.0,64.1,2.213
2000-12-23,18.026,0.001,66.83,1.758
2000-12-24,18.637,0.001,67.41,1.785
2000-12-25,19.16,0.001,65.63,1.978
2000-12-26,18.931,0.001,64.39,2.26
2000-12-27,18.476,0.003,62.65,1.766
2000-12-28,18.254,0.001,62.55,1.881
2000-12-29,17.622,0.0,63.38,2.091
2000-12-30,17.403,0.001,61.8,1.37
2000-12-31,18.434,2.884,64.45,1.667
2001-01-01,16.998,1.519,79.17,1.456
2001-01-02,17.926,0.019,70.84,2.343
2001-01-03,16.847,0.001,68.09,3.115
2001-01-04,15.595,0.021,64.34,3.032
2001-01-05,14.754,0.001,65.23,2.324
2001-01-06,14.334,0.0,67.16,2.157
2001-01-07,14.028,0.003,66.55,1.886
2001-01-08,15.061,0.0,60.92,1.806
2001-01-09,14.68,0.002,58.61,2.642
2001-01-10,13.87,0.001,60.88,2.567
2001-01-11,13.47,0.002,61.39,2.307
2001-01-12,13.885,0.0,66.42,1.017
2001-01-13,14.694,0.0,62.66,2.352
2001-01-14,14.548,0.002,60.78,1.677
2001-01-15,15.585,0.003,57.45,1.925
2001-01-16,16.178,0.001,55.46,2.339
2001-01-17,15.947,0.0,53.07,2.202
2001-01-18,15.919,0.0,53.88,2.282
2001-01-19,16.229,0.0,59.1,1.844
2001-01-20,17.016,0.0,57.53,1.951
2001-01-21,16.988,0.001,51.48,1.016
2001-01-22,17.65,0.368,56.29,1.422
2001-01-23,18.467,0.07,50.22,3.088
2001-01-24,16.057,0.0,46.52,4.397
2001-01-25,14.161,0.001,50.14,2.359
2001-01-26,14.995,0.0,54.48,1.364
2001-01-27,15.977,0.001,56.6,1.371
2001-01-28,17.184,0.001,60.57,0.956
2001-01-29,18.254,0.001,58.12,1.283
2001-01-30,18.859,0.001,59.63,1.778
2001-01-31,20.211,0.0,56.42,1.799
2001-02-01,20.755,0.001,49.02,2.581
2001-02-02,18.144,-0.0,40.48,3.454
2001-02-03,15.759,0.0,43.87,3.024
2001-02-04,15.65,0.001,48.68,1.308
2001-02-05,17.115,0.003,47.12,1.792
2001-02-06,17.689,0.002,48.34,2.946
2001-02-07,16.97,0.002,52.03,2.13
2001-02-08,17.1,0.0,48.92,2.544
2001-02-09,17.536,0.002,50.87,1.531
2001-02-10,18.582,0.0,54.25,1.817
2001-02-11,18.962,0.001,52.27,1.987
2001-02-12,19.456,0.0,47.46,2.281
2001-02-13,19.259,0.001,51.39,2.076
2001-02-14,20.187,0.001,53.95,0.922
2001-02-15,22.034,0.289,56.74,0.465
2001-02-16,21.538,0.064,59.46,1.053
2001-02-17,22.569,0.004,54.42,1.523
2001-02-18,22.391,0.001,47.84,2.593
2001-02-19,22.884,0.001,47.82,3.09
2001-02-20,21.479,0.0,46.2,2.193
2001-02-21,21.492,0.268,48.16,1.057
2001-02-22,21.601,0.0,48.45,2.906
2001-02-23,22.278,0.0,51.71,0.43
2001-02-24,22.671,0.001,52.36,1.992
2001-02-25,22.369,0.466,56.49,2.202
2001-02-26,22.848,0.263,45.45,3.156
2001-02-27,21.854,0.002,37.06,2.402
2001-02-28,22.477,0.001,35.11,1.367
2001-03-01,23.662,0.005,39.54,2.191
2001-03-02,22.408,0.001,25.35,3.812
2001-03-03,21.509,0.0,29.54,3.084
2001-03-04,21.952,0.0,34.62,3.24
2001-03-05,22.277,0.036,34.63,3.67
2001-03-06,21.743,0.001,36.04,2.758
2001-03-07,22.163,0.0,38.0,1.151
2001-03-08,22.649,0.0,35.07,1.211
2001-03-09,23.658,0.001,34.83,1.478
2001-03-10,24.005,0.002,30.23,2.253
2001-03-11,24.252,0.001,29.84,1.247
2001-03-12,24.763,0.001,31.5,1.014
2001-03-13,25.386,0.004,33.11,1.273
2001-03-14,26.158,0.123,34.78,1.289
2001-03-15,26.611,0.095,34.52,3.232
2001-03-16,26.476,0.0,23.8,4.211
2001-03-17,25.468,0.0,22.12,3.582
2001-03-18,25.799,0.0,26.28,2.96
2001-03-19,26.687,0.001,27.46,1.435
2001-03-20,27.478,0.004,28.7,0.456
2001-03-21,29.256,0.891,28.65,1.241
2001-03-22,26.525,4.193,50.55,1.274
2001-03-23,26.886,0.012,41.02,2.872
2001-03-24,26.808,0.001,25.7,4.071
2001-03-25,26.495,0.0,27.94,3.241
2001-03-26,27.614,0.001,25.93,2.475
2001-03-27,28.159,0.0,26.08,2.058
2001-03-28,29.001,0.0,30.22,0.777
2001-03-29,29.235,0.088,34.89,0.571
2001-03-30,29.367,1.983,35.89,1.069
2001-03-31,27.413,2.158,44.76,0.32
2001-04-01,26.398,0.151,42.47,1.367
2001-04-02,27.69,0.001,26.16,2.86
2001-04-03,28.301,0.0,25.93,2.769
2001-04-04,29.636,0.001,20.26,2.905
2001-04-05,30.586,0.0,17.0,2.904
2001-04-06,30.787,0.002,19.68,1.126
2001-04-07,31.402,0.0,17.94,2.644
2001-04-08,31.36,0.001,19.53,3.133
2001-04-09,31.655,0.0,20.0,2.783
2001-04-10,32.129,0.001,19.64,0.822
2001-04-11,31.884,0.0,27.63,1.14
2001-04-12,32.3,0.621,34.21,2.155
2001-04-13,28.724,1.908,48.43,0.335
2001-04-14,28.144,0.756,52.28,2.061
2001-04-15,28.366,1.106,55.69,0.283
2001-04-16,27.709,3.118,53.16,1.252
2001-04-17,28.995,0.243,42.3,2.373
2001-04-18,27.048,0.971,50.89,1.526
2001-04-19,29.263,0.001,36.53,3.181
2001-04-20,30.661,0.0,28.62,4.807
2001-04-21,30.153,0.0,26.85,4.233
2001-04-22,30.554,0.001,23.51,2.277
2001-04-23,31.397,0.001,27.11,1.659
2001-04-24,32.797,0.001,27.86,2.25
2001-04-25,32.884,0.152,30.05,1.556
2001-04-26,32.781,0.002,35.13,2.492
2001-04-27,31.434,0.408,44.55,2.259
2001-04-28,31.303,1.212,47.23,3.799
2001-04-29,30.298,0.009,50.93,3.844
2001-04-30,29.417,2.469,54.33,3.964
2001-05-01,29.567,0.526,53.03,4.161
2001-05-02,30.231,1.112,52.78,2.382
2001-05-03,29.216,12.162,60.78,3.195
2001-05-04,27.326,16.129,70.44,3.008
2001-05-05,27.281,0.583,67.29,4.047
2001-05-06,26.971,14.868,70.72,4.796
2001-05-07,26.332,8.875,76.56,3.491
2001-05-08,27.771,2.966,71.64,2.364
2001-05-09,26.113,3.064,79.69,3.646
2001-05-10,26.81,1.051,71.61,4.887
2001-05-11,27.351,0.669,66.15,4.724
2001-05-12,28.474,0.023,63.95,3.35
2001-05-13,29.962,0.04,63.29,2.634
2001-05-14,30.97,3.63,58.68,2.714
2001-05-15,27.466,8.184,75.81,3.156
2001-05-16,28.751,0.816,69.78,2.066
2001-05-17,28.813,1.968,70.78,0.433
2001-05-18,29.715,1.351,61.22,0.693
2001-05-19,29.747,1.516,63.79,0.77
2001-05-20,28.268,14.431,73.27,1.38
2001-05-21,28.167,7.263,73.43,1.161
2001-05-22,29.612,0.516,68.71,1.047
2001-05-23,30.603,0.358,66.75,1.806
2001-05-24,30.497,0.15,66.03,3.53
2001-05-25,28.642,2.047,69.65,4.961
2001-05-26,28.453,2.545,71.44,4.258
2001-05-27,28.669,3.324,70.53,2.889
2001-05-28,29.625,9.818,67.01,1.51
2001-05-29,27.788,15.559,77.26,2.012
2001-05-30,27.538,7.521,78.36,1.312
2001-05-31,27.567,16.653,78.11,1.541
2001-06-01,26.92,12.528,82.36,2.12
2001-06-02,27.502,9.366,80.93,3.053
2001-06-03,27.222,9.334,82.99,3.586
2001-06-04,25.159,99.769,93.7,3.406
2001-06-05,27.024,2.851,80.2,2.492
2001-06-06,27.889,5.878,80.65,1.116
2001-06-07,27.374,1.405,81.75,2.682
2001-06-08,28.164,2.256,79.07,2.087
2001-06-09,28.552,1.743,78.54,2.749
2001-06-10,29.199,0.93,75.07,2.902
2001-06-11,30.316,0.219,71.44,2.825
2001-06-12,30.544,0.838,73.02,3.739
2001-06-13,30.339,1.029,70.5,5.371
2001-06-14,27.979,4.436,76.58,6.79
2001-06-15,27.641,1.499,75.94,5.924
2001-06-16,28.03,2.984,76.81,4.12
2001-06-17,28.663,10.482,79.38,2.73
2001-06-18,26.91,16.078,86.59,3.835
2001-06-19,26.24,13.475,88.94,5.026
2001-06-20,26.309,36.817,91.55,3.869
2001-06-21,26.474,20.014,91.37,3.606
2001-06-22,27.474,8.744,86.99,2.621
2001-06-23,28.932,6.877,80.98,3.069
2001-06-24,28.544,13.262,81.75,3.824
2001-06-25,28.473,8.495,80.99,3.562
2001-06-26,28.033,6.78,82.86,3.485
2001-06-27,28.084,8.932,83.34,3.773
2001-06-28,27.983,5.033,83.43,3.59
2001-06-29,29.473,8.272,78.78,3.352
2001-06-30,28.663,1.256,77.62,6.3
2001-07-01,28.448,0.834,77.92,4.42
2001-07-02,28.555,4.519,80.47,2.296
2001-07-03,28.385,4.992,84.69,0.762
2001-07-04,29.803,2.066,79.85,0.465
2001-07-05,30.669,3.257,77.82,0.833
2001-07-06,30.408,5.888,78.33,1.582
2001-07-07,29.589,8.046,79.83,2.461
2001-07-08,30.109,4.215,77.42,3.566
2001-07-09,29.411,2.461,76.97,5.703
2001-07-10,28.373,1.897,79.09,5.872
2001-07-11,29.028,1.344,76.31,5.409
2001-07-12,28.533,1.707,76.37,6.394
2001-07-13,28.4,1.768,78.77,4.102
2001-07-14,28.771,4.06,79.93,2.525
2001-07-15,27.272,32.184,87.94,2.889
2001-07-16,27.287,16.244,86.75,3.276
2001-07-17,28.125,6.5,83.58,2.898
2001-07-18,29.075,3.356,80.8,2.763
2001-07-19,28.472,4.92,80.85,3.507
2001-07-20,28.619,2.951,80.61,3.499
2001-07-21,28.734,1.964,79.27,3.908
2001-07-22,28.915,3.153,78.41,4.285
2001-07-23,29.612,0.688,76.06,4.408
2001-07-24,28.784,3.072,81.72,3.77
2001-07-25,28.273,3.411,83.33,3.548
2001-07-26,28.283,4.961,83.91,3.046
2001-07-27,28.101,4.686,85.42,2.533
2001-07-28,28.153,16.001,86.52,0.908
2001-07-29,26.7,15.176,91.49,2.013
2001-07-30,26.167,26.326,93.11,2.893
2001-07-31,27.748,8.12,85.8,2.185
2001-08-01,28.517,7.874,85.53,0.728
2001-08-02,28.638,6.429,83.65,1.228
2001-08-03,29.397,3.015,79.46,2.961
2001-08-04,29.314,1.523,78.65,3.352
2001-08-05,28.974,4.816,80.45,2.634
2001-08-06,28.385,5.949,82.77,3.128
2001-08-07,29.245,3.237,79.61,2.279
2001-08-08,29.748,4.377,76.09,1.628
2001-08-09,28.882,7.836,81.85,2.478
2001-08-10,29.304,2.836,78.6,3.104
2001-08-11,29.214,1.503,78.37,3.152
2001-08-12,29.25,2.833,81.53,2.679
2001-08-13,29.577,1.358,79.37,2.461
2001-08-14,29.193,5.356,80.27,3.336
2001-08-15,28.62,4.664,79.97,4.097
2001-08-16,28.838,5.951,81.84,2.065
2001-08-17,28.478,6.599,85.1,1.921
2001-08-18,27.895,5.631,87.35,2.06
2001-08-19,29.218,7.948,81.84,2.174
2001-08-20,29.231,5.828,83.69,2.133
2001-08-21,29.131,10.185,82.52,2.602
2001-08-22,27.382,9.921,87.71,2.724
2001-08-23,26.258,22.135,91.48,2.844
2001-08-24,26.044,20.498,92.1,1.997
2001-08-25,26.446,9.791,91.58,1.206
2001-08-26,27.217,5.677,87.49,0.463
2001-08-27,26.663,14.887,90.49,0.787
2001-08-28,26.297,11.882,91.59,2.057
2001-08-29,25.838,34.719,94.18,1.744
2001-08-30,26.815,17.59,88.8,1.802
2001-08-31,27.349,11.241,85.88,2.457
2001-09-01,26.725,23.588,87.8,5.028
2001-09-02,26.52,19.65,89.88,3.71
2001-09-03,27.169,28.841,88.64,3.347
2001-09-04,26.458,27.051,90.79,2.54
2001-09-05,25.348,44.71,94.19,1.39
2001-09-06,25.783,20.386,91.84,1.501
2001-09-07,25.953,24.122,91.04,1.481
2001-09-08,24.699,12.001,97.56,1.573
2001-09-09,25.573,21.723,93.98,0.939
2001-09-10,27.364,2.258,84.5,0.458
2001-09-11,26.894,5.349,85.95,1.594
2001-09-12,25.384,32.525,91.06,3.382
2001-09-13,24.974,38.223,93.5,3.255
2001-09-14,26.325,7.333,87.38,1.849
2001-09-15,27.33,3.852,86.04,0.249
2001-09-16,28.047,4.081,83.26,0.238
2001-09-17,26.977,4.088,86.18,1.064
2001-09-18,27.135,1.012,83.36,0.51
2001-09-19,27.507,0.083,75.2,0.684
2001-09-20,27.76,0.113,73.4,0.97
2001-09-21,27.645,0.356,79.9,1.058
2001-09-22,28.128,0.537,81.73,0.726
2001-09-23,28.308,1.466,81.18,1.421
2001-09-24,27.059,4.117,85.23,1.898
2001-09-25,27.401,4.599,85.06,1.357
2001-09-26,27.926,2.463,83.34,0.752
2001-09-27,27.951,2.626,82.85,0.731
2001-09-28,27.811,1.196,82.11,1.944
2001-09-29,28.19,4.428,80.48,2.121
2001-09-30,27.471,3.721,82.69,3.974
2001-10-01,25.001,5.792,91.46,3.714
2001-10-02,25.578,13.059,90.67,2.836
2001-10-03,25.3,28.155,90.79,3.281
2001-10-04,24.134,29.054,94.97,3.315
2001-10-05,23.349,55.764,94.82,3.29
2001-10-06,25.783,1.287,83.99,1.919
2001-10-07,26.548,1.506,83.2,0.538
2001-10-08,27.139,0.134,80.9,0.387
2001-10-09,27.18,0.687,81.27,0.857
2001-10-10,26.705,0.799,82.69,0.89
2001-10-11,26.332,0.616,81.7,1.188
2001-10-12,26.192,1.39,83.7,1.034
2001-10-13,26.626,0.662,78.16,0.426
2001-10-14,26.143,0.677,80.71,0.786
2001-10-15,25.683,0.031,74.0,0.639
2001-10-16,25.567,0.002,73.46,0.593
2001-10-17,24.957,0.01,71.92,1.036
2001-10-18,24.67,0.06,72.29,1.143
2001-10-19,24.637,0.188,76.0,0.485
2001-10-20,24.406,0.957,80.23,0.087
2001-10-21,24.774,0.004,76.6,0.896
2001-10-22,25.165,0.115,76.3,0.845
2001-10-23,25.336,0.013,72.32,1.34
2001-10-24,24.924,0.03,72.18,1.725
2001-10-25,24.66,0.001,71.05,1.824
2001-10-26,24.738,0.001,68.6,0.579
2001-10-27,24.737,0.0,66.97,0.956
2001-10-28,25.74,0.054,63.0,0.551
2001-10-29,25.612,0.257,70.52,0.194
2001-10-30,25.261,0.025,67.87,0.496
2001-10-31,25.138,0.008,70.85,0.684
2001-11-01,24.676,0.493,76.56,1.464
2001-11-02,25.159,0.593,73.47,1.79
2001-11-03,24.632,0.933,80.64,0.986
2001-11-04,24.875,0.235,74.21,0.616
2001-11-05,24.87,0.043,73.25,0.991
2001-11-06,24.432,0.771,75.45,0.61
2001-11-07,23.959,0.078,66.53,1.459
2001-11-08,22.656,0.0,65.01,1.78
2001-11-09,21.96,0.002,63.21,1.39
2001-11-10,21.41,0.002,57.82,1.309
2001-11-11,20.99,0.001,60.77,1.46
2001-11-12,21.36,0.002,59.64,1.879
2001-11-13,21.418,0.0,60.02,1.572
2001-11-14,21.582,0.002,60.96,1.963
2001-11-15,20.845,0.0,61.44,1.473
2001-11-16,21.095,0.001,61.23,1.041
2001-11-17,21.624,0.0,57.82,1.224
2001-11-18,22.115,0.001,57.9,0.686
2001-11-19,21.977,0.001,61.81,0.676
2001-11-20,21.95,0.0,66.05,1.106
2001-11-21,21.488,0.002,63.03,1.652
2001-11-22,21.212,0.0,63.72,1.305
2001-11-23,20.972,0.0,64.62,1.532
2001-11-24,20.66,0.001,62.71,1.17
2001-11-25,20.52,0.001,58.62,2.224
2001-11-26,19.586,0.0,59.4,1.71
2001-11-27,20.219,0.003,57.35,1.912
2001-11-28,20.103,-0.0,54.29,2.648
2001-11-29,18.578,0.001,59.43,2.202
2001-11-30,18.279,0.0,58.16,2.461
2001-12-01,17.715,0.0,60.08,1.613
2001-12-02,17.974,0.0,66.08,1.197
2001-12-03,18.682,0.001,65.18,0.555
2001-12-04,18.94,0.002,64.78,1.188
2001-12-05,18.999,0.001,64.68,0.952
2001-12-06,19.082,0.001,63.72,0.405
2001-12-07,18.442,0.001,65.32,0.451
2001-12-08,18.328,0.003,63.29,1.069
2001-12-09,18.343,0.0,64.19,1.58
2001-12-10,17.714,0.003,69.82,0.918
2001-12-11,17.838,0.0,69.76,0.803
2001-12-12,17.869,0.0,72.37,1.161
2001-12-13,17.836,0.002,73.86,0.984
2001-12-14,17.445,0.001,72.5,1.555
2001-12-15,17.386,0.0,73.72,1.622
2001-12-16,16.898,0.001,72.69,2.009
2001-12-17,16.688,0.003,76.22,1.864
2001-12-18,16.678,0.0,74.11,1.914
2001-12-19,17.017,0.001,72.48,2.006
2001-12-20,16.759,0.0,69.51,2.492
2001-12-21,15.261,0.0,63.4,1.946
2001-12-22,16.52,0.001,70.14,2.186
2001-12-23,16.443,0.001,73.9,1.972
2001-12-24,16.383,0.0,70.85,1.816
2001-12-25,16.446,0.002,66.66,1.36
2001-12-26,16.714,0.001,70.82,1.461
2001-12-27,16.832,0.001,72.11,1.662
2001-12-28,16.322,0.001,74.25,1.264
2001-12-29,16.225,0.002,64.63,1.968
2001-12-30,15.492,0.001,60.09,2.377
2001-12-31,14.586,0.001,67.42,2.113
2002-01-01,15.262,0.0,67.61,2.061
2002-01-02,15.704,0.0,67.69,2.525
2002-01-03,15.267,0.001,67.06,1.941
2002-01-04,15.85,0.001,67.65,1.475
2002-01-05,16.637,0.003,69.0,1.545
2002-01-06,16.666,0.0,67.19,1.199
2002-01-07,16.427,0.003,67.57,1.117
2002-01-08,16.94,0.001,65.75,1.643
2002-01-09,16.945,0.002,65.62,2.011
2002-01-10,16.802,0.001,62.95,2.394
2002-01-11,15.658,0.001,63.42,1.893
2002-01-12,16.163,0.004,64.04,1.037
2002-01-13,16.721,0.0,65.37,0.766
2002-01-14,17.097,0.002,68.07,0.483
2002-01-15,18.986,0.004,60.08,2.404
2002-01-16,19.464,1.069,66.45,3.425
2002-01-17,18.495,0.409,77.55,0.74
2002-01-18,17.933,8.1,83.41,1.15
2002-01-19,17.875,0.237,81.59,0.816
2002-01-20,15.946,4.711,84.59,1.635
2002-01-21,16.468,-0.0,77.57,2.538
2002-01-22,16.94,0.001,64.77,2.372
2002-01-23,15.818,-0.0,58.82,3.095
2002-01-24,14.685,0.0,66.67,3.395
2002-01-25,13.993,0.001,66.66,1.429
2002-01-26,15.559,0.001,66.6,1.314
2002-01-27,17.53,9.645,64.44,3.959
2002-01-28,15.579,8.414,87.78,2.906
2002-01-29,15.569,0.711,79.1,0.707
2002-01-30,15.436,0.321,74.33,2.425
2002-01-31,15.37,0.001,71.34,2.591
2002-02-01,14.97,0.001,67.96,2.391
2002-02-02,15.383,0.0,67.4,2.407
2002-02-03,15.002,0.001,65.73,2.525
2002-02-04,15.348,0.003,67.33,1.359
2002-02-05,16.611,0.0,67.42,0.725
2002-02-06,17.574,0.009,68.94,0.646
2002-02-07,19.683,0.644,70.88,1.338
2002-02-08,18.065,1.403,88.65,0.783
2002-02-09,19.116,0.03,81.17,1.99
2002-02-10,19.345,0.0,68.75,2.396
2002-02-11,20.4,1.448,62.56,0.903
2002-02-12,19.852,2.165,75.3,2.548
2002-02-13,17.584,0.0,70.62,3.628
2002-02-14,17.051,0.001,72.61,2.349
2002-02-15,18.403,0.0,71.9,2.413
2002-02-16,19.308,0.003,69.47,2.004
2002-02-17,20.474,0.0,66.31,1.696
2002-02-18,21.016,0.001,66.23,2.322
2002-02-19,21.418,0.001,61.6,3.017
2002-02-20,20.787,0.002,55.53,2.239
2002-02-21,21.196,0.002,46.28,2.983
2002-02-22,21.119,0.002,53.07,0.856
2002-02-23,22.478,0.002,54.68,0.903
2002-02-24,24.197,0.25,51.64,1.517
2002-02-25,20.918,5.931,72.86,0.858
2002-02-26,20.764,0.002,51.7,3.784
2002-02-27,20.272,0.002,51.04,3.301
2002-02-28,20.784,0.0,53.16,2.306
2002-03-01,21.639,0.0,50.77,0.488
2002-03-02,23.063,5.076,54.24,1.416
2002-03-03,20.657,2.945,70.45,2.911
2002-03-04,20.432,0.002,51.55,3.396
2002-03-05,20.689,0.001,49.7,2.832
2002-03-06,20.737,0.001,48.18,1.957
2002-03-07,21.672,0.002,40.45,0.45
2002-03-08,22.529,0.001,38.45,1.5
2002-03-09,24.148,0.003,41.31,1.261
2002-03-10,25.585,0.0,43.53,1.115
2002-03-11,26.117,0.001,34.6,3.342
2002-03-12,24.603,0.001,38.19,2.698
2002-03-13,25.81,0.002,35.83,3.649
2002-03-14,26.265,0.0,31.22,4.569
2002-03-15,24.65,0.001,35.98,3.772
2002-03-16,24.546,0.001,37.38,3.046
2002-03-17,25.259,0.001,40.16,0.707
2002-03-18,26.58,0.0,38.64,1.188
2002-03-19,27.439,0.001,39.81,0.498
2002-03-20,28.165,0.0,41.14,0.724
2002-03-21,28.875,0.008,37.68,0.979
2002-03-22,28.143,0.304,40.02,0.411
2002-03-23,28.213,0.001,36.87,1.357
2002-03-24,27.971,0.015,40.56,0.757
2002-03-25,27.872,0.63,46.22,2.209
2002-03-26,26.858,1.836,52.98,1.53
2002-03-27,26.274,1.108,58.67,0.864
2002-03-28,26.724,0.208,46.14,0.621
2002-03-29,27.363,0.001,35.74,0.494
2002-03-30,26.75,0.054,49.01,3.243
2002-03-31,27.728,0.091,44.73,3.097
2002-04-01,28.336,0.296,45.38,3.857
2002-04-02,25.695,7.809,57.42,3.467
2002-04-03,23.687,1.715,63.81,2.431
2002-04-04,24.867,0.005,56.45,2.301
2002-04-05,26.994,0.002,51.1,1.299
2002-04-06,28.959,0.0,49.71,2.11
2002-04-07,29.324,0.263,57.53,1.783
2002-04-08,30.079,0.255,47.93,0.817
2002-04-09,29.581,0.003,33.75,3.314
2002-04-10,29.103,0.0,25.75,3.363
2002-04-11,28.791,0.079,30.75,2.193
2002-04-12,27.356,0.639,49.96,4.212
2002-04-13,28.15,0.0,40.9,1.539
2002-04-14,30.433,0.003,35.3,1.173
2002-04-15,30.462,0.092,50.05,2.48
2002-04-16,30.826,0.204,52.89,2.07
2002-04-17,31.932,0.011,48.67,2.165
2002-04-18,32.351,0.0,35.03,1.161
2002-04-19,33.016,0.001,27.42,0.327
2002-04-20,32.147,0.112,45.08,3.884
2002-04-21,30.405,2.57,52.82,3.48
2002-04-22,29.158,0.519,55.35,5.438
2002-04-23,28.782,0.3,53.39,5.551
2002-04-24,26.873,0.347,64.14,4.515
2002-04-25,29.297,1.661,56.78,4.33
2002-04-26,26.851,5.468,70.26,2.654
2002-04-27,26.776,0.234,61.92,1.722
2002-04-28,29.703,0.052,51.32,4.126
2002-04-29,27.334,2.388,62.0,5.241
2002-04-30,27.476,0.172,57.08,2.869
2002-05-01,29.422,0.013,51.92,4.477
2002-05-02,28.564,0.085,57.14,5.075
2002-05-03,26.727,2.424,66.28,3.967
2002-05-04,27.146,1.233,62.28,3.911
2002-05-05,27.996,9.605,60.98,4.299
2002-05-06,27.464,3.175,65.94,3.814
2002-05-07,29.183,0.074,57.61,2.676
2002-05-08,30.452,0.103,55.47,2.554
2002-05-09,31.526,0.466,54.61,3.158
2002-05-10,30.195,3.078,61.54,3.682
2002-05-11,28.709,3.274,71.18,3.693
2002-05-12,30.226,0.551,62.56,3.818
2002-05-13,31.84,6.437,57.73,3.24
2002-05-14,28.39,7.047,76.89,3.628
2002-05-15,29.424,0.323,67.01,4.463
2002-05-16,31.1,0.607,58.95,2.671
2002-05-17,30.712,3.596,62.82,1.993
2002-05-18,28.639,4.455,70.21,3.716
2002-05-19,30.708,0.014,56.3,3.746
2002-05-20,31.221,1.413,63.06,1.416
2002-05-21,31.345,2.091,61.04,1.257
2002-05-22,32.087,0.005,55.45,2.942
2002-05-23,29.568,0.049,64.43,5.235
2002-05-24,28.455,20.818,68.27,4.006
2002-05-25,25.193,15.197,83.71,3.36
2002-05-26,25.48,11.749,79.91,2.857
2002-05-27,23.914,11.971,85.31,2.997
2002-05-28,26.571,0.321,72.31,2.713
2002-05-29,27.887,0.627,70.72,2.726
2002-05-30,27.996,4.291,74.88,1.601
2002-05-31,27.911,2.247,74.64,1.932
2002-06-01,28.941,1.77,73.11,1.741
2002-06-02,29.502,0.987,73.82,1.83
2002-06-03,29.383,6.565,74.54,1.655
2002-06-04,28.842,7.178,73.51,3.203
2002-06-05,28.603,6.965,74.44,3.141
2002-06-06,28.117,1.962,76.5,2.615
2002-06-07,28.513,0.97,73.68,2.439
2002-06-08,28.862,6.764,75.74,3.081
2002-06-09,28.612,11.294,79.82,3.254
2002-06-10,27.841,13.382,83.55,4.113
2002-06-11,26.512,8.251,88.87,3.828
2002-06-12,26.591,9.199,86.4,3.363
2002-06-13,28.18,1.214,79.31,2.185
2002-06-14,28.732,5.877,77.07,2.103
2002-06-15,27.934,3.666,83.55,2.171
2002-06-16,29.046,3.359,76.68,2.479
2002-06-17,28.552,3.038,78.85,1.496
2002-06-18,28.611,3.535,80.89,1.46
2002-06-19,29.081,4.152,78.02,1.543
2002-06-20,28.26,3.492,82.55,1.956
2002-06-21,28.969,2.807,77.95,2.133
2002-06-22,28.839,2.554,78.35,1.876
2002-06-23,28.649,8.08,76.96,4.748
2002-06-24,30.322,1.862,70.27,5.065
2002-06-25,28.361,9.001,79.81,4.989
2002-06-26,27.083,2.909,84.98,5.109
2002-06-27,28.98,0.591,76.38,1.709
2002-06-28,29.7,6.579,77.44,1.367
2002-06-29,28.67,22.436,83.9,0.677
2002-06-30,28.819,13.888,84.22,0.82
2002-07-01,27.621,12.253,89.03,1.886
2002-07-02,27.33,17.476,89.94,2.127
2002-07-03,27.764,7.65,85.37,2.045
2002-07-04,27.098,18.803,89.06,2.752
2002-07-05,26.751,16.939,93.38,1.387
2002-07-06,27.803,8.863,88.39,0.082
2002-07-07,28.923,2.921,84.61,0.432
2002-07-08,29.77,5.624,80.39,0.872
2002-07-09,29.595,1.642,80.05,2.202
2002-07-10,29.165,1.903,82.18,2.42
2002-07-11,29.622,0.384,77.71,1.148
2002-07-12,31.618,0.149,70.5,1.025
2002-07-13,30.346,5.685,77.09,2.161
2002-07-14,29.112,22.047,79.73,2.804
2002-07-15,28.037,5.32,84.72,2.249
2002-07-16,29.569,3.416,78.96,2.356
2002-07-17,29.639,8.305,78.89,3.506
2002-07-18,29.245,2.884,78.45,4.001
2002-07-19,28.683,3.891,82.04,3.208
2002-07-20,27.805,23.554,88.6,1.777
2002-07-21,26.52,31.793,93.75,2.474
2002-07-22,27.726,11.067,83.6,3.148
2002-07-23,29.059,5.537,77.53,1.725
2002-07-24,29.672,1.529,75.34,1.187
2002-07-25,28.989,3.626,79.53,0.234
2002-07-26,27.957,12.42,86.59,0.686
2002-07-27,28.981,1.753,80.1,1.505
2002-07-28,29.331,1.65,79.67,2.487
2002-07-29,27.87,3.757,84.27,2.893
2002-07-30,26.954,2.814,85.23,3.158
2002-07-31,28.314,1.051,80.68,3.305
2002-08-01,28.94,3.638,81.18,3.362
2002-08-02,27.544,13.116,85.36,3.555
2002-08-03,27.348,4.255,84.95,3.48
2002-08-04,28.343,3.163,81.57,3.034
2002-08-05,28.239,3.645,82.31,2.371
2002-08-06,29.294,3.016,80.63,2.436
2002-08-07,29.203,20.845,81.62,2.063
2002-08-08,29.73,1.073,78.09,2.072
2002-08-09,29.341,7.24,81.52,2.204
2002-08-10,28.026,11.232,84.74,2.767
2002-08-11,27.271,16.663,87.86,2.627
2002-08-12,26.682,11.066,88.03,3.963
2002-08-13,27.192,3.836,82.31,5.852
2002-08-14,27.564,7.137,82.15,3.875
2002-08-15,27.894,5.766,82.03,3.731
2002-08-16,27.877,15.982,82.04,4.179
2002-08-17,27.691,5.961,81.71,5.191
2002-08-18,27.725,4.395,82.69,5.107
2002-08-19,27.136,5.305,86.72,3.652
2002-08-20,26.576,2.359,81.41,4.515
2002-08-21,26.683,7.012,77.41,4.264
2002-08-22,28.656,1.931,73.01,3.604
2002-08-23,27.466,5.676,81.26,5.27
2002-08-24,27.643,1.258,79.77,4.354
2002-08-25,28.547,2.262,84.22,0.209
2002-08-26,28.882,0.617,78.91,2.274
2002-08-27,28.112,10.052,84.19,1.121
2002-08-28,28.231,7.982,84.48,1.024
2002-08-29,28.016,3.912,82.96,3.087
2002-08-30,28.759,0.806,77.91,3.604
2002-08-31,28.328,1.936,80.65,3.362
2002-09-01,28.101,4.635,81.58,3.082
2002-09-02,27.729,3.404,82.06,3.079
2002-09-03,27.632,5.944,81.63,3.168
2002-09-04,27.167,3.132,82.97,3.55
2002-09-05,27.701,6.36,82.49,3.131
2002-09-06,28.727,1.248,79.07,2.848
2002-09-07,28.642,3.933,81.33,2.468
2002-09-08,29.086,4.467,81.0,0.991
2002-09-09,28.132,10.304,82.38,1.86
2002-09-10,27.509,3.073,80.51,4.17
2002-09-11,25.636,15.774,87.26,6.369
2002-09-12,26.483,5.216,85.64,4.369
2002-09-13,27.548,2.244,83.54,1.404
2002-09-14,27.487,4.022,85.61,0.238
2002-09-15,27.893,1.115,84.38,1.418
2002-09-16,26.804,12.816,83.37,1.582
2002-09-17,25.777,26.368,86.63,0.041
2002-09-18,25.337,2.985,84.31,0.471
2002-09-19,27.268,0.013,77.9,1.443
2002-09-20,28.572,0.114,75.23,0.479
2002-09-21,27.59,6.531,84.42,1.115
2002-09-22,27.055,4.142,85.03,1.968
2002-09-23,26.086,14.751,87.79,2.281
2002-09-24,25.391,13.759,88.96,3.021
2002-09-25,23.895,26.681,90.88,3.489
2002-09-26,23.428,37.128,91.81,2.502
2002-09-27,25.732,8.913,87.64,0.984
2002-09-28,25.818,5.236,88.86,0.937
2002-09-29,26.436,2.994,87.45,0.051
2002-09-30,27.203,1.268,84.22,1.049
2002-10-01,26.391,0.026,78.57,1.66
2002-10-02,25.91,0.002,75.19,1.564
2002-10-03,26.922,0.295,77.12,0.617
2002-10-04,26.871,1.224,83.11,0.935
2002-10-05,26.85,1.183,84.04,1.113
2002-10-06,27.363,0.926,80.97,0.471
2002-10-07,27.097,1.322,81.84,0.396
2002-10-08,26.489,4.202,81.31,1.411
2002-10-09,24.911,4.841,86.69,1.072
2002-10-10,26.001,1.149,81.88,0.683
2002-10-11,25.794,1.157,81.22,0.467
2002-10-12,25.721,0.66,81.02,1.494
2002-10-13,25.545,0.237,80.58,1.515
2002-10-14,25.991,0.604,76.36,1.79
2002-10-15,26.115,0.289,77.76,1.028
2002-10-16,26.116,0.291,76.36,0.57
2002-10-17,23.584,9.135,85.77,0.645
2002-10-18,23.718,0.106,79.64,0.177
2002-10-19,23.563,0.423,80.91,1.709
2002-10-20,23.986,0.182,78.67,1.846
2002-10-21,24.606,0.062,76.62,1.35
2002-10-22,24.851,0.098,76.55,0.709
2002-10-23,24.5,0.633,78.59,0.679
2002-10-24,23.274,0.044,74.19,1.04
2002-10-25,22.521,0.001,66.67,1.423
2002-10-26,22.298,0.001,65.68,1.82
2002-10-27,22.176,0.0,68.6,2.142
2002-10-28,22.399,0.0,68.63,1.651
2002-10-29,23.238,0.0,67.47,0.52
2002-10-30,22.915,0.001,67.5,0.799
2002-10-31,23.359,0.0,66.92,0.444
2002-11-01,23.689,0.001,69.04,0.593
2002-11-02,23.343,0.001,67.12,1.639
2002-11-03,23.34,0.006,64.69,0.634
2002-11-04,23.468,0.001,65.19,0.75
2002-11-05,22.637,0.027,69.03,0.565
2002-11-06,23.585,0.009,65.48,0.612
2002-11-07,23.597,0.003,64.09,0.477
2002-11-08,23.463,0.0,63.15,1.466
2002-11-09,23.443,0.002,65.64,1.724
2002-11-10,23.25,0.001,63.09,2.013
2002-11-11,23.683,0.0,57.77,0.284
2002-11-12,23.308,2.257,72.31,1.234
2002-11-13,22.232,0.515,70.74,3.317
2002-11-14,21.033,0.002,60.86,3.239
2002-11-15,20.11,0.002,64.98,1.684
2002-11-16,21.15,0.0,63.66,2.266
2002-11-17,21.423,0.003,63.24,1.988
2002-11-18,21.275,0.0,60.36,2.128
2002-11-19,20.935,0.0,62.1,1.733
2002-11-20,21.834,0.001,59.99,0.174
2002-11-21,21.801,0.012,64.82,0.504
2002-11-22,21.737,0.0,60.37,1.771
2002-11-23,21.531,0.0,59.59,1.333
2002-11-24,21.198,0.001,61.13,1.328
2002-11-25,21.361,0.002,62.95,1.027
2002-11-26,21.798,0.0,63.18,1.239
2002-11-27,22.015,0.031,68.46,1.67
2002-11-28,22.021,0.001,63.19,2.175
2002-11-29,21.335,0.002,60.42,2.104
2002-11-30,20.294,0.001,57.29,1.862
2002-12-01,20.063,0.003,54.64,2.301
2002-12-02,19.866,0.0,61.42,2.006
2002-12-03,19.5,0.0,59.28,2.21
2002-12-04,18.763,0.0,55.25,2.014
2002-12-05,18.011,0.003,53.85,1.766
2002-12-06,18.754,0.0,50.26,2.143
2002-12-07,18.249,0.001,59.12,2.156
2002-12-08,18.312,0.001,60.0,1.968
2002-12-09,18.059,0.001,57.26,1.833
2002-12-10,17.596,0.001,53.14,1.962
2002-12-11,18.172,0.0,54.41,1.55
2002-12-12,18.776,0.002,57.22,1.401
2002-12-13,19.554,0.0,61.6,1.679
2002-12-14,19.811,0.001,63.67,1.599
2002-12-15,19.276,0.0,64.78,1.095
2002-12-16,19.239,0.003,62.95,1.413
2002-12-17,19.328,0.018,65.7,1.754
2002-12-18,19.405,0.001,67.9,0.651
2002-12-19,19.19,0.001,71.68,0.226
2002-12-20,19.009,0.0,68.99,1.586
2002-12-21,18.438,0.002,67.55,1.769
2002-12-22,18.384,0.008,67.86,0.782
2002-12-23,17.664,0.003,69.09,0.515
2002-12-24,17.338,0.274,69.91,0.385
2002-12-25,17.132,0.063,71.47,1.316
2002-12-26,17.252,0.021,70.32,1.742
2002-12-27,16.542,0.001,65.94,2.693
2002-12-28,15.616,0.003,67.76,2.53
2002-12-29,14.886,0.004,68.76,1.455
2002-12-30,14.893,0.007,68.97,0.823
2002-12-31,14.986,18.412,77.52,1.837
2003-01-01,15.496,0.27,76.44,1.114
2003-01-02,15.201,0.001,77.76,1.761
2003-01-03,15.616,0.001,75.13,2.682
2003-01-04,14.27,-0.0,74.87,2.879
2003-01-05,14.196,0.0,78.28,2.846
2003-01-06,13.324,0.0,80.46,2.404
2003-01-07,12.73,0.009,81.81,2.315
2003-01-08,12.668,0.01,80.51,2.149
2003-01-09,12.644,0.006,80.01,1.601
2003-01-10,12.874,0.001,79.75,2.491
2003-01-11,12.564,0.001,80.87,2.208
2003-01-12,11.886,0.003,80.44,2.097
2003-01-13,11.962,0.0,81.27,1.941
2003-01-14,12.427,0.001,77.85,2.077
2003-01-15,13.447,0.001,77.07,2.211
2003-01-16,14.032,0.0,78.01,2.281
2003-01-17,14.454,0.001,76.55,2.105
2003-01-18,14.151,0.001,73.55,2.218
2003-01-19,13.285,0.001,75.08,2.413
2003-01-20,12.032,0.0,81.49,2.496
2003-01-21,12.582,0.004,81.09,2.358
2003-01-22,12.635,0.004,80.96,1.958
2003-01-23,13.35,0.006,79.36,1.846
2003-01-24,14.35,0.001,75.33,0.971
2003-01-25,15.278,0.001,74.63,0.743
2003-01-26,15.659,0.001,76.66,1.558
2003-01-27,16.541,0.002,76.47,1.144
2003-01-28,17.787,3.528,77.0,0.565
2003-01-29,16.697,2.835,85.68,1.147
2003-01-30,16.577,0.057,77.35,2.036
2003-01-31,17.274,6.138,78.45,1.003
2003-02-01,16.475,10.394,84.74,2.994
2003-02-02,16.474,0.025,83.04,0.857
2003-02-03,17.762,0.001,82.05,2.69
2003-02-04,16.844,0.034,81.77,2.346
2003-02-05,17.447,0.0,76.21,2.261
2003-02-06,17.477,0.003,77.44,2.414
2003-02-07,17.398,0.002,74.34,0.867
2003-02-08,18.315,0.0,68.03,0.502
2003-02-09,18.488,0.001,71.7,0.477
2003-02-10,19.166,0.027,69.86,0.258
2003-02-11,19.54,0.482,71.01,0.578
2003-02-12,18.75,0.295,64.43,2.046
2003-02-13,17.245,0.001,63.91,2.71
2003-02-14,17.377,0.002,66.04,2.254
2003-02-15,17.699,0.001,64.85,0.989
2003-02-16,18.912,0.005,61.66,0.596
2003-02-17,20.08,0.003,61.71,0.704
2003-02-18,21.936,0.448,58.24,1.936
2003-02-19,18.156,33.888,88.33,2.073
2003-02-20,18.005,0.028,78.23,2.597
2003-02-21,17.06,0.001,71.12,3.198
2003-02-22,17.848,0.001,71.85,0.655
2003-02-23,18.834,0.003,71.22,0.94
2003-02-24,20.198,0.036,70.05,1.764
2003-02-25,20.833,0.534,70.87,1.679
2003-02-26,20.454,0.414,74.08,0.611
2003-02-27,21.014,0.22,71.84,1.776
2003-02-28,21.461,0.039,72.38,1.803
2003-03-01,22.27,0.017,70.69,1.29
2003-03-02,23.421,0.0,68.36,0.384
2003-03-03,25.68,0.001,56.47,3.16
2003-03-04,20.924,0.0,28.94,6.283
2003-03-05,17.7,0.002,45.16,4.103
2003-03-06,18.612,0.0,50.22,2.678
2003-03-07,19.732,0.001,38.55,3.11
2003-03-08,19.892,0.001,39.92,2.542
2003-03-09,20.855,0.0,44.49,1.422
2003-03-10,22.331,0.0,46.77,0.872
2003-03-11,24.136,0.0,46.67,2.686
2003-03-12,20.928,7.519,79.25,3.684
2003-03-13,20.601,0.534,73.49,0.651
2003-03-14,22.446,0.022,61.4,0.75
2003-03-15,22.586,0.393,69.52,1.399
2003-03-16,23.588,0.125,63.47,0.91
2003-03-17,24.592,0.288,58.19,0.786
2003-03-18,23.207,1.941,68.07,1.443
2003-03-19,23.868,0.036,52.47,1.364
2003-03-20,23.861,0.0,45.51,1.624
2003-03-21,24.138,0.108,51.92,2.61
2003-03-22,24.812,0.01,54.34,1.86
2003-03-23,26.669,0.001,48.27,0.378
2003-03-24,26.902,0.643,48.28,1.28
2003-03-25,27.132,0.026,45.08,1.45
2003-03-26,26.64,1.127,48.14,1.647
2003-03-27,26.663,0.073,53.89,1.956
2003-03-28,27.199,0.07,48.66,1.476
2003-03-29,27.756,0.246,44.77,1.344
2003-03-30,27.94,0.546,51.11,0.713
2003-03-31,27.724,0.013,44.84,2.271
2003-04-01,27.061,0.003,42.35,0.346
2003-04-02,27.017,0.0,43.83,0.281
2003-04-03,28.69,0.203,43.77,2.178
2003-04-04,29.09,1.134,46.71,3.449
2003-04-05,27.201,6.417,59.99,0.883
2003-04-06,28.404,0.002,39.97,2.526
2003-04-07,28.447,0.002,26.37,3.296
2003-04-08,28.912,0.002,25.98,3.094
2003-04-09,29.307,0.0,27.26,1.839
2003-04-10,30.055,0.003,31.92,0.478
2003-04-11,31.107,0.011,32.62,0.928
2003-04-12,31.032,0.003,32.96,0.273
2003-04-13,31.204,0.0,40.16,2.116
2003-04-14,29.694,0.807,49.46,3.33
2003-04-15,30.022,0.363,45.85,2.622
2003-04-16,29.702,1.033,51.77,2.927
2003-04-17,30.328,0.15,44.45,0.253
2003-04-18,30.644,0.002,44.94,2.685
2003-04-19,31.75,0.0,45.37,1.921
2003-04-20,31.456,0.026,39.65,0.435
2003-04-21,29.937,1.234,46.98,1.842
2003-04-22,30.266,0.002,41.75,1.558
2003-04-23,30.347,0.001,47.28,3.915
2003-04-24,31.564,0.001,46.08,3.008
2003-04-25,30.456,3.188,59.05,3.083
2003-04-26,29.579,0.011,60.03,4.101
2003-04-27,29.619,12.452,62.11,2.943
2003-04-28,28.441,0.942,62.59,2.331
2003-04-29,27.762,2.581,67.56,2.849
2003-04-30,27.719,0.62,62.99,2.622
2003-05-01,27.744,3.501,62.79,2.558
2003-05-02,27.638,0.075,63.14,3.765
2003-05-03,28.329,0.002,61.97,3.744
2003-05-04,29.603,0.495,48.35,1.542
2003-05-05,30.337,0.0,21.94,3.58
2003-05-06,31.132,0.0,18.49,2.334
2003-05-07,31.931,0.001,20.05,1.044
2003-05-08,32.084,0.063,35.08,2.297
2003-05-09,30.248,1.56,47.57,3.15
2003-05-10,29.217,1.258,51.04,2.899
2003-05-11,29.697,0.182,49.1,3.215
2003-05-12,29.962,0.04,52.55,4.587
2003-05-13,31.315,0.33,50.33,3.516
2003-05-14,31.214,1.382,54.37,2.725
2003-05-15,31.145,0.724,55.95,2.566
2003-05-16,31.661,0.024,52.06,2.775
2003-05-17,32.92,0.005,43.24,2.001
2003-05-18,31.976,0.074,51.11,3.706
2003-05-19,31.226,0.114,53.66,4.427
2003-05-20,32.297,0.3,48.9,2.578
2003-05-21,30.545,0.86,59.68,4.491
2003-05-22,29.04,1.508,64.25,3.531
2003-05-23,29.787,0.478,59.86,2.666
2003-05-24,31.124,0.562,57.57,1.544
2003-05-25,33.058,0.006,45.12,0.18
2003-05-26,34.536,-0.0,29.06,2.932
2003-05-27,34.742,0.002,23.33,2.302
2003-05-28,34.545,0.003,31.41,0.338
2003-05-29,34.767,0.002,36.17,0.763
2003-05-30,34.637,0.0,37.99,2.435
2003-05-31,35.16,0.008,41.98,3.203
2003-06-01,34.303,0.343,50.73,3.981
2003-06-02,35.628,1.068,42.82,2.796
2003-06-03,33.021,1.917,57.21,4.082
2003-06-04,31.71,2.449,63.06,4.646
2003-06-05,31.536,3.508,59.42,3.342
2003-06-06,28.876,9.641,66.79,3.437
2003-06-07,26.479,22.87,83.36,3.019
2003-06-08,28.009,16.005,77.15,2.449
2003-06-09,28.032,16.859,79.17,1.623
2003-06-10,27.875,7.93,81.16,2.893
2003-06-11,29.106,10.101,75.0,3.434
2003-06-12,30.183,0.264,71.87,2.334
2003-06-13,30.681,1.905,69.33,2.876
2003-06-14,29.46,2.394,72.3,3.887
2003-06-15,28.362,1.197,75.36,3.313
2003-06-16,28.339,7.097,78.38,3.652
2003-06-17,30.147,3.182,71.8,2.605
2003-06-18,29.234,4.267,73.44,3.467
2003-06-19,29.55,2.243,73.83,3.33
2003-06-20,29.053,7.297,78.46,2.53
2003-06-21,29.65,13.173,75.99,1.576
2003-06-22,29.313,3.284,71.55,3.354
2003-06-23,25.457,65.352,94.16,4.603
2003-06-24,25.591,17.481,93.64,3.938
2003-06-25,27.698,10.038,86.11,2.178
2003-06-26,27.733,15.207,87.31,1.795
2003-06-27,26.077,26.9,95.34,2.184
2003-06-28,25.814,26.935,95.7,1.477
2003-06-29,26.694,16.177,89.68,0.994
2003-06-30,27.204,27.348,88.37,1.722
2003-07-01,26.748,16.148,89.86,3.33
2003-07-02,27.086,15.903,86.95,3.704
2003-07-03,27.294,13.257,87.16,3.125
2003-07-04,27.099,11.47,88.11,3.922
2003-07-05,27.333,8.446,86.43,3.291
2003-07-06,28.503,4.736,81.73,2.58
2003-07-07,28.286,11.413,85.54,2.176
2003-07-08,27.13,18.337,88.52,2.65
2003-07-09,25.953,37.977,94.69,2.375
2003-07-10,26.51,11.243,87.48,3.136
2003-07-11,27.498,10.17,85.02,2.677
2003-07-12,26.296,27.807,92.27,1.933
2003-07-13,27.398,10.05,86.29,2.091
2003-07-14,26.168,16.629,93.2,2.914
2003-07-15,27.231,6.887,85.39,3.965
2003-07-16,28.69,4.415,79.84,4.259
2003-07-17,28.901,5.547,81.65,3.557
2003-07-18,28.604,3.925,82.79,2.449
2003-07-19,28.387,8.744,84.46,2.806
2003-07-20,28.126,14.915,85.18,3.557
2003-07-21,28.354,2.165,81.89,3.335
2003-07-22,27.825,9.169,85.86,2.448
2003-07-23,29.148,7.862,82.16,1.612
2003-07-24,30.48,6.264,79.0,0.695
2003-07-25,28.923,12.941,85.42,1.715
2003-07-26,30.413,0.31,72.52,5.96
2003-07-27,29.046,1.364,75.58,7.072
2003-07-28,28.239,13.394,83.07,3.743
2003-07-29,27.797,19.616,86.41,0.963
2003-07-30,27.481,87.999,87.09,1.363
2003-07-31,25.986,51.978,93.57,3.876
2003-08-01,27.432,10.419,85.25,4.001
2003-08-02,26.865,6.72,87.81,4.203
2003-08-03,28.621,2.729,80.16,2.564
2003-08-04,29.877,0.707,76.68,1.19
2003-08-05,29.798,9.622,81.1,0.981
2003-08-06,29.968,4.903,80.84,1.254
2003-08-07,30.128,5.254,79.74,1.785
2003-08-08,29.374,3.88,80.63,2.469
2003-08-09,28.247,18.234,85.96,2.395
2003-08-10,28.361,14.858,85.3,2.045
2003-08-11,27.852,15.176,85.3,2.581
2003-08-12,27.929,24.607,85.06,3.606
2003-08-13,28.362,6.752,82.08,4.073
2003-08-14,28.551,14.031,84.25,3.315
2003-08-15,28.021,14.694,84.71,4.351
2003-08-16,28.308,4.219,84.39,3.114
2003-08-17,28.056,20.914,88.11,1.8
2003-08-18,26.535,31.332,94.05,2.953
2003-08-19,25.701,44.97,95.85,3.45
2003-08-20,26.341,34.001,93.98,2.151
2003-08-21,27.643,20.364,86.49,1.307
2003-08-22,29.012,7.136,81.67,3.722
2003-08-23,28.196,1.232,80.09,6.317
2003-08-24,27.625,8.885,85.58,3.53
2003-08-25,27.976,14.829,85.9,1.652
2003-08-26,28.367,11.135,85.0,0.394
2003-08-27,27.878,6.704,85.12,1.826
2003-08-28,28.799,1.578,77.69,4.267
2003-08-29,28.254,1.731,80.64,4.736
2003-08-30,27.939,1.705,84.85,3.558
2003-08-31,27.543,6.429,85.77,2.844
2003-09-01,27.536,11.245,85.12,3.664
2003-09-02,27.658,3.272,82.81,4.862
2003-09-03,28.118,2.443,81.09,4.335
2003-09-04,27.662,8.047,85.13,3.532
2003-09-05,27.272,15.624,86.82,3.194
2003-09-06,28.433,1.162,80.16,4.182
2003-09-07,27.748,11.683,81.97,4.596
2003-09-08,27.843,2.522,81.35,4.66
2003-09-09,27.589,12.137,84.05,4.218
2003-09-10,28.04,6.352,84.83,3.071
2003-09-11,28.327,5.066,83.76,1.908
2003-09-12,27.301,9.185,87.74,2.135
2003-09-13,26.705,45.803,91.63,2.502
2003-09-14,27.208,14.338,87.15,3.267
2003-09-15,26.668,13.517,88.87,3.447
2003-09-16,27.106,10.573,85.84,2.959
2003-09-17,26.921,11.065,87.65,2.518
2003-09-18,27.024,5.544,87.0,2.392
2003-09-19,27.369,7.646,85.45,2.139
2003-09-20,27.637,1.924,84.84,2.791
2003-09-21,26.835,11.576,88.72,2.197
2003-09-22,26.551,20.899,89.93,1.982
2003-09-23,25.72,41.401,91.88,1.982
2003-09-24,25.829,10.23,91.13,2.573
2003-09-25,26.532,5.868,86.69,1.815
2003-09-26,26.802,5.046,84.83,1.603
2003-09-27,26.909,2.588,84.17,1.34
2003-09-28,26.293,7.958,87.85,0.901
2003-09-29,25.773,15.294,91.32,1.236
2003-09-30,26.574,4.311,86.74,0.391
2003-10-01,26.675,1.318,84.87,1.163
2003-10-02,26.774,0.778,81.33,0.303
2003-10-03,26.615,0.428,80.0,0.345
2003-10-04,26.627,0.292,77.82,0.458
2003-10-05,26.833,0.032,76.46,0.598
2003-10-06,26.847,2.311,84.44,2.045
2003-10-07,26.663,0.827,75.42,3.777
2003-10-08,25.158,1.402,76.22,4.765
2003-10-09,22.944,20.387,88.26,1.378
2003-10-10,25.395,0.364,81.22,1.871
2003-10-11,25.166,0.037,77.4,0.703
2003-10-12,24.862,0.0,76.25,0.28
2003-10-13,23.756,0.002,74.74,1.571
2003-10-14,22.926,0.0,70.51,1.752
2003-10-15,24.279,0.001,73.7,1.081
2003-10-16,25.31,0.012,75.72,0.996
2003-10-17,25.676,0.068,75.61,1.503
2003-10-18,25.511,0.002,75.74,1.197
2003-10-19,25.552,0.001,72.94,1.34
2003-10-20,24.676,0.0,68.2,2.084
2003-10-21,23.898,0.003,67.02,1.305
2003-10-22,23.811,0.001,64.08,0.757
2003-10-23,24.811,0.071,67.35,0.514
2003-10-24,22.847,9.52,85.41,1.555
2003-10-25,21.634,7.726,86.33,2.149
2003-10-26,22.271,27.815,88.58,2.299
2003-10-27,22.857,2.812,87.15,1.205
2003-10-28,24.236,0.069,81.22,0.919
2003-10-29,24.518,0.0,76.76,1.912
2003-10-30,24.046,0.001,73.98,2.002
2003-10-31,23.58,0.0,70.18,0.802
2003-11-01,23.452,0.001,66.09,0.252
2003-11-02,23.378,0.0,65.53,0.326
2003-11-03,23.375,0.001,71.33,0.579
2003-11-04,22.808,0.003,72.39,1.136
2003-11-05,22.997,0.004,71.41,0.854
2003-11-06,22.857,0.001,68.44,0.757
2003-11-07,22.574,0.002,72.6,0.734
2003-11-08,22.773,0.0,69.41,0.121
2003-11-09,21.953,0.003,70.03,0.261
2003-11-10,20.833,0.001,75.61,1.019
2003-11-11,21.751,0.014,69.89,1.105
2003-11-12,21.435,0.052,70.69,0.266
2003-11-13,21.699,0.001,68.71,0.795
2003-11-14,21.694,0.0,69.35,1.356
2003-11-15,21.421,0.001,64.57,2.13
2003-11-16,20.297,0.001,62.22,1.922
2003-11-17,20.591,0.002,69.36,0.819
2003-11-18,20.983,0.002,68.14,0.944
2003-11-19,21.181,0.001,59.72,2.123
2003-11-20,20.081,0.0,47.71,3.08
2003-11-21,18.503,0.0,60.16,0.572
2003-11-22,19.118,0.0,64.15,1.232
2003-11-23,19.62,0.0,66.29,0.709
2003-11-24,20.05,0.0,63.06,1.367
2003-11-25,19.175,0.001,59.22,1.858
2003-11-26,18.477,0.0,57.64,1.139
2003-11-27,18.078,0.002,55.78,1.566
2003-11-28,17.423,-0.0,54.73,1.252
2003-11-29,17.562,0.001,55.63,0.994
2003-11-30,17.591,0.002,57.24,1.807
2003-12-01,17.54,0.001,58.37,2.078
2003-12-02,17.466,0.001,58.81,1.568
2003-12-03,17.316,0.001,62.06,1.376
2003-12-04,18.234,0.003,60.72,0.796
2003-12-05,18.526,0.0,62.57,0.246
2003-12-06,18.134,0.001,67.05,1.125
2003-12-07,18.673,0.002,66.27,1.419
2003-12-08,19.137,0.001,64.52,0.921
2003-12-09,19.074,0.001,62.78,0.254
2003-12-10,19.057,0.001,63.01,0.535
2003-12-11,19.29,0.0,60.55,1.002
2003-12-12,18.987,0.002,63.39,1.533
2003-12-13,18.684,0.001,65.51,1.296
2003-12-14,19.459,0.0,62.87,0.47
2003-12-15,19.537,0.003,65.73,0.414
2003-12-16,17.45,0.002,74.19,0.925
2003-12-17,17.096,0.0,72.22,0.142
2003-12-18,17.895,0.001,70.69,0.716
2003-12-19,18.163,0.0,64.75,2.232
2003-12-20,17.526,0.001,64.29,2.476
2003-12-21,16.596,0.001,65.98,2.182
2003-12-22,15.925,0.001,60.6,2.314
2003-12-23,15.762,0.0,57.35,2.327
2003-12-24,15.504,0.001,56.12,2.815
2003-12-25,14.588,0.0,65.43,2.015
2003-12-26,14.112,0.002,56.85,1.94
2003-12-27,15.803,2.72,63.12,1.162
2003-12-28,14.479,5.444,82.41,1.439
2003-12-29,14.647,0.001,71.75,2.15
2003-12-30,13.751,0.0,72.81,2.125
2003-12-31,13.947,0.001,76.38,2.08
2004-01-01,13.878,0.0,76.12,2.101
2004-01-02,13.544,0.0,78.72,1.992
2004-01-03,13.043,0.001,78.7,1.797
2004-01-04,13.409,0.0,76.17,1.662
2004-01-05,14.035,0.001,76.35,1.239
2004-01-06,14.806,0.015,73.31,2.044
2004-01-07,14.834,0.001,75.11,2.468
2004-01-08,14.437,0.002,78.84,2.831
2004-01-09,14.087,0.002,73.53,2.189
2004-01-10,14.653,0.001,73.86,1.601
2004-01-11,15.134,0.002,73.88,1.648
2004-01-12,15.769,0.001,73.45,1.431
2004-01-13,15.69,0.0,74.86,1.784
2004-01-14,15.442,0.002,72.72,1.483
2004-01-15,16.488,0.038,72.12,0.806
2004-01-16,15.89,0.072,74.33,0.518
2004-01-17,16.283,0.003,71.3,0.539
2004-01-18,16.598,0.028,71.86,0.584
2004-01-19,16.982,0.0,73.37,1.891
2004-01-20,16.411,0.001,75.11,1.269
2004-01-21,16.737,0.003,73.31,1.172
2004-01-22,17.425,0.666,77.24,1.219
2004-01-23,16.057,36.165,92.75,1.63
2004-01-24,15.631,11.581,89.1,0.967
2004-01-25,14.526,0.003,78.01,2.549
2004-01-26,14.154,0.001,75.32,2.108
2004-01-27,13.733,0.002,75.71,2.078
2004-01-28,14.463,0.0,71.06,0.865
2004-01-29,14.431,0.003,75.39,0.395
2004-01-30,14.897,0.001,77.33,0.644
2004-01-31,15.549,0.279,79.07,1.655
2004-02-01,16.908,0.001,77.65,2.167
2004-02-02,14.791,0.002,71.55,3.627
2004-02-03,14.526,0.002,68.9,3.502
2004-02-04,14.48,0.0,72.06,0.629
2004-02-05,14.812,0.001,70.44,0.7
2004-02-06,15.136,0.008,69.21,1.434
2004-02-07,15.4,0.005,64.73,0.663
2004-02-08,15.69,0.001,65.36,1.285
2004-02-09,16.898,0.002,63.66,0.882
2004-02-10,17.128,0.001,68.55,0.574
2004-02-11,18.282,0.001,68.96,0.497
2004-02-12,18.797,0.0,72.33,0.497
2004-02-13,19.495,0.003,66.61,1.73
2004-02-14,19.3,0.002,64.3,2.196
2004-02-15,18.72,0.083,70.48,1.293
2004-02-16,18.974,0.0,67.6,0.839
2004-02-17,19.36,0.001,67.1,1.129
2004-02-18,20.219,0.001,66.87,0.205
2004-02-19,20.243,0.096,65.75,0.875
2004-02-20,20.233,0.15,68.31,0.61
2004-02-21,19.902,0.026,68.89,0.313
2004-02-22,20.409,0.002,59.63,1.869
2004-02-23,20.377,0.002,64.68,1.207
2004-02-24,21.663,0.0,62.58,0.663
2004-02-25,21.769,0.002,65.92,0.055
2004-02-26,22.337,0.003,64.09,1.079
2004-02-27,23.03,0.0,63.56,1.566
2004-02-28,24.286,0.001,56.77,2.924
2004-02-29,24.878,0.001,39.63,4.199
2004-03-01,23.0,0.002,35.59,4.43
2004-03-02,21.627,0.002,41.85,3.445
2004-03-03,21.329,0.001,50.96,1.741
2004-03-04,21.608,0.001,50.93,2.046
2004-03-05,22.039,0.0,45.35,2.885
2004-03-06,22.524,0.001,49.02,1.961
2004-03-07,22.293,1.838,46.8,2.204
2004-03-08,23.124,0.005,47.58,1.836
2004-03-09,24.356,0.0,46.69,1.478
2004-03-10,23.651,0.104,55.53,0.92
2004-03-11,23.351,0.013,63.14,1.501
2004-03-12,24.091,0.09,63.11,0.806
2004-03-13,25.309,0.034,59.32,0.862
2004-03-14,25.695,0.096,60.39,1.737
2004-03-15,26.289,0.346,58.48,1.421
2004-03-16,27.334,0.004,53.55,1.958
2004-03-17,28.205,0.001,51.37,2.423
2004-03-18,28.602,0.019,53.0,2.02
2004-03-19,28.506,0.024,56.19,0.741
2004-03-20,27.802,0.007,59.89,2.775
2004-03-21,26.94,0.006,63.09,2.324
2004-03-22,28.223,-0.0,58.69,0.875
2004-03-23,29.487,0.0,48.8,1.003
2004-03-24,30.995,0.001,26.03,3.669
2004-03-25,30.646,0.001,20.25,4.219
2004-03-26,30.935,0.003,19.19,3.488
2004-03-27,31.486,0.205,20.65,3.982
2004-03-28,30.527,0.0,20.11,4.02
2004-03-29,29.667,0.001,21.25,3.586
2004-03-30,29.024,0.002,22.28,2.813
2004-03-31,28.768,0.001,24.93,0.489
2004-04-01,29.234,0.0,40.67,3.356
2004-04-02,28.997,0.009,42.6,2.455
2004-04-03,28.911,0.008,46.13,3.085
2004-04-04,28.801,0.003,48.2,3.092
2004-04-05,27.946,2.94,58.72,2.471
2004-04-06,28.823,1.336,52.36,1.601
2004-04-07,27.335,1.594,60.59,3.517
2004-04-08,26.794,0.388,61.95,3.8
2004-04-09,27.241,0.936,59.94,3.401
2004-04-10,28.77,0.001,54.36,1.997
2004-04-11,29.39,0.0,53.33,2.056
2004-04-12,29.868,0.002,49.35,2.282
2004-04-13,30.074,0.003,46.64,1.89
2004-04-14,30.599,0.002,45.53,2.867
2004-04-15,31.221,0.002,40.97,1.746
2004-04-16,31.453,0.0,42.73,2.678
2004-04-17,30.656,0.002,49.11,3.61
2004-04-18,29.148,2.672,53.25,4.102
2004-04-19,29.26,0.059,49.47,5.492
2004-04-20,29.534,0.027,50.33,3.632
2004-04-21,29.844,0.28,53.81,3.305
2004-04-22,28.539,3.877,59.75,3.439
2004-04-23,27.12,11.83,63.61,2.119
2004-04-24,26.023,1.589,67.59,2.237
2004-04-25,26.851,0.986,61.25,1.464
2004-04-26,27.744,0.414,59.12,1.66
2004-04-27,28.929,0.276,55.13,2.229
2004-04-28,27.676,3.718,59.9,2.335
2004-04-29,27.759,2.049,64.65,3.543
2004-04-30,29.046,0.322,58.12,2.591
2004-05-01,30.152,0.462,43.34,2.041
2004-05-02,29.429,0.001,27.51,4.07
2004-05-03,28.552,0.001,25.32,3.036
2004-05-04,29.399,0.0,26.52,0.591
2004-05-05,30.982,0.001,27.67,1.226
2004-05-06,32.393,0.001,31.96,1.979
2004-05-07,33.131,0.002,35.37,2.313
2004-05-08,33.886,0.0,35.94,1.649
2004-05-09,34.323,0.002,38.89,1.018
2004-05-10,34.061,0.001,43.23,1.12
2004-05-11,33.813,0.001,33.38,0.93
2004-05-12,33.994,0.0,37.45,0.899
2004-05-13,34.614,0.001,34.74,1.615
2004-05-14,35.78,0.002,34.68,1.935
2004-05-15,35.686,-0.0,40.12,2.662
2004-05-16,32.222,0.76,56.04,5.407
2004-05-17,30.524,4.566,63.33,4.964
2004-05-18,27.68,28.864,80.31,3.487
2004-05-19,30.398,0.363,68.09,4.145
2004-05-20,29.996,0.613,64.49,5.848
2004-05-21,27.366,4.629,66.73,4.377
2004-05-22,25.72,2.559,76.65,4.547
2004-05-23,28.201,0.35,69.23,3.711
2004-05-24,28.189,5.076,69.46,3.048
2004-05-25,27.038,9.269,75.93,2.353
2004-05-26,27.253,4.17,75.17,2.254
2004-05-27,28.307,3.4,73.99,2.527
2004-05-28,28.864,4.673,71.48,1.409
2004-05-29,29.553,0.371,68.23,2.099
2004-05-30,29.993,0.97,65.7,3.667
2004-05-31,29.473,1.118,68.03,4.399
2004-06-01,28.836,3.855,69.44,5.178
2004-06-02,28.769,0.293,71.96,3.892
2004-06-03,28.931,5.869,72.31,2.73
2004-06-04,28.469,1.886,72.16,4.042
2004-06-05,28.161,6.562,76.06,3.345
2004-06-06,28.674,2.996,72.4,3.697
2004-06-07,27.804,8.32,76.91,2.85
2004-06-08,28.529,0.34,73.63,3.425
2004-06-09,29.837,0.093,69.06,2.16
2004-06-10,30.423,1.308,67.55,2.485
2004-06-11,30.898,1.227,65.72,2.473
2004-06-12,30.655,1.497,65.87,4.401
2004-06-13,28.439,17.082,72.01,6.545
2004-06-14,28.309,4.961,73.98,7.753
2004-06-15,27.264,8.974,83.01,6.491
2004-06-16,27.685,20.453,83.65,3.425
2004-06-17,27.558,31.995,85.71,4.067
2004-06-18,27.047,29.309,89.41,3.951
2004-06-19,26.787,12.063,89.55,3.1
2004-06-20,26.084,21.262,93.22,1.828
2004-06-21,26.886,14.271,88.94,1.528
2004-06-22,28.33,5.498,82.6,1.889
2004-06-23,28.707,7.477,80.9,1.835
2004-06-24,29.122,4.813,79.48,0.801
2004-06-25,29.447,0.507,77.77,1.072
2004-06-26,30.125,1.972,76.23,0.981
2004-06-27,29.981,3.284,79.23,0.326
2004-06-28,29.703,3.638,79.69,1.119
2004-06-29,30.227,0.679,75.52,1.272
2004-06-30,29.574,3.667,78.36,3.255
2004-07-01,28.63,19.751,82.4,3.059
2004-07-02,28.116,17.372,84.2,2.993
2004-07-03,27.524,14.177,85.02,3.651
2004-07-04,27.733,11.825,85.14,4.109
2004-07-05,26.121,38.228,94.19,3.773
2004-07-06,26.548,39.455,93.42,1.877
2004-07-07,25.823,21.252,96.33,1.084
2004-07-08,26.281,52.939,92.29,1.865
2004-07-09,25.958,67.703,91.84,3.195
2004-07-10,28.254,9.757,80.68,1.937
2004-07-11,27.536,16.643,85.65,1.186
2004-07-12,27.293,10.021,85.23,1.887
2004-07-13,26.285,18.291,90.06,2.242
2004-07-14,27.446,9.292,83.6,2.882
2004-07-15,27.597,4.518,81.76,3.763
2004-07-16,26.749,10.605,86.18,4.916
2004-07-17,25.419,16.194,95.63,2.747
2004-07-18,25.417,45.192,95.96,0.908
2004-07-19,26.908,10.15,89.85,1.787
2004-07-20,28.572,6.687,83.28,0.954
2004-07-21,27.959,5.357,84.28,1.623
2004-07-22,27.364,0.353,83.32,2.632
2004-07-23,28.678,2.868,78.29,3.405
2004-07-24,27.77,3.427,82.75,3.943
2004-07-25,27.467,5.725,84.93,3.0
2004-07-26,28.549,3.907,79.64,2.914
2004-07-27,28.967,3.996,79.15,3.498
2004-07-28,28.201,5.434,81.56,4.31
2004-07-29,28.033,11.376,80.23,5.055
2004-07-30,27.804,4.244,80.71,5.039
2004-07-31,27.114,8.676,85.77,3.761
2004-08-01,27.707,5.195,83.2,3.101
2004-08-02,28.781,4.468,80.07,3.015
2004-08-03,28.25,12.954,83.08,3.274
2004-08-04,28.555,0.934,79.45,5.602
2004-08-05,28.62,1.192,76.53,6.085
2004-08-06,28.046,5.6,82.01,4.403
2004-08-07,28.62,1.392,77.69,5.213
2004-08-08,28.418,2.999,77.4,5.817
2004-08-09,28.149,8.01,80.43,4.446
2004-08-10,28.55,4.443,80.36,3.674
2004-08-11,28.556,5.801,81.91,3.079
2004-08-12,28.966,7.505,78.84,3.884
2004-08-13,27.902,3.922,79.51,6.03
2004-08-14,28.11,5.074,81.08,4.566
2004-08-15,27.769,11.977,82.87,3.302
2004-08-16,28.067,16.955,85.0,2.539
2004-08-17,28.33,17.752,85.64,1.777
2004-08-18,28.198,13.736,85.04,1.038
2004-08-19,27.341,12.493,87.34,1.388
2004-08-20,27.613,13.442,85.83,2.664
2004-08-21,29.113,5.744,79.18,4.344
2004-08-22,29.364,1.357,76.11,4.03
2004-08-23,28.619,5.834,81.73,3.129
2004-08-24,27.551,16.847,86.3,1.691
2004-08-25,27.102,8.581,88.83,0.584
2004-08-26,28.256,2.495,83.42,2.043
2004-08-27,27.63,4.637,86.74,1.653
2004-08-28,27.041,19.738,90.57,0.835
2004-08-29,26.676,2.831,90.73,0.247
2004-08-30,28.556,2.136,84.36,0.375
2004-08-31,28.821,2.345,83.67,1.037
2004-09-01,29.355,1.831,80.78,1.76
2004-09-02,29.6,1.568,81.15,1.189
2004-09-03,29.09,1.345,83.27,0.464
2004-09-04,28.493,4.925,84.72,1.543
2004-09-05,28.081,6.616,84.72,2.075
2004-09-06,28.117,3.398,85.3,2.443
2004-09-07,28.985,2.627,84.18,0.522
2004-09-08,29.272,1.948,83.29,0.387
2004-09-09,27.502,11.575,88.03,2.959
2004-09-10,26.876,12.395,86.19,2.232
2004-09-11,27.278,4.285,84.52,2.055
2004-09-12,28.233,1.105,78.93,1.631
2004-09-13,27.616,0.659,78.87,1.746
2004-09-14,28.148,0.002,74.2,0.249
2004-09-15,27.656,2.381,78.74,0.529
2004-09-16,27.99,0.379,76.72,1.469
2004-09-17,27.047,1.035,79.08,2.059
2004-09-18,26.322,12.436,84.92,3.466
2004-09-19,26.253,6.561,85.56,3.673
2004-09-20,27.427,3.461,82.4,3.08
2004-09-21,27.698,6.112,83.73,2.44
2004-09-22,27.825,11.082,84.89,1.885
2004-09-23,27.669,13.329,86.12,0.554
2004-09-24,27.404,1.901,83.42,0.69
2004-09-25,27.425,1.529,83.64,1.593
2004-09-26,27.64,0.816,80.72,1.197
2004-09-27,27.661,2.901,83.25,1.519
2004-09-28,26.94,8.604,84.68,2.095
2004-09-29,26.041,4.088,85.86,2.302
2004-09-30,26.477,4.504,83.71,2.214
2004-10-01,26.409,15.548,86.13,1.834
2004-10-02,26.325,7.079,84.85,2.692
2004-10-03,26.698,2.762,83.8,2.224
2004-10-04,26.402,2.021,83.69,2.105
2004-10-05,25.974,1.624,85.01,2.566
2004-10-06,24.759,11.687,88.1,3.978
2004-10-07,23.159,83.771,90.5,1.119
2004-10-08,25.363,0.467,81.11,1.096
2004-10-09,25.482,1.003,85.11,1.82
2004-10-10,25.694,1.919,85.92,1.624
2004-10-11,25.91,0.784,83.36,1.288
2004-10-12,25.598,0.995,81.73,0.849
2004-10-13,25.37,0.007,79.14,1.699
2004-10-14,24.171,0.885,79.24,1.818
2004-10-15,23.569,0.0,73.82,2.412
2004-10-16,22.538,0.002,75.55,2.153
2004-10-17,22.682,0.001,72.97,1.755
2004-10-18,22.97,0.002,71.44,1.926
2004-10-19,23.528,0.0,75.33,1.701
2004-10-20,23.5,0.001,74.61,1.41
2004-10-21,23.442,0.001,74.46,1.597
2004-10-22,23.438,0.002,72.0,1.352
2004-10-23,23.928,0.001,70.62,0.609
2004-10-24,23.944,0.13,72.54,0.475
2004-10-25,23.84,0.072,70.51,0.851
2004-10-26,23.288,0.171,71.54,0.768
2004-10-27,22.774,1.113,76.2,0.732
2004-10-28,22.794,0.154,75.95,0.862
2004-10-29,22.381,0.444,72.68,0.663
2004-10-30,21.969,0.003,69.22,1.512
2004-10-31,20.827,0.001,65.39,1.882
2004-11-01,20.728,0.0,64.97,1.663
2004-11-02,20.18,0.0,65.84,1.759
2004-11-03,20.203,0.002,59.23,1.781
2004-11-04,19.873,0.002,61.42,1.528
2004-11-05,20.95,0.0,61.52,1.57
2004-11-06,21.673,0.002,60.31,2.13
2004-11-07,21.856,0.001,60.33,1.4
2004-11-08,21.88,0.001,62.35,0.861
2004-11-09,21.231,0.001,59.01,1.211
2004-11-10,21.189,0.001,58.57,0.389
2004-11-11,20.984,0.001,60.34,0.617
2004-11-12,21.292,0.001,60.82,1.428
2004-11-13,21.088,0.001,59.76,2.207
2004-11-14,20.663,0.0,64.57,0.196
2004-11-15,20.703,0.0,66.68,0.861
2004-11-16,21.481,0.001,63.11,0.729
2004-11-17,22.195,0.0,62.56,0.56
2004-11-18,22.382,0.001,64.09,0.65
2004-11-19,21.813,0.008,67.37,0.667
2004-11-20,21.698,0.007,68.01,1.245
2004-11-21,21.397,0.001,67.7,0.405
2004-11-22,21.681,0.107,68.31,0.458
2004-11-23,21.137,1.841,73.27,0.481
2004-11-24,20.22,0.748,74.3,0.635
2004-11-25,20.604,0.165,66.31,1.647
2004-11-26,20.678,0.05,60.28,1.277
2004-11-27,20.815,0.3,59.15,1.501
2004-11-28,20.448,0.011,62.62,0.581
2004-11-29,20.282,0.001,55.75,2.202
2004-11-30,19.513,0.002,64.71,1.187
2004-12-01,19.737,0.001,62.68,0.54
2004-12-02,19.819,0.002,62.98,1.134
2004-12-03,19.604,0.0,66.44,2.022
2004-12-04,19.285,0.002,67.15,1.813
2004-12-05,19.077,-0.0,69.21,1.012
2004-12-06,20.588,0.0,64.04,0.353
2004-12-07,19.878,0.009,64.64,0.422
2004-12-08,20.186,0.001,62.64,1.284
2004-12-09,19.939,0.0,65.75,1.132
2004-12-10,20.121,0.025,66.3,0.57
2004-12-11,20.062,0.001,65.34,0.775
2004-12-12,20.409,0.0,67.42,1.319
2004-12-13,20.109,0.001,67.96,1.634
2004-12-14,19.915,0.0,68.33,2.083
2004-12-15,19.689,0.021,70.3,0.979
2004-12-16,20.014,0.0,67.25,0.261
2004-12-17,19.93,0.0,67.61,0.435
2004-12-18,19.006,0.002,68.15,0.851
2004-12-19,18.949,0.035,70.05,0.309
2004-12-20,18.779,0.316,76.28,0.86
2004-12-21,17.84,0.136,77.21,1.235
2004-12-22,17.364,0.001,72.91,0.946
2004-12-23,17.089,0.002,72.39,0.752
2004-12-24,16.883,0.0,71.69,1.93
2004-12-25,16.037,0.003,63.23,3.275
2004-12-26,14.453,0.003,62.88,3.563
2004-12-27,13.116,0.0,68.11,0.75
2004-12-28,14.481,0.001,65.37,2.156
2004-12-29,15.086,0.002,70.03,2.106
2004-12-30,15.607,0.003,69.96,0.989
2004-12-31,16.001,0.001,71.42,1.092
2005-01-01,17.718,0.001,69.26,0.658
2005-01-02,17.506,0.001,74.19,0.542
2005-01-03,18.363,0.001,77.58,1.544
2005-01-04,18.245,0.001,66.04,3.34
2005-01-05,16.055,0.001,66.62,2.148
2005-01-06,16.182,0.001,61.6,2.224
2005-01-07,15.745,-0.0,62.09,2.5
2005-01-08,15.399,0.0,69.91,1.773
2005-01-09,15.89,0.001,65.75,2.345
2005-01-10,16.297,0.198,64.26,0.328
2005-01-11,16.039,0.512,67.14,0.427
2005-01-12,16.288,0.006,61.83,1.45
2005-01-13,15.477,0.002,60.68,2.028
2005-01-14,15.961,0.001,61.31,1.609
2005-01-15,16.795,0.002,66.22,0.549
2005-01-16,17.915,0.001,63.82,0.746
2005-01-17,18.191,1.923,67.03,1.071
2005-01-18,16.699,4.128,77.98,0.853
2005-01-19,15.861,0.296,68.11,3.282
2005-01-20,14.143,0.001,61.53,2.854
2005-01-21,15.221,0.941,65.52,0.731
2005-01-22,16.331,0.475,66.58,0.765
2005-01-23,14.498,13.867,84.82,2.532
2005-01-24,15.062,0.35,76.86,0.846
2005-01-25,15.675,0.0,70.41,2.482
2005-01-26,15.793,0.0,73.29,2.758
2005-01-27,16.655,0.001,71.19,1.079
2005-01-28,15.537,0.562,84.69,1.176
2005-01-29,16.827,0.049,78.06,0.977
2005-01-30,18.257,0.128,77.89,0.303
2005-01-31,17.372,6.327,87.91,1.234
2005-02-01,16.975,0.798,76.86,3.532
2005-02-02,14.985,0.001,69.37,3.573
2005-02-03,14.727,0.001,71.86,1.97
2005-02-04,15.726,0.0,70.15,1.52
2005-02-05,17.341,0.0,64.11,1.471
2005-02-06,18.291,0.002,63.51,1.253
2005-02-07,18.489,0.003,69.74,0.701
2005-02-08,19.26,0.033,72.56,0.502
2005-02-09,19.678,0.0,63.49,3.088
2005-02-10,19.534,0.001,67.41,2.457
2005-02-11,20.473,0.0,66.26,2.075
2005-02-12,22.625,0.001,55.38,3.97
2005-02-13,23.196,0.0,41.48,7.028
2005-02-14,22.323,0.0,39.63,6.401
2005-02-15,20.921,0.087,53.05,2.66
2005-02-16,20.843,0.712,64.68,2.553
2005-02-17,22.551,1.21,47.98,1.796
2005-02-18,21.796,0.008,58.01,0.842
2005-02-19,23.774,0.003,45.54,0.812
2005-02-20,24.097,0.007,45.21,2.396
2005-02-21,23.488,0.043,50.42,3.651
2005-02-22,21.677,10.207,59.51,2.831
2005-02-23,19.275,0.363,57.43,3.236
2005-02-24,19.931,0.001,57.3,3.17
2005-02-25,21.358,0.0,48.17,4.338
2005-02-26,21.063,0.0,47.34,3.767
2005-02-27,21.147,0.003,51.71,2.657
2005-02-28,22.497,0.001,50.32,2.539
2005-03-01,24.216,0.001,46.29,2.346
2005-03-02,26.016,0.0,37.13,4.281
2005-03-03,25.42,0.003,41.73,3.057
2005-03-04,25.851,0.001,46.3,1.332
2005-03-05,26.502,0.167,44.06,2.523
2005-03-06,26.927,0.0,36.47,4.419
2005-03-07,27.238,0.0,32.77,4.061
2005-03-08,26.293,0.006,48.02,3.664
2005-03-09,25.894,0.086,49.14,3.57
2005-03-10,26.748,0.016,41.23,3.887
2005-03-11,22.642,1.878,62.22,2.423
2005-03-12,23.019,0.006,47.46,1.49
2005-03-13,24.067,0.0,39.46,0.913
2005-03-14,25.05,0.002,37.12,2.055
2005-03-15,25.859,0.0,39.39,1.621
2005-03-16,27.067,0.002,39.26,1.395
2005-03-17,27.599,0.018,45.99,1.138
2005-03-18,26.283,3.309,62.0,2.537
2005-03-19,25.811,1.741,64.55,2.118
2005-03-20,27.072,0.022,47.87,1.632
2005-03-21,27.825,0.001,39.51,1.846
2005-03-22,27.211,2.172,41.29,1.152
2005-03-23,26.955,0.04,35.69,0.267
2005-03-24,23.6,0.615,52.26,1.658
2005-03-25,23.811,0.014,41.45,1.863
2005-03-26,25.214,0.003,38.11,0.41
2005-03-27,26.375,0.001,48.97,2.645
2005-03-28,27.352,0.126,50.48,2.008
2005-03-29,27.188,0.06,44.16,0.459
2005-03-30,27.322,0.402,35.59,0.684
2005-03-31,28.033,0.001,24.09,2.327
2005-04-01,27.015,0.001,19.09,1.794
2005-04-02,27.473,0.002,20.95,0.411
2005-04-03,27.99,0.061,29.2,1.989
2005-04-04,28.19,0.002,36.74,2.773
2005-04-05,28.858,0.0,41.31,2.608
2005-04-06,29.589,0.027,42.24,2.014
2005-04-07,30.206,0.032,45.53,2.928
2005-04-08,30.533,0.536,42.91,2.733
2005-04-09,30.228,1.025,43.61,3.008
2005-04-10,29.715,0.155,36.49,1.178
2005-04-11,28.534,0.0,17.3,3.082
2005-04-12,27.769,0.001,17.08,3.431
2005-04-13,28.383,0.001,20.11,2.264
2005-04-14,29.437,0.0,26.33,0.249
2005-04-15,30.33,0.0,27.42,0.173
2005-04-16,30.88,0.002,31.27,0.646
2005-04-17,31.5,0.0,20.91,2.125
2005-04-18,30.157,0.0,20.18,1.844
2005-04-19,30.863,0.001,20.77,0.862
2005-04-20,30.97,0.423,36.93,2.157
2005-04-21,30.944,0.113,36.25,2.265
2005-04-22,31.847,0.001,38.1,2.616
2005-04-23,31.68,0.342,45.35,2.441
2005-04-24,31.179,0.709,50.51,1.123
2005-04-25,31.83,0.794,39.34,0.903
2005-04-26,31.257,0.623,35.62,1.831
2005-04-27,31.292,0.0,32.54,0.283
2005-04-28,29.633,0.859,43.45,0.81
2005-04-29,29.682,0.039,41.52,1.509
2005-04-30,26.892,0.994,61.49,1.824
2005-05-01,27.498,1.44,55.27,1.808
2005-05-02,27.388,3.22,60.73,1.985
2005-05-03,28.158,0.59,57.12,0.749
2005-05-04,28.338,0.891,53.14,0.922
2005-05-05,27.982,4.405,56.24,1.658
2005-05-06,26.469,5.85,67.98,2.223
2005-05-07,25.536,3.183,71.06,2.54
2005-05-08,26.861,0.862,68.28,2.384
2005-05-09,28.592,0.288,63.71,2.251
2005-05-10,30.529,0.001,34.2,2.465
2005-05-11,30.004,0.001,25.85,2.155
2005-05-12,30.996,0.0,26.29,0.558
2005-05-13,31.404,0.003,39.31,1.717
2005-05-14,30.174,1.099,50.31,3.054
2005-05-15,31.001,-0.0,47.37,1.879
2005-05-16,31.229,0.209,48.67,3.385
2005-05-17,30.373,0.001,55.38,3.956
2005-05-18,30.485,0.099,54.94,3.163
2005-05-19,30.021,0.501,56.5,3.083
2005-05-20,29.808,0.039,55.26,4.105
2005-05-21,29.345,0.01,56.32,4.106
2005-05-22,29.631,0.398,57.08,3.981
2005-05-23,30.796,0.223,59.01,3.318
2005-05-24,31.278,0.16,60.06,3.247
2005-05-25,33.183,0.035,46.28,1.954
2005-05-26,33.253,0.002,48.3,2.535
2005-05-27,33.074,2.423,49.51,1.981
2005-05-28,33.945,0.001,37.32,0.33
2005-05-29,34.868,0.0,38.0,1.428
2005-05-30,34.874,0.022,37.55,0.252
2005-05-31,35.574,0.0,30.41,1.774
2005-06-01,35.899,0.0,19.78,3.139
2005-06-02,35.052,0.0,18.0,1.547
2005-06-03,35.536,0.001,34.73,2.501
2005-06-04,33.464,0.327,47.19,4.549
2005-06-05,33.567,0.399,47.42,3.94
2005-06-06,32.864,0.423,51.93,3.356
2005-06-07,33.433,0.146,50.03,2.753
2005-06-08,34.481,0.312,43.41,0.473
2005-06-09,35.081,0.014,39.58,0.4
2005-06-10,35.685,0.0,38.27,1.335
2005-06-11,36.197,0.0,38.82,2.716
2005-06-12,34.112,0.165,52.76,4.364
2005-06-13,33.994,0.004,52.73,3.661
2005-06-14,35.593,0.017,45.84,2.297
2005-06-15,34.621,0.039,52.64,3.364
2005-06-16,35.019,0.005,48.31,2.792
2005-06-17,35.243,0.001,46.09,2.429
2005-06-18,34.96,0.002,48.84,3.149
2005-06-19,33.091,0.069,57.96,4.472
2005-06-20,32.732,2.937,58.15,4.649
2005-06-21,29.19,26.702,75.47,4.109
2005-06-22,26.897,28.471,89.29,2.87
2005-06-23,26.644,30.847,89.6,2.148
2005-06-24,28.987,1.992,76.45,2.09
2005-06-25,29.346,5.521,77.59,2.569
2005-06-26,30.015,1.376,75.63,2.703
2005-06-27,30.639,0.976,72.99,3.286
2005-06-28,29.713,1.524,71.33,5.821
2005-06-29,27.852,3.263,78.29,7.213
2005-06-30,28.106,5.72,79.13,6.8
2005-07-01,27.2,14.09,86.23,4.018
2005-07-02,27.796,16.662,83.4,4.328
2005-07-03,27.571,11.769,85.66,3.963
2005-07-04,26.624,17.603,88.27,4.657
2005-07-05,26.982,9.256,85.13,5.403
2005-07-06,28.674,4.611,80.66,2.572
2005-07-07,29.453,12.64,80.37,1.909
2005-07-08,29.897,3.07,77.36,2.389
2005-07-09,29.889,1.108,75.12,3.186
2005-07-10,28.752,3.457,79.54,3.892
2005-07-11,27.343,5.747,85.03,4.09
2005-07-12,26.385,12.669,90.68,3.782
2005-07-13,25.741,32.702,92.57,3.451
2005-07-14,26.077,7.038,89.05,3.312
2005-07-15,25.726,68.993,93.86,3.537
2005-07-16,25.866,37.238,93.35,2.717
2005-07-17,27.1,7.475,88.62,0.251
2005-07-18,28.117,20.822,87.9,1.233
2005-07-19,27.151,27.108,88.91,1.247
2005-07-20,26.034,21.498,95.36,1.123
2005-07-21,26.111,24.962,91.24,0.486
2005-07-22,27.244,11.653,87.11,1.275
2005-07-23,28.998,2.807,81.14,2.284
2005-07-24,29.566,7.724,80.61,2.41
2005-07-25,29.082,7.971,80.11,2.587
2005-07-26,30.076,0.215,70.97,5.082
2005-07-27,29.758,0.321,72.14,4.809
2005-07-28,29.424,5.369,78.67,3.452
2005-07-29,30.297,0.916,75.29,2.184
2005-07-30,30.428,3.955,74.28,3.45
2005-07-31,30.192,0.183,70.97,4.937
2005-08-01,30.016,0.898,74.32,3.568
2005-08-02,29.521,16.461,81.99,1.651
2005-08-03,28.539,11.839,82.93,2.998
2005-08-04,29.638,0.323,73.43,4.492
2005-08-05,28.223,3.085,81.64,3.712
2005-08-06,27.516,10.75,86.47,2.443
2005-08-07,26.968,13.488,89.89,0.601
2005-08-08,28.394,2.87,83.51,0.782
2005-08-09,28.865,4.434,82.21,1.515
2005-08-10,28.801,2.589,82.51,2.09
2005-08-11,28.82,8.34,81.3,2.054
2005-08-12,28.223,14.443,85.98,0.382
2005-08-13,28.767,6.604,84.69,0.491
2005-08-14,28.299,17.011,87.42,0.98
2005-08-15,28.168,3.073,82.68,3.854
2005-08-16,28.569,0.849,80.28,3.322
2005-08-17,28.258,19.247,85.5,2.327
2005-08-18,27.948,14.559,86.68,2.46
2005-08-19,27.813,5.552,84.85,3.277
2005-08-20,28.136,4.305,82.22,3.301
2005-08-21,26.698,13.087,89.32,3.823
2005-08-22,26.639,9.354,89.6,3.503
2005-08-23,26.152,12.122,92.65,2.922
2005-08-24,26.364,25.46,91.73,0.609
2005-08-25,25.228,17.461,94.42,2.003
2005-08-26,27.375,3.802,85.57,0.394
2005-08-27,28.199,1.647,83.7,0.826
2005-08-28,28.46,1.583,81.51,1.716
2005-08-29,28.948,1.419,82.81,1.45
2005-08-30,29.143,1.205,81.08,0.139
2005-08-31,28.543,1.807,82.74,2.441
2005-09-01,29.846,0.717,79.51,2.285
2005-09-02,30.492,0.953,78.64,1.469
2005-09-03,28.705,8.74,83.85,2.3
2005-09-04,27.864,11.664,86.48,2.749
2005-09-05,26.814,27.383,90.46,2.465
2005-09-06,25.907,17.064,92.41,1.992
2005-09-07,28.993,1.012,80.22,1.035
2005-09-08,29.4,6.641,79.22,1.522
2005-09-09,28.573,3.775,81.66,2.032
2005-09-10,28.227,4.327,82.48,3.057
2005-09-11,27.939,4.09,81.06,3.531
2005-09-12,29.213,7.153,74.97,5.126
2005-09-13,28.233,5.883,77.8,6.615
2005-09-14,27.44,2.567,83.2,4.494
2005-09-15,27.817,1.313,83.94,0.573
2005-09-16,27.141,0.177,83.39,2.551
2005-09-17,27.455,0.007,81.39,2.205
2005-09-18,28.937,1.064,77.07,1.258
2005-09-19,29.328,0.719,80.3,1.342
2005-09-20,29.253,1.166,77.58,2.248
2005-09-21,27.321,3.628,82.42,3.834
2005-09-22,27.114,2.576,85.28,2.28
2005-09-23,26.976,8.536,88.91,0.197
2005-09-24,27.375,4.89,86.27,0.766
2005-09-25,27.978,0.686,80.14,1.564
2005-09-26,26.829,3.792,85.55,1.081
2005-09-27,27.44,0.728,81.65,0.51
2005-09-28,28.098,0.42,79.8,1.487
2005-09-29,28.278,0.935,80.72,1.566
2005-09-30,27.57,2.809,84.44,0.737
2005-10-01,27.183,1.593,84.44,1.856
2005-10-02,27.017,1.318,80.72,2.33
2005-10-03,25.272,1.611,82.06,2.517
2005-10-04,24.796,4.266,83.8,0.964
2005-10-05,25.627,1.372,85.04,0.656
2005-10-06,26.556,1.036,82.81,0.178
2005-10-07,26.728,0.929,81.53,0.44
2005-10-08,26.623,1.516,81.46,0.323
2005-10-09,26.265,2.379,82.89,0.677
2005-10-10,26.462,1.318,81.76,0.514
2005-10-11,26.952,0.471,77.46,0.777
2005-10-12,26.562,0.25,76.43,0.692
2005-10-13,26.593,0.004,71.64,0.768
2005-10-14,26.833,0.008,69.61,0.898
2005-10-15,26.937,0.002,70.69,1.482
2005-10-16,26.139,0.02,74.84,1.595
2005-10-17,26.426,0.073,74.23,0.322
2005-10-18,25.9,1.287,77.93,2.009
2005-10-19,24.387,5.31,81.84,3.619
2005-10-20,22.184,17.207,80.9,4.702
2005-10-21,23.553,1.943,76.76,2.744
2005-10-22,23.127,3.168,80.55,2.007
2005-10-23,24.087,0.982,80.81,1.362
2005-10-24,23.787,1.476,82.24,0.792
2005-10-25,24.395,0.398,80.09,0.327
2005-10-26,23.669,0.492,77.34,0.929
2005-10-27,23.557,0.001,69.85,0.254
2005-10-28,23.549,0.001,71.1,0.272
2005-10-29,23.378,0.001,68.11,1.383
2005-10-30,23.435,0.268,70.8,0.525
2005-10-31,23.45,0.086,70.59,0.303
2005-11-01,23.054,0.015,68.34,0.742
2005-11-02,22.589,0.01,65.76,0.392
2005-11-03,21.9,0.001,65.25,1.401
2005-11-04,22.124,0.003,63.85,2.09
2005-11-05,22.216,0.0,60.74,2.244
2005-11-06,21.865,0.002,61.08,2.075
2005-11-07,21.217,0.003,62.55,1.481
2005-11-08,21.861,0.0,60.35,1.833
2005-11-09,22.545,0.001,57.67,2.268
2005-11-10,21.949,0.001,57.32,2.333
2005-11-11,21.476,-0.0,56.74,2.214
2005-11-12,21.676,0.001,61.65,2.099
2005-11-13,21.329,0.0,64.28,1.057
2005-11-14,22.132,0.0,62.65,0.785
2005-11-15,22.843,0.0,60.18,1.67
2005-11-16,22.313,0.0,59.72,1.363
2005-11-17,21.57,0.003,52.62,2.274
2005-11-18,19.967,0.001,47.97,1.015
2005-11-19,20.146,0.002,47.24,1.004
2005-11-20,20.953,0.002,49.85,1.06
2005-11-21,21.273,0.001,52.39,1.137
2005-11-22,21.625,0.0,57.26,1.073
2005-11-23,21.3,0.0,60.78,0.391
2005-11-24,20.649,0.0,61.54,0.277
2005-11-25,20.014,0.0,63.09,0.343
2005-11-26,19.66,0.002,52.17,1.666
2005-11-27,19.373,0.0,53.7,1.564
2005-11-28,19.308,0.002,55.53,1.681
2005-11-29,19.373,0.002,53.84,1.053
2005-11-30,19.613,0.001,57.34,0.349
2005-12-01,19.77,0.001,59.73,0.632
2005-12-02,19.226,0.001,60.24,1.425
2005-12-03,19.194,0.008,50.75,2.23
2005-12-04,18.096,0.001,47.63,3.26
2005-12-05,16.569,0.0,58.0,1.367
2005-12-06,17.637,0.001,57.96,1.331
2005-12-07,18.218,0.002,60.48,1.659
2005-12-08,18.705,0.003,62.44,1.367
2005-12-09,18.887,0.003,63.38,1.669
2005-12-10,18.642,0.0,59.62,1.74
2005-12-11,17.964,0.001,56.27,1.941
2005-12-12,17.683,0.001,50.54,2.212
2005-12-13,16.065,0.001,43.12,2.544
2005-12-14,15.806,0.001,53.57,1.855
2005-12-15,17.265,0.0,57.06,1.343
2005-12-16,17.894,0.001,59.78,1.791
2005-12-17,17.674,0.001,60.47,1.894
2005-12-18,17.679,0.001,63.0,1.935
2005-12-19,17.266,0.0,61.38,1.356
2005-12-20,18.284,0.0,53.21,0.256
2005-12-21,18.156,0.001,57.31,0.81
2005-12-22,18.983,0.002,64.19,1.008
2005-12-23,18.648,0.003,68.2,0.406
2005-12-24,18.756,0.006,65.07,1.922
2005-12-25,17.808,0.03,62.74,2.746
2005-12-26,16.58,0.001,56.82,2.645
2005-12-27,15.997,0.001,58.82,0.771
2005-12-28,15.704,0.0,60.41,0.568
2005-12-29,16.093,0.002,61.0,0.762
2005-12-30,16.432,0.001,64.06,1.17
2005-12-31,16.928,0.0,69.08,1.565
2006-01-01,17.077,0.001,68.06,1.386
2006-01-02,18.088,0.001,65.02,0.731
2006-01-03,18.251,0.002,61.85,1.81
2006-01-04,19.018,0.0,54.77,3.757
2006-01-05,16.332,0.0,64.88,2.937
2006-01-06,15.433,0.001,69.07,2.235
2006-01-07,15.49,0.001,71.17,2.103
2006-01-08,15.42,0.0,63.78,2.674
2006-01-09,14.043,0.001,63.13,2.211
2006-01-10,14.783,0.001,65.83,2.18
2006-01-11,14.895,0.001,66.8,2.031
2006-01-12,15.814,0.001,66.55,1.702
2006-01-13,16.377,0.0,65.34,1.664
2006-01-14,16.571,0.0,62.27,1.083
2006-01-15,16.975,0.001,65.4,0.967
2006-01-16,17.33,0.002,67.17,0.414
2006-01-17,17.782,0.001,70.14,0.874
2006-01-18,20.475,0.001,63.53,3.779
2006-01-19,20.292,0.0,57.06,3.733
2006-01-20,18.901,0.001,41.59,4.254
2006-01-21,18.868,0.0,40.0,4.523
2006-01-22,15.716,0.0,52.6,3.196
2006-01-23,15.085,0.0,52.61,1.992
2006-01-24,14.453,0.0,49.85,2.506
2006-01-25,14.379,0.0,60.92,1.392
2006-01-26,16.504,0.0,57.37,2.096
2006-01-27,16.942,0.001,56.16,2.362
2006-01-28,17.213,0.002,53.86,2.137
2006-01-29,17.86,0.001,60.09,1.67
2006-01-30,18.851,0.001,62.93,0.151
2006-01-31,19.26,0.001,61.43,0.677
2006-02-01,19.651,0.002,64.71,1.394
2006-02-02,20.009,0.001,71.55,1.333
2006-02-03,20.001,0.002,66.67,1.306
2006-02-04,20.446,0.008,62.84,0.688
2006-02-05,20.669,0.001,64.87,0.509
2006-02-06,20.442,0.001,62.91,0.574
2006-02-07,20.91,0.0,61.59,0.079
2006-02-08,21.226,0.0,60.2,0.176
2006-02-09,21.155,0.002,61.59,0.397
2006-02-10,21.069,0.723,63.82,0.7
2006-02-11,20.888,0.001,61.4,0.937
2006-02-12,20.944,0.0,57.76,0.946
2006-02-13,22.409,0.002,57.12,0.556
2006-02-14,22.867,0.015,58.13,1.364
2006-02-15,22.708,0.017,61.74,0.996
2006-02-16,23.111,0.269,56.63,1.705
2006-02-17,23.412,0.003,54.5,1.247
2006-02-18,24.113,0.0,60.21,2.74
2006-02-19,24.536,0.022,60.91,2.324
2006-02-20,24.219,0.165,64.46,1.761
2006-02-21,24.772,0.021,66.43,0.51
2006-02-22,24.407,0.004,65.66,1.395
2006-02-23,24.835,0.0,55.59,0.755
2006-02-24,24.667,0.0,47.43,1.744
2006-02-25,24.856,0.002,48.75,1.551
2006-02-26,26.603,0.0,36.21,3.247
2006-02-27,28.488,0.004,25.36,5.927
2006-02-28,25.404,0.001,28.38,4.653
2006-03-01,23.613,0.0,38.7,3.421
2006-03-02,22.803,0.001,38.18,2.52
2006-03-03,22.625,0.002,36.06,2.687
2006-03-04,23.365,0.0,39.02,1.831
2006-03-05,23.784,0.001,33.05,1.418
2006-03-06,24.854,0.003,32.91,1.088
2006-03-07,26.151,0.0,30.73,1.516
2006-03-08,26.602,0.001,33.76,0.12
2006-03-09,27.71,0.002,39.96,2.213
2006-03-10,23.352,2.404,62.01,3.304
2006-03-11,20.212,7.979,79.28,0.655
2006-03-12,21.662,0.287,65.61,2.307
2006-03-13,23.104,0.107,60.27,1.869
2006-03-14,24.121,0.006,53.93,0.908
2006-03-15,23.785,2.069,61.88,1.075
2006-03-16,24.117,0.009,53.16,2.881
2006-03-17,24.807,0.001,32.78,3.794
2006-03-18,24.39,0.001,29.63,3.487
2006-03-19,24.726,0.002,28.25,2.586
2006-03-20,26.443,0.0,32.53,2.288
2006-03-21,27.399,0.0,31.13,2.668
2006-03-22,27.794,0.003,25.67,3.53
2006-03-23,27.647,0.002,24.83,3.188
2006-03-24,27.979,0.001,26.31,2.347
2006-03-25,30.162,0.002,25.39,2.245
2006-03-26,31.098,0.025,20.89,3.479
2006-03-27,29.875,0.001,17.99,4.621
2006-03-28,28.95,0.001,16.63,4.137
2006-03-29,28.077,0.001,18.59,4.027
2006-03-30,27.384,0.002,23.5,1.946
2006-03-31,28.815,0.001,24.73,1.793
2006-04-01,30.008,0.003,26.73,1.212
2006-04-02,30.447,0.004,26.84,1.544
2006-04-03,29.887,0.073,34.63,1.368
2006-04-04,28.971,0.002,41.33,1.598
2006-04-05,29.204,0.0,42.28,2.827
2006-04-06,29.336,0.002,44.84,3.784
2006-04-07,29.266,0.002,45.95,3.658
2006-04-08,29.833,0.093,45.26,3.738
2006-04-09,29.803,0.097,48.89,4.078
2006-04-10,30.647,1.068,45.75,1.362
2006-04-11,32.345,0.003,23.51,3.355
2006-04-12,32.255,0.001,14.56,3.758
2006-04-13,32.339,0.0,13.62,3.196
2006-04-14,32.191,0.001,10.9,3.577
2006-04-15,32.926,0.002,10.23,3.654
2006-04-16,32.996,0.002,17.2,2.701
2006-04-17,30.684,3.384,36.03,2.906
2006-04-18,23.112,20.739,74.46,1.892
2006-04-19,23.534,1.833,69.83,1.084
2006-04-20,25.588,0.059,56.16,0.763
2006-04-21,27.369,0.097,52.29,0.461
2006-04-22,27.676,1.223,56.92,1.658
2006-04-23,27.828,2.542,57.04,2.377
2006-04-24,28.838,0.39,50.28,2.809
2006-04-25,29.487,0.078,48.69,3.22
2006-04-26,29.411,0.395,50.15,3.391
2006-04-27,30.165,0.277,50.73,3.799
2006-04-28,31.137,0.041,44.24,2.747
2006-04-29,32.086,0.022,35.7,1.312
2006-04-30,33.522,0.002,28.26,0.945
2006-05-01,34.523,0.628,33.31,2.174
2006-05-02,32.158,1.601,49.55,3.604
2006-05-03,31.021,0.998,51.72,2.725
2006-05-04,32.087,0.08,40.65,1.557
2006-05-05,32.366,0.251,42.99,2.481
2006-05-06,31.537,0.389,49.54,3.786
2006-05-07,30.643,0.142,52.48,4.922
2006-05-08,29.654,0.526,59.78,3.636
2006-05-09,31.153,0.429,53.47,3.226
2006-05-10,29.874,4.249,63.24,2.893
2006-05-11,29.218,0.146,65.03,3.5
2006-05-12,28.562,9.666,69.65,3.178
2006-05-13,26.138,29.845,77.29,3.749
2006-05-14,28.387,0.093,63.85,3.88
2006-05-15,29.288,0.047,54.04,3.43
2006-05-16,29.574,0.031,58.16,3.014
2006-05-17,31.048,0.0,52.55,1.216
2006-05-18,31.444,7.546,53.21,0.838
2006-05-19,29.473,3.796,64.65,1.832
2006-05-20,27.901,5.675,70.5,1.212
2006-05-21,28.6,1.185,66.81,2.143
2006-05-22,29.669,1.441,64.85,1.273
2006-05-23,30.38,0.614,62.83,1.987
2006-05-24,30.255,4.068,67.58,1.725
2006-05-25,29.692,10.782,74.26,1.756
2006-05-26,30.929,6.056,65.75,2.973
2006-05-27,30.453,1.009,64.24,3.377
2006-05-28,27.965,23.226,81.18,3.133
2006-05-29,27.76,2.09,80.19,2.748
2006-05-30,29.532,1.535,74.69,3.418
2006-05-31,29.606,12.232,74.45,3.069
2006-06-01,28.938,10.099,75.67,3.34
2006-06-02,29.163,0.862,72.27,3.299
2006-06-03,27.147,23.673,84.93,3.374
2006-06-04,26.933,20.602,89.07,1.694
2006-06-05,28.284,16.707,82.49,1.571
2006-06-06,27.702,12.548,85.02,1.659
2006-06-07,26.913,21.857,89.58,2.208
2006-06-08,28.075,11.501,83.45,1.408
2006-06-09,28.358,9.56,83.58,1.181
2006-06-10,28.708,2.855,81.84,2.119
2006-06-11,30.105,0.032,74.46,0.47
2006-06-12,31.549,0.0,70.27,1.225
2006-06-13,31.225,0.011,72.13,1.397
2006-06-14,30.773,0.066,71.45,0.491
2006-06-15,30.622,0.301,68.72,0.654
2006-06-16,30.958,0.166,67.73,1.634
2006-06-17,30.344,0.399,71.27,2.26
2006-06-18,30.667,0.096,67.02,2.181
2006-06-19,31.266,0.286,68.19,2.212
2006-06-20,31.151,2.907,69.46,2.506
2006-06-21,30.282,1.743,71.06,3.858
2006-06-22,29.852,2.186,71.86,3.615
2006-06-23,30.033,2.99,72.65,3.79
2006-06-24,29.227,4.935,76.04,3.678
2006-06-25,28.619,15.454,80.36,3.216
2006-06-26,27.482,9.84,86.34,2.397
2006-06-27,27.094,5.863,86.35,2.519
2006-06-28,27.372,6.129,85.55,3.299
2006-06-29,27.795,7.01,85.05,2.187
2006-06-30,28.5,4.448,84.04,0.701
2006-07-01,29.506,7.203,82.47,0.556
2006-07-02,30.798,2.592,72.26,3.674
2006-07-03,30.301,0.097,71.1,6.304
2006-07-04,29.243,5.205,76.86,6.288
2006-07-05,29.32,6.205,82.07,2.856
2006-07-06,29.244,2.394,81.46,1.232
2006-07-07,28.866,15.725,81.03,2.254
2006-07-08,27.194,28.159,91.63,1.713
2006-07-09,28.505,8.275,84.19,2.133
2006-07-10,28.925,13.583,85.66,1.45
2006-07-11,28.087,22.274,87.55,0.964
2006-07-12,27.344,20.11,87.58,3.481
2006-07-13,26.563,56.068,94.47,2.537
2006-07-14,27.849,11.87,87.54,2.019
2006-07-15,28.71,9.396,82.95,3.045
2006-07-16,29.495,5.907,79.03,3.246
2006-07-17,29.78,5.429,77.71,3.628
2006-07-18,29.808,3.635,78.74,3.46
2006-07-19,28.167,20.428,85.75,3.293
2006-07-20,29.087,0.97,77.47,4.592
2006-07-21,29.162,1.079,72.9,6.53
2006-07-22,28.958,1.737,74.36,4.579
2006-07-23,28.383,3.343,82.49,1.901
2006-07-24,28.274,2.911,83.59,1.924
2006-07-25,27.5,11.025,86.69,2.801
2006-07-26,27.114,19.099,88.01,2.981
2006-07-27,28.045,9.336,82.64,3.028
2006-07-28,28.415,7.225,81.73,2.55
2006-07-29,29.592,6.092,74.22,4.206
2006-07-30,28.443,2.425,77.32,6.186
2006-07-31,29.447,1.286,77.92,2.471
2006-08-01,29.642,13.32,81.65,0.545
2006-08-02,29.245,7.777,79.35,2.821
2006-08-03,29.013,4.874,75.89,4.824
2006-08-04,28.715,1.118,74.19,6.128
2006-08-05,28.486,0.891,76.72,4.465
2006-08-06,27.44,24.369,84.09,2.843
2006-08-07,27.697,8.988,83.2,1.243
2006-08-08,28.254,4.953,82.06,0.745
2006-08-09,30.009,0.111,74.06,0.561
2006-08-10,29.706,6.501,78.42,1.016
2006-08-11,30.587,0.612,78.72,0.65
2006-08-12,29.656,10.802,78.9,3.396
2006-08-13,29.673,1.898,76.76,4.327
2006-08-14,29.176,6.84,78.88,3.83
2006-08-15,29.635,6.046,78.01,3.176
2006-08-16,30.425,2.805,77.47,3.066
2006-08-17,29.721,2.014,74.19,5.005
2006-08-18,28.752,4.458,80.57,4.065
2006-08-19,28.08,9.618,84.6,1.999
2006-08-20,28.062,12.447,86.86,0.284
2006-08-21,29.046,11.106,83.85,0.34
2006-08-22,28.841,2.129,76.69,3.749
2006-08-23,28.559,2.825,77.36,4.885
2006-08-24,28.61,2.986,79.83,3.746
2006-08-25,27.273,14.661,88.13,2.554
2006-08-26,26.485,32.382,91.2,1.779
2006-08-27,26.019,49.999,93.19,2.533
2006-08-28,26.736,14.3,90.23,1.182
2006-08-29,27.385,15.041,84.31,3.887
2006-08-30,27.632,5.659,82.49,5.275
2006-08-31,27.409,2.571,84.17,3.487
2006-09-01,28.009,1.349,83.61,0.512
2006-09-02,28.987,0.003,74.28,2.736
2006-09-03,28.863,0.642,79.89,0.676
2006-09-04,28.723,0.447,76.32,3.876
2006-09-05,28.49,0.261,75.85,3.595
2006-09-06,28.764,0.686,82.32,0.9
2006-09-07,29.237,0.981,79.5,1.907
2006-09-08,28.703,2.733,82.57,1.206
2006-09-09,27.594,5.905,88.64,0.589
2006-09-10,26.766,8.223,90.87,1.003
2006-09-11,26.134,11.748,92.39,0.852
2006-09-12,27.188,4.648,87.33,0.92
2006-09-13,27.478,1.888,85.07,1.627
2006-09-14,26.971,3.759,86.84,2.348
2006-09-15,27.013,4.174,84.63,2.292
2006-09-16,27.522,2.773,83.81,1.841
2006-09-17,27.812,1.274,81.32,1.945
2006-09-18,28.303,0.637,79.62,1.722
2006-09-19,29.243,0.322,75.95,1.446
2006-09-20,28.183,2.524,74.65,5.335
2006-09-21,26.538,7.287,77.24,5.901
2006-09-22,23.917,59.036,88.37,4.893
2006-09-23,23.806,28.655,89.35,4.465
2006-09-24,24.953,40.768,88.25,5.071
2006-09-25,23.88,43.244,93.62,3.425
2006-09-26,26.074,2.134,87.22,0.334
2006-09-27,27.595,0.171,79.99,1.092
2006-09-28,28.595,0.157,78.79,0.852
2006-09-29,27.773,6.735,84.44,2.183
2006-09-30,27.35,9.628,86.78,1.428
2006-10-01,28.208,1.846,83.49,0.677
2006-10-02,27.96,1.163,83.12,0.668
2006-10-03,28.151,0.929,82.51,0.209
2006-10-04,27.794,0.402,80.38,1.394
2006-10-05,27.458,0.388,79.57,0.653
2006-10-06,27.005,1.653,80.17,1.229
2006-10-07,26.969,1.733,82.27,0.929
2006-10-08,26.903,2.522,82.58,0.675
2006-10-09,27.624,0.688,79.4,1.244
2006-10-10,27.916,0.027,75.46,0.625
2006-10-11,27.242,0.714,81.0,1.104
2006-10-12,26.491,2.082,82.1,2.312
2006-10-13,26.095,0.82,81.11,1.191
2006-10-14,26.607,0.627,80.64,0.585
2006-10-15,26.162,0.868,81.66,0.509
2006-10-16,25.939,0.498,79.64,0.739
2006-10-17,26.128,0.21,76.57,0.452
2006-10-18,26.141,0.171,73.03,0.744
2006-10-19,24.207,3.492,80.08,0.751
2006-10-20,24.884,1.303,79.77,0.529
2006-10-21,22.834,10.939,86.78,0.255
2006-10-22,22.708,0.382,81.19,0.805
2006-10-23,22.898,0.029,72.51,1.546
2006-10-24,23.488,0.001,71.6,1.394
2006-10-25,24.195,0.001,72.54,1.049
2006-10-26,24.574,0.002,72.3,0.94
2006-10-27,24.453,0.031,71.0,0.668
2006-10-28,23.829,0.0,69.49,1.091
2006-10-29,23.826,0.002,66.35,1.445
2006-10-30,23.613,0.0,68.51,1.291
2006-10-31,23.286,0.003,67.88,1.23
2006-11-01,23.549,0.001,69.56,1.298
2006-11-02,23.916,0.0,67.63,1.441
2006-11-03,24.178,0.001,65.13,2.206
2006-11-04,23.674,0.0,68.76,2.187
2006-11-05,24.184,0.0,66.99,2.044
2006-11-06,23.647,0.0,68.38,1.421
2006-11-07,23.659,0.014,69.56,0.804
2006-11-08,23.755,0.437,72.59,1.09
2006-11-09,23.773,0.42,75.47,1.113
2006-11-10,23.123,0.72,78.42,0.307
2006-11-11,22.933,0.476,73.09,0.564
2006-11-12,22.871,0.012,70.51,1.778
2006-11-13,23.239,0.013,70.81,1.877
2006-11-14,23.377,0.002,68.59,1.176
2006-11-15,23.076,0.002,65.64,1.408
2006-11-16,22.698,0.0,62.78,2.07
2006-11-17,22.04,0.001,61.66,1.445
2006-11-18,21.877,0.0,64.25,1.45
2006-11-19,21.828,0.0,66.69,1.783
2006-11-20,21.141,0.001,66.56,0.878
2006-11-21,20.709,0.0,68.88,0.041
2006-11-22,20.746,0.002,64.92,1.158
2006-11-23,21.755,0.001,62.09,1.355
2006-11-24,21.093,0.001,55.99,2.287
2006-11-25,20.25,0.001,50.34,3.212
2006-11-26,18.127,0.001,48.93,2.881
2006-11-27,17.274,0.001,56.57,0.932
2006-11-28,17.721,0.001,57.52,1.499
2006-11-29,17.947,0.0,59.94,1.461
2006-11-30,17.48,0.0,57.63,2.182
2006-12-01,16.957,0.001,56.76,2.32
2006-12-02,16.995,0.002,53.9,1.38
2006-12-03,17.483,-0.0,56.9,1.59
2006-12-04,18.417,0.0,61.4,1.539
2006-12-05,19.918,0.003,61.17,1.016
2006-12-06,20.165,0.0,63.3,0.774
2006-12-07,20.44,0.003,67.72,0.544
2006-12-08,20.943,0.002,64.51,1.405
2006-12-09,20.237,0.001,61.39,2.346
2006-12-10,18.954,0.001,56.42,1.082
2006-12-11,17.41,1.77,71.85,1.976
2006-12-12,17.68,0.12,65.13,3.748
2006-12-13,15.796,0.004,65.91,1.614
2006-12-14,16.42,0.001,69.85,1.951
2006-12-15,16.745,0.001,71.3,1.056
2006-12-16,17.985,0.0,65.3,1.192
2006-12-17,18.912,0.002,64.53,1.697
2006-12-18,18.958,0.001,69.01,1.059
2006-12-19,19.568,0.001,63.04,0.831
2006-12-20,19.873,0.001,61.28,0.927
2006-12-21,19.776,0.001,65.86,0.605
2006-12-22,19.404,0.0,67.18,1.915
2006-12-23,18.626,0.002,70.16,1.812
2006-12-24,18.065,0.002,66.01,2.339
2006-12-25,16.806,0.0,65.27,1.915
2006-12-26,16.502,0.001,62.6,1.525
2006-12-27,17.297,0.003,63.2,1.573
2006-12-28,17.412,0.015,70.22,1.144
2006-12-29,17.099,0.002,68.31,1.648
2006-12-30,16.733,0.001,68.17,1.766
2006-12-31,17.177,0.002,66.64,1.402
2007-01-01,17.031,0.001,66.82,2.204
2007-01-02,15.713,0.001,62.07,2.839
2007-01-03,14.61,0.0,69.8,2.052
2007-01-04,14.128,0.001,68.33,1.662
2007-01-05,14.439,0.0,71.28,1.654
2007-01-06,15.057,0.002,63.22,2.121
2007-01-07,15.116,0.001,48.68,3.021
2007-01-08,13.573,0.001,50.57,2.333
2007-01-09,14.552,0.0,59.3,2.033
2007-01-10,15.043,0.002,61.32,2.123
2007-01-11,15.362,0.0,61.31,2.415
2007-01-12,15.07,0.001,55.71,2.481
2007-01-13,14.674,0.0,52.58,3.284
2007-01-14,13.616,0.002,55.11,2.036
2007-01-15,14.627,0.001,56.34,0.443
2007-01-16,14.666,0.0,58.16,0.697
2007-01-17,15.389,0.001,61.01,0.664
2007-01-18,16.1,0.001,60.89,0.75
2007-01-19,15.934,0.0,62.19,2.005
2007-01-20,15.969,0.0,62.24,1.797
2007-01-21,16.114,0.0,56.71,2.107
2007-01-22,14.816,0.0,57.56,1.702
2007-01-23,15.61,0.002,60.16,1.224
2007-01-24,16.965,0.001,62.59,2.258
2007-01-25,17.227,0.002,65.33,1.772
2007-01-26,18.457,0.0,63.74,0.477
2007-01-27,19.278,0.002,63.16,0.535
2007-01-28,19.85,0.001,66.68,0.656
2007-01-29,20.927,0.0,69.88,0.832
2007-01-30,21.268,0.026,67.16,0.671
2007-01-31,20.537,2.058,74.45,0.862
2007-02-01,20.317,0.019,67.55,1.5
2007-02-02,19.954,0.0,61.98,1.294
2007-02-03,19.478,0.003,64.4,1.147
2007-02-04,19.97,0.124,64.15,1.603
2007-02-05,18.957,0.601,75.45,1.867
2007-02-06,18.809,0.845,77.2,3.024
2007-02-07,17.482,10.216,86.17,2.659
2007-02-08,17.909,1.445,79.97,2.071
2007-02-09,18.759,0.124,70.49,1.962
2007-02-10,20.221,1.066,67.66,1.357
2007-02-11,17.254,13.92,79.82,2.048
2007-02-12,17.689,2.893,81.97,1.7
2007-02-13,17.433,24.159,86.57,3.607
2007-02-14,15.205,8.464,90.66,0.583
2007-02-15,15.537,0.001,75.5,2.843
2007-02-16,16.274,0.003,71.77,1.633
2007-02-17,16.998,0.053,71.6,1.326
2007-02-18,16.678,0.002,69.77,2.118
2007-02-19,17.474,-0.0,72.09,1.03
2007-02-20,18.182,0.002,74.53,0.847
2007-02-21,18.593,0.0,72.3,0.702
2007-02-22,20.134,0.001,71.93,1.113
2007-02-23,21.237,0.034,72.59,0.114
2007-02-24,21.001,0.003,69.41,1.484
2007-02-25,17.026,3.545,85.85,1.94
2007-02-26,18.165,0.329,75.47,2.064
2007-02-27,19.36,0.003,69.87,0.676
2007-02-28,20.705,1.214,67.02,1.702
2007-03-01,18.936,10.951,82.8,2.048
2007-03-02,19.174,0.424,75.1,2.212
2007-03-03,18.701,0.001,68.68,2.363
2007-03-04,19.764,0.003,61.49,2.883
2007-03-05,20.027,0.002,58.78,3.265
2007-03-06,19.665,0.001,48.13,3.477
2007-03-07,18.844,0.002,54.19,2.768
2007-03-08,19.445,0.001,53.8,0.737
2007-03-09,20.91,0.0,50.77,0.695
2007-03-10,21.842,0.0,45.84,0.928
2007-03-11,23.075,0.001,49.11,0.964
2007-03-12,24.021,0.465,48.14,1.215
2007-03-13,20.479,4.29,70.53,0.986
2007-03-14,21.964,0.264,71.04,1.961
2007-03-15,21.251,0.0,46.28,5.12
2007-03-16,19.874,0.003,53.15,2.902
2007-03-17,21.535,0.0,54.37,0.483
2007-03-18,23.266,0.001,49.26,0.565
2007-03-19,24.958,0.0,42.75,0.558
2007-03-20,26.717,0.002,43.99,1.22
2007-03-21,26.91,0.227,50.79,0.635
2007-03-22,27.654,0.003,46.9,1.178
2007-03-23,27.633,0.001,42.9,2.277
2007-03-24,26.721,0.0,36.47,4.163
2007-03-25,26.393,0.001,30.62,4.534
2007-03-26,26.109,0.002,38.69,3.256
2007-03-27,26.697,0.002,38.09,0.836
2007-03-28,28.49,0.0,35.31,0.454
2007-03-29,29.473,0.0,35.11,0.573
2007-03-30,30.253,0.002,32.56,0.563
2007-03-31,31.434,0.002,32.86,0.924
2007-04-01,32.898,0.002,30.65,3.392
2007-04-02,32.505,0.001,19.55,4.983
2007-04-03,30.363,0.001,20.59,4.343
2007-04-04,28.655,0.001,27.72,1.979
2007-04-05,29.577,0.0,30.72,0.722
2007-04-06,30.426,0.003,35.17,0.559
2007-04-07,29.565,0.867,47.56,1.939
2007-04-08,29.996,0.016,40.04,0.981
2007-04-09,30.003,0.633,34.22,0.872
2007-04-10,29.129,0.006,43.12,1.935
2007-04-11,27.682,0.928,52.85,3.986
2007-04-12,28.886,0.001,44.69,3.909
2007-04-13,29.202,0.035,45.72,3.115
2007-04-14,30.411,0.002,40.95,2.496
2007-04-15,31.03,0.01,41.79,1.712
2007-04-16,30.57,1.971,54.19,1.851
2007-04-17,30.382,0.785,52.68,3.172
2007-04-18,29.888,3.047,54.08,1.973
2007-04-19,29.581,4.114,60.21,1.495
2007-04-20,30.772,0.178,50.83,1.374
2007-04-21,29.031,2.721,61.29,2.176
2007-04-22,30.435,0.077,46.49,1.058
2007-04-23,30.989,0.119,46.12,2.379
2007-04-24,30.239,1.848,51.69,2.798
2007-04-25,29.7,0.199,50.51,3.275
2007-04-26,29.543,1.402,52.79,2.596
2007-04-27,29.705,1.115,51.68,3.209
2007-04-28,30.434,0.002,48.04,1.979
2007-04-29,31.248,1.281,51.2,2.802
2007-04-30,30.564,1.185,54.05,2.022
2007-05-01,31.929,0.251,46.0,1.905
2007-05-02,32.695,0.086,41.97,1.318
2007-05-03,33.694,0.326,37.63,1.892
2007-05-04,33.723,0.076,38.8,2.512
2007-05-05,32.938,2.089,46.41,1.54
2007-05-06,31.672,9.544,52.14,0.81
2007-05-07,28.378,7.599,73.11,0.861
2007-05-08,29.436,8.345,64.37,2.515
2007-05-09,29.484,3.44,63.65,2.223
2007-05-10,29.466,1.689,64.34,1.54
2007-05-11,29.52,0.971,63.97,3.561
2007-05-12,28.448,7.494,68.59,3.449
2007-05-13,29.79,0.544,60.28,2.217
2007-05-14,30.245,0.945,59.06,2.826
2007-05-15,30.166,0.008,50.76,3.399
2007-05-16,30.106,0.455,55.4,3.228
2007-05-17,30.837,3.837,56.26,1.22
2007-05-18,30.025,3.722,64.16,1.063
2007-05-19,30.568,1.716,62.99,0.935
2007-05-20,30.148,1.301,65.42,1.321
2007-05-21,29.508,4.686,70.55,1.378
2007-05-22,32.352,0.003,50.81,0.823
2007-05-23,33.336,0.0,39.8,1.717
2007-05-24,33.284,0.003,36.08,0.176
2007-05-25,33.642,0.001,42.79,2.171
2007-05-26,32.586,1.74,55.01,3.315
2007-05-27,32.647,0.751,52.82,1.244
2007-05-28,32.973,0.003,35.88,0.824
2007-05-29,33.726,0.001,31.07,2.037
2007-05-30,34.426,0.0,25.99,2.817
2007-05-31,35.338,0.001,22.98,3.319
2007-06-01,35.601,0.001,23.67,2.149
2007-06-02,35.9,0.001,30.51,0.525
2007-06-03,33.901,0.865,49.38,4.362
2007-06-04,30.514,0.133,59.91,4.337
2007-06-05,31.522,0.513,56.78,3.381
2007-06-06,31.727,1.382,58.76,4.363
2007-06-07,30.826,0.226,64.22,5.126
2007-06-08,31.146,11.002,65.38,3.629
2007-06-09,27.476,32.44,83.77,3.887
2007-06-10,26.968,13.84,77.22,4.001
2007-06-11,28.268,0.088,74.97,3.388
2007-06-12,29.786,1.01,74.0,3.146
2007-06-13,28.645,26.475,80.99,3.442
2007-06-14,26.224,37.775,94.2,2.297
2007-06-15,25.758,39.09,96.54,1.76
2007-06-16,28.943,4.029,80.46,2.658
2007-06-17,29.002,6.869,81.27,1.461
2007-06-18,29.432,2.068,82.24,0.612
2007-06-19,29.268,4.042,80.7,1.582
2007-06-20,28.948,1.483,80.83,2.838
2007-06-21,30.395,7.298,75.62,2.511
2007-06-22,28.609,7.871,80.28,4.322
2007-06-23,28.837,2.476,79.52,4.089
2007-06-24,28.481,4.432,81.77,3.741
2007-06-25,29.379,0.511,75.51,2.286
2007-06-26,29.313,13.669,79.27,1.533
2007-06-27,29.347,4.579,80.13,1.663
2007-06-28,29.723,6.398,75.34,3.819
2007-06-29,29.754,0.932,70.83,7.529
2007-06-30,29.671,2.254,73.42,5.984
2007-07-01,27.884,6.866,84.92,3.584
2007-07-02,28.142,20.385,85.92,2.101
2007-07-03,28.188,18.804,87.0,0.755
2007-07-04,29.219,5.211,82.49,0.445
2007-07-05,28.765,5.832,86.02,0.657
2007-07-06,30.358,4.068,72.15,4.939
2007-07-07,29.112,2.617,75.84,7.536
2007-07-08,28.726,3.565,79.94,4.783
2007-07-09,29.134,3.158,80.43,1.458
2007-07-10,28.656,25.234,83.79,1.544
2007-07-11,27.75,5.361,87.55,0.927
2007-07-12,28.497,17.756,84.8,1.61
2007-07-13,27.505,9.289,90.37,1.365
2007-07-14,28.044,23.906,87.27,2.159
2007-07-15,27.381,16.747,89.36,1.874
2007-07-16,27.715,49.049,86.13,5.957
2007-07-17,26.015,47.182,95.0,4.189
2007-07-18,26.895,13.445,92.47,1.906
2007-07-19,27.435,46.984,91.39,1.955
2007-07-20,27.298,22.623,89.77,2.951
2007-07-21,27.603,7.182,87.79,1.916
2007-07-22,26.557,26.967,90.71,1.125
2007-07-23,25.364,21.451,95.22,2.346
2007-07-24,26.86,39.404,89.42,1.849
2007-07-25,25.606,58.346,95.42,1.438
2007-07-26,26.182,22.951,93.16,1.901
2007-07-27,25.195,27.749,96.51,2.416
2007-07-28,25.782,12.938,91.54,1.748
2007-07-29,26.518,20.033,90.42,0.905
2007-07-30,25.845,22.773,93.9,1.794
2007-07-31,27.392,5.258,86.59,0.743
2007-08-01,26.816,17.813,90.6,1.451
2007-08-02,26.701,18.133,89.73,2.612
2007-08-03,27.922,8.91,84.57,2.629
2007-08-04,29.412,2.802,81.62,1.81
2007-08-05,30.611,1.868,77.19,2.078
2007-08-06,30.19,4.606,74.52,4.809
2007-08-07,29.43,1.416,75.84,5.901
2007-08-08,29.069,1.42,78.49,3.752
2007-08-09,30.23,0.676,77.18,1.088
2007-08-10,31.49,0.55,73.65,1.827
2007-08-11,31.617,3.717,74.53,2.209
2007-08-12,28.061,9.969,91.9,0.968
2007-08-13,27.929,9.542,88.29,0.35
2007-08-14,27.021,52.419,91.69,1.831
2007-08-15,26.656,64.722,92.97,2.457
2007-08-16,27.173,16.714,89.46,1.472
2007-08-17,26.415,21.319,91.9,1.269
2007-08-18,27.397,24.331,87.58,1.612
2007-08-19,28.014,9.324,82.34,3.204
2007-08-20,28.887,0.785,75.54,4.82
2007-08-21,29.084,1.381,80.41,2.307
2007-08-22,29.951,0.673,76.69,0.605
2007-08-23,28.647,27.029,83.53,0.684
2007-08-24,27.573,10.609,87.86,1.232
2007-08-25,28.941,4.61,81.94,1.415
2007-08-26,27.955,22.852,86.39,2.027
2007-08-27,27.535,24.049,87.04,2.684
2007-08-28,27.978,8.939,84.66,2.972
2007-08-29,27.793,10.261,86.28,2.497
2007-08-30,26.842,13.076,89.09,2.18
2007-08-31,27.516,8.086,88.27,1.939
2007-09-01,27.949,11.482,85.58,1.96
2007-09-02,27.995,7.642,85.36,2.172
2007-09-03,27.662,7.487,87.28,2.398
2007-09-04,27.84,12.717,86.24,1.778
2007-09-05,26.526,13.463,89.67,3.535
2007-09-06,25.149,5.752,87.52,3.629
2007-09-07,25.211,5.827,90.96,2.854
2007-09-08,27.178,3.699,85.28,1.308
2007-09-09,27.239,7.802,87.1,0.842
2007-09-10,27.798,3.283,86.52,0.697
2007-09-11,28.182,3.816,85.77,0.453
2007-09-12,28.457,2.727,83.48,0.409
2007-09-13,28.229,1.9,85.16,1.434
2007-09-14,28.218,2.823,84.37,1.717
2007-09-15,27.993,11.453,85.53,1.481
2007-09-16,27.621,1.943,83.91,1.895
2007-09-17,27.907,10.388,86.79,1.697
2007-09-18,27.589,12.1,88.12,1.271
2007-09-19,28.824,2.284,82.53,1.161
2007-09-20,29.09,1.123,79.85,1.489
2007-09-21,29.834,0.001,66.41,2.823
2007-09-22,28.771,0.0,64.12,3.676
2007-09-23,27.241,4.5,69.75,7.157
2007-09-24,24.472,40.492,88.21,8.454
2007-09-25,23.903,148.913,92.95,7.209
2007-09-26,24.631,45.941,89.69,2.883
2007-09-27,26.517,7.418,87.67,1.803
2007-09-28,25.866,23.946,90.73,2.604
2007-09-29,26.129,14.697,90.16,1.904
2007-09-30,26.579,10.27,87.57,0.855
2007-10-01,27.577,0.708,83.52,0.168
2007-10-02,28.069,0.903,79.6,0.279
2007-10-03,28.319,0.302,79.97,0.279
2007-10-04,28.47,0.529,80.75,0.624
2007-10-05,28.712,0.176,80.61,0.884
2007-10-06,28.804,0.93,80.33,1.948
2007-10-07,28.473,0.126,74.54,2.121
2007-10-08,27.346,0.572,79.17,0.316
2007-10-09,26.817,0.476,81.79,0.536
2007-10-10,26.609,0.25,79.76,0.808
2007-10-11,25.994,1.045,83.32,0.585
2007-10-12,26.29,0.849,82.19,0.262
2007-10-13,26.694,0.633,79.29,0.088
2007-10-14,26.43,8.17,81.73,0.878
2007-10-15,25.359,18.289,87.47,2.339
2007-10-16,24.998,8.272,86.95,0.443
2007-10-17,23.963,4.078,87.19,0.588
2007-10-18,24.57,0.368,81.66,1.485
2007-10-19,24.033,0.39,81.61,1.648
2007-10-20,24.501,0.302,79.02,1.158
2007-10-21,24.071,0.227,78.3,0.373
2007-10-22,24.052,0.072,76.85,0.876
2007-10-23,23.946,0.231,78.33,1.844
2007-10-24,23.709,0.407,78.72,1.344
2007-10-25,24.128,0.011,74.92,1.234
2007-10-26,24.354,0.002,72.4,0.88
2007-10-27,24.861,0.006,71.28,0.643
2007-10-28,24.789,0.13,74.87,0.412
2007-10-29,24.365,0.425,75.74,1.349
2007-10-30,24.457,0.147,77.11,1.095
2007-10-31,24.715,0.427,76.36,0.558
2007-11-01,24.066,0.599,78.85,0.796
2007-11-02,23.37,0.055,73.07,0.757
2007-11-03,23.268,0.001,64.88,1.186
2007-11-04,23.165,0.003,66.81,0.927
2007-11-05,23.605,0.0,66.91,0.873
2007-11-06,23.571,0.164,70.78,1.076
2007-11-07,24.106,0.135,69.24,1.122
2007-11-08,24.196,0.103,70.95,1.214
2007-11-09,23.268,0.281,73.49,0.821
2007-11-10,22.594,0.003,68.04,1.329
2007-11-11,22.776,0.001,64.79,1.139
2007-11-12,21.908,0.0,68.03,0.996
2007-11-13,21.744,0.002,67.26,1.127
2007-11-14,21.689,0.0,62.37,1.167
2007-11-15,22.549,0.0,56.42,1.505
2007-11-16,21.949,0.003,62.87,0.472
2007-11-17,20.964,0.001,65.15,0.827
2007-11-18,20.602,0.001,60.46,1.175
2007-11-19,20.642,0.0,56.45,2.217
2007-11-20,20.237,0.001,63.25,2.103
2007-11-21,20.838,0.0,67.6,0.967
2007-11-22,20.969,0.003,68.15,1.317
2007-11-23,21.499,0.001,62.32,2.035
2007-11-24,20.807,0.001,66.37,1.821
2007-11-25,20.764,0.0,66.61,1.249
2007-11-26,20.209,0.001,63.42,0.944
2007-11-27,19.714,0.0,60.6,1.161
2007-11-28,20.128,0.001,61.98,0.224
2007-11-29,19.366,0.0,60.37,1.058
2007-11-30,19.811,0.0,60.0,0.465
2007-12-01,20.624,0.0,62.52,0.677
2007-12-02,19.814,0.0,67.26,0.914
2007-12-03,19.034,0.566,74.2,1.262
2007-12-04,18.61,0.001,68.98,1.915
2007-12-05,18.897,0.0,68.39,0.728
2007-12-06,19.074,0.001,67.95,1.565
2007-12-07,18.551,0.0,66.23,1.818
2007-12-08,17.784,0.0,61.44,2.18
2007-12-09,17.759,0.0,65.28,1.084
2007-12-10,17.838,0.001,62.69,1.553
2007-12-11,17.901,0.001,59.42,0.398
2007-12-12,18.499,0.0,61.26,0.927
2007-12-13,18.743,0.05,67.85,1.384
2007-12-14,19.021,0.001,66.3,2.555
2007-12-15,17.127,0.0,61.97,2.805
2007-12-16,15.832,0.0,58.68,2.517
2007-12-17,15.567,0.001,61.23,2.469
2007-12-18,15.363,0.001,62.6,1.944
2007-12-19,16.396,0.0,62.61,2.559
2007-12-20,15.973,0.001,57.17,2.874
2007-12-21,15.54,0.001,64.28,0.99
2007-12-22,16.083,0.003,64.62,0.969
2007-12-23,17.145,0.0,68.5,0.261
2007-12-24,17.777,0.0,68.33,1.466
2007-12-25,18.45,0.001,70.16,0.654
2007-12-26,18.812,0.001,68.5,0.722
2007-12-27,18.054,0.0,66.4,1.737
2007-12-28,16.434,0.001,65.77,1.669
2007-12-29,16.506,0.001,64.34,1.635
2007-12-30,16.036,0.0,64.73,2.345
2007-12-31,14.404,0.0,61.31,1.923
2008-01-01,15.142,0.001,63.83,1.456
2008-01-02,16.384,0.0,66.21,1.219
2008-01-03,17.599,0.001,58.07,2.308
2008-01-04,16.456,0.003,52.44,2.48
2008-01-05,15.881,0.001,60.53,1.956
2008-01-06,16.829,0.017,63.84,1.527
2008-01-07,17.395,0.001,65.88,1.915
2008-01-08,17.639,0.002,66.28,1.577
2008-01-09,18.709,0.001,66.58,2.4
2008-01-10,19.612,0.0,67.39,2.768
2008-01-11,20.677,0.001,47.94,4.111
2008-01-12,18.265,0.001,43.57,4.339
2008-01-13,15.859,0.0,60.05,2.135
2008-01-14,16.205,0.0,60.79,2.685
2008-01-15,15.68,0.0,60.67,1.017
2008-01-16,17.217,0.001,64.93,0.363
2008-01-17,18.119,0.002,69.37,0.378
2008-01-18,18.828,0.317,71.42,0.576
2008-01-19,19.201,0.433,67.38,0.7
2008-01-20,19.049,0.001,55.06,2.707
2008-01-21,15.701,0.002,51.37,3.464
2008-01-22,15.695,0.003,59.04,1.387
2008-01-23,14.494,1.634,75.56,2.191
2008-01-24,14.923,0.085,77.14,0.35
2008-01-25,16.143,0.012,68.25,0.837
2008-01-26,16.019,0.256,65.2,0.841
2008-01-27,16.08,0.029,54.48,3.479
2008-01-28,14.71,0.003,44.9,3.539
2008-01-29,14.506,0.488,54.03,1.143
2008-01-30,14.822,0.069,63.64,0.882
2008-01-31,14.018,0.428,66.41,1.844
2008-02-01,13.517,0.0,55.51,2.161
2008-02-02,13.801,0.0,55.38,0.991
2008-02-03,14.185,0.005,56.75,1.444
2008-02-04,16.444,0.0,55.09,1.402
2008-02-05,18.237,0.001,60.8,1.97
2008-02-06,19.479,0.001,65.1,0.589
2008-02-07,20.214,0.006,66.43,2.197
2008-02-08,18.447,0.519,78.48,1.725
2008-02-09,18.535,0.0,52.32,3.84
2008-02-10,16.543,0.001,51.94,3.348
2008-02-11,15.966,0.0,50.16,2.774
2008-02-12,16.141,0.004,45.28,3.354
2008-02-13,15.211,0.001,38.43,3.198
2008-02-14,15.538,0.0,48.16,1.4
2008-02-15,16.681,0.001,48.21,2.194
2008-02-16,17.736,0.001,50.79,0.553
2008-02-17,19.247,0.002,51.85,1.912
2008-02-18,20.492,1.822,51.35,1.613
2008-02-19,17.993,5.4,62.72,2.135
2008-02-20,18.14,0.322,65.18,1.792
2008-02-21,19.115,0.0,58.32,1.047
2008-02-22,20.295,0.001,56.66,0.686
2008-02-23,21.184,0.003,55.07,1.002
2008-02-24,22.11,0.001,53.74,0.98
2008-02-25,22.039,0.0,42.93,2.835
2008-02-26,19.815,0.001,40.08,2.453
2008-02-27,20.327,0.001,42.07,1.793
2008-02-28,21.074,0.001,47.03,1.179
2008-02-29,21.767,0.003,44.8,1.234
2008-03-01,22.365,0.002,43.35,0.201
2008-03-02,23.714,0.001,43.22,0.329
2008-03-03,23.73,0.042,50.04,1.486
2008-03-04,22.526,0.436,58.33,1.796
2008-03-05,22.747,0.229,60.24,2.692
2008-03-06,22.514,0.087,58.23,2.194
2008-03-07,23.583,0.002,51.2,1.124
2008-03-08,24.049,0.028,52.91,0.824
2008-03-09,25.084,0.0,49.8,0.933
2008-03-10,25.474,0.001,43.01,1.531
2008-03-11,24.659,0.001,44.74,1.565
2008-03-12,25.417,0.001,49.42,2.078
2008-03-13,26.66,0.035,42.16,2.464
2008-03-14,26.972,0.364,38.44,4.082
2008-03-15,25.7,0.001,40.03,3.474
2008-03-16,26.107,0.0,41.38,2.16
2008-03-17,26.67,0.091,40.0,0.713
2008-03-18,27.213,0.001,42.62,2.0
2008-03-19,27.244,0.001,46.7,1.723
2008-03-20,27.164,0.508,40.08,0.174
2008-03-21,27.274,0.047,33.25,1.947
2008-03-22,26.69,0.001,38.74,0.272
2008-03-23,27.105,0.054,44.2,1.31
2008-03-24,27.315,0.202,43.79,0.196
2008-03-25,27.332,0.001,31.19,1.901
2008-03-26,27.071,0.0,29.06,2.295
2008-03-27,27.96,0.0,25.76,3.578
2008-03-28,28.36,0.001,23.95,3.448
2008-03-29,28.637,0.005,23.28,2.405
2008-03-30,28.111,0.001,25.38,2.208
2008-03-31,27.845,0.002,30.38,1.289
2008-04-01,27.01,0.951,44.32,0.582
2008-04-02,27.152,0.113,45.04,0.998
2008-04-03,27.297,0.02,42.61,1.276
2008-04-04,27.353,0.554,42.51,0.898
2008-04-05,26.048,16.183,58.55,2.183
2008-04-06,23.892,2.261,73.24,0.452
2008-04-07,25.24,0.001,50.58,2.853
2008-04-08,26.114,0.0,44.86,2.556
2008-04-09,27.954,0.0,39.91,2.403
2008-04-10,28.973,0.001,34.92,2.555
2008-04-11,30.466,0.0,35.82,1.047
2008-04-12,30.344,2.082,41.74,1.429
2008-04-13,30.284,0.117,37.66,0.117
2008-04-14,30.376,0.001,41.31,1.381
2008-04-15,30.979,0.028,44.35,2.477
2008-04-16,30.7,0.571,47.31,2.269
2008-04-17,31.14,0.49,37.6,1.135
2008-04-18,31.357,0.001,22.27,3.336
2008-04-19,31.361,0.001,18.1,3.792
2008-04-20,31.869,0.0,15.71,3.302
2008-04-21,31.743,0.0,18.9,0.957
2008-04-22,32.695,0.002,26.77,0.219
2008-04-23,33.393,0.002,28.47,1.009
2008-04-24,33.421,0.001,26.12,0.376
2008-04-25,33.726,0.001,28.97,0.863
2008-04-26,33.08,0.001,30.47,0.202
2008-04-27,33.206,0.002,26.32,0.417
2008-04-28,33.08,0.002,32.85,0.405
2008-04-29,33.063,0.002,39.42,2.788
2008-04-30,32.559,0.001,44.15,3.403
2008-05-01,33.313,0.034,39.55,1.802
2008-05-02,32.684,1.174,38.78,1.944
2008-05-03,31.757,0.705,48.35,4.001
2008-05-04,32.009,0.442,45.55,4.495
2008-05-05,30.989,0.77,52.9,2.366
2008-05-06,30.85,2.245,53.4,2.018
2008-05-07,31.727,0.684,50.96,1.415
2008-05-08,31.735,0.506,46.93,0.876
2008-05-09,31.943,0.076,44.86,0.768
2008-05-10,32.339,0.019,42.85,0.72
2008-05-11,32.454,0.155,45.12,1.819
2008-05-12,32.525,0.353,42.49,1.307
2008-05-13,33.026,0.279,42.69,1.524
2008-05-14,32.993,0.445,44.18,1.605
2008-05-15,32.451,0.339,47.73,1.478
2008-05-16,32.596,0.734,49.59,0.823
2008-05-17,32.751,0.237,50.02,0.875
2008-05-18,32.564,1.453,50.44,2.137
2008-05-19,30.828,1.326,56.93,2.112
2008-05-20,29.862,3.719,61.38,1.816
2008-05-21,28.658,2.161,61.42,1.79
2008-05-22,28.573,6.815,69.75,1.618
2008-05-23,26.419,28.413,82.46,2.719
2008-05-24,25.807,31.74,87.21,2.29
2008-05-25,27.203,7.475,80.3,1.591
2008-05-26,28.422,0.337,74.8,1.16
2008-05-27,29.268,0.676,73.72,0.489
2008-05-28,30.327,0.01,64.75,0.528
2008-05-29,30.764,0.003,63.59,0.335
2008-05-30,30.701,0.3,61.75,1.063
2008-05-31,31.459,0.058,59.87,2.454
2008-06-01,31.924,0.16,58.84,2.323
2008-06-02,30.815,0.219,64.64,3.426
2008-06-03,30.217,0.413,66.62,3.398
2008-06-04,28.925,32.882,76.13,2.113
2008-06-05,27.1,8.219,82.61,2.056
2008-06-06,26.316,13.622,87.84,2.31
2008-06-07,27.595,3.428,80.29,3.166
2008-06-08,28.473,3.735,77.08,3.85
2008-06-09,28.1,7.303,79.26,4.052
2008-06-10,28.037,14.489,80.91,3.804
2008-06-11,28.316,4.035,80.56,4.095
2008-06-12,28.768,15.917,80.97,2.906
2008-06-13,28.03,19.196,85.93,1.819
2008-06-14,25.816,129.071,97.13,2.894
2008-06-15,26.779,8.705,90.62,2.274
2008-06-16,29.002,15.079,81.91,1.097
2008-06-17,28.706,13.581,80.97,2.502
2008-06-18,27.234,4.232,77.33,6.198
2008-06-19,24.699,25.281,95.31,4.16
2008-06-20,27.203,2.386,82.84,2.443
2008-06-21,27.267,6.659,85.02,3.258
2008-06-22,27.393,12.94,86.06,2.955
2008-06-23,27.268,12.775,86.41,2.803
2008-06-24,28.467,4.8,81.88,3.075
2008-06-25,29.508,5.442,79.76,2.686
2008-06-26,28.673,8.804,84.25,2.796
2008-06-27,28.769,5.662,81.78,3.4
2008-06-28,27.304,12.923,86.48,4.11
2008-06-29,25.946,9.855,92.1,4.871
2008-06-30,26.661,15.178,88.78,3.926
2008-07-01,26.359,23.577,92.7,3.244
2008-07-02,27.105,10.463,88.84,2.111
2008-07-03,27.772,10.543,86.94,3.433
2008-07-04,27.313,12.929,88.82,2.423
2008-07-05,27.054,20.117,90.44,2.055
2008-07-06,27.674,5.645,86.4,1.813
2008-07-07,29.679,2.339,79.0,0.396
2008-07-08,29.726,4.815,76.95,2.393
2008-07-09,28.831,10.35,78.04,4.863
2008-07-10,28.399,9.273,82.2,3.822
2008-07-11,27.617,23.131,86.33,2.127
2008-07-12,27.083,23.659,90.04,0.479
2008-07-13,26.526,29.677,93.57,0.829
2008-07-14,27.351,27.913,88.5,1.703
2008-07-15,25.72,34.402,97.07,1.138
2008-07-16,26.522,4.568,92.21,1.594
2008-07-17,27.866,9.26,86.84,0.161
2008-07-18,27.788,25.404,87.79,1.768
2008-07-19,27.014,10.259,88.06,4.006
2008-07-20,26.042,8.643,94.25,2.818
2008-07-21,26.316,28.711,94.18,1.838
2008-07-22,26.973,34.914,90.44,1.581
2008-07-23,25.864,44.31,95.83,3.865
2008-07-24,25.973,9.699,92.94,1.854
2008-07-25,27.146,21.695,88.8,2.757
2008-07-26,27.633,11.555,86.19,3.255
2008-07-27,28.177,7.924,82.95,3.508
2008-07-28,29.351,10.155,77.4,4.308
2008-07-29,29.365,1.029,73.81,5.14
2008-07-30,28.546,3.342,80.79,3.878
2008-07-31,29.357,1.064,77.26,4.133
2008-08-01,28.815,6.504,80.44,4.143
2008-08-02,28.397,13.71,82.27,3.19
2008-08-03,27.317,12.588,87.15,3.095
2008-08-04,28.543,6.224,81.96,3.195
2008-08-05,28.648,1.629,79.6,3.169
2008-08-06,27.869,14.352,85.03,2.456
2008-08-07,27.529,15.904,87.19,2.271
2008-08-08,29.554,1.728,82.38,0.107
2008-08-09,29.793,10.101,81.01,2.024
2008-08-10,28.721,1.35,78.57,6.09
2008-08-11,27.696,8.126,83.17,6.041
2008-08-12,27.074,18.017,87.73,3.764
2008-08-13,26.266,14.198,91.11,2.849
2008-08-14,25.851,20.853,93.09,3.414
2008-08-15,26.351,19.169,92.29,2.849
2008-08-16,26.634,13.808,90.65,3.083
2008-08-17,27.118,11.628,89.12,2.079
2008-08-18,26.859,22.832,91.1,1.792
2008-08-19,25.88,27.052,94.79,2.993
2008-08-20,26.542,23.151,89.21,3.263
2008-08-21,27.776,7.092,84.24,2.836
2008-08-22,27.807,11.106,85.63,2.087
2008-08-23,28.593,4.771,83.59,1.722
2008-08-24,28.883,6.503,83.55,1.732
2008-08-25,28.414,1.821,83.98,2.496
2008-08-26,27.904,15.427,86.95,1.539
2008-08-27,27.374,22.346,88.87,0.184
2008-08-28,26.664,16.141,90.9,0.852
2008-08-29,26.87,5.951,91.07,1.217
2008-08-30,28.161,4.819,85.02,1.139
2008-08-31,28.7,2.14,82.12,0.834
2008-09-01,28.751,1.876,83.9,0.319
2008-09-02,29.025,2.731,84.88,0.227
2008-09-03,28.642,15.269,82.82,0.749
2008-09-04,27.314,11.64,86.16,0.692
2008-09-05,26.918,3.537,84.87,0.424
2008-09-06,27.471,1.318,83.12,1.1
2008-09-07,27.841,0.719,81.57,1.004
2008-09-08,28.613,0.961,80.01,1.489
2008-09-09,28.517,2.323,80.11,2.752
2008-09-10,28.559,2.864,82.47,2.553
2008-09-11,28.987,1.782,80.38,2.481
2008-09-12,28.05,6.055,85.06,2.016
2008-09-13,28.671,6.396,83.34,1.483
2008-09-14,29.126,0.447,79.83,0.931
2008-09-15,29.065,0.9,78.84,1.019
2008-09-16,28.444,6.48,79.8,2.83
2008-09-17,28.088,2.797,78.18,5.972
2008-09-18,27.689,0.987,79.75,6.959
2008-09-19,27.043,2.974,85.14,4.237
2008-09-20,28.254,2.999,84.32,1.248
2008-09-21,28.098,8.091,82.11,0.875
2008-09-22,26.321,8.395,89.37,0.921
2008-09-23,27.014,3.787,85.62,0.166
2008-09-24,26.795,7.401,87.79,0.311
2008-09-25,26.883,6.092,85.55,1.498
2008-09-26,27.541,1.304,82.63,1.998
2008-09-27,27.755,0.095,78.9,1.457
2008-09-28,27.284,13.864,84.29,0.082
2008-09-29,24.855,99.959,92.4,1.896
2008-09-30,26.887,0.392,81.56,2.23
2008-10-01,27.776,0.078,78.85,0.691
2008-10-02,28.109,3.015,78.35,0.315
2008-10-03,27.262,0.862,84.28,1.363
2008-10-04,26.975,3.506,86.09,0.635
2008-10-05,27.104,2.21,83.84,1.126
2008-10-06,26.153,4.45,85.29,1.549
2008-10-07,26.077,2.714,83.98,0.221
2008-10-08,25.725,3.004,84.71,0.518
2008-10-09,25.769,1.42,85.66,0.607
2008-10-10,25.895,0.893,85.21,0.387
2008-10-11,25.913,0.569,83.28,0.571
2008-10-12,25.768,0.084,77.97,0.864
2008-10-13,26.208,0.002,75.86,0.722
2008-10-14,26.661,0.07,75.16,0.851
2008-10-15,26.263,0.246,78.64,0.911
2008-10-16,26.089,0.02,76.51,0.933
2008-10-17,26.127,0.012,75.29,1.384
2008-10-18,25.435,0.0,72.14,1.626
2008-10-19,25.366,0.003,73.89,1.7
2008-10-20,25.298,0.016,72.55,1.65
2008-10-21,25.145,0.0,69.76,1.536
2008-10-22,24.608,0.0,71.6,0.849
2008-10-23,24.309,0.002,68.63,1.19
2008-10-24,24.866,0.003,65.75,0.755
2008-10-25,24.938,0.105,70.0,1.184
2008-10-26,24.288,0.551,70.01,2.156
2008-10-27,23.145,0.0,68.21,0.333
2008-10-28,23.442,0.05,73.04,1.848
2008-10-29,23.721,0.002,71.94,0.611
2008-10-30,24.045,0.249,72.16,0.791
2008-10-31,24.207,0.19,71.48,0.856
2008-11-01,23.735,0.021,71.69,1.041
2008-11-02,23.85,0.0,69.94,1.107
2008-11-03,23.902,0.0,68.36,0.11
2008-11-04,23.895,0.002,65.8,0.613
2008-11-05,23.246,0.624,77.86,1.028
2008-11-06,23.96,0.049,72.3,0.744
2008-11-07,23.748,0.0,69.0,1.057
2008-11-08,23.537,0.001,65.78,0.691
2008-11-09,22.932,0.001,66.59,1.212
2008-11-10,22.798,0.0,64.87,1.124
2008-11-11,23.064,0.002,65.16,0.456
2008-11-12,23.26,0.0,64.66,0.179
2008-11-13,23.039,0.0,64.67,0.952
2008-11-14,23.004,0.0,66.47,0.645
2008-11-15,22.516,0.001,66.42,0.446
2008-11-16,22.058,0.003,65.74,1.094
2008-11-17,21.629,0.0,64.77,1.354
2008-11-18,21.862,0.001,65.2,0.549
2008-11-19,21.523,0.162,68.15,0.823
2008-11-20,22.528,0.003,66.77,1.758
2008-11-21,22.332,0.002,57.47,3.171
2008-11-22,19.273,0.001,55.32,2.523
2008-11-23,19.01,0.002,58.04,1.85
2008-11-24,19.06,0.0,61.74,1.368
2008-11-25,19.913,0.0,62.45,0.833
2008-11-26,20.578,0.001,65.22,1.047
2008-11-27,20.671,0.002,60.7,1.438
2008-11-28,20.703,0.001,63.59,1.57
2008-11-29,20.718,0.001,67.52,0.958
2008-11-30,20.876,0.003,62.23,0.563
2008-12-01,20.48,0.023,65.72,0.722
2008-12-02,20.822,0.001,63.45,0.968
2008-12-03,21.482,0.0,62.52,1.462
2008-12-04,20.945,0.076,68.47,0.51
2008-12-05,21.447,0.003,64.59,0.325
2008-12-06,21.075,0.001,65.37,1.171
2008-12-07,21.906,0.001,62.27,1.083
2008-12-08,21.427,0.017,70.39,0.741
2008-12-09,21.354,0.001,68.99,1.331
2008-12-10,21.513,0.002,69.01,0.822
2008-12-11,21.034,0.002,72.65,0.855
2008-12-12,20.916,0.0,74.02,0.964
2008-12-13,20.704,0.0,70.51,1.713
2008-12-14,18.868,0.002,62.2,2.485
2008-12-15,17.831,0.001,69.78,1.14
2008-12-16,18.119,0.002,73.85,0.693
2008-12-17,19.157,0.0,73.99,1.485
2008-12-18,19.639,0.001,75.88,1.048
2008-12-19,19.578,0.001,76.99,0.254
2008-12-20,19.681,0.002,77.76,0.663
2008-12-21,19.646,0.061,74.35,0.41
2008-12-22,19.53,0.262,76.3,0.269
2008-12-23,18.547,0.1,73.67,1.307
2008-12-24,18.078,0.001,71.21,1.515
2008-12-25,18.411,0.004,68.98,1.51
2008-12-26,17.882,0.015,69.7,0.77
2008-12-27,17.951,0.003,69.39,1.426
2008-12-28,17.64,0.021,72.63,1.129
2008-12-29,17.891,0.005,69.18,1.079
2008-12-30,17.962,0.015,69.2,0.847
2008-12-31,17.514,0.001,68.83,1.083
2009-01-01,16.796,0.0,67.71,1.696
2009-01-02,15.778,0.0,68.28,1.302
2009-01-03,15.952,0.001,69.33,0.949
2009-01-04,15.873,0.001,71.99,1.143
2009-01-05,16.229,0.0,70.7,0.076
2009-01-06,16.92,0.003,67.52,1.424
2009-01-07,17.683,0.0,71.54,1.745
2009-01-08,17.948,0.092,74.0,0.796
2009-01-09,18.178,0.001,73.69,1.221
2009-01-10,18.919,0.0,72.89,1.787
2009-01-11,18.632,0.0,71.96,2.722
2009-01-12,17.192,0.001,70.63,1.979
2009-01-13,17.047,0.0,72.74,1.178
2009-01-14,17.43,0.001,67.22,1.462
2009-01-15,17.944,0.0,67.36,1.107
2009-01-16,18.254,0.002,69.85,1.052
2009-01-17,18.845,0.002,70.87,1.337
2009-01-18,19.337,0.001,73.83,1.864
2009-01-19,19.045,0.002,73.08,2.334
2009-01-20,17.964,0.0,64.99,2.919
2009-01-21,17.008,0.001,69.34,1.138
2009-01-22,18.424,0.001,73.4,1.512
2009-01-23,18.83,0.002,75.28,1.082
2009-01-24,19.847,0.004,74.02,1.76
2009-01-25,19.813,0.004,77.43,0.782
2009-01-26,20.461,0.003,76.49,2.777
2009-01-27,21.046,0.002,67.76,3.64
2009-01-28,18.84,0.0,59.72,3.608
2009-01-29,17.863,0.003,67.63,1.719
2009-01-30,18.469,0.001,65.83,2.554
2009-01-31,17.715,0.0,57.94,2.727
2009-02-01,17.379,0.001,61.54,2.295
2009-02-02,17.608,0.001,60.14,1.412
2009-02-03,18.536,0.001,63.93,1.587
2009-02-04,18.842,0.0,64.94,0.904
2009-02-05,19.559,0.001,64.73,1.117
2009-02-06,20.023,0.001,63.79,0.851
2009-02-07,20.102,0.0,55.79,2.119
2009-02-08,19.867,0.005,54.03,2.328
2009-02-09,19.478,0.0,58.71,1.126
2009-02-10,20.615,0.0,56.07,0.592
2009-02-11,21.453,0.02,55.3,0.659
2009-02-12,20.375,0.0,58.24,3.657
2009-02-13,19.608,0.003,61.52,1.982
2009-02-14,20.839,0.002,57.53,2.427
2009-02-15,22.068,0.001,51.5,3.41
2009-02-16,20.704,0.0,44.26,2.792
2009-02-17,20.334,0.002,44.92,2.7
2009-02-18,20.839,0.0,49.96,2.635
2009-02-19,20.882,0.0,48.34,2.621
2009-02-20,22.043,0.0,47.82,2.532
2009-02-21,24.168,0.001,32.35,5.174
2009-02-22,24.026,0.0,27.33,4.838
2009-02-23,22.94,0.001,42.98,2.52
2009-02-24,23.131,0.001,46.45,2.07
2009-02-25,25.127,0.001,38.12,4.42
2009-02-26,24.314,0.002,31.89,4.496
2009-02-27,23.698,0.001,28.76,4.57
2009-02-28,22.354,0.001,27.7,4.296
2009-03-01,20.43,0.001,36.47,0.72
2009-03-02,21.853,0.002,43.33,2.129
2009-03-03,22.768,0.0,47.51,0.3
2009-03-04,24.238,0.002,52.94,0.741
2009-03-05,26.147,0.001,43.98,2.536
2009-03-06,24.986,0.0,37.42,3.556
2009-03-07,24.807,0.002,36.29,2.641
2009-03-08,25.771,0.001,33.84,2.906
2009-03-09,25.728,0.051,36.69,2.277
2009-03-10,26.212,0.0,30.31,3.439
2009-03-11,24.757,0.015,25.16,4.291
2009-03-12,23.25,0.001,37.77,1.925
2009-03-13,24.445,0.001,38.74,1.1
2009-03-14,25.659,0.001,36.2,1.224
2009-03-15,25.829,0.001,36.49,1.714
2009-03-16,26.154,0.034,31.12,0.915
2009-03-17,26.378,0.002,31.68,0.485
2009-03-18,26.965,0.007,29.37,0.593
2009-03-19,26.806,0.001,28.45,0.668
2009-03-20,26.97,0.195,38.88,3.145
2009-03-21,27.26,0.539,36.8,1.035
2009-03-22,26.412,0.011,40.47,0.741
2009-03-23,26.684,0.002,38.58,0.842
2009-03-24,27.32,0.002,32.31,1.286
2009-03-25,27.21,0.548,39.27,0.769
2009-03-26,26.173,1.67,39.16,1.463
2009-03-27,26.219,0.0,36.83,0.569
2009-03-28,27.15,0.006,39.6,1.237
2009-03-29,27.901,0.279,41.96,1.064
2009-03-30,27.606,0.055,47.77,0.851
2009-03-31,26.933,0.002,38.6,0.791
2009-04-01,27.519,-0.0,39.68,1.684
2009-04-02,28.651,0.003,43.85,2.675
2009-04-03,29.379,0.002,45.2,2.092
2009-04-04,29.174,0.0,44.98,2.289
2009-04-05,29.062,0.001,43.13,0.897
2009-04-06,29.915,0.002,37.92,0.828
2009-04-07,29.887,0.001,28.43,2.084
2009-04-08,31.139,0.186,22.19,2.605
2009-04-09,30.246,0.133,27.73,1.917
2009-04-10,29.765,0.001,24.02,3.647
2009-04-11,29.267,0.001,24.92,2.253
2009-04-12,30.096,0.0,28.62,0.585
2009-04-13,31.758,0.002,28.19,0.759
2009-04-14,32.848,0.001,32.92,2.279
2009-04-15,32.87,0.0,31.97,1.82
2009-04-16,33.687,0.003,29.36,1.749
2009-04-17,33.699,0.035,22.21,2.254
2009-04-18,32.916,0.001,16.55,4.502
2009-04-19,32.086,0.001,22.05,0.579
2009-04-20,32.865,0.0,36.73,3.183
2009-04-21,32.671,0.005,43.95,2.515
2009-04-22,33.25,0.0,29.82,1.631
2009-04-23,33.771,0.0,10.99,4.931
2009-04-24,33.03,0.001,10.83,4.226
2009-04-25,33.232,0.003,11.86,2.869
2009-04-26,32.41,0.003,10.38,3.16
2009-04-27,32.688,0.003,13.72,2.333
2009-04-28,33.795,0.003,24.64,3.241
2009-04-29,33.637,0.031,43.85,3.572
2009-04-30,31.768,0.362,53.53,3.875
2009-05-01,30.614,0.155,55.91,4.954
2009-05-02,31.59,0.001,50.35,4.87
2009-05-03,31.232,0.985,50.41,2.774
2009-05-04,32.103,0.121,45.28,1.718
2009-05-05,32.583,0.209,44.69,1.091
2009-05-06,33.237,0.0,29.64,2.324
2009-05-07,33.546,0.002,19.08,3.518
2009-05-08,33.87,0.0,17.28,3.658
2009-05-09,34.48,0.001,18.31,2.514
2009-05-10,32.951,0.533,36.02,2.083
2009-05-11,30.119,21.583,52.84,1.479
2009-05-12,25.052,32.183,72.82,3.692
2009-05-13,25.68,3.664,71.44,2.243
2009-05-14,27.611,0.657,63.88,3.141
2009-05-15,27.864,12.927,68.57,3.832
2009-05-16,27.495,1.152,74.48,3.884
2009-05-17,28.438,0.589,71.01,3.755
2009-05-18,29.018,0.129,67.56,3.406
2009-05-19,29.521,0.044,65.42,3.446
2009-05-20,28.601,12.923,77.69,2.986
2009-05-21,27.991,5.604,76.22,3.272
2009-05-22,27.689,8.552,77.77,3.95
2009-05-23,28.341,2.579,73.5,3.198
2009-05-24,29.351,1.196,72.45,2.536
2009-05-25,25.54,18.681,86.92,1.674
2009-05-26,28.914,0.227,66.97,1.029
2009-05-27,28.073,0.517,74.83,3.563
2009-05-28,28.872,2.204,73.86,3.159
2009-05-29,28.245,4.043,76.7,2.525
2009-05-30,29.473,16.25,69.98,1.746
2009-05-31,26.803,9.583,81.34,1.276
2009-06-01,28.586,0.593,74.36,0.987
2009-06-02,30.133,1.36,68.41,0.453
2009-06-03,29.438,0.52,71.96,2.875
2009-06-04,29.175,6.01,78.69,2.891
2009-06-05,30.413,1.259,69.55,2.894
2009-06-06,29.526,2.677,74.15,1.812
2009-06-07,30.328,0.377,67.01,0.541
2009-06-08,31.09,0.002,53.97,1.029
2009-06-09,31.106,0.0,50.68,1.377
2009-06-10,31.416,0.308,64.15,3.796
2009-06-11,30.452,0.036,67.86,4.225
2009-06-12,30.512,0.904,65.99,3.007
2009-06-13,30.597,0.456,66.38,3.017
2009-06-14,32.118,0.035,61.69,1.744
2009-06-15,32.519,0.002,58.8,1.862
2009-06-16,33.073,0.001,47.89,0.025
2009-06-17,33.09,0.002,43.66,0.296
2009-06-18,33.646,0.002,42.81,0.552
2009-06-19,34.565,0.001,41.56,0.984
2009-06-20,35.04,0.003,46.58,2.475
2009-06-21,34.629,0.019,51.13,2.611
2009-06-22,34.479,0.217,53.64,3.873
2009-06-23,33.339,0.205,57.74,4.589
2009-06-24,28.822,29.155,78.36,4.071
2009-06-25,30.246,6.813,75.07,4.173
2009-06-26,31.435,1.469,69.46,4.43
2009-06-27,29.479,11.139,78.56,4.464
2009-06-28,28.926,22.787,82.5,3.289
2009-06-29,28.327,23.351,85.91,1.929
2009-06-30,26.239,24.931,95.24,1.203
2009-07-01,27.419,16.362,89.49,0.746
2009-07-02,27.694,7.382,87.67,0.908
2009-07-03,27.934,8.491,84.63,1.672
2009-07-04,28.186,2.981,83.53,2.868
2009-07-05,28.583,9.518,81.49,2.973
2009-07-06,28.749,10.15,82.78,3.174
2009-07-07,29.289,4.702,79.76,4.082
2009-07-08,28.936,2.746,78.57,5.282
2009-07-09,29.2,2.507,78.32,4.851
2009-07-10,28.907,1.904,77.3,5.138
2009-07-11,29.523,0.905,74.82,3.167
2009-07-12,29.091,4.683,80.87,2.422
2009-07-13,30.811,2.537,74.46,2.585
2009-07-14,30.302,4.664,75.78,3.453
2009-07-15,30.479,0.219,68.76,6.596
2009-07-16,29.475,2.224,75.91,5.783
2009-07-17,30.028,1.694,75.94,3.554
2009-07-18,30.451,13.874,76.83,1.745
2009-07-19,29.622,7.675,81.74,0.524
2009-07-20,30.446,6.051,76.11,2.314
2009-07-21,30.589,0.431,70.85,5.405
2009-07-22,28.749,10.264,77.77,5.024
2009-07-23,28.508,6.321,83.54,2.609
2009-07-24,29.759,3.144,81.18,1.137
2009-07-25,30.353,4.034,78.22,1.748
2009-07-26,29.163,10.15,83.56,0.729
2009-07-27,27.002,106.709,93.73,0.849
2009-07-28,26.567,96.597,93.72,2.175
2009-07-29,27.295,61.522,89.27,1.855
2009-07-30,27.991,10.37,86.48,2.019
2009-07-31,29.632,3.429,79.5,2.007
2009-08-01,28.662,20.067,85.63,1.327
2009-08-02,27.66,17.449,90.21,0.5
2009-08-03,28.673,16.371,86.68,0.884
2009-08-04,29.044,30.677,86.56,1.032
2009-08-05,28.285,19.524,89.27,0.172
2009-08-06,27.754,29.136,92.81,0.584
2009-08-07,27.646,9.116,89.15,1.478
2009-08-08,28.103,9.875,84.26,1.883
2009-08-09,27.172,15.33,90.75,1.022
2009-08-10,28.233,15.623,86.76,2.705
2009-08-11,28.657,9.638,84.22,3.599
2009-08-12,28.681,5.76,83.13,3.034
2009-08-13,27.642,39.159,89.71,2.372
2009-08-14,26.511,18.02,92.76,3.71
2009-08-15,26.357,10.685,90.82,4.6
2009-08-16,26.211,33.38,93.76,2.668
2009-08-17,26.995,28.851,92.41,0.756
2009-08-18,27.094,25.252,89.76,0.214
2009-08-19,26.74,18.492,90.87,0.764
2009-08-20,27.398,8.116,86.69,1.211
2009-08-21,27.239,11.643,87.98,1.157
2009-08-22,27.817,7.95,84.82,1.037
2009-08-23,27.253,4.265,86.63,1.758
2009-08-24,26.602,6.586,88.39,2.859
2009-08-25,28.728,3.25,78.92,3.283
2009-08-26,28.033,13.186,80.32,4.16
2009-08-27,27.078,14.397,80.48,6.077
2009-08-28,27.848,3.443,81.13,4.99
2009-08-29,27.853,11.385,85.72,2.569
2009-08-30,27.896,29.048,86.27,1.98
2009-08-31,27.882,14.924,87.7,1.507
2009-09-01,28.887,8.19,84.32,1.335
2009-09-02,28.808,7.49,82.8,2.271
2009-09-03,28.764,5.024,84.91,1.664
2009-09-04,28.361,9.187,83.96,2.494
2009-09-05,28.423,9.881,81.81,2.938
2009-09-06,26.481,31.162,88.14,4.362
2009-09-07,27.893,13.511,83.52,5.196
2009-09-08,28.88,6.108,77.3,5.548
2009-09-09,25.778,18.758,88.91,7.005
2009-09-10,26.999,17.186,86.8,3.918
2009-09-11,27.479,2.589,87.75,1.327
2009-09-12,28.084,1.727,84.65,1.239
2009-09-13,28.6,0.929,84.48,1.692
2009-09-14,28.764,0.865,81.16,1.251
2009-09-15,28.781,1.134,81.69,0.894
2009-09-16,28.435,3.046,84.94,0.895
2009-09-17,27.981,4.628,86.69,1.276
2009-09-18,27.851,2.148,85.78,1.528
2009-09-19,28.061,1.016,81.33,0.436
2009-09-20,28.446,1.172,81.68,1.229
2009-09-21,28.153,1.455,82.14,2.147
2009-09-22,27.503,1.139,83.72,2.453
2009-09-23,27.436,2.955,83.27,2.043
2009-09-24,27.311,5.426,83.48,1.694
2009-09-25,27.186,3.13,83.19,1.895
2009-09-26,28.369,0.822,80.35,1.015
2009-09-27,30.059,0.018,75.77,0.603
2009-09-28,29.827,1.051,76.26,1.324
2009-09-29,29.439,1.805,79.68,1.337
2009-09-30,29.435,0.944,76.51,2.127
2009-10-01,29.737,0.287,75.19,2.688
2009-10-02,28.051,0.647,80.38,0.469
2009-10-03,28.091,7.732,77.47,1.721
2009-10-04,27.776,7.316,78.97,3.423
2009-10-05,26.347,7.633,84.73,4.155
2009-10-06,25.999,17.596,88.14,4.379
2009-10-07,25.135,28.121,94.26,2.7
2009-10-08,24.81,6.477,91.94,0.527
2009-10-09,25.973,0.088,78.8,2.172
2009-10-10,26.211,0.831,82.02,0.798
2009-10-11,26.524,0.144,78.29,0.321
2009-10-12,25.706,0.077,75.68,1.037
2009-10-13,24.99,0.002,73.6,1.632
2009-10-14,24.492,0.001,67.54,1.497
2009-10-15,25.131,0.0,69.65,1.399
2009-10-16,25.961,0.064,74.7,1.698
2009-10-17,25.674,0.052,73.51,2.126
2009-10-18,24.587,0.0,68.43,2.468
2009-10-19,23.609,0.0,65.5,2.652
2009-10-20,22.762,0.0,62.89,2.34
2009-10-21,23.012,0.0,67.6,0.607
2009-10-22,23.85,0.003,69.8,0.894
2009-10-23,24.093,0.001,64.65,1.847
2009-10-24,22.603,0.001,63.01,1.739
2009-10-25,22.765,0.0,60.51,1.593
2009-10-26,22.746,0.002,62.46,1.536
2009-10-27,22.903,0.001,61.54,1.307
2009-10-28,23.607,0.001,62.21,0.897
2009-10-29,24.32,0.001,59.52,1.598
2009-10-30,23.831,0.003,62.71,1.626
2009-10-31,24.047,0.0,61.6,0.301
2009-11-01,24.06,0.0,62.57,0.987
2009-11-02,24.85,0.002,65.04,1.543
2009-11-03,25.145,0.001,66.2,1.514
2009-11-04,25.323,0.001,64.31,0.694
2009-11-05,24.992,0.0,60.61,1.016
2009-11-06,24.605,0.002,57.6,1.198
2009-11-07,23.722,0.002,56.66,1.641
2009-11-08,22.798,0.0,59.14,1.421
2009-11-09,23.049,0.001,56.07,2.315
2009-11-10,23.028,0.0,61.56,2.194
2009-11-11,23.514,0.0,62.19,0.465
2009-11-12,23.813,0.001,64.13,1.7
2009-11-13,25.193,0.0,64.85,0.648
2009-11-14,25.673,0.001,66.79,3.653
2009-11-15,25.599,0.002,65.45,4.582
2009-11-16,23.603,0.693,72.52,4.132
2009-11-17,20.483,0.538,76.04,3.131
2009-11-18,22.163,0.0,66.9,3.121
2009-11-19,20.17,0.001,49.51,3.152
2009-11-20,18.63,0.001,51.45,1.066
2009-11-21,18.427,0.0,57.62,0.782
2009-11-22,19.353,0.001,56.53,1.957
2009-11-23,19.924,0.001,59.29,2.225
2009-11-24,19.623,0.0,58.25,2.098
2009-11-25,19.427,0.0,56.34,1.864
2009-11-26,19.679,0.002,56.67,0.79
2009-11-27,19.61,0.001,57.96,0.647
2009-11-28,20.079,0.0,57.69,0.911
2009-11-29,19.822,0.002,56.27,1.767
2009-11-30,20.068,0.001,60.69,1.418
2009-12-01,20.254,0.001,58.77,1.545
2009-12-02,20.194,0.0,59.26,1.798
2009-12-03,19.884,0.0,65.17,1.183
2009-12-04,19.949,0.001,63.11,1.512
2009-12-05,19.534,0.002,63.26,1.554
2009-12-06,19.147,0.0,58.5,2.193
2009-12-07,18.88,0.001,58.6,2.391
2009-12-08,18.232,0.0,56.52,1.544
2009-12-09,18.136,0.0,53.97,0.584
2009-12-10,18.086,0.002,57.14,0.551
2009-12-11,18.755,0.003,62.61,0.473
2009-12-12,19.083,0.001,67.65,1.075
2009-12-13,19.194,0.003,71.11,0.542
2009-12-14,19.121,0.001,64.42,2.231
2009-12-15,18.787,0.0,62.71,1.358
2009-12-16,19.825,0.001,61.09,2.695
2009-12-17,19.913,0.0,62.1,2.262
2009-12-18,19.22,0.001,60.77,1.906
2009-12-19,18.259,0.001,54.37,2.746
2009-12-20,16.467,0.0,58.54,2.013
2009-12-21,16.564,0.001,57.98,2.32
2009-12-22,16.11,0.001,61.5,2.166
2009-12-23,15.651,0.001,60.34,2.248
2009-12-24,15.635,0.0,53.52,2.744
2009-12-25,15.452,0.002,57.86,1.028
2009-12-26,15.55,0.001,60.95,1.014
2009-12-27,15.6,0.0,61.2,0.6
2009-12-28,15.538,0.001,56.01,2.473
2009-12-29,15.207,0.002,61.03,1.006
2009-12-30,16.38,3.389,63.09,1.628
2009-12-31,14.891,0.0,67.87,2.84
2010-01-01,14.446,0.0,71.18,1.862
2010-01-02,15.46,0.001,69.57,2.304
2010-01-03,15.71,0.001,71.21,2.376
2010-01-04,16.484,0.001,72.57,3.223
2010-01-05,15.545,0.003,75.41,1.819
2010-01-06,14.942,0.0,71.92,1.644
2010-01-07,16.209,0.001,71.21,1.351
2010-01-08,16.483,0.0,72.31,2.065
2010-01-09,16.066,0.0,72.64,2.356
2010-01-10,15.034,0.002,74.32,2.549
2010-01-11,14.018,0.004,77.07,2.22
2010-01-12,13.674,0.0,78.51,0.982
2010-01-13,15.994,3.981,74.73,0.62
2010-01-14,16.912,0.001,75.43,2.646
2010-01-15,16.248,0.007,77.02,1.99
2010-01-16,16.293,0.003,76.89,2.356
2010-01-17,16.397,0.001,75.58,2.384
2010-01-18,15.761,0.0,78.42,2.156
2010-01-19,16.172,0.001,78.56,2.396
2010-01-20,16.539,0.001,75.39,2.005
2010-01-21,16.667,0.0,73.77,2.283
2010-01-22,16.821,0.001,73.0,1.914
2010-01-23,16.952,0.001,73.55,1.618
2010-01-24,17.496,0.001,69.58,0.439
2010-01-25,17.763,0.0,69.39,0.935
2010-01-26,18.073,0.001,69.5,2.242
2010-01-27,18.304,0.014,74.92,2.0
2010-01-28,17.714,0.001,66.5,1.486
2010-01-29,17.937,0.001,65.84,1.889
2010-01-30,18.417,0.003,68.55,2.551
2010-01-31,17.403,0.003,59.33,1.966
2010-02-01,17.784,0.002,54.23,2.432
2010-02-02,18.156,0.004,47.93,3.266
2010-02-03,17.653,0.004,48.01,3.266
2010-02-04,17.239,0.002,49.11,2.785
2010-02-05,17.508,0.002,54.05,2.293
2010-02-06,18.352,0.002,60.91,1.078
2010-02-07,19.549,0.002,63.8,0.537
2010-02-08,20.802,0.0,63.96,0.593
2010-02-09,19.322,2.629,75.27,1.504
2010-02-10,20.089,0.001,67.84,2.537
2010-02-11,20.61,0.001,62.48,2.723
2010-02-12,15.173,11.727,84.24,1.786
2010-02-13,17.97,0.002,76.52,3.429
2010-02-14,18.582,0.001,68.86,3.29
2010-02-15,18.832,0.0,61.98,2.106
2010-02-16,19.62,0.0,59.93,1.738
2010-02-17,20.891,0.003,46.96,3.804
2010-02-18,19.205,0.001,46.11,4.065
2010-02-19,18.565,0.0,60.44,2.321
2010-02-20,19.376,0.001,56.8,2.202
2010-02-21,20.25,0.0,57.61,0.613
2010-02-22,21.009,0.0,61.43,0.459
2010-02-23,21.963,0.284,61.83,1.788
2010-02-24,22.25,0.0,52.11,3.053
2010-02-25,22.599,0.002,55.1,3.017
2010-02-26,22.397,0.003,58.51,1.994
2010-02-27,23.125,0.012,57.65,1.221
2010-02-28,23.782,0.001,56.89,1.627
2010-03-01,24.555,0.002,55.47,0.318
2010-03-02,25.748,0.0,47.05,3.114
2010-03-03,25.311,0.002,37.51,3.681
2010-03-04,25.382,0.0,43.17,3.187
2010-03-05,27.49,0.0,38.13,4.679
2010-03-06,25.603,0.002,36.63,4.229
2010-03-07,26.17,-0.0,39.9,4.58
2010-03-08,25.213,0.001,37.79,4.22
2010-03-09,24.121,0.0,41.91,3.084
2010-03-10,23.984,0.0,40.21,2.806
2010-03-11,24.725,0.002,41.37,2.619
2010-03-12,25.34,0.0,35.7,3.509
2010-03-13,25.728,0.001,37.38,3.423
2010-03-14,25.732,0.003,41.0,1.411
2010-03-15,27.014,0.001,36.7,2.2
2010-03-16,26.98,0.007,40.08,3.007
2010-03-17,27.399,0.016,33.4,1.979
2010-03-18,27.465,0.0,36.35,0.804
2010-03-19,28.618,0.0,38.11,1.842
2010-03-20,29.48,0.001,40.93,2.014
2010-03-21,30.685,0.0,40.59,2.153
2010-03-22,31.048,0.0,36.87,2.658
2010-03-23,30.47,0.001,32.96,2.24
2010-03-24,30.4,0.0,29.56,2.681
2010-03-25,30.378,0.0,34.65,1.197
2010-03-26,30.528,0.007,33.26,0.651
2010-03-27,30.32,0.001,29.32,1.046
2010-03-28,29.73,0.0,28.42,0.941
2010-03-29,28.916,0.0,46.66,2.617
2010-03-30,28.221,1.555,50.19,2.512
2010-03-31,28.241,1.743,47.56,1.071
2010-04-01,30.168,0.003,26.22,3.112
2010-04-02,30.39,0.002,20.69,3.048
2010-04-03,31.282,0.001,22.91,2.58
2010-04-04,31.957,0.0,19.56,3.358
2010-04-05,32.119,0.0,17.42,3.973
2010-04-06,32.166,0.001,14.08,4.637
2010-04-07,30.889,0.002,19.01,1.751
2010-04-08,31.074,0.005,33.73,0.363
2010-04-09,32.204,0.0,24.5,1.975
2010-04-10,31.733,0.002,27.45,1.253
2010-04-11,32.273,-0.0,27.96,0.418
2010-04-12,33.087,0.003,38.75,2.097
2010-04-13,32.154,0.734,42.33,1.377
2010-04-14,32.007,0.003,42.09,1.379
2010-04-15,31.773,0.134,50.96,3.843
2010-04-16,31.357,2.501,53.27,3.72
2010-04-17,29.819,1.925,59.82,4.222
2010-04-18,29.516,0.0,57.53,4.431
2010-04-19,31.288,0.001,53.09,1.966
2010-04-20,32.48,0.0,49.53,2.17
2010-04-21,32.6,0.004,45.13,2.101
2010-04-22,33.609,0.002,26.97,1.9
2010-04-23,33.636,0.001,22.95,1.294
2010-04-24,33.647,0.004,21.24,2.006
2010-04-25,33.395,0.003,20.07,1.334
2010-04-26,32.364,0.012,37.02,2.595
2010-04-27,29.967,0.001,48.62,5.343
2010-04-28,31.663,0.005,45.75,3.142
2010-04-29,31.056,0.262,52.74,2.816
2010-04-30,31.154,0.003,50.83,3.273
2010-05-01,31.809,0.415,53.31,1.792
2010-05-02,31.32,0.848,55.51,0.532
2010-05-03,31.61,1.082,48.74,0.163
2010-05-04,33.236,0.032,39.14,2.123
2010-05-05,30.207,6.457,57.52,3.761
2010-05-06,28.239,3.32,70.29,3.298
2010-05-07,28.304,5.202,71.77,1.913
2010-05-08,29.481,0.135,61.44,0.387
2010-05-09,31.75,0.006,46.38,0.944
2010-05-10,31.899,0.0,43.3,0.691
2010-05-11,33.417,0.002,32.91,1.627
2010-05-12,34.204,0.0,23.17,2.216
2010-05-13,34.551,0.001,20.25,1.468
2010-05-14,33.33,1.094,42.13,1.902
2010-05-15,31.418,1.545,51.44,0.817
2010-05-16,33.471,0.001,41.5,1.903
2010-05-17,31.355,0.141,52.71,5.215
2010-05-18,32.137,1.389,54.06,4.896
2010-05-19,32.52,0.195,56.66,3.631
2010-05-20,33.24,1.814,50.83,0.836
2010-05-21,32.309,0.117,53.21,3.078
2010-05-22,32.168,0.218,54.3,3.745
2010-05-23,30.331,9.02,62.99,3.365
2010-05-24,26.477,21.398,77.65,3.176
2010-05-25,28.266,1.096,70.76,2.423
2010-05-26,29.488,8.893,67.53,3.854
2010-05-27,27.851,15.876,74.6,4.521
2010-05-28,29.139,0.012,67.26,4.091
2010-05-29,30.203,0.025,65.34,3.218
2010-05-30,30.971,3.957,69.08,2.38
2010-05-31,31.161,0.658,68.14,1.351
2010-06-01,31.854,0.01,64.75,2.542
2010-06-02,31.215,1.081,68.28,3.338
2010-06-03,31.112,0.039,63.84,3.49
2010-06-04,30.728,1.628,63.16,2.31
2010-06-05,31.591,0.03,58.29,1.216
2010-06-06,32.828,0.004,43.88,1.82
2010-06-07,33.524,-0.0,38.1,1.005
2010-06-08,34.49,0.018,46.62,0.586
2010-06-09,33.751,0.001,45.01,0.951
2010-06-10,34.211,0.0,45.92,1.649
2010-06-11,34.285,0.03,49.71,3.653
2010-06-12,32.6,0.721,57.82,4.498
2010-06-13,32.325,0.76,58.87,4.115
2010-06-14,32.629,0.924,56.32,2.654
2010-06-15,32.549,2.733,60.16,1.749
2010-06-16,31.352,8.524,67.74,1.93
2010-06-17,29.139,27.268,78.79,2.085
2010-06-18,28.684,7.924,80.2,2.915
2010-06-19,28.883,3.886,79.52,3.854
2010-06-20,29.475,0.984,77.85,3.605
2010-06-21,30.048,5.199,76.29,3.069
2010-06-22,28.944,3.581,80.59,3.139
2010-06-23,28.146,5.173,81.48,4.115
2010-06-24,28.225,5.212,82.44,3.635
2010-06-25,29.032,1.486,78.15,3.24
2010-06-26,29.517,5.994,78.0,2.611
2010-06-27,30.09,1.952,73.84,2.179
2010-06-28,29.932,3.575,77.74,1.122
2010-06-29,29.201,13.114,81.74,1.836
2010-06-30,27.453,18.896,85.98,2.198
2010-07-01,27.702,8.092,84.46,3.876
2010-07-02,28.902,7.964,79.08,4.213
2010-07-03,28.978,5.468,79.43,4.403
2010-07-04,29.433,3.941,77.62,4.66
2010-07-05,30.084,3.085,75.84,3.85
2010-07-06,29.417,0.816,77.14,4.189
2010-07-07,29.767,1.827,73.39,4.36
2010-07-08,30.62,0.776,69.88,3.034
2010-07-09,28.942,10.449,82.74,3.059
2010-07-10,28.628,11.833,88.12,1.242
2010-07-11,27.4,34.094,91.65,2.379
2010-07-12,26.845,20.476,90.02,0.479
2010-07-13,26.989,29.458,89.59,1.633
2010-07-14,28.905,2.554,82.15,3.388
2010-07-15,29.769,2.195,78.88,3.486
2010-07-16,29.147,4.443,81.61,3.32
2010-07-17,29.525,12.276,82.67,2.531
2010-07-18,28.125,21.368,89.75,1.678
2010-07-19,26.808,26.964,93.82,2.668
2010-07-20,27.855,16.677,86.6,2.41
2010-07-21,27.926,8.47,86.62,2.482
2010-07-22,28.937,5.724,83.6,2.838
2010-07-23,29.211,10.638,84.01,1.948
2010-07-24,28.887,6.73,82.66,3.186
2010-07-25,29.959,1.339,74.02,6.116
2010-07-26,28.038,19.325,81.16,7.204
2010-07-27,28.406,8.357,82.4,4.068
2010-07-28,30.339,0.541,74.06,2.242
2010-07-29,29.193,10.028,80.64,2.955
2010-07-30,27.118,22.408,87.81,3.872
2010-07-31,27.36,9.482,85.83,4.076
2010-08-01,27.977,7.126,83.56,4.103
2010-08-02,28.038,8.755,82.89,4.266
2010-08-03,29.214,1.459,78.97,3.866
2010-08-04,29.365,2.163,77.85,3.852
2010-08-05,29.279,5.936,79.2,3.799
2010-08-06,29.822,0.232,72.75,5.016
2010-08-07,29.597,0.354,74.21,3.423
2010-08-08,30.126,1.278,77.24,1.552
2010-08-09,29.927,9.689,82.35,0.68
2010-08-10,29.589,8.938,82.97,0.906
2010-08-11,29.058,15.986,84.64,1.061
2010-08-12,28.573,22.898,85.59,2.071
2010-08-13,27.709,20.594,87.04,2.842
2010-08-14,28.306,11.829,84.54,2.612
2010-08-15,28.508,7.058,85.99,3.043
2010-08-16,28.566,12.166,86.13,1.952
2010-08-17,28.023,18.302,89.35,1.243
2010-08-18,27.368,27.206,92.34,2.188
2010-08-19,27.41,21.865,91.54,2.58
2010-08-20,27.925,16.871,88.0,2.419
2010-08-21,26.733,19.244,92.83,1.454
2010-08-22,26.556,22.794,92.53,0.999
2010-08-23,26.103,33.905,95.85,1.596
2010-08-24,26.291,22.447,95.79,2.951
2010-08-25,27.232,20.117,90.0,2.284
2010-08-26,28.925,4.858,83.54,1.954
2010-08-27,28.282,7.914,86.51,2.634
2010-08-28,28.808,6.453,82.46,2.632
2010-08-29,29.181,2.577,81.16,3.106
2010-08-30,28.186,11.483,84.66,3.657
2010-08-31,28.354,2.808,82.58,4.196
2010-09-01,28.728,2.485,80.62,3.639
2010-09-02,28.778,8.299,82.1,3.299
2010-09-03,28.462,5.468,84.42,3.284
2010-09-04,28.304,5.459,84.0,3.076
2010-09-05,28.736,1.406,82.97,2.88
2010-09-06,28.544,4.954,84.06,3.292
2010-09-07,28.159,3.981,83.5,4.17
2010-09-08,28.207,3.348,82.42,4.727
2010-09-09,27.716,17.79,86.28,3.172
2010-09-10,27.483,6.699,86.59,1.982
2010-09-11,26.757,14.036,89.36,1.676
2010-09-12,26.229,17.219,91.78,1.645
2010-09-13,27.729,5.189,84.22,1.408
2010-09-14,26.823,28.038,88.67,2.549
2010-09-15,25.683,18.555,91.32,3.666
2010-09-16,26.06,11.817,88.77,4.292
2010-09-17,26.395,10.043,88.59,3.762
2010-09-18,26.582,6.711,85.48,5.077
2010-09-19,26.759,6.997,86.03,4.72
2010-09-20,27.536,2.524,83.46,2.728
2010-09-21,26.84,10.548,88.32,1.713
2010-09-22,26.031,12.39,90.88,1.433
2010-09-23,26.783,1.738,86.65,0.569
2010-09-24,27.99,1.267,83.01,0.687
2010-09-25,27.264,1.587,84.0,0.627
2010-09-26,27.557,0.997,85.08,0.36
2010-09-27,27.832,0.38,77.72,2.289
2010-09-28,27.289,2.36,84.83,1.047
2010-09-29,27.493,1.032,82.17,0.867
2010-09-30,27.822,0.509,79.49,0.57
2010-10-01,28.082,0.358,77.07,0.612
2010-10-02,28.027,0.34,77.27,0.733
2010-10-03,28.103,0.844,79.62,0.038
2010-10-04,27.884,0.847,81.02,0.137
2010-10-05,27.645,1.308,78.35,0.269
2010-10-06,27.164,2.764,80.64,2.306
2010-10-07,26.764,0.425,77.31,2.797
2010-10-08,26.57,0.744,77.68,1.186
2010-10-09,25.932,1.617,83.2,1.053
2010-10-10,26.163,3.034,82.73,0.648
2010-10-11,25.879,1.215,81.69,1.673
2010-10-12,26.011,1.253,82.49,0.661
2010-10-13,26.594,0.004,74.54,1.284
2010-10-14,27.069,0.264,70.88,1.282
2010-10-15,27.258,7.171,81.28,1.901
2010-10-16,26.054,15.964,85.6,2.937
2010-10-17,24.584,8.204,87.01,2.814
2010-10-18,26.576,0.036,79.19,1.452
2010-10-19,27.393,0.217,78.47,0.667
2010-10-20,27.483,1.385,78.82,0.599
2010-10-21,26.198,6.672,84.22,0.373
2010-10-22,25.287,1.198,82.32,1.799
2010-10-23,25.457,0.227,81.06,1.292
2010-10-24,25.541,0.023,78.02,1.887
2010-10-25,24.628,0.0,73.95,0.849
2010-10-26,24.136,0.0,72.73,1.469
2010-10-27,23.979,0.001,71.67,1.871
2010-10-28,22.838,0.0,69.56,1.679
2010-10-29,22.559,0.001,64.29,0.385
2010-10-30,23.9,0.001,62.27,0.847
2010-10-31,23.296,0.002,68.83,2.053
2010-11-01,22.364,0.0,67.99,1.466
2010-11-02,22.244,0.001,74.88,0.813
2010-11-03,23.132,0.007,71.68,1.792
2010-11-04,23.113,0.001,68.47,1.685
2010-11-05,24.034,0.002,67.39,1.155
2010-11-06,25.208,0.002,66.98,0.666
2010-11-07,24.164,0.007,68.48,0.517
2010-11-08,24.444,0.001,65.54,1.059
2010-11-09,24.554,0.006,70.25,0.919
2010-11-10,24.853,0.003,65.23,0.799
2010-11-11,24.197,0.0,62.59,0.919
2010-11-12,23.987,0.054,63.04,1.137
2010-11-13,23.252,0.656,73.7,2.33
2010-11-14,23.489,0.248,71.71,1.392
2010-11-15,23.675,0.315,69.3,1.486
2010-11-16,23.971,0.104,70.57,0.583
2010-11-17,24.378,0.061,70.46,0.511
2010-11-18,24.353,0.003,70.82,0.574
2010-11-19,23.942,0.0,67.58,3.373
2010-11-20,22.079,0.001,54.49,3.89
2010-11-21,20.324,0.001,56.99,1.208
2010-11-22,20.732,0.0,60.1,0.859
2010-11-23,22.006,0.0,60.06,1.749
2010-11-24,21.667,0.001,66.44,1.722
2010-11-25,21.847,0.002,68.81,1.061
2010-11-26,22.443,0.073,72.16,1.223
2010-11-27,22.578,0.001,66.32,2.028
2010-11-28,21.284,0.002,56.84,2.672
2010-11-29,20.363,0.0,49.24,3.569
2010-11-30,18.109,0.001,57.58,2.417
2010-12-01,17.432,0.002,61.67,1.044
2010-12-02,18.087,0.001,58.38,1.485
2010-12-03,18.66,0.0,62.82,1.151
2010-12-04,18.782,0.001,54.36,1.738
2010-12-05,18.873,0.003,50.5,2.077
2010-12-06,19.492,0.001,47.77,1.656
2010-12-07,20.031,0.002,54.17,0.799
2010-12-08,20.399,0.001,63.19,0.499
2010-12-09,19.898,0.001,63.15,1.114
2010-12-10,20.685,0.001,62.94,2.132
2010-12-11,20.141,0.002,43.82,4.296
2010-12-12,16.654,0.001,52.78,1.729
2010-12-13,16.272,0.0,61.56,0.676
2010-12-14,16.777,0.0,59.3,2.193
2010-12-15,16.906,0.002,62.02,1.745
2010-12-16,17.339,0.0,61.13,2.347
2010-12-17,17.459,0.0,63.85,2.224
2010-12-18,16.71,0.0,66.52,1.897
2010-12-19,16.873,0.0,59.6,2.13
2010-12-20,15.788,0.0,60.73,2.053
2010-12-21,15.765,0.0,60.56,2.168
2010-12-22,15.903,0.001,61.34,1.479
2010-12-23,16.539,0.001,61.02,0.529
2010-12-24,16.471,0.001,58.7,1.567
2010-12-25,15.936,0.0,61.81,1.474
2010-12-26,15.947,0.001,60.39,1.342
2010-12-27,15.917,0.0,60.68,1.807
2010-12-28,16.148,0.001,59.52,1.171
2010-12-29,16.364,0.001,62.16,0.531
2010-12-30,17.141,0.002,65.53,1.037
2010-12-31,18.779,8.881,66.18,1.056
2011-01-01,15.872,5.48,76.14,3.163
2011-01-02,13.929,0.001,73.22,2.445
2011-01-03,13.797,0.001,72.14,2.329
2011-01-04,13.822,0.001,71.41,2.589
2011-01-05,13.734,0.0,70.92,2.557
2011-01-06,13.883,0.001,70.46,2.406
2011-01-07,14.129,0.002,76.13,1.91
2011-01-08,14.084,0.0,77.14,1.617
2011-01-09,13.772,0.001,75.7,1.932
2011-01-10,13.625,0.002,75.53,2.721
2011-01-11,12.902,0.001,74.19,1.855
2011-01-12,13.842,0.001,73.87,1.569
2011-01-13,14.909,0.001,74.02,1.04
2011-01-14,15.648,0.001,73.08,0.878
2011-01-15,16.745,0.066,70.97,2.084
2011-01-16,15.267,1.262,61.41,2.891
2011-01-17,13.135,0.001,65.04,1.244
2011-01-18,14.125,0.0,66.01,0.618
2011-01-19,14.532,0.002,61.38,1.186
2011-01-20,14.6,0.0,64.01,0.431
2011-01-21,14.902,0.002,63.34,1.441
2011-01-22,15.464,0.002,67.68,0.247
2011-01-23,16.455,0.0,68.81,0.242
2011-01-24,16.79,0.0,67.05,0.985
2011-01-25,16.75,0.013,60.18,1.303
2011-01-26,17.026,0.574,61.9,1.477
2011-01-27,16.236,0.001,47.7,3.239
2011-01-28,14.602,0.001,53.66,1.148
2011-01-29,15.694,0.001,54.8,1.248
2011-01-30,17.467,0.001,61.84,0.938
2011-01-31,17.819,0.001,56.8,2.764
2011-02-01,16.762,0.0,63.02,1.88
2011-02-02,17.347,0.001,66.29,1.155
2011-02-03,17.963,0.0,66.3,1.448
2011-02-04,18.611,0.002,64.76,1.653
2011-02-05,19.141,0.001,64.35,0.86
2011-02-06,20.271,0.0,68.2,0.853
2011-02-07,21.51,0.002,64.57,2.43
2011-02-08,22.31,0.285,51.5,3.383
2011-02-09,19.223,0.002,45.59,3.656
2011-02-10,18.176,0.002,51.4,2.636
2011-02-11,18.33,0.003,51.66,2.631
2011-02-12,18.741,0.003,58.8,0.461
2011-02-13,20.129,0.0,62.17,0.836
2011-02-14,21.686,0.005,62.49,0.31
2011-02-15,22.578,0.265,59.35,1.747
2011-02-16,19.015,5.41,75.93,1.981
2011-02-17,17.98,0.101,74.68,2.948
2011-02-18,17.861,0.001,59.47,3.198
2011-02-19,17.435,0.0,58.02,2.044
2011-02-20,18.667,0.002,54.85,0.719
2011-02-21,19.038,0.0,56.72,2.078
2011-02-22,19.225,0.001,54.86,2.632
2011-02-23,19.733,0.001,48.43,2.58
2011-02-24,19.942,0.0,46.44,1.927
2011-02-25,21.003,0.002,48.86,2.25
2011-02-26,21.414,0.036,44.89,2.448
2011-02-27,21.342,0.0,34.8,3.906
2011-02-28,20.292,0.001,35.92,3.729
2011-03-01,20.093,0.001,45.63,2.175
2011-03-02,22.722,0.001,46.39,2.735
2011-03-03,24.521,0.001,42.23,3.363
2011-03-04,23.641,0.014,50.07,3.504
2011-03-05,24.535,0.002,40.38,4.134
2011-03-06,24.177,0.0,33.71,4.85
2011-03-07,23.77,0.0,38.74,3.917
2011-03-08,23.973,0.002,39.66,3.634
2011-03-09,24.085,0.05,44.96,2.44
2011-03-10,24.302,0.019,37.82,2.44
2011-03-11,24.704,0.1,33.81,2.789
2011-03-12,23.783,0.001,33.24,3.06
2011-03-13,23.344,0.001,41.94,1.736
2011-03-14,24.668,0.0,41.22,0.633
2011-03-15,25.395,0.002,42.73,0.501
2011-03-16,26.316,0.0,42.57,1.236
2011-03-17,27.284,0.0,37.37,1.594
2011-03-18,26.7,0.041,50.89,2.406
2011-03-19,27.154,0.001,56.43,1.41
2011-03-20,27.113,0.061,53.57,0.996
2011-03-21,27.204,0.0,33.12,3.635
2011-03-22,25.756,0.0,37.09,2.871
2011-03-23,27.06,0.0,33.13,1.713
2011-03-24,27.082,0.0,34.9,1.779
2011-03-25,26.968,0.002,32.12,1.882
2011-03-26,27.132,0.0,33.13,1.147
2011-03-27,26.322,0.672,54.0,3.203
2011-03-28,24.034,0.959,65.93,4.215
2011-03-29,25.654,0.204,56.08,3.244
2011-03-30,25.915,0.803,59.83,2.05
2011-03-31,25.775,0.087,54.89,0.309
2011-04-01,26.38,0.0,45.89,0.797
2011-04-02,27.23,0.007,46.98,1.186
2011-04-03,27.475,0.539,49.92,1.764
2011-04-04,25.937,0.906,54.24,0.435
2011-04-05,25.829,0.002,41.03,1.483
2011-04-06,26.908,0.0,26.29,2.842
2011-04-07,28.376,0.002,22.37,2.511
2011-04-08,28.602,0.001,26.98,0.786
2011-04-09,28.448,0.258,35.82,1.927
2011-04-10,28.966,0.343,35.63,1.892
2011-04-11,29.33,0.001,33.55,1.83
2011-04-12,28.633,1.875,47.6,2.276
2011-04-13,27.863,1.339,50.78,0.791
2011-04-14,28.077,0.787,48.92,0.982
2011-04-15,28.122,0.173,53.94,1.657
2011-04-16,29.642,0.001,43.91,1.142
2011-04-17,30.455,0.001,47.48,2.016
2011-04-18,30.575,0.589,52.26,1.739
2011-04-19,29.857,1.349,50.02,1.024
2011-04-20,29.199,0.0,33.75,3.216
2011-04-21,29.384,0.0,24.75,2.941
2011-04-22,29.35,0.0,22.31,2.289
2011-04-23,29.51,0.001,23.74,0.487
2011-04-24,29.898,0.105,36.34,2.994
2011-04-25,28.263,2.097,54.34,4.459
2011-04-26,27.788,0.369,56.83,2.619
2011-04-27,29.913,0.002,42.25,1.491
2011-04-28,30.849,0.126,42.53,1.51
2011-04-29,29.79,2.489,54.57,3.204
2011-04-30,27.999,3.559,64.5,3.784
2011-05-01,28.476,0.631,62.87,2.974
2011-05-02,29.178,0.026,58.22,3.098
2011-05-03,29.838,0.79,57.38,3.759
2011-05-04,28.473,0.386,64.25,3.921
2011-05-05,29.437,0.161,56.59,2.826
2011-05-06,31.008,0.127,50.74,2.567
2011-05-07,30.364,1.428,59.33,1.082
2011-05-08,30.468,0.177,50.76,0.557
2011-05-09,31.328,0.039,48.04,1.59
2011-05-10,31.636,0.033,50.38,3.072
2011-05-11,31.285,0.014,52.94,3.506
2011-05-12,31.527,0.133,52.78,4.026
2011-05-13,31.251,0.302,56.98,3.273
2011-05-14,31.62,0.348,56.26,2.331
2011-05-15,32.441,0.002,51.3,3.11
2011-05-16,32.041,0.025,55.84,4.802
2011-05-17,30.972,2.113,62.01,3.683
2011-05-18,30.228,6.636,65.0,3.819
2011-05-19,25.752,31.254,80.55,3.406
2011-05-20,27.219,6.744,73.01,1.871
2011-05-21,28.712,7.962,70.37,1.919
2011-05-22,28.715,3.12,76.28,0.922
2011-05-23,29.877,5.065,68.36,1.58
2011-05-24,29.226,0.879,71.06,1.813
2011-05-25,30.132,0.035,68.09,3.873
2011-05-26,29.988,1.673,70.51,2.088
2011-05-27,29.667,7.487,71.41,1.252
2011-05-28,28.824,7.806,75.43,1.662
2011-05-29,28.978,2.783,74.5,2.633
2011-05-30,28.632,1.784,75.38,1.875
2011-05-31,28.551,3.694,75.57,1.147
2011-06-01,29.92,0.369,67.37,1.805
2011-06-02,30.693,0.172,66.62,2.569
2011-06-03,31.244,0.08,65.66,1.743
2011-06-04,31.329,0.031,61.38,1.124
2011-06-05,32.227,0.0,57.91,2.638
2011-06-06,31.993,0.287,61.94,3.81
2011-06-07,30.453,0.774,65.8,4.226
2011-06-08,29.289,8.289,69.6,2.725
2011-06-09,28.802,2.838,74.27,1.245
2011-06-10,30.551,3.716,67.97,0.301
2011-06-11,29.326,3.915,72.91,2.214
2011-06-12,29.492,0.926,71.04,3.231
2011-06-13,30.213,1.766,70.72,3.232
2011-06-14,28.832,8.357,75.49,3.287
2011-06-15,28.547,4.02,78.18,2.542
2011-06-16,30.497,3.106,67.84,1.326
2011-06-17,28.246,29.52,77.56,2.263
2011-06-18,27.711,32.729,81.92,3.171
2011-06-19,27.34,10.283,84.21,5.942
2011-06-20,29.046,1.321,77.64,7.609
2011-06-21,29.905,0.408,74.11,5.636
2011-06-22,29.975,6.241,76.95,3.886
2011-06-23,29.344,20.902,82.77,1.661
2011-06-24,28.671,8.15,84.71,0.824
2011-06-25,28.468,8.128,82.88,2.111
2011-06-26,27.67,22.507,85.08,3.349
2011-06-27,26.402,24.307,89.43,4.796
2011-06-28,27.131,6.821,86.32,4.706
2011-06-29,26.976,2.925,88.21,3.887
2011-06-30,25.369,68.255,96.7,3.728
2011-07-01,27.269,15.363,86.21,2.369
2011-07-02,27.53,20.662,86.81,0.91
2011-07-03,27.73,26.507,86.43,0.698
2011-07-04,27.395,13.657,87.61,2.613
2011-07-05,27.851,4.021,81.32,4.11
2011-07-06,28.407,1.178,79.43,3.764
2011-07-07,28.341,1.393,79.18,4.286
2011-07-08,27.612,23.124,86.21,2.901
2011-07-09,28.101,20.214,84.94,1.807
2011-07-10,28.215,9.011,85.51,1.147
2011-07-11,28.208,3.141,84.49,1.439
2011-07-12,29.641,7.587,79.06,2.267
2011-07-13,29.072,3.998,80.98,3.505
2011-07-14,28.986,3.456,79.68,3.749
2011-07-15,28.2,5.119,82.38,4.533
2011-07-16,28.278,2.363,81.82,4.341
2011-07-17,28.605,3.506,80.2,3.518
2011-07-18,28.705,10.802,83.68,2.243
2011-07-19,27.842,25.782,87.85,1.552
2011-07-20,27.125,20.447,85.44,3.596
2011-07-21,29.089,2.796,77.63,4.256
2011-07-22,27.779,0.544,78.43,6.749
2011-07-23,27.869,1.431,78.44,4.322
2011-07-24,28.636,1.335,77.24,3.358
2011-07-25,29.512,0.508,77.52,2.348
2011-07-26,29.13,4.31,80.95,2.184
2011-07-27,28.375,19.364,86.22,1.612
2011-07-28,27.649,23.209,89.96,1.318
2011-07-29,27.862,10.192,88.23,1.489
2011-07-30,27.856,15.778,88.56,1.026
2011-07-31,28.194,29.635,87.41,0.487
2011-08-01,28.534,26.594,86.34,0.234
2011-08-02,28.215,58.482,88.59,1.679
2011-08-03,27.637,20.088,88.92,2.786
2011-08-04,27.729,15.723,88.24,2.629
2011-08-05,27.169,14.886,89.53,2.837
2011-08-06,27.3,22.152,87.28,4.154
2011-08-07,27.759,14.541,83.77,4.432
2011-08-08,28.018,1.874,78.67,7.121
2011-08-09,26.902,3.967,83.04,4.766
2011-08-10,27.359,2.425,81.74,4.058
2011-08-11,27.487,2.992,81.95,3.833
2011-08-12,28.816,1.324,76.86,4.07
2011-08-13,27.674,6.943,80.01,7.404
2011-08-14,26.145,13.888,90.42,4.587
2011-08-15,26.582,23.578,90.86,1.771
2011-08-16,26.835,20.309,89.63,1.046
2011-08-17,25.713,24.596,94.42,1.073
2011-08-18,25.57,11.58,92.34,3.1
2011-08-19,26.676,2.022,86.09,3.802
2011-08-20,28.834,0.695,79.58,2.091
2011-08-21,29.597,3.391,77.63,1.241
2011-08-22,27.954,24.521,86.91,1.85
2011-08-23,26.632,22.241,92.16,2.025
2011-08-24,27.768,8.172,83.46,2.351
2011-08-25,27.565,2.88,82.94,2.938
2011-08-26,28.827,0.887,75.95,3.143
2011-08-27,28.889,1.6,78.35,3.104
2011-08-28,29.05,1.584,80.62,2.919
2011-08-29,29.605,2.02,80.59,2.733
2011-08-30,29.603,1.678,79.4,2.533
2011-08-31,29.187,4.691,78.87,3.231
2011-09-01,28.746,3.199,78.01,4.669
2011-09-02,28.333,2.809,78.05,5.297
2011-09-03,28.438,1.006,77.58,3.875
2011-09-04,29.387,0.644,76.07,2.281
2011-09-05,29.159,6.306,81.53,2.328
2011-09-06,28.583,6.635,81.93,2.921
2011-09-07,28.047,6.594,83.15,2.53
2011-09-08,27.66,5.163,82.98,3.123
2011-09-09,28.367,3.926,78.83,4.523
2011-09-10,27.972,4.212,80.2,5.155
2011-09-11,28.27,6.744,80.72,3.086
2011-09-12,28.578,4.459,84.65,1.004
2011-09-13,29.56,2.75,82.43,0.175
2011-09-14,27.412,23.064,88.02,1.466
2011-09-15,27.013,9.389,87.16,2.257
2011-09-16,26.935,13.359,89.46,1.571
2011-09-17,27.236,13.515,89.13,0.755
2011-09-18,26.576,10.522,87.68,0.564
2011-09-19,25.178,57.793,92.04,2.223
2011-09-20,25.611,36.765,92.06,0.945
2011-09-21,27.225,14.267,86.21,0.421
2011-09-22,26.737,13.627,87.85,1.761
2011-09-23,26.819,22.213,86.58,3.596
2011-09-24,26.441,6.167,86.32,5.28
2011-09-25,25.926,72.382,89.58,5.602
2011-09-26,24.511,166.969,91.71,2.634
2011-09-27,26.496,1.193,84.38,0.716
2011-09-28,27.002,0.686,86.12,0.942
2011-09-29,27.505,1.187,85.73,0.7
2011-09-30,27.962,0.615,81.95,1.768
2011-10-01,27.441,1.236,81.07,1.915
2011-10-02,26.959,0.691,82.59,0.048
2011-10-03,27.028,1.051,83.95,0.177
2011-10-04,27.189,0.653,79.16,1.028
2011-10-05,27.529,0.351,77.99,0.753
2011-10-06,27.756,0.359,76.46,0.923
2011-10-07,27.901,0.166,77.09,0.878
2011-10-08,27.602,1.218,80.36,0.633
2011-10-09,27.603,0.984,80.79,0.935
2011-10-10,27.322,0.038,75.37,1.125
2011-10-11,26.872,0.005,74.49,1.614
2011-10-12,26.556,0.001,70.45,2.084
2011-10-13,26.128,0.001,71.77,1.563
2011-10-14,27.2,0.001,70.49,1.035
2011-10-15,27.31,0.067,71.67,0.489
2011-10-16,26.865,0.512,72.96,1.46
2011-10-17,26.025,1.283,79.82,0.928
2011-10-18,26.567,1.54,79.27,0.491
2011-10-19,26.651,0.862,78.52,0.576
2011-10-20,26.453,1.599,75.73,0.601
2011-10-21,24.579,0.827,78.83,1.068
2011-10-22,24.984,0.071,74.3,0.874
2011-10-23,25.092,0.033,69.5,1.359
2011-10-24,25.214,0.003,67.09,0.452
2011-10-25,25.252,0.433,68.86,0.656
2011-10-26,25.401,0.015,65.08,1.064
2011-10-27,24.619,0.001,58.4,1.668
2011-10-28,23.637,0.001,58.95,0.655
2011-10-29,23.25,0.002,59.82,1.023
2011-10-30,23.454,0.001,53.33,0.857
2011-10-31,23.616,0.013,58.46,0.528
2011-11-01,23.442,0.501,64.38,0.925
2011-11-02,22.633,1.084,69.37,1.762
2011-11-03,22.859,0.773,69.61,2.333
2011-11-04,22.751,0.301,70.0,1.559
2011-11-05,22.177,2.812,76.15,1.364
2011-11-06,21.843,1.112,74.86,2.504
2011-11-07,21.814,0.038,69.06,1.521
2011-11-08,21.934,0.002,66.94,1.526
2011-11-09,22.356,0.001,65.79,0.942
2011-11-10,22.687,0.0,64.83,0.788
2011-11-11,22.788,0.017,63.64,0.96
2011-11-12,22.617,0.437,68.14,1.942
2011-11-13,22.36,0.39,72.79,1.952
2011-11-14,21.593,0.236,71.23,0.95
2011-11-15,21.259,0.736,77.46,0.644
2011-11-16,21.01,1.168,75.72,1.101
2011-11-17,20.843,0.335,74.03,2.506
2011-11-18,20.549,0.465,75.96,1.875
2011-11-19,20.984,0.001,71.19,0.915
2011-11-20,21.112,0.002,67.94,0.884
2011-11-21,21.408,0.0,66.05,1.183
2011-11-22,21.658,0.003,63.39,0.913
2011-11-23,22.104,0.001,63.73,1.08
2011-11-24,21.867,0.001,65.21,1.147
2011-11-25,21.347,0.0,65.95,1.997
2011-11-26,20.969,0.001,67.53,1.826
2011-11-27,20.797,0.001,64.49,2.32
2011-11-28,19.888,0.0,63.91,2.151
2011-11-29,20.364,0.002,62.33,0.787
2011-11-30,20.664,0.043,65.33,0.713
2011-12-01,20.861,0.001,64.98,1.263
2011-12-02,21.066,0.0,65.26,0.783
2011-12-03,21.908,0.048,64.97,0.997
2011-12-04,20.996,1.008,74.53,0.608
2011-12-05,20.566,0.532,79.59,1.885
2011-12-06,20.187,0.482,79.12,1.138
2011-12-07,20.896,0.119,73.39,0.573
2011-12-08,21.085,0.065,72.86,0.657
2011-12-09,20.002,0.024,71.86,1.584
2011-12-10,19.152,1.034,80.51,1.32
2011-12-11,18.16,0.137,71.59,0.693
2011-12-12,17.779,0.044,71.42,0.958
2011-12-13,17.353,0.021,68.92,1.522
2011-12-14,16.618,0.001,67.26,0.793
2011-12-15,15.886,0.001,69.81,1.08
2011-12-16,15.607,0.001,70.41,1.453
2011-12-17,15.348,0.001,72.64,0.836
2011-12-18,16.224,0.0,71.27,1.121
2011-12-19,16.074,0.001,73.08,1.949
2011-12-20,15.984,0.001,75.85,1.843
2011-12-21,15.436,0.002,76.86,1.793
2011-12-22,15.151,0.001,77.64,0.966
2011-12-23,14.824,0.002,74.83,1.292
2011-12-24,14.809,0.001,71.53,1.784
2011-12-25,15.578,0.0,73.27,1.249
2011-12-26,16.477,0.001,74.88,1.037
2011-12-27,17.258,0.0,74.43,0.637
2011-12-28,17.682,0.002,71.62,1.002
2011-12-29,17.301,0.0,68.56,1.156
2011-12-30,17.421,0.001,68.51,1.201
2011-12-31,18.046,0.001,65.71,1.158
2012-01-01,16.787,9.91,82.05,1.967
2012-01-02,17.294,5.686,81.96,1.509
2012-01-03,16.359,1.182,83.24,1.822
2012-01-04,15.749,0.102,76.92,1.761
2012-01-05,16.517,0.011,75.48,0.418
2012-01-06,16.668,0.067,74.41,0.8
2012-01-07,16.608,0.001,70.32,2.051
2012-01-08,16.851,0.027,73.91,1.939
2012-01-09,16.348,5.082,83.49,0.598
2012-01-10,15.793,1.337,80.83,1.713
2012-01-11,14.413,0.027,69.47,2.532
2012-01-12,14.025,0.051,68.04,2.535
2012-01-13,13.161,0.0,71.38,2.98
2012-01-14,12.708,0.0,72.63,1.898
2012-01-15,13.959,0.001,71.48,0.538
2012-01-16,15.37,0.045,72.22,0.904
2012-01-17,15.639,0.092,77.78,0.678
2012-01-18,16.14,0.078,71.52,0.371
2012-01-19,15.831,0.882,74.96,1.908
2012-01-20,16.25,0.318,74.55,1.934
2012-01-21,14.412,0.002,62.31,3.981
2012-01-22,13.613,0.0,69.02,2.116
2012-01-23,14.158,0.001,66.86,2.382
2012-01-24,14.574,0.0,69.89,1.474
2012-01-25,15.024,0.002,63.65,1.623
2012-01-26,15.982,0.001,64.09,2.147
2012-01-27,15.925,0.002,60.49,2.824
2012-01-28,14.907,0.001,56.34,1.505
2012-01-29,15.555,0.0,56.79,1.591
2012-01-30,15.134,0.0,53.08,2.171
2012-01-31,15.727,0.001,51.28,2.456
2012-02-01,15.616,0.001,49.21,3.074
2012-02-02,15.517,0.001,57.22,2.12
2012-02-03,16.566,0.0,57.61,2.187
2012-02-04,17.825,0.001,59.9,0.976
2012-02-05,19.906,0.001,54.29,2.247
2012-02-06,20.868,0.001,48.99,3.994
2012-02-07,20.384,0.0,50.9,1.87
2012-02-08,19.582,1.342,68.55,1.675
2012-02-09,15.965,0.003,47.6,3.779
2012-02-10,15.084,0.002,52.47,2.952
2012-02-11,15.803,0.001,53.81,2.532
2012-02-12,16.991,0.001,53.15,1.154
2012-02-13,17.327,1.03,59.93,1.215
2012-02-14,19.375,0.001,59.77,0.939
2012-02-15,19.789,0.001,55.49,1.134
2012-02-16,20.542,0.018,54.65,0.225
2012-02-17,21.816,0.001,45.58,2.947
2012-02-18,20.351,0.001,38.49,4.068
2012-02-19,19.403,0.001,43.39,2.832
2012-02-20,19.386,0.0,51.49,1.324
2012-02-21,20.895,0.001,55.79,1.032
2012-02-22,22.87,0.001,54.03,2.026
2012-02-23,24.549,0.002,42.68,4.258
2012-02-24,24.789,0.001,35.66,4.417
2012-02-25,24.153,0.0,30.99,5.007
2012-02-26,22.484,0.002,27.85,4.96
2012-02-27,20.464,0.002,36.35,2.775
2012-02-28,21.416,0.002,43.36,1.729
2012-02-29,21.826,0.001,39.13,2.325
2012-03-01,21.428,0.0,32.46,2.886
2012-03-02,21.805,0.0,35.4,2.607
2012-03-03,22.137,0.001,33.99,2.805
2012-03-04,22.783,0.0,37.34,0.472
2012-03-05,23.467,0.001,45.67,1.712
2012-03-06,24.682,0.098,45.24,0.556
2012-03-07,25.014,0.003,31.4,3.76
2012-03-08,23.674,0.002,22.99,2.941
2012-03-09,23.602,0.0,22.38,2.55
2012-03-10,22.197,0.001,21.76,2.75
2012-03-11,22.072,0.002,27.54,1.923
2012-03-12,24.287,0.779,30.79,2.598
2012-03-13,19.529,12.984,77.68,0.827
2012-03-14,20.939,0.002,59.42,3.283
2012-03-15,21.282,0.002,46.28,3.311
2012-03-16,21.418,0.0,47.79,1.664
2012-03-17,23.075,0.003,43.97,1.622
2012-03-18,24.294,0.0,43.82,1.19
2012-03-19,25.33,0.0,40.84,0.212
2012-03-20,26.776,0.0,44.68,1.019
2012-03-21,28.709,0.0,38.53,3.453
2012-03-22,26.104,0.002,27.52,4.696
2012-03-23,24.664,0.001,34.64,2.262
2012-03-24,25.944,0.002,39.1,1.004
2012-03-25,26.971,0.003,40.56,0.758
2012-03-26,27.985,0.0,39.64,0.522
2012-03-27,29.495,0.001,29.86,2.746
2012-03-28,29.927,0.001,25.62,2.443
2012-03-29,28.938,0.001,21.05,3.781
2012-03-30,28.419,0.0,27.1,0.696
2012-03-31,29.095,0.0,29.77,3.314
2012-04-01,29.536,0.002,33.68,1.554
2012-04-02,30.85,0.002,29.67,1.984
2012-04-03,30.311,1.166,37.84,2.523
2012-04-04,29.643,0.386,43.3,2.401
2012-04-05,28.33,1.255,51.18,1.766
2012-04-06,25.625,2.983,62.84,2.25
2012-04-07,26.371,0.332,58.32,3.241
2012-04-08,26.245,2.398,62.07,3.096
2012-04-09,25.78,1.809,60.58,3.866
2012-04-10,24.129,0.034,64.17,4.313
2012-04-11,26.205,0.153,60.58,2.339
2012-04-12,27.86,0.033,52.12,0.437
2012-04-13,28.601,0.007,41.17,0.886
2012-04-14,29.0,0.096,41.53,1.07
2012-04-15,28.663,0.94,38.5,2.907
2012-04-16,28.87,0.002,32.06,3.789
2012-04-17,30.454,0.0,29.57,3.402
2012-04-18,32.248,0.002,25.55,4.298
2012-04-19,32.449,0.0,25.39,3.313
2012-04-20,31.798,0.0,39.23,2.347
2012-04-21,31.808,0.117,37.91,1.818
2012-04-22,32.484,-0.0,22.81,5.007
2012-04-23,32.796,0.001,19.28,4.863
2012-04-24,32.919,0.0,18.85,3.848
2012-04-25,32.68,0.004,21.62,2.275
2012-04-26,32.539,0.001,25.74,1.811
2012-04-27,33.349,0.003,20.61,3.436
2012-04-28,32.716,0.0,20.51,4.268
2012-04-29,32.256,0.0,20.36,3.62
2012-04-30,32.173,0.0,18.18,1.766
2012-05-01,31.753,0.002,20.33,0.667
2012-05-02,30.861,0.001,31.04,0.323
2012-05-03,30.467,0.094,34.59,1.416
2012-05-04,30.742,0.243,38.03,2.692
2012-05-05,29.269,0.88,45.05,1.326
2012-05-06,30.645,0.001,30.53,1.024
2012-05-07,32.41,0.001,26.63,0.743
2012-05-08,34.058,0.001,27.58,1.567
2012-05-09,32.473,0.986,44.39,2.429
2012-05-10,32.533,0.455,45.06,1.833
2012-05-11,32.425,0.159,48.6,1.84
2012-05-12,31.803,0.919,52.65,1.172
2012-05-13,33.439,0.0,35.38,2.148
2012-05-14,34.283,0.001,24.52,3.756
2012-05-15,34.027,0.001,21.86,3.961
2012-05-16,34.059,0.001,22.64,1.797
2012-05-17,33.51,0.006,39.84,3.376
2012-05-18,33.467,0.099,44.52,2.442
2012-05-19,34.253,0.039,42.28,0.861
2012-05-20,34.147,0.013,38.91,0.719
2012-05-21,34.518,-0.0,33.56,0.448
2012-05-22,34.483,0.001,33.1,0.582
2012-05-23,34.142,0.003,30.3,1.349
2012-05-24,33.948,0.0,26.83,0.216
2012-05-25,34.812,0.001,40.66,3.853
2012-05-26,34.507,0.042,46.56,3.223
2012-05-27,33.508,0.114,54.82,3.176
2012-05-28,34.73,0.103,48.55,2.479
2012-05-29,35.665,0.017,44.33,2.453
2012-05-30,34.879,0.044,49.2,3.231
2012-05-31,33.334,5.196,56.94,4.109
2012-06-01,31.665,5.469,63.56,4.121
2012-06-02,30.332,0.94,63.47,4.145
2012-06-03,33.334,0.002,54.8,1.367
2012-06-04,34.289,0.235,51.25,1.141
2012-06-05,32.811,0.941,59.46,1.912
2012-06-06,33.036,0.287,56.83,2.468
2012-06-07,32.941,0.028,54.86,1.599
2012-06-08,34.546,0.024,44.0,0.405
2012-06-09,34.551,0.002,44.47,0.681
2012-06-10,34.679,0.001,46.53,1.566
2012-06-11,34.461,0.017,49.85,3.001
2012-06-12,34.128,0.055,52.19,3.43
2012-06-13,34.659,0.015,49.91,2.943
2012-06-14,35.295,0.002,46.75,2.509
2012-06-15,35.091,0.005,45.87,1.763
2012-06-16,33.487,0.005,52.27,2.827
2012-06-17,30.545,5.027,65.5,4.857
2012-06-18,27.081,34.196,89.57,3.015
2012-06-19,28.905,9.226,81.56,2.223
2012-06-20,29.444,17.744,80.46,1.542
2012-06-21,29.33,5.296,77.88,3.533
2012-06-22,27.858,19.961,84.4,3.536
2012-06-23,28.625,3.731,80.03,2.323
2012-06-24,27.848,14.311,87.72,1.409
2012-06-25,30.618,0.135,73.54,0.658
2012-06-26,32.467,0.011,60.59,1.525
2012-06-27,31.837,0.373,62.47,0.825
2012-06-28,30.772,0.239,69.05,3.169
2012-06-29,31.056,0.116,68.96,3.233
2012-06-30,32.072,1.103,67.6,3.516
2012-07-01,30.907,2.444,72.68,4.445
2012-07-02,31.037,7.491,70.65,3.864
2012-07-03,30.443,0.532,70.18,4.184
2012-07-04,28.402,12.423,81.08,3.882
2012-07-05,27.314,11.426,88.76,2.991
2012-07-06,26.981,17.86,88.51,3.887
2012-07-07,27.43,9.509,84.78,3.844
2012-07-08,28.993,4.074,79.52,3.952
2012-07-09,28.805,2.297,78.45,5.14
2012-07-10,28.78,10.476,81.11,3.138
2012-07-11,28.77,23.158,85.35,0.387
2012-07-12,28.226,30.907,88.02,1.08
2012-07-13,27.376,37.282,91.05,0.648
2012-07-14,28.507,23.932,85.17,1.269
2012-07-15,26.38,27.669,93.79,1.751
2012-07-16,26.389,124.906,94.9,2.334
2012-07-17,28.175,9.117,87.05,1.201
2012-07-18,27.969,37.738,89.29,0.803
2012-07-19,26.496,20.106,94.85,2.184
2012-07-20,28.295,7.713,83.51,3.95
2012-07-21,29.028,3.604,79.65,4.471
2012-07-22,28.986,2.248,79.05,4.065
2012-07-23,28.94,5.229,83.18,2.832
2012-07-24,28.106,10.638,87.61,3.62
2012-07-25,28.648,2.276,82.28,3.673
2012-07-26,29.498,1.031,77.97,3.053
2012-07-27,28.727,3.801,81.7,4.042
2012-07-28,28.191,5.996,82.61,4.546
2012-07-29,28.111,5.752,82.8,4.658
2012-07-30,28.805,1.264,77.96,4.061
2012-07-31,29.288,0.815,75.0,3.782
2012-08-01,29.425,3.498,77.76,2.611
2012-08-02,28.273,11.431,84.64,2.695
2012-08-03,27.833,6.981,84.05,3.208
2012-08-04,29.235,3.361,77.01,3.358
2012-08-05,29.333,4.487,77.01,4.196
2012-08-06,28.836,3.324,78.49,5.093
2012-08-07,28.694,1.836,79.68,4.32
2012-08-08,27.945,12.556,85.46,3.45
2012-08-09,27.977,11.002,85.93,2.602
2012-08-10,29.281,6.375,79.37,3.308
2012-08-11,28.033,7.82,81.3,5.091
2012-08-12,27.275,15.599,84.62,4.028
2012-08-13,26.977,15.307,88.85,1.534
2012-08-14,27.854,14.771,86.14,0.564
2012-08-15,28.445,9.633,84.74,0.999
2012-08-16,29.2,11.972,82.54,0.431
2012-08-17,28.385,20.993,85.67,1.115
2012-08-18,29.309,2.886,81.46,2.14
2012-08-19,29.43,1.08,80.12,3.202
2012-08-20,28.022,9.328,84.93,2.734
2012-08-21,27.744,10.975,84.82,3.771
2012-08-22,26.332,34.122,92.12,3.384
2012-08-23,25.878,15.708,93.86,1.0
2012-08-24,26.984,13.494,87.38,0.549
2012-08-25,27.635,13.184,86.47,2.207
2012-08-26,28.211,5.799,83.88,2.372
2012-08-27,28.791,5.052,80.63,3.518
2012-08-28,28.923,10.553,80.83,3.066
2012-08-29,28.502,5.484,82.45,2.855
2012-08-30,28.918,6.818,82.61,2.849
2012-08-31,28.598,2.035,82.33,2.173
2012-09-01,28.964,9.883,81.38,2.545
2012-09-02,28.405,5.747,82.4,2.764
2012-09-03,28.73,5.668,77.56,3.963
2012-09-04,28.065,0.891,73.94,6.596
2012-09-05,27.775,0.33,75.38,6.637
2012-09-06,27.401,2.014,80.24,4.805
2012-09-07,28.31,0.562,79.6,2.158
2012-09-08,29.692,0.095,76.79,0.111
2012-09-09,28.387,6.939,81.48,2.814
2012-09-10,27.837,4.925,81.1,4.282
2012-09-11,27.987,9.338,84.05,3.125
2012-09-12,27.293,9.12,86.12,2.306
2012-09-13,26.424,26.68,90.88,2.033
2012-09-14,25.203,11.294,94.48,2.814
2012-09-15,23.919,39.102,95.28,4.219
2012-09-16,24.093,19.806,95.44,4.761
2012-09-17,25.668,8.81,90.04,4.172
2012-09-18,25.922,22.248,91.24,1.99
2012-09-19,26.229,7.993,90.61,0.754
2012-09-20,27.328,8.303,87.06,0.246
2012-09-21,27.356,7.864,88.29,0.313
2012-09-22,27.787,1.838,85.42,0.846
2012-09-23,27.56,0.108,78.15,1.946
2012-09-24,27.214,1.307,82.29,0.881
2012-09-25,27.18,0.874,81.05,0.182
2012-09-26,27.23,0.93,82.93,0.473
2012-09-27,27.96,0.467,79.81,0.571
2012-09-28,28.467,0.076,77.67,0.829
2012-09-29,28.908,0.044,76.35,0.332
2012-09-30,28.809,0.246,77.21,0.435
2012-10-01,28.526,0.46,77.8,1.255
2012-10-02,28.21,2.078,84.34,1.141
2012-10-03,26.934,11.712,86.53,1.085
2012-10-04,27.48,0.735,81.84,1.513
2012-10-05,27.289,0.26,74.85,0.854
2012-10-06,26.798,0.17,78.26,0.648
2012-10-07,26.999,0.194,78.09,0.188
2012-10-08,27.576,0.189,74.14,0.307
2012-10-09,24.754,10.961,83.49,1.817
2012-10-10,24.936,1.251,82.29,0.496
2012-10-11,25.737,0.119,77.38,2.181
2012-10-12,25.393,0.0,73.45,1.917
2012-10-13,25.927,0.001,69.67,0.269
2012-10-14,24.789,0.044,73.62,0.593
2012-10-15,24.844,0.04,73.01,0.48
2012-10-16,25.309,0.306,74.18,0.149
2012-10-17,25.313,0.565,77.1,0.612
2012-10-18,25.705,0.243,70.58,0.6
2012-10-19,25.096,0.001,68.06,0.802
2012-10-20,24.295,0.0,68.76,1.174
2012-10-21,24.123,0.001,66.81,1.5
2012-10-22,23.407,0.002,62.31,1.621
2012-10-23,23.365,0.003,64.76,1.556
2012-10-24,23.926,-0.0,60.96,1.924
2012-10-25,23.259,0.0,62.12,1.915
2012-10-26,22.742,0.0,56.05,0.65
2012-10-27,22.433,0.0,54.46,1.771
2012-10-28,22.698,0.002,55.03,2.026
2012-10-29,23.014,0.0,55.56,1.822
2012-10-30,23.135,0.0,52.79,2.022
2012-10-31,23.141,0.001,56.41,1.634
2012-11-01,23.064,0.003,56.15,1.524
2012-11-02,22.36,0.001,57.38,0.569
2012-11-03,22.797,0.0,59.47,1.108
2012-11-04,22.362,0.005,69.85,1.024
2012-11-05,23.378,0.001,62.89,0.458
2012-11-06,22.562,0.003,61.89,1.17
2012-11-07,22.503,0.001,51.89,2.807
2012-11-08,21.436,0.0,57.65,2.122
2012-11-09,21.67,0.001,55.06,0.632
2012-11-10,21.152,0.001,60.95,0.867
2012-11-11,21.566,0.0,60.76,1.303
2012-11-12,21.564,0.202,57.13,0.919
2012-11-13,21.358,0.001,51.69,1.971
2012-11-14,20.757,0.0,58.1,2.119
2012-11-15,20.434,0.0,59.07,1.548
2012-11-16,20.672,0.001,54.43,1.729
2012-11-17,21.336,0.0,55.87,1.751
2012-11-18,20.947,0.001,60.33,1.538
2012-11-19,20.556,0.002,58.71,1.83
2012-11-20,20.53,0.0,61.69,1.926
2012-11-21,20.607,0.0,56.25,2.261
2012-11-22,19.696,0.001,53.86,2.377
2012-11-23,19.327,0.0,57.68,1.615
2012-11-24,19.537,0.0,52.06,2.4
2012-11-25,19.634,0.001,48.9,3.176
2012-11-26,18.535,0.001,49.69,2.058
2012-11-27,18.237,0.003,55.0,1.471
2012-11-28,18.403,0.001,55.55,0.94
2012-11-29,18.581,0.001,55.85,1.388
2012-11-30,19.653,0.0,54.26,2.474
2012-12-01,18.509,0.001,52.18,2.056
2012-12-02,18.317,0.002,54.43,1.799
2012-12-03,18.984,0.002,51.34,2.693
2012-12-04,18.073,0.001,51.83,2.522
2012-12-05,17.424,0.001,57.49,1.46
2012-12-06,18.346,0.001,59.33,1.972
2012-12-07,18.399,0.001,59.6,1.103
2012-12-08,18.825,0.001,61.76,0.694
2012-12-09,18.713,0.0,62.58,0.836
2012-12-10,19.316,0.003,61.34,0.566
2012-12-11,19.588,0.001,65.55,1.667
2012-12-12,19.176,0.032,68.39,0.882
2012-12-13,18.155,0.002,65.84,0.423
2012-12-14,18.138,0.001,67.6,0.642
2012-12-15,18.076,0.001,70.22,0.706
2012-12-16,18.83,0.001,68.98,2.433
2012-12-17,17.969,0.0,71.24,0.883
2012-12-18,17.023,0.0,72.36,1.586
2012-12-19,16.375,0.001,71.96,1.839
2012-12-20,15.71,0.002,69.85,1.615
2012-12-21,16.111,0.001,72.02,0.643
2012-12-22,16.219,0.002,70.61,0.219
2012-12-23,16.225,0.0,67.89,0.732
2012-12-24,16.176,0.0,72.1,1.762
2012-12-25,15.64,0.008,73.77,2.223
2012-12-26,15.101,0.001,71.6,1.775
2012-12-27,15.465,0.001,70.7,2.199
2012-12-28,15.424,0.0,71.42,1.973
2012-12-29,15.331,0.0,74.47,1.599
2012-12-30,15.972,0.0,74.22,1.165
