date,temp_c,precip_mm,humidity_pct,wind_speed_ms
2000-01-01,15.355,0.0,61.9,0.906
2000-01-02,14.968,0.002,58.26,1.233
2000-01-03,14.003,0.0,49.46,1.508
2000-01-04,13.381,0.002,46.54,1.229
2000-01-05,13.379,0.003,45.49,1.317
2000-01-06,13.325,0.0,47.39,1.927
2000-01-07,13.411,0.001,46.08,1.436
2000-01-08,14.507,0.001,41.56,1.536
2000-01-09,15.482,0.002,45.9,1.34
2000-01-10,17.424,0.0,47.26,0.78
2000-01-11,19.033,0.0,44.2,0.406
2000-01-12,20.001,0.0,43.12,0.688
2000-01-13,19.825,0.003,48.72,1.461
2000-01-14,18.74,0.001,54.17,1.098
2000-01-15,18.922,2.097,66.8,0.197
2000-01-16,17.378,0.143,68.47,1.837
2000-01-17,15.841,0.001,41.16,1.968
2000-01-18,15.583,0.001,31.95,1.855
2000-01-19,16.883,0.001,37.77,2.283
2000-01-20,16.631,0.0,38.51,1.854
2000-01-21,17.238,0.002,39.31,0.754
2000-01-22,18.278,0.001,47.07,0.267
2000-01-23,18.12,0.002,44.25,1.461
2000-01-24,16.911,0.001,45.01,1.395
2000-01-25,16.957,0.001,49.96,0.775
2000-01-26,17.907,0.001,52.5,0.473
2000-01-27,19.536,0.001,46.94,0.3
2000-01-28,18.934,0.002,47.71,1.985
2000-01-29,14.696,0.0,41.18,2.286
2000-01-30,15.226,0.001,38.06,1.191
2000-01-31,17.445,0.001,39.06,0.908
2000-02-01,18.478,0.003,61.27,2.103
2000-02-02,19.228,0.209,65.43,0.684
2000-02-03,19.956,0.164,61.27,0.783
2000-02-04,20.618,0.106,56.34,0.884
2000-02-05,18.685,4.635,78.04,0.8
2000-02-06,18.431,1.156,75.01,0.78
2000-02-07,17.148,0.174,64.58,1.433
2000-02-08,17.494,0.35,63.0,0.463
2000-02-09,16.827,0.357,65.15,0.847
2000-02-10,17.662,0.002,51.81,0.35
2000-02-11,17.459,10.492,89.45,1.376
2000-02-12,18.579,0.664,79.58,1.094
2000-02-13,18.25,1.109,71.45,1.461
2000-02-14,16.578,0.401,72.74,0.884
2000-02-15,16.345,0.002,56.96,1.276
2000-02-16,17.813,0.003,56.8,0.83
2000-02-17,18.357,0.244,54.9,1.34
2000-02-18,17.181,0.002,39.78,1.103
2000-02-19,17.172,0.002,36.99,1.082
2000-02-20,18.46,0.67,49.77,1.339
2000-02-21,13.276,9.675,87.82,1.461
2000-02-22,17.765,0.242,70.78,0.346
2000-02-23,18.582,0.67,69.37,0.985
2000-02-24,17.107,0.057,60.01,0.892
2000-02-25,16.901,0.001,44.54,0.875
2000-02-26,16.983,0.0,45.74,0.751
2000-02-27,16.999,0.001,38.85,1.274
2000-02-28,18.418,0.002,33.23,1.757
2000-02-29,20.212,0.0,36.25,1.99
2000-03-01,22.893,0.001,34.93,1.533
2000-03-02,22.903,0.001,37.85,1.449
2000-03-03,22.809,0.001,41.85,0.314
2000-03-04,23.675,0.002,32.51,1.136
2000-03-05,24.186,0.0,27.41,1.672
2000-03-06,23.16,0.001,33.48,0.717
2000-03-07,25.017,0.001,35.64,0.696
2000-03-08,24.012,0.0,31.64,2.385
2000-03-09,21.194,0.0,27.22,2.353
2000-03-10,21.047,0.001,22.56,1.805
2000-03-11,23.25,0.003,24.46,1.562
2000-03-12,25.068,0.0,24.17,2.004
2000-03-13,24.613,0.0,24.98,2.427
2000-03-14,23.604,0.0,30.59,1.688
2000-03-15,22.087,0.002,29.08,2.129
2000-03-16,21.581,0.0,20.87,2.27
2000-03-17,24.105,0.001,21.29,0.762
2000-03-18,24.791,0.0,26.8,0.956
2000-03-19,24.814,0.0,23.21,1.876
2000-03-20,23.413,0.0,17.49,1.829
2000-03-21,24.333,0.002,24.72,0.543
2000-03-22,24.773,2.587,46.0,0.9
2000-03-23,25.13,0.719,45.75,0.848
2000-03-24,24.82,0.005,37.03,1.518
2000-03-25,23.992,0.0,33.33,0.852
2000-03-26,24.756,0.083,35.43,0.891
2000-03-27,24.784,0.242,37.23,0.599
2000-03-28,25.473,0.002,30.9,0.554
2000-03-29,26.064,0.0,28.78,0.675
2000-03-30,26.646,0.0,28.13,1.027
2000-03-31,27.666,0.0,26.54,0.517
2000-04-01,28.482,0.0,21.87,1.288
2000-04-02,29.121,0.0,21.33,1.756
2000-04-03,28.936,0.001,22.8,1.434
2000-04-04,28.923,0.001,20.69,1.477
2000-04-05,29.225,0.0,20.45,0.769
2000-04-06,29.206,0.001,18.19,1.2
2000-04-07,29.594,0.001,16.06,1.839
2000-04-08,30.002,0.0,15.06,1.893
2000-04-09,31.359,0.0,14.63,2.455
2000-04-10,29.272,0.001,15.94,1.209
2000-04-11,29.226,0.001,14.54,1.854
2000-04-12,28.98,0.001,19.69,0.89
2000-04-13,29.14,0.005,25.8,0.705
2000-04-14,30.218,0.009,25.46,0.874
2000-04-15,27.254,2.634,56.6,1.122
2000-04-16,27.629,1.581,51.55,0.133
2000-04-17,28.795,0.001,31.19,0.625
2000-04-18,29.751,0.006,28.85,0.893
2000-04-19,30.787,0.05,26.42,1.37
2000-04-20,31.576,0.009,24.55,1.034
2000-04-21,31.943,0.0,22.85,1.011
2000-04-22,31.439,0.114,26.02,0.673
2000-04-23,31.072,0.022,24.86,1.643
2000-04-24,29.299,0.413,33.46,1.379
2000-04-25,30.686,0.1,33.21,1.571
2000-04-26,30.638,0.354,41.17,0.161
2000-04-27,30.683,0.333,44.28,0.306
2000-04-28,31.27,0.02,27.38,1.241
2000-04-29,31.458,0.059,30.34,1.06
2000-04-30,32.208,0.003,31.91,1.067
2000-05-01,32.078,0.001,23.16,1.151
2000-05-02,32.25,0.001,24.98,0.422
2000-05-03,29.55,0.477,48.37,0.909
2000-05-04,29.564,0.262,47.95,1.463
2000-05-05,28.085,2.971,57.42,1.364
2000-05-06,27.075,5.181,64.81,0.922
2000-05-07,26.51,5.059,69.29,0.637
2000-05-08,27.067,2.54,62.59,0.529
2000-05-09,28.028,1.819,58.02,0.484
2000-05-10,28.611,1.404,53.43,0.562
2000-05-11,28.482,1.47,55.55,0.908
2000-05-12,29.589,0.747,49.16,1.337
2000-05-13,30.45,0.863,47.17,1.968
2000-05-14,30.517,0.493,48.3,1.611
2000-05-15,29.088,5.289,55.46,1.882
2000-05-16,27.943,3.138,63.16,1.791
2000-05-17,30.47,0.343,47.72,2.18
2000-05-18,30.935,0.382,45.18,2.565
2000-05-19,30.069,1.983,51.41,1.466
2000-05-20,28.701,13.151,64.29,0.384
2000-05-21,26.923,12.302,76.45,0.749
2000-05-22,26.268,19.002,81.34,0.9
2000-05-23,26.796,5.52,79.31,0.921
2000-05-24,29.129,0.83,63.91,0.856
2000-05-25,30.327,0.461,51.43,2.232
2000-05-26,31.122,0.051,44.55,2.293
2000-05-27,31.71,0.056,42.49,2.367
2000-05-28,31.936,0.008,41.33,1.754
2000-05-29,30.526,0.854,47.99,1.922
2000-05-30,31.203,0.561,46.6,1.375
2000-05-31,29.533,2.573,55.39,1.155
2000-06-01,29.749,0.214,55.12,0.617
2000-06-02,29.824,0.779,57.82,0.636
2000-06-03,28.022,5.324,72.84,1.011
2000-06-04,28.516,0.619,65.76,1.864
2000-06-05,26.842,5.171,72.2,3.758
2000-06-06,23.178,25.169,97.15,3.186
2000-06-07,24.381,9.601,87.52,3.258
2000-06-08,25.47,6.909,83.06,2.515
2000-06-09,25.484,9.994,84.34,2.077
2000-06-10,26.453,7.667,82.92,1.722
2000-06-11,27.602,5.904,75.25,1.408
2000-06-12,27.206,4.598,76.2,1.713
2000-06-13,27.32,3.9,74.5,1.936
2000-06-14,26.91,3.702,77.42,2.062
2000-06-15,26.076,12.106,81.23,1.71
2000-06-16,25.491,18.303,86.35,1.164
2000-06-17,24.509,12.171,89.39,1.108
2000-06-18,24.687,24.706,88.83,0.886
2000-06-19,23.346,15.006,94.37,1.501
2000-06-20,24.843,3.716,86.0,2.06
2000-06-21,24.48,4.473,89.03,2.071
2000-06-22,24.203,2.455,86.45,2.169
2000-06-23,26.307,0.398,74.64,2.116
2000-06-24,27.325,0.449,70.98,2.34
2000-06-25,27.759,0.33,71.17,1.668
2000-06-26,27.741,0.692,68.91,1.704
2000-06-27,26.757,11.51,78.87,0.685
2000-06-28,25.813,13.32,83.76,0.306
2000-06-29,25.025,3.358,83.74,2.358
2000-06-30,25.222,2.955,82.1,3.145
2000-07-01,25.174,2.747,84.97,1.978
2000-07-02,25.764,6.377,83.2,1.361
2000-07-03,25.871,1.013,77.4,1.363
2000-07-04,26.782,0.554,75.64,1.241
2000-07-05,27.078,1.313,75.19,0.996
2000-07-06,26.81,7.649,80.47,0.75
2000-07-07,26.531,7.459,81.8,0.876
2000-07-08,25.22,25.085,89.19,0.696
2000-07-09,25.363,7.054,87.71,1.408
2000-07-10,24.959,16.16,89.53,0.839
2000-07-11,25.261,9.454,86.11,1.603
2000-07-12,24.807,22.086,88.95,1.691
2000-07-13,23.247,3.983,91.86,2.79
2000-07-14,24.249,2.536,86.18,2.617
2000-07-15,23.848,11.395,87.91,2.477
2000-07-16,23.853,13.883,89.57,2.107
2000-07-17,24.919,30.964,87.15,1.427
2000-07-18,24.208,26.551,91.2,1.029
2000-07-19,23.195,13.513,95.56,1.534
2000-07-20,23.195,7.775,91.29,2.044
2000-07-21,24.796,0.972,79.51,2.024
2000-07-22,24.383,4.208,85.3,1.577
2000-07-23,25.223,0.179,69.56,2.887
2000-07-24,23.281,11.414,86.55,2.278
2000-07-25,23.0,16.411,91.71,2.141
2000-07-26,22.633,5.289,92.24,2.226
2000-07-27,23.673,2.908,86.48,2.201
2000-07-28,23.273,3.714,89.77,1.737
2000-07-29,23.727,2.785,88.11,1.837
2000-07-30,24.069,6.804,87.86,1.593
2000-07-31,24.163,6.137,88.5,1.836
2000-08-01,24.288,5.144,87.84,1.83
2000-08-02,25.369,1.467,79.7,2.241
2000-08-03,25.707,0.168,71.92,2.316
2000-08-04,25.685,0.195,72.82,2.194
2000-08-05,25.953,0.512,75.14,1.723
2000-08-06,26.434,0.722,74.76,0.892
2000-08-07,25.662,8.322,84.18,0.69
2000-08-08,25.223,17.625,87.72,0.726
2000-08-09,24.658,12.951,87.28,1.817
2000-08-10,24.857,4.049,83.87,3.895
2000-08-11,24.421,4.788,86.73,2.957
2000-08-12,24.575,4.577,85.29,2.025
2000-08-13,24.194,7.087,88.95,2.102
2000-08-14,24.03,13.744,89.38,2.013
2000-08-15,23.234,14.191,92.51,2.469
2000-08-16,23.422,4.179,89.73,2.676
2000-08-17,23.852,19.061,89.79,1.961
2000-08-18,23.19,10.662,93.6,0.644
2000-08-19,24.094,5.556,91.32,1.624
2000-08-20,24.887,2.778,85.89,1.294
2000-08-21,24.777,7.76,85.59,1.6
2000-08-22,25.275,1.539,81.79,2.917
2000-08-23,25.495,1.147,80.6,2.769
2000-08-24,25.473,0.996,80.8,2.772
2000-08-25,25.324,2.382,82.57,2.572
2000-08-26,25.035,2.662,83.9,1.658
2000-08-27,25.326,2.618,83.42,1.497
2000-08-28,25.922,0.835,79.24,1.343
2000-08-29,25.954,3.994,81.17,1.185
2000-08-30,24.663,9.37,86.73,2.248
2000-08-31,24.276,6.353,84.1,3.012
2000-09-01,23.906,11.745,86.97,3.749
2000-09-02,23.105,41.636,92.81,3.668
2000-09-03,22.407,27.163,93.44,3.074
2000-09-04,24.438,3.931,84.69,2.794
2000-09-05,24.122,8.705,86.56,1.823
2000-09-06,23.469,8.835,90.22,1.548
2000-09-07,23.012,6.387,93.2,1.621
2000-09-08,22.817,27.91,95.0,1.634
2000-09-09,23.33,11.372,91.27,1.837
2000-09-10,24.333,1.042,84.59,2.069
2000-09-11,24.678,0.351,75.3,2.185
2000-09-12,24.706,0.444,75.53,1.464
2000-09-13,25.38,0.421,72.99,1.63
2000-09-14,23.25,33.275,90.51,1.371
2000-09-15,23.116,6.276,93.03,0.854
2000-09-16,23.851,10.32,90.06,1.167
2000-09-17,23.475,8.179,91.99,0.835
2000-09-18,23.977,4.026,88.15,0.784
2000-09-19,24.093,2.299,82.93,1.621
2000-09-20,22.968,1.845,83.66,1.425
2000-09-21,23.534,1.374,84.04,1.644
2000-09-22,23.75,4.054,89.59,1.13
2000-09-23,23.429,1.998,87.0,1.186
2000-09-24,24.114,0.799,82.41,0.603
2000-09-25,24.712,0.272,76.48,0.589
2000-09-26,24.94,0.062,69.57,0.474
2000-09-27,24.717,0.079,71.08,0.909
2000-09-28,24.809,0.234,70.86,0.932
2000-09-29,24.682,0.414,72.58,0.809
2000-09-30,23.803,0.819,74.72,0.86
2000-10-01,23.81,0.36,72.72,1.011
2000-10-02,23.889,0.217,73.2,0.698
2000-10-03,23.777,0.554,74.7,0.542
2000-10-04,24.171,0.671,76.13,0.355
2000-10-05,24.853,0.446,74.3,0.466
2000-10-06,24.139,4.442,82.17,0.574
2000-10-07,23.951,6.369,85.53,0.195
2000-10-08,23.947,6.599,85.03,0.322
2000-10-09,23.972,5.532,84.08,0.569
2000-10-10,24.847,0.557,73.27,0.843
2000-10-11,24.192,0.002,69.4,1.594
2000-10-12,23.506,0.001,65.42,1.935
2000-10-13,22.599,0.001,59.77,2.238
2000-10-14,22.115,0.0,54.96,2.118
2000-10-15,21.69,0.0,57.27,2.28
2000-10-16,22.903,0.009,66.14,1.676
2000-10-17,24.096,0.55,75.91,1.796
2000-10-18,24.321,0.509,77.35,0.83
2000-10-19,24.658,0.809,75.61,0.439
2000-10-20,23.836,0.005,65.84,1.074
2000-10-21,23.821,0.003,53.73,0.929
2000-10-22,23.299,0.0,49.29,1.302
2000-10-23,22.813,0.002,48.2,1.458
2000-10-24,23.185,0.0,48.42,1.055
2000-10-25,22.597,0.001,47.21,1.441
2000-10-26,21.535,0.0,45.13,2.028
2000-10-27,22.369,0.001,51.31,2.633
2000-10-28,22.074,0.541,68.06,1.9
2000-10-29,20.588,0.986,77.37,1.134
2000-10-30,21.461,0.003,66.76,1.233
2000-10-31,21.627,0.0,64.27,0.637
2000-11-01,22.059,0.005,63.26,1.227
2000-11-02,21.596,0.0,63.48,1.435
2000-11-03,22.035,0.001,62.01,0.635
2000-11-04,22.64,0.008,58.94,0.759
2000-11-05,22.193,0.012,59.79,0.504
2000-11-06,20.531,0.003,54.03,1.024
2000-11-07,20.176,0.0,50.62,1.14
2000-11-08,19.964,0.0,49.23,1.005
2000-11-09,20.0,0.0,46.68,1.652
2000-11-10,20.792,0.001,49.26,1.212
2000-11-11,20.459,0.0,50.58,1.215
2000-11-12,19.481,0.001,47.12,1.061
2000-11-13,19.073,0.003,48.91,0.872
2000-11-14,19.026,0.002,49.87,1.256
2000-11-15,18.634,0.001,45.92,1.477
2000-11-16,18.597,0.0,49.35,1.246
2000-11-17,18.476,0.002,51.72,0.944
2000-11-18,18.72,0.0,48.59,0.537
2000-11-19,19.948,0.002,42.64,0.917
2000-11-20,21.28,0.001,44.68,0.812
2000-11-21,20.887,0.001,49.35,0.118
2000-11-22,20.587,0.001,52.53,0.159
2000-11-23,20.026,0.0,57.18,1.031
2000-11-24,19.63,0.0,53.58,1.961
2000-11-25,19.078,0.001,51.4,1.695
2000-11-26,18.606,0.0,56.56,1.106
2000-11-27,18.508,0.001,52.16,1.08
2000-11-28,18.829,0.001,52.08,1.216
2000-11-29,18.749,0.0,54.18,0.977
2000-11-30,18.904,0.0,58.31,0.679
2000-12-01,17.365,0.001,50.88,1.706
2000-12-02,14.99,0.001,39.89,1.422
2000-12-03,14.298,0.0,41.4,1.519
2000-12-04,14.537,0.001,43.03,1.589
2000-12-05,15.481,0.004,42.78,1.554
2000-12-06,15.794,0.0,43.03,1.581
2000-12-07,15.717,0.0,43.47,1.381
2000-12-08,15.61,0.0,44.34,1.526
2000-12-09,16.255,0.002,42.22,1.529
2000-12-10,16.893,0.0,44.55,1.193
2000-12-11,17.273,0.0,48.76,1.279
2000-12-12,16.281,0.001,44.59,1.519
2000-12-13,15.203,0.0,38.6,1.877
2000-12-14,14.972,0.001,43.43,1.44
2000-12-15,15.88,0.001,46.99,1.831
2000-12-16,15.788,0.002,48.82,1.602
2000-12-17,15.824,0.0,51.78,1.459
2000-12-18,16.585,0.001,50.2,1.727
2000-12-19,17.275,0.001,53.94,1.676
2000-12-20,16.146,0.001,49.83,1.549
2000-12-21,15.705,0.001,41.01,0.959
2000-12-22,15.015,0.0,44.17,1.1
2000-12-23,14.543,0.001,43.33,0.972
2000-12-24,14.604,0.001,49.26,0.884
2000-12-25,14.856,0.001,56.2,1.006
2000-12-26,15.531,0.001,57.93,1.044
2000-12-27,15.952,0.003,59.77,0.883
2000-12-28,15.889,0.001,57.92,0.731
2000-12-29,15.594,0.0,51.43,0.92
2000-12-30,15.599,0.001,48.07,0.661
2000-12-31,16.656,0.042,48.08,0.67
2001-01-01,16.351,4.836,65.52,1.46
2001-01-02,16.43,0.105,69.34,0.97
2001-01-03,14.266,0.001,61.59,1.714
2001-01-04,13.025,0.0,59.32,1.69
2001-01-05,12.002,0.001,53.58,1.481
2001-01-06,12.888,0.0,54.04,0.464
2001-01-07,14.39,0.003,51.93,0.977
2001-01-08,16.569,0.0,54.66,0.522
2001-01-09,15.824,0.002,57.74,1.514
2001-01-10,13.533,0.001,42.67,1.681
2001-01-11,13.281,0.002,35.63,1.597
2001-01-12,15.967,0.0,47.55,1.035
2001-01-13,17.078,0.0,53.49,0.965
2001-01-14,15.645,0.002,45.33,1.18
2001-01-15,15.256,0.003,40.06,1.134
2001-01-16,16.809,0.001,45.9,1.268
2001-01-17,17.169,0.0,52.2,1.231
2001-01-18,16.751,0.0,41.09,2.161
2001-01-19,15.681,0.0,33.03,1.597
2001-01-20,16.553,0.0,30.43,1.581
2001-01-21,19.644,0.001,43.13,0.673
2001-01-22,20.071,0.001,41.73,1.42
2001-01-23,18.668,0.002,36.72,2.518
2001-01-24,15.087,0.0,27.33,3.047
2001-01-25,14.796,0.001,26.16,2.345
2001-01-26,15.487,0.0,28.66,2.061
2001-01-27,16.173,0.001,30.42,2.173
2001-01-28,16.107,0.001,30.91,1.578
2001-01-29,17.025,0.001,32.14,0.912
2001-01-30,18.193,0.001,30.93,1.323
2001-01-31,19.271,0.0,35.07,1.313
2001-02-01,20.488,0.001,38.63,1.395
2001-02-02,21.032,-0.0,35.18,1.921
2001-02-03,19.765,0.0,35.07,1.252
2001-02-04,20.718,0.001,39.61,0.682
2001-02-05,21.723,0.004,49.86,0.423
2001-02-06,20.572,0.002,35.92,1.925
2001-02-07,18.958,0.002,20.55,2.12
2001-02-08,19.079,0.0,22.71,2.581
2001-02-09,18.082,0.002,26.84,2.41
2001-02-10,18.234,0.0,26.12,2.155
2001-02-11,18.605,0.001,30.64,1.627
2001-02-12,18.974,0.0,28.49,1.247
2001-02-13,19.249,0.001,24.86,0.918
2001-02-14,21.011,0.001,33.28,1.345
2001-02-15,21.132,8.272,56.56,0.037
2001-02-16,20.788,0.074,53.67,0.512
2001-02-17,21.788,0.002,50.07,0.257
2001-02-18,21.807,0.001,45.71,1.33
2001-02-19,22.046,0.001,39.96,1.734
2001-02-20,21.219,0.0,35.4,1.628
2001-02-21,21.667,0.057,37.22,0.58
2001-02-22,20.656,0.0,35.96,2.453
2001-02-23,21.132,0.0,32.85,2.031
2001-02-24,23.058,0.001,31.94,1.776
2001-02-25,24.146,0.001,28.73,1.26
2001-02-26,23.408,0.024,39.77,2.258
2001-02-27,23.074,0.002,37.6,1.225
2001-02-28,22.645,8.704,62.07,1.502
2001-03-01,20.664,4.504,79.98,0.969
2001-03-02,21.53,0.221,54.94,1.517
2001-03-03,22.796,0.98,53.34,0.833
2001-03-04,21.883,7.877,64.8,0.617
2001-03-05,19.117,7.544,75.21,1.002
2001-03-06,19.352,0.001,49.91,1.63
2001-03-07,20.804,0.392,41.61,0.625
2001-03-08,21.753,0.987,51.37,0.808
2001-03-09,20.932,1.45,62.46,0.77
2001-03-10,21.006,0.002,42.37,1.05
2001-03-11,21.286,0.001,33.58,1.274
2001-03-12,21.635,0.001,35.59,0.887
2001-03-13,22.151,0.0,30.54,1.525
2001-03-14,23.121,0.0,31.16,1.015
2001-03-15,24.355,0.0,34.59,0.827
2001-03-16,24.736,0.001,38.38,1.333
2001-03-17,24.012,0.347,43.92,1.512
2001-03-18,24.143,0.0,29.18,2.005
2001-03-19,24.627,0.001,26.44,1.65
2001-03-20,26.399,0.002,30.76,0.439
2001-03-21,26.745,0.377,42.09,0.733
2001-03-22,25.329,8.176,56.06,0.339
2001-03-23,22.778,4.177,72.48,0.485
2001-03-24,23.775,0.001,42.98,1.481
2001-03-25,24.762,0.313,42.69,0.052
2001-03-26,24.897,0.023,45.24,0.554
2001-03-27,25.102,0.019,43.39,0.652
2001-03-28,26.234,0.0,35.33,0.268
2001-03-29,26.58,0.494,50.03,1.353
2001-03-30,24.162,6.443,70.98,1.265
2001-03-31,24.64,1.058,59.71,0.352
2001-04-01,24.79,0.011,46.15,0.91
2001-04-02,25.01,0.001,36.55,0.883
2001-04-03,25.412,0.0,34.96,0.803
2001-04-04,26.946,0.022,35.11,1.107
2001-04-05,27.833,0.524,36.61,0.908
2001-04-06,28.379,0.009,35.27,1.124
2001-04-07,28.175,0.0,24.28,1.292
2001-04-08,27.453,0.001,25.84,1.815
2001-04-09,29.183,0.0,22.01,1.544
2001-04-10,29.659,0.001,19.03,1.585
2001-04-11,29.317,0.0,19.52,1.205
2001-04-12,30.413,0.002,24.16,1.206
2001-04-13,24.276,0.201,47.53,0.9
2001-04-14,24.93,1.807,56.58,0.27
2001-04-15,23.761,15.442,73.17,0.392
2001-04-16,25.665,0.124,55.64,0.911
2001-04-17,23.724,1.765,66.42,0.52
2001-04-18,23.643,4.089,69.3,1.366
2001-04-19,25.258,0.412,59.0,1.029
2001-04-20,25.944,0.008,49.51,1.898
2001-04-21,25.03,0.0,33.98,2.597
2001-04-22,25.347,0.001,33.94,2.061
2001-04-23,26.721,0.001,26.96,2.021
2001-04-24,28.335,0.001,25.71,1.288
2001-04-25,29.835,0.0,23.08,1.139
2001-04-26,31.752,0.006,25.28,1.734
2001-04-27,31.515,0.001,25.42,1.325
2001-04-28,32.36,0.0,18.92,1.596
2001-04-29,32.257,0.001,20.2,0.936
2001-04-30,31.993,0.034,24.19,1.304
2001-05-01,30.256,0.617,42.53,0.959
2001-05-02,29.805,0.763,41.37,0.603
2001-05-03,30.359,0.953,37.43,0.566
2001-05-04,29.878,0.92,42.11,1.284
2001-05-05,29.964,0.004,37.2,0.71
2001-05-06,30.363,0.008,43.33,0.53
2001-05-07,30.36,0.697,48.31,1.188
2001-05-08,32.178,0.066,34.93,1.582
2001-05-09,33.115,0.0,25.39,2.584
2001-05-10,33.446,0.001,22.16,2.85
2001-05-11,32.582,0.109,28.99,1.722
2001-05-12,30.311,0.216,47.7,1.227
2001-05-13,30.184,0.602,51.03,0.51
2001-05-14,28.011,8.027,67.46,0.485
2001-05-15,29.6,0.207,53.75,0.109
2001-05-16,29.835,0.971,52.12,0.517
2001-05-17,29.875,0.959,50.48,0.575
2001-05-18,29.46,1.116,50.11,0.624
2001-05-19,29.595,0.053,44.05,1.426
2001-05-20,29.821,0.173,42.9,1.876
2001-05-21,29.554,1.408,48.3,1.098
2001-05-22,30.746,0.015,41.42,1.282
2001-05-23,31.835,0.015,37.75,1.224
2001-05-24,32.957,0.0,26.17,1.727
2001-05-25,33.731,0.0,25.77,1.593
2001-05-26,32.975,1.059,34.3,1.615
2001-05-27,30.371,1.509,49.15,0.826
2001-05-28,29.193,2.46,58.0,0.572
2001-05-29,30.075,0.687,49.59,1.683
2001-05-30,30.29,0.588,47.63,0.987
2001-05-31,30.195,0.62,48.97,2.02
2001-06-01,28.093,8.998,67.69,1.141
2001-06-02,27.818,5.949,72.13,0.856
2001-06-03,26.375,24.081,80.73,0.883
2001-06-04,25.35,20.179,84.77,1.617
2001-06-05,25.315,15.888,83.28,1.358
2001-06-06,25.934,10.401,82.1,0.349
2001-06-07,26.632,6.362,80.99,0.29
2001-06-08,26.36,8.476,83.33,0.574
2001-06-09,26.157,18.136,84.64,0.697
2001-06-10,25.853,18.221,83.9,0.507
2001-06-11,26.695,2.523,77.55,0.706
2001-06-12,26.341,7.245,78.92,2.416
2001-06-13,25.546,3.34,79.81,4.171
2001-06-14,23.682,44.968,89.87,1.666
2001-06-15,22.396,56.844,95.49,2.612
2001-06-16,21.79,12.306,89.97,3.507
2001-06-17,23.102,7.607,86.93,2.559
2001-06-18,23.789,11.958,89.38,2.015
2001-06-19,23.828,8.373,90.77,2.035
2001-06-20,23.804,6.819,91.35,2.322
2001-06-21,24.317,25.475,89.2,2.215
2001-06-22,24.022,33.893,89.02,1.839
2001-06-23,24.027,52.877,90.55,1.576
2001-06-24,23.576,14.389,92.64,1.589
2001-06-25,23.726,9.675,91.06,1.651
2001-06-26,23.547,11.334,92.56,1.98
2001-06-27,23.591,11.132,91.78,2.334
2001-06-28,23.847,21.466,91.66,2.122
2001-06-29,23.974,35.547,92.68,1.629
2001-06-30,22.943,35.507,94.93,2.143
2001-07-01,22.924,9.053,91.87,2.377
2001-07-02,24.911,8.289,81.47,2.122
2001-07-03,24.981,14.019,85.13,1.538
2001-07-04,24.088,21.866,90.42,0.977
2001-07-05,25.837,4.886,82.22,1.583
2001-07-06,26.382,5.186,80.13,2.028
2001-07-07,26.332,4.506,79.71,2.169
2001-07-08,24.904,20.941,87.77,2.272
2001-07-09,23.547,26.644,94.95,1.967
2001-07-10,23.322,17.19,95.15,2.373
2001-07-11,22.528,103.454,96.98,3.208
2001-07-12,22.086,90.492,97.13,3.762
2001-07-13,22.639,12.225,90.51,3.828
2001-07-14,22.996,9.739,93.64,2.664
2001-07-15,23.445,13.823,90.75,2.849
2001-07-16,23.704,20.504,89.82,2.849
2001-07-17,23.181,21.849,93.94,2.12
2001-07-18,24.125,8.79,90.03,1.006
2001-07-19,24.308,19.501,90.67,0.292
2001-07-20,23.752,33.166,93.44,1.373
2001-07-21,23.558,38.743,94.16,1.641
2001-07-22,23.282,63.985,96.6,1.239
2001-07-23,23.534,5.906,92.96,2.26
2001-07-24,23.869,5.463,90.03,1.9
2001-07-25,23.785,10.878,91.54,1.672
2001-07-26,23.716,10.096,93.29,1.815
2001-07-27,23.856,32.107,91.64,2.709
2001-07-28,24.243,12.532,89.32,2.34
2001-07-29,24.598,10.148,88.68,1.908
2001-07-30,25.0,2.513,86.09,1.22
2001-07-31,25.647,1.226,81.67,1.551
2001-08-01,25.562,2.365,81.56,1.68
2001-08-02,25.614,4.897,84.36,0.877
2001-08-03,25.13,11.098,83.89,2.331
2001-08-04,24.162,5.464,86.92,2.927
2001-08-05,24.693,2.763,84.95,2.093
2001-08-06,25.151,2.015,82.51,1.958
2001-08-07,25.544,2.047,81.56,1.974
2001-08-08,25.557,1.821,81.73,1.344
2001-08-09,25.134,9.983,84.73,0.852
2001-08-10,24.701,6.679,85.21,2.278
2001-08-11,24.352,6.135,88.74,1.849
2001-08-12,24.704,2.96,87.73,1.438
2001-08-13,24.662,13.552,89.46,0.466
2001-08-14,24.201,19.546,91.22,0.535
2001-08-15,24.362,8.633,89.19,1.391
2001-08-16,24.208,7.46,90.06,1.486
2001-08-17,24.417,10.275,89.46,1.696
2001-08-18,24.648,5.136,87.84,1.015
2001-08-19,25.207,7.926,87.4,1.213
2001-08-20,25.495,3.278,86.17,1.855
2001-08-21,25.499,5.149,87.53,1.035
2001-08-22,25.243,10.742,88.34,0.314
2001-08-23,24.741,13.167,89.74,0.312
2001-08-24,24.415,8.741,89.71,0.852
2001-08-25,25.246,2.845,84.02,1.833
2001-08-26,25.86,1.087,79.91,2.563
2001-08-27,26.026,1.35,79.39,2.425
2001-08-28,26.021,0.789,75.38,2.453
2001-08-29,25.448,2.158,78.62,2.523
2001-08-30,24.807,7.925,82.44,2.63
2001-08-31,23.156,97.766,95.04,1.708
2001-09-01,23.393,8.028,93.2,2.333
2001-09-02,24.072,8.988,90.08,2.056
2001-09-03,24.624,3.962,87.39,1.726
2001-09-04,24.682,4.656,85.74,2.206
2001-09-05,24.882,3.537,83.64,2.253
2001-09-06,25.065,1.916,82.4,1.854
2001-09-07,25.62,0.701,78.21,1.468
2001-09-08,25.716,0.774,80.1,1.85
2001-09-09,25.564,1.029,80.06,2.028
2001-09-10,25.827,0.845,77.12,1.963
2001-09-11,25.785,0.478,74.38,1.6
2001-09-12,25.394,1.261,79.93,0.516
2001-09-13,24.299,11.063,87.19,0.892
2001-09-14,24.683,6.744,84.72,0.362
2001-09-15,24.534,7.857,86.03,0.211
2001-09-16,24.128,13.517,86.81,0.546
2001-09-17,24.416,3.065,81.15,1.048
2001-09-18,24.619,0.128,72.19,1.471
2001-09-19,24.975,0.001,66.0,1.291
2001-09-20,24.731,0.0,66.14,1.482
2001-09-21,24.767,0.003,67.6,1.523
2001-09-22,25.001,0.021,69.24,1.119
2001-09-23,25.687,0.114,70.16,0.219
2001-09-24,25.287,2.94,79.71,0.549
2001-09-25,24.372,8.465,86.46,0.52
2001-09-26,24.608,6.109,84.87,0.42
2001-09-27,25.033,4.918,81.76,0.757
2001-09-28,25.006,1.274,81.0,1.408
2001-09-29,24.995,0.865,78.79,3.234
2001-09-30,22.956,9.262,91.2,3.967
2001-10-01,22.96,9.871,93.89,3.075
2001-10-02,23.443,5.757,90.39,2.648
2001-10-03,23.306,9.904,91.38,2.193
2001-10-04,22.818,14.309,94.96,2.015
2001-10-05,23.058,11.091,92.55,1.164
2001-10-06,24.094,1.398,85.26,1.082
2001-10-07,24.301,0.312,82.85,1.263
2001-10-08,24.966,0.488,80.29,0.774
2001-10-09,24.365,3.575,84.47,0.313
2001-10-10,23.638,8.358,88.01,0.441
2001-10-11,23.431,11.65,88.86,0.447
2001-10-12,23.957,0.136,74.11,0.937
2001-10-13,23.526,0.0,70.39,1.295
2001-10-14,23.64,0.164,76.32,1.316
2001-10-15,23.333,0.003,72.12,1.4
2001-10-16,23.354,0.125,72.88,1.256
2001-10-17,22.206,1.938,85.9,0.877
2001-10-18,22.443,0.011,71.58,1.022
2001-10-19,22.296,0.001,70.33,0.707
2001-10-20,21.702,0.001,67.11,1.212
2001-10-21,21.351,0.0,66.26,1.331
2001-10-22,22.511,0.015,72.2,0.692
2001-10-23,23.109,0.198,72.48,0.817
2001-10-24,22.372,0.403,73.34,0.934
2001-10-25,22.074,0.002,69.62,0.816
2001-10-26,22.195,0.001,64.78,0.82
2001-10-27,22.851,0.017,63.81,0.711
2001-10-28,22.657,0.025,60.51,1.484
2001-10-29,22.316,1.635,78.66,1.624
2001-10-30,22.394,0.73,80.13,1.551
2001-10-31,22.7,0.022,72.71,1.521
2001-11-01,22.188,0.0,59.69,1.133
2001-11-02,22.126,0.002,61.32,0.647
2001-11-03,21.777,0.0,62.37,1.383
2001-11-04,22.442,0.002,56.17,0.869
2001-11-05,22.87,0.0,56.36,0.709
2001-11-06,22.716,0.002,59.35,1.207
2001-11-07,22.005,0.014,62.47,1.309
2001-11-08,21.471,0.109,66.45,1.617
2001-11-09,21.301,0.093,63.76,2.104
2001-11-10,20.987,0.016,58.15,2.436
2001-11-11,20.406,0.001,58.29,2.425
2001-11-12,20.615,0.002,63.56,2.477
2001-11-13,21.256,0.0,68.28,1.645
2001-11-14,21.449,0.002,67.66,1.009
2001-11-15,21.667,0.001,66.99,0.752
2001-11-16,22.362,0.011,65.47,0.395
2001-11-17,22.376,0.405,69.35,0.453
2001-11-18,21.528,0.782,66.59,0.917
2001-11-19,20.908,0.001,58.25,1.067
2001-11-20,20.3,0.001,58.66,0.958
2001-11-21,20.327,0.02,63.43,0.239
2001-11-22,20.389,0.0,58.4,0.258
2001-11-23,20.041,0.0,57.09,0.494
2001-11-24,20.187,0.002,58.71,0.983
2001-11-25,19.965,0.008,59.67,0.633
2001-11-26,19.602,0.0,55.28,0.759
2001-11-27,19.253,0.09,57.13,0.263
2001-11-28,18.901,-0.0,55.51,0.568
2001-11-29,18.061,0.001,60.55,1.133
2001-11-30,16.645,0.0,51.16,1.488
2001-12-01,16.517,0.0,45.78,1.485
2001-12-02,16.847,0.0,43.63,1.904
2001-12-03,16.617,0.001,48.66,1.203
2001-12-04,16.966,0.002,49.37,1.52
2001-12-05,17.051,0.001,52.49,1.32
2001-12-06,17.267,0.001,50.41,1.174
2001-12-07,17.177,0.001,49.16,1.293
2001-12-08,17.769,0.003,48.1,1.486
2001-12-09,18.378,0.0,49.76,1.005
2001-12-10,18.336,0.001,54.75,0.851
2001-12-11,18.368,0.0,54.46,1.028
2001-12-12,18.972,0.0,55.06,1.192
2001-12-13,17.691,0.001,56.94,1.592
2001-12-14,16.434,0.001,57.03,0.816
2001-12-15,16.579,0.0,60.81,0.68
2001-12-16,16.752,0.001,55.07,1.415
2001-12-17,16.509,0.003,54.49,1.294
2001-12-18,15.708,0.0,52.53,1.576
2001-12-19,15.616,0.001,58.61,1.488
2001-12-20,15.967,0.0,56.06,1.998
2001-12-21,14.784,0.0,58.22,1.138
2001-12-22,14.346,0.001,55.58,1.038
2001-12-23,14.332,0.001,54.83,0.693
2001-12-24,14.557,0.0,54.25,0.614
2001-12-25,15.463,0.002,51.8,0.514
2001-12-26,15.946,0.001,53.98,0.519
2001-12-27,16.143,0.001,55.23,0.682
2001-12-28,16.081,0.001,51.84,1.489
2001-12-29,16.669,0.002,53.59,0.888
2001-12-30,16.331,0.001,55.7,1.294
2001-12-31,14.968,0.001,46.87,1.801
2002-01-01,13.495,0.0,43.75,1.523
2002-01-02,13.365,0.0,47.07,1.453
2002-01-03,13.822,0.001,46.05,0.96
2002-01-04,14.482,0.001,50.44,0.993
2002-01-05,14.684,0.003,51.11,1.014
2002-01-06,16.142,0.0,56.8,0.401
2002-01-07,16.551,0.011,59.39,0.564
2002-01-08,15.908,0.964,66.35,0.715
2002-01-09,15.604,0.002,57.94,0.967
2002-01-10,15.079,0.001,46.31,1.577
2002-01-11,14.956,0.001,44.51,1.256
2002-01-12,15.531,0.004,44.75,1.831
2002-01-13,16.186,0.0,50.08,0.411
2002-01-14,17.736,0.002,51.08,0.803
2002-01-15,20.38,0.004,44.17,1.093
2002-01-16,20.423,0.002,51.08,0.877
2002-01-17,20.825,0.008,54.28,1.208
2002-01-18,20.729,0.0,52.78,1.069
2002-01-19,19.98,0.0,51.42,0.743
2002-01-20,19.42,0.031,61.46,0.189
2002-01-21,19.609,0.292,63.74,0.335
2002-01-22,19.163,1.771,77.68,0.386
2002-01-23,18.21,1.076,75.2,1.471
2002-01-24,16.297,0.0,42.14,2.07
2002-01-25,15.292,0.001,38.68,1.793
2002-01-26,16.94,0.034,43.59,0.767
2002-01-27,17.785,1.83,75.83,1.388
2002-01-28,16.722,0.496,66.43,1.952
2002-01-29,15.664,0.444,70.25,0.931
2002-01-30,14.732,0.002,54.72,1.439
2002-01-31,14.044,0.001,45.04,1.063
2002-02-01,15.038,0.001,44.37,1.469
2002-02-02,15.656,0.0,40.68,1.485
2002-02-03,15.441,0.001,39.16,1.935
2002-02-04,15.65,0.003,37.43,1.058
2002-02-05,18.743,0.0,37.47,0.43
2002-02-06,21.374,0.004,43.71,0.929
2002-02-07,18.956,0.948,70.32,0.821
2002-02-08,17.11,1.477,76.26,1.558
2002-02-09,19.419,0.04,66.56,0.333
2002-02-10,20.495,0.011,58.34,1.425
2002-02-11,21.262,0.001,49.71,1.994
2002-02-12,20.133,0.056,64.92,1.745
2002-02-13,19.964,0.047,60.95,1.697
2002-02-14,19.426,0.001,50.39,1.466
2002-02-15,18.481,0.0,34.63,1.47
2002-02-16,18.578,0.003,38.67,0.749
2002-02-17,20.082,0.0,36.15,0.581
2002-02-18,20.814,0.299,46.25,2.069
2002-02-19,21.668,0.218,45.89,1.458
2002-02-20,21.982,0.105,46.92,0.68
2002-02-21,23.041,0.023,43.73,1.018
2002-02-22,22.642,0.002,33.07,1.418
2002-02-23,24.195,0.002,36.29,0.616
2002-02-24,24.268,0.389,40.75,0.716
2002-02-25,21.596,3.69,62.07,0.929
2002-02-26,21.063,0.002,41.24,2.085
2002-02-27,20.651,0.002,30.97,2.064
2002-02-28,21.765,0.0,33.72,1.178
2002-03-01,22.687,0.0,37.36,0.576
2002-03-02,25.012,0.06,41.16,1.061
2002-03-03,23.925,0.002,44.18,2.291
2002-03-04,20.506,0.002,30.65,1.917
2002-03-05,20.918,0.001,26.34,1.556
2002-03-06,21.752,0.001,29.27,1.391
2002-03-07,21.97,0.002,31.83,1.065
2002-03-08,21.856,6.36,64.18,1.298
2002-03-09,23.066,1.153,68.61,0.327
2002-03-10,24.986,0.0,46.22,0.993
2002-03-11,24.991,0.001,41.14,2.346
2002-03-12,23.667,0.001,25.77,2.356
2002-03-13,23.894,0.002,34.69,2.115
2002-03-14,25.215,0.027,37.13,2.336
2002-03-15,23.299,0.227,48.51,1.917
2002-03-16,23.904,0.001,36.64,1.905
2002-03-17,24.044,0.001,25.81,1.921
2002-03-18,24.312,0.0,26.26,1.474
2002-03-19,24.938,0.001,28.03,1.792
2002-03-20,25.566,0.0,28.26,1.451
2002-03-21,25.678,0.0,24.32,1.136
2002-03-22,25.169,0.914,31.56,1.616
2002-03-23,26.365,0.001,29.81,0.86
2002-03-24,26.868,0.001,27.21,1.185
2002-03-25,27.927,0.0,25.1,0.352
2002-03-26,28.272,0.044,27.72,0.63
2002-03-27,25.87,1.279,47.28,0.711
2002-03-28,23.719,9.174,63.26,0.767
2002-03-29,23.691,1.222,58.27,1.048
2002-03-30,24.137,0.0,31.51,1.509
2002-03-31,26.135,0.0,25.42,1.235
2002-04-01,26.577,1.331,39.31,1.645
2002-04-02,26.269,0.602,47.43,1.308
2002-04-03,26.449,0.0,37.57,1.26
2002-04-04,25.726,0.002,35.67,0.839
2002-04-05,26.776,0.002,27.72,1.032
2002-04-06,28.027,0.0,29.72,0.643
2002-04-07,28.909,0.003,32.25,0.526
2002-04-08,27.525,0.225,37.8,1.707
2002-04-09,27.631,0.256,35.22,1.936
2002-04-10,27.407,1.084,34.18,0.834
2002-04-11,26.986,0.049,34.93,0.247
2002-04-12,26.023,1.194,47.57,0.803
2002-04-13,26.539,0.001,37.33,0.446
2002-04-14,27.786,0.003,33.45,0.507
2002-04-15,29.027,0.0,31.44,0.673
2002-04-16,30.742,0.0,26.88,1.182
2002-04-17,31.224,0.001,24.92,1.324
2002-04-18,31.413,0.0,25.68,1.416
2002-04-19,31.618,0.001,26.63,0.461
2002-04-20,31.301,0.733,32.97,0.09
2002-04-21,30.389,0.476,29.77,1.492
2002-04-22,30.558,0.153,26.61,1.328
2002-04-23,29.684,0.012,34.62,1.267
2002-04-24,30.125,0.008,38.3,1.266
2002-04-25,30.922,0.002,33.15,0.945
2002-04-26,30.975,0.002,22.64,2.294
2002-04-27,29.612,0.002,21.65,0.914
2002-04-28,30.644,0.0,20.94,2.169
2002-04-29,31.487,0.001,19.61,2.195
2002-04-30,30.78,0.002,21.99,0.824
2002-05-01,30.9,0.169,27.42,1.26
2002-05-02,32.246,0.01,27.8,1.244
2002-05-03,30.949,0.554,36.11,0.856
2002-05-04,31.245,0.015,33.43,0.665
2002-05-05,32.247,0.0,24.81,1.287
2002-05-06,32.221,0.009,30.71,0.545
2002-05-07,31.49,0.086,35.41,1.289
2002-05-08,32.249,0.001,27.91,1.5
2002-05-09,32.595,0.001,26.38,1.469
2002-05-10,32.831,0.0,26.34,1.824
2002-05-11,32.803,0.0,27.34,2.032
2002-05-12,33.913,0.001,20.84,1.565
2002-05-13,33.38,0.0,36.98,1.024
2002-05-14,31.632,1.407,49.12,0.689
2002-05-15,30.668,1.185,54.86,0.369
2002-05-16,28.889,2.151,64.9,0.998
2002-05-17,30.067,0.247,55.09,0.363
2002-05-18,32.947,0.0,30.15,1.401
2002-05-19,34.484,0.0,20.86,3.114
2002-05-20,34.685,0.0,22.05,3.266
2002-05-21,33.879,0.033,24.51,2.969
2002-05-22,33.533,0.001,17.62,2.023
2002-05-23,34.194,0.0,19.56,1.024
2002-05-24,32.175,1.654,33.42,0.365
2002-05-25,31.391,1.011,38.04,1.016
2002-05-26,29.197,1.583,50.89,1.713
2002-05-27,27.819,2.916,56.36,0.982
2002-05-28,28.607,1.821,51.04,0.599
2002-05-29,29.218,0.363,50.38,0.576
2002-05-30,28.797,0.435,54.5,1.337
2002-05-31,29.116,0.143,52.56,0.568
2002-06-01,30.149,0.069,45.44,0.583
2002-06-02,31.153,0.672,44.97,0.548
2002-06-03,30.996,1.777,46.63,1.278
2002-06-04,30.238,1.669,51.87,1.274
2002-06-05,30.311,1.024,51.95,1.06
2002-06-06,29.941,1.647,56.41,1.526
2002-06-07,29.539,5.672,60.01,1.882
2002-06-08,29.255,3.917,63.94,1.149
2002-06-09,28.199,8.166,71.92,0.446
2002-06-10,25.099,48.722,89.38,0.901
2002-06-11,24.668,21.428,90.64,0.774
2002-06-12,26.665,5.641,82.4,1.16
2002-06-13,28.483,0.324,72.43,1.199
2002-06-14,29.231,0.472,64.88,2.192
2002-06-15,29.127,0.267,65.16,1.299
2002-06-16,28.759,7.853,69.43,0.517
2002-06-17,27.508,3.023,76.64,0.738
2002-06-18,27.792,10.718,77.76,0.878
2002-06-19,26.985,24.484,82.31,0.832
2002-06-20,26.834,11.79,81.33,1.033
2002-06-21,26.948,7.239,79.62,1.665
2002-06-22,25.961,11.232,84.14,1.57
2002-06-23,24.568,25.9,89.28,2.198
2002-06-24,23.701,15.737,94.12,2.624
2002-06-25,23.199,12.816,92.9,2.133
2002-06-26,23.537,5.041,82.86,2.427
2002-06-27,24.113,5.427,88.8,1.956
2002-06-28,25.95,4.572,80.63,2.157
2002-06-29,26.098,7.405,81.43,2.258
2002-06-30,25.89,6.109,81.65,2.618
2002-07-01,24.71,14.921,89.73,2.213
2002-07-02,24.235,9.342,92.25,2.3
2002-07-03,24.236,13.051,93.84,2.28
2002-07-04,24.97,3.117,85.72,2.366
2002-07-05,24.666,5.128,89.06,1.831
2002-07-06,27.118,0.316,73.93,2.334
2002-07-07,27.58,0.707,71.54,2.642
2002-07-08,27.686,0.421,69.35,2.37
2002-07-09,27.777,1.445,74.38,1.781
2002-07-10,27.662,0.146,69.87,2.294
2002-07-11,27.957,0.155,67.7,1.943
2002-07-12,27.793,0.369,69.93,1.68
2002-07-13,27.917,2.448,71.48,1.311
2002-07-14,26.965,12.773,80.15,1.327
2002-07-15,25.583,16.195,87.98,1.509
2002-07-16,25.163,13.145,86.19,1.763
2002-07-17,25.363,15.752,86.82,1.498
2002-07-18,25.91,6.274,84.88,1.494
2002-07-19,25.284,8.945,88.85,1.346
2002-07-20,24.255,12.917,94.1,2.083
2002-07-21,23.068,16.753,94.13,3.057
2002-07-22,23.083,10.538,92.62,2.785
2002-07-23,25.895,0.733,76.2,3.199
2002-07-24,26.707,0.57,73.78,2.727
2002-07-25,26.606,0.266,72.57,2.374
2002-07-26,26.447,1.995,77.89,1.912
2002-07-27,26.977,1.066,75.86,1.54
2002-07-28,27.578,0.288,73.28,1.216
2002-07-29,27.573,1.029,75.14,0.555
2002-07-30,26.027,13.329,84.54,0.353
2002-07-31,25.375,12.155,86.23,0.873
2002-08-01,24.942,6.616,88.36,1.298
2002-08-02,25.047,9.084,87.44,1.538
2002-08-03,24.092,12.539,92.23,1.184
2002-08-04,24.108,6.434,92.65,1.135
2002-08-05,24.595,7.202,87.47,1.237
2002-08-06,24.572,9.419,87.99,0.812
2002-08-07,25.129,17.369,87.28,0.453
2002-08-08,25.148,13.389,87.94,0.381
2002-08-09,24.866,18.086,88.67,0.421
2002-08-10,24.295,24.727,91.65,1.748
2002-08-11,23.573,14.395,92.98,2.462
2002-08-12,23.51,12.876,91.39,2.563
2002-08-13,22.972,16.602,93.48,1.864
2002-08-14,22.755,16.652,96.05,1.565
2002-08-15,23.263,4.449,92.06,1.46
2002-08-16,23.712,21.405,92.18,0.566
2002-08-17,22.301,5.474,96.63,1.656
2002-08-18,21.711,4.405,94.77,2.382
2002-08-19,22.709,4.77,94.86,1.984
2002-08-20,24.224,3.273,86.58,1.463
2002-08-21,23.595,13.188,92.14,1.385
2002-08-22,24.18,6.983,87.13,2.33
2002-08-23,24.319,7.834,86.16,3.812
2002-08-24,24.02,6.662,89.03,3.469
2002-08-25,24.833,0.64,79.05,1.92
2002-08-26,25.031,5.483,81.99,1.637
2002-08-27,24.778,9.08,84.17,1.859
2002-08-28,24.085,11.694,86.54,1.678
2002-08-29,23.786,10.687,88.46,1.392
2002-08-30,23.753,4.847,88.39,1.899
2002-08-31,23.033,6.612,91.93,1.864
2002-09-01,23.188,13.302,91.69,1.558
2002-09-02,23.32,9.226,91.62,1.618
2002-09-03,23.196,18.736,93.81,1.457
2002-09-04,23.069,22.765,92.92,1.326
2002-09-05,23.162,10.709,92.07,1.578
2002-09-06,23.316,10.766,90.49,2.041
2002-09-07,23.751,5.615,87.82,1.562
2002-09-08,23.823,12.653,88.59,0.893
2002-09-09,23.774,14.354,88.36,1.344
2002-09-10,22.662,21.193,94.08,1.39
2002-09-11,22.131,44.323,97.64,1.3
2002-09-12,22.462,14.493,95.52,1.856
2002-09-13,23.891,3.413,86.49,0.587
2002-09-14,25.17,1.235,80.89,0.688
2002-09-15,25.223,0.381,75.31,1.187
2002-09-16,24.657,0.017,68.09,1.786
2002-09-17,24.428,0.128,69.07,1.701
2002-09-18,24.39,0.66,76.96,1.447
2002-09-19,24.638,0.119,72.68,1.888
2002-09-20,24.72,0.1,71.93,2.056
2002-09-21,24.231,1.139,78.46,1.231
2002-09-22,22.954,15.471,89.33,1.207
2002-09-23,23.011,11.943,90.54,0.594
2002-09-24,23.443,12.001,88.56,0.779
2002-09-25,23.848,1.537,84.16,1.624
2002-09-26,23.441,6.923,84.99,2.082
2002-09-27,23.535,4.844,84.17,1.553
2002-09-28,22.592,16.581,90.84,0.533
2002-09-29,23.472,3.57,85.52,0.412
2002-09-30,24.369,1.017,81.46,0.316
2002-10-01,24.096,0.052,71.37,0.765
2002-10-02,23.735,0.002,64.19,1.444
2002-10-03,23.053,0.001,62.87,1.737
2002-10-04,22.719,0.001,65.21,1.159
2002-10-05,22.913,0.001,64.82,0.722
2002-10-06,23.947,0.001,66.63,0.365
2002-10-07,24.334,0.473,75.77,0.579
2002-10-08,23.702,3.298,83.31,0.777
2002-10-09,23.47,3.78,85.26,0.932
2002-10-10,23.793,0.898,80.24,0.806
2002-10-11,23.446,1.019,80.44,0.466
2002-10-12,23.496,2.512,80.39,0.794
2002-10-13,23.334,0.593,79.49,1.54
2002-10-14,23.092,0.707,78.5,1.896
2002-10-15,23.394,0.195,76.7,1.745
2002-10-16,23.694,2.434,79.89,0.768
2002-10-17,22.494,20.451,90.46,0.969
2002-10-18,21.023,5.028,88.71,1.546
2002-10-19,20.613,0.001,74.75,1.747
2002-10-20,21.255,0.0,66.89,0.97
2002-10-21,21.553,0.0,66.75,1.125
2002-10-22,22.744,0.001,61.92,0.582
2002-10-23,22.278,0.0,66.31,1.099
2002-10-24,21.918,0.001,67.03,1.002
2002-10-25,21.459,0.001,67.56,1.019
2002-10-26,20.638,0.001,65.85,0.862
2002-10-27,19.415,0.0,59.26,1.486
2002-10-28,19.014,0.0,59.51,1.596
2002-10-29,19.551,0.0,57.87,1.313
2002-10-30,19.868,0.001,55.17,1.276
2002-10-31,20.841,0.0,57.1,1.013
2002-11-01,21.396,0.0,59.23,0.758
2002-11-02,20.332,0.001,59.17,1.543
2002-11-03,19.778,0.001,58.33,1.688
2002-11-04,19.869,0.001,60.18,1.636
2002-11-05,19.778,0.001,61.69,1.257
2002-11-06,20.315,0.0,62.55,1.23
2002-11-07,20.462,0.007,63.51,1.141
2002-11-08,20.928,0.002,63.21,1.147
2002-11-09,21.707,0.586,70.34,1.241
2002-11-10,21.417,2.32,71.68,1.646
2002-11-11,21.488,0.0,64.83,2.166
2002-11-12,20.569,0.825,75.45,2.38
2002-11-13,19.292,0.116,74.14,2.293
2002-11-14,18.247,0.002,60.37,2.005
2002-11-15,18.272,0.002,56.61,1.711
2002-11-16,18.308,0.0,59.69,2.062
2002-11-17,17.794,0.003,57.11,1.864
2002-11-18,17.569,0.0,55.6,1.381
2002-11-19,17.797,0.0,56.04,1.695
2002-11-20,18.087,0.0,52.4,1.64
2002-11-21,18.604,0.002,51.25,1.389
2002-11-22,18.558,0.0,54.11,1.493
2002-11-23,18.625,0.0,60.67,1.273
2002-11-24,18.676,0.001,60.59,1.427
2002-11-25,18.651,0.002,56.31,1.267
2002-11-26,18.433,0.0,51.56,1.482
2002-11-27,18.08,0.003,51.81,1.84
2002-11-28,17.189,0.001,47.41,1.604
2002-11-29,16.544,0.002,46.73,1.155
2002-11-30,16.835,0.001,43.71,1.341
2002-12-01,17.828,0.003,55.02,1.594
2002-12-02,17.086,0.0,47.57,1.352
2002-12-03,17.086,0.0,50.84,0.829
2002-12-04,17.371,0.0,54.13,0.925
2002-12-05,18.537,0.003,53.62,1.133
2002-12-06,18.787,0.0,56.36,1.105
2002-12-07,18.727,0.001,56.04,1.586
2002-12-08,19.347,0.001,59.41,2.13
2002-12-09,18.813,0.001,54.02,1.938
2002-12-10,17.911,0.001,52.82,1.873
2002-12-11,17.603,0.0,47.22,1.743
2002-12-12,17.443,0.002,48.13,1.621
2002-12-13,17.103,0.0,46.73,1.561
2002-12-14,17.254,0.001,46.74,1.559
2002-12-15,17.093,0.0,52.27,1.579
2002-12-16,17.135,0.003,54.88,1.762
2002-12-17,17.344,0.001,49.59,1.561
2002-12-18,19.606,0.001,52.32,1.42
2002-12-19,20.081,0.0,48.8,1.508
2002-12-20,19.143,0.0,47.91,2.1
2002-12-21,18.404,0.002,49.36,2.02
2002-12-22,18.002,0.002,48.99,1.734
2002-12-23,18.135,0.003,49.92,1.162
2002-12-24,18.368,1.967,58.89,0.431
2002-12-25,17.466,0.321,64.61,1.334
2002-12-26,16.826,0.001,58.25,1.54
2002-12-27,15.923,0.001,55.39,1.97
2002-12-28,14.854,0.003,55.15,1.798
2002-12-29,13.999,0.003,45.76,1.268
2002-12-30,15.228,0.002,45.29,0.931
2002-12-31,17.088,3.487,64.87,0.886
2003-01-01,14.19,0.001,67.05,2.012
2003-01-02,14.574,0.001,70.52,0.882
2003-01-03,15.581,0.001,64.02,1.314
2003-01-04,16.315,0.008,65.08,1.728
2003-01-05,13.706,0.0,55.3,1.934
2003-01-06,13.479,0.0,52.87,0.875
2003-01-07,14.509,0.001,46.5,1.616
2003-01-08,13.806,0.002,48.46,1.993
2003-01-09,13.374,0.001,43.8,1.102
2003-01-10,14.258,0.001,36.76,1.641
2003-01-11,15.375,0.001,44.3,1.943
2003-01-12,14.805,0.003,39.7,1.785
2003-01-13,15.934,-0.0,41.69,2.017
2003-01-14,14.398,0.001,35.67,2.184
2003-01-15,13.173,0.001,38.67,1.598
2003-01-16,13.372,0.0,39.78,1.332
2003-01-17,14.057,0.001,42.82,1.034
2003-01-18,14.93,0.001,45.88,0.746
2003-01-19,15.348,0.001,47.18,0.873
2003-01-20,16.587,0.0,40.51,1.748
2003-01-21,15.991,0.001,35.78,2.509
2003-01-22,16.066,0.002,27.09,2.027
2003-01-23,18.323,0.001,42.16,2.223
2003-01-24,18.096,0.001,33.61,1.89
2003-01-25,18.407,0.0,40.31,1.333
2003-01-26,18.393,0.001,36.34,1.924
2003-01-27,19.13,0.001,39.02,1.872
2003-01-28,20.441,0.003,42.27,1.046
2003-01-29,19.82,0.291,59.0,0.966
2003-01-30,18.615,0.036,58.91,1.168
2003-01-31,20.489,0.002,53.87,1.198
2003-02-01,20.515,2.523,71.73,0.735
2003-02-02,19.146,6.438,79.15,0.928
2003-02-03,19.307,1.834,75.68,0.919
2003-02-04,18.34,13.548,79.47,0.991
2003-02-05,16.849,8.548,82.84,0.925
2003-02-06,17.557,0.014,69.52,0.387
2003-02-07,19.061,0.002,58.41,0.172
2003-02-08,19.624,0.822,62.12,0.283
2003-02-09,18.601,3.211,72.52,0.126
2003-02-10,19.215,0.725,71.41,0.395
2003-02-11,19.237,2.724,74.77,0.114
2003-02-12,18.4,4.18,76.28,1.424
2003-02-13,17.796,0.215,58.87,1.41
2003-02-14,16.907,0.001,48.03,1.295
2003-02-15,17.841,0.001,52.99,0.821
2003-02-16,18.987,0.005,54.86,0.633
2003-02-17,21.072,0.515,54.09,0.733
2003-02-18,20.113,11.4,77.97,1.165
2003-02-19,19.589,2.928,80.85,0.865
2003-02-20,19.354,0.132,68.07,1.21
2003-02-21,17.951,0.001,55.22,2.044
2003-02-22,18.077,0.001,46.96,1.454
2003-02-23,18.964,0.003,52.04,0.684
2003-02-24,19.997,0.002,51.78,1.205
2003-02-25,20.577,0.001,48.51,1.789
2003-02-26,20.788,0.011,47.35,1.204
2003-02-27,22.236,0.0,43.13,1.178
2003-02-28,23.417,0.005,45.34,0.71
2003-03-01,24.392,0.002,45.33,0.426
2003-03-02,24.668,0.0,40.56,1.154
2003-03-03,26.232,0.001,36.53,1.345
2003-03-04,22.211,0.0,29.66,3.431
2003-03-05,18.487,0.002,20.94,2.552
2003-03-06,19.398,0.0,23.44,2.322
2003-03-07,19.42,0.001,26.34,2.213
2003-03-08,19.84,0.001,27.06,1.867
2003-03-09,20.846,0.0,28.2,0.724
2003-03-10,24.177,0.421,34.31,0.886
2003-03-11,22.583,5.324,61.35,0.484
2003-03-12,20.156,20.89,77.89,0.283
2003-03-13,21.549,0.026,62.87,0.259
2003-03-14,22.343,0.0,51.53,1.505
2003-03-15,22.231,0.001,55.24,0.931
2003-03-16,22.716,3.217,59.06,0.234
2003-03-17,21.133,9.523,74.25,0.482
2003-03-18,21.962,1.099,62.5,0.936
2003-03-19,21.381,2.724,64.98,0.531
2003-03-20,21.378,0.005,52.78,1.919
2003-03-21,21.949,0.002,41.43,1.806
2003-03-22,23.136,0.0,37.38,1.416
2003-03-23,23.46,0.0,38.85,1.791
2003-03-24,24.802,0.012,38.42,1.326
2003-03-25,24.691,1.892,51.17,0.406
2003-03-26,24.548,1.57,52.5,0.85
2003-03-27,23.686,2.258,53.41,0.717
2003-03-28,24.79,0.043,49.2,0.275
2003-03-29,25.538,0.979,52.67,0.405
2003-03-30,26.877,0.015,46.43,1.114
2003-03-31,26.816,0.001,40.18,2.726
2003-04-01,25.962,0.003,31.4,2.525
2003-04-02,27.443,0.0,32.75,1.88
2003-04-03,27.731,0.329,39.47,0.903
2003-04-04,26.601,2.289,58.74,0.863
2003-04-05,26.959,0.481,54.42,0.5
2003-04-06,27.468,0.784,46.56,0.371
2003-04-07,27.767,0.126,42.72,0.494
2003-04-08,28.175,0.058,36.14,0.373
2003-04-09,28.933,0.003,31.47,0.877
2003-04-10,28.949,0.003,28.66,0.993
2003-04-11,29.608,0.003,25.2,1.129
2003-04-12,30.259,0.003,21.89,2.119
2003-04-13,31.082,0.0,23.77,1.987
2003-04-14,30.669,0.693,29.55,0.64
2003-04-15,29.439,1.961,37.37,1.044
2003-04-16,30.052,0.016,30.25,0.895
2003-04-17,30.398,0.015,26.92,1.518
2003-04-18,30.897,0.014,27.57,0.861
2003-04-19,31.533,0.097,27.5,0.273
2003-04-20,31.157,0.013,24.58,0.969
2003-04-21,30.629,0.001,24.77,1.278
2003-04-22,30.666,0.002,24.89,0.601
2003-04-23,31.109,0.001,20.74,1.509
2003-04-24,31.18,0.001,18.78,1.218
2003-04-25,31.763,0.0,25.65,0.464
2003-04-26,32.119,0.001,25.05,1.682
2003-04-27,31.781,0.336,27.62,1.627
2003-04-28,28.93,1.118,41.07,0.18
2003-04-29,28.723,1.148,37.52,0.318
2003-04-30,26.741,2.064,47.85,1.113
2003-05-01,28.047,0.101,46.56,1.183
2003-05-02,30.467,0.002,34.71,2.081
2003-05-03,31.686,0.0,25.02,2.811
2003-05-04,30.204,0.001,16.13,2.438
2003-05-05,30.684,0.0,16.83,0.433
2003-05-06,30.205,0.0,18.11,1.191
2003-05-07,31.295,0.001,17.1,0.449
2003-05-08,31.797,0.002,21.41,0.757
2003-05-09,29.506,0.543,42.91,1.386
2003-05-10,29.607,0.002,31.87,0.546
2003-05-11,30.005,0.001,30.6,1.12
2003-05-12,30.27,0.073,34.65,1.297
2003-05-13,30.183,0.002,40.94,1.601
2003-05-14,30.452,0.008,40.82,1.593
2003-05-15,30.897,0.022,42.63,0.259
2003-05-16,31.626,0.001,30.35,1.069
2003-05-17,31.419,0.001,23.37,1.261
2003-05-18,32.158,0.036,28.16,0.939
2003-05-19,32.767,0.001,24.83,0.89
2003-05-20,32.28,0.024,29.54,1.256
2003-05-21,32.79,0.003,29.51,0.768
2003-05-22,32.031,0.069,35.25,0.933
2003-05-23,31.489,0.002,36.6,0.254
2003-05-24,31.654,0.027,37.97,0.653
2003-05-25,31.672,0.385,39.28,1.241
2003-05-26,32.805,0.002,29.13,2.102
2003-05-27,32.743,0.002,24.01,2.591
2003-05-28,32.925,0.003,21.86,2.581
2003-05-29,33.502,0.002,19.53,2.033
2003-05-30,32.846,0.0,17.8,2.328
2003-05-31,33.298,0.001,19.62,2.119
2003-06-01,33.825,0.001,21.04,1.552
2003-06-02,33.688,0.0,24.63,1.403
2003-06-03,34.276,0.0,25.1,0.823
2003-06-04,33.958,0.002,31.02,1.055
2003-06-05,33.932,0.315,32.59,0.696
2003-06-06,33.378,1.031,34.53,1.247
2003-06-07,33.851,0.143,30.85,1.84
2003-06-08,32.91,1.248,37.78,0.888
2003-06-09,33.513,0.032,35.84,2.01
2003-06-10,34.057,0.031,29.02,2.453
2003-06-11,34.381,0.009,26.39,2.393
2003-06-12,34.032,0.208,31.74,3.027
2003-06-13,29.968,10.06,59.04,2.045
2003-06-14,27.853,24.084,71.25,1.411
2003-06-15,26.909,8.346,77.52,1.252
2003-06-16,27.55,8.343,75.02,0.527
2003-06-17,28.06,7.001,71.61,0.196
2003-06-18,27.901,5.088,71.49,0.642
2003-06-19,25.337,49.169,86.25,1.194
2003-06-20,25.08,15.91,87.71,1.827
2003-06-21,25.996,10.709,84.47,1.266
2003-06-22,25.927,18.041,86.49,0.976
2003-06-23,25.054,12.153,88.82,1.014
2003-06-24,24.775,11.485,89.94,1.085
2003-06-25,24.67,9.997,88.62,1.532
2003-06-26,25.084,12.949,88.13,1.685
2003-06-27,24.298,19.286,91.04,2.169
2003-06-28,23.425,39.044,95.23,2.525
2003-06-29,24.899,10.83,88.36,2.274
2003-06-30,24.883,18.567,89.34,1.45
2003-07-01,24.477,17.63,90.62,0.429
2003-07-02,24.359,4.013,89.62,1.387
2003-07-03,24.717,11.647,88.38,1.308
2003-07-04,24.795,9.176,88.68,1.216
2003-07-05,25.158,2.495,83.02,2.221
2003-07-06,25.195,3.933,83.51,1.957
2003-07-07,25.488,3.708,86.29,1.461
2003-07-08,25.149,10.103,88.17,1.073
2003-07-09,24.921,11.381,87.6,0.759
2003-07-10,25.022,4.814,86.95,1.026
2003-07-11,24.741,7.777,88.44,0.966
2003-07-12,24.375,14.434,91.09,1.268
2003-07-13,24.62,18.261,90.47,0.98
2003-07-14,24.151,27.464,93.27,0.335
2003-07-15,24.721,7.804,87.77,1.313
2003-07-16,24.475,2.63,89.27,1.619
2003-07-17,25.028,2.96,84.23,2.08
2003-07-18,24.962,4.168,83.68,1.906
2003-07-19,25.452,2.86,84.31,0.991
2003-07-20,25.545,10.158,87.24,0.482
2003-07-21,25.686,10.717,86.59,0.648
2003-07-22,25.301,17.839,87.01,1.077
2003-07-23,24.332,20.58,90.55,0.597
2003-07-24,25.134,11.049,85.57,0.676
2003-07-25,24.781,16.843,88.35,1.664
2003-07-26,23.665,30.521,94.7,2.95
2003-07-27,23.071,13.724,95.55,2.146
2003-07-28,24.278,12.182,89.23,1.715
2003-07-29,24.994,11.471,87.14,2.354
2003-07-30,24.569,25.078,88.54,2.329
2003-07-31,23.552,13.486,90.28,1.781
2003-08-01,23.816,18.937,89.48,1.907
2003-08-02,22.959,56.548,95.65,2.173
2003-08-03,23.733,25.075,90.67,1.372
2003-08-04,24.798,5.244,85.7,0.853
2003-08-05,25.361,6.885,82.92,1.272
2003-08-06,26.123,1.076,79.12,1.542
2003-08-07,26.398,1.253,79.21,1.633
2003-08-08,26.024,2.852,83.52,0.825
2003-08-09,25.396,16.484,86.76,0.432
2003-08-10,24.368,27.678,90.14,1.222
2003-08-11,23.665,23.6,94.73,1.829
2003-08-12,23.587,11.133,93.1,2.144
2003-08-13,24.004,13.474,91.62,1.658
2003-08-14,23.55,18.096,93.93,1.419
2003-08-15,23.631,13.399,93.33,1.443
2003-08-16,24.726,5.323,88.54,1.64
2003-08-17,25.166,8.034,87.14,1.438
2003-08-18,24.855,8.746,88.09,1.326
2003-08-19,23.717,3.987,90.25,1.512
2003-08-20,24.947,4.925,84.73,0.514
2003-08-21,25.627,7.642,83.41,1.035
2003-08-22,25.697,7.934,82.07,2.763
2003-08-23,24.218,9.884,90.12,3.374
2003-08-24,24.71,2.651,87.58,1.626
2003-08-25,25.22,1.878,81.66,1.329
2003-08-26,24.862,15.916,85.87,0.834
2003-08-27,24.751,17.589,86.75,2.036
2003-08-28,24.321,25.611,89.79,2.309
2003-08-29,23.238,7.625,95.71,2.447
2003-08-30,23.441,7.861,93.1,2.05
2003-08-31,23.312,29.364,93.4,1.823
2003-09-01,23.455,11.453,93.69,0.648
2003-09-02,23.541,16.131,93.81,0.73
2003-09-03,23.517,15.867,93.51,1.488
2003-09-04,23.692,12.412,92.28,0.702
2003-09-05,23.495,7.417,91.64,0.706
2003-09-06,24.27,24.552,89.27,0.781
2003-09-07,22.928,20.613,94.91,1.564
2003-09-08,22.679,6.779,95.93,1.583
2003-09-09,22.187,3.48,96.0,2.306
2003-09-10,23.216,5.274,91.56,1.541
2003-09-11,24.917,0.866,82.48,1.213
2003-09-12,24.379,16.545,88.55,0.867
2003-09-13,23.842,17.929,91.18,0.314
2003-09-14,23.95,8.754,90.01,0.899
2003-09-15,23.828,4.472,90.53,1.53
2003-09-16,24.137,6.108,88.97,1.038
2003-09-17,24.643,5.236,87.24,0.951
2003-09-18,24.523,3.722,86.64,0.975
2003-09-19,24.558,4.641,87.56,0.712
2003-09-20,24.783,6.039,87.72,0.921
2003-09-21,24.936,3.61,86.32,0.632
2003-09-22,24.377,9.957,88.5,0.777
2003-09-23,24.597,5.057,85.61,1.503
2003-09-24,24.387,1.542,84.66,1.793
2003-09-25,24.49,0.732,82.71,1.688
2003-09-26,24.275,6.687,86.3,1.195
2003-09-27,23.991,4.747,86.57,1.073
2003-09-28,23.458,7.507,89.27,0.859
2003-09-29,22.865,5.104,92.09,1.035
2003-09-30,24.285,4.453,85.35,0.799
2003-10-01,23.729,6.102,86.55,0.625
2003-10-02,23.617,0.627,78.56,1.292
2003-10-03,23.569,0.119,73.06,1.257
2003-10-04,23.131,4.029,83.11,1.609
2003-10-05,23.28,1.782,80.97,2.311
2003-10-06,22.872,3.483,82.51,4.498
2003-10-07,21.326,29.96,96.67,3.576
2003-10-08,21.737,55.676,98.72,2.076
2003-10-09,21.439,4.535,89.24,2.193
2003-10-10,22.659,0.006,76.55,1.784
2003-10-11,23.098,0.01,71.36,1.522
2003-10-12,23.11,0.0,65.05,1.433
2003-10-13,22.67,0.0,64.47,1.32
2003-10-14,21.002,0.0,61.27,1.677
2003-10-15,21.008,0.001,62.99,0.554
2003-10-16,22.438,0.003,70.8,0.867
2003-10-17,23.35,1.184,81.79,1.211
2003-10-18,23.07,1.063,82.01,1.273
2003-10-19,23.231,0.716,82.21,0.124
2003-10-20,23.776,1.479,79.06,0.664
2003-10-21,22.739,8.947,86.02,0.701
2003-10-22,22.179,13.521,88.67,0.785
2003-10-23,21.466,27.837,93.79,1.025
2003-10-24,20.832,39.825,97.34,1.369
2003-10-25,20.049,38.052,95.08,1.255
2003-10-26,21.485,1.417,84.1,1.483
2003-10-27,21.949,1.521,83.51,1.357
2003-10-28,22.765,1.372,83.86,2.013
2003-10-29,22.932,0.487,79.99,0.129
2003-10-30,23.0,0.227,78.13,0.576
2003-10-31,21.839,6.158,85.73,0.368
2003-11-01,20.937,2.289,87.51,0.405
2003-11-02,20.762,0.38,76.17,1.118
2003-11-03,19.733,0.001,71.02,1.453
2003-11-04,19.623,0.002,71.6,0.999
2003-11-05,19.439,0.002,71.5,0.918
2003-11-06,19.329,0.0,64.74,1.254
2003-11-07,20.611,0.002,67.02,0.836
2003-11-08,20.296,0.147,73.94,1.337
2003-11-09,19.614,0.003,67.14,1.665
2003-11-10,18.785,0.001,63.18,1.479
2003-11-11,18.364,0.001,63.4,0.955
2003-11-12,17.693,0.0,65.1,0.946
2003-11-13,17.397,0.001,65.27,0.954
2003-11-14,17.66,0.0,68.47,0.671
2003-11-15,17.223,0.001,66.66,0.957
2003-11-16,16.799,0.001,65.05,1.291
2003-11-17,17.974,0.002,65.68,1.42
2003-11-18,19.562,0.002,65.16,0.823
2003-11-19,20.056,0.001,69.0,1.186
2003-11-20,20.022,0.0,69.08,1.728
2003-11-21,18.331,0.0,65.03,1.827
2003-11-22,16.969,0.0,58.75,1.893
2003-11-23,16.628,0.0,62.55,1.584
2003-11-24,16.171,0.0,61.73,1.665
2003-11-25,16.68,0.001,65.63,1.415
2003-11-26,16.574,0.0,66.4,0.793
2003-11-27,15.793,0.002,57.11,1.098
2003-11-28,16.986,-0.0,63.66,1.341
2003-11-29,17.876,0.001,68.63,1.078
2003-11-30,16.81,0.002,64.43,1.37
2003-12-01,15.279,0.001,57.62,1.019
2003-12-02,15.109,0.001,56.22,0.854
2003-12-03,15.232,0.001,53.61,0.879
2003-12-04,15.782,0.003,56.32,0.857
2003-12-05,16.415,0.0,55.26,1.342
2003-12-06,16.306,0.001,54.19,1.544
2003-12-07,15.784,0.001,58.35,1.484
2003-12-08,15.686,0.001,60.94,0.984
2003-12-09,16.269,0.001,66.74,0.881
2003-12-10,17.466,0.001,66.06,0.643
2003-12-11,18.216,0.0,64.79,0.803
2003-12-12,17.399,0.002,58.54,1.487
2003-12-13,16.421,0.001,57.34,1.306
2003-12-14,16.946,0.0,59.1,0.979
2003-12-15,16.499,3.135,72.18,0.723
2003-12-16,14.755,7.775,91.17,1.149
2003-12-17,17.091,0.008,75.48,1.258
2003-12-18,17.403,0.033,70.92,1.273
2003-12-19,16.493,0.024,69.45,1.521
2003-12-20,15.159,0.001,65.84,1.15
2003-12-21,14.987,0.001,67.01,0.631
2003-12-22,15.0,0.001,63.86,0.55
2003-12-23,15.101,0.0,63.12,0.349
2003-12-24,15.07,0.001,61.58,1.257
2003-12-25,15.092,0.0,60.54,1.407
2003-12-26,15.937,0.002,59.5,0.857
2003-12-27,16.452,11.768,68.3,1.28
2003-12-28,14.442,0.29,69.53,2.527
2003-12-29,11.914,0.001,66.74,0.994
2003-12-30,12.487,0.0,71.1,0.683
2003-12-31,13.652,0.001,66.55,0.543
2004-01-01,13.938,0.0,63.51,0.807
2004-01-02,14.059,0.0,64.94,0.986
2004-01-03,14.0,0.0,59.54,1.365
2004-01-04,13.819,0.0,61.81,1.233
2004-01-05,13.959,0.001,65.74,0.909
2004-01-06,13.716,0.0,58.39,1.453
2004-01-07,13.892,0.001,63.45,1.481
2004-01-08,13.633,0.002,52.38,1.646
2004-01-09,13.423,0.002,51.32,1.461
2004-01-10,14.054,0.001,54.84,1.069
2004-01-11,14.819,0.002,58.57,1.222
2004-01-12,15.092,0.001,65.28,1.145
2004-01-13,15.68,0.0,60.84,1.478
2004-01-14,16.979,0.002,56.32,1.23
2004-01-15,17.469,0.002,58.81,0.684
2004-01-16,16.686,0.001,59.87,1.096
2004-01-17,17.925,0.003,52.88,0.772
2004-01-18,19.785,0.002,54.56,1.205
2004-01-19,18.136,0.0,55.75,1.523
2004-01-20,18.087,0.001,59.73,0.362
2004-01-21,19.118,0.001,60.72,1.298
2004-01-22,19.003,0.026,62.14,1.497
2004-01-23,17.369,5.489,75.17,0.416
2004-01-24,16.156,0.425,69.06,1.4
2004-01-25,14.888,0.0,63.58,1.161
2004-01-26,15.043,1.22,69.7,0.82
2004-01-27,14.107,0.002,56.49,1.126
2004-01-28,14.396,-0.0,51.37,0.496
2004-01-29,16.646,0.468,53.95,0.237
2004-01-30,18.06,0.631,70.2,0.952
2004-01-31,17.426,1.488,88.81,1.017
2004-02-01,17.406,0.412,75.89,1.655
2004-02-02,16.503,0.004,59.96,1.91
2004-02-03,13.418,0.001,38.82,2.215
2004-02-04,13.821,0.0,36.11,1.273
2004-02-05,17.541,0.854,43.36,0.739
2004-02-06,16.645,0.103,44.68,1.92
2004-02-07,14.726,0.001,38.67,1.526
2004-02-08,14.77,0.001,39.4,1.094
2004-02-09,16.842,0.002,34.53,0.483
2004-02-10,18.868,0.001,35.52,0.34
2004-02-11,19.912,0.001,35.34,0.502
2004-02-12,20.507,0.0,38.41,0.511
2004-02-13,20.138,0.001,43.61,0.5
2004-02-14,19.638,0.002,32.24,2.017
2004-02-15,19.784,0.0,40.32,1.578
2004-02-16,18.636,0.0,32.81,1.361
2004-02-17,20.125,0.001,37.24,0.434
2004-02-18,21.206,0.001,41.58,0.878
2004-02-19,22.148,0.001,38.16,1.405
2004-02-20,21.534,0.001,34.65,1.997
2004-02-21,20.585,0.001,33.27,1.493
2004-02-22,20.717,0.002,27.23,2.265
2004-02-23,21.32,0.002,34.96,2.031
2004-02-24,22.185,0.0,33.0,1.989
2004-02-25,21.23,0.0,28.57,1.792
2004-02-26,21.496,0.003,30.54,1.516
2004-02-27,22.718,0.0,26.19,1.445
2004-02-28,24.715,0.001,28.34,1.358
2004-02-29,25.232,0.001,29.16,1.938
2004-03-01,23.558,0.002,28.9,2.849
2004-03-02,22.781,0.002,24.56,3.015
2004-03-03,22.485,0.001,22.21,2.381
2004-03-04,22.974,0.001,23.52,2.326
2004-03-05,24.224,0.0,26.07,2.401
2004-03-06,25.955,0.028,28.4,0.872
2004-03-07,24.159,0.058,27.24,0.908
2004-03-08,19.717,4.946,64.06,1.6
2004-03-09,21.561,0.232,44.99,1.208
2004-03-10,22.349,0.003,40.55,0.179
2004-03-11,24.112,0.0,42.03,0.678
2004-03-12,25.135,0.002,33.1,1.496
2004-03-13,24.97,0.001,28.03,1.799
2004-03-14,25.95,0.001,28.76,1.703
2004-03-15,26.544,0.001,27.79,1.758
2004-03-16,26.925,0.0,25.27,2.394
2004-03-17,28.062,0.001,26.44,2.719
2004-03-18,27.701,0.002,35.36,2.314
2004-03-19,27.43,0.001,26.2,2.492
2004-03-20,27.972,0.001,25.4,2.683
2004-03-21,27.85,0.002,19.89,2.358
2004-03-22,29.273,-0.0,22.13,2.068
2004-03-23,29.912,0.0,20.87,1.592
2004-03-24,29.417,0.001,22.9,1.408
2004-03-25,29.442,0.001,23.89,0.23
2004-03-26,29.748,0.004,26.8,0.755
2004-03-27,29.672,1.593,32.97,1.069
2004-03-28,29.273,0.0,28.78,0.956
2004-03-29,29.32,0.002,29.38,0.568
2004-03-30,26.604,2.48,49.62,0.944
2004-03-31,24.76,5.192,67.63,0.714
2004-04-01,26.427,0.17,49.46,1.272
2004-04-02,26.299,2.264,52.43,1.235
2004-04-03,27.421,0.004,37.08,1.213
2004-04-04,27.884,0.001,33.62,0.247
2004-04-05,28.675,0.006,31.79,0.316
2004-04-06,27.771,2.081,39.1,0.319
2004-04-07,26.299,1.4,43.37,0.288
2004-04-08,27.577,0.281,36.38,0.473
2004-04-09,28.795,0.001,33.42,1.002
2004-04-10,30.093,0.0,29.28,1.183
2004-04-11,30.608,0.007,29.91,1.459
2004-04-12,30.794,0.0,25.51,2.253
2004-04-13,31.182,0.003,22.13,2.38
2004-04-14,31.625,0.002,20.75,2.821
2004-04-15,32.165,0.002,22.63,2.873
2004-04-16,32.172,0.0,23.18,2.896
2004-04-17,32.203,0.001,21.22,2.553
2004-04-18,31.391,0.0,19.09,2.481
2004-04-19,30.997,0.001,26.22,0.372
2004-04-20,29.549,1.02,46.58,1.219
2004-04-21,29.134,1.127,48.09,0.803
2004-04-22,30.32,0.328,40.23,1.782
2004-04-23,27.723,1.41,51.17,1.659
2004-04-24,26.865,1.335,47.11,0.519
2004-04-25,26.231,0.728,47.79,0.739
2004-04-26,24.253,8.927,67.36,0.555
2004-04-27,25.599,0.178,62.27,0.457
2004-04-28,26.561,1.227,57.23,0.204
2004-04-29,27.14,1.421,57.11,0.996
2004-04-30,27.755,0.985,54.09,1.089
2004-05-01,27.092,2.72,59.7,0.459
2004-05-02,27.409,0.074,44.05,1.68
2004-05-03,27.148,0.001,34.99,0.885
2004-05-04,28.367,0.0,30.5,0.492
2004-05-05,29.587,0.001,34.76,0.698
2004-05-06,29.962,0.003,37.88,1.484
2004-05-07,29.994,0.002,40.18,1.378
2004-05-08,30.736,0.0,39.87,1.337
2004-05-09,31.851,0.008,37.67,1.122
2004-05-10,32.976,0.065,34.61,0.853
2004-05-11,32.575,0.044,37.93,1.843
2004-05-12,33.214,0.0,30.16,2.052
2004-05-13,31.108,1.389,44.5,2.304
2004-05-14,31.159,0.751,50.29,1.744
2004-05-15,31.347,1.107,50.59,1.058
2004-05-16,32.263,0.081,44.2,0.894
2004-05-17,32.225,0.032,43.58,0.204
2004-05-18,32.543,0.004,34.85,1.604
2004-05-19,33.586,0.0,23.1,2.876
2004-05-20,34.102,0.0,20.65,3.163
2004-05-21,33.287,0.005,24.15,3.033
2004-05-22,32.852,0.146,27.34,2.049
2004-05-23,32.673,0.012,29.82,1.104
2004-05-24,31.852,0.063,34.69,0.781
2004-05-25,29.705,1.013,47.91,0.38
2004-05-26,29.541,1.189,49.16,0.365
2004-05-27,30.168,0.028,43.33,0.214
2004-05-28,30.812,0.02,42.96,0.784
2004-05-29,30.964,-0.0,37.29,0.796
2004-05-30,31.099,0.019,45.21,1.396
2004-05-31,32.015,0.001,38.96,1.256
2004-06-01,29.664,2.088,56.47,1.411
2004-06-02,29.809,1.509,57.39,1.185
2004-06-03,30.293,1.4,54.21,0.254
2004-06-04,29.374,2.585,58.35,0.671
2004-06-05,28.787,3.237,61.89,0.713
2004-06-06,28.351,3.27,63.84,0.499
2004-06-07,27.77,4.931,68.72,0.811
2004-06-08,29.048,0.591,62.06,0.808
2004-06-09,29.956,0.149,55.69,0.649
2004-06-10,27.177,14.293,75.24,0.196
2004-06-11,26.67,8.065,75.59,1.329
2004-06-12,26.84,6.658,73.33,3.242
2004-06-13,24.419,14.084,86.85,4.634
2004-06-14,23.016,56.861,96.33,4.194
2004-06-15,23.13,29.29,93.67,3.876
2004-06-16,23.991,7.112,89.45,2.561
2004-06-17,25.083,5.928,81.84,3.555
2004-06-18,23.202,42.188,94.7,2.926
2004-06-19,23.909,9.366,90.43,2.646
2004-06-20,24.838,12.99,84.14,3.187
2004-06-21,25.787,1.606,76.48,2.989
2004-06-22,27.254,0.662,71.47,3.039
2004-06-23,27.011,0.545,70.95,2.836
2004-06-24,26.979,0.628,71.48,2.417
2004-06-25,27.139,0.35,69.15,2.292
2004-06-26,27.378,0.33,68.84,1.846
2004-06-27,26.426,4.418,78.98,1.466
2004-06-28,27.067,3.778,76.99,1.19
2004-06-29,26.978,5.466,80.12,1.489
2004-06-30,26.317,7.117,85.4,1.464
2004-07-01,27.074,6.648,79.98,1.274
2004-07-02,26.065,12.981,84.13,0.431
2004-07-03,25.356,15.442,85.84,0.482
2004-07-04,24.273,20.762,92.22,0.864
2004-07-05,24.924,11.423,88.77,1.681
2004-07-06,24.692,11.352,88.41,1.94
2004-07-07,24.154,25.579,92.22,2.26
2004-07-08,24.574,10.508,88.17,2.658
2004-07-09,25.016,2.627,86.24,2.772
2004-07-10,24.86,10.915,85.6,2.242
2004-07-11,25.852,1.294,81.42,1.934
2004-07-12,26.207,3.206,78.32,0.564
2004-07-13,25.077,13.913,86.23,0.533
2004-07-14,24.738,22.033,86.91,0.79
2004-07-15,25.001,14.035,85.43,0.616
2004-07-16,23.772,25.128,92.13,1.019
2004-07-17,23.986,8.679,90.46,2.919
2004-07-18,24.363,8.345,88.94,3.276
2004-07-19,24.45,10.986,87.94,2.848
2004-07-20,25.141,8.642,86.76,2.425
2004-07-21,25.739,6.223,83.8,1.378
2004-07-22,25.981,2.813,80.96,0.739
2004-07-23,25.329,18.936,84.54,0.856
2004-07-24,24.357,7.349,87.47,1.504
2004-07-25,24.262,7.998,88.6,1.438
2004-07-26,24.938,14.411,86.77,0.738
2004-07-27,24.689,17.289,86.93,1.16
2004-07-28,24.516,13.565,86.06,2.104
2004-07-29,24.137,8.515,88.95,2.582
2004-07-30,22.958,12.447,95.95,1.472
2004-07-31,23.754,8.009,87.6,2.023
2004-08-01,24.372,8.7,85.59,1.158
2004-08-02,24.584,15.536,86.36,1.043
2004-08-03,25.522,1.917,80.57,3.178
2004-08-04,25.037,4.978,84.49,3.497
2004-08-05,23.798,17.245,91.93,2.125
2004-08-06,23.162,23.759,95.59,1.421
2004-08-07,22.734,107.72,97.58,2.718
2004-08-08,22.963,53.823,96.66,2.817
2004-08-09,23.227,20.984,94.56,1.676
2004-08-10,23.529,20.898,91.96,1.668
2004-08-11,23.091,15.249,94.44,0.792
2004-08-12,23.68,14.42,92.15,0.316
2004-08-13,23.511,20.649,92.87,1.108
2004-08-14,23.395,6.976,93.22,1.649
2004-08-15,23.907,7.055,90.03,1.611
2004-08-16,24.266,14.472,88.64,0.892
2004-08-17,23.791,23.815,90.35,1.038
2004-08-18,24.343,16.361,88.61,1.371
2004-08-19,23.835,10.876,90.9,1.675
2004-08-20,24.044,14.96,91.26,1.882
2004-08-21,23.487,21.715,94.82,2.355
2004-08-22,23.895,9.587,91.56,2.089
2004-08-23,23.972,5.537,89.91,1.561
2004-08-24,24.726,0.408,79.48,2.197
2004-08-25,25.262,0.986,78.86,2.31
2004-08-26,24.855,2.171,84.47,2.111
2004-08-27,24.648,7.595,84.56,2.468
2004-08-28,25.34,4.852,82.24,1.852
2004-08-29,25.511,1.942,82.38,1.498
2004-08-30,25.67,2.633,81.35,1.174
2004-08-31,25.705,2.236,79.95,1.274
2004-09-01,25.914,3.581,80.11,0.729
2004-09-02,25.522,10.922,85.26,0.444
2004-09-03,25.352,9.19,85.98,0.789
2004-09-04,26.387,0.414,73.78,0.402
2004-09-05,26.265,1.224,74.41,0.569
2004-09-06,25.444,4.99,84.1,1.096
2004-09-07,25.754,2.306,83.14,1.379
2004-09-08,26.161,1.831,82.53,1.535
2004-09-09,27.16,0.197,70.74,1.021
2004-09-10,26.114,1.031,75.19,1.497
2004-09-11,24.345,14.342,85.36,1.5
2004-09-12,23.742,16.024,89.17,1.362
2004-09-13,25.656,0.418,77.02,2.367
2004-09-14,25.42,0.476,70.51,3.029
2004-09-15,24.145,1.442,77.92,2.961
2004-09-16,24.251,1.523,78.3,3.147
2004-09-17,24.422,5.387,76.85,3.286
2004-09-18,22.879,18.797,91.77,1.227
2004-09-19,22.213,37.788,95.82,1.389
2004-09-20,23.325,7.877,91.37,2.411
2004-09-21,23.878,4.941,87.96,2.189
2004-09-22,23.971,6.917,89.55,0.854
2004-09-23,24.459,5.466,84.33,0.367
2004-09-24,24.472,6.958,86.34,0.11
2004-09-25,23.892,14.143,88.25,0.287
2004-09-26,24.046,13.891,87.89,0.229
2004-09-27,24.021,9.592,87.24,0.127
2004-09-28,24.809,1.93,83.61,0.797
2004-09-29,25.085,1.42,82.08,0.68
2004-09-30,25.935,0.287,75.06,0.52
2004-10-01,24.84,3.167,81.58,0.333
2004-10-02,23.819,4.176,85.26,1.224
2004-10-03,24.039,0.565,81.65,2.35
2004-10-04,23.037,12.645,87.68,2.2
2004-10-05,22.602,16.393,92.78,1.901
2004-10-06,22.726,19.632,92.59,1.591
2004-10-07,23.454,0.75,82.85,2.734
2004-10-08,23.543,0.752,80.26,0.715
2004-10-09,23.998,0.068,71.58,0.54
2004-10-10,24.311,0.018,68.97,0.695
2004-10-11,23.686,1.279,74.53,0.683
2004-10-12,22.811,1.782,83.69,0.265
2004-10-13,22.616,5.096,80.92,0.803
2004-10-14,21.746,3.748,83.26,1.249
2004-10-15,20.83,0.138,74.67,1.912
2004-10-16,20.452,0.002,67.21,0.837
2004-10-17,20.264,0.001,66.8,0.815
2004-10-18,20.475,0.002,67.79,0.561
2004-10-19,20.991,0.0,65.18,0.366
2004-10-20,20.731,0.001,60.95,0.288
2004-10-21,20.982,0.001,63.34,0.641
2004-10-22,20.783,0.002,64.71,0.677
2004-10-23,20.666,0.0,65.68,0.928
2004-10-24,20.33,0.001,66.07,1.048
2004-10-25,20.055,0.0,61.44,1.166
2004-10-26,19.97,0.001,61.51,0.797
2004-10-27,20.136,0.0,59.57,0.812
2004-10-28,20.246,0.003,60.6,0.836
2004-10-29,20.216,0.043,62.91,0.909
2004-10-30,20.308,0.04,65.77,1.137
2004-10-31,19.838,0.036,66.11,1.497
2004-11-01,18.915,0.0,57.43,1.785
2004-11-02,17.787,0.0,50.83,2.022
2004-11-03,17.334,0.002,51.51,2.116
2004-11-04,17.477,0.002,54.44,1.764
2004-11-05,17.412,0.0,54.7,1.195
2004-11-06,17.739,0.002,57.54,0.67
2004-11-07,18.712,0.001,55.37,0.63
2004-11-08,19.454,0.001,57.99,0.482
2004-11-09,19.764,0.001,60.08,1.05
2004-11-10,19.859,0.001,59.22,0.957
2004-11-11,20.487,0.001,58.16,1.002
2004-11-12,21.653,0.102,64.0,0.786
2004-11-13,21.298,0.118,68.07,1.213
2004-11-14,19.482,0.0,49.3,1.687
2004-11-15,18.917,0.0,44.25,1.511
2004-11-16,18.657,0.001,49.19,1.639
2004-11-17,18.564,0.0,52.2,1.635
2004-11-18,18.985,0.001,52.76,1.706
2004-11-19,18.812,0.0,54.45,1.803
2004-11-20,18.677,0.001,50.28,1.333
2004-11-21,18.435,0.001,52.88,1.203
2004-11-22,18.493,0.0,56.5,1.294
2004-11-23,18.564,0.0,62.5,1.084
2004-11-24,18.848,0.0,62.97,1.02
2004-11-25,18.82,0.001,58.89,1.259
2004-11-26,18.325,0.002,57.19,1.289
2004-11-27,18.127,0.001,57.97,1.341
2004-11-28,18.082,0.001,56.5,2.064
2004-11-29,17.637,0.001,58.34,1.38
2004-11-30,17.868,0.002,59.19,0.629
2004-12-01,18.3,0.001,58.95,0.472
2004-12-02,18.05,0.002,58.49,1.014
2004-12-03,17.39,0.0,54.75,1.957
2004-12-04,17.377,0.002,56.51,2.107
2004-12-05,17.228,-0.0,57.0,1.788
2004-12-06,17.069,0.0,54.07,1.344
2004-12-07,16.665,0.0,57.75,0.931
2004-12-08,16.916,0.001,60.28,1.026
2004-12-09,17.048,0.0,63.5,0.817
2004-12-10,17.272,0.001,65.92,0.842
2004-12-11,17.642,0.001,66.69,0.873
2004-12-12,17.994,0.0,66.46,1.021
2004-12-13,17.758,0.001,69.79,0.865
2004-12-14,17.113,0.0,63.13,1.001
2004-12-15,16.957,0.002,57.25,1.299
2004-12-16,16.503,0.0,52.64,1.523
2004-12-17,16.347,0.0,59.36,0.966
2004-12-18,16.705,0.002,65.02,0.358
2004-12-19,17.923,0.0,62.32,0.547
2004-12-20,18.124,0.001,62.21,0.671
2004-12-21,17.543,0.001,60.37,0.742
2004-12-22,18.272,0.001,61.66,0.111
2004-12-23,18.923,0.056,67.11,0.256
2004-12-24,18.277,2.07,79.0,0.868
2004-12-25,16.467,0.441,76.35,1.666
2004-12-26,13.972,0.003,54.54,1.879
2004-12-27,13.308,0.0,49.0,0.956
2004-12-28,13.85,0.001,48.47,1.298
2004-12-29,14.059,0.002,47.25,1.296
2004-12-30,14.637,0.003,46.77,1.086
2004-12-31,17.14,0.001,47.97,0.061
2005-01-01,18.176,0.001,49.46,0.227
2005-01-02,19.041,0.001,53.82,0.718
2005-01-03,18.913,0.001,60.72,0.512
2005-01-04,18.666,0.001,65.89,1.482
2005-01-05,17.991,0.001,63.34,1.13
2005-01-06,17.887,0.001,54.46,1.607
2005-01-07,17.941,0.01,60.81,1.401
2005-01-08,16.003,0.0,45.99,1.502
2005-01-09,15.626,0.001,44.41,1.49
2005-01-10,17.452,0.0,43.96,0.537
2005-01-11,17.58,0.002,50.57,1.137
2005-01-12,15.735,0.001,55.33,1.389
2005-01-13,15.429,0.002,50.58,1.401
2005-01-14,16.135,0.001,41.23,1.552
2005-01-15,17.194,0.002,41.81,0.872
2005-01-16,18.965,0.001,39.18,0.307
2005-01-17,18.518,3.601,57.93,0.459
2005-01-18,17.375,0.954,58.69,1.141
2005-01-19,14.954,0.0,50.35,2.111
2005-01-20,13.37,0.001,43.75,1.368
2005-01-21,14.832,0.004,45.68,0.77
2005-01-22,16.304,0.026,55.62,1.544
2005-01-23,16.913,2.069,77.35,0.765
2005-01-24,15.253,0.0,57.83,1.351
2005-01-25,15.736,0.0,52.18,0.953
2005-01-26,17.718,0.01,53.45,0.733
2005-01-27,19.423,3.795,64.87,0.679
2005-01-28,15.809,3.315,91.66,0.905
2005-01-29,16.812,3.647,78.15,0.326
2005-01-30,15.523,19.093,91.01,1.007
2005-01-31,16.396,16.163,83.71,1.146
2005-02-01,14.867,5.878,82.19,1.854
2005-02-02,13.254,0.001,63.62,1.962
2005-02-03,13.708,0.001,60.34,0.88
2005-02-04,15.433,0.0,63.79,0.57
2005-02-05,17.814,0.132,66.69,0.858
2005-02-06,18.989,0.007,61.56,0.755
2005-02-07,19.256,11.202,72.86,0.804
2005-02-08,18.904,3.257,78.36,0.233
2005-02-09,19.835,0.016,71.12,1.633
2005-02-10,19.596,0.001,60.09,1.205
2005-02-11,20.428,0.001,62.28,1.077
2005-02-12,22.008,0.137,57.91,1.84
2005-02-13,21.841,0.0,52.88,3.243
2005-02-14,19.934,0.0,42.43,2.944
2005-02-15,22.164,0.001,45.94,1.989
2005-02-16,21.313,0.001,53.86,1.756
2005-02-17,22.645,0.017,51.31,1.835
2005-02-18,22.369,0.004,51.13,0.854
2005-02-19,24.198,0.027,47.3,0.988
2005-02-20,23.064,0.912,54.85,0.653
2005-02-21,22.565,0.729,58.27,1.092
2005-02-22,21.267,0.187,51.43,0.875
2005-02-23,19.856,0.006,59.72,1.917
2005-02-24,19.507,0.001,39.87,2.021
2005-02-25,20.452,0.0,36.67,2.134
2005-02-26,21.083,0.0,38.08,2.659
2005-02-27,21.521,0.003,40.58,2.281
2005-02-28,22.724,0.001,38.13,1.983
2005-03-01,23.802,0.17,41.04,1.548
2005-03-02,24.801,0.164,42.03,2.251
2005-03-03,25.296,0.149,45.2,2.027
2005-03-04,25.566,0.023,41.84,1.14
2005-03-05,25.194,0.028,40.39,0.799
2005-03-06,25.032,0.04,39.02,0.715
2005-03-07,25.461,0.092,39.72,0.788
2005-03-08,23.047,1.214,57.62,1.382
2005-03-09,23.942,0.238,47.77,0.953
2005-03-10,23.14,2.07,57.82,1.195
2005-03-11,21.858,2.97,61.51,0.564
2005-03-12,20.513,2.247,60.37,0.815
2005-03-13,20.938,0.054,49.35,1.234
2005-03-14,22.332,0.002,46.29,0.727
2005-03-15,23.145,0.0,42.91,1.048
2005-03-16,24.109,0.002,42.34,1.624
2005-03-17,25.328,-0.0,36.93,1.562
2005-03-18,26.217,0.051,36.94,1.038
2005-03-19,26.76,0.001,32.32,0.656
2005-03-20,27.036,0.001,23.25,2.022
2005-03-21,27.944,0.001,26.13,1.516
2005-03-22,28.177,0.037,26.02,1.584
2005-03-23,26.489,0.515,36.69,1.0
2005-03-24,24.24,0.189,46.56,0.808
2005-03-25,24.034,0.003,35.4,1.545
2005-03-26,24.698,0.003,27.98,1.748
2005-03-27,28.035,0.001,24.06,1.519
2005-03-28,27.982,0.001,28.5,1.407
2005-03-29,28.376,0.0,34.52,1.129
2005-03-30,28.185,0.14,42.81,0.721
2005-03-31,25.459,1.461,55.67,1.422
2005-04-01,25.932,0.001,30.68,1.021
2005-04-02,26.402,0.002,25.72,0.778
2005-04-03,26.552,0.001,19.54,1.777
2005-04-04,26.47,0.002,19.1,1.526
2005-04-05,27.563,0.0,24.6,0.295
2005-04-06,28.178,0.0,35.34,1.407
2005-04-07,28.587,0.0,33.64,2.028
2005-04-08,28.928,0.007,36.79,1.515
2005-04-09,29.104,0.147,44.47,1.381
2005-04-10,28.561,0.001,34.32,0.758
2005-04-11,27.228,0.0,20.5,2.368
2005-04-12,25.782,0.001,15.98,2.012
2005-04-13,26.777,0.001,15.76,1.893
2005-04-14,27.804,0.0,19.34,1.903
2005-04-15,29.923,0.0,25.41,1.241
2005-04-16,30.067,0.002,21.91,1.72
2005-04-17,29.97,0.0,19.31,1.393
2005-04-18,29.69,0.0,22.1,1.718
2005-04-19,28.261,0.78,37.79,1.287
2005-04-20,29.078,1.02,36.17,1.292
2005-04-21,29.835,0.002,22.12,1.31
2005-04-22,30.026,0.0,21.97,0.928
2005-04-23,31.122,0.001,24.17,0.147
2005-04-24,30.598,0.527,30.66,1.58
2005-04-25,26.485,0.371,45.01,1.737
2005-04-26,27.054,2.403,45.42,1.229
2005-04-27,28.666,0.006,30.4,1.644
2005-04-28,28.516,0.106,27.54,1.843
2005-04-29,28.602,0.084,29.7,0.389
2005-04-30,26.823,1.387,46.93,0.922
2005-05-01,24.926,4.712,64.68,0.688
2005-05-02,24.069,7.137,72.14,0.376
2005-05-03,26.396,1.045,55.47,0.888
2005-05-04,27.086,0.606,47.47,1.031
2005-05-05,26.858,1.482,44.28,1.226
2005-05-06,26.908,0.77,46.59,0.571
2005-05-07,27.673,0.004,41.99,1.411
2005-05-08,29.217,0.0,37.3,1.641
2005-05-09,29.876,0.0,33.13,1.908
2005-05-10,30.142,0.001,21.69,2.581
2005-05-11,29.609,0.001,20.79,1.94
2005-05-12,29.989,0.0,17.34,1.363
2005-05-13,30.856,0.0,20.11,0.794
2005-05-14,32.212,0.002,16.76,1.524
2005-05-15,32.268,0.0,15.64,2.386
2005-05-16,32.866,0.001,17.77,1.168
2005-05-17,33.262,0.001,20.82,0.331
2005-05-18,33.034,0.07,28.66,0.571
2005-05-19,32.23,0.64,33.73,0.574
2005-05-20,31.549,0.778,37.23,0.924
2005-05-21,32.335,0.0,25.88,1.419
2005-05-22,33.279,0.0,24.76,0.73
2005-05-23,33.504,0.002,29.95,0.479
2005-05-24,33.246,0.006,30.0,0.965
2005-05-25,33.459,0.001,23.63,1.168
2005-05-26,33.048,0.377,29.9,0.847
2005-05-27,32.246,1.251,34.77,0.245
2005-05-28,32.722,0.015,32.92,0.78
2005-05-29,31.412,1.065,43.28,0.643
2005-05-30,32.462,0.011,32.13,0.461
2005-05-31,32.997,0.005,32.72,0.722
2005-06-01,33.36,0.0,26.25,1.766
2005-06-02,33.194,0.0,19.74,2.123
2005-06-03,34.12,0.001,21.71,0.595
2005-06-04,33.618,0.013,26.89,0.475
2005-06-05,32.05,0.651,41.63,1.038
2005-06-06,31.649,0.667,44.31,1.109
2005-06-07,32.62,0.095,36.73,0.975
2005-06-08,32.832,0.183,36.02,0.403
2005-06-09,32.39,0.067,37.9,0.801
2005-06-10,33.05,0.0,28.16,1.59
2005-06-11,33.397,0.0,25.73,2.238
2005-06-12,34.51,0.0,21.23,2.879
2005-06-13,34.418,0.0,19.84,3.093
2005-06-14,34.598,0.0,23.95,2.257
2005-06-15,34.327,0.028,28.63,2.7
2005-06-16,34.557,0.003,29.27,2.331
2005-06-17,35.292,0.001,24.46,1.56
2005-06-18,34.972,0.05,29.23,1.79
2005-06-19,33.187,0.941,40.55,1.356
2005-06-20,30.932,6.361,56.03,1.013
2005-06-21,29.605,5.321,64.35,0.928
2005-06-22,27.597,18.408,76.52,0.556
2005-06-23,27.19,6.474,78.26,1.064
2005-06-24,26.501,19.388,82.85,0.92
2005-06-25,25.797,13.807,84.18,1.216
2005-06-26,24.933,15.174,88.06,1.905
2005-06-27,24.683,31.067,89.16,1.341
2005-06-28,24.806,24.66,87.75,1.802
2005-06-29,23.262,37.744,95.15,2.992
2005-06-30,22.58,43.096,95.92,3.499
2005-07-01,22.806,29.419,94.25,2.783
2005-07-02,23.544,6.276,88.46,3.315
2005-07-03,23.647,8.035,86.81,3.549
2005-07-04,23.31,6.161,87.33,3.134
2005-07-05,22.975,7.933,90.89,2.606
2005-07-06,24.175,9.731,86.88,1.209
2005-07-07,25.113,9.64,84.08,0.331
2005-07-08,25.916,1.692,81.35,1.218
2005-07-09,26.689,0.554,75.83,1.275
2005-07-10,26.042,8.53,82.58,0.489
2005-07-11,24.544,15.217,92.45,1.332
2005-07-12,23.787,9.44,93.61,1.315
2005-07-13,24.347,13.445,87.95,1.61
2005-07-14,24.392,16.963,89.39,1.507
2005-07-15,23.592,21.104,94.47,1.735
2005-07-16,23.893,8.249,91.66,1.608
2005-07-17,25.209,3.656,84.04,1.267
2005-07-18,26.287,2.754,82.41,1.096
2005-07-19,25.386,8.038,86.65,1.521
2005-07-20,25.689,7.484,85.86,1.263
2005-07-21,25.325,13.348,87.62,1.393
2005-07-22,25.514,12.132,86.91,0.821
2005-07-23,25.548,20.251,86.26,0.601
2005-07-24,25.276,12.919,85.93,1.212
2005-07-25,25.812,7.44,81.28,2.332
2005-07-26,24.567,14.22,88.3,2.811
2005-07-27,23.964,13.241,93.06,1.655
2005-07-28,23.83,43.331,92.26,0.64
2005-07-29,24.394,25.115,88.73,2.274
2005-07-30,25.002,11.186,85.85,2.867
2005-07-31,23.705,7.803,91.88,3.55
2005-08-01,23.423,4.619,90.39,2.008
2005-08-02,24.477,5.265,85.29,1.958
2005-08-03,24.332,13.079,90.03,1.496
2005-08-04,24.668,5.011,90.43,0.967
2005-08-05,24.017,39.302,93.98,0.987
2005-08-06,23.417,18.343,93.9,2.84
2005-08-07,23.886,2.641,89.33,2.399
2005-08-08,25.696,0.72,80.15,2.226
2005-08-09,25.813,0.806,77.22,2.328
2005-08-10,25.828,0.836,75.98,2.572
2005-08-11,25.542,0.783,78.82,2.045
2005-08-12,25.887,4.295,80.15,1.096
2005-08-13,26.2,5.194,82.35,0.827
2005-08-14,26.273,9.432,82.93,1.014
2005-08-15,24.507,23.631,90.89,0.239
2005-08-16,23.607,6.292,93.37,1.313
2005-08-17,24.6,4.923,87.75,1.47
2005-08-18,24.974,10.012,87.45,0.829
2005-08-19,24.479,9.253,89.67,0.537
2005-08-20,24.238,9.742,89.58,1.287
2005-08-21,23.206,69.595,95.07,2.668
2005-08-22,23.436,9.803,93.94,2.325
2005-08-23,23.298,15.811,92.36,2.605
2005-08-24,23.643,9.924,92.04,1.951
2005-08-25,24.799,3.411,83.22,1.677
2005-08-26,25.04,1.49,80.78,1.166
2005-08-27,25.558,0.863,78.45,0.629
2005-08-28,25.592,1.873,80.5,0.639
2005-08-29,26.022,0.598,76.98,1.092
2005-08-30,26.484,0.052,70.33,1.58
2005-08-31,26.607,0.457,73.32,1.455
2005-09-01,26.994,0.654,74.71,0.988
2005-09-02,26.647,5.234,80.53,0.658
2005-09-03,24.947,13.425,88.09,0.994
2005-09-04,25.221,2.722,84.44,1.682
2005-09-05,25.494,6.037,84.64,0.953
2005-09-06,25.311,5.616,85.18,0.528
2005-09-07,25.761,1.981,81.4,1.41
2005-09-08,25.202,8.735,84.6,1.742
2005-09-09,25.094,1.831,83.87,1.876
2005-09-10,24.311,6.071,85.49,2.163
2005-09-11,24.092,9.246,84.98,2.93
2005-09-12,24.209,8.986,85.23,4.224
2005-09-13,22.538,22.784,95.01,3.899
2005-09-14,22.305,38.47,96.9,3.405
2005-09-15,23.009,1.414,92.66,1.181
2005-09-16,23.977,7.566,85.28,1.556
2005-09-17,23.931,5.002,86.2,1.938
2005-09-18,24.058,7.886,86.26,2.885
2005-09-19,24.36,1.887,83.76,3.904
2005-09-20,23.99,1.721,83.39,4.226
2005-09-21,23.749,1.734,84.96,3.157
2005-09-22,24.144,1.974,86.82,1.579
2005-09-23,24.18,4.562,86.14,2.032
2005-09-24,24.474,1.721,85.82,2.289
2005-09-25,24.691,0.667,78.5,2.051
2005-09-26,24.5,0.477,78.91,1.825
2005-09-27,24.822,0.041,73.71,1.732
2005-09-28,24.682,0.106,74.63,1.958
2005-09-29,24.821,0.0,70.91,1.524
2005-09-30,24.955,0.004,69.46,1.154
2005-10-01,24.848,0.021,70.52,1.466
2005-10-02,25.071,0.062,71.34,1.43
2005-10-03,24.594,1.387,78.31,1.477
2005-10-04,24.318,0.035,74.57,1.344
2005-10-05,24.64,0.209,73.49,0.87
2005-10-06,24.148,0.017,67.68,1.125
2005-10-07,23.58,0.0,63.35,1.235
2005-10-08,23.719,0.003,63.22,0.815
2005-10-09,24.024,0.002,64.8,0.381
2005-10-10,24.188,0.015,69.13,0.914
2005-10-11,24.247,0.432,73.68,1.15
2005-10-12,24.117,2.066,77.38,0.918
2005-10-13,23.39,7.603,84.11,0.746
2005-10-14,23.57,8.889,86.45,0.501
2005-10-15,22.941,5.257,90.08,0.734
2005-10-16,22.653,9.41,90.4,1.069
2005-10-17,22.455,11.995,91.19,0.692
2005-10-18,22.356,6.643,87.3,1.322
2005-10-19,22.132,7.766,88.84,1.289
2005-10-20,21.874,9.538,90.04,0.86
2005-10-21,22.372,1.601,83.1,1.368
2005-10-22,21.196,1.802,88.02,0.903
2005-10-23,22.039,0.307,79.68,0.834
2005-10-24,21.997,0.417,80.88,0.941
2005-10-25,21.929,0.185,75.76,0.909
2005-10-26,20.929,0.0,73.07,1.362
2005-10-27,21.554,0.004,73.08,1.889
2005-10-28,22.067,0.043,77.88,2.043
2005-10-29,21.92,0.152,76.34,1.102
2005-10-30,21.68,0.655,75.68,0.495
2005-10-31,21.432,2.581,80.5,0.379
2005-11-01,20.721,1.193,78.69,0.907
2005-11-02,20.45,0.877,76.88,0.95
2005-11-03,20.368,0.941,77.67,0.852
2005-11-04,20.296,0.432,73.45,1.163
2005-11-05,19.428,0.0,62.33,1.657
2005-11-06,18.071,0.002,55.43,1.953
2005-11-07,17.34,0.003,56.64,1.516
2005-11-08,17.783,0.0,62.55,0.941
2005-11-09,18.089,0.001,66.13,1.147
2005-11-10,17.46,0.001,63.83,1.208
2005-11-11,17.568,-0.0,61.51,1.177
2005-11-12,17.896,0.001,59.52,1.803
2005-11-13,18.052,0.0,54.02,2.087
2005-11-14,18.281,0.0,55.85,2.089
2005-11-15,18.042,0.0,54.72,2.41
2005-11-16,18.171,0.0,53.78,2.072
2005-11-17,17.807,0.003,49.32,2.161
2005-11-18,17.533,0.001,56.25,1.283
2005-11-19,17.24,0.002,51.81,0.947
2005-11-20,16.983,0.002,51.48,1.137
2005-11-21,17.207,0.001,54.41,1.075
2005-11-22,17.865,0.0,55.25,1.497
2005-11-23,18.756,0.0,51.53,1.103
2005-11-24,19.215,0.0,53.96,0.767
2005-11-25,18.399,0.0,59.51,0.992
2005-11-26,17.788,0.002,58.75,1.529
2005-11-27,18.218,0.0,59.62,1.803
2005-11-28,18.024,0.002,57.61,1.838
2005-11-29,17.631,0.002,53.89,1.555
2005-11-30,17.41,0.001,56.66,1.175
2005-12-01,17.948,0.001,56.58,1.2
2005-12-02,18.331,0.001,58.35,1.293
2005-12-03,19.77,0.004,59.24,1.266
2005-12-04,18.14,0.001,46.39,2.2
2005-12-05,15.92,0.0,40.47,1.743
2005-12-06,15.72,0.001,43.21,1.843
2005-12-07,15.714,0.002,48.43,1.493
2005-12-08,15.534,0.003,47.59,1.465
2005-12-09,15.302,0.003,51.85,1.037
2005-12-10,15.282,0.0,52.33,1.247
2005-12-11,14.958,0.001,52.96,1.195
2005-12-12,14.492,0.001,52.28,1.382
2005-12-13,14.223,0.001,45.07,1.845
2005-12-14,14.183,0.001,48.68,1.292
2005-12-15,14.552,0.0,49.57,1.001
2005-12-16,15.052,0.001,52.79,0.97
2005-12-17,15.546,0.001,55.68,1.072
2005-12-18,15.571,0.001,57.39,0.849
2005-12-19,15.937,0.0,55.35,1.199
2005-12-20,17.367,0.117,57.14,1.156
2005-12-21,16.987,9.951,81.64,1.322
2005-12-22,16.631,0.944,80.99,1.143
2005-12-23,16.977,0.672,77.2,0.923
2005-12-24,16.791,0.254,69.96,1.939
2005-12-25,13.989,0.002,53.93,2.426
2005-12-26,13.83,0.001,57.73,1.091
2005-12-27,14.927,0.001,56.99,0.228
2005-12-28,15.108,0.0,55.71,0.633
2005-12-29,15.349,0.002,55.76,0.835
2005-12-30,15.792,0.001,60.48,0.428
2005-12-31,15.84,0.0,58.03,1.203
2006-01-01,15.679,0.001,55.99,1.433
2006-01-02,16.899,0.001,49.2,0.546
2006-01-03,16.428,0.002,54.45,1.173
2006-01-04,17.233,0.0,56.32,1.848
2006-01-05,16.201,0.0,52.11,1.926
2006-01-06,15.585,0.001,43.82,1.215
2006-01-07,15.755,0.001,44.88,1.02
2006-01-08,15.989,0.0,43.15,1.275
2006-01-09,15.905,0.001,43.36,1.06
2006-01-10,15.856,0.001,43.61,1.344
2006-01-11,15.973,0.001,38.92,1.043
2006-01-12,16.896,0.001,40.17,0.869
2006-01-13,17.707,0.0,44.04,1.62
2006-01-14,17.707,0.0,43.36,1.816
2006-01-15,17.32,0.001,38.39,1.361
2006-01-16,18.517,0.002,41.18,1.39
2006-01-17,20.189,0.001,47.16,1.474
2006-01-18,20.813,0.001,44.58,2.14
2006-01-19,20.143,0.0,51.6,2.185
2006-01-20,19.762,0.001,46.24,2.586
2006-01-21,20.164,0.0,48.47,2.184
2006-01-22,18.787,0.0,46.12,2.107
2006-01-23,19.579,0.044,45.9,0.589
2006-01-24,16.469,0.001,34.86,2.267
2006-01-25,14.063,0.0,34.73,1.23
2006-01-26,14.965,0.0,36.79,1.772
2006-01-27,15.21,0.001,42.16,1.164
2006-01-28,15.962,0.002,38.45,1.158
2006-01-29,17.133,0.001,39.38,1.384
2006-01-30,17.854,0.001,40.94,1.024
2006-01-31,18.717,0.001,40.73,1.09
2006-02-01,19.247,0.002,39.53,1.142
2006-02-02,19.59,0.001,38.54,1.078
2006-02-03,19.974,0.002,32.17,1.997
2006-02-04,18.857,0.001,33.46,2.31
2006-02-05,18.529,0.001,35.49,1.539
2006-02-06,18.841,0.001,36.18,0.834
2006-02-07,19.062,0.0,37.93,0.689
2006-02-08,19.616,0.0,37.79,0.684
2006-02-09,19.418,0.002,37.37,0.525
2006-02-10,19.519,0.036,40.48,1.681
2006-02-11,19.532,0.001,38.58,1.207
2006-02-12,20.118,0.0,39.27,0.836
2006-02-13,21.33,0.001,37.88,1.492
2006-02-14,22.698,0.0,34.88,1.532
2006-02-15,24.372,0.002,32.44,1.865
2006-02-16,23.775,0.001,30.0,2.122
2006-02-17,23.496,0.003,31.77,1.782
2006-02-18,24.441,-0.0,36.6,1.787
2006-02-19,24.373,0.002,38.67,2.247
2006-02-20,24.094,0.0,39.26,2.064
2006-02-21,24.411,0.0,32.8,2.021
2006-02-22,24.939,0.003,30.18,2.002
2006-02-23,25.868,0.0,28.9,2.012
2006-02-24,25.597,0.0,24.22,2.448
2006-02-25,25.739,0.002,22.77,2.213
2006-02-26,25.818,0.0,25.99,1.992
2006-02-27,26.361,0.004,30.58,1.255
2006-02-28,26.415,0.065,34.33,1.475
2006-03-01,25.492,0.067,37.83,1.526
2006-03-02,22.965,4.462,56.11,1.382
2006-03-03,23.273,1.476,59.27,0.606
2006-03-04,22.709,3.708,60.42,0.359
2006-03-05,22.248,4.479,68.14,0.307
2006-03-06,21.982,7.918,70.38,0.343
2006-03-07,23.177,1.224,61.3,0.641
2006-03-08,23.24,3.064,63.32,0.388
2006-03-09,23.715,1.226,62.37,0.58
2006-03-10,22.236,13.117,66.44,0.956
2006-03-11,18.005,17.257,86.67,0.887
2006-03-12,19.173,0.327,70.46,1.688
2006-03-13,20.934,0.002,59.19,0.824
2006-03-14,22.766,0.003,50.7,0.469
2006-03-15,21.318,1.437,68.91,0.243
2006-03-16,20.662,2.631,71.44,0.996
2006-03-17,21.008,0.012,50.39,2.03
2006-03-18,20.118,0.001,41.76,2.181
2006-03-19,20.71,0.002,34.0,1.804
2006-03-20,22.082,0.0,38.4,1.955
2006-03-21,24.716,0.004,38.93,1.667
2006-03-22,23.903,0.003,28.51,2.674
2006-03-23,23.313,0.002,27.47,2.35
2006-03-24,25.565,0.001,31.79,1.864
2006-03-25,27.33,0.002,29.05,1.685
2006-03-26,28.163,0.001,26.16,1.951
2006-03-27,27.284,0.004,23.92,1.953
2006-03-28,25.7,0.113,33.08,1.446
2006-03-29,25.157,0.028,34.65,0.794
2006-03-30,24.572,0.002,24.8,1.289
2006-03-31,24.949,0.001,25.26,1.152
2006-04-01,26.172,0.003,24.25,1.311
2006-04-02,27.996,0.014,25.71,0.956
2006-04-03,28.296,0.001,25.38,1.712
2006-04-04,28.687,0.001,24.51,1.672
2006-04-05,28.201,0.0,23.08,2.242
2006-04-06,28.873,0.001,24.44,1.481
2006-04-07,29.683,0.0,27.56,0.526
2006-04-08,29.57,0.002,31.83,0.196
2006-04-09,29.886,0.012,41.42,1.445
2006-04-10,30.77,0.001,27.3,1.753
2006-04-11,30.904,0.003,24.59,1.498
2006-04-12,31.409,0.001,23.63,1.038
2006-04-13,31.165,0.0,25.93,0.513
2006-04-14,30.018,0.311,37.12,1.019
2006-04-15,29.269,0.985,38.82,0.997
2006-04-16,27.672,0.715,47.15,1.936
2006-04-17,22.804,4.049,68.85,1.545
2006-04-18,23.251,4.655,62.49,0.427
2006-04-19,24.244,0.0,41.33,1.584
2006-04-20,26.443,0.0,35.2,0.543
2006-04-21,27.956,0.001,31.26,0.902
2006-04-22,27.888,0.124,34.27,0.635
2006-04-23,28.424,0.001,26.76,1.658
2006-04-24,29.686,0.001,24.84,1.015
2006-04-25,29.813,0.042,30.21,0.326
2006-04-26,29.866,0.328,30.94,0.27
2006-04-27,30.393,0.01,30.14,0.953
2006-04-28,29.702,0.292,39.91,1.101
2006-04-29,29.46,0.694,38.38,1.011
2006-04-30,30.17,0.002,37.13,0.908
2006-05-01,30.747,0.102,38.14,0.561
2006-05-02,30.196,1.247,42.55,0.822
2006-05-03,30.313,0.476,39.48,0.925
2006-05-04,29.854,0.783,41.6,1.02
2006-05-05,29.353,0.91,45.55,0.965
2006-05-06,30.551,0.244,36.91,2.126
2006-05-07,30.22,1.025,40.64,0.907
2006-05-08,30.597,0.131,41.51,0.352
2006-05-09,31.141,0.008,37.97,0.544
2006-05-10,30.519,1.058,43.47,0.682
2006-05-11,29.862,2.151,52.42,0.476
2006-05-12,29.767,1.887,50.92,0.444
2006-05-13,29.787,0.555,53.5,0.948
2006-05-14,30.239,0.228,48.71,0.428
2006-05-15,29.272,1.569,55.67,0.853
2006-05-16,25.457,15.64,76.61,0.78
2006-05-17,26.975,0.847,67.89,1.12
2006-05-18,28.652,0.069,55.3,0.733
2006-05-19,27.939,1.492,59.8,1.073
2006-05-20,27.342,3.242,65.18,0.665
2006-05-21,27.828,2.74,63.31,0.5
2006-05-22,26.93,8.589,72.2,0.045
2006-05-23,27.27,6.02,71.23,0.12
2006-05-24,27.432,3.956,70.79,0.634
2006-05-25,27.286,10.498,74.77,0.51
2006-05-26,26.894,10.049,79.34,0.596
2006-05-27,25.752,8.468,85.34,0.825
2006-05-28,26.871,5.431,78.59,1.405
2006-05-29,28.196,0.678,71.31,2.141
2006-05-30,29.289,2.902,66.93,1.853
2006-05-31,29.071,0.766,66.58,1.726
2006-06-01,28.128,7.147,71.34,1.535
2006-06-02,28.247,2.684,67.76,1.404
2006-06-03,26.982,5.417,74.06,0.971
2006-06-04,25.239,20.578,87.34,0.875
2006-06-05,26.178,3.99,78.47,1.478
2006-06-06,24.57,10.57,89.15,2.17
2006-06-07,25.295,4.953,76.45,2.677
2006-06-08,24.666,11.058,79.65,2.24
2006-06-09,26.86,0.267,70.47,0.526
2006-06-10,29.081,0.0,54.69,2.082
2006-06-11,28.865,1.096,61.27,2.278
2006-06-12,29.65,0.362,53.98,1.625
2006-06-13,30.109,0.002,49.05,0.471
2006-06-14,29.492,0.007,50.69,1.101
2006-06-15,29.553,0.373,54.22,0.346
2006-06-16,29.531,0.754,56.48,0.258
2006-06-17,29.834,0.516,55.29,0.687
2006-06-18,29.771,0.027,53.92,0.534
2006-06-19,29.399,0.907,58.52,0.275
2006-06-20,29.844,0.052,56.0,0.621
2006-06-21,27.014,7.751,75.54,1.483
2006-06-22,25.79,4.702,79.91,2.175
2006-06-23,25.642,6.614,80.98,2.162
2006-06-24,26.197,2.097,78.64,2.242
2006-06-25,26.681,2.784,78.68,1.883
2006-06-26,26.478,9.787,81.24,0.975
2006-06-27,25.787,17.698,84.58,0.533
2006-06-28,25.663,12.643,85.83,0.759
2006-06-29,25.669,4.749,86.38,0.235
2006-06-30,26.27,7.703,83.18,0.86
2006-07-01,26.361,8.458,81.93,1.648
2006-07-02,25.829,5.246,82.46,3.282
2006-07-03,24.768,7.978,85.7,4.842
2006-07-04,24.013,8.246,86.83,4.119
2006-07-05,24.553,2.304,80.4,2.797
2006-07-06,26.171,0.765,74.87,3.238
2006-07-07,26.252,3.258,77.4,2.935
2006-07-08,24.901,24.754,87.38,2.73
2006-07-09,24.742,4.776,84.93,2.509
2006-07-10,25.342,3.708,80.74,3.07
2006-07-11,25.352,3.045,80.58,3.072
2006-07-12,25.095,3.457,81.45,2.69
2006-07-13,24.78,6.834,86.07,2.596
2006-07-14,24.51,38.387,89.56,2.0
2006-07-15,23.369,119.774,95.74,1.1
2006-07-16,24.273,11.917,91.09,0.758
2006-07-17,24.68,6.135,91.06,1.512
2006-07-18,24.221,1.214,85.59,2.553
2006-07-19,23.685,17.651,89.96,2.069
2006-07-20,23.616,22.77,91.29,1.958
2006-07-21,22.263,39.226,96.29,2.266
2006-07-22,22.277,25.911,95.95,3.221
2006-07-23,23.783,5.3,89.74,1.843
2006-07-24,24.977,8.621,85.13,1.599
2006-07-25,25.225,11.943,85.59,0.588
2006-07-26,24.382,7.113,90.15,0.699
2006-07-27,24.051,6.801,91.21,1.219
2006-07-28,23.55,9.817,90.44,1.82
2006-07-29,23.634,35.316,90.28,1.298
2006-07-30,22.328,28.768,97.22,2.229
2006-07-31,23.669,14.182,90.53,1.058
2006-08-01,24.536,12.075,86.82,1.686
2006-08-02,25.176,6.377,81.75,2.712
2006-08-03,24.982,1.928,80.57,5.109
2006-08-04,23.955,6.281,84.86,5.133
2006-08-05,23.039,4.101,87.52,3.553
2006-08-06,23.276,2.927,85.48,2.945
2006-08-07,24.524,0.673,79.49,2.929
2006-08-08,24.098,2.228,83.21,2.97
2006-08-09,24.199,2.082,86.57,1.894
2006-08-10,24.645,13.464,86.7,0.759
2006-08-11,24.364,12.832,88.49,0.629
2006-08-12,25.635,9.115,82.59,2.793
2006-08-13,23.292,7.805,94.93,3.121
2006-08-14,23.345,10.66,94.1,1.682
2006-08-15,24.484,7.225,86.28,0.77
2006-08-16,25.341,5.647,79.43,2.713
2006-08-17,23.094,31.183,94.88,3.338
2006-08-18,24.109,7.823,91.69,1.517
2006-08-19,25.202,4.432,85.94,1.531
2006-08-20,24.663,12.926,88.1,1.753
2006-08-21,24.007,21.444,90.38,1.77
2006-08-22,23.504,21.829,92.01,1.878
2006-08-23,23.568,38.636,94.25,1.155
2006-08-24,22.907,5.554,94.8,2.247
2006-08-25,22.688,5.738,92.94,2.281
2006-08-26,23.191,11.191,92.81,2.452
2006-08-27,24.548,2.87,82.35,2.01
2006-08-28,24.725,7.584,84.58,1.914
2006-08-29,23.989,17.011,87.56,3.576
2006-08-30,22.839,10.023,92.63,4.278
2006-08-31,23.506,1.678,82.32,2.535
2006-09-01,23.991,0.056,77.22,1.385
2006-09-02,25.105,0.199,75.93,1.245
2006-09-03,24.426,8.327,83.19,2.083
2006-09-04,23.709,22.567,86.72,3.962
2006-09-05,23.322,8.064,91.53,3.24
2006-09-06,24.391,2.071,86.46,1.614
2006-09-07,25.456,0.596,80.04,1.609
2006-09-08,25.743,2.649,81.44,1.151
2006-09-09,25.285,6.515,85.0,0.407
2006-09-10,25.676,1.442,81.36,0.545
2006-09-11,25.858,0.74,79.45,1.118
2006-09-12,25.184,8.085,86.36,0.769
2006-09-13,25.423,4.843,84.02,0.215
2006-09-14,24.89,13.361,86.4,0.547
2006-09-15,24.728,5.2,86.0,1.287
2006-09-16,24.561,1.434,84.62,1.771
2006-09-17,24.87,0.928,81.53,1.963
2006-09-18,25.108,0.569,80.34,2.124
2006-09-19,25.224,2.613,80.69,1.841
2006-09-20,24.356,4.821,83.96,2.18
2006-09-21,22.919,11.061,91.06,2.093
2006-09-22,22.272,27.716,90.36,3.796
2006-09-23,21.795,33.002,93.52,3.091
2006-09-24,21.994,9.416,94.61,1.514
2006-09-25,23.305,2.118,88.2,1.202
2006-09-26,23.822,0.634,80.81,1.946
2006-09-27,24.067,0.986,84.03,1.48
2006-09-28,24.891,1.319,81.96,1.302
2006-09-29,24.548,5.586,83.79,2.49
2006-09-30,24.042,2.87,86.47,2.63
2006-10-01,24.557,1.965,85.21,1.0
2006-10-02,25.392,0.566,80.06,0.191
2006-10-03,25.161,3.052,83.59,0.573
2006-10-04,24.821,3.592,84.77,1.137
2006-10-05,25.414,0.001,66.1,1.452
2006-10-06,24.869,0.0,64.17,1.953
2006-10-07,24.456,0.002,59.78,1.738
2006-10-08,24.525,0.0,60.4,1.271
2006-10-09,24.313,0.002,64.62,1.359
2006-10-10,24.017,0.0,66.6,1.629
2006-10-11,23.768,0.001,63.24,1.711
2006-10-12,23.857,0.0,62.91,1.434
2006-10-13,23.598,0.0,63.31,1.319
2006-10-14,23.727,0.001,65.21,1.272
2006-10-15,23.741,0.018,66.91,1.477
2006-10-16,23.588,0.001,64.4,1.199
2006-10-17,23.303,0.003,60.6,1.009
2006-10-18,23.669,0.003,60.39,0.594
2006-10-19,22.445,4.551,70.87,0.397
2006-10-20,21.068,3.004,79.22,0.845
2006-10-21,21.705,0.295,69.38,1.109
2006-10-22,21.945,0.105,67.1,0.731
2006-10-23,20.761,3.476,75.19,0.812
2006-10-24,21.025,0.001,65.25,1.101
2006-10-25,21.728,0.001,63.14,0.709
2006-10-26,21.75,0.002,60.61,0.582
2006-10-27,21.984,0.013,62.41,1.149
2006-10-28,21.265,4.304,77.36,0.883
2006-10-29,21.904,0.825,74.41,0.96
2006-10-30,21.59,3.041,76.63,0.845
2006-10-31,21.267,2.5,78.23,0.791
2006-11-01,21.59,7.382,79.44,0.649
2006-11-02,22.152,2.142,76.67,0.613
2006-11-03,21.863,1.157,79.8,0.78
2006-11-04,21.836,0.055,76.79,0.9
2006-11-05,21.074,2.109,79.45,0.873
2006-11-06,20.902,0.0,65.07,1.494
2006-11-07,21.135,0.002,60.24,0.772
2006-11-08,21.406,0.003,59.85,0.836
2006-11-09,20.853,0.406,68.4,0.924
2006-11-10,19.789,1.996,74.88,1.05
2006-11-11,20.289,0.032,71.45,1.516
2006-11-12,20.115,0.001,70.15,1.374
2006-11-13,19.478,0.002,67.1,1.352
2006-11-14,19.849,0.002,64.89,0.973
2006-11-15,20.248,0.002,64.93,0.885
2006-11-16,19.82,0.0,64.0,1.148
2006-11-17,19.518,0.001,60.44,0.966
2006-11-18,19.161,0.0,58.96,1.259
2006-11-19,19.457,0.0,58.04,1.616
2006-11-20,19.797,0.001,58.01,1.74
2006-11-21,19.617,0.0,61.73,1.58
2006-11-22,20.113,0.002,54.38,1.618
2006-11-23,20.807,0.001,54.63,1.313
2006-11-24,21.123,0.001,54.79,0.74
2006-11-25,20.859,0.047,62.89,0.631
2006-11-26,19.717,0.103,61.95,1.491
2006-11-27,19.376,0.002,62.08,0.573
2006-11-28,18.792,0.001,60.99,1.196
2006-11-29,19.206,0.0,56.53,1.412
2006-11-30,19.636,0.0,57.6,1.766
2006-12-01,18.574,0.001,42.3,2.201
2006-12-02,17.859,0.002,43.4,2.016
2006-12-03,17.536,-0.0,45.74,1.815
2006-12-04,18.138,0.0,44.83,1.771
2006-12-05,19.38,0.003,55.03,1.87
2006-12-06,19.853,0.0,57.22,1.515
2006-12-07,19.961,0.003,57.14,0.879
2006-12-08,20.134,0.002,56.75,0.868
2006-12-09,20.838,0.001,56.62,0.756
2006-12-10,21.264,0.002,57.0,0.614
2006-12-11,20.365,0.0,52.03,1.613
2006-12-12,17.817,0.003,57.13,2.258
2006-12-13,16.034,0.004,48.29,1.538
2006-12-14,16.632,0.001,48.46,1.935
2006-12-15,16.749,0.001,42.88,2.225
2006-12-16,15.986,0.0,49.41,1.957
2006-12-17,16.102,0.002,60.43,1.149
2006-12-18,16.306,0.001,59.76,1.113
2006-12-19,16.87,0.001,64.24,1.135
2006-12-20,17.17,0.001,63.27,1.522
2006-12-21,17.962,0.001,64.33,0.629
2006-12-22,17.363,0.0,63.58,1.14
2006-12-23,16.664,0.002,62.44,0.992
2006-12-24,16.14,0.002,60.5,0.972
2006-12-25,16.235,0.0,53.69,0.94
2006-12-26,17.125,0.001,56.36,1.101
2006-12-27,18.512,0.003,55.25,1.636
2006-12-28,17.453,0.001,59.52,1.377
2006-12-29,15.675,0.001,54.79,1.123
2006-12-30,14.624,0.001,49.46,1.148
2006-12-31,15.324,0.001,56.04,1.29
2007-01-01,16.555,0.001,60.1,1.23
2007-01-02,15.64,0.001,51.34,2.199
2007-01-03,15.638,0.0,55.06,2.265
2007-01-04,15.252,0.001,41.18,1.812
2007-01-05,15.008,0.0,39.77,1.513
2007-01-06,15.399,0.002,42.29,1.769
2007-01-07,15.776,0.001,50.22,1.323
2007-01-08,15.86,0.001,54.73,0.619
2007-01-09,16.149,0.0,55.41,0.898
2007-01-10,16.642,0.002,49.91,1.544
2007-01-11,17.033,0.0,56.52,1.324
2007-01-12,17.54,0.001,60.12,0.84
2007-01-13,17.188,0.006,56.43,1.737
2007-01-14,16.566,0.002,46.24,1.616
2007-01-15,16.712,0.001,43.41,1.026
2007-01-16,17.546,0.058,52.43,0.611
2007-01-17,17.043,0.001,43.76,1.677
2007-01-18,15.706,0.001,39.08,1.459
2007-01-19,16.813,0.0,40.81,1.83
2007-01-20,17.662,0.0,41.63,1.738
2007-01-21,18.336,0.0,45.43,1.381
2007-01-22,16.969,0.0,40.44,1.911
2007-01-23,16.005,0.002,38.59,1.21
2007-01-24,16.134,0.001,38.2,1.257
2007-01-25,17.403,0.002,36.17,1.054
2007-01-26,19.236,0.0,39.97,0.674
2007-01-27,20.242,0.002,40.5,0.613
2007-01-28,20.508,0.001,43.64,0.633
2007-01-29,21.111,0.0,43.38,0.59
2007-01-30,21.636,0.017,44.25,0.384
2007-01-31,20.891,0.053,51.69,1.436
2007-02-01,20.042,0.0,44.29,1.391
2007-02-02,19.577,0.0,43.23,0.698
2007-02-03,20.471,0.001,44.24,0.722
2007-02-04,21.364,0.133,47.82,1.064
2007-02-05,21.208,0.006,44.72,1.469
2007-02-06,20.942,0.001,42.16,0.735
2007-02-07,20.903,0.106,49.75,0.231
2007-02-08,20.447,0.062,62.47,0.807
2007-02-09,20.572,0.148,66.05,1.547
2007-02-10,20.368,1.151,69.37,1.698
2007-02-11,20.008,0.894,64.74,1.361
2007-02-12,19.604,5.085,66.21,1.108
2007-02-13,16.52,34.463,92.62,0.895
2007-02-14,16.304,0.03,63.59,1.815
2007-02-15,16.308,0.023,55.67,1.083
2007-02-16,16.902,0.379,65.18,0.526
2007-02-17,17.115,0.029,58.66,1.109
2007-02-18,16.875,0.002,49.12,1.771
2007-02-19,17.321,-0.0,49.96,1.968
2007-02-20,17.919,0.002,52.47,2.161
2007-02-21,17.959,0.0,38.32,2.095
2007-02-22,19.215,0.001,41.38,1.855
2007-02-23,20.606,0.0,39.76,1.415
2007-02-24,21.812,0.004,43.14,0.686
2007-02-25,20.374,0.748,55.37,0.839
2007-02-26,20.605,0.16,51.64,1.102
2007-02-27,21.544,0.001,46.3,0.688
2007-02-28,23.626,0.241,38.84,0.625
2007-03-01,22.802,0.922,50.03,0.657
2007-03-02,20.996,0.114,54.56,2.173
2007-03-03,20.097,0.001,45.47,1.218
2007-03-04,20.891,0.003,36.05,1.629
2007-03-05,20.413,0.002,28.14,2.699
2007-03-06,20.056,0.001,31.23,2.332
2007-03-07,19.97,0.002,29.29,2.147
2007-03-08,21.7,0.001,32.89,0.938
2007-03-09,22.899,0.064,46.97,0.668
2007-03-10,22.822,1.034,62.54,0.355
2007-03-11,23.951,0.443,56.01,0.635
2007-03-12,23.331,4.566,65.48,0.84
2007-03-13,22.485,14.047,72.56,0.311
2007-03-14,22.202,1.568,70.14,0.742
2007-03-15,19.815,0.002,48.69,2.777
2007-03-16,19.565,0.003,41.33,2.76
2007-03-17,21.519,0.0,47.07,2.006
2007-03-18,22.848,0.001,48.58,1.943
2007-03-19,24.008,0.0,47.46,1.938
2007-03-20,24.475,0.002,46.11,1.753
2007-03-21,25.51,0.019,43.88,0.763
2007-03-22,26.647,0.32,44.1,0.859
2007-03-23,28.039,0.001,36.5,1.595
2007-03-24,26.978,0.0,36.38,1.999
2007-03-25,25.351,0.001,26.19,2.634
2007-03-26,24.348,0.002,25.39,2.47
2007-03-27,24.96,0.002,24.97,1.989
2007-03-28,25.922,0.0,27.35,1.679
2007-03-29,26.444,0.0,25.73,1.231
2007-03-30,27.408,0.002,27.29,0.318
2007-03-31,27.965,0.002,29.27,0.59
2007-04-01,29.626,0.002,24.24,1.947
2007-04-02,29.619,0.001,25.59,1.827
2007-04-03,29.461,0.001,22.35,2.559
2007-04-04,28.252,0.001,18.57,2.024
2007-04-05,28.305,0.0,18.28,1.949
2007-04-06,29.025,0.013,24.53,1.004
2007-04-07,29.338,0.052,26.29,1.053
2007-04-08,29.308,0.542,31.83,1.752
2007-04-09,28.372,0.69,37.65,1.933
2007-04-10,27.898,0.0,31.93,1.615
2007-04-11,28.321,0.009,24.35,1.372
2007-04-12,28.323,0.106,29.62,0.714
2007-04-13,28.392,0.002,34.96,0.571
2007-04-14,28.774,0.016,33.5,0.49
2007-04-15,28.041,0.396,38.23,1.032
2007-04-16,28.256,0.089,42.18,1.506
2007-04-17,27.924,1.421,46.34,0.917
2007-04-18,26.793,3.504,55.83,0.441
2007-04-19,27.389,1.952,52.75,0.41
2007-04-20,27.688,0.982,51.56,1.51
2007-04-21,27.226,1.52,52.74,1.423
2007-04-22,28.481,0.394,39.35,2.043
2007-04-23,29.814,0.001,28.26,2.052
2007-04-24,30.259,0.003,24.4,2.119
2007-04-25,30.505,0.0,25.78,0.765
2007-04-26,30.767,0.027,30.8,0.147
2007-04-27,30.51,0.001,28.08,1.515
2007-04-28,30.062,0.001,35.97,1.28
2007-04-29,30.325,0.007,37.66,1.003
2007-04-30,28.689,0.789,54.38,1.335
2007-05-01,29.051,0.238,51.17,0.578
2007-05-02,28.225,1.419,55.74,1.123
2007-05-03,27.969,2.542,59.82,0.681
2007-05-04,27.115,5.037,67.42,0.579
2007-05-05,27.294,4.047,64.25,0.599
2007-05-06,27.616,3.241,57.68,0.835
2007-05-07,26.394,6.427,71.42,0.601
2007-05-08,27.57,0.377,61.77,0.355
2007-05-09,28.107,0.024,56.22,1.153
2007-05-10,29.004,0.004,47.47,1.605
2007-05-11,30.347,0.061,43.38,0.69
2007-05-12,29.38,1.301,55.21,1.589
2007-05-13,28.762,0.529,54.55,0.629
2007-05-14,29.464,0.057,44.77,1.153
2007-05-15,29.108,0.623,50.04,0.659
2007-05-16,28.412,2.631,59.79,0.588
2007-05-17,29.007,0.925,58.92,0.989
2007-05-18,29.499,0.176,52.81,0.698
2007-05-19,28.944,2.063,55.85,0.819
2007-05-20,30.438,0.028,45.19,1.771
2007-05-21,31.863,0.118,38.26,2.253
2007-05-22,30.872,0.624,44.29,1.452
2007-05-23,30.7,1.018,43.48,0.66
2007-05-24,31.262,0.003,30.01,1.05
2007-05-25,31.775,0.001,28.65,0.658
2007-05-26,32.265,0.0,27.63,0.893
2007-05-27,32.896,0.001,23.86,1.717
2007-05-28,31.598,0.414,34.41,0.818
2007-05-29,29.954,0.645,38.85,1.467
2007-05-30,31.386,0.003,37.3,0.097
2007-05-31,31.851,0.004,36.85,0.871
2007-06-01,32.681,0.003,31.49,0.902
2007-06-02,32.955,0.002,29.48,0.664
2007-06-03,33.547,0.0,27.4,0.156
2007-06-04,32.308,0.999,39.47,0.415
2007-06-05,32.208,0.002,36.57,1.683
2007-06-06,33.347,0.001,31.8,1.987
2007-06-07,33.582,0.0,33.86,0.622
2007-06-08,33.826,0.0,35.88,1.225
2007-06-09,29.79,9.634,63.37,1.864
2007-06-10,28.622,8.51,72.09,2.395
2007-06-11,28.275,3.397,72.44,2.327
2007-06-12,28.907,6.836,71.28,1.559
2007-06-13,28.036,11.694,74.63,1.46
2007-06-14,25.329,28.658,89.27,1.906
2007-06-15,25.204,11.519,87.9,2.139
2007-06-16,27.27,4.828,75.8,2.364
2007-06-17,27.258,22.379,78.99,1.687
2007-06-18,25.457,19.638,87.56,1.167
2007-06-19,25.623,14.8,85.93,0.319
2007-06-20,26.361,7.063,81.93,1.282
2007-06-21,26.89,1.087,76.59,3.145
2007-06-22,25.432,5.83,83.9,3.766
2007-06-23,24.524,6.965,89.55,3.159
2007-06-24,24.822,4.196,87.13,1.397
2007-06-25,25.098,10.529,86.13,1.499
2007-06-26,25.71,8.244,83.67,1.967
2007-06-27,25.864,10.599,83.91,1.708
2007-06-28,27.096,1.048,74.47,3.757
2007-06-29,24.819,17.172,87.76,4.729
2007-06-30,23.871,7.071,89.44,3.655
2007-07-01,25.05,1.812,82.58,2.464
2007-07-02,25.42,10.936,83.66,2.506
2007-07-03,26.036,6.621,81.84,2.511
2007-07-04,25.124,6.249,83.54,2.554
2007-07-05,24.125,15.499,91.93,2.66
2007-07-06,23.89,89.197,93.08,2.833
2007-07-07,22.344,40.823,97.42,3.808
2007-07-08,23.921,4.166,80.92,3.613
2007-07-09,24.73,0.883,79.28,2.531
2007-07-10,25.729,1.573,80.3,1.896
2007-07-11,25.65,10.135,84.04,1.537
2007-07-12,25.849,14.923,86.01,1.637
2007-07-13,25.198,9.212,87.68,1.472
2007-07-14,25.195,12.854,89.19,1.002
2007-07-15,25.341,18.779,89.02,0.744
2007-07-16,24.264,16.292,93.53,1.951
2007-07-17,24.55,6.93,90.82,2.246
2007-07-18,25.793,7.365,85.98,1.969
2007-07-19,25.61,14.593,87.51,2.159
2007-07-20,25.109,4.168,87.51,2.134
2007-07-21,25.092,3.076,84.4,2.148
2007-07-22,24.58,4.363,85.73,1.448
2007-07-23,23.902,24.104,90.35,1.131
2007-07-24,24.122,14.758,89.11,1.381
2007-07-25,23.87,12.741,91.93,1.606
2007-07-26,24.115,17.08,91.12,1.655
2007-07-27,23.463,27.556,94.32,1.493
2007-07-28,23.353,15.068,94.9,1.432
2007-07-29,24.376,12.77,90.49,1.168
2007-07-30,25.014,4.82,86.61,1.177
2007-07-31,24.874,13.088,87.29,1.129
2007-08-01,24.586,14.572,89.49,1.221
2007-08-02,24.331,16.198,90.83,0.755
2007-08-03,25.157,8.477,86.67,1.018
2007-08-04,25.253,7.896,84.53,0.977
2007-08-05,25.115,20.236,86.47,0.968
2007-08-06,25.155,4.028,80.5,5.224
2007-08-07,23.129,10.305,91.63,3.738
2007-08-08,22.754,3.53,91.98,1.79
2007-08-09,24.795,6.794,85.84,1.13
2007-08-10,25.925,6.616,83.51,1.172
2007-08-11,25.515,19.077,86.57,1.866
2007-08-12,24.945,8.997,87.76,2.606
2007-08-13,24.238,12.119,90.0,2.494
2007-08-14,23.639,10.596,91.29,2.809
2007-08-15,24.327,18.393,87.73,2.613
2007-08-16,24.606,2.982,84.57,2.305
2007-08-17,25.465,2.054,78.51,2.405
2007-08-18,23.802,16.514,89.53,2.472
2007-08-19,23.707,22.269,90.23,2.095
2007-08-20,22.831,92.845,96.16,1.444
2007-08-21,23.705,5.677,90.94,1.53
2007-08-22,25.57,1.539,81.86,0.74
2007-08-23,25.4,10.983,84.73,0.226
2007-08-24,25.157,12.541,86.63,0.448
2007-08-25,25.225,7.012,86.5,0.526
2007-08-26,24.684,19.427,89.26,0.691
2007-08-27,24.042,14.429,92.52,0.807
2007-08-28,24.573,5.454,88.98,1.059
2007-08-29,24.75,7.021,87.97,0.954
2007-08-30,25.224,6.582,87.68,0.719
2007-08-31,25.542,3.462,85.73,0.621
2007-09-01,25.401,12.291,86.0,0.509
2007-09-02,25.388,3.848,85.47,1.035
2007-09-03,25.452,3.963,84.19,0.682
2007-09-04,25.019,10.62,88.44,1.015
2007-09-05,24.51,15.572,91.0,0.999
2007-09-06,23.565,17.119,94.14,1.38
2007-09-07,23.259,8.391,93.99,1.976
2007-09-08,23.915,11.341,91.3,1.482
2007-09-09,24.057,11.41,91.27,1.324
2007-09-10,23.594,14.257,93.52,1.518
2007-09-11,25.079,1.123,82.73,1.353
2007-09-12,25.685,0.268,75.93,1.635
2007-09-13,26.001,1.764,80.11,1.271
2007-09-14,25.803,0.616,78.95,1.338
2007-09-15,24.504,14.465,86.79,1.128
2007-09-16,24.995,4.64,86.09,0.649
2007-09-17,24.744,8.553,88.21,0.807
2007-09-18,24.454,6.832,87.7,0.917
2007-09-19,24.734,10.135,86.15,1.076
2007-09-20,25.092,2.644,83.03,1.473
2007-09-21,25.353,3.891,78.62,2.781
2007-09-22,23.499,12.946,83.38,5.038
2007-09-23,21.597,62.356,95.7,3.49
2007-09-24,21.883,19.585,97.76,2.95
2007-09-25,22.884,14.655,95.24,2.063
2007-09-26,23.575,10.6,92.3,0.866
2007-09-27,23.35,12.746,93.8,0.983
2007-09-28,22.812,20.541,93.85,0.527
2007-09-29,23.561,28.928,90.94,0.178
2007-09-30,23.753,9.876,88.64,0.543
2007-10-01,24.047,7.342,86.08,0.653
2007-10-02,24.01,14.338,88.02,0.763
2007-10-03,24.159,5.134,87.13,0.747
2007-10-04,24.528,4.211,85.02,0.915
2007-10-05,25.185,0.734,79.91,0.906
2007-10-06,24.995,3.532,82.82,1.084
2007-10-07,24.748,0.002,53.79,2.611
2007-10-08,23.279,0.0,51.33,2.545
2007-10-09,22.766,0.0,57.99,1.955
2007-10-10,22.476,0.001,57.95,1.589
2007-10-11,22.555,0.0,59.79,1.501
2007-10-12,22.391,0.0,57.47,1.648
2007-10-13,22.067,0.003,57.74,1.475
2007-10-14,21.981,0.002,60.22,0.605
2007-10-15,23.299,0.135,72.93,1.016
2007-10-16,23.329,0.286,72.27,0.25
2007-10-17,23.363,0.184,69.57,0.619
2007-10-18,23.142,0.007,63.63,0.918
2007-10-19,22.229,0.0,62.89,1.159
2007-10-20,21.731,0.0,57.48,1.409
2007-10-21,21.745,0.0,55.9,0.936
2007-10-22,21.73,0.003,52.33,0.739
2007-10-23,21.438,0.0,52.11,1.115
2007-10-24,21.119,0.003,51.52,1.46
2007-10-25,21.266,0.0,56.75,0.984
2007-10-26,21.792,0.002,62.75,0.47
2007-10-27,21.893,0.002,63.9,0.521
2007-10-28,22.026,-0.0,62.48,0.235
2007-10-29,22.326,0.002,66.68,0.883
2007-10-30,23.386,0.571,62.38,1.959
2007-10-31,22.654,1.779,83.42,1.419
2007-11-01,22.408,20.02,90.69,0.259
2007-11-02,21.934,2.108,88.99,0.397
2007-11-03,20.849,0.059,70.08,1.266
2007-11-04,20.563,0.004,67.28,0.953
2007-11-05,20.86,0.0,67.34,0.729
2007-11-06,21.427,0.005,69.58,0.849
2007-11-07,21.742,0.092,68.72,0.82
2007-11-08,22.169,0.056,68.47,0.55
2007-11-09,21.515,0.192,68.86,0.804
2007-11-10,20.902,0.0,56.22,1.425
2007-11-11,20.978,0.001,57.64,0.872
2007-11-12,20.048,0.0,57.86,1.356
2007-11-13,18.855,0.0,56.71,1.799
2007-11-14,18.906,0.0,56.58,2.247
2007-11-15,19.399,0.0,64.14,2.648
2007-11-16,20.091,0.004,67.09,1.747
2007-11-17,20.758,0.009,62.71,0.897
2007-11-18,20.374,0.089,66.53,0.818
2007-11-19,20.34,0.06,64.22,0.756
2007-11-20,18.433,0.001,53.35,1.658
2007-11-21,17.289,0.0,54.77,1.307
2007-11-22,17.22,0.003,59.63,1.42
2007-11-23,17.497,0.001,62.36,1.56
2007-11-24,17.796,0.001,63.76,0.852
2007-11-25,18.368,0.0,65.63,0.337
2007-11-26,18.647,0.001,64.86,0.416
2007-11-27,18.12,0.0,64.75,0.852
2007-11-28,17.365,0.001,62.46,1.081
2007-11-29,17.37,0.0,60.72,0.499
2007-11-30,17.327,0.0,57.96,0.57
2007-12-01,17.65,0.0,54.25,1.129
2007-12-02,17.782,0.0,54.23,0.954
2007-12-03,17.396,0.0,54.8,1.521
2007-12-04,17.039,0.001,58.16,1.304
2007-12-05,16.95,0.0,61.56,1.306
2007-12-06,16.729,0.001,62.53,1.202
2007-12-07,16.864,0.0,64.91,0.47
2007-12-08,17.178,0.0,65.53,0.45
2007-12-09,17.418,0.0,63.45,0.399
2007-12-10,17.441,0.001,62.76,0.315
2007-12-11,18.621,0.001,59.56,0.215
2007-12-12,19.238,0.0,61.39,0.376
2007-12-13,19.193,0.005,63.4,0.526
2007-12-14,19.431,0.09,65.65,0.961
2007-12-15,18.53,0.176,70.84,1.347
2007-12-16,17.656,0.044,67.85,1.213
2007-12-17,15.564,0.001,50.04,1.693
2007-12-18,14.901,0.001,45.53,0.937
2007-12-19,16.064,0.0,46.94,0.824
2007-12-20,16.871,0.001,45.24,1.911
2007-12-21,16.618,0.001,39.14,2.211
2007-12-22,17.797,0.003,41.23,2.536
2007-12-23,16.659,0.0,41.86,1.973
2007-12-24,17.745,0.0,42.72,1.988
2007-12-25,18.122,0.001,52.75,2.008
2007-12-26,18.123,0.001,54.57,1.546
2007-12-27,18.224,0.0,47.59,1.818
2007-12-28,17.628,0.001,43.58,1.921
2007-12-29,16.87,0.001,35.62,1.763
2007-12-30,16.117,0.0,34.64,1.793
2007-12-31,14.766,0.0,35.71,1.691
2008-01-01,14.906,0.001,36.19,0.871
2008-01-02,16.544,0.0,43.6,1.195
2008-01-03,17.862,0.001,51.9,0.996
2008-01-04,18.338,0.003,54.88,0.869
2008-01-05,18.315,0.001,56.92,1.1
2008-01-06,17.913,0.0,50.75,1.541
2008-01-07,17.888,0.001,43.38,1.501
2008-01-08,18.366,0.002,46.03,1.291
2008-01-09,18.812,0.001,42.62,1.045
2008-01-10,19.253,0.0,48.36,1.084
2008-01-11,19.509,0.001,49.53,1.387
2008-01-12,18.444,0.001,57.06,2.061
2008-01-13,17.479,0.0,34.81,1.802
2008-01-14,17.614,0.0,35.02,1.986
2008-01-15,16.849,0.0,31.26,1.984
2008-01-16,17.249,0.001,31.58,1.486
2008-01-17,18.657,0.002,43.17,1.022
2008-01-18,20.446,0.001,42.31,0.804
2008-01-19,20.778,0.001,44.53,1.323
2008-01-20,20.817,0.0,51.14,1.174
2008-01-21,18.663,0.129,58.61,0.978
2008-01-22,19.27,0.824,65.75,0.992
2008-01-23,18.638,17.472,77.85,0.821
2008-01-24,16.443,1.411,82.8,1.411
2008-01-25,15.156,3.162,88.18,1.878
2008-01-26,15.157,1.046,77.71,1.073
2008-01-27,14.148,0.003,55.93,1.885
2008-01-28,13.78,0.003,51.47,1.487
2008-01-29,16.661,0.068,52.51,0.994
2008-01-30,15.897,0.286,63.29,1.044
2008-01-31,14.786,0.081,60.97,1.469
2008-02-01,12.631,0.0,47.68,1.307
2008-02-02,13.515,0.0,47.65,0.086
2008-02-03,16.145,0.001,58.11,1.358
2008-02-04,16.355,0.859,87.16,1.029
2008-02-05,18.039,1.081,85.97,0.671
2008-02-06,17.779,3.584,86.64,0.555
2008-02-07,17.54,7.137,91.21,0.72
2008-02-08,18.749,3.605,83.14,0.406
2008-02-09,16.101,2.178,80.88,2.067
2008-02-10,14.197,0.001,52.48,1.896
2008-02-11,15.226,0.0,53.07,1.342
2008-02-12,15.207,0.004,43.48,1.967
2008-02-13,13.969,0.001,37.88,1.883
2008-02-14,13.968,0.0,38.39,1.498
2008-02-15,15.894,0.001,34.23,1.606
2008-02-16,17.38,0.001,35.06,1.933
2008-02-17,18.299,0.002,34.59,1.793
2008-02-18,19.471,0.001,36.46,0.852
2008-02-19,19.947,0.0,33.8,1.316
2008-02-20,18.129,0.002,37.02,1.99
2008-02-21,18.176,0.0,46.18,0.798
2008-02-22,20.743,0.001,42.81,0.64
2008-02-23,22.727,0.003,36.23,0.381
2008-02-24,23.125,0.001,41.82,1.12
2008-02-25,22.533,0.0,39.42,2.097
2008-02-26,19.582,0.001,24.99,2.043
2008-02-27,19.34,0.001,26.69,1.278
2008-02-28,19.496,0.001,29.68,1.002
2008-02-29,20.331,0.003,32.44,1.185
2008-03-01,21.653,0.002,32.66,1.717
2008-03-02,22.442,0.001,30.87,1.174
2008-03-03,23.032,0.001,31.82,0.115
2008-03-04,23.017,0.0,27.2,1.215
2008-03-05,23.561,0.001,25.89,1.435
2008-03-06,24.401,0.002,28.78,1.574
2008-03-07,24.057,0.002,34.41,1.012
2008-03-08,24.839,0.001,34.33,0.57
2008-03-09,25.003,0.0,33.58,1.67
2008-03-10,24.33,0.001,32.57,1.84
2008-03-11,24.754,0.001,28.02,1.924
2008-03-12,26.211,0.001,29.22,1.601
2008-03-13,26.065,0.0,31.84,0.842
2008-03-14,25.291,1.322,42.78,0.256
2008-03-15,25.362,0.557,43.77,0.667
2008-03-16,24.766,0.123,37.57,1.432
2008-03-17,25.157,0.001,24.48,1.856
2008-03-18,26.618,0.001,27.34,0.865
2008-03-19,25.548,3.009,52.91,1.459
2008-03-20,24.717,3.97,62.34,0.931
2008-03-21,26.15,0.039,48.13,1.303
2008-03-22,26.442,0.608,49.61,1.254
2008-03-23,20.355,14.639,88.0,0.279
2008-03-24,23.039,0.036,65.3,0.464
2008-03-25,24.836,0.048,56.67,0.351
2008-03-26,24.77,1.729,62.79,0.643
2008-03-27,25.229,0.0,35.45,1.969
2008-03-28,26.504,0.001,30.83,0.91
2008-03-29,25.498,1.674,46.68,1.194
2008-03-30,26.501,0.001,32.56,1.046
2008-03-31,24.53,2.134,46.56,0.614
2008-04-01,24.644,0.628,46.23,0.499
2008-04-02,26.104,0.055,39.1,1.058
2008-04-03,25.43,1.273,47.5,0.521
2008-04-04,23.583,6.261,59.73,0.339
2008-04-05,21.933,9.487,74.47,0.325
2008-04-06,23.085,0.234,54.42,1.147
2008-04-07,23.804,0.001,44.02,1.659
2008-04-08,24.195,0.0,34.62,2.013
2008-04-09,25.54,0.0,30.37,2.324
2008-04-10,26.865,0.001,28.81,2.569
2008-04-11,28.126,0.0,29.27,2.145
2008-04-12,29.693,0.183,27.42,0.417
2008-04-13,29.727,0.032,27.26,0.77
2008-04-14,29.153,0.019,34.51,0.273
2008-04-15,29.852,0.002,35.1,0.271
2008-04-16,30.317,0.0,29.04,1.181
2008-04-17,30.548,0.0,23.15,1.912
2008-04-18,30.281,0.002,26.15,1.862
2008-04-19,30.147,0.001,18.37,2.123
2008-04-20,29.275,0.0,17.12,2.257
2008-04-21,29.588,0.0,17.47,1.905
2008-04-22,30.268,0.002,17.74,1.559
2008-04-23,30.632,0.002,19.05,0.955
2008-04-24,31.191,0.001,23.8,0.36
2008-04-25,31.17,0.001,29.44,1.328
2008-04-26,31.163,0.001,33.82,1.685
2008-04-27,31.093,0.002,32.37,1.213
2008-04-28,30.676,0.002,27.55,0.364
2008-04-29,31.218,0.002,22.84,0.887
2008-04-30,31.85,0.001,24.52,0.434
2008-05-01,32.02,0.006,23.87,0.923
2008-05-02,31.745,0.0,16.78,2.644
2008-05-03,31.551,0.002,17.91,1.389
2008-05-04,31.34,0.004,24.76,0.587
2008-05-05,31.506,0.013,26.89,1.038
2008-05-06,30.939,0.007,31.08,0.254
2008-05-07,30.831,0.04,32.81,0.384
2008-05-08,30.253,0.373,35.92,0.44
2008-05-09,30.622,0.004,28.13,0.932
2008-05-10,30.553,0.0,27.88,1.447
2008-05-11,30.807,0.012,30.4,1.105
2008-05-12,29.064,0.88,41.55,0.215
2008-05-13,29.865,0.882,36.77,0.747
2008-05-14,30.693,0.006,31.96,1.424
2008-05-15,30.594,0.001,34.59,1.927
2008-05-16,31.713,0.011,29.97,2.09
2008-05-17,32.146,0.001,27.5,2.099
2008-05-18,32.454,0.009,25.97,2.003
2008-05-19,32.03,0.01,24.95,1.792
2008-05-20,31.508,0.002,27.45,1.048
2008-05-21,30.712,0.022,33.51,0.931
2008-05-22,29.9,0.431,43.35,0.502
2008-05-23,29.23,2.314,50.73,0.601
2008-05-24,28.905,0.95,53.68,0.883
2008-05-25,28.492,1.955,57.93,0.919
2008-05-26,29.367,0.087,45.95,1.846
2008-05-27,30.183,0.026,40.04,1.651
2008-05-28,30.659,0.008,35.95,1.38
2008-05-29,31.801,0.004,32.5,1.04
2008-05-30,31.584,0.43,38.66,0.802
2008-05-31,30.314,1.649,46.48,0.715
2008-06-01,29.87,1.643,50.68,0.508
2008-06-02,29.969,1.933,53.53,0.295
2008-06-03,28.845,8.005,63.91,0.929
2008-06-04,29.027,1.412,60.61,1.621
2008-06-05,28.301,4.366,66.95,1.068
2008-06-06,27.421,6.227,72.0,1.304
2008-06-07,26.538,9.945,78.86,0.318
2008-06-08,25.606,26.52,83.68,0.509
2008-06-09,25.007,30.956,87.33,0.524
2008-06-10,23.76,33.019,93.69,0.77
2008-06-11,23.984,12.316,91.89,1.266
2008-06-12,25.202,3.316,86.61,1.692
2008-06-13,25.24,14.827,87.04,1.752
2008-06-14,25.252,8.575,85.15,1.87
2008-06-15,24.618,19.85,88.83,1.389
2008-06-16,24.006,11.894,88.96,2.084
2008-06-17,22.997,34.651,93.47,3.138
2008-06-18,21.74,30.588,95.55,3.06
2008-06-19,24.526,1.651,80.47,2.286
2008-06-20,24.365,3.867,76.22,2.445
2008-06-21,23.086,10.664,86.41,2.888
2008-06-22,23.453,22.512,92.69,1.663
2008-06-23,23.794,10.25,90.61,1.633
2008-06-24,23.913,13.153,91.0,0.838
2008-06-25,24.877,8.181,89.1,0.479
2008-06-26,25.476,9.424,86.46,0.401
2008-06-27,25.219,24.252,89.19,0.295
2008-06-28,23.769,30.082,94.54,1.072
2008-06-29,23.283,32.3,91.15,2.875
2008-06-30,22.913,100.221,96.78,2.58
2008-07-01,23.54,18.759,94.12,2.297
2008-07-02,24.194,13.634,90.49,2.274
2008-07-03,23.88,17.193,92.66,2.173
2008-07-04,24.058,4.25,90.56,2.58
2008-07-05,23.92,35.031,92.32,2.223
2008-07-06,23.338,16.881,95.38,1.603
2008-07-07,23.854,17.976,89.76,1.798
2008-07-08,24.736,22.076,86.52,1.331
2008-07-09,23.201,45.331,95.16,1.071
2008-07-10,23.797,4.212,91.57,2.227
2008-07-11,25.011,5.418,84.14,2.417
2008-07-12,24.854,11.657,85.02,2.062
2008-07-13,25.455,8.5,82.51,1.794
2008-07-14,25.121,18.212,86.28,1.88
2008-07-15,23.972,17.522,91.11,2.109
2008-07-16,24.018,10.375,93.11,1.912
2008-07-17,25.604,4.522,83.73,1.712
2008-07-18,25.678,11.211,84.16,1.51
2008-07-19,24.766,6.282,87.7,1.45
2008-07-20,25.064,8.484,86.19,1.673
2008-07-21,24.826,12.259,88.43,1.433
2008-07-22,24.759,20.193,90.93,1.498
2008-07-23,24.229,22.854,93.3,1.572
2008-07-24,24.216,13.35,92.84,1.314
2008-07-25,24.813,13.568,89.81,1.313
2008-07-26,25.075,12.143,87.74,0.54
2008-07-27,24.391,3.796,88.23,1.88
2008-07-28,24.827,4.498,84.23,3.439
2008-07-29,24.325,5.647,88.73,2.695
2008-07-30,23.935,6.453,90.96,0.758
2008-07-31,24.055,13.399,91.18,1.608
2008-08-01,24.26,5.199,90.19,1.952
2008-08-02,24.563,7.845,88.55,1.315
2008-08-03,25.316,6.614,83.83,1.604
2008-08-04,25.363,4.76,83.18,2.304
2008-08-05,25.261,6.495,85.21,1.048
2008-08-06,25.032,11.025,88.13,0.787
2008-08-07,25.048,13.706,86.3,1.449
2008-08-08,24.779,10.753,87.77,1.525
2008-08-09,25.373,10.746,85.34,2.234
2008-08-10,24.699,35.786,88.78,1.946
2008-08-11,23.389,9.575,94.24,2.357
2008-08-12,24.182,3.919,88.43,2.265
2008-08-13,25.249,8.001,84.08,1.621
2008-08-14,24.407,31.82,91.03,1.387
2008-08-15,23.506,24.96,95.09,1.453
2008-08-16,23.484,10.132,93.6,1.73
2008-08-17,24.051,10.805,91.32,1.97
2008-08-18,24.356,10.457,90.74,1.525
2008-08-19,24.433,16.639,89.3,1.519
2008-08-20,23.511,10.107,90.21,2.14
2008-08-21,23.946,6.902,86.74,1.954
2008-08-22,24.222,2.703,85.34,1.364
2008-08-23,24.29,9.346,87.5,0.447
2008-08-24,24.739,8.479,86.58,0.949
2008-08-25,25.031,4.537,85.98,1.736
2008-08-26,24.467,8.228,87.61,1.873
2008-08-27,25.224,2.082,85.11,2.164
2008-08-28,24.659,13.958,88.56,1.884
2008-08-29,24.878,3.386,87.65,1.559
2008-08-30,24.895,14.041,88.0,0.972
2008-08-31,24.532,14.886,90.19,0.469
2008-09-01,24.489,17.81,89.37,0.31
2008-09-02,25.164,3.576,86.7,0.705
2008-09-03,25.279,9.371,87.4,0.839
2008-09-04,25.164,7.801,86.35,0.957
2008-09-05,24.917,9.062,86.79,0.831
2008-09-06,25.186,5.577,84.75,0.327
2008-09-07,25.773,0.523,77.08,0.978
2008-09-08,25.657,1.774,78.74,1.062
2008-09-09,24.489,10.077,85.43,1.654
2008-09-10,24.055,9.149,87.32,2.509
2008-09-11,24.474,3.357,83.78,3.314
2008-09-12,24.455,2.505,84.89,2.882
2008-09-13,24.533,3.516,85.04,1.124
2008-09-14,24.636,16.19,86.83,0.457
2008-09-15,24.604,12.141,86.85,1.069
2008-09-16,24.652,11.556,84.98,2.682
2008-09-17,23.257,30.996,91.52,3.937
2008-09-18,22.131,38.399,98.17,3.664
2008-09-19,23.252,6.048,90.41,1.758
2008-09-20,24.697,1.199,84.36,0.926
2008-09-21,24.849,5.599,84.63,0.881
2008-09-22,23.452,12.426,89.11,1.041
2008-09-23,24.511,0.769,79.13,1.633
2008-09-24,24.892,0.229,75.2,2.129
2008-09-25,24.262,0.206,73.1,2.7
2008-09-26,24.362,0.005,69.71,2.925
2008-09-27,24.357,0.069,70.43,2.606
2008-09-28,24.089,0.449,73.97,2.264
2008-09-29,24.281,0.367,77.45,0.939
2008-09-30,24.38,0.813,78.81,0.394
2008-10-01,25.371,0.66,76.1,0.402
2008-10-02,25.033,1.155,79.72,0.246
2008-10-03,24.418,6.536,84.25,0.205
2008-10-04,23.976,9.236,86.87,0.417
2008-10-05,24.233,6.584,86.04,0.815
2008-10-06,23.668,6.018,89.15,0.408
2008-10-07,23.73,1.6,85.16,0.862
2008-10-08,24.348,0.027,73.28,1.221
2008-10-09,23.623,1.878,78.71,0.863
2008-10-10,24.124,0.025,70.64,0.769
2008-10-11,24.301,0.001,66.38,1.228
2008-10-12,24.123,0.002,62.93,1.237
2008-10-13,23.73,0.003,67.28,0.474
2008-10-14,24.048,0.01,67.39,0.572
2008-10-15,23.629,0.01,70.13,0.828
2008-10-16,23.625,0.039,69.9,0.694
2008-10-17,23.743,0.002,66.45,1.023
2008-10-18,23.078,0.014,68.65,1.279
2008-10-19,22.197,0.003,60.19,1.508
2008-10-20,21.603,0.001,57.72,1.167
2008-10-21,21.696,0.0,58.05,0.9
2008-10-22,21.792,0.0,59.96,1.026
2008-10-23,21.5,0.002,62.45,1.35
2008-10-24,22.016,0.003,61.66,1.959
2008-10-25,22.248,0.01,66.28,2.261
2008-10-26,22.007,0.098,71.39,2.482
2008-10-27,21.742,0.004,62.68,1.909
2008-10-28,21.109,0.001,58.26,0.851
2008-10-29,20.907,0.0,56.83,1.124
2008-10-30,21.151,0.002,60.26,1.743
2008-10-31,21.531,0.001,59.83,1.778
2008-11-01,21.076,0.002,55.09,2.065
2008-11-02,20.829,0.0,59.05,1.638
2008-11-03,21.09,0.0,62.0,0.524
2008-11-04,21.04,0.0,62.1,0.464
2008-11-05,20.659,0.0,56.32,1.412
2008-11-06,21.264,0.002,58.68,0.81
2008-11-07,22.297,0.006,64.42,0.789
2008-11-08,22.646,0.109,64.77,0.912
2008-11-09,22.996,0.003,62.29,0.616
2008-11-10,22.851,0.004,62.53,0.372
2008-11-11,22.961,0.003,58.82,0.431
2008-11-12,21.979,0.031,57.48,0.281
2008-11-13,21.173,0.0,60.75,0.926
2008-11-14,20.584,0.0,64.57,0.991
2008-11-15,21.132,0.001,59.63,1.355
2008-11-16,21.519,0.645,69.93,0.881
2008-11-17,22.83,0.073,71.62,0.286
2008-11-18,22.967,0.074,70.58,0.383
2008-11-19,22.871,0.049,69.15,0.825
2008-11-20,22.301,3.793,74.88,0.361
2008-11-21,21.197,0.995,78.96,1.645
2008-11-22,19.013,0.001,61.71,1.455
2008-11-23,17.84,0.002,54.7,1.272
2008-11-24,17.182,0.0,49.68,1.595
2008-11-25,17.169,0.0,51.67,1.479
2008-11-26,17.445,0.001,54.97,1.261
2008-11-27,17.964,0.002,61.39,1.343
2008-11-28,18.762,0.001,63.8,1.066
2008-11-29,19.083,0.001,62.56,0.957
2008-11-30,18.891,0.003,62.84,0.625
2008-12-01,19.413,0.001,64.71,0.533
2008-12-02,19.442,0.001,66.71,0.762
2008-12-03,18.727,0.0,66.02,1.216
2008-12-04,17.89,0.001,54.72,1.43
2008-12-05,17.815,0.003,58.47,0.967
2008-12-06,17.681,0.001,62.78,0.953
2008-12-07,18.137,0.001,63.57,0.564
2008-12-08,19.649,0.0,66.01,0.97
2008-12-09,19.547,0.001,68.98,0.51
2008-12-10,19.981,0.0,65.89,0.592
2008-12-11,19.75,0.001,62.9,1.0
2008-12-12,20.198,0.0,61.85,0.478
2008-12-13,20.432,0.0,62.1,0.687
2008-12-14,19.855,0.002,59.78,1.524
2008-12-15,18.069,0.001,55.25,1.621
2008-12-16,17.234,0.002,47.59,0.939
2008-12-17,17.065,0.0,54.85,1.054
2008-12-18,17.605,0.001,55.07,0.904
2008-12-19,18.153,0.001,58.5,0.638
2008-12-20,18.374,0.002,64.17,1.073
2008-12-21,18.754,0.003,66.95,0.954
2008-12-22,18.723,0.0,67.88,1.032
2008-12-23,18.129,0.001,70.2,0.787
2008-12-24,16.099,0.0,56.39,1.085
2008-12-25,15.517,0.001,52.06,1.452
2008-12-26,15.471,0.0,53.33,1.102
2008-12-27,15.852,0.001,50.62,1.213
2008-12-28,16.425,0.0,52.03,1.161
2008-12-29,16.675,0.0,52.91,1.192
2008-12-30,16.845,0.0,53.78,0.789
2008-12-31,16.971,0.001,53.59,1.293
2009-01-01,16.38,0.0,55.12,1.268
2009-01-02,16.205,0.0,57.86,0.834
2009-01-03,16.467,0.001,61.26,0.437
2009-01-04,17.316,0.001,57.28,1.177
2009-01-05,18.914,0.258,59.76,0.279
2009-01-06,18.216,1.859,73.67,0.231
2009-01-07,17.225,1.396,80.84,0.841
2009-01-08,17.928,1.883,76.22,0.838
2009-01-09,18.037,0.451,74.56,0.946
2009-01-10,18.297,0.144,70.58,0.451
2009-01-11,18.166,0.236,74.21,1.145
2009-01-12,17.811,0.001,70.52,1.203
2009-01-13,17.664,0.0,62.78,1.291
2009-01-14,18.074,0.001,60.56,1.447
2009-01-15,17.802,0.0,60.82,1.514
2009-01-16,17.289,0.002,49.35,1.365
2009-01-17,18.04,0.002,52.46,1.608
2009-01-18,18.649,0.001,55.78,1.734
2009-01-19,19.63,0.002,53.62,1.749
2009-01-20,18.996,0.0,56.28,2.375
2009-01-21,17.702,0.001,39.77,1.835
2009-01-22,18.603,0.001,34.58,2.023
2009-01-23,19.639,0.001,40.1,1.645
2009-01-24,20.103,0.003,38.31,1.296
2009-01-25,21.565,0.002,35.95,1.484
2009-01-26,22.739,0.003,34.73,1.696
2009-01-27,22.768,0.002,42.61,1.598
2009-01-28,21.835,0.0,47.83,1.723
2009-01-29,20.777,0.003,40.22,1.623
2009-01-30,21.127,0.001,37.93,1.607
2009-01-31,21.426,0.0,42.8,1.442
2009-02-01,19.705,0.001,37.11,1.23
2009-02-02,18.84,0.001,31.69,1.386
2009-02-03,18.736,0.001,33.65,0.929
2009-02-04,19.628,0.0,33.06,0.825
2009-02-05,21.699,0.001,39.74,0.54
2009-02-06,22.728,0.001,45.16,0.32
2009-02-07,22.001,0.0,38.79,1.293
2009-02-08,20.951,0.005,40.86,1.404
2009-02-09,20.8,0.0,38.61,1.128
2009-02-10,21.89,0.0,35.83,0.341
2009-02-11,22.467,0.341,39.62,0.941
2009-02-12,19.568,0.0,36.88,2.605
2009-02-13,19.474,0.003,35.49,1.2
2009-02-14,21.225,0.002,32.8,1.662
2009-02-15,21.89,0.001,34.11,2.023
2009-02-16,21.992,0.0,39.84,1.011
2009-02-17,22.089,0.002,37.29,1.714
2009-02-18,22.194,0.0,33.84,2.456
2009-02-19,21.651,0.0,23.27,1.86
2009-02-20,22.686,0.0,21.85,1.831
2009-02-21,23.496,0.001,23.0,2.639
2009-02-22,23.061,0.0,22.83,2.816
2009-02-23,25.439,0.001,30.0,1.445
2009-02-24,25.707,0.001,27.7,2.453
2009-02-25,24.884,0.001,26.31,2.323
2009-02-26,24.723,0.002,29.71,2.194
2009-02-27,26.088,0.016,27.63,2.384
2009-02-28,24.949,0.001,27.4,2.431
2009-03-01,23.149,0.001,22.24,2.463
2009-03-02,24.55,0.002,29.61,2.291
2009-03-03,24.609,0.0,32.32,2.459
2009-03-04,25.825,0.002,23.27,2.237
2009-03-05,27.414,0.001,20.93,2.603
2009-03-06,25.221,0.0,22.93,2.43
2009-03-07,25.912,0.002,20.87,1.499
2009-03-08,26.95,0.001,23.4,0.679
2009-03-09,27.131,0.459,32.45,0.919
2009-03-10,24.986,1.659,43.52,0.248
2009-03-11,24.999,0.286,36.88,1.832
2009-03-12,23.629,0.001,19.5,2.039
2009-03-13,23.417,0.001,21.45,0.967
2009-03-14,24.302,0.001,27.2,0.467
2009-03-15,24.948,0.05,25.45,1.957
2009-03-16,24.719,0.068,29.62,0.239
2009-03-17,26.018,0.077,26.7,0.172
2009-03-18,26.063,0.004,20.73,1.65
2009-03-19,25.537,0.213,24.01,1.451
2009-03-20,26.564,0.58,27.89,1.083
2009-03-21,26.052,0.472,33.54,1.379
2009-03-22,25.123,0.039,33.07,1.143
2009-03-23,24.802,0.557,34.94,0.937
2009-03-24,26.268,0.255,28.4,1.002
2009-03-25,25.689,1.152,35.26,0.229
2009-03-26,25.702,0.152,31.14,1.18
2009-03-27,25.79,0.0,22.96,1.639
2009-03-28,27.011,0.002,24.6,0.796
2009-03-29,28.061,0.05,29.49,0.889
2009-03-30,27.209,0.971,31.78,0.913
2009-03-31,27.404,0.023,27.6,2.518
2009-04-01,27.075,-0.0,25.17,2.25
2009-04-02,28.329,0.003,23.41,2.06
2009-04-03,28.94,0.017,26.07,2.091
2009-04-04,30.292,0.0,22.54,1.446
2009-04-05,30.15,0.001,20.54,2.443
2009-04-06,29.637,0.026,21.03,2.768
2009-04-07,28.762,0.536,26.51,0.726
2009-04-08,26.169,2.757,42.66,1.081
2009-04-09,26.538,1.097,48.21,0.522
2009-04-10,27.356,0.001,31.86,2.318
2009-04-11,26.989,0.001,21.66,2.05
2009-04-12,27.707,0.0,20.52,1.351
2009-04-13,28.893,0.0,22.13,1.666
2009-04-14,29.494,0.001,21.45,0.689
2009-04-15,30.39,0.0,23.96,0.566
2009-04-16,30.888,0.001,30.99,1.002
2009-04-17,31.344,0.001,24.33,2.17
2009-04-18,31.436,0.001,13.96,3.085
2009-04-19,31.31,0.001,12.42,2.94
2009-04-20,32.42,0.0,14.36,2.935
2009-04-21,33.254,0.003,14.53,2.087
2009-04-22,33.088,0.0,13.1,2.998
2009-04-23,30.926,0.0,8.48,3.487
2009-04-24,30.043,0.001,9.36,3.226
2009-04-25,30.62,0.003,13.0,1.423
2009-04-26,30.885,0.003,14.28,1.738
2009-04-27,30.973,0.003,10.98,2.606
2009-04-28,32.743,0.003,13.46,2.044
2009-04-29,34.147,0.001,15.12,2.394
2009-04-30,33.871,0.002,14.03,2.29
2009-05-01,34.191,0.0,13.18,1.821
2009-05-02,34.258,0.035,18.21,0.695
2009-05-03,32.848,0.21,28.62,0.78
2009-05-04,30.441,1.615,39.47,0.626
2009-05-05,31.776,0.021,26.28,0.85
2009-05-06,32.684,0.0,19.86,1.952
2009-05-07,31.65,0.002,16.24,2.926
2009-05-08,31.674,0.0,18.41,1.931
2009-05-09,32.479,0.0,16.55,1.721
2009-05-10,33.141,0.003,16.98,0.738
2009-05-11,32.373,0.027,27.59,1.743
2009-05-12,29.36,3.09,53.31,0.77
2009-05-13,30.291,0.004,37.82,1.309
2009-05-14,31.141,0.001,34.69,0.347
2009-05-15,31.678,0.165,40.45,0.507
2009-05-16,29.56,2.515,56.06,1.031
2009-05-17,30.944,0.089,44.56,0.632
2009-05-18,31.621,0.055,40.12,0.558
2009-05-19,32.435,0.036,40.56,0.84
2009-05-20,29.302,6.211,64.89,1.157
2009-05-21,29.534,0.24,59.43,1.511
2009-05-22,29.793,0.302,53.26,1.416
2009-05-23,29.239,2.715,58.43,1.169
2009-05-24,29.06,0.072,57.02,2.609
2009-05-25,25.899,2.515,71.69,3.007
2009-05-26,30.013,0.103,43.68,1.293
2009-05-27,31.207,0.002,33.33,1.502
2009-05-28,31.99,0.082,39.85,0.424
2009-05-29,29.268,3.293,57.89,0.444
2009-05-30,28.724,2.948,58.96,0.379
2009-05-31,29.098,0.687,53.85,0.511
2009-06-01,29.137,1.314,53.51,1.998
2009-06-02,30.446,0.147,44.41,2.252
2009-06-03,31.06,0.078,47.23,2.329
2009-06-04,31.926,0.002,41.5,2.1
2009-06-05,31.087,0.356,48.65,0.889
2009-06-06,29.375,3.334,61.31,0.883
2009-06-07,31.195,0.035,40.37,1.827
2009-06-08,31.699,0.002,25.46,2.013
2009-06-09,32.463,0.0,28.48,0.364
2009-06-10,31.473,0.287,43.77,0.682
2009-06-11,31.298,1.031,44.0,0.694
2009-06-12,31.714,1.459,39.79,1.624
2009-06-13,30.304,2.041,50.42,1.049
2009-06-14,31.116,0.597,46.67,1.126
2009-06-15,31.23,1.313,45.64,0.788
2009-06-16,31.934,0.069,36.16,1.837
2009-06-17,31.935,0.002,32.31,1.978
2009-06-18,32.511,0.002,29.98,1.694
2009-06-19,33.222,0.001,28.89,1.19
2009-06-20,33.86,0.003,28.87,0.86
2009-06-21,34.162,0.002,26.48,1.575
2009-06-22,34.169,0.0,22.88,2.16
2009-06-23,34.347,0.0,21.5,1.899
2009-06-24,34.095,0.001,30.1,1.138
2009-06-25,33.103,0.191,39.65,0.756
2009-06-26,29.45,13.598,64.4,0.74
2009-06-27,27.595,15.188,79.09,1.118
2009-06-28,26.757,21.281,83.78,1.628
2009-06-29,25.546,15.084,87.05,1.744
2009-06-30,25.979,5.076,85.97,2.185
2009-07-01,25.708,17.626,88.56,2.131
2009-07-02,24.832,9.142,91.82,1.727
2009-07-03,24.914,25.719,90.0,0.981
2009-07-04,24.955,29.917,89.41,0.458
2009-07-05,25.084,21.772,88.33,0.492
2009-07-06,24.93,30.299,90.31,0.856
2009-07-07,24.198,24.234,93.38,0.98
2009-07-08,24.239,8.331,91.81,1.863
2009-07-09,24.159,11.366,91.39,1.503
2009-07-10,23.836,32.634,92.87,1.985
2009-07-11,23.506,33.874,95.48,1.928
2009-07-12,24.371,28.461,91.36,2.121
2009-07-13,25.858,6.637,83.29,1.927
2009-07-14,26.135,3.878,79.9,2.307
2009-07-15,24.965,35.877,88.09,2.052
2009-07-16,23.672,4.154,93.6,1.962
2009-07-17,24.852,17.457,88.07,1.264
2009-07-18,25.128,10.876,86.95,1.653
2009-07-19,25.06,8.104,87.57,2.212
2009-07-20,25.522,8.983,83.96,1.883
2009-07-21,23.505,14.144,93.59,3.761
2009-07-22,23.196,6.12,92.41,2.636
2009-07-23,24.613,1.577,82.96,2.642
2009-07-24,26.475,0.509,74.33,2.512
2009-07-25,26.155,7.332,80.76,2.115
2009-07-26,25.791,4.538,82.24,2.382
2009-07-27,23.937,9.684,91.82,2.28
2009-07-28,24.528,11.276,88.13,2.494
2009-07-29,25.391,2.136,83.13,2.451
2009-07-30,26.609,0.646,74.12,2.526
2009-07-31,26.997,0.437,72.19,2.495
2009-08-01,26.027,2.452,80.51,1.897
2009-08-02,26.549,3.755,79.36,1.66
2009-08-03,25.929,14.766,87.17,1.389
2009-08-04,26.911,1.468,76.16,2.156
2009-08-05,26.863,0.023,70.62,2.385
2009-08-06,26.29,0.714,75.4,1.69
2009-08-07,26.28,3.717,79.87,1.415
2009-08-08,26.035,4.217,82.28,1.341
2009-08-09,24.749,29.787,88.61,1.324
2009-08-10,24.935,24.179,90.04,0.522
2009-08-11,25.363,4.368,89.05,0.697
2009-08-12,26.031,3.175,87.06,1.63
2009-08-13,25.71,10.759,88.01,1.193
2009-08-14,24.133,26.013,94.22,0.49
2009-08-15,23.71,14.219,93.3,1.363
2009-08-16,24.753,3.783,86.46,1.586
2009-08-17,25.461,8.607,85.01,1.351
2009-08-18,25.227,13.147,87.18,1.134
2009-08-19,25.0,31.216,89.03,1.473
2009-08-20,23.352,29.188,95.01,1.968
2009-08-21,23.799,6.376,90.33,2.069
2009-08-22,24.191,14.162,88.86,1.54
2009-08-23,25.229,10.536,85.9,0.731
2009-08-24,24.264,15.212,89.04,1.032
2009-08-25,24.036,9.849,87.43,1.854
2009-08-26,24.273,12.622,86.17,1.983
2009-08-27,23.535,12.468,92.03,1.234
2009-08-28,23.142,9.635,95.32,1.904
2009-08-29,24.872,3.656,86.94,1.395
2009-08-30,25.29,7.62,86.39,0.41
2009-08-31,25.102,12.419,87.63,0.701
2009-09-01,25.268,8.066,85.49,0.645
2009-09-02,25.134,7.912,85.78,1.134
2009-09-03,25.498,6.055,84.31,0.563
2009-09-04,25.469,8.178,83.82,0.723
2009-09-05,24.391,27.783,87.86,2.083
2009-09-06,23.339,44.81,91.79,3.723
2009-09-07,22.368,23.185,96.27,2.275
2009-09-08,23.543,10.091,91.85,1.799
2009-09-09,24.094,5.358,89.4,2.558
2009-09-10,24.376,1.599,83.79,2.481
2009-09-11,25.46,0.829,78.28,1.248
2009-09-12,26.127,0.587,77.69,1.146
2009-09-13,26.137,0.225,74.9,1.172
2009-09-14,25.623,0.477,76.93,1.469
2009-09-15,25.101,0.897,78.8,1.685
2009-09-16,25.511,0.07,69.97,1.922
2009-09-17,25.714,0.087,72.17,1.372
2009-09-18,26.18,0.064,70.7,0.478
2009-09-19,25.882,0.979,75.29,0.27
2009-09-20,25.886,0.411,76.63,0.611
2009-09-21,25.699,1.865,81.51,0.694
2009-09-22,25.392,2.99,83.93,0.773
2009-09-23,25.504,4.577,83.29,0.755
2009-09-24,25.708,2.818,79.45,1.124
2009-09-25,25.469,1.647,79.92,0.845
2009-09-26,24.256,7.667,85.71,1.183
2009-09-27,25.893,5.333,79.3,1.076
2009-09-28,25.141,6.197,83.95,1.872
2009-09-29,25.522,2.001,80.15,2.783
2009-09-30,25.49,1.439,77.88,4.015
2009-10-01,24.409,24.402,84.29,4.772
2009-10-02,22.816,35.998,95.45,3.453
2009-10-03,24.32,3.776,84.17,2.259
2009-10-04,23.961,11.945,88.23,1.62
2009-10-05,23.512,10.618,91.57,1.438
2009-10-06,23.342,12.077,93.13,1.457
2009-10-07,23.001,11.778,94.33,1.496
2009-10-08,23.128,0.008,70.74,2.376
2009-10-09,23.582,0.0,68.88,2.042
2009-10-10,23.218,0.001,63.15,1.563
2009-10-11,23.159,0.0,64.21,0.886
2009-10-12,23.216,0.005,66.93,0.959
2009-10-13,23.333,0.003,67.2,0.848
2009-10-14,22.963,0.001,66.62,1.121
2009-10-15,22.465,0.001,68.73,0.88
2009-10-16,22.365,0.002,71.17,0.836
2009-10-17,22.019,0.0,67.31,1.597
2009-10-18,22.704,0.0,59.48,1.554
2009-10-19,21.931,0.0,57.08,1.863
2009-10-20,22.078,0.0,56.16,1.705
2009-10-21,21.672,0.0,54.05,2.018
2009-10-22,20.354,0.003,50.42,2.383
2009-10-23,20.025,0.001,52.42,2.199
2009-10-24,19.804,0.001,52.56,1.812
2009-10-25,19.579,0.0,52.98,1.657
2009-10-26,19.466,0.002,49.89,1.615
2009-10-27,19.524,0.001,50.65,1.77
2009-10-28,19.95,0.001,52.4,1.324
2009-10-29,20.542,0.001,54.0,1.055
2009-10-30,21.081,0.003,53.63,1.342
2009-10-31,21.273,0.0,50.27,1.823
2009-11-01,20.881,0.0,51.6,1.001
2009-11-02,20.725,0.002,56.42,1.12
2009-11-03,21.667,0.001,62.14,1.255
2009-11-04,21.908,0.985,70.71,1.059
2009-11-05,21.901,0.798,69.81,1.197
2009-11-06,22.429,0.25,67.52,1.217
2009-11-07,22.567,0.13,66.91,0.824
2009-11-08,23.379,0.158,65.17,0.593
2009-11-09,22.608,1.883,76.41,0.273
2009-11-10,21.891,0.34,71.23,1.099
2009-11-11,22.514,0.189,72.48,1.16
2009-11-12,23.05,2.252,76.29,1.869
2009-11-13,23.26,1.069,82.02,0.502
2009-11-14,23.651,0.728,80.35,1.205
2009-11-15,23.543,0.431,77.85,1.529
2009-11-16,21.937,3.538,82.03,1.112
2009-11-17,17.968,22.785,92.27,1.005
2009-11-18,19.487,0.122,80.24,1.224
2009-11-19,18.218,0.001,67.26,1.965
2009-11-20,15.755,0.001,58.67,1.444
2009-11-21,15.337,0.0,61.6,1.075
2009-11-22,15.535,0.001,62.85,0.953
2009-11-23,15.605,0.001,62.34,1.416
2009-11-24,15.774,0.0,57.36,1.586
2009-11-25,16.173,0.0,57.84,1.68
2009-11-26,16.089,0.002,57.81,1.474
2009-11-27,16.352,0.001,56.69,1.285
2009-11-28,16.04,0.0,59.61,1.21
2009-11-29,16.1,0.002,61.87,0.851
2009-11-30,16.626,0.001,65.19,0.571
2009-12-01,17.169,0.001,66.21,0.478
2009-12-02,17.392,0.0,66.05,0.591
2009-12-03,17.426,0.0,62.29,0.713
2009-12-04,17.095,0.001,58.84,0.976
2009-12-05,17.508,0.002,58.28,0.554
2009-12-06,17.228,0.0,59.59,1.187
2009-12-07,18.122,0.001,55.47,1.568
2009-12-08,19.036,0.005,63.06,1.003
2009-12-09,19.231,0.0,64.32,1.377
2009-12-10,18.742,0.002,65.2,1.626
2009-12-11,18.412,0.003,68.65,1.126
2009-12-12,19.121,0.001,60.12,0.848
2009-12-13,18.966,0.003,62.55,0.431
2009-12-14,19.431,0.001,59.13,0.431
2009-12-15,19.718,0.0,60.33,0.739
2009-12-16,20.052,0.001,62.03,0.63
2009-12-17,19.773,2.311,68.73,0.747
2009-12-18,18.762,2.65,76.5,0.649
2009-12-19,18.266,0.046,69.36,1.26
2009-12-20,17.783,0.0,67.82,1.0
2009-12-21,16.437,0.001,61.19,1.493
2009-12-22,14.828,0.001,52.52,1.676
2009-12-23,15.178,0.001,46.48,1.938
2009-12-24,15.312,0.0,49.59,1.939
2009-12-25,15.162,0.002,57.08,1.562
2009-12-26,15.228,0.001,57.05,1.465
2009-12-27,15.173,0.0,54.96,1.545
2009-12-28,15.605,0.001,54.54,1.647
2009-12-29,16.43,0.002,54.73,1.657
2009-12-30,16.398,2.071,64.81,0.428
2009-12-31,15.341,0.018,66.28,2.068
2010-01-01,13.626,0.0,51.23,1.636
2010-01-02,13.276,0.001,53.93,1.528
2010-01-03,13.998,0.001,53.82,1.442
2010-01-04,15.798,0.0,58.07,2.265
2010-01-05,14.197,0.0,59.6,1.701
2010-01-06,13.572,0.0,61.26,1.039
2010-01-07,14.28,0.001,62.11,0.669
2010-01-08,15.139,0.0,57.98,0.879
2010-01-09,16.814,0.0,60.15,1.251
2010-01-10,17.588,0.001,58.51,1.388
2010-01-11,16.998,0.0,55.29,1.972
2010-01-12,19.219,2.088,56.22,1.368
2010-01-13,17.917,0.521,77.75,0.654
2010-01-14,17.772,0.335,74.57,1.65
2010-01-15,16.393,0.002,70.11,0.814
2010-01-16,15.578,0.003,65.36,1.029
2010-01-17,15.146,0.001,60.68,1.057
2010-01-18,14.954,0.0,57.22,1.248
2010-01-19,14.6,0.001,58.43,1.604
2010-01-20,14.96,0.001,53.71,1.077
2010-01-21,15.218,0.0,47.68,1.229
2010-01-22,15.523,0.001,47.88,0.852
2010-01-23,16.155,0.001,48.86,0.662
2010-01-24,17.459,0.001,45.83,0.344
2010-01-25,17.464,0.0,48.36,0.536
2010-01-26,17.294,0.001,47.9,1.454
2010-01-27,16.69,0.001,41.74,0.975
2010-01-28,16.68,0.001,47.49,0.77
2010-01-29,17.249,0.001,43.35,1.459
2010-01-30,17.288,0.003,41.17,2.027
2010-01-31,17.724,0.003,45.33,1.453
2010-02-01,19.072,0.002,40.21,0.889
2010-02-02,20.069,0.005,43.47,1.469
2010-02-03,19.082,0.027,46.7,1.567
2010-02-04,18.682,0.081,47.11,1.118
2010-02-05,18.38,0.002,32.92,2.194
2010-02-06,18.835,0.002,35.94,1.692
2010-02-07,20.095,0.002,36.28,2.055
2010-02-08,21.183,0.0,36.12,0.923
2010-02-09,21.922,0.001,39.21,0.479
2010-02-10,20.961,0.051,54.66,1.034
2010-02-11,21.693,0.013,51.28,0.75
2010-02-12,21.857,0.018,50.46,0.653
2010-02-13,22.31,0.001,51.24,0.725
2010-02-14,21.895,0.204,59.92,0.976
2010-02-15,22.61,5.084,58.74,0.197
2010-02-16,21.893,4.396,68.75,1.271
2010-02-17,20.799,0.156,58.79,2.159
2010-02-18,19.309,0.001,42.63,1.905
2010-02-19,19.328,0.0,39.86,1.485
2010-02-20,19.773,0.001,35.3,1.708
2010-02-21,20.214,0.0,35.23,1.501
2010-02-22,21.064,0.0,36.4,1.106
2010-02-23,23.306,0.097,35.99,1.034
2010-02-24,23.132,0.059,41.37,1.589
2010-02-25,22.498,0.002,41.12,1.386
2010-02-26,22.909,0.003,36.17,1.534
2010-02-27,23.23,0.0,30.3,2.303
2010-02-28,24.123,0.001,30.33,1.956
2010-03-01,24.684,0.002,28.06,1.583
2010-03-02,25.34,0.0,24.4,1.827
2010-03-03,25.931,0.002,27.81,1.992
2010-03-04,26.631,0.0,31.91,1.513
2010-03-05,26.7,0.0,30.32,1.665
2010-03-06,26.083,0.002,35.37,1.871
2010-03-07,26.372,0.001,34.5,1.379
2010-03-08,26.278,0.001,34.55,1.462
2010-03-09,25.592,0.0,33.69,1.265
2010-03-10,25.618,0.0,30.78,1.283
2010-03-11,25.679,0.002,32.05,1.251
2010-03-12,26.339,0.07,34.67,1.492
2010-03-13,26.201,0.039,32.62,1.85
2010-03-14,26.135,0.003,22.23,1.808
2010-03-15,27.48,0.001,19.96,0.811
2010-03-16,27.648,0.001,26.47,0.836
2010-03-17,26.811,0.064,33.69,0.584
2010-03-18,26.734,0.008,27.81,1.102
2010-03-19,26.952,0.0,23.24,1.739
2010-03-20,27.65,0.001,23.33,1.567
2010-03-21,28.881,0.0,22.79,2.159
2010-03-22,29.366,0.0,19.67,1.951
2010-03-23,30.098,0.001,19.53,1.599
2010-03-24,30.041,0.0,19.8,1.214
2010-03-25,31.304,0.0,20.33,0.652
2010-03-26,30.181,0.015,27.25,0.887
2010-03-27,30.533,0.014,24.61,1.883
2010-03-28,29.966,0.0,20.78,2.087
2010-03-29,30.087,0.0,19.84,1.429
2010-03-30,30.983,0.001,18.48,2.407
2010-03-31,30.129,0.001,19.56,2.596
2010-04-01,29.76,0.003,21.77,2.195
2010-04-02,30.014,0.002,21.32,1.121
2010-04-03,30.773,0.001,21.18,0.782
2010-04-04,30.709,0.0,22.29,1.084
2010-04-05,30.601,0.0,19.52,1.722
2010-04-06,30.332,0.001,17.5,1.94
2010-04-07,30.664,0.002,16.72,1.46
2010-04-08,30.703,0.005,14.09,1.539
2010-04-09,31.253,0.0,15.48,2.277
2010-04-10,32.091,0.002,17.04,1.936
2010-04-11,32.105,-0.0,15.01,1.758
2010-04-12,32.236,0.003,17.19,0.708
2010-04-13,32.415,0.0,17.5,1.142
2010-04-14,32.436,0.003,18.02,1.158
2010-04-15,32.405,0.001,15.92,1.104
2010-04-16,32.181,0.001,21.09,0.739
2010-04-17,33.204,0.001,17.23,1.643
2010-04-18,34.023,0.0,17.92,2.491
2010-04-19,34.183,0.001,17.35,3.235
2010-04-20,33.731,0.0,17.06,3.226
2010-04-21,33.725,0.002,15.98,2.534
2010-04-22,33.248,0.002,16.87,1.791
2010-04-23,33.466,0.079,17.93,0.687
2010-04-24,32.822,0.004,14.92,1.725
2010-04-25,32.879,0.003,14.15,1.189
2010-04-26,32.549,0.002,18.82,0.708
2010-04-27,32.797,0.001,20.49,0.429
2010-04-28,32.253,0.421,27.46,0.855
2010-04-29,31.593,0.898,32.98,1.362
2010-04-30,31.791,0.459,33.42,2.026
2010-05-01,32.157,0.042,31.92,1.458
2010-05-02,30.02,0.046,36.89,0.933
2010-05-03,31.146,0.058,31.47,1.542
2010-05-04,28.823,2.987,45.01,1.665
2010-05-05,29.4,0.898,42.99,1.083
2010-05-06,28.414,0.95,55.39,0.796
2010-05-07,28.592,1.852,56.28,0.466
2010-05-08,30.479,0.048,41.06,1.49
2010-05-09,31.434,0.0,33.62,1.579
2010-05-10,32.427,0.0,28.43,1.358
2010-05-11,33.202,0.002,24.93,0.761
2010-05-12,33.221,0.0,21.81,0.932
2010-05-13,33.372,0.002,23.84,0.631
2010-05-14,32.533,1.133,34.41,1.564
2010-05-15,32.925,0.024,26.16,1.231
2010-05-16,33.342,0.001,26.4,0.745
2010-05-17,33.824,0.001,31.34,0.928
2010-05-18,31.205,1.259,51.46,1.832
2010-05-19,30.45,1.025,54.03,2.38
2010-05-20,29.573,1.694,59.4,2.191
2010-05-21,27.831,0.29,66.92,2.608
2010-05-22,27.697,0.482,68.24,2.042
2010-05-23,28.62,0.265,61.85,1.271
2010-05-24,30.898,0.724,52.77,1.716
2010-05-25,32.954,0.003,32.76,1.37
2010-05-26,33.862,0.03,27.46,1.846
2010-05-27,33.98,0.04,29.36,1.471
2010-05-28,33.528,0.02,35.53,0.751
2010-05-29,33.17,0.007,38.44,0.349
2010-05-30,32.608,0.067,39.96,0.348
2010-05-31,32.51,0.023,30.66,1.617
2010-06-01,33.664,0.001,26.07,1.099
2010-06-02,34.452,0.001,24.13,1.567
2010-06-03,34.753,0.005,24.75,2.526
2010-06-04,32.269,1.546,42.06,2.418
2010-06-05,33.297,0.003,34.84,2.736
2010-06-06,33.248,0.019,32.96,2.558
2010-06-07,33.483,0.005,32.94,1.15
2010-06-08,33.265,0.006,38.69,0.76
2010-06-09,31.412,1.429,48.76,0.625
2010-06-10,31.012,0.676,52.16,0.799
2010-06-11,30.891,0.279,53.19,1.425
2010-06-12,29.797,1.319,60.65,1.952
2010-06-13,29.647,0.366,60.1,2.011
2010-06-14,29.529,2.581,64.46,1.281
2010-06-15,30.725,0.154,54.23,2.309
2010-06-16,29.323,2.152,61.88,2.854
2010-06-17,26.795,5.911,75.83,2.231
2010-06-18,26.443,14.196,80.97,1.229
2010-06-19,27.125,1.636,77.96,1.384
2010-06-20,26.127,6.428,85.23,2.01
2010-06-21,27.906,1.573,73.93,1.957
2010-06-22,30.666,0.286,59.18,1.642
2010-06-23,31.166,0.044,53.3,0.796
2010-06-24,28.485,10.158,71.57,0.639
2010-06-25,26.762,15.993,81.66,0.728
2010-06-26,25.06,37.751,92.55,1.093
2010-06-27,25.605,11.843,89.69,2.023
2010-06-28,27.867,5.779,77.06,1.856
2010-06-29,28.03,6.889,77.62,1.613
2010-06-30,26.473,19.32,84.89,1.19
2010-07-01,25.631,16.582,87.77,0.312
2010-07-02,25.966,7.833,82.9,1.675
2010-07-03,24.78,10.394,88.6,2.047
2010-07-04,24.937,6.671,88.7,2.057
2010-07-05,25.376,5.372,84.79,1.759
2010-07-06,25.395,6.666,84.81,1.451
2010-07-07,24.576,4.514,88.11,2.381
2010-07-08,25.391,2.306,82.68,2.122
2010-07-09,25.825,1.795,84.88,2.38
2010-07-10,25.984,11.044,85.86,2.124
2010-07-11,24.701,16.719,92.97,2.29
2010-07-12,23.814,36.028,94.45,1.733
2010-07-13,24.225,17.638,91.01,1.681
2010-07-14,24.22,10.926,91.97,0.692
2010-07-15,25.074,3.722,88.85,1.623
2010-07-16,25.479,6.161,87.48,1.835
2010-07-17,26.415,1.495,81.47,2.112
2010-07-18,26.284,6.417,85.61,1.267
2010-07-19,26.263,4.821,85.69,1.214
2010-07-20,26.286,2.018,84.27,1.592
2010-07-21,26.483,2.244,79.94,1.964
2010-07-22,26.154,2.871,82.42,1.313
2010-07-23,25.895,22.879,87.05,1.019
2010-07-24,25.322,24.331,87.99,1.528
2010-07-25,24.577,19.475,89.79,2.527
2010-07-26,23.203,6.907,93.45,2.118
2010-07-27,23.814,5.186,90.68,0.863
2010-07-28,25.541,3.894,83.72,1.492
2010-07-29,26.088,2.438,80.8,1.831
2010-07-30,25.182,6.928,86.56,1.766
2010-07-31,24.124,12.35,90.78,1.254
2010-08-01,23.832,15.087,91.72,1.453
2010-08-02,23.331,19.377,94.53,1.214
2010-08-03,24.088,5.739,91.21,1.13
2010-08-04,25.311,6.302,84.2,1.211
2010-08-05,25.226,7.571,83.76,2.834
2010-08-06,24.584,6.966,87.19,3.726
2010-08-07,24.041,2.228,85.11,2.171
2010-08-08,25.124,0.667,79.2,1.769
2010-08-09,26.263,0.553,76.83,1.192
2010-08-10,26.486,9.047,82.29,0.446
2010-08-11,26.133,16.757,85.41,0.258
2010-08-12,25.493,12.407,85.81,1.067
2010-08-13,25.744,3.614,83.63,1.328
2010-08-14,25.332,11.785,87.73,1.178
2010-08-15,24.766,7.042,90.44,1.263
2010-08-16,25.645,3.773,85.38,1.8
2010-08-17,25.64,5.845,85.46,1.772
2010-08-18,25.53,6.759,86.85,1.209
2010-08-19,25.254,11.518,89.71,0.77
2010-08-20,24.335,12.965,92.98,1.468
2010-08-21,25.227,3.002,84.77,1.941
2010-08-22,25.044,5.42,89.79,1.391
2010-08-23,24.728,26.959,90.62,0.734
2010-08-24,24.593,12.035,90.71,0.904
2010-08-25,25.446,3.722,84.48,1.564
2010-08-26,25.503,1.359,83.55,1.7
2010-08-27,25.319,5.389,85.84,1.245
2010-08-28,25.008,9.918,88.32,0.826
2010-08-29,25.014,18.079,88.51,0.495
2010-08-30,24.891,6.554,87.7,1.535
2010-08-31,23.945,14.883,91.9,1.106
2010-09-01,24.879,12.992,88.6,0.669
2010-09-02,24.824,12.704,89.33,0.948
2010-09-03,25.394,6.489,85.94,1.451
2010-09-04,25.449,2.808,84.79,1.468
2010-09-05,26.033,6.16,81.72,0.831
2010-09-06,25.784,6.508,83.94,1.214
2010-09-07,25.028,10.484,86.84,2.628
2010-09-08,24.435,8.801,89.5,2.445
2010-09-09,24.665,6.0,87.62,1.679
2010-09-10,25.025,7.411,86.82,1.458
2010-09-11,25.891,3.036,80.87,0.715
2010-09-12,24.666,20.472,88.44,0.385
2010-09-13,24.062,28.085,91.72,0.455
2010-09-14,24.052,21.622,90.04,0.395
2010-09-15,23.707,17.382,90.47,1.009
2010-09-16,23.191,17.568,93.79,1.118
2010-09-17,23.462,13.391,90.23,1.444
2010-09-18,22.994,17.404,92.71,2.898
2010-09-19,23.021,25.716,92.27,2.908
2010-09-20,23.896,6.339,88.2,1.583
2010-09-21,24.52,1.188,86.87,1.242
2010-09-22,25.286,0.069,71.39,1.322
2010-09-23,24.841,0.123,71.67,0.843
2010-09-24,25.303,0.013,69.09,0.869
2010-09-25,25.448,0.02,68.88,0.676
2010-09-26,25.419,0.043,71.19,0.674
2010-09-27,25.321,0.056,72.67,1.044
2010-09-28,24.252,0.002,64.57,1.593
2010-09-29,24.425,0.0,63.49,1.62
2010-09-30,24.554,0.123,69.6,0.904
2010-10-01,25.02,0.166,71.99,1.031
2010-10-02,24.744,3.069,81.27,0.685
2010-10-03,24.613,4.215,81.93,0.557
2010-10-04,24.267,6.446,84.15,0.723
2010-10-05,24.225,3.869,83.31,1.019
2010-10-06,24.729,0.693,79.1,2.069
2010-10-07,23.371,3.191,86.4,2.488
2010-10-08,23.892,0.691,81.13,1.459
2010-10-09,24.309,0.485,77.91,0.84
2010-10-10,24.919,0.003,64.91,0.832
2010-10-11,23.988,0.0,59.48,1.482
2010-10-12,22.916,0.0,62.63,2.068
2010-10-13,23.043,0.002,63.87,2.567
2010-10-14,23.771,2.816,68.54,2.214
2010-10-15,23.788,5.275,83.19,3.397
2010-10-16,24.026,1.47,79.28,3.334
2010-10-17,23.528,1.976,84.14,2.766
2010-10-18,23.906,0.975,82.25,1.237
2010-10-19,24.938,0.281,75.09,0.121
2010-10-20,25.192,0.563,76.24,0.483
2010-10-21,23.593,12.536,86.95,0.306
2010-10-22,23.363,7.847,87.18,0.269
2010-10-23,23.425,0.204,74.13,1.37
2010-10-24,23.11,0.0,68.91,0.755
2010-10-25,22.529,0.001,63.31,1.034
2010-10-26,20.859,0.0,60.21,1.165
2010-10-27,20.175,0.001,61.65,1.499
2010-10-28,19.783,0.0,58.19,1.851
2010-10-29,20.238,0.001,57.1,1.11
2010-10-30,21.813,0.096,62.96,0.783
2010-10-31,20.839,2.82,77.96,1.449
2010-11-01,18.112,19.835,91.88,1.142
2010-11-02,19.204,2.03,89.54,0.663
2010-11-03,20.844,0.781,82.86,0.932
2010-11-04,21.257,0.005,71.77,1.029
2010-11-05,20.836,0.002,68.83,0.975
2010-11-06,20.425,0.002,70.37,1.371
2010-11-07,21.918,0.002,69.38,2.006
2010-11-08,22.517,2.394,82.55,1.649
2010-11-09,21.663,7.062,89.55,0.383
2010-11-10,22.536,5.053,86.01,0.722
2010-11-11,22.183,0.905,82.36,0.728
2010-11-12,22.068,0.173,74.84,0.623
2010-11-13,21.668,0.051,70.96,0.818
2010-11-14,22.123,0.002,69.13,0.534
2010-11-15,23.009,0.001,68.29,0.282
2010-11-16,23.064,0.024,69.16,0.237
2010-11-17,23.038,0.121,70.45,0.607
2010-11-18,22.887,0.22,71.16,0.467
2010-11-19,22.472,0.486,75.95,0.59
2010-11-20,20.967,0.586,76.5,1.615
2010-11-21,18.275,0.001,59.01,1.527
2010-11-22,18.543,0.0,56.61,0.703
2010-11-23,19.007,0.0,61.01,0.45
2010-11-24,20.476,0.001,63.18,0.36
2010-11-25,21.957,0.002,65.82,0.583
2010-11-26,22.508,0.05,71.39,1.226
2010-11-27,22.349,0.32,73.42,0.264
2010-11-28,21.946,0.313,74.59,0.378
2010-11-29,20.764,0.228,76.05,1.507
2010-11-30,19.517,0.001,65.68,1.656
2010-12-01,19.127,0.002,63.65,0.788
2010-12-02,19.548,0.001,63.67,1.158
2010-12-03,18.275,0.098,67.2,1.458
2010-12-04,16.87,0.001,53.2,1.413
2010-12-05,17.895,0.003,49.57,1.301
2010-12-06,15.914,13.958,77.98,1.665
2010-12-07,18.794,3.23,85.48,1.357
2010-12-08,17.84,22.98,91.85,1.645
2010-12-09,18.416,11.378,95.41,0.912
2010-12-10,19.212,1.349,84.1,1.305
2010-12-11,18.455,0.002,70.23,1.576
2010-12-12,16.406,0.088,72.45,1.552
2010-12-13,15.575,0.0,69.63,0.927
2010-12-14,14.548,0.0,63.23,1.794
2010-12-15,13.382,0.002,63.37,1.539
2010-12-16,13.091,0.0,65.0,1.243
2010-12-17,13.524,0.0,65.43,1.373
2010-12-18,13.672,0.0,65.56,1.09
2010-12-19,13.692,0.0,60.54,1.601
2010-12-20,12.964,0.0,55.12,1.829
2010-12-21,12.911,0.0,53.3,1.832
2010-12-22,15.186,0.001,49.68,0.772
2010-12-23,15.871,0.001,58.91,0.568
2010-12-24,16.581,0.001,61.55,1.023
2010-12-25,16.087,0.0,64.17,0.927
2010-12-26,15.72,0.001,67.04,0.681
2010-12-27,15.167,0.0,61.93,1.157
2010-12-28,14.598,0.001,53.55,1.031
2010-12-29,16.199,0.204,52.75,0.699
2010-12-30,18.172,0.011,55.35,0.139
2010-12-31,18.938,0.054,60.86,0.646
2011-01-01,13.574,1.399,76.35,2.327
2011-01-02,12.441,0.001,53.83,1.512
2011-01-03,11.944,0.001,55.73,1.237
2011-01-04,11.554,0.001,54.35,1.241
2011-01-05,11.695,0.0,55.03,1.081
2011-01-06,12.374,0.001,56.8,1.179
2011-01-07,13.74,0.002,52.16,0.803
2011-01-08,14.6,0.0,51.28,0.418
2011-01-09,14.164,0.001,55.14,1.095
2011-01-10,12.804,0.002,47.97,2.177
2011-01-11,12.605,0.001,43.53,1.61
2011-01-12,14.43,0.001,44.74,1.83
2011-01-13,15.783,0.001,45.35,1.768
2011-01-14,18.827,0.001,41.14,0.593
2011-01-15,19.13,0.002,45.63,1.407
2011-01-16,15.834,0.003,33.0,2.921
2011-01-17,13.855,0.001,32.99,2.19
2011-01-18,15.317,0.0,34.77,1.413
2011-01-19,15.728,0.002,42.43,1.61
2011-01-20,15.05,0.0,46.88,1.288
2011-01-21,14.894,0.002,36.39,1.47
2011-01-22,16.283,0.002,44.07,1.587
2011-01-23,17.925,0.0,45.81,0.883
2011-01-24,18.809,0.0,48.66,0.642
2011-01-25,19.265,0.001,52.08,0.574
2011-01-26,19.524,0.123,56.38,0.633
2011-01-27,18.622,0.001,54.23,1.232
2011-01-28,18.732,0.002,52.78,0.552
2011-01-29,19.443,0.215,61.55,0.954
2011-01-30,20.184,0.074,57.73,0.87
2011-01-31,18.968,0.0,52.07,1.508
2011-02-01,17.739,0.0,45.62,1.923
2011-02-02,17.255,0.001,46.22,1.174
2011-02-03,17.789,0.0,41.98,1.406
2011-02-04,18.078,0.002,48.5,1.117
2011-02-05,18.983,0.001,50.39,0.79
2011-02-06,20.083,0.0,41.31,0.654
2011-02-07,21.703,0.002,32.66,1.082
2011-02-08,21.841,0.002,36.36,1.812
2011-02-09,21.013,0.002,41.89,1.958
2011-02-10,21.276,0.002,40.2,1.534
2011-02-11,21.23,0.003,40.44,1.827
2011-02-12,20.877,0.003,30.28,2.056
2011-02-13,21.848,0.0,34.57,1.609
2011-02-14,23.661,0.0,33.18,1.164
2011-02-15,24.123,0.0,34.81,1.708
2011-02-16,21.966,0.002,41.85,0.652
2011-02-17,19.745,0.407,61.84,0.831
2011-02-18,19.68,0.255,57.09,0.67
2011-02-19,18.63,3.276,68.08,1.113
2011-02-20,17.766,6.864,81.16,1.212
2011-02-21,16.523,1.923,73.99,1.389
2011-02-22,17.741,0.001,50.2,1.133
2011-02-23,19.044,0.001,48.16,0.284
2011-02-24,20.387,0.0,38.99,1.015
2011-02-25,20.715,0.741,46.08,0.321
2011-02-26,19.907,0.495,55.14,0.673
2011-02-27,20.637,0.0,40.42,1.795
2011-02-28,20.491,0.001,40.97,1.326
2011-03-01,21.542,0.001,36.35,1.757
2011-03-02,23.201,0.018,38.55,0.68
2011-03-03,24.107,0.001,39.93,0.516
2011-03-04,25.081,0.445,44.63,0.858
2011-03-05,25.084,0.026,46.37,1.527
2011-03-06,25.206,0.0,40.0,2.351
2011-03-07,24.861,0.0,29.84,3.189
2011-03-08,24.824,0.002,28.13,2.462
2011-03-09,25.852,0.016,31.87,0.504
2011-03-10,25.522,0.019,34.71,0.099
2011-03-11,25.023,0.96,38.45,1.012
2011-03-12,23.513,0.001,30.33,1.865
2011-03-13,22.669,0.001,27.54,1.317
2011-03-14,23.584,0.0,26.38,1.342
2011-03-15,23.97,0.011,26.97,1.995
2011-03-16,24.502,0.0,26.05,0.588
2011-03-17,25.774,0.0,25.3,0.714
2011-03-18,26.856,0.0,27.43,1.204
2011-03-19,28.328,0.0,23.83,2.076
2011-03-20,27.683,0.001,20.94,2.603
2011-03-21,27.095,0.0,22.32,1.886
2011-03-22,26.973,0.0,22.93,1.179
2011-03-23,27.842,0.0,24.21,0.822
2011-03-24,25.741,1.827,50.57,0.672
2011-03-25,25.706,0.445,44.79,0.584
2011-03-26,25.848,0.006,30.66,1.075
2011-03-27,26.344,0.001,23.13,1.737
2011-03-28,26.845,0.001,24.62,0.625
2011-03-29,27.226,0.0,28.27,0.502
2011-03-30,27.54,0.001,29.44,1.461
2011-03-31,26.586,0.001,27.38,2.121
2011-04-01,26.995,0.0,24.82,0.227
2011-04-02,27.642,0.002,28.27,1.37
2011-04-03,27.549,0.001,31.84,1.083
2011-04-04,25.669,0.91,53.48,1.336
2011-04-05,25.31,1.07,40.33,0.372
2011-04-06,24.838,0.0,18.32,1.466
2011-04-07,27.763,0.002,17.26,0.396
2011-04-08,28.782,0.097,23.34,1.503
2011-04-09,25.254,2.69,44.63,0.282
2011-04-10,27.431,0.338,35.43,0.592
2011-04-11,28.036,0.086,30.47,0.394
2011-04-12,29.201,0.001,28.58,0.653
2011-04-13,26.606,1.66,47.0,0.744
2011-04-14,25.335,2.97,59.03,0.778
2011-04-15,27.673,0.155,45.24,0.579
2011-04-16,28.19,1.558,47.19,0.696
2011-04-17,29.842,0.002,37.28,1.169
2011-04-18,29.183,1.457,41.11,0.857
2011-04-19,26.823,2.977,55.3,0.715
2011-04-20,27.007,1.349,54.08,0.688
2011-04-21,26.035,7.615,61.43,0.32
2011-04-22,24.161,9.736,67.27,0.336
2011-04-23,26.146,0.042,47.83,0.61
2011-04-24,26.482,0.264,48.02,0.989
2011-04-25,25.042,4.96,62.5,0.866
2011-04-26,24.47,4.796,67.86,0.877
2011-04-27,24.247,2.327,68.31,0.908
2011-04-28,26.194,0.12,56.9,0.745
2011-04-29,26.988,1.061,58.76,0.503
2011-04-30,27.813,0.446,57.0,0.644
2011-05-01,29.388,0.028,40.75,1.2
2011-05-02,30.393,0.026,36.6,1.189
2011-05-03,30.868,0.002,30.02,1.686
2011-05-04,30.784,0.006,36.22,0.48
2011-05-05,28.615,1.363,57.08,0.861
2011-05-06,28.888,1.365,54.58,0.218
2011-05-07,28.162,1.679,54.24,0.449
2011-05-08,29.108,0.037,41.09,0.899
2011-05-09,31.03,0.003,30.02,1.21
2011-05-10,31.914,0.002,23.15,1.95
2011-05-11,31.56,0.01,25.43,1.561
2011-05-12,31.817,0.001,25.85,1.006
2011-05-13,31.446,0.312,30.18,0.689
2011-05-14,31.846,0.013,28.77,1.18
2011-05-15,32.084,0.133,34.02,0.277
2011-05-16,31.263,1.054,42.4,1.029
2011-05-17,31.738,0.03,38.89,0.908
2011-05-18,32.561,0.001,32.41,0.801
2011-05-19,31.303,0.075,41.44,0.77
2011-05-20,30.897,0.165,45.35,1.995
2011-05-21,31.889,0.172,37.56,2.437
2011-05-22,30.804,0.436,42.43,0.966
2011-05-23,30.766,0.107,43.3,1.944
2011-05-24,31.524,0.209,38.99,1.459
2011-05-25,31.582,0.047,40.57,0.281
2011-05-26,30.313,2.157,50.66,0.863
2011-05-27,30.29,0.129,50.2,0.984
2011-05-28,30.189,0.079,47.92,1.362
2011-05-29,30.584,0.021,47.19,1.14
2011-05-30,30.552,0.069,49.23,1.02
2011-05-31,29.616,0.894,53.7,0.83
2011-06-01,30.788,0.691,46.41,1.073
2011-06-02,29.919,1.969,54.67,0.66
2011-06-03,28.661,2.367,64.4,0.736
2011-06-04,28.838,2.713,61.62,0.761
2011-06-05,28.815,4.196,65.16,0.761
2011-06-06,28.978,7.058,66.82,0.694
2011-06-07,28.448,3.64,68.76,0.759
2011-06-08,27.797,7.59,70.87,1.332
2011-06-09,28.496,2.268,66.0,1.643
2011-06-10,28.627,2.348,65.17,1.702
2011-06-11,29.107,0.688,62.59,1.674
2011-06-12,28.615,6.449,69.16,1.038
2011-06-13,28.548,4.969,74.55,0.428
2011-06-14,28.209,2.961,73.45,0.575
2011-06-15,27.101,6.913,74.68,2.016
2011-06-16,25.826,7.395,78.7,3.238
2011-06-17,25.353,6.181,82.79,3.554
2011-06-18,24.367,55.88,89.05,4.123
2011-06-19,23.328,132.557,93.91,5.267
2011-06-20,22.842,143.581,97.18,4.538
2011-06-21,23.69,11.101,92.12,3.82
2011-06-22,24.242,2.836,90.57,2.521
2011-06-23,26.416,0.75,77.81,2.355
2011-06-24,26.567,0.101,73.12,2.463
2011-06-25,24.937,4.096,83.12,2.152
2011-06-26,23.037,16.603,97.14,1.468
2011-06-27,22.979,32.744,97.95,1.593
2011-06-28,23.053,20.026,96.19,2.329
2011-06-29,24.397,9.183,86.73,3.212
2011-06-30,24.444,3.319,88.62,2.764
2011-07-01,25.849,1.029,80.03,2.235
2011-07-02,26.329,0.965,75.99,2.202
2011-07-03,25.653,5.198,82.09,1.134
2011-07-04,24.783,20.782,88.19,0.33
2011-07-05,24.575,12.166,85.72,2.086
2011-07-06,24.522,3.113,83.88,2.511
2011-07-07,23.713,5.981,90.04,2.248
2011-07-08,23.984,13.438,90.11,2.042
2011-07-09,24.424,6.312,87.93,2.077
2011-07-10,25.689,4.826,82.38,1.891
2011-07-11,25.683,9.951,83.49,0.911
2011-07-12,25.683,10.834,84.29,0.987
2011-07-13,25.963,3.354,82.49,2.023
2011-07-14,26.006,5.64,82.45,0.98
2011-07-15,25.187,13.02,88.52,1.026
2011-07-16,24.244,13.435,93.49,0.806
2011-07-17,24.335,20.55,91.87,0.877
2011-07-18,24.044,14.911,92.1,1.89
2011-07-19,24.027,8.025,91.78,2.246
2011-07-20,23.939,25.431,93.75,2.081
2011-07-21,22.761,37.508,98.02,2.144
2011-07-22,22.085,45.884,96.77,3.122
2011-07-23,22.215,2.309,90.42,2.035
2011-07-24,24.204,2.1,87.07,1.285
2011-07-25,24.898,6.035,86.01,1.39
2011-07-26,25.461,0.842,82.08,1.447
2011-07-27,25.599,6.983,83.57,0.859
2011-07-28,25.808,15.6,84.1,0.713
2011-07-29,25.731,11.332,85.48,0.673
2011-07-30,25.926,7.003,85.58,0.784
2011-07-31,26.01,11.373,85.65,0.653
2011-08-01,26.097,3.602,84.08,1.015
2011-08-02,25.855,15.921,87.06,0.281
2011-08-03,25.145,11.868,89.38,1.154
2011-08-04,24.592,8.589,90.21,1.834
2011-08-05,24.082,18.163,94.47,1.483
2011-08-06,23.603,35.9,96.31,1.518
2011-08-07,23.186,21.155,96.89,2.079
2011-08-08,23.448,38.722,94.13,2.334
2011-08-09,23.022,20.705,96.72,2.022
2011-08-10,22.931,24.448,95.93,1.84
2011-08-11,22.858,63.405,95.2,2.237
2011-08-12,23.511,54.293,91.2,1.986
2011-08-13,22.771,56.762,96.58,2.181
2011-08-14,22.734,10.173,96.39,2.221
2011-08-15,23.556,21.496,94.42,1.427
2011-08-16,23.533,17.315,93.61,1.278
2011-08-17,23.541,20.51,92.22,1.248
2011-08-18,22.679,23.653,95.0,1.005
2011-08-19,22.87,6.225,94.3,1.511
2011-08-20,24.397,3.235,86.69,1.772
2011-08-21,25.375,1.322,81.7,1.145
2011-08-22,25.029,10.323,87.11,0.567
2011-08-23,24.692,14.975,89.21,0.537
2011-08-24,24.295,19.407,90.05,0.319
2011-08-25,23.883,20.122,92.33,0.313
2011-08-26,23.883,13.044,89.17,1.085
2011-08-27,24.15,7.13,86.79,2.431
2011-08-28,24.471,6.966,85.29,2.597
2011-08-29,24.843,4.587,84.75,2.869
2011-08-30,24.713,5.545,87.24,2.807
2011-08-31,24.306,8.271,86.68,3.084
2011-09-01,23.061,30.012,93.82,2.315
2011-09-02,22.286,27.654,97.83,2.482
2011-09-03,22.186,12.655,98.15,1.098
2011-09-04,23.729,15.422,91.53,0.011
2011-09-05,24.182,16.433,88.8,0.477
2011-09-06,24.233,23.801,89.26,0.96
2011-09-07,23.937,16.707,90.53,1.348
2011-09-08,24.2,15.522,89.17,1.816
2011-09-09,23.028,23.72,95.02,1.241
2011-09-10,23.403,8.506,92.57,2.251
2011-09-11,24.726,0.76,82.36,1.26
2011-09-12,25.131,4.657,84.43,0.237
2011-09-13,25.256,9.035,84.99,0.305
2011-09-14,24.6,14.866,88.23,0.274
2011-09-15,23.955,12.631,90.45,0.426
2011-09-16,23.691,10.351,92.45,1.388
2011-09-17,23.385,13.697,92.16,1.834
2011-09-18,24.464,2.681,85.36,2.267
2011-09-19,24.741,1.817,84.3,2.154
2011-09-20,24.88,3.721,78.56,2.622
2011-09-21,24.213,12.51,83.76,2.592
2011-09-22,22.848,33.804,92.49,2.801
2011-09-23,22.959,39.951,94.01,1.553
2011-09-24,22.291,35.058,96.48,1.796
2011-09-25,22.391,9.554,90.53,2.268
2011-09-26,23.784,0.372,76.23,2.526
2011-09-27,23.778,0.016,74.16,2.159
2011-09-28,23.824,0.464,76.35,2.149
2011-09-29,23.672,0.11,71.99,2.407
2011-09-30,23.744,0.002,67.75,2.452
2011-10-01,23.14,0.0,67.49,2.359
2011-10-02,23.089,0.014,67.01,2.205
2011-10-03,22.979,0.148,68.14,1.869
2011-10-04,23.418,0.005,67.08,1.427
2011-10-05,23.453,1.087,77.5,0.958
2011-10-06,23.754,2.325,80.64,0.733
2011-10-07,23.534,5.4,83.05,0.588
2011-10-08,24.112,2.117,80.82,0.475
2011-10-09,24.198,3.818,81.11,0.688
2011-10-10,23.662,8.239,83.92,0.795
2011-10-11,24.288,2.201,81.38,0.855
2011-10-12,24.794,1.608,79.71,0.878
2011-10-13,24.43,0.03,70.32,1.205
2011-10-14,23.288,0.001,67.12,1.556
2011-10-15,23.376,0.001,65.24,1.614
2011-10-16,22.884,0.001,59.94,1.783
2011-10-17,22.632,0.001,57.53,1.887
2011-10-18,22.925,0.0,61.98,1.983
2011-10-19,23.549,0.176,70.54,1.315
2011-10-20,22.005,8.422,82.84,0.693
2011-10-21,22.649,0.449,75.96,0.312
2011-10-22,21.924,0.013,67.19,0.908
2011-10-23,22.333,0.001,62.25,1.148
2011-10-24,22.456,0.001,62.71,0.79
2011-10-25,22.972,0.0,58.13,0.269
2011-10-26,22.466,0.001,61.54,1.129
2011-10-27,21.961,0.001,58.59,1.305
2011-10-28,21.585,0.001,57.08,0.913
2011-10-29,21.891,0.002,57.95,0.623
2011-10-30,21.476,0.001,56.4,0.688
2011-10-31,21.129,0.0,56.79,0.482
2011-11-01,20.347,0.002,54.21,0.761
2011-11-02,19.923,0.0,50.56,0.92
2011-11-03,20.705,0.0,51.5,0.788
2011-11-04,20.702,0.001,55.54,1.086
2011-11-05,20.809,0.001,55.41,1.313
2011-11-06,21.35,0.0,54.36,1.425
2011-11-07,20.739,0.0,54.11,1.784
2011-11-08,19.829,0.002,57.61,1.801
2011-11-09,20.042,0.001,57.57,0.574
2011-11-10,20.719,0.0,55.37,0.074
2011-11-11,20.798,0.001,61.44,1.001
2011-11-12,21.52,0.0,64.45,0.946
2011-11-13,22.047,0.002,59.86,0.908
2011-11-14,20.8,0.07,59.78,0.909
2011-11-15,19.603,0.0,52.71,1.406
2011-11-16,19.155,0.003,52.19,1.243
2011-11-17,19.931,0.0,51.06,1.506
2011-11-18,20.232,0.002,54.06,1.638
2011-11-19,19.826,0.001,61.85,1.396
2011-11-20,19.593,0.002,64.23,1.354
2011-11-21,19.279,0.0,62.09,1.393
2011-11-22,19.387,0.003,62.92,1.469
2011-11-23,19.417,0.001,60.96,1.693
2011-11-24,19.619,0.001,59.11,0.913
2011-11-25,19.801,0.0,60.13,1.056
2011-11-26,19.437,0.001,59.64,0.712
2011-11-27,19.175,0.001,60.44,0.782
2011-11-28,18.909,0.0,61.0,1.268
2011-11-29,18.066,0.002,60.47,1.326
2011-11-30,17.593,0.0,59.18,0.946
2011-12-01,17.803,0.001,62.93,1.132
2011-12-02,18.58,0.0,63.71,0.73
2011-12-03,18.437,0.001,65.81,0.364
2011-12-04,18.91,0.0,65.88,0.661
2011-12-05,18.919,0.0,59.04,1.104
2011-12-06,18.328,0.0,55.56,1.054
2011-12-07,18.075,0.0,59.98,0.674
2011-12-08,18.561,0.002,60.41,0.458
2011-12-09,17.85,0.001,56.09,1.082
2011-12-10,18.326,0.0,50.39,1.226
2011-12-11,18.382,0.047,62.66,0.73
2011-12-12,17.439,0.002,65.88,0.831
2011-12-13,16.349,0.002,66.45,1.015
2011-12-14,15.709,0.001,55.39,0.876
2011-12-15,15.521,0.001,54.47,0.806
2011-12-16,15.254,0.0,54.78,0.913
2011-12-17,15.097,0.001,51.5,0.91
2011-12-18,14.979,0.0,55.09,0.734
2011-12-19,14.983,0.0,51.46,1.152
2011-12-20,14.586,0.001,51.51,0.937
2011-12-21,14.829,0.001,46.06,1.124
2011-12-22,15.238,0.0,40.99,1.436
2011-12-23,16.01,0.0,46.76,1.793
2011-12-24,15.829,0.001,48.91,1.924
2011-12-25,14.75,0.0,44.8,0.932
2011-12-26,15.054,0.001,48.6,0.929
2011-12-27,15.723,0.0,49.71,0.921
2011-12-28,16.307,0.002,52.74,1.394
2011-12-29,18.299,0.0,58.05,1.015
2011-12-30,19.842,0.001,62.47,1.217
2011-12-31,19.952,14.959,71.75,1.153
2012-01-01,17.187,35.645,94.23,1.04
2012-01-02,17.439,2.549,90.81,0.81
2012-01-03,15.791,0.597,82.24,1.359
2012-01-04,16.393,0.02,75.49,0.601
2012-01-05,18.218,0.565,78.76,0.782
2012-01-06,17.898,0.786,81.81,0.393
2012-01-07,17.627,4.041,89.48,0.598
2012-01-08,17.432,3.84,90.28,0.097
2012-01-09,16.094,0.791,81.85,1.115
2012-01-10,13.849,0.051,71.08,1.601
2012-01-11,12.085,0.001,58.06,1.429
2012-01-12,11.632,0.001,57.4,2.201
2012-01-13,10.469,0.0,57.07,2.267
2012-01-14,11.222,0.0,54.12,1.816
2012-01-15,14.188,0.001,61.88,1.21
2012-01-16,15.934,0.001,55.09,1.317
2012-01-17,16.363,0.0,58.34,0.964
2012-01-18,17.74,0.021,62.6,0.767
2012-01-19,17.508,0.007,64.48,0.818
2012-01-20,15.304,0.004,66.71,2.07
2012-01-21,12.721,0.002,43.26,2.03
2012-01-22,13.178,0.0,44.7,0.881
2012-01-23,15.464,0.001,54.17,1.456
2012-01-24,16.729,0.0,57.2,1.026
2012-01-25,18.012,0.003,58.21,0.349
2012-01-26,16.396,3.843,72.81,1.355
2012-01-27,16.284,0.042,68.25,0.548
2012-01-28,16.05,10.845,81.22,0.694
2012-01-29,14.058,4.509,92.48,0.759
2012-01-30,16.281,0.724,75.1,0.843
2012-01-31,17.185,0.432,68.21,0.704
2012-02-01,15.506,0.543,58.16,2.019
2012-02-02,14.318,0.001,49.5,1.39
2012-02-03,15.177,0.0,50.47,1.264
2012-02-04,17.504,0.001,49.46,0.283
2012-02-05,19.386,0.001,47.55,0.704
2012-02-06,19.679,0.001,56.35,1.106
2012-02-07,21.297,0.0,52.01,0.657
2012-02-08,20.537,0.017,53.36,1.044
2012-02-09,16.308,0.003,43.28,2.103
2012-02-10,14.634,0.002,36.8,1.562
2012-02-11,15.171,0.001,37.42,1.147
2012-02-12,18.022,0.001,38.23,0.315
2012-02-13,19.655,0.259,65.09,1.03
2012-02-14,20.089,4.984,78.76,0.381
2012-02-15,20.146,19.102,79.25,0.502
2012-02-16,19.222,11.582,83.43,0.566
2012-02-17,18.729,0.954,77.18,1.251
2012-02-18,19.188,0.004,66.58,1.432
2012-02-19,17.824,0.001,48.07,2.07
2012-02-20,18.249,0.0,51.45,1.836
2012-02-21,20.409,0.001,51.71,1.767
2012-02-22,21.553,0.001,45.31,1.742
2012-02-23,21.612,0.002,41.06,2.009
2012-02-24,22.687,0.001,38.06,1.569
2012-02-25,22.484,0.0,44.92,1.329
2012-02-26,21.439,0.002,48.32,2.25
2012-02-27,20.171,0.002,36.72,2.02
2012-02-28,22.108,0.001,35.3,1.372
2012-02-29,19.934,0.001,37.09,1.65
2012-03-01,20.715,0.0,36.04,0.608
2012-03-02,20.647,0.0,37.15,0.586
2012-03-03,20.359,0.001,34.88,1.786
2012-03-04,21.699,0.0,37.29,1.686
2012-03-05,23.743,0.001,36.9,1.669
2012-03-06,24.144,0.003,31.19,1.952
2012-03-07,23.001,0.003,29.94,1.812
2012-03-08,22.055,0.002,33.93,0.655
2012-03-09,21.584,0.0,31.29,1.263
2012-03-10,21.464,0.001,30.06,1.504
2012-03-11,22.422,0.002,41.16,1.25
2012-03-12,23.927,0.031,48.88,1.083
2012-03-13,23.739,0.584,42.14,1.033
2012-03-14,22.28,0.002,35.91,2.282
2012-03-15,22.061,0.002,36.65,1.861
2012-03-16,22.986,0.0,30.6,1.888
2012-03-17,24.296,0.003,32.19,1.617
2012-03-18,25.527,0.0,29.53,1.789
2012-03-19,25.336,0.0,35.15,1.969
2012-03-20,26.018,0.0,30.83,1.596
2012-03-21,27.361,0.0,25.02,1.478
2012-03-22,25.958,0.002,15.78,2.75
2012-03-23,24.857,0.001,15.99,2.485
2012-03-24,25.9,0.002,18.1,2.384
2012-03-25,25.904,0.003,19.8,1.914
2012-03-26,26.149,0.0,20.73,1.186
2012-03-27,27.58,0.001,21.53,0.591
2012-03-28,28.004,0.001,21.62,0.697
2012-03-29,27.569,0.001,24.86,1.664
2012-03-30,27.238,0.001,25.83,1.198
2012-03-31,27.046,0.726,28.8,0.72
2012-04-01,27.536,0.221,31.57,1.086
2012-04-02,28.51,0.008,28.33,1.105
2012-04-03,28.156,0.045,26.88,0.937
2012-04-04,28.946,0.284,26.52,0.288
2012-04-05,27.91,1.029,33.46,1.095
2012-04-06,27.766,0.049,29.08,1.611
2012-04-07,28.397,0.007,30.53,1.163
2012-04-08,28.552,0.014,29.0,1.354
2012-04-09,28.667,0.001,24.73,1.834
2012-04-10,27.457,1.3,41.5,1.14
2012-04-11,28.212,0.663,39.13,1.09
2012-04-12,28.273,0.275,31.96,1.395
2012-04-13,27.99,0.381,30.36,0.581
2012-04-14,28.755,0.006,31.42,1.379
2012-04-15,28.433,0.014,32.2,1.566
2012-04-16,27.967,0.002,33.34,1.588
2012-04-17,29.116,0.018,29.03,0.523
2012-04-18,29.814,0.027,26.77,1.39
2012-04-19,30.778,0.0,25.31,1.751
2012-04-20,30.722,0.001,25.03,1.802
2012-04-21,29.754,0.021,31.09,2.843
2012-04-22,30.117,0.182,32.6,1.782
2012-04-23,29.862,0.021,31.72,1.69
2012-04-24,30.345,0.082,33.18,1.249
2012-04-25,30.264,0.121,37.28,1.7
2012-04-26,30.365,0.179,37.89,1.815
2012-04-27,29.01,1.003,47.76,1.685
2012-04-28,29.3,0.0,32.21,1.554
2012-04-29,29.46,0.033,35.39,0.806
2012-04-30,30.183,0.0,29.4,1.646
2012-05-01,30.238,0.004,26.34,1.424
2012-05-02,30.118,0.001,17.72,1.971
2012-05-03,30.165,0.001,21.49,0.686
2012-05-04,28.029,0.377,38.45,0.359
2012-05-05,27.15,0.477,39.05,0.645
2012-05-06,28.388,0.024,32.71,0.139
2012-05-07,29.768,0.003,28.91,0.488
2012-05-08,30.276,0.016,29.7,1.431
2012-05-09,30.225,0.89,34.84,0.263
2012-05-10,29.86,0.333,43.53,0.716
2012-05-11,30.796,0.038,40.06,0.693
2012-05-12,30.953,0.316,37.57,0.773
2012-05-13,31.503,0.704,33.5,1.157
2012-05-14,32.102,0.09,32.62,0.393
2012-05-15,31.512,0.021,29.23,1.369
2012-05-16,31.566,0.001,21.34,2.262
2012-05-17,32.727,0.001,20.44,2.04
2012-05-18,32.925,0.0,22.56,2.491
2012-05-19,32.734,0.0,22.41,2.341
2012-05-20,32.332,0.001,20.12,2.234
2012-05-21,32.281,0.0,20.76,1.332
2012-05-22,33.234,0.001,24.62,0.049
2012-05-23,33.371,0.006,25.05,1.189
2012-05-24,33.063,0.0,18.96,2.137
2012-05-25,33.406,0.001,15.68,2.215
2012-05-26,34.25,0.0,23.05,1.82
2012-05-27,34.076,0.002,21.63,1.995
2012-05-28,33.441,0.001,18.68,2.304
2012-05-29,33.671,0.001,18.0,1.707
2012-05-30,33.445,0.001,20.84,1.178
2012-05-31,33.887,0.002,25.96,0.842
2012-06-01,34.732,0.001,29.2,1.147
2012-06-02,35.234,0.0,25.45,2.075
2012-06-03,34.902,0.151,28.37,2.299
2012-06-04,34.306,0.003,25.83,2.328
2012-06-05,34.121,0.001,22.68,1.947
2012-06-06,34.941,0.006,24.47,1.53
2012-06-07,33.467,0.497,34.36,1.192
2012-06-08,32.655,1.171,40.01,1.257
2012-06-09,34.018,0.005,30.6,2.319
2012-06-10,33.849,0.001,30.13,2.539
2012-06-11,33.62,0.005,31.03,2.051
2012-06-12,34.464,0.001,30.15,0.355
2012-06-13,33.871,0.432,36.91,0.985
2012-06-14,32.855,0.421,44.01,2.502
2012-06-15,32.301,1.626,48.24,2.889
2012-06-16,30.64,2.039,57.99,3.085
2012-06-17,27.935,3.86,72.12,2.248
2012-06-18,26.913,37.782,79.73,1.019
2012-06-19,25.171,19.729,86.61,1.855
2012-06-20,25.085,22.817,89.23,1.393
2012-06-21,24.689,36.498,92.88,1.491
2012-06-22,24.168,29.075,89.75,2.65
2012-06-23,23.444,13.36,89.91,3.126
2012-06-24,23.959,3.073,88.32,2.703
2012-06-25,27.581,0.359,71.74,3.514
2012-06-26,27.032,1.249,75.31,3.078
2012-06-27,27.59,0.213,67.48,2.469
2012-06-28,28.299,0.429,63.89,1.85
2012-06-29,28.109,2.117,68.59,1.361
2012-06-30,29.595,0.114,60.65,1.6
2012-07-01,28.578,2.635,68.19,0.518
2012-07-02,26.564,8.772,79.66,1.39
2012-07-03,25.628,21.762,85.39,0.599
2012-07-04,24.349,38.689,92.56,1.55
2012-07-05,24.936,23.027,91.33,1.633
2012-07-06,23.938,17.28,93.06,1.597
2012-07-07,23.967,14.824,90.38,1.859
2012-07-08,23.872,21.219,92.95,1.658
2012-07-09,23.967,7.356,92.74,1.431
2012-07-10,24.737,4.9,87.63,1.66
2012-07-11,25.528,11.873,85.62,1.369
2012-07-12,25.25,8.862,87.63,1.417
2012-07-13,25.558,27.931,87.63,1.403
2012-07-14,24.675,24.973,90.71,1.338
2012-07-15,24.203,17.945,93.83,1.04
2012-07-16,24.442,11.864,90.76,1.016
2012-07-17,24.856,12.675,89.83,1.572
2012-07-18,24.619,13.838,92.8,1.772
2012-07-19,25.147,14.855,88.76,1.657
2012-07-20,23.805,6.613,91.94,1.352
2012-07-21,24.896,6.144,87.39,0.943
2012-07-22,24.11,6.254,91.82,1.266
2012-07-23,24.097,10.652,89.76,2.193
2012-07-24,23.335,64.59,96.79,1.102
2012-07-25,23.859,36.902,93.13,1.629
2012-07-26,24.413,6.263,91.37,0.946
2012-07-27,24.379,9.048,89.89,1.843
2012-07-28,24.058,2.46,87.23,2.414
2012-07-29,23.366,10.013,91.91,1.849
2012-07-30,22.589,30.198,95.91,1.823
2012-07-31,23.503,7.005,91.23,1.739
2012-08-01,23.737,5.203,90.89,2.115
2012-08-02,24.592,14.519,89.69,1.346
2012-08-03,23.682,25.262,94.14,0.755
2012-08-04,24.578,17.955,89.1,1.1
2012-08-05,24.02,69.538,92.33,1.524
2012-08-06,23.493,19.821,94.67,2.086
2012-08-07,24.169,2.312,86.19,2.697
2012-08-08,23.291,7.768,93.06,1.893
2012-08-09,23.371,17.44,94.73,0.958
2012-08-10,23.508,9.594,92.85,0.772
2012-08-11,23.1,21.692,94.8,1.57
2012-08-12,23.997,5.351,86.06,2.953
2012-08-13,24.413,6.263,86.62,1.937
2012-08-14,24.037,11.857,88.86,1.424
2012-08-15,24.343,3.511,85.06,1.599
2012-08-16,24.586,9.687,85.69,1.616
2012-08-17,24.432,16.202,88.63,1.412
2012-08-18,24.96,13.01,86.41,1.818
2012-08-19,24.155,4.63,90.28,2.297
2012-08-20,23.892,3.447,88.26,2.395
2012-08-21,23.475,13.864,93.52,2.191
2012-08-22,23.583,2.287,89.67,2.522
2012-08-23,25.133,1.002,80.44,1.868
2012-08-24,25.617,3.317,81.28,1.289
2012-08-25,24.465,20.043,88.69,0.582
2012-08-26,24.367,11.22,88.13,0.777
2012-08-27,24.173,7.252,89.62,1.261
2012-08-28,24.992,3.516,87.04,1.221
2012-08-29,25.322,7.973,86.11,1.398
2012-08-30,25.21,1.696,83.7,1.86
2012-08-31,25.071,3.373,84.78,1.311
2012-09-01,25.36,4.899,86.15,0.54
2012-09-02,25.292,9.173,85.14,1.061
2012-09-03,25.458,2.75,80.18,3.212
2012-09-04,24.05,3.46,89.17,3.735
2012-09-05,23.032,10.436,94.94,1.944
2012-09-06,23.604,16.264,90.45,1.213
2012-09-07,23.363,5.578,92.26,0.54
2012-09-08,25.268,4.073,83.12,0.497
2012-09-09,24.249,6.044,86.75,1.545
2012-09-10,24.028,4.878,88.34,1.59
2012-09-11,24.17,4.318,91.44,1.264
2012-09-12,24.035,13.391,89.98,1.438
2012-09-13,23.346,14.61,92.03,1.79
2012-09-14,23.704,8.137,88.23,2.199
2012-09-15,23.761,12.777,89.64,2.065
2012-09-16,23.067,14.543,93.91,1.165
2012-09-17,23.438,15.462,92.67,0.608
2012-09-18,23.982,10.748,90.25,0.449
2012-09-19,24.309,6.811,88.16,0.358
2012-09-20,24.471,9.029,88.1,0.523
2012-09-21,24.65,6.813,86.77,0.496
2012-09-22,24.495,12.38,86.65,0.552
2012-09-23,25.255,0.002,70.81,1.35
2012-09-24,24.73,0.031,70.44,1.44
2012-09-25,24.285,-0.0,65.38,1.305
2012-09-26,24.086,0.0,66.42,1.282
2012-09-27,24.689,0.007,68.22,1.01
2012-09-28,25.288,0.156,73.37,0.666
2012-09-29,25.011,6.745,83.07,0.906
2012-09-30,25.242,2.392,83.6,0.929
2012-10-01,25.245,0.714,81.56,1.335
2012-10-02,24.42,2.727,85.18,1.706
2012-10-03,23.209,17.019,91.25,2.064
2012-10-04,23.27,5.973,90.06,0.971
2012-10-05,23.742,0.001,66.73,1.831
2012-10-06,23.029,0.001,60.96,1.914
2012-10-07,22.377,0.002,64.77,2.064
2012-10-08,23.34,1.157,71.87,1.413
2012-10-09,22.923,8.667,84.59,0.859
2012-10-10,22.864,6.915,82.65,0.775
2012-10-11,22.827,0.908,80.3,0.485
2012-10-12,22.197,0.005,68.47,0.764
2012-10-13,21.619,0.001,63.55,1.054
2012-10-14,21.743,0.0,64.19,1.109
2012-10-15,21.931,0.002,65.28,1.404
2012-10-16,22.27,0.002,65.37,1.316
2012-10-17,21.789,0.001,66.41,1.453
2012-10-18,22.333,0.001,66.76,1.236
2012-10-19,21.721,0.001,65.18,0.857
2012-10-20,21.621,0.0,64.75,0.85
2012-10-21,22.036,0.01,62.84,0.955
2012-10-22,21.819,0.003,63.71,0.869
2012-10-23,21.021,0.003,62.23,1.36
2012-10-24,21.643,-0.0,58.16,0.76
2012-10-25,22.545,0.003,59.77,0.29
2012-10-26,21.538,0.138,67.71,0.754
2012-10-27,21.167,0.123,67.83,1.238
2012-10-28,20.034,0.002,62.07,1.678
2012-10-29,19.163,0.0,59.39,1.431
2012-10-30,19.268,0.0,58.34,1.37
2012-10-31,19.961,0.001,60.0,1.419
2012-11-01,21.985,1.082,67.1,1.273
2012-11-02,20.432,24.442,96.14,1.225
2012-11-03,20.804,11.497,96.63,0.895
2012-11-04,21.131,5.389,93.21,0.658
2012-11-05,20.81,2.482,92.26,0.792
2012-11-06,20.985,1.344,84.46,0.99
2012-11-07,19.844,0.142,77.19,1.407
2012-11-08,18.359,0.0,64.18,1.47
2012-11-09,18.067,0.001,63.37,1.442
2012-11-10,17.36,0.001,63.02,1.284
2012-11-11,17.182,0.0,63.8,1.328
2012-11-12,17.539,0.003,63.31,1.388
2012-11-13,17.43,0.001,62.51,1.643
2012-11-14,17.019,0.0,65.53,1.501
2012-11-15,16.602,0.0,67.31,1.296
2012-11-16,15.842,0.001,65.48,1.925
2012-11-17,16.296,0.0,64.72,1.58
2012-11-18,18.079,0.001,68.62,0.895
2012-11-19,19.598,0.605,73.87,1.176
2012-11-20,19.812,0.037,71.68,0.959
2012-11-21,19.494,0.012,73.81,0.623
2012-11-22,19.264,0.001,70.23,0.842
2012-11-23,18.313,0.0,68.09,0.895
2012-11-24,18.115,0.0,62.01,1.42
2012-11-25,17.819,0.001,52.43,1.777
2012-11-26,17.845,0.001,59.11,1.389
2012-11-27,17.307,0.003,57.59,1.639
2012-11-28,17.013,0.001,54.13,1.467
2012-11-29,17.067,0.001,55.29,1.574
2012-11-30,17.433,0.0,53.97,1.832
2012-12-01,17.155,0.001,59.5,1.181
2012-12-02,16.587,0.002,61.55,1.148
2012-12-03,16.461,0.002,52.7,1.266
2012-12-04,16.686,0.001,49.32,0.949
2012-12-05,18.208,0.001,46.05,1.17
2012-12-06,18.329,0.001,40.89,1.874
2012-12-07,18.451,0.001,42.23,2.101
2012-12-08,18.898,0.001,50.55,1.934
2012-12-09,20.18,0.0,51.75,1.401
2012-12-10,21.349,0.393,62.01,0.502
2012-12-11,19.499,13.051,78.78,1.245
2012-12-12,18.098,0.762,76.39,0.891
2012-12-13,17.965,0.366,76.7,0.479
2012-12-14,18.735,0.712,81.73,0.396
2012-12-15,18.718,0.897,82.95,0.835
2012-12-16,17.482,0.003,65.78,1.945
2012-12-17,17.693,0.0,65.78,1.998
2012-12-18,16.46,0.0,50.49,2.201
2012-12-19,16.132,0.001,55.31,2.226
2012-12-20,14.695,0.002,56.23,1.519
2012-12-21,14.38,0.001,51.82,1.115
2012-12-22,13.812,0.0,52.04,1.489
2012-12-23,13.755,0.0,55.24,1.099
2012-12-24,13.64,0.0,55.1,1.302
2012-12-25,13.159,0.001,54.27,1.559
2012-12-26,12.696,0.001,63.31,1.104
2012-12-27,13.163,0.001,59.96,0.825
2012-12-28,14.694,0.0,55.87,0.746
2012-12-29,14.788,0.0,59.18,0.866
2012-12-30,15.332,0.0,54.42,1.451
