date,temp_c,precip_mm,humidity_pct,wind_speed_ms
2000-01-01,18.816,0.0,53.48,1.468
2000-01-02,18.312,0.002,54.09,1.387
2000-01-03,17.833,0.0,55.25,1.133
2000-01-04,17.57,0.002,52.43,1.24
2000-01-05,17.768,0.003,49.76,1.102
2000-01-06,17.235,0.0,45.81,1.101
2000-01-07,16.775,0.001,42.58,0.848
2000-01-08,17.988,0.001,41.97,0.424
2000-01-09,18.993,0.002,42.26,0.342
2000-01-10,20.217,0.0,42.5,0.279
2000-01-11,20.891,0.0,43.89,0.787
2000-01-12,21.365,0.0,52.89,0.547
2000-01-13,22.035,0.003,51.71,1.743
2000-01-14,22.733,0.001,53.03,0.332
2000-01-15,22.428,1.324,67.91,0.03
2000-01-16,21.731,0.174,64.61,2.05
2000-01-17,20.574,0.001,55.46,1.237
2000-01-18,19.346,0.001,42.49,0.67
2000-01-19,20.185,0.001,35.68,1.326
2000-01-20,21.281,0.0,38.84,1.467
2000-01-21,21.306,0.002,40.5,0.728
2000-01-22,22.544,0.008,47.04,1.13
2000-01-23,21.732,0.002,42.19,0.696
2000-01-24,20.556,0.001,44.04,1.924
2000-01-25,20.585,0.001,42.98,1.814
2000-01-26,21.229,0.001,46.93,1.206
2000-01-27,22.036,0.0,44.26,0.46
2000-01-28,22.233,0.001,42.48,2.016
2000-01-29,18.913,0.0,34.49,1.487
2000-01-30,18.85,0.001,36.45,0.723
2000-01-31,20.342,0.001,37.29,0.743
2000-02-01,22.801,0.003,47.43,2.517
2000-02-02,22.918,0.002,55.54,2.368
2000-02-03,23.547,0.002,53.4,1.735
2000-02-04,24.679,0.009,49.36,2.082
2000-02-05,24.061,0.373,54.64,2.374
2000-02-06,23.08,0.031,46.61,1.138
2000-02-07,21.377,0.007,54.93,1.693
2000-02-08,22.264,0.003,49.04,1.598
2000-02-09,21.948,0.002,53.91,1.891
2000-02-10,23.316,0.002,46.86,1.014
2000-02-11,22.818,2.173,73.47,1.508
2000-02-12,23.328,0.234,53.39,1.146
2000-02-13,22.227,0.562,64.3,2.123
2000-02-14,21.543,0.263,66.59,2.064
2000-02-15,22.205,0.002,51.16,1.273
2000-02-16,24.142,0.244,50.82,1.064
2000-02-17,23.648,0.393,51.51,1.349
2000-02-18,21.642,0.002,32.06,1.361
2000-02-19,21.999,0.002,27.92,1.904
2000-02-20,19.989,8.585,73.13,1.716
2000-02-21,19.314,6.112,81.54,2.018
2000-02-22,21.536,0.137,68.37,1.481
2000-02-23,21.478,0.801,74.32,1.577
2000-02-24,16.793,11.966,84.04,1.411
2000-02-25,17.268,2.019,74.65,0.89
2000-02-26,19.788,0.036,60.79,0.954
2000-02-27,20.812,0.001,54.21,0.587
2000-02-28,21.384,0.002,41.66,0.286
2000-02-29,23.478,0.0,34.49,2.137
2000-03-01,25.837,0.001,31.43,2.975
2000-03-02,26.838,0.0,32.34,3.449
2000-03-03,26.18,0.001,30.28,2.708
2000-03-04,26.41,0.002,29.56,1.923
2000-03-05,26.395,0.0,32.84,2.229
2000-03-06,26.633,0.001,34.56,1.607
2000-03-07,27.507,0.001,34.93,2.661
2000-03-08,27.008,0.001,30.33,2.519
2000-03-09,24.744,0.0,28.16,1.393
2000-03-10,24.009,0.001,27.79,0.37
2000-03-11,26.599,0.003,23.45,2.689
2000-03-12,27.916,0.0,21.75,3.062
2000-03-13,27.648,0.0,22.63,3.231
2000-03-14,26.696,0.0,24.26,1.651
2000-03-15,25.235,0.002,28.28,1.561
2000-03-16,25.354,0.0,23.27,0.556
2000-03-17,26.85,0.001,24.51,0.857
2000-03-18,28.486,0.0,27.48,2.474
2000-03-19,27.737,0.0,22.48,1.426
2000-03-20,26.762,0.0,18.91,1.663
2000-03-21,28.249,0.002,19.69,1.112
2000-03-22,28.293,0.74,42.04,1.284
2000-03-23,28.594,0.004,32.87,1.96
2000-03-24,28.072,0.002,26.72,2.269
2000-03-25,27.41,0.0,25.81,1.73
2000-03-26,27.834,0.0,24.21,1.248
2000-03-27,28.223,0.001,26.67,0.31
2000-03-28,29.003,0.002,23.73,1.349
2000-03-29,29.325,0.0,26.02,0.782
2000-03-30,29.815,0.0,21.51,1.499
2000-03-31,30.145,0.0,22.09,1.335
2000-04-01,31.196,0.0,20.12,0.602
2000-04-02,32.004,0.0,26.08,2.334
2000-04-03,32.484,0.001,29.0,2.033
2000-04-04,32.968,0.001,26.42,1.932
2000-04-05,33.429,0.0,23.77,2.42
2000-04-06,33.288,0.001,22.77,1.614
2000-04-07,33.538,0.008,24.07,1.2
2000-04-08,34.02,0.003,26.41,2.3
2000-04-09,33.97,0.0,17.12,1.991
2000-04-10,32.11,0.001,15.67,0.261
2000-04-11,32.428,0.001,15.65,0.507
2000-04-12,32.468,0.001,18.25,0.385
2000-04-13,32.924,0.341,26.66,2.176
2000-04-14,33.905,0.007,24.89,2.104
2000-04-15,34.267,0.032,23.71,1.721
2000-04-16,33.154,0.356,30.46,0.98
2000-04-17,33.27,0.039,27.13,0.857
2000-04-18,32.79,1.332,35.5,2.868
2000-04-19,33.525,0.152,31.32,2.37
2000-04-20,34.795,0.002,23.43,3.282
2000-04-21,35.363,0.0,17.99,2.772
2000-04-22,35.519,0.001,16.91,1.931
2000-04-23,33.956,0.097,22.0,2.13
2000-04-24,33.52,0.03,24.71,1.585
2000-04-25,35.167,0.005,21.95,2.209
2000-04-26,36.507,0.001,19.29,2.594
2000-04-27,36.611,0.0,18.07,2.104
2000-04-28,36.986,0.001,15.07,2.232
2000-04-29,36.63,0.053,17.36,2.105
2000-04-30,37.293,0.002,15.2,2.412
2000-05-01,36.505,0.001,13.78,1.738
2000-05-02,36.451,0.06,17.43,1.889
2000-05-03,35.863,0.066,22.48,1.424
2000-05-04,34.585,1.003,33.55,1.228
2000-05-05,33.572,1.151,37.38,0.474
2000-05-06,33.292,0.344,37.71,0.479
2000-05-07,31.448,1.896,44.19,0.359
2000-05-08,30.889,1.584,50.49,1.363
2000-05-09,31.682,1.576,46.6,1.151
2000-05-10,32.867,0.388,41.16,1.706
2000-05-11,33.316,0.415,38.27,1.817
2000-05-12,33.937,0.066,35.28,2.012
2000-05-13,34.37,0.112,31.99,2.961
2000-05-14,34.092,0.075,36.3,2.82
2000-05-15,32.859,2.071,43.31,2.533
2000-05-16,32.234,3.096,45.56,1.462
2000-05-17,32.616,1.457,45.14,2.769
2000-05-18,34.507,0.31,35.14,3.144
2000-05-19,34.026,0.128,40.05,3.721
2000-05-20,31.672,1.555,54.14,3.16
2000-05-21,29.332,10.747,69.27,2.041
2000-05-22,30.282,6.376,67.09,2.01
2000-05-23,32.759,1.326,51.0,2.477
2000-05-24,34.125,0.101,42.97,3.04
2000-05-25,34.567,0.017,36.48,3.616
2000-05-26,35.145,0.005,34.61,3.539
2000-05-27,35.617,0.007,35.47,3.392
2000-05-28,35.684,0.76,36.48,3.2
2000-05-29,33.441,2.527,46.01,3.022
2000-05-30,32.881,5.539,49.42,2.641
2000-05-31,30.414,10.248,63.35,1.663
2000-06-01,32.315,0.261,52.56,1.036
2000-06-02,32.511,1.762,52.17,0.981
2000-06-03,32.142,3.975,54.03,0.462
2000-06-04,29.939,10.034,67.79,0.825
2000-06-05,29.148,11.126,70.53,2.332
2000-06-06,25.344,45.217,91.12,0.956
2000-06-07,27.007,3.412,76.25,4.103
2000-06-08,27.922,2.282,71.6,3.712
2000-06-09,28.436,2.466,73.05,2.925
2000-06-10,28.607,9.164,76.8,2.706
2000-06-11,28.548,13.873,77.4,2.703
2000-06-12,28.918,2.107,71.91,2.921
2000-06-13,29.703,0.914,66.03,3.296
2000-06-14,29.331,4.531,68.5,3.181
2000-06-15,29.247,2.996,66.11,2.827
2000-06-16,28.612,17.868,71.08,2.554
2000-06-17,27.205,41.465,80.32,2.828
2000-06-18,24.71,32.953,91.69,2.271
2000-06-19,24.737,16.236,91.99,1.995
2000-06-20,25.768,4.668,87.41,2.262
2000-06-21,25.743,12.571,85.17,2.731
2000-06-22,27.286,2.222,75.04,3.196
2000-06-23,28.834,0.033,66.47,3.147
2000-06-24,29.563,0.233,63.62,2.798
2000-06-25,29.712,0.395,63.45,2.727
2000-06-26,30.074,0.072,59.35,2.669
2000-06-27,29.913,1.363,61.22,2.155
2000-06-28,26.963,15.575,81.08,1.907
2000-06-29,26.227,12.174,86.04,1.19
2000-06-30,27.204,4.525,79.78,1.597
2000-07-01,27.019,5.998,80.94,1.348
2000-07-02,27.024,10.599,82.28,0.819
2000-07-03,27.341,7.041,80.67,0.28
2000-07-04,28.727,1.83,75.57,0.525
2000-07-05,29.715,1.049,74.15,0.641
2000-07-06,28.799,4.839,78.28,1.136
2000-07-07,27.884,7.95,80.85,1.144
2000-07-08,26.81,7.559,85.35,2.269
2000-07-09,26.223,4.099,84.59,3.192
2000-07-10,25.666,21.14,88.52,2.711
2000-07-11,24.982,41.136,93.41,1.44
2000-07-12,25.408,4.392,87.41,2.921
2000-07-13,24.954,1.367,83.57,4.576
2000-07-14,25.944,1.01,78.51,4.168
2000-07-15,26.504,2.954,77.36,3.967
2000-07-16,25.003,27.752,88.58,3.62
2000-07-17,24.19,22.476,90.56,4.102
2000-07-18,24.288,17.957,90.56,4.265
2000-07-19,24.099,25.2,92.38,4.505
2000-07-20,25.4,0.979,80.68,3.401
2000-07-21,26.447,0.371,72.74,3.033
2000-07-22,27.313,0.454,70.5,2.774
2000-07-23,26.855,0.429,72.51,2.441
2000-07-24,26.43,1.901,76.07,2.241
2000-07-25,25.699,9.125,79.89,2.331
2000-07-26,25.197,7.033,82.7,2.673
2000-07-27,24.149,23.181,78.86,3.942
2000-07-28,23.397,33.303,86.81,3.29
2000-07-29,23.745,12.771,83.34,2.781
2000-07-30,26.069,3.601,79.35,2.383
2000-07-31,27.142,1.924,76.66,2.352
2000-08-01,27.378,2.633,77.16,2.355
2000-08-02,27.576,0.248,71.1,2.591
2000-08-03,27.763,0.064,67.21,2.459
2000-08-04,28.012,0.115,67.65,2.116
2000-08-05,27.869,0.489,71.33,1.888
2000-08-06,28.288,0.7,71.98,1.655
2000-08-07,27.371,3.733,79.6,2.067
2000-08-08,26.323,27.436,87.62,1.81
2000-08-09,25.734,25.724,89.72,0.757
2000-08-10,26.225,8.169,85.1,2.544
2000-08-11,25.296,3.579,86.04,2.028
2000-08-12,26.381,2.34,79.42,2.867
2000-08-13,26.225,3.899,83.34,2.798
2000-08-14,26.749,3.737,79.85,3.068
2000-08-15,26.637,4.876,78.28,3.195
2000-08-16,25.975,12.311,82.93,2.954
2000-08-17,25.031,16.305,87.71,2.805
2000-08-18,24.015,24.084,94.6,2.272
2000-08-19,25.317,2.564,84.74,2.854
2000-08-20,25.435,6.717,87.35,1.927
2000-08-21,25.677,9.908,88.32,0.744
2000-08-22,26.789,2.125,82.71,2.384
2000-08-23,27.265,1.371,77.95,3.52
2000-08-24,27.25,1.053,77.33,3.78
2000-08-25,26.538,5.6,82.38,2.401
2000-08-26,26.271,7.349,85.38,0.627
2000-08-27,25.931,12.783,88.15,0.519
2000-08-28,26.525,23.691,86.63,1.29
2000-08-29,25.929,24.881,87.34,2.872
2000-08-30,24.573,39.506,91.02,3.524
2000-08-31,26.024,1.546,79.22,3.736
2000-09-01,26.406,1.067,76.88,3.989
2000-09-02,26.298,3.442,78.79,3.354
2000-09-03,26.061,1.31,80.67,2.675
2000-09-04,26.515,1.34,78.66,2.939
2000-09-05,26.303,2.418,79.12,2.967
2000-09-06,24.74,19.403,85.62,2.983
2000-09-07,23.332,28.386,93.66,2.964
2000-09-08,24.516,10.187,90.16,2.506
2000-09-09,24.921,12.929,87.3,2.249
2000-09-10,26.605,0.324,72.23,2.47
2000-09-11,26.548,0.138,69.35,2.309
2000-09-12,26.386,0.217,70.92,1.57
2000-09-13,27.15,0.649,75.18,1.218
2000-09-14,26.745,1.645,79.8,0.448
2000-09-15,27.086,1.678,80.18,1.477
2000-09-16,27.424,4.294,80.2,1.083
2000-09-17,26.701,7.51,86.16,0.982
2000-09-18,26.985,0.922,82.95,1.78
2000-09-19,27.881,0.033,70.73,1.459
2000-09-20,26.933,0.276,73.93,1.333
2000-09-21,26.542,0.033,73.97,0.72
2000-09-22,26.929,3.089,79.49,0.837
2000-09-23,26.226,4.811,85.07,1.315
2000-09-24,26.606,0.995,82.04,0.914
2000-09-25,26.864,1.32,81.46,0.863
2000-09-26,27.171,0.734,78.76,0.477
2000-09-27,27.203,0.434,73.73,0.286
2000-09-28,27.017,0.196,75.8,0.757
2000-09-29,27.405,0.264,73.82,0.659
2000-09-30,27.223,0.044,68.28,0.319
2000-10-01,26.618,0.003,64.06,0.41
2000-10-02,26.39,0.002,63.02,0.402
2000-10-03,26.638,0.001,62.34,0.181
2000-10-04,26.778,0.002,62.89,0.566
2000-10-05,26.756,0.015,65.45,0.641
2000-10-06,27.144,0.0,66.06,0.909
2000-10-07,27.284,0.474,75.36,0.242
2000-10-08,27.475,0.515,74.88,0.55
2000-10-09,27.755,0.85,72.31,0.941
2000-10-10,27.902,0.004,63.48,0.552
2000-10-11,27.719,0.001,62.14,0.649
2000-10-12,27.585,0.001,59.99,0.958
2000-10-13,27.004,0.001,56.95,0.617
2000-10-14,26.956,0.0,53.19,0.621
2000-10-15,25.76,0.0,45.59,2.032
2000-10-16,24.449,0.001,49.81,2.207
2000-10-17,26.453,0.099,65.56,2.298
2000-10-18,26.823,0.289,74.9,1.911
2000-10-19,27.166,0.096,68.83,1.359
2000-10-20,27.266,0.001,62.47,0.277
2000-10-21,27.186,0.003,48.69,1.157
2000-10-22,26.649,0.0,45.57,1.17
2000-10-23,26.641,0.002,47.23,1.054
2000-10-24,26.511,0.0,46.32,0.243
2000-10-25,26.419,0.001,44.98,0.815
2000-10-26,25.101,0.0,45.73,1.232
2000-10-27,24.582,0.001,45.0,1.677
2000-10-28,24.587,0.002,50.07,0.856
2000-10-29,24.474,0.016,61.3,1.627
2000-10-30,24.697,0.118,66.72,0.369
2000-10-31,25.106,0.0,59.44,0.611
2000-11-01,24.677,0.003,55.11,1.397
2000-11-02,24.612,-0.0,53.77,1.549
2000-11-03,24.504,0.001,53.34,1.289
2000-11-04,24.778,0.001,53.15,0.614
2000-11-05,24.755,0.0,52.54,0.315
2000-11-06,24.099,0.003,48.54,0.864
2000-11-07,23.563,0.0,46.69,1.126
2000-11-08,23.629,0.0,45.24,0.788
2000-11-09,23.252,0.0,45.36,0.301
2000-11-10,23.735,0.001,45.93,0.32
2000-11-11,23.97,0.0,48.04,0.278
2000-11-12,23.35,0.001,48.04,0.535
2000-11-13,23.11,0.003,48.91,0.727
2000-11-14,22.821,0.002,46.38,1.112
2000-11-15,22.009,0.001,41.1,1.742
2000-11-16,21.742,0.0,44.25,1.287
2000-11-17,21.845,0.002,46.46,0.863
2000-11-18,21.857,0.0,48.15,0.243
2000-11-19,22.106,0.002,45.27,1.121
2000-11-20,22.582,0.001,46.32,0.873
2000-11-21,22.991,0.001,48.37,0.52
2000-11-22,23.207,0.001,49.49,1.066
2000-11-23,23.201,0.0,49.38,0.668
2000-11-24,23.592,0.0,47.61,0.285
2000-11-25,23.635,0.001,47.49,0.511
2000-11-26,23.066,0.0,49.38,1.398
2000-11-27,22.661,0.001,49.62,1.704
2000-11-28,22.184,0.001,51.67,1.856
2000-11-29,22.071,0.0,53.15,2.093
2000-11-30,22.396,0.0,53.88,1.934
2000-12-01,20.721,0.001,46.57,2.2
2000-12-02,18.433,0.001,39.72,1.924
2000-12-03,18.047,0.0,38.16,1.213
2000-12-04,17.873,0.001,43.47,0.136
2000-12-05,18.893,0.004,43.15,0.287
2000-12-06,19.471,0.0,42.49,0.617
2000-12-07,19.689,0.0,41.55,1.105
2000-12-08,19.359,0.0,42.77,0.819
2000-12-09,20.208,0.002,40.97,0.364
2000-12-10,20.647,0.0,40.52,0.813
2000-12-11,20.877,0.0,39.87,1.041
2000-12-12,20.098,0.001,45.91,0.942
2000-12-13,19.134,0.0,43.7,0.821
2000-12-14,19.029,0.001,43.07,0.766
2000-12-15,19.495,0.001,43.33,0.668
2000-12-16,19.461,0.002,43.06,1.085
2000-12-17,19.211,0.0,44.19,0.835
2000-12-18,19.4,0.001,42.82,0.126
2000-12-19,20.266,0.001,44.13,0.65
2000-12-20,19.997,0.001,49.79,1.092
2000-12-21,19.49,0.001,46.79,1.211
2000-12-22,19.067,0.0,41.66,1.188
2000-12-23,18.896,0.001,41.22,1.289
2000-12-24,18.482,0.001,41.01,1.107
2000-12-25,17.918,0.001,41.05,1.409
2000-12-26,18.398,0.001,49.52,1.706
2000-12-27,18.847,0.003,48.79,1.38
2000-12-28,19.093,0.001,49.21,1.412
2000-12-29,19.157,0.0,47.08,1.091
2000-12-30,19.173,0.001,44.34,1.537
2000-12-31,20.948,0.001,41.13,1.449
2001-01-01,18.566,6.878,69.82,0.925
2001-01-02,18.016,0.071,61.73,1.358
2001-01-03,17.313,0.0,57.98,1.31
2001-01-04,16.599,0.0,56.46,1.003
2001-01-05,15.817,0.001,55.41,1.098
2001-01-06,16.321,0.0,52.18,1.118
2001-01-07,18.609,0.003,48.09,0.896
2001-01-08,20.345,0.0,51.33,0.641
2001-01-09,19.675,0.002,53.44,1.261
2001-01-10,18.348,0.001,45.68,1.25
2001-01-11,19.09,0.002,45.65,1.104
2001-01-12,21.153,0.0,46.09,1.112
2001-01-13,22.535,0.004,51.02,0.371
2001-01-14,21.245,0.002,47.38,1.45
2001-01-15,21.021,0.003,42.92,1.665
2001-01-16,21.882,0.001,45.62,1.235
2001-01-17,21.983,0.0,51.03,1.276
2001-01-18,22.696,0.0,47.45,1.388
2001-01-19,22.1,0.0,41.85,1.513
2001-01-20,21.818,0.0,39.53,1.267
2001-01-21,22.343,0.001,38.26,0.843
2001-01-22,23.104,0.001,39.86,2.065
2001-01-23,22.426,0.002,33.83,1.737
2001-01-24,19.026,0.0,26.99,1.262
2001-01-25,18.056,0.001,28.07,0.74
2001-01-26,18.115,0.0,29.97,0.369
2001-01-27,18.952,0.001,32.39,0.319
2001-01-28,19.656,0.001,34.74,0.528
2001-01-29,20.742,0.001,35.83,0.495
2001-01-30,21.605,0.001,36.84,0.682
2001-01-31,22.414,0.0,36.47,0.499
2001-02-01,22.942,0.001,36.0,0.715
2001-02-02,23.629,-0.0,38.04,0.842
2001-02-03,23.013,0.0,37.43,1.507
2001-02-04,24.203,0.001,40.94,0.46
2001-02-05,25.248,0.003,46.24,1.675
2001-02-06,23.955,0.002,33.88,1.396
2001-02-07,21.467,0.002,24.33,0.847
2001-02-08,21.298,0.0,24.86,0.866
2001-02-09,22.371,0.002,25.71,1.327
2001-02-10,21.955,0.0,27.91,0.572
2001-02-11,22.509,0.001,30.68,0.826
2001-02-12,23.111,0.0,31.28,1.534
2001-02-13,23.467,0.001,28.99,1.282
2001-02-14,24.522,0.001,28.13,1.506
2001-02-15,25.392,0.004,43.29,1.947
2001-02-16,24.807,0.003,39.83,0.407
2001-02-17,25.201,0.002,33.39,0.439
2001-02-18,25.977,0.001,36.99,0.75
2001-02-19,26.364,0.001,37.91,0.3
2001-02-20,26.072,0.0,34.58,0.274
2001-02-21,26.942,0.001,24.89,2.229
2001-02-22,24.118,0.0,19.92,1.227
2001-02-23,25.101,0.0,22.75,0.219
2001-02-24,27.249,0.001,19.78,2.19
2001-02-25,27.776,0.001,19.5,3.11
2001-02-26,27.379,0.002,27.01,1.089
2001-02-27,26.909,0.002,34.53,1.832
2001-02-28,27.812,0.111,38.71,0.493
2001-03-01,26.246,2.738,56.33,1.035
2001-03-02,26.507,0.094,43.73,2.175
2001-03-03,27.645,0.299,40.68,1.35
2001-03-04,27.182,0.362,42.96,0.38
2001-03-05,24.978,0.731,51.76,0.331
2001-03-06,25.157,0.001,40.68,0.757
2001-03-07,26.054,0.372,40.36,0.385
2001-03-08,24.991,5.062,50.45,1.054
2001-03-09,24.258,2.43,62.62,0.661
2001-03-10,24.619,1.272,59.07,0.377
2001-03-11,25.854,0.167,45.8,0.344
2001-03-12,26.147,0.368,42.51,0.506
2001-03-13,26.048,0.636,47.6,0.906
2001-03-14,27.438,0.021,40.19,0.49
2001-03-15,28.406,0.061,41.62,0.811
2001-03-16,28.811,0.086,39.96,0.841
2001-03-17,29.257,0.009,37.5,0.585
2001-03-18,29.142,0.003,31.34,1.288
2001-03-19,29.4,0.001,26.55,0.29
2001-03-20,30.164,0.049,34.61,1.542
2001-03-21,30.24,0.677,39.15,2.03
2001-03-22,30.22,1.484,42.26,1.191
2001-03-23,28.872,0.642,47.93,1.051
2001-03-24,28.799,0.057,44.2,0.667
2001-03-25,28.859,1.117,46.48,0.339
2001-03-26,29.421,0.038,41.42,0.735
2001-03-27,30.392,0.001,32.04,0.431
2001-03-28,31.277,0.0,25.95,0.611
2001-03-29,31.975,0.001,29.07,2.676
2001-03-30,28.928,4.994,55.8,2.417
2001-03-31,29.486,0.008,30.46,1.43
2001-04-01,29.394,0.0,24.33,1.418
2001-04-02,29.611,0.001,25.47,1.256
2001-04-03,30.905,0.004,27.09,0.384
2001-04-04,30.251,0.599,41.47,1.272
2001-04-05,31.22,0.217,36.16,1.774
2001-04-06,31.922,0.016,28.49,1.873
2001-04-07,32.283,-0.0,15.33,1.885
2001-04-08,32.763,0.001,17.97,1.064
2001-04-09,33.171,0.0,16.72,2.364
2001-04-10,32.906,0.013,19.85,2.447
2001-04-11,33.16,0.176,27.98,2.076
2001-04-12,30.489,2.15,41.52,2.077
2001-04-13,28.096,1.314,49.1,0.703
2001-04-14,28.954,0.61,50.75,0.281
2001-04-15,29.146,1.056,51.61,0.631
2001-04-16,29.085,2.504,52.9,1.138
2001-04-17,24.397,23.049,79.04,0.507
2001-04-18,27.591,0.116,59.55,0.566
2001-04-19,27.231,4.623,68.94,0.802
2001-04-20,29.016,0.226,56.35,1.294
2001-04-21,29.333,0.001,36.76,1.425
2001-04-22,29.301,0.001,30.96,0.693
2001-04-23,30.656,0.001,26.37,0.194
2001-04-24,31.814,0.001,26.78,1.137
2001-04-25,33.225,0.0,28.22,2.822
2001-04-26,34.217,0.0,28.99,3.775
2001-04-27,34.682,0.0,26.35,3.128
2001-04-28,35.31,0.0,22.55,3.088
2001-04-29,35.932,0.001,18.34,2.98
2001-04-30,35.95,0.003,19.55,2.222
2001-05-01,35.807,0.003,24.17,2.298
2001-05-02,34.554,0.448,33.59,1.871
2001-05-03,34.733,0.456,30.66,2.647
2001-05-04,34.774,0.042,28.84,2.182
2001-05-05,35.018,0.002,25.12,1.627
2001-05-06,35.571,0.016,27.24,2.682
2001-05-07,36.077,0.118,28.04,3.11
2001-05-08,37.442,0.001,18.17,3.299
2001-05-09,37.457,0.0,15.39,3.423
2001-05-10,37.225,0.0,17.42,3.631
2001-05-11,37.698,0.006,20.56,2.763
2001-05-12,37.663,0.0,18.83,1.792
2001-05-13,36.549,0.038,26.3,0.833
2001-05-14,35.96,0.144,28.15,0.383
2001-05-15,36.043,0.03,26.82,0.456
2001-05-16,34.582,1.591,35.42,0.603
2001-05-17,35.064,0.01,28.25,2.07
2001-05-18,33.76,0.159,32.67,1.748
2001-05-19,34.222,0.007,29.73,2.003
2001-05-20,33.823,0.091,31.48,2.209
2001-05-21,33.173,0.72,38.2,1.644
2001-05-22,34.644,0.061,33.63,1.803
2001-05-23,36.101,0.051,28.53,2.476
2001-05-24,36.997,0.001,24.69,3.356
2001-05-25,36.514,0.195,30.73,3.733
2001-05-26,34.918,1.757,38.77,1.666
2001-05-27,33.035,1.29,45.22,1.153
2001-05-28,32.318,2.752,49.02,1.22
2001-05-29,32.556,1.514,47.17,1.414
2001-05-30,32.114,2.012,49.44,0.745
2001-05-31,32.463,1.326,48.95,1.512
2001-06-01,32.478,2.823,52.36,1.465
2001-06-02,31.173,10.566,61.33,1.036
2001-06-03,29.662,12.842,68.03,1.647
2001-06-04,28.117,16.919,75.82,1.98
2001-06-05,27.581,8.917,80.25,1.483
2001-06-06,29.257,2.872,72.75,0.541
2001-06-07,29.62,6.26,71.17,0.573
2001-06-08,29.295,6.17,71.79,1.324
2001-06-09,28.437,5.892,76.72,1.817
2001-06-10,28.529,11.357,75.99,1.701
2001-06-11,27.72,14.215,81.18,1.382
2001-06-12,26.316,32.677,86.56,2.791
2001-06-13,25.892,51.459,90.75,2.06
2001-06-14,25.04,13.221,87.35,3.961
2001-06-15,25.342,8.157,74.4,5.328
2001-06-16,25.621,6.575,69.94,4.286
2001-06-17,26.918,0.259,68.16,4.038
2001-06-18,26.561,8.462,78.21,3.854
2001-06-19,24.957,8.536,89.61,3.729
2001-06-20,26.654,3.338,80.94,3.503
2001-06-21,28.475,0.798,67.1,3.537
2001-06-22,27.73,4.63,69.05,3.223
2001-06-23,27.517,2.608,71.18,3.048
2001-06-24,27.878,2.798,71.52,3.383
2001-06-25,27.801,1.586,70.98,3.252
2001-06-26,26.08,11.681,80.88,3.421
2001-06-27,25.827,12.043,84.27,3.133
2001-06-28,26.469,9.471,82.39,3.156
2001-06-29,25.679,15.575,84.77,2.876
2001-06-30,24.665,34.286,89.58,3.543
2001-07-01,27.034,0.538,73.86,3.496
2001-07-02,27.86,0.247,69.09,3.187
2001-07-03,28.399,0.385,66.63,2.96
2001-07-04,27.305,12.508,76.65,2.322
2001-07-05,26.264,24.813,86.16,2.572
2001-07-06,26.313,18.55,85.9,2.316
2001-07-07,26.508,20.943,86.89,1.988
2001-07-08,25.652,43.314,91.13,1.902
2001-07-09,24.776,35.852,91.53,3.508
2001-07-10,25.684,9.991,83.89,4.121
2001-07-11,24.816,21.367,88.78,3.473
2001-07-12,24.41,17.971,88.32,3.741
2001-07-13,24.482,27.039,88.07,4.17
2001-07-14,23.981,41.159,91.24,4.302
2001-07-15,24.827,9.037,86.41,3.638
2001-07-16,24.287,12.245,89.45,3.819
2001-07-17,24.058,12.572,88.84,3.854
2001-07-18,24.228,36.108,90.71,3.708
2001-07-19,24.333,69.763,93.26,3.377
2001-07-20,24.648,11.555,90.38,3.169
2001-07-21,24.62,10.833,91.04,3.071
2001-07-22,24.496,22.065,92.91,3.025
2001-07-23,24.846,10.516,90.24,2.852
2001-07-24,25.169,8.104,88.12,2.99
2001-07-25,26.09,10.353,85.02,2.734
2001-07-26,25.926,9.838,86.0,2.628
2001-07-27,26.119,7.823,85.95,2.594
2001-07-28,27.883,0.37,76.4,2.68
2001-07-29,27.732,0.95,76.68,2.94
2001-07-30,27.783,1.138,77.26,2.051
2001-07-31,27.768,2.171,77.9,1.725
2001-08-01,28.262,0.801,72.27,2.172
2001-08-02,26.536,14.256,84.8,1.842
2001-08-03,25.284,28.551,90.55,0.504
2001-08-04,25.175,11.692,89.12,1.459
2001-08-05,25.782,6.692,86.19,1.321
2001-08-06,26.472,7.571,84.41,0.77
2001-08-07,26.724,5.206,83.92,0.463
2001-08-08,26.713,4.455,84.12,0.426
2001-08-09,26.298,10.198,86.97,0.504
2001-08-10,25.902,19.409,88.24,0.7
2001-08-11,25.278,10.487,89.8,1.717
2001-08-12,25.127,5.033,89.19,2.728
2001-08-13,25.088,16.681,89.98,2.718
2001-08-14,24.654,10.287,92.18,1.797
2001-08-15,25.47,8.559,87.79,2.98
2001-08-16,26.008,2.431,82.5,3.813
2001-08-17,26.374,3.436,77.2,3.953
2001-08-18,25.029,10.647,84.83,3.595
2001-08-19,24.848,43.995,85.72,3.165
2001-08-20,24.149,34.503,94.02,1.602
2001-08-21,25.577,16.087,90.77,1.331
2001-08-22,25.622,13.652,90.06,1.561
2001-08-23,25.229,17.367,91.42,1.802
2001-08-24,26.116,23.236,87.58,1.639
2001-08-25,27.317,2.668,80.94,2.196
2001-08-26,27.947,1.061,76.39,2.323
2001-08-27,27.92,0.582,73.72,2.577
2001-08-28,27.089,0.385,70.49,2.859
2001-08-29,26.966,0.157,69.68,2.702
2001-08-30,27.096,0.157,67.69,2.907
2001-08-31,26.978,1.101,69.19,2.442
2001-09-01,26.471,1.918,78.25,2.298
2001-09-02,25.726,9.595,86.65,2.422
2001-09-03,27.564,0.92,80.14,2.278
2001-09-04,28.066,1.783,76.29,2.097
2001-09-05,27.626,0.253,70.0,2.438
2001-09-06,27.024,1.044,74.47,1.802
2001-09-07,27.269,0.79,76.94,1.63
2001-09-08,27.981,0.348,74.3,1.789
2001-09-09,28.445,0.305,71.49,2.116
2001-09-10,27.952,1.48,75.56,1.655
2001-09-11,27.444,2.465,77.2,1.185
2001-09-12,27.852,0.769,75.53,1.07
2001-09-13,27.662,1.953,77.81,1.125
2001-09-14,27.911,2.287,75.57,0.665
2001-09-15,28.062,0.955,76.27,0.777
2001-09-16,27.974,1.106,76.97,0.416
2001-09-17,28.044,0.295,69.37,0.913
2001-09-18,27.764,1.156,72.77,1.31
2001-09-19,28.191,0.421,71.65,1.553
2001-09-20,28.278,0.089,66.79,0.468
2001-09-21,28.206,0.038,63.15,0.284
2001-09-22,28.344,0.005,60.42,0.462
2001-09-23,28.567,0.014,61.0,0.64
2001-09-24,28.888,0.002,60.61,0.556
2001-09-25,27.697,2.945,76.49,0.943
2001-09-26,27.385,3.331,79.92,0.875
2001-09-27,27.922,1.859,75.23,1.496
2001-09-28,27.929,1.17,75.23,1.98
2001-09-29,27.345,1.517,76.0,3.051
2001-09-30,24.968,14.326,87.7,2.619
2001-10-01,25.558,13.238,87.97,1.806
2001-10-02,25.68,8.981,86.93,1.744
2001-10-03,25.195,7.947,88.25,1.77
2001-10-04,25.089,10.34,87.31,2.262
2001-10-05,25.451,7.159,86.36,0.769
2001-10-06,26.01,2.092,84.49,1.861
2001-10-07,26.261,7.531,82.37,2.081
2001-10-08,26.821,1.522,79.72,0.75
2001-10-09,26.664,2.735,82.97,0.957
2001-10-10,26.344,6.836,84.57,0.917
2001-10-11,25.465,5.17,87.66,1.218
2001-10-12,26.465,0.55,79.8,0.453
2001-10-13,26.756,0.019,71.38,0.988
2001-10-14,26.87,0.237,74.31,1.491
2001-10-15,26.384,0.026,69.89,2.364
2001-10-16,25.909,0.046,69.49,2.321
2001-10-17,25.486,1.347,80.25,1.503
2001-10-18,25.326,0.334,75.94,0.924
2001-10-19,24.587,0.002,63.21,1.427
2001-10-20,24.442,0.0,62.07,1.185
2001-10-21,24.253,0.0,61.58,0.531
2001-10-22,24.431,0.0,62.63,1.231
2001-10-23,24.646,0.001,64.44,1.563
2001-10-24,24.664,0.002,61.02,0.931
2001-10-25,25.012,0.001,60.09,0.495
2001-10-26,24.81,0.001,57.67,0.698
2001-10-27,25.222,0.0,56.69,0.622
2001-10-28,25.541,0.001,57.44,0.843
2001-10-29,25.021,0.0,58.41,1.338
2001-10-30,24.982,0.47,70.77,1.682
2001-10-31,25.321,0.23,68.88,1.266
2001-11-01,25.035,0.0,56.49,0.854
2001-11-02,25.313,0.002,51.02,0.425
2001-11-03,25.208,0.0,51.49,0.712
2001-11-04,25.472,0.002,49.69,0.712
2001-11-05,25.383,0.0,49.93,1.812
2001-11-06,25.316,0.002,52.56,2.145
2001-11-07,24.881,0.002,55.54,2.304
2001-11-08,24.616,0.058,62.32,2.476
2001-11-09,24.525,0.003,59.13,2.928
2001-11-10,24.26,0.047,54.93,3.04
2001-11-11,23.757,0.017,56.44,2.973
2001-11-12,22.791,0.002,48.12,2.772
2001-11-13,24.22,0.0,54.58,2.528
2001-11-14,25.375,0.31,65.16,1.875
2001-11-15,25.803,0.465,67.23,1.347
2001-11-16,24.711,5.765,78.5,0.338
2001-11-17,24.849,1.385,76.69,0.347
2001-11-18,24.643,0.18,66.96,0.892
2001-11-19,22.755,0.001,52.46,1.711
2001-11-20,21.919,0.0,54.13,1.509
2001-11-21,22.726,0.002,56.14,1.042
2001-11-22,22.778,0.0,53.74,0.376
2001-11-23,22.224,0.0,51.28,0.163
2001-11-24,21.789,0.001,51.92,1.363
2001-11-25,21.646,0.001,50.48,1.453
2001-11-26,22.144,0.0,49.83,1.048
2001-11-27,22.33,0.003,52.43,1.032
2001-11-28,21.124,-0.0,52.6,0.503
2001-11-29,20.547,0.001,50.72,1.642
2001-11-30,19.734,0.0,49.01,0.996
2001-12-01,19.554,0.0,46.59,0.511
2001-12-02,19.576,0.0,45.64,0.179
2001-12-03,20.026,0.001,44.73,0.234
2001-12-04,20.271,0.002,46.56,0.06
2001-12-05,20.33,0.001,48.43,0.145
2001-12-06,20.696,0.001,47.05,0.278
2001-12-07,20.694,0.001,47.75,0.084
2001-12-08,20.917,0.003,48.62,0.707
2001-12-09,22.02,0.0,48.31,0.229
2001-12-10,22.175,0.001,51.45,0.374
2001-12-11,22.455,0.0,54.54,0.082
2001-12-12,22.97,0.0,52.66,0.322
2001-12-13,22.493,0.001,52.95,1.57
2001-12-14,21.215,0.001,54.18,1.692
2001-12-15,21.025,0.0,53.87,0.724
2001-12-16,21.243,0.001,54.18,0.941
2001-12-17,20.24,0.003,46.39,1.717
2001-12-18,19.538,0.0,47.16,1.699
2001-12-19,19.201,0.001,49.85,1.856
2001-12-20,19.641,0.0,47.48,2.249
2001-12-21,18.36,0.0,48.63,2.088
2001-12-22,17.645,0.001,46.0,1.669
2001-12-23,17.569,0.001,47.53,1.12
2001-12-24,18.048,0.0,46.01,0.744
2001-12-25,18.616,0.002,45.68,1.025
2001-12-26,18.98,0.001,46.16,1.194
2001-12-27,19.454,0.001,47.38,1.293
2001-12-28,19.888,0.001,45.34,1.553
2001-12-29,19.884,0.002,46.92,1.03
2001-12-30,19.802,0.001,51.72,0.644
2001-12-31,19.732,0.001,49.73,1.098
2002-01-01,17.868,0.0,39.91,1.728
2002-01-02,16.706,0.0,41.47,1.517
2002-01-03,16.721,0.001,43.97,1.696
2002-01-04,16.965,0.001,44.09,1.733
2002-01-05,17.926,0.003,45.66,1.772
2002-01-06,16.364,1.533,69.78,0.911
2002-01-07,18.141,0.097,69.98,1.091
2002-01-08,19.333,0.133,63.61,1.52
2002-01-09,19.144,0.008,58.12,1.446
2002-01-10,18.95,0.001,50.23,0.783
2002-01-11,18.46,0.001,45.31,0.458
2002-01-12,18.871,0.004,40.53,0.687
2002-01-13,19.673,0.0,44.24,0.321
2002-01-14,20.798,0.002,46.32,0.926
2002-01-15,21.844,0.004,48.13,1.932
2002-01-16,22.742,0.002,54.25,2.172
2002-01-17,22.911,0.0,52.81,1.988
2002-01-18,22.545,0.0,50.35,2.112
2002-01-19,22.184,0.0,46.03,0.668
2002-01-20,23.196,0.001,52.44,0.815
2002-01-21,23.428,0.096,57.07,0.89
2002-01-22,22.488,2.333,73.41,0.406
2002-01-23,22.382,1.117,77.58,0.57
2002-01-24,21.246,0.006,53.57,1.129
2002-01-25,19.886,0.001,44.24,1.12
2002-01-26,20.345,0.001,41.96,0.446
2002-01-27,22.103,0.105,49.82,1.466
2002-01-28,20.056,0.002,48.07,1.944
2002-01-29,19.336,0.001,57.03,2.195
2002-01-30,18.704,0.008,53.63,1.864
2002-01-31,19.593,0.001,45.3,1.446
2002-02-01,19.967,0.001,40.36,1.096
2002-02-02,20.334,0.0,40.22,1.025
2002-02-03,19.798,0.001,36.67,1.214
2002-02-04,20.601,0.003,35.53,1.458
2002-02-05,23.172,0.0,35.63,1.278
2002-02-06,24.713,0.102,48.65,0.852
2002-02-07,23.638,0.933,61.61,0.313
2002-02-08,21.831,1.544,66.38,0.978
2002-02-09,22.354,0.01,57.26,1.543
2002-02-10,24.071,0.0,47.32,2.128
2002-02-11,24.325,0.001,48.42,1.195
2002-02-12,24.089,0.027,54.96,1.906
2002-02-13,23.772,0.007,55.26,1.801
2002-02-14,23.87,0.001,48.92,1.484
2002-02-15,23.151,0.0,40.87,1.17
2002-02-16,22.732,0.003,33.29,1.359
2002-02-17,24.166,0.0,29.0,1.347
2002-02-18,25.222,0.022,31.4,1.822
2002-02-19,24.815,0.01,41.61,0.747
2002-02-20,25.83,0.002,40.14,0.726
2002-02-21,26.746,0.003,38.85,1.182
2002-02-22,26.859,0.002,38.32,0.607
2002-02-23,27.799,0.004,35.86,0.713
2002-02-24,27.507,0.016,37.7,0.995
2002-02-25,26.677,0.036,38.37,1.239
2002-02-26,25.205,0.002,42.5,1.589
2002-02-27,25.256,0.002,33.4,1.028
2002-02-28,26.496,0.0,33.17,0.809
2002-03-01,27.512,0.0,34.27,0.415
2002-03-02,28.484,0.041,34.91,2.186
2002-03-03,27.921,0.002,31.97,2.045
2002-03-04,24.863,0.002,30.59,1.389
2002-03-05,24.923,0.001,27.18,1.066
2002-03-06,25.984,0.001,28.64,0.537
2002-03-07,26.747,0.01,35.45,0.851
2002-03-08,27.776,0.222,44.62,1.108
2002-03-09,28.489,0.036,45.72,1.606
2002-03-10,29.683,0.0,32.45,2.02
2002-03-11,29.499,0.001,26.95,1.884
2002-03-12,28.284,0.001,23.36,2.129
2002-03-13,28.374,0.002,24.56,2.11
2002-03-14,28.788,0.0,30.04,1.603
2002-03-15,27.141,0.021,38.7,1.449
2002-03-16,28.282,0.001,30.71,1.475
2002-03-17,28.463,0.001,23.07,1.488
2002-03-18,28.298,0.0,21.8,1.386
2002-03-19,28.404,0.001,20.05,1.176
2002-03-20,28.582,0.0,22.0,0.349
2002-03-21,29.424,0.001,19.68,1.092
2002-03-22,29.634,0.021,21.14,1.221
2002-03-23,30.284,0.001,21.67,1.903
2002-03-24,31.378,0.001,19.71,2.188
2002-03-25,31.562,0.0,20.81,2.457
2002-03-26,29.414,3.249,41.71,1.868
2002-03-27,29.384,4.013,44.93,1.563
2002-03-28,27.591,8.759,57.77,1.154
2002-03-29,26.696,4.379,64.95,0.408
2002-03-30,28.11,0.002,41.68,0.272
2002-03-31,29.537,0.0,36.48,1.537
2002-04-01,31.253,0.54,39.26,3.681
2002-04-02,31.147,0.381,39.54,2.536
2002-04-03,30.719,0.0,29.3,1.132
2002-04-04,30.269,0.002,26.8,0.331
2002-04-05,31.136,0.002,24.84,0.111
2002-04-06,32.107,0.101,31.32,1.896
2002-04-07,31.642,0.95,36.96,2.193
2002-04-08,29.873,1.503,42.44,1.614
2002-04-09,30.946,0.056,34.81,1.358
2002-04-10,31.38,0.001,28.05,1.415
2002-04-11,31.32,0.004,24.88,1.172
2002-04-12,30.911,0.0,27.74,0.12
2002-04-13,31.576,0.0,29.78,0.973
2002-04-14,32.845,0.003,30.61,2.673
2002-04-15,34.065,0.0,27.88,3.255
2002-04-16,34.983,0.0,23.72,2.652
2002-04-17,35.538,0.001,23.62,1.945
2002-04-18,35.78,0.0,23.11,2.011
2002-04-19,35.988,0.018,23.6,2.377
2002-04-20,35.451,0.695,26.23,2.281
2002-04-21,34.636,0.514,25.8,1.899
2002-04-22,34.628,0.084,22.49,3.252
2002-04-23,34.563,0.0,20.31,2.376
2002-04-24,34.977,0.002,22.92,3.454
2002-04-25,35.341,0.003,25.95,3.57
2002-04-26,34.7,0.001,19.22,2.6
2002-04-27,33.465,0.002,14.65,0.895
2002-04-28,35.132,0.0,21.34,3.204
2002-04-29,34.916,0.001,20.82,3.717
2002-04-30,34.956,0.001,19.69,1.877
2002-05-01,35.343,0.005,21.91,2.749
2002-05-02,36.125,0.026,22.73,3.065
2002-05-03,35.779,0.075,24.83,3.416
2002-05-04,35.574,0.001,26.58,2.763
2002-05-05,36.009,0.003,26.1,2.956
2002-05-06,36.293,0.201,28.29,3.483
2002-05-07,36.354,0.01,25.29,3.546
2002-05-08,36.895,0.001,14.68,2.698
2002-05-09,37.251,0.001,13.5,2.447
2002-05-10,37.629,0.0,15.56,3.334
2002-05-11,38.199,0.0,19.81,3.532
2002-05-12,38.619,0.001,18.73,3.173
2002-05-13,38.851,0.0,20.93,2.678
2002-05-14,38.833,0.022,22.47,2.151
2002-05-15,34.739,1.612,40.85,3.356
2002-05-16,36.178,0.205,34.93,0.917
2002-05-17,36.413,0.016,34.71,0.217
2002-05-18,38.389,0.0,23.36,3.58
2002-05-19,37.715,0.0,22.82,4.787
2002-05-20,35.897,0.0,24.38,4.215
2002-05-21,36.409,0.001,22.74,3.743
2002-05-22,38.154,0.001,18.97,3.092
2002-05-23,38.411,0.012,18.88,2.388
2002-05-24,37.842,0.416,22.1,2.48
2002-05-25,35.777,0.551,32.2,3.12
2002-05-26,34.576,1.0,36.08,3.187
2002-05-27,35.018,0.001,27.09,3.297
2002-05-28,34.495,0.314,30.03,1.664
2002-05-29,33.136,0.726,39.1,2.035
2002-05-30,33.235,0.126,41.08,1.894
2002-05-31,33.953,0.007,35.07,0.613
2002-06-01,34.662,0.005,33.03,1.381
2002-06-02,35.237,0.378,34.96,2.211
2002-06-03,34.423,0.496,39.71,1.867
2002-06-04,33.165,2.507,46.69,2.396
2002-06-05,32.195,4.11,53.35,2.486
2002-06-06,32.07,2.248,55.12,2.639
2002-06-07,31.804,3.403,57.08,2.48
2002-06-08,32.91,1.762,50.41,1.559
2002-06-09,33.137,2.034,50.08,0.778
2002-06-10,33.402,1.162,48.16,1.888
2002-06-11,33.95,0.187,46.39,1.653
2002-06-12,32.896,1.794,52.88,2.915
2002-06-13,33.427,3.547,51.17,2.907
2002-06-14,33.3,0.397,52.17,3.088
2002-06-15,33.564,1.045,48.3,2.328
2002-06-16,32.682,3.0,52.75,1.402
2002-06-17,31.648,5.692,57.5,1.689
2002-06-18,29.805,15.461,71.77,2.106
2002-06-19,29.38,18.28,75.41,2.16
2002-06-20,27.935,17.899,79.93,2.478
2002-06-21,26.985,14.78,83.77,3.125
2002-06-22,27.579,15.194,81.24,2.85
2002-06-23,27.045,33.029,84.36,3.249
2002-06-24,24.537,53.641,94.53,4.699
2002-06-25,25.976,2.203,73.76,3.778
2002-06-26,24.382,9.754,82.78,3.51
2002-06-27,27.729,0.279,69.65,3.326
2002-06-28,28.284,0.659,69.42,3.14
2002-06-29,29.311,0.023,65.0,3.428
2002-06-30,27.779,5.555,77.29,3.727
2002-07-01,27.605,9.142,79.48,3.313
2002-07-02,27.798,4.141,75.23,3.142
2002-07-03,27.94,1.595,73.26,3.33
2002-07-04,28.501,0.383,67.49,3.634
2002-07-05,28.816,0.493,65.42,3.5
2002-07-06,29.271,0.104,63.43,3.527
2002-07-07,29.617,0.037,59.35,3.75
2002-07-08,29.584,0.148,60.02,3.609
2002-07-09,29.81,0.636,62.93,3.154
2002-07-10,30.034,0.523,59.18,3.123
2002-07-11,30.27,0.379,59.41,3.118
2002-07-12,30.211,0.551,60.69,2.966
2002-07-13,30.141,1.891,62.67,2.698
2002-07-14,28.701,11.364,71.43,2.617
2002-07-15,26.735,23.994,85.32,1.802
2002-07-16,26.927,19.723,83.85,2.481
2002-07-17,26.363,37.144,87.76,1.861
2002-07-18,27.102,4.353,84.23,0.073
2002-07-19,27.155,4.536,82.84,2.665
2002-07-20,25.778,20.798,85.48,3.801
2002-07-21,24.916,11.683,87.98,3.447
2002-07-22,26.462,2.596,77.44,3.6
2002-07-23,27.222,1.403,75.69,3.963
2002-07-24,28.111,0.548,69.7,3.81
2002-07-25,27.801,0.622,73.21,3.643
2002-07-26,27.738,0.587,72.85,3.207
2002-07-27,28.613,0.453,70.98,2.676
2002-07-28,29.137,0.679,69.66,2.365
2002-07-29,29.863,0.166,64.14,2.341
2002-07-30,29.271,2.769,67.73,1.48
2002-07-31,27.076,34.255,84.07,0.532
2002-08-01,26.042,11.258,87.8,0.966
2002-08-02,27.088,6.22,83.06,1.63
2002-08-03,26.421,6.185,84.51,1.777
2002-08-04,25.783,8.489,85.98,1.903
2002-08-05,25.316,6.019,87.62,2.356
2002-08-06,25.87,7.923,84.06,2.558
2002-08-07,26.54,4.112,81.34,2.773
2002-08-08,26.218,8.301,84.22,2.713
2002-08-09,25.248,9.732,88.37,2.844
2002-08-10,25.019,10.504,88.62,3.264
2002-08-11,25.983,2.36,81.77,3.773
2002-08-12,24.8,11.451,87.59,3.714
2002-08-13,24.432,11.02,90.16,3.564
2002-08-14,24.465,8.992,89.95,3.634
2002-08-15,24.628,71.763,89.07,4.538
2002-08-16,23.812,30.806,89.14,4.651
2002-08-17,22.585,26.592,92.28,4.793
2002-08-18,23.286,14.869,91.66,4.567
2002-08-19,25.071,1.543,83.65,4.126
2002-08-20,24.297,8.067,90.36,3.138
2002-08-21,23.908,19.222,95.09,1.713
2002-08-22,25.042,12.788,90.59,1.299
2002-08-23,25.487,41.026,89.37,1.394
2002-08-24,24.702,4.243,83.6,3.424
2002-08-25,26.688,0.041,71.75,2.769
2002-08-26,26.892,3.04,79.71,2.053
2002-08-27,27.283,1.82,76.16,2.048
2002-08-28,26.428,15.757,82.06,2.029
2002-08-29,24.742,14.821,90.1,1.07
2002-08-30,24.664,9.931,91.09,0.564
2002-08-31,24.32,7.954,91.35,1.107
2002-09-01,24.616,15.249,90.79,1.12
2002-09-02,24.825,12.517,89.37,1.576
2002-09-03,25.021,6.083,86.45,2.549
2002-09-04,25.203,6.944,85.66,2.576
2002-09-05,25.544,6.183,83.74,2.678
2002-09-06,23.812,17.075,93.58,2.403
2002-09-07,24.277,37.074,92.5,1.83
2002-09-08,24.619,22.023,86.83,2.542
2002-09-09,24.352,8.224,88.39,2.505
2002-09-10,25.793,5.612,81.98,2.65
2002-09-11,24.685,15.873,89.26,2.65
2002-09-12,25.117,5.506,87.6,1.955
2002-09-13,26.856,1.118,79.52,1.299
2002-09-14,27.413,0.342,77.68,1.119
2002-09-15,27.267,0.086,69.05,1.441
2002-09-16,26.914,0.0,65.07,1.875
2002-09-17,26.553,0.093,69.67,2.036
2002-09-18,26.775,0.086,70.38,0.821
2002-09-19,27.196,0.044,71.71,1.065
2002-09-20,27.216,0.001,65.73,1.519
2002-09-21,27.146,0.015,67.24,1.891
2002-09-22,26.925,0.019,70.75,1.002
2002-09-23,27.261,0.043,68.55,1.309
2002-09-24,27.64,0.331,70.93,1.805
2002-09-25,27.543,0.11,69.83,2.09
2002-09-26,26.632,0.107,69.27,2.141
2002-09-27,26.461,0.0,63.66,1.817
2002-09-28,26.403,0.001,62.42,0.789
2002-09-29,26.677,0.002,64.19,0.647
2002-09-30,26.896,0.121,68.9,0.472
2002-10-01,27.468,0.001,63.57,0.23
2002-10-02,27.941,0.002,59.06,0.966
2002-10-03,28.633,0.001,55.77,0.432
2002-10-04,28.066,0.001,56.51,0.782
2002-10-05,27.409,0.001,55.34,1.251
2002-10-06,26.848,0.001,57.32,1.208
2002-10-07,27.157,0.003,64.56,1.188
2002-10-08,27.294,1.141,73.36,1.57
2002-10-09,27.413,0.418,73.44,1.888
2002-10-10,27.194,0.022,67.61,1.87
2002-10-11,26.959,0.4,71.35,1.41
2002-10-12,27.067,0.477,69.84,1.947
2002-10-13,26.692,1.347,70.81,2.401
2002-10-14,26.506,0.164,68.21,1.981
2002-10-15,26.924,0.591,69.11,1.718
2002-10-16,26.323,11.169,77.51,0.688
2002-10-17,25.026,12.762,86.85,1.308
2002-10-18,24.564,1.483,76.66,1.278
2002-10-19,24.352,0.0,67.46,0.421
2002-10-20,25.704,0.0,61.48,0.495
2002-10-21,25.618,0.0,60.16,0.37
2002-10-22,26.199,0.001,59.11,0.619
2002-10-23,26.064,0.0,60.5,1.057
2002-10-24,25.141,0.003,65.46,2.0
2002-10-25,24.671,0.005,61.64,1.924
2002-10-26,24.121,0.001,56.47,1.321
2002-10-27,23.138,0.0,53.69,0.247
2002-10-28,23.246,0.0,48.68,0.154
2002-10-29,23.298,0.0,46.69,0.474
2002-10-30,23.764,0.001,47.48,0.417
2002-10-31,24.248,0.0,47.5,0.5
2002-11-01,24.277,0.0,49.01,0.788
2002-11-02,24.324,0.001,53.58,0.065
2002-11-03,24.018,0.001,50.22,1.609
2002-11-04,23.574,0.001,51.01,1.331
2002-11-05,23.056,0.001,51.9,1.245
2002-11-06,22.901,0.0,49.59,1.717
2002-11-07,23.04,0.001,53.04,1.655
2002-11-08,23.475,0.0,55.28,1.81
2002-11-09,24.479,0.068,62.94,1.881
2002-11-10,24.324,0.214,67.48,2.375
2002-11-11,24.448,0.0,58.59,2.515
2002-11-12,24.358,0.0,55.81,2.192
2002-11-13,23.311,0.002,58.53,1.409
2002-11-14,22.771,0.002,52.61,0.726
2002-11-15,22.446,0.002,50.79,0.902
2002-11-16,22.366,0.0,52.89,0.444
2002-11-17,21.945,0.003,55.95,1.264
2002-11-18,20.871,0.0,49.92,0.371
2002-11-19,21.323,0.0,49.3,0.342
2002-11-20,21.768,0.0,43.38,0.702
2002-11-21,22.065,0.002,44.42,0.933
2002-11-22,22.194,0.0,47.66,0.444
2002-11-23,22.17,0.0,50.93,0.776
2002-11-24,22.367,0.001,53.32,0.79
2002-11-25,22.166,0.002,52.23,0.772
2002-11-26,21.779,0.0,47.22,1.054
2002-11-27,21.465,0.003,44.92,1.027
2002-11-28,20.773,0.001,41.76,0.956
2002-11-29,20.381,0.002,42.51,0.699
2002-11-30,21.366,0.001,45.61,0.723
2002-12-01,22.255,0.003,51.23,0.473
2002-12-02,21.534,0.0,53.13,1.255
2002-12-03,21.327,0.0,50.51,0.837
2002-12-04,21.348,0.0,51.43,0.936
2002-12-05,21.946,0.003,51.84,0.945
2002-12-06,22.013,0.0,50.91,1.149
2002-12-07,22.321,0.001,50.57,0.88
2002-12-08,22.897,0.001,54.9,0.518
2002-12-09,23.043,0.001,54.33,0.356
2002-12-10,22.948,0.001,52.99,0.566
2002-12-11,22.518,0.0,54.94,1.117
2002-12-12,22.42,0.002,53.82,1.004
2002-12-13,22.004,0.0,54.05,1.018
2002-12-14,21.718,0.001,51.99,0.773
2002-12-15,21.326,0.0,50.04,0.697
2002-12-16,21.239,0.003,50.32,0.309
2002-12-17,21.283,0.001,48.07,0.308
2002-12-18,22.53,0.001,45.71,1.243
2002-12-19,23.218,0.0,46.31,1.671
2002-12-20,23.197,0.0,45.34,1.515
2002-12-21,22.655,0.002,44.2,0.664
2002-12-22,22.426,0.002,43.3,1.4
2002-12-23,22.188,0.003,43.88,0.977
2002-12-24,22.003,0.288,53.62,0.765
2002-12-25,21.353,0.292,57.13,0.82
2002-12-26,20.94,0.001,53.98,1.137
2002-12-27,19.925,0.001,52.17,1.124
2002-12-28,19.609,0.003,49.91,0.851
2002-12-29,19.104,0.003,47.67,0.946
2002-12-30,21.235,0.002,40.81,1.776
2002-12-31,20.425,1.067,64.8,1.021
2003-01-01,18.496,0.001,54.18,1.956
2003-01-02,18.992,0.001,56.29,1.999
2003-01-03,20.999,0.001,56.09,1.331
2003-01-04,21.304,0.0,54.29,1.475
2003-01-05,19.936,0.0,52.35,1.179
2003-01-06,18.347,0.0,42.25,1.353
2003-01-07,18.966,0.001,39.12,1.355
2003-01-08,20.16,0.002,49.3,1.535
2003-01-09,19.961,0.001,48.41,1.468
2003-01-10,20.67,0.001,43.49,1.492
2003-01-11,21.198,0.001,43.33,1.626
2003-01-12,21.047,0.003,46.29,1.568
2003-01-13,21.332,0.0,45.4,1.72
2003-01-14,20.533,0.001,40.03,1.837
2003-01-15,18.557,0.001,32.87,1.918
2003-01-16,17.243,0.0,32.11,1.687
2003-01-17,17.09,0.001,33.85,1.894
2003-01-18,17.965,0.001,34.8,1.666
2003-01-19,19.001,0.001,37.0,1.156
2003-01-20,20.653,0.0,37.76,0.768
2003-01-21,21.517,0.001,39.46,0.7
2003-01-22,21.826,0.002,43.09,0.391
2003-01-23,23.555,0.001,44.83,0.549
2003-01-24,23.539,0.001,43.89,0.624
2003-01-25,23.748,0.0,39.1,1.298
2003-01-26,23.035,0.001,37.65,1.589
2003-01-27,23.034,0.001,31.25,1.274
2003-01-28,24.228,0.009,35.5,0.566
2003-01-29,23.794,0.06,52.51,1.349
2003-01-30,22.8,0.001,51.16,0.354
2003-01-31,24.306,0.002,46.6,1.193
2003-02-01,25.856,0.18,48.18,0.34
2003-02-02,25.347,1.616,52.89,1.464
2003-02-03,24.957,0.038,51.81,1.674
2003-02-04,22.841,3.167,62.68,1.429
2003-02-05,21.921,0.115,64.12,1.156
2003-02-06,22.159,0.001,55.5,0.9
2003-02-07,23.286,0.002,43.33,0.448
2003-02-08,23.934,1.64,49.41,0.906
2003-02-09,23.248,0.772,59.22,0.437
2003-02-10,23.631,0.196,57.49,0.917
2003-02-11,23.835,0.887,60.93,1.459
2003-02-12,23.906,0.525,62.39,1.413
2003-02-13,23.502,0.312,59.75,1.412
2003-02-14,23.509,0.002,33.54,1.808
2003-02-15,23.752,0.034,42.29,1.361
2003-02-16,25.282,0.05,48.63,0.844
2003-02-17,25.315,2.637,54.96,0.604
2003-02-18,22.92,7.395,75.15,1.084
2003-02-19,25.122,0.408,55.95,1.759
2003-02-20,24.18,0.087,47.16,1.606
2003-02-21,22.662,0.001,43.51,1.433
2003-02-22,23.147,0.001,37.94,1.34
2003-02-23,24.221,0.003,35.81,1.008
2003-02-24,25.685,0.025,37.94,0.566
2003-02-25,26.162,0.039,40.8,0.26
2003-02-26,25.714,0.695,47.46,0.651
2003-02-27,27.548,0.003,35.64,0.187
2003-02-28,27.981,0.061,41.05,0.904
2003-03-01,28.538,0.034,38.16,1.933
2003-03-02,28.87,0.0,33.74,1.995
2003-03-03,29.415,0.001,34.61,2.522
2003-03-04,26.498,0.0,22.65,2.612
2003-03-05,21.806,0.002,18.01,1.33
2003-03-06,22.741,0.0,20.99,1.247
2003-03-07,23.416,0.001,20.94,0.998
2003-03-08,24.575,0.001,21.12,0.73
2003-03-09,25.643,0.0,20.31,1.265
2003-03-10,27.746,0.046,33.62,1.309
2003-03-11,28.851,0.001,34.82,2.87
2003-03-12,27.792,1.751,39.74,2.021
2003-03-13,27.668,0.062,41.68,1.187
2003-03-14,27.815,0.202,36.43,1.689
2003-03-15,28.432,0.035,35.19,0.612
2003-03-16,26.329,5.38,61.68,1.716
2003-03-17,25.415,4.408,68.82,0.82
2003-03-18,26.675,0.368,54.51,0.694
2003-03-19,24.823,7.093,67.81,0.66
2003-03-20,26.027,0.082,56.6,0.797
2003-03-21,26.882,0.002,36.13,1.057
2003-03-22,27.915,0.0,32.74,0.563
2003-03-23,29.048,0.0,33.55,0.253
2003-03-24,29.498,0.868,38.2,0.423
2003-03-25,29.461,0.449,38.36,0.531
2003-03-26,28.595,1.239,45.55,0.479
2003-03-27,29.345,0.071,36.24,0.22
2003-03-28,29.595,0.018,37.22,1.428
2003-03-29,30.042,0.093,36.56,1.587
2003-03-30,31.264,0.001,24.74,2.964
2003-03-31,31.602,0.001,25.6,1.629
2003-04-01,31.172,0.003,24.96,1.359
2003-04-02,32.712,0.0,22.98,1.446
2003-04-03,33.049,0.015,28.9,2.407
2003-04-04,32.118,0.152,31.18,2.182
2003-04-05,31.233,0.415,32.9,0.986
2003-04-06,31.406,0.6,37.73,0.78
2003-04-07,30.667,0.575,41.22,0.242
2003-04-08,31.328,0.201,37.91,0.584
2003-04-09,31.768,0.332,34.96,0.668
2003-04-10,31.729,0.739,37.48,1.473
2003-04-11,31.911,0.663,38.95,2.273
2003-04-12,33.216,0.034,31.44,2.338
2003-04-13,33.737,0.005,30.94,2.617
2003-04-14,33.795,0.084,30.52,1.472
2003-04-15,33.954,0.0,25.61,2.484
2003-04-16,34.387,0.001,23.13,3.146
2003-04-17,34.911,0.002,23.54,3.042
2003-04-18,35.194,0.167,25.59,2.957
2003-04-19,35.519,0.059,21.69,2.806
2003-04-20,34.777,0.003,22.27,2.508
2003-04-21,34.579,0.056,24.85,2.335
2003-04-22,35.055,0.024,22.17,2.679
2003-04-23,35.192,0.001,20.02,1.216
2003-04-24,35.354,0.017,19.82,1.327
2003-04-25,35.409,0.001,22.04,2.481
2003-04-26,35.059,0.082,23.7,3.201
2003-04-27,34.462,0.144,25.65,1.577
2003-04-28,33.208,0.366,28.2,0.354
2003-04-29,32.911,1.617,28.64,1.303
2003-04-30,32.398,0.777,31.3,1.51
2003-05-01,32.975,0.005,30.56,2.826
2003-05-02,34.157,0.001,30.16,3.735
2003-05-03,35.422,0.0,26.71,3.874
2003-05-04,34.406,0.001,19.2,2.495
2003-05-05,34.833,0.0,15.5,2.418
2003-05-06,34.694,0.0,15.64,2.953
2003-05-07,34.805,0.001,15.73,2.396
2003-05-08,35.489,0.0,14.12,2.346
2003-05-09,35.328,0.001,12.06,1.589
2003-05-10,33.751,0.001,16.88,1.253
2003-05-11,33.939,0.001,17.01,1.498
2003-05-12,34.845,0.001,18.54,0.813
2003-05-13,35.612,0.002,23.44,1.463
2003-05-14,35.014,0.036,30.22,1.35
2003-05-15,35.845,0.006,28.47,0.831
2003-05-16,36.315,0.001,18.38,1.695
2003-05-17,36.078,0.001,16.93,1.135
2003-05-18,37.284,0.001,16.17,2.35
2003-05-19,37.398,0.019,19.47,2.951
2003-05-20,37.398,0.001,19.69,2.574
2003-05-21,38.089,0.003,17.63,2.415
2003-05-22,38.001,0.0,17.42,2.438
2003-05-23,37.013,0.002,19.33,2.068
2003-05-24,37.519,0.001,20.92,2.158
2003-05-25,37.009,0.02,24.92,1.565
2003-05-26,37.594,-0.0,18.84,2.779
2003-05-27,37.28,0.002,16.28,3.092
2003-05-28,37.211,0.003,18.43,2.891
2003-05-29,37.924,0.002,17.51,2.372
2003-05-30,37.894,0.0,13.83,2.318
2003-05-31,38.025,0.001,14.03,1.468
2003-06-01,37.868,0.001,15.86,0.853
2003-06-02,38.348,0.0,15.5,1.217
2003-06-03,39.102,0.0,15.44,1.685
2003-06-04,39.752,0.0,15.86,2.607
2003-06-05,39.091,0.02,18.73,3.089
2003-06-06,38.342,0.009,21.07,3.842
2003-06-07,37.768,0.04,25.47,3.543
2003-06-08,37.956,0.009,22.47,3.404
2003-06-09,38.488,0.015,22.04,3.602
2003-06-10,38.248,0.001,23.27,3.964
2003-06-11,37.603,0.004,27.65,4.291
2003-06-12,34.848,2.327,41.37,3.11
2003-06-13,32.28,3.584,55.56,3.415
2003-06-14,29.982,8.398,66.02,3.298
2003-06-15,29.808,1.376,65.16,3.564
2003-06-16,31.551,1.676,55.91,2.816
2003-06-17,31.872,4.448,56.35,2.071
2003-06-18,30.755,9.445,61.88,2.832
2003-06-19,30.494,1.632,60.27,3.539
2003-06-20,30.287,3.18,59.8,3.296
2003-06-21,31.065,0.294,56.63,3.185
2003-06-22,30.642,2.229,61.16,2.984
2003-06-23,29.257,5.545,69.54,2.31
2003-06-24,27.366,15.945,81.72,1.598
2003-06-25,25.841,24.525,87.44,3.041
2003-06-26,26.565,7.458,84.34,3.178
2003-06-27,27.009,7.221,82.68,2.82
2003-06-28,26.916,4.991,80.59,3.377
2003-06-29,26.695,8.483,82.21,3.478
2003-06-30,25.655,12.643,88.36,3.111
2003-07-01,25.306,31.285,90.6,1.659
2003-07-02,26.128,6.978,85.88,0.886
2003-07-03,26.802,10.629,83.91,1.854
2003-07-04,27.223,17.491,81.89,0.888
2003-07-05,26.9,5.471,82.31,0.543
2003-07-06,26.569,13.667,83.73,0.608
2003-07-07,26.099,13.235,86.28,2.493
2003-07-08,27.256,13.319,81.49,2.375
2003-07-09,26.592,15.714,85.0,1.263
2003-07-10,26.007,19.396,87.99,1.173
2003-07-11,26.324,10.776,86.59,2.363
2003-07-12,26.704,4.783,83.6,2.555
2003-07-13,27.194,4.614,82.63,2.139
2003-07-14,26.562,17.056,87.05,1.838
2003-07-15,25.558,14.485,90.18,1.659
2003-07-16,25.413,6.128,88.89,1.588
2003-07-17,25.545,13.796,89.16,0.747
2003-07-18,26.546,11.299,84.51,0.228
2003-07-19,26.586,13.709,86.83,0.655
2003-07-20,26.833,9.606,85.53,1.787
2003-07-21,26.804,9.363,84.33,2.318
2003-07-22,25.537,33.34,90.18,2.666
2003-07-23,25.983,13.771,87.71,2.563
2003-07-24,25.103,15.341,90.76,3.082
2003-07-25,25.009,19.199,90.62,3.368
2003-07-26,24.613,87.498,92.58,4.604
2003-07-27,24.262,28.182,90.95,4.864
2003-07-28,26.948,0.693,78.04,2.936
2003-07-29,28.022,0.694,74.06,2.705
2003-07-30,28.094,0.662,73.01,3.032
2003-07-31,27.318,4.026,77.16,2.341
2003-08-01,25.415,12.316,87.87,2.787
2003-08-02,24.908,5.627,89.47,3.117
2003-08-03,25.715,6.007,83.94,2.779
2003-08-04,25.527,12.99,87.2,2.067
2003-08-05,26.275,13.722,85.73,0.7
2003-08-06,26.624,18.918,84.81,0.398
2003-08-07,26.696,8.3,85.48,0.4
2003-08-08,27.156,10.714,84.6,0.175
2003-08-09,26.768,7.759,85.38,1.716
2003-08-10,25.747,11.699,89.65,2.321
2003-08-11,25.53,17.063,91.83,2.632
2003-08-12,26.056,11.23,87.07,2.922
2003-08-13,24.659,17.534,93.4,3.142
2003-08-14,25.477,8.684,88.69,3.057
2003-08-15,25.272,15.863,88.54,2.712
2003-08-16,27.161,0.942,78.81,2.639
2003-08-17,27.436,1.192,77.01,2.429
2003-08-18,25.198,7.851,88.74,2.45
2003-08-19,25.271,9.028,86.43,2.201
2003-08-20,26.048,5.94,85.6,1.741
2003-08-21,26.659,13.494,85.89,0.776
2003-08-22,26.842,59.776,86.47,1.682
2003-08-23,25.659,22.339,87.67,1.9
2003-08-24,25.357,1.139,82.72,2.794
2003-08-25,26.85,1.753,75.27,2.77
2003-08-26,25.836,10.538,85.23,2.45
2003-08-27,24.774,21.883,90.75,2.606
2003-08-28,24.193,47.624,93.1,3.773
2003-08-29,24.266,51.475,92.0,4.123
2003-08-30,25.75,8.08,84.22,3.613
2003-08-31,25.378,15.849,86.46,3.48
2003-09-01,23.847,90.88,92.98,4.39
2003-09-02,23.046,93.212,92.49,4.561
2003-09-03,24.09,36.294,92.04,3.342
2003-09-04,25.322,12.592,88.42,2.78
2003-09-05,25.519,24.361,87.71,2.58
2003-09-06,24.166,22.205,91.98,3.21
2003-09-07,24.594,19.742,86.81,4.295
2003-09-08,24.439,6.718,84.47,4.204
2003-09-09,23.785,40.578,89.92,3.833
2003-09-10,25.317,16.382,82.77,2.874
2003-09-11,25.939,5.635,82.3,2.666
2003-09-12,26.134,4.197,82.45,2.202
2003-09-13,26.484,5.043,79.66,2.03
2003-09-14,24.716,12.33,89.36,2.058
2003-09-15,25.363,3.253,83.76,2.569
2003-09-16,25.843,1.68,79.76,2.193
2003-09-17,25.957,8.173,84.21,1.648
2003-09-18,25.501,8.843,87.8,1.345
2003-09-19,25.482,5.383,87.84,1.291
2003-09-20,25.959,4.984,87.16,0.382
2003-09-21,26.32,6.831,86.79,0.178
2003-09-22,26.18,13.518,86.1,0.357
2003-09-23,25.462,11.536,88.8,0.284
2003-09-24,25.73,8.468,86.83,0.704
2003-09-25,26.054,3.189,85.02,1.748
2003-09-26,25.626,10.654,88.02,1.064
2003-09-27,25.205,12.132,88.07,0.269
2003-09-28,25.495,7.691,87.19,0.714
2003-09-29,25.131,5.356,89.02,1.248
2003-09-30,25.973,5.399,85.64,1.184
2003-10-01,26.202,1.883,82.53,0.776
2003-10-02,26.006,0.431,77.54,1.74
2003-10-03,25.439,0.447,72.62,2.165
2003-10-04,25.598,1.134,78.63,2.299
2003-10-05,25.267,2.292,82.45,2.976
2003-10-06,24.102,9.004,86.34,4.247
2003-10-07,22.841,56.319,94.29,4.243
2003-10-08,22.938,40.76,95.52,2.093
2003-10-09,25.044,0.925,83.78,1.583
2003-10-10,25.319,0.003,75.03,0.693
2003-10-11,26.018,0.001,70.01,0.476
2003-10-12,26.552,0.0,64.33,0.432
2003-10-13,25.906,0.0,64.75,0.6
2003-10-14,24.024,0.0,59.97,1.436
2003-10-15,23.206,0.001,61.35,1.261
2003-10-16,24.095,0.003,68.55,1.617
2003-10-17,25.186,1.893,80.98,1.904
2003-10-18,25.055,1.298,83.11,2.151
2003-10-19,25.116,0.769,84.57,1.733
2003-10-20,25.565,1.386,83.54,1.468
2003-10-21,25.306,6.295,84.28,1.741
2003-10-22,24.25,15.515,88.24,2.082
2003-10-23,22.426,20.942,96.41,1.799
2003-10-24,22.061,14.707,94.92,1.591
2003-10-25,22.53,1.047,82.64,1.684
2003-10-26,22.551,0.03,78.2,1.288
2003-10-27,23.187,0.728,80.22,1.889
2003-10-28,24.416,1.597,81.23,2.674
2003-10-29,24.406,0.142,78.22,1.557
2003-10-30,25.062,0.293,79.5,0.43
2003-10-31,24.909,1.485,83.23,0.505
2003-11-01,23.651,4.604,87.54,0.776
2003-11-02,24.254,0.561,82.96,1.046
2003-11-03,23.471,0.009,72.77,1.222
2003-11-04,21.895,0.002,66.22,0.55
2003-11-05,21.51,0.002,69.41,0.346
2003-11-06,21.835,0.001,70.68,0.583
2003-11-07,22.648,0.002,66.92,0.787
2003-11-08,23.2,0.002,67.94,0.522
2003-11-09,23.437,0.004,68.99,0.321
2003-11-10,22.166,0.001,62.45,1.082
2003-11-11,21.632,0.001,62.99,1.295
2003-11-12,21.225,0.0,63.79,1.148
2003-11-13,20.519,0.001,64.47,1.411
2003-11-14,20.272,0.0,65.4,1.257
2003-11-15,20.381,0.001,65.56,0.463
2003-11-16,20.988,0.001,62.1,0.384
2003-11-17,21.298,0.002,63.95,0.68
2003-11-18,21.931,0.002,67.13,0.689
2003-11-19,22.401,0.001,68.88,0.673
2003-11-20,22.923,0.0,67.14,0.449
2003-11-21,23.069,0.0,67.82,0.945
2003-11-22,22.14,0.0,67.51,0.746
2003-11-23,21.771,0.0,66.99,1.21
2003-11-24,21.374,0.0,66.64,1.124
2003-11-25,20.799,0.001,66.3,0.635
2003-11-26,21.586,0.0,67.85,0.956
2003-11-27,21.458,0.002,64.12,1.244
2003-11-28,21.805,-0.0,62.06,1.188
2003-11-29,22.328,0.001,63.64,1.022
2003-11-30,22.345,0.004,67.95,0.88
2003-12-01,21.297,0.001,67.44,0.96
2003-12-02,20.005,0.001,60.99,1.032
2003-12-03,19.355,0.001,55.66,1.004
2003-12-04,19.354,0.003,53.49,0.759
2003-12-05,19.978,0.0,54.82,0.494
2003-12-06,20.299,0.001,53.89,0.208
2003-12-07,19.767,0.001,55.4,0.791
2003-12-08,19.543,0.001,56.18,0.403
2003-12-09,19.976,0.001,58.99,0.96
2003-12-10,20.237,0.001,62.21,1.386
2003-12-11,20.567,0.0,63.44,1.69
2003-12-12,20.557,0.002,59.13,1.664
2003-12-13,20.076,0.001,57.22,1.745
2003-12-14,19.622,0.0,58.29,2.145
2003-12-15,18.789,5.669,67.39,2.533
2003-12-16,17.625,3.867,82.71,2.477
2003-12-17,18.995,0.001,73.8,0.479
2003-12-18,19.266,0.001,67.56,1.075
2003-12-19,18.889,0.0,64.91,1.009
2003-12-20,18.419,0.001,65.29,1.136
2003-12-21,18.076,0.001,63.37,1.365
2003-12-22,17.953,0.001,59.91,1.369
2003-12-23,18.224,0.0,59.22,1.102
2003-12-24,18.344,0.001,57.19,1.08
2003-12-25,19.115,0.0,57.36,1.553
2003-12-26,20.025,0.01,61.54,1.891
2003-12-27,19.787,8.544,81.14,1.106
2003-12-28,18.503,0.671,65.5,1.992
2003-12-29,15.025,0.001,62.49,1.664
2003-12-30,15.454,0.0,64.88,1.41
2003-12-31,16.507,0.001,66.96,1.042
2004-01-01,17.466,0.0,64.84,0.853
2004-01-02,18.167,0.0,64.22,1.117
2004-01-03,18.539,0.0,65.44,1.435
2004-01-04,18.682,0.0,63.74,1.672
2004-01-05,18.465,0.001,64.79,1.851
2004-01-06,18.547,0.003,65.72,1.446
2004-01-07,18.592,0.089,67.61,1.464
2004-01-08,17.587,0.002,61.9,1.271
2004-01-09,17.246,0.002,50.82,0.772
2004-01-10,17.692,0.001,52.3,1.139
2004-01-11,18.431,0.002,53.86,0.582
2004-01-12,18.983,0.001,53.98,0.819
2004-01-13,19.937,0.0,52.68,0.137
2004-01-14,20.728,0.002,46.18,0.829
2004-01-15,21.42,0.002,47.65,0.375
2004-01-16,21.417,0.001,50.95,0.5
2004-01-17,21.843,0.003,47.33,0.795
2004-01-18,22.823,0.0,51.71,1.446
2004-01-19,22.651,0.0,53.96,0.134
2004-01-20,22.974,0.001,52.02,1.084
2004-01-21,22.751,0.001,51.71,1.533
2004-01-22,22.373,0.002,48.4,1.402
2004-01-23,19.459,31.52,81.51,0.49
2004-01-24,19.147,1.282,76.0,1.125
2004-01-25,18.636,0.144,68.89,1.703
2004-01-26,18.016,0.872,71.72,1.75
2004-01-27,17.242,0.002,63.97,1.88
2004-01-28,17.632,-0.0,58.56,1.503
2004-01-29,17.51,6.004,77.56,0.877
2004-01-30,19.586,1.862,84.46,0.793
2004-01-31,18.938,8.503,93.61,0.607
2004-02-01,19.709,0.606,82.85,1.377
2004-02-02,18.899,0.001,67.32,1.571
2004-02-03,16.508,0.001,52.55,0.342
2004-02-04,17.918,0.0,51.48,0.455
2004-02-05,19.371,0.941,63.88,0.673
2004-02-06,18.346,0.271,52.27,1.635
2004-02-07,16.751,0.001,44.68,0.608
2004-02-08,17.044,0.001,49.27,0.596
2004-02-09,18.632,0.002,46.13,0.861
2004-02-10,19.98,0.001,47.81,0.497
2004-02-11,21.25,0.001,46.65,0.704
2004-02-12,21.968,0.0,44.63,1.002
2004-02-13,22.217,0.001,45.27,0.982
2004-02-14,22.634,0.002,45.69,0.367
2004-02-15,22.718,0.0,47.1,0.458
2004-02-16,21.702,0.0,43.43,0.958
2004-02-17,21.376,0.001,42.79,0.825
2004-02-18,22.423,0.001,42.06,1.022
2004-02-19,24.457,0.001,47.04,2.054
2004-02-20,24.284,0.001,48.3,0.411
2004-02-21,23.689,0.001,44.01,0.887
2004-02-22,23.379,0.002,35.85,0.42
2004-02-23,24.166,0.002,34.95,0.624
2004-02-24,24.92,0.0,37.21,0.576
2004-02-25,24.391,0.0,38.13,0.616
2004-02-26,25.046,0.003,35.58,0.402
2004-02-27,25.881,0.0,34.57,0.554
2004-02-28,27.053,0.001,37.03,1.787
2004-02-29,27.668,0.001,39.55,2.201
2004-03-01,26.596,0.002,35.36,0.809
2004-03-02,25.891,0.002,31.2,0.882
2004-03-03,25.769,0.001,30.89,0.414
2004-03-04,26.157,0.001,29.24,0.75
2004-03-05,27.72,0.0,30.27,0.482
2004-03-06,28.548,0.035,35.76,0.891
2004-03-07,27.578,0.002,23.23,1.544
2004-03-08,25.992,0.694,37.41,2.359
2004-03-09,24.509,0.485,48.56,1.644
2004-03-10,25.805,0.001,40.52,0.692
2004-03-11,27.545,0.0,36.53,0.857
2004-03-12,28.261,0.002,34.56,0.708
2004-03-13,28.807,0.001,28.85,0.399
2004-03-14,29.423,0.001,25.43,0.792
2004-03-15,29.457,0.001,26.01,0.78
2004-03-16,29.821,0.0,23.32,0.576
2004-03-17,31.28,0.001,18.06,1.968
2004-03-18,30.882,0.002,20.69,1.609
2004-03-19,30.654,0.001,20.09,1.405
2004-03-20,31.027,0.001,20.76,1.197
2004-03-21,31.362,0.002,23.01,0.486
2004-03-22,32.257,-0.0,22.51,1.804
2004-03-23,32.611,0.0,21.37,2.712
2004-03-24,32.567,0.001,21.76,2.57
2004-03-25,32.226,0.001,21.92,1.151
2004-03-26,31.775,0.872,34.16,2.148
2004-03-27,32.196,0.332,35.26,2.275
2004-03-28,32.281,0.005,31.95,2.354
2004-03-29,31.339,1.853,41.59,2.18
2004-03-30,29.43,3.435,54.97,1.074
2004-03-31,29.051,3.372,57.92,1.193
2004-04-01,30.482,0.488,49.7,1.42
2004-04-02,31.278,0.222,40.29,1.505
2004-04-03,31.847,0.07,34.48,2.492
2004-04-04,32.265,0.002,31.42,2.171
2004-04-05,32.631,0.016,30.05,2.062
2004-04-06,32.59,0.16,25.49,3.135
2004-04-07,32.0,0.077,25.97,2.236
2004-04-08,32.782,0.002,19.11,2.886
2004-04-09,32.836,0.0,26.16,2.734
2004-04-10,33.691,0.0,28.41,2.823
2004-04-11,34.446,0.001,28.86,3.079
2004-04-12,35.012,0.0,23.1,3.298
2004-04-13,35.307,0.003,21.57,3.518
2004-04-14,35.463,0.002,18.7,3.664
2004-04-15,35.744,0.002,19.38,3.478
2004-04-16,35.674,0.0,17.68,3.543
2004-04-17,35.768,0.001,17.65,3.232
2004-04-18,34.913,0.0,16.46,2.935
2004-04-19,34.777,0.001,20.33,1.871
2004-04-20,35.044,0.003,26.18,2.679
2004-04-21,35.226,0.011,26.55,3.287
2004-04-22,35.012,0.025,28.14,3.827
2004-04-23,32.375,1.675,40.88,1.87
2004-04-24,29.531,2.949,47.62,0.717
2004-04-25,29.172,1.011,46.71,1.314
2004-04-26,30.092,1.339,46.76,1.214
2004-04-27,30.977,0.0,43.14,0.795
2004-04-28,31.544,0.601,40.85,0.668
2004-04-29,32.401,0.849,38.51,1.356
2004-04-30,32.461,0.687,41.27,1.567
2004-05-01,32.737,0.054,40.64,1.198
2004-05-02,32.93,0.027,35.21,1.319
2004-05-03,33.263,0.001,28.45,1.491
2004-05-04,33.324,0.003,32.72,0.219
2004-05-05,33.347,0.001,34.74,1.121
2004-05-06,33.734,0.001,31.51,1.727
2004-05-07,34.121,0.002,33.55,1.707
2004-05-08,34.446,0.004,34.21,1.314
2004-05-09,34.918,0.589,37.5,1.649
2004-05-10,35.227,1.698,37.86,2.668
2004-05-11,35.466,1.509,36.39,2.265
2004-05-12,35.143,0.783,39.09,2.628
2004-05-13,34.263,1.479,41.54,1.968
2004-05-14,35.108,0.515,38.23,2.576
2004-05-15,32.937,2.555,49.59,1.881
2004-05-16,32.922,0.919,49.62,1.76
2004-05-17,33.592,0.717,45.78,3.375
2004-05-18,35.618,0.018,31.94,2.997
2004-05-19,36.099,0.0,22.51,3.836
2004-05-20,35.633,0.0,23.82,4.181
2004-05-21,35.579,0.0,25.34,3.711
2004-05-22,35.548,0.0,25.27,3.412
2004-05-23,35.693,0.0,24.89,3.216
2004-05-24,36.025,0.001,22.63,2.539
2004-05-25,35.099,0.436,29.96,0.579
2004-05-26,34.079,0.379,35.7,0.473
2004-05-27,34.445,0.087,34.08,0.863
2004-05-28,33.886,0.344,38.12,1.204
2004-05-29,34.298,0.078,31.74,0.22
2004-05-30,33.958,0.169,40.49,2.093
2004-05-31,35.531,0.011,34.12,2.304
2004-06-01,34.701,1.408,39.8,2.492
2004-06-02,35.445,0.556,36.55,2.605
2004-06-03,36.298,0.019,29.26,1.386
2004-06-04,35.54,0.295,32.84,2.48
2004-06-05,34.963,0.255,35.46,1.272
2004-06-06,34.421,0.664,37.45,1.148
2004-06-07,33.111,0.153,43.85,0.919
2004-06-08,32.436,2.023,51.16,1.946
2004-06-09,32.142,2.006,50.88,1.639
2004-06-10,30.475,13.385,62.71,0.681
2004-06-11,28.905,10.602,73.13,0.625
2004-06-12,28.322,30.036,76.61,1.09
2004-06-13,26.475,40.305,86.28,2.292
2004-06-14,25.567,63.572,90.6,3.944
2004-06-15,25.463,31.948,86.75,5.095
2004-06-16,27.265,4.237,74.97,4.745
2004-06-17,27.579,0.828,70.64,5.09
2004-06-18,26.583,4.03,78.12,4.616
2004-06-19,27.84,0.329,66.96,4.301
2004-06-20,28.739,0.077,63.02,4.465
2004-06-21,28.512,0.075,62.34,4.066
2004-06-22,29.39,0.02,59.45,3.953
2004-06-23,29.43,0.001,58.59,3.643
2004-06-24,29.705,0.006,56.83,3.527
2004-06-25,29.712,0.218,58.65,2.896
2004-06-26,29.177,2.065,66.69,2.345
2004-06-27,29.04,3.279,68.54,2.037
2004-06-28,29.193,4.004,69.97,1.721
2004-06-29,28.823,5.248,73.07,2.199
2004-06-30,27.822,18.473,79.83,2.474
2004-07-01,28.48,16.432,77.9,1.963
2004-07-02,27.752,25.133,81.25,1.385
2004-07-03,26.884,36.47,86.12,0.882
2004-07-04,26.261,22.256,87.46,1.653
2004-07-05,28.335,2.733,77.3,2.709
2004-07-06,28.062,4.96,78.38,2.876
2004-07-07,27.773,4.576,78.54,2.754
2004-07-08,27.622,2.712,78.97,2.95
2004-07-09,28.229,0.586,75.25,3.218
2004-07-10,28.215,1.156,74.59,3.097
2004-07-11,27.778,3.395,77.42,2.475
2004-07-12,28.269,2.221,75.07,2.188
2004-07-13,27.72,13.347,78.34,1.59
2004-07-14,26.928,6.97,82.26,1.862
2004-07-15,26.439,32.094,86.94,1.586
2004-07-16,25.261,15.167,89.95,2.121
2004-07-17,26.693,5.369,81.75,3.471
2004-07-18,27.032,5.486,81.25,3.559
2004-07-19,27.803,3.108,77.55,2.962
2004-07-20,28.264,2.714,76.33,2.976
2004-07-21,27.673,4.939,79.8,2.719
2004-07-22,26.344,11.931,83.86,2.02
2004-07-23,26.793,23.576,83.32,1.484
2004-07-24,25.348,33.877,90.13,1.114
2004-07-25,25.323,6.731,88.98,1.012
2004-07-26,25.743,6.878,86.34,1.436
2004-07-27,25.828,12.983,85.7,1.675
2004-07-28,25.344,23.723,90.12,1.358
2004-07-29,25.266,21.58,90.94,0.674
2004-07-30,24.437,8.128,91.02,3.114
2004-07-31,24.807,4.375,82.55,3.989
2004-08-01,25.165,6.576,83.04,3.301
2004-08-02,25.841,7.375,84.83,2.034
2004-08-03,25.952,17.957,88.16,1.023
2004-08-04,26.037,21.846,88.36,0.967
2004-08-05,25.222,15.835,89.84,2.505
2004-08-06,26.776,2.671,76.3,3.853
2004-08-07,25.106,25.504,88.15,3.863
2004-08-08,24.183,69.794,91.91,4.855
2004-08-09,24.086,20.241,90.6,4.613
2004-08-10,24.67,11.382,86.74,4.592
2004-08-11,24.139,8.068,89.72,3.922
2004-08-12,24.601,6.562,89.72,3.441
2004-08-13,25.205,16.018,85.63,3.579
2004-08-14,24.679,8.76,86.85,3.796
2004-08-15,25.166,1.183,83.73,3.764
2004-08-16,25.173,2.26,82.99,3.277
2004-08-17,26.594,3.338,79.35,2.706
2004-08-18,26.726,8.094,80.51,2.81
2004-08-19,25.154,29.821,89.17,2.962
2004-08-20,24.295,37.272,92.19,3.196
2004-08-21,24.307,19.91,92.9,3.019
2004-08-22,24.346,3.432,91.22,3.099
2004-08-23,25.855,1.074,77.63,3.648
2004-08-24,26.514,0.713,77.15,2.816
2004-08-25,26.534,1.689,80.54,2.815
2004-08-26,26.973,0.956,76.31,3.153
2004-08-27,26.952,0.215,71.74,3.151
2004-08-28,27.183,0.136,69.23,2.487
2004-08-29,27.244,0.503,71.59,2.216
2004-08-30,27.002,0.546,70.86,2.276
2004-08-31,27.108,0.324,69.78,2.242
2004-09-01,27.357,0.421,72.9,1.4
2004-09-02,27.622,3.242,78.78,0.794
2004-09-03,26.579,18.023,87.13,0.916
2004-09-04,27.151,3.349,81.04,1.219
2004-09-05,27.436,1.269,79.6,0.143
2004-09-06,26.986,7.563,83.37,0.763
2004-09-07,27.575,1.409,79.93,1.633
2004-09-08,28.075,1.084,78.69,2.608
2004-09-09,28.48,1.312,77.22,2.41
2004-09-10,27.224,5.611,79.82,2.294
2004-09-11,27.317,0.938,75.69,2.614
2004-09-12,27.158,0.999,76.51,2.04
2004-09-13,26.844,6.145,82.01,1.564
2004-09-14,26.623,4.44,82.43,1.263
2004-09-15,26.425,9.129,82.7,1.34
2004-09-16,26.814,3.949,78.22,1.342
2004-09-17,27.414,0.198,72.47,1.764
2004-09-18,27.288,0.432,74.77,1.497
2004-09-19,26.494,6.322,80.91,0.895
2004-09-20,25.668,11.462,87.37,0.487
2004-09-21,25.907,2.553,83.42,0.898
2004-09-22,25.784,9.796,84.86,0.561
2004-09-23,26.509,4.964,83.21,0.425
2004-09-24,26.529,5.853,84.94,0.225
2004-09-25,25.624,5.796,87.57,0.413
2004-09-26,25.844,5.921,86.52,0.484
2004-09-27,26.057,6.613,86.27,0.308
2004-09-28,25.947,6.267,84.96,1.033
2004-09-29,26.936,0.655,80.12,1.337
2004-09-30,27.711,2.995,75.2,0.871
2004-10-01,26.671,6.846,83.17,0.233
2004-10-02,26.066,7.003,84.55,1.601
2004-10-03,26.121,0.663,78.51,2.867
2004-10-04,25.175,13.465,86.46,2.017
2004-10-05,25.16,10.249,86.62,1.768
2004-10-06,26.292,1.578,82.03,0.663
2004-10-07,26.795,1.115,78.04,1.479
2004-10-08,26.413,0.573,79.05,0.848
2004-10-09,26.462,0.025,70.3,0.131
2004-10-10,26.174,0.015,69.14,0.723
2004-10-11,25.898,0.702,78.35,0.886
2004-10-12,25.88,1.5,81.68,0.478
2004-10-13,25.483,4.676,80.02,1.245
2004-10-14,24.555,0.987,80.62,1.367
2004-10-15,23.603,0.026,68.45,1.508
2004-10-16,23.126,0.002,62.1,1.135
2004-10-17,23.032,0.001,61.3,1.305
2004-10-18,23.033,0.002,60.41,1.097
2004-10-19,22.827,0.0,61.53,1.014
2004-10-20,22.467,0.001,60.97,1.088
2004-10-21,23.112,0.001,63.84,0.989
2004-10-22,23.844,0.003,61.33,1.283
2004-10-23,23.207,0.001,61.59,1.363
2004-10-24,22.904,0.001,60.03,1.708
2004-10-25,22.988,0.001,61.06,1.632
2004-10-26,23.173,0.001,57.46,1.43
2004-10-27,23.172,0.0,56.68,0.838
2004-10-28,23.047,0.003,55.9,0.985
2004-10-29,22.867,0.0,58.79,1.385
2004-10-30,23.001,0.004,61.51,1.647
2004-10-31,23.177,0.001,60.35,1.703
2004-11-01,22.769,0.0,59.25,1.515
2004-11-02,21.983,0.0,47.9,1.766
2004-11-03,21.735,0.002,49.14,1.437
2004-11-04,21.081,0.002,51.3,1.368
2004-11-05,20.6,0.0,51.48,1.509
2004-11-06,21.365,0.002,52.09,1.3
2004-11-07,22.315,0.001,54.14,1.011
2004-11-08,23.526,0.007,57.14,0.467
2004-11-09,24.273,0.006,61.18,0.035
2004-11-10,24.426,0.137,65.68,0.392
2004-11-11,24.703,0.46,69.18,0.642
2004-11-12,24.212,1.35,75.57,0.708
2004-11-13,24.592,0.097,72.36,0.794
2004-11-14,25.09,0.103,67.1,0.775
2004-11-15,24.242,0.006,57.15,0.817
2004-11-16,22.656,0.001,44.1,0.582
2004-11-17,22.381,0.0,46.11,0.472
2004-11-18,22.336,0.001,49.0,0.164
2004-11-19,22.302,0.0,48.87,0.761
2004-11-20,22.185,0.001,45.87,0.82
2004-11-21,21.821,0.001,47.87,0.74
2004-11-22,21.775,0.0,47.13,0.535
2004-11-23,21.705,0.0,52.12,0.74
2004-11-24,21.505,0.0,54.18,1.559
2004-11-25,21.545,0.001,52.7,1.707
2004-11-26,21.488,0.002,50.77,1.455
2004-11-27,21.358,0.001,50.63,1.455
2004-11-28,21.117,0.001,52.49,1.567
2004-11-29,20.4,0.001,53.24,0.81
2004-11-30,20.587,0.002,53.38,0.876
2004-12-01,20.598,0.001,52.97,1.066
2004-12-02,20.508,0.002,52.67,1.436
2004-12-03,20.054,0.0,50.69,1.948
2004-12-04,19.602,0.002,52.69,0.805
2004-12-05,19.516,-0.0,55.51,0.323
2004-12-06,20.183,0.0,50.73,1.186
2004-12-07,19.891,0.0,51.66,1.668
2004-12-08,20.126,0.001,54.28,0.873
2004-12-09,20.082,0.0,55.49,1.088
2004-12-10,19.572,0.001,55.54,1.617
2004-12-11,20.107,0.001,59.84,1.509
2004-12-12,20.457,0.0,62.06,1.606
2004-12-13,20.584,0.001,62.37,1.126
2004-12-14,20.392,0.0,63.1,0.472
2004-12-15,20.669,0.002,59.49,0.694
2004-12-16,20.181,0.0,53.24,0.538
2004-12-17,19.717,0.0,51.38,0.819
2004-12-18,19.354,0.002,53.16,0.458
2004-12-19,19.702,0.0,54.55,0.434
2004-12-20,20.211,0.001,52.55,0.852
2004-12-21,20.968,0.001,55.46,0.386
2004-12-22,21.662,0.001,56.4,0.497
2004-12-23,22.243,0.002,59.73,0.349
2004-12-24,22.315,0.054,62.1,1.465
2004-12-25,21.35,0.105,64.11,2.081
2004-12-26,18.899,0.003,54.68,1.4
2004-12-27,18.278,0.0,47.95,1.721
2004-12-28,18.445,0.001,45.25,0.973
2004-12-29,18.678,0.002,44.25,0.986
2004-12-30,18.795,0.003,43.18,0.628
2004-12-31,19.877,0.001,44.87,0.977
2005-01-01,21.1,0.001,48.35,0.569
2005-01-02,21.835,0.001,49.67,0.982
2005-01-03,21.345,0.373,53.85,0.275
2005-01-04,21.486,0.001,58.4,1.524
2005-01-05,21.591,0.001,56.34,1.055
2005-01-06,22.155,0.001,51.02,0.83
2005-01-07,22.381,-0.0,52.34,0.889
2005-01-08,20.586,0.0,50.62,0.985
2005-01-09,19.616,0.001,43.68,0.437
2005-01-10,21.183,0.0,47.74,1.316
2005-01-11,21.091,0.002,41.43,1.54
2005-01-12,19.385,0.001,50.38,1.535
2005-01-13,19.234,0.002,49.31,0.548
2005-01-14,19.521,0.001,44.78,0.599
2005-01-15,20.736,0.002,40.18,0.962
2005-01-16,21.288,0.001,42.74,0.79
2005-01-17,22.186,0.267,55.15,1.26
2005-01-18,20.872,0.01,42.84,1.237
2005-01-19,18.311,0.0,47.29,1.614
2005-01-20,17.397,0.001,45.06,1.375
2005-01-21,18.705,0.001,39.86,1.454
2005-01-22,21.088,0.005,48.91,0.979
2005-01-23,21.399,0.768,70.62,1.495
2005-01-24,19.863,0.002,54.37,1.611
2005-01-25,20.386,0.0,45.59,1.573
2005-01-26,22.305,1.483,54.45,0.284
2005-01-27,22.017,6.508,73.01,1.106
2005-01-28,18.906,23.138,91.0,0.639
2005-01-29,19.643,11.216,82.31,1.221
2005-01-30,18.444,30.45,93.78,1.755
2005-01-31,18.115,20.975,89.5,1.485
2005-02-01,18.101,0.414,73.13,1.549
2005-02-02,16.773,0.001,67.42,0.859
2005-02-03,17.181,0.001,67.12,1.096
2005-02-04,18.513,0.0,65.42,0.834
2005-02-05,20.956,0.0,66.02,0.667
2005-02-06,22.305,0.01,67.3,1.035
2005-02-07,23.156,0.38,69.58,0.952
2005-02-08,23.007,0.081,71.01,0.557
2005-02-09,23.478,0.03,68.5,0.67
2005-02-10,23.688,0.001,65.36,1.057
2005-02-11,24.302,0.0,60.36,0.46
2005-02-12,24.581,0.001,54.43,1.494
2005-02-13,24.386,0.0,47.95,2.277
2005-02-14,23.776,0.0,47.83,1.551
2005-02-15,25.066,0.001,39.69,3.046
2005-02-16,24.822,0.001,48.05,2.321
2005-02-17,25.218,0.001,44.61,2.486
2005-02-18,25.132,0.003,46.75,1.557
2005-02-19,25.705,0.013,49.43,1.964
2005-02-20,25.76,0.014,44.86,1.386
2005-02-21,25.11,0.056,45.22,0.674
2005-02-22,24.433,0.093,49.3,0.55
2005-02-23,24.123,0.001,53.01,1.042
2005-02-24,24.476,0.001,38.68,1.272
2005-02-25,24.224,0.0,34.57,0.919
2005-02-26,24.899,0.0,35.98,0.983
2005-02-27,25.321,0.003,35.08,1.415
2005-02-28,26.56,0.001,35.12,0.836
2005-03-01,27.312,0.001,37.51,0.162
2005-03-02,27.876,0.0,38.82,0.958
2005-03-03,28.254,0.003,38.31,0.573
2005-03-04,28.518,0.001,35.08,1.589
2005-03-05,28.195,0.003,34.15,1.096
2005-03-06,27.914,0.0,33.77,1.179
2005-03-07,28.356,0.013,38.2,0.85
2005-03-08,26.332,0.752,50.37,1.281
2005-03-09,26.823,0.314,47.76,0.902
2005-03-10,26.143,0.63,53.25,1.785
2005-03-11,26.05,0.636,48.83,1.29
2005-03-12,25.461,0.0,39.62,1.583
2005-03-13,25.139,0.066,44.36,1.449
2005-03-14,25.935,0.002,39.94,0.478
2005-03-15,27.195,0.0,30.59,1.567
2005-03-16,28.285,0.002,33.78,0.896
2005-03-17,29.176,-0.0,33.96,0.471
2005-03-18,29.984,0.0,34.0,0.693
2005-03-19,30.513,0.001,30.3,2.097
2005-03-20,31.266,0.001,26.35,2.601
2005-03-21,31.92,0.001,26.47,3.019
2005-03-22,31.308,0.001,27.8,3.054
2005-03-23,30.15,0.001,24.76,2.787
2005-03-24,28.538,0.0,27.63,1.386
2005-03-25,27.861,0.003,28.67,1.048
2005-03-26,28.248,0.003,24.35,0.278
2005-03-27,30.828,0.001,21.78,2.4
2005-03-28,31.173,0.001,25.3,3.205
2005-03-29,31.319,0.0,30.1,2.297
2005-03-30,31.706,0.001,27.3,2.693
2005-03-31,30.598,0.001,27.51,1.118
2005-04-01,30.191,0.001,25.77,1.58
2005-04-02,30.412,0.002,22.27,0.988
2005-04-03,30.218,0.001,18.51,1.09
2005-04-04,30.074,0.002,18.36,0.929
2005-04-05,30.282,0.0,22.15,0.406
2005-04-06,31.53,0.0,28.03,1.503
2005-04-07,31.92,0.0,30.78,1.512
2005-04-08,32.177,0.003,36.7,2.016
2005-04-09,32.577,0.0,26.81,2.104
2005-04-10,31.631,0.0,17.43,1.926
2005-04-11,30.312,0.0,15.14,1.817
2005-04-12,29.834,0.001,15.77,1.231
2005-04-13,31.204,0.001,18.39,0.255
2005-04-14,32.233,0.023,28.16,2.077
2005-04-15,32.786,0.052,34.83,2.426
2005-04-16,33.157,0.011,32.24,2.607
2005-04-17,33.522,0.007,27.29,1.723
2005-04-18,33.387,0.043,23.51,0.696
2005-04-19,31.576,1.381,34.12,1.501
2005-04-20,32.419,0.038,32.53,1.605
2005-04-21,32.872,0.002,28.21,2.286
2005-04-22,33.648,0.008,24.49,2.265
2005-04-23,33.663,0.106,26.75,2.077
2005-04-24,33.442,0.032,26.33,1.989
2005-04-25,31.001,0.238,33.7,0.748
2005-04-26,31.586,0.181,32.34,1.21
2005-04-27,32.254,0.069,26.98,1.604
2005-04-28,32.143,0.032,26.0,1.819
2005-04-29,32.243,0.201,28.72,1.88
2005-04-30,31.231,0.721,38.44,1.694
2005-05-01,28.505,4.163,59.3,0.809
2005-05-02,28.594,2.203,58.66,0.478
2005-05-03,28.802,4.481,56.5,1.691
2005-05-04,29.45,0.309,46.46,1.651
2005-05-05,29.964,1.11,44.81,1.351
2005-05-06,31.034,0.011,38.75,1.035
2005-05-07,31.555,0.016,36.53,1.055
2005-05-08,33.793,0.0,27.85,1.689
2005-05-09,34.339,0.0,25.16,1.048
2005-05-10,34.051,0.001,18.81,2.667
2005-05-11,33.945,0.001,17.22,1.614
2005-05-12,33.403,0.0,14.58,0.734
2005-05-13,34.791,0.0,12.87,2.287
2005-05-14,35.716,0.002,12.99,2.333
2005-05-15,35.534,0.0,15.17,0.9
2005-05-16,36.801,0.001,16.72,2.149
2005-05-17,37.289,0.001,15.88,1.061
2005-05-18,37.447,0.003,17.74,2.162
2005-05-19,37.371,0.002,17.75,2.528
2005-05-20,36.748,0.013,22.74,1.816
2005-05-21,36.715,0.016,25.39,2.895
2005-05-22,36.807,0.024,26.29,2.78
2005-05-23,38.228,0.002,17.9,2.837
2005-05-24,37.984,0.002,18.82,1.943
2005-05-25,37.019,0.169,24.45,0.207
2005-05-26,36.946,0.027,24.7,1.084
2005-05-27,37.28,0.001,20.8,1.515
2005-05-28,36.646,0.005,23.91,0.875
2005-05-29,35.142,0.303,33.03,0.473
2005-05-30,34.921,0.094,34.58,0.532
2005-05-31,36.399,0.002,27.19,0.83
2005-06-01,36.598,0.056,28.52,1.358
2005-06-02,36.351,0.0,25.27,1.821
2005-06-03,37.25,0.001,20.31,0.88
2005-06-04,37.396,0.001,18.73,2.41
2005-06-05,37.68,0.01,20.97,1.96
2005-06-06,37.331,0.185,27.47,2.442
2005-06-07,36.153,0.716,33.09,2.322
2005-06-08,37.059,0.0,24.03,2.298
2005-06-09,36.467,0.015,25.47,0.953
2005-06-10,37.031,0.035,23.54,0.597
2005-06-11,37.526,0.0,19.02,1.903
2005-06-12,38.183,0.001,17.3,2.031
2005-06-13,38.711,0.0,18.24,0.748
2005-06-14,38.08,0.01,21.02,1.051
2005-06-15,37.847,0.066,25.65,2.447
2005-06-16,36.406,0.912,33.95,2.237
2005-06-17,36.581,0.202,33.43,3.104
2005-06-18,34.832,1.146,42.57,2.599
2005-06-19,35.052,0.777,41.97,1.889
2005-06-20,35.524,0.38,38.0,1.944
2005-06-21,32.518,9.006,52.57,1.621
2005-06-22,30.692,4.27,64.71,1.656
2005-06-23,29.921,14.746,68.36,1.901
2005-06-24,27.856,16.576,79.11,2.697
2005-06-25,26.291,19.208,85.83,3.225
2005-06-26,24.955,22.31,91.28,4.219
2005-06-27,24.893,27.108,90.41,4.341
2005-06-28,24.628,18.661,89.74,4.893
2005-06-29,26.024,6.144,79.45,5.653
2005-06-30,26.527,7.641,76.88,5.076
2005-07-01,25.724,21.354,84.18,4.656
2005-07-02,26.512,4.916,75.62,5.257
2005-07-03,24.822,7.323,85.1,5.073
2005-07-04,25.293,7.952,82.94,5.3
2005-07-05,24.554,14.429,88.31,3.987
2005-07-06,26.034,5.813,81.94,2.735
2005-07-07,26.096,13.857,85.09,2.164
2005-07-08,26.488,6.799,85.0,0.904
2005-07-09,27.273,5.942,83.43,0.483
2005-07-10,27.249,8.321,83.82,1.179
2005-07-11,26.055,17.515,87.67,1.538
2005-07-12,24.349,14.977,92.8,2.456
2005-07-13,26.842,4.784,83.75,1.959
2005-07-14,26.719,9.25,85.66,1.983
2005-07-15,26.16,9.218,86.06,2.269
2005-07-16,26.663,5.28,83.53,1.789
2005-07-17,27.79,2.662,77.72,1.172
2005-07-18,28.417,2.257,74.71,1.507
2005-07-19,27.981,6.251,80.15,2.324
2005-07-20,27.525,10.533,83.3,2.002
2005-07-21,27.498,3.754,80.41,2.517
2005-07-22,27.523,7.773,81.51,2.085
2005-07-23,25.851,16.189,88.8,2.073
2005-07-24,24.917,32.921,92.87,2.274
2005-07-25,26.423,17.996,85.91,1.42
2005-07-26,25.959,42.264,89.93,1.567
2005-07-27,25.261,4.791,89.19,2.874
2005-07-28,24.548,10.142,87.67,3.937
2005-07-29,26.263,6.64,78.86,3.695
2005-07-30,25.219,52.829,91.1,3.582
2005-07-31,24.247,76.251,93.6,3.941
2005-08-01,25.031,2.965,84.44,3.846
2005-08-02,25.621,1.342,81.62,3.543
2005-08-03,25.634,18.752,86.4,3.358
2005-08-04,24.368,35.928,92.21,4.446
2005-08-05,23.779,43.128,93.36,4.798
2005-08-06,23.849,35.663,92.38,4.187
2005-08-07,24.891,2.294,85.94,3.505
2005-08-08,26.9,1.815,78.16,2.722
2005-08-09,27.623,0.849,74.23,2.832
2005-08-10,27.624,0.461,72.61,2.991
2005-08-11,27.212,0.744,74.27,2.945
2005-08-12,27.304,0.797,75.82,2.563
2005-08-13,27.715,2.294,74.05,1.887
2005-08-14,26.83,15.583,86.18,2.072
2005-08-15,25.768,21.653,90.65,2.184
2005-08-16,24.834,19.584,90.48,2.572
2005-08-17,26.967,2.961,79.26,2.748
2005-08-18,26.644,8.531,81.6,2.726
2005-08-19,24.773,26.513,90.75,3.616
2005-08-20,24.097,19.478,93.01,3.662
2005-08-21,26.274,3.603,81.5,3.248
2005-08-22,25.765,13.791,85.82,2.738
2005-08-23,26.282,6.535,81.78,2.609
2005-08-24,26.992,1.081,75.24,2.715
2005-08-25,26.933,0.108,70.57,2.535
2005-08-26,27.124,0.348,71.34,1.949
2005-08-27,27.628,0.518,74.59,1.446
2005-08-28,27.786,0.925,76.76,1.217
2005-08-29,28.262,1.254,76.11,1.466
2005-08-30,29.099,0.04,68.15,1.165
2005-08-31,29.154,0.11,68.68,1.352
2005-09-01,29.576,0.246,69.53,0.956
2005-09-02,28.664,3.557,77.97,0.232
2005-09-03,26.774,11.742,87.76,0.802
2005-09-04,26.946,6.367,84.72,0.749
2005-09-05,27.388,5.924,82.62,0.568
2005-09-06,27.212,7.65,82.53,0.089
2005-09-07,27.549,3.671,82.25,1.63
2005-09-08,27.108,5.943,83.33,2.398
2005-09-09,26.476,14.375,87.03,1.428
2005-09-10,26.019,8.6,85.71,0.904
2005-09-11,25.077,15.246,89.62,0.534
2005-09-12,25.265,38.611,89.66,1.57
2005-09-13,24.982,43.151,90.76,2.268
2005-09-14,24.047,47.966,92.09,4.311
2005-09-15,25.367,10.695,82.22,2.342
2005-09-16,25.295,13.653,83.01,1.955
2005-09-17,27.142,1.176,73.77,2.737
2005-09-18,26.145,17.963,82.71,2.724
2005-09-19,26.458,6.057,80.22,4.03
2005-09-20,25.348,4.685,82.66,4.503
2005-09-21,24.379,5.885,86.17,2.589
2005-09-22,25.711,1.521,82.81,2.022
2005-09-23,26.593,2.264,78.45,2.916
2005-09-24,26.505,0.636,75.01,3.229
2005-09-25,26.413,0.697,76.74,2.615
2005-09-26,26.487,0.59,74.43,2.005
2005-09-27,26.452,0.281,73.11,1.567
2005-09-28,27.021,0.198,74.31,1.472
2005-09-29,26.775,0.285,73.18,1.174
2005-09-30,26.911,0.009,68.49,1.213
2005-10-01,27.003,0.0,65.97,1.264
2005-10-02,26.431,0.002,66.06,1.257
2005-10-03,26.37,0.015,66.43,1.392
2005-10-04,27.011,0.251,72.42,0.722
2005-10-05,27.144,0.168,73.27,0.758
2005-10-06,26.599,0.005,65.37,1.318
2005-10-07,26.254,0.0,60.23,0.865
2005-10-08,26.464,0.003,60.56,0.84
2005-10-09,26.492,0.002,62.47,1.084
2005-10-10,26.059,0.014,67.04,1.67
2005-10-11,26.484,0.164,71.57,1.863
2005-10-12,26.5,0.891,77.38,1.867
2005-10-13,25.747,6.702,83.69,1.575
2005-10-14,24.59,13.926,90.4,1.691
2005-10-15,23.674,7.837,92.03,1.935
2005-10-16,24.297,9.039,89.0,0.767
2005-10-17,23.881,6.687,89.81,0.97
2005-10-18,24.055,9.092,88.34,1.329
2005-10-19,24.432,1.19,84.95,1.577
2005-10-20,24.307,1.077,83.76,1.742
2005-10-21,24.523,0.987,80.94,1.746
2005-10-22,23.836,0.587,80.23,1.355
2005-10-23,24.085,0.313,78.48,1.26
2005-10-24,24.868,0.347,79.14,1.707
2005-10-25,24.748,0.73,82.6,1.758
2005-10-26,24.245,0.059,69.29,2.453
2005-10-27,24.504,0.06,65.98,2.991
2005-10-28,25.125,0.214,69.92,2.91
2005-10-29,24.631,0.362,74.88,1.906
2005-10-30,23.767,0.004,67.44,1.264
2005-10-31,23.44,0.106,70.69,1.145
2005-11-01,22.522,0.0,62.93,1.311
2005-11-02,21.957,0.001,58.87,1.338
2005-11-03,21.695,0.001,61.67,1.357
2005-11-04,22.626,0.003,64.99,1.762
2005-11-05,22.251,0.0,62.72,2.062
2005-11-06,21.316,0.002,53.32,1.65
2005-11-07,20.526,0.003,55.33,0.922
2005-11-08,20.762,0.0,54.32,1.184
2005-11-09,20.411,0.001,56.1,1.107
2005-11-10,20.253,0.001,56.9,0.926
2005-11-11,20.412,-0.0,58.6,0.612
2005-11-12,20.842,0.001,57.81,0.296
2005-11-13,21.141,0.0,54.52,0.306
2005-11-14,21.258,0.0,53.32,0.472
2005-11-15,21.317,0.0,55.08,0.705
2005-11-16,21.579,0.0,54.43,0.39
2005-11-17,21.757,0.003,52.31,0.689
2005-11-18,21.39,0.001,52.65,0.486
2005-11-19,21.12,0.002,55.23,0.997
2005-11-20,20.478,0.002,48.57,1.517
2005-11-21,20.518,0.001,50.43,1.387
2005-11-22,20.996,0.0,54.08,0.687
2005-11-23,21.198,0.0,54.04,0.788
2005-11-24,21.288,0.0,52.28,1.04
2005-11-25,21.149,0.0,56.48,1.028
2005-11-26,21.365,0.002,58.85,1.166
2005-11-27,20.962,0.0,59.58,1.094
2005-11-28,21.298,0.002,59.09,1.348
2005-11-29,21.032,0.002,56.1,1.647
2005-11-30,20.654,0.001,54.95,1.352
2005-12-01,21.402,0.001,54.94,1.59
2005-12-02,21.778,0.001,55.8,1.941
2005-12-03,22.753,0.035,55.53,1.859
2005-12-04,21.229,0.047,59.49,1.22
2005-12-05,19.908,0.0,50.62,1.198
2005-12-06,18.981,0.001,45.46,1.138
2005-12-07,19.224,0.002,47.58,0.996
2005-12-08,18.606,0.003,50.06,1.513
2005-12-09,18.429,0.003,49.52,1.511
2005-12-10,18.457,0.0,51.13,1.477
2005-12-11,18.163,0.001,51.01,1.86
2005-12-12,17.675,0.001,49.95,1.709
2005-12-13,17.613,0.001,50.11,1.231
2005-12-14,17.33,0.001,51.16,1.151
2005-12-15,17.101,0.0,49.46,1.714
2005-12-16,17.32,0.001,52.05,1.573
2005-12-17,17.613,0.001,54.37,1.668
2005-12-18,17.648,0.001,55.89,1.715
2005-12-19,18.439,0.0,56.38,1.871
2005-12-20,20.822,0.013,66.03,1.779
2005-12-21,21.437,3.088,76.42,1.819
2005-12-22,20.59,0.105,74.55,2.031
2005-12-23,19.896,0.01,70.66,1.449
2005-12-24,19.606,0.194,67.16,1.49
2005-12-25,17.4,0.002,51.33,1.361
2005-12-26,16.867,0.001,53.95,0.696
2005-12-27,17.483,0.001,52.92,0.922
2005-12-28,18.554,0.0,52.98,0.564
2005-12-29,18.95,0.002,54.33,0.627
2005-12-30,19.11,0.001,54.1,1.159
2005-12-31,19.473,0.0,55.39,1.263
2006-01-01,19.663,0.001,53.2,1.28
2006-01-02,19.285,0.001,53.71,1.087
2006-01-03,19.526,0.002,53.33,0.936
2006-01-04,19.878,0.0,52.68,1.586
2006-01-05,19.231,0.0,60.18,1.62
2006-01-06,18.663,0.001,53.97,1.429
2006-01-07,18.342,0.001,43.4,1.737
2006-01-08,18.784,0.0,46.2,1.478
2006-01-09,19.128,0.001,45.94,1.372
2006-01-10,19.554,0.001,47.66,1.025
2006-01-11,20.108,0.001,47.96,0.557
2006-01-12,20.338,0.001,47.94,0.339
2006-01-13,21.178,0.0,45.77,0.4
2006-01-14,21.71,0.0,48.2,0.257
2006-01-15,21.304,0.001,46.48,1.154
2006-01-16,21.91,0.002,49.85,0.589
2006-01-17,22.954,0.001,51.24,1.669
2006-01-18,23.849,0.001,48.07,1.963
2006-01-19,23.65,0.0,41.99,1.429
2006-01-20,22.935,0.001,44.9,0.565
2006-01-21,23.126,0.0,47.22,0.913
2006-01-22,22.865,0.0,50.01,0.343
2006-01-23,23.141,0.0,42.32,1.156
2006-01-24,18.769,0.0,33.7,2.321
2006-01-25,16.836,0.0,35.88,1.618
2006-01-26,17.29,0.0,39.69,1.261
2006-01-27,17.642,0.001,40.31,1.009
2006-01-28,18.81,0.002,41.48,0.981
2006-01-29,19.951,0.001,40.16,0.919
2006-01-30,20.782,0.001,40.73,1.249
2006-01-31,21.765,0.001,39.71,1.162
2006-02-01,22.151,0.002,39.77,1.028
2006-02-02,22.452,0.001,41.24,1.074
2006-02-03,22.37,0.002,39.7,1.19
2006-02-04,22.21,0.001,33.8,1.322
2006-02-05,21.739,0.001,34.16,0.372
2006-02-06,21.768,0.001,37.47,0.599
2006-02-07,22.111,0.0,37.45,0.809
2006-02-08,22.293,0.0,35.96,1.087
2006-02-09,22.447,0.002,33.61,0.78
2006-02-10,22.837,0.003,32.8,0.153
2006-02-11,22.839,0.001,36.56,1.074
2006-02-12,23.412,0.0,38.59,0.295
2006-02-13,24.229,0.001,37.28,0.125
2006-02-14,25.738,0.0,34.99,1.415
2006-02-15,26.673,0.002,34.44,2.608
2006-02-16,26.824,0.001,35.0,2.647
2006-02-17,26.694,0.003,33.72,1.802
2006-02-18,27.041,-0.0,33.9,0.423
2006-02-19,26.807,0.002,36.55,0.515
2006-02-20,27.02,0.0,36.75,0.901
2006-02-21,27.082,0.0,33.96,0.338
2006-02-22,27.833,0.003,31.27,0.527
2006-02-23,28.587,0.0,29.9,0.159
2006-02-24,28.182,0.0,27.13,0.311
2006-02-25,28.105,0.002,26.74,0.705
2006-02-26,28.377,0.0,27.24,0.793
2006-02-27,29.199,0.004,28.47,2.558
2006-02-28,28.995,0.001,31.14,0.896
2006-03-01,28.627,0.002,34.9,1.476
2006-03-02,27.77,0.613,41.66,2.275
2006-03-03,26.474,0.28,54.86,0.879
2006-03-04,26.149,5.171,60.77,0.723
2006-03-05,25.432,0.5,66.87,0.353
2006-03-06,26.283,1.579,62.75,0.665
2006-03-07,25.88,1.596,64.01,0.056
2006-03-08,26.644,1.883,58.61,0.78
2006-03-09,25.551,7.686,68.13,1.069
2006-03-10,21.791,9.824,83.62,0.721
2006-03-11,21.719,4.07,76.71,1.206
2006-03-12,23.072,0.099,58.49,1.539
2006-03-13,24.716,0.001,50.32,0.531
2006-03-14,25.962,0.182,45.2,0.287
2006-03-15,23.267,12.968,72.45,0.944
2006-03-16,22.67,4.657,74.86,1.106
2006-03-17,24.072,0.002,53.76,1.401
2006-03-18,24.193,0.001,45.82,1.424
2006-03-19,24.571,0.002,40.5,0.815
2006-03-20,25.979,0.0,40.87,0.391
2006-03-21,27.835,0.0,40.36,1.914
2006-03-22,27.027,0.003,33.15,1.548
2006-03-23,26.807,0.002,30.87,1.106
2006-03-24,27.905,0.001,29.45,0.278
2006-03-25,29.825,0.002,31.07,1.856
2006-03-26,30.235,0.001,32.06,2.054
2006-03-27,29.444,0.086,31.81,0.211
2006-03-28,29.073,0.048,32.16,1.171
2006-03-29,28.92,0.001,26.92,1.291
2006-03-30,27.849,0.002,25.02,0.876
2006-03-31,28.503,0.001,23.68,1.155
2006-04-01,30.039,0.003,25.33,1.003
2006-04-02,30.87,0.005,30.27,2.357
2006-04-03,32.04,0.001,27.74,2.897
2006-04-04,31.719,0.001,21.79,2.533
2006-04-05,31.445,0.0,24.33,0.826
2006-04-06,32.266,0.001,24.09,0.631
2006-04-07,33.241,0.0,21.96,1.642
2006-04-08,34.098,0.002,21.13,2.504
2006-04-09,34.112,0.001,26.03,2.583
2006-04-10,34.061,0.001,29.75,3.212
2006-04-11,33.857,0.021,31.29,3.146
2006-04-12,33.282,0.341,33.75,2.563
2006-04-13,32.628,0.85,37.57,2.065
2006-04-14,31.56,1.367,44.75,1.311
2006-04-15,30.378,4.161,49.3,0.983
2006-04-16,28.351,5.832,60.47,1.739
2006-04-17,26.241,1.791,63.25,1.609
2006-04-18,27.13,0.532,54.43,1.962
2006-04-19,27.744,0.0,34.91,1.136
2006-04-20,29.11,0.0,30.27,1.145
2006-04-21,30.849,0.001,32.93,2.535
2006-04-22,31.527,0.012,31.8,2.444
2006-04-23,31.802,0.029,29.1,1.461
2006-04-24,33.171,0.001,24.11,1.66
2006-04-25,33.607,0.006,24.2,2.424
2006-04-26,34.05,0.006,23.13,1.94
2006-04-27,34.334,0.001,20.36,0.651
2006-04-28,34.127,0.028,22.8,1.431
2006-04-29,33.602,0.043,26.14,1.474
2006-04-30,34.241,0.002,25.16,1.204
2006-05-01,34.622,0.003,26.62,0.919
2006-05-02,34.085,0.576,31.78,1.071
2006-05-03,32.869,0.842,41.33,1.404
2006-05-04,32.015,0.788,45.86,1.486
2006-05-05,32.564,0.77,44.32,2.102
2006-05-06,34.096,0.04,35.14,2.93
2006-05-07,35.044,0.021,30.18,3.246
2006-05-08,35.493,0.025,27.25,3.125
2006-05-09,36.037,0.01,23.56,3.211
2006-05-10,36.19,0.001,20.75,3.135
2006-05-11,35.86,0.0,20.96,2.12
2006-05-12,35.432,0.003,25.9,1.22
2006-05-13,35.507,0.002,24.42,2.031
2006-05-14,35.497,0.002,24.2,2.737
2006-05-15,35.746,0.001,25.61,1.068
2006-05-16,33.058,0.835,43.2,1.095
2006-05-17,31.47,2.325,53.77,0.516
2006-05-18,32.758,0.265,44.43,0.635
2006-05-19,31.477,3.345,52.1,1.397
2006-05-20,31.989,0.574,47.09,1.767
2006-05-21,32.54,0.571,42.16,1.947
2006-05-22,30.479,5.678,55.94,1.87
2006-05-23,31.126,3.307,53.92,1.582
2006-05-24,30.08,7.006,64.78,1.488
2006-05-25,30.618,1.918,60.71,1.209
2006-05-26,30.303,3.219,64.67,0.95
2006-05-27,29.791,5.045,69.92,0.892
2006-05-28,30.77,2.683,64.12,1.64
2006-05-29,31.99,0.167,57.2,3.068
2006-05-30,32.823,0.079,52.86,3.08
2006-05-31,32.973,0.124,50.12,2.827
2006-06-01,32.518,0.831,50.61,3.417
2006-06-02,31.985,0.212,50.58,4.069
2006-06-03,31.845,0.626,46.89,3.631
2006-06-04,28.43,10.96,69.57,2.432
2006-06-05,28.678,4.135,69.98,2.172
2006-06-06,30.286,1.207,57.2,1.847
2006-06-07,32.061,0.38,44.02,2.256
2006-06-08,32.563,0.185,41.9,1.295
2006-06-09,33.234,0.164,40.63,2.506
2006-06-10,32.906,0.57,44.44,3.277
2006-06-11,32.351,0.975,46.64,2.267
2006-06-12,34.219,0.019,34.89,2.809
2006-06-13,34.74,0.0,26.91,2.732
2006-06-14,34.636,0.002,27.61,2.123
2006-06-15,35.158,0.0,27.71,1.34
2006-06-16,35.551,0.0,28.84,1.89
2006-06-17,35.689,0.005,30.61,1.224
2006-06-18,35.395,0.011,32.11,0.316
2006-06-19,33.353,1.267,43.12,0.292
2006-06-20,33.829,0.285,40.7,0.118
2006-06-21,31.474,4.466,54.24,0.568
2006-06-22,27.5,7.388,77.86,1.168
2006-06-23,29.202,3.382,69.53,1.928
2006-06-24,27.964,6.99,77.53,1.291
2006-06-25,29.89,1.495,66.14,1.541
2006-06-26,30.395,1.452,62.73,1.802
2006-06-27,30.604,2.851,61.08,1.879
2006-06-28,29.002,19.83,73.45,1.982
2006-06-29,27.572,6.719,78.67,2.319
2006-06-30,28.151,1.805,73.54,3.006
2006-07-01,28.21,5.138,72.84,3.274
2006-07-02,27.811,31.72,78.83,2.973
2006-07-03,26.573,36.321,87.18,2.686
2006-07-04,24.502,21.765,89.02,2.923
2006-07-05,24.88,2.488,80.73,3.14
2006-07-06,27.783,0.252,68.99,4.053
2006-07-07,28.475,0.094,66.72,4.346
2006-07-08,28.332,1.494,68.34,4.081
2006-07-09,28.633,0.325,65.87,4.117
2006-07-10,28.39,0.612,66.2,4.057
2006-07-11,28.094,1.205,69.86,3.975
2006-07-12,27.906,3.041,72.09,3.654
2006-07-13,27.951,2.002,73.13,3.634
2006-07-14,27.915,4.641,72.46,3.552
2006-07-15,26.714,4.902,77.42,3.585
2006-07-16,26.401,23.491,82.6,3.687
2006-07-17,24.578,30.885,87.53,3.946
2006-07-18,25.769,0.299,74.73,4.11
2006-07-19,27.139,1.392,74.92,3.637
2006-07-20,25.54,8.204,81.17,3.594
2006-07-21,23.749,48.074,93.02,4.523
2006-07-22,24.318,28.01,90.42,4.369
2006-07-23,26.116,4.901,81.86,3.591
2006-07-24,26.435,5.047,82.05,2.885
2006-07-25,26.349,12.866,85.75,1.798
2006-07-26,26.065,15.094,86.95,2.231
2006-07-27,24.549,21.442,92.2,3.494
2006-07-28,23.998,7.403,90.46,3.801
2006-07-29,24.366,5.025,86.69,4.045
2006-07-30,23.768,19.805,91.58,3.653
2006-07-31,25.063,22.511,87.31,2.98
2006-08-01,25.362,13.998,85.45,2.883
2006-08-02,24.978,13.47,86.38,3.266
2006-08-03,26.229,17.856,83.24,3.712
2006-08-04,24.61,8.722,89.58,2.085
2006-08-05,23.711,11.997,86.19,4.374
2006-08-06,24.988,3.233,79.26,4.587
2006-08-07,26.329,0.547,73.06,4.541
2006-08-08,25.753,2.212,79.22,4.108
2006-08-09,25.601,3.483,82.13,3.552
2006-08-10,26.161,3.043,80.08,3.117
2006-08-11,26.113,6.493,83.78,2.547
2006-08-12,25.872,41.412,87.92,2.721
2006-08-13,24.348,65.349,93.65,4.397
2006-08-14,25.918,6.047,81.96,4.387
2006-08-15,26.439,1.252,78.51,2.933
2006-08-16,26.042,17.195,85.38,2.078
2006-08-17,25.032,19.914,90.37,3.122
2006-08-18,26.676,1.179,80.03,2.863
2006-08-19,27.816,0.179,72.42,2.475
2006-08-20,28.228,0.422,71.27,2.388
2006-08-21,26.988,6.341,79.83,2.765
2006-08-22,24.952,22.69,92.46,2.621
2006-08-23,24.712,38.038,91.78,3.886
2006-08-24,24.474,15.525,88.47,3.471
2006-08-25,25.376,6.749,82.72,3.207
2006-08-26,25.132,9.544,87.48,2.733
2006-08-27,25.299,13.727,86.69,3.011
2006-08-28,26.314,3.048,79.15,2.836
2006-08-29,25.301,35.519,87.12,3.163
2006-08-30,23.849,54.656,92.92,3.707
2006-08-31,24.414,3.858,76.36,3.494
2006-09-01,25.701,0.399,76.49,2.064
2006-09-02,26.985,0.435,76.84,1.766
2006-09-03,27.257,1.858,77.19,1.858
2006-09-04,25.87,26.007,86.16,1.92
2006-09-05,24.795,24.586,89.44,2.325
2006-09-06,26.194,1.426,84.03,1.607
2006-09-07,27.184,0.555,79.5,1.679
2006-09-08,28.025,1.513,78.72,1.534
2006-09-09,27.625,2.094,81.5,0.845
2006-09-10,27.344,3.575,84.08,0.939
2006-09-11,27.35,2.037,83.02,1.427
2006-09-12,28.08,0.497,79.76,1.225
2006-09-13,27.399,6.169,83.63,0.25
2006-09-14,27.196,6.79,84.03,0.872
2006-09-15,26.474,4.969,86.13,1.71
2006-09-16,26.319,4.115,84.2,2.059
2006-09-17,26.396,2.231,85.17,1.948
2006-09-18,26.353,7.422,84.46,2.123
2006-09-19,26.844,4.818,81.38,1.839
2006-09-20,25.968,12.855,86.54,1.276
2006-09-21,25.738,8.842,84.15,2.726
2006-09-22,26.511,0.895,75.9,2.799
2006-09-23,26.95,0.383,76.79,2.276
2006-09-24,26.619,0.161,73.36,1.885
2006-09-25,26.517,0.031,70.42,1.743
2006-09-26,26.455,0.039,68.74,1.76
2006-09-27,26.42,0.003,66.47,1.289
2006-09-28,26.911,0.001,66.8,1.515
2006-09-29,25.903,28.123,83.33,1.988
2006-09-30,25.616,6.785,85.02,3.315
2006-10-01,26.225,0.191,77.13,1.009
2006-10-02,26.836,0.108,76.03,0.569
2006-10-03,27.311,0.357,78.14,1.043
2006-10-04,27.318,1.594,79.6,1.773
2006-10-05,28.333,0.025,71.81,2.125
2006-10-06,28.296,0.001,66.25,1.969
2006-10-07,27.616,0.002,64.8,1.267
2006-10-08,26.998,0.018,66.39,0.638
2006-10-09,27.515,0.002,63.88,1.174
2006-10-10,27.441,0.0,62.66,0.936
2006-10-11,27.332,0.001,62.65,0.684
2006-10-12,26.558,0.0,64.05,0.328
2006-10-13,26.501,0.0,59.67,0.606
2006-10-14,26.544,0.001,61.11,0.139
2006-10-15,26.492,0.003,64.57,0.359
2006-10-16,26.677,0.001,63.13,0.653
2006-10-17,26.552,0.003,60.36,0.243
2006-10-18,26.446,0.037,60.36,0.603
2006-10-19,26.136,0.663,63.58,0.165
2006-10-20,25.002,0.183,71.97,0.78
2006-10-21,25.352,0.401,69.31,0.42
2006-10-22,25.107,0.207,67.7,0.916
2006-10-23,24.654,0.218,72.99,0.974
2006-10-24,24.318,0.022,64.32,1.339
2006-10-25,24.191,0.001,62.5,1.344
2006-10-26,24.395,0.002,59.86,0.911
2006-10-27,24.608,0.115,61.94,1.529
2006-10-28,23.6,4.117,79.83,1.757
2006-10-29,23.893,3.304,80.1,1.795
2006-10-30,23.791,2.564,78.54,1.713
2006-10-31,23.708,1.634,78.42,1.624
2006-11-01,22.867,3.407,83.74,1.565
2006-11-02,23.303,1.153,84.96,0.785
2006-11-03,23.651,3.833,84.63,0.845
2006-11-04,23.133,0.174,79.9,1.265
2006-11-05,23.835,0.539,79.62,0.563
2006-11-06,23.669,0.282,74.79,0.933
2006-11-07,23.54,0.009,62.98,1.089
2006-11-08,23.47,0.463,67.88,1.238
2006-11-09,22.409,1.955,76.63,1.594
2006-11-10,22.588,0.107,72.91,1.61
2006-11-11,22.54,0.027,72.46,1.081
2006-11-12,22.872,0.003,69.8,1.251
2006-11-13,22.99,0.002,66.43,1.209
2006-11-14,22.77,0.002,61.49,1.147
2006-11-15,22.746,0.002,59.67,0.963
2006-11-16,22.835,0.0,58.56,0.863
2006-11-17,22.519,0.001,56.48,0.895
2006-11-18,22.193,0.0,56.42,0.282
2006-11-19,21.882,0.0,57.04,0.365
2006-11-20,21.899,0.001,56.23,0.894
2006-11-21,22.3,0.0,57.59,0.654
2006-11-22,23.121,0.002,56.57,0.936
2006-11-23,23.749,0.001,57.29,1.285
2006-11-24,23.653,0.001,59.88,1.075
2006-11-25,24.281,0.064,65.03,1.332
2006-11-26,24.036,0.351,70.81,1.09
2006-11-27,23.259,0.402,72.53,0.052
2006-11-28,23.569,0.02,67.45,0.473
2006-11-29,23.977,0.031,65.85,0.767
2006-11-30,24.774,0.011,64.46,0.492
2006-12-01,23.968,0.037,60.41,0.935
2006-12-02,23.126,0.002,53.7,1.195
2006-12-03,22.862,-0.0,57.14,1.153
2006-12-04,23.367,0.0,59.49,0.653
2006-12-05,23.488,0.003,59.67,0.335
2006-12-06,23.454,0.0,55.29,0.563
2006-12-07,22.995,0.003,55.88,0.96
2006-12-08,23.4,0.002,55.1,0.706
2006-12-09,23.535,0.001,53.96,0.762
2006-12-10,22.754,0.001,56.08,0.874
2006-12-11,22.51,0.0,53.69,1.523
2006-12-12,21.685,0.003,54.7,1.348
2006-12-13,20.145,0.004,53.34,1.087
2006-12-14,19.762,0.001,52.24,0.469
2006-12-15,19.833,0.001,51.74,0.551
2006-12-16,19.427,0.0,46.51,1.518
2006-12-17,18.707,0.002,51.64,0.907
2006-12-18,18.804,0.001,53.68,0.828
2006-12-19,18.955,0.001,52.78,1.713
2006-12-20,19.699,0.001,62.91,1.91
2006-12-21,20.527,0.001,62.36,1.388
2006-12-22,20.423,0.0,59.87,1.314
2006-12-23,20.045,0.002,59.37,1.719
2006-12-24,19.85,0.002,57.51,1.59
2006-12-25,19.745,0.0,57.45,0.655
2006-12-26,20.508,0.001,56.18,0.299
2006-12-27,21.803,0.003,55.08,0.616
2006-12-28,21.569,0.001,55.92,1.267
2006-12-29,20.205,0.001,55.6,0.569
2006-12-30,19.77,0.001,55.75,0.388
2006-12-31,19.886,0.001,56.26,0.303
2007-01-01,20.718,0.001,52.54,0.842
2007-01-02,19.213,0.001,49.99,1.202
2007-01-03,18.71,0.0,52.46,0.41
2007-01-04,18.927,0.001,55.19,0.606
2007-01-05,18.362,0.0,48.75,1.413
2007-01-06,18.136,0.002,41.5,2.077
2007-01-07,18.483,0.001,45.5,1.274
2007-01-08,18.935,0.001,47.04,1.135
2007-01-09,19.365,0.0,48.24,0.826
2007-01-10,19.962,0.002,49.72,0.51
2007-01-11,20.156,0.0,52.31,0.532
2007-01-12,20.638,0.001,52.76,0.486
2007-01-13,20.831,0.0,55.66,0.631
2007-01-14,20.711,0.002,55.91,0.415
2007-01-15,21.029,0.001,55.97,0.317
2007-01-16,22.49,0.041,57.07,0.362
2007-01-17,21.247,0.001,46.24,2.009
2007-01-18,19.344,0.001,39.79,1.247
2007-01-19,19.707,0.0,43.23,0.253
2007-01-20,21.044,0.0,44.15,0.59
2007-01-21,21.86,0.0,46.56,0.703
2007-01-22,21.196,0.0,48.43,1.311
2007-01-23,20.827,0.002,42.09,1.809
2007-01-24,20.258,0.001,40.99,1.673
2007-01-25,20.162,0.002,39.02,0.818
2007-01-26,21.631,0.0,37.44,0.667
2007-01-27,22.501,0.002,39.17,0.482
2007-01-28,23.287,0.001,41.28,1.097
2007-01-29,24.042,0.0,45.88,0.241
2007-01-30,24.238,0.001,45.38,0.826
2007-01-31,24.78,0.001,45.0,1.506
2007-02-01,24.268,0.0,46.15,0.862
2007-02-02,23.687,0.0,42.93,1.003
2007-02-03,24.648,0.001,45.29,1.012
2007-02-04,24.895,0.006,45.22,2.303
2007-02-05,24.909,0.006,43.27,2.139
2007-02-06,24.589,0.001,41.18,1.421
2007-02-07,25.067,0.0,38.41,1.969
2007-02-08,24.665,0.03,45.42,0.993
2007-02-09,24.426,0.006,51.71,1.381
2007-02-10,24.075,0.779,58.56,0.689
2007-02-11,24.553,0.004,42.98,1.745
2007-02-12,23.582,5.232,59.7,1.129
2007-02-13,19.705,16.386,84.0,0.359
2007-02-14,19.995,0.007,58.21,0.204
2007-02-15,20.695,0.001,51.64,0.703
2007-02-16,21.578,0.0,51.17,0.662
2007-02-17,21.051,0.002,51.52,1.396
2007-02-18,21.096,0.002,47.1,1.862
2007-02-19,21.283,-0.0,43.82,1.44
2007-02-20,21.936,0.002,40.7,0.758
2007-02-21,22.235,0.0,41.7,0.94
2007-02-22,22.72,0.001,34.49,1.23
2007-02-23,23.911,0.0,33.28,1.32
2007-02-24,24.798,0.003,35.9,0.886
2007-02-25,24.668,0.003,41.14,1.142
2007-02-26,24.42,0.003,42.7,0.469
2007-02-27,25.273,0.001,39.56,0.701
2007-02-28,26.867,0.01,35.05,1.73
2007-03-01,26.651,0.021,37.23,2.851
2007-03-02,25.286,0.002,43.31,1.686
2007-03-03,24.375,0.001,43.46,1.495
2007-03-04,25.088,0.003,35.83,1.198
2007-03-05,24.728,0.002,30.02,1.317
2007-03-06,24.887,0.001,30.48,1.138
2007-03-07,24.926,0.002,33.43,0.788
2007-03-08,25.962,0.128,44.76,0.336
2007-03-09,26.214,0.197,52.08,0.344
2007-03-10,26.913,0.042,48.37,1.338
2007-03-11,27.928,0.316,46.2,1.382
2007-03-12,26.951,0.536,58.99,1.013
2007-03-13,27.021,0.907,56.03,0.296
2007-03-14,27.044,0.036,47.93,1.171
2007-03-15,25.176,0.001,39.76,2.139
2007-03-16,24.281,0.003,28.49,0.753
2007-03-17,26.247,0.0,31.3,0.573
2007-03-18,27.564,0.001,32.71,0.063
2007-03-19,29.267,0.0,31.53,0.779
2007-03-20,29.997,0.002,32.3,1.751
2007-03-21,30.33,0.0,32.37,0.947
2007-03-22,30.546,0.01,34.8,2.132
2007-03-23,31.652,0.001,31.81,1.453
2007-03-24,31.335,0.0,29.22,1.23
2007-03-25,29.662,0.001,23.74,1.127
2007-03-26,29.102,0.002,21.33,1.516
2007-03-27,29.121,0.002,21.74,0.946
2007-03-28,29.632,0.0,22.79,1.254
2007-03-29,30.189,0.0,24.39,0.904
2007-03-30,30.936,0.002,25.7,0.922
2007-03-31,32.124,0.002,26.83,2.036
2007-04-01,32.699,0.002,26.94,2.172
2007-04-02,32.801,0.004,27.51,1.403
2007-04-03,32.614,0.001,22.91,0.981
2007-04-04,31.543,0.001,20.63,0.571
2007-04-05,31.268,0.0,19.72,0.277
2007-04-06,32.644,0.003,23.84,2.077
2007-04-07,32.509,0.687,30.09,2.35
2007-04-08,32.406,0.324,32.55,2.853
2007-04-09,32.299,0.233,33.63,2.668
2007-04-10,31.996,0.002,29.07,2.463
2007-04-11,32.167,0.237,29.9,2.666
2007-04-12,31.906,0.866,33.91,2.672
2007-04-13,32.15,0.68,33.38,1.951
2007-04-14,30.875,1.425,39.39,1.488
2007-04-15,30.555,1.24,39.02,1.713
2007-04-16,30.45,0.44,41.83,1.85
2007-04-17,30.338,1.22,45.71,1.957
2007-04-18,29.614,1.984,52.86,1.102
2007-04-19,28.992,2.509,57.78,1.032
2007-04-20,28.789,4.557,58.71,1.79
2007-04-21,29.724,0.858,47.42,2.03
2007-04-22,30.924,0.27,36.3,2.276
2007-04-23,32.501,0.001,26.68,2.381
2007-04-24,33.508,0.003,21.71,2.117
2007-04-25,34.318,0.0,17.46,2.316
2007-04-26,35.105,0.002,21.77,3.114
2007-04-27,34.507,0.001,19.29,2.288
2007-04-28,34.186,0.001,21.99,1.147
2007-04-29,34.282,0.002,23.01,0.404
2007-04-30,33.731,0.375,31.85,0.552
2007-05-01,33.538,0.347,34.75,1.086
2007-05-02,34.026,0.038,30.18,1.216
2007-05-03,33.394,0.582,36.67,0.598
2007-05-04,33.764,0.197,37.23,0.507
2007-05-05,33.727,0.019,36.83,0.744
2007-05-06,33.519,0.007,38.04,1.017
2007-05-07,33.829,0.108,34.04,1.137
2007-05-08,33.811,0.047,33.79,0.937
2007-05-09,34.757,0.001,28.24,1.757
2007-05-10,34.935,0.029,29.94,0.783
2007-05-11,36.166,0.002,26.1,0.59
2007-05-12,35.967,0.001,24.9,1.191
2007-05-13,34.611,0.005,33.51,1.117
2007-05-14,34.882,0.026,26.46,1.229
2007-05-15,35.332,0.002,24.09,2.068
2007-05-16,35.609,0.003,26.03,1.9
2007-05-17,35.275,0.005,27.27,1.11
2007-05-18,34.474,0.327,34.19,1.356
2007-05-19,34.144,0.509,34.53,0.865
2007-05-20,36.012,0.026,27.04,2.941
2007-05-21,35.295,0.241,30.65,2.46
2007-05-22,34.764,0.039,33.91,1.95
2007-05-23,35.487,0.009,25.94,2.147
2007-05-24,35.99,0.003,20.45,2.66
2007-05-25,36.125,0.001,19.64,2.142
2007-05-26,36.317,0.0,20.78,2.763
2007-05-27,35.849,0.001,23.21,2.002
2007-05-28,35.441,0.072,27.2,1.064
2007-05-29,32.847,0.122,34.95,1.152
2007-05-30,34.455,0.249,35.38,1.348
2007-05-31,34.608,0.673,37.98,1.97
2007-06-01,34.925,0.535,37.96,2.505
2007-06-02,36.247,0.03,28.81,2.911
2007-06-03,36.946,0.004,25.43,2.259
2007-06-04,37.88,0.002,23.11,2.394
2007-06-05,36.546,0.012,27.56,1.862
2007-06-06,37.113,0.006,28.66,1.979
2007-06-07,36.824,0.012,31.26,2.073
2007-06-08,35.121,1.273,42.19,2.592
2007-06-09,34.182,2.83,49.29,3.443
2007-06-10,33.733,1.718,50.06,2.936
2007-06-11,33.184,0.807,51.37,2.26
2007-06-12,32.562,1.587,55.63,2.088
2007-06-13,30.773,7.959,65.32,1.965
2007-06-14,28.702,11.929,76.49,2.732
2007-06-15,29.173,3.415,67.91,3.137
2007-06-16,31.168,0.461,61.25,3.007
2007-06-17,31.327,1.604,61.31,2.29
2007-06-18,29.649,23.496,70.59,1.421
2007-06-19,26.897,24.862,85.22,1.338
2007-06-20,28.13,2.471,80.02,1.138
2007-06-21,29.545,0.691,70.21,3.749
2007-06-22,28.623,3.627,71.51,5.001
2007-06-23,27.793,6.985,75.46,3.322
2007-06-24,26.194,15.546,83.01,2.933
2007-06-25,25.535,17.245,88.57,3.309
2007-06-26,26.388,14.477,84.64,2.82
2007-06-27,27.019,22.172,84.7,1.94
2007-06-28,27.561,18.78,80.84,2.398
2007-06-29,27.304,62.771,83.24,2.992
2007-06-30,24.555,67.196,92.61,4.702
2007-07-01,27.153,1.218,74.54,4.051
2007-07-02,28.046,1.251,73.5,3.773
2007-07-03,27.47,3.506,74.55,3.832
2007-07-04,27.396,2.781,72.99,4.004
2007-07-05,27.893,1.994,73.9,4.388
2007-07-06,25.967,31.557,85.61,4.575
2007-07-07,24.022,70.045,90.75,6.108
2007-07-08,25.04,8.026,75.79,5.589
2007-07-09,26.836,1.463,76.68,3.585
2007-07-10,27.067,2.519,78.0,2.925
2007-07-11,26.894,10.25,82.6,2.731
2007-07-12,26.849,12.493,84.0,2.908
2007-07-13,26.506,17.9,85.48,2.915
2007-07-14,25.613,18.025,90.33,2.657
2007-07-15,25.996,28.57,91.45,2.434
2007-07-16,25.171,18.043,93.14,3.034
2007-07-17,26.319,9.772,86.6,2.772
2007-07-18,28.662,1.289,76.63,2.665
2007-07-19,29.117,1.265,71.83,2.874
2007-07-20,27.784,1.994,78.34,2.92
2007-07-21,27.357,3.655,79.56,2.63
2007-07-22,27.527,3.841,79.94,1.937
2007-07-23,26.441,17.137,85.71,1.345
2007-07-24,26.941,7.43,82.89,1.281
2007-07-25,27.242,3.34,79.89,1.802
2007-07-26,27.119,8.202,81.78,1.823
2007-07-27,26.276,14.162,87.97,1.757
2007-07-28,26.006,14.483,88.68,1.346
2007-07-29,26.749,5.67,84.37,1.307
2007-07-30,26.914,6.542,83.33,0.798
2007-07-31,27.34,10.716,82.39,0.934
2007-08-01,27.114,12.9,83.64,1.599
2007-08-02,26.99,13.208,84.55,1.734
2007-08-03,26.186,8.253,84.92,2.565
2007-08-04,26.455,3.957,82.28,3.374
2007-08-05,26.236,19.354,85.09,2.658
2007-08-06,25.722,56.076,89.24,3.503
2007-08-07,24.02,36.029,91.86,3.805
2007-08-08,25.971,4.101,78.62,3.449
2007-08-09,27.033,5.824,75.83,2.7
2007-08-10,26.678,7.394,83.38,2.164
2007-08-11,25.622,9.69,87.83,2.994
2007-08-12,25.129,28.977,90.8,3.537
2007-08-13,24.713,20.152,92.85,3.546
2007-08-14,25.686,3.661,82.17,3.585
2007-08-15,27.347,0.341,74.24,3.531
2007-08-16,27.407,0.193,72.33,3.399
2007-08-17,27.382,0.252,73.07,3.117
2007-08-18,26.437,1.526,79.09,3.116
2007-08-19,26.504,5.026,79.43,2.454
2007-08-20,24.562,40.202,93.25,2.972
2007-08-21,25.994,5.493,85.28,1.797
2007-08-22,27.119,2.443,81.39,1.158
2007-08-23,27.51,11.89,81.61,0.645
2007-08-24,26.886,15.87,85.7,0.337
2007-08-25,27.016,5.555,84.84,0.045
2007-08-26,27.345,7.414,82.64,1.492
2007-08-27,26.504,11.768,86.48,1.031
2007-08-28,25.798,9.741,87.99,1.158
2007-08-29,26.774,3.448,82.69,1.897
2007-08-30,26.931,4.386,83.25,1.414
2007-08-31,26.878,9.432,85.33,1.409
2007-09-01,26.576,14.208,85.56,0.578
2007-09-02,26.587,12.105,85.95,0.477
2007-09-03,26.313,9.817,86.31,1.939
2007-09-04,26.432,7.402,85.67,2.587
2007-09-05,25.86,23.517,88.57,2.515
2007-09-06,24.303,70.385,95.13,3.044
2007-09-07,25.852,8.009,85.11,3.092
2007-09-08,25.802,18.922,87.66,2.552
2007-09-09,25.354,16.192,91.2,1.962
2007-09-10,25.8,9.033,85.46,2.051
2007-09-11,27.347,4.067,82.47,1.879
2007-09-12,27.545,3.238,78.9,1.973
2007-09-13,27.925,3.045,78.51,1.386
2007-09-14,27.715,1.891,78.91,1.111
2007-09-15,27.042,4.751,83.15,0.92
2007-09-16,26.684,8.013,84.89,1.108
2007-09-17,26.707,6.715,85.78,1.711
2007-09-18,27.017,4.773,84.69,1.927
2007-09-19,27.124,6.933,82.23,1.563
2007-09-20,26.199,10.364,85.82,0.991
2007-09-21,26.754,16.639,84.53,1.282
2007-09-22,26.679,8.264,80.94,2.078
2007-09-23,24.738,23.405,89.49,3.052
2007-09-24,25.755,2.108,82.8,3.182
2007-09-25,26.401,6.801,83.65,2.56
2007-09-26,25.85,16.222,88.73,1.232
2007-09-27,26.039,4.817,83.93,1.413
2007-09-28,26.94,2.262,76.75,1.295
2007-09-29,25.846,9.873,85.5,0.518
2007-09-30,25.895,8.957,86.79,0.491
2007-10-01,26.628,2.608,82.09,0.666
2007-10-02,26.945,0.674,77.37,0.851
2007-10-03,26.512,0.559,79.44,0.947
2007-10-04,25.977,11.757,85.95,0.962
2007-10-05,26.161,10.305,86.14,1.05
2007-10-06,25.84,10.864,86.38,0.81
2007-10-07,26.369,0.008,66.34,1.658
2007-10-08,24.768,0.001,75.06,1.452
2007-10-09,25.862,0.0,67.44,1.111
2007-10-10,25.976,0.001,62.08,0.608
2007-10-11,26.005,0.0,61.6,0.499
2007-10-12,25.432,0.0,60.61,0.364
2007-10-13,25.143,0.003,63.71,0.165
2007-10-14,24.568,0.002,62.57,0.577
2007-10-15,24.438,0.001,62.69,0.377
2007-10-16,25.221,0.002,65.35,0.705
2007-10-17,25.684,0.013,68.24,0.151
2007-10-18,25.485,0.024,67.92,0.499
2007-10-19,25.027,0.001,67.85,0.36
2007-10-20,24.486,0.0,59.4,0.182
2007-10-21,23.945,0.0,58.65,0.492
2007-10-22,23.62,0.003,58.62,0.54
2007-10-23,23.47,0.0,59.17,0.699
2007-10-24,23.523,0.003,61.18,1.127
2007-10-25,23.366,0.0,61.95,1.226
2007-10-26,23.376,0.002,63.62,1.066
2007-10-27,23.349,0.002,63.87,0.647
2007-10-28,23.692,-0.0,64.83,0.857
2007-10-29,23.68,0.0,66.71,1.691
2007-10-30,24.677,1.788,68.7,2.525
2007-10-31,24.38,2.77,84.91,2.095
2007-11-01,25.452,5.503,82.85,1.056
2007-11-02,24.457,3.349,86.53,0.677
2007-11-03,24.518,0.702,82.76,0.936
2007-11-04,24.377,0.117,68.82,1.14
2007-11-05,23.387,0.0,61.41,0.476
2007-11-06,23.602,0.001,62.49,0.509
2007-11-07,23.494,0.0,62.08,1.016
2007-11-08,23.306,0.001,59.92,0.888
2007-11-09,23.346,0.001,62.13,0.654
2007-11-10,23.707,0.0,62.62,0.576
2007-11-11,23.621,0.001,62.72,0.459
2007-11-12,23.624,0.0,62.11,0.57
2007-11-13,22.609,0.0,56.27,1.061
2007-11-14,22.19,0.0,56.48,1.974
2007-11-15,21.55,0.0,55.32,2.137
2007-11-16,21.327,0.003,59.71,0.821
2007-11-17,22.501,0.001,59.97,1.583
2007-11-18,22.365,0.001,58.3,1.135
2007-11-19,22.206,0.0,57.38,1.164
2007-11-20,21.191,0.001,56.77,0.987
2007-11-21,20.171,0.0,49.96,0.85
2007-11-22,19.757,0.003,51.56,1.039
2007-11-23,19.457,0.001,53.56,1.284
2007-11-24,19.4,0.001,58.68,1.319
2007-11-25,20.223,0.0,59.87,0.96
2007-11-26,20.621,0.001,59.63,0.733
2007-11-27,20.236,0.0,60.14,0.362
2007-11-28,19.77,0.001,54.68,0.346
2007-11-29,19.817,0.0,58.42,1.058
2007-11-30,20.173,0.0,54.68,1.02
2007-12-01,20.706,0.0,53.58,0.741
2007-12-02,20.936,0.0,55.35,0.944
2007-12-03,20.987,0.0,56.04,0.81
2007-12-04,20.532,0.001,56.74,1.782
2007-12-05,19.761,0.0,55.81,2.146
2007-12-06,19.412,0.001,60.05,1.744
2007-12-07,19.197,0.0,59.82,1.243
2007-12-08,19.852,0.0,61.33,0.85
2007-12-09,19.682,0.0,62.61,1.136
2007-12-10,20.352,0.001,62.91,0.785
2007-12-11,21.17,0.001,60.21,0.662
2007-12-12,21.626,0.0,63.96,1.039
2007-12-13,21.329,0.001,64.59,1.334
2007-12-14,21.427,0.001,59.76,1.778
2007-12-15,21.767,0.009,64.48,2.212
2007-12-16,21.337,0.022,66.3,2.15
2007-12-17,19.737,0.001,58.01,2.082
2007-12-18,17.825,0.001,48.85,1.874
2007-12-19,19.174,0.0,49.92,1.519
2007-12-20,21.172,0.001,50.6,0.772
2007-12-21,20.497,0.001,48.94,0.872
2007-12-22,20.946,0.003,42.99,1.63
2007-12-23,20.704,0.0,40.59,1.224
2007-12-24,21.062,0.0,45.01,0.408
2007-12-25,21.927,0.001,51.35,0.651
2007-12-26,22.719,0.001,57.81,0.987
2007-12-27,22.732,0.0,62.93,0.78
2007-12-28,22.741,0.001,61.29,0.759
2007-12-29,22.367,0.001,53.67,1.53
2007-12-30,21.07,0.0,47.84,1.547
2007-12-31,19.634,0.0,46.9,1.356
2008-01-01,19.719,0.001,45.91,1.689
2008-01-02,20.422,0.0,44.46,1.808
2008-01-03,20.593,0.001,46.78,1.756
2008-01-04,21.184,0.003,51.1,1.204
2008-01-05,21.431,0.001,55.47,0.822
2008-01-06,21.753,0.0,55.57,1.214
2008-01-07,21.344,0.001,55.32,1.26
2008-01-08,21.195,0.002,51.15,1.33
2008-01-09,21.427,0.001,47.55,0.195
2008-01-10,21.798,0.0,49.36,0.37
2008-01-11,22.186,0.001,51.19,0.29
2008-01-12,22.05,0.001,53.1,0.886
2008-01-13,20.752,0.0,54.33,0.787
2008-01-14,20.075,0.0,47.28,0.694
2008-01-15,19.935,0.0,47.18,0.595
2008-01-16,19.876,0.001,44.64,0.723
2008-01-17,20.703,0.002,43.98,0.335
2008-01-18,21.444,0.001,46.38,1.154
2008-01-19,22.309,0.001,51.52,1.765
2008-01-20,22.967,0.0,52.64,1.06
2008-01-21,22.018,0.002,57.91,1.597
2008-01-22,23.098,0.004,55.57,0.513
2008-01-23,23.17,0.417,59.99,0.901
2008-01-24,19.287,0.648,70.38,1.889
2008-01-25,18.326,4.764,86.14,1.444
2008-01-26,18.767,0.719,71.33,1.729
2008-01-27,17.843,0.045,58.88,1.678
2008-01-28,17.645,0.003,50.1,0.589
2008-01-29,20.39,0.003,44.98,1.792
2008-01-30,21.004,0.0,44.44,2.056
2008-01-31,19.465,0.0,46.4,1.653
2008-02-01,16.888,0.0,41.77,1.597
2008-02-02,17.401,0.0,40.67,1.181
2008-02-03,20.624,0.176,50.83,0.869
2008-02-04,20.449,2.085,79.9,0.958
2008-02-05,20.878,2.608,84.85,0.285
2008-02-06,20.62,3.455,88.26,0.487
2008-02-07,21.053,2.764,83.87,1.317
2008-02-08,21.602,3.833,81.02,0.988
2008-02-09,20.445,1.312,71.05,1.698
2008-02-10,19.699,0.001,57.73,1.535
2008-02-11,20.501,0.001,52.25,2.047
2008-02-12,20.237,0.008,50.8,1.97
2008-02-13,18.697,0.001,43.03,1.011
2008-02-14,18.838,0.0,40.27,1.219
2008-02-15,20.466,0.001,39.86,0.535
2008-02-16,21.795,0.001,34.02,0.654
2008-02-17,22.436,0.002,33.7,0.351
2008-02-18,23.217,0.001,37.17,0.442
2008-02-19,23.528,0.056,37.02,0.699
2008-02-20,21.942,0.006,33.33,1.545
2008-02-21,21.171,0.0,36.2,1.426
2008-02-22,23.384,0.001,33.1,0.808
2008-02-23,24.563,0.003,34.82,0.722
2008-02-24,26.508,0.001,40.07,1.943
2008-02-25,25.533,0.0,33.45,1.717
2008-02-26,23.255,0.001,30.4,1.617
2008-02-27,22.886,0.001,28.52,1.212
2008-02-28,22.816,0.001,30.1,1.091
2008-02-29,23.514,0.003,29.3,0.388
2008-03-01,25.05,0.002,25.31,0.462
2008-03-02,26.026,0.001,24.75,0.551
2008-03-03,26.357,0.001,24.75,1.431
2008-03-04,26.512,0.0,24.14,1.645
2008-03-05,26.639,0.001,28.95,1.405
2008-03-06,27.411,0.002,28.65,0.957
2008-03-07,27.517,0.002,29.19,0.436
2008-03-08,27.917,0.001,26.55,0.939
2008-03-09,28.131,0.0,28.11,0.584
2008-03-10,28.063,0.001,29.32,1.531
2008-03-11,28.374,0.001,28.22,1.756
2008-03-12,28.936,0.001,27.14,0.964
2008-03-13,28.206,0.0,34.36,0.771
2008-03-14,28.289,0.044,35.13,0.5
2008-03-15,28.91,0.002,31.75,0.996
2008-03-16,28.645,0.002,35.68,0.63
2008-03-17,29.019,0.001,34.6,0.101
2008-03-18,30.231,0.009,37.37,1.786
2008-03-19,29.408,1.143,48.04,2.242
2008-03-20,28.709,0.456,48.84,2.146
2008-03-21,29.325,0.501,48.23,2.033
2008-03-22,27.787,8.434,61.49,1.247
2008-03-23,22.947,13.478,90.68,0.736
2008-03-24,25.019,0.727,74.04,1.455
2008-03-25,26.873,0.876,65.71,0.268
2008-03-26,27.595,0.714,61.38,1.285
2008-03-27,28.432,0.34,52.53,1.507
2008-03-28,28.727,0.565,48.7,0.845
2008-03-29,28.558,1.032,50.23,1.128
2008-03-30,27.963,2.042,54.23,1.587
2008-03-31,25.743,6.685,66.96,1.157
2008-04-01,27.466,0.083,50.38,0.894
2008-04-02,28.904,0.305,48.01,1.742
2008-04-03,28.809,1.395,46.34,1.838
2008-04-04,27.591,1.864,50.01,1.024
2008-04-05,25.473,2.52,64.89,0.756
2008-04-06,26.713,0.261,50.32,0.553
2008-04-07,27.9,0.001,39.12,0.791
2008-04-08,28.346,0.001,33.52,0.612
2008-04-09,28.977,0.0,27.47,0.478
2008-04-10,29.957,0.001,26.7,0.368
2008-04-11,31.16,0.0,24.64,0.553
2008-04-12,32.509,0.04,25.25,2.534
2008-04-13,33.469,0.001,24.19,3.195
2008-04-14,33.929,0.001,26.0,2.938
2008-04-15,33.984,0.001,28.85,3.131
2008-04-16,34.083,0.003,28.95,2.956
2008-04-17,34.562,0.001,23.09,2.697
2008-04-18,34.038,0.001,19.86,1.802
2008-04-19,33.314,0.001,17.83,0.956
2008-04-20,33.047,0.0,15.84,1.122
2008-04-21,33.334,0.0,16.53,0.789
2008-04-22,34.041,0.002,15.46,1.059
2008-04-23,34.177,0.002,16.78,1.355
2008-04-24,34.417,0.001,25.3,1.74
2008-04-25,34.389,0.014,30.83,2.484
2008-04-26,34.662,0.012,29.69,2.86
2008-04-27,34.899,0.002,23.1,2.435
2008-04-28,34.53,0.002,21.52,0.337
2008-04-29,34.698,0.002,21.02,0.513
2008-04-30,35.563,0.001,22.21,1.345
2008-05-01,35.442,0.001,16.36,1.75
2008-05-02,34.771,0.0,14.08,3.378
2008-05-03,34.229,0.002,17.93,2.16
2008-05-04,34.899,0.013,20.08,1.953
2008-05-05,35.098,0.0,19.17,2.632
2008-05-06,35.286,0.001,16.5,2.438
2008-05-07,34.792,0.002,18.79,2.383
2008-05-08,34.583,0.009,20.47,2.201
2008-05-09,34.682,0.001,18.95,2.316
2008-05-10,35.091,0.0,19.31,2.455
2008-05-11,35.153,0.0,19.7,1.77
2008-05-12,34.171,0.208,25.86,1.139
2008-05-13,34.629,0.004,23.97,0.963
2008-05-14,35.782,0.0,19.28,2.59
2008-05-15,35.363,0.001,21.54,2.234
2008-05-16,35.817,0.0,20.82,3.093
2008-05-17,36.1,0.0,18.13,3.246
2008-05-18,36.264,0.001,19.63,2.776
2008-05-19,36.199,0.001,18.02,2.788
2008-05-20,36.214,0.001,18.4,2.338
2008-05-21,35.504,0.003,18.61,2.386
2008-05-22,34.988,0.005,24.17,1.45
2008-05-23,35.097,0.013,26.02,1.663
2008-05-24,34.563,0.074,29.22,1.637
2008-05-25,33.678,0.446,35.87,0.9
2008-05-26,33.905,0.731,34.75,0.086
2008-05-27,34.904,0.001,27.38,0.484
2008-05-28,35.02,0.002,27.51,0.325
2008-05-29,35.884,0.011,26.73,1.123
2008-05-30,35.804,0.011,27.06,1.915
2008-05-31,35.731,0.0,25.4,1.469
2008-06-01,35.244,0.075,31.21,0.993
2008-06-02,34.97,0.195,34.98,1.725
2008-06-03,35.1,0.576,36.53,1.978
2008-06-04,32.538,0.501,49.63,3.261
2008-06-05,32.747,1.944,48.15,2.831
2008-06-06,29.915,9.291,65.08,2.36
2008-06-07,28.983,15.51,71.45,1.818
2008-06-08,28.332,12.401,76.02,2.124
2008-06-09,27.506,7.63,78.73,2.633
2008-06-10,26.064,9.095,86.08,2.928
2008-06-11,25.666,16.068,88.58,2.898
2008-06-12,26.132,12.99,83.9,3.404
2008-06-13,25.983,7.457,82.16,3.789
2008-06-14,28.985,0.041,60.95,4.134
2008-06-15,28.472,1.498,65.92,3.545
2008-06-16,28.367,1.512,64.18,3.308
2008-06-17,27.507,1.203,66.29,3.193
2008-06-18,25.97,7.728,77.16,2.657
2008-06-19,27.738,0.024,63.97,2.931
2008-06-20,28.826,0.354,59.1,2.828
2008-06-21,25.885,15.665,75.6,3.366
2008-06-22,25.452,21.902,86.44,3.012
2008-06-23,26.325,21.203,82.92,2.641
2008-06-24,25.462,30.107,87.39,2.671
2008-06-25,25.37,23.132,89.35,2.214
2008-06-26,26.427,14.426,85.62,2.69
2008-06-27,26.233,25.411,86.86,2.75
2008-06-28,24.53,67.247,91.74,3.487
2008-06-29,25.197,19.663,89.95,3.664
2008-06-30,25.962,13.858,85.1,3.815
2008-07-01,25.776,14.553,86.53,3.83
2008-07-02,27.115,4.196,79.52,3.934
2008-07-03,27.406,2.41,76.91,3.77
2008-07-04,27.015,6.129,80.3,3.572
2008-07-05,27.169,3.164,76.86,3.45
2008-07-06,26.296,8.329,82.15,3.021
2008-07-07,25.689,9.41,86.16,2.636
2008-07-08,25.708,12.186,84.18,3.006
2008-07-09,25.0,22.698,88.29,3.038
2008-07-10,25.479,1.937,83.07,3.358
2008-07-11,27.484,0.375,72.66,3.583
2008-07-12,27.87,0.137,69.86,3.095
2008-07-13,28.572,0.13,67.67,2.995
2008-07-14,28.678,0.395,69.41,2.803
2008-07-15,27.583,12.075,80.12,2.466
2008-07-16,26.59,8.801,84.96,2.49
2008-07-17,27.369,2.556,80.41,2.482
2008-07-18,28.601,0.528,72.36,2.378
2008-07-19,27.414,3.045,79.02,2.335
2008-07-20,27.191,4.834,81.98,2.303
2008-07-21,26.605,15.313,85.89,2.161
2008-07-22,27.225,6.636,82.15,2.405
2008-07-23,26.633,15.836,86.34,2.14
2008-07-24,26.207,11.072,86.21,2.564
2008-07-25,26.823,6.749,83.56,2.554
2008-07-26,26.174,14.773,87.5,2.068
2008-07-27,25.762,7.868,88.39,0.498
2008-07-28,25.772,24.113,88.71,0.389
2008-07-29,24.917,11.817,90.56,2.106
2008-07-30,25.277,7.337,84.64,3.43
2008-07-31,24.998,23.081,91.55,2.978
2008-08-01,24.773,24.542,91.03,2.579
2008-08-02,25.709,5.976,87.61,2.076
2008-08-03,26.268,14.248,86.45,0.716
2008-08-04,26.48,9.052,85.74,1.498
2008-08-05,26.279,13.257,87.15,0.095
2008-08-06,26.188,11.001,86.34,2.423
2008-08-07,25.646,25.653,88.73,2.674
2008-08-08,24.742,16.268,90.86,2.902
2008-08-09,25.568,31.347,90.13,1.75
2008-08-10,25.211,14.898,90.61,2.436
2008-08-11,25.362,0.983,83.83,4.035
2008-08-12,27.011,0.545,74.62,3.79
2008-08-13,27.689,1.055,75.97,2.846
2008-08-14,27.109,4.251,80.82,2.787
2008-08-15,26.021,6.14,85.69,2.919
2008-08-16,25.82,5.901,87.73,2.801
2008-08-17,26.454,3.833,84.61,2.826
2008-08-18,27.277,1.441,78.45,2.704
2008-08-19,26.806,6.835,81.13,2.511
2008-08-20,25.788,2.575,84.13,2.164
2008-08-21,26.387,1.04,77.77,2.559
2008-08-22,27.072,0.442,71.02,2.284
2008-08-23,26.772,5.207,79.54,1.114
2008-08-24,26.798,14.336,84.1,0.115
2008-08-25,25.81,11.856,87.7,1.111
2008-08-26,26.389,3.368,82.24,2.417
2008-08-27,27.417,0.924,79.48,2.758
2008-08-28,27.264,3.9,80.59,2.608
2008-08-29,26.798,9.805,84.04,2.138
2008-08-30,26.212,23.998,88.75,1.885
2008-08-31,25.793,20.571,90.23,1.079
2008-09-01,26.321,12.621,87.05,1.006
2008-09-02,27.107,6.107,83.81,1.043
2008-09-03,27.24,7.237,83.92,1.11
2008-09-04,26.879,3.6,82.65,1.872
2008-09-05,27.058,1.147,81.3,2.032
2008-09-06,27.082,2.54,82.34,1.531
2008-09-07,26.65,9.109,86.4,0.432
2008-09-08,27.15,3.722,82.89,0.253
2008-09-09,26.23,7.84,85.81,1.303
2008-09-10,25.749,11.373,87.63,2.547
2008-09-11,25.877,8.353,83.84,3.474
2008-09-12,25.722,10.848,84.62,3.095
2008-09-13,25.725,6.787,85.53,1.176
2008-09-14,26.264,5.345,83.91,1.396
2008-09-15,27.087,3.92,78.97,2.408
2008-09-16,25.701,25.138,87.79,2.612
2008-09-17,25.418,44.16,88.24,3.81
2008-09-18,23.992,70.068,90.27,4.513
2008-09-19,26.295,0.11,74.51,2.984
2008-09-20,26.787,0.85,79.69,2.077
2008-09-21,25.781,4.282,83.93,1.921
2008-09-22,26.608,0.928,78.28,1.743
2008-09-23,27.16,0.219,72.6,1.714
2008-09-24,26.852,0.022,69.04,1.732
2008-09-25,26.944,0.007,65.84,2.318
2008-09-26,26.899,0.029,66.86,2.48
2008-09-27,26.68,0.002,65.32,2.371
2008-09-28,26.625,0.006,67.48,2.482
2008-09-29,26.127,0.891,75.58,1.487
2008-09-30,26.787,0.34,75.34,0.777
2008-10-01,27.351,0.547,76.35,0.227
2008-10-02,27.348,1.539,78.61,0.523
2008-10-03,26.987,3.034,78.7,0.327
2008-10-04,26.276,5.583,84.19,1.06
2008-10-05,26.484,4.434,83.28,1.447
2008-10-06,26.408,6.191,84.17,1.525
2008-10-07,27.277,1.063,78.58,1.8
2008-10-08,27.138,0.306,75.7,1.06
2008-10-09,26.961,0.871,77.27,0.24
2008-10-10,27.182,0.354,75.88,0.463
2008-10-11,27.08,0.011,68.75,0.704
2008-10-12,27.085,0.002,61.05,0.313
2008-10-13,26.818,0.001,60.13,0.032
2008-10-14,26.327,0.0,61.87,1.021
2008-10-15,25.689,0.001,62.8,1.483
2008-10-16,25.753,0.257,71.97,1.344
2008-10-17,26.441,0.144,68.2,1.312
2008-10-18,25.825,0.002,63.55,1.85
2008-10-19,24.798,0.003,54.61,1.789
2008-10-20,24.405,0.001,51.19,1.178
2008-10-21,24.279,0.0,53.05,1.35
2008-10-22,24.451,0.0,54.71,1.936
2008-10-23,24.748,0.002,55.66,2.172
2008-10-24,24.197,0.003,52.85,2.36
2008-10-25,24.063,0.001,51.96,2.295
2008-10-26,24.057,0.0,55.84,2.086
2008-10-27,23.886,0.0,56.81,0.49
2008-10-28,24.397,0.001,51.7,0.669
2008-10-29,24.273,0.0,52.19,0.266
2008-10-30,24.409,0.002,52.06,1.118
2008-10-31,24.224,0.001,54.33,0.356
2008-11-01,25.025,0.002,50.31,1.149
2008-11-02,24.286,0.0,53.66,0.618
2008-11-03,23.829,0.0,51.13,0.661
2008-11-04,23.785,0.0,53.32,0.168
2008-11-05,24.231,0.0,52.69,0.591
2008-11-06,24.103,0.002,53.53,1.038
2008-11-07,23.967,0.0,53.64,1.222
2008-11-08,24.553,0.001,55.6,0.947
2008-11-09,24.753,0.001,58.08,0.846
2008-11-10,24.788,0.0,54.84,1.233
2008-11-11,24.975,0.002,55.72,1.003
2008-11-12,24.939,0.0,54.66,1.042
2008-11-13,24.102,0.0,56.11,1.609
2008-11-14,23.53,0.0,58.63,2.156
2008-11-15,24.311,0.024,53.12,2.57
2008-11-16,24.662,0.273,64.31,2.27
2008-11-17,24.863,1.712,76.93,1.393
2008-11-18,25.566,0.281,74.77,0.922
2008-11-19,26.294,0.305,67.93,0.907
2008-11-20,25.082,2.494,77.43,0.501
2008-11-21,24.697,0.42,71.12,1.95
2008-11-22,23.254,0.001,60.04,1.734
2008-11-23,21.903,0.002,52.4,1.577
2008-11-24,21.14,0.0,47.48,1.229
2008-11-25,20.488,0.0,45.9,1.856
2008-11-26,20.59,0.001,45.79,2.098
2008-11-27,21.185,0.002,50.82,2.43
2008-11-28,22.193,0.011,55.86,1.86
2008-11-29,22.72,0.036,59.44,0.866
2008-11-30,22.783,0.019,54.36,0.822
2008-12-01,22.864,0.001,51.76,0.81
2008-12-02,22.681,0.001,54.85,0.745
2008-12-03,22.14,0.0,56.7,1.151
2008-12-04,21.524,0.001,50.63,1.251
2008-12-05,21.345,0.003,46.2,1.383
2008-12-06,21.175,0.001,48.51,1.098
2008-12-07,20.881,0.001,49.05,1.017
2008-12-08,21.19,0.0,51.52,1.359
2008-12-09,22.211,0.001,58.64,0.603
2008-12-10,23.006,0.0,58.66,0.191
2008-12-11,23.364,0.0,56.63,0.663
2008-12-12,23.508,0.0,56.02,0.954
2008-12-13,23.49,0.0,56.46,1.246
2008-12-14,23.536,0.002,56.0,1.343
2008-12-15,22.575,0.001,57.82,1.0
2008-12-16,21.539,0.002,52.13,1.339
2008-12-17,20.769,0.0,42.74,1.859
2008-12-18,20.599,0.001,47.8,1.549
2008-12-19,21.409,0.001,45.88,0.976
2008-12-20,21.739,0.002,47.91,0.242
2008-12-21,22.03,0.003,53.18,0.992
2008-12-22,22.567,0.0,55.98,1.637
2008-12-23,22.12,0.001,60.48,1.385
2008-12-24,20.844,0.0,54.73,0.866
2008-12-25,19.758,0.001,44.52,0.813
2008-12-26,19.185,0.0,46.1,0.061
2008-12-27,20.303,0.001,41.3,0.207
2008-12-28,20.416,0.0,43.61,0.2
2008-12-29,20.484,0.0,42.64,0.054
2008-12-30,20.413,0.0,45.73,0.212
2008-12-31,20.578,0.001,47.45,0.46
2009-01-01,20.055,0.0,52.21,1.302
2009-01-02,20.242,0.0,49.11,1.002
2009-01-03,20.461,0.001,50.87,0.234
2009-01-04,21.325,0.001,51.9,0.692
2009-01-05,22.235,0.008,55.38,0.755
2009-01-06,22.136,0.148,62.09,0.373
2009-01-07,21.587,0.841,68.72,1.336
2009-01-08,22.268,0.066,61.82,1.584
2009-01-09,22.189,0.014,56.89,1.695
2009-01-10,21.92,0.0,51.8,1.396
2009-01-11,22.314,0.0,55.55,1.551
2009-01-12,22.788,0.004,60.1,1.666
2009-01-13,22.83,0.0,58.41,1.571
2009-01-14,22.613,0.001,56.06,1.687
2009-01-15,22.313,0.0,56.3,1.685
2009-01-16,21.673,0.002,48.66,1.51
2009-01-17,21.62,0.002,45.65,1.35
2009-01-18,21.889,0.001,48.7,1.268
2009-01-19,22.214,0.002,46.17,1.13
2009-01-20,22.239,0.0,48.83,1.088
2009-01-21,21.223,0.001,42.65,0.773
2009-01-22,21.681,0.001,38.3,0.702
2009-01-23,22.101,0.001,38.19,0.223
2009-01-24,23.009,0.003,40.26,0.437
2009-01-25,24.301,0.002,39.97,0.632
2009-01-26,24.848,0.003,38.22,1.301
2009-01-27,25.415,0.002,42.76,1.688
2009-01-28,25.175,0.0,44.5,0.431
2009-01-29,24.816,0.003,42.89,1.091
2009-01-30,25.024,0.001,42.23,0.288
2009-01-31,26.058,0.0,37.64,0.924
2009-02-01,24.359,0.001,41.59,0.822
2009-02-02,23.544,0.001,38.12,0.842
2009-02-03,23.413,0.001,36.11,0.851
2009-02-04,24.245,0.0,37.26,0.667
2009-02-05,25.425,0.001,46.67,0.604
2009-02-06,26.15,0.001,44.64,1.039
2009-02-07,25.359,0.0,32.81,0.994
2009-02-08,24.413,0.005,35.0,1.443
2009-02-09,24.512,0.0,35.85,1.049
2009-02-10,25.365,0.0,34.85,0.648
2009-02-11,25.482,0.041,37.44,2.381
2009-02-12,23.321,0.0,30.08,1.431
2009-02-13,23.235,0.003,34.61,0.279
2009-02-14,25.034,0.002,31.5,0.709
2009-02-15,25.48,0.001,30.86,1.106
2009-02-16,25.54,0.0,32.36,1.538
2009-02-17,25.755,0.002,34.54,1.048
2009-02-18,26.185,0.0,34.64,1.012
2009-02-19,26.28,0.0,33.59,1.344
2009-02-20,26.509,0.0,28.56,1.177
2009-02-21,26.366,0.001,27.43,0.759
2009-02-22,26.724,0.0,30.46,0.169
2009-02-23,29.06,0.001,31.25,2.032
2009-02-24,29.18,0.001,26.58,2.818
2009-02-25,28.265,0.001,22.59,2.013
2009-02-26,28.226,0.002,25.88,0.673
2009-02-27,29.401,0.001,25.05,1.233
2009-02-28,28.743,0.001,26.02,0.853
2009-03-01,27.523,0.001,24.73,1.381
2009-03-02,28.4,0.002,25.71,0.38
2009-03-03,29.188,0.0,22.56,0.957
2009-03-04,29.901,0.002,21.11,1.162
2009-03-05,30.162,0.001,15.0,2.54
2009-03-06,28.972,0.0,19.54,0.821
2009-03-07,29.596,0.002,20.64,0.607
2009-03-08,30.354,0.001,22.53,1.031
2009-03-09,30.096,0.146,31.03,0.397
2009-03-10,29.092,0.253,33.69,0.126
2009-03-11,28.888,0.0,29.69,1.535
2009-03-12,28.107,0.001,23.46,0.763
2009-03-13,28.334,0.001,17.16,1.832
2009-03-14,29.277,0.002,21.9,0.975
2009-03-15,27.026,0.152,27.77,2.407
2009-03-16,27.909,0.184,30.69,0.523
2009-03-17,28.435,0.002,25.75,0.494
2009-03-18,29.291,0.001,20.57,0.95
2009-03-19,29.616,0.002,20.74,0.546
2009-03-20,29.23,1.036,30.16,1.871
2009-03-21,27.657,2.133,43.76,0.934
2009-03-22,27.599,0.084,36.91,0.131
2009-03-23,28.534,0.061,30.66,0.599
2009-03-24,28.604,0.8,34.45,0.557
2009-03-25,29.337,0.273,32.19,1.387
2009-03-26,29.421,0.001,24.97,1.795
2009-03-27,28.821,0.0,20.69,0.617
2009-03-28,31.107,0.033,23.09,1.838
2009-03-29,32.089,0.001,23.32,2.126
2009-03-30,31.725,0.007,22.77,1.18
2009-03-31,31.608,0.002,21.85,1.666
2009-04-01,31.385,-0.0,22.05,1.134
2009-04-02,32.169,0.003,21.27,1.251
2009-04-03,32.724,0.001,20.91,0.807
2009-04-04,33.698,0.0,21.28,1.882
2009-04-05,33.381,0.001,20.07,1.134
2009-04-06,33.185,0.002,18.27,1.897
2009-04-07,32.181,0.28,24.31,0.944
2009-04-08,29.008,2.348,43.97,0.372
2009-04-09,29.922,0.328,41.33,0.135
2009-04-10,30.764,0.001,28.65,1.572
2009-04-11,30.771,0.001,21.22,1.085
2009-04-12,31.371,0.0,18.44,1.086
2009-04-13,32.043,0.0,18.96,1.01
2009-04-14,32.664,0.001,18.94,0.978
2009-04-15,33.61,0.0,17.76,1.376
2009-04-16,34.138,0.001,20.59,1.198
2009-04-17,34.229,0.003,22.77,0.802
2009-04-18,34.754,0.001,17.27,1.851
2009-04-19,34.574,0.001,13.06,2.334
2009-04-20,35.519,0.0,16.09,3.001
2009-04-21,36.244,0.003,14.39,3.255
2009-04-22,35.198,0.0,12.14,2.958
2009-04-23,34.105,0.0,9.79,2.044
2009-04-24,33.288,0.001,10.66,1.318
2009-04-25,33.654,0.003,13.78,0.726
2009-04-26,33.234,0.003,19.75,0.489
2009-04-27,33.771,0.003,11.74,1.01
2009-04-28,34.969,0.003,11.71,0.823
2009-04-29,36.035,0.001,15.14,2.281
2009-04-30,36.792,0.001,15.9,2.4
2009-05-01,37.376,0.002,15.82,1.909
2009-05-02,37.349,0.022,14.74,1.142
2009-05-03,37.141,0.023,13.38,2.045
2009-05-04,35.127,0.518,22.79,0.515
2009-05-05,35.082,0.145,24.0,2.715
2009-05-06,35.825,0.026,16.01,2.044
2009-05-07,34.971,0.002,15.66,1.336
2009-05-08,35.068,0.0,15.99,0.474
2009-05-09,35.661,0.0,15.4,1.084
2009-05-10,36.889,0.002,13.58,2.049
2009-05-11,36.79,0.001,14.54,2.471
2009-05-12,36.769,0.001,18.54,1.981
2009-05-13,35.562,0.06,25.04,0.885
2009-05-14,36.286,0.006,21.73,1.091
2009-05-15,36.818,0.371,24.19,1.647
2009-05-16,36.555,0.496,26.18,2.054
2009-05-17,37.122,0.001,25.42,2.367
2009-05-18,36.332,0.256,31.51,2.607
2009-05-19,36.605,0.098,31.11,2.513
2009-05-20,36.13,0.038,33.24,0.722
2009-05-21,35.391,0.014,36.68,0.621
2009-05-22,34.911,0.519,42.33,0.613
2009-05-23,34.104,1.516,44.52,1.043
2009-05-24,33.72,1.423,43.85,1.76
2009-05-25,34.2,0.011,34.86,2.086
2009-05-26,34.986,0.0,27.87,1.728
2009-05-27,36.267,0.001,21.19,0.323
2009-05-28,36.74,0.001,22.18,1.605
2009-05-29,36.844,0.045,26.48,1.253
2009-05-30,34.481,0.612,37.76,1.342
2009-05-31,34.401,0.067,34.24,1.887
2009-06-01,33.6,0.426,40.39,2.316
2009-06-02,34.469,0.081,37.89,2.711
2009-06-03,35.627,0.012,31.64,3.322
2009-06-04,35.712,0.321,32.73,3.367
2009-06-05,33.959,2.454,42.62,2.837
2009-06-06,34.1,0.243,39.81,3.017
2009-06-07,34.497,0.048,36.09,3.053
2009-06-08,35.324,0.002,24.92,2.287
2009-06-09,36.135,0.0,24.68,2.157
2009-06-10,36.774,0.042,22.7,1.269
2009-06-11,36.379,0.267,27.32,2.302
2009-06-12,35.169,0.086,34.07,2.682
2009-06-13,32.669,3.216,48.91,0.911
2009-06-14,33.507,1.537,44.41,1.346
2009-06-15,34.804,0.319,35.74,1.523
2009-06-16,35.395,0.439,31.37,1.697
2009-06-17,36.279,0.002,25.72,0.97
2009-06-18,36.728,0.002,24.67,0.835
2009-06-19,37.065,0.001,25.44,1.152
2009-06-20,36.519,0.059,30.26,2.439
2009-06-21,35.142,1.472,37.97,3.56
2009-06-22,35.943,0.512,34.66,3.545
2009-06-23,36.315,0.159,33.22,3.465
2009-06-24,35.687,0.994,36.73,3.0
2009-06-25,33.112,2.553,48.66,3.049
2009-06-26,30.009,18.785,68.78,2.719
2009-06-27,28.514,23.941,77.47,2.366
2009-06-28,27.251,14.456,83.5,2.662
2009-06-29,28.229,6.745,76.2,2.51
2009-06-30,28.477,9.038,77.42,2.527
2009-07-01,26.913,39.613,87.52,2.611
2009-07-02,26.329,23.698,88.76,2.487
2009-07-03,26.437,17.878,87.64,2.012
2009-07-04,27.247,10.115,83.58,1.995
2009-07-05,27.281,6.307,82.3,2.099
2009-07-06,27.057,7.985,81.73,2.585
2009-07-07,26.765,15.027,82.66,2.688
2009-07-08,25.844,27.521,87.94,2.815
2009-07-09,24.963,8.446,90.2,3.33
2009-07-10,26.139,6.174,85.22,3.426
2009-07-11,26.7,10.058,82.71,3.304
2009-07-12,26.156,14.246,85.86,3.83
2009-07-13,25.481,39.76,90.61,3.398
2009-07-14,26.047,31.781,89.87,1.759
2009-07-15,25.361,25.81,92.33,2.366
2009-07-16,25.339,8.154,86.48,4.108
2009-07-17,27.126,4.425,79.73,3.194
2009-07-18,26.914,10.602,82.22,3.041
2009-07-19,25.441,23.07,89.23,3.349
2009-07-20,24.633,42.766,93.81,2.692
2009-07-21,24.102,103.797,95.23,4.071
2009-07-22,24.193,18.901,89.4,4.815
2009-07-23,27.228,0.256,72.77,3.805
2009-07-24,27.727,0.056,69.76,3.39
2009-07-25,28.405,0.13,70.12,3.794
2009-07-26,26.496,10.703,80.3,4.119
2009-07-27,24.371,42.556,92.03,4.045
2009-07-28,25.983,9.187,82.57,3.622
2009-07-29,27.459,0.747,73.44,3.463
2009-07-30,28.002,0.694,72.58,3.235
2009-07-31,28.464,0.446,68.89,3.409
2009-08-01,28.252,0.968,68.87,2.935
2009-08-02,28.106,0.358,70.05,2.728
2009-08-03,28.357,0.869,70.75,2.629
2009-08-04,28.319,0.465,68.6,3.198
2009-08-05,28.029,0.207,66.68,3.398
2009-08-06,27.783,0.374,67.99,3.099
2009-08-07,28.226,0.36,70.19,2.956
2009-08-08,28.246,1.676,72.71,2.859
2009-08-09,26.806,12.675,83.29,2.707
2009-08-10,26.22,36.293,88.06,2.701
2009-08-11,25.338,24.327,91.83,2.111
2009-08-12,26.068,24.623,89.22,2.09
2009-08-13,26.651,8.187,86.42,2.24
2009-08-14,25.641,13.43,88.22,2.517
2009-08-15,25.1,19.788,92.02,2.212
2009-08-16,26.96,3.485,82.94,1.486
2009-08-17,27.64,5.637,80.2,1.116
2009-08-18,27.747,6.965,81.89,1.433
2009-08-19,26.939,16.887,85.16,2.101
2009-08-20,24.507,26.858,92.0,2.627
2009-08-21,24.652,19.098,90.2,2.294
2009-08-22,25.367,11.339,88.92,2.163
2009-08-23,27.003,3.954,82.67,1.372
2009-08-24,26.739,11.461,84.3,0.681
2009-08-25,25.249,20.995,90.09,0.963
2009-08-26,25.359,18.3,89.76,1.06
2009-08-27,25.331,17.525,89.94,1.519
2009-08-28,25.024,6.97,88.39,2.789
2009-08-29,26.895,2.205,80.26,2.147
2009-08-30,27.485,8.311,82.68,0.968
2009-08-31,26.316,20.967,88.16,0.285
2009-09-01,26.966,12.392,85.42,0.265
2009-09-02,26.316,15.926,87.17,0.211
2009-09-03,26.892,3.832,83.51,0.396
2009-09-04,27.124,5.707,83.24,1.359
2009-09-05,26.58,11.261,85.84,2.142
2009-09-06,26.906,3.92,81.42,2.981
2009-09-07,27.306,2.644,74.79,3.632
2009-09-08,26.418,13.626,81.52,4.074
2009-09-09,26.535,2.218,72.81,4.567
2009-09-10,26.65,2.234,78.94,2.848
2009-09-11,27.692,0.456,78.95,1.889
2009-09-12,28.231,0.135,73.22,1.695
2009-09-13,28.552,0.163,71.88,1.449
2009-09-14,28.346,0.299,70.1,1.976
2009-09-15,28.133,0.042,64.49,2.223
2009-09-16,27.913,0.0,61.2,1.916
2009-09-17,27.835,0.002,67.24,1.408
2009-09-18,28.388,0.076,67.31,0.623
2009-09-19,28.362,0.019,67.9,0.358
2009-09-20,28.673,0.015,68.4,0.502
2009-09-21,28.949,0.165,70.88,0.482
2009-09-22,29.108,0.298,72.27,2.272
2009-09-23,29.257,0.222,66.67,2.503
2009-09-24,29.12,0.048,58.81,1.97
2009-09-25,29.095,0.002,59.78,1.724
2009-09-26,27.482,6.559,77.34,1.166
2009-09-27,27.706,7.648,80.77,0.965
2009-09-28,27.017,8.843,84.34,1.651
2009-09-29,27.058,9.258,82.96,2.205
2009-09-30,27.254,3.87,78.87,3.399
2009-10-01,25.853,13.35,85.57,3.448
2009-10-02,25.303,13.099,90.2,2.483
2009-10-03,26.002,12.269,85.12,2.563
2009-10-04,25.909,14.602,88.21,0.95
2009-10-05,25.605,6.535,87.9,1.524
2009-10-06,25.224,6.73,89.25,2.278
2009-10-07,26.092,0.701,78.31,2.57
2009-10-08,26.341,0.031,70.09,1.71
2009-10-09,26.046,0.002,68.56,1.381
2009-10-10,26.024,0.001,67.05,0.806
2009-10-11,25.967,0.001,65.86,0.396
2009-10-12,26.099,0.002,63.86,0.158
2009-10-13,25.974,0.03,68.01,0.486
2009-10-14,26.564,0.1,67.44,0.298
2009-10-15,26.62,0.0,63.16,0.504
2009-10-16,25.465,0.0,64.22,0.557
2009-10-17,25.357,0.0,63.92,0.225
2009-10-18,25.88,0.0,64.85,0.319
2009-10-19,26.059,0.0,58.35,0.209
2009-10-20,25.509,0.0,56.72,0.222
2009-10-21,25.703,0.0,54.95,0.281
2009-10-22,24.533,0.003,53.28,0.861
2009-10-23,23.91,0.001,51.94,0.393
2009-10-24,23.342,0.001,52.24,0.414
2009-10-25,23.109,0.0,56.78,0.816
2009-10-26,22.505,0.002,51.51,1.331
2009-10-27,22.709,0.001,54.04,0.961
2009-10-28,23.076,0.001,54.83,1.284
2009-10-29,23.277,0.001,52.02,1.375
2009-10-30,23.452,0.003,54.71,0.625
2009-10-31,23.871,0.0,52.17,0.614
2009-11-01,23.519,0.0,50.39,0.954
2009-11-02,23.048,0.002,51.95,1.817
2009-11-03,23.299,0.001,60.38,2.051
2009-11-04,24.406,0.591,69.56,1.913
2009-11-05,24.707,0.405,68.53,2.053
2009-11-06,25.072,0.039,68.22,1.742
2009-11-07,25.296,0.089,69.15,1.539
2009-11-08,25.176,2.443,75.17,1.248
2009-11-09,24.75,1.012,80.99,1.181
2009-11-10,24.141,0.724,76.77,1.936
2009-11-11,25.512,0.093,63.72,2.108
2009-11-12,25.287,4.451,76.57,1.616
2009-11-13,25.931,2.031,78.42,0.422
2009-11-14,26.12,1.064,78.11,0.481
2009-11-15,26.229,1.689,76.89,0.388
2009-11-16,25.6,5.339,76.9,0.272
2009-11-17,21.937,12.758,90.21,0.917
2009-11-18,22.928,2.564,85.16,0.648
2009-11-19,21.83,0.06,69.88,1.759
2009-11-20,19.988,0.001,62.63,1.464
2009-11-21,18.997,0.0,63.51,1.578
2009-11-22,18.698,0.001,61.73,1.502
2009-11-23,19.365,0.001,61.25,0.956
2009-11-24,19.972,0.0,58.55,0.261
2009-11-25,20.23,0.0,59.67,0.148
2009-11-26,20.001,0.002,58.57,1.019
2009-11-27,19.491,0.001,56.46,1.261
2009-11-28,19.193,0.0,57.84,1.286
2009-11-29,19.076,0.002,59.54,1.145
2009-11-30,18.967,0.001,60.61,1.162
2009-12-01,19.318,0.001,60.67,1.138
2009-12-02,19.679,0.0,62.31,1.193
2009-12-03,19.95,0.0,60.93,1.301
2009-12-04,20.128,0.001,60.48,0.702
2009-12-05,20.568,0.002,60.32,0.605
2009-12-06,21.072,0.0,60.63,0.747
2009-12-07,21.921,0.001,61.63,0.54
2009-12-08,22.508,0.0,62.52,0.611
2009-12-09,23.105,0.0,61.89,0.548
2009-12-10,23.213,0.002,61.69,1.118
2009-12-11,22.245,0.003,61.98,1.375
2009-12-12,21.797,0.001,63.26,1.417
2009-12-13,21.477,0.003,59.75,1.342
2009-12-14,21.668,0.001,60.27,1.198
2009-12-15,22.205,0.0,60.83,1.013
2009-12-16,22.663,0.001,59.11,0.533
2009-12-17,23.035,0.031,61.74,0.725
2009-12-18,21.618,1.08,74.92,0.769
2009-12-19,22.102,0.13,70.3,1.537
2009-12-20,21.94,0.071,65.14,1.697
2009-12-21,20.726,0.001,60.31,1.371
2009-12-22,18.503,0.001,56.49,1.476
2009-12-23,18.513,0.001,49.26,0.861
2009-12-24,18.823,0.0,49.52,0.576
2009-12-25,18.714,0.002,51.91,0.406
2009-12-26,18.958,0.001,54.51,0.538
2009-12-27,19.182,0.0,53.99,0.935
2009-12-28,19.633,0.001,54.64,0.903
2009-12-29,21.214,0.002,50.4,1.193
2009-12-30,19.628,2.767,71.64,0.306
2009-12-31,19.169,0.222,67.2,1.362
2010-01-01,17.624,0.0,54.12,1.728
2010-01-02,16.898,0.001,47.86,1.41
2010-01-03,17.851,0.001,49.72,0.709
2010-01-04,19.286,0.0,54.31,0.819
2010-01-05,18.197,0.0,54.57,1.24
2010-01-06,17.125,0.0,53.76,1.517
2010-01-07,17.354,0.001,52.65,1.512
2010-01-08,18.803,0.0,54.56,0.909
2010-01-09,21.352,0.0,49.3,0.693
2010-01-10,21.245,0.001,54.76,0.907
2010-01-11,21.508,0.0,55.61,1.326
2010-01-12,22.767,0.357,55.02,0.864
2010-01-13,20.802,6.214,85.36,0.133
2010-01-14,20.871,0.516,74.12,1.502
2010-01-15,19.405,0.002,60.61,1.057
2010-01-16,18.682,0.003,61.33,0.769
2010-01-17,18.588,0.001,59.18,0.808
2010-01-18,18.862,0.0,54.98,0.335
2010-01-19,18.396,0.001,49.98,1.028
2010-01-20,17.948,0.001,47.75,1.578
2010-01-21,18.681,0.0,44.45,1.073
2010-01-22,18.779,0.001,44.96,1.046
2010-01-23,19.278,0.001,42.89,1.046
2010-01-24,19.921,0.001,39.64,0.784
2010-01-25,20.121,0.0,40.37,0.491
2010-01-26,20.439,0.001,43.05,0.942
2010-01-27,20.165,0.001,41.65,1.068
2010-01-28,20.368,0.001,43.0,0.594
2010-01-29,20.537,0.001,41.23,0.887
2010-01-30,20.346,0.003,37.94,0.857
2010-01-31,21.125,0.003,39.35,0.846
2010-02-01,21.809,0.002,40.01,0.807
2010-02-02,22.894,0.004,42.57,0.368
2010-02-03,22.588,0.006,48.37,1.316
2010-02-04,21.398,1.19,63.72,0.794
2010-02-05,21.86,0.01,57.52,0.453
2010-02-06,22.002,0.002,40.93,1.242
2010-02-07,22.621,0.002,37.26,0.394
2010-02-08,23.263,0.0,38.88,0.737
2010-02-09,24.304,0.001,42.01,1.174
2010-02-10,24.06,0.001,47.61,1.204
2010-02-11,25.112,0.001,42.28,1.441
2010-02-12,25.283,0.001,45.21,1.134
2010-02-13,25.957,0.001,45.1,0.831
2010-02-14,25.784,0.005,51.04,0.585
2010-02-15,26.049,1.92,53.63,0.555
2010-02-16,25.986,0.185,50.39,0.495
2010-02-17,24.946,0.195,54.3,0.908
2010-02-18,24.045,0.002,39.5,1.318
2010-02-19,24.45,0.026,37.25,1.44
2010-02-20,25.163,0.003,38.2,0.978
2010-02-21,25.317,0.0,37.17,0.949
2010-02-22,25.933,0.006,34.69,0.653
2010-02-23,26.5,0.453,43.44,1.823
2010-02-24,26.231,0.001,37.23,2.729
2010-02-25,26.127,0.002,32.55,1.158
2010-02-26,26.725,0.003,30.99,1.555
2010-02-27,26.331,0.0,29.58,1.168
2010-02-28,27.214,0.001,26.94,0.759
2010-03-01,27.691,0.002,27.34,0.734
2010-03-02,29.207,0.0,25.16,1.787
2010-03-03,29.845,0.002,29.06,2.468
2010-03-04,30.391,0.001,31.55,2.584
2010-03-05,30.117,0.0,30.57,2.268
2010-03-06,29.985,0.002,31.9,1.306
2010-03-07,30.28,-0.0,30.04,1.842
2010-03-08,29.83,0.001,28.4,1.345
2010-03-09,29.351,0.0,32.45,1.731
2010-03-10,29.885,0.002,30.56,1.09
2010-03-11,30.324,0.062,33.66,0.437
2010-03-12,29.726,0.387,40.49,1.813
2010-03-13,30.314,0.062,35.41,2.4
2010-03-14,30.035,0.003,23.49,1.76
2010-03-15,30.2,0.001,21.74,1.365
2010-03-16,30.208,0.0,22.31,1.025
2010-03-17,30.32,0.0,24.7,0.575
2010-03-18,29.97,0.111,31.38,0.245
2010-03-19,30.341,0.0,29.49,0.652
2010-03-20,30.687,0.001,23.99,0.686
2010-03-21,31.201,0.0,21.52,0.279
2010-03-22,32.141,0.0,19.06,1.161
2010-03-23,32.673,0.001,20.35,1.838
2010-03-24,33.108,0.0,22.67,2.186
2010-03-25,33.249,0.0,27.09,2.551
2010-03-26,33.187,0.076,29.24,2.323
2010-03-27,33.075,0.324,30.5,2.131
2010-03-28,33.276,0.023,28.11,2.58
2010-03-29,33.38,0.006,31.5,3.206
2010-03-30,33.615,0.01,26.02,3.277
2010-03-31,33.095,0.001,21.83,3.327
2010-04-01,32.427,0.003,22.27,2.88
2010-04-02,33.059,0.002,21.39,2.477
2010-04-03,33.702,0.001,20.64,2.403
2010-04-04,33.787,0.0,17.94,2.424
2010-04-05,33.632,0.0,15.91,2.18
2010-04-06,33.487,0.001,16.74,1.267
2010-04-07,33.855,0.002,17.5,0.547
2010-04-08,33.629,0.005,18.49,0.494
2010-04-09,34.931,0.0,22.03,2.737
2010-04-10,35.382,0.014,19.36,2.795
2010-04-11,35.68,0.0,19.55,2.081
2010-04-12,35.809,0.003,17.16,2.736
2010-04-13,35.791,0.0,17.53,2.626
2010-04-14,35.633,0.003,16.54,1.385
2010-04-15,35.288,0.001,16.22,0.485
2010-04-16,35.501,0.001,22.49,2.288
2010-04-17,36.096,0.001,24.12,3.452
2010-04-18,36.634,0.0,22.25,3.777
2010-04-19,36.62,0.001,21.89,3.653
2010-04-20,36.009,0.0,18.32,3.436
2010-04-21,36.406,0.002,17.32,2.924
2010-04-22,36.273,0.002,16.98,2.368
2010-04-23,36.03,0.001,19.85,2.549
2010-04-24,34.819,0.005,18.37,2.79
2010-04-25,34.881,0.003,18.11,2.368
2010-04-26,35.044,0.02,25.82,3.069
2010-04-27,35.584,0.013,24.67,2.84
2010-04-28,35.287,0.475,27.93,2.891
2010-04-29,33.898,1.976,37.11,2.508
2010-04-30,32.865,0.975,42.02,2.421
2010-05-01,33.077,0.645,38.35,1.838
2010-05-02,32.941,0.001,31.78,1.17
2010-05-03,33.277,0.863,31.4,2.656
2010-05-04,33.352,0.551,31.44,2.64
2010-05-05,33.792,1.024,29.48,2.178
2010-05-06,34.554,0.155,30.19,0.981
2010-05-07,34.776,0.086,32.67,2.094
2010-05-08,34.887,0.381,33.49,2.502
2010-05-09,36.015,0.0,26.17,1.437
2010-05-10,36.513,0.0,19.82,2.33
2010-05-11,36.97,0.002,16.19,2.057
2010-05-12,36.958,0.0,16.88,2.362
2010-05-13,37.328,0.003,23.35,3.164
2010-05-14,37.076,0.636,26.98,3.437
2010-05-15,36.84,0.049,23.96,3.115
2010-05-16,37.242,0.007,22.43,2.699
2010-05-17,37.805,0.001,24.42,1.768
2010-05-18,36.37,0.384,34.21,1.668
2010-05-19,35.004,0.422,40.32,2.102
2010-05-20,32.494,0.809,51.74,2.442
2010-05-21,29.982,0.435,62.83,2.668
2010-05-22,30.269,0.525,62.25,2.258
2010-05-23,33.477,0.01,46.43,1.24
2010-05-24,37.08,0.023,25.07,2.307
2010-05-25,39.233,0.0,17.27,3.889
2010-05-26,38.779,0.005,20.43,4.275
2010-05-27,37.758,0.737,26.64,2.828
2010-05-28,38.102,0.002,23.74,2.458
2010-05-29,38.04,0.0,21.87,2.511
2010-05-30,37.963,0.0,18.89,2.957
2010-05-31,37.566,0.0,17.8,2.296
2010-06-01,37.94,0.001,18.64,2.234
2010-06-02,38.422,0.001,19.54,2.551
2010-06-03,37.999,0.013,24.47,2.83
2010-06-04,36.927,0.387,31.2,2.381
2010-06-05,37.218,0.142,27.62,2.861
2010-06-06,37.565,0.008,24.88,3.098
2010-06-07,37.097,0.003,27.14,2.157
2010-06-08,36.917,0.006,29.0,2.689
2010-06-09,36.665,0.156,30.73,1.241
2010-06-10,34.048,1.595,45.47,1.142
2010-06-11,34.716,0.168,42.68,1.801
2010-06-12,34.872,0.021,42.23,2.287
2010-06-13,34.83,0.088,42.34,1.462
2010-06-14,33.411,1.027,48.73,2.766
2010-06-15,31.776,2.91,55.1,3.038
2010-06-16,29.069,7.277,69.95,3.937
2010-06-17,28.637,8.509,71.61,2.963
2010-06-18,28.74,6.693,73.73,1.695
2010-06-19,28.979,7.571,75.38,2.453
2010-06-20,26.517,10.128,83.71,2.958
2010-06-21,28.64,8.392,75.45,3.32
2010-06-22,31.706,7.071,62.18,2.907
2010-06-23,31.76,8.306,62.69,2.901
2010-06-24,29.588,18.446,73.09,3.181
2010-06-25,28.842,21.01,77.43,2.335
2010-06-26,28.767,10.047,78.45,2.437
2010-06-27,28.276,8.836,79.99,2.186
2010-06-28,30.377,4.217,70.9,2.723
2010-06-29,29.609,5.582,73.66,2.867
2010-06-30,28.055,18.929,82.07,2.064
2010-07-01,27.841,15.956,83.14,1.267
2010-07-02,26.662,25.885,87.78,0.559
2010-07-03,26.578,5.294,82.98,1.33
2010-07-04,26.912,11.415,82.39,1.801
2010-07-05,26.475,31.365,86.15,1.046
2010-07-06,25.711,28.578,89.52,0.415
2010-07-07,25.687,18.967,89.0,0.745
2010-07-08,26.192,3.652,83.99,3.116
2010-07-09,26.058,1.843,84.42,3.397
2010-07-10,27.358,8.713,83.25,3.001
2010-07-11,26.641,23.528,87.14,3.164
2010-07-12,25.134,22.959,93.67,3.305
2010-07-13,27.069,4.642,82.35,2.543
2010-07-14,26.155,19.452,87.15,2.188
2010-07-15,26.083,15.212,88.55,1.325
2010-07-16,27.017,5.868,85.18,0.914
2010-07-17,27.983,4.398,81.78,1.447
2010-07-18,28.524,1.153,77.73,1.954
2010-07-19,28.446,4.837,80.16,1.025
2010-07-20,27.657,12.294,85.49,0.35
2010-07-21,27.776,9.473,82.73,0.631
2010-07-22,26.706,8.764,85.48,1.843
2010-07-23,26.548,25.044,86.26,2.657
2010-07-24,25.171,26.839,93.69,2.609
2010-07-25,24.329,55.292,93.53,4.321
2010-07-26,24.282,25.851,88.96,4.667
2010-07-27,26.029,7.209,83.85,2.52
2010-07-28,25.835,15.34,89.49,0.674
2010-07-29,27.173,14.985,84.92,0.76
2010-07-30,26.831,11.127,85.71,0.441
2010-07-31,25.563,6.796,88.9,2.576
2010-08-01,26.225,7.835,83.8,3.264
2010-08-02,25.877,12.699,84.8,2.711
2010-08-03,25.028,15.285,89.69,2.193
2010-08-04,25.018,15.22,88.19,2.379
2010-08-05,25.523,30.333,89.1,1.798
2010-08-06,25.352,20.367,90.08,0.649
2010-08-07,24.503,0.812,83.09,2.983
2010-08-08,26.155,0.889,76.35,2.222
2010-08-09,26.982,1.201,77.61,2.293
2010-08-10,27.185,3.18,81.71,1.852
2010-08-11,27.605,9.462,84.04,0.904
2010-08-12,27.467,10.361,85.12,0.535
2010-08-13,27.299,15.088,85.69,0.551
2010-08-14,26.481,9.162,86.38,1.61
2010-08-15,26.304,17.211,87.36,1.482
2010-08-16,27.274,2.364,81.95,1.999
2010-08-17,27.593,1.716,82.13,2.2
2010-08-18,27.663,5.49,82.8,1.723
2010-08-19,27.221,15.915,86.01,0.654
2010-08-20,25.991,13.623,90.15,1.348
2010-08-21,27.329,2.641,81.93,2.074
2010-08-22,27.518,2.61,79.75,1.813
2010-08-23,27.917,6.913,81.3,1.092
2010-08-24,26.861,20.37,86.54,0.208
2010-08-25,26.882,8.231,85.67,1.094
2010-08-26,27.373,5.766,82.37,1.542
2010-08-27,26.962,10.207,84.11,0.836
2010-08-28,27.008,7.56,84.05,1.357
2010-08-29,26.445,10.954,86.23,1.609
2010-08-30,26.171,8.832,86.52,1.51
2010-08-31,25.612,3.565,82.98,3.548
2010-09-01,25.703,15.771,87.42,2.652
2010-09-02,25.684,20.707,89.25,1.673
2010-09-03,25.954,8.978,89.0,0.541
2010-09-04,26.787,6.759,85.74,0.271
2010-09-05,26.447,18.371,86.96,1.172
2010-09-06,26.019,28.671,89.88,1.442
2010-09-07,25.491,25.656,91.83,0.338
2010-09-08,25.216,8.535,88.44,3.107
2010-09-09,26.504,4.34,82.56,2.473
2010-09-10,27.203,0.45,74.89,2.349
2010-09-11,27.388,3.55,79.89,1.563
2010-09-12,27.253,4.735,83.44,0.325
2010-09-13,26.637,16.791,85.74,0.617
2010-09-14,26.103,20.649,88.39,0.927
2010-09-15,25.906,13.277,88.13,0.952
2010-09-16,25.135,13.474,90.49,1.161
2010-09-17,25.534,24.791,89.68,0.544
2010-09-18,23.811,83.059,95.33,0.972
2010-09-19,25.226,12.157,86.71,2.048
2010-09-20,26.654,3.325,81.23,2.124
2010-09-21,26.656,1.064,80.07,2.004
2010-09-22,27.116,2.73,80.35,1.543
2010-09-23,27.393,0.389,77.11,1.111
2010-09-24,27.702,0.177,71.83,0.836
2010-09-25,27.869,0.06,71.26,0.53
2010-09-26,27.462,1.167,76.5,0.176
2010-09-27,27.739,1.083,75.84,1.038
2010-09-28,27.585,0.076,71.33,0.545
2010-09-29,26.613,0.006,63.82,1.122
2010-09-30,26.148,0.001,64.65,1.613
2010-10-01,26.5,0.141,72.21,1.463
2010-10-02,26.726,3.128,80.34,1.413
2010-10-03,26.913,2.594,82.47,0.755
2010-10-04,27.152,2.449,80.8,1.179
2010-10-05,27.17,1.719,78.84,1.721
2010-10-06,26.864,2.348,78.07,2.248
2010-10-07,26.473,0.752,77.7,2.175
2010-10-08,26.422,1.225,79.85,0.703
2010-10-09,26.862,0.505,76.85,0.659
2010-10-10,27.304,0.249,73.21,0.641
2010-10-11,26.89,0.045,63.8,0.254
2010-10-12,26.746,0.0,55.12,0.467
2010-10-13,26.042,0.002,56.79,1.53
2010-10-14,26.409,0.001,52.0,2.272
2010-10-15,24.114,7.191,78.28,2.294
2010-10-16,25.439,3.898,80.92,3.442
2010-10-17,25.361,4.242,83.41,2.37
2010-10-18,25.489,4.852,85.05,0.657
2010-10-19,26.662,0.61,79.02,0.192
2010-10-20,27.121,0.365,78.44,1.066
2010-10-21,26.576,6.868,81.88,0.959
2010-10-22,24.621,17.459,89.81,1.152
2010-10-23,25.374,0.427,79.1,0.461
2010-10-24,25.807,0.015,71.41,1.287
2010-10-25,25.457,0.008,66.75,1.467
2010-10-26,24.095,0.0,60.54,1.767
2010-10-27,23.183,0.001,57.6,1.418
2010-10-28,23.042,0.0,59.63,1.424
2010-10-29,23.209,0.031,59.87,1.831
2010-10-30,21.795,5.109,75.23,1.399
2010-10-31,19.679,6.769,83.03,2.426
2010-11-01,21.088,2.188,84.69,2.18
2010-11-02,20.905,2.036,88.37,1.937
2010-11-03,22.974,4.341,84.15,1.366
2010-11-04,24.066,0.4,78.6,1.442
2010-11-05,23.356,0.017,67.02,1.428
2010-11-06,22.616,0.002,65.15,1.826
2010-11-07,24.388,0.869,67.56,2.99
2010-11-08,23.742,4.853,88.27,2.634
2010-11-09,24.598,0.915,85.6,1.71
2010-11-10,25.266,0.534,80.86,0.335
2010-11-11,25.321,4.934,81.63,0.246
2010-11-12,23.99,4.072,86.31,1.056
2010-11-13,24.29,2.093,84.5,0.632
2010-11-14,25.218,0.039,74.4,1.475
2010-11-15,24.722,0.001,71.46,1.516
2010-11-16,24.222,0.003,71.45,1.47
2010-11-17,24.683,0.0,68.34,0.958
2010-11-18,24.917,0.562,74.22,0.301
2010-11-19,24.979,0.525,74.58,0.97
2010-11-20,24.53,0.302,75.24,1.098
2010-11-21,22.816,0.021,63.17,1.125
2010-11-22,22.019,0.0,57.7,1.545
2010-11-23,23.027,0.083,63.98,1.083
2010-11-24,24.074,0.001,63.11,0.87
2010-11-25,24.303,0.002,64.12,0.62
2010-11-26,24.935,0.002,64.88,0.446
2010-11-27,25.166,0.0,64.67,0.494
2010-11-28,25.414,0.001,63.5,0.186
2010-11-29,24.986,0.016,65.77,1.243
2010-11-30,24.496,0.002,64.7,1.208
2010-12-01,23.704,0.009,62.39,1.452
2010-12-02,23.379,0.011,64.97,1.362
2010-12-03,22.8,0.062,65.23,1.818
2010-12-04,21.877,0.001,55.9,2.17
2010-12-05,21.04,0.003,46.89,2.189
2010-12-06,17.932,15.983,73.31,2.423
2010-12-07,19.913,3.865,82.94,2.952
2010-12-08,19.374,37.933,94.04,2.548
2010-12-09,19.937,2.863,92.92,1.161
2010-12-10,22.448,0.319,76.93,0.31
2010-12-11,21.868,0.278,74.62,0.397
2010-12-12,20.932,0.105,68.63,0.616
2010-12-13,20.336,0.001,65.85,1.189
2010-12-14,19.35,0.001,67.83,0.997
2010-12-15,17.656,0.002,63.22,1.067
2010-12-16,17.204,0.0,62.46,0.72
2010-12-17,17.063,0.0,61.63,0.423
2010-12-18,16.68,0.0,60.69,0.612
2010-12-19,16.857,0.0,58.58,1.258
2010-12-20,16.364,0.0,58.21,0.433
2010-12-21,16.718,0.0,57.73,0.495
2010-12-22,17.225,0.001,53.59,0.68
2010-12-23,18.107,0.001,58.24,0.876
2010-12-24,18.795,0.001,63.42,0.786
2010-12-25,19.674,0.0,61.15,0.544
2010-12-26,19.329,0.001,62.46,1.032
2010-12-27,18.902,0.0,63.78,1.391
2010-12-28,18.2,0.001,58.85,1.363
2010-12-29,18.722,0.001,57.34,1.076
2010-12-30,20.253,0.002,56.44,0.949
2010-12-31,21.675,0.009,63.56,0.41
2011-01-01,18.919,0.285,66.44,1.621
2011-01-02,17.851,0.001,52.91,1.421
2011-01-03,17.183,0.001,52.66,1.536
2011-01-04,16.502,0.001,54.19,0.854
2011-01-05,15.461,0.0,53.05,1.163
2011-01-06,15.347,0.001,50.47,1.549
2011-01-07,15.477,0.002,51.61,1.449
2011-01-08,16.446,0.0,53.4,1.079
2011-01-09,17.233,0.001,49.13,0.688
2011-01-10,16.136,0.002,44.78,0.945
2011-01-11,15.966,0.001,45.76,0.159
2011-01-12,17.753,0.001,41.31,0.203
2011-01-13,19.823,0.001,41.8,0.52
2011-01-14,20.557,0.001,43.81,0.963
2011-01-15,21.673,0.002,45.11,1.693
2011-01-16,19.839,0.003,36.0,1.908
2011-01-17,18.093,0.001,30.34,0.419
2011-01-18,19.137,0.0,33.92,0.944
2011-01-19,20.255,0.002,40.88,0.455
2011-01-20,19.006,0.0,46.94,1.358
2011-01-21,18.53,0.002,39.31,0.94
2011-01-22,19.914,0.002,41.6,0.747
2011-01-23,21.385,0.0,43.35,0.58
2011-01-24,22.073,0.0,43.12,0.593
2011-01-25,22.36,0.001,45.27,0.542
2011-01-26,23.11,0.0,51.48,0.33
2011-01-27,22.482,0.001,50.55,0.92
2011-01-28,22.818,0.001,47.85,0.817
2011-01-29,23.1,0.001,48.85,1.79
2011-01-30,23.693,0.001,46.63,1.457
2011-01-31,22.726,0.0,50.6,0.982
2011-02-01,21.953,0.0,46.2,1.175
2011-02-02,21.346,0.001,43.29,1.14
2011-02-03,21.305,0.0,41.26,1.11
2011-02-04,21.417,0.002,41.61,0.569
2011-02-05,21.755,0.001,42.47,1.434
2011-02-06,22.792,0.0,38.19,0.857
2011-02-07,23.233,0.002,36.42,0.673
2011-02-08,23.764,0.002,35.84,0.989
2011-02-09,23.907,0.002,41.6,0.845
2011-02-10,24.431,0.002,38.08,0.889
2011-02-11,24.384,0.003,37.84,0.516
2011-02-12,24.309,0.003,37.5,0.2
2011-02-13,25.28,0.0,32.53,0.572
2011-02-14,25.665,0.0,35.7,1.442
2011-02-15,25.677,0.0,32.52,2.385
2011-02-16,24.96,0.027,38.36,2.143
2011-02-17,24.451,0.007,46.18,0.897
2011-02-18,23.732,0.002,49.98,1.374
2011-02-19,23.048,0.086,53.8,2.249
2011-02-20,20.281,13.236,85.11,1.658
2011-02-21,21.043,0.573,69.02,1.418
2011-02-22,21.197,0.001,59.02,1.619
2011-02-23,22.23,0.001,49.06,1.127
2011-02-24,23.494,0.0,42.93,1.139
2011-02-25,23.944,0.043,48.59,0.849
2011-02-26,23.621,0.081,52.92,0.39
2011-02-27,24.12,0.0,41.01,1.396
2011-02-28,23.941,0.001,39.6,1.393
2011-03-01,24.988,0.001,39.04,0.852
2011-03-02,26.25,0.001,41.88,0.623
2011-03-03,27.409,0.001,43.3,0.716
2011-03-04,28.556,0.037,40.29,0.834
2011-03-05,28.177,0.377,46.08,0.944
2011-03-06,28.717,0.0,38.09,1.082
2011-03-07,28.342,0.0,34.23,1.402
2011-03-08,28.256,0.002,29.63,0.804
2011-03-09,29.104,0.002,29.11,2.243
2011-03-10,29.024,0.014,31.28,1.808
2011-03-11,28.883,0.004,28.69,1.991
2011-03-12,26.689,0.001,27.88,1.264
2011-03-13,26.137,0.001,25.17,0.725
2011-03-14,26.69,0.0,25.37,0.749
2011-03-15,27.846,0.002,23.15,1.85
2011-03-16,27.55,0.0,26.68,1.658
2011-03-17,28.834,0.0,23.37,2.106
2011-03-18,30.079,0.0,25.52,3.022
2011-03-19,31.049,0.0,23.92,3.329
2011-03-20,30.94,0.001,24.83,3.452
2011-03-21,30.819,0.0,20.59,2.979
2011-03-22,30.578,0.0,21.75,1.323
2011-03-23,30.913,0.0,22.13,0.365
2011-03-24,30.236,0.463,31.22,1.691
2011-03-25,29.29,0.261,37.61,1.658
2011-03-26,29.116,0.009,27.82,1.743
2011-03-27,28.968,0.001,19.59,0.481
2011-03-28,30.137,0.001,19.36,1.104
2011-03-29,31.175,0.0,16.74,2.271
2011-03-30,31.211,0.001,16.92,2.57
2011-03-31,30.201,0.001,22.03,0.375
2011-04-01,30.64,0.0,17.42,1.24
2011-04-02,31.272,0.002,16.24,2.388
2011-04-03,31.6,0.004,26.41,3.107
2011-04-04,29.886,1.501,37.6,0.332
2011-04-05,28.355,1.165,45.77,1.619
2011-04-06,29.105,0.0,29.39,0.838
2011-04-07,30.741,0.003,27.32,0.957
2011-04-08,29.749,1.747,43.16,1.383
2011-04-09,28.856,1.367,44.28,0.156
2011-04-10,29.837,0.067,37.56,0.066
2011-04-11,30.899,0.009,32.48,0.536
2011-04-12,31.778,0.13,31.61,1.374
2011-04-13,30.837,1.853,41.86,1.403
2011-04-14,29.567,1.783,49.3,1.11
2011-04-15,30.128,1.356,47.39,1.241
2011-04-16,29.988,2.194,51.23,1.685
2011-04-17,31.29,0.891,44.5,2.101
2011-04-18,32.263,0.122,35.89,1.768
2011-04-19,31.3,1.289,43.61,1.301
2011-04-20,29.835,1.588,53.32,0.366
2011-04-21,28.116,13.564,63.03,0.561
2011-04-22,26.475,10.232,72.8,0.388
2011-04-23,27.888,0.17,59.35,0.64
2011-04-24,29.197,0.102,48.1,0.826
2011-04-25,29.175,1.008,50.17,0.958
2011-04-26,28.979,0.879,52.61,0.444
2011-04-27,28.899,1.184,57.75,0.237
2011-04-28,29.895,0.035,51.56,0.671
2011-04-29,31.432,0.004,42.72,0.562
2011-04-30,31.872,0.341,46.21,0.79
2011-05-01,32.525,0.415,40.3,1.507
2011-05-02,33.62,0.039,32.83,2.579
2011-05-03,33.967,0.001,23.68,2.89
2011-05-04,34.013,0.001,22.73,2.346
2011-05-05,34.472,0.005,26.9,0.865
2011-05-06,34.098,0.097,34.44,0.868
2011-05-07,33.719,0.059,34.04,0.422
2011-05-08,32.811,0.027,35.09,0.23
2011-05-09,34.021,0.039,26.79,1.233
2011-05-10,34.548,0.011,23.43,1.69
2011-05-11,35.008,0.002,20.3,2.562
2011-05-12,35.176,0.001,19.71,1.941
2011-05-13,35.402,0.007,22.26,1.977
2011-05-14,35.385,0.025,25.67,1.585
2011-05-15,35.732,0.054,26.89,1.681
2011-05-16,35.35,0.241,31.94,1.634
2011-05-17,34.844,0.954,38.04,2.333
2011-05-18,34.419,1.363,40.52,2.637
2011-05-19,35.539,0.258,31.98,2.486
2011-05-20,35.091,0.003,32.63,3.63
2011-05-21,34.755,0.001,30.39,3.448
2011-05-22,34.586,0.006,30.71,2.763
2011-05-23,34.283,0.009,34.83,1.791
2011-05-24,34.706,0.354,35.74,1.427
2011-05-25,35.412,0.313,32.09,1.619
2011-05-26,35.008,0.411,34.72,1.781
2011-05-27,34.754,0.051,35.17,0.906
2011-05-28,34.169,0.0,34.89,1.548
2011-05-29,34.262,0.244,37.56,0.256
2011-05-30,35.024,0.003,33.36,0.793
2011-05-31,34.328,0.719,37.5,0.469
2011-06-01,34.503,0.145,35.74,1.034
2011-06-02,34.824,0.01,34.98,2.055
2011-06-03,33.284,0.838,46.76,1.678
2011-06-04,32.271,2.705,54.75,1.616
2011-06-05,31.713,4.098,58.59,1.034
2011-06-06,31.302,1.939,62.39,1.333
2011-06-07,31.004,5.121,61.67,1.805
2011-06-08,30.156,0.54,63.85,3.283
2011-06-09,31.593,0.58,56.78,3.347
2011-06-10,31.049,1.613,59.54,3.226
2011-06-11,31.893,1.583,56.5,2.454
2011-06-12,31.597,7.872,58.94,2.207
2011-06-13,32.805,1.877,51.19,2.836
2011-06-14,30.519,14.613,64.39,3.229
2011-06-15,28.223,14.979,76.17,3.686
2011-06-16,27.359,9.463,77.25,3.658
2011-06-17,29.678,3.844,65.12,3.308
2011-06-18,28.33,6.191,73.45,3.261
2011-06-19,27.256,14.498,78.27,3.803
2011-06-20,25.279,27.061,89.02,4.69
2011-06-21,25.973,16.705,83.28,5.143
2011-06-22,26.721,4.197,82.09,3.593
2011-06-23,28.715,0.371,69.18,2.877
2011-06-24,28.267,0.176,65.51,3.611
2011-06-25,25.789,3.283,75.44,3.687
2011-06-26,24.811,8.173,86.57,3.811
2011-06-27,24.827,37.206,91.44,3.853
2011-06-28,25.462,9.157,87.66,3.602
2011-06-29,26.881,0.801,76.39,3.659
2011-06-30,27.795,0.081,71.16,2.97
2011-07-01,28.815,0.159,66.15,2.661
2011-07-02,28.955,0.286,67.08,2.823
2011-07-03,28.398,3.007,73.06,2.195
2011-07-04,27.354,15.597,79.95,1.286
2011-07-05,25.66,27.03,89.93,0.568
2011-07-06,26.527,7.431,81.19,2.042
2011-07-07,25.611,12.563,86.92,1.719
2011-07-08,26.016,7.917,84.43,2.709
2011-07-09,26.826,4.738,77.91,3.443
2011-07-10,27.833,0.334,67.4,3.643
2011-07-11,27.874,0.526,69.8,3.206
2011-07-12,26.972,17.47,82.47,1.016
2011-07-13,27.069,6.017,84.93,0.417
2011-07-14,26.859,11.328,85.48,1.264
2011-07-15,25.988,8.003,88.01,2.396
2011-07-16,25.912,16.519,87.64,2.536
2011-07-17,25.967,21.443,88.76,2.233
2011-07-18,26.21,19.024,86.81,3.228
2011-07-19,26.57,6.534,81.67,4.055
2011-07-20,24.449,22.727,92.22,4.296
2011-07-21,24.003,60.87,91.06,5.066
2011-07-22,23.549,34.907,91.67,4.581
2011-07-23,25.407,1.417,79.38,3.309
2011-07-24,26.417,0.253,75.88,1.201
2011-07-25,26.805,3.545,81.95,0.885
2011-07-26,27.853,1.543,78.81,0.68
2011-07-27,27.857,4.6,79.55,1.248
2011-07-28,27.651,5.686,81.0,1.212
2011-07-29,27.417,6.518,83.33,1.516
2011-07-30,27.524,4.238,81.8,1.711
2011-07-31,27.525,5.253,82.22,2.168
2011-08-01,27.411,3.879,80.04,2.733
2011-08-02,27.352,8.97,81.67,2.142
2011-08-03,25.632,14.636,91.26,2.592
2011-08-04,25.785,7.694,86.87,3.891
2011-08-05,25.202,14.26,89.45,3.274
2011-08-06,25.469,14.158,86.46,3.897
2011-08-07,25.089,28.14,91.26,3.319
2011-08-08,26.258,4.606,83.43,3.306
2011-08-09,25.733,7.664,86.32,3.166
2011-08-10,26.264,9.635,83.71,2.594
2011-08-11,26.338,18.187,82.34,2.806
2011-08-12,25.086,5.358,87.58,2.951
2011-08-13,25.055,8.046,87.32,3.652
2011-08-14,25.375,7.565,88.74,2.887
2011-08-15,26.718,5.845,82.64,2.334
2011-08-16,26.545,6.689,83.99,2.33
2011-08-17,26.732,6.537,84.64,1.989
2011-08-18,25.384,18.595,91.23,1.948
2011-08-19,24.34,29.625,92.87,1.249
2011-08-20,25.661,4.493,85.67,0.695
2011-08-21,27.069,3.858,80.99,0.616
2011-08-22,26.972,6.632,83.43,1.225
2011-08-23,26.945,4.531,83.29,1.309
2011-08-24,25.824,13.446,89.14,1.549
2011-08-25,25.953,11.993,86.66,1.503
2011-08-26,25.196,15.008,90.52,0.979
2011-08-27,24.548,21.497,92.74,0.125
2011-08-28,25.12,14.034,89.68,0.401
2011-08-29,25.261,12.96,89.95,0.903
2011-08-30,25.1,9.658,90.98,2.027
2011-08-31,25.573,8.328,87.95,1.756
2011-09-01,25.19,15.084,89.95,0.885
2011-09-02,24.056,23.37,94.65,2.972
2011-09-03,24.65,10.679,91.12,2.838
2011-09-04,25.903,10.114,85.71,1.807
2011-09-05,25.392,25.859,89.86,2.199
2011-09-06,24.462,39.039,93.61,2.97
2011-09-07,23.929,37.467,94.64,2.888
2011-09-08,24.464,16.804,92.6,2.374
2011-09-09,24.334,19.339,92.75,2.848
2011-09-10,25.144,4.753,84.82,3.085
2011-09-11,26.68,0.757,80.8,2.14
2011-09-12,27.491,0.6,76.96,1.018
2011-09-13,26.837,10.309,84.62,0.545
2011-09-14,26.425,11.157,86.8,0.596
2011-09-15,25.927,13.634,88.51,1.47
2011-09-16,25.491,10.277,89.82,2.255
2011-09-17,25.005,18.778,92.53,2.476
2011-09-18,26.163,3.836,84.05,2.261
2011-09-19,26.624,9.803,82.84,2.025
2011-09-20,26.421,6.526,82.44,2.067
2011-09-21,26.671,2.094,79.4,2.338
2011-09-22,26.983,0.856,76.71,2.302
2011-09-23,25.152,14.2,84.34,2.485
2011-09-24,25.984,0.651,73.78,3.003
2011-09-25,26.424,0.669,67.73,2.87
2011-09-26,26.444,0.002,69.43,2.022
2011-09-27,26.328,0.034,70.35,1.561
2011-09-28,26.341,0.001,66.7,1.637
2011-09-29,26.472,0.001,63.03,1.791
2011-09-30,26.299,0.001,62.58,1.326
2011-10-01,25.998,0.0,60.16,1.673
2011-10-02,26.129,0.001,61.27,1.778
2011-10-03,26.016,0.003,64.51,1.073
2011-10-04,25.932,0.0,62.63,0.303
2011-10-05,26.774,0.217,65.64,0.532
2011-10-06,26.303,0.347,74.59,0.761
2011-10-07,26.525,0.609,76.76,0.848
2011-10-08,26.344,0.44,78.43,1.105
2011-10-09,26.22,1.581,80.66,1.062
2011-10-10,26.496,2.638,79.99,1.438
2011-10-11,27.078,0.564,78.5,1.43
2011-10-12,27.084,0.558,75.73,0.959
2011-10-13,27.551,0.219,71.75,0.337
2011-10-14,27.113,0.078,66.28,0.479
2011-10-15,26.823,0.001,61.56,0.516
2011-10-16,26.978,0.005,61.21,0.81
2011-10-17,26.925,0.002,58.22,1.623
2011-10-18,25.638,0.0,51.97,1.629
2011-10-19,24.951,0.001,54.32,0.447
2011-10-20,26.027,0.003,56.72,0.627
2011-10-21,25.448,0.055,62.48,0.545
2011-10-22,25.423,0.001,56.73,0.839
2011-10-23,25.098,0.001,54.25,1.112
2011-10-24,24.83,0.001,52.99,1.244
2011-10-25,24.962,0.0,51.96,1.163
2011-10-26,24.894,0.001,53.71,1.054
2011-10-27,24.718,0.001,50.62,1.484
2011-10-28,24.396,0.001,48.52,1.667
2011-10-29,24.087,0.002,50.17,1.308
2011-10-30,23.93,0.001,50.52,0.98
2011-10-31,23.719,0.0,48.19,1.122
2011-11-01,23.365,0.002,52.17,1.206
2011-11-02,22.871,0.0,46.8,1.463
2011-11-03,22.769,0.0,45.7,1.09
2011-11-04,23.408,0.001,48.78,0.7
2011-11-05,23.855,0.001,51.26,0.453
2011-11-06,24.586,0.0,48.32,0.784
2011-11-07,24.994,0.0,49.28,0.622
2011-11-08,24.126,0.002,51.26,1.117
2011-11-09,23.341,0.001,53.39,1.099
2011-11-10,23.46,0.0,52.69,0.571
2011-11-11,24.367,0.001,55.76,0.287
2011-11-12,25.026,0.0,56.51,0.738
2011-11-13,25.257,0.0,56.59,1.144
2011-11-14,24.628,0.006,57.66,1.151
2011-11-15,23.53,0.0,51.76,1.153
2011-11-16,22.367,0.003,49.39,0.634
2011-11-17,22.62,0.0,47.15,0.396
2011-11-18,23.087,0.002,48.13,0.47
2011-11-19,23.297,0.001,51.34,0.727
2011-11-20,23.005,0.002,56.84,1.378
2011-11-21,22.503,0.0,59.38,1.749
2011-11-22,22.394,0.003,58.16,1.61
2011-11-23,22.257,0.001,56.87,1.938
2011-11-24,22.164,0.001,56.29,1.857
2011-11-25,22.527,0.0,55.86,1.694
2011-11-26,22.909,0.001,56.58,1.803
2011-11-27,23.516,0.001,58.15,1.526
2011-11-28,23.175,0.0,57.0,0.928
2011-11-29,22.109,0.002,58.22,0.965
2011-11-30,21.501,0.0,58.77,1.153
2011-12-01,21.028,0.001,55.6,1.488
2011-12-02,21.081,0.0,55.87,1.265
2011-12-03,21.672,0.001,60.72,0.849
2011-12-04,22.805,0.0,59.7,0.367
2011-12-05,23.103,0.0,58.37,0.897
2011-12-06,22.331,0.0,55.49,1.236
2011-12-07,21.339,0.0,51.87,1.517
2011-12-08,21.159,0.002,52.81,1.477
2011-12-09,21.523,0.001,51.83,0.581
2011-12-10,21.725,0.0,48.55,0.595
2011-12-11,21.634,0.0,54.15,1.001
2011-12-12,20.81,0.002,52.94,1.252
2011-12-13,20.233,0.002,55.9,1.134
2011-12-14,19.829,0.001,55.18,1.045
2011-12-15,19.804,0.001,52.31,0.861
2011-12-16,19.581,0.0,52.14,1.11
2011-12-17,19.3,0.001,49.99,1.137
2011-12-18,19.321,0.0,48.79,1.348
2011-12-19,19.452,0.0,49.02,0.972
2011-12-20,18.63,0.001,48.53,1.478
2011-12-21,18.315,0.001,43.08,1.58
2011-12-22,18.555,0.0,39.65,1.552
2011-12-23,18.985,0.0,39.96,0.943
2011-12-24,19.115,0.001,47.96,1.386
2011-12-25,18.387,0.0,50.41,1.451
2011-12-26,18.192,0.001,45.5,1.503
2011-12-27,18.268,0.0,44.11,1.66
2011-12-28,18.786,0.002,44.36,2.14
2011-12-29,21.847,0.0,56.75,2.061
2011-12-30,23.922,0.021,63.4,1.753
2011-12-31,22.664,20.093,76.0,2.039
2012-01-01,20.149,29.614,96.24,0.757
2012-01-02,20.302,2.255,92.19,0.822
2012-01-03,20.403,0.699,83.15,0.324
2012-01-04,20.382,0.036,79.06,0.52
2012-01-05,21.434,0.436,79.42,0.812
2012-01-06,21.587,0.594,82.5,0.405
2012-01-07,21.108,1.284,84.71,0.907
2012-01-08,20.55,2.382,86.09,0.709
2012-01-09,19.056,0.62,77.9,1.9
2012-01-10,16.723,0.011,68.39,2.242
2012-01-11,15.961,0.001,62.22,1.49
2012-01-12,15.353,0.001,57.08,1.209
2012-01-13,14.234,0.0,53.23,0.603
2012-01-14,14.517,0.0,54.96,0.115
2012-01-15,16.078,0.001,52.72,0.671
2012-01-16,17.703,0.001,50.49,1.513
2012-01-17,19.103,0.0,50.88,1.893
2012-01-18,19.754,0.0,58.46,1.465
2012-01-19,19.76,0.001,55.09,1.152
2012-01-20,18.059,0.0,56.73,1.345
2012-01-21,15.866,0.002,53.06,0.875
2012-01-22,16.781,0.0,49.11,1.337
2012-01-23,19.018,0.001,50.98,1.05
2012-01-24,20.607,0.0,55.22,0.622
2012-01-25,21.726,0.01,60.19,0.64
2012-01-26,20.936,0.746,66.54,1.486
2012-01-27,20.057,0.222,71.76,1.288
2012-01-28,20.8,1.829,71.83,1.56
2012-01-29,18.546,3.102,85.16,2.244
2012-01-30,19.399,0.189,78.09,1.256
2012-01-31,20.647,0.271,72.57,1.315
2012-02-01,19.586,0.208,64.93,1.825
2012-02-02,18.169,0.001,48.88,1.489
2012-02-03,19.013,0.0,47.18,1.078
2012-02-04,20.197,0.001,44.82,0.963
2012-02-05,21.547,0.001,44.15,0.703
2012-02-06,23.022,0.001,43.01,0.788
2012-02-07,23.422,0.0,43.81,1.254
2012-02-08,23.589,0.002,42.64,2.408
2012-02-09,19.424,0.003,47.68,1.859
2012-02-10,18.599,0.002,41.26,1.518
2012-02-11,19.188,0.001,37.69,1.643
2012-02-12,21.391,0.001,37.37,1.358
2012-02-13,24.209,0.005,52.16,0.755
2012-02-14,25.582,0.088,54.64,1.678
2012-02-15,25.132,0.819,56.09,0.449
2012-02-16,24.23,0.597,60.6,1.427
2012-02-17,23.666,0.293,64.51,1.844
2012-02-18,24.374,0.009,57.68,1.088
2012-02-19,23.755,0.001,42.42,1.461
2012-02-20,23.718,0.0,37.78,0.287
2012-02-21,25.64,0.001,36.79,0.089
2012-02-22,26.35,0.001,32.96,0.138
2012-02-23,26.13,0.002,31.61,0.307
2012-02-24,26.956,0.001,29.68,0.712
2012-02-25,26.857,0.0,32.27,0.593
2012-02-26,26.57,0.002,35.31,1.265
2012-02-27,26.24,0.002,33.04,0.642
2012-02-28,27.366,0.0,27.6,1.891
2012-02-29,25.34,0.001,29.14,0.249
2012-03-01,25.647,0.0,24.27,1.08
2012-03-02,25.32,0.0,25.06,1.101
2012-03-03,25.202,0.001,27.85,1.034
2012-03-04,25.473,0.0,28.77,0.286
2012-03-05,27.377,0.001,26.45,0.891
2012-03-06,28.04,0.003,23.86,2.541
2012-03-07,26.891,0.003,20.91,2.438
2012-03-08,26.549,0.002,20.71,2.014
2012-03-09,25.406,0.0,18.06,1.557
2012-03-10,24.542,0.001,22.88,1.944
2012-03-11,26.519,0.002,29.09,1.952
2012-03-12,28.129,0.0,34.94,0.979
2012-03-13,27.88,0.004,27.7,2.254
2012-03-14,25.866,0.002,24.73,1.618
2012-03-15,26.024,0.002,28.83,0.726
2012-03-16,27.896,0.0,23.89,1.017
2012-03-17,29.17,0.003,21.28,0.891
2012-03-18,30.061,0.0,18.89,1.605
2012-03-19,29.68,0.0,25.21,1.003
2012-03-20,30.217,0.0,25.1,0.675
2012-03-21,30.839,0.0,20.33,0.544
2012-03-22,29.586,0.002,14.88,1.546
2012-03-23,28.155,0.001,15.24,1.018
2012-03-24,28.647,0.002,17.45,1.24
2012-03-25,29.137,0.003,17.35,1.144
2012-03-26,29.42,0.0,19.53,0.723
2012-03-27,30.361,0.001,21.0,1.023
2012-03-28,30.87,0.001,20.69,1.773
2012-03-29,30.711,0.001,22.48,0.155
2012-03-30,30.984,0.071,24.76,0.705
2012-03-31,30.99,0.492,27.1,0.906
2012-04-01,31.149,0.002,25.31,1.099
2012-04-02,31.689,0.358,26.86,2.166
2012-04-03,32.31,0.173,24.95,1.937
2012-04-04,32.621,0.391,25.11,1.643
2012-04-05,31.8,0.694,28.95,1.354
2012-04-06,30.873,0.185,32.37,0.827
2012-04-07,31.321,0.073,33.17,1.793
2012-04-08,32.432,0.087,32.44,2.655
2012-04-09,31.521,0.901,36.79,1.932
2012-04-10,32.707,1.177,31.72,3.277
2012-04-11,33.132,0.411,29.62,3.428
2012-04-12,32.618,0.504,27.5,2.803
2012-04-13,31.634,0.288,26.67,1.347
2012-04-14,32.134,0.103,30.61,2.321
2012-04-15,32.387,0.039,29.95,2.205
2012-04-16,32.485,0.009,26.53,1.094
2012-04-17,33.11,0.002,25.47,1.537
2012-04-18,34.036,0.002,21.32,1.685
2012-04-19,34.213,0.015,22.12,0.694
2012-04-20,34.999,0.002,22.61,1.128
2012-04-21,33.775,0.003,27.34,2.211
2012-04-22,33.067,0.755,33.8,0.375
2012-04-23,33.128,0.093,34.24,1.933
2012-04-24,33.753,0.27,32.12,2.203
2012-04-25,33.3,0.132,36.16,2.421
2012-04-26,32.395,0.846,43.48,2.222
2012-04-27,32.151,1.164,46.47,2.46
2012-04-28,33.029,0.001,35.22,2.084
2012-04-29,33.511,0.001,31.94,2.91
2012-04-30,33.156,0.0,33.08,3.231
2012-05-01,33.744,0.002,26.02,2.823
2012-05-02,33.125,0.001,21.46,1.202
2012-05-03,33.545,0.0,15.53,1.094
2012-05-04,32.285,0.318,25.47,0.971
2012-05-05,31.989,0.065,28.73,0.973
2012-05-06,31.325,1.122,35.81,1.312
2012-05-07,33.935,0.001,23.95,1.804
2012-05-08,34.201,0.115,24.63,1.768
2012-05-09,34.56,0.109,25.87,1.409
2012-05-10,34.187,0.556,30.67,0.725
2012-05-11,34.916,0.095,30.19,1.874
2012-05-12,33.935,1.427,37.02,1.635
2012-05-13,33.953,0.771,35.52,1.227
2012-05-14,34.915,0.021,28.34,1.234
2012-05-15,35.355,0.001,21.22,2.204
2012-05-16,34.986,0.001,20.55,0.962
2012-05-17,35.962,0.001,18.73,1.872
2012-05-18,36.388,0.0,18.97,2.329
2012-05-19,36.435,0.02,18.86,1.998
2012-05-20,35.459,0.001,20.39,0.862
2012-05-21,35.735,0.001,20.1,0.4
2012-05-22,36.938,0.001,19.88,1.61
2012-05-23,37.126,0.003,18.03,2.044
2012-05-24,37.55,0.0,15.72,1.428
2012-05-25,37.694,0.001,13.65,2.124
2012-05-26,37.875,0.0,16.96,1.911
2012-05-27,37.278,0.002,17.23,1.655
2012-05-28,37.559,0.001,13.76,2.186
2012-05-29,37.493,0.001,14.52,1.984
2012-05-30,37.585,0.001,13.63,2.575
2012-05-31,38.688,0.002,14.17,2.528
2012-06-01,39.277,0.001,16.79,2.98
2012-06-02,38.876,0.006,21.41,3.154
2012-06-03,37.618,0.008,23.85,3.646
2012-06-04,37.0,0.002,19.42,3.219
2012-06-05,37.716,0.001,19.11,2.61
2012-06-06,36.761,0.122,28.36,2.08
2012-06-07,36.21,0.102,32.7,2.538
2012-06-08,35.545,0.654,36.61,2.425
2012-06-09,35.609,0.926,34.74,3.095
2012-06-10,32.646,1.574,47.55,3.285
2012-06-11,32.684,1.397,48.15,2.236
2012-06-12,33.826,0.605,44.81,2.08
2012-06-13,33.609,0.558,44.82,3.17
2012-06-14,33.446,0.322,47.13,2.482
2012-06-15,33.084,1.411,52.92,2.998
2012-06-16,31.396,6.341,58.85,3.047
2012-06-17,27.134,23.184,84.02,2.84
2012-06-18,27.096,20.648,83.69,2.406
2012-06-19,26.706,33.21,81.57,3.533
2012-06-20,26.138,20.44,81.46,4.029
2012-06-21,25.362,15.194,82.29,4.437
2012-06-22,25.556,9.214,81.96,3.872
2012-06-23,26.335,4.987,77.19,2.581
2012-06-24,29.523,0.152,61.36,3.391
2012-06-25,29.41,1.353,66.88,3.92
2012-06-26,29.731,0.431,62.31,3.872
2012-06-27,30.451,0.073,57.04,3.176
2012-06-28,30.683,0.366,56.76,2.583
2012-06-29,30.749,0.462,59.84,2.129
2012-06-30,30.982,1.914,60.83,2.343
2012-07-01,28.749,2.968,73.22,3.305
2012-07-02,27.846,22.444,81.94,1.754
2012-07-03,26.604,17.432,85.02,2.547
2012-07-04,26.774,8.761,84.06,2.841
2012-07-05,27.04,20.069,83.64,2.597
2012-07-06,24.762,25.501,90.56,3.176
2012-07-07,24.853,20.039,88.93,3.573
2012-07-08,25.726,6.836,84.2,3.479
2012-07-09,25.62,15.653,88.87,2.991
2012-07-10,27.459,3.48,79.56,2.295
2012-07-11,28.673,1.154,75.64,1.917
2012-07-12,28.75,3.999,75.53,1.799
2012-07-13,27.735,11.413,81.67,2.091
2012-07-14,26.848,20.35,85.56,2.418
2012-07-15,25.824,17.232,89.34,2.516
2012-07-16,25.776,10.534,88.44,2.111
2012-07-17,27.05,13.798,84.47,2.57
2012-07-18,27.02,5.339,83.68,3.257
2012-07-19,26.606,6.159,82.78,3.464
2012-07-20,25.956,5.228,86.1,2.411
2012-07-21,25.458,22.426,90.41,2.115
2012-07-22,25.865,12.401,84.5,2.373
2012-07-23,25.527,0.557,81.0,4.283
2012-07-24,25.129,12.093,86.62,3.682
2012-07-25,24.485,15.211,91.28,3.028
2012-07-26,24.543,21.495,92.43,3.266
2012-07-27,24.664,8.329,88.06,3.874
2012-07-28,24.855,2.683,84.09,4.246
2012-07-29,24.286,5.939,81.28,5.146
2012-07-30,23.361,19.021,91.31,4.106
2012-07-31,23.135,22.009,92.65,4.347
2012-08-01,24.513,9.717,85.92,4.253
2012-08-02,24.819,17.704,89.21,3.665
2012-08-03,23.917,45.429,93.13,3.374
2012-08-04,23.907,52.549,93.66,3.646
2012-08-05,24.541,19.613,90.85,3.693
2012-08-06,25.251,7.075,85.24,4.177
2012-08-07,26.641,1.948,74.2,4.693
2012-08-08,26.193,27.604,82.88,3.593
2012-08-09,25.426,22.167,87.19,3.405
2012-08-10,24.617,26.756,91.8,3.301
2012-08-11,24.841,7.485,86.6,3.887
2012-08-12,25.584,3.868,82.47,3.249
2012-08-13,26.663,0.999,77.74,3.262
2012-08-14,27.258,0.674,73.2,2.832
2012-08-15,26.828,2.825,78.35,2.144
2012-08-16,26.425,6.023,80.76,2.424
2012-08-17,25.78,9.723,84.69,2.279
2012-08-18,25.209,55.565,90.26,2.379
2012-08-19,24.834,21.698,90.58,1.694
2012-08-20,25.179,3.43,86.88,3.399
2012-08-21,25.935,5.258,81.8,3.758
2012-08-22,26.273,1.026,77.3,3.04
2012-08-23,27.425,1.693,77.41,2.127
2012-08-24,27.664,2.087,78.33,2.003
2012-08-25,27.044,17.649,84.04,1.135
2012-08-26,25.485,20.283,89.82,1.35
2012-08-27,25.268,8.22,88.96,1.806
2012-08-28,26.14,8.4,86.4,1.618
2012-08-29,26.567,8.666,85.26,0.577
2012-08-30,26.467,7.427,85.53,0.941
2012-08-31,26.649,2.807,83.97,0.951
2012-09-01,27.141,6.762,82.92,1.343
2012-09-02,26.704,16.567,86.24,0.41
2012-09-03,26.593,25.544,85.96,1.18
2012-09-04,25.495,55.661,90.64,1.179
2012-09-05,25.258,8.089,85.86,3.216
2012-09-06,25.993,4.665,83.56,2.214
2012-09-07,26.339,7.51,85.34,0.623
2012-09-08,26.973,2.124,81.08,0.86
2012-09-09,26.566,25.717,85.54,0.876
2012-09-10,24.858,18.636,90.49,1.528
2012-09-11,25.131,10.486,89.69,2.544
2012-09-12,26.312,7.33,78.96,2.823
2012-09-13,26.057,2.122,82.62,2.38
2012-09-14,26.437,3.831,80.78,2.793
2012-09-15,26.678,4.637,79.71,2.81
2012-09-16,25.692,6.969,86.03,2.262
2012-09-17,26.429,2.395,82.23,1.579
2012-09-18,26.106,8.188,84.92,1.342
2012-09-19,26.263,13.199,84.49,0.907
2012-09-20,26.738,5.467,84.44,1.119
2012-09-21,26.475,6.328,86.37,1.432
2012-09-22,25.908,16.95,87.96,1.364
2012-09-23,27.041,0.136,72.33,1.152
2012-09-24,26.991,2.844,77.35,1.484
2012-09-25,26.799,0.208,72.8,0.812
2012-09-26,26.602,0.02,69.48,0.874
2012-09-27,26.643,0.005,67.61,0.668
2012-09-28,26.863,0.001,68.29,0.906
2012-09-29,26.877,4.345,78.33,1.706
2012-09-30,27.191,0.941,79.56,2.133
2012-10-01,27.103,0.202,77.11,2.592
2012-10-02,25.938,9.291,84.75,1.629
2012-10-03,23.967,38.769,92.67,1.822
2012-10-04,25.543,11.797,84.23,1.734
2012-10-05,26.944,0.001,68.94,1.085
2012-10-06,26.8,0.001,64.78,0.361
2012-10-07,25.872,0.002,64.68,0.294
2012-10-08,25.406,0.004,61.02,1.062
2012-10-09,24.827,0.009,73.87,1.109
2012-10-10,24.774,0.287,76.85,1.338
2012-10-11,24.525,0.001,65.47,0.857
2012-10-12,24.593,0.0,61.6,0.307
2012-10-13,24.522,0.001,61.94,0.082
2012-10-14,24.523,0.0,64.32,0.024
2012-10-15,24.951,0.002,62.69,0.118
2012-10-16,25.04,0.002,62.24,0.093
2012-10-17,25.089,0.001,61.97,0.777
2012-10-18,24.562,0.001,62.84,1.356
2012-10-19,24.232,0.001,61.87,1.298
2012-10-20,24.266,0.0,62.95,1.53
2012-10-21,24.522,0.01,63.01,1.605
2012-10-22,24.903,0.006,61.94,1.314
2012-10-23,24.528,0.003,60.81,1.06
2012-10-24,24.667,-0.0,58.84,0.662
2012-10-25,25.027,0.0,58.5,0.735
2012-10-26,24.9,0.002,58.97,1.021
2012-10-27,24.588,0.028,63.07,1.309
2012-10-28,23.538,0.002,56.93,1.443
2012-10-29,22.133,0.0,53.28,1.444
2012-10-30,21.739,0.0,56.14,1.928
2012-10-31,22.768,0.001,55.95,2.45
2012-11-01,24.08,3.664,70.37,2.366
2012-11-02,22.202,40.187,96.82,1.407
2012-11-03,23.058,10.143,92.09,1.999
2012-11-04,23.664,2.812,88.72,2.32
2012-11-05,22.822,1.254,89.06,1.517
2012-11-06,23.078,0.134,76.72,1.113
2012-11-07,22.512,0.152,75.7,0.566
2012-11-08,21.638,0.0,62.63,0.181
2012-11-09,21.487,0.001,62.83,0.348
2012-11-10,21.313,0.001,63.3,0.55
2012-11-11,20.641,0.0,62.6,0.428
2012-11-12,20.742,0.003,63.8,0.432
2012-11-13,20.974,0.001,64.15,0.254
2012-11-14,20.973,0.0,65.05,0.678
2012-11-15,19.172,0.0,62.07,1.778
2012-11-16,18.731,0.001,60.67,1.837
2012-11-17,18.61,0.0,61.37,1.452
2012-11-18,19.23,0.001,63.33,1.55
2012-11-19,21.163,0.005,65.02,1.373
2012-11-20,21.745,0.001,65.56,2.034
2012-11-21,22.187,0.074,68.52,1.705
2012-11-22,22.83,0.003,71.53,0.705
2012-11-23,22.222,0.001,66.45,0.135
2012-11-24,22.396,0.0,64.04,0.441
2012-11-25,22.254,0.001,65.22,0.597
2012-11-26,22.173,0.001,64.48,0.487
2012-11-27,21.784,0.003,63.76,0.483
2012-11-28,22.037,0.001,62.44,0.56
2012-11-29,22.222,0.001,62.97,0.673
2012-11-30,22.327,0.0,62.2,0.619
2012-12-01,21.444,0.001,59.01,1.592
2012-12-02,20.618,0.002,59.22,1.638
2012-12-03,20.014,0.002,57.53,1.467
2012-12-04,19.966,0.001,56.93,1.308
2012-12-05,21.284,0.256,53.0,0.754
2012-12-06,21.701,0.002,51.79,0.249
2012-12-07,22.357,0.001,52.99,0.175
2012-12-08,22.812,0.001,54.23,0.234
2012-12-09,23.472,0.0,57.07,0.445
2012-12-10,23.902,0.418,67.65,0.563
2012-12-11,23.171,0.295,65.7,0.752
2012-12-12,22.829,0.279,66.56,0.22
2012-12-13,22.389,0.156,69.51,0.467
2012-12-14,22.949,0.005,66.77,0.791
2012-12-15,22.748,0.016,69.06,1.007
2012-12-16,22.397,0.036,69.01,1.673
2012-12-17,21.417,0.0,56.75,0.761
2012-12-18,20.232,0.0,56.64,0.959
2012-12-19,19.521,0.001,52.1,0.63
2012-12-20,19.142,0.002,54.41,0.718
2012-12-21,18.874,0.001,57.14,1.144
2012-12-22,18.199,0.0,51.44,1.429
2012-12-23,17.388,0.0,47.12,2.013
2012-12-24,17.758,0.0,51.47,0.779
2012-12-25,17.46,0.001,51.96,0.868
2012-12-26,16.56,0.001,53.58,1.477
2012-12-27,16.854,0.001,54.39,1.262
2012-12-28,17.698,0.0,52.04,0.826
2012-12-29,18.844,0.0,50.05,0.677
2012-12-30,19.817,0.0,49.8,0.709
