date,temp_c,precip_mm,humidity_pct,wind_speed_ms
2000-01-01,23.99,0.0,44.04,2.075
2000-01-02,24.007,0.002,40.35,2.128
2000-01-03,23.27,0.0,39.62,2.321
2000-01-04,22.67,0.002,39.57,1.912
2000-01-05,22.273,0.003,38.1,2.278
2000-01-06,21.855,0.0,36.75,2.245
2000-01-07,21.858,0.001,34.04,2.057
2000-01-08,22.558,0.001,34.09,1.592
2000-01-09,22.621,0.002,39.11,1.637
2000-01-10,23.431,0.0,40.82,1.717
2000-01-11,23.609,0.0,47.89,1.439
2000-01-12,21.694,0.0,59.79,1.516
2000-01-13,21.707,0.003,50.01,2.122
2000-01-14,20.498,0.001,38.05,2.66
2000-01-15,19.537,0.0,35.26,3.18
2000-01-16,20.945,0.001,38.82,4.552
2000-01-17,23.075,0.001,43.13,3.845
2000-01-18,25.223,0.001,48.08,2.338
2000-01-19,24.506,0.001,45.66,1.996
2000-01-20,22.473,0.0,42.46,1.177
2000-01-21,21.644,0.002,59.55,1.325
2000-01-22,22.099,0.002,66.18,1.421
2000-01-23,22.681,0.002,59.53,0.903
2000-01-24,23.229,0.001,48.17,1.421
2000-01-25,24.06,0.001,43.92,1.631
2000-01-26,24.09,0.001,44.82,1.898
2000-01-27,23.049,0.0,38.99,3.959
2000-01-28,21.881,0.001,33.05,4.094
2000-01-29,21.776,0.0,32.02,2.989
2000-01-30,22.241,0.001,36.75,1.406
2000-01-31,22.04,0.001,50.35,2.162
2000-02-01,21.677,0.003,66.21,2.904
2000-02-02,21.646,0.003,68.33,2.793
2000-02-03,21.673,0.002,63.78,1.816
2000-02-04,22.528,0.0,62.37,1.906
2000-02-05,20.917,0.047,52.82,1.713
2000-02-06,20.739,0.001,39.61,1.921
2000-02-07,21.044,0.0,37.05,1.903
2000-02-08,21.389,0.002,37.68,2.249
2000-02-09,22.371,0.001,36.12,2.267
2000-02-10,22.865,0.002,45.76,1.857
2000-02-11,21.15,0.001,43.5,2.119
2000-02-12,20.383,0.001,29.37,2.833
2000-02-13,20.939,0.001,31.53,3.78
2000-02-14,21.704,0.0,31.61,4.269
2000-02-15,23.3,0.002,38.45,2.934
2000-02-16,22.922,0.002,30.07,2.931
2000-02-17,22.192,0.001,27.19,2.651
2000-02-18,22.889,0.002,28.19,1.546
2000-02-19,22.748,0.002,40.73,0.757
2000-02-20,22.199,0.0,60.01,1.562
2000-02-21,23.175,0.014,41.09,1.47
2000-02-22,24.703,0.003,30.91,2.597
2000-02-23,26.008,0.001,43.86,2.795
2000-02-24,25.462,0.158,50.49,2.813
2000-02-25,25.105,0.001,38.12,2.555
2000-02-26,24.322,0.0,24.19,2.774
2000-02-27,25.149,0.001,26.9,2.267
2000-02-28,26.385,0.002,29.35,1.925
2000-02-29,26.916,0.0,29.26,0.685
2000-03-01,27.06,0.001,30.45,2.042
2000-03-02,26.447,0.0,38.82,2.014
2000-03-03,25.789,0.001,43.61,2.438
2000-03-04,24.642,0.002,52.21,3.363
2000-03-05,24.605,0.002,47.6,1.295
2000-03-06,24.246,0.001,46.24,2.838
2000-03-07,23.454,0.001,45.05,2.021
2000-03-08,24.098,0.0,25.9,2.855
2000-03-09,25.107,0.0,23.92,2.321
2000-03-10,25.333,0.001,30.0,1.701
2000-03-11,25.22,0.003,50.61,2.964
2000-03-12,25.188,0.0,57.4,4.439
2000-03-13,24.099,0.047,59.13,2.914
2000-03-14,25.425,0.006,46.37,0.825
2000-03-15,26.096,0.002,43.21,1.169
2000-03-16,25.643,0.0,54.6,2.269
2000-03-17,25.791,0.001,51.08,1.88
2000-03-18,26.939,0.0,42.38,0.944
2000-03-19,27.59,0.0,18.64,2.318
2000-03-20,28.256,0.0,18.31,1.324
2000-03-21,28.16,0.002,25.92,1.322
2000-03-22,26.967,0.001,43.03,1.681
2000-03-23,27.523,0.001,21.44,3.474
2000-03-24,28.6,0.002,16.11,4.298
2000-03-25,28.89,0.0,18.11,3.299
2000-03-26,29.788,0.0,18.82,2.631
2000-03-27,30.493,0.001,19.21,2.704
2000-03-28,30.694,0.002,19.63,1.9
2000-03-29,31.308,0.0,20.84,0.111
2000-03-30,31.638,0.0,26.27,1.249
2000-03-31,32.541,0.0,23.98,2.767
2000-04-01,32.853,0.0,21.58,3.362
2000-04-02,32.051,0.0,20.06,2.144
2000-04-03,31.328,0.001,27.72,1.099
2000-04-04,29.905,0.001,51.28,2.949
2000-04-05,30.249,0.0,46.18,2.503
2000-04-06,30.404,0.001,46.12,2.191
2000-04-07,31.401,0.001,41.5,1.849
2000-04-08,31.307,0.0,31.88,1.634
2000-04-09,31.637,0.0,34.77,1.544
2000-04-10,31.473,0.001,35.19,1.342
2000-04-11,31.114,0.001,36.9,1.498
2000-04-12,30.618,0.001,48.11,2.272
2000-04-13,29.546,0.002,59.3,4.022
2000-04-14,29.086,0.002,60.63,4.582
2000-04-15,28.951,0.002,60.66,3.987
2000-04-16,29.715,0.0,60.08,3.051
2000-04-17,30.108,0.001,52.4,2.383
2000-04-18,30.929,0.001,43.53,1.667
2000-04-19,31.537,0.002,37.26,1.624
2000-04-20,32.453,0.002,30.0,2.029
2000-04-21,31.54,0.0,34.7,2.0
2000-04-22,30.077,0.001,51.7,2.921
2000-04-23,30.241,0.002,52.43,2.944
2000-04-24,30.363,0.001,52.36,3.527
2000-04-25,30.221,0.003,53.19,4.273
2000-04-26,30.041,0.0,57.62,4.273
2000-04-27,30.242,0.0,59.69,3.671
2000-04-28,30.651,0.001,56.31,3.153
2000-04-29,30.6,0.0,55.8,3.481
2000-04-30,31.189,0.002,51.84,2.48
2000-05-01,31.518,0.001,45.28,2.009
2000-05-02,31.521,0.001,47.1,2.262
2000-05-03,30.978,0.001,53.72,2.906
2000-05-04,30.693,0.0,56.96,3.294
2000-05-05,31.278,0.001,58.7,2.926
2000-05-06,30.61,0.003,62.42,4.691
2000-05-07,30.067,0.003,62.94,4.826
2000-05-08,29.966,0.065,62.86,4.914
2000-05-09,30.348,0.027,59.19,4.335
2000-05-10,30.088,0.014,60.2,4.724
2000-05-11,29.99,0.023,61.35,5.059
2000-05-12,29.759,0.085,62.23,4.94
2000-05-13,29.857,0.164,63.92,4.399
2000-05-14,30.031,0.422,65.68,4.376
2000-05-15,29.706,2.113,70.2,5.263
2000-05-16,29.606,1.114,69.53,5.581
2000-05-17,29.235,2.802,70.12,5.551
2000-05-18,27.869,15.63,80.35,3.213
2000-05-19,29.273,1.957,72.7,4.709
2000-05-20,29.336,0.134,68.85,5.355
2000-05-21,29.825,0.044,66.66,4.861
2000-05-22,30.081,0.146,68.43,5.218
2000-05-23,30.112,0.132,66.71,5.176
2000-05-24,30.33,0.121,65.25,4.881
2000-05-25,30.563,0.362,67.72,5.119
2000-05-26,30.7,0.179,67.11,5.422
2000-05-27,30.645,0.145,63.69,4.977
2000-05-28,31.0,0.206,65.77,4.211
2000-05-29,30.594,0.485,69.22,4.509
2000-05-30,30.174,1.07,70.04,5.016
2000-05-31,30.96,0.284,66.43,4.533
2000-06-01,31.436,0.552,64.96,4.114
2000-06-02,32.266,0.159,60.69,3.411
2000-06-03,32.287,0.117,60.23,3.568
2000-06-04,32.548,3.675,59.29,3.286
2000-06-05,31.38,3.946,67.47,2.553
2000-06-06,32.525,1.246,62.3,2.024
2000-06-07,32.241,0.217,63.88,4.477
2000-06-08,31.529,0.422,67.43,4.485
2000-06-09,31.427,0.077,65.13,4.368
2000-06-10,31.504,0.019,63.24,4.573
2000-06-11,31.329,0.236,62.3,5.191
2000-06-12,30.953,1.158,63.02,5.462
2000-06-13,30.833,1.189,63.29,5.722
2000-06-14,30.917,0.575,62.42,6.016
2000-06-15,30.818,0.431,62.19,5.534
2000-06-16,30.395,0.281,64.11,5.694
2000-06-17,29.978,0.307,67.51,5.968
2000-06-18,30.327,0.197,64.99,5.268
2000-06-19,30.303,0.037,62.63,5.111
2000-06-20,29.127,0.034,69.25,4.763
2000-06-21,29.732,0.05,67.11,4.685
2000-06-22,30.118,0.347,65.68,5.006
2000-06-23,29.915,1.192,67.87,5.227
2000-06-24,30.67,0.617,62.86,5.199
2000-06-25,30.875,0.02,60.58,5.219
2000-06-26,30.361,0.2,65.35,5.232
2000-06-27,29.324,1.442,71.65,5.361
2000-06-28,29.405,1.287,71.71,4.731
2000-06-29,29.937,7.656,70.17,3.875
2000-06-30,28.188,18.988,82.9,2.642
2000-07-01,27.153,11.457,85.54,3.343
2000-07-02,27.148,13.974,86.0,3.922
2000-07-03,27.289,20.522,85.81,3.285
2000-07-04,26.511,19.251,89.51,2.145
2000-07-05,28.169,2.744,82.48,3.198
2000-07-06,28.287,5.209,82.43,3.363
2000-07-07,27.975,5.7,83.3,3.627
2000-07-08,27.349,13.233,86.24,3.818
2000-07-09,27.229,8.244,86.08,4.172
2000-07-10,27.005,9.258,87.82,3.817
2000-07-11,27.711,5.882,84.81,3.604
2000-07-12,27.51,5.199,84.98,2.873
2000-07-13,26.36,68.536,91.52,4.356
2000-07-14,25.914,55.172,87.95,5.253
2000-07-15,26.802,7.289,86.43,4.875
2000-07-16,27.438,2.647,82.13,5.575
2000-07-17,27.644,2.736,81.2,5.379
2000-07-18,27.859,2.557,79.97,5.445
2000-07-19,27.506,2.061,80.92,4.628
2000-07-20,27.147,2.176,81.13,4.824
2000-07-21,27.181,2.822,81.17,5.369
2000-07-22,27.093,2.064,81.64,4.999
2000-07-23,27.106,1.79,81.66,4.477
2000-07-24,27.366,0.948,79.07,4.623
2000-07-25,27.497,0.774,79.51,4.318
2000-07-26,27.466,0.457,79.76,4.029
2000-07-27,27.683,0.736,79.37,3.918
2000-07-28,27.533,0.593,80.9,3.931
2000-07-29,27.796,2.613,79.46,3.595
2000-07-30,27.686,1.759,81.41,3.872
2000-07-31,27.809,1.137,77.21,4.839
2000-08-01,28.008,0.762,75.37,5.299
2000-08-02,28.241,1.381,76.11,4.936
2000-08-03,28.478,1.132,75.28,4.271
2000-08-04,28.64,0.842,73.82,3.517
2000-08-05,28.826,0.055,70.73,2.539
2000-08-06,28.727,0.059,69.82,3.039
2000-08-07,28.501,0.438,71.41,3.347
2000-08-08,28.758,0.411,70.8,3.758
2000-08-09,28.444,1.583,74.23,3.877
2000-08-10,27.388,2.622,81.86,3.213
2000-08-11,26.919,13.771,87.27,1.998
2000-08-12,26.443,14.013,89.7,2.074
2000-08-13,27.532,2.468,83.31,4.297
2000-08-14,27.609,4.692,81.67,4.172
2000-08-15,27.195,2.9,81.75,4.378
2000-08-16,27.16,8.055,83.16,4.468
2000-08-17,27.734,2.5,79.47,4.526
2000-08-18,28.052,2.161,77.53,4.405
2000-08-19,27.625,2.728,79.71,3.629
2000-08-20,26.772,9.461,83.29,3.126
2000-08-21,27.241,1.594,83.23,2.638
2000-08-22,27.141,9.7,86.12,0.972
2000-08-23,27.727,7.157,85.67,0.779
2000-08-24,27.506,15.343,86.61,0.799
2000-08-25,28.917,6.634,80.3,1.388
2000-08-26,27.67,3.102,80.98,3.592
2000-08-27,27.385,4.266,84.35,4.023
2000-08-28,27.427,3.565,82.71,4.398
2000-08-29,27.363,5.008,82.29,4.678
2000-08-30,27.316,2.46,81.63,5.409
2000-08-31,27.221,2.12,81.31,5.612
2000-09-01,27.195,2.361,82.24,4.741
2000-09-02,27.671,2.121,79.06,3.739
2000-09-03,27.733,1.269,78.12,3.522
2000-09-04,27.798,1.037,76.54,3.859
2000-09-05,27.224,6.677,80.55,3.278
2000-09-06,26.91,4.405,82.12,3.076
2000-09-07,27.411,0.641,77.21,3.565
2000-09-08,27.368,0.247,76.08,3.304
2000-09-09,27.339,0.222,75.07,3.998
2000-09-10,27.597,0.404,75.15,4.042
2000-09-11,27.69,0.678,74.56,3.444
2000-09-12,27.623,0.399,74.45,2.51
2000-09-13,28.001,0.361,72.73,1.756
2000-09-14,28.388,0.083,71.17,1.229
2000-09-15,28.307,0.04,70.15,1.646
2000-09-16,28.219,0.061,70.39,1.913
2000-09-17,27.997,0.008,69.42,1.687
2000-09-18,27.732,0.003,67.55,2.279
2000-09-19,27.694,0.317,70.91,2.146
2000-09-20,28.595,0.212,67.15,1.662
2000-09-21,29.697,1.217,66.17,0.546
2000-09-22,31.166,0.375,62.3,0.477
2000-09-23,30.964,2.7,65.35,1.858
2000-09-24,29.867,1.393,72.32,2.064
2000-09-25,30.439,1.236,71.04,1.759
2000-09-26,30.233,0.424,71.87,1.686
2000-09-27,30.759,0.22,67.11,0.603
2000-09-28,31.184,0.039,63.63,1.177
2000-09-29,30.381,0.098,68.54,2.706
2000-09-30,30.188,0.053,69.53,2.94
2000-10-01,30.451,0.015,64.0,1.982
2000-10-02,30.913,0.002,59.07,0.899
2000-10-03,30.783,0.004,59.79,1.272
2000-10-04,30.288,0.003,64.89,1.959
2000-10-05,30.508,0.122,65.29,2.336
2000-10-06,30.652,0.058,67.02,3.202
2000-10-07,30.407,0.107,69.95,3.43
2000-10-08,30.452,0.282,68.47,2.998
2000-10-09,30.472,0.089,66.36,2.801
2000-10-10,30.671,0.222,64.5,2.088
2000-10-11,30.488,0.796,66.49,1.769
2000-10-12,30.139,1.653,69.04,2.122
2000-10-13,30.549,0.248,64.1,2.476
2000-10-14,30.761,0.039,57.52,1.817
2000-10-15,30.36,0.0,40.35,1.691
2000-10-16,29.698,0.001,31.51,1.992
2000-10-17,29.33,0.0,30.11,2.196
2000-10-18,29.364,0.001,34.65,2.255
2000-10-19,29.933,0.0,34.94,1.672
2000-10-20,29.563,0.0,44.57,0.771
2000-10-21,29.244,0.003,55.53,1.679
2000-10-22,28.843,0.0,62.78,2.471
2000-10-23,28.643,0.003,66.93,3.065
2000-10-24,28.488,0.001,63.65,1.954
2000-10-25,29.053,0.002,53.95,0.742
2000-10-26,29.581,0.0,43.4,1.203
2000-10-27,29.183,0.001,36.72,1.422
2000-10-28,29.06,0.002,34.59,0.945
2000-10-29,28.617,0.002,37.17,0.894
2000-10-30,28.115,0.003,35.6,1.614
2000-10-31,27.68,0.0,33.28,2.135
2000-11-01,28.072,0.003,32.54,2.284
2000-11-02,28.09,-0.0,33.69,2.297
2000-11-03,28.287,0.001,34.71,2.08
2000-11-04,28.63,0.001,38.13,1.641
2000-11-05,28.385,0.0,38.22,1.646
2000-11-06,28.019,0.003,36.57,1.416
2000-11-07,28.25,0.0,37.19,1.803
2000-11-08,28.267,0.0,37.57,1.612
2000-11-09,27.938,0.0,40.38,1.775
2000-11-10,27.954,0.001,43.33,1.185
2000-11-11,27.981,0.0,44.22,0.984
2000-11-12,27.816,0.001,45.9,0.417
2000-11-13,27.453,0.003,39.96,1.698
2000-11-14,27.403,0.002,38.32,1.268
2000-11-15,27.535,0.001,44.73,0.939
2000-11-16,27.199,0.0,45.2,1.368
2000-11-17,26.475,0.002,43.98,1.498
2000-11-18,26.166,0.0,44.68,0.427
2000-11-19,25.473,0.002,38.11,2.073
2000-11-20,23.124,0.001,39.63,1.272
2000-11-21,23.628,0.001,44.36,1.005
2000-11-22,25.35,0.001,45.74,1.226
2000-11-23,26.091,0.0,42.98,2.025
2000-11-24,25.85,0.0,38.11,2.278
2000-11-25,25.488,0.001,38.35,2.64
2000-11-26,24.548,0.0,39.39,1.776
2000-11-27,24.412,0.001,50.81,1.547
2000-11-28,24.152,0.001,43.01,3.084
2000-11-29,23.733,0.0,37.96,3.704
2000-11-30,23.371,0.0,33.09,3.736
2000-12-01,22.352,0.001,29.01,3.863
2000-12-02,21.717,0.001,28.98,3.48
2000-12-03,22.06,0.0,31.27,2.929
2000-12-04,22.478,0.001,30.07,2.564
2000-12-05,22.648,0.004,31.52,2.25
2000-12-06,23.437,0.0,33.55,2.291
2000-12-07,23.731,0.0,33.56,2.389
2000-12-08,23.791,0.0,35.25,2.163
2000-12-09,23.708,0.002,37.21,1.492
2000-12-10,23.485,0.0,38.68,1.351
2000-12-11,23.047,0.0,37.06,1.916
2000-12-12,22.741,0.001,37.01,1.831
2000-12-13,23.118,0.0,37.98,2.023
2000-12-14,23.125,0.001,40.6,1.76
2000-12-15,23.293,0.001,42.38,1.598
2000-12-16,23.47,0.002,43.91,1.674
2000-12-17,23.659,0.0,41.02,2.093
2000-12-18,23.061,0.001,43.25,2.289
2000-12-19,22.294,0.001,46.25,2.182
2000-12-20,22.776,0.001,44.82,2.426
2000-12-21,23.267,0.001,42.85,2.395
2000-12-22,23.378,0.0,39.88,2.109
2000-12-23,22.821,0.001,37.42,2.158
2000-12-24,22.763,0.001,37.07,2.162
2000-12-25,22.373,0.001,36.9,2.351
2000-12-26,22.448,0.001,35.5,2.419
2000-12-27,22.284,0.003,35.06,2.155
2000-12-28,22.449,0.001,37.67,1.949
2000-12-29,23.55,0.026,37.62,1.954
2000-12-30,22.527,7.6,49.7,1.735
2000-12-31,19.042,3.985,74.45,2.332
2001-01-01,18.856,0.046,62.45,1.737
2001-01-02,18.379,0.0,50.48,2.6
2001-01-03,19.477,0.0,48.91,2.92
2001-01-04,20.463,0.0,49.19,2.823
2001-01-05,21.151,0.001,50.25,2.091
2001-01-06,21.94,0.0,53.54,0.58
2001-01-07,21.203,0.003,49.5,1.458
2001-01-08,19.273,0.0,37.65,2.396
2001-01-09,20.236,0.002,39.87,2.673
2001-01-10,21.769,0.001,44.51,2.233
2001-01-11,22.254,0.002,48.24,1.692
2001-01-12,21.369,0.0,31.83,2.725
2001-01-13,21.637,0.0,32.15,2.94
2001-01-14,22.809,0.002,41.02,2.277
2001-01-15,22.673,0.003,40.36,2.276
2001-01-16,22.747,0.001,41.77,2.243
2001-01-17,24.974,0.0,48.18,1.51
2001-01-18,25.325,0.0,45.28,1.927
2001-01-19,25.27,0.0,37.62,2.467
2001-01-20,24.334,0.0,34.58,2.456
2001-01-21,22.556,0.001,40.26,2.253
2001-01-22,21.059,0.001,54.69,2.44
2001-01-23,20.448,0.002,35.06,3.272
2001-01-24,20.153,0.0,26.58,3.085
2001-01-25,20.773,0.001,29.74,2.43
2001-01-26,21.71,0.0,30.69,2.427
2001-01-27,22.668,0.001,32.24,2.271
2001-01-28,23.34,0.001,37.71,0.945
2001-01-29,23.658,0.001,42.35,1.273
2001-01-30,23.818,0.001,36.14,2.711
2001-01-31,23.104,0.0,28.43,3.358
2001-02-01,22.335,0.001,35.29,2.959
2001-02-02,23.096,-0.0,37.13,3.408
2001-02-03,22.533,0.0,35.65,2.478
2001-02-04,20.788,0.001,30.3,1.839
2001-02-05,19.936,0.003,30.95,1.193
2001-02-06,20.861,0.002,32.98,2.076
2001-02-07,22.232,0.002,33.47,2.507
2001-02-08,23.028,0.0,33.25,2.325
2001-02-09,22.703,0.002,31.87,1.586
2001-02-10,23.231,0.0,33.15,1.069
2001-02-11,23.109,0.001,43.28,0.445
2001-02-12,23.726,0.002,36.44,1.777
2001-02-13,24.452,0.001,39.5,1.453
2001-02-14,22.205,0.001,52.7,1.71
2001-02-15,21.78,0.002,35.06,2.812
2001-02-16,23.079,0.003,33.56,2.07
2001-02-17,23.952,0.002,34.22,2.052
2001-02-18,24.214,0.001,36.02,1.411
2001-02-19,24.906,0.001,38.99,0.97
2001-02-20,25.489,0.0,41.95,1.248
2001-02-21,25.074,0.001,39.02,1.267
2001-02-22,25.013,0.0,38.36,0.41
2001-02-23,25.149,0.001,45.66,0.566
2001-02-24,25.245,0.001,44.99,1.479
2001-02-25,23.777,0.005,67.21,1.955
2001-02-26,25.048,0.003,64.11,1.436
2001-02-27,25.072,0.002,57.7,1.568
2001-02-28,25.775,0.001,32.01,2.253
2001-03-01,26.376,0.001,26.65,3.963
2001-03-02,26.993,0.001,23.22,4.122
2001-03-03,27.138,0.0,31.62,2.506
2001-03-04,26.086,0.0,32.85,1.488
2001-03-05,25.521,0.001,35.95,1.524
2001-03-06,25.18,0.001,30.24,0.719
2001-03-07,24.803,0.0,35.3,0.834
2001-03-08,25.741,0.0,28.49,1.655
2001-03-09,27.288,0.001,26.87,1.816
2001-03-10,25.936,0.002,59.38,1.813
2001-03-11,26.355,0.051,65.34,2.687
2001-03-12,25.401,0.125,66.99,2.954
2001-03-13,25.113,0.003,61.69,2.757
2001-03-14,26.463,0.0,55.46,1.095
2001-03-15,27.838,0.0,42.07,1.005
2001-03-16,28.09,0.0,40.46,1.638
2001-03-17,28.421,0.0,37.59,1.328
2001-03-18,28.534,0.0,37.28,1.087
2001-03-19,29.207,0.001,37.19,1.493
2001-03-20,28.267,0.001,47.56,1.857
2001-03-21,27.878,0.002,51.35,2.766
2001-03-22,27.695,0.001,53.06,2.168
2001-03-23,27.934,0.0,52.77,1.854
2001-03-24,28.086,0.001,54.44,2.215
2001-03-25,28.787,0.0,44.5,2.092
2001-03-26,29.202,0.001,39.84,2.278
2001-03-27,28.62,0.0,52.11,1.912
2001-03-28,27.121,0.0,60.41,3.265
2001-03-29,26.167,0.001,45.3,2.807
2001-03-30,25.993,0.002,41.38,1.681
2001-03-31,27.331,0.001,37.05,0.908
2001-04-01,29.279,0.0,25.33,2.613
2001-04-02,29.913,0.001,24.1,1.233
2001-04-03,29.968,0.0,31.95,1.132
2001-04-04,28.787,0.001,49.3,2.398
2001-04-05,29.637,0.0,42.6,1.445
2001-04-06,30.4,0.001,30.37,0.835
2001-04-07,31.814,0.054,20.44,2.255
2001-04-08,31.496,0.018,22.42,1.766
2001-04-09,30.009,0.0,31.34,1.81
2001-04-10,30.484,0.001,32.6,1.899
2001-04-11,31.083,0.0,31.67,1.087
2001-04-12,30.909,0.166,35.74,0.695
2001-04-13,30.266,0.002,40.25,1.215
2001-04-14,30.024,0.013,49.79,1.578
2001-04-15,30.392,0.0,46.54,1.982
2001-04-16,29.678,0.001,48.62,2.642
2001-04-17,28.879,0.003,56.2,2.881
2001-04-18,29.186,0.008,55.74,2.388
2001-04-19,29.322,0.001,54.64,2.281
2001-04-20,31.052,0.0,43.74,1.463
2001-04-21,32.008,0.0,29.58,1.961
2001-04-22,32.662,0.001,27.72,2.014
2001-04-23,32.953,0.001,28.23,2.113
2001-04-24,33.072,0.001,33.39,1.74
2001-04-25,31.586,0.0,41.77,2.021
2001-04-26,30.813,0.0,48.14,2.993
2001-04-27,31.295,0.0,36.6,1.864
2001-04-28,31.377,0.0,38.5,1.859
2001-04-29,30.925,0.001,46.3,2.503
2001-04-30,31.282,0.001,51.08,2.151
2001-05-01,32.375,0.0,47.41,1.725
2001-05-02,31.919,0.002,48.62,2.215
2001-05-03,30.881,0.0,55.05,4.413
2001-05-04,30.399,0.001,62.75,4.698
2001-05-05,31.044,0.002,61.33,4.671
2001-05-06,30.892,0.001,60.99,4.746
2001-05-07,30.538,0.002,59.87,4.975
2001-05-08,30.442,0.004,59.77,4.301
2001-05-09,30.406,0.001,60.67,4.422
2001-05-10,30.703,0.005,61.53,4.199
2001-05-11,30.656,0.001,59.77,3.786
2001-05-12,30.765,0.0,57.38,4.107
2001-05-13,30.583,0.001,58.19,4.684
2001-05-14,30.424,0.004,60.31,5.117
2001-05-15,30.483,0.014,60.55,5.046
2001-05-16,30.403,0.02,59.78,4.759
2001-05-17,30.566,0.048,61.27,5.03
2001-05-18,30.636,0.361,60.97,4.833
2001-05-19,30.449,0.874,63.74,4.427
2001-05-20,31.026,0.093,60.21,4.593
2001-05-21,31.24,0.143,58.26,4.037
2001-05-22,31.91,0.004,51.75,2.516
2001-05-23,33.392,0.001,51.77,2.672
2001-05-24,31.76,0.078,62.23,5.326
2001-05-25,30.963,0.731,64.14,5.315
2001-05-26,31.19,0.118,58.49,5.165
2001-05-27,31.186,0.338,58.78,5.081
2001-05-28,30.672,0.578,63.45,6.291
2001-05-29,29.358,1.565,70.44,6.679
2001-05-30,29.57,1.234,69.9,5.45
2001-05-31,30.203,0.422,67.73,5.125
2001-06-01,30.325,0.39,66.53,4.963
2001-06-02,30.01,1.241,70.43,5.135
2001-06-03,29.97,1.455,71.82,4.834
2001-06-04,29.913,1.066,71.32,5.152
2001-06-05,29.733,1.178,71.33,4.962
2001-06-06,30.091,0.674,68.43,4.071
2001-06-07,31.009,0.262,64.38,3.426
2001-06-08,31.074,3.666,64.39,2.947
2001-06-09,29.586,1.462,75.26,3.099
2001-06-10,28.543,5.465,77.52,3.325
2001-06-11,29.614,1.333,71.42,3.343
2001-06-12,28.609,5.23,77.5,4.985
2001-06-13,28.575,2.459,77.88,5.353
2001-06-14,27.994,8.375,80.63,4.36
2001-06-15,25.684,90.985,88.15,5.458
2001-06-16,25.125,83.698,88.98,6.55
2001-06-17,26.477,101.858,90.34,3.703
2001-06-18,28.566,1.797,81.82,4.318
2001-06-19,28.75,1.125,79.44,4.46
2001-06-20,28.992,0.687,77.84,5.52
2001-06-21,28.989,0.535,76.46,6.119
2001-06-22,28.962,0.569,76.05,6.363
2001-06-23,28.988,0.801,76.78,6.273
2001-06-24,28.799,1.136,77.24,5.385
2001-06-25,28.805,0.965,75.3,4.693
2001-06-26,28.641,1.74,75.94,4.859
2001-06-27,28.414,2.332,77.77,4.65
2001-06-28,28.37,2.457,77.47,4.678
2001-06-29,28.049,2.813,79.45,4.518
2001-06-30,27.802,1.621,80.57,4.368
2001-07-01,27.323,4.468,83.63,4.582
2001-07-02,26.297,14.385,88.8,4.262
2001-07-03,25.722,38.187,92.19,4.401
2001-07-04,26.786,14.033,85.6,4.473
2001-07-05,26.398,6.378,88.76,4.289
2001-07-06,27.404,1.955,85.27,4.169
2001-07-07,27.718,2.69,82.81,3.765
2001-07-08,27.169,10.71,88.44,2.289
2001-07-09,26.53,13.597,89.57,3.189
2001-07-10,26.783,7.459,87.02,5.283
2001-07-11,26.377,3.475,88.02,5.739
2001-07-12,26.462,7.114,86.18,6.074
2001-07-13,26.49,8.664,87.09,5.536
2001-07-14,27.312,2.551,83.92,5.111
2001-07-15,27.527,2.642,79.62,5.722
2001-07-16,27.242,2.937,79.79,6.356
2001-07-17,27.454,2.555,79.12,5.653
2001-07-18,27.487,3.233,81.0,4.187
2001-07-19,27.302,6.994,83.42,3.458
2001-07-20,27.07,4.024,84.01,3.743
2001-07-21,27.083,6.572,84.46,3.971
2001-07-22,26.101,11.142,90.31,3.421
2001-07-23,26.476,6.532,89.0,3.647
2001-07-24,26.906,1.825,86.13,4.393
2001-07-25,27.29,2.001,84.92,4.187
2001-07-26,27.276,1.598,84.01,4.19
2001-07-27,27.341,2.103,83.81,4.029
2001-07-28,27.369,2.307,83.12,4.584
2001-07-29,27.285,1.904,82.26,4.923
2001-07-30,27.033,1.905,83.41,4.34
2001-07-31,27.141,1.127,84.22,3.729
2001-08-01,27.471,1.844,82.51,3.608
2001-08-02,27.538,1.05,78.93,3.375
2001-08-03,27.358,1.503,79.77,2.446
2001-08-04,27.274,3.463,83.9,2.712
2001-08-05,26.15,40.872,89.23,3.385
2001-08-06,26.631,3.833,85.31,2.729
2001-08-07,26.019,42.934,90.51,2.999
2001-08-08,26.526,9.241,87.68,2.422
2001-08-09,26.541,12.141,87.83,2.497
2001-08-10,26.697,8.644,88.76,2.314
2001-08-11,26.623,17.432,88.43,2.38
2001-08-12,26.422,12.257,88.79,3.672
2001-08-13,26.992,5.204,86.7,4.153
2001-08-14,27.019,9.755,87.61,3.706
2001-08-15,25.911,26.523,92.49,3.057
2001-08-16,26.74,3.974,86.73,3.179
2001-08-17,26.842,1.111,85.06,4.041
2001-08-18,27.121,0.605,80.56,4.055
2001-08-19,27.003,1.0,81.52,4.379
2001-08-20,27.087,2.026,83.54,3.345
2001-08-21,26.8,1.394,86.01,3.168
2001-08-22,27.182,1.901,82.94,3.412
2001-08-23,27.173,2.135,84.78,3.84
2001-08-24,27.061,1.884,84.73,3.276
2001-08-25,27.222,1.527,84.17,3.122
2001-08-26,27.337,1.866,82.84,3.303
2001-08-27,27.283,1.379,81.21,3.739
2001-08-28,27.41,1.142,78.34,4.447
2001-08-29,27.17,0.699,78.64,4.757
2001-08-30,27.003,0.408,78.86,4.782
2001-08-31,27.147,0.743,79.54,3.791
2001-09-01,27.293,1.197,80.1,3.207
2001-09-02,27.464,0.681,78.86,3.154
2001-09-03,27.271,0.564,78.43,3.409
2001-09-04,27.125,0.678,76.79,3.779
2001-09-05,26.965,1.536,78.13,4.266
2001-09-06,26.886,1.956,80.08,3.539
2001-09-07,27.117,0.983,81.5,2.817
2001-09-08,27.402,0.987,80.14,2.781
2001-09-09,27.641,0.165,77.21,3.208
2001-09-10,27.218,1.421,78.42,3.608
2001-09-11,26.989,0.91,79.18,3.512
2001-09-12,27.011,1.059,80.21,2.965
2001-09-13,27.562,0.696,77.76,2.387
2001-09-14,27.857,0.426,76.09,2.225
2001-09-15,28.801,0.045,72.0,1.957
2001-09-16,29.707,0.518,71.04,1.722
2001-09-17,29.622,1.732,73.45,1.53
2001-09-18,28.922,2.407,75.99,1.915
2001-09-19,28.827,2.476,75.19,1.959
2001-09-20,28.499,3.913,75.51,0.939
2001-09-21,29.295,2.136,76.0,0.574
2001-09-22,31.12,0.11,65.91,0.199
2001-09-23,29.768,1.986,77.47,3.02
2001-09-24,28.956,4.317,80.82,3.308
2001-09-25,28.814,3.415,78.73,2.827
2001-09-26,29.192,1.093,77.8,2.37
2001-09-27,30.386,0.113,69.51,1.922
2001-09-28,30.758,0.002,62.24,1.015
2001-09-29,30.642,0.001,54.4,1.582
2001-09-30,30.884,0.001,50.71,2.234
2001-10-01,30.286,0.001,62.26,1.339
2001-10-02,29.386,0.021,71.36,3.026
2001-10-03,29.352,0.047,71.19,3.86
2001-10-04,29.268,0.056,71.42,3.739
2001-10-05,29.319,0.473,70.2,2.644
2001-10-06,29.15,4.022,73.38,1.082
2001-10-07,29.09,1.144,74.16,0.992
2001-10-08,30.29,1.335,67.9,2.474
2001-10-09,28.883,11.032,74.65,2.236
2001-10-10,27.734,7.363,82.32,2.704
2001-10-11,27.186,10.747,84.99,2.588
2001-10-12,27.752,2.59,81.49,2.076
2001-10-13,28.325,0.534,79.62,1.256
2001-10-14,29.156,0.883,78.85,1.224
2001-10-15,29.41,0.098,66.44,1.293
2001-10-16,28.582,0.001,48.05,2.347
2001-10-17,28.457,0.003,51.49,1.444
2001-10-18,27.539,0.002,53.37,1.597
2001-10-19,27.436,0.0,48.03,2.034
2001-10-20,27.928,0.0,49.57,1.222
2001-10-21,27.984,0.0,46.39,1.256
2001-10-22,28.374,0.0,43.14,1.405
2001-10-23,28.579,0.001,40.98,1.724
2001-10-24,28.571,0.002,40.81,1.258
2001-10-25,28.571,0.001,42.35,0.476
2001-10-26,28.108,0.001,43.7,0.858
2001-10-27,28.913,0.0,42.75,1.235
2001-10-28,29.341,0.001,41.71,2.62
2001-10-29,29.263,0.0,41.33,2.171
2001-10-30,28.756,0.0,43.06,1.529
2001-10-31,28.689,0.001,43.93,0.805
2001-11-01,28.95,0.0,45.59,0.966
2001-11-02,29.139,0.002,44.15,1.036
2001-11-03,28.615,0.0,47.36,0.257
2001-11-04,27.937,0.002,46.45,0.539
2001-11-05,27.947,0.0,45.57,0.808
2001-11-06,28.448,0.002,39.33,2.125
2001-11-07,28.195,0.001,33.96,2.775
2001-11-08,27.693,0.0,37.1,3.355
2001-11-09,26.735,0.002,33.49,3.498
2001-11-10,25.506,0.002,32.0,3.083
2001-11-11,25.16,0.001,34.69,2.835
2001-11-12,25.0,0.002,35.42,2.995
2001-11-13,24.67,0.0,35.41,2.726
2001-11-14,24.941,0.002,36.05,2.259
2001-11-15,25.877,0.0,35.5,2.085
2001-11-16,27.066,0.001,36.73,1.924
2001-11-17,28.241,0.0,39.9,1.586
2001-11-18,28.772,0.001,42.02,2.018
2001-11-19,28.214,0.001,36.79,2.955
2001-11-20,27.428,0.0,35.15,2.7
2001-11-21,26.209,0.002,37.7,1.869
2001-11-22,25.46,0.0,40.72,1.478
2001-11-23,25.135,0.0,41.48,1.856
2001-11-24,24.784,0.001,40.42,2.022
2001-11-25,24.188,0.001,37.41,2.268
2001-11-26,23.65,0.0,36.76,2.275
2001-11-27,23.813,0.003,36.26,2.546
2001-11-28,23.562,-0.0,34.88,2.853
2001-11-29,23.509,0.001,37.09,2.482
2001-11-30,23.156,0.0,34.14,2.687
2001-12-01,22.697,0.0,35.07,2.503
2001-12-02,23.128,0.0,36.76,2.234
2001-12-03,23.353,0.001,40.49,1.626
2001-12-04,22.873,0.002,42.39,1.979
2001-12-05,23.341,0.001,44.32,2.164
2001-12-06,23.836,0.001,43.72,2.004
2001-12-07,24.354,0.001,43.82,1.71
2001-12-08,24.447,0.003,45.47,1.596
2001-12-09,24.33,0.0,46.44,1.081
2001-12-10,24.372,0.001,53.56,0.899
2001-12-11,24.066,0.002,63.71,0.413
2001-12-12,24.362,0.001,49.77,2.044
2001-12-13,23.635,0.001,42.33,2.516
2001-12-14,24.157,0.001,41.77,2.274
2001-12-15,23.486,0.0,41.45,2.16
2001-12-16,23.047,0.001,45.13,2.286
2001-12-17,23.656,0.003,46.27,2.05
2001-12-18,24.302,0.0,45.43,1.998
2001-12-19,24.251,0.001,42.13,2.339
2001-12-20,23.546,0.0,43.37,2.667
2001-12-21,22.964,0.0,39.5,3.215
2001-12-22,21.619,0.001,35.74,2.989
2001-12-23,21.159,0.001,35.52,2.677
2001-12-24,21.65,0.0,39.7,2.347
2001-12-25,22.478,0.002,45.51,1.446
2001-12-26,23.096,0.001,43.84,1.923
2001-12-27,23.756,0.001,37.15,2.689
2001-12-28,23.604,0.001,39.83,2.894
2001-12-29,23.887,0.002,43.14,3.066
2001-12-30,23.666,0.001,44.27,2.782
2001-12-31,23.367,0.001,41.87,2.545
2002-01-01,23.382,0.0,42.47,2.341
2002-01-02,23.001,0.0,40.33,2.571
2002-01-03,21.794,0.001,37.9,2.591
2002-01-04,21.202,0.001,32.93,2.885
2002-01-05,21.647,0.003,37.87,2.765
2002-01-06,22.268,0.001,45.56,2.468
2002-01-07,22.468,0.187,53.75,2.494
2002-01-08,23.012,0.0,44.19,3.312
2002-01-09,23.025,0.002,39.43,3.139
2002-01-10,23.566,0.001,42.16,2.451
2002-01-11,23.022,0.001,40.4,2.323
2002-01-12,23.326,0.004,39.08,1.791
2002-01-13,23.264,0.0,43.45,0.92
2002-01-14,22.46,0.002,58.05,0.733
2002-01-15,22.751,0.004,68.64,2.044
2002-01-16,21.527,0.004,48.89,1.318
2002-01-17,20.27,0.0,49.96,0.828
2002-01-18,19.276,0.0,45.42,2.54
2002-01-19,19.055,0.0,42.32,2.371
2002-01-20,18.911,0.001,44.3,2.437
2002-01-21,20.11,0.0,50.09,2.31
2002-01-22,20.031,0.001,47.58,2.393
2002-01-23,20.422,-0.0,44.73,2.407
2002-01-24,20.29,0.0,38.03,2.176
2002-01-25,20.802,0.001,58.23,1.308
2002-01-26,20.602,0.001,63.06,1.997
2002-01-27,19.897,0.001,38.0,2.801
2002-01-28,19.232,0.002,29.04,3.262
2002-01-29,19.306,0.001,28.99,3.394
2002-01-30,19.571,0.002,29.93,3.548
2002-01-31,21.132,0.001,34.07,2.884
2002-02-01,21.529,0.001,36.67,2.718
2002-02-02,21.439,0.0,35.06,3.397
2002-02-03,22.895,0.001,36.38,3.427
2002-02-04,24.186,0.003,45.13,0.154
2002-02-05,22.915,0.0,43.03,1.548
2002-02-06,21.896,0.003,31.86,1.729
2002-02-07,20.391,0.0,33.94,2.084
2002-02-08,18.824,0.004,27.58,2.609
2002-02-09,20.635,0.001,24.76,4.325
2002-02-10,22.329,0.123,51.08,0.246
2002-02-11,19.687,0.0,50.33,2.829
2002-02-12,21.911,0.0,40.32,3.424
2002-02-13,23.89,0.0,41.01,3.721
2002-02-14,25.563,0.001,40.66,2.946
2002-02-15,26.674,0.0,37.82,2.391
2002-02-16,27.595,0.003,30.91,2.36
2002-02-17,27.515,0.0,30.9,2.516
2002-02-18,27.841,0.006,34.98,2.214
2002-02-19,27.452,0.001,32.14,2.273
2002-02-20,26.808,0.002,30.82,1.611
2002-02-21,26.994,0.002,33.14,1.227
2002-02-22,26.484,0.002,40.81,1.955
2002-02-23,25.416,0.002,50.87,1.897
2002-02-24,25.138,0.002,43.55,1.886
2002-02-25,25.63,0.001,31.8,2.62
2002-02-26,26.788,0.002,32.27,1.759
2002-02-27,27.452,0.002,29.72,2.558
2002-02-28,27.381,0.0,32.95,1.666
2002-03-01,27.789,0.0,40.16,1.648
2002-03-02,26.526,0.001,40.52,2.72
2002-03-03,25.834,0.002,33.07,3.184
2002-03-04,25.732,0.002,28.05,2.72
2002-03-05,26.608,0.001,26.02,2.632
2002-03-06,27.346,0.001,26.69,2.023
2002-03-07,26.917,0.002,38.44,1.351
2002-03-08,25.491,0.001,54.1,2.474
2002-03-09,26.344,0.004,48.15,1.451
2002-03-10,28.3,0.0,34.33,2.571
2002-03-11,29.01,0.001,30.27,3.075
2002-03-12,29.816,0.033,30.67,2.181
2002-03-13,29.587,0.097,33.06,1.825
2002-03-14,26.291,0.532,53.48,2.236
2002-03-15,27.233,0.0,47.68,0.88
2002-03-16,27.94,0.001,44.36,0.785
2002-03-17,28.619,0.001,37.19,0.901
2002-03-18,30.772,0.0,27.02,2.63
2002-03-19,31.899,0.001,22.43,2.655
2002-03-20,31.441,0.021,27.12,1.512
2002-03-21,29.947,0.021,35.56,1.832
2002-03-22,28.427,0.001,44.78,1.805
2002-03-23,28.63,0.001,47.52,1.967
2002-03-24,27.763,0.001,50.2,2.629
2002-03-25,27.291,0.002,55.1,2.997
2002-03-26,27.17,0.0,57.87,2.578
2002-03-27,28.361,0.0,51.02,2.132
2002-03-28,29.116,0.001,39.73,1.321
2002-03-29,29.64,0.001,31.84,1.013
2002-03-30,30.648,0.0,23.36,1.327
2002-03-31,30.209,0.0,25.78,1.509
2002-04-01,29.792,0.001,47.96,2.536
2002-04-02,29.41,0.0,57.71,3.263
2002-04-03,28.724,0.0,61.85,3.437
2002-04-04,28.935,0.002,58.56,2.837
2002-04-05,29.683,0.002,54.85,2.335
2002-04-06,30.338,0.006,55.8,2.546
2002-04-07,30.559,0.509,52.88,1.154
2002-04-08,30.622,0.16,50.79,1.684
2002-04-09,30.267,0.002,38.89,1.923
2002-04-10,30.388,0.0,37.11,1.44
2002-04-11,30.782,0.0,32.14,1.204
2002-04-12,30.76,0.0,34.07,1.642
2002-04-13,30.772,0.0,39.76,1.757
2002-04-14,30.055,0.003,41.54,1.768
2002-04-15,30.023,0.0,46.68,2.12
2002-04-16,29.826,0.0,42.75,1.862
2002-04-17,30.369,0.001,41.7,2.015
2002-04-18,31.607,0.0,38.83,1.689
2002-04-19,32.781,0.01,34.33,1.504
2002-04-20,32.998,0.04,29.71,1.718
2002-04-21,31.907,0.0,33.12,1.606
2002-04-22,31.013,0.002,41.6,2.386
2002-04-23,31.344,0.0,47.88,2.543
2002-04-24,32.275,0.002,32.97,1.937
2002-04-25,31.557,0.0,34.0,2.105
2002-04-26,32.425,0.001,25.04,1.39
2002-04-27,33.006,0.002,22.62,1.292
2002-04-28,32.603,0.0,29.98,2.026
2002-04-29,31.505,0.001,52.92,3.679
2002-04-30,31.838,0.001,51.54,2.88
2002-05-01,32.63,0.002,36.09,1.606
2002-05-02,33.067,0.0,34.26,1.488
2002-05-03,34.352,0.001,27.59,1.432
2002-05-04,33.292,0.001,41.13,2.752
2002-05-05,31.656,0.0,57.65,4.527
2002-05-06,30.626,0.0,62.37,5.749
2002-05-07,31.4,0.002,55.71,4.525
2002-05-08,31.929,0.002,60.29,3.998
2002-05-09,32.761,0.163,59.47,3.443
2002-05-10,32.969,0.015,56.24,3.534
2002-05-11,32.327,0.063,58.76,4.061
2002-05-12,32.388,0.004,59.7,4.487
2002-05-13,32.549,0.011,58.49,3.961
2002-05-14,32.493,0.003,56.24,3.594
2002-05-15,32.244,0.001,57.55,3.219
2002-05-16,32.257,0.001,56.77,3.424
2002-05-17,31.921,0.002,59.26,4.747
2002-05-18,31.085,0.004,61.91,6.004
2002-05-19,30.54,0.041,63.16,7.904
2002-05-20,30.746,0.081,64.59,7.386
2002-05-21,30.891,0.01,61.84,5.932
2002-05-22,31.028,0.039,60.27,5.006
2002-05-23,30.827,0.002,59.76,4.716
2002-05-24,30.979,0.003,58.98,4.61
2002-05-25,30.722,0.01,59.1,5.322
2002-05-26,30.512,0.018,59.66,6.013
2002-05-27,30.78,0.015,60.91,6.081
2002-05-28,31.324,0.074,62.52,5.304
2002-05-29,31.582,0.017,60.19,4.334
2002-05-30,31.603,0.003,58.24,3.571
2002-05-31,31.629,0.0,56.28,3.33
2002-06-01,31.326,0.003,58.58,3.538
2002-06-02,31.5,0.006,56.04,3.514
2002-06-03,31.634,0.038,58.38,3.988
2002-06-04,31.586,0.0,56.89,4.301
2002-06-05,31.227,0.005,58.62,5.227
2002-06-06,30.836,0.03,60.76,5.828
2002-06-07,31.031,0.034,61.06,5.62
2002-06-08,31.25,0.031,61.96,4.854
2002-06-09,31.574,0.018,60.51,4.228
2002-06-10,32.386,0.002,61.04,4.1
2002-06-11,33.1,0.056,60.73,3.6
2002-06-12,32.653,0.016,62.55,3.921
2002-06-13,32.072,0.195,64.68,4.254
2002-06-14,31.673,0.244,66.77,4.485
2002-06-15,30.545,1.551,70.03,4.51
2002-06-16,30.221,1.936,68.45,5.751
2002-06-17,29.853,2.19,71.98,5.699
2002-06-18,29.674,5.966,75.19,5.111
2002-06-19,29.853,1.75,73.7,5.296
2002-06-20,29.576,4.096,74.89,5.045
2002-06-21,29.267,4.23,78.14,5.031
2002-06-22,29.575,2.514,77.18,4.755
2002-06-23,30.755,0.284,69.51,4.535
2002-06-24,30.557,1.278,69.26,4.781
2002-06-25,30.942,1.736,65.55,5.043
2002-06-26,29.323,35.806,79.1,3.183
2002-06-27,26.801,160.695,92.44,4.973
2002-06-28,26.491,73.834,92.14,4.123
2002-06-29,28.443,11.339,83.44,3.998
2002-06-30,28.742,1.926,79.51,5.088
2002-07-01,28.784,1.607,78.79,5.338
2002-07-02,28.84,2.036,79.27,6.057
2002-07-03,28.798,1.439,78.43,6.319
2002-07-04,28.651,1.259,78.06,7.016
2002-07-05,28.708,0.923,78.05,6.278
2002-07-06,28.474,1.776,78.04,5.509
2002-07-07,28.405,1.602,77.28,5.239
2002-07-08,28.456,1.626,77.83,5.483
2002-07-09,28.402,1.598,77.93,5.052
2002-07-10,28.359,2.541,77.5,4.999
2002-07-11,28.688,2.314,75.09,4.506
2002-07-12,29.019,1.299,74.28,5.102
2002-07-13,29.022,1.554,73.0,4.839
2002-07-14,28.644,2.066,75.08,4.827
2002-07-15,28.569,1.389,75.7,4.782
2002-07-16,28.946,1.475,73.08,4.508
2002-07-17,28.973,1.882,72.7,4.142
2002-07-18,28.626,2.308,73.79,3.39
2002-07-19,26.421,36.734,89.46,3.063
2002-07-20,27.345,4.02,81.69,4.591
2002-07-21,27.326,2.497,82.03,5.442
2002-07-22,27.798,2.675,80.18,5.866
2002-07-23,28.005,2.298,78.76,5.451
2002-07-24,28.192,1.815,76.35,5.051
2002-07-25,27.787,2.292,77.84,4.963
2002-07-26,27.873,1.964,77.52,4.751
2002-07-27,28.14,1.205,76.82,4.9
2002-07-28,28.238,0.733,76.72,4.197
2002-07-29,28.433,0.361,75.67,4.223
2002-07-30,28.213,0.627,76.07,4.275
2002-07-31,28.324,0.43,75.55,3.124
2002-08-01,28.685,1.519,73.68,2.659
2002-08-02,28.033,1.562,79.54,1.841
2002-08-03,28.793,0.623,75.6,2.659
2002-08-04,28.298,2.254,76.4,2.614
2002-08-05,27.776,1.973,79.12,3.107
2002-08-06,26.736,20.405,86.74,2.546
2002-08-07,25.568,81.477,91.25,3.72
2002-08-08,25.952,6.992,88.38,2.83
2002-08-09,26.124,11.159,88.12,3.411
2002-08-10,26.169,8.133,87.11,3.93
2002-08-11,27.015,3.228,83.48,5.231
2002-08-12,27.434,2.886,80.73,6.526
2002-08-13,27.611,2.337,80.79,6.659
2002-08-14,27.59,2.027,81.17,5.862
2002-08-15,27.48,2.459,80.89,4.751
2002-08-16,27.301,2.699,80.15,3.652
2002-08-17,26.433,1.461,85.28,3.226
2002-08-18,26.823,0.956,83.45,3.309
2002-08-19,27.369,1.079,81.16,3.651
2002-08-20,27.219,0.929,80.48,4.013
2002-08-21,27.128,1.237,81.63,3.653
2002-08-22,27.327,1.028,80.1,3.053
2002-08-23,27.623,2.967,78.56,2.635
2002-08-24,25.87,22.145,90.0,3.34
2002-08-25,25.349,86.073,91.08,3.436
2002-08-26,25.92,2.141,82.71,6.105
2002-08-27,26.114,1.554,83.59,4.266
2002-08-28,26.56,1.513,83.05,2.857
2002-08-29,27.066,1.535,80.69,2.54
2002-08-30,26.416,4.333,82.91,2.908
2002-08-31,26.266,2.178,84.77,2.794
2002-09-01,26.735,3.126,84.12,2.72
2002-09-02,26.63,4.806,86.03,2.372
2002-09-03,26.014,16.83,89.67,2.342
2002-09-04,25.048,27.173,94.18,2.631
2002-09-05,26.792,0.509,82.57,2.85
2002-09-06,26.563,0.026,78.71,3.21
2002-09-07,26.053,0.045,76.64,3.371
2002-09-08,25.758,0.123,78.11,2.911
2002-09-09,26.043,0.093,78.69,2.524
2002-09-10,25.943,0.059,78.62,2.446
2002-09-11,25.97,0.124,78.78,2.796
2002-09-12,26.245,0.105,78.32,3.522
2002-09-13,26.05,0.067,76.99,3.546
2002-09-14,26.25,0.003,76.6,2.56
2002-09-15,26.699,0.021,75.69,2.364
2002-09-16,26.951,0.185,75.98,3.102
2002-09-17,26.261,1.712,81.15,3.504
2002-09-18,26.28,1.306,81.24,2.7
2002-09-19,26.871,1.084,79.93,1.517
2002-09-20,27.937,0.434,76.53,1.207
2002-09-21,28.279,0.698,75.98,1.662
2002-09-22,28.398,0.124,74.23,2.048
2002-09-23,28.221,0.674,75.8,2.732
2002-09-24,27.92,0.17,73.32,3.285
2002-09-25,27.715,0.083,73.01,2.553
2002-09-26,28.115,0.203,74.06,1.502
2002-09-27,29.196,0.282,72.37,1.18
2002-09-28,29.655,0.063,69.48,1.096
2002-09-29,30.179,0.135,65.59,0.704
2002-09-30,30.811,0.043,56.08,0.532
2002-10-01,30.935,0.001,52.84,0.881
2002-10-02,30.751,0.002,52.73,0.532
2002-10-03,30.181,0.001,54.94,1.202
2002-10-04,29.525,0.001,52.37,0.503
2002-10-05,29.721,0.001,48.55,0.86
2002-10-06,30.186,0.001,46.53,1.58
2002-10-07,30.791,0.003,45.89,1.347
2002-10-08,30.893,0.001,47.26,1.367
2002-10-09,30.711,0.002,47.53,1.547
2002-10-10,30.563,0.0,47.1,1.834
2002-10-11,29.999,0.056,60.66,1.148
2002-10-12,30.114,0.11,59.46,0.644
2002-10-13,30.124,0.002,49.21,1.338
2002-10-14,30.036,0.0,46.17,1.867
2002-10-15,30.224,0.0,43.23,2.311
2002-10-16,29.742,0.006,46.76,1.72
2002-10-17,29.444,0.0,59.61,1.712
2002-10-18,29.195,0.002,70.01,3.77
2002-10-19,28.827,0.009,67.83,3.616
2002-10-20,28.509,0.004,69.26,2.917
2002-10-21,28.763,0.0,63.02,2.092
2002-10-22,29.378,0.025,56.09,0.864
2002-10-23,28.753,0.0,36.91,2.031
2002-10-24,28.351,0.001,32.31,2.276
2002-10-25,28.406,0.001,37.81,2.085
2002-10-26,27.625,0.001,38.09,1.887
2002-10-27,27.377,0.0,37.36,1.328
2002-10-28,27.547,0.0,37.35,0.752
2002-10-29,27.417,0.0,38.61,0.808
2002-10-30,27.693,0.001,37.23,1.392
2002-10-31,27.742,0.0,37.79,1.827
2002-11-01,28.046,0.0,39.79,1.376
2002-11-02,28.066,0.001,37.76,1.418
2002-11-03,28.122,0.001,37.31,1.529
2002-11-04,27.818,0.001,37.67,1.402
2002-11-05,27.842,0.001,42.11,0.446
2002-11-06,27.102,0.627,45.77,1.815
2002-11-07,27.08,0.001,45.72,1.856
2002-11-08,27.249,0.0,43.15,2.066
2002-11-09,27.255,0.002,42.31,1.862
2002-11-10,27.094,0.001,42.96,1.627
2002-11-11,25.627,0.006,51.45,1.869
2002-11-12,25.691,0.001,51.33,2.529
2002-11-13,26.146,0.002,47.78,2.183
2002-11-14,26.727,0.002,49.23,1.764
2002-11-15,26.661,0.002,46.5,2.087
2002-11-16,26.255,0.0,40.9,2.373
2002-11-17,25.963,0.003,35.64,2.861
2002-11-18,25.396,0.0,38.2,2.087
2002-11-19,25.186,0.0,40.01,1.768
2002-11-20,25.572,0.0,38.47,2.012
2002-11-21,25.819,0.002,37.99,2.429
2002-11-22,25.703,0.0,38.35,2.316
2002-11-23,25.731,0.0,40.31,1.856
2002-11-24,26.106,0.001,43.59,1.172
2002-11-25,25.911,0.002,43.49,1.579
2002-11-26,25.706,0.0,40.42,1.684
2002-11-27,25.095,0.003,36.09,2.078
2002-11-28,24.368,0.001,37.67,2.023
2002-11-29,23.71,0.002,38.16,1.949
2002-11-30,22.727,0.001,44.96,1.442
2002-12-01,23.14,0.003,43.1,2.443
2002-12-02,24.046,0.0,39.69,2.303
2002-12-03,23.969,0.0,51.27,0.39
2002-12-04,23.514,0.001,39.45,1.906
2002-12-05,23.827,0.003,35.9,2.037
2002-12-06,25.085,0.0,40.58,2.337
2002-12-07,25.883,0.001,48.42,1.382
2002-12-08,26.249,0.001,49.18,2.117
2002-12-09,25.831,0.001,46.74,2.336
2002-12-10,24.788,0.001,47.02,2.049
2002-12-11,23.728,0.0,43.94,1.923
2002-12-12,23.504,0.002,39.72,2.327
2002-12-13,24.751,0.0,42.97,2.373
2002-12-14,25.326,0.001,43.58,2.241
2002-12-15,25.671,0.0,43.84,2.186
2002-12-16,25.591,0.003,48.77,1.141
2002-12-17,25.38,0.001,47.19,0.657
2002-12-18,24.394,0.001,55.69,1.058
2002-12-19,24.128,0.018,52.67,0.552
2002-12-20,24.222,0.0,53.42,1.886
2002-12-21,23.955,0.002,50.59,2.056
2002-12-22,23.123,0.002,47.87,1.943
2002-12-23,22.618,0.003,48.85,1.789
2002-12-24,22.235,0.001,60.32,1.359
2002-12-25,22.2,0.002,54.79,1.617
2002-12-26,21.924,0.001,46.72,2.763
2002-12-27,21.808,0.001,44.49,2.558
2002-12-28,22.241,0.003,43.82,2.458
2002-12-29,21.676,0.003,44.71,1.752
2002-12-30,22.005,0.484,56.08,1.57
2002-12-31,19.803,0.014,50.93,3.504
2003-01-01,18.539,0.001,45.12,3.365
2003-01-02,20.782,0.001,43.43,3.09
2003-01-03,21.825,0.001,46.39,3.748
2003-01-04,22.773,-0.0,50.8,3.341
2003-01-05,24.066,0.0,51.81,2.545
2003-01-06,24.803,0.0,49.07,2.059
2003-01-07,23.612,0.001,46.68,2.887
2003-01-08,23.749,0.002,45.96,3.062
2003-01-09,24.627,0.001,47.42,2.261
2003-01-10,24.563,0.001,49.56,2.575
2003-01-11,24.847,0.001,51.53,2.074
2003-01-12,24.489,0.049,49.99,2.097
2003-01-13,23.679,-0.0,40.07,2.919
2003-01-14,23.665,0.001,41.89,3.012
2003-01-15,23.604,0.001,36.97,2.688
2003-01-16,22.342,0.0,32.73,2.488
2003-01-17,21.538,0.001,28.66,2.639
2003-01-18,22.153,0.001,31.45,2.505
2003-01-19,23.245,0.001,35.2,2.06
2003-01-20,24.519,0.0,36.62,2.758
2003-01-21,24.992,0.001,42.62,2.11
2003-01-22,23.942,0.002,38.38,2.62
2003-01-23,22.595,0.001,36.68,2.118
2003-01-24,22.715,0.001,42.8,1.035
2003-01-25,23.141,0.0,47.26,1.763
2003-01-26,25.042,0.001,40.02,2.178
2003-01-27,24.9,0.001,52.15,1.078
2003-01-28,23.47,0.003,47.37,2.871
2003-01-29,22.604,0.002,41.72,2.326
2003-01-30,22.807,0.001,42.77,0.966
2003-01-31,23.654,0.003,59.62,1.109
2003-02-01,23.673,0.002,54.1,2.155
2003-02-02,24.041,0.006,47.77,3.448
2003-02-03,23.831,0.187,60.75,3.447
2003-02-04,23.55,0.002,60.52,3.176
2003-02-05,24.358,0.0,54.82,2.89
2003-02-06,25.441,0.001,55.97,0.891
2003-02-07,24.085,0.002,46.15,1.435
2003-02-08,23.201,0.0,44.67,0.867
2003-02-09,23.534,0.001,42.79,1.687
2003-02-10,24.39,0.0,39.85,2.385
2003-02-11,24.5,0.0,41.49,3.049
2003-02-12,24.816,0.001,41.65,3.069
2003-02-13,24.455,0.001,33.36,2.922
2003-02-14,24.979,0.001,33.07,2.406
2003-02-15,25.797,0.001,34.3,1.665
2003-02-16,24.679,0.005,49.26,2.257
2003-02-17,23.876,0.004,59.36,3.937
2003-02-18,23.206,8.067,80.5,5.91
2003-02-19,22.676,0.088,62.06,2.467
2003-02-20,22.946,0.001,59.24,2.225
2003-02-21,23.939,0.001,46.19,2.556
2003-02-22,24.796,0.001,44.17,2.258
2003-02-23,25.279,0.003,43.45,1.689
2003-02-24,26.278,0.002,47.91,1.325
2003-02-25,26.642,0.001,49.02,1.182
2003-02-26,27.012,0.002,51.34,1.34
2003-02-27,26.959,0.0,51.21,1.019
2003-02-28,27.763,0.002,44.74,1.021
2003-03-01,27.494,0.002,46.06,1.587
2003-03-02,26.656,0.0,49.28,1.852
2003-03-03,24.372,0.001,24.62,4.26
2003-03-04,21.892,0.0,15.55,4.369
2003-03-05,23.256,0.002,17.8,3.587
2003-03-06,25.013,0.0,20.37,3.063
2003-03-07,26.135,0.001,20.7,2.942
2003-03-08,26.946,0.001,21.5,2.07
2003-03-09,27.121,0.0,24.84,1.317
2003-03-10,26.434,0.0,39.4,1.415
2003-03-11,26.73,0.0,37.61,0.907
2003-03-12,26.842,0.002,25.13,2.598
2003-03-13,27.271,0.001,20.77,2.643
2003-03-14,28.168,0.0,25.72,0.246
2003-03-15,27.06,0.001,37.18,1.226
2003-03-16,26.534,0.002,39.78,1.632
2003-03-17,26.02,0.0,52.51,1.932
2003-03-18,26.093,0.002,56.31,1.538
2003-03-19,27.417,0.0,41.57,0.873
2003-03-20,28.455,-0.0,33.33,0.998
2003-03-21,28.6,0.002,34.48,1.295
2003-03-22,29.259,0.0,33.96,1.19
2003-03-23,29.494,0.0,35.78,1.278
2003-03-24,29.949,0.001,40.09,1.272
2003-03-25,31.335,0.002,29.68,2.158
2003-03-26,31.488,0.001,26.25,1.944
2003-03-27,31.196,0.001,25.69,1.782
2003-03-28,30.879,0.001,27.67,2.213
2003-03-29,28.305,0.002,40.77,1.552
2003-03-30,28.855,0.001,54.6,1.764
2003-03-31,30.438,0.001,38.07,1.809
2003-04-01,30.493,0.003,37.11,1.499
2003-04-02,30.154,0.0,42.98,2.559
2003-04-03,28.799,0.009,61.65,5.508
2003-04-04,28.134,0.025,68.83,5.828
2003-04-05,27.973,0.04,63.67,3.334
2003-04-06,29.681,0.002,53.56,1.164
2003-04-07,31.944,0.184,38.97,1.158
2003-04-08,31.437,0.016,43.39,2.626
2003-04-09,31.346,0.0,40.15,1.936
2003-04-10,32.09,0.005,36.16,1.533
2003-04-11,32.037,0.004,35.91,2.009
2003-04-12,31.035,0.003,34.57,2.13
2003-04-13,29.75,0.0,34.89,2.071
2003-04-14,29.298,0.002,43.82,1.841
2003-04-15,30.192,0.0,45.57,1.983
2003-04-16,30.428,0.0,52.85,1.712
2003-04-17,31.5,0.002,53.31,2.509
2003-04-18,30.836,0.002,53.5,2.791
2003-04-19,30.214,0.0,43.55,2.483
2003-04-20,29.197,0.001,48.36,2.076
2003-04-21,31.336,0.0,47.33,1.289
2003-04-22,32.166,0.002,42.65,1.876
2003-04-23,32.399,0.001,36.34,1.828
2003-04-24,31.518,0.001,32.93,1.957
2003-04-25,30.897,0.0,44.74,2.291
2003-04-26,31.265,0.001,47.98,2.983
2003-04-27,30.546,0.0,51.94,3.133
2003-04-28,32.129,0.001,44.57,1.979
2003-04-29,33.1,0.0,33.16,1.578
2003-04-30,33.013,0.0,35.71,1.658
2003-05-01,31.477,0.001,44.84,3.57
2003-05-02,30.299,0.001,52.62,4.705
2003-05-03,30.054,0.005,57.84,4.593
2003-05-04,29.131,0.002,52.9,4.538
2003-05-05,29.122,0.001,51.31,4.282
2003-05-06,29.901,0.0,55.47,4.347
2003-05-07,29.841,0.002,53.5,3.28
2003-05-08,31.133,0.0,49.34,2.065
2003-05-09,33.296,0.001,33.11,1.734
2003-05-10,35.272,0.001,23.68,2.07
2003-05-11,35.679,0.001,24.02,2.513
2003-05-12,33.598,0.001,35.07,1.761
2003-05-13,32.329,0.002,45.19,2.235
2003-05-14,32.349,0.001,53.78,2.443
2003-05-15,32.357,0.001,52.64,2.438
2003-05-16,32.181,0.001,50.68,2.461
2003-05-17,31.59,0.001,54.09,3.811
2003-05-18,30.659,0.02,61.7,5.36
2003-05-19,30.989,0.028,60.31,5.343
2003-05-20,31.271,0.017,61.15,4.38
2003-05-21,31.427,0.004,58.91,4.054
2003-05-22,31.236,0.111,60.82,5.046
2003-05-23,31.33,0.21,61.38,5.115
2003-05-24,31.377,0.001,57.64,4.209
2003-05-25,31.658,0.005,54.9,3.599
2003-05-26,31.572,0.0,54.18,3.25
2003-05-27,31.5,0.003,57.55,4.066
2003-05-28,30.829,0.003,58.82,4.304
2003-05-29,31.883,0.004,56.35,3.371
2003-05-30,31.989,0.0,53.82,2.974
2003-05-31,31.783,0.001,51.21,2.574
2003-06-01,31.945,0.001,51.83,2.617
2003-06-02,31.759,0.001,58.75,3.646
2003-06-03,31.517,0.0,59.36,4.27
2003-06-04,30.719,0.003,61.47,5.878
2003-06-05,30.867,0.007,61.41,6.721
2003-06-06,31.201,0.057,63.38,7.111
2003-06-07,31.378,0.034,64.6,6.249
2003-06-08,31.572,0.111,65.28,6.116
2003-06-09,31.586,0.15,64.0,5.405
2003-06-10,31.474,0.078,62.28,5.032
2003-06-11,31.164,0.223,67.25,5.244
2003-06-12,30.959,0.936,69.75,5.057
2003-06-13,31.555,0.114,63.31,4.781
2003-06-14,31.171,0.267,65.34,4.698
2003-06-15,30.365,3.654,71.56,3.944
2003-06-16,28.359,22.506,81.12,3.36
2003-06-17,26.945,21.583,86.62,4.293
2003-06-18,26.227,51.677,91.97,5.248
2003-06-19,27.192,25.952,88.01,3.813
2003-06-20,28.149,33.069,86.21,3.849
2003-06-21,28.4,7.346,86.32,2.778
2003-06-22,29.671,0.412,77.12,3.582
2003-06-23,29.278,0.736,78.59,3.818
2003-06-24,29.223,1.071,80.12,3.51
2003-06-25,28.49,3.133,84.12,4.562
2003-06-26,28.109,1.693,84.31,5.138
2003-06-27,28.251,2.644,84.2,5.26
2003-06-28,27.862,4.897,84.16,5.177
2003-06-29,27.886,2.654,86.1,5.081
2003-06-30,28.917,2.73,80.09,5.382
2003-07-01,28.479,2.601,82.68,3.9
2003-07-02,27.639,10.141,86.75,2.703
2003-07-03,27.989,3.764,84.19,2.89
2003-07-04,27.552,8.703,86.23,3.674
2003-07-05,27.437,8.45,86.16,3.482
2003-07-06,27.296,14.238,85.01,4.115
2003-07-07,26.64,18.083,88.29,4.977
2003-07-08,26.529,12.262,89.52,4.113
2003-07-09,27.12,6.333,86.84,4.474
2003-07-10,27.718,4.6,84.57,4.415
2003-07-11,27.409,8.898,85.98,4.635
2003-07-12,27.66,3.225,85.05,4.133
2003-07-13,27.736,5.853,84.55,4.088
2003-07-14,27.11,9.769,87.62,3.608
2003-07-15,27.381,16.424,87.8,3.439
2003-07-16,26.381,16.746,91.52,4.124
2003-07-17,27.198,7.903,86.29,4.176
2003-07-18,27.305,16.868,86.85,3.786
2003-07-19,27.825,9.891,84.72,3.479
2003-07-20,28.352,1.689,83.3,3.962
2003-07-21,28.231,2.987,82.58,4.224
2003-07-22,28.247,3.789,82.32,4.122
2003-07-23,26.798,23.737,89.52,4.38
2003-07-24,26.175,31.846,91.79,5.028
2003-07-25,26.62,10.648,88.24,5.361
2003-07-26,26.796,10.326,87.49,4.979
2003-07-27,26.548,35.213,89.88,3.889
2003-07-28,26.201,24.052,90.66,5.432
2003-07-29,27.495,2.466,85.19,5.458
2003-07-30,27.743,1.772,83.04,4.806
2003-07-31,27.38,2.475,83.71,4.364
2003-08-01,26.989,4.837,85.54,4.12
2003-08-02,26.805,4.392,84.85,4.654
2003-08-03,26.035,7.358,88.45,4.371
2003-08-04,26.329,9.309,87.3,3.637
2003-08-05,25.867,29.608,90.41,3.03
2003-08-06,26.41,9.36,88.42,2.689
2003-08-07,27.599,2.398,83.65,3.305
2003-08-08,27.494,5.666,84.66,3.002
2003-08-09,27.416,5.098,86.26,3.546
2003-08-10,27.401,1.222,84.84,4.1
2003-08-11,27.377,1.845,84.66,4.276
2003-08-12,27.4,1.761,84.31,4.277
2003-08-13,27.362,3.388,84.03,3.552
2003-08-14,27.476,2.504,82.46,3.381
2003-08-15,27.808,1.229,79.4,3.279
2003-08-16,27.717,0.866,79.11,3.408
2003-08-17,27.714,1.118,79.09,3.799
2003-08-18,27.602,1.931,79.3,4.579
2003-08-19,27.398,2.099,81.01,5.029
2003-08-20,27.674,2.468,80.62,4.57
2003-08-21,27.882,1.828,80.76,3.365
2003-08-22,28.004,2.693,81.47,1.971
2003-08-23,26.284,29.761,89.23,3.732
2003-08-24,25.025,51.531,89.51,4.968
2003-08-25,25.654,12.747,87.61,4.041
2003-08-26,26.642,4.198,84.77,4.501
2003-08-27,26.258,4.989,85.85,4.471
2003-08-28,25.987,17.719,89.35,3.567
2003-08-29,26.553,12.356,86.14,3.275
2003-08-30,25.797,8.742,88.57,3.321
2003-08-31,26.44,2.911,85.47,3.68
2003-09-01,26.91,1.908,80.97,4.366
2003-09-02,26.335,5.62,86.88,3.752
2003-09-03,26.612,3.42,87.0,3.723
2003-09-04,26.816,2.334,85.15,3.814
2003-09-05,26.996,2.113,82.6,3.201
2003-09-06,27.089,1.514,80.6,3.046
2003-09-07,27.069,1.116,80.29,3.129
2003-09-08,27.185,0.336,76.06,3.079
2003-09-09,27.129,0.763,77.89,3.027
2003-09-10,26.533,3.505,82.97,3.014
2003-09-11,27.17,1.471,79.18,3.218
2003-09-12,27.259,0.744,77.44,3.294
2003-09-13,27.16,0.414,76.02,2.961
2003-09-14,27.133,0.337,76.66,2.802
2003-09-15,26.798,0.678,79.48,2.589
2003-09-16,27.236,0.269,77.11,2.868
2003-09-17,27.291,0.958,79.52,2.912
2003-09-18,27.597,1.184,80.63,2.928
2003-09-19,28.008,1.177,78.49,2.576
2003-09-20,27.928,2.39,80.43,1.85
2003-09-21,26.277,23.243,88.44,1.277
2003-09-22,25.197,50.71,93.86,1.091
2003-09-23,26.176,2.811,85.22,1.763
2003-09-24,26.99,0.238,78.54,1.844
2003-09-25,27.557,1.953,79.64,1.194
2003-09-26,27.427,6.905,85.85,0.277
2003-09-27,27.619,3.525,86.49,0.682
2003-09-28,27.47,2.896,87.23,1.306
2003-09-29,26.613,0.961,88.06,2.625
2003-09-30,27.624,1.03,82.4,1.677
2003-10-01,28.597,1.896,81.89,0.634
2003-10-02,28.966,0.003,71.18,1.689
2003-10-03,29.087,0.054,65.79,2.054
2003-10-04,28.048,0.001,59.09,2.139
2003-10-05,26.696,0.001,57.41,2.181
2003-10-06,27.088,0.0,57.41,2.182
2003-10-07,28.693,0.017,62.63,2.951
2003-10-08,28.706,0.002,63.21,2.01
2003-10-09,29.046,0.002,66.28,1.596
2003-10-10,28.928,0.027,67.7,2.503
2003-10-11,27.932,0.001,63.2,1.165
2003-10-12,27.813,0.0,61.05,1.47
2003-10-13,28.235,0.0,49.61,2.145
2003-10-14,27.848,0.0,49.42,1.779
2003-10-15,27.664,0.001,47.84,1.353
2003-10-16,27.779,0.003,52.47,1.12
2003-10-17,27.416,0.001,52.15,1.738
2003-10-18,27.711,0.0,50.39,1.586
2003-10-19,28.408,0.001,45.24,1.877
2003-10-20,28.266,0.0,44.38,2.138
2003-10-21,27.408,0.003,43.69,2.147
2003-10-22,27.001,0.001,40.42,2.468
2003-10-23,27.137,0.0,42.92,2.133
2003-10-24,27.215,0.001,44.05,0.988
2003-10-25,26.847,0.002,46.93,0.788
2003-10-26,26.61,0.004,45.25,1.975
2003-10-27,26.88,0.0,43.79,1.54
2003-10-28,27.175,0.002,43.95,2.659
2003-10-29,27.658,0.0,46.53,2.344
2003-10-30,28.7,0.049,56.08,1.681
2003-10-31,28.746,0.0,42.41,2.023
2003-11-01,27.535,0.001,40.48,1.987
2003-11-02,27.91,0.0,42.56,1.448
2003-11-03,28.982,0.001,52.75,1.514
2003-11-04,28.939,0.002,54.49,0.906
2003-11-05,28.648,0.002,51.74,1.041
2003-11-06,28.179,0.0,52.39,0.63
2003-11-07,27.773,0.002,55.64,1.376
2003-11-08,27.704,0.002,52.72,0.54
2003-11-09,27.932,0.003,46.12,1.732
2003-11-10,27.84,0.001,40.88,2.989
2003-11-11,26.898,0.001,40.06,2.244
2003-11-12,26.442,0.0,43.53,1.768
2003-11-13,26.16,0.001,43.43,2.069
2003-11-14,26.124,0.0,42.5,1.749
2003-11-15,26.492,0.001,45.14,1.124
2003-11-16,26.143,0.001,49.73,1.356
2003-11-17,25.773,0.002,53.16,1.647
2003-11-18,26.61,0.002,51.29,2.716
2003-11-19,26.628,0.001,48.16,2.973
2003-11-20,26.347,0.0,51.7,2.648
2003-11-21,26.435,0.0,50.78,1.344
2003-11-22,25.919,0.0,51.89,2.207
2003-11-23,26.313,0.283,45.98,2.323
2003-11-24,26.576,0.011,46.63,2.535
2003-11-25,26.374,0.001,49.72,2.073
2003-11-26,26.269,0.0,53.86,1.058
2003-11-27,25.927,0.002,54.95,1.198
2003-11-28,25.547,-0.0,49.52,1.712
2003-11-29,25.695,0.001,48.63,2.191
2003-11-30,25.881,0.002,48.16,2.264
2003-12-01,26.188,0.001,49.75,1.945
2003-12-02,25.869,0.001,45.88,2.212
2003-12-03,24.666,0.001,44.75,2.046
2003-12-04,24.476,0.003,47.03,1.76
2003-12-05,25.224,0.0,48.65,1.773
2003-12-06,25.475,0.001,45.34,2.207
2003-12-07,25.343,0.001,40.2,2.282
2003-12-08,24.776,0.001,43.96,1.216
2003-12-09,24.763,0.001,48.11,0.087
2003-12-10,24.548,0.001,49.81,2.179
2003-12-11,24.763,0.0,49.81,1.52
2003-12-12,24.326,0.002,55.56,0.523
2003-12-13,24.441,0.001,53.78,2.221
2003-12-14,24.283,0.0,50.38,2.624
2003-12-15,23.205,0.003,45.65,3.292
2003-12-16,21.234,0.002,46.96,3.551
2003-12-17,21.162,0.0,48.0,2.799
2003-12-18,21.783,0.001,53.19,2.418
2003-12-19,22.484,0.0,50.18,2.579
2003-12-20,22.941,0.001,48.18,2.803
2003-12-21,22.71,0.001,49.17,2.231
2003-12-22,22.69,0.001,50.47,1.423
2003-12-23,22.382,0.0,49.7,1.854
2003-12-24,22.564,0.001,47.98,2.137
2003-12-25,22.785,0.0,45.83,2.361
2003-12-26,22.044,0.002,44.66,2.734
2003-12-27,19.812,0.001,43.23,2.905
2003-12-28,19.575,0.0,43.33,3.902
2003-12-29,20.073,0.001,45.96,3.37
2003-12-30,21.228,0.0,48.61,2.334
2003-12-31,21.085,0.001,53.05,1.68
2004-01-01,20.134,0.0,46.95,2.239
2004-01-02,20.162,0.0,46.03,2.405
2004-01-03,20.671,0.0,49.03,2.633
2004-01-04,21.873,0.0,54.09,2.742
2004-01-05,22.407,0.001,57.3,2.217
2004-01-06,22.271,0.0,60.47,2.428
2004-01-07,22.501,0.002,57.33,3.307
2004-01-08,23.124,0.002,51.36,3.133
2004-01-09,22.335,0.002,44.28,2.529
2004-01-10,22.027,0.001,36.79,2.429
2004-01-11,22.497,0.002,38.75,2.369
2004-01-12,23.083,0.001,42.54,1.708
2004-01-13,23.226,0.0,47.32,0.89
2004-01-14,22.59,0.002,52.96,1.072
2004-01-15,23.068,0.002,49.39,1.777
2004-01-16,24.133,0.001,46.39,1.099
2004-01-17,23.028,0.003,57.64,1.03
2004-01-18,22.654,0.0,52.81,1.663
2004-01-19,22.045,0.0,46.54,1.831
2004-01-20,22.506,0.004,48.93,1.249
2004-01-21,21.373,0.001,56.73,1.34
2004-01-22,20.813,0.162,64.01,0.921
2004-01-23,20.241,0.001,50.24,2.127
2004-01-24,20.017,0.001,41.21,2.939
2004-01-25,20.535,0.0,47.23,2.75
2004-01-26,20.575,0.001,41.68,3.124
2004-01-27,21.5,0.002,39.35,3.111
2004-01-28,22.902,0.0,44.22,1.595
2004-01-29,22.471,0.003,50.03,1.175
2004-01-30,21.76,0.001,54.69,0.956
2004-01-31,20.892,0.0,46.76,2.318
2004-02-01,20.01,0.001,35.01,3.435
2004-02-02,20.473,0.0,35.43,4.116
2004-02-03,21.866,0.001,36.32,3.003
2004-02-04,22.195,0.0,34.32,2.807
2004-02-05,20.6,0.001,32.74,2.567
2004-02-06,21.061,0.0,29.55,3.168
2004-02-07,21.659,0.001,31.34,2.513
2004-02-08,22.152,0.001,33.25,1.952
2004-02-09,22.428,0.002,38.26,1.59
2004-02-10,22.817,0.001,41.09,2.723
2004-02-11,22.29,0.001,36.13,2.822
2004-02-12,23.915,0.0,43.52,2.489
2004-02-13,25.733,0.001,46.53,1.309
2004-02-14,25.859,0.002,42.47,2.267
2004-02-15,25.483,0.0,36.34,2.002
2004-02-16,25.02,0.0,37.97,1.549
2004-02-17,25.19,0.001,43.05,0.71
2004-02-18,22.642,0.001,53.83,1.245
2004-02-19,23.295,0.002,63.33,0.766
2004-02-20,24.205,0.002,54.39,0.643
2004-02-21,25.934,0.001,41.33,1.884
2004-02-22,25.877,0.002,36.45,2.298
2004-02-23,25.636,0.002,37.95,1.664
2004-02-24,25.963,0.0,38.62,1.772
2004-02-25,26.481,0.0,38.98,1.347
2004-02-26,26.621,0.003,41.51,0.688
2004-02-27,25.829,0.0,46.69,0.976
2004-02-28,25.142,0.007,57.39,1.304
2004-02-29,26.115,0.001,42.52,1.119
2004-03-01,26.792,0.002,31.69,2.462
2004-03-02,27.171,0.002,25.86,2.823
2004-03-03,27.619,0.001,28.04,2.619
2004-03-04,28.881,0.001,26.88,2.416
2004-03-05,29.561,0.0,24.34,2.643
2004-03-06,28.547,0.001,24.51,3.107
2004-03-07,28.142,0.0,25.54,2.625
2004-03-08,28.604,0.001,23.21,2.567
2004-03-09,29.175,0.0,22.19,1.894
2004-03-10,28.677,0.001,29.15,0.709
2004-03-11,28.941,0.0,30.24,0.907
2004-03-12,29.371,0.002,27.92,1.906
2004-03-13,29.43,0.001,29.27,1.964
2004-03-14,29.372,0.001,31.37,2.093
2004-03-15,30.472,0.001,32.85,2.228
2004-03-16,31.754,0.0,27.14,2.314
2004-03-17,31.784,0.001,22.86,2.059
2004-03-18,31.345,0.002,25.32,1.851
2004-03-19,31.166,0.001,27.17,1.744
2004-03-20,30.104,0.001,29.27,1.39
2004-03-21,29.456,0.002,43.22,1.94
2004-03-22,29.587,-0.0,45.25,2.302
2004-03-23,30.538,0.0,38.83,1.452
2004-03-24,29.631,0.001,36.1,1.792
2004-03-25,27.751,0.001,32.27,2.075
2004-03-26,27.272,0.003,38.26,1.597
2004-03-27,28.487,0.0,39.9,1.2
2004-03-28,29.773,0.0,36.24,1.016
2004-03-29,29.589,0.001,44.8,1.923
2004-03-30,29.175,0.002,52.05,2.552
2004-03-31,28.583,0.001,51.43,2.692
2004-04-01,28.342,0.02,50.58,2.177
2004-04-02,29.254,0.0,49.78,1.438
2004-04-03,30.466,0.003,38.58,1.461
2004-04-04,31.152,0.001,40.11,1.487
2004-04-05,30.953,0.0,39.68,2.106
2004-04-06,29.953,0.001,42.26,2.464
2004-04-07,29.193,0.001,49.49,4.273
2004-04-08,28.446,0.004,65.1,5.004
2004-04-09,28.328,0.002,63.07,4.245
2004-04-10,28.486,0.0,59.34,3.432
2004-04-11,29.425,0.0,57.4,2.559
2004-04-12,30.417,0.0,48.56,2.03
2004-04-13,30.982,0.003,48.59,2.644
2004-04-14,30.979,0.002,52.19,3.532
2004-04-15,30.565,0.002,51.98,4.051
2004-04-16,30.12,0.0,54.78,3.85
2004-04-17,29.877,0.001,48.44,3.875
2004-04-18,29.462,0.0,52.95,3.556
2004-04-19,29.756,0.001,59.13,3.836
2004-04-20,31.097,0.003,50.84,2.558
2004-04-21,31.539,0.0,41.99,2.125
2004-04-22,30.947,0.0,51.1,2.923
2004-04-23,31.115,0.0,55.12,2.986
2004-04-24,31.603,0.001,47.03,2.213
2004-04-25,32.262,0.001,41.88,1.801
2004-04-26,32.891,0.0,39.1,1.975
2004-04-27,32.17,0.0,42.98,2.798
2004-04-28,30.783,0.001,50.97,3.873
2004-04-29,30.281,0.001,57.7,4.31
2004-04-30,29.982,0.003,64.69,5.145
2004-05-01,30.631,0.0,42.11,1.855
2004-05-02,32.518,0.001,21.0,2.149
2004-05-03,34.874,0.001,16.91,2.216
2004-05-04,35.69,0.0,19.77,0.569
2004-05-05,32.913,0.001,47.13,3.032
2004-05-06,35.148,0.001,33.06,1.011
2004-05-07,35.147,0.038,41.18,1.521
2004-05-08,34.351,1.627,48.73,0.408
2004-05-09,34.544,1.055,48.21,0.034
2004-05-10,30.546,3.59,72.43,2.367
2004-05-11,30.722,1.122,70.34,4.608
2004-05-12,30.471,0.939,67.67,5.025
2004-05-13,30.618,0.997,66.71,4.403
2004-05-14,30.827,1.075,67.31,4.36
2004-05-15,30.962,0.95,66.45,4.133
2004-05-16,31.444,0.001,58.32,3.381
2004-05-17,31.906,0.037,59.6,3.667
2004-05-18,31.307,0.005,57.67,4.771
2004-05-19,30.255,0.009,60.88,6.136
2004-05-20,30.236,0.052,61.04,7.005
2004-05-21,30.114,0.04,62.06,6.725
2004-05-22,29.964,0.028,61.79,7.002
2004-05-23,29.943,0.053,63.72,6.569
2004-05-24,30.182,0.137,62.82,5.687
2004-05-25,30.196,0.026,61.16,4.726
2004-05-26,30.235,0.005,58.42,4.31
2004-05-27,30.753,0.002,56.19,3.566
2004-05-28,31.591,0.002,54.6,2.72
2004-05-29,32.205,0.0,51.78,2.238
2004-05-30,32.152,0.001,51.23,2.786
2004-05-31,31.884,0.001,56.85,2.912
2004-06-01,32.022,0.003,57.09,2.774
2004-06-02,32.023,0.001,55.58,3.551
2004-06-03,32.148,0.0,56.67,3.884
2004-06-04,31.614,0.013,61.08,4.553
2004-06-05,31.827,0.047,61.16,4.344
2004-06-06,31.531,0.094,63.23,4.236
2004-06-07,31.556,0.203,63.88,3.946
2004-06-08,30.745,4.673,68.56,2.765
2004-06-09,29.106,12.894,74.68,1.42
2004-06-10,28.923,10.7,77.72,2.05
2004-06-11,29.192,4.327,75.02,3.184
2004-06-12,29.653,0.52,73.44,4.133
2004-06-13,29.832,1.943,75.05,3.979
2004-06-14,29.375,5.216,76.06,2.843
2004-06-15,28.431,32.309,79.73,0.836
2004-06-16,26.023,67.379,92.83,2.058
2004-06-17,28.51,1.178,80.49,3.215
2004-06-18,29.091,2.358,80.16,6.648
2004-06-19,29.028,1.037,77.59,6.712
2004-06-20,29.135,0.831,75.8,6.729
2004-06-21,28.995,0.752,75.55,6.729
2004-06-22,28.904,1.077,75.78,6.458
2004-06-23,28.8,1.572,75.63,6.147
2004-06-24,28.698,2.929,77.59,6.024
2004-06-25,28.87,2.362,77.59,5.15
2004-06-26,28.432,3.684,80.92,4.63
2004-06-27,29.056,1.99,77.09,4.234
2004-06-28,28.948,1.273,76.18,4.09
2004-06-29,28.345,3.369,79.53,4.21
2004-06-30,28.311,2.993,80.49,4.265
2004-07-01,28.645,2.415,78.28,4.2
2004-07-02,29.101,1.311,74.71,3.735
2004-07-03,29.243,0.709,74.66,3.45
2004-07-04,28.46,11.752,81.5,2.774
2004-07-05,27.368,14.639,86.91,2.722
2004-07-06,28.037,3.314,81.0,3.882
2004-07-07,28.427,1.359,79.55,4.629
2004-07-08,28.287,2.61,79.43,5.065
2004-07-09,28.494,2.631,77.97,5.034
2004-07-10,28.674,2.112,75.79,4.903
2004-07-11,28.874,2.099,74.56,4.47
2004-07-12,28.958,1.538,72.44,4.019
2004-07-13,28.722,1.922,72.51,4.006
2004-07-14,27.987,3.634,78.15,4.07
2004-07-15,28.494,1.692,76.77,4.111
2004-07-16,28.759,1.851,77.39,3.86
2004-07-17,27.191,5.967,86.95,3.714
2004-07-18,26.95,12.306,86.97,4.238
2004-07-19,27.443,5.445,83.93,5.018
2004-07-20,27.731,2.774,82.38,4.676
2004-07-21,27.696,1.572,81.57,4.694
2004-07-22,27.881,2.246,80.25,4.059
2004-07-23,27.964,1.046,79.62,3.437
2004-07-24,29.074,0.224,71.52,3.387
2004-07-25,28.764,3.426,73.03,3.843
2004-07-26,26.622,14.425,86.86,2.538
2004-07-27,26.256,9.302,88.25,2.862
2004-07-28,26.53,19.603,88.94,2.468
2004-07-29,25.666,80.542,92.21,3.776
2004-07-30,25.29,118.126,90.72,5.038
2004-07-31,25.537,21.538,90.7,4.327
2004-08-01,25.539,28.839,90.21,4.144
2004-08-02,25.994,38.904,89.91,3.349
2004-08-03,26.471,22.414,89.05,4.296
2004-08-04,25.721,109.628,93.35,2.285
2004-08-05,26.704,6.821,88.85,2.683
2004-08-06,25.667,15.343,92.53,4.4
2004-08-07,26.292,9.516,87.78,5.393
2004-08-08,26.526,4.353,84.44,5.272
2004-08-09,26.226,13.172,87.89,4.913
2004-08-10,25.45,37.405,90.83,4.612
2004-08-11,25.362,32.134,92.19,3.644
2004-08-12,26.863,10.784,82.95,3.886
2004-08-13,25.202,49.938,92.06,2.324
2004-08-14,25.733,42.225,90.83,3.145
2004-08-15,25.393,29.554,91.73,3.266
2004-08-16,25.755,3.787,88.77,3.722
2004-08-17,26.508,3.152,85.83,4.404
2004-08-18,26.718,3.558,84.97,4.448
2004-08-19,26.416,11.338,85.35,4.311
2004-08-20,26.43,6.859,84.68,3.919
2004-08-21,26.396,8.248,86.09,3.392
2004-08-22,26.926,3.599,84.06,3.487
2004-08-23,25.737,13.921,90.42,3.508
2004-08-24,26.435,2.114,85.62,3.827
2004-08-25,27.133,0.668,79.79,4.384
2004-08-26,27.042,1.027,79.98,4.411
2004-08-27,26.928,0.83,79.82,4.654
2004-08-28,26.814,0.586,80.16,4.423
2004-08-29,26.803,0.564,79.5,3.96
2004-08-30,26.747,1.089,79.65,4.096
2004-08-31,26.654,1.654,79.97,3.708
2004-09-01,26.499,1.87,80.98,2.823
2004-09-02,26.814,0.554,78.97,2.173
2004-09-03,27.22,0.648,78.59,2.196
2004-09-04,26.979,0.176,74.73,2.151
2004-09-05,27.104,0.06,73.85,1.719
2004-09-06,28.602,0.187,74.25,1.224
2004-09-07,29.249,1.8,76.14,1.669
2004-09-08,29.436,0.141,72.66,2.397
2004-09-09,28.821,0.116,72.24,3.15
2004-09-10,28.147,0.227,71.71,3.971
2004-09-11,27.394,1.765,76.72,3.185
2004-09-12,27.3,1.435,77.61,2.882
2004-09-13,27.76,0.385,76.31,2.843
2004-09-14,27.809,0.914,74.22,2.878
2004-09-15,27.421,1.612,73.78,3.324
2004-09-16,27.081,1.608,79.15,2.759
2004-09-17,27.704,1.333,77.79,1.829
2004-09-18,28.871,0.726,73.96,1.565
2004-09-19,29.467,1.188,72.53,1.48
2004-09-20,29.906,1.361,70.83,1.644
2004-09-21,29.653,0.587,69.63,2.134
2004-09-22,30.031,3.44,68.06,0.77
2004-09-23,29.43,0.733,73.63,0.708
2004-09-24,29.029,5.036,78.41,1.227
2004-09-25,28.372,8.335,83.07,0.593
2004-09-26,29.42,0.236,74.09,0.256
2004-09-27,29.166,10.498,77.01,0.303
2004-09-28,29.151,0.728,77.32,0.388
2004-09-29,28.617,2.678,81.28,0.341
2004-09-30,29.431,2.874,77.04,0.337
2004-10-01,27.655,4.5,84.08,2.178
2004-10-02,27.553,4.988,82.44,2.481
2004-10-03,27.402,1.545,81.78,2.483
2004-10-04,27.561,1.936,82.15,1.912
2004-10-05,27.812,1.874,78.64,2.392
2004-10-06,27.551,2.961,82.52,2.768
2004-10-07,27.432,1.342,80.96,2.833
2004-10-08,27.438,0.654,80.22,3.268
2004-10-09,27.525,2.832,78.76,3.422
2004-10-10,27.136,1.898,79.06,3.848
2004-10-11,25.912,0.871,71.27,2.224
2004-10-12,26.483,0.002,63.49,0.511
2004-10-13,27.048,0.001,53.67,1.582
2004-10-14,27.284,0.0,50.33,2.316
2004-10-15,27.261,0.0,44.57,1.971
2004-10-16,26.767,0.002,44.58,1.569
2004-10-17,27.29,0.001,42.65,2.159
2004-10-18,26.975,0.002,43.86,1.947
2004-10-19,27.455,0.0,44.55,1.398
2004-10-20,27.621,0.001,45.49,1.235
2004-10-21,27.711,0.001,43.29,1.74
2004-10-22,27.875,0.002,43.75,1.605
2004-10-23,27.942,0.0,39.67,1.653
2004-10-24,28.179,0.001,40.02,1.923
2004-10-25,28.453,0.0,38.37,2.541
2004-10-26,28.371,0.001,36.0,2.409
2004-10-27,28.055,0.0,37.36,1.894
2004-10-28,27.961,0.003,35.75,1.732
2004-10-29,27.579,0.013,36.31,2.247
2004-10-30,27.531,0.064,40.53,2.397
2004-10-31,27.866,0.006,41.14,2.557
2004-11-01,27.814,0.0,43.34,2.237
2004-11-02,28.188,0.0,42.67,2.485
2004-11-03,27.81,0.002,52.25,0.619
2004-11-04,27.498,0.002,43.78,2.667
2004-11-05,27.191,0.0,40.44,2.719
2004-11-06,26.504,0.002,36.79,2.524
2004-11-07,26.472,0.001,38.73,2.325
2004-11-08,27.377,0.001,41.89,2.104
2004-11-09,28.013,0.02,55.95,0.189
2004-11-10,28.046,0.412,65.67,1.329
2004-11-11,27.861,0.888,65.38,0.999
2004-11-12,28.673,0.003,57.97,1.803
2004-11-13,28.781,0.008,56.62,2.13
2004-11-14,28.548,0.0,53.31,1.755
2004-11-15,28.495,0.0,47.88,2.112
2004-11-16,27.929,0.001,38.43,2.249
2004-11-17,27.238,0.0,38.72,2.093
2004-11-18,26.615,0.001,47.85,2.014
2004-11-19,27.079,0.0,41.57,2.407
2004-11-20,26.966,0.001,38.21,2.104
2004-11-21,26.79,0.001,41.96,2.222
2004-11-22,26.461,0.0,43.76,1.706
2004-11-23,26.409,0.0,43.16,1.459
2004-11-24,26.632,0.0,41.73,2.097
2004-11-25,26.345,0.001,40.72,2.171
2004-11-26,25.95,0.002,40.88,1.975
2004-11-27,26.021,0.001,40.65,2.19
2004-11-28,26.038,0.001,39.4,2.642
2004-11-29,25.123,0.001,39.89,2.283
2004-11-30,24.146,0.002,39.53,1.796
2004-12-01,24.095,0.001,42.54,1.909
2004-12-02,24.512,0.002,43.22,2.4
2004-12-03,24.246,0.0,44.76,2.36
2004-12-04,23.997,0.002,42.45,2.525
2004-12-05,23.925,-0.0,43.39,2.222
2004-12-06,24.232,0.0,46.2,2.178
2004-12-07,24.699,0.0,46.29,2.411
2004-12-08,24.323,0.001,43.83,2.838
2004-12-09,24.004,0.0,40.1,2.594
2004-12-10,24.368,0.001,39.74,2.523
2004-12-11,24.04,0.001,37.43,2.807
2004-12-12,23.606,0.0,35.83,2.991
2004-12-13,23.161,0.001,39.77,2.677
2004-12-14,23.406,0.0,43.82,2.315
2004-12-15,23.623,0.002,42.93,2.426
2004-12-16,23.687,0.0,41.15,2.355
2004-12-17,23.721,0.0,40.33,2.35
2004-12-18,23.184,0.002,41.5,1.837
2004-12-19,22.575,0.0,48.55,0.612
2004-12-20,21.932,0.002,68.51,1.743
2004-12-21,22.288,0.002,68.57,1.299
2004-12-22,22.066,0.002,65.22,1.642
2004-12-23,22.488,0.002,55.7,1.378
2004-12-24,22.579,0.0,41.68,2.809
2004-12-25,22.87,0.003,47.04,3.668
2004-12-26,22.327,0.003,45.42,3.293
2004-12-27,23.525,0.0,51.77,1.705
2004-12-28,24.915,0.001,52.35,1.279
2004-12-29,25.097,0.002,54.71,1.038
2004-12-30,24.804,0.334,56.25,0.548
2004-12-31,22.609,0.055,65.74,2.532
2005-01-01,18.781,0.001,52.03,0.973
2005-01-02,19.611,0.001,51.62,2.162
2005-01-03,20.079,0.001,44.52,3.349
2005-01-04,22.225,0.001,49.92,3.082
2005-01-05,22.741,0.001,56.55,2.486
2005-01-06,21.04,0.001,48.74,2.658
2005-01-07,21.527,-0.0,48.74,3.349
2005-01-08,21.501,0.0,44.0,2.849
2005-01-09,21.179,0.001,46.13,2.158
2005-01-10,20.881,0.0,61.52,1.334
2005-01-11,20.371,0.003,49.29,2.031
2005-01-12,20.754,0.001,44.36,2.684
2005-01-13,21.227,0.002,44.55,2.13
2005-01-14,20.929,0.001,47.32,2.193
2005-01-15,21.148,0.002,49.23,1.859
2005-01-16,20.943,0.001,46.57,2.455
2005-01-17,19.422,0.002,37.65,2.87
2005-01-18,18.73,0.001,38.65,2.696
2005-01-19,19.373,0.0,38.86,3.463
2005-01-20,20.198,0.001,40.44,3.206
2005-01-21,21.138,0.001,46.29,2.145
2005-01-22,20.771,0.0,46.19,2.695
2005-01-23,20.428,0.002,43.93,2.965
2005-01-24,20.887,0.0,38.62,2.881
2005-01-25,22.134,0.0,40.24,2.908
2005-01-26,21.187,0.011,47.68,2.677
2005-01-27,21.161,0.001,53.19,2.107
2005-01-28,20.524,0.0,46.03,2.771
2005-01-29,20.253,0.0,42.47,3.012
2005-01-30,20.865,0.116,57.53,2.18
2005-01-31,20.604,0.343,62.85,2.524
2005-02-01,20.911,0.001,49.59,3.021
2005-02-02,21.096,0.001,42.14,2.298
2005-02-03,21.463,0.001,42.67,0.76
2005-02-04,21.314,0.0,46.75,1.57
2005-02-05,22.578,0.0,53.07,0.856
2005-02-06,22.368,0.003,64.62,2.464
2005-02-07,22.097,0.036,70.44,2.117
2005-02-08,23.62,0.0,59.1,1.83
2005-02-09,26.031,0.0,47.88,0.587
2005-02-10,25.678,0.001,48.11,1.77
2005-02-11,24.577,0.0,53.15,0.831
2005-02-12,24.584,0.003,50.24,0.859
2005-02-13,25.586,0.0,44.41,1.892
2005-02-14,25.647,0.0,49.38,1.251
2005-02-15,24.134,0.001,58.7,2.627
2005-02-16,23.554,0.001,57.59,3.069
2005-02-17,22.517,0.001,54.38,3.192
2005-02-18,20.087,0.003,49.0,2.234
2005-02-19,18.289,0.003,30.27,2.108
2005-02-20,18.084,0.001,25.94,3.115
2005-02-21,19.455,0.0,33.6,3.323
2005-02-22,20.664,0.0,29.92,3.623
2005-02-23,22.281,0.001,31.2,2.947
2005-02-24,23.526,0.001,31.65,2.325
2005-02-25,25.129,0.0,30.56,2.465
2005-02-26,26.906,0.0,30.65,2.328
2005-02-27,28.463,0.003,30.9,1.278
2005-02-28,28.165,0.003,38.49,0.248
2005-03-01,28.435,0.002,37.91,0.607
2005-03-02,27.252,0.0,41.8,2.043
2005-03-03,26.799,0.003,44.33,1.857
2005-03-04,26.715,0.001,42.02,2.053
2005-03-05,25.53,0.003,36.13,1.448
2005-03-06,26.267,0.0,41.73,1.212
2005-03-07,24.757,0.018,54.72,2.054
2005-03-08,24.963,0.002,56.82,2.193
2005-03-09,24.716,0.0,56.99,2.599
2005-03-10,25.065,0.001,47.83,1.725
2005-03-11,25.828,0.002,37.25,2.283
2005-03-12,27.045,0.0,31.06,2.732
2005-03-13,27.888,0.0,27.42,2.461
2005-03-14,28.755,0.002,28.31,1.491
2005-03-15,28.699,0.0,29.76,1.183
2005-03-16,28.206,0.002,32.92,1.797
2005-03-17,29.026,-0.0,30.52,2.532
2005-03-18,29.303,0.0,29.19,2.214
2005-03-19,29.451,0.001,37.21,1.998
2005-03-20,29.637,0.001,36.07,1.682
2005-03-21,28.454,0.001,38.1,2.038
2005-03-22,27.5,0.001,44.09,2.493
2005-03-23,26.33,0.0,48.21,2.568
2005-03-24,27.078,0.0,43.19,1.269
2005-03-25,28.321,0.003,33.8,1.288
2005-03-26,28.946,0.003,33.44,1.777
2005-03-27,28.198,0.001,45.32,2.144
2005-03-28,28.002,0.001,48.98,1.892
2005-03-29,28.59,0.0,39.62,1.895
2005-03-30,28.914,0.001,23.56,2.356
2005-03-31,29.406,0.001,18.83,3.11
2005-04-01,30.198,0.001,18.7,2.961
2005-04-02,30.853,0.002,17.71,2.341
2005-04-03,31.702,0.001,16.42,2.752
2005-04-04,32.334,0.002,16.05,2.394
2005-04-05,32.98,0.0,16.53,1.855
2005-04-06,31.631,0.0,30.61,1.425
2005-04-07,28.963,0.0,55.25,4.308
2005-04-08,28.148,0.001,39.67,2.391
2005-04-09,28.0,0.0,30.5,1.831
2005-04-10,27.483,0.0,17.12,2.85
2005-04-11,28.68,0.0,15.36,3.181
2005-04-12,30.936,0.001,16.58,2.065
2005-04-13,31.637,0.001,24.21,0.768
2005-04-14,30.692,0.0,32.66,1.826
2005-04-15,30.919,0.0,43.25,1.99
2005-04-16,31.307,0.002,38.01,1.827
2005-04-17,31.918,0.0,30.2,1.4
2005-04-18,32.077,0.0,25.42,1.538
2005-04-19,32.177,0.001,24.52,1.969
2005-04-20,32.798,0.001,25.3,2.349
2005-04-21,31.779,0.002,38.29,1.811
2005-04-22,31.3,0.005,44.38,1.453
2005-04-23,31.978,0.097,42.85,1.416
2005-04-24,31.87,0.233,42.87,1.962
2005-04-25,30.848,0.026,47.66,2.752
2005-04-26,30.833,0.0,52.2,2.462
2005-04-27,30.643,0.0,49.9,2.823
2005-04-28,30.685,0.0,47.27,2.725
2005-04-29,30.389,0.0,51.96,2.816
2005-04-30,30.409,0.0,51.47,2.342
2005-05-01,31.322,0.0,49.32,2.203
2005-05-02,32.014,0.009,44.83,1.943
2005-05-03,32.034,0.002,44.75,2.443
2005-05-04,31.165,0.079,52.6,2.524
2005-05-05,30.912,0.058,53.62,2.387
2005-05-06,31.036,0.008,55.03,3.173
2005-05-07,30.844,0.001,55.99,3.543
2005-05-08,30.765,0.0,57.82,3.65
2005-05-09,30.775,0.0,58.73,3.59
2005-05-10,30.515,0.001,58.75,3.875
2005-05-11,30.398,0.001,55.02,3.327
2005-05-12,30.846,0.0,37.27,2.304
2005-05-13,30.847,0.0,40.5,2.609
2005-05-14,30.602,0.002,50.56,3.149
2005-05-15,31.204,0.0,50.58,3.11
2005-05-16,31.687,0.001,49.07,2.496
2005-05-17,31.678,0.001,49.4,3.22
2005-05-18,30.831,0.003,55.93,3.337
2005-05-19,32.134,0.002,57.26,3.053
2005-05-20,33.194,0.001,48.32,2.41
2005-05-21,33.279,-0.0,47.38,2.3
2005-05-22,32.095,0.0,47.89,3.272
2005-05-23,32.445,0.002,54.0,2.847
2005-05-24,33.625,0.002,50.22,2.436
2005-05-25,32.633,0.001,46.91,3.148
2005-05-26,31.832,0.002,54.09,3.263
2005-05-27,32.143,0.001,57.96,3.235
2005-05-28,32.203,0.279,55.98,3.1
2005-05-29,32.366,0.214,55.62,2.137
2005-05-30,33.474,0.009,47.43,1.832
2005-05-31,34.495,0.0,44.22,2.09
2005-06-01,33.638,0.076,50.19,2.996
2005-06-02,32.455,0.0,53.88,3.382
2005-06-03,32.081,0.001,53.68,3.567
2005-06-04,31.675,0.001,56.21,3.682
2005-06-05,31.634,0.003,56.67,4.224
2005-06-06,30.84,0.009,60.59,5.535
2005-06-07,31.19,0.033,62.27,5.545
2005-06-08,31.404,0.018,61.1,4.477
2005-06-09,31.513,0.005,60.55,4.458
2005-06-10,31.698,0.0,58.6,4.414
2005-06-11,31.879,0.0,57.04,4.038
2005-06-12,32.252,0.015,55.51,3.859
2005-06-13,32.336,0.077,57.95,3.405
2005-06-14,32.595,0.021,56.57,3.545
2005-06-15,32.752,0.164,56.78,3.47
2005-06-16,32.558,0.022,56.27,4.421
2005-06-17,32.785,0.044,56.27,3.755
2005-06-18,33.358,1.085,54.28,2.59
2005-06-19,30.839,7.139,68.43,2.399
2005-06-20,30.736,0.71,65.67,5.266
2005-06-21,29.829,0.331,69.36,5.855
2005-06-22,29.127,3.832,75.33,5.601
2005-06-23,28.809,5.455,79.61,5.471
2005-06-24,27.898,20.456,85.06,4.909
2005-06-25,27.139,26.417,87.83,4.835
2005-06-26,27.014,24.235,88.85,4.659
2005-06-27,26.515,134.972,91.7,5.334
2005-06-28,26.334,126.568,92.74,4.885
2005-06-29,26.217,27.9,92.48,3.496
2005-06-30,26.587,11.452,84.11,4.753
2005-07-01,27.025,4.76,79.18,4.442
2005-07-02,26.455,12.842,88.73,3.999
2005-07-03,26.757,6.423,88.76,4.378
2005-07-04,28.149,3.546,83.11,5.036
2005-07-05,28.557,3.14,81.01,5.25
2005-07-06,28.771,3.228,79.55,4.94
2005-07-07,28.83,1.984,79.92,3.923
2005-07-08,28.644,0.572,78.92,3.463
2005-07-09,28.277,0.509,80.2,3.741
2005-07-10,28.612,0.483,79.34,3.605
2005-07-11,28.573,2.245,81.99,3.75
2005-07-12,27.513,2.252,86.71,3.999
2005-07-13,27.802,3.668,84.43,4.205
2005-07-14,28.156,1.832,83.67,3.851
2005-07-15,28.207,2.878,83.3,3.591
2005-07-16,28.267,2.044,82.06,3.283
2005-07-17,28.097,1.728,81.95,3.402
2005-07-18,28.654,2.192,81.52,2.854
2005-07-19,28.844,2.087,80.69,3.123
2005-07-20,28.8,0.997,78.61,3.752
2005-07-21,28.819,1.687,77.22,4.255
2005-07-22,28.751,1.458,76.84,4.339
2005-07-23,28.577,2.264,78.99,4.334
2005-07-24,28.662,1.562,78.28,4.057
2005-07-25,28.919,1.711,75.13,4.0
2005-07-26,28.356,3.93,78.59,3.364
2005-07-27,26.806,26.977,88.52,3.797
2005-07-28,25.871,46.901,90.98,5.04
2005-07-29,25.791,15.626,89.85,3.454
2005-07-30,26.627,15.429,88.11,2.913
2005-07-31,26.763,25.225,87.9,3.47
2005-08-01,25.784,81.492,93.39,5.517
2005-08-02,25.376,39.796,92.01,4.731
2005-08-03,26.013,10.222,88.71,4.936
2005-08-04,26.791,11.341,86.25,4.364
2005-08-05,25.795,13.816,90.19,4.392
2005-08-06,26.728,1.367,84.8,4.982
2005-08-07,27.335,2.095,81.59,6.049
2005-08-08,27.106,2.496,83.04,5.029
2005-08-09,27.033,2.51,83.76,4.218
2005-08-10,27.071,3.039,82.23,4.633
2005-08-11,26.946,2.522,83.41,4.544
2005-08-12,27.125,2.964,82.78,4.517
2005-08-13,27.3,3.153,83.78,3.546
2005-08-14,27.26,1.936,85.32,3.867
2005-08-15,27.029,2.474,83.79,3.94
2005-08-16,26.859,2.99,86.19,3.966
2005-08-17,27.035,2.728,85.22,4.221
2005-08-18,27.198,1.928,84.83,4.105
2005-08-19,26.791,7.873,86.02,3.895
2005-08-20,26.586,5.17,85.79,4.126
2005-08-21,26.932,1.953,83.7,3.677
2005-08-22,26.821,2.755,83.51,3.553
2005-08-23,27.013,1.328,81.53,3.484
2005-08-24,27.219,0.962,79.42,3.65
2005-08-25,26.948,1.589,81.96,3.702
2005-08-26,26.87,2.213,82.98,3.441
2005-08-27,26.901,2.32,82.96,2.813
2005-08-28,27.065,1.377,83.71,2.161
2005-08-29,27.568,0.614,79.67,2.378
2005-08-30,27.716,0.584,77.94,2.479
2005-08-31,27.633,0.067,75.42,2.226
2005-09-01,28.186,0.243,75.33,1.459
2005-09-02,29.577,0.001,71.98,1.362
2005-09-03,29.957,0.0,67.58,2.155
2005-09-04,29.207,0.617,68.75,2.724
2005-09-05,28.988,1.989,75.87,1.619
2005-09-06,29.442,4.525,78.51,1.082
2005-09-07,28.159,27.361,85.21,0.938
2005-09-08,27.514,14.393,87.1,0.723
2005-09-09,26.617,24.143,91.69,0.565
2005-09-10,27.207,9.014,85.9,0.916
2005-09-11,27.903,4.759,81.89,1.357
2005-09-12,27.123,55.707,88.85,0.433
2005-09-13,26.73,12.577,87.55,3.341
2005-09-14,27.069,5.634,85.77,4.651
2005-09-15,26.376,8.005,87.33,5.631
2005-09-16,26.291,9.373,86.33,6.741
2005-09-17,25.576,45.238,90.66,6.244
2005-09-18,26.261,4.967,87.5,3.592
2005-09-19,25.523,54.993,92.83,3.356
2005-09-20,26.955,16.281,88.85,1.778
2005-09-21,27.892,15.418,87.26,1.628
2005-09-22,27.337,56.009,89.04,0.928
2005-09-23,26.032,46.901,90.7,4.773
2005-09-24,26.74,0.655,83.21,4.629
2005-09-25,26.594,0.533,82.41,3.933
2005-09-26,26.409,0.885,81.69,3.202
2005-09-27,26.131,1.428,82.73,2.354
2005-09-28,26.139,1.357,83.89,1.498
2005-09-29,26.427,0.51,80.27,1.59
2005-09-30,26.52,0.344,81.15,1.599
2005-10-01,26.939,0.897,81.46,1.543
2005-10-02,27.402,0.516,82.01,1.399
2005-10-03,27.177,0.573,80.58,1.228
2005-10-04,27.362,0.744,82.38,1.164
2005-10-05,27.899,0.343,78.68,1.325
2005-10-06,28.106,0.149,71.44,2.081
2005-10-07,28.433,0.0,63.51,2.137
2005-10-08,28.665,0.003,60.53,2.107
2005-10-09,28.402,0.002,58.68,2.554
2005-10-10,28.287,0.002,55.9,2.723
2005-10-11,28.46,0.002,54.08,2.659
2005-10-12,28.725,0.003,51.79,2.349
2005-10-13,28.907,0.0,50.39,2.576
2005-10-14,28.869,0.003,48.86,2.75
2005-10-15,28.682,0.002,54.67,2.777
2005-10-16,28.796,0.074,64.34,1.752
2005-10-17,29.111,0.165,65.54,0.627
2005-10-18,29.241,0.001,58.43,0.532
2005-10-19,29.01,0.003,51.08,0.965
2005-10-20,28.659,0.0,45.71,1.916
2005-10-21,28.298,0.001,42.92,1.919
2005-10-22,27.836,0.0,43.32,1.86
2005-10-23,27.691,0.001,44.11,2.334
2005-10-24,27.967,0.0,49.67,1.51
2005-10-25,28.009,0.001,47.6,1.387
2005-10-26,29.228,0.0,48.0,2.166
2005-10-27,28.264,0.001,43.86,2.181
2005-10-28,27.565,0.001,39.64,2.393
2005-10-29,27.323,0.001,39.78,2.488
2005-10-30,26.507,0.0,42.43,1.209
2005-10-31,26.159,0.0,45.81,0.223
2005-11-01,26.122,0.0,52.13,0.358
2005-11-02,26.618,0.001,50.81,0.264
2005-11-03,27.345,0.001,46.63,1.611
2005-11-04,27.087,0.003,44.23,1.826
2005-11-05,26.272,0.0,41.45,1.986
2005-11-06,25.778,0.002,41.72,2.193
2005-11-07,25.929,0.003,41.9,2.177
2005-11-08,25.706,0.0,43.63,2.382
2005-11-09,24.536,0.001,38.08,2.527
2005-11-10,24.252,0.001,40.38,2.062
2005-11-11,24.369,-0.0,42.39,1.944
2005-11-12,24.805,0.001,41.77,2.069
2005-11-13,25.064,0.0,40.3,2.415
2005-11-14,25.168,0.0,40.71,2.256
2005-11-15,25.148,0.0,41.47,2.225
2005-11-16,25.338,0.0,40.77,2.421
2005-11-17,25.789,0.003,43.28,2.143
2005-11-18,25.734,0.001,44.26,1.845
2005-11-19,25.946,0.002,43.59,1.956
2005-11-20,25.562,0.002,42.8,2.24
2005-11-21,25.149,0.001,40.75,2.469
2005-11-22,24.902,0.0,42.14,2.015
2005-11-23,24.646,0.0,43.05,1.956
2005-11-24,24.57,0.0,43.29,1.876
2005-11-25,24.859,0.0,48.4,1.399
2005-11-26,25.494,0.002,48.25,1.739
2005-11-27,25.812,0.0,45.71,2.321
2005-11-28,25.304,0.002,42.9,2.59
2005-11-29,24.207,0.002,41.67,2.749
2005-11-30,23.103,0.001,43.96,2.508
2005-12-01,22.872,0.001,50.63,2.803
2005-12-02,25.704,0.001,51.9,2.796
2005-12-03,25.775,0.002,51.58,2.925
2005-12-04,25.461,0.001,49.25,3.209
2005-12-05,25.012,0.0,46.39,2.829
2005-12-06,24.527,0.001,45.69,2.478
2005-12-07,23.916,0.002,44.2,2.368
2005-12-08,23.553,0.003,40.27,2.532
2005-12-09,23.199,0.003,37.36,2.421
2005-12-10,23.128,0.0,39.11,2.778
2005-12-11,22.649,0.001,35.78,2.789
2005-12-12,22.365,0.001,37.54,2.487
2005-12-13,22.183,0.001,40.59,2.37
2005-12-14,21.837,0.001,44.15,2.002
2005-12-15,21.837,0.0,44.66,2.107
2005-12-16,22.092,0.001,42.36,2.697
2005-12-17,21.569,0.001,38.45,3.078
2005-12-18,20.84,0.001,38.6,2.724
2005-12-19,20.624,0.0,45.22,2.189
2005-12-20,20.371,0.0,47.36,2.498
2005-12-21,20.327,0.001,46.88,2.691
2005-12-22,20.711,0.002,45.32,3.498
2005-12-23,20.176,0.001,43.31,3.697
2005-12-24,20.166,0.002,38.93,3.693
2005-12-25,20.112,0.002,39.26,3.091
2005-12-26,20.477,0.001,38.35,2.244
2005-12-27,20.847,0.001,42.92,1.579
2005-12-28,20.871,0.0,44.87,2.127
2005-12-29,21.314,0.002,51.22,1.202
2005-12-30,21.526,0.001,54.26,0.97
2005-12-31,21.819,0.0,48.54,1.321
2006-01-01,22.35,0.001,51.51,0.383
2006-01-02,21.22,0.001,49.87,2.359
2006-01-03,20.031,0.002,46.61,3.172
2006-01-04,21.562,0.0,51.72,2.886
2006-01-05,22.512,0.0,54.27,2.577
2006-01-06,22.372,0.001,52.39,2.754
2006-01-07,22.486,0.001,47.49,3.279
2006-01-08,22.056,0.0,42.02,2.974
2006-01-09,22.357,0.001,44.49,2.396
2006-01-10,22.899,0.001,46.12,2.49
2006-01-11,22.809,0.001,47.66,2.335
2006-01-12,22.003,0.001,43.63,2.449
2006-01-13,22.036,0.0,46.83,2.311
2006-01-14,23.208,0.0,44.08,2.366
2006-01-15,24.442,0.001,45.22,1.334
2006-01-16,24.458,0.002,52.12,1.354
2006-01-17,23.634,0.001,52.65,1.156
2006-01-18,23.424,0.001,53.89,1.683
2006-01-19,23.339,0.0,50.46,2.684
2006-01-20,23.375,0.001,43.07,2.883
2006-01-21,21.978,0.0,38.28,2.724
2006-01-22,20.452,0.0,38.76,2.046
2006-01-23,19.444,0.0,43.51,2.153
2006-01-24,20.402,0.0,36.44,3.171
2006-01-25,20.418,0.0,33.21,2.936
2006-01-26,21.137,0.0,33.56,2.854
2006-01-27,21.882,0.001,34.11,2.642
2006-01-28,22.654,0.002,32.79,2.001
2006-01-29,23.394,0.001,34.91,2.025
2006-01-30,24.416,0.001,36.33,1.533
2006-01-31,25.631,0.001,35.32,1.26
2006-02-01,25.864,0.002,37.02,1.504
2006-02-02,26.085,0.001,35.14,2.093
2006-02-03,26.451,0.002,32.25,2.635
2006-02-04,26.152,0.001,31.17,2.386
2006-02-05,25.558,0.001,32.5,2.233
2006-02-06,24.816,0.001,32.52,1.805
2006-02-07,24.137,0.0,37.27,1.826
2006-02-08,24.131,0.0,39.49,2.144
2006-02-09,25.518,0.002,37.9,2.237
2006-02-10,25.577,0.003,32.57,2.247
2006-02-11,25.641,0.001,32.72,1.828
2006-02-12,26.1,0.0,34.46,1.399
2006-02-13,26.369,0.001,37.32,1.769
2006-02-14,26.329,0.0,39.88,1.219
2006-02-15,25.301,0.002,37.77,1.422
2006-02-16,24.011,0.001,45.41,1.161
2006-02-17,24.484,0.003,51.1,1.468
2006-02-18,25.891,-0.0,51.31,2.353
2006-02-19,27.445,0.002,47.17,2.163
2006-02-20,28.04,0.0,43.48,2.177
2006-02-21,28.214,0.0,36.99,2.28
2006-02-22,28.211,0.003,37.41,1.797
2006-02-23,28.652,0.0,37.28,2.47
2006-02-24,29.204,0.0,33.3,2.755
2006-02-25,29.692,0.002,33.26,2.129
2006-02-26,28.755,0.0,35.04,2.565
2006-02-27,28.433,0.004,33.24,3.13
2006-02-28,28.074,0.001,31.58,3.322
2006-03-01,27.91,0.0,28.5,3.201
2006-03-02,27.981,0.001,24.2,3.146
2006-03-03,27.619,0.033,40.85,1.035
2006-03-04,26.252,0.0,39.52,1.58
2006-03-05,25.634,0.001,42.89,1.17
2006-03-06,25.566,0.003,42.32,1.272
2006-03-07,26.091,0.0,41.69,0.866
2006-03-08,26.129,0.067,49.29,2.184
2006-03-09,24.645,1.755,58.62,0.676
2006-03-10,23.283,1.144,66.25,2.101
2006-03-11,24.41,0.102,59.76,1.378
2006-03-12,25.456,0.001,53.03,0.792
2006-03-13,26.473,0.001,46.12,1.09
2006-03-14,26.623,0.039,48.49,1.475
2006-03-15,26.529,0.002,47.5,1.267
2006-03-16,26.797,0.01,38.45,0.966
2006-03-17,27.596,0.001,29.88,1.501
2006-03-18,29.056,0.001,33.32,0.95
2006-03-19,29.731,0.002,38.34,1.085
2006-03-20,29.155,0.0,36.95,1.835
2006-03-21,28.831,0.0,35.78,2.224
2006-03-22,28.846,0.003,30.69,1.721
2006-03-23,29.62,0.002,34.95,1.754
2006-03-24,28.469,0.001,38.62,1.472
2006-03-25,28.537,0.002,40.28,2.2
2006-03-26,27.304,0.001,31.4,2.263
2006-03-27,27.608,0.001,34.57,1.9
2006-03-28,28.477,0.001,23.94,2.896
2006-03-29,29.45,0.001,19.39,3.341
2006-03-30,30.098,0.002,20.7,1.471
2006-03-31,30.051,0.001,25.3,1.401
2006-04-01,28.728,0.003,32.87,1.621
2006-04-02,28.902,0.0,40.28,1.718
2006-04-03,29.067,0.001,38.95,1.92
2006-04-04,29.068,0.001,43.51,1.521
2006-04-05,29.833,0.0,46.67,1.292
2006-04-06,30.378,0.001,49.1,2.059
2006-04-07,29.75,0.0,49.8,2.999
2006-04-08,29.638,0.002,50.08,2.901
2006-04-09,30.367,0.001,46.65,2.655
2006-04-10,29.808,0.001,41.23,2.085
2006-04-11,29.097,0.003,45.38,2.867
2006-04-12,28.343,0.001,53.54,3.163
2006-04-13,29.241,0.0,54.63,2.399
2006-04-14,30.037,0.001,48.57,1.884
2006-04-15,31.77,0.002,34.14,1.818
2006-04-16,30.746,0.002,38.43,2.073
2006-04-17,29.125,0.001,48.88,2.321
2006-04-18,29.753,0.001,48.14,1.983
2006-04-19,30.59,0.0,36.54,1.583
2006-04-20,31.776,0.0,28.59,1.962
2006-04-21,32.333,0.001,33.4,2.18
2006-04-22,31.858,0.002,37.69,2.127
2006-04-23,29.987,0.002,48.66,2.687
2006-04-24,30.225,0.001,56.08,2.264
2006-04-25,30.177,0.0,52.69,2.317
2006-04-26,30.118,0.002,49.77,2.166
2006-04-27,30.13,0.001,51.26,2.087
2006-04-28,30.305,0.002,54.84,2.462
2006-04-29,30.649,0.0,57.74,2.787
2006-04-30,30.791,0.002,53.21,2.699
2006-05-01,31.313,0.0,50.13,2.071
2006-05-02,32.677,0.0,41.79,1.693
2006-05-03,32.622,0.0,38.63,1.819
2006-05-04,32.969,0.003,45.76,1.723
2006-05-05,32.411,0.002,48.03,2.654
2006-05-06,31.241,0.002,53.61,3.419
2006-05-07,30.888,0.001,54.42,3.804
2006-05-08,30.859,0.0,57.54,4.304
2006-05-09,30.78,0.003,59.39,3.851
2006-05-10,30.939,0.001,57.98,4.198
2006-05-11,31.352,0.0,54.78,3.801
2006-05-12,31.386,0.001,54.13,3.9
2006-05-13,30.893,0.004,59.22,4.85
2006-05-14,30.657,0.003,62.35,4.896
2006-05-15,30.972,0.016,62.2,4.314
2006-05-16,31.263,0.005,59.29,3.459
2006-05-17,32.06,0.0,51.41,2.34
2006-05-18,32.122,0.0,52.73,2.646
2006-05-19,31.004,0.004,57.37,4.428
2006-05-20,30.551,0.116,62.52,5.568
2006-05-21,30.591,0.32,62.85,5.67
2006-05-22,30.667,0.1,61.85,4.849
2006-05-23,30.905,0.084,61.37,4.519
2006-05-24,31.311,0.028,61.84,4.241
2006-05-25,31.432,0.0,59.29,4.053
2006-05-26,31.29,0.002,60.3,4.093
2006-05-27,31.411,0.002,61.48,3.908
2006-05-28,31.542,0.003,60.06,3.742
2006-05-29,31.507,0.002,60.93,3.826
2006-05-30,31.701,0.002,59.92,3.517
2006-05-31,31.738,13.08,63.49,1.979
2006-06-01,27.512,36.363,84.66,2.44
2006-06-02,27.594,22.635,82.06,4.218
2006-06-03,29.139,0.353,75.88,4.433
2006-06-04,29.065,0.177,73.04,4.176
2006-06-05,29.288,0.151,71.96,3.939
2006-06-06,29.541,0.077,70.75,3.836
2006-06-07,29.633,0.181,70.32,3.688
2006-06-08,29.856,0.173,68.73,3.057
2006-06-09,29.926,0.027,65.83,3.49
2006-06-10,29.931,0.012,66.29,4.542
2006-06-11,29.912,0.096,66.08,4.968
2006-06-12,29.851,0.054,64.79,5.271
2006-06-13,30.208,0.039,64.03,4.607
2006-06-14,30.469,0.109,61.98,3.638
2006-06-15,30.696,0.009,59.89,3.693
2006-06-16,30.743,0.009,59.64,4.085
2006-06-17,30.88,0.097,62.84,3.188
2006-06-18,31.626,0.045,60.38,2.386
2006-06-19,32.012,0.11,57.82,2.052
2006-06-20,32.209,0.976,58.93,1.51
2006-06-21,32.054,0.596,62.59,2.09
2006-06-22,32.673,0.325,60.8,3.202
2006-06-23,32.515,0.726,62.31,3.974
2006-06-24,31.301,3.526,65.09,2.81
2006-06-25,29.267,9.365,77.51,1.007
2006-06-26,28.754,3.477,79.44,3.591
2006-06-27,28.317,6.755,81.21,4.257
2006-06-28,28.364,6.32,82.15,4.619
2006-06-29,27.779,12.932,85.46,4.166
2006-06-30,27.284,11.026,87.26,4.511
2006-07-01,28.186,1.458,81.24,3.62
2006-07-02,28.92,1.249,79.89,2.801
2006-07-03,27.554,27.179,89.77,1.52
2006-07-04,27.531,31.855,89.13,3.463
2006-07-05,26.83,64.039,90.86,4.813
2006-07-06,27.043,13.316,84.79,5.607
2006-07-07,27.744,1.692,83.26,5.273
2006-07-08,27.707,2.914,83.73,5.693
2006-07-09,27.769,2.913,82.84,6.36
2006-07-10,27.88,2.769,81.95,6.458
2006-07-11,27.877,3.349,80.97,6.136
2006-07-12,27.834,2.747,82.32,5.777
2006-07-13,28.165,2.175,80.88,5.699
2006-07-14,28.302,1.208,79.44,5.915
2006-07-15,28.376,2.415,79.69,5.543
2006-07-16,28.12,1.401,79.45,4.206
2006-07-17,27.766,2.109,82.37,3.928
2006-07-18,25.803,29.816,93.34,3.805
2006-07-19,26.085,8.927,91.91,4.046
2006-07-20,26.821,2.814,86.74,4.754
2006-07-21,25.722,16.878,91.92,3.438
2006-07-22,25.75,29.972,92.69,4.022
2006-07-23,26.025,20.537,90.04,5.527
2006-07-24,27.309,3.013,83.91,5.536
2006-07-25,27.465,1.797,84.28,3.805
2006-07-26,27.561,3.817,83.8,4.455
2006-07-27,26.839,10.286,83.82,5.186
2006-07-28,25.316,83.237,91.47,5.783
2006-07-29,25.297,67.495,90.35,6.463
2006-07-30,25.592,30.472,88.96,5.713
2006-07-31,26.548,8.06,83.67,5.559
2006-08-01,25.009,29.514,91.14,5.608
2006-08-02,25.43,5.161,88.53,4.454
2006-08-03,26.414,3.697,85.52,3.626
2006-08-04,26.514,5.249,87.06,3.172
2006-08-05,26.256,21.949,88.88,4.671
2006-08-06,26.031,28.355,90.27,5.249
2006-08-07,25.817,21.702,89.38,5.034
2006-08-08,26.353,11.448,86.41,4.773
2006-08-09,26.348,7.616,86.87,4.167
2006-08-10,26.434,15.846,87.53,3.875
2006-08-11,26.609,10.239,87.55,4.683
2006-08-12,25.531,55.521,92.83,4.42
2006-08-13,25.993,3.377,89.64,3.578
2006-08-14,26.132,2.378,86.83,4.233
2006-08-15,26.218,10.627,87.94,4.051
2006-08-16,25.479,17.983,93.02,3.517
2006-08-17,26.873,0.68,82.93,3.46
2006-08-18,26.76,6.575,87.47,4.672
2006-08-19,26.55,2.577,86.03,6.26
2006-08-20,26.165,22.282,88.48,6.095
2006-08-21,26.781,3.816,84.88,4.517
2006-08-22,26.853,2.179,83.49,4.56
2006-08-23,26.784,2.588,83.21,4.252
2006-08-24,26.468,2.271,85.72,4.16
2006-08-25,26.679,1.713,84.17,3.839
2006-08-26,26.754,2.169,84.2,4.544
2006-08-27,26.794,2.401,82.66,5.209
2006-08-28,27.034,1.869,80.66,4.617
2006-08-29,27.157,1.704,80.28,3.13
2006-08-30,27.056,0.685,78.74,3.022
2006-08-31,26.637,0.707,79.73,3.379
2006-09-01,26.501,2.508,84.27,4.323
2006-09-02,26.732,2.82,83.86,3.691
2006-09-03,27.094,1.258,82.19,2.01
2006-09-04,27.481,0.847,82.4,1.749
2006-09-05,28.28,1.68,76.49,2.301
2006-09-06,25.714,53.331,91.0,3.159
2006-09-07,26.869,8.257,85.04,3.98
2006-09-08,27.072,0.683,81.61,3.067
2006-09-09,27.283,0.301,80.92,1.826
2006-09-10,28.247,0.117,79.71,0.981
2006-09-11,28.408,0.516,81.44,1.909
2006-09-12,27.85,0.176,79.1,2.13
2006-09-13,27.94,0.911,80.63,1.511
2006-09-14,27.924,9.054,82.68,0.282
2006-09-15,28.097,8.202,84.89,1.283
2006-09-16,28.26,14.277,86.02,0.737
2006-09-17,27.476,12.807,88.21,1.241
2006-09-18,27.372,4.82,83.42,2.391
2006-09-19,27.497,9.244,84.04,1.877
2006-09-20,27.68,7.444,84.59,2.472
2006-09-21,27.436,2.025,83.52,2.827
2006-09-22,27.17,3.224,85.52,2.745
2006-09-23,27.33,6.301,85.44,2.698
2006-09-24,27.364,5.773,84.71,2.437
2006-09-25,27.103,4.805,84.61,2.594
2006-09-26,27.048,2.31,84.06,2.719
2006-09-27,27.213,0.816,79.56,2.33
2006-09-28,27.779,1.602,81.35,1.674
2006-09-29,28.315,3.915,82.08,1.611
2006-09-30,28.927,0.083,76.79,2.685
2006-10-01,28.915,0.006,75.81,1.577
2006-10-02,29.188,0.418,74.47,0.534
2006-10-03,29.376,1.262,79.52,0.927
2006-10-04,29.444,1.096,81.48,2.348
2006-10-05,28.742,0.35,76.93,2.445
2006-10-06,27.468,0.214,77.07,2.743
2006-10-07,26.918,0.015,74.53,2.375
2006-10-08,27.088,0.185,75.0,1.659
2006-10-09,27.436,0.019,72.36,0.601
2006-10-10,28.36,0.0,67.19,0.59
2006-10-11,28.783,0.001,64.2,0.774
2006-10-12,28.36,0.0,64.06,0.747
2006-10-13,28.817,0.0,62.89,0.188
2006-10-14,29.521,0.001,56.99,0.829
2006-10-15,29.065,0.0,56.25,1.529
2006-10-16,29.427,0.001,55.33,1.228
2006-10-17,29.827,0.003,53.38,0.978
2006-10-18,29.672,0.0,55.18,0.371
2006-10-19,29.038,0.005,56.33,0.849
2006-10-20,29.02,0.001,56.26,0.363
2006-10-21,29.071,0.036,56.8,0.294
2006-10-22,29.039,0.037,57.86,0.27
2006-10-23,28.754,0.001,55.55,0.8
2006-10-24,28.389,0.001,52.62,1.481
2006-10-25,27.878,0.001,50.49,1.724
2006-10-26,27.443,0.002,49.11,1.496
2006-10-27,27.548,0.001,50.22,1.606
2006-10-28,27.339,0.0,46.75,2.21
2006-10-29,27.135,0.002,44.75,2.518
2006-10-30,27.518,0.0,47.02,2.565
2006-10-31,27.391,0.003,48.07,2.427
2006-11-01,27.215,0.001,47.8,2.311
2006-11-02,27.098,0.174,55.39,2.421
2006-11-03,27.341,0.001,53.03,2.299
2006-11-04,27.634,0.001,55.25,2.316
2006-11-05,27.872,0.041,56.91,1.65
2006-11-06,27.858,0.056,56.35,0.785
2006-11-07,27.226,0.532,56.67,1.07
2006-11-08,26.632,0.121,53.49,1.871
2006-11-09,26.565,0.002,45.77,2.471
2006-11-10,26.731,0.002,41.73,2.6
2006-11-11,26.009,0.001,44.89,1.842
2006-11-12,26.077,0.0,49.37,1.801
2006-11-13,26.139,0.002,47.5,2.108
2006-11-14,26.093,0.002,47.74,1.935
2006-11-15,26.26,0.002,47.51,2.004
2006-11-16,26.087,0.0,45.33,2.115
2006-11-17,25.565,0.001,47.42,1.906
2006-11-18,25.505,0.0,45.72,2.033
2006-11-19,25.505,0.0,44.68,2.012
2006-11-20,25.486,0.001,47.07,1.984
2006-11-21,26.445,1.609,47.39,0.865
2006-11-22,23.72,2.054,68.34,1.419
2006-11-23,24.754,0.001,62.12,1.127
2006-11-24,24.908,0.001,50.51,2.467
2006-11-25,23.747,0.001,42.75,2.561
2006-11-26,22.659,0.001,49.55,2.218
2006-11-27,22.403,0.001,50.19,1.91
2006-11-28,23.84,0.023,44.59,1.954
2006-11-29,24.065,0.023,42.87,2.638
2006-11-30,23.945,0.0,48.43,2.839
2006-12-01,23.691,0.001,50.86,2.71
2006-12-02,24.182,0.021,58.92,1.737
2006-12-03,24.639,-0.0,60.15,0.087
2006-12-04,24.787,0.0,56.86,1.192
2006-12-05,24.25,0.003,62.02,0.919
2006-12-06,24.955,0.0,59.72,2.185
2006-12-07,24.448,0.003,55.4,2.973
2006-12-08,23.999,0.002,53.73,2.693
2006-12-09,24.108,0.001,56.99,1.985
2006-12-10,22.619,0.001,47.36,2.146
2006-12-11,21.362,0.0,44.88,2.601
2006-12-12,21.73,0.003,49.24,2.45
2006-12-13,23.106,0.004,51.91,2.257
2006-12-14,23.967,0.001,56.83,2.47
2006-12-15,23.897,0.001,54.31,2.378
2006-12-16,23.776,0.0,47.84,2.782
2006-12-17,23.095,0.002,45.18,3.019
2006-12-18,22.832,0.001,46.69,2.446
2006-12-19,23.193,0.001,49.04,2.057
2006-12-20,23.131,0.001,51.41,1.908
2006-12-21,22.988,0.001,49.57,2.279
2006-12-22,23.081,0.0,46.14,2.762
2006-12-23,24.044,0.002,53.1,2.41
2006-12-24,24.496,0.002,52.39,1.856
2006-12-25,24.57,0.0,57.83,1.024
2006-12-26,24.226,0.001,58.72,1.698
2006-12-27,23.195,0.003,52.38,3.016
2006-12-28,24.025,0.001,55.44,2.393
2006-12-29,24.337,0.001,58.74,0.92
2006-12-30,23.059,0.001,56.3,1.657
2006-12-31,21.329,0.001,49.77,1.493
2007-01-01,21.818,0.001,58.07,2.104
2007-01-02,22.116,0.001,56.86,1.919
2007-01-03,21.654,0.0,55.51,1.763
2007-01-04,21.458,0.001,51.98,1.922
2007-01-05,21.035,0.0,46.45,2.864
2007-01-06,20.887,0.002,49.06,2.956
2007-01-07,22.467,0.001,52.21,2.801
2007-01-08,22.822,0.001,51.38,2.057
2007-01-09,22.921,0.0,51.83,2.384
2007-01-10,22.348,0.002,49.55,2.86
2007-01-11,21.973,0.0,47.98,2.825
2007-01-12,21.297,0.001,49.56,2.951
2007-01-13,21.569,0.0,46.13,3.334
2007-01-14,21.954,0.002,50.69,2.479
2007-01-15,21.346,0.001,45.48,2.042
2007-01-16,20.815,0.0,52.96,1.994
2007-01-17,21.714,0.001,40.91,3.257
2007-01-18,22.072,0.001,38.92,2.667
2007-01-19,22.441,0.0,42.63,2.284
2007-01-20,21.992,0.0,44.04,2.325
2007-01-21,21.855,0.0,44.96,2.651
2007-01-22,21.5,0.0,45.32,2.916
2007-01-23,22.212,0.002,42.88,3.35
2007-01-24,23.234,0.001,43.81,3.229
2007-01-25,24.689,0.002,48.82,1.94
2007-01-26,24.853,0.0,53.73,1.495
2007-01-27,25.182,0.002,50.34,2.102
2007-01-28,26.138,0.001,48.6,2.259
2007-01-29,25.148,0.537,58.25,1.488
2007-01-30,26.691,0.001,52.02,1.982
2007-01-31,26.501,0.001,44.11,3.114
2007-02-01,23.922,0.0,37.35,2.292
2007-02-02,23.046,0.0,44.25,1.318
2007-02-03,23.165,0.001,49.97,1.213
2007-02-04,23.119,0.002,56.59,0.839
2007-02-05,23.469,0.007,59.66,1.128
2007-02-06,23.945,0.001,59.17,1.442
2007-02-07,24.189,0.0,64.87,0.888
2007-02-08,25.391,0.0,50.66,0.731
2007-02-09,25.222,0.0,56.39,1.385
2007-02-10,23.787,0.017,71.02,4.24
2007-02-11,23.495,0.954,70.94,3.233
2007-02-12,22.248,0.002,54.45,2.167
2007-02-13,22.204,0.847,65.41,2.548
2007-02-14,22.491,0.008,60.56,2.092
2007-02-15,22.811,0.001,55.74,1.978
2007-02-16,23.342,0.0,56.27,0.989
2007-02-17,24.578,0.002,47.28,1.02
2007-02-18,25.089,0.002,40.88,1.457
2007-02-19,26.295,-0.0,37.98,2.656
2007-02-20,26.586,0.002,40.68,1.103
2007-02-21,27.262,0.0,40.61,0.202
2007-02-22,27.423,0.001,40.85,1.018
2007-02-23,27.662,0.0,40.76,0.296
2007-02-24,26.509,0.056,48.87,2.447
2007-02-25,25.012,0.002,43.43,1.853
2007-02-26,25.165,-0.0,51.57,0.349
2007-02-27,25.164,0.001,50.22,1.505
2007-02-28,24.509,0.001,58.21,2.257
2007-03-01,24.163,0.279,66.46,1.968
2007-03-02,24.604,0.002,40.59,2.717
2007-03-03,25.776,0.001,38.9,2.083
2007-03-04,26.999,0.003,35.88,2.423
2007-03-05,27.073,0.002,30.98,2.836
2007-03-06,26.156,0.001,31.67,2.943
2007-03-07,26.167,0.002,29.45,3.023
2007-03-08,25.85,0.001,32.07,1.503
2007-03-09,25.977,0.0,38.78,1.026
2007-03-10,26.494,0.0,44.94,0.917
2007-03-11,27.385,0.001,47.27,1.856
2007-03-12,26.249,0.001,55.45,3.505
2007-03-13,25.716,0.027,65.23,2.467
2007-03-14,26.403,0.002,34.93,2.422
2007-03-15,27.267,0.0,27.11,3.385
2007-03-16,28.28,0.003,27.63,1.929
2007-03-17,29.371,0.0,28.18,1.223
2007-03-18,29.755,0.001,35.05,0.911
2007-03-19,30.287,0.0,32.14,2.106
2007-03-20,29.388,0.002,42.76,2.561
2007-03-21,28.215,0.0,39.35,2.593
2007-03-22,26.951,0.0,46.53,1.754
2007-03-23,27.953,0.001,32.06,2.146
2007-03-24,28.811,0.0,27.62,2.515
2007-03-25,29.446,0.001,24.64,2.587
2007-03-26,30.13,0.002,24.68,2.302
2007-03-27,31.355,0.002,24.46,1.958
2007-03-28,31.812,0.0,24.76,2.223
2007-03-29,31.858,0.0,26.33,2.285
2007-03-30,32.562,0.002,25.33,2.717
2007-03-31,31.598,0.002,33.82,1.396
2007-04-01,30.988,0.002,36.69,1.826
2007-04-02,31.271,0.001,22.82,2.979
2007-04-03,30.458,0.001,21.28,2.805
2007-04-04,31.002,0.001,24.32,2.652
2007-04-05,32.364,0.0,24.28,2.253
2007-04-06,32.231,0.003,34.24,1.006
2007-04-07,30.502,0.001,46.98,2.706
2007-04-08,29.851,0.0,48.01,2.364
2007-04-09,30.996,0.001,38.85,1.435
2007-04-10,31.816,0.0,34.06,1.641
2007-04-11,31.515,0.0,30.47,1.79
2007-04-12,29.87,0.001,38.37,1.757
2007-04-13,28.678,0.001,56.52,2.263
2007-04-14,30.464,0.002,54.32,1.431
2007-04-15,31.43,0.274,52.59,1.901
2007-04-16,31.787,0.012,50.43,2.001
2007-04-17,31.74,0.002,47.61,2.324
2007-04-18,30.723,0.0,55.52,3.36
2007-04-19,31.124,0.433,58.31,2.394
2007-04-20,31.319,0.864,54.11,1.83
2007-04-21,30.085,0.006,55.18,3.486
2007-04-22,29.265,0.0,56.88,3.98
2007-04-23,29.232,0.001,56.78,3.874
2007-04-24,29.975,0.003,55.05,2.54
2007-04-25,31.333,0.0,46.39,1.682
2007-04-26,32.893,0.002,37.71,1.785
2007-04-27,33.205,0.001,38.36,1.944
2007-04-28,33.747,0.002,34.83,2.532
2007-04-29,32.791,0.002,34.41,2.157
2007-04-30,33.142,0.001,35.51,2.08
2007-05-01,33.446,0.006,35.83,2.322
2007-05-02,33.866,0.0,36.53,1.977
2007-05-03,32.548,0.0,46.33,2.411
2007-05-04,31.215,0.001,57.24,3.261
2007-05-05,31.2,0.001,61.96,3.003
2007-05-06,31.499,0.004,62.6,3.509
2007-05-07,30.021,0.001,63.42,4.978
2007-05-08,30.036,0.0,60.67,5.13
2007-05-09,30.633,0.001,63.67,5.155
2007-05-10,30.939,0.004,62.43,4.193
2007-05-11,31.401,0.001,52.84,3.287
2007-05-12,30.887,0.001,55.52,4.128
2007-05-13,30.893,0.001,56.78,3.661
2007-05-14,30.943,0.0,57.05,4.099
2007-05-15,30.322,0.002,58.38,4.968
2007-05-16,30.798,0.004,58.01,4.678
2007-05-17,31.42,0.001,57.08,3.283
2007-05-18,31.443,0.004,58.37,3.959
2007-05-19,31.042,0.001,59.0,4.333
2007-05-20,31.067,0.007,59.02,4.536
2007-05-21,30.725,0.692,64.69,4.824
2007-05-22,31.257,0.003,56.98,4.137
2007-05-23,31.188,0.0,56.0,3.708
2007-05-24,31.27,0.003,53.92,3.747
2007-05-25,30.886,0.002,57.78,4.726
2007-05-26,30.749,0.003,60.13,4.899
2007-05-27,30.342,0.003,59.12,4.59
2007-05-28,30.51,0.006,60.17,4.653
2007-05-29,30.845,0.002,52.42,3.502
2007-05-30,32.63,0.02,54.75,2.036
2007-05-31,34.921,0.121,42.8,1.579
2007-06-01,33.133,0.331,56.96,3.778
2007-06-02,32.261,0.089,62.09,4.34
2007-06-03,30.866,0.094,66.62,3.464
2007-06-04,30.619,3.248,69.63,2.362
2007-06-05,31.667,0.493,66.06,3.618
2007-06-06,31.761,0.711,65.28,4.011
2007-06-07,32.33,0.045,61.61,3.743
2007-06-08,32.62,0.019,59.4,3.822
2007-06-09,32.199,0.029,61.32,4.74
2007-06-10,31.773,0.048,63.87,5.738
2007-06-11,31.858,0.048,63.02,5.565
2007-06-12,31.992,0.027,61.41,4.719
2007-06-13,32.076,0.026,62.53,4.567
2007-06-14,31.083,1.596,69.8,4.774
2007-06-15,29.761,7.886,75.23,4.334
2007-06-16,29.383,4.654,75.96,3.654
2007-06-17,29.989,1.237,70.61,5.765
2007-06-18,29.854,2.84,74.22,5.273
2007-06-19,29.261,7.092,77.75,4.287
2007-06-20,29.5,10.736,78.28,2.157
2007-06-21,29.043,19.522,82.2,0.624
2007-06-22,29.727,10.86,80.78,0.459
2007-06-23,31.359,2.287,69.94,2.494
2007-06-24,27.441,14.952,84.95,6.095
2007-06-25,27.37,8.366,85.98,6.089
2007-06-26,28.18,4.851,82.0,5.146
2007-06-27,28.437,2.952,81.28,4.342
2007-06-28,28.288,6.088,82.71,3.667
2007-06-29,27.824,17.833,87.4,2.876
2007-06-30,28.089,19.449,86.34,3.317
2007-07-01,27.055,224.3,91.77,5.128
2007-07-02,26.385,167.671,91.88,6.429
2007-07-03,26.524,54.874,87.87,6.252
2007-07-04,27.857,7.294,85.63,5.182
2007-07-05,28.832,3.558,80.95,5.505
2007-07-06,28.281,4.278,84.08,4.826
2007-07-07,28.481,2.237,82.22,5.47
2007-07-08,27.566,8.204,85.34,5.366
2007-07-09,26.918,28.598,90.84,4.802
2007-07-10,27.874,3.285,84.57,4.085
2007-07-11,28.147,2.254,84.37,4.803
2007-07-12,28.017,2.588,84.33,4.783
2007-07-13,28.151,2.693,83.01,4.844
2007-07-14,28.176,2.14,82.38,4.899
2007-07-15,28.266,1.395,81.26,4.679
2007-07-16,28.198,1.449,82.01,3.928
2007-07-17,27.972,1.687,81.64,4.375
2007-07-18,27.797,0.879,82.66,4.312
2007-07-19,27.859,1.31,81.2,4.459
2007-07-20,27.758,1.711,81.39,5.105
2007-07-21,27.749,3.14,81.89,4.933
2007-07-22,27.76,1.574,83.42,4.34
2007-07-23,28.233,0.984,81.03,3.364
2007-07-24,28.522,4.181,82.1,2.373
2007-07-25,28.476,1.482,81.31,3.246
2007-07-26,28.698,2.537,80.76,3.519
2007-07-27,27.359,15.86,87.53,3.522
2007-07-28,26.987,11.499,88.65,3.482
2007-07-29,27.383,6.55,86.66,3.52
2007-07-30,27.374,2.557,87.32,3.162
2007-07-31,28.053,1.523,85.45,3.236
2007-08-01,27.538,9.08,86.49,3.662
2007-08-02,27.452,11.35,87.49,3.796
2007-08-03,26.545,14.952,90.61,3.564
2007-08-04,26.692,26.753,90.08,2.834
2007-08-05,25.941,41.464,92.62,3.449
2007-08-06,26.412,44.738,90.43,3.571
2007-08-07,25.928,74.651,91.82,3.805
2007-08-08,25.663,110.873,93.18,4.59
2007-08-09,26.66,10.315,84.24,5.588
2007-08-10,27.107,3.906,83.19,5.003
2007-08-11,27.38,2.058,83.66,4.671
2007-08-12,27.365,4.369,84.08,5.654
2007-08-13,27.13,4.301,83.23,6.026
2007-08-14,27.054,2.369,84.22,5.559
2007-08-15,26.89,1.557,85.58,4.794
2007-08-16,27.085,2.057,83.59,4.699
2007-08-17,27.257,2.433,82.46,4.615
2007-08-18,27.249,2.188,83.33,4.385
2007-08-19,27.134,2.064,84.35,4.085
2007-08-20,27.549,1.294,81.18,3.148
2007-08-21,26.212,4.512,88.1,2.214
2007-08-22,26.863,1.884,84.46,3.949
2007-08-23,27.365,1.233,82.54,4.152
2007-08-24,27.531,1.422,83.42,2.982
2007-08-25,28.17,1.74,82.9,2.14
2007-08-26,27.992,7.164,87.48,1.941
2007-08-27,27.123,49.388,90.27,0.891
2007-08-28,25.828,31.134,91.61,0.815
2007-08-29,25.952,16.943,92.69,1.631
2007-08-30,26.851,14.832,87.88,3.737
2007-08-31,27.346,3.654,85.69,4.137
2007-09-01,26.937,11.864,88.07,3.457
2007-09-02,27.019,14.032,87.82,2.569
2007-09-03,27.174,12.525,87.41,2.965
2007-09-04,27.852,1.946,85.35,3.492
2007-09-05,27.448,10.867,87.11,3.642
2007-09-06,26.861,10.959,88.64,4.328
2007-09-07,27.553,2.242,84.0,3.791
2007-09-08,27.565,0.961,80.9,2.902
2007-09-09,27.413,0.756,80.51,2.343
2007-09-10,27.672,0.515,79.37,2.558
2007-09-11,27.699,0.86,80.37,1.914
2007-09-12,27.975,0.691,80.7,1.965
2007-09-13,28.126,0.885,78.99,2.01
2007-09-14,28.071,0.742,76.96,2.429
2007-09-15,27.935,0.317,75.65,2.017
2007-09-16,27.806,0.812,77.61,1.756
2007-09-17,28.357,0.292,75.6,1.686
2007-09-18,29.024,2.796,77.65,1.566
2007-09-19,28.042,19.795,84.0,1.249
2007-09-20,26.972,38.401,88.27,1.258
2007-09-21,25.978,15.776,91.12,0.43
2007-09-22,27.157,9.752,86.52,0.701
2007-09-23,27.137,9.258,84.8,0.991
2007-09-24,26.543,63.773,88.29,1.5
2007-09-25,26.886,48.263,87.28,3.562
2007-09-26,26.148,9.177,90.23,2.864
2007-09-27,26.304,11.453,89.78,2.579
2007-09-28,28.201,0.702,83.1,1.694
2007-09-29,27.335,0.212,79.52,1.752
2007-09-30,26.741,0.006,78.81,1.88
2007-10-01,26.77,0.001,76.88,1.659
2007-10-02,26.754,0.001,72.34,1.499
2007-10-03,26.735,0.001,69.35,1.14
2007-10-04,26.466,0.0,74.4,1.069
2007-10-05,26.539,0.002,70.88,1.438
2007-10-06,26.406,0.001,67.54,1.681
2007-10-07,26.509,0.0,68.09,1.542
2007-10-08,26.865,0.0,73.86,1.882
2007-10-09,26.837,0.318,76.4,1.391
2007-10-10,27.654,0.108,72.67,0.393
2007-10-11,28.754,0.104,66.8,1.423
2007-10-12,29.071,0.037,65.37,1.759
2007-10-13,28.457,0.003,59.98,1.886
2007-10-14,28.072,0.002,58.73,1.479
2007-10-15,27.844,0.001,55.68,1.638
2007-10-16,27.739,0.002,53.54,1.01
2007-10-17,27.119,0.002,51.21,1.731
2007-10-18,26.843,0.001,48.7,2.262
2007-10-19,27.369,0.0,42.12,2.3
2007-10-20,26.984,0.0,43.95,2.084
2007-10-21,26.589,0.0,46.28,1.815
2007-10-22,27.148,0.003,43.1,2.439
2007-10-23,27.15,0.0,43.28,2.444
2007-10-24,27.451,0.003,48.29,2.025
2007-10-25,27.631,0.0,49.21,2.096
2007-10-26,27.537,0.002,49.08,2.017
2007-10-27,27.57,0.002,46.84,2.269
2007-10-28,27.743,-0.0,46.38,1.758
2007-10-29,27.856,0.0,45.01,1.886
2007-10-30,27.918,0.001,43.4,2.474
2007-10-31,28.286,0.0,41.42,2.629
2007-11-01,28.822,1.669,61.1,1.105
2007-11-02,28.905,1.533,73.33,0.79
2007-11-03,28.235,6.102,79.31,0.506
2007-11-04,29.029,0.446,73.04,1.102
2007-11-05,29.275,0.217,68.3,0.478
2007-11-06,28.356,0.001,60.38,0.978
2007-11-07,28.186,0.001,59.14,0.82
2007-11-08,28.144,0.001,59.49,1.06
2007-11-09,27.979,0.001,61.05,0.979
2007-11-10,27.751,0.002,61.49,0.695
2007-11-11,27.603,0.001,56.48,0.407
2007-11-12,27.974,0.0,49.47,0.679
2007-11-13,27.098,0.0,46.52,1.669
2007-11-14,26.592,0.0,40.35,2.478
2007-11-15,26.791,0.0,43.81,2.188
2007-11-16,26.512,0.003,38.79,2.234
2007-11-17,25.507,0.001,38.2,1.909
2007-11-18,24.649,0.001,38.65,1.455
2007-11-19,24.666,0.0,40.0,1.994
2007-11-20,24.286,0.001,34.66,2.948
2007-11-21,24.079,0.0,36.21,2.294
2007-11-22,24.177,0.003,37.96,2.164
2007-11-23,24.34,0.001,37.46,2.072
2007-11-24,24.156,0.001,38.03,2.049
2007-11-25,24.047,0.0,39.17,2.051
2007-11-26,23.845,0.001,41.36,2.031
2007-11-27,23.681,0.0,44.76,1.174
2007-11-28,24.365,0.001,47.31,0.427
2007-11-29,24.512,0.0,50.48,1.687
2007-11-30,25.382,0.0,46.0,2.597
2007-12-01,25.625,0.0,46.6,1.313
2007-12-02,25.14,0.0,49.27,2.002
2007-12-03,24.652,0.0,44.85,2.979
2007-12-04,24.49,0.001,48.43,2.664
2007-12-05,24.27,0.0,47.11,2.772
2007-12-06,23.701,0.001,47.54,2.517
2007-12-07,23.161,0.0,51.33,2.091
2007-12-08,23.067,0.0,52.35,2.127
2007-12-09,23.53,0.0,52.14,1.018
2007-12-10,23.615,0.001,57.06,0.486
2007-12-11,23.341,0.001,58.69,1.181
2007-12-12,22.513,0.0,53.46,2.994
2007-12-13,21.564,0.0,45.5,3.763
2007-12-14,21.728,0.001,42.6,4.504
2007-12-15,21.678,0.0,45.84,4.134
2007-12-16,22.929,0.0,51.73,3.569
2007-12-17,23.988,0.001,51.89,3.266
2007-12-18,23.6,0.001,50.44,2.502
2007-12-19,22.953,0.0,50.67,2.412
2007-12-20,23.95,0.001,47.92,2.602
2007-12-21,25.157,0.001,47.96,2.601
2007-12-22,24.912,0.003,49.4,2.287
2007-12-23,24.655,0.0,47.33,2.017
2007-12-24,24.752,0.0,49.96,2.484
2007-12-25,24.884,0.001,52.55,2.317
2007-12-26,23.927,0.001,42.29,2.378
2007-12-27,22.974,0.0,38.47,2.438
2007-12-28,21.539,0.001,42.66,2.075
2007-12-29,20.689,0.001,38.96,2.655
2007-12-30,20.521,0.0,42.68,2.606
2007-12-31,21.045,0.0,49.63,2.676
2008-01-01,20.13,0.001,48.93,2.609
2008-01-02,20.487,0.0,48.21,2.778
2008-01-03,21.624,0.001,46.65,3.334
2008-01-04,22.405,0.003,55.74,2.559
2008-01-05,23.233,0.001,58.3,1.627
2008-01-06,24.407,0.0,52.67,1.202
2008-01-07,24.472,0.001,50.25,1.187
2008-01-08,24.145,0.002,52.41,0.337
2008-01-09,23.642,0.001,54.29,1.73
2008-01-10,22.58,0.0,52.39,3.13
2008-01-11,21.325,0.001,41.3,3.465
2008-01-12,22.834,0.001,48.7,2.747
2008-01-13,22.958,0.0,52.81,3.023
2008-01-14,23.546,0.0,49.54,2.845
2008-01-15,23.674,0.0,45.25,2.475
2008-01-16,24.353,0.001,43.82,1.881
2008-01-17,24.232,0.002,47.33,0.724
2008-01-18,22.011,0.001,51.6,2.199
2008-01-19,19.635,0.001,40.07,2.4
2008-01-20,19.249,0.0,39.39,2.68
2008-01-21,20.372,0.002,45.1,2.646
2008-01-22,19.821,0.003,46.58,2.726
2008-01-23,19.0,0.001,43.71,2.877
2008-01-24,19.156,0.0,40.95,2.712
2008-01-25,18.565,0.002,34.82,2.974
2008-01-26,17.818,0.001,37.61,2.982
2008-01-27,18.124,0.002,43.91,2.266
2008-01-28,19.765,0.003,46.31,1.639
2008-01-29,20.967,0.003,43.6,1.444
2008-01-30,20.026,0.0,53.29,1.957
2008-01-31,19.551,0.0,37.06,2.551
2008-02-01,19.723,0.0,40.83,1.425
2008-02-02,21.199,0.565,46.35,1.9
2008-02-03,19.565,0.183,49.71,2.557
2008-02-04,17.21,0.0,47.3,2.155
2008-02-05,17.146,0.001,41.96,2.244
2008-02-06,17.826,0.001,45.17,2.036
2008-02-07,15.489,0.001,38.61,2.688
2008-02-08,16.002,0.002,38.98,3.354
2008-02-09,17.335,0.0,34.18,3.863
2008-02-10,18.53,0.001,33.13,3.401
2008-02-11,19.909,0.0,32.74,3.792
2008-02-12,20.861,0.004,28.0,4.191
2008-02-13,21.418,0.001,30.22,3.53
2008-02-14,22.98,0.0,37.46,2.563
2008-02-15,24.076,0.001,41.16,2.419
2008-02-16,24.514,0.001,40.86,2.283
2008-02-17,23.358,0.002,36.28,1.973
2008-02-18,23.837,0.001,38.7,1.926
2008-02-19,24.641,0.0,35.42,1.918
2008-02-20,24.895,0.002,32.52,1.195
2008-02-21,24.858,0.0,38.97,1.082
2008-02-22,24.663,0.001,39.6,1.426
2008-02-23,23.406,0.003,52.54,1.463
2008-02-24,23.068,0.001,38.46,1.589
2008-02-25,23.988,0.0,34.6,2.844
2008-02-26,24.58,0.001,28.35,3.074
2008-02-27,25.245,0.001,27.74,2.711
2008-02-28,26.021,0.001,27.47,2.313
2008-02-29,26.347,0.003,29.75,1.65
2008-03-01,26.193,0.002,33.19,0.973
2008-03-02,25.184,0.001,38.11,1.245
2008-03-03,25.799,0.001,40.31,0.659
2008-03-04,26.108,0.0,44.07,0.994
2008-03-05,26.634,0.001,40.96,0.811
2008-03-06,27.265,0.002,39.4,0.841
2008-03-07,27.639,0.002,37.41,2.247
2008-03-08,27.791,0.001,31.87,2.367
2008-03-09,28.946,0.0,26.88,2.592
2008-03-10,29.259,0.001,34.02,0.647
2008-03-11,27.344,0.427,53.45,1.708
2008-03-12,28.435,0.358,43.73,2.336
2008-03-13,28.786,0.039,37.61,3.344
2008-03-14,29.234,0.0,36.73,2.53
2008-03-15,28.994,0.001,34.49,1.589
2008-03-16,29.27,0.0,37.14,1.578
2008-03-17,29.81,0.001,32.84,2.343
2008-03-18,28.652,0.001,33.74,1.529
2008-03-19,26.22,0.001,39.78,1.663
2008-03-20,27.518,0.002,51.85,0.951
2008-03-21,29.094,0.002,33.4,0.969
2008-03-22,28.935,0.001,33.35,0.98
2008-03-23,28.654,0.0,43.42,1.905
2008-03-24,27.814,0.0,58.84,3.134
2008-03-25,27.487,0.001,55.35,2.602
2008-03-26,28.239,0.009,55.62,1.693
2008-03-27,28.94,0.003,48.78,1.476
2008-03-28,29.472,0.001,44.43,1.486
2008-03-29,29.861,0.001,38.25,1.618
2008-03-30,28.551,0.001,38.86,2.123
2008-03-31,26.266,0.001,50.46,3.81
2008-04-01,26.16,0.001,64.41,3.892
2008-04-02,26.548,0.001,62.19,3.31
2008-04-03,26.24,0.028,59.66,3.158
2008-04-04,26.557,0.08,61.16,2.372
2008-04-05,27.499,0.027,60.44,2.024
2008-04-06,29.72,0.0,39.99,1.703
2008-04-07,30.69,0.001,32.87,1.269
2008-04-08,29.97,0.002,44.14,1.801
2008-04-09,31.525,0.0,34.93,1.643
2008-04-10,32.359,0.001,29.18,3.037
2008-04-11,32.112,0.0,30.2,2.348
2008-04-12,30.546,0.001,41.05,1.62
2008-04-13,31.066,0.0,42.71,1.788
2008-04-14,31.101,0.001,38.18,1.405
2008-04-15,30.436,0.001,39.83,1.741
2008-04-16,30.214,0.0,39.15,1.876
2008-04-17,30.963,0.0,39.94,1.652
2008-04-18,30.755,0.001,34.5,1.513
2008-04-19,30.07,0.001,42.91,1.793
2008-04-20,31.434,0.0,32.37,1.611
2008-04-21,32.285,0.0,31.21,2.28
2008-04-22,32.923,0.002,27.78,2.786
2008-04-23,32.472,0.002,28.26,2.41
2008-04-24,32.766,0.001,32.28,1.814
2008-04-25,32.185,0.001,46.33,2.02
2008-04-26,31.693,0.001,53.83,2.887
2008-04-27,31.56,0.002,48.06,2.88
2008-04-28,30.86,0.002,51.72,3.612
2008-04-29,30.855,0.002,49.99,3.086
2008-04-30,31.112,0.007,49.84,2.144
2008-05-01,31.28,0.003,44.5,2.697
2008-05-02,29.724,0.0,56.24,4.058
2008-05-03,29.543,0.002,62.7,5.022
2008-05-04,29.468,0.003,63.58,5.005
2008-05-05,29.529,0.003,63.43,5.239
2008-05-06,29.249,0.044,65.13,5.388
2008-05-07,29.589,0.003,61.53,4.389
2008-05-08,29.922,0.005,58.02,3.753
2008-05-09,29.987,0.003,62.49,3.657
2008-05-10,30.139,0.003,61.2,3.419
2008-05-11,29.734,0.002,60.09,3.729
2008-05-12,29.641,0.0,60.74,4.224
2008-05-13,30.04,0.002,59.7,4.081
2008-05-14,30.195,0.001,59.54,4.136
2008-05-15,30.047,0.002,59.75,4.583
2008-05-16,30.372,0.008,59.11,4.846
2008-05-17,30.178,0.008,61.56,5.38
2008-05-18,29.986,0.006,61.44,6.139
2008-05-19,30.249,0.028,62.73,6.153
2008-05-20,30.326,0.018,63.36,5.888
2008-05-21,30.32,0.024,63.13,6.005
2008-05-22,30.574,0.039,62.01,5.513
2008-05-23,30.582,0.015,61.51,4.651
2008-05-24,30.706,0.001,58.96,3.869
2008-05-25,31.232,0.002,55.37,3.712
2008-05-26,32.079,0.0,52.62,3.308
2008-05-27,32.696,0.001,53.49,2.828
2008-05-28,31.861,0.001,58.02,3.448
2008-05-29,31.408,0.005,60.88,4.688
2008-05-30,31.055,0.007,60.82,4.809
2008-05-31,30.774,0.009,62.25,4.921
2008-06-01,30.912,0.011,61.51,5.046
2008-06-02,31.073,0.017,61.57,4.64
2008-06-03,31.17,0.004,60.6,4.097
2008-06-04,31.577,0.036,61.61,4.061
2008-06-05,30.147,3.457,71.15,5.348
2008-06-06,28.959,7.599,75.81,5.671
2008-06-07,27.564,13.32,83.18,4.105
2008-06-08,27.969,9.282,81.12,3.317
2008-06-09,27.277,9.949,83.8,5.299
2008-06-10,27.537,3.639,84.41,5.332
2008-06-11,27.883,4.992,83.21,5.223
2008-06-12,28.527,0.93,79.89,5.294
2008-06-13,27.747,6.685,79.08,6.159
2008-06-14,26.631,31.608,89.48,5.992
2008-06-15,28.337,1.067,81.36,6.233
2008-06-16,28.539,0.476,78.64,6.611
2008-06-17,28.493,0.794,78.74,6.616
2008-06-18,28.205,0.829,78.61,6.732
2008-06-19,28.297,0.955,78.57,6.115
2008-06-20,28.758,0.637,76.12,5.548
2008-06-21,28.749,1.031,76.04,4.815
2008-06-22,28.87,0.967,75.21,4.676
2008-06-23,28.781,1.074,75.68,4.59
2008-06-24,28.697,1.381,76.94,4.407
2008-06-25,29.097,0.902,74.42,4.346
2008-06-26,28.634,1.677,77.79,4.399
2008-06-27,28.256,1.964,78.95,5.219
2008-06-28,27.882,3.665,81.5,5.195
2008-06-29,27.756,7.159,83.27,4.746
2008-06-30,27.032,37.63,89.13,3.013
2008-07-01,26.145,146.575,92.36,3.412
2008-07-02,26.343,13.668,89.74,4.301
2008-07-03,26.017,35.602,92.86,3.796
2008-07-04,27.624,2.562,83.58,4.89
2008-07-05,27.948,2.234,81.24,5.481
2008-07-06,28.053,2.06,80.27,6.009
2008-07-07,27.894,2.415,80.54,5.807
2008-07-08,28.067,3.085,79.74,4.881
2008-07-09,27.583,2.478,83.46,3.507
2008-07-10,27.274,13.595,85.75,4.063
2008-07-11,26.091,17.007,90.89,4.324
2008-07-12,26.481,2.543,87.75,4.998
2008-07-13,27.009,2.357,86.91,4.623
2008-07-14,27.466,2.44,83.73,4.793
2008-07-15,27.519,1.958,84.25,4.525
2008-07-16,27.237,1.834,84.68,4.599
2008-07-17,27.248,1.493,83.26,4.539
2008-07-18,27.476,1.437,81.57,4.211
2008-07-19,27.438,2.113,81.74,4.316
2008-07-20,27.533,1.254,81.33,4.158
2008-07-21,27.517,1.265,83.98,4.129
2008-07-22,27.671,1.156,83.35,4.182
2008-07-23,27.915,0.799,82.44,3.903
2008-07-24,27.858,2.632,82.85,3.965
2008-07-25,27.552,4.221,83.1,3.414
2008-07-26,27.775,5.561,83.16,3.017
2008-07-27,27.004,18.292,86.47,2.808
2008-07-28,25.802,32.749,92.61,1.956
2008-07-29,26.667,9.071,86.82,3.546
2008-07-30,26.64,12.306,86.7,4.59
2008-07-31,27.513,1.836,84.7,4.509
2008-08-01,26.307,7.485,89.43,3.935
2008-08-02,25.642,30.313,92.07,3.996
2008-08-03,26.098,15.157,89.77,3.478
2008-08-04,26.659,9.616,88.45,2.846
2008-08-05,26.93,9.36,85.94,3.178
2008-08-06,26.919,5.344,84.69,3.738
2008-08-07,27.173,2.479,81.39,4.811
2008-08-08,26.773,4.342,85.25,4.497
2008-08-09,26.849,5.879,84.73,4.266
2008-08-10,26.366,19.87,88.92,2.96
2008-08-11,25.87,43.324,93.5,3.975
2008-08-12,25.494,50.38,93.07,4.633
2008-08-13,26.255,12.41,89.31,4.315
2008-08-14,26.911,3.887,86.42,4.058
2008-08-15,26.826,1.665,84.97,4.334
2008-08-16,26.857,1.361,83.79,4.002
2008-08-17,27.035,1.064,82.48,3.737
2008-08-18,26.94,0.921,81.93,3.424
2008-08-19,26.835,0.94,80.86,3.497
2008-08-20,26.831,0.37,78.98,3.142
2008-08-21,26.649,0.57,79.74,3.379
2008-08-22,26.494,3.762,82.11,3.028
2008-08-23,26.57,1.669,84.35,2.765
2008-08-24,27.444,0.87,82.62,2.074
2008-08-25,27.521,7.474,84.14,1.822
2008-08-26,26.206,18.801,89.61,1.102
2008-08-27,27.32,0.666,81.31,2.818
2008-08-28,27.455,0.177,79.84,2.884
2008-08-29,27.475,0.444,79.57,3.029
2008-08-30,27.603,0.482,79.06,2.922
2008-08-31,27.758,0.393,78.65,2.164
2008-09-01,28.474,0.284,77.81,1.16
2008-09-02,29.466,1.019,78.23,0.481
2008-09-03,29.011,11.078,82.1,0.469
2008-09-04,28.135,12.187,86.01,1.72
2008-09-05,27.615,7.143,83.95,2.382
2008-09-06,27.885,0.56,78.33,2.765
2008-09-07,28.106,0.531,77.17,1.854
2008-09-08,28.939,0.284,75.22,1.154
2008-09-09,29.215,2.273,77.07,0.165
2008-09-10,29.286,7.404,79.52,1.107
2008-09-11,28.239,18.795,85.37,1.888
2008-09-12,27.88,19.086,85.56,1.053
2008-09-13,26.411,38.247,89.2,2.278
2008-09-14,26.129,31.75,89.5,2.276
2008-09-15,26.212,8.637,85.16,5.165
2008-09-16,25.813,15.304,87.39,4.414
2008-09-17,25.536,86.423,88.73,5.009
2008-09-18,25.446,85.804,93.03,3.535
2008-09-19,25.691,8.923,93.18,1.771
2008-09-20,27.337,2.22,85.89,3.493
2008-09-21,26.881,0.399,82.45,3.365
2008-09-22,26.388,0.566,81.56,2.821
2008-09-23,26.274,0.75,82.07,2.086
2008-09-24,26.723,0.279,79.82,1.388
2008-09-25,26.391,0.127,78.75,2.563
2008-09-26,25.836,0.026,76.77,2.756
2008-09-27,25.929,0.132,76.91,2.787
2008-09-28,26.249,0.009,73.97,2.642
2008-09-29,26.137,0.018,76.6,2.287
2008-09-30,26.254,0.038,76.87,1.945
2008-10-01,27.045,0.215,79.17,1.709
2008-10-02,27.391,0.047,77.68,2.195
2008-10-03,27.53,5.27,82.69,1.167
2008-10-04,28.795,0.893,81.98,1.518
2008-10-05,28.149,7.696,84.33,2.36
2008-10-06,27.141,4.99,86.45,1.943
2008-10-07,27.329,5.988,83.9,1.653
2008-10-08,27.411,0.754,79.66,1.603
2008-10-09,28.118,0.302,79.18,0.611
2008-10-10,29.094,0.362,74.76,0.879
2008-10-11,29.663,0.027,66.49,1.22
2008-10-12,29.875,0.002,61.28,0.972
2008-10-13,29.698,0.001,61.29,0.673
2008-10-14,29.195,0.0,55.44,1.142
2008-10-15,28.961,0.001,51.25,1.854
2008-10-16,28.789,0.0,53.82,1.255
2008-10-17,28.698,0.002,54.42,1.864
2008-10-18,28.498,0.0,55.28,2.254
2008-10-19,28.239,0.003,52.6,1.803
2008-10-20,28.371,0.001,50.37,1.441
2008-10-21,28.298,0.0,44.82,1.959
2008-10-22,27.884,0.0,44.35,2.381
2008-10-23,27.917,0.002,46.08,2.305
2008-10-24,28.265,0.003,45.32,1.78
2008-10-25,27.87,0.001,48.04,0.752
2008-10-26,27.778,0.0,48.06,1.094
2008-10-27,27.244,0.0,51.69,0.84
2008-10-28,27.202,0.001,58.06,0.776
2008-10-29,27.409,0.0,56.21,1.398
2008-10-30,27.384,0.002,53.51,2.287
2008-10-31,27.383,0.001,50.0,2.431
2008-11-01,26.879,0.002,50.72,1.839
2008-11-02,27.282,0.0,46.71,2.024
2008-11-03,27.598,0.0,43.73,2.499
2008-11-04,27.05,0.0,48.02,2.006
2008-11-05,26.993,0.0,51.42,1.75
2008-11-06,26.813,0.002,50.36,2.234
2008-11-07,27.119,0.0,42.98,2.225
2008-11-08,27.338,0.001,40.63,2.143
2008-11-09,27.2,0.001,43.94,1.751
2008-11-10,26.657,0.0,42.12,1.915
2008-11-11,26.43,0.002,44.16,1.321
2008-11-12,26.468,0.0,43.84,1.292
2008-11-13,26.133,0.0,46.28,0.96
2008-11-14,25.463,0.0,45.96,1.584
2008-11-15,25.951,0.001,44.33,2.492
2008-11-16,26.139,0.003,48.39,2.673
2008-11-17,27.372,0.366,42.9,3.105
2008-11-18,26.842,2.714,67.21,1.542
2008-11-19,27.499,0.496,69.4,1.79
2008-11-20,26.562,0.023,49.13,3.306
2008-11-21,25.883,0.002,46.28,3.579
2008-11-22,25.564,0.001,48.94,3.051
2008-11-23,25.176,0.002,49.77,2.654
2008-11-24,24.623,0.0,44.24,2.136
2008-11-25,24.799,0.0,43.62,1.682
2008-11-26,24.619,0.001,40.7,2.257
2008-11-27,24.276,0.002,34.64,3.108
2008-11-28,24.54,0.001,37.0,3.537
2008-11-29,25.633,0.009,45.03,3.208
2008-11-30,23.472,11.169,76.35,3.259
2008-12-01,23.035,4.869,72.93,2.892
2008-12-02,25.091,0.001,63.03,2.047
2008-12-03,26.47,0.0,58.99,1.733
2008-12-04,26.944,0.001,56.81,1.801
2008-12-05,26.787,0.003,50.79,2.033
2008-12-06,26.138,0.001,50.82,2.096
2008-12-07,25.647,0.001,48.15,1.874
2008-12-08,25.17,0.0,49.7,0.864
2008-12-09,25.705,0.001,48.82,1.873
2008-12-10,25.066,0.0,55.95,2.799
2008-12-11,24.386,0.0,58.8,2.71
2008-12-12,24.226,0.0,60.71,2.19
2008-12-13,25.092,0.0,60.55,1.995
2008-12-14,26.127,0.002,56.07,2.254
2008-12-15,26.483,0.001,52.93,1.685
2008-12-16,26.12,0.002,55.89,1.405
2008-12-17,26.507,0.0,53.51,2.479
2008-12-18,25.877,0.001,44.42,2.721
2008-12-19,25.159,0.001,42.63,1.658
2008-12-20,24.418,0.015,52.78,0.839
2008-12-21,23.901,0.003,63.97,2.888
2008-12-22,24.346,0.0,58.32,2.822
2008-12-23,24.187,0.001,56.44,2.753
2008-12-24,23.286,0.0,52.2,2.099
2008-12-25,23.065,0.001,51.74,1.79
2008-12-26,22.349,0.0,50.27,1.252
2008-12-27,21.224,0.001,54.0,0.692
2008-12-28,20.545,0.0,56.75,1.648
2008-12-29,20.922,0.0,54.93,1.865
2008-12-30,21.056,0.0,53.59,2.191
2008-12-31,21.51,0.001,50.42,2.445
2009-01-01,22.287,0.0,43.55,2.931
2009-01-02,22.682,0.0,46.99,2.042
2009-01-03,22.973,0.001,55.85,0.578
2009-01-04,21.878,0.002,52.65,1.474
2009-01-05,22.062,0.0,61.43,2.03
2009-01-06,21.012,0.003,46.23,2.527
2009-01-07,21.005,0.0,44.25,2.983
2009-01-08,21.993,0.01,56.36,2.786
2009-01-09,22.376,0.002,61.75,2.63
2009-01-10,22.896,0.002,65.01,2.892
2009-01-11,23.812,0.003,65.71,2.602
2009-01-12,24.077,0.001,67.92,1.587
2009-01-13,25.267,0.0,59.18,1.671
2009-01-14,25.59,0.001,54.51,1.11
2009-01-15,24.981,0.0,54.49,1.04
2009-01-16,25.053,0.002,55.11,0.225
2009-01-17,25.034,0.002,56.31,1.006
2009-01-18,24.177,0.001,60.09,2.855
2009-01-19,24.942,0.002,52.53,2.827
2009-01-20,25.329,0.0,50.31,2.305
2009-01-21,24.203,0.001,56.89,2.662
2009-01-22,24.857,0.001,52.96,2.175
2009-01-23,24.858,0.001,45.42,2.206
2009-01-24,24.43,0.003,50.35,0.542
2009-01-25,23.512,0.002,58.14,2.433
2009-01-26,22.101,0.003,52.66,2.269
2009-01-27,21.976,0.002,46.78,2.499
2009-01-28,22.497,0.0,43.04,2.393
2009-01-29,22.59,0.003,41.49,2.452
2009-01-30,23.086,0.001,38.49,3.023
2009-01-31,22.867,0.0,40.64,2.972
2009-02-01,23.232,0.001,46.47,2.132
2009-02-02,23.315,0.001,47.13,1.3
2009-02-03,22.69,0.001,45.48,1.51
2009-02-04,22.53,0.0,50.06,1.086
2009-02-05,22.573,0.001,58.79,1.506
2009-02-06,22.386,0.001,50.18,2.621
2009-02-07,23.359,0.0,42.07,2.376
2009-02-08,23.734,0.005,43.52,1.844
2009-02-09,23.633,0.0,43.13,1.936
2009-02-10,22.455,0.0,53.49,2.27
2009-02-11,22.309,0.001,39.27,2.671
2009-02-12,22.788,0.0,39.21,2.228
2009-02-13,22.748,0.003,48.05,0.942
2009-02-14,23.646,0.002,56.5,1.942
2009-02-15,24.243,0.001,44.71,2.654
2009-02-16,24.804,0.0,40.96,2.217
2009-02-17,25.755,0.002,38.5,2.371
2009-02-18,25.475,0.0,39.16,2.059
2009-02-19,25.733,0.0,39.16,2.03
2009-02-20,27.799,0.0,36.12,2.285
2009-02-21,28.669,0.001,35.05,2.028
2009-02-22,28.513,0.0,35.67,1.246
2009-02-23,26.956,0.001,40.78,1.101
2009-02-24,25.982,0.001,40.61,1.406
2009-02-25,26.254,0.001,56.65,0.953
2009-02-26,27.822,0.002,50.17,0.669
2009-02-27,28.382,0.001,40.33,1.687
2009-02-28,28.599,0.001,37.83,1.529
2009-03-01,29.108,0.001,40.5,1.199
2009-03-02,28.687,0.002,36.61,1.73
2009-03-03,28.235,0.0,40.24,1.902
2009-03-04,27.39,0.002,40.16,1.419
2009-03-05,26.978,0.001,41.63,1.51
2009-03-06,26.531,0.0,43.59,1.709
2009-03-07,25.691,0.002,43.95,1.628
2009-03-08,26.575,0.001,43.13,1.183
2009-03-09,28.023,0.002,33.7,2.292
2009-03-10,28.913,0.0,27.32,2.651
2009-03-11,29.611,0.0,24.51,2.279
2009-03-12,29.458,0.001,25.77,2.301
2009-03-13,30.288,0.001,22.42,2.385
2009-03-14,29.239,0.09,38.52,1.008
2009-03-15,28.504,0.003,44.93,1.495
2009-03-16,28.687,0.001,35.82,0.932
2009-03-17,29.113,0.002,30.62,2.193
2009-03-18,28.421,0.001,30.57,1.733
2009-03-19,27.913,0.001,43.75,1.338
2009-03-20,28.196,0.0,45.86,1.822
2009-03-21,27.597,0.011,54.61,1.793
2009-03-22,28.862,0.006,44.38,0.8
2009-03-23,29.888,0.003,32.6,1.122
2009-03-24,30.098,0.004,32.98,1.306
2009-03-25,29.39,0.0,38.2,1.367
2009-03-26,29.589,0.0,39.46,0.998
2009-03-27,28.673,0.0,50.89,2.079
2009-03-28,29.395,0.001,51.17,1.636
2009-03-29,30.594,0.0,36.68,2.37
2009-03-30,31.513,0.0,33.51,2.208
2009-03-31,32.718,0.002,26.7,2.819
2009-04-01,33.184,-0.0,24.2,2.667
2009-04-02,33.646,0.003,23.54,2.572
2009-04-03,32.874,0.001,27.38,2.727
2009-04-04,32.837,0.0,25.96,2.957
2009-04-05,32.646,0.112,25.08,4.553
2009-04-06,32.307,0.074,28.07,2.329
2009-04-07,30.777,0.042,34.71,2.077
2009-04-08,28.429,0.0,44.48,2.083
2009-04-09,29.689,0.0,31.91,2.19
2009-04-10,31.494,0.001,23.18,2.695
2009-04-11,32.206,0.001,22.42,2.086
2009-04-12,32.581,0.0,20.41,2.478
2009-04-13,32.104,0.0,24.37,2.079
2009-04-14,31.011,0.001,37.71,1.875
2009-04-15,30.192,0.0,44.92,2.034
2009-04-16,31.341,0.001,34.43,2.589
2009-04-17,31.148,0.001,30.33,1.575
2009-04-18,32.653,0.001,24.57,1.925
2009-04-19,33.016,0.001,24.32,1.273
2009-04-20,30.566,0.0,49.99,3.965
2009-04-21,29.927,0.003,55.67,4.745
2009-04-22,29.85,0.004,55.05,3.075
2009-04-23,31.482,0.0,35.74,1.676
2009-04-24,32.209,0.001,26.84,2.129
2009-04-25,32.03,0.003,28.04,1.738
2009-04-26,33.394,0.003,25.16,1.343
2009-04-27,33.601,0.003,28.36,1.258
2009-04-28,33.71,0.003,26.8,1.591
2009-04-29,32.338,0.001,34.53,1.791
2009-04-30,31.154,0.001,45.37,2.793
2009-05-01,30.914,0.0,54.51,3.914
2009-05-02,31.649,0.001,45.61,2.793
2009-05-03,31.801,0.001,44.92,3.075
2009-05-04,31.021,0.002,55.79,3.926
2009-05-05,29.777,0.001,64.17,4.67
2009-05-06,30.251,0.0,56.07,2.861
2009-05-07,31.831,0.002,47.37,1.895
2009-05-08,32.467,0.0,37.29,2.013
2009-05-09,31.705,0.0,38.32,2.411
2009-05-10,30.805,0.002,46.24,3.588
2009-05-11,30.349,0.001,57.4,3.95
2009-05-12,30.617,0.002,62.24,3.873
2009-05-13,30.723,0.001,64.21,4.769
2009-05-14,30.33,0.001,65.43,5.988
2009-05-15,30.36,0.002,65.77,6.06
2009-05-16,30.333,0.004,65.61,5.469
2009-05-17,30.535,0.002,64.5,4.578
2009-05-18,30.354,0.003,64.09,4.548
2009-05-19,30.475,0.0,62.09,4.38
2009-05-20,30.829,0.001,62.22,4.53
2009-05-21,32.007,0.002,57.57,3.464
2009-05-22,31.523,0.001,58.93,4.382
2009-05-23,31.101,0.001,60.88,4.8
2009-05-24,30.941,0.002,60.49,4.949
2009-05-25,30.501,0.002,61.59,5.384
2009-05-26,30.421,0.005,61.39,5.466
2009-05-27,30.432,0.003,62.18,5.061
2009-05-28,30.898,0.002,61.33,5.078
2009-05-29,31.05,0.004,60.6,5.5
2009-05-30,30.876,0.052,59.25,5.633
2009-05-31,30.718,0.163,63.54,5.192
2009-06-01,30.805,0.353,64.57,4.854
2009-06-02,31.105,0.054,62.12,4.865
2009-06-03,31.293,0.069,60.97,4.875
2009-06-04,31.472,0.025,60.08,4.681
2009-06-05,31.186,0.071,59.78,4.427
2009-06-06,30.853,0.005,60.33,4.331
2009-06-07,31.154,0.002,59.33,4.773
2009-06-08,31.033,0.008,59.77,5.212
2009-06-09,30.983,0.012,60.07,5.021
2009-06-10,30.816,0.023,61.28,5.084
2009-06-11,30.706,0.024,61.34,5.554
2009-06-12,30.681,0.08,61.1,5.469
2009-06-13,30.719,0.027,59.84,4.986
2009-06-14,30.381,0.015,63.2,5.489
2009-06-15,30.691,0.255,63.09,5.762
2009-06-16,30.979,0.194,63.59,5.107
2009-06-17,31.177,0.022,63.31,4.656
2009-06-18,31.446,0.008,62.52,4.237
2009-06-19,31.426,0.007,61.25,4.12
2009-06-20,31.37,0.059,62.88,4.27
2009-06-21,30.207,1.273,71.0,4.199
2009-06-22,30.922,1.127,67.6,3.845
2009-06-23,29.98,8.243,69.47,3.362
2009-06-24,28.62,5.284,78.27,4.978
2009-06-25,28.952,1.664,75.85,5.238
2009-06-26,29.224,2.011,75.37,4.711
2009-06-27,29.451,1.159,74.59,4.51
2009-06-28,29.303,2.264,76.9,4.331
2009-06-29,28.533,4.691,82.48,4.59
2009-06-30,29.072,1.448,78.04,5.245
2009-07-01,29.015,1.541,77.62,4.733
2009-07-02,28.764,7.118,79.93,4.614
2009-07-03,28.596,8.653,80.75,3.65
2009-07-04,28.93,4.29,78.85,2.296
2009-07-05,28.767,1.135,80.07,4.06
2009-07-06,29.556,0.735,76.81,4.28
2009-07-07,30.024,1.231,75.59,4.835
2009-07-08,30.062,4.163,74.72,4.411
2009-07-09,27.839,9.961,85.93,4.089
2009-07-10,26.76,22.507,89.66,4.593
2009-07-11,27.424,17.052,86.77,4.54
2009-07-12,27.919,5.118,84.23,5.27
2009-07-13,27.19,12.562,87.53,4.605
2009-07-14,26.94,71.146,91.13,2.848
2009-07-15,26.836,95.315,89.17,4.872
2009-07-16,26.316,18.599,87.4,3.716
2009-07-17,27.0,9.823,87.88,5.792
2009-07-18,26.191,27.88,90.56,5.997
2009-07-19,27.238,5.194,84.87,4.948
2009-07-20,26.574,31.984,89.28,4.063
2009-07-21,26.794,13.083,88.66,3.533
2009-07-22,25.956,85.652,92.7,3.561
2009-07-23,25.796,116.059,90.22,5.547
2009-07-24,27.125,6.066,82.91,6.581
2009-07-25,27.476,4.379,85.28,5.656
2009-07-26,27.081,4.022,85.13,5.151
2009-07-27,27.433,2.822,81.99,6.094
2009-07-28,27.763,1.257,81.06,6.614
2009-07-29,27.697,1.24,82.76,6.124
2009-07-30,27.565,1.199,82.25,5.321
2009-07-31,27.422,1.449,81.86,5.343
2009-08-01,27.514,1.66,82.17,5.185
2009-08-02,27.603,1.251,81.59,4.735
2009-08-03,27.532,1.37,81.99,5.017
2009-08-04,27.442,1.546,81.18,6.17
2009-08-05,27.409,1.759,80.23,6.638
2009-08-06,27.387,3.129,80.67,6.353
2009-08-07,27.537,1.976,80.38,5.648
2009-08-08,27.303,1.52,81.28,5.268
2009-08-09,27.32,1.36,81.08,4.655
2009-08-10,27.386,1.49,82.18,4.099
2009-08-11,27.386,1.446,83.15,3.722
2009-08-12,27.217,0.66,84.1,3.838
2009-08-13,27.691,1.181,79.88,4.569
2009-08-14,27.878,1.517,78.36,4.486
2009-08-15,27.473,2.92,80.1,4.454
2009-08-16,26.926,1.868,83.8,3.733
2009-08-17,27.801,0.679,80.88,3.717
2009-08-18,28.49,0.414,76.19,2.944
2009-08-19,29.479,0.164,72.5,2.308
2009-08-20,29.326,0.813,71.94,2.83
2009-08-21,28.816,0.394,73.89,3.524
2009-08-22,28.823,0.599,73.35,3.325
2009-08-23,28.754,0.151,72.79,3.173
2009-08-24,29.015,0.642,72.4,2.823
2009-08-25,28.857,1.169,73.7,2.965
2009-08-26,27.814,3.077,77.63,3.301
2009-08-27,26.964,9.903,84.69,2.597
2009-08-28,26.282,7.221,88.38,1.928
2009-08-29,25.518,51.38,94.11,2.196
2009-08-30,26.315,42.264,90.07,4.179
2009-08-31,27.446,1.566,85.08,4.433
2009-09-01,27.898,2.662,85.03,2.974
2009-09-02,27.465,12.073,87.74,1.96
2009-09-03,27.243,8.698,88.07,2.372
2009-09-04,27.562,5.755,84.46,2.544
2009-09-05,28.081,1.918,81.51,3.065
2009-09-06,27.51,2.155,84.4,2.72
2009-09-07,27.968,1.056,82.3,2.278
2009-09-08,28.493,0.187,78.69,2.918
2009-09-09,28.1,0.218,79.01,3.699
2009-09-10,27.97,0.19,78.39,4.139
2009-09-11,27.642,0.771,79.48,2.718
2009-09-12,28.172,0.413,78.57,1.623
2009-09-13,29.037,0.6,77.57,1.708
2009-09-14,28.665,0.376,77.07,1.917
2009-09-15,28.022,0.138,73.68,1.938
2009-09-16,28.019,0.206,73.56,1.883
2009-09-17,28.427,0.001,72.13,1.48
2009-09-18,29.303,0.001,71.18,0.991
2009-09-19,29.562,0.003,67.89,1.294
2009-09-20,28.597,0.001,69.92,1.527
2009-09-21,28.925,0.01,73.26,1.355
2009-09-22,29.678,0.002,72.04,1.205
2009-09-23,30.34,0.0,70.65,2.245
2009-09-24,30.036,0.061,72.08,2.727
2009-09-25,29.973,0.078,69.86,2.645
2009-09-26,29.634,0.045,69.29,1.863
2009-09-27,30.134,0.001,66.54,2.032
2009-09-28,30.73,0.004,59.85,2.752
2009-09-29,31.388,-0.0,55.32,3.547
2009-09-30,31.619,0.0,56.57,2.778
2009-10-01,32.445,0.007,48.12,3.276
2009-10-02,32.808,0.015,49.6,3.218
2009-10-03,31.88,0.647,59.82,1.058
2009-10-04,28.728,8.896,82.07,1.245
2009-10-05,28.373,3.449,82.82,0.794
2009-10-06,29.734,0.189,72.12,2.308
2009-10-07,28.194,0.025,71.48,3.951
2009-10-08,28.01,0.19,68.8,4.082
2009-10-09,27.736,0.277,66.85,3.573
2009-10-10,27.151,0.09,66.94,2.633
2009-10-11,27.519,0.0,61.87,1.549
2009-10-12,28.7,0.002,55.29,0.8
2009-10-13,28.984,0.002,53.92,0.915
2009-10-14,29.524,0.001,52.32,0.907
2009-10-15,29.726,0.0,48.08,0.757
2009-10-16,29.866,0.0,42.0,0.988
2009-10-17,29.397,0.0,43.55,1.506
2009-10-18,28.765,0.0,45.9,0.959
2009-10-19,28.523,0.0,47.55,0.581
2009-10-20,28.341,0.0,48.32,0.75
2009-10-21,28.486,0.0,38.45,1.614
2009-10-22,28.564,0.003,34.3,1.92
2009-10-23,28.566,0.001,30.15,2.153
2009-10-24,27.902,0.001,29.19,1.722
2009-10-25,27.742,0.0,30.66,1.279
2009-10-26,27.501,0.002,36.26,1.43
2009-10-27,27.531,0.001,33.6,1.889
2009-10-28,28.241,0.001,33.25,2.555
2009-10-29,29.222,0.001,31.48,2.729
2009-10-30,28.598,0.003,30.65,2.598
2009-10-31,28.424,0.0,32.65,1.979
2009-11-01,28.346,0.0,31.55,1.548
2009-11-02,28.288,0.002,32.25,1.982
2009-11-03,28.278,0.001,31.81,1.925
2009-11-04,28.305,0.001,30.17,2.067
2009-11-05,28.2,0.0,29.44,2.587
2009-11-06,28.402,0.002,31.68,2.437
2009-11-07,28.992,0.002,36.99,2.215
2009-11-08,28.983,0.0,40.76,1.841
2009-11-09,29.361,0.04,48.39,2.122
2009-11-10,26.761,1.082,62.79,3.286
2009-11-11,21.412,33.219,80.55,5.241
2009-11-12,23.079,0.021,72.72,2.378
2009-11-13,24.22,0.151,77.84,0.49
2009-11-14,25.655,0.119,73.18,0.793
2009-11-15,24.997,1.257,78.49,1.287
2009-11-16,25.29,0.232,75.46,1.059
2009-11-17,24.542,0.002,60.13,2.155
2009-11-18,24.148,0.0,54.2,1.637
2009-11-19,24.694,0.001,57.46,2.69
2009-11-20,23.588,0.001,51.1,2.817
2009-11-21,23.137,0.0,48.34,2.768
2009-11-22,23.554,0.001,51.07,2.61
2009-11-23,25.118,0.001,55.07,2.283
2009-11-24,25.909,0.0,57.29,0.613
2009-11-25,25.763,0.0,52.5,1.825
2009-11-26,24.717,0.002,40.49,2.244
2009-11-27,25.663,0.001,50.86,1.685
2009-11-28,25.856,0.0,49.44,2.018
2009-11-29,24.859,0.002,46.57,1.909
2009-11-30,24.264,0.001,47.91,1.851
2009-12-01,23.683,0.001,48.37,2.022
2009-12-02,24.055,0.0,48.22,2.259
2009-12-03,24.612,0.0,52.36,0.857
2009-12-04,24.837,0.001,52.18,0.546
2009-12-05,24.659,0.002,51.64,1.911
2009-12-06,24.831,0.0,45.19,2.418
2009-12-07,23.991,0.001,43.13,2.385
2009-12-08,23.181,0.0,46.75,1.757
2009-12-09,24.304,0.0,47.1,1.436
2009-12-10,24.722,0.002,45.95,2.003
2009-12-11,25.185,0.003,46.29,1.94
2009-12-12,25.42,0.001,49.23,1.295
2009-12-13,25.528,0.003,49.94,1.756
2009-12-14,25.982,0.001,50.21,1.009
2009-12-15,25.855,0.0,49.24,2.042
2009-12-16,24.872,0.528,56.09,1.439
2009-12-17,24.425,0.025,58.22,1.847
2009-12-18,24.066,0.002,55.35,2.357
2009-12-19,25.201,0.024,59.46,2.433
2009-12-20,25.602,0.187,61.82,2.233
2009-12-21,25.773,0.106,57.04,2.215
2009-12-22,25.377,0.001,52.1,1.87
2009-12-23,24.461,0.001,52.2,1.892
2009-12-24,24.021,0.0,47.71,2.207
2009-12-25,23.179,0.002,43.73,1.398
2009-12-26,22.358,0.001,39.47,2.281
2009-12-27,22.41,0.0,39.92,2.597
2009-12-28,22.383,0.001,42.28,2.584
2009-12-29,21.556,0.002,48.37,1.773
2009-12-30,21.937,0.003,47.13,2.266
2009-12-31,22.272,0.0,45.42,2.628
2010-01-01,23.3,0.0,44.6,2.995
2010-01-02,25.315,0.005,50.51,0.615
2010-01-03,23.411,0.116,57.61,3.252
2010-01-04,21.965,0.0,55.76,3.261
2010-01-05,21.734,0.0,46.56,2.974
2010-01-06,22.312,0.0,43.67,2.655
2010-01-07,23.203,0.001,39.78,2.545
2010-01-08,23.619,0.0,40.78,2.625
2010-01-09,23.685,0.0,38.86,2.632
2010-01-10,23.751,0.001,40.64,2.763
2010-01-11,24.011,0.026,49.75,2.235
2010-01-12,23.128,0.0,51.95,1.878
2010-01-13,20.502,0.0,42.02,2.996
2010-01-14,20.919,0.001,42.47,3.541
2010-01-15,22.177,0.002,48.36,2.877
2010-01-16,22.798,0.003,50.71,2.002
2010-01-17,22.573,0.001,50.07,1.541
2010-01-18,22.743,0.0,50.39,1.956
2010-01-19,23.48,0.001,45.74,1.995
2010-01-20,23.817,0.001,37.2,2.107
2010-01-21,23.468,0.0,35.29,2.12
2010-01-22,23.255,0.001,40.49,0.929
2010-01-23,23.537,0.001,40.66,1.079
2010-01-24,23.406,0.001,40.37,2.16
2010-01-25,23.274,0.0,38.28,2.424
2010-01-26,24.051,0.001,37.71,1.771
2010-01-27,24.349,0.001,40.35,0.945
2010-01-28,24.358,0.001,42.51,0.219
2010-01-29,24.007,0.001,42.18,2.333
2010-01-30,24.838,0.003,41.36,2.118
2010-01-31,24.584,0.003,39.93,1.886
2010-02-01,24.027,0.002,42.86,1.648
2010-02-02,23.822,0.004,41.47,2.209
2010-02-03,24.773,0.004,39.77,1.714
2010-02-04,25.071,0.002,50.81,1.112
2010-02-05,25.428,0.002,54.02,0.829
2010-02-06,26.386,0.002,48.56,1.32
2010-02-07,27.175,0.002,45.51,0.96
2010-02-08,25.855,0.124,55.77,1.911
2010-02-09,23.933,0.011,59.62,2.021
2010-02-10,23.6,0.001,38.55,2.433
2010-02-11,24.492,0.057,45.57,1.278
2010-02-12,23.805,0.001,39.05,2.553
2010-02-13,23.042,0.001,37.29,2.445
2010-02-14,23.215,0.001,40.97,2.367
2010-02-15,23.367,0.0,34.1,2.175
2010-02-16,23.528,0.0,30.06,2.629
2010-02-17,23.446,0.003,30.35,3.273
2010-02-18,23.877,0.001,33.18,2.997
2010-02-19,24.682,0.0,32.87,2.726
2010-02-20,26.409,0.001,34.07,1.974
2010-02-21,27.434,0.116,34.14,0.402
2010-02-22,26.717,0.017,42.1,1.318
2010-02-23,24.502,0.0,47.2,1.597
2010-02-24,23.819,0.0,53.72,1.302
2010-02-25,24.777,0.002,49.54,0.571
2010-02-26,26.326,0.003,40.22,1.854
2010-02-27,27.844,0.0,34.93,2.115
2010-02-28,28.236,0.001,31.76,1.885
2010-03-01,28.413,0.002,29.91,1.612
2010-03-02,28.311,0.0,35.5,1.532
2010-03-03,26.299,0.002,45.07,2.071
2010-03-04,25.972,0.0,52.91,1.824
2010-03-05,26.749,0.0,59.44,1.749
2010-03-06,25.683,0.009,63.63,2.677
2010-03-07,26.289,0.0,47.78,1.86
2010-03-08,27.79,0.001,33.64,2.808
2010-03-09,29.001,0.0,26.65,2.892
2010-03-10,30.3,0.453,29.93,2.852
2010-03-11,30.594,0.048,34.41,0.945
2010-03-12,30.494,0.0,24.42,2.15
2010-03-13,29.731,0.001,26.71,1.134
2010-03-14,28.264,0.003,39.56,1.336
2010-03-15,28.238,0.001,46.03,1.505
2010-03-16,28.617,0.0,44.7,1.336
2010-03-17,30.652,0.0,36.83,0.984
2010-03-18,32.73,0.0,25.86,2.017
2010-03-19,32.275,0.0,29.53,0.975
2010-03-20,31.414,0.004,34.95,0.553
2010-03-21,32.088,0.002,29.89,1.526
2010-03-22,30.578,0.0,27.12,1.509
2010-03-23,29.264,0.001,34.72,2.451
2010-03-24,28.252,0.0,49.43,2.868
2010-03-25,28.189,0.001,58.89,2.837
2010-03-26,28.379,0.002,55.09,2.336
2010-03-27,29.045,0.001,45.1,1.587
2010-03-28,30.537,0.0,39.67,1.23
2010-03-29,30.464,0.0,32.04,1.841
2010-03-30,28.951,0.001,43.74,3.005
2010-03-31,28.345,0.002,60.57,4.461
2010-04-01,28.115,0.007,64.21,4.33
2010-04-02,28.714,0.005,58.85,3.53
2010-04-03,28.691,0.001,45.36,2.156
2010-04-04,29.693,0.0,37.52,1.361
2010-04-05,30.943,0.0,27.37,1.717
2010-04-06,31.917,0.001,27.37,1.896
2010-04-07,33.425,0.002,24.22,1.862
2010-04-08,34.012,0.005,24.25,2.541
2010-04-09,31.337,0.0,42.46,2.618
2010-04-10,30.661,0.002,42.96,2.338
2010-04-11,30.567,-0.0,43.71,2.65
2010-04-12,31.531,0.003,41.14,1.813
2010-04-13,30.97,0.0,46.52,2.2
2010-04-14,32.035,0.003,50.36,1.853
2010-04-15,31.707,0.001,54.71,2.202
2010-04-16,33.391,0.001,40.21,1.516
2010-04-17,31.549,0.001,51.19,3.744
2010-04-18,30.889,0.0,58.83,4.524
2010-04-19,30.478,0.001,62.39,5.152
2010-04-20,30.774,0.001,60.02,4.439
2010-04-21,31.209,0.002,54.85,3.389
2010-04-22,32.327,0.002,48.4,1.456
2010-04-23,33.845,0.001,32.14,2.132
2010-04-24,33.506,0.004,32.87,2.178
2010-04-25,32.303,0.003,39.83,1.931
2010-04-26,32.965,0.002,40.44,1.769
2010-04-27,33.617,0.001,39.81,2.069
2010-04-28,33.294,0.0,38.61,1.869
2010-04-29,33.262,0.0,41.14,2.031
2010-04-30,33.482,0.009,38.29,1.997
2010-05-01,32.608,0.014,46.81,2.66
2010-05-02,33.277,0.0,43.88,2.197
2010-05-03,31.978,0.192,55.72,3.252
2010-05-04,32.351,0.003,50.36,3.124
2010-05-05,32.342,0.0,48.4,3.042
2010-05-06,32.344,0.0,53.5,2.583
2010-05-07,34.321,0.0,40.81,2.035
2010-05-08,34.864,0.002,35.91,2.327
2010-05-09,34.523,0.0,39.29,1.999
2010-05-10,34.214,0.0,34.15,2.121
2010-05-11,32.954,0.002,39.1,1.816
2010-05-12,33.5,0.0,44.4,2.555
2010-05-13,32.991,0.001,51.89,3.627
2010-05-14,31.728,0.0,59.14,4.896
2010-05-15,31.266,0.001,58.78,4.724
2010-05-16,31.625,0.001,58.97,4.347
2010-05-17,32.418,0.001,52.22,2.967
2010-05-18,34.633,0.002,34.02,2.019
2010-05-19,34.861,0.0,39.05,2.228
2010-05-20,35.047,0.001,44.61,2.29
2010-05-21,33.585,0.003,55.29,3.817
2010-05-22,33.143,0.004,59.39,4.116
2010-05-23,32.724,0.002,59.25,4.3
2010-05-24,32.196,0.004,60.29,4.683
2010-05-25,32.147,0.017,60.96,5.907
2010-05-26,32.155,0.044,62.13,6.789
2010-05-27,32.371,0.052,60.96,6.342
2010-05-28,32.146,0.03,61.64,5.798
2010-05-29,31.689,0.019,61.81,5.223
2010-05-30,31.689,0.01,59.55,4.763
2010-05-31,31.878,0.016,57.84,4.786
2010-06-01,32.067,0.178,63.24,4.538
2010-06-02,31.457,2.301,68.56,3.976
2010-06-03,31.993,0.39,63.91,4.059
2010-06-04,32.597,0.101,59.37,4.366
2010-06-05,32.295,0.13,59.29,4.568
2010-06-06,31.112,0.83,64.54,6.025
2010-06-07,30.232,6.127,72.23,5.057
2010-06-08,31.171,0.47,64.18,3.059
2010-06-09,32.304,0.012,57.34,2.292
2010-06-10,33.779,0.065,51.92,1.951
2010-06-11,34.853,0.091,50.29,2.889
2010-06-12,34.294,0.008,54.49,3.185
2010-06-13,33.464,0.001,57.39,3.593
2010-06-14,32.376,0.034,63.46,3.903
2010-06-15,28.118,57.173,85.08,2.005
2010-06-16,28.063,7.11,83.83,0.898
2010-06-17,29.51,2.419,80.43,2.969
2010-06-18,30.279,0.085,75.62,2.065
2010-06-19,31.15,0.031,72.58,3.019
2010-06-20,30.437,0.112,76.19,5.191
2010-06-21,29.833,0.685,78.15,4.885
2010-06-22,30.515,0.113,74.65,4.724
2010-06-23,30.326,0.328,74.79,4.871
2010-06-24,29.649,3.442,77.18,4.684
2010-06-25,29.687,1.424,78.21,4.343
2010-06-26,30.466,1.171,76.63,2.935
2010-06-27,29.885,1.635,78.04,4.221
2010-06-28,29.831,1.137,77.07,5.036
2010-06-29,30.023,0.159,70.64,5.48
2010-06-30,30.062,0.641,70.19,5.271
2010-07-01,30.497,0.486,69.76,4.369
2010-07-02,28.99,2.672,76.45,3.131
2010-07-03,26.937,32.217,88.55,2.838
2010-07-04,26.341,37.359,91.26,2.029
2010-07-05,26.91,10.906,88.12,4.475
2010-07-06,27.169,8.19,87.52,4.903
2010-07-07,27.295,11.295,87.16,4.665
2010-07-08,27.025,9.542,88.59,4.698
2010-07-09,27.567,9.253,85.39,4.547
2010-07-10,28.305,10.108,84.17,4.218
2010-07-11,28.965,1.721,79.75,4.682
2010-07-12,28.55,3.018,80.56,5.629
2010-07-13,28.424,2.396,81.72,4.717
2010-07-14,28.337,2.123,82.18,2.939
2010-07-15,28.341,2.875,83.44,2.541
2010-07-16,27.739,15.144,87.29,2.303
2010-07-17,27.607,14.945,88.06,2.516
2010-07-18,28.469,1.647,84.66,4.003
2010-07-19,28.462,2.009,84.88,3.948
2010-07-20,28.331,6.19,85.25,2.728
2010-07-21,27.498,7.721,88.2,3.058
2010-07-22,26.557,65.394,91.77,3.81
2010-07-23,27.504,8.218,85.67,4.963
2010-07-24,27.561,11.389,84.33,4.913
2010-07-25,26.671,14.927,87.27,4.502
2010-07-26,25.717,12.374,91.98,4.454
2010-07-27,27.205,2.544,85.5,5.471
2010-07-28,27.422,1.496,84.15,4.865
2010-07-29,27.623,1.608,83.97,4.229
2010-07-30,27.423,4.595,85.16,3.586
2010-07-31,26.734,37.653,90.98,2.878
2010-08-01,26.183,26.993,91.3,5.304
2010-08-02,25.951,24.964,92.38,4.198
2010-08-03,26.052,32.007,91.47,4.512
2010-08-04,27.48,2.6,84.28,4.803
2010-08-05,27.906,2.121,81.97,4.164
2010-08-06,27.184,4.924,84.38,2.79
2010-08-07,25.465,137.725,92.22,4.277
2010-08-08,26.24,65.04,86.14,5.027
2010-08-09,27.287,1.754,85.24,4.579
2010-08-10,27.564,0.972,85.02,4.237
2010-08-11,27.797,2.316,85.08,3.219
2010-08-12,27.647,5.751,85.93,2.611
2010-08-13,26.967,6.389,88.04,2.706
2010-08-14,27.353,1.92,86.23,3.256
2010-08-15,28.024,1.276,83.19,3.067
2010-08-16,28.045,1.79,84.4,3.068
2010-08-17,28.026,1.755,84.34,3.084
2010-08-18,27.473,9.075,85.8,3.136
2010-08-19,27.395,0.875,85.27,3.434
2010-08-20,27.393,8.286,84.38,3.019
2010-08-21,26.736,5.689,88.39,2.703
2010-08-22,27.957,0.634,82.33,3.432
2010-08-23,28.052,2.055,83.46,3.1
2010-08-24,27.635,3.805,83.96,2.948
2010-08-25,27.308,4.623,84.71,2.761
2010-08-26,27.163,12.035,88.05,0.978
2010-08-27,27.585,18.867,87.75,0.377
2010-08-28,27.059,19.048,90.87,1.811
2010-08-29,26.282,42.27,93.46,1.2
2010-08-30,26.502,19.735,90.02,0.833
2010-08-31,26.314,12.386,91.07,4.063
2010-09-01,26.923,6.901,86.3,4.763
2010-09-02,27.323,1.446,84.59,4.557
2010-09-03,27.331,3.265,84.93,4.187
2010-09-04,27.256,4.359,85.36,4.123
2010-09-05,26.996,7.419,86.5,3.973
2010-09-06,26.891,15.356,88.81,3.228
2010-09-07,26.396,17.527,91.02,2.776
2010-09-08,26.982,12.157,88.73,2.318
2010-09-09,25.265,75.997,92.72,4.389
2010-09-10,26.442,10.421,81.96,5.526
2010-09-11,26.762,1.908,84.49,5.033
2010-09-12,26.685,1.598,86.83,3.994
2010-09-13,26.927,4.86,87.47,3.245
2010-09-14,27.046,11.857,86.41,2.358
2010-09-15,26.936,15.488,86.11,1.9
2010-09-16,26.85,14.869,88.3,1.689
2010-09-17,27.281,1.697,85.79,1.61
2010-09-18,27.32,1.164,83.42,1.51
2010-09-19,27.719,0.333,80.06,1.78
2010-09-20,28.527,0.314,79.57,1.742
2010-09-21,28.225,0.559,82.97,2.44
2010-09-22,28.274,0.367,81.34,2.379
2010-09-23,28.133,0.739,80.52,1.641
2010-09-24,28.001,1.721,82.16,0.811
2010-09-25,27.748,0.573,79.03,1.169
2010-09-26,28.177,0.0,69.85,1.966
2010-09-27,29.614,0.012,67.98,0.929
2010-09-28,29.755,2.358,73.91,1.339
2010-09-29,28.815,5.327,82.35,0.589
2010-09-30,29.511,0.057,73.6,1.122
2010-10-01,29.211,0.0,64.42,1.558
2010-10-02,29.387,0.003,62.11,1.167
2010-10-03,29.801,0.002,61.58,0.893
2010-10-04,29.83,0.003,65.75,0.16
2010-10-05,30.128,0.002,66.9,0.291
2010-10-06,29.903,0.002,60.36,1.289
2010-10-07,29.706,0.001,53.03,2.008
2010-10-08,29.4,0.001,54.87,1.614
2010-10-09,28.719,0.0,64.34,2.033
2010-10-10,28.18,0.313,70.55,2.974
2010-10-11,26.641,2.332,79.2,2.86
2010-10-12,26.442,2.921,80.64,1.337
2010-10-13,27.979,0.241,75.08,1.005
2010-10-14,28.753,0.119,71.85,1.433
2010-10-15,29.349,0.019,68.03,1.8
2010-10-16,30.375,0.002,49.2,3.486
2010-10-17,30.385,0.046,51.83,1.935
2010-10-18,29.419,4.927,72.57,0.71
2010-10-19,29.528,2.966,76.18,0.994
2010-10-20,27.85,9.413,84.73,1.937
2010-10-21,27.106,8.388,87.78,2.326
2010-10-22,27.947,0.88,83.41,2.691
2010-10-23,27.275,0.11,75.33,1.782
2010-10-24,27.26,0.009,73.52,1.093
2010-10-25,28.076,0.012,61.41,1.118
2010-10-26,28.057,0.014,59.78,1.113
2010-10-27,28.567,0.021,61.24,0.544
2010-10-28,29.041,0.0,57.2,0.617
2010-10-29,28.306,0.001,53.02,1.112
2010-10-30,28.027,0.001,52.07,1.364
2010-10-31,27.742,0.002,50.74,2.477
2010-11-01,26.963,0.0,46.0,2.23
2010-11-02,25.874,0.001,45.73,2.583
2010-11-03,26.531,0.001,44.79,2.708
2010-11-04,27.72,0.001,51.9,2.026
2010-11-05,28.193,0.024,59.7,0.936
2010-11-06,28.075,0.002,49.4,1.997
2010-11-07,26.867,0.002,42.32,2.889
2010-11-08,27.593,0.29,50.28,3.305
2010-11-09,28.372,2.912,68.55,3.006
2010-11-10,25.514,13.807,88.16,0.97
2010-11-11,26.991,11.082,81.31,0.404
2010-11-12,25.999,5.289,86.04,1.462
2010-11-13,26.524,1.049,85.68,1.195
2010-11-14,27.459,3.364,81.71,0.583
2010-11-15,27.291,2.597,80.12,0.872
2010-11-16,27.083,0.373,76.75,1.283
2010-11-17,27.008,1.983,74.17,1.212
2010-11-18,27.233,0.035,71.17,1.831
2010-11-19,26.802,0.065,71.74,1.901
2010-11-20,26.169,0.001,61.45,2.076
2010-11-21,24.193,8.28,72.05,1.504
2010-11-22,24.132,6.265,86.79,1.872
2010-11-23,24.804,10.43,87.26,1.014
2010-11-24,24.428,3.418,90.37,0.287
2010-11-25,24.256,0.012,77.85,2.31
2010-11-26,23.848,0.002,74.69,2.559
2010-11-27,23.576,0.005,72.92,2.262
2010-11-28,24.251,0.009,73.24,2.106
2010-11-29,25.582,0.005,70.98,2.422
2010-11-30,25.395,0.003,71.31,2.152
2010-12-01,24.524,0.002,72.22,2.18
2010-12-02,23.71,0.004,68.7,2.439
2010-12-03,24.528,0.004,68.85,2.314
2010-12-04,24.476,0.004,65.55,2.155
2010-12-05,24.518,0.044,64.5,1.968
2010-12-06,23.945,0.001,56.59,2.497
2010-12-07,22.036,0.002,45.66,3.243
2010-12-08,21.924,0.001,52.78,3.205
2010-12-09,21.804,0.004,60.99,2.609
2010-12-10,20.061,0.001,55.12,2.08
2010-12-11,18.813,0.002,53.22,1.275
2010-12-12,18.696,0.001,56.08,0.966
2010-12-13,18.861,0.0,57.61,0.833
2010-12-14,19.937,0.0,50.63,2.298
2010-12-15,20.927,0.002,48.63,2.13
2010-12-16,20.881,0.0,47.25,2.076
2010-12-17,20.74,0.0,46.87,2.084
2010-12-18,20.695,0.0,44.88,2.225
2010-12-19,20.859,0.0,43.85,2.792
2010-12-20,20.287,0.0,44.67,2.592
2010-12-21,20.141,0.0,48.63,1.782
2010-12-22,19.694,0.001,51.61,0.531
2010-12-23,19.911,0.001,64.64,0.459
2010-12-24,19.616,0.004,63.67,1.584
2010-12-25,20.603,0.0,58.2,1.779
2010-12-26,21.502,0.001,54.35,1.996
2010-12-27,22.27,0.0,61.47,0.509
2010-12-28,23.248,0.075,63.75,0.759
2010-12-29,22.416,0.236,72.45,0.199
2010-12-30,21.537,0.003,57.07,2.674
2010-12-31,19.148,0.0,43.63,2.946
2011-01-01,18.752,0.0,36.58,3.511
2011-01-02,19.472,0.001,38.36,3.014
2011-01-03,21.15,0.001,47.0,3.108
2011-01-04,22.014,0.001,50.53,2.916
2011-01-05,20.854,0.0,48.14,2.676
2011-01-06,19.777,0.001,41.57,2.873
2011-01-07,19.501,0.002,42.71,2.092
2011-01-08,19.799,0.0,44.53,2.125
2011-01-09,20.269,0.001,38.31,2.938
2011-01-10,20.138,0.002,39.46,3.013
2011-01-11,20.044,0.001,44.1,2.108
2011-01-12,20.678,0.001,45.91,1.824
2011-01-13,20.884,0.001,49.79,1.72
2011-01-14,20.8,0.001,57.81,1.593
2011-01-15,20.498,0.002,52.51,2.351
2011-01-16,19.484,0.003,35.99,2.996
2011-01-17,19.788,0.001,41.41,1.664
2011-01-18,20.469,0.0,47.63,1.663
2011-01-19,20.978,0.002,46.19,2.43
2011-01-20,21.197,0.0,39.06,2.359
2011-01-21,21.92,0.002,45.74,2.107
2011-01-22,22.152,0.002,47.26,1.995
2011-01-23,22.275,0.0,49.17,1.905
2011-01-24,22.937,0.0,50.3,2.123
2011-01-25,22.548,0.001,44.29,2.963
2011-01-26,21.185,0.0,35.99,3.547
2011-01-27,22.536,0.001,48.61,2.523
2011-01-28,21.78,0.001,55.79,1.804
2011-01-29,21.124,0.001,47.31,1.565
2011-01-30,21.672,0.0,54.11,2.507
2011-01-31,22.771,0.0,47.79,2.789
2011-02-01,23.506,0.0,51.18,2.627
2011-02-02,24.294,0.001,48.43,2.118
2011-02-03,24.41,0.0,47.05,2.012
2011-02-04,24.331,0.002,44.43,1.277
2011-02-05,24.015,0.001,50.54,1.695
2011-02-06,23.942,0.0,54.35,1.303
2011-02-07,23.351,0.002,57.67,1.236
2011-02-08,23.245,0.002,59.68,1.759
2011-02-09,23.365,0.002,47.99,1.609
2011-02-10,23.938,0.002,42.12,1.97
2011-02-11,25.702,0.003,45.73,0.588
2011-02-12,25.042,0.003,52.84,1.308
2011-02-13,23.888,0.0,50.05,1.746
2011-02-14,23.792,0.0,58.11,1.796
2011-02-15,23.067,0.542,68.25,2.074
2011-02-16,22.115,0.004,52.35,1.956
2011-02-17,22.025,0.0,51.2,1.929
2011-02-18,22.189,0.001,47.94,1.44
2011-02-19,22.887,0.0,44.16,2.741
2011-02-20,23.528,0.002,39.94,3.559
2011-02-21,23.487,0.0,39.89,3.564
2011-02-22,24.287,0.001,39.97,1.877
2011-02-23,25.3,0.001,40.68,1.855
2011-02-24,24.607,0.0,41.97,1.744
2011-02-25,24.309,0.002,34.87,2.38
2011-02-26,24.634,0.001,36.87,2.617
2011-02-27,25.129,0.0,35.37,3.258
2011-02-28,26.629,0.001,40.0,1.83
2011-03-01,26.781,0.001,42.85,1.127
2011-03-02,27.125,0.001,39.88,1.124
2011-03-03,26.965,0.001,45.33,1.871
2011-03-04,25.347,0.001,47.41,1.66
2011-03-05,26.703,0.002,44.41,1.903
2011-03-06,27.501,0.0,36.92,2.33
2011-03-07,28.527,0.0,33.84,2.457
2011-03-08,27.77,0.002,35.37,2.714
2011-03-09,26.26,0.002,32.13,2.328
2011-03-10,25.644,0.0,28.49,3.177
2011-03-11,26.181,0.0,25.69,3.765
2011-03-12,26.557,0.001,26.92,2.993
2011-03-13,27.805,0.001,28.37,2.293
2011-03-14,28.797,0.0,30.33,1.967
2011-03-15,29.686,0.002,31.56,2.316
2011-03-16,30.031,0.0,27.74,2.429
2011-03-17,30.034,0.0,28.25,0.601
2011-03-18,29.485,0.0,33.87,1.465
2011-03-19,28.149,0.0,34.97,2.528
2011-03-20,26.985,0.001,47.05,2.36
2011-03-21,27.208,0.0,43.74,2.463
2011-03-22,26.87,0.0,48.58,2.208
2011-03-23,26.861,0.0,45.05,1.387
2011-03-24,27.916,0.0,44.92,1.246
2011-03-25,28.833,0.002,40.25,1.401
2011-03-26,29.766,0.0,32.14,1.234
2011-03-27,30.48,0.001,27.07,1.49
2011-03-28,29.616,0.001,28.91,1.254
2011-03-29,29.559,0.0,31.51,1.702
2011-03-30,29.276,0.001,32.91,1.679
2011-03-31,28.282,0.001,37.28,1.438
2011-04-01,27.671,0.0,51.93,1.936
2011-04-02,28.344,0.002,49.5,2.255
2011-04-03,28.204,-0.0,41.02,1.724
2011-04-04,29.021,0.003,28.49,1.908
2011-04-05,30.415,0.002,24.71,1.962
2011-04-06,30.95,0.0,30.33,0.474
2011-04-07,29.428,0.002,53.78,2.728
2011-04-08,29.332,0.0,52.95,2.453
2011-04-09,29.697,0.025,52.8,2.389
2011-04-10,30.425,0.001,45.95,1.699
2011-04-11,30.851,0.001,43.97,1.408
2011-04-12,31.924,0.0,40.33,1.523
2011-04-13,32.159,0.0,39.34,1.713
2011-04-14,32.169,0.001,42.28,1.499
2011-04-15,31.573,0.002,46.0,1.706
2011-04-16,31.291,0.001,50.04,2.218
2011-04-17,31.96,0.011,43.53,2.061
2011-04-18,31.587,0.0,41.93,1.614
2011-04-19,31.799,0.0,35.93,0.896
2011-04-20,31.735,0.0,34.35,0.899
2011-04-21,31.444,0.01,40.29,1.282
2011-04-22,31.254,0.0,42.33,1.727
2011-04-23,31.548,0.001,40.22,1.476
2011-04-24,31.475,0.001,40.45,1.796
2011-04-25,32.055,0.0,32.58,1.835
2011-04-26,32.648,0.0,33.15,2.371
2011-04-27,33.518,0.001,31.97,3.177
2011-04-28,33.541,0.001,35.77,3.24
2011-04-29,32.892,0.0,40.89,3.016
2011-04-30,32.81,0.001,39.83,2.488
2011-05-01,32.968,0.0,42.87,2.49
2011-05-02,31.32,0.001,46.46,2.43
2011-05-03,30.59,0.001,52.0,3.521
2011-05-04,29.828,0.004,59.41,3.602
2011-05-05,29.848,0.002,61.05,4.132
2011-05-06,29.84,0.005,53.13,3.626
2011-05-07,29.763,0.001,61.74,3.884
2011-05-08,30.63,0.017,59.79,3.813
2011-05-09,30.859,0.003,54.12,3.575
2011-05-10,30.26,0.001,56.95,4.055
2011-05-11,30.536,0.002,53.52,3.826
2011-05-12,30.272,0.001,58.54,4.355
2011-05-13,30.485,0.002,58.83,3.791
2011-05-14,31.018,0.001,56.51,3.215
2011-05-15,31.584,0.002,53.1,2.891
2011-05-16,31.162,0.023,53.88,2.861
2011-05-17,32.502,0.125,54.38,2.248
2011-05-18,31.877,0.0,56.93,3.664
2011-05-19,31.032,0.004,62.04,5.503
2011-05-20,30.879,0.033,66.36,7.309
2011-05-21,30.604,0.416,68.57,7.594
2011-05-22,30.926,0.45,66.75,6.053
2011-05-23,31.146,0.164,64.97,4.622
2011-05-24,31.126,0.036,63.16,4.254
2011-05-25,31.121,0.01,60.58,3.994
2011-05-26,31.433,0.006,58.79,3.386
2011-05-27,32.229,0.003,54.25,2.701
2011-05-28,32.155,0.002,54.44,2.842
2011-05-29,32.437,0.0,53.73,3.014
2011-05-30,32.167,0.002,58.29,3.6
2011-05-31,31.357,0.022,62.94,5.33
2011-06-01,31.343,0.225,64.88,5.388
2011-06-02,31.72,0.177,62.42,3.81
2011-06-03,31.425,0.129,62.72,1.672
2011-06-04,32.487,3.848,59.98,1.292
2011-06-05,32.257,4.144,65.51,2.744
2011-06-06,33.364,0.458,61.17,2.377
2011-06-07,31.501,0.024,67.6,5.076
2011-06-08,31.151,0.007,66.57,5.28
2011-06-09,31.299,0.074,64.57,4.113
2011-06-10,31.179,0.457,63.37,4.286
2011-06-11,30.391,0.219,64.58,4.824
2011-06-12,29.918,0.45,69.34,6.26
2011-06-13,29.725,1.01,71.15,5.361
2011-06-14,30.172,1.43,70.22,5.562
2011-06-15,29.847,1.867,72.0,5.774
2011-06-16,29.654,2.754,74.44,5.888
2011-06-17,30.524,1.226,67.79,6.364
2011-06-18,30.283,1.229,68.84,6.378
2011-06-19,29.831,0.932,71.88,5.697
2011-06-20,30.257,1.506,69.08,5.733
2011-06-21,30.581,1.418,66.84,5.03
2011-06-22,30.751,1.119,64.94,5.268
2011-06-23,30.114,0.652,67.69,5.446
2011-06-24,29.465,1.893,70.06,5.299
2011-06-25,29.816,0.815,67.46,5.411
2011-06-26,30.333,0.637,66.52,5.751
2011-06-27,30.063,0.63,68.41,5.644
2011-06-28,29.71,1.289,70.22,5.755
2011-06-29,29.282,1.315,72.61,6.022
2011-06-30,29.37,1.63,73.03,6.3
2011-07-01,29.296,1.297,72.21,5.877
2011-07-02,28.714,1.463,74.37,5.605
2011-07-03,28.538,1.183,75.1,5.387
2011-07-04,28.875,0.839,74.56,4.504
2011-07-05,29.928,1.523,68.87,3.685
2011-07-06,27.423,14.582,82.89,2.373
2011-07-07,26.915,12.673,87.56,1.799
2011-07-08,26.383,35.276,91.19,3.034
2011-07-09,25.739,40.797,90.26,4.36
2011-07-10,26.143,16.55,86.88,3.917
2011-07-11,26.79,14.136,87.78,3.937
2011-07-12,27.909,2.529,81.15,3.346
2011-07-13,27.102,6.3,85.22,2.952
2011-07-14,27.066,3.573,85.71,2.882
2011-07-15,27.64,1.342,83.61,3.484
2011-07-16,27.808,2.037,83.91,3.255
2011-07-17,28.377,5.75,82.84,0.915
2011-07-18,27.265,66.899,90.99,3.974
2011-07-19,27.381,12.007,87.22,3.829
2011-07-20,27.92,2.157,81.38,5.186
2011-07-21,27.714,1.928,81.09,5.533
2011-07-22,27.712,2.026,81.31,4.768
2011-07-23,26.219,6.585,91.38,3.436
2011-07-24,26.852,7.864,87.08,2.11
2011-07-25,26.917,8.787,88.57,2.588
2011-07-26,27.63,2.785,84.48,3.577
2011-07-27,27.448,4.235,85.53,3.945
2011-07-28,27.708,9.821,84.96,4.136
2011-07-29,27.145,12.775,86.4,3.391
2011-07-30,26.813,19.806,88.26,3.311
2011-07-31,26.641,16.889,88.16,3.878
2011-08-01,26.855,14.503,87.87,4.11
2011-08-02,27.4,5.089,85.3,3.565
2011-08-03,27.352,3.176,85.06,3.638
2011-08-04,26.654,6.45,89.39,3.885
2011-08-05,27.407,2.18,85.53,4.375
2011-08-06,27.889,2.584,82.37,4.592
2011-08-07,27.708,2.357,82.29,4.861
2011-08-08,26.746,15.428,88.85,5.067
2011-08-09,26.31,31.943,91.53,5.267
2011-08-10,26.536,10.568,88.43,5.855
2011-08-11,26.874,6.618,86.09,5.541
2011-08-12,26.433,14.998,89.29,4.705
2011-08-13,26.61,13.729,89.21,3.753
2011-08-14,26.739,17.676,88.35,4.779
2011-08-15,26.579,12.009,87.8,5.067
2011-08-16,26.734,4.813,87.16,4.513
2011-08-17,26.996,1.483,85.75,4.091
2011-08-18,26.811,2.669,85.43,3.532
2011-08-19,26.993,2.676,87.01,2.677
2011-08-20,25.936,13.936,90.47,1.169
2011-08-21,25.927,20.854,91.33,1.345
2011-08-22,26.772,5.248,88.17,2.243
2011-08-23,27.25,6.292,87.13,2.334
2011-08-24,26.603,14.086,89.8,2.551
2011-08-25,26.057,16.885,91.15,2.958
2011-08-26,25.728,28.626,92.62,2.892
2011-08-27,25.585,30.221,92.77,2.828
2011-08-28,25.992,33.556,91.93,1.861
2011-08-29,26.327,8.166,90.81,0.94
2011-08-30,26.687,2.817,87.84,3.602
2011-08-31,27.435,3.847,84.28,2.942
2011-09-01,27.088,6.888,86.76,2.619
2011-09-02,26.562,6.747,89.76,2.891
2011-09-03,27.278,9.289,87.68,2.646
2011-09-04,27.122,7.511,87.73,4.607
2011-09-05,27.051,8.327,86.39,7.063
2011-09-06,26.725,16.721,87.1,6.674
2011-09-07,27.324,6.883,82.67,6.234
2011-09-08,27.27,3.777,83.32,5.738
2011-09-09,26.893,2.782,86.24,4.612
2011-09-10,26.732,4.854,88.95,3.368
2011-09-11,25.625,20.199,90.59,3.238
2011-09-12,26.245,4.671,87.59,4.255
2011-09-13,27.045,1.216,83.42,4.043
2011-09-14,27.156,5.788,86.21,2.347
2011-09-15,27.217,9.164,86.4,2.635
2011-09-16,27.099,1.23,82.32,4.098
2011-09-17,26.585,4.225,85.69,3.667
2011-09-18,26.504,1.503,81.02,3.417
2011-09-19,26.508,1.016,80.65,2.436
2011-09-20,26.438,1.423,82.7,2.225
2011-09-21,26.179,1.044,77.85,2.464
2011-09-22,26.169,1.75,81.95,2.129
2011-09-23,26.501,0.904,80.36,1.956
2011-09-24,26.697,1.07,80.74,2.387
2011-09-25,26.71,0.968,80.95,2.424
2011-09-26,26.5,0.89,79.71,1.888
2011-09-27,26.631,0.505,77.41,2.196
2011-09-28,26.738,0.379,78.36,1.802
2011-09-29,27.239,0.441,77.36,1.543
2011-09-30,27.671,0.235,77.14,1.362
2011-10-01,27.977,0.05,72.96,1.396
2011-10-02,27.782,0.114,72.17,1.469
2011-10-03,27.295,0.148,71.61,1.876
2011-10-04,26.988,0.14,71.57,1.506
2011-10-05,27.835,0.156,69.43,1.125
2011-10-06,28.525,0.002,64.59,1.861
2011-10-07,28.773,0.032,63.5,1.869
2011-10-08,28.678,0.111,63.69,2.281
2011-10-09,29.286,0.02,58.69,2.65
2011-10-10,29.854,0.002,51.61,2.667
2011-10-11,29.987,0.012,51.99,2.151
2011-10-12,30.228,0.001,51.05,2.156
2011-10-13,30.393,0.013,56.5,0.685
2011-10-14,30.777,0.036,55.27,1.514
2011-10-15,31.181,0.006,52.76,0.494
2011-10-16,30.03,1.006,68.9,1.663
2011-10-17,29.938,0.854,68.28,0.807
2011-10-18,30.328,0.145,61.87,0.779
2011-10-19,29.807,0.001,56.41,0.866
2011-10-20,28.851,0.054,60.75,0.706
2011-10-21,28.429,0.001,55.4,0.747
2011-10-22,28.439,0.001,41.22,2.234
2011-10-23,28.142,0.001,41.71,1.803
2011-10-24,28.454,0.001,43.83,1.811
2011-10-25,28.456,0.0,45.75,1.487
2011-10-26,28.093,0.001,46.23,1.794
2011-10-27,28.0,0.001,44.21,2.101
2011-10-28,27.89,0.001,44.11,2.186
2011-10-29,27.837,0.002,44.44,2.07
2011-10-30,27.662,0.001,45.16,1.822
2011-10-31,28.457,0.0,41.23,2.002
2011-11-01,27.958,0.002,44.22,1.844
2011-11-02,28.366,0.0,43.62,2.236
2011-11-03,28.372,0.001,43.14,1.576
2011-11-04,28.27,0.001,45.54,1.63
2011-11-05,28.505,0.001,45.45,1.953
2011-11-06,28.352,0.0,48.31,1.568
2011-11-07,28.418,0.0,47.93,1.311
2011-11-08,28.464,0.002,46.23,1.351
2011-11-09,28.29,0.001,43.27,1.812
2011-11-10,28.147,0.0,44.67,1.532
2011-11-11,27.664,0.001,45.23,1.9
2011-11-12,27.703,0.0,47.54,1.454
2011-11-13,28.329,0.0,48.19,1.757
2011-11-14,28.358,0.001,44.16,1.499
2011-11-15,27.806,0.0,45.93,1.753
2011-11-16,27.01,0.003,45.28,1.871
2011-11-17,26.488,0.0,44.83,1.609
2011-11-18,26.589,0.002,44.74,1.714
2011-11-19,26.707,0.001,45.82,2.028
2011-11-20,26.951,0.002,42.88,2.33
2011-11-21,26.945,0.0,41.31,2.418
2011-11-22,26.249,0.003,42.53,2.438
2011-11-23,25.537,0.001,43.38,2.809
2011-11-24,25.598,0.001,44.91,2.382
2011-11-25,25.633,0.0,44.66,2.601
2011-11-26,26.166,0.001,44.98,2.189
2011-11-27,27.871,0.001,48.94,2.699
2011-11-28,28.307,0.0,51.15,2.824
2011-11-29,28.444,0.002,48.35,2.81
2011-11-30,27.837,0.0,49.86,2.12
2011-12-01,26.867,0.001,47.48,2.149
2011-12-02,26.231,0.0,39.89,2.71
2011-12-03,26.616,0.001,40.12,2.355
2011-12-04,26.913,0.0,49.72,1.729
2011-12-05,26.786,0.0,55.57,1.572
2011-12-06,25.995,0.0,53.53,1.63
2011-12-07,25.956,0.0,51.42,1.819
2011-12-08,25.859,0.002,53.08,0.73
2011-12-09,25.584,0.001,50.09,1.892
2011-12-10,24.011,0.0,45.36,2.956
2011-12-11,22.406,0.0,35.29,3.053
2011-12-12,22.607,0.002,39.83,2.947
2011-12-13,22.798,0.002,42.3,2.696
2011-12-14,22.512,0.001,47.12,2.297
2011-12-15,23.049,0.001,49.05,2.264
2011-12-16,23.391,0.0,47.34,1.996
2011-12-17,23.666,0.001,47.81,1.465
2011-12-18,23.587,0.0,46.18,2.179
2011-12-19,23.221,0.0,48.77,1.977
2011-12-20,22.712,0.001,48.46,2.142
2011-12-21,22.987,0.001,49.98,2.138
2011-12-22,22.554,0.0,54.07,2.272
2011-12-23,22.758,0.0,53.43,1.993
2011-12-24,22.547,0.001,52.14,2.217
2011-12-25,21.902,0.0,52.4,2.432
2011-12-26,20.902,0.001,50.31,1.91
2011-12-27,20.41,0.0,49.43,2.209
2011-12-28,21.143,0.002,51.68,2.308
2011-12-29,21.793,0.0,48.49,2.632
2011-12-30,21.615,0.001,46.71,2.824
2011-12-31,21.921,0.001,47.55,3.397
2012-01-01,20.259,0.001,49.37,3.503
2012-01-02,20.665,0.001,53.09,3.065
2012-01-03,21.102,0.001,60.51,2.366
2012-01-04,20.807,0.001,53.78,1.494
2012-01-05,21.465,0.003,52.53,1.838
2012-01-06,21.865,0.001,66.06,1.111
2012-01-07,21.02,0.001,52.99,1.858
2012-01-08,19.519,0.001,39.7,2.649
2012-01-09,19.367,0.0,48.74,3.134
2012-01-10,19.716,0.0,45.99,3.136
2012-01-11,19.72,0.001,41.64,3.129
2012-01-12,20.157,0.001,39.01,3.052
2012-01-13,20.438,0.0,39.1,2.745
2012-01-14,20.897,0.0,41.5,1.57
2012-01-15,21.207,0.001,48.35,0.784
2012-01-16,21.204,0.001,63.5,1.514
2012-01-17,20.758,0.0,50.44,2.077
2012-01-18,19.028,0.0,52.07,1.42
2012-01-19,18.952,0.001,55.62,0.59
2012-01-20,18.945,0.0,43.03,2.573
2012-01-21,20.283,0.002,43.16,2.623
2012-01-22,20.668,0.0,57.74,0.945
2012-01-23,21.109,0.001,50.57,2.022
2012-01-24,21.517,0.0,43.41,1.585
2012-01-25,22.16,0.002,46.75,2.137
2012-01-26,21.373,0.001,43.64,2.899
2012-01-27,20.951,0.002,44.89,2.42
2012-01-28,20.18,0.001,39.65,3.078
2012-01-29,20.66,0.0,42.78,3.248
2012-01-30,22.051,0.0,48.98,3.473
2012-01-31,22.036,0.002,45.25,3.623
2012-02-01,22.076,0.001,40.84,3.308
2012-02-02,22.82,0.001,47.35,1.989
2012-02-03,23.838,0.0,46.88,0.489
2012-02-04,22.886,0.001,49.72,2.294
2012-02-05,22.872,0.001,51.46,2.786
2012-02-06,22.065,0.001,42.36,3.172
2012-02-07,19.589,0.0,35.5,3.76
2012-02-08,16.559,0.002,26.62,3.443
2012-02-09,17.999,0.003,26.58,3.444
2012-02-10,19.866,0.002,32.99,3.334
2012-02-11,22.042,0.001,37.8,1.883
2012-02-12,22.314,0.001,45.71,1.008
2012-02-13,22.663,0.002,57.65,1.642
2012-02-14,23.118,0.001,45.48,2.263
2012-02-15,21.913,0.001,36.87,2.424
2012-02-16,20.981,0.0,40.51,2.58
2012-02-17,23.389,0.001,40.28,3.146
2012-02-18,24.565,0.001,39.23,3.103
2012-02-19,25.393,0.001,40.47,2.504
2012-02-20,25.617,0.0,38.51,1.962
2012-02-21,25.392,0.001,34.51,1.679
2012-02-22,25.417,0.001,40.18,2.331
2012-02-23,24.967,0.002,36.01,2.472
2012-02-24,23.542,0.001,29.48,2.807
2012-02-25,23.488,0.0,29.2,2.661
2012-02-26,24.293,0.002,33.02,2.235
2012-02-27,25.149,0.002,34.88,2.107
2012-02-28,24.508,0.0,32.23,1.809
2012-02-29,23.828,0.001,40.91,1.73
2012-03-01,22.692,0.0,46.95,1.454
2012-03-02,23.34,0.0,61.39,1.514
2012-03-03,24.438,0.001,53.91,1.299
2012-03-04,26.205,0.0,45.8,1.105
2012-03-05,26.656,0.001,35.14,1.508
2012-03-06,24.252,0.003,52.29,1.557
2012-03-07,23.726,0.003,47.71,1.253
2012-03-08,23.399,0.002,44.41,1.258
2012-03-09,22.786,0.0,24.96,2.325
2012-03-10,23.792,0.001,22.84,2.369
2012-03-11,24.665,0.002,31.17,0.641
2012-03-12,24.237,0.0,37.16,2.124
2012-03-13,24.868,0.004,33.22,3.427
2012-03-14,26.315,0.002,24.4,2.822
2012-03-15,27.343,0.002,26.91,2.234
2012-03-16,27.884,0.0,31.63,1.293
2012-03-17,27.396,0.003,36.21,1.318
2012-03-18,27.701,0.0,32.7,1.535
2012-03-19,27.762,0.0,32.52,1.452
2012-03-20,27.649,0.0,34.21,2.295
2012-03-21,27.065,0.0,22.99,2.602
2012-03-22,27.37,0.002,24.3,2.394
2012-03-23,28.63,0.001,24.63,2.487
2012-03-24,29.076,0.002,23.81,2.597
2012-03-25,29.104,0.003,24.66,2.153
2012-03-26,28.92,0.0,28.97,1.953
2012-03-27,29.646,0.001,39.04,1.292
2012-03-28,31.03,0.001,33.24,2.571
2012-03-29,30.919,0.001,31.5,1.759
2012-03-30,30.409,0.0,38.6,1.192
2012-03-31,29.811,0.0,46.91,1.866
2012-04-01,31.717,0.002,30.19,2.09
2012-04-02,31.774,0.002,30.93,1.464
2012-04-03,30.503,0.001,45.02,2.309
2012-04-04,30.398,0.0,48.08,2.635
2012-04-05,29.716,0.0,48.63,2.816
2012-04-06,29.136,0.0,49.51,3.102
2012-04-07,29.343,0.0,53.68,2.669
2012-04-08,30.049,0.0,48.8,1.846
2012-04-09,30.063,0.001,43.13,2.129
2012-04-10,29.988,0.002,50.56,2.502
2012-04-11,29.77,0.0,48.03,2.72
2012-04-12,29.269,0.001,49.74,3.658
2012-04-13,28.272,0.003,57.77,3.709
2012-04-14,29.893,0.002,51.11,1.392
2012-04-15,31.89,0.002,39.63,1.828
2012-04-16,32.176,0.002,38.78,1.553
2012-04-17,31.482,0.0,36.38,1.706
2012-04-18,31.258,0.002,42.07,1.607
2012-04-19,32.222,0.001,34.99,2.758
2012-04-20,29.572,0.118,41.54,2.596
2012-04-21,31.173,0.017,37.44,2.571
2012-04-22,30.523,-0.0,39.84,2.01
2012-04-23,29.516,0.001,45.25,1.915
2012-04-24,29.644,0.0,51.01,1.835
2012-04-25,30.743,0.001,43.7,1.554
2012-04-26,31.203,0.0,39.28,2.044
2012-04-27,32.024,0.002,35.02,2.466
2012-04-28,31.466,0.0,39.31,2.109
2012-04-29,30.795,0.0,45.79,2.147
2012-04-30,30.806,0.0,49.85,3.729
2012-05-01,30.405,0.002,51.11,3.998
2012-05-02,29.692,0.001,58.91,4.057
2012-05-03,29.96,0.001,60.63,4.424
2012-05-04,29.218,0.003,65.13,5.455
2012-05-05,29.176,0.005,66.02,5.258
2012-05-06,28.971,0.014,65.9,4.571
2012-05-07,29.833,0.011,61.55,3.197
2012-05-08,31.09,0.008,57.39,2.173
2012-05-09,31.919,0.192,54.23,1.972
2012-05-10,31.688,0.207,55.98,2.393
2012-05-11,31.313,0.002,51.83,2.41
2012-05-12,30.466,0.002,57.14,3.646
2012-05-13,29.863,0.007,61.92,3.969
2012-05-14,30.361,0.011,59.85,3.005
2012-05-15,31.238,0.001,52.46,2.492
2012-05-16,30.868,0.002,53.06,3.632
2012-05-17,30.686,0.002,55.52,3.666
2012-05-18,31.485,0.0,47.0,2.355
2012-05-19,32.015,0.0,46.89,2.129
2012-05-20,31.948,0.001,52.3,2.543
2012-05-21,30.872,0.0,58.13,3.569
2012-05-22,30.911,0.003,60.88,3.97
2012-05-23,30.755,0.008,61.24,3.844
2012-05-24,30.914,0.002,60.2,3.827
2012-05-25,30.792,0.002,59.62,3.62
2012-05-26,31.006,0.0,57.38,3.047
2012-05-27,30.664,0.003,57.91,3.435
2012-05-28,30.835,0.004,58.88,3.878
2012-05-29,30.922,0.007,59.29,3.911
2012-05-30,30.626,0.004,60.97,4.468
2012-05-31,29.931,0.026,63.82,5.656
2012-06-01,29.998,0.049,64.45,6.034
2012-06-02,30.297,0.13,66.04,5.979
2012-06-03,30.294,0.103,65.35,5.626
2012-06-04,30.44,0.13,66.48,5.618
2012-06-05,30.405,0.15,63.27,5.001
2012-06-06,30.163,0.16,66.65,4.71
2012-06-07,30.596,0.322,64.72,4.214
2012-06-08,30.574,0.118,65.06,4.178
2012-06-09,29.95,0.383,69.95,4.576
2012-06-10,29.268,1.668,72.81,5.309
2012-06-11,29.625,0.786,70.93,4.732
2012-06-12,31.339,4.481,66.28,2.624
2012-06-13,30.467,1.298,70.22,3.601
2012-06-14,30.511,0.731,70.11,4.497
2012-06-15,30.463,0.854,70.26,5.214
2012-06-16,29.516,4.958,75.15,4.92
2012-06-17,30.0,2.853,71.28,4.21
2012-06-18,30.907,0.26,65.39,4.836
2012-06-19,31.118,0.713,63.72,5.421
2012-06-20,30.625,0.749,65.69,5.436
2012-06-21,30.521,0.324,64.65,5.61
2012-06-22,30.247,1.013,67.11,5.446
2012-06-23,30.116,1.558,68.49,5.455
2012-06-24,29.805,1.988,71.71,5.628
2012-06-25,30.602,0.551,67.05,5.965
2012-06-26,30.209,1.238,69.1,5.926
2012-06-27,29.572,1.541,72.6,5.829
2012-06-28,29.118,1.534,74.37,5.163
2012-06-29,29.664,0.894,70.52,4.662
2012-06-30,30.383,0.35,67.69,4.197
2012-07-01,30.338,1.332,69.65,3.711
2012-07-02,30.823,0.416,68.01,2.537
2012-07-03,29.861,12.922,72.19,3.275
2012-07-04,27.854,14.699,83.83,2.959
2012-07-05,27.543,15.055,83.96,3.467
2012-07-06,27.635,2.685,85.48,4.772
2012-07-07,27.097,6.58,85.43,5.424
2012-07-08,27.835,2.05,82.82,4.763
2012-07-09,28.567,3.591,81.5,4.458
2012-07-10,26.893,16.059,89.0,2.971
2012-07-11,27.545,9.344,84.24,4.006
2012-07-12,28.298,2.493,82.63,4.271
2012-07-13,28.352,3.018,81.68,4.695
2012-07-14,28.268,1.516,79.89,4.673
2012-07-15,27.952,2.179,80.73,4.609
2012-07-16,28.25,2.166,81.05,3.937
2012-07-17,28.27,3.337,81.32,3.598
2012-07-18,27.821,4.047,82.07,4.293
2012-07-19,28.359,2.168,79.01,5.014
2012-07-20,29.063,1.284,77.17,4.954
2012-07-21,29.314,0.797,75.24,4.542
2012-07-22,29.078,0.975,74.41,4.896
2012-07-23,27.933,5.833,80.58,4.429
2012-07-24,27.839,3.53,83.59,4.817
2012-07-25,28.711,0.814,77.84,5.81
2012-07-26,29.235,0.987,72.98,5.728
2012-07-27,28.646,1.874,76.4,4.865
2012-07-28,28.099,2.789,79.21,5.269
2012-07-29,26.915,9.844,86.07,4.013
2012-07-30,26.617,6.214,88.23,4.002
2012-07-31,26.931,7.203,85.65,4.159
2012-08-01,28.379,2.099,77.95,4.973
2012-08-02,28.535,1.469,75.61,5.196
2012-08-03,28.564,1.921,75.43,6.311
2012-08-04,28.253,1.143,77.36,6.535
2012-08-05,28.534,2.181,78.08,5.68
2012-08-06,28.761,1.419,75.59,3.946
2012-08-07,27.685,5.882,80.55,3.633
2012-08-08,27.087,3.421,83.21,3.954
2012-08-09,27.26,1.302,81.37,4.335
2012-08-10,26.265,9.058,89.23,3.108
2012-08-11,27.88,7.179,78.12,3.881
2012-08-12,26.302,29.443,88.91,4.033
2012-08-13,26.599,10.802,87.29,4.4
2012-08-14,27.462,1.524,80.42,5.139
2012-08-15,27.546,1.423,79.22,4.774
2012-08-16,27.377,1.303,79.29,4.289
2012-08-17,27.615,0.764,77.01,3.832
2012-08-18,27.749,1.458,78.5,3.607
2012-08-19,27.885,0.844,77.25,3.659
2012-08-20,26.981,1.908,83.84,4.159
2012-08-21,27.052,2.087,82.73,4.87
2012-08-22,26.291,3.236,86.77,4.97
2012-08-23,27.426,1.389,81.27,4.853
2012-08-24,27.78,1.273,81.09,4.414
2012-08-25,27.852,2.274,79.15,3.824
2012-08-26,27.448,8.341,81.2,3.203
2012-08-27,26.083,17.373,89.75,3.019
2012-08-28,26.65,8.993,88.67,2.107
2012-08-29,27.623,7.574,85.97,1.757
2012-08-30,27.868,3.667,85.72,1.578
2012-08-31,27.496,9.278,87.39,1.875
2012-09-01,27.399,7.434,86.28,2.675
2012-09-02,28.118,1.877,83.72,3.167
2012-09-03,26.747,32.606,91.33,1.932
2012-09-04,25.382,92.806,96.22,1.271
2012-09-05,26.373,13.803,90.6,2.883
2012-09-06,25.842,41.598,92.82,5.731
2012-09-07,26.365,13.337,88.07,5.615
2012-09-08,26.799,5.155,85.74,5.967
2012-09-09,26.569,7.279,88.48,4.728
2012-09-10,25.109,74.11,91.23,3.067
2012-09-11,26.408,2.502,87.81,3.349
2012-09-12,26.764,1.887,86.57,4.539
2012-09-13,26.615,5.598,86.37,5.109
2012-09-14,26.753,2.378,84.3,5.106
2012-09-15,27.11,1.739,83.68,4.334
2012-09-16,27.029,1.286,82.27,3.873
2012-09-17,27.002,1.264,80.63,3.398
2012-09-18,26.498,2.131,84.2,2.782
2012-09-19,26.939,0.979,81.38,1.873
2012-09-20,27.469,0.759,82.49,2.336
2012-09-21,27.682,2.717,81.52,2.068
2012-09-22,26.6,13.7,86.4,1.936
2012-09-23,26.405,8.719,85.45,1.74
2012-09-24,26.197,5.888,83.15,1.935
2012-09-25,25.846,4.122,85.52,1.893
2012-09-26,26.799,0.614,81.88,1.294
2012-09-27,27.321,0.074,76.51,1.97
2012-09-28,27.58,0.068,77.83,1.876
2012-09-29,28.405,0.028,71.56,2.226
2012-09-30,29.145,0.001,64.97,2.644
2012-10-01,29.701,0.002,63.47,2.178
2012-10-02,29.678,1.004,77.05,1.381
2012-10-03,28.602,2.138,82.77,3.635
2012-10-04,28.541,1.199,78.83,3.13
2012-10-05,28.23,0.026,73.04,2.031
2012-10-06,28.694,0.202,73.97,1.523
2012-10-07,27.807,1.406,80.58,0.801
2012-10-08,29.526,0.088,69.65,0.399
2012-10-09,29.455,0.176,68.08,0.873
2012-10-10,28.525,0.001,65.25,0.325
2012-10-11,28.088,0.0,57.7,0.927
2012-10-12,27.784,0.001,62.5,0.903
2012-10-13,27.543,0.001,62.94,1.077
2012-10-14,27.847,0.0,62.17,0.427
2012-10-15,28.272,0.002,61.39,0.173
2012-10-16,28.046,0.002,60.66,1.409
2012-10-17,28.187,0.001,55.49,1.731
2012-10-18,27.973,0.001,55.46,1.863
2012-10-19,28.163,0.001,55.12,1.18
2012-10-20,28.216,0.0,54.06,0.999
2012-10-21,28.499,0.007,47.56,2.472
2012-10-22,28.165,0.002,50.58,2.342
2012-10-23,28.464,0.003,51.68,1.894
2012-10-24,28.554,-0.0,51.49,1.321
2012-10-25,27.95,0.0,47.96,1.768
2012-10-26,27.298,0.0,41.21,2.562
2012-10-27,26.947,0.0,48.45,2.295
2012-10-28,27.154,0.002,49.4,2.299
2012-10-29,26.384,0.0,45.4,1.802
2012-10-30,25.782,0.0,47.57,1.845
2012-10-31,25.422,0.001,45.52,2.555
2012-11-01,25.72,0.003,44.48,2.988
2012-11-02,26.146,0.001,42.35,3.149
2012-11-03,26.382,0.0,45.92,2.7
2012-11-04,25.701,0.0,42.15,2.663
2012-11-05,25.382,0.001,41.78,2.394
2012-11-06,24.715,0.0,40.54,2.259
2012-11-07,24.999,0.001,39.22,2.255
2012-11-08,25.157,0.0,38.88,2.033
2012-11-09,25.631,0.001,41.01,2.104
2012-11-10,26.249,0.001,43.7,2.045
2012-11-11,26.127,0.0,49.1,1.639
2012-11-12,26.542,0.003,48.87,1.512
2012-11-13,26.635,0.001,51.41,1.374
2012-11-14,26.464,0.0,51.38,1.457
2012-11-15,25.965,0.0,48.85,1.516
2012-11-16,25.06,0.001,46.89,1.787
2012-11-17,24.297,0.0,41.89,2.336
2012-11-18,24.222,0.001,40.15,2.463
2012-11-19,24.012,0.002,43.47,2.086
2012-11-20,23.631,0.0,46.26,2.281
2012-11-21,23.591,0.0,43.21,1.96
2012-11-22,23.348,0.001,44.54,1.557
2012-11-23,23.53,0.0,49.22,1.851
2012-11-24,23.902,0.0,46.87,2.413
2012-11-25,24.402,0.001,43.82,2.488
2012-11-26,24.31,0.001,48.74,2.24
2012-11-27,24.181,0.003,51.15,1.765
2012-11-28,23.439,0.001,53.01,1.174
2012-11-29,23.587,0.001,48.38,1.083
2012-11-30,23.688,0.0,49.21,2.634
2012-12-01,23.101,0.001,49.23,2.088
2012-12-02,23.973,0.002,54.47,1.604
2012-12-03,25.617,0.002,55.43,1.57
2012-12-04,25.712,0.001,48.3,2.654
2012-12-05,25.226,0.001,42.55,2.786
2012-12-06,25.614,0.001,45.99,2.237
2012-12-07,26.43,0.001,47.61,2.24
2012-12-08,26.282,0.001,46.3,2.318
2012-12-09,25.007,0.0,47.78,1.42
2012-12-10,24.117,0.003,61.7,0.793
2012-12-11,23.544,0.001,60.51,1.283
2012-12-12,22.872,0.0,49.64,1.163
2012-12-13,22.917,0.002,58.63,1.371
2012-12-14,23.23,0.001,67.85,0.695
2012-12-15,24.295,0.001,54.36,2.349
2012-12-16,24.683,0.001,53.61,2.906
2012-12-17,25.14,0.0,50.68,2.136
2012-12-18,24.867,0.0,48.42,2.597
2012-12-19,24.18,0.001,49.78,2.655
2012-12-20,23.273,0.002,46.13,2.616
2012-12-21,23.477,0.001,45.22,2.575
2012-12-22,24.219,0.0,48.09,2.561
2012-12-23,24.468,0.0,50.85,2.449
2012-12-24,24.204,0.0,45.38,2.813
2012-12-25,22.755,0.001,39.73,2.733
2012-12-26,21.995,0.001,37.58,2.416
2012-12-27,21.769,0.001,39.71,1.843
2012-12-28,21.089,0.0,42.89,1.569
2012-12-29,21.326,0.0,48.01,2.515
2012-12-30,21.554,0.0,53.66,2.676
