date,temp_c,precip_mm,humidity_pct,wind_speed_ms
2000-01-01,12.598,0.0,72.26,0.985
2000-01-02,12.588,0.002,72.12,1.317
2000-01-03,12.356,0.0,73.42,1.799
2000-01-04,12.0,0.002,75.31,1.282
2000-01-05,11.992,0.003,74.41,1.912
2000-01-06,12.04,0.0,77.22,2.432
2000-01-07,12.264,0.003,76.07,1.08
2000-01-08,12.788,0.002,76.05,0.087
2000-01-09,13.318,0.198,73.74,2.069
2000-01-10,15.07,0.017,70.53,0.593
2000-01-11,15.665,0.109,66.22,1.418
2000-01-12,14.789,16.145,75.88,4.329
2000-01-13,13.088,8.089,87.56,2.366
2000-01-14,10.247,0.214,73.52,0.531
2000-01-15,8.536,0.0,68.45,2.339
2000-01-16,9.062,0.001,68.53,3.079
2000-01-17,10.574,0.001,63.22,3.291
2000-01-18,13.296,0.001,58.12,4.144
2000-01-19,13.887,0.001,65.55,4.128
2000-01-20,12.784,0.0,67.69,3.621
2000-01-21,13.529,0.154,69.43,2.131
2000-01-22,13.713,0.074,73.36,0.983
2000-01-23,13.41,0.006,72.16,2.425
2000-01-24,12.839,0.001,68.69,1.377
2000-01-25,12.909,10.829,76.43,2.484
2000-01-26,12.925,2.02,76.33,0.67
2000-01-27,12.941,0.041,74.58,2.321
2000-01-28,13.23,0.001,67.76,4.118
2000-01-29,12.568,0.0,61.08,3.855
2000-01-30,13.956,0.001,67.69,0.259
2000-01-31,16.106,1.17,64.73,5.652
2000-02-01,12.305,10.583,78.36,3.43
2000-02-02,12.648,0.349,77.53,1.854
2000-02-03,13.287,0.005,69.85,0.745
2000-02-04,13.071,15.16,76.1,2.913
2000-02-05,11.346,10.05,85.45,2.451
2000-02-06,11.436,1.201,83.18,0.485
2000-02-07,12.27,0.038,79.23,1.945
2000-02-08,12.396,0.306,79.32,1.606
2000-02-09,13.596,0.579,73.71,1.597
2000-02-10,14.045,9.447,76.07,3.47
2000-02-11,12.118,5.477,79.57,2.656
2000-02-12,10.835,3.189,83.74,0.612
2000-02-13,11.425,0.155,73.7,2.038
2000-02-14,12.343,0.0,68.73,2.638
2000-02-15,12.65,0.008,68.52,1.734
2000-02-16,12.355,0.009,63.8,1.113
2000-02-17,11.883,0.344,62.74,1.231
2000-02-18,11.483,0.006,60.77,1.254
2000-02-19,11.334,0.008,60.9,1.278
2000-02-20,11.721,0.97,58.43,1.205
2000-02-21,12.038,0.0,60.89,1.22
2000-02-22,12.208,0.003,59.5,2.172
2000-02-23,13.505,0.001,58.14,3.479
2000-02-24,13.479,0.0,56.06,3.768
2000-02-25,13.109,0.002,54.64,3.006
2000-02-26,13.325,0.014,57.06,2.09
2000-02-27,14.898,0.001,54.04,2.563
2000-02-28,17.6,0.002,47.91,3.96
2000-02-29,17.923,0.064,52.21,2.501
2000-03-01,17.383,0.011,56.7,0.695
2000-03-02,17.38,0.009,48.24,1.621
2000-03-03,18.083,0.102,46.04,0.659
2000-03-04,19.304,2.974,47.51,4.166
2000-03-05,17.232,0.57,59.03,1.315
2000-03-06,17.829,0.018,56.02,0.758
2000-03-07,17.704,0.002,38.46,1.844
2000-03-08,17.636,0.0,42.65,4.14
2000-03-09,18.089,0.0,38.41,4.827
2000-03-10,19.979,0.002,35.94,1.534
2000-03-11,20.872,0.022,39.44,2.587
2000-03-12,18.231,1.649,50.75,2.915
2000-03-13,17.351,1.366,51.91,0.446
2000-03-14,19.019,0.009,43.25,2.431
2000-03-15,20.158,0.002,34.29,4.761
2000-03-16,21.203,0.001,30.96,2.213
2000-03-17,21.646,0.175,34.38,1.934
2000-03-18,19.775,0.085,35.95,0.923
2000-03-19,19.808,0.0,26.55,3.484
2000-03-20,21.734,0.005,22.45,2.957
2000-03-21,19.989,3.284,41.93,3.521
2000-03-22,18.976,6.916,52.18,3.059
2000-03-23,17.272,3.701,64.78,0.834
2000-03-24,18.659,0.02,56.27,2.024
2000-03-25,20.371,0.0,48.03,1.946
2000-03-26,22.019,0.0,48.93,0.808
2000-03-27,23.261,0.001,45.79,0.864
2000-03-28,23.579,0.002,45.03,0.904
2000-03-29,24.996,0.001,43.22,0.808
2000-03-30,25.978,0.0,39.56,1.686
2000-03-31,27.263,0.001,28.12,1.878
2000-04-01,26.401,0.0,31.05,3.265
2000-04-02,25.503,0.0,28.58,4.211
2000-04-03,25.655,0.001,24.41,2.941
2000-04-04,26.235,0.001,24.86,0.875
2000-04-05,26.557,0.004,21.43,2.674
2000-04-06,25.954,0.001,21.23,3.443
2000-04-07,26.872,0.002,21.26,2.621
2000-04-08,27.862,0.0,19.66,3.686
2000-04-09,27.021,0.001,21.83,3.612
2000-04-10,27.166,0.001,23.3,1.576
2000-04-11,27.74,0.001,23.44,0.371
2000-04-12,28.265,0.001,24.52,1.691
2000-04-13,29.452,0.22,24.35,0.171
2000-04-14,29.769,0.343,23.47,1.62
2000-04-15,28.048,0.023,31.9,1.614
2000-04-16,28.133,0.0,28.0,0.529
2000-04-17,29.578,0.001,23.75,1.82
2000-04-18,30.465,0.046,24.03,0.541
2000-04-19,31.426,0.195,22.85,0.516
2000-04-20,32.108,0.079,21.46,1.322
2000-04-21,31.549,0.807,24.46,0.279
2000-04-22,29.022,3.459,36.16,1.925
2000-04-23,27.672,1.761,42.3,0.85
2000-04-24,30.225,0.002,27.93,2.395
2000-04-25,30.986,0.003,22.28,0.972
2000-04-26,29.264,1.336,43.19,2.506
2000-04-27,27.076,8.464,58.46,1.913
2000-04-28,29.4,0.203,30.85,0.547
2000-04-29,30.581,0.0,17.68,1.827
2000-04-30,31.805,0.002,14.53,3.775
2000-05-01,32.248,0.001,13.72,4.549
2000-05-02,32.248,0.001,17.07,0.958
2000-05-03,32.298,0.001,33.13,3.437
2000-05-04,31.234,2.767,43.98,3.903
2000-05-05,28.845,23.885,54.19,3.22
2000-05-06,24.831,25.482,66.49,2.933
2000-05-07,26.815,0.038,55.71,2.174
2000-05-08,27.987,0.026,54.78,2.251
2000-05-09,29.349,0.051,51.17,2.398
2000-05-10,30.314,0.037,51.23,1.842
2000-05-11,31.76,0.079,49.42,1.368
2000-05-12,30.479,4.01,57.36,1.19
2000-05-13,28.241,8.813,68.97,0.951
2000-05-14,30.915,0.099,55.15,1.591
2000-05-15,31.601,1.337,47.05,2.007
2000-05-16,32.211,0.172,39.98,2.423
2000-05-17,32.166,0.906,37.5,2.589
2000-05-18,33.307,0.004,30.24,2.825
2000-05-19,33.627,0.005,28.77,1.895
2000-05-20,33.606,0.035,36.48,1.68
2000-05-21,31.896,0.134,52.15,3.506
2000-05-22,30.381,0.192,57.97,4.326
2000-05-23,30.82,0.708,57.1,4.106
2000-05-24,32.547,0.093,48.52,0.729
2000-05-25,33.165,0.607,43.1,0.892
2000-05-26,33.847,0.04,30.55,1.166
2000-05-27,31.692,3.222,42.7,0.455
2000-05-28,34.281,0.006,29.44,3.265
2000-05-29,33.145,1.355,35.6,1.864
2000-05-30,33.32,0.489,36.89,0.668
2000-05-31,30.602,2.002,57.4,1.393
2000-06-01,32.068,0.045,45.44,0.198
2000-06-02,32.927,0.005,45.21,1.726
2000-06-03,30.869,8.34,61.2,2.809
2000-06-04,27.654,23.687,70.38,2.822
2000-06-05,30.055,0.012,56.1,1.407
2000-06-06,30.273,0.638,61.47,2.047
2000-06-07,27.242,41.689,76.69,0.649
2000-06-08,25.172,96.973,82.73,1.79
2000-06-09,25.609,10.848,82.61,1.971
2000-06-10,27.802,0.242,68.23,1.363
2000-06-11,28.856,0.01,61.09,1.068
2000-06-12,29.959,0.009,56.92,0.317
2000-06-13,30.883,0.011,58.56,0.549
2000-06-14,31.649,0.6,60.4,0.849
2000-06-15,32.053,0.447,60.52,1.323
2000-06-16,29.583,0.823,71.34,3.348
2000-06-17,29.115,2.973,74.15,3.285
2000-06-18,29.556,0.668,73.57,3.887
2000-06-19,29.149,1.224,73.96,3.818
2000-06-20,28.879,0.623,74.7,3.135
2000-06-21,29.352,7.626,75.1,2.001
2000-06-22,29.005,5.8,73.87,1.189
2000-06-23,28.471,1.382,69.77,0.239
2000-06-24,29.722,3.465,65.74,0.951
2000-06-25,28.577,10.5,76.54,1.602
2000-06-26,28.022,13.448,78.59,2.074
2000-06-27,27.957,10.318,79.6,2.055
2000-06-28,27.809,4.221,80.56,2.554
2000-06-29,27.272,10.179,81.64,3.367
2000-06-30,28.156,2.152,77.39,3.294
2000-07-01,27.822,7.65,80.27,2.615
2000-07-02,27.879,3.18,78.39,2.477
2000-07-03,28.13,2.393,77.71,2.092
2000-07-04,28.662,2.015,77.01,1.78
2000-07-05,30.241,0.121,68.9,0.629
2000-07-06,31.338,0.862,65.76,0.477
2000-07-07,28.658,4.605,80.15,3.44
2000-07-08,27.318,4.844,82.28,3.147
2000-07-09,28.154,11.723,80.45,2.231
2000-07-10,27.607,5.883,85.66,2.772
2000-07-11,27.567,17.937,82.52,3.205
2000-07-12,28.732,1.243,78.25,1.324
2000-07-13,29.653,4.588,76.46,0.83
2000-07-14,28.551,9.323,80.97,1.921
2000-07-15,27.638,8.905,83.93,2.43
2000-07-16,26.898,11.497,86.04,2.998
2000-07-17,26.725,26.552,89.8,1.733
2000-07-18,26.618,6.048,88.58,1.798
2000-07-19,25.897,12.265,92.1,1.243
2000-07-20,27.301,7.612,83.79,2.008
2000-07-21,26.654,8.266,81.27,3.274
2000-07-22,25.625,1.522,82.44,4.827
2000-07-23,26.481,1.549,82.05,2.724
2000-07-24,26.298,4.98,84.64,2.761
2000-07-25,25.962,2.513,87.69,1.572
2000-07-26,27.874,1.407,81.14,0.638
2000-07-27,26.872,4.482,86.26,2.19
2000-07-28,26.892,5.95,87.43,2.021
2000-07-29,28.205,2.296,81.36,1.342
2000-07-30,27.902,2.159,83.69,1.034
2000-07-31,27.646,5.197,83.78,0.646
2000-08-01,27.951,1.405,78.61,0.757
2000-08-02,27.095,5.35,79.57,1.305
2000-08-03,27.302,1.564,76.48,2.165
2000-08-04,27.796,0.466,75.43,2.653
2000-08-05,28.192,0.3,75.18,2.619
2000-08-06,28.972,0.032,73.45,1.487
2000-08-07,29.716,0.436,74.87,1.691
2000-08-08,29.992,1.084,74.06,0.499
2000-08-09,28.271,7.16,80.66,1.884
2000-08-10,26.094,11.017,86.08,2.786
2000-08-11,26.283,2.544,80.29,2.274
2000-08-12,27.525,4.224,79.54,1.614
2000-08-13,28.359,1.39,78.83,1.2
2000-08-14,28.196,2.869,81.16,1.451
2000-08-15,27.219,7.931,84.97,0.965
2000-08-16,26.781,3.177,84.13,2.134
2000-08-17,27.644,3.106,81.94,1.232
2000-08-18,27.95,4.074,82.8,1.63
2000-08-19,27.895,2.65,82.32,0.834
2000-08-20,28.121,1.339,81.95,0.55
2000-08-21,27.54,2.921,82.97,1.406
2000-08-22,26.843,1.824,86.31,1.856
2000-08-23,28.302,1.662,79.92,0.851
2000-08-24,28.81,0.491,75.74,0.894
2000-08-25,28.361,1.478,82.21,1.902
2000-08-26,27.86,2.057,83.02,1.681
2000-08-27,27.754,4.769,83.66,0.959
2000-08-28,26.998,7.813,85.76,1.509
2000-08-29,26.65,25.96,86.91,0.601
2000-08-30,26.029,31.479,89.21,0.755
2000-08-31,26.289,17.141,86.31,0.573
2000-09-01,26.659,2.523,82.62,0.387
2000-09-02,27.565,0.17,78.72,1.314
2000-09-03,28.222,0.56,80.72,0.319
2000-09-04,28.239,2.724,81.77,0.784
2000-09-05,27.162,1.189,83.64,1.457
2000-09-06,26.551,3.616,86.65,1.48
2000-09-07,27.305,2.357,83.21,1.054
2000-09-08,27.101,1.092,81.83,0.648
2000-09-09,26.59,3.096,80.6,0.504
2000-09-10,26.36,1.113,79.13,1.408
2000-09-11,25.899,0.38,76.19,1.783
2000-09-12,26.147,0.002,73.02,1.431
2000-09-13,27.255,0.013,73.83,2.27
2000-09-14,27.47,0.147,74.88,1.712
2000-09-15,27.42,0.109,75.9,1.306
2000-09-16,27.142,0.26,75.04,0.296
2000-09-17,27.363,0.021,70.24,0.51
2000-09-18,27.367,0.068,72.31,1.114
2000-09-19,26.159,1.233,80.83,2.556
2000-09-20,25.701,1.241,79.6,1.185
2000-09-21,25.78,0.243,72.98,0.69
2000-09-22,25.773,0.13,69.82,1.105
2000-09-23,25.392,0.015,66.68,1.109
2000-09-24,25.728,0.0,60.3,2.153
2000-09-25,25.514,0.118,61.06,0.56
2000-09-26,24.821,1.707,61.62,1.158
2000-09-27,25.075,0.572,57.37,2.024
2000-09-28,24.654,0.0,52.33,1.276
2000-09-29,24.381,0.0,53.92,0.782
2000-09-30,24.525,0.003,57.67,1.628
2000-10-01,24.808,0.007,62.58,0.759
2000-10-02,25.798,0.003,62.81,1.137
2000-10-03,25.804,0.001,62.84,0.744
2000-10-04,25.916,0.0,64.51,1.027
2000-10-05,26.068,0.001,66.41,1.357
2000-10-06,26.406,0.005,67.78,1.016
2000-10-07,26.589,0.007,61.46,0.704
2000-10-08,26.364,0.082,56.45,1.519
2000-10-09,25.827,0.112,50.71,1.526
2000-10-10,25.621,0.001,44.99,2.14
2000-10-11,25.099,0.0,43.88,2.451
2000-10-12,24.807,0.002,43.08,2.747
2000-10-13,24.761,0.001,41.4,3.289
2000-10-14,24.473,0.0,40.43,3.19
2000-10-15,23.761,0.0,42.41,2.898
2000-10-16,23.382,0.001,52.68,0.808
2000-10-17,23.589,0.0,57.67,0.609
2000-10-18,23.932,0.001,57.16,0.831
2000-10-19,24.427,0.0,59.77,0.772
2000-10-20,24.571,0.0,58.26,1.113
2000-10-21,24.286,0.003,52.69,1.47
2000-10-22,23.3,0.0,59.99,1.2
2000-10-23,23.612,0.002,60.79,1.735
2000-10-24,23.949,0.003,58.61,0.775
2000-10-25,23.518,0.001,48.74,1.327
2000-10-26,22.764,0.0,50.59,1.036
2000-10-27,21.983,0.001,54.87,1.127
2000-10-28,22.425,0.002,53.56,0.708
2000-10-29,21.967,0.002,60.0,1.743
2000-10-30,21.833,0.003,62.49,0.64
2000-10-31,21.809,0.0,61.33,0.939
2000-11-01,22.3,0.006,64.61,1.305
2000-11-02,22.137,0.018,66.17,0.725
2000-11-03,22.218,0.001,62.54,1.441
2000-11-04,22.099,0.001,63.34,1.516
2000-11-05,21.975,0.0,63.42,1.611
2000-11-06,21.704,0.003,61.41,1.314
2000-11-07,21.081,0.0,61.14,0.661
2000-11-08,22.233,0.0,48.05,0.986
2000-11-09,22.934,0.001,42.84,3.245
2000-11-10,20.773,0.001,43.93,3.738
2000-11-11,20.036,0.0,47.63,2.832
2000-11-12,18.78,0.001,58.23,0.908
2000-11-13,19.577,0.108,57.76,0.848
2000-11-14,19.704,0.002,45.14,2.637
2000-11-15,17.799,0.001,45.88,1.589
2000-11-16,17.413,0.0,52.5,0.648
2000-11-17,17.983,0.002,45.82,0.753
2000-11-18,19.043,0.03,54.01,2.642
2000-11-19,18.879,0.002,48.58,1.814
2000-11-20,17.719,0.001,53.09,1.406
2000-11-21,17.738,0.001,55.04,1.161
2000-11-22,18.96,0.001,56.23,0.963
2000-11-23,19.172,0.005,64.01,0.573
2000-11-24,19.006,0.0,53.66,3.096
2000-11-25,17.321,0.001,54.77,3.501
2000-11-26,15.683,0.0,58.84,1.446
2000-11-27,15.635,0.006,57.6,0.451
2000-11-28,15.419,0.004,55.92,1.642
2000-11-29,14.756,0.0,48.83,2.585
2000-11-30,14.25,0.0,44.14,3.185
2000-12-01,13.842,0.001,47.07,3.021
2000-12-02,13.063,0.001,48.0,2.069
2000-12-03,13.689,0.0,48.9,1.704
2000-12-04,15.561,0.001,45.89,3.752
2000-12-05,14.847,0.004,50.98,2.65
2000-12-06,14.366,0.0,54.63,2.252
2000-12-07,14.868,0.001,52.79,2.092
2000-12-08,16.22,0.0,53.8,2.027
2000-12-09,14.717,0.002,52.75,2.68
2000-12-10,13.962,0.0,58.75,1.806
2000-12-11,13.568,0.0,55.66,2.764
2000-12-12,12.377,0.001,53.85,2.312
2000-12-13,12.728,0.0,54.36,2.323
2000-12-14,13.848,0.001,59.85,2.287
2000-12-15,14.611,0.001,63.58,1.911
2000-12-16,15.03,0.002,65.47,0.743
2000-12-17,15.818,0.0,60.96,0.625
2000-12-18,15.724,0.001,66.54,3.043
2000-12-19,14.377,0.001,65.84,3.617
2000-12-20,13.418,0.001,56.67,2.542
2000-12-21,12.626,0.001,59.74,2.021
2000-12-22,12.211,0.0,63.12,1.195
2000-12-23,12.543,0.001,65.54,1.319
2000-12-24,13.383,0.001,64.4,1.655
2000-12-25,12.811,0.001,65.3,1.958
2000-12-26,12.26,0.001,67.49,1.299
2000-12-27,12.926,0.003,67.03,0.533
2000-12-28,13.075,0.001,64.19,1.21
2000-12-29,13.455,0.0,64.69,1.886
2000-12-30,14.377,0.188,65.07,0.323
2000-12-31,15.389,2.052,63.95,2.123
2001-01-01,12.35,12.068,86.54,0.428
2001-01-02,12.44,0.02,82.0,1.336
2001-01-03,12.441,0.001,76.55,3.047
2001-01-04,11.583,0.0,77.32,3.249
2001-01-05,10.398,0.001,73.19,2.546
2001-01-06,10.007,0.0,79.26,0.355
2001-01-07,9.398,0.003,81.39,1.236
2001-01-08,9.56,0.001,77.76,2.227
2001-01-09,10.203,0.002,72.93,2.779
2001-01-10,10.064,0.001,69.02,2.89
2001-01-11,9.982,0.002,70.9,2.237
2001-01-12,10.067,0.357,70.52,1.867
2001-01-13,10.84,0.0,73.13,2.619
2001-01-14,10.811,0.002,71.89,2.7
2001-01-15,10.414,0.003,70.4,1.552
2001-01-16,10.435,0.001,77.67,1.908
2001-01-17,10.848,0.0,76.22,1.755
2001-01-18,10.976,0.0,76.01,1.807
2001-01-19,11.851,0.0,70.68,1.692
2001-01-20,12.125,0.0,66.99,0.607
2001-01-21,13.167,0.001,61.28,1.17
2001-01-22,11.826,11.891,76.33,2.095
2001-01-23,11.41,0.037,73.32,3.067
2001-01-24,11.182,0.0,53.23,5.665
2001-01-25,12.112,0.001,54.17,4.654
2001-01-26,13.721,0.0,53.47,4.481
2001-01-27,13.48,0.001,55.27,3.989
2001-01-28,13.733,0.001,58.79,2.268
2001-01-29,14.388,0.001,57.79,0.648
2001-01-30,16.587,0.001,54.63,0.314
2001-01-31,15.591,0.0,61.89,2.236
2001-02-01,12.446,0.001,55.82,3.12
2001-02-02,12.627,-0.0,57.63,3.736
2001-02-03,12.062,0.0,54.68,2.482
2001-02-04,12.143,0.002,58.98,0.81
2001-02-05,13.243,0.003,50.71,1.714
2001-02-06,14.143,0.002,49.71,3.031
2001-02-07,15.303,0.002,42.48,3.736
2001-02-08,16.301,0.0,40.76,4.846
2001-02-09,15.279,0.002,42.95,3.985
2001-02-10,15.365,0.0,42.6,3.419
2001-02-11,14.472,0.001,44.06,2.152
2001-02-12,15.19,0.0,40.34,1.64
2001-02-13,17.482,0.009,36.49,1.971
2001-02-14,18.885,0.855,44.04,3.539
2001-02-15,16.684,0.511,63.5,1.879
2001-02-16,17.326,0.004,63.11,1.116
2001-02-17,18.007,0.005,58.67,0.839
2001-02-18,18.84,0.006,52.23,2.844
2001-02-19,18.27,0.001,46.32,2.998
2001-02-20,17.643,2.395,56.74,1.337
2001-02-21,17.566,0.289,60.46,1.967
2001-02-22,17.922,0.015,55.53,2.637
2001-02-23,20.306,0.539,49.92,0.615
2001-02-24,20.787,0.291,49.12,1.323
2001-02-25,17.205,2.207,62.6,1.22
2001-02-26,16.644,0.005,42.06,2.227
2001-02-27,16.482,0.002,39.7,1.268
2001-02-28,16.351,0.001,37.23,2.04
2001-03-01,16.621,0.004,35.05,2.838
2001-03-02,17.179,0.001,33.91,2.244
2001-03-03,17.243,0.0,38.5,1.765
2001-03-04,17.507,0.0,40.67,1.908
2001-03-05,18.065,0.001,41.61,2.657
2001-03-06,18.493,0.001,38.96,2.29
2001-03-07,19.373,0.001,37.9,1.036
2001-03-08,19.842,0.0,36.81,1.037
2001-03-09,19.977,0.008,37.24,0.678
2001-03-10,20.524,0.006,36.8,1.804
2001-03-11,21.004,0.001,38.86,1.5
2001-03-12,21.853,0.002,38.51,1.263
2001-03-13,22.128,0.804,41.21,2.554
2001-03-14,20.96,1.236,45.6,1.683
2001-03-15,21.077,0.002,39.03,2.017
2001-03-16,20.64,0.0,32.29,3.366
2001-03-17,20.995,0.0,34.69,3.471
2001-03-18,21.734,0.0,33.34,2.2
2001-03-19,24.064,0.116,38.2,0.522
2001-03-20,22.108,2.729,48.36,2.625
2001-03-21,21.08,12.344,58.54,1.766
2001-03-22,19.939,0.975,58.64,0.778
2001-03-23,20.485,0.007,47.64,1.948
2001-03-24,21.895,0.001,38.41,3.11
2001-03-25,23.139,0.013,35.51,3.569
2001-03-26,23.466,0.001,39.53,2.987
2001-03-27,24.466,0.0,36.57,1.893
2001-03-28,23.281,15.265,51.43,3.199
2001-03-29,21.185,2.911,52.9,4.888
2001-03-30,19.364,2.635,58.12,1.884
2001-03-31,19.716,0.255,54.94,0.547
2001-04-01,20.93,0.102,49.07,1.436
2001-04-02,22.273,0.005,46.38,0.98
2001-04-03,23.338,0.16,39.03,0.822
2001-04-04,24.472,0.487,32.16,1.418
2001-04-05,24.867,0.05,28.56,1.135
2001-04-06,26.078,0.001,28.09,1.641
2001-04-07,26.613,0.0,28.61,2.946
2001-04-08,27.353,0.027,30.55,2.097
2001-04-09,27.845,0.156,31.48,2.765
2001-04-10,28.758,0.064,27.55,3.149
2001-04-11,28.132,0.916,29.64,1.215
2001-04-12,26.61,1.566,35.51,2.62
2001-04-13,26.363,3.625,39.26,3.487
2001-04-14,24.083,2.803,52.71,2.836
2001-04-15,23.454,6.026,62.88,1.383
2001-04-16,23.128,4.299,63.54,1.318
2001-04-17,22.294,11.149,68.56,1.066
2001-04-18,22.558,0.566,61.61,0.361
2001-04-19,22.417,5.013,62.36,1.131
2001-04-20,22.679,0.096,58.15,3.431
2001-04-21,24.336,0.0,44.69,4.63
2001-04-22,26.083,0.002,37.38,4.063
2001-04-23,27.56,0.001,31.32,2.707
2001-04-24,29.033,0.001,32.32,1.046
2001-04-25,30.077,0.002,28.57,2.847
2001-04-26,29.768,1.781,29.52,1.05
2001-04-27,31.176,0.11,21.63,2.672
2001-04-28,31.01,0.613,24.08,2.576
2001-04-29,31.62,0.001,21.61,2.575
2001-04-30,32.403,0.001,18.84,1.986
2001-05-01,31.858,0.77,26.51,1.155
2001-05-02,30.082,1.271,37.65,1.413
2001-05-03,29.088,2.512,38.89,0.96
2001-05-04,29.818,0.001,39.31,2.048
2001-05-05,30.743,0.001,44.79,1.998
2001-05-06,32.123,0.556,43.56,3.262
2001-05-07,31.784,0.003,46.41,2.955
2001-05-08,32.855,0.049,32.23,1.904
2001-05-09,34.253,0.0,21.0,4.872
2001-05-10,34.933,0.0,19.89,4.483
2001-05-11,33.87,0.0,35.39,2.982
2001-05-12,32.992,0.006,46.3,3.851
2001-05-13,32.792,0.462,44.27,3.35
2001-05-14,32.164,0.853,45.24,2.597
2001-05-15,29.423,8.773,56.14,3.129
2001-05-16,26.804,9.74,65.14,3.038
2001-05-17,26.835,7.767,64.59,1.554
2001-05-18,25.88,3.924,69.41,0.994
2001-05-19,27.64,1.866,62.59,0.512
2001-05-20,26.653,3.595,70.67,0.226
2001-05-21,28.825,0.068,54.07,1.21
2001-05-22,30.047,0.155,45.6,2.094
2001-05-23,31.664,0.0,39.02,3.767
2001-05-24,32.89,0.003,26.09,3.447
2001-05-25,33.825,0.02,23.6,2.007
2001-05-26,32.05,2.789,36.0,2.067
2001-05-27,31.123,0.373,47.67,2.375
2001-05-28,30.564,2.568,52.9,0.412
2001-05-29,29.66,1.491,52.24,1.664
2001-05-30,30.36,0.587,51.83,1.59
2001-05-31,31.666,0.076,47.38,1.206
2001-06-01,32.023,0.677,52.66,1.551
2001-06-02,31.101,2.205,59.83,2.495
2001-06-03,30.434,4.92,62.46,2.351
2001-06-04,27.461,8.624,72.52,2.696
2001-06-05,26.003,14.734,78.78,0.952
2001-06-06,28.363,4.33,64.51,0.898
2001-06-07,28.226,2.084,66.61,0.284
2001-06-08,29.178,0.345,57.98,0.367
2001-06-09,29.99,0.955,57.72,1.308
2001-06-10,30.407,1.329,59.33,2.095
2001-06-11,31.413,0.4,57.91,2.604
2001-06-12,31.874,0.511,55.96,2.46
2001-06-13,31.631,6.304,60.0,2.654
2001-06-14,29.436,5.864,68.37,1.093
2001-06-15,29.429,1.651,67.42,0.072
2001-06-16,26.541,8.302,81.0,1.755
2001-06-17,28.255,2.021,72.12,1.443
2001-06-18,30.093,1.451,63.66,0.395
2001-06-19,30.148,0.229,59.13,0.919
2001-06-20,31.382,1.784,55.13,0.748
2001-06-21,30.153,4.639,68.02,0.999
2001-06-22,28.574,12.601,75.36,2.306
2001-06-23,27.404,22.017,77.59,2.206
2001-06-24,27.298,23.568,81.26,1.339
2001-06-25,27.259,15.174,80.4,1.578
2001-06-26,27.26,12.92,82.22,1.464
2001-06-27,28.686,1.236,76.66,0.472
2001-06-28,29.687,1.525,74.58,0.939
2001-06-29,28.192,25.394,81.95,2.629
2001-06-30,26.646,2.419,86.18,1.789
2001-07-01,28.094,8.037,83.58,0.478
2001-07-02,27.693,15.971,83.98,1.995
2001-07-03,28.114,4.697,79.12,1.867
2001-07-04,28.975,2.763,77.33,2.197
2001-07-05,29.664,2.704,75.93,0.446
2001-07-06,29.41,8.047,78.23,0.198
2001-07-07,26.935,12.482,87.54,1.976
2001-07-08,29.267,0.214,77.87,0.467
2001-07-09,30.31,8.713,75.0,0.598
2001-07-10,28.467,26.474,83.12,1.328
2001-07-11,28.385,9.057,79.12,2.153
2001-07-12,29.082,5.175,75.85,2.761
2001-07-13,28.307,4.522,80.25,1.44
2001-07-14,26.894,13.332,87.28,0.712
2001-07-15,26.487,22.408,88.39,0.379
2001-07-16,25.269,32.462,92.64,1.905
2001-07-17,26.815,2.666,83.07,1.328
2001-07-18,28.366,1.389,81.31,0.406
2001-07-19,29.362,0.924,76.52,0.93
2001-07-20,27.385,11.894,87.95,2.201
2001-07-21,26.348,16.09,89.92,2.437
2001-07-22,27.647,3.745,83.56,2.506
2001-07-23,27.973,2.807,78.49,2.226
2001-07-24,28.902,3.093,78.66,1.323
2001-07-25,28.24,11.32,82.66,1.296
2001-07-26,27.234,5.008,86.62,1.281
2001-07-27,27.695,6.307,85.55,0.851
2001-07-28,27.371,6.056,88.13,1.018
2001-07-29,27.402,9.832,85.07,0.533
2001-07-30,27.907,1.912,81.04,1.367
2001-07-31,28.312,0.666,79.05,2.534
2001-08-01,28.52,0.648,75.2,3.535
2001-08-02,29.051,0.293,74.18,1.384
2001-08-03,28.116,0.888,81.91,2.722
2001-08-04,28.506,0.451,76.28,1.515
2001-08-05,28.484,0.286,74.4,0.75
2001-08-06,27.996,5.733,79.06,1.856
2001-08-07,27.989,6.479,79.48,1.82
2001-08-08,27.861,10.516,80.86,1.805
2001-08-09,27.532,8.257,84.22,1.866
2001-08-10,27.756,4.551,82.19,2.157
2001-08-11,29.099,1.044,75.48,1.299
2001-08-12,28.882,2.314,79.95,1.031
2001-08-13,27.563,48.545,87.01,1.396
2001-08-14,25.434,134.048,93.42,1.045
2001-08-15,28.094,0.252,78.81,0.364
2001-08-16,28.355,4.5,78.71,0.242
2001-08-17,27.775,1.52,84.34,1.586
2001-08-18,28.623,1.394,82.66,1.238
2001-08-19,28.493,2.356,82.39,1.255
2001-08-20,28.285,0.712,81.85,0.537
2001-08-21,28.233,1.345,82.56,0.797
2001-08-22,28.055,3.664,81.7,0.824
2001-08-23,27.459,3.622,82.46,0.384
2001-08-24,27.153,4.54,82.38,0.367
2001-08-25,27.963,0.415,77.62,1.601
2001-08-26,28.314,0.258,74.8,2.437
2001-08-27,28.375,0.13,74.87,1.354
2001-08-28,28.601,0.465,75.45,0.171
2001-08-29,28.017,1.065,78.38,0.877
2001-08-30,27.826,0.629,78.8,0.85
2001-08-31,27.69,2.539,80.78,0.87
2001-09-01,27.897,1.64,79.9,0.248
2001-09-02,28.268,0.604,77.3,0.551
2001-09-03,27.915,0.991,79.49,0.466
2001-09-04,27.284,1.866,79.98,0.928
2001-09-05,27.234,0.764,75.05,1.605
2001-09-06,26.983,0.25,75.87,1.831
2001-09-07,27.44,0.044,72.3,1.257
2001-09-08,27.747,0.038,72.62,1.716
2001-09-09,27.951,0.298,70.12,2.345
2001-09-10,27.643,0.284,68.07,1.286
2001-09-11,27.671,0.249,66.52,0.219
2001-09-12,27.234,0.678,70.2,1.15
2001-09-13,27.392,0.641,68.09,0.504
2001-09-14,26.623,2.384,73.31,0.642
2001-09-15,26.476,0.0,67.9,3.445
2001-09-16,26.087,0.0,65.97,2.829
2001-09-17,26.186,0.005,64.86,2.499
2001-09-18,26.573,0.001,62.42,1.429
2001-09-19,27.145,0.0,58.26,1.588
2001-09-20,27.461,0.0,53.69,1.61
2001-09-21,27.814,0.002,51.83,2.347
2001-09-22,27.069,0.002,55.03,1.702
2001-09-23,26.601,0.001,54.17,0.977
2001-09-24,26.679,0.002,56.32,0.547
2001-09-25,26.68,0.403,58.85,0.932
2001-09-26,26.393,0.002,53.44,1.46
2001-09-27,26.598,0.001,48.84,1.78
2001-09-28,26.385,0.002,51.09,0.828
2001-09-29,26.924,0.01,59.45,1.455
2001-09-30,26.772,1.382,69.21,1.33
2001-10-01,26.812,2.147,70.41,0.912
2001-10-02,26.263,2.143,74.35,0.445
2001-10-03,26.427,0.298,72.49,0.11
2001-10-04,26.532,0.573,71.4,0.546
2001-10-05,26.517,0.01,56.97,1.983
2001-10-06,25.532,0.001,52.04,0.964
2001-10-07,25.354,0.003,49.33,0.803
2001-10-08,25.943,0.001,53.05,0.399
2001-10-09,26.475,0.002,52.79,1.277
2001-10-10,26.174,0.006,52.73,0.699
2001-10-11,25.954,0.066,54.06,1.956
2001-10-12,25.314,0.232,50.53,0.543
2001-10-13,25.073,0.0,45.79,1.062
2001-10-14,24.364,0.001,41.27,1.756
2001-10-15,23.575,0.003,45.9,0.936
2001-10-16,23.172,0.001,43.02,2.067
2001-10-17,22.814,0.004,46.17,1.568
2001-10-18,23.019,0.002,45.22,1.638
2001-10-19,23.056,0.0,48.04,0.859
2001-10-20,22.842,0.0,56.14,1.13
2001-10-21,22.835,0.0,61.76,1.211
2001-10-22,23.162,0.001,60.41,0.519
2001-10-23,23.444,0.001,55.77,1.324
2001-10-24,23.695,0.002,53.77,1.418
2001-10-25,23.218,0.001,57.04,0.554
2001-10-26,23.216,0.001,59.01,1.094
2001-10-27,23.98,0.01,62.41,1.369
2001-10-28,24.039,0.041,65.3,0.436
2001-10-29,23.668,0.022,62.81,0.703
2001-10-30,23.585,0.002,60.31,0.964
2001-10-31,23.33,0.002,60.58,1.077
2001-11-01,24.002,0.0,51.25,1.628
2001-11-02,24.206,0.002,51.85,0.751
2001-11-03,24.515,0.268,42.94,3.31
2001-11-04,22.559,0.01,49.62,0.905
2001-11-05,21.396,0.0,51.28,1.791
2001-11-06,19.837,0.668,56.68,1.018
2001-11-07,19.366,0.003,47.28,1.809
2001-11-08,18.808,0.005,49.03,1.739
2001-11-09,18.335,0.002,46.32,1.661
2001-11-10,17.948,0.002,50.9,1.163
2001-11-11,18.504,0.001,51.48,1.729
2001-11-12,19.063,0.002,46.43,2.727
2001-11-13,18.582,0.0,53.43,0.799
2001-11-14,18.54,0.002,59.4,0.934
2001-11-15,19.124,0.0,61.33,0.613
2001-11-16,19.461,0.001,61.86,0.705
2001-11-17,19.198,0.0,63.17,1.769
2001-11-18,18.448,0.001,58.19,2.313
2001-11-19,17.526,0.001,62.83,0.542
2001-11-20,17.845,0.0,59.46,1.202
2001-11-21,17.925,0.002,60.79,1.028
2001-11-22,17.966,0.0,59.53,1.73
2001-11-23,17.521,0.0,56.16,2.321
2001-11-24,16.594,0.001,62.77,0.752
2001-11-25,17.141,0.001,60.18,1.27
2001-11-26,17.245,0.0,61.87,0.961
2001-11-27,16.902,0.016,65.41,0.98
2001-11-28,16.252,-0.0,59.7,2.213
2001-11-29,16.146,0.001,55.09,2.377
2001-11-30,17.463,0.0,45.75,4.009
2001-12-01,17.431,0.0,43.08,4.012
2001-12-02,16.878,0.0,47.79,3.576
2001-12-03,16.544,0.001,50.75,2.402
2001-12-04,17.021,0.002,51.36,2.396
2001-12-05,16.96,0.001,52.88,2.8
2001-12-06,16.376,0.001,51.34,2.775
2001-12-07,16.583,0.001,49.84,2.267
2001-12-08,16.581,0.003,49.68,2.862
2001-12-09,15.754,0.0,50.84,1.135
2001-12-10,16.119,1.481,57.7,2.868
2001-12-11,15.689,1.351,70.51,2.131
2001-12-12,15.959,0.0,64.19,2.347
2001-12-13,15.239,0.001,59.96,1.916
2001-12-14,15.192,0.132,70.21,0.969
2001-12-15,13.788,6.09,81.04,1.008
2001-12-16,14.547,0.001,68.58,2.221
2001-12-17,13.864,0.003,70.68,2.068
2001-12-18,14.42,0.572,65.38,1.886
2001-12-19,13.82,0.027,70.37,2.074
2001-12-20,12.931,0.0,64.89,2.727
2001-12-21,12.176,0.0,63.35,1.958
2001-12-22,12.451,0.001,65.27,1.141
2001-12-23,12.784,0.001,66.7,1.521
2001-12-24,13.119,0.0,68.48,1.069
2001-12-25,13.693,0.002,71.34,0.694
2001-12-26,13.296,0.001,74.33,0.509
2001-12-27,13.218,0.001,74.58,1.652
2001-12-28,11.189,0.02,82.69,1.445
2001-12-29,10.186,0.04,80.66,1.677
2001-12-30,10.196,0.002,75.33,2.035
2001-12-31,10.676,0.001,70.89,2.287
2002-01-01,10.017,0.0,73.29,1.239
2002-01-02,10.101,0.001,78.33,1.294
2002-01-03,10.935,0.006,79.41,1.066
2002-01-04,11.758,0.014,74.55,0.659
2002-01-05,12.367,0.003,75.26,1.146
2002-01-06,12.842,0.001,76.31,0.779
2002-01-07,12.908,0.003,70.28,1.783
2002-01-08,12.586,0.0,72.17,1.537
2002-01-09,12.245,0.002,71.47,1.686
2002-01-10,13.104,0.001,70.45,2.665
2002-01-11,14.608,0.001,60.67,4.49
2002-01-12,14.909,0.004,65.75,0.805
2002-01-13,15.689,0.394,71.4,3.341
2002-01-14,16.25,1.734,68.89,3.038
2002-01-15,14.698,20.346,82.88,3.18
2002-01-16,13.558,2.374,85.36,0.65
2002-01-17,12.45,2.502,82.85,0.695
2002-01-18,12.34,1.33,81.41,0.417
2002-01-19,12.269,4.336,82.72,0.716
2002-01-20,11.422,0.322,76.31,1.073
2002-01-21,11.002,-0.0,77.03,1.873
2002-01-22,11.017,0.001,78.84,1.54
2002-01-23,11.734,0.005,68.4,2.84
2002-01-24,11.759,0.0,62.22,3.436
2002-01-25,12.864,0.456,63.23,1.179
2002-01-26,12.199,4.151,71.21,1.241
2002-01-27,10.549,1.319,78.97,0.725
2002-01-28,10.281,0.017,74.18,1.756
2002-01-29,11.193,0.027,68.57,1.853
2002-01-30,11.223,0.002,61.05,2.209
2002-01-31,11.107,0.001,60.3,2.0
2002-02-01,11.758,0.001,59.08,2.419
2002-02-02,13.121,0.0,53.85,3.073
2002-02-03,12.64,0.001,54.65,3.747
2002-02-04,11.945,0.003,57.64,1.665
2002-02-05,13.322,0.787,61.46,1.708
2002-02-06,15.669,0.547,57.56,3.806
2002-02-07,13.461,22.059,81.64,2.257
2002-02-08,12.757,13.438,86.2,0.685
2002-02-09,10.746,0.017,66.45,2.256
2002-02-10,12.839,0.0,70.16,1.069
2002-02-11,13.476,27.612,84.35,1.35
2002-02-12,13.209,1.248,81.94,0.447
2002-02-13,13.213,0.0,67.98,2.97
2002-02-14,13.244,0.001,67.94,2.312
2002-02-15,14.906,0.0,69.5,1.979
2002-02-16,16.133,0.003,74.94,0.353
2002-02-17,16.447,0.012,78.43,1.299
2002-02-18,17.416,0.006,68.58,1.768
2002-02-19,17.038,0.001,59.76,2.768
2002-02-20,15.887,0.002,67.9,1.269
2002-02-21,16.939,0.08,63.47,0.862
2002-02-22,18.644,1.625,60.37,2.487
2002-02-23,17.104,1.153,65.71,2.293
2002-02-24,16.625,0.775,62.31,0.581
2002-02-25,15.453,0.057,63.14,1.36
2002-02-26,16.583,0.124,52.8,2.904
2002-02-27,16.083,0.002,60.8,3.174
2002-02-28,17.532,0.323,61.38,2.077
2002-03-01,16.532,13.452,76.8,2.109
2002-03-02,13.438,28.79,90.4,1.016
2002-03-03,14.747,0.02,69.44,3.184
2002-03-04,15.457,0.002,66.37,3.65
2002-03-05,16.194,0.004,64.13,2.757
2002-03-06,16.564,0.001,62.01,2.062
2002-03-07,17.722,0.002,62.45,1.145
2002-03-08,18.971,0.118,60.95,2.678
2002-03-09,19.096,1.011,55.84,2.572
2002-03-10,18.768,1.589,63.73,1.306
2002-03-11,18.215,0.001,61.14,3.63
2002-03-12,18.901,0.002,60.36,3.187
2002-03-13,19.164,0.003,59.37,2.735
2002-03-14,19.549,0.0,58.06,2.454
2002-03-15,19.87,0.001,55.72,2.766
2002-03-16,20.936,0.001,52.15,2.788
2002-03-17,22.131,0.001,51.23,1.946
2002-03-18,23.08,0.0,51.73,1.296
2002-03-19,23.52,0.001,52.05,1.205
2002-03-20,24.126,0.0,48.65,0.946
2002-03-21,22.818,1.523,56.26,0.618
2002-03-22,23.767,0.001,46.11,2.291
2002-03-23,23.814,0.113,44.29,2.199
2002-03-24,24.41,3.246,43.76,2.322
2002-03-25,22.383,2.773,47.09,2.08
2002-03-26,23.026,0.013,39.47,1.715
2002-03-27,22.945,0.002,41.76,1.344
2002-03-28,23.417,0.001,35.84,2.122
2002-03-29,24.447,0.001,30.56,2.712
2002-03-30,26.632,0.01,30.06,2.349
2002-03-31,26.695,0.762,34.52,1.137
2002-04-01,25.156,0.857,37.51,1.726
2002-04-02,24.798,0.009,26.15,2.332
2002-04-03,24.099,0.0,29.81,1.317
2002-04-04,25.485,0.002,30.63,1.25
2002-04-05,26.545,0.002,38.38,2.44
2002-04-06,26.968,1.084,41.58,1.39
2002-04-07,27.168,0.989,34.14,2.409
2002-04-08,25.966,0.914,34.18,2.95
2002-04-09,24.957,0.062,32.95,1.96
2002-04-10,25.125,0.035,30.63,1.795
2002-04-11,25.761,0.005,34.4,0.167
2002-04-12,27.082,0.0,34.57,0.94
2002-04-13,27.967,0.001,35.55,1.722
2002-04-14,29.344,0.003,32.63,0.915
2002-04-15,29.843,0.0,31.64,0.222
2002-04-16,31.285,0.0,25.87,1.953
2002-04-17,30.146,0.007,27.42,2.21
2002-04-18,31.01,0.0,18.24,3.852
2002-04-19,30.668,0.001,19.54,2.446
2002-04-20,31.436,0.002,17.45,1.776
2002-04-21,31.961,0.006,18.31,2.079
2002-04-22,32.365,0.044,20.24,0.974
2002-04-23,31.013,1.547,35.1,3.798
2002-04-24,28.948,2.703,42.56,4.078
2002-04-25,25.62,28.558,54.34,3.696
2002-04-26,25.362,0.002,43.37,2.873
2002-04-27,27.527,0.005,33.08,0.671
2002-04-28,26.548,2.266,40.8,2.504
2002-04-29,26.844,0.001,23.24,2.573
2002-04-30,28.296,0.002,24.53,1.157
2002-05-01,29.375,0.838,29.8,1.751
2002-05-02,28.809,0.052,31.53,1.231
2002-05-03,30.767,0.001,23.39,3.283
2002-05-04,32.132,0.001,21.01,3.853
2002-05-05,31.843,0.001,23.93,0.99
2002-05-06,31.464,0.704,32.74,2.286
2002-05-07,31.077,0.966,36.51,1.272
2002-05-08,33.297,0.001,19.56,3.16
2002-05-09,34.532,0.001,17.61,3.682
2002-05-10,34.642,0.0,15.73,3.455
2002-05-11,33.243,0.0,18.94,1.158
2002-05-12,32.608,0.001,31.04,2.236
2002-05-13,33.321,2.144,45.42,3.054
2002-05-14,33.816,0.734,47.96,1.883
2002-05-15,33.75,0.006,43.12,0.653
2002-05-16,33.362,0.008,37.52,0.714
2002-05-17,33.524,0.002,25.49,1.023
2002-05-18,33.685,-0.0,20.61,0.495
2002-05-19,33.195,0.068,21.47,2.765
2002-05-20,33.031,0.005,16.65,0.981
2002-05-21,32.816,0.001,14.7,2.059
2002-05-22,33.913,0.001,13.73,3.545
2002-05-23,34.314,0.251,19.53,1.73
2002-05-24,33.975,0.11,27.29,1.083
2002-05-25,30.401,1.605,52.21,4.2
2002-05-26,30.037,0.117,45.87,3.15
2002-05-27,30.927,0.253,44.34,1.428
2002-05-28,28.856,4.336,56.34,2.788
2002-05-29,26.598,8.063,63.59,1.244
2002-05-30,28.457,0.07,54.77,0.609
2002-05-31,29.691,0.055,48.57,0.58
2002-06-01,29.943,0.181,48.0,0.403
2002-06-02,30.71,0.069,42.19,0.344
2002-06-03,31.057,0.269,44.03,1.172
2002-06-04,31.819,0.089,40.18,0.607
2002-06-05,32.975,0.134,35.32,0.793
2002-06-06,33.088,0.398,42.03,1.247
2002-06-07,32.759,0.038,51.08,1.289
2002-06-08,34.069,0.008,46.83,1.604
2002-06-09,33.404,0.181,53.39,3.444
2002-06-10,34.234,0.017,45.64,2.562
2002-06-11,33.257,0.777,49.92,2.752
2002-06-12,31.137,0.967,57.83,2.694
2002-06-13,32.995,0.103,44.41,0.903
2002-06-14,33.386,0.365,43.41,0.544
2002-06-15,33.202,0.482,46.69,1.179
2002-06-16,32.398,0.217,50.64,1.878
2002-06-17,31.663,2.192,52.52,0.636
2002-06-18,32.383,0.073,48.15,3.052
2002-06-19,31.389,1.331,52.84,2.562
2002-06-20,32.769,0.004,47.0,2.914
2002-06-21,33.25,0.18,44.35,2.192
2002-06-22,33.782,0.022,46.48,1.696
2002-06-23,32.289,6.548,59.69,3.832
2002-06-24,29.111,11.448,70.51,3.181
2002-06-25,32.023,1.664,58.05,1.727
2002-06-26,30.481,4.368,66.55,2.501
2002-06-27,28.456,6.038,75.13,2.997
2002-06-28,30.313,1.231,65.03,2.017
2002-06-29,30.556,1.943,67.52,1.213
2002-06-30,32.102,0.333,58.26,0.49
2002-07-01,33.724,0.235,50.4,1.893
2002-07-02,33.182,1.35,55.8,0.196
2002-07-03,31.553,2.66,65.17,2.183
2002-07-04,30.737,7.172,67.68,1.495
2002-07-05,30.34,1.631,68.1,0.626
2002-07-06,31.583,0.487,60.16,2.553
2002-07-07,32.357,0.067,55.02,3.957
2002-07-08,33.56,0.06,48.55,3.884
2002-07-09,34.222,0.019,46.87,3.328
2002-07-10,33.56,0.304,47.71,4.0
2002-07-11,33.285,0.083,48.76,3.589
2002-07-12,33.598,0.111,45.47,2.271
2002-07-13,33.777,0.204,45.28,2.818
2002-07-14,34.027,0.155,44.27,3.036
2002-07-15,33.712,0.035,45.84,2.87
2002-07-16,33.17,0.516,50.93,0.436
2002-07-17,30.796,3.389,65.91,2.489
2002-07-18,30.685,5.179,65.83,1.974
2002-07-19,30.075,2.441,72.74,2.038
2002-07-20,31.035,4.148,67.66,0.134
2002-07-21,30.987,2.529,65.19,1.207
2002-07-22,30.413,3.292,65.51,1.926
2002-07-23,29.535,4.139,69.16,2.978
2002-07-24,31.03,0.498,61.41,3.448
2002-07-25,30.845,0.858,64.09,2.658
2002-07-26,30.806,1.939,62.75,2.39
2002-07-27,31.27,0.927,61.86,2.096
2002-07-28,31.098,1.26,61.35,1.786
2002-07-29,31.289,0.805,58.77,1.928
2002-07-30,30.792,1.435,60.88,1.293
2002-07-31,31.032,0.724,62.45,0.64
2002-08-01,30.349,1.089,67.25,1.91
2002-08-02,30.569,1.758,67.29,1.895
2002-08-03,27.889,6.895,80.26,3.131
2002-08-04,25.992,10.541,89.22,3.394
2002-08-05,29.177,0.654,74.06,2.145
2002-08-06,28.871,2.58,75.31,2.511
2002-08-07,30.446,0.315,64.92,1.507
2002-08-08,30.613,15.394,67.48,1.038
2002-08-09,29.674,8.815,76.82,1.584
2002-08-10,28.376,13.237,83.3,1.385
2002-08-11,26.754,27.883,90.86,1.552
2002-08-12,26.436,17.733,88.44,2.354
2002-08-13,25.241,39.685,91.06,3.44
2002-08-14,26.944,4.898,83.09,1.817
2002-08-15,27.856,2.736,82.65,0.567
2002-08-16,28.179,0.385,79.42,1.911
2002-08-17,28.922,0.281,77.21,0.191
2002-08-18,28.179,2.171,82.52,2.323
2002-08-19,28.277,1.75,81.28,0.502
2002-08-20,28.269,2.367,82.16,1.127
2002-08-21,26.711,2.258,82.95,3.128
2002-08-22,26.399,1.921,81.14,2.959
2002-08-23,27.748,0.397,73.34,2.36
2002-08-24,28.358,1.62,73.62,1.869
2002-08-25,28.4,0.681,73.59,2.603
2002-08-26,27.408,3.598,79.24,2.629
2002-08-27,28.102,1.472,77.51,0.467
2002-08-28,27.632,1.763,80.4,1.38
2002-08-29,26.236,12.191,88.32,1.718
2002-08-30,28.052,2.714,77.61,1.105
2002-08-31,27.626,12.75,78.41,1.356
2002-09-01,26.407,7.461,80.11,1.759
2002-09-02,27.385,8.929,79.81,0.935
2002-09-03,26.643,7.54,81.39,1.081
2002-09-04,26.323,2.252,81.02,1.622
2002-09-05,26.303,0.875,78.9,1.197
2002-09-06,25.897,1.448,79.37,0.316
2002-09-07,23.596,38.917,83.74,2.024
2002-09-08,23.975,11.159,84.39,0.677
2002-09-09,26.186,0.151,73.11,1.727
2002-09-10,25.526,1.68,77.54,0.868
2002-09-11,25.056,0.681,77.68,2.122
2002-09-12,23.609,119.223,86.6,1.213
2002-09-13,23.298,64.695,90.16,3.391
2002-09-14,24.587,5.003,86.45,2.013
2002-09-15,24.086,11.124,88.43,1.259
2002-09-16,24.799,2.458,87.92,1.193
2002-09-17,24.422,1.425,85.7,0.776
2002-09-18,23.774,2.667,84.42,0.354
2002-09-19,24.311,0.077,79.5,1.349
2002-09-20,24.841,0.007,75.78,2.679
2002-09-21,25.169,0.018,74.71,1.235
2002-09-22,25.565,0.101,79.76,0.978
2002-09-23,25.048,1.553,83.59,0.232
2002-09-24,25.057,0.24,79.17,0.363
2002-09-25,25.322,0.025,73.02,1.707
2002-09-26,24.701,0.001,67.63,3.039
2002-09-27,24.339,0.0,66.63,1.835
2002-09-28,23.975,0.001,69.86,1.203
2002-09-29,24.241,0.002,65.96,2.017
2002-09-30,23.781,0.0,64.22,2.132
2002-10-01,23.68,0.001,64.5,1.693
2002-10-02,23.865,0.002,61.51,2.313
2002-10-03,24.318,0.001,58.58,2.059
2002-10-04,24.014,0.001,62.82,0.845
2002-10-05,23.629,0.001,67.72,0.589
2002-10-06,23.778,0.001,71.75,1.234
2002-10-07,23.966,0.009,69.3,1.194
2002-10-08,23.991,0.016,68.16,1.087
2002-10-09,24.692,0.047,67.65,1.05
2002-10-10,23.981,0.588,74.06,1.178
2002-10-11,23.616,0.157,71.71,1.043
2002-10-12,23.323,0.67,72.54,2.246
2002-10-13,23.149,0.013,65.06,1.468
2002-10-14,22.783,0.088,63.9,0.781
2002-10-15,23.1,0.001,61.28,0.614
2002-10-16,22.973,0.001,63.02,0.705
2002-10-17,22.714,0.001,62.27,0.936
2002-10-18,22.275,0.007,65.58,0.689
2002-10-19,22.257,0.01,68.17,0.65
2002-10-20,22.622,0.0,65.35,0.614
2002-10-21,23.222,0.001,56.16,1.247
2002-10-22,22.251,0.015,54.41,1.429
2002-10-23,20.81,0.0,56.57,1.048
2002-10-24,21.026,0.006,57.47,1.876
2002-10-25,21.497,0.001,54.34,2.578
2002-10-26,21.561,0.001,56.76,1.932
2002-10-27,21.475,0.0,55.23,2.172
2002-10-28,20.939,0.0,54.99,1.407
2002-10-29,20.576,0.0,61.07,0.826
2002-10-30,21.18,0.002,59.92,1.273
2002-10-31,20.905,0.001,57.19,1.052
2002-11-01,20.496,0.0,56.66,1.017
2002-11-02,20.581,0.008,56.33,1.242
2002-11-03,20.688,0.004,59.44,1.009
2002-11-04,20.383,0.004,61.56,0.716
2002-11-05,20.473,0.005,61.82,0.678
2002-11-06,19.943,0.15,65.0,1.182
2002-11-07,19.727,0.191,63.58,0.657
2002-11-08,20.167,0.009,59.43,1.322
2002-11-09,20.027,0.002,57.67,0.93
2002-11-10,19.706,0.001,56.52,1.453
2002-11-11,19.678,0.0,58.09,1.402
2002-11-12,18.238,0.138,65.67,1.628
2002-11-13,18.56,0.045,62.93,2.51
2002-11-14,18.33,0.002,57.71,3.318
2002-11-15,18.379,0.002,61.13,1.762
2002-11-16,19.37,0.0,57.74,3.074
2002-11-17,19.187,0.003,59.82,2.434
2002-11-18,18.792,0.0,56.83,2.283
2002-11-19,19.366,0.0,47.68,2.352
2002-11-20,17.761,0.0,47.48,1.816
2002-11-21,17.241,0.002,54.65,0.859
2002-11-22,17.387,0.0,55.77,1.868
2002-11-23,17.9,0.0,55.26,1.822
2002-11-24,17.694,0.001,57.16,2.003
2002-11-25,17.146,0.002,55.83,2.004
2002-11-26,16.572,0.0,54.81,1.875
2002-11-27,16.497,0.003,54.62,1.973
2002-11-28,16.247,0.001,55.39,2.138
2002-11-29,15.897,0.002,58.53,2.491
2002-11-30,15.36,0.001,58.64,1.956
2002-12-01,15.567,0.003,54.41,2.596
2002-12-02,15.284,0.0,56.8,1.63
2002-12-03,15.024,0.0,61.03,0.331
2002-12-04,14.795,0.001,62.6,0.2
2002-12-05,14.626,0.003,66.01,0.901
2002-12-06,14.83,0.0,60.65,1.689
2002-12-07,15.057,0.001,51.74,2.228
2002-12-08,14.669,0.001,48.61,2.834
2002-12-09,14.318,0.001,52.75,3.097
2002-12-10,13.924,0.001,54.08,1.379
2002-12-11,14.43,0.0,60.18,0.508
2002-12-12,14.446,0.002,62.28,1.501
2002-12-13,15.321,0.0,64.87,2.459
2002-12-14,16.092,0.001,61.46,2.477
2002-12-15,17.232,0.0,61.89,1.613
2002-12-16,16.031,0.003,73.62,0.472
2002-12-17,16.165,0.001,63.94,2.281
2002-12-18,16.239,0.001,58.46,1.127
2002-12-19,16.497,0.065,60.77,0.881
2002-12-20,16.603,0.0,57.69,2.449
2002-12-21,16.564,0.002,48.83,3.917
2002-12-22,14.317,0.002,61.35,1.667
2002-12-23,14.186,0.003,69.27,1.799
2002-12-24,14.484,1.618,72.98,1.353
2002-12-25,14.042,0.005,68.91,1.373
2002-12-26,12.62,0.001,75.08,2.359
2002-12-27,13.176,0.001,73.3,3.72
2002-12-28,12.214,0.003,67.39,3.283
2002-12-29,11.444,0.003,66.45,1.438
2002-12-30,11.962,0.711,66.22,0.913
2002-12-31,9.984,10.609,89.0,1.279
2003-01-01,9.929,0.005,84.62,1.35
2003-01-02,10.431,0.114,82.89,0.217
2003-01-03,11.154,0.04,80.66,2.254
2003-01-04,11.1,-0.0,77.02,2.896
2003-01-05,10.6,0.0,74.56,1.886
2003-01-06,10.274,0.0,75.65,0.745
2003-01-07,9.867,0.001,77.4,2.788
2003-01-08,9.872,0.002,79.75,2.537
2003-01-09,8.701,0.001,79.55,1.53
2003-01-10,9.284,0.002,79.2,2.531
2003-01-11,9.575,0.001,76.49,2.243
2003-01-12,9.58,0.003,74.84,2.204
2003-01-13,9.953,-0.0,75.04,2.623
2003-01-14,9.893,0.001,72.95,2.249
2003-01-15,9.883,0.001,74.76,0.791
2003-01-16,10.718,0.0,79.27,1.89
2003-01-17,10.541,0.026,83.82,0.94
2003-01-18,11.192,0.027,81.74,0.718
2003-01-19,10.583,0.028,82.53,1.326
2003-01-20,10.366,0.04,84.61,2.04
2003-01-21,10.181,0.058,86.43,2.362
2003-01-22,10.991,0.005,81.78,2.612
2003-01-23,12.421,0.003,79.28,2.531
2003-01-24,12.761,0.001,74.95,2.197
2003-01-25,12.924,0.0,68.08,1.527
2003-01-26,15.346,0.009,62.33,1.647
2003-01-27,16.384,9.286,71.93,0.958
2003-01-28,13.564,13.932,87.31,1.833
2003-01-29,13.256,0.179,80.74,2.037
2003-01-30,13.638,5.413,81.51,0.249
2003-01-31,12.363,39.092,89.37,1.655
2003-02-01,12.795,5.166,86.11,2.243
2003-02-02,13.202,0.253,81.47,1.609
2003-02-03,13.192,0.001,80.93,1.926
2003-02-04,12.729,0.001,76.31,1.943
2003-02-05,12.84,0.0,72.18,2.016
2003-02-06,13.373,0.001,75.11,0.815
2003-02-07,13.889,0.002,75.6,0.685
2003-02-08,13.945,0.119,76.01,1.435
2003-02-09,13.66,0.018,74.3,1.281
2003-02-10,13.462,0.007,76.27,1.031
2003-02-11,13.717,0.009,75.33,1.5
2003-02-12,14.102,0.004,69.96,2.637
2003-02-13,14.261,0.055,62.68,3.6
2003-02-14,14.815,0.001,61.8,3.266
2003-02-15,15.728,0.001,66.56,1.105
2003-02-16,18.053,0.273,64.48,2.982
2003-02-17,16.783,15.16,71.1,5.508
2003-02-18,14.789,53.957,84.43,7.027
2003-02-19,12.239,29.274,88.16,3.044
2003-02-20,12.839,0.015,72.97,2.259
2003-02-21,14.283,0.001,68.16,4.457
2003-02-22,15.045,0.001,74.09,2.59
2003-02-23,16.01,0.427,81.37,0.888
2003-02-24,16.818,0.007,73.9,2.403
2003-02-25,17.692,0.004,72.23,3.299
2003-02-26,17.828,0.038,73.7,1.952
2003-02-27,18.731,0.053,69.66,0.582
2003-02-28,19.247,2.524,74.2,1.422
2003-03-01,19.195,6.428,65.55,4.568
2003-03-02,19.008,9.197,72.52,4.731
2003-03-03,13.929,0.689,58.74,0.621
2003-03-04,12.282,0.0,52.53,5.02
2003-03-05,13.142,0.002,59.01,4.395
2003-03-06,14.782,0.0,61.4,3.646
2003-03-07,15.715,0.001,57.03,4.382
2003-03-08,15.993,0.002,60.42,2.711
2003-03-09,18.804,0.012,61.49,1.738
2003-03-10,19.082,0.1,56.55,2.777
2003-03-11,18.406,0.013,62.35,1.133
2003-03-12,18.491,0.039,60.51,1.113
2003-03-13,19.034,0.024,61.82,0.758
2003-03-14,19.987,0.0,58.64,3.284
2003-03-15,20.607,0.24,61.06,0.247
2003-03-16,20.469,0.594,57.26,2.46
2003-03-17,20.742,0.197,51.56,1.02
2003-03-18,20.293,0.002,50.87,1.324
2003-03-19,20.8,0.001,49.39,3.362
2003-03-20,21.637,0.0,47.72,4.658
2003-03-21,21.628,0.002,50.45,2.087
2003-03-22,22.346,0.001,56.53,0.848
2003-03-23,23.513,0.001,57.15,1.193
2003-03-24,23.378,0.608,52.13,1.839
2003-03-25,21.996,1.788,62.53,0.32
2003-03-26,22.999,0.028,58.37,1.658
2003-03-27,23.27,0.002,57.59,1.06
2003-03-28,24.652,0.715,55.08,2.276
2003-03-29,22.419,5.974,61.81,2.66
2003-03-30,21.759,0.517,64.18,1.267
2003-03-31,23.729,0.001,47.64,4.918
2003-04-01,24.878,0.005,40.34,5.082
2003-04-02,24.993,0.087,33.1,2.099
2003-04-03,24.277,0.721,36.46,2.082
2003-04-04,22.504,12.52,49.22,3.572
2003-04-05,22.787,0.002,46.08,1.18
2003-04-06,24.014,0.002,38.69,2.416
2003-04-07,24.868,0.002,35.72,2.713
2003-04-08,25.526,0.002,38.14,1.817
2003-04-09,26.544,0.0,33.94,0.922
2003-04-10,27.208,0.003,34.43,1.229
2003-04-11,28.648,0.284,27.99,2.089
2003-04-12,29.141,0.094,25.93,3.273
2003-04-13,28.816,0.169,27.62,2.597
2003-04-14,29.106,0.026,27.09,0.333
2003-04-15,29.676,0.222,26.82,1.707
2003-04-16,27.378,1.565,38.34,1.163
2003-04-17,28.223,0.002,29.05,3.079
2003-04-18,29.882,0.009,24.68,1.232
2003-04-19,25.763,5.906,43.22,2.185
2003-04-20,25.963,0.002,29.7,1.461
2003-04-21,27.115,0.0,26.65,2.783
2003-04-22,28.424,0.002,23.74,3.076
2003-04-23,30.193,0.001,25.48,2.912
2003-04-24,30.636,0.001,28.45,1.289
2003-04-25,31.743,0.0,23.96,3.056
2003-04-26,30.462,2.161,30.83,3.506
2003-04-27,26.673,2.711,41.68,2.73
2003-04-28,26.524,1.116,41.11,1.306
2003-04-29,28.224,0.007,33.13,2.037
2003-04-30,29.16,0.01,35.38,2.745
2003-05-01,29.371,0.973,40.3,4.224
2003-05-02,29.663,0.881,38.15,6.743
2003-05-03,27.435,0.328,25.52,2.894
2003-05-04,25.797,0.027,31.1,1.809
2003-05-05,27.468,0.001,15.99,1.573
2003-05-06,28.029,0.001,14.97,1.265
2003-05-07,28.275,0.001,15.5,1.087
2003-05-08,28.818,0.0,16.99,0.806
2003-05-09,29.47,0.001,19.06,0.758
2003-05-10,30.567,0.056,21.4,1.098
2003-05-11,30.307,0.67,24.95,1.856
2003-05-12,30.799,0.658,28.34,2.105
2003-05-13,29.621,2.963,32.41,2.147
2003-05-14,30.142,0.06,27.14,1.124
2003-05-15,31.313,0.001,19.05,3.742
2003-05-16,31.661,0.001,16.61,4.091
2003-05-17,32.906,0.001,13.96,2.441
2003-05-18,33.898,0.002,12.41,2.021
2003-05-19,34.617,0.026,12.82,1.489
2003-05-20,33.417,0.1,19.06,0.897
2003-05-21,33.804,0.02,18.5,1.137
2003-05-22,31.787,2.67,33.86,2.523
2003-05-23,29.529,3.491,47.49,1.313
2003-05-24,30.377,0.11,37.77,2.015
2003-05-25,29.814,0.873,34.46,2.813
2003-05-26,31.015,0.02,29.64,3.59
2003-05-27,31.961,0.018,21.31,3.598
2003-05-28,32.147,0.006,17.94,0.639
2003-05-29,33.31,0.002,14.92,3.414
2003-05-30,34.285,0.0,15.58,4.618
2003-05-31,35.203,0.001,15.84,3.375
2003-06-01,34.906,0.172,17.82,2.955
2003-06-02,35.885,0.0,17.27,3.191
2003-06-03,36.945,0.002,17.28,2.525
2003-06-04,36.335,0.154,17.77,0.748
2003-06-05,34.476,0.218,32.38,2.142
2003-06-06,35.549,0.0,26.96,0.623
2003-06-07,34.655,0.0,36.16,2.831
2003-06-08,33.383,0.806,49.82,3.698
2003-06-09,33.656,0.465,47.77,2.967
2003-06-10,33.602,0.156,44.24,1.849
2003-06-11,33.908,0.201,36.58,0.486
2003-06-12,34.826,0.38,28.59,0.268
2003-06-13,35.009,0.0,22.44,0.801
2003-06-14,35.042,0.0,23.59,0.531
2003-06-15,35.012,0.002,34.34,1.669
2003-06-16,34.697,0.015,39.94,2.309
2003-06-17,33.532,0.494,46.82,2.89
2003-06-18,30.483,3.464,61.04,1.054
2003-06-19,28.793,2.674,67.04,0.828
2003-06-20,29.752,3.046,64.75,1.725
2003-06-21,31.209,0.653,58.81,0.248
2003-06-22,31.671,2.338,56.58,1.628
2003-06-23,29.253,1.036,68.02,2.548
2003-06-24,30.356,2.853,62.51,1.723
2003-06-25,29.065,5.981,70.7,1.987
2003-06-26,29.283,10.835,72.09,1.178
2003-06-27,28.644,6.611,76.28,1.145
2003-06-28,30.572,0.818,66.31,0.966
2003-06-29,30.516,7.334,67.29,0.593
2003-06-30,29.301,3.159,71.72,0.291
2003-07-01,30.845,0.579,64.05,0.733
2003-07-02,29.736,0.533,66.93,3.152
2003-07-03,30.865,0.842,64.0,1.945
2003-07-04,29.891,22.164,70.61,3.224
2003-07-05,26.808,32.041,85.12,3.161
2003-07-06,26.69,14.693,86.68,1.941
2003-07-07,28.408,1.571,78.61,0.773
2003-07-08,28.173,8.322,82.59,0.45
2003-07-09,27.303,15.801,82.76,1.472
2003-07-10,25.746,8.872,84.84,2.857
2003-07-11,26.744,1.95,74.56,1.126
2003-07-12,26.701,2.86,77.92,1.175
2003-07-13,27.032,0.866,79.5,2.121
2003-07-14,27.998,1.961,79.91,1.747
2003-07-15,28.233,2.868,78.34,2.362
2003-07-16,28.478,9.093,77.73,2.705
2003-07-17,28.818,17.063,76.84,2.224
2003-07-18,27.125,9.036,86.67,1.367
2003-07-19,27.892,4.98,83.59,0.486
2003-07-20,27.614,14.508,86.16,1.012
2003-07-21,25.363,27.1,93.42,2.275
2003-07-22,26.26,27.5,90.27,2.005
2003-07-23,27.631,6.683,85.74,1.75
2003-07-24,29.236,1.084,79.9,1.126
2003-07-25,30.024,9.641,75.7,0.579
2003-07-26,28.403,4.147,83.53,1.198
2003-07-27,28.61,14.104,81.6,1.809
2003-07-28,29.097,1.405,76.36,2.564
2003-07-29,27.695,3.794,83.17,1.807
2003-07-30,27.237,4.624,86.6,2.773
2003-07-31,26.313,53.46,89.49,1.712
2003-08-01,26.089,17.865,89.61,1.628
2003-08-02,26.753,18.443,86.62,1.996
2003-08-03,26.359,5.507,84.83,2.866
2003-08-04,27.14,8.553,82.45,3.062
2003-08-05,27.499,12.952,85.6,0.803
2003-08-06,27.887,10.182,85.11,0.978
2003-08-07,28.407,9.585,82.75,0.248
2003-08-08,28.392,3.826,84.47,1.266
2003-08-09,28.162,5.245,84.72,0.744
2003-08-10,27.104,4.476,87.65,0.786
2003-08-11,26.993,5.301,88.38,0.997
2003-08-12,27.874,2.212,84.94,0.726
2003-08-13,28.325,1.143,81.9,0.758
2003-08-14,27.804,0.536,84.98,0.2
2003-08-15,26.592,3.259,91.13,0.809
2003-08-16,28.23,2.928,83.75,0.517
2003-08-17,28.342,1.976,83.84,1.104
2003-08-18,27.945,5.769,84.88,0.701
2003-08-19,26.373,17.493,86.7,1.097
2003-08-20,26.361,10.074,84.54,0.906
2003-08-21,26.831,2.679,84.38,0.179
2003-08-22,28.039,0.064,78.33,0.783
2003-08-23,28.558,2.669,82.29,1.177
2003-08-24,28.059,8.847,82.63,0.877
2003-08-25,28.039,3.78,80.98,1.924
2003-08-26,26.819,9.267,86.46,2.105
2003-08-27,27.374,9.573,85.73,2.11
2003-08-28,27.52,7.842,84.51,1.982
2003-08-29,26.851,3.136,86.85,2.178
2003-08-30,27.031,10.451,86.74,1.073
2003-08-31,26.483,5.04,89.15,0.352
2003-09-01,27.515,2.703,85.88,1.226
2003-09-02,26.956,11.307,87.22,0.518
2003-09-03,26.11,3.548,89.16,0.654
2003-09-04,26.587,8.282,87.07,0.21
2003-09-05,26.266,12.09,86.82,0.516
2003-09-06,26.313,9.192,85.22,0.303
2003-09-07,25.952,8.219,88.99,1.186
2003-09-08,26.369,0.872,83.08,2.21
2003-09-09,26.917,0.241,81.94,1.199
2003-09-10,25.468,3.265,88.54,1.088
2003-09-11,24.715,6.161,93.05,1.149
2003-09-12,25.999,0.861,86.71,0.195
2003-09-13,27.153,0.284,81.13,0.36
2003-09-14,27.357,0.583,80.62,0.876
2003-09-15,26.749,5.567,85.01,0.735
2003-09-16,26.321,0.897,82.21,0.469
2003-09-17,26.602,1.142,82.47,0.379
2003-09-18,26.532,1.408,84.32,0.893
2003-09-19,27.393,0.515,83.02,0.511
2003-09-20,27.622,0.912,82.23,0.712
2003-09-21,27.799,0.775,81.04,1.077
2003-09-22,26.323,17.805,87.24,1.823
2003-09-23,24.632,10.766,90.38,2.369
2003-09-24,25.748,0.859,82.06,1.939
2003-09-25,24.895,0.442,81.05,0.805
2003-09-26,25.002,0.015,78.59,1.766
2003-09-27,24.597,0.035,78.12,0.936
2003-09-28,24.452,0.012,73.9,0.584
2003-09-29,23.952,0.063,70.64,1.399
2003-09-30,23.663,0.001,66.63,2.191
2003-10-01,23.012,0.0,60.49,2.925
2003-10-02,22.868,0.0,63.79,2.769
2003-10-03,22.918,0.003,66.32,1.362
2003-10-04,22.748,0.001,66.3,0.789
2003-10-05,22.923,0.001,67.2,0.894
2003-10-06,22.786,0.0,67.38,1.3
2003-10-07,23.044,0.0,66.03,0.675
2003-10-08,23.864,0.003,68.25,0.535
2003-10-09,24.634,0.002,65.15,2.6
2003-10-10,22.831,0.002,54.18,1.931
2003-10-11,22.214,0.001,51.7,1.814
2003-10-12,22.296,0.0,42.64,2.964
2003-10-13,22.67,0.0,43.21,3.393
2003-10-14,23.256,0.0,46.3,3.58
2003-10-15,22.465,0.001,53.51,1.619
2003-10-16,22.025,0.003,53.1,0.803
2003-10-17,22.039,0.001,55.52,0.953
2003-10-18,22.302,0.0,56.73,0.984
2003-10-19,22.309,0.001,54.27,1.731
2003-10-20,22.735,0.0,51.11,3.041
2003-10-21,22.018,0.003,53.35,1.562
2003-10-22,22.024,0.001,54.6,0.892
2003-10-23,21.669,0.001,58.99,0.67
2003-10-24,21.576,0.014,65.24,0.828
2003-10-25,21.44,0.005,64.41,0.511
2003-10-26,21.217,0.004,56.34,1.017
2003-10-27,21.252,0.001,58.96,0.736
2003-10-28,21.529,0.002,61.95,0.971
2003-10-29,21.608,0.0,61.2,1.609
2003-10-30,21.697,0.001,63.83,2.004
2003-10-31,21.855,0.001,65.75,1.59
2003-11-01,21.526,0.004,61.63,1.425
2003-11-02,21.409,0.003,59.59,1.595
2003-11-03,21.291,0.001,59.5,2.165
2003-11-04,20.844,0.002,64.03,0.782
2003-11-05,20.716,0.002,60.36,0.674
2003-11-06,20.973,0.0,52.7,1.074
2003-11-07,20.419,0.002,50.21,0.985
2003-11-08,20.52,0.001,47.49,1.13
2003-11-09,20.844,0.003,44.78,2.367
2003-11-10,19.513,0.001,49.43,2.98
2003-11-11,17.96,0.001,57.34,0.572
2003-11-12,18.128,0.001,60.49,0.597
2003-11-13,18.453,0.001,62.98,0.754
2003-11-14,17.992,0.0,72.53,0.85
2003-11-15,17.862,0.006,69.27,0.515
2003-11-16,18.708,1.626,58.01,1.639
2003-11-17,17.06,6.683,66.77,2.778
2003-11-18,17.082,1.392,68.1,0.589
2003-11-19,16.332,0.001,70.01,1.881
2003-11-20,16.016,0.0,66.7,3.256
2003-11-21,15.229,0.0,56.0,2.216
2003-11-22,14.983,0.0,58.54,1.901
2003-11-23,14.578,0.0,65.2,1.636
2003-11-24,15.207,0.0,65.81,2.258
2003-11-25,15.635,0.001,60.13,3.287
2003-11-26,14.139,0.0,58.63,1.493
2003-11-27,13.837,0.002,63.85,1.25
2003-11-28,13.818,-0.0,68.14,1.313
2003-11-29,13.547,0.001,66.49,1.374
2003-11-30,13.508,0.002,65.13,1.967
2003-12-01,13.937,0.001,62.98,2.029
2003-12-02,14.485,0.001,62.97,2.043
2003-12-03,14.39,0.001,65.52,1.745
2003-12-04,15.187,0.003,63.43,2.127
2003-12-05,16.194,0.0,60.62,2.917
2003-12-06,16.864,0.001,54.09,4.748
2003-12-07,16.064,0.001,57.49,1.28
2003-12-08,16.982,0.002,66.0,2.99
2003-12-09,18.007,0.546,68.27,3.21
2003-12-10,17.32,0.026,70.46,1.368
2003-12-11,16.984,0.002,72.82,1.339
2003-12-12,17.76,0.322,64.74,2.915
2003-12-13,16.174,3.106,69.57,3.043
2003-12-14,17.642,0.137,56.34,1.356
2003-12-15,15.999,13.82,75.98,1.283
2003-12-16,14.464,1.435,81.25,0.353
2003-12-17,13.931,0.054,76.47,1.608
2003-12-18,13.16,0.016,78.35,0.63
2003-12-19,13.42,0.014,78.22,1.057
2003-12-20,12.899,0.001,73.34,1.918
2003-12-21,12.094,0.001,69.76,1.576
2003-12-22,11.993,0.001,72.36,0.655
2003-12-23,11.884,0.016,78.82,0.392
2003-12-24,11.179,0.006,79.14,2.128
2003-12-25,10.536,0.0,74.68,1.18
2003-12-26,10.785,0.016,77.07,0.774
2003-12-27,10.153,0.084,77.21,1.099
2003-12-28,9.923,0.0,75.55,2.531
2003-12-29,10.52,0.001,68.65,1.757
2003-12-30,11.204,0.0,70.44,1.065
2003-12-31,11.665,0.005,80.04,0.538
2004-01-01,10.542,0.007,84.15,1.143
2004-01-02,10.615,0.0,78.87,2.274
2004-01-03,9.332,0.0,81.27,2.378
2004-01-04,9.063,0.0,78.9,2.007
2004-01-05,9.773,0.009,80.3,0.629
2004-01-06,11.148,0.001,73.22,2.156
2004-01-07,11.786,0.001,70.77,2.45
2004-01-08,11.869,0.002,69.97,2.717
2004-01-09,13.392,0.002,65.35,2.997
2004-01-10,13.446,0.001,74.95,0.388
2004-01-11,14.106,0.003,76.48,1.319
2004-01-12,14.564,0.023,80.0,1.277
2004-01-13,14.355,0.042,79.87,0.698
2004-01-14,13.585,0.002,75.93,1.944
2004-01-15,14.306,0.004,76.03,0.468
2004-01-16,14.587,0.057,82.17,2.437
2004-01-17,15.309,18.839,81.72,3.257
2004-01-18,13.733,0.186,78.22,1.158
2004-01-19,12.477,0.0,81.21,1.718
2004-01-20,12.741,0.018,83.03,0.456
2004-01-21,13.319,14.937,83.64,2.685
2004-01-22,14.399,27.921,84.23,1.928
2004-01-23,11.863,12.894,91.95,1.348
2004-01-24,11.089,0.012,78.14,2.502
2004-01-25,10.703,0.011,77.93,1.954
2004-01-26,10.943,0.15,79.44,1.812
2004-01-27,11.086,0.002,76.09,2.368
2004-01-28,10.987,0.0,75.84,0.976
2004-01-29,11.692,0.082,77.34,1.522
2004-01-30,12.332,8.497,81.88,3.266
2004-01-31,10.526,4.291,88.05,0.49
2004-02-01,10.727,0.028,79.38,2.908
2004-02-02,11.276,0.001,70.89,3.683
2004-02-03,11.016,0.001,65.69,4.026
2004-02-04,10.676,0.0,70.47,2.358
2004-02-05,11.183,0.001,69.41,2.004
2004-02-06,12.004,0.0,68.02,3.936
2004-02-07,12.05,0.001,69.17,2.032
2004-02-08,13.359,0.446,72.09,1.381
2004-02-09,16.015,3.411,70.8,3.499
2004-02-10,15.112,1.291,80.31,0.685
2004-02-11,14.856,0.001,76.99,1.634
2004-02-12,14.703,0.0,75.51,1.679
2004-02-13,14.747,0.002,78.4,1.073
2004-02-14,15.195,0.005,74.15,2.554
2004-02-15,14.862,0.0,72.06,2.36
2004-02-16,15.813,0.0,73.07,0.599
2004-02-17,17.776,0.001,72.54,2.461
2004-02-18,17.988,3.077,66.91,2.819
2004-02-19,16.981,1.348,69.65,1.305
2004-02-20,16.906,0.001,63.58,3.62
2004-02-21,17.088,0.001,60.67,2.836
2004-02-22,18.681,0.002,56.89,4.982
2004-02-23,17.12,0.002,64.43,3.621
2004-02-24,17.826,0.0,63.36,3.133
2004-02-25,18.287,0.0,65.35,0.969
2004-02-26,19.243,0.003,65.61,0.424
2004-02-27,20.968,0.241,54.73,2.524
2004-02-28,20.68,0.035,56.44,1.426
2004-02-29,20.283,0.001,44.12,3.875
2004-03-01,19.883,0.002,37.62,4.904
2004-03-02,19.707,0.002,42.53,4.819
2004-03-03,19.791,0.001,41.79,4.325
2004-03-04,19.982,0.001,42.43,3.325
2004-03-05,20.635,0.0,43.58,3.367
2004-03-06,20.77,0.001,41.64,3.674
2004-03-07,21.234,0.0,43.49,1.497
2004-03-08,22.628,0.001,49.54,3.803
2004-03-09,21.795,0.001,53.19,2.113
2004-03-10,22.219,0.001,51.37,0.488
2004-03-11,22.171,0.005,48.21,0.725
2004-03-12,23.144,0.003,45.53,2.221
2004-03-13,23.89,0.001,41.97,2.68
2004-03-14,24.657,0.001,43.36,3.029
2004-03-15,25.728,0.001,42.76,3.843
2004-03-16,27.616,0.0,38.38,4.952
2004-03-17,27.14,0.001,37.8,3.493
2004-03-18,27.351,0.002,39.81,3.342
2004-03-19,28.016,0.001,30.32,5.314
2004-03-20,26.969,0.001,30.44,5.028
2004-03-21,26.904,0.002,33.95,1.223
2004-03-22,28.003,0.002,36.72,0.894
2004-03-23,26.835,0.0,30.5,1.303
2004-03-24,25.193,0.011,29.22,1.498
2004-03-25,23.748,0.001,25.03,1.04
2004-03-26,24.611,0.003,24.35,1.223
2004-03-27,24.917,0.0,25.79,0.894
2004-03-28,25.387,0.0,26.26,2.362
2004-03-29,25.636,0.007,22.2,3.398
2004-03-30,25.905,0.002,24.31,2.159
2004-03-31,26.571,0.001,24.88,2.028
2004-04-01,26.077,0.0,31.92,0.749
2004-04-02,27.26,0.005,24.28,1.206
2004-04-03,28.242,0.003,23.23,2.471
2004-04-04,28.752,0.001,25.03,2.562
2004-04-05,28.801,0.0,25.29,1.95
2004-04-06,28.566,0.001,29.24,0.051
2004-04-07,28.898,0.113,27.59,1.126
2004-04-08,27.912,1.25,33.69,1.941
2004-04-09,28.187,0.282,31.14,1.544
2004-04-10,29.32,1.175,27.1,0.548
2004-04-11,29.912,0.0,21.65,2.817
2004-04-12,29.856,0.0,20.11,2.438
2004-04-13,29.891,0.003,22.81,0.773
2004-04-14,30.57,0.002,19.22,2.27
2004-04-15,31.227,0.002,15.49,3.642
2004-04-16,31.881,0.01,17.1,2.262
2004-04-17,30.153,0.103,20.66,0.935
2004-04-18,30.84,0.0,21.37,2.54
2004-04-19,31.51,0.001,22.49,0.505
2004-04-20,30.599,0.065,32.17,2.347
2004-04-21,29.521,1.338,31.99,0.444
2004-04-22,27.796,2.561,41.29,0.488
2004-04-23,25.146,2.893,46.35,0.462
2004-04-24,26.187,0.042,42.34,2.251
2004-04-25,26.958,0.002,40.82,1.733
2004-04-26,27.727,0.003,43.49,1.732
2004-04-27,28.301,2.58,45.4,1.892
2004-04-28,28.013,7.802,45.12,3.207
2004-04-29,26.207,7.193,52.02,4.435
2004-04-30,21.765,14.663,65.49,4.32
2004-05-01,22.836,0.374,53.93,0.684
2004-05-02,23.82,0.003,41.1,2.846
2004-05-03,24.927,0.001,36.3,2.83
2004-05-04,26.353,0.0,36.53,1.985
2004-05-05,27.683,0.002,32.37,1.048
2004-05-06,29.193,0.001,30.95,0.098
2004-05-07,29.991,0.002,33.96,2.636
2004-05-08,31.895,0.122,25.8,0.21
2004-05-09,33.812,0.002,19.22,2.948
2004-05-10,33.326,0.001,18.0,3.623
2004-05-11,34.349,0.001,16.37,4.352
2004-05-12,33.948,0.001,18.02,4.232
2004-05-13,34.242,0.001,20.54,4.011
2004-05-14,35.26,0.002,18.79,4.031
2004-05-15,35.773,-0.0,19.1,3.699
2004-05-16,36.524,0.001,19.13,3.139
2004-05-17,36.789,0.002,16.11,3.786
2004-05-18,35.789,0.003,18.82,4.109
2004-05-19,36.3,0.0,15.23,3.105
2004-05-20,35.44,0.271,20.66,1.031
2004-05-21,35.655,0.04,21.47,1.527
2004-05-22,33.097,2.302,38.5,4.062
2004-05-23,29.206,5.27,54.79,4.845
2004-05-24,29.71,1.326,42.39,1.195
2004-05-25,29.532,1.594,44.86,0.08
2004-05-26,30.227,0.219,41.48,0.254
2004-05-27,28.355,1.361,52.59,0.147
2004-05-28,29.843,0.26,41.59,2.786
2004-05-29,31.031,0.0,29.44,3.054
2004-05-30,31.949,0.001,31.97,0.169
2004-05-31,33.049,0.009,28.97,0.756
2004-06-01,33.102,0.783,28.23,0.392
2004-06-02,32.483,0.026,30.12,0.848
2004-06-03,33.151,0.0,25.21,1.473
2004-06-04,33.331,0.002,29.37,1.972
2004-06-05,31.216,1.523,52.11,3.833
2004-06-06,31.168,0.63,52.0,3.656
2004-06-07,27.413,14.051,67.27,2.548
2004-06-08,26.776,6.759,65.82,1.365
2004-06-09,27.596,0.22,60.06,0.07
2004-06-10,28.936,0.966,55.14,0.688
2004-06-11,30.134,0.04,48.54,1.604
2004-06-12,31.048,0.065,51.11,1.81
2004-06-13,31.457,0.234,52.62,2.338
2004-06-14,30.232,1.53,59.77,2.524
2004-06-15,31.262,1.454,56.48,0.785
2004-06-16,30.465,2.837,65.96,2.152
2004-06-17,29.298,7.463,69.59,1.8
2004-06-18,29.729,2.009,67.96,0.823
2004-06-19,29.102,4.507,71.58,1.683
2004-06-20,28.888,7.102,75.28,1.147
2004-06-21,29.823,5.258,68.53,0.795
2004-06-22,30.095,1.576,62.18,1.444
2004-06-23,29.798,1.902,63.15,2.62
2004-06-24,28.222,2.753,71.26,0.529
2004-06-25,29.209,0.199,64.57,1.687
2004-06-26,28.247,1.708,70.68,1.244
2004-06-27,29.502,0.029,55.73,2.222
2004-06-28,30.868,0.003,49.62,2.71
2004-06-29,32.412,0.002,45.19,3.642
2004-06-30,33.261,0.141,45.98,2.239
2004-07-01,33.622,0.022,45.14,2.223
2004-07-02,33.626,0.157,48.64,0.462
2004-07-03,31.165,1.943,63.31,2.919
2004-07-04,29.95,2.244,66.36,3.508
2004-07-05,30.519,9.165,67.09,2.845
2004-07-06,28.387,7.442,78.17,1.631
2004-07-07,28.898,5.834,77.53,1.638
2004-07-08,27.933,14.203,81.99,1.845
2004-07-09,28.453,2.104,74.3,1.78
2004-07-10,30.082,1.971,67.27,2.109
2004-07-11,29.985,4.133,68.8,0.885
2004-07-12,29.135,3.529,74.05,0.922
2004-07-13,29.213,4.293,73.35,1.459
2004-07-14,28.865,3.345,72.68,0.921
2004-07-15,28.801,4.049,73.78,2.268
2004-07-16,28.616,3.561,73.54,2.333
2004-07-17,29.344,1.669,70.03,1.076
2004-07-18,30.349,0.349,59.78,2.049
2004-07-19,30.793,0.144,54.01,3.293
2004-07-20,30.428,0.188,53.82,2.796
2004-07-21,30.486,0.15,51.54,2.348
2004-07-22,30.96,0.073,51.96,1.048
2004-07-23,31.013,0.286,57.26,0.696
2004-07-24,31.32,0.33,57.71,1.277
2004-07-25,29.054,4.717,74.41,2.324
2004-07-26,26.298,20.944,84.24,3.426
2004-07-27,28.062,8.846,79.88,3.635
2004-07-28,26.472,11.832,83.15,3.769
2004-07-29,27.238,2.584,79.09,3.467
2004-07-30,28.701,10.42,72.84,2.578
2004-07-31,27.761,11.248,79.27,1.567
2004-08-01,28.059,17.389,80.1,1.392
2004-08-02,26.3,10.658,87.05,1.866
2004-08-03,26.615,7.049,85.64,1.569
2004-08-04,28.939,0.86,76.01,0.673
2004-08-05,28.891,1.858,77.74,2.042
2004-08-06,28.154,1.627,76.94,2.009
2004-08-07,28.26,14.08,81.69,1.7
2004-08-08,26.8,32.527,86.58,2.055
2004-08-09,26.186,6.956,87.71,1.344
2004-08-10,26.613,10.701,85.97,1.393
2004-08-11,28.291,1.906,79.29,0.97
2004-08-12,28.842,1.217,78.34,0.18
2004-08-13,28.273,7.509,83.07,0.233
2004-08-14,28.155,2.953,81.28,0.333
2004-08-15,27.687,10.559,84.35,0.808
2004-08-16,26.802,6.783,86.24,2.145
2004-08-17,26.567,22.987,87.41,1.528
2004-08-18,25.45,21.695,91.31,1.479
2004-08-19,26.999,2.167,85.04,0.814
2004-08-20,27.235,3.144,84.49,0.463
2004-08-21,27.398,1.098,83.65,1.306
2004-08-22,27.483,8.05,83.4,1.079
2004-08-23,27.242,3.112,82.77,0.951
2004-08-24,27.203,6.166,84.95,0.79
2004-08-25,27.04,5.533,85.23,0.313
2004-08-26,27.12,1.459,82.28,1.778
2004-08-27,28.044,0.175,77.07,2.605
2004-08-28,28.352,0.155,75.67,1.892
2004-08-29,28.284,0.09,74.33,1.318
2004-08-30,28.285,0.071,73.12,1.023
2004-08-31,28.424,0.454,74.43,2.145
2004-09-01,28.785,0.026,68.47,2.381
2004-09-02,28.811,0.019,65.57,3.149
2004-09-03,28.7,0.002,60.5,3.648
2004-09-04,28.645,0.001,61.18,2.907
2004-09-05,28.863,0.006,61.28,2.646
2004-09-06,29.334,0.003,61.8,1.876
2004-09-07,29.588,0.001,60.3,1.777
2004-09-08,30.152,0.004,57.73,2.195
2004-09-09,29.915,0.029,59.7,1.141
2004-09-10,28.925,0.688,67.16,1.867
2004-09-11,27.365,2.212,74.74,1.631
2004-09-12,28.922,0.85,71.01,0.637
2004-09-13,28.769,2.61,73.17,0.382
2004-09-14,26.327,14.954,82.85,1.806
2004-09-15,24.073,6.468,85.24,2.453
2004-09-16,25.331,0.722,77.27,0.338
2004-09-17,26.621,0.912,74.23,0.379
2004-09-18,26.462,0.508,76.42,0.488
2004-09-19,27.082,0.261,71.94,0.932
2004-09-20,27.295,0.66,74.7,1.917
2004-09-21,26.031,3.204,79.25,1.819
2004-09-22,26.517,0.869,71.48,0.089
2004-09-23,26.33,0.188,66.17,1.47
2004-09-24,26.533,0.001,53.99,1.749
2004-09-25,26.592,0.0,49.69,1.641
2004-09-26,27.035,0.0,46.18,2.181
2004-09-27,26.949,0.0,48.67,1.46
2004-09-28,26.869,0.0,52.15,0.572
2004-09-29,26.448,0.027,61.05,1.029
2004-09-30,27.369,0.01,61.04,0.895
2004-10-01,27.838,0.099,60.47,0.42
2004-10-02,25.462,26.75,80.18,2.104
2004-10-03,23.831,11.81,84.15,0.884
2004-10-04,24.06,12.17,80.74,0.871
2004-10-05,24.722,0.027,71.55,0.715
2004-10-06,25.306,0.202,71.14,0.348
2004-10-07,25.455,0.021,67.41,1.235
2004-10-08,24.915,0.001,62.5,0.697
2004-10-09,25.184,0.015,61.36,1.018
2004-10-10,23.013,32.556,74.96,2.771
2004-10-11,20.169,15.768,84.46,2.199
2004-10-12,19.554,2.225,77.62,1.341
2004-10-13,20.553,0.008,66.67,1.789
2004-10-14,20.339,0.014,65.29,1.171
2004-10-15,20.775,0.002,63.31,1.774
2004-10-16,20.934,0.002,63.07,1.775
2004-10-17,21.424,0.002,64.2,1.111
2004-10-18,21.589,0.002,64.17,0.671
2004-10-19,21.828,0.001,61.11,1.022
2004-10-20,21.638,0.001,57.7,0.696
2004-10-21,21.611,0.001,56.55,2.22
2004-10-22,20.814,0.004,54.6,2.206
2004-10-23,20.519,0.001,54.05,1.322
2004-10-24,20.519,0.012,61.1,0.792
2004-10-25,20.672,0.001,58.0,0.598
2004-10-26,20.326,0.111,60.21,0.62
2004-10-27,20.473,0.024,54.75,0.666
2004-10-28,19.689,0.011,49.87,1.198
2004-10-29,18.929,0.252,54.03,0.727
2004-10-30,19.245,0.005,53.17,1.428
2004-10-31,18.777,0.001,53.36,1.834
2004-11-01,18.418,0.0,49.17,2.365
2004-11-02,18.623,0.001,53.01,2.564
2004-11-03,19.324,0.002,50.76,3.042
2004-11-04,19.33,0.002,49.23,1.786
2004-11-05,18.935,0.0,53.41,0.69
2004-11-06,18.8,0.002,55.07,1.43
2004-11-07,19.179,0.001,55.18,1.833
2004-11-08,19.057,0.001,54.35,1.609
2004-11-09,19.085,0.001,53.99,1.903
2004-11-10,18.933,0.001,54.58,0.941
2004-11-11,18.687,0.001,56.63,0.522
2004-11-12,18.778,0.001,58.06,1.073
2004-11-13,20.26,0.001,52.07,2.704
2004-11-14,20.153,0.0,49.54,3.308
2004-11-15,19.911,0.0,48.58,3.353
2004-11-16,19.421,0.001,48.73,2.646
2004-11-17,20.19,0.0,46.76,1.389
2004-11-18,19.891,0.001,47.44,2.255
2004-11-19,18.732,0.0,50.78,2.453
2004-11-20,18.871,0.001,55.79,0.884
2004-11-21,18.886,0.001,64.75,0.587
2004-11-22,19.342,0.0,70.23,1.792
2004-11-23,19.402,0.034,72.94,1.785
2004-11-24,19.392,0.637,73.42,2.269
2004-11-25,18.354,1.655,76.13,1.86
2004-11-26,17.407,0.991,76.28,1.265
2004-11-27,17.428,0.292,70.18,1.002
2004-11-28,17.052,0.001,66.71,2.012
2004-11-29,16.879,0.001,70.11,1.186
2004-11-30,17.578,0.136,63.35,0.924
2004-12-01,15.68,2.005,69.1,2.006
2004-12-02,16.719,0.002,56.24,1.727
2004-12-03,16.444,0.0,55.68,2.885
2004-12-04,16.633,0.002,53.11,3.728
2004-12-05,16.483,-0.0,53.22,3.286
2004-12-06,15.601,0.0,57.2,2.36
2004-12-07,14.681,0.0,65.41,0.648
2004-12-08,15.115,0.001,58.37,2.347
2004-12-09,15.073,0.0,60.44,2.186
2004-12-10,14.405,0.001,64.26,0.451
2004-12-11,15.184,0.001,69.42,0.514
2004-12-12,16.061,0.0,66.32,1.102
2004-12-13,15.783,0.001,67.91,2.063
2004-12-14,16.038,0.0,62.51,2.688
2004-12-15,16.64,0.002,60.12,2.836
2004-12-16,16.89,0.0,61.01,1.794
2004-12-17,15.606,0.005,77.0,1.203
2004-12-18,15.543,0.003,74.19,0.344
2004-12-19,16.447,5.616,69.69,4.072
2004-12-20,15.081,2.074,74.21,1.584
2004-12-21,14.371,0.352,77.21,0.272
2004-12-22,14.964,0.08,73.87,0.891
2004-12-23,13.86,0.086,74.75,0.161
2004-12-24,12.483,0.003,71.46,1.977
2004-12-25,12.269,0.005,69.31,3.784
2004-12-26,10.929,0.003,60.64,3.872
2004-12-27,10.848,0.0,64.57,0.369
2004-12-28,11.715,0.001,70.01,0.717
2004-12-29,13.047,0.002,71.45,2.983
2004-12-30,14.534,0.014,68.63,2.126
2004-12-31,16.217,6.576,71.19,3.855
2005-01-01,15.59,3.847,81.81,2.496
2005-01-02,15.398,1.359,80.23,0.581
2005-01-03,12.564,0.275,80.31,1.637
2005-01-04,12.588,0.001,71.56,2.564
2005-01-05,11.582,0.001,75.09,1.921
2005-01-06,11.812,0.001,74.75,2.326
2005-01-07,12.386,-0.0,73.07,2.999
2005-01-08,12.115,0.0,71.69,2.365
2005-01-09,12.439,0.206,72.99,1.957
2005-01-10,11.827,0.073,69.97,1.693
2005-01-11,11.995,0.002,65.54,1.673
2005-01-12,11.698,0.001,67.27,2.529
2005-01-13,12.805,0.002,61.68,3.18
2005-01-14,13.887,0.001,60.34,3.044
2005-01-15,13.122,0.002,61.72,2.2
2005-01-16,12.937,1.929,61.61,0.677
2005-01-17,11.858,8.274,78.43,1.174
2005-01-18,10.745,0.156,69.71,1.59
2005-01-19,10.97,0.001,67.46,3.098
2005-01-20,11.267,0.001,56.7,2.918
2005-01-21,11.061,2.738,70.54,0.893
2005-01-22,11.299,10.838,78.34,3.722
2005-01-23,10.802,0.622,76.28,1.069
2005-01-24,10.943,0.049,78.03,1.349
2005-01-25,11.121,0.0,78.23,2.075
2005-01-26,11.599,0.001,76.91,1.684
2005-01-27,13.263,7.0,70.48,2.191
2005-01-28,12.508,3.259,71.29,0.44
2005-01-29,12.011,0.922,76.39,0.846
2005-01-30,12.071,1.374,76.25,0.598
2005-01-31,13.061,0.008,70.97,1.258
2005-02-01,12.29,0.022,74.42,2.584
2005-02-02,11.983,0.001,68.35,2.898
2005-02-03,11.74,0.009,69.16,0.642
2005-02-04,12.566,0.005,64.15,1.473
2005-02-05,13.114,2.185,69.4,1.068
2005-02-06,13.182,11.622,73.06,3.705
2005-02-07,14.091,38.1,82.69,4.308
2005-02-08,15.316,9.099,78.2,1.956
2005-02-09,15.288,0.418,66.58,1.803
2005-02-10,15.238,0.479,70.75,1.312
2005-02-11,16.449,5.113,73.49,1.863
2005-02-12,15.301,10.969,80.71,1.356
2005-02-13,16.345,0.0,71.51,3.943
2005-02-14,15.905,0.053,72.5,3.753
2005-02-15,14.283,20.307,86.71,2.368
2005-02-16,13.855,0.505,81.12,1.026
2005-02-17,14.686,1.448,64.36,2.927
2005-02-18,14.988,15.717,72.85,3.712
2005-02-19,13.519,17.108,80.4,0.734
2005-02-20,11.419,0.075,71.13,2.616
2005-02-21,11.383,0.015,72.18,2.951
2005-02-22,12.749,0.183,75.95,1.719
2005-02-23,14.012,0.001,76.17,2.415
2005-02-24,14.588,0.094,73.9,2.676
2005-02-25,16.19,0.001,66.91,3.748
2005-02-26,16.543,0.001,65.84,4.017
2005-02-27,16.164,0.081,67.98,2.493
2005-02-28,17.778,0.071,67.73,2.002
2005-03-01,16.13,1.12,78.81,2.142
2005-03-02,17.607,0.0,69.58,2.498
2005-03-03,20.592,0.003,59.21,1.932
2005-03-04,20.428,0.589,68.0,1.436
2005-03-05,18.908,1.927,70.19,1.213
2005-03-06,19.054,0.001,60.79,1.738
2005-03-07,19.456,1.736,61.33,0.899
2005-03-08,20.068,1.402,64.03,0.74
2005-03-09,18.045,7.409,75.91,2.19
2005-03-10,16.92,5.579,78.28,0.511
2005-03-11,17.949,0.071,67.66,1.712
2005-03-12,19.249,0.0,70.05,2.201
2005-03-13,20.257,0.001,71.9,0.763
2005-03-14,20.962,0.002,70.2,1.057
2005-03-15,22.133,0.004,71.14,1.699
2005-03-16,23.471,0.146,70.1,0.251
2005-03-17,23.426,0.006,69.61,0.391
2005-03-18,22.655,4.434,59.43,1.255
2005-03-19,22.283,9.351,57.81,2.089
2005-03-20,23.001,0.539,57.31,1.485
2005-03-21,19.062,27.062,74.98,2.374
2005-03-22,18.557,0.98,72.44,1.057
2005-03-23,18.85,0.048,56.78,1.34
2005-03-24,19.172,0.067,55.14,2.195
2005-03-25,19.293,0.117,58.35,3.241
2005-03-26,20.706,0.004,57.75,3.39
2005-03-27,21.744,0.641,51.42,1.635
2005-03-28,21.84,0.003,45.27,2.178
2005-03-29,21.324,0.001,41.4,1.7
2005-03-30,20.545,0.008,40.82,3.02
2005-03-31,21.398,0.001,41.93,3.12
2005-04-01,21.893,0.001,44.43,2.427
2005-04-02,22.604,0.002,38.41,2.063
2005-04-03,23.426,0.001,39.83,2.715
2005-04-04,24.295,0.002,41.67,1.515
2005-04-05,25.824,0.0,37.36,1.907
2005-04-06,28.561,0.018,24.59,4.721
2005-04-07,27.736,0.208,30.05,5.21
2005-04-08,24.861,0.001,20.44,1.198
2005-04-09,22.166,0.005,16.94,1.831
2005-04-10,21.221,0.001,21.21,1.759
2005-04-11,22.416,0.0,21.58,3.516
2005-04-12,23.823,0.001,23.97,3.64
2005-04-13,26.169,0.001,23.82,3.866
2005-04-14,27.814,0.102,20.55,1.262
2005-04-15,27.49,0.003,22.39,1.282
2005-04-16,27.487,0.002,21.98,2.438
2005-04-17,27.314,0.001,20.0,3.051
2005-04-18,27.024,0.01,24.1,1.385
2005-04-19,28.624,0.001,22.33,1.067
2005-04-20,29.074,0.001,20.53,1.029
2005-04-21,30.177,0.079,23.23,2.708
2005-04-22,30.814,0.212,23.58,1.883
2005-04-23,30.343,0.102,24.49,1.315
2005-04-24,28.755,0.723,32.57,0.481
2005-04-25,27.837,1.62,39.54,1.021
2005-04-26,28.395,0.13,31.15,2.244
2005-04-27,25.987,1.642,36.56,1.549
2005-04-28,25.664,0.061,35.3,0.762
2005-04-29,27.44,0.022,30.17,1.514
2005-04-30,27.879,0.326,34.22,2.633
2005-05-01,26.762,1.243,44.14,2.473
2005-05-02,25.993,8.608,54.83,1.827
2005-05-03,23.814,9.965,69.26,0.953
2005-05-04,25.511,1.695,57.24,1.078
2005-05-05,26.81,0.077,49.17,1.851
2005-05-06,27.336,0.533,46.65,0.57
2005-05-07,28.776,0.003,36.56,0.95
2005-05-08,29.721,0.036,34.7,2.517
2005-05-09,28.882,0.054,29.31,3.216
2005-05-10,27.798,0.013,25.91,2.582
2005-05-11,29.109,0.001,21.25,2.017
2005-05-12,30.643,0.0,16.89,2.171
2005-05-13,30.325,0.216,21.72,0.992
2005-05-14,30.67,0.002,17.53,2.861
2005-05-15,31.471,0.0,15.5,3.519
2005-05-16,31.79,0.142,19.31,1.986
2005-05-17,32.182,0.317,22.01,0.899
2005-05-18,32.051,0.118,22.38,1.274
2005-05-19,31.797,0.098,18.92,1.477
2005-05-20,31.959,0.756,21.16,0.825
2005-05-21,31.94,0.397,24.88,1.913
2005-05-22,32.704,0.008,21.97,2.012
2005-05-23,31.737,1.044,25.65,1.5
2005-05-24,32.143,0.004,18.08,2.973
2005-05-25,33.324,0.001,15.02,3.264
2005-05-26,32.493,0.599,22.39,1.576
2005-05-27,31.787,0.0,19.97,3.447
2005-05-28,32.461,0.001,15.77,3.168
2005-05-29,32.815,0.161,19.56,2.208
2005-05-30,32.314,0.536,25.95,1.748
2005-05-31,32.257,0.003,22.78,3.805
2005-06-01,32.958,0.003,17.15,4.439
2005-06-02,33.738,0.0,16.33,3.776
2005-06-03,34.305,0.001,16.34,3.338
2005-06-04,34.346,0.001,18.02,1.669
2005-06-05,34.965,0.002,20.11,2.605
2005-06-06,32.723,1.881,36.88,2.829
2005-06-07,32.069,0.801,37.05,0.356
2005-06-08,32.43,0.085,30.32,1.692
2005-06-09,33.511,0.001,24.04,2.838
2005-06-10,33.784,0.0,27.84,3.624
2005-06-11,34.701,0.015,22.89,4.314
2005-06-12,33.67,0.001,24.37,3.967
2005-06-13,33.047,0.096,28.29,2.976
2005-06-14,33.929,0.0,26.68,3.188
2005-06-15,34.234,0.01,25.76,3.069
2005-06-16,34.908,0.002,23.18,3.057
2005-06-17,35.441,0.001,22.57,2.681
2005-06-18,35.592,0.041,26.84,1.933
2005-06-19,35.942,0.02,27.09,3.208
2005-06-20,36.964,0.001,22.34,2.322
2005-06-21,36.349,0.001,29.4,0.515
2005-06-22,36.409,0.013,32.36,0.248
2005-06-23,34.332,0.326,46.83,2.218
2005-06-24,32.421,0.659,58.09,2.771
2005-06-25,31.174,11.968,66.61,3.985
2005-06-26,26.341,43.91,87.4,3.237
2005-06-27,28.493,12.224,79.67,1.943
2005-06-28,27.786,17.68,81.42,2.877
2005-06-29,27.696,8.745,81.21,1.784
2005-06-30,28.102,22.235,82.0,1.574
2005-07-01,28.112,7.694,78.59,0.267
2005-07-02,27.099,15.245,83.93,1.615
2005-07-03,27.883,2.375,78.77,0.484
2005-07-04,26.983,24.266,85.44,1.968
2005-07-05,25.846,34.085,86.25,2.723
2005-07-06,25.705,29.004,87.08,1.433
2005-07-07,26.838,10.925,81.89,3.315
2005-07-08,28.46,2.164,79.75,2.746
2005-07-09,29.549,1.105,76.54,1.491
2005-07-10,28.809,4.504,81.62,2.519
2005-07-11,25.802,8.067,87.08,3.739
2005-07-12,26.62,2.492,84.1,1.526
2005-07-13,26.853,13.937,87.62,1.145
2005-07-14,26.624,4.883,87.26,1.624
2005-07-15,26.445,23.678,89.06,0.909
2005-07-16,26.975,17.712,86.76,1.037
2005-07-17,27.022,5.714,85.61,0.658
2005-07-18,27.158,3.719,84.07,0.403
2005-07-19,28.256,1.246,80.37,0.613
2005-07-20,28.796,2.354,80.75,1.064
2005-07-21,28.394,3.293,80.61,0.961
2005-07-22,28.427,5.651,83.14,1.03
2005-07-23,27.274,2.782,83.82,2.358
2005-07-24,28.662,0.614,79.41,1.573
2005-07-25,29.233,1.348,78.01,1.577
2005-07-26,28.424,2.87,81.53,2.306
2005-07-27,29.074,5.742,80.08,1.225
2005-07-28,29.622,2.305,76.99,0.851
2005-07-29,28.527,6.32,82.79,1.346
2005-07-30,28.727,4.931,82.91,1.24
2005-07-31,29.004,5.602,80.7,0.749
2005-08-01,29.028,3.445,80.63,1.69
2005-08-02,29.639,2.995,78.1,0.838
2005-08-03,29.381,7.63,80.69,1.722
2005-08-04,27.598,8.866,87.43,1.576
2005-08-05,27.533,5.247,87.04,0.839
2005-08-06,25.457,75.197,94.56,0.171
2005-08-07,25.904,28.333,88.09,0.935
2005-08-08,26.267,5.379,84.53,1.236
2005-08-09,27.611,0.318,78.95,2.814
2005-08-10,27.85,0.92,78.78,2.883
2005-08-11,28.072,0.863,79.32,2.621
2005-08-12,28.484,0.658,79.8,0.588
2005-08-13,28.951,0.658,79.78,1.15
2005-08-14,29.428,0.703,79.93,1.503
2005-08-15,28.137,11.703,85.58,1.615
2005-08-16,26.396,14.994,90.16,1.463
2005-08-17,26.539,7.194,87.32,1.273
2005-08-18,27.921,1.103,84.71,0.88
2005-08-19,28.419,1.286,81.92,0.265
2005-08-20,27.503,2.823,85.25,1.313
2005-08-21,27.54,0.767,84.51,0.383
2005-08-22,28.235,0.876,82.52,0.492
2005-08-23,28.098,1.213,82.17,0.54
2005-08-24,28.251,0.687,78.41,0.463
2005-08-25,28.501,0.314,73.84,1.578
2005-08-26,28.295,0.371,75.33,1.088
2005-08-27,27.599,0.836,78.2,0.626
2005-08-28,27.085,1.257,77.05,1.873
2005-08-29,27.781,0.005,69.0,3.301
2005-08-30,28.436,0.108,68.97,3.655
2005-08-31,28.807,0.049,71.64,2.65
2005-09-01,29.115,0.077,73.82,0.975
2005-09-02,29.299,0.489,75.85,0.67
2005-09-03,29.68,0.2,72.65,0.894
2005-09-04,28.934,0.611,75.57,2.455
2005-09-05,27.557,0.942,80.72,2.903
2005-09-06,27.959,0.416,79.96,3.255
2005-09-07,27.517,0.904,79.62,3.015
2005-09-08,27.759,9.815,80.57,1.564
2005-09-09,27.561,2.766,79.67,0.903
2005-09-10,26.906,7.624,81.98,0.476
2005-09-11,28.196,0.768,76.25,0.761
2005-09-12,27.148,9.068,80.68,0.87
2005-09-13,27.058,1.296,73.3,1.853
2005-09-14,26.742,0.624,74.02,1.703
2005-09-15,27.052,0.007,72.61,0.76
2005-09-16,25.542,0.592,85.2,0.928
2005-09-17,23.44,27.385,92.62,1.339
2005-09-18,23.233,27.554,87.08,1.65
2005-09-19,26.523,0.038,76.62,1.1
2005-09-20,27.672,0.017,77.09,0.358
2005-09-21,26.829,15.834,84.76,1.664
2005-09-22,25.393,4.544,86.16,1.615
2005-09-23,26.162,2.574,84.52,0.657
2005-09-24,24.372,69.32,89.82,1.344
2005-09-25,22.816,19.908,86.1,0.512
2005-09-26,25.283,0.572,81.39,1.478
2005-09-27,25.419,0.104,79.49,1.158
2005-09-28,25.625,0.011,73.35,2.119
2005-09-29,25.712,0.021,72.69,2.077
2005-09-30,25.525,0.003,69.21,1.819
2005-10-01,25.677,0.0,66.05,1.659
2005-10-02,25.809,0.003,69.99,1.074
2005-10-03,25.577,0.017,70.32,0.571
2005-10-04,25.356,0.01,63.99,0.742
2005-10-05,24.926,0.0,62.31,1.259
2005-10-06,25.859,0.004,60.76,2.232
2005-10-07,25.292,0.012,67.82,0.631
2005-10-08,24.54,0.04,74.25,1.601
2005-10-09,24.486,0.011,67.05,0.667
2005-10-10,24.2,0.009,65.74,1.005
2005-10-11,24.397,0.168,58.78,0.541
2005-10-12,23.878,0.014,52.27,1.928
2005-10-13,23.279,0.002,52.82,1.089
2005-10-14,23.297,0.003,56.29,0.504
2005-10-15,22.58,0.002,60.47,0.934
2005-10-16,22.639,0.001,58.85,0.506
2005-10-17,22.362,0.0,61.49,0.5
2005-10-18,22.206,0.0,53.68,1.097
2005-10-19,21.524,0.09,60.91,1.449
2005-10-20,21.772,0.082,66.24,1.352
2005-10-21,21.42,0.068,64.11,0.626
2005-10-22,21.07,0.0,56.41,1.237
2005-10-23,21.035,0.001,57.8,0.612
2005-10-24,20.623,0.0,65.1,1.078
2005-10-25,21.275,0.001,62.32,0.457
2005-10-26,21.638,0.0,54.33,1.422
2005-10-27,21.157,0.001,53.65,1.204
2005-10-28,20.695,0.001,51.99,1.202
2005-10-29,20.634,0.001,49.65,2.321
2005-10-30,19.732,0.001,57.39,0.708
2005-10-31,19.758,0.0,57.46,1.896
2005-11-01,19.622,0.003,57.45,2.034
2005-11-02,19.815,0.003,57.69,2.102
2005-11-03,19.326,0.823,55.44,0.834
2005-11-04,19.017,0.004,51.09,1.155
2005-11-05,18.713,0.001,49.94,2.172
2005-11-06,18.734,0.002,48.33,2.87
2005-11-07,18.23,0.003,52.52,2.369
2005-11-08,18.322,0.0,54.6,1.895
2005-11-09,18.697,0.001,55.86,1.954
2005-11-10,19.105,0.001,54.43,2.256
2005-11-11,20.138,-0.0,51.26,2.976
2005-11-12,21.108,0.001,44.68,3.939
2005-11-13,21.145,0.0,38.68,5.187
2005-11-14,20.107,0.0,37.47,4.37
2005-11-15,19.845,0.0,35.63,4.43
2005-11-16,19.098,0.0,36.85,4.113
2005-11-17,18.017,0.003,34.49,4.072
2005-11-18,16.753,0.001,41.49,2.611
2005-11-19,16.971,0.002,47.93,1.662
2005-11-20,17.566,0.002,50.67,2.239
2005-11-21,17.67,0.001,50.98,1.805
2005-11-22,18.022,0.0,52.0,2.177
2005-11-23,17.446,0.0,54.39,1.9
2005-11-24,16.776,0.0,56.55,1.581
2005-11-25,16.308,0.0,56.73,0.802
2005-11-26,16.029,0.002,58.17,0.649
2005-11-27,15.711,0.0,59.86,0.731
2005-11-28,16.704,0.015,49.68,1.127
2005-11-29,16.474,0.002,55.01,1.76
2005-11-30,14.75,0.001,56.88,1.898
2005-12-01,13.388,0.001,55.31,2.339
2005-12-02,13.692,0.001,57.98,2.507
2005-12-03,13.144,0.002,55.38,2.613
2005-12-04,14.338,0.001,51.93,3.421
2005-12-05,14.791,0.0,46.82,3.168
2005-12-06,14.091,0.001,54.4,1.647
2005-12-07,14.162,0.002,57.26,1.724
2005-12-08,13.977,0.003,60.31,1.742
2005-12-09,13.795,0.003,56.27,1.592
2005-12-10,14.041,0.0,54.13,2.12
2005-12-11,13.428,0.001,54.92,1.379
2005-12-12,13.029,0.001,55.05,1.718
2005-12-13,12.839,0.001,54.76,2.87
2005-12-14,12.414,0.001,54.18,2.247
2005-12-15,12.223,0.0,59.08,1.107
2005-12-16,13.257,0.001,60.55,1.636
2005-12-17,13.228,0.001,59.65,1.76
2005-12-18,13.249,0.001,61.27,2.03
2005-12-19,13.221,0.0,65.25,0.535
2005-12-20,13.146,0.0,70.0,0.908
2005-12-21,13.39,0.039,69.88,0.456
2005-12-22,13.461,0.029,61.51,0.936
2005-12-23,12.44,0.085,62.26,0.971
2005-12-24,12.792,0.002,65.77,2.949
2005-12-25,12.592,0.002,58.62,3.108
2005-12-26,12.914,0.001,60.27,1.89
2005-12-27,13.568,0.001,64.6,0.406
2005-12-28,13.138,0.0,67.18,1.213
2005-12-29,12.76,0.002,69.89,1.11
2005-12-30,12.841,0.001,70.42,1.054
2005-12-31,13.127,0.0,68.73,1.262
2006-01-01,15.461,0.004,58.84,2.938
2006-01-02,15.216,21.495,67.34,3.754
2006-01-03,13.08,3.306,81.15,0.916
2006-01-04,11.368,0.0,78.57,2.79
2006-01-05,10.758,0.0,73.45,3.084
2006-01-06,10.319,0.001,68.92,3.028
2006-01-07,10.144,0.001,72.28,2.367
2006-01-08,10.713,0.0,73.8,2.163
2006-01-09,11.198,0.001,71.67,1.91
2006-01-10,11.653,0.005,69.92,2.007
2006-01-11,12.206,0.001,69.6,2.553
2006-01-12,12.968,0.001,66.82,2.452
2006-01-13,13.904,0.0,61.96,3.145
2006-01-14,15.442,0.002,55.0,3.283
2006-01-15,16.479,0.141,63.95,1.924
2006-01-16,16.57,1.028,61.64,2.881
2006-01-17,17.183,1.436,63.66,3.267
2006-01-18,15.658,0.064,74.64,0.511
2006-01-19,13.982,0.0,65.42,2.982
2006-01-20,13.618,0.001,56.9,2.996
2006-01-21,13.386,0.0,55.05,3.949
2006-01-22,11.598,0.0,57.01,3.087
2006-01-23,11.232,0.0,59.22,2.966
2006-01-24,11.976,0.0,59.9,3.269
2006-01-25,11.615,0.001,57.59,2.673
2006-01-26,12.337,0.0,62.05,2.379
2006-01-27,13.758,0.001,58.03,2.679
2006-01-28,14.22,0.002,62.13,1.951
2006-01-29,16.209,0.001,60.99,2.942
2006-01-30,16.731,0.001,63.1,2.498
2006-01-31,16.909,0.001,56.31,1.828
2006-02-01,17.483,0.002,53.06,2.916
2006-02-02,17.433,0.001,58.06,3.168
2006-02-03,17.967,0.003,53.72,4.226
2006-02-04,17.455,0.001,50.71,3.09
2006-02-05,17.61,0.001,48.67,1.955
2006-02-06,17.719,0.001,53.84,0.564
2006-02-07,17.987,0.029,46.53,0.61
2006-02-08,18.559,0.112,51.19,1.226
2006-02-09,19.005,0.003,50.24,1.325
2006-02-10,18.642,0.003,49.33,2.454
2006-02-11,18.555,0.001,52.98,1.097
2006-02-12,19.924,0.0,53.7,0.531
2006-02-13,21.348,0.002,52.13,1.971
2006-02-14,21.229,0.019,56.04,0.165
2006-02-15,19.066,2.324,61.77,1.76
2006-02-16,19.984,0.006,53.68,2.195
2006-02-17,21.934,0.003,41.69,4.276
2006-02-18,22.513,-0.0,50.34,4.115
2006-02-19,22.68,0.002,50.37,3.578
2006-02-20,22.634,0.004,52.19,2.705
2006-02-21,22.676,0.0,46.56,2.974
2006-02-22,23.33,0.004,40.65,2.836
2006-02-23,23.535,0.002,42.13,3.322
2006-02-24,23.12,0.0,43.59,3.05
2006-02-25,23.589,0.006,40.25,1.951
2006-02-26,21.278,3.393,52.36,1.314
2006-02-27,19.685,0.004,52.57,3.037
2006-02-28,19.622,0.002,49.67,3.455
2006-03-01,19.486,0.0,46.04,2.413
2006-03-02,19.615,0.002,43.56,1.347
2006-03-03,20.354,0.002,39.91,1.697
2006-03-04,20.318,0.0,35.08,1.559
2006-03-05,20.854,0.001,31.82,1.677
2006-03-06,21.125,1.18,35.36,1.259
2006-03-07,21.627,0.699,39.7,1.482
2006-03-08,22.677,0.004,32.21,1.259
2006-03-09,23.141,0.162,37.88,0.663
2006-03-10,19.472,15.672,66.72,1.627
2006-03-11,18.079,6.006,80.74,1.109
2006-03-12,18.802,0.155,72.77,1.402
2006-03-13,19.183,0.273,69.47,0.415
2006-03-14,17.357,19.352,78.37,2.102
2006-03-15,16.698,3.522,76.59,0.533
2006-03-16,17.791,0.04,56.59,1.728
2006-03-17,18.707,0.001,49.42,4.027
2006-03-18,18.691,0.001,53.26,3.149
2006-03-19,21.193,0.006,49.98,2.786
2006-03-20,20.365,0.391,55.14,0.94
2006-03-21,21.769,0.021,50.55,3.439
2006-03-22,21.111,0.003,47.9,4.028
2006-03-23,22.612,0.002,40.23,3.142
2006-03-24,23.696,0.92,40.47,0.865
2006-03-25,22.884,0.934,47.58,0.548
2006-03-26,21.672,2.395,46.94,0.887
2006-03-27,21.13,0.008,43.99,1.363
2006-03-28,20.743,0.017,40.95,1.539
2006-03-29,23.086,0.001,41.29,3.465
2006-03-30,24.29,0.002,40.49,2.532
2006-03-31,24.385,0.002,43.26,1.602
2006-04-01,26.057,0.057,34.22,0.798
2006-04-02,25.995,0.033,29.62,1.554
2006-04-03,26.569,0.001,23.35,2.819
2006-04-04,27.595,0.001,22.22,4.836
2006-04-05,28.436,0.0,21.93,4.789
2006-04-06,28.858,0.001,20.9,3.909
2006-04-07,28.559,0.0,20.41,2.999
2006-04-08,29.221,0.002,22.3,0.602
2006-04-09,27.733,2.922,35.21,4.2
2006-04-10,25.862,0.185,39.33,1.114
2006-04-11,26.478,0.005,24.13,1.813
2006-04-12,25.568,0.001,17.32,3.308
2006-04-13,25.583,0.0,14.14,3.11
2006-04-14,26.916,0.001,11.85,1.653
2006-04-15,28.367,0.016,16.06,0.7
2006-04-16,28.384,0.448,20.01,2.642
2006-04-17,25.787,0.346,29.75,1.655
2006-04-18,25.363,0.036,30.87,0.644
2006-04-19,24.89,0.234,39.6,2.663
2006-04-20,25.861,0.005,34.98,1.421
2006-04-21,27.174,0.083,29.57,2.314
2006-04-22,29.289,0.002,22.21,3.244
2006-04-23,29.146,0.796,26.38,1.009
2006-04-24,29.528,0.001,24.14,0.803
2006-04-25,29.831,0.087,22.82,0.823
2006-04-26,30.959,0.002,21.11,0.373
2006-04-27,31.909,0.006,19.36,0.253
2006-04-28,31.552,0.116,27.76,2.534
2006-04-29,32.003,0.0,23.64,0.784
2006-04-30,31.722,0.018,24.63,1.444
2006-05-01,32.064,0.018,21.55,2.659
2006-05-02,30.519,1.263,26.96,1.761
2006-05-03,29.438,0.268,31.17,1.723
2006-05-04,31.777,0.003,22.94,1.771
2006-05-05,32.812,0.038,23.11,0.862
2006-05-06,33.646,0.002,23.15,0.942
2006-05-07,33.652,1.473,32.74,2.784
2006-05-08,32.588,0.648,41.77,3.618
2006-05-09,31.557,0.74,45.86,1.726
2006-05-10,32.686,0.009,30.82,0.76
2006-05-11,32.194,0.328,39.62,2.77
2006-05-12,32.442,0.254,40.02,2.314
2006-05-13,32.87,1.049,40.36,3.354
2006-05-14,31.554,0.972,48.31,2.726
2006-05-15,31.024,1.121,48.24,3.519
2006-05-16,30.347,1.773,53.14,3.976
2006-05-17,29.879,1.172,54.3,0.54
2006-05-18,29.846,2.119,50.42,0.484
2006-05-19,30.115,1.784,49.23,0.223
2006-05-20,29.228,0.858,59.46,1.565
2006-05-21,29.949,1.162,56.23,2.163
2006-05-22,29.254,0.684,61.27,1.909
2006-05-23,29.038,2.665,60.38,1.04
2006-05-24,31.427,0.205,53.34,0.927
2006-05-25,32.028,0.174,53.21,2.11
2006-05-26,32.884,0.22,50.04,1.855
2006-05-27,32.247,0.234,54.49,3.093
2006-05-28,31.988,0.352,54.87,3.967
2006-05-29,31.224,2.897,57.46,3.062
2006-05-30,32.925,0.331,47.85,2.008
2006-05-31,32.671,3.392,48.21,1.564
2006-06-01,32.667,0.871,42.38,0.236
2006-06-02,30.555,1.019,59.03,2.668
2006-06-03,28.543,6.62,61.23,1.968
2006-06-04,30.19,0.913,49.67,1.078
2006-06-05,30.659,0.033,46.68,1.504
2006-06-06,31.831,0.001,31.02,2.448
2006-06-07,32.671,0.004,29.01,1.999
2006-06-08,33.63,0.001,23.95,3.143
2006-06-09,33.634,0.0,22.21,2.597
2006-06-10,33.964,0.0,20.41,1.09
2006-06-11,34.207,0.003,19.12,1.282
2006-06-12,34.618,0.001,16.48,2.59
2006-06-13,32.101,0.151,25.55,2.424
2006-06-14,32.32,0.175,31.4,0.676
2006-06-15,31.873,0.65,38.07,0.669
2006-06-16,30.651,4.072,47.25,0.821
2006-06-17,28.645,4.804,54.13,0.162
2006-06-18,29.844,0.018,38.54,1.754
2006-06-19,28.529,0.246,44.75,1.08
2006-06-20,29.709,0.148,45.49,0.778
2006-06-21,31.838,0.014,39.59,0.714
2006-06-22,32.656,0.116,41.85,1.448
2006-06-23,32.818,2.887,50.79,1.869
2006-06-24,31.608,1.662,58.78,2.914
2006-06-25,31.236,9.545,60.82,2.283
2006-06-26,29.216,19.358,72.77,2.433
2006-06-27,27.425,9.954,80.44,2.549
2006-06-28,28.602,4.078,74.19,1.772
2006-06-29,28.888,3.732,74.26,1.748
2006-06-30,28.658,2.809,74.98,1.316
2006-07-01,30.591,0.126,65.41,0.91
2006-07-02,31.417,0.533,63.94,1.73
2006-07-03,31.937,0.748,59.62,1.274
2006-07-04,31.533,6.483,65.1,1.639
2006-07-05,30.166,5.028,70.38,2.965
2006-07-06,29.949,2.499,68.68,1.854
2006-07-07,32.733,0.247,59.42,1.675
2006-07-08,31.322,6.815,70.06,2.086
2006-07-09,28.004,27.126,85.12,1.605
2006-07-10,27.568,13.33,85.3,1.869
2006-07-11,26.959,14.661,86.65,2.452
2006-07-12,27.337,5.809,84.81,2.013
2006-07-13,28.553,1.799,79.57,1.567
2006-07-14,28.446,3.413,80.74,0.464
2006-07-15,29.43,0.555,75.66,1.139
2006-07-16,29.756,0.607,73.64,0.351
2006-07-17,29.803,1.276,75.66,1.283
2006-07-18,28.63,7.764,80.45,2.612
2006-07-19,27.608,23.298,84.52,2.042
2006-07-20,28.319,1.21,80.91,2.327
2006-07-21,29.532,1.116,76.79,1.94
2006-07-22,28.933,5.079,78.89,1.499
2006-07-23,26.55,11.833,85.12,2.743
2006-07-24,28.091,4.118,81.42,2.39
2006-07-25,26.996,36.872,87.72,2.465
2006-07-26,25.136,47.085,95.41,2.701
2006-07-27,25.585,6.656,90.4,2.841
2006-07-28,27.424,5.106,82.19,2.954
2006-07-29,28.187,3.524,79.15,2.111
2006-07-30,29.698,0.209,74.01,0.907
2006-07-31,28.799,1.123,79.69,0.687
2006-08-01,29.269,1.066,75.89,2.844
2006-08-02,28.502,5.392,80.0,2.497
2006-08-03,27.343,6.585,84.33,1.694
2006-08-04,27.256,5.599,78.0,2.32
2006-08-05,27.872,3.771,77.71,1.873
2006-08-06,26.113,8.603,82.35,2.187
2006-08-07,26.802,11.01,84.33,1.808
2006-08-08,27.413,0.926,79.51,1.814
2006-08-09,27.958,0.441,77.84,0.852
2006-08-10,29.353,0.601,74.2,0.623
2006-08-11,29.902,0.017,73.56,0.47
2006-08-12,29.686,0.982,76.35,1.029
2006-08-13,29.665,2.709,73.36,0.524
2006-08-14,27.603,4.341,84.6,1.801
2006-08-15,28.529,3.235,77.66,1.158
2006-08-16,29.34,0.454,72.89,1.122
2006-08-17,30.183,0.865,69.96,0.319
2006-08-18,30.03,0.629,71.55,2.236
2006-08-19,29.064,1.161,73.72,3.38
2006-08-20,27.639,0.29,74.35,3.383
2006-08-21,29.025,0.564,71.78,1.865
2006-08-22,28.816,5.245,76.3,1.946
2006-08-23,28.231,8.343,81.2,1.261
2006-08-24,27.967,4.658,83.22,0.448
2006-08-25,28.023,4.612,79.53,2.178
2006-08-26,27.855,2.432,78.99,2.817
2006-08-27,27.67,3.654,79.07,0.495
2006-08-28,27.009,1.964,78.64,0.739
2006-08-29,27.871,1.661,76.05,0.356
2006-08-30,26.698,6.561,76.92,2.263
2006-08-31,26.487,19.889,76.87,1.335
2006-09-01,25.784,30.724,84.41,1.938
2006-09-02,23.475,15.364,87.07,4.958
2006-09-03,24.83,1.885,80.86,0.268
2006-09-04,26.761,0.007,79.52,0.614
2006-09-05,27.47,2.106,82.33,0.612
2006-09-06,27.745,1.782,81.65,1.586
2006-09-07,28.026,0.604,79.34,1.546
2006-09-08,27.893,0.784,80.48,0.369
2006-09-09,27.586,1.044,81.49,2.349
2006-09-10,27.627,0.643,78.62,2.21
2006-09-11,27.548,0.85,78.0,2.077
2006-09-12,27.807,0.771,76.02,1.695
2006-09-13,27.346,1.265,75.78,1.219
2006-09-14,26.563,4.031,78.39,0.301
2006-09-15,27.072,0.574,75.31,0.499
2006-09-16,27.463,0.232,71.21,0.719
2006-09-17,28.066,0.433,70.55,0.829
2006-09-18,27.94,3.322,73.43,2.285
2006-09-19,27.872,1.059,71.9,1.826
2006-09-20,27.844,1.046,74.76,1.761
2006-09-21,27.677,0.65,71.23,1.401
2006-09-22,26.401,0.115,70.68,0.479
2006-09-23,25.907,0.002,63.8,1.281
2006-09-24,26.088,0.002,61.51,1.288
2006-09-25,26.354,0.002,60.62,1.196
2006-09-26,26.894,0.001,56.85,1.724
2006-09-27,27.156,0.005,50.97,2.782
2006-09-28,26.556,0.0,47.12,2.381
2006-09-29,26.888,0.001,51.12,1.203
2006-09-30,27.189,0.168,54.74,0.276
2006-10-01,27.424,0.001,51.76,0.358
2006-10-02,27.135,0.001,49.28,0.754
2006-10-03,27.385,0.0,46.44,1.527
2006-10-04,27.375,0.024,47.26,1.835
2006-10-05,27.577,0.001,48.21,2.001
2006-10-06,26.727,0.0,51.97,0.189
2006-10-07,26.692,0.002,53.75,0.321
2006-10-08,27.135,0.0,53.7,0.752
2006-10-09,27.672,0.002,50.22,2.412
2006-10-10,27.722,0.003,51.85,3.321
2006-10-11,27.627,0.005,48.0,3.444
2006-10-12,27.262,0.068,48.74,1.509
2006-10-13,26.069,1.368,51.55,0.855
2006-10-14,25.131,0.934,47.38,1.645
2006-10-15,25.369,0.001,46.26,2.955
2006-10-16,25.108,0.001,49.28,2.171
2006-10-17,24.699,0.003,49.51,0.892
2006-10-18,24.841,0.044,52.29,1.35
2006-10-19,24.307,3.405,57.27,3.235
2006-10-20,21.105,2.727,66.85,1.747
2006-10-21,21.959,0.015,55.73,0.644
2006-10-22,20.693,3.346,66.22,2.003
2006-10-23,21.262,0.025,60.3,0.409
2006-10-24,21.516,0.001,56.35,1.155
2006-10-25,21.971,0.001,57.28,0.356
2006-10-26,21.811,0.002,54.67,0.595
2006-10-27,22.002,0.026,56.12,1.203
2006-10-28,22.201,0.007,54.44,0.537
2006-10-29,22.053,0.002,54.96,1.269
2006-10-30,22.101,0.001,57.49,1.103
2006-10-31,21.939,0.005,61.95,0.87
2006-11-01,22.171,0.016,63.6,0.72
2006-11-02,22.086,0.05,64.09,0.679
2006-11-03,22.312,0.011,62.41,1.408
2006-11-04,22.293,0.0,60.85,2.405
2006-11-05,22.345,0.0,62.12,2.578
2006-11-06,21.724,0.001,64.29,0.804
2006-11-07,21.111,0.338,63.1,0.813
2006-11-08,21.405,0.385,59.03,1.263
2006-11-09,21.585,0.007,58.66,1.1
2006-11-10,21.568,0.014,61.17,0.463
2006-11-11,21.564,0.001,61.62,0.937
2006-11-12,21.145,0.004,65.78,0.811
2006-11-13,20.677,0.125,62.72,1.958
2006-11-14,19.681,0.002,53.58,1.982
2006-11-15,19.564,0.002,55.12,1.748
2006-11-16,19.857,0.002,54.11,2.301
2006-11-17,20.61,0.001,52.66,2.612
2006-11-18,19.924,0.154,60.2,2.363
2006-11-19,19.819,0.0,58.18,4.066
2006-11-20,19.314,0.001,52.08,4.407
2006-11-21,18.856,0.027,53.27,2.659
2006-11-22,18.072,1.253,69.72,0.853
2006-11-23,17.398,0.041,66.25,1.867
2006-11-24,16.074,0.003,59.08,2.136
2006-11-25,15.806,0.001,55.25,2.343
2006-11-26,15.229,0.001,50.87,2.952
2006-11-27,14.177,0.046,57.77,1.36
2006-11-28,14.569,0.001,49.62,1.798
2006-11-29,15.575,0.0,46.44,2.667
2006-11-30,16.202,0.0,42.44,3.957
2006-12-01,15.909,0.001,41.94,4.05
2006-12-02,15.694,0.002,43.71,3.26
2006-12-03,16.528,0.0,49.11,1.476
2006-12-04,16.911,1.939,62.16,0.849
2006-12-05,17.503,5.13,69.02,3.016
2006-12-06,17.118,0.02,70.39,0.832
2006-12-07,14.962,0.003,69.14,1.407
2006-12-08,13.623,0.002,70.15,1.726
2006-12-09,14.266,0.001,73.34,1.324
2006-12-10,14.644,2.762,69.73,1.396
2006-12-11,12.973,1.431,72.37,0.9
2006-12-12,12.584,0.003,67.44,2.444
2006-12-13,13.136,0.004,60.66,3.274
2006-12-14,14.584,0.001,54.92,3.853
2006-12-15,14.831,0.001,54.51,3.736
2006-12-16,15.634,0.0,56.55,3.259
2006-12-17,14.776,0.002,63.87,2.581
2006-12-18,13.946,0.001,66.18,1.275
2006-12-19,15.01,0.015,72.22,2.299
2006-12-20,16.153,0.008,76.21,2.725
2006-12-21,15.926,0.135,75.54,1.087
2006-12-22,14.953,0.0,64.01,2.298
2006-12-23,13.4,0.002,62.64,1.741
2006-12-24,13.134,0.002,59.78,1.704
2006-12-25,13.7,0.0,59.76,2.174
2006-12-26,12.437,6.171,78.33,1.528
2006-12-27,13.824,0.003,70.96,3.623
2006-12-28,12.764,0.001,70.96,1.956
2006-12-29,12.058,0.001,69.75,1.523
2006-12-30,12.286,0.001,68.09,1.047
2006-12-31,11.778,0.001,71.82,0.599
2007-01-01,11.459,0.001,72.4,2.417
2007-01-02,12.328,0.001,68.07,3.743
2007-01-03,11.709,0.0,59.66,3.896
2007-01-04,11.062,0.001,51.71,3.626
2007-01-05,10.078,0.0,48.75,3.298
2007-01-06,9.395,0.002,53.28,2.627
2007-01-07,9.798,0.001,63.66,2.521
2007-01-08,10.568,0.001,63.14,1.585
2007-01-09,11.131,0.0,62.41,0.974
2007-01-10,10.957,0.002,60.99,2.409
2007-01-11,11.138,0.0,65.52,2.426
2007-01-12,11.215,0.001,60.48,2.685
2007-01-13,12.266,0.0,51.38,3.855
2007-01-14,11.031,0.002,50.91,2.967
2007-01-15,11.924,0.001,50.87,2.411
2007-01-16,12.864,0.0,49.04,2.7
2007-01-17,13.63,0.001,45.97,3.743
2007-01-18,13.754,0.002,48.47,2.915
2007-01-19,14.597,0.001,54.0,2.89
2007-01-20,13.282,0.0,57.9,2.881
2007-01-21,13.467,0.0,56.53,3.552
2007-01-22,13.141,0.0,46.63,3.174
2007-01-23,12.675,0.002,54.3,1.453
2007-01-24,14.739,0.001,54.32,2.05
2007-01-25,17.786,0.002,45.63,3.288
2007-01-26,17.392,0.0,59.66,1.46
2007-01-27,18.366,0.002,62.55,1.271
2007-01-28,18.769,0.001,55.27,1.218
2007-01-29,18.98,0.044,53.41,0.892
2007-01-30,17.826,1.373,64.31,1.551
2007-01-31,17.713,0.001,57.7,3.581
2007-02-01,16.693,0.0,55.63,2.014
2007-02-02,16.121,0.0,60.99,0.618
2007-02-03,17.138,0.104,61.94,0.294
2007-02-04,17.934,0.003,59.82,2.758
2007-02-05,17.67,0.39,59.93,2.447
2007-02-06,17.15,2.451,67.79,0.962
2007-02-07,16.382,1.494,70.86,0.492
2007-02-08,16.821,0.039,70.69,0.566
2007-02-09,17.533,1.911,70.89,3.418
2007-02-10,15.284,26.832,84.38,5.395
2007-02-11,14.135,20.344,82.35,5.238
2007-02-12,13.691,5.799,83.26,2.126
2007-02-13,12.061,9.836,87.96,1.381
2007-02-14,12.066,1.128,82.55,0.338
2007-02-15,12.572,0.426,76.84,0.595
2007-02-16,13.205,0.568,74.59,1.767
2007-02-17,12.861,0.02,69.46,1.712
2007-02-18,13.951,1.136,65.3,0.821
2007-02-19,15.064,0.002,66.36,3.083
2007-02-20,15.363,0.002,62.94,3.942
2007-02-21,16.559,0.017,63.18,2.764
2007-02-22,17.023,0.003,62.5,2.486
2007-02-23,15.844,0.0,62.21,1.992
2007-02-24,15.963,0.003,59.2,0.528
2007-02-25,16.524,0.158,59.3,0.65
2007-02-26,17.074,0.081,62.68,0.325
2007-02-27,18.18,5.885,59.03,3.962
2007-02-28,14.818,23.377,87.6,3.468
2007-03-01,14.037,1.933,84.19,0.486
2007-03-02,15.184,0.006,67.18,3.076
2007-03-03,16.684,0.054,57.35,3.237
2007-03-04,18.148,0.005,53.83,3.814
2007-03-05,18.08,0.002,48.24,5.063
2007-03-06,16.648,0.002,54.12,4.262
2007-03-07,17.596,0.002,51.78,3.775
2007-03-08,18.133,0.001,53.73,1.756
2007-03-09,19.824,0.506,52.38,2.792
2007-03-10,18.861,2.062,51.57,3.073
2007-03-11,18.399,18.874,59.43,3.173
2007-03-12,15.586,32.248,82.45,4.176
2007-03-13,15.063,28.676,86.33,2.41
2007-03-14,14.551,3.294,77.79,1.009
2007-03-15,15.75,0.0,59.8,4.593
2007-03-16,17.697,0.003,54.54,5.133
2007-03-17,18.717,0.0,60.8,3.549
2007-03-18,20.185,0.001,70.04,1.557
2007-03-19,23.002,0.059,66.83,2.212
2007-03-20,22.641,3.585,62.88,1.739
2007-03-21,20.979,16.122,66.44,1.499
2007-03-22,20.972,0.002,64.88,2.168
2007-03-23,20.861,0.001,62.18,3.323
2007-03-24,20.973,0.0,56.69,3.762
2007-03-25,21.696,0.001,52.71,4.958
2007-03-26,22.049,0.002,50.61,4.52
2007-03-27,22.774,0.002,51.98,3.871
2007-03-28,23.654,0.0,55.68,1.907
2007-03-29,24.663,0.0,59.03,0.401
2007-03-30,25.932,0.002,53.66,0.397
2007-03-31,27.157,0.016,47.83,1.434
2007-04-01,26.543,0.744,38.52,0.729
2007-04-02,25.203,0.001,41.12,3.663
2007-04-03,25.608,0.001,39.81,5.134
2007-04-04,26.384,0.001,33.17,5.189
2007-04-05,27.292,0.0,35.6,3.904
2007-04-06,27.853,0.004,34.58,3.542
2007-04-07,27.041,0.039,35.12,1.357
2007-04-08,27.114,0.013,28.71,1.902
2007-04-09,27.512,0.001,28.17,3.644
2007-04-10,28.478,0.0,27.2,3.893
2007-04-11,29.139,0.0,26.92,2.756
2007-04-12,29.607,0.001,28.92,1.069
2007-04-13,29.089,0.001,33.8,1.219
2007-04-14,30.115,0.002,33.72,0.741
2007-04-15,29.983,0.001,39.7,2.094
2007-04-16,30.174,0.001,37.98,1.929
2007-04-17,30.785,0.139,37.51,2.807
2007-04-18,29.11,1.82,43.67,3.082
2007-04-19,29.312,0.121,39.21,1.069
2007-04-20,29.943,0.011,28.81,1.889
2007-04-21,29.814,0.099,24.71,2.113
2007-04-22,30.791,0.001,21.85,1.355
2007-04-23,31.445,0.119,19.09,2.338
2007-04-24,32.071,0.003,14.92,3.52
2007-04-25,31.109,0.0,15.81,2.02
2007-04-26,31.086,0.002,18.65,1.702
2007-04-27,32.032,0.001,21.22,1.449
2007-04-28,31.47,0.007,22.69,1.601
2007-04-29,31.827,0.002,23.36,1.907
2007-04-30,32.203,0.21,28.51,2.771
2007-05-01,31.651,1.233,36.44,2.78
2007-05-02,29.747,1.478,46.25,2.928
2007-05-03,29.857,1.666,45.07,1.469
2007-05-04,30.133,1.233,46.67,1.517
2007-05-05,30.571,0.161,41.2,0.209
2007-05-06,31.845,0.056,30.08,0.014
2007-05-07,31.682,0.485,37.44,2.093
2007-05-08,30.63,1.885,42.87,1.703
2007-05-09,31.272,0.327,32.99,0.574
2007-05-10,31.388,0.566,27.97,0.518
2007-05-11,29.676,2.549,32.65,0.345
2007-05-12,28.853,1.345,40.79,2.733
2007-05-13,29.943,0.006,42.13,2.473
2007-05-14,31.396,0.006,42.5,0.859
2007-05-15,33.122,0.076,38.33,1.587
2007-05-16,31.28,0.961,49.72,3.35
2007-05-17,30.779,2.013,52.34,2.396
2007-05-18,31.743,0.193,49.31,3.2
2007-05-19,31.399,0.448,48.63,1.089
2007-05-20,32.714,0.002,30.65,2.584
2007-05-21,33.053,0.002,22.76,3.275
2007-05-22,31.996,0.364,31.53,0.779
2007-05-23,32.636,0.0,21.59,2.843
2007-05-24,33.076,0.003,16.53,2.627
2007-05-25,32.167,0.344,20.09,2.752
2007-05-26,29.098,3.272,31.22,3.17
2007-05-27,28.478,1.463,34.54,0.571
2007-05-28,29.509,0.283,31.38,0.917
2007-05-29,29.965,0.186,29.23,1.795
2007-05-30,31.564,0.167,25.31,2.181
2007-05-31,32.64,0.014,21.97,2.26
2007-06-01,33.551,0.003,19.97,3.44
2007-06-02,35.69,0.031,17.4,2.566
2007-06-03,35.332,0.356,20.08,1.416
2007-06-04,34.365,0.206,24.64,2.772
2007-06-05,34.702,0.027,24.39,4.926
2007-06-06,35.753,0.004,23.97,4.476
2007-06-07,36.504,0.0,22.22,4.424
2007-06-08,37.126,0.0,25.64,3.355
2007-06-09,38.071,0.002,23.57,1.743
2007-06-10,36.808,0.011,37.65,2.507
2007-06-11,33.819,1.413,51.66,4.455
2007-06-12,30.506,10.63,65.68,3.576
2007-06-13,29.4,10.88,74.53,3.184
2007-06-14,27.963,10.614,77.41,3.337
2007-06-15,26.503,20.84,83.06,2.941
2007-06-16,27.566,6.49,77.66,1.962
2007-06-17,26.763,4.351,81.96,0.915
2007-06-18,28.253,1.521,72.87,1.376
2007-06-19,28.69,0.068,71.99,0.557
2007-06-20,28.604,0.881,71.94,0.938
2007-06-21,28.873,1.849,72.56,1.883
2007-06-22,30.788,0.456,63.46,2.032
2007-06-23,30.648,1.315,63.19,2.963
2007-06-24,31.523,0.293,61.62,2.317
2007-06-25,30.114,8.575,70.37,2.092
2007-06-26,29.006,7.305,76.74,1.325
2007-06-27,29.59,3.224,74.08,2.172
2007-06-28,27.382,4.62,83.59,2.479
2007-06-29,29.347,2.034,72.25,2.434
2007-06-30,31.287,0.099,64.66,1.145
2007-07-01,29.872,6.49,70.71,2.384
2007-07-02,30.041,5.428,70.14,3.04
2007-07-03,27.897,26.65,81.86,2.785
2007-07-04,28.706,5.669,78.3,1.762
2007-07-05,29.544,3.171,75.21,1.056
2007-07-06,29.397,1.933,76.94,1.201
2007-07-07,30.066,10.799,75.26,2.094
2007-07-08,28.272,14.521,79.75,1.427
2007-07-09,29.433,3.197,73.81,0.6
2007-07-10,29.611,4.278,74.98,1.355
2007-07-11,30.069,8.35,72.88,0.398
2007-07-12,29.74,1.959,75.97,0.324
2007-07-13,29.293,5.764,79.47,0.576
2007-07-14,28.88,2.398,76.54,1.103
2007-07-15,28.952,3.031,74.78,0.702
2007-07-16,28.995,2.327,74.7,0.304
2007-07-17,30.261,0.271,69.15,0.981
2007-07-18,30.845,0.474,67.85,2.14
2007-07-19,30.629,1.113,67.7,2.474
2007-07-20,30.024,3.258,68.41,1.723
2007-07-21,29.786,4.206,69.77,0.885
2007-07-22,29.668,1.893,70.58,0.51
2007-07-23,28.247,19.018,79.91,1.435
2007-07-24,27.724,6.695,83.11,0.515
2007-07-25,28.13,4.292,83.1,0.637
2007-07-26,28.956,3.583,79.41,0.663
2007-07-27,29.062,1.601,77.04,0.983
2007-07-28,27.982,4.951,81.3,2.02
2007-07-29,28.364,1.742,77.22,1.545
2007-07-30,28.853,4.027,80.92,1.187
2007-07-31,28.765,3.038,80.49,0.888
2007-08-01,28.283,8.763,83.34,0.755
2007-08-02,26.26,4.793,87.57,2.515
2007-08-03,25.188,69.211,91.06,2.522
2007-08-04,26.949,10.161,86.13,1.492
2007-08-05,28.535,7.332,81.75,1.13
2007-08-06,29.06,5.023,78.66,1.506
2007-08-07,30.329,0.328,73.24,0.567
2007-08-08,29.1,2.532,79.7,2.29
2007-08-09,29.139,0.261,75.52,2.927
2007-08-10,30.184,1.639,75.53,0.594
2007-08-11,28.429,17.993,85.46,0.188
2007-08-12,27.926,7.918,86.09,0.364
2007-08-13,28.072,13.627,87.05,0.827
2007-08-14,28.066,6.38,84.27,0.63
2007-08-15,28.311,0.526,79.66,2.487
2007-08-16,28.944,2.017,78.51,2.476
2007-08-17,29.109,0.599,75.57,2.576
2007-08-18,28.985,1.383,76.32,0.417
2007-08-19,26.264,7.421,87.62,2.356
2007-08-20,28.043,3.768,75.55,2.267
2007-08-21,28.287,0.144,75.91,0.836
2007-08-22,28.613,1.224,76.32,2.246
2007-08-23,28.27,2.05,79.1,1.765
2007-08-24,28.592,3.466,79.34,0.576
2007-08-25,28.155,1.756,79.87,0.318
2007-08-26,28.485,0.9,79.25,0.802
2007-08-27,28.392,2.179,80.03,2.547
2007-08-28,27.431,1.185,80.92,3.235
2007-08-29,27.812,3.319,79.37,2.121
2007-08-30,28.51,2.708,78.75,1.873
2007-08-31,26.96,5.26,85.0,2.498
2007-09-01,28.193,1.187,76.65,2.364
2007-09-02,28.121,9.364,80.94,2.209
2007-09-03,28.03,8.522,82.56,1.532
2007-09-04,27.95,0.963,81.48,1.046
2007-09-05,29.384,0.632,73.73,0.574
2007-09-06,27.104,3.073,80.86,1.338
2007-09-07,26.886,1.84,77.5,0.474
2007-09-08,27.975,0.557,71.64,1.196
2007-09-09,28.59,0.861,68.69,1.611
2007-09-10,28.121,1.77,69.4,1.44
2007-09-11,27.869,0.116,66.57,2.306
2007-09-12,27.52,0.439,66.89,2.074
2007-09-13,27.077,0.814,71.49,0.247
2007-09-14,27.181,0.737,70.85,1.097
2007-09-15,28.115,0.222,68.74,1.492
2007-09-16,28.663,0.272,68.83,1.218
2007-09-17,29.169,0.174,66.84,0.446
2007-09-18,29.699,0.415,66.83,0.15
2007-09-19,28.675,1.171,74.16,1.975
2007-09-20,28.927,2.341,69.21,2.137
2007-09-21,28.735,2.088,64.81,1.895
2007-09-22,28.803,0.43,56.13,2.109
2007-09-23,28.354,0.148,54.18,0.816
2007-09-24,28.558,0.094,56.34,1.335
2007-09-25,28.364,0.302,63.27,0.442
2007-09-26,25.86,0.937,77.6,1.616
2007-09-27,25.893,1.236,75.25,0.382
2007-09-28,25.344,1.127,76.27,0.853
2007-09-29,25.847,0.146,64.24,0.543
2007-09-30,26.441,0.001,49.07,2.573
2007-10-01,26.038,0.001,43.02,3.197
2007-10-02,25.505,0.001,43.87,1.251
2007-10-03,25.142,0.001,47.44,1.055
2007-10-04,25.806,0.0,38.06,1.01
2007-10-05,26.355,0.002,33.53,1.999
2007-10-06,26.225,0.001,32.5,3.431
2007-10-07,26.426,0.001,29.58,4.274
2007-10-08,26.286,0.0,29.68,3.978
2007-10-09,25.538,0.0,31.73,2.884
2007-10-10,24.822,0.001,34.03,2.059
2007-10-11,25.487,0.001,33.25,2.536
2007-10-12,25.672,0.001,33.08,3.3
2007-10-13,25.447,0.004,33.6,2.215
2007-10-14,24.635,0.002,45.57,1.415
2007-10-15,24.918,0.75,47.68,0.726
2007-10-16,24.24,0.754,55.18,1.542
2007-10-17,23.234,0.345,55.98,0.69
2007-10-18,24.152,0.015,43.51,1.996
2007-10-19,24.591,0.002,44.17,1.341
2007-10-20,24.522,0.001,46.5,0.995
2007-10-21,24.025,0.001,47.96,2.126
2007-10-22,24.147,0.003,43.96,1.915
2007-10-23,23.867,0.0,39.08,1.461
2007-10-24,23.563,0.003,43.29,1.844
2007-10-25,23.852,0.0,47.92,1.362
2007-10-26,23.533,0.002,45.74,1.371
2007-10-27,24.058,0.002,39.74,2.71
2007-10-28,23.654,-0.0,35.42,2.719
2007-10-29,22.183,0.0,43.54,0.91
2007-10-30,21.637,0.001,52.58,0.811
2007-10-31,22.422,0.0,47.4,0.955
2007-11-01,22.118,0.002,46.12,0.786
2007-11-02,21.838,0.001,43.97,0.831
2007-11-03,21.261,0.001,49.11,0.988
2007-11-04,21.619,0.003,51.7,0.644
2007-11-05,22.184,0.0,51.57,1.064
2007-11-06,21.894,0.001,58.12,1.95
2007-11-07,22.118,0.0,59.25,2.225
2007-11-08,21.079,1.23,64.51,2.398
2007-11-09,20.919,0.007,54.13,1.262
2007-11-10,20.448,0.032,54.65,0.964
2007-11-11,20.657,0.001,51.48,1.064
2007-11-12,20.076,0.001,54.26,0.561
2007-11-13,19.881,0.001,57.28,0.395
2007-11-14,19.526,0.0,60.12,0.851
2007-11-15,19.962,0.0,54.44,1.266
2007-11-16,19.921,0.003,47.18,2.673
2007-11-17,18.975,0.001,49.52,1.882
2007-11-18,18.192,0.001,56.7,0.85
2007-11-19,18.324,0.001,53.2,1.58
2007-11-20,18.96,0.001,50.05,3.338
2007-11-21,18.241,0.0,50.68,1.731
2007-11-22,17.873,0.003,54.07,1.414
2007-11-23,17.639,0.001,60.06,0.77
2007-11-24,17.937,0.001,62.64,0.894
2007-11-25,18.004,0.0,64.02,0.961
2007-11-26,17.638,0.001,71.17,0.696
2007-11-27,17.507,0.0,68.15,0.835
2007-11-28,17.509,0.001,60.57,1.174
2007-11-29,17.672,0.145,63.04,2.125
2007-11-30,17.061,0.7,63.92,0.945
2007-12-01,17.192,0.0,57.97,1.427
2007-12-02,16.467,0.0,60.44,0.746
2007-12-03,15.903,0.002,58.44,2.372
2007-12-04,14.703,0.001,58.22,2.353
2007-12-05,14.871,0.0,61.33,1.034
2007-12-06,16.234,0.001,59.06,0.997
2007-12-07,14.937,0.052,65.97,1.177
2007-12-08,14.609,0.001,62.76,1.774
2007-12-09,14.964,0.062,64.75,0.846
2007-12-10,16.024,4.291,55.97,1.299
2007-12-11,14.592,2.646,61.21,2.36
2007-12-12,14.789,5.5,67.94,1.292
2007-12-13,13.291,5.284,79.38,0.524
2007-12-14,13.194,0.011,71.39,2.831
2007-12-15,12.594,0.0,62.41,2.572
2007-12-16,11.928,0.0,61.07,2.215
2007-12-17,12.128,0.001,58.63,2.233
2007-12-18,11.889,0.001,61.41,1.057
2007-12-19,12.038,0.0,65.77,0.681
2007-12-20,13.052,0.001,63.04,2.595
2007-12-21,15.873,0.001,54.29,4.31
2007-12-22,16.617,0.003,49.62,5.594
2007-12-23,15.987,0.0,55.0,2.469
2007-12-24,15.682,0.0,62.75,2.497
2007-12-25,14.843,0.001,67.57,2.8
2007-12-26,13.767,0.001,67.06,2.643
2007-12-27,13.348,0.0,59.55,3.03
2007-12-28,13.002,0.001,58.16,3.205
2007-12-29,11.719,0.001,52.15,2.452
2007-12-30,11.917,0.0,53.45,2.98
2007-12-31,11.995,0.0,51.71,2.829
2008-01-01,11.145,0.001,58.28,1.479
2008-01-02,11.039,0.0,58.71,1.609
2008-01-03,12.464,0.001,57.78,1.505
2008-01-04,13.247,0.006,56.33,1.911
2008-01-05,14.486,0.612,57.44,1.419
2008-01-06,15.296,0.03,57.29,0.911
2008-01-07,16.317,0.001,54.74,0.908
2008-01-08,16.859,9.185,61.34,1.495
2008-01-09,17.117,3.177,67.86,2.367
2008-01-10,14.867,3.026,72.19,0.561
2008-01-11,12.881,0.004,70.35,2.271
2008-01-12,12.241,0.004,65.42,3.58
2008-01-13,12.998,0.0,62.78,3.821
2008-01-14,13.212,0.0,60.85,4.064
2008-01-15,14.946,0.002,55.65,3.526
2008-01-16,15.83,0.207,63.83,2.529
2008-01-17,16.448,2.387,70.71,1.663
2008-01-18,13.603,9.533,82.88,1.401
2008-01-19,11.915,0.535,81.82,1.01
2008-01-20,10.798,0.039,69.86,2.665
2008-01-21,9.609,0.002,63.64,2.499
2008-01-22,9.098,0.003,56.33,2.066
2008-01-23,8.843,0.002,55.12,2.408
2008-01-24,9.623,0.001,51.29,1.431
2008-01-25,9.774,0.003,53.35,1.943
2008-01-26,10.205,0.009,55.01,1.989
2008-01-27,10.15,0.002,59.41,2.367
2008-01-28,9.618,0.351,66.02,2.137
2008-01-29,10.206,0.197,62.88,1.66
2008-01-30,9.86,0.385,63.5,1.304
2008-01-31,10.056,0.002,60.9,2.618
2008-02-01,10.502,0.0,55.75,2.283
2008-02-02,11.82,0.913,52.52,0.493
2008-02-03,12.072,2.167,68.23,2.342
2008-02-04,13.565,0.461,59.96,1.812
2008-02-05,12.572,5.341,74.42,0.433
2008-02-06,12.547,8.959,84.16,2.45
2008-02-07,12.478,2.47,73.56,1.465
2008-02-08,10.612,0.532,70.78,2.011
2008-02-09,11.199,-0.0,66.12,3.598
2008-02-10,11.068,0.001,65.44,2.842
2008-02-11,11.091,0.0,56.35,2.803
2008-02-12,12.041,0.004,49.45,4.538
2008-02-13,12.136,0.001,49.97,3.747
2008-02-14,12.869,0.0,55.43,2.166
2008-02-15,15.282,0.001,53.36,2.96
2008-02-16,17.54,0.001,46.13,4.612
2008-02-17,17.059,0.003,53.31,3.035
2008-02-18,16.005,0.015,53.28,1.198
2008-02-19,15.395,0.006,57.48,0.82
2008-02-20,16.171,0.002,57.28,1.223
2008-02-21,18.284,0.105,52.06,2.764
2008-02-22,19.797,0.224,53.73,4.239
2008-02-23,19.608,0.634,57.63,3.417
2008-02-24,17.911,0.08,53.95,0.749
2008-02-25,17.358,0.006,50.79,3.849
2008-02-26,16.916,0.001,42.72,3.378
2008-02-27,17.823,0.001,47.07,2.092
2008-02-28,19.592,0.001,45.88,2.101
2008-02-29,20.009,0.003,53.62,0.364
2008-03-01,20.998,0.002,49.06,0.396
2008-03-02,21.429,0.003,45.43,2.061
2008-03-03,20.916,0.487,41.99,0.661
2008-03-04,21.453,0.012,34.68,1.893
2008-03-05,22.108,0.001,37.6,1.654
2008-03-06,22.605,0.002,40.85,1.673
2008-03-07,22.019,1.925,53.62,1.872
2008-03-08,22.562,0.001,45.08,1.393
2008-03-09,22.132,0.0,42.35,1.608
2008-03-10,22.803,0.001,38.0,3.493
2008-03-11,23.178,0.001,36.06,3.957
2008-03-12,22.917,0.002,36.24,2.847
2008-03-13,21.464,0.135,42.19,0.501
2008-03-14,21.609,0.0,44.49,1.486
2008-03-15,23.098,0.001,38.73,3.397
2008-03-16,24.439,0.0,36.51,2.455
2008-03-17,25.34,0.002,29.7,1.537
2008-03-18,25.774,0.491,25.96,1.048
2008-03-19,23.85,1.068,30.98,2.204
2008-03-20,23.419,0.003,29.11,0.881
2008-03-21,24.284,0.002,25.44,2.246
2008-03-22,24.38,0.087,26.15,2.58
2008-03-23,24.262,0.0,27.35,1.711
2008-03-24,24.264,0.0,26.31,0.709
2008-03-25,24.848,0.001,26.66,0.753
2008-03-26,26.13,0.001,24.32,2.928
2008-03-27,25.892,0.405,25.67,3.889
2008-03-28,25.235,0.313,25.34,2.303
2008-03-29,24.943,0.002,27.2,0.317
2008-03-30,24.871,0.001,31.06,1.08
2008-03-31,24.997,1.53,34.2,1.825
2008-04-01,23.262,1.712,44.49,1.581
2008-04-02,24.532,0.28,36.33,0.303
2008-04-03,21.365,5.845,58.07,1.009
2008-04-04,22.876,2.934,51.46,3.119
2008-04-05,17.879,21.41,78.56,3.224
2008-04-06,20.402,0.019,55.36,1.898
2008-04-07,22.805,0.001,48.56,3.104
2008-04-08,25.099,0.004,43.09,4.622
2008-04-09,26.024,0.0,38.88,3.921
2008-04-10,27.41,0.001,36.36,4.844
2008-04-11,27.569,0.081,38.72,3.611
2008-04-12,26.882,1.609,42.51,0.58
2008-04-13,27.329,0.226,30.76,1.807
2008-04-14,28.86,0.363,24.71,1.836
2008-04-15,28.83,0.254,28.34,2.497
2008-04-16,23.999,4.519,48.78,1.322
2008-04-17,25.871,0.0,30.93,2.53
2008-04-18,26.838,0.001,25.31,3.046
2008-04-19,28.437,0.001,19.43,3.279
2008-04-20,29.962,0.0,18.63,3.855
2008-04-21,31.054,0.0,15.49,3.895
2008-04-22,32.167,0.002,14.06,3.52
2008-04-23,32.447,0.002,16.08,3.253
2008-04-24,32.342,0.001,15.83,2.875
2008-04-25,32.443,0.001,13.7,2.8
2008-04-26,32.137,0.002,13.34,3.141
2008-04-27,30.992,0.002,15.27,2.231
2008-04-28,30.96,0.002,17.03,0.962
2008-04-29,32.06,0.002,13.59,2.02
2008-04-30,33.374,0.001,10.47,2.54
2008-05-01,33.806,0.001,9.69,2.799
2008-05-02,32.956,0.001,11.98,3.042
2008-05-03,33.488,0.002,14.08,1.22
2008-05-04,33.761,0.061,19.88,2.49
2008-05-05,29.122,4.627,43.75,2.449
2008-05-06,30.736,0.002,24.65,1.35
2008-05-07,30.598,0.001,21.37,0.478
2008-05-08,31.704,0.0,21.66,1.539
2008-05-09,29.805,0.315,30.93,1.169
2008-05-10,28.822,1.132,37.75,0.907
2008-05-11,29.234,1.407,36.93,1.197
2008-05-12,29.642,1.384,38.02,1.772
2008-05-13,30.495,1.402,36.21,0.551
2008-05-14,31.127,0.103,33.39,1.387
2008-05-15,31.944,0.002,28.31,1.222
2008-05-16,30.613,1.252,36.3,0.933
2008-05-17,31.832,0.04,28.51,1.269
2008-05-18,32.452,0.199,26.59,2.01
2008-05-19,30.507,1.864,40.07,2.525
2008-05-20,27.634,8.45,55.55,1.221
2008-05-21,26.932,1.997,61.72,1.908
2008-05-22,26.767,0.523,66.57,2.647
2008-05-23,27.47,2.707,63.04,2.024
2008-05-24,26.835,4.119,67.59,0.191
2008-05-25,28.169,0.346,59.28,0.429
2008-05-26,29.332,0.014,44.77,1.282
2008-05-27,28.976,0.873,38.61,2.858
2008-05-28,29.861,0.012,30.69,2.061
2008-05-29,30.512,0.095,28.94,0.817
2008-05-30,31.673,0.007,28.63,1.573
2008-05-31,32.167,0.713,31.88,0.152
2008-06-01,31.141,0.474,41.98,0.957
2008-06-02,32.419,0.785,39.69,0.567
2008-06-03,30.814,2.099,52.11,1.319
2008-06-04,31.886,1.607,48.97,0.704
2008-06-05,30.384,2.842,57.22,0.111
2008-06-06,29.431,2.8,65.63,1.938
2008-06-07,28.238,11.599,71.86,2.928
2008-06-08,27.604,4.249,74.76,2.539
2008-06-09,29.351,1.337,67.79,2.839
2008-06-10,30.362,1.859,64.6,2.622
2008-06-11,30.13,7.335,66.79,2.696
2008-06-12,29.329,17.186,72.31,2.268
2008-06-13,27.255,19.246,84.49,1.041
2008-06-14,26.86,28.054,86.12,0.375
2008-06-15,25.169,32.603,94.28,2.473
2008-06-16,27.292,0.662,80.6,2.062
2008-06-17,28.364,7.662,80.41,1.25
2008-06-18,28.101,2.498,80.44,1.667
2008-06-19,28.054,2.166,76.64,3.045
2008-06-20,27.304,31.679,81.01,2.275
2008-06-21,27.25,1.649,80.72,1.136
2008-06-22,28.354,0.731,75.42,0.352
2008-06-23,29.331,1.385,75.09,0.391
2008-06-24,28.307,1.581,80.46,1.397
2008-06-25,28.164,7.421,80.47,1.944
2008-06-26,29.608,15.011,76.69,1.393
2008-06-27,26.705,11.123,85.57,2.544
2008-06-28,26.911,16.185,83.52,2.614
2008-06-29,28.15,4.509,77.72,1.661
2008-06-30,28.797,1.005,75.79,0.202
2008-07-01,28.696,1.609,78.33,0.955
2008-07-02,29.481,1.499,77.7,0.296
2008-07-03,28.349,6.225,81.75,2.659
2008-07-04,27.523,3.355,84.22,2.468
2008-07-05,27.205,20.382,87.42,2.202
2008-07-06,26.58,24.112,88.19,2.623
2008-07-07,27.697,16.714,83.58,0.843
2008-07-08,28.119,7.183,83.04,1.087
2008-07-09,27.742,10.315,82.08,1.739
2008-07-10,29.071,8.997,78.89,0.245
2008-07-11,27.526,27.412,84.27,1.177
2008-07-12,26.403,25.253,87.31,1.233
2008-07-13,26.816,10.75,85.09,0.728
2008-07-14,27.055,3.683,84.87,1.257
2008-07-15,27.964,1.863,81.83,1.359
2008-07-16,27.491,22.804,86.32,0.577
2008-07-17,28.36,5.772,83.86,0.3
2008-07-18,28.257,3.243,82.99,0.489
2008-07-19,28.592,4.718,83.19,0.428
2008-07-20,27.888,4.84,83.41,1.528
2008-07-21,27.517,4.29,85.0,0.548
2008-07-22,28.386,1.76,81.45,1.081
2008-07-23,29.595,0.658,77.21,2.81
2008-07-24,29.49,1.929,80.51,0.706
2008-07-25,28.888,1.08,83.06,0.901
2008-07-26,28.409,3.076,82.36,2.301
2008-07-27,27.222,18.344,85.38,2.498
2008-07-28,28.544,3.495,79.93,1.836
2008-07-29,29.53,0.47,75.86,1.711
2008-07-30,28.443,3.754,82.31,2.53
2008-07-31,25.523,50.918,91.66,2.931
2008-08-01,27.841,1.012,77.35,2.17
2008-08-02,28.393,4.263,79.12,1.897
2008-08-03,27.779,8.39,82.02,1.98
2008-08-04,25.951,12.054,88.61,2.481
2008-08-05,26.219,16.509,88.69,1.613
2008-08-06,26.705,21.354,88.69,0.679
2008-08-07,26.154,16.244,91.64,1.222
2008-08-08,25.355,9.642,93.42,1.978
2008-08-09,28.166,0.055,80.29,0.34
2008-08-10,28.542,5.696,83.92,1.736
2008-08-11,28.461,7.423,82.89,1.449
2008-08-12,27.405,17.458,82.8,2.215
2008-08-13,25.489,24.831,90.77,3.625
2008-08-14,25.178,21.622,91.5,3.076
2008-08-15,26.555,8.035,86.09,1.231
2008-08-16,26.414,7.759,88.34,0.898
2008-08-17,26.572,2.187,87.81,0.677
2008-08-18,27.929,1.348,82.8,1.627
2008-08-19,28.21,1.233,81.74,2.386
2008-08-20,27.655,2.345,83.08,0.724
2008-08-21,26.234,5.967,90.56,1.247
2008-08-22,25.86,23.992,89.77,0.982
2008-08-23,26.639,9.83,89.56,0.854
2008-08-24,28.245,0.555,81.52,0.387
2008-08-25,28.493,0.869,82.52,0.607
2008-08-26,27.868,3.983,86.36,1.283
2008-08-27,28.04,1.247,82.69,0.804
2008-08-28,28.723,1.143,76.77,2.761
2008-08-29,27.826,1.676,78.01,1.786
2008-08-30,27.088,2.495,81.02,0.679
2008-08-31,26.394,2.823,80.41,1.1
2008-09-01,26.581,0.065,79.03,1.872
2008-09-02,27.172,0.282,77.84,2.446
2008-09-03,27.613,1.079,76.97,1.758
2008-09-04,27.149,0.904,76.94,0.626
2008-09-05,27.17,1.307,75.64,1.19
2008-09-06,25.901,5.198,78.97,1.468
2008-09-07,25.351,3.634,81.51,0.51
2008-09-08,25.554,0.823,81.7,1.292
2008-09-09,26.248,0.109,76.0,1.66
2008-09-10,26.952,0.031,75.94,0.458
2008-09-11,27.514,0.325,77.76,0.719
2008-09-12,27.299,1.208,80.33,0.423
2008-09-13,27.28,1.287,80.54,1.276
2008-09-14,27.741,1.01,78.7,0.746
2008-09-15,27.321,0.106,77.86,0.459
2008-09-16,27.586,0.14,74.03,0.407
2008-09-17,27.193,3.214,78.02,1.857
2008-09-18,26.272,22.93,77.36,1.084
2008-09-19,23.062,31.88,87.34,2.511
2008-09-20,23.828,1.422,82.89,0.36
2008-09-21,24.311,0.609,82.67,0.812
2008-09-22,24.476,0.147,81.38,1.105
2008-09-23,24.371,0.346,76.58,1.907
2008-09-24,24.916,0.0,72.07,3.35
2008-09-25,25.431,0.002,72.16,3.216
2008-09-26,25.801,0.006,70.98,3.291
2008-09-27,25.802,0.002,72.76,2.056
2008-09-28,26.771,0.009,72.82,2.478
2008-09-29,26.922,0.016,73.9,1.164
2008-09-30,26.467,1.048,80.93,1.345
2008-10-01,26.59,0.617,81.01,0.611
2008-10-02,26.84,0.345,78.58,0.912
2008-10-03,26.813,1.045,80.36,1.279
2008-10-04,26.897,1.121,79.48,1.261
2008-10-05,26.096,1.467,79.21,2.055
2008-10-06,25.687,0.346,80.35,1.852
2008-10-07,25.492,2.178,77.8,1.735
2008-10-08,24.566,2.289,76.56,0.508
2008-10-09,24.957,0.011,64.25,1.388
2008-10-10,24.458,0.002,63.14,1.704
2008-10-11,24.604,0.001,65.15,1.572
2008-10-12,25.054,0.002,69.0,0.518
2008-10-13,25.392,0.023,72.11,0.783
2008-10-14,25.493,0.259,64.92,2.904
2008-10-15,24.374,0.855,60.43,1.822
2008-10-16,23.569,0.003,55.93,1.789
2008-10-17,22.659,0.0,55.66,2.417
2008-10-18,22.377,0.0,55.7,1.454
2008-10-19,22.463,0.003,56.05,1.424
2008-10-20,22.665,0.001,55.73,0.787
2008-10-21,22.996,0.0,54.63,1.282
2008-10-22,23.056,0.004,55.2,1.259
2008-10-23,22.505,0.003,54.38,0.802
2008-10-24,21.983,0.003,57.16,0.637
2008-10-25,22.025,0.006,56.32,1.152
2008-10-26,21.942,0.002,59.05,0.786
2008-10-27,22.711,0.0,52.95,2.684
2008-10-28,22.298,0.001,60.75,1.546
2008-10-29,22.886,0.0,62.3,0.671
2008-10-30,23.732,0.002,59.3,2.387
2008-10-31,23.524,0.001,46.34,4.414
2008-11-01,22.259,0.002,50.13,2.919
2008-11-02,22.338,0.0,52.96,2.211
2008-11-03,22.333,0.0,52.13,1.176
2008-11-04,21.122,0.0,50.36,1.717
2008-11-05,20.527,0.0,52.65,0.737
2008-11-06,20.596,0.002,58.8,1.258
2008-11-07,20.901,0.0,62.25,0.74
2008-11-08,21.252,0.001,62.95,0.747
2008-11-09,21.298,0.001,64.93,0.986
2008-11-10,21.545,0.0,68.36,0.853
2008-11-11,21.345,0.002,70.64,0.658
2008-11-12,20.885,0.057,73.41,1.439
2008-11-13,21.073,0.745,68.66,2.411
2008-11-14,20.116,0.031,63.68,1.339
2008-11-15,19.367,0.001,54.1,1.45
2008-11-16,19.75,0.003,53.88,2.058
2008-11-17,19.934,0.0,55.28,2.439
2008-11-18,18.625,0.001,62.24,1.2
2008-11-19,18.573,1.421,58.54,0.563
2008-11-20,16.128,1.43,67.02,0.896
2008-11-21,15.783,0.002,51.45,2.774
2008-11-22,16.166,0.001,50.78,2.913
2008-11-23,16.756,0.002,54.21,2.574
2008-11-24,17.164,0.0,55.61,2.6
2008-11-25,16.391,0.0,68.38,1.324
2008-11-26,16.907,0.001,68.94,0.72
2008-11-27,17.127,0.002,65.89,1.443
2008-11-28,17.42,0.001,65.22,1.942
2008-11-29,17.509,0.001,60.06,1.437
2008-11-30,17.335,0.003,75.05,1.238
2008-12-01,18.758,0.026,75.93,0.735
2008-12-02,17.698,0.001,70.24,1.674
2008-12-03,17.127,0.0,66.8,2.31
2008-12-04,17.157,0.001,62.41,2.237
2008-12-05,16.787,0.003,60.14,1.423
2008-12-06,18.065,0.001,54.68,3.602
2008-12-07,17.272,0.001,61.22,0.583
2008-12-08,18.73,0.0,73.75,2.766
2008-12-09,18.605,0.001,75.44,1.08
2008-12-10,18.253,0.0,71.07,2.249
2008-12-11,16.588,0.001,70.27,2.013
2008-12-12,15.418,0.0,72.43,1.404
2008-12-13,15.0,0.0,65.89,1.403
2008-12-14,15.058,0.002,67.16,2.516
2008-12-15,16.521,0.001,53.33,2.409
2008-12-16,17.151,0.105,51.29,1.482
2008-12-17,18.366,0.0,55.25,2.553
2008-12-18,20.237,0.001,50.4,3.771
2008-12-19,19.705,0.059,57.12,2.164
2008-12-20,18.148,0.098,80.97,0.444
2008-12-21,17.617,0.003,76.27,3.197
2008-12-22,15.414,0.0,74.61,2.849
2008-12-23,14.31,0.001,66.96,2.413
2008-12-24,13.744,0.0,72.0,0.472
2008-12-25,13.781,0.001,71.82,0.787
2008-12-26,13.745,0.001,72.53,0.859
2008-12-27,13.795,0.001,73.25,0.74
2008-12-28,13.461,0.0,76.34,1.107
2008-12-29,12.442,0.004,81.74,1.696
2008-12-30,12.837,0.001,79.78,1.891
2008-12-31,13.366,0.001,72.96,2.762
2009-01-01,12.38,0.0,68.58,1.844
2009-01-02,12.626,0.0,69.97,0.54
2009-01-03,13.485,0.713,71.31,1.002
2009-01-04,13.971,1.046,70.07,0.421
2009-01-05,12.867,0.165,73.97,1.228
2009-01-06,12.884,1.725,78.16,0.961
2009-01-07,12.521,0.459,77.05,0.323
2009-01-08,12.604,0.055,73.81,0.743
2009-01-09,12.897,0.002,72.41,0.701
2009-01-10,13.277,0.0,71.14,1.961
2009-01-11,13.269,0.0,73.39,2.124
2009-01-12,12.656,0.001,71.64,1.803
2009-01-13,13.13,0.0,72.38,1.705
2009-01-14,14.3,0.001,69.74,2.297
2009-01-15,14.752,0.0,66.37,2.086
2009-01-16,17.187,0.002,68.95,1.717
2009-01-17,17.135,0.065,71.19,2.029
2009-01-18,15.847,4.705,80.03,0.803
2009-01-19,15.085,0.005,78.25,3.291
2009-01-20,14.454,0.0,71.74,3.876
2009-01-21,14.892,0.001,65.04,3.626
2009-01-22,16.419,0.003,63.08,3.327
2009-01-23,18.668,0.001,61.93,3.654
2009-01-24,17.738,0.005,66.12,1.947
2009-01-25,18.457,0.015,69.43,2.718
2009-01-26,17.759,0.549,76.62,0.376
2009-01-27,16.154,0.038,71.32,2.92
2009-01-28,15.627,0.0,68.02,3.062
2009-01-29,15.244,0.003,70.26,1.693
2009-01-30,14.976,0.001,69.04,2.785
2009-01-31,15.486,0.001,66.45,3.794
2009-02-01,15.284,0.001,62.04,2.785
2009-02-02,15.073,0.001,66.34,1.606
2009-02-03,16.059,0.001,62.32,1.486
2009-02-04,17.369,0.0,61.09,0.811
2009-02-05,18.49,0.636,55.01,2.287
2009-02-06,17.525,1.609,61.07,0.902
2009-02-07,16.534,0.0,61.48,2.736
2009-02-08,15.786,0.005,63.49,1.881
2009-02-09,17.196,0.001,61.34,0.889
2009-02-10,16.273,10.973,73.89,0.604
2009-02-11,14.074,7.51,82.76,0.181
2009-02-12,15.15,0.0,75.45,2.626
2009-02-13,16.748,0.221,72.35,0.423
2009-02-14,17.297,0.526,70.48,0.933
2009-02-15,15.954,0.002,70.41,2.761
2009-02-16,15.667,0.0,71.53,2.191
2009-02-17,15.956,0.002,67.14,2.284
2009-02-18,17.306,0.0,59.98,3.649
2009-02-19,17.934,0.004,53.06,3.232
2009-02-20,19.664,0.036,46.24,2.527
2009-02-21,19.761,0.002,36.3,3.71
2009-02-22,20.08,0.009,38.3,3.342
2009-02-23,20.08,0.019,46.76,0.67
2009-02-24,19.302,0.209,55.94,0.861
2009-02-25,19.933,0.002,38.16,3.272
2009-02-26,19.476,0.002,34.59,3.552
2009-02-27,19.478,0.001,33.34,4.432
2009-02-28,18.899,0.001,28.98,5.347
2009-03-01,20.971,0.001,30.11,4.683
2009-03-02,21.797,0.002,38.69,3.173
2009-03-03,23.031,0.0,44.69,1.997
2009-03-04,23.233,0.002,49.22,0.897
2009-03-05,22.31,0.002,47.07,3.539
2009-03-06,21.561,0.0,38.46,1.524
2009-03-07,20.859,0.002,41.38,0.104
2009-03-08,19.816,0.001,43.57,1.364
2009-03-09,20.452,0.002,35.1,1.886
2009-03-10,20.477,0.006,28.46,3.216
2009-03-11,20.65,0.0,30.1,3.355
2009-03-12,21.527,0.001,31.38,3.584
2009-03-13,22.329,0.001,38.76,1.404
2009-03-14,22.339,0.001,41.19,0.877
2009-03-15,22.337,0.021,38.86,0.799
2009-03-16,23.101,0.005,35.97,0.764
2009-03-17,22.841,0.166,33.59,1.099
2009-03-18,23.432,0.001,34.78,1.709
2009-03-19,23.686,0.445,33.42,1.541
2009-03-20,23.625,0.279,37.22,1.816
2009-03-21,22.747,0.029,40.09,1.486
2009-03-22,22.708,0.001,34.23,1.413
2009-03-23,22.949,1.4,41.28,0.775
2009-03-24,24.728,0.259,37.04,0.484
2009-03-25,20.48,3.875,58.28,0.339
2009-03-26,20.999,0.023,50.22,1.573
2009-03-27,19.524,2.932,62.17,1.304
2009-03-28,21.998,0.112,54.27,0.714
2009-03-29,20.873,2.742,59.66,0.576
2009-03-30,23.307,0.017,45.51,3.42
2009-03-31,24.295,0.002,36.86,4.81
2009-04-01,25.554,-0.0,34.1,3.681
2009-04-02,26.521,0.622,35.61,0.904
2009-04-03,26.886,0.02,31.96,0.175
2009-04-04,26.968,0.0,29.56,4.169
2009-04-05,25.933,0.001,26.7,3.342
2009-04-06,23.735,3.236,43.56,0.915
2009-04-07,25.171,0.022,28.82,1.093
2009-04-08,22.021,20.699,48.69,3.874
2009-04-09,20.21,2.338,59.93,1.187
2009-04-10,22.331,0.001,47.32,3.296
2009-04-11,25.283,0.001,43.93,4.099
2009-04-12,26.799,0.035,36.68,2.799
2009-04-13,27.769,0.0,31.4,3.473
2009-04-14,28.873,0.003,25.89,1.206
2009-04-15,28.421,0.709,29.51,1.381
2009-04-16,28.103,0.248,25.5,1.877
2009-04-17,28.495,0.001,26.75,4.304
2009-04-18,30.115,0.001,21.89,6.045
2009-04-19,31.47,0.001,18.95,5.845
2009-04-20,31.776,0.001,19.28,3.91
2009-04-21,30.727,0.042,20.58,2.72
2009-04-22,28.676,0.001,18.35,1.203
2009-04-23,29.114,0.0,13.66,3.535
2009-04-24,29.156,0.001,11.14,3.962
2009-04-25,29.049,0.003,11.25,3.841
2009-04-26,30.538,0.003,12.34,4.272
2009-04-27,32.22,0.003,16.22,4.41
2009-04-28,33.316,0.003,17.94,4.097
2009-04-29,33.109,0.004,17.72,3.039
2009-04-30,33.55,0.002,14.61,3.808
2009-05-01,33.366,0.168,15.65,2.383
2009-05-02,32.68,0.212,18.11,0.526
2009-05-03,29.606,2.753,35.84,2.491
2009-05-04,29.801,0.668,33.48,0.879
2009-05-05,26.552,4.672,46.47,0.85
2009-05-06,28.487,0.016,28.75,3.242
2009-05-07,28.925,0.097,23.7,3.615
2009-05-08,30.22,0.586,21.63,3.367
2009-05-09,31.278,0.091,19.16,3.74
2009-05-10,30.152,0.636,27.27,2.294
2009-05-11,28.141,1.017,37.86,1.746
2009-05-12,28.462,0.016,37.94,1.611
2009-05-13,29.789,0.002,38.93,2.32
2009-05-14,30.9,0.947,36.94,1.748
2009-05-15,30.178,1.823,45.65,3.031
2009-05-16,31.845,0.023,37.24,1.274
2009-05-17,32.275,0.0,34.32,0.409
2009-05-18,33.21,0.003,31.52,0.493
2009-05-19,34.206,0.001,31.78,1.804
2009-05-20,33.133,0.387,37.69,1.394
2009-05-21,32.636,0.394,37.07,0.485
2009-05-22,32.941,0.002,27.38,0.895
2009-05-23,31.508,0.277,34.11,1.083
2009-05-24,31.275,0.176,33.87,0.707
2009-05-25,30.315,0.17,34.68,0.477
2009-05-26,31.505,0.002,27.04,1.898
2009-05-27,32.487,0.007,23.3,0.591
2009-05-28,32.903,0.003,29.08,2.065
2009-05-29,31.114,2.54,44.49,3.259
2009-05-30,27.158,3.879,58.42,3.146
2009-05-31,30.168,0.024,42.93,0.929
2009-06-01,29.331,0.971,52.37,0.929
2009-06-02,33.388,0.0,31.9,3.928
2009-06-03,34.947,0.003,25.9,4.862
2009-06-04,35.7,0.002,22.5,4.329
2009-06-05,33.798,0.24,29.83,0.111
2009-06-06,32.752,0.118,31.96,1.37
2009-06-07,32.63,0.0,20.18,2.215
2009-06-08,33.21,0.002,14.41,3.605
2009-06-09,33.184,0.001,17.63,2.717
2009-06-10,33.812,0.001,19.77,1.333
2009-06-11,33.551,0.076,26.22,1.287
2009-06-12,33.759,0.015,21.22,2.101
2009-06-13,33.809,0.001,20.75,1.486
2009-06-14,33.245,0.021,24.33,1.697
2009-06-15,30.397,1.522,37.4,1.426
2009-06-16,30.552,0.058,35.97,1.731
2009-06-17,31.154,0.002,33.01,4.126
2009-06-18,32.345,0.002,28.22,4.624
2009-06-19,33.25,0.001,24.86,4.23
2009-06-20,33.915,0.003,23.09,4.179
2009-06-21,35.011,0.002,16.72,4.718
2009-06-22,35.461,0.0,15.96,4.59
2009-06-23,35.85,0.0,16.76,4.34
2009-06-24,36.085,0.001,19.44,4.109
2009-06-25,35.548,0.002,32.29,2.491
2009-06-26,35.946,0.0,32.78,2.56
2009-06-27,36.055,0.03,34.31,1.217
2009-06-28,34.972,0.03,46.71,2.527
2009-06-29,31.218,4.639,63.8,3.415
2009-06-30,31.124,5.312,66.12,0.972
2009-07-01,29.697,7.562,71.49,1.081
2009-07-02,29.29,2.98,69.46,0.668
2009-07-03,28.842,5.703,68.25,0.741
2009-07-04,30.456,0.101,54.03,1.344
2009-07-05,31.312,0.019,46.41,1.986
2009-07-06,32.392,0.002,46.3,0.205
2009-07-07,33.106,0.03,51.11,1.551
2009-07-08,31.848,1.528,60.67,3.143
2009-07-09,31.522,1.283,60.93,2.507
2009-07-10,31.38,4.464,64.42,1.966
2009-07-11,30.359,1.956,70.58,1.434
2009-07-12,29.589,3.364,76.3,1.224
2009-07-13,28.989,15.59,77.23,2.548
2009-07-14,28.675,82.283,80.07,0.572
2009-07-15,29.959,4.185,74.38,1.301
2009-07-16,30.16,12.305,72.69,0.874
2009-07-17,29.574,4.123,75.76,1.982
2009-07-18,28.988,19.756,76.88,2.555
2009-07-19,29.414,1.725,80.2,0.75
2009-07-20,27.98,16.978,85.2,2.215
2009-07-21,28.83,15.004,78.37,1.466
2009-07-22,28.553,16.976,80.51,1.302
2009-07-23,29.0,4.687,76.65,2.116
2009-07-24,28.694,9.357,79.82,2.213
2009-07-25,29.4,1.883,78.73,0.392
2009-07-26,29.685,3.894,81.33,1.152
2009-07-27,27.979,39.238,87.1,0.971
2009-07-28,26.264,28.003,89.35,1.703
2009-07-29,26.46,15.518,87.82,0.52
2009-07-30,28.246,2.355,80.02,2.323
2009-07-31,28.386,3.151,83.54,2.174
2009-08-01,28.649,2.404,81.45,1.963
2009-08-02,29.011,2.016,80.63,1.995
2009-08-03,29.52,1.33,78.78,2.102
2009-08-04,29.246,4.044,80.65,1.313
2009-08-05,29.126,3.593,81.84,1.281
2009-08-06,29.646,1.49,78.8,0.672
2009-08-07,29.169,1.099,81.12,0.42
2009-08-08,29.58,0.602,77.19,2.408
2009-08-09,29.859,0.371,76.23,2.138
2009-08-10,29.868,1.54,77.17,0.342
2009-08-11,29.035,0.829,81.15,1.951
2009-08-12,30.089,0.406,77.25,0.884
2009-08-13,29.547,14.562,82.58,1.234
2009-08-14,27.449,8.506,87.63,1.571
2009-08-15,25.609,33.831,93.04,2.708
2009-08-16,26.357,15.226,89.48,1.452
2009-08-17,27.306,6.389,87.1,1.312
2009-08-18,27.882,4.8,84.73,1.434
2009-08-19,27.276,2.529,81.38,1.335
2009-08-20,27.646,0.972,81.94,0.892
2009-08-21,27.389,1.046,82.79,0.95
2009-08-22,27.481,2.212,80.3,1.616
2009-08-23,27.913,0.095,78.55,1.066
2009-08-24,28.592,0.807,77.28,0.211
2009-08-25,26.984,1.586,82.75,2.38
2009-08-26,27.728,1.291,79.58,1.124
2009-08-27,27.772,1.248,78.98,1.021
2009-08-28,27.702,4.03,81.59,1.225
2009-08-29,28.544,0.45,75.85,0.921
2009-08-30,27.04,36.734,84.56,2.428
2009-08-31,26.482,25.062,87.89,2.284
2009-09-01,26.863,10.469,84.25,0.355
2009-09-02,27.584,2.401,82.04,1.668
2009-09-03,26.274,15.309,83.85,1.706
2009-09-04,25.972,2.003,81.44,0.394
2009-09-05,25.954,0.726,80.61,0.209
2009-09-06,25.995,0.008,77.15,1.637
2009-09-07,26.823,0.002,77.67,1.135
2009-09-08,27.09,2.041,77.2,1.823
2009-09-09,25.615,33.487,81.75,1.715
2009-09-10,24.775,30.788,88.24,1.566
2009-09-11,23.793,50.096,87.03,2.052
2009-09-12,23.872,64.68,83.83,2.005
2009-09-13,26.378,0.313,81.11,2.458
2009-09-14,26.676,0.054,78.59,1.704
2009-09-15,26.333,0.004,77.54,0.88
2009-09-16,26.997,0.0,74.36,2.417
2009-09-17,26.485,0.001,73.16,2.574
2009-09-18,26.536,0.001,76.97,1.775
2009-09-19,26.787,0.086,80.35,0.42
2009-09-20,27.469,0.147,79.5,1.151
2009-09-21,27.855,0.925,80.19,2.058
2009-09-22,27.043,1.393,83.61,1.523
2009-09-23,27.226,0.604,82.26,0.571
2009-09-24,27.969,0.463,79.71,0.625
2009-09-25,27.302,1.318,83.86,1.631
2009-09-26,26.277,1.969,86.04,1.263
2009-09-27,27.49,0.234,79.03,1.248
2009-09-28,27.596,0.005,75.87,1.495
2009-09-29,27.836,0.041,76.42,0.506
2009-09-30,27.75,0.393,78.44,1.464
2009-10-01,28.001,0.456,75.13,1.849
2009-10-02,27.846,0.09,69.7,1.137
2009-10-03,27.325,0.588,75.93,1.144
2009-10-04,24.886,2.402,83.42,1.939
2009-10-05,24.795,1.014,80.67,0.443
2009-10-06,24.784,0.074,78.13,0.661
2009-10-07,24.568,0.059,72.34,1.7
2009-10-08,24.709,0.007,62.45,1.03
2009-10-09,24.005,0.0,56.14,1.164
2009-10-10,23.958,0.109,53.08,0.935
2009-10-11,23.221,0.001,53.31,1.343
2009-10-12,22.726,0.002,54.49,0.943
2009-10-13,22.606,0.003,57.23,1.06
2009-10-14,22.491,0.001,56.8,1.258
2009-10-15,22.638,0.0,52.83,1.373
2009-10-16,22.828,0.001,46.63,2.373
2009-10-17,22.525,0.0,42.76,2.821
2009-10-18,22.272,0.0,41.17,2.507
2009-10-19,21.493,0.001,47.07,2.425
2009-10-20,22.097,0.0,42.01,3.092
2009-10-21,22.643,0.0,40.21,2.771
2009-10-22,21.992,0.003,42.04,2.912
2009-10-23,21.874,0.001,36.72,3.705
2009-10-24,21.474,0.001,35.76,3.311
2009-10-25,20.863,0.0,37.3,2.865
2009-10-26,20.433,0.002,42.82,2.658
2009-10-27,20.458,0.001,46.95,2.594
2009-10-28,20.626,0.001,48.58,2.105
2009-10-29,22.406,0.001,42.73,3.357
2009-10-30,22.409,0.003,38.63,3.856
2009-10-31,21.209,0.0,50.15,1.207
2009-11-01,21.433,0.0,56.88,1.673
2009-11-02,21.526,0.002,61.05,1.302
2009-11-03,21.503,0.002,58.84,0.82
2009-11-04,21.348,0.002,59.54,0.768
2009-11-05,21.029,0.0,63.43,1.011
2009-11-06,20.672,0.002,63.27,0.82
2009-11-07,19.995,0.002,61.72,0.921
2009-11-08,20.23,0.0,60.9,1.392
2009-11-09,21.19,1.385,54.29,2.788
2009-11-10,19.706,0.014,51.6,2.128
2009-11-11,17.909,0.0,56.83,2.06
2009-11-12,19.184,0.001,58.92,1.871
2009-11-13,18.365,2.925,74.22,0.917
2009-11-14,19.75,2.47,83.3,1.102
2009-11-15,19.643,0.605,78.52,1.158
2009-11-16,18.434,0.049,73.52,0.823
2009-11-17,17.639,0.001,61.14,1.823
2009-11-18,17.218,0.001,51.09,3.618
2009-11-19,16.033,0.001,52.14,3.331
2009-11-20,15.147,0.001,53.86,2.36
2009-11-21,14.995,0.0,59.38,1.257
2009-11-22,15.492,0.001,66.11,0.751
2009-11-23,16.22,0.001,60.2,2.318
2009-11-24,16.199,0.0,58.8,2.374
2009-11-25,16.926,0.0,53.44,2.467
2009-11-26,17.661,0.002,50.49,3.351
2009-11-27,15.776,0.001,54.7,2.439
2009-11-28,15.094,0.0,61.11,1.4
2009-11-29,15.893,0.002,62.65,1.583
2009-11-30,16.578,0.001,66.75,0.591
2009-12-01,16.976,0.001,64.43,1.256
2009-12-02,16.769,0.0,67.43,1.903
2009-12-03,16.559,0.0,68.75,0.788
2009-12-04,15.947,0.001,70.27,0.869
2009-12-05,15.951,0.002,61.93,0.842
2009-12-06,16.338,0.0,57.31,1.746
2009-12-07,15.623,0.001,55.11,2.817
2009-12-08,14.261,0.0,61.14,1.782
2009-12-09,14.806,0.0,61.4,1.083
2009-12-10,16.413,0.087,57.61,1.948
2009-12-11,17.065,0.003,65.76,2.431
2009-12-12,16.198,0.001,62.59,2.575
2009-12-13,14.536,0.004,61.85,1.517
2009-12-14,15.964,0.002,60.64,1.413
2009-12-15,15.71,0.003,62.74,0.913
2009-12-16,15.088,0.001,62.36,1.543
2009-12-17,15.009,0.001,61.08,1.396
2009-12-18,14.619,0.001,60.2,1.958
2009-12-19,14.092,0.001,63.43,1.572
2009-12-20,13.42,0.0,60.67,2.194
2009-12-21,13.501,0.001,57.45,2.883
2009-12-22,13.199,0.001,56.51,2.687
2009-12-23,13.001,0.001,59.08,2.333
2009-12-24,13.149,0.0,59.08,2.779
2009-12-25,12.659,0.002,56.95,2.317
2009-12-26,12.369,0.001,58.84,1.562
2009-12-27,12.264,0.0,63.48,1.159
2009-12-28,12.218,0.001,60.63,2.12
2009-12-29,12.102,0.002,64.59,1.693
2009-12-30,12.195,0.004,64.54,1.841
2009-12-31,12.644,0.0,63.96,2.468
2010-01-01,13.022,0.0,64.58,1.663
2010-01-02,13.091,0.048,70.46,0.615
2010-01-03,12.285,4.485,80.65,2.279
2010-01-04,11.832,0.003,81.26,4.189
2010-01-05,12.493,0.0,72.5,2.674
2010-01-06,11.812,0.0,79.03,0.516
2010-01-07,12.626,0.002,79.1,0.398
2010-01-08,13.11,0.0,78.69,1.103
2010-01-09,12.333,0.0,85.2,1.874
2010-01-10,12.136,0.001,80.5,1.87
2010-01-11,11.712,0.0,78.11,1.909
2010-01-12,12.242,1.234,74.29,1.215
2010-01-13,11.094,4.98,83.44,1.07
2010-01-14,12.666,0.001,72.54,2.6
2010-01-15,12.932,0.002,70.59,2.317
2010-01-16,12.905,0.003,73.78,1.509
2010-01-17,12.38,0.001,82.89,0.537
2010-01-18,12.019,0.001,79.15,1.565
2010-01-19,12.393,0.028,81.29,1.64
2010-01-20,12.048,0.047,83.23,1.176
2010-01-21,12.642,0.047,82.54,1.701
2010-01-22,12.83,0.034,83.61,0.503
2010-01-23,13.687,0.039,80.56,0.72
2010-01-24,14.139,0.048,78.75,0.634
2010-01-25,15.097,0.002,76.82,1.027
2010-01-26,14.471,0.005,78.63,1.23
2010-01-27,14.643,0.001,68.65,1.06
2010-01-28,15.66,0.001,63.1,1.244
2010-01-29,15.855,1.221,63.83,1.402
2010-01-30,14.711,0.003,63.66,2.825
2010-01-31,14.007,0.003,65.59,1.411
2010-02-01,14.071,0.004,61.42,1.117
2010-02-02,14.314,0.005,58.36,2.368
2010-02-03,14.527,0.004,54.11,2.702
2010-02-04,15.582,0.002,47.74,3.357
2010-02-05,16.969,0.002,46.72,3.604
2010-02-06,18.742,0.003,49.93,2.002
2010-02-07,19.334,0.008,53.35,0.915
2010-02-08,17.157,17.099,66.49,4.072
2010-02-09,13.289,27.985,89.48,3.059
2010-02-10,13.629,0.377,81.98,0.762
2010-02-11,14.758,0.001,76.69,0.843
2010-02-12,14.642,0.002,70.66,0.564
2010-02-13,14.799,0.005,66.13,1.796
2010-02-14,14.031,0.003,70.29,1.665
2010-02-15,14.732,0.001,60.93,1.269
2010-02-16,15.484,0.022,48.07,1.478
2010-02-17,14.488,0.009,60.5,2.452
2010-02-18,14.432,0.001,58.69,2.845
2010-02-19,15.352,0.0,59.54,2.455
2010-02-20,16.424,0.001,59.5,2.561
2010-02-21,17.41,0.0,61.61,2.151
2010-02-22,19.311,0.669,67.37,1.399
2010-02-23,17.77,1.685,67.59,1.43
2010-02-24,18.544,0.005,63.48,2.108
2010-02-25,19.35,0.022,59.46,2.856
2010-02-26,20.968,0.004,49.17,3.185
2010-02-27,21.861,0.0,45.69,3.242
2010-02-28,22.486,0.001,50.52,2.041
2010-03-01,21.428,1.641,59.37,1.882
2010-03-02,21.78,0.0,45.43,2.905
2010-03-03,20.082,0.044,50.35,1.709
2010-03-04,19.802,1.19,55.4,1.809
2010-03-05,19.833,0.003,55.17,2.306
2010-03-06,20.121,0.575,51.71,2.784
2010-03-07,20.275,0.096,54.27,2.687
2010-03-08,19.341,0.04,58.71,3.15
2010-03-09,20.406,0.0,55.92,2.309
2010-03-10,21.167,0.0,53.94,2.491
2010-03-11,21.617,0.002,54.83,1.973
2010-03-12,22.175,0.0,49.89,2.313
2010-03-13,23.22,0.001,41.58,3.553
2010-03-14,23.464,0.003,40.82,2.937
2010-03-15,23.307,0.001,46.52,0.574
2010-03-16,23.137,0.033,48.69,2.109
2010-03-17,24.187,0.0,50.29,0.614
2010-03-18,25.019,0.004,50.18,0.922
2010-03-19,26.026,0.0,50.39,2.526
2010-03-20,26.934,0.001,50.64,1.837
2010-03-21,28.011,0.0,46.8,2.403
2010-03-22,28.499,0.0,41.05,2.705
2010-03-23,27.873,0.001,35.47,0.514
2010-03-24,28.415,0.0,31.99,1.274
2010-03-25,27.857,0.0,32.51,0.931
2010-03-26,28.243,0.011,27.93,1.034
2010-03-27,28.591,0.001,23.08,3.109
2010-03-28,28.295,0.0,25.65,3.981
2010-03-29,28.302,0.066,27.88,2.878
2010-03-30,27.126,0.725,31.73,1.692
2010-03-31,26.413,0.068,27.12,1.097
2010-04-01,27.02,0.003,20.15,2.419
2010-04-02,27.293,0.032,21.85,1.316
2010-04-03,27.408,0.001,22.63,1.863
2010-04-04,28.066,0.04,20.93,2.842
2010-04-05,28.54,0.0,16.72,3.628
2010-04-06,28.076,0.001,17.47,4.422
2010-04-07,29.034,0.002,18.34,3.611
2010-04-08,30.384,0.005,19.35,2.909
2010-04-09,32.206,0.0,15.03,4.56
2010-04-10,31.963,0.002,15.84,3.996
2010-04-11,32.332,-0.0,17.29,2.055
2010-04-12,30.087,1.343,26.17,1.066
2010-04-13,30.756,0.0,21.01,3.573
2010-04-14,31.499,0.003,15.54,3.608
2010-04-15,32.579,0.001,14.77,2.542
2010-04-16,33.909,0.001,14.61,3.413
2010-04-17,35.035,0.003,15.47,2.771
2010-04-18,33.776,0.985,22.51,1.164
2010-04-19,31.571,0.935,30.5,3.147
2010-04-20,32.366,0.485,25.76,1.218
2010-04-21,30.575,2.052,27.09,0.811
2010-04-22,30.758,0.025,23.91,1.529
2010-04-23,30.36,0.001,21.14,2.624
2010-04-24,28.504,0.499,23.32,2.017
2010-04-25,29.607,0.003,20.18,2.222
2010-04-26,32.252,0.002,16.38,3.056
2010-04-27,32.842,0.307,20.81,2.956
2010-04-28,30.831,1.706,26.36,0.886
2010-04-29,31.624,0.002,24.45,0.345
2010-04-30,31.677,0.623,28.61,1.428
2010-05-01,30.709,1.892,32.31,0.14
2010-05-02,30.868,0.164,33.36,1.564
2010-05-03,30.89,0.015,34.24,1.579
2010-05-04,32.359,0.0,34.69,1.728
2010-05-05,31.263,2.96,42.19,2.2
2010-05-06,30.439,0.903,49.92,1.897
2010-05-07,26.87,22.116,64.09,1.31
2010-05-08,28.724,0.01,43.76,3.086
2010-05-09,30.045,0.0,34.65,4.074
2010-05-10,31.16,0.0,24.61,3.395
2010-05-11,31.425,0.007,21.96,3.269
2010-05-12,32.116,0.003,17.56,3.229
2010-05-13,33.025,0.089,18.54,0.873
2010-05-14,32.749,0.576,18.4,0.479
2010-05-15,32.954,0.0,18.45,1.309
2010-05-16,34.37,0.1,16.78,0.877
2010-05-17,34.549,0.015,22.59,2.544
2010-05-18,32.936,2.428,31.28,2.231
2010-05-19,32.917,0.03,22.94,2.339
2010-05-20,32.884,0.002,16.9,3.117
2010-05-21,33.798,0.001,17.1,1.152
2010-05-22,34.838,0.003,22.56,2.439
2010-05-23,33.65,3.048,30.44,0.974
2010-05-24,33.966,0.002,22.84,0.916
2010-05-25,34.05,0.0,23.91,1.188
2010-05-26,34.644,0.04,21.83,0.472
2010-05-27,33.66,2.382,41.13,4.936
2010-05-28,30.298,7.361,49.52,6.189
2010-05-29,30.061,0.784,48.06,2.51
2010-05-30,31.282,0.0,29.05,2.212
2010-05-31,32.667,0.0,23.3,2.663
2010-06-01,34.883,0.001,17.25,3.19
2010-06-02,35.607,0.112,19.91,3.355
2010-06-03,32.753,2.039,34.59,2.971
2010-06-04,33.218,0.321,31.79,2.306
2010-06-05,31.003,0.504,37.25,2.691
2010-06-06,32.49,0.002,27.89,4.116
2010-06-07,25.732,34.386,68.11,1.426
2010-06-08,22.337,46.316,88.0,1.837
2010-06-09,27.105,0.064,57.96,2.498
2010-06-10,28.262,0.121,51.37,2.344
2010-06-11,29.32,0.002,48.33,1.264
2010-06-12,29.876,0.074,46.75,0.402
2010-06-13,30.251,0.912,46.61,1.442
2010-06-14,29.643,0.116,53.01,0.38
2010-06-15,29.866,0.466,48.17,2.142
2010-06-16,30.154,0.215,41.99,1.649
2010-06-17,30.865,0.005,39.57,1.12
2010-06-18,32.09,0.0,36.6,1.615
2010-06-19,32.971,0.0,39.36,0.891
2010-06-20,34.021,0.015,42.13,1.811
2010-06-21,34.325,0.012,42.54,1.232
2010-06-22,33.509,1.491,49.27,1.049
2010-06-23,33.632,0.432,50.14,1.333
2010-06-24,30.86,4.603,61.98,1.409
2010-06-25,29.872,0.927,65.56,0.17
2010-06-26,32.414,0.003,48.36,1.42
2010-06-27,33.391,0.452,47.98,0.445
2010-06-28,32.928,0.32,52.18,0.658
2010-06-29,31.909,6.589,58.27,0.422
2010-06-30,32.085,1.694,59.62,0.153
2010-07-01,30.421,1.589,66.91,2.362
2010-07-02,30.787,0.58,61.84,1.007
2010-07-03,31.531,0.741,60.95,2.435
2010-07-04,30.554,0.673,62.37,2.402
2010-07-05,27.085,41.47,82.29,2.151
2010-07-06,26.123,53.708,88.65,3.268
2010-07-07,27.908,12.601,81.53,1.845
2010-07-08,29.805,1.279,77.87,0.274
2010-07-09,30.598,2.359,75.54,1.653
2010-07-10,30.641,4.347,73.06,2.31
2010-07-11,29.739,9.193,76.47,1.191
2010-07-12,26.551,9.311,88.23,0.831
2010-07-13,27.614,3.536,81.42,0.638
2010-07-14,29.482,0.079,74.12,1.438
2010-07-15,29.726,1.983,78.1,1.222
2010-07-16,29.473,3.657,78.88,1.931
2010-07-17,28.359,4.966,84.13,3.061
2010-07-18,29.138,5.393,80.19,1.34
2010-07-19,27.039,29.497,90.23,2.537
2010-07-20,25.532,28.827,92.67,2.267
2010-07-21,26.86,6.187,81.81,2.758
2010-07-22,26.69,21.195,86.25,2.191
2010-07-23,28.811,0.625,78.72,0.622
2010-07-24,29.298,2.088,79.34,0.622
2010-07-25,28.224,5.673,83.86,2.259
2010-07-26,29.273,5.941,76.09,2.557
2010-07-27,26.756,9.268,85.14,4.17
2010-07-28,27.586,11.906,82.97,3.014
2010-07-29,27.518,28.883,87.37,0.968
2010-07-30,26.728,10.994,88.05,1.661
2010-07-31,25.63,22.758,88.58,2.858
2010-08-01,27.044,2.513,84.71,2.329
2010-08-02,28.094,4.134,81.41,2.798
2010-08-03,28.206,3.986,80.02,3.179
2010-08-04,28.664,7.251,79.15,2.67
2010-08-05,27.07,16.128,87.67,2.972
2010-08-06,28.774,0.105,78.53,0.893
2010-08-07,28.515,8.863,81.69,1.474
2010-08-08,29.059,1.917,77.63,1.558
2010-08-09,28.882,8.549,82.45,0.866
2010-08-10,27.895,23.297,85.81,0.756
2010-08-11,27.032,8.815,87.82,1.057
2010-08-12,26.504,9.267,90.67,1.434
2010-08-13,27.916,5.08,82.76,1.2
2010-08-14,26.523,6.233,89.85,1.852
2010-08-15,27.524,12.616,87.16,1.848
2010-08-16,27.744,3.108,86.39,2.02
2010-08-17,28.044,6.535,87.94,0.827
2010-08-18,27.377,9.887,90.0,0.783
2010-08-19,26.01,77.491,94.59,2.039
2010-08-20,26.067,26.595,91.55,3.521
2010-08-21,26.026,14.213,91.88,2.249
2010-08-22,26.48,30.872,91.23,0.484
2010-08-23,26.987,6.999,88.24,0.994
2010-08-24,26.727,9.876,87.98,0.584
2010-08-25,26.555,9.889,86.28,1.134
2010-08-26,26.474,3.227,85.53,0.938
2010-08-27,28.126,0.388,80.89,0.699
2010-08-28,28.078,2.058,84.26,0.747
2010-08-29,27.391,4.689,85.46,1.338
2010-08-30,27.896,2.48,81.59,2.193
2010-08-31,27.872,3.254,83.07,2.106
2010-09-01,27.917,6.638,83.71,1.62
2010-09-02,26.367,9.363,91.43,1.939
2010-09-03,26.219,28.416,91.64,1.684
2010-09-04,25.426,52.178,92.59,2.133
2010-09-05,26.252,8.813,88.6,1.735
2010-09-06,27.35,3.563,86.9,0.837
2010-09-07,26.284,13.823,88.62,2.009
2010-09-08,25.322,22.41,89.67,2.371
2010-09-09,27.03,9.274,82.86,1.399
2010-09-10,27.126,4.952,83.6,1.604
2010-09-11,26.347,22.032,88.01,2.137
2010-09-12,24.361,127.762,95.44,2.416
2010-09-13,24.522,32.861,92.92,1.557
2010-09-14,25.515,7.301,86.45,0.644
2010-09-15,25.397,5.596,87.07,0.139
2010-09-16,25.778,0.63,82.38,0.936
2010-09-17,25.997,0.153,80.82,0.478
2010-09-18,23.545,25.454,88.43,1.067
2010-09-19,22.384,105.416,87.77,1.898
2010-09-20,24.913,8.918,82.74,1.25
2010-09-21,25.89,7.851,85.17,1.543
2010-09-22,24.584,15.021,88.28,2.499
2010-09-23,25.426,0.299,77.37,0.725
2010-09-24,24.845,0.995,82.84,1.507
2010-09-25,25.116,0.016,79.38,2.241
2010-09-26,25.25,0.01,76.39,2.249
2010-09-27,25.403,0.001,72.73,2.844
2010-09-28,25.418,0.001,73.86,2.779
2010-09-29,25.32,0.001,72.24,2.608
2010-09-30,24.96,0.004,75.17,1.355
2010-10-01,25.147,0.013,79.96,0.503
2010-10-02,25.633,0.022,77.51,0.525
2010-10-03,25.166,0.021,73.86,1.04
2010-10-04,24.906,0.188,72.08,0.642
2010-10-05,24.693,0.01,73.96,0.719
2010-10-06,24.857,0.268,73.23,0.588
2010-10-07,24.941,0.02,74.0,0.642
2010-10-08,25.156,0.312,76.13,1.137
2010-10-09,24.491,0.323,75.14,1.252
2010-10-10,24.273,0.183,67.39,0.887
2010-10-11,24.089,0.032,65.63,1.126
2010-10-12,24.366,0.0,60.67,2.347
2010-10-13,24.403,0.002,64.31,2.714
2010-10-14,24.94,0.001,65.67,1.605
2010-10-15,25.293,0.001,67.5,0.917
2010-10-16,25.232,0.004,62.64,1.062
2010-10-17,25.136,0.418,70.85,1.563
2010-10-18,25.137,0.306,71.98,0.593
2010-10-19,25.679,0.018,71.24,0.959
2010-10-20,24.906,0.02,71.81,0.891
2010-10-21,24.162,0.093,63.19,0.876
2010-10-22,23.064,6.765,61.31,4.199
2010-10-23,21.329,0.475,64.73,1.497
2010-10-24,21.415,0.003,58.72,2.565
2010-10-25,20.391,0.0,60.11,1.663
2010-10-26,20.28,0.0,58.02,1.593
2010-10-27,20.815,0.001,59.7,2.208
2010-10-28,20.521,0.0,56.48,2.405
2010-10-29,20.165,0.001,60.81,0.862
2010-10-30,20.735,0.001,58.2,0.909
2010-10-31,20.984,0.006,58.96,1.249
2010-11-01,21.081,0.001,62.1,1.227
2010-11-02,20.902,0.001,62.23,1.35
2010-11-03,21.117,0.001,62.27,1.727
2010-11-04,20.801,0.001,65.07,0.771
2010-11-05,21.294,0.002,66.76,1.072
2010-11-06,21.427,0.002,64.64,1.067
2010-11-07,21.446,0.002,62.25,1.005
2010-11-08,21.751,0.001,64.55,1.072
2010-11-09,21.441,0.0,62.92,1.459
2010-11-10,20.342,0.002,60.32,2.393
2010-11-11,19.376,0.0,56.97,0.828
2010-11-12,18.924,0.0,56.17,1.166
2010-11-13,19.082,0.001,46.89,1.363
2010-11-14,20.382,0.001,46.78,1.399
2010-11-15,20.279,0.001,47.54,1.653
2010-11-16,20.422,0.006,52.17,0.891
2010-11-17,21.313,0.0,59.21,1.197
2010-11-18,20.394,1.11,67.46,0.789
2010-11-19,18.519,0.018,55.42,2.208
2010-11-20,18.829,0.001,54.82,3.932
2010-11-21,18.398,0.001,52.42,3.328
2010-11-22,18.163,0.0,57.46,1.331
2010-11-23,18.266,0.0,60.79,1.197
2010-11-24,18.745,0.002,65.65,0.502
2010-11-25,19.714,0.003,67.1,0.943
2010-11-26,19.09,0.003,68.79,1.671
2010-11-27,18.2,0.01,67.66,1.551
2010-11-28,17.225,0.001,58.57,1.852
2010-11-29,16.93,0.0,56.37,2.642
2010-11-30,16.232,0.001,61.24,2.402
2010-12-01,14.864,0.002,63.92,0.791
2010-12-02,14.705,0.001,64.71,1.296
2010-12-03,14.759,0.0,64.1,1.086
2010-12-04,14.692,0.001,64.1,0.734
2010-12-05,15.433,0.003,63.27,0.691
2010-12-06,15.775,0.001,67.65,0.633
2010-12-07,15.309,0.002,64.98,1.588
2010-12-08,15.07,0.001,65.52,0.7
2010-12-09,15.4,0.003,67.1,0.988
2010-12-10,14.204,0.021,69.88,1.218
2010-12-11,14.298,0.002,65.66,2.9
2010-12-12,14.209,0.001,55.03,3.216
2010-12-13,13.434,0.0,56.04,1.129
2010-12-14,13.751,0.0,57.09,2.562
2010-12-15,13.904,0.002,64.49,2.096
2010-12-16,13.73,0.0,64.75,1.146
2010-12-17,13.476,0.0,67.0,1.412
2010-12-18,13.225,0.001,65.84,2.558
2010-12-19,13.186,0.0,57.58,2.278
2010-12-20,13.799,0.0,52.41,3.802
2010-12-21,13.34,0.0,61.85,1.493
2010-12-22,13.151,0.001,64.62,0.866
2010-12-23,13.726,0.002,63.56,2.271
2010-12-24,13.326,0.001,63.45,1.114
2010-12-25,12.663,0.0,68.58,1.328
2010-12-26,12.171,0.001,67.89,0.566
2010-12-27,11.703,0.0,68.94,1.378
2010-12-28,12.884,0.298,64.51,1.031
2010-12-29,15.461,3.688,67.61,0.856
2010-12-30,14.54,32.226,87.04,2.542
2010-12-31,11.305,3.172,87.72,1.417
2011-01-01,10.106,0.005,80.47,2.964
2011-01-02,9.601,0.002,80.59,2.659
2011-01-03,8.502,0.007,84.18,1.954
2011-01-04,8.632,0.007,83.31,2.099
2011-01-05,8.94,0.009,81.17,2.475
2011-01-06,8.786,0.001,79.08,2.037
2011-01-07,9.011,0.007,79.33,0.788
2011-01-08,8.14,0.011,83.06,0.762
2011-01-09,9.188,0.004,84.67,2.236
2011-01-10,10.813,0.002,74.38,3.945
2011-01-11,11.427,0.001,72.78,3.285
2011-01-12,11.327,0.001,78.76,1.685
2011-01-13,12.237,0.114,71.42,0.883
2011-01-14,14.159,4.554,65.27,3.265
2011-01-15,11.386,10.249,83.23,1.322
2011-01-16,9.789,0.003,73.82,4.376
2011-01-17,10.116,0.004,67.58,3.089
2011-01-18,10.777,0.0,71.95,2.605
2011-01-19,11.242,0.002,67.14,3.396
2011-01-20,11.379,0.099,71.18,1.423
2011-01-21,12.453,0.002,69.96,2.415
2011-01-22,12.497,0.002,74.44,2.244
2011-01-23,12.037,0.0,69.11,2.066
2011-01-24,11.537,0.0,70.29,2.052
2011-01-25,11.273,0.001,66.34,1.599
2011-01-26,11.43,0.0,60.15,2.225
2011-01-27,11.185,0.001,68.92,2.418
2011-01-28,11.452,0.001,70.23,0.969
2011-01-29,12.88,0.027,75.14,0.932
2011-01-30,13.294,0.362,73.68,0.723
2011-01-31,13.563,0.0,71.7,2.71
2011-02-01,14.024,0.0,70.63,2.983
2011-02-02,14.617,0.001,70.41,1.787
2011-02-03,15.301,0.0,72.36,0.561
2011-02-04,16.375,0.002,73.09,0.316
2011-02-05,18.63,0.001,62.32,2.092
2011-02-06,20.494,0.253,55.23,3.758
2011-02-07,17.134,27.444,73.72,2.552
2011-02-08,14.059,0.002,78.18,2.455
2011-02-09,14.037,0.002,72.36,2.821
2011-02-10,14.354,0.002,73.53,2.669
2011-02-11,15.362,0.003,70.69,3.104
2011-02-12,17.435,0.003,66.92,1.838
2011-02-13,17.05,0.84,66.43,1.793
2011-02-14,16.965,4.839,67.63,2.912
2011-02-15,14.432,12.594,84.35,2.835
2011-02-16,13.284,3.425,83.2,0.787
2011-02-17,13.282,1.19,76.45,1.844
2011-02-18,13.387,0.003,72.64,2.397
2011-02-19,13.586,0.743,70.27,1.77
2011-02-20,14.018,0.417,70.09,1.767
2011-02-21,14.149,0.003,78.26,2.094
2011-02-22,14.533,0.01,76.13,1.049
2011-02-23,15.549,0.491,74.45,0.241
2011-02-24,14.922,0.461,71.21,1.469
2011-02-25,15.172,0.551,59.16,0.824
2011-02-26,13.706,3.397,67.14,1.902
2011-02-27,14.492,0.006,59.69,2.474
2011-02-28,15.642,0.191,61.03,2.511
2011-03-01,15.952,0.41,70.93,1.981
2011-03-02,17.15,5.441,70.18,0.74
2011-03-03,16.777,21.604,79.17,2.361
2011-03-04,16.352,1.169,77.4,1.787
2011-03-05,16.946,0.002,63.6,2.689
2011-03-06,17.312,0.0,61.17,3.548
2011-03-07,18.531,0.0,58.88,3.953
2011-03-08,18.038,0.004,62.77,3.144
2011-03-09,16.973,0.263,64.01,1.266
2011-03-10,17.017,0.596,64.3,1.368
2011-03-11,18.562,0.001,60.85,3.256
2011-03-12,18.803,0.001,62.31,2.786
2011-03-13,19.764,0.001,63.36,2.726
2011-03-14,21.069,0.0,66.72,1.547
2011-03-15,22.295,0.002,70.03,0.609
2011-03-16,22.769,0.0,68.55,2.242
2011-03-17,23.77,0.0,70.32,0.485
2011-03-18,25.146,0.007,55.01,3.022
2011-03-19,23.938,0.64,51.61,2.435
2011-03-20,21.96,0.08,44.99,0.61
2011-03-21,20.716,0.0,48.86,2.508
2011-03-22,21.451,0.0,46.97,2.049
2011-03-23,22.397,0.0,46.46,1.217
2011-03-24,22.868,0.12,43.96,1.299
2011-03-25,23.495,0.002,46.88,2.246
2011-03-26,24.564,0.001,45.68,2.903
2011-03-27,25.294,0.002,43.01,2.519
2011-03-28,26.218,0.014,38.52,3.521
2011-03-29,24.548,1.906,48.12,3.177
2011-03-30,23.072,0.018,46.22,2.544
2011-03-31,23.524,0.001,38.64,3.511
2011-04-01,23.054,0.302,37.45,1.809
2011-04-02,23.664,0.144,32.95,0.77
2011-04-03,22.24,0.256,29.43,2.029
2011-04-04,21.535,0.004,32.37,1.182
2011-04-05,23.047,0.157,29.89,1.712
2011-04-06,23.538,0.156,31.61,1.774
2011-04-07,22.046,0.009,42.13,1.677
2011-04-08,23.041,0.0,32.89,2.035
2011-04-09,24.102,0.018,33.61,1.948
2011-04-10,23.736,0.245,41.31,2.832
2011-04-11,25.571,0.175,42.21,0.973
2011-04-12,24.478,1.912,47.15,1.182
2011-04-13,24.372,0.504,47.3,0.646
2011-04-14,25.123,0.02,43.3,0.892
2011-04-15,25.425,0.009,41.14,1.029
2011-04-16,26.822,0.415,46.13,1.565
2011-04-17,23.903,20.945,63.93,1.533
2011-04-18,22.913,3.813,61.34,1.22
2011-04-19,22.949,1.925,52.99,1.418
2011-04-20,23.426,0.024,45.24,1.606
2011-04-21,23.894,0.032,39.97,2.085
2011-04-22,24.915,0.007,37.02,1.734
2011-04-23,26.812,0.009,37.54,1.082
2011-04-24,27.317,0.351,38.98,0.472
2011-04-25,29.313,0.001,36.99,0.447
2011-04-26,28.941,0.001,37.6,3.523
2011-04-27,28.754,0.007,45.02,1.338
2011-04-28,29.618,0.02,38.26,0.784
2011-04-29,30.088,0.0,28.88,1.062
2011-04-30,30.542,0.053,26.07,0.167
2011-05-01,30.312,0.006,25.26,1.093
2011-05-02,29.841,0.032,28.21,1.02
2011-05-03,30.518,0.023,29.41,1.024
2011-05-04,31.289,0.244,30.09,0.535
2011-05-05,30.949,0.99,39.09,0.811
2011-05-06,27.657,4.93,56.3,0.629
2011-05-07,27.983,0.331,44.12,2.227
2011-05-08,28.994,0.004,33.87,1.814
2011-05-09,31.319,0.003,27.35,2.276
2011-05-10,31.826,0.43,22.22,2.396
2011-05-11,32.408,0.108,20.25,2.25
2011-05-12,32.897,0.001,19.19,1.144
2011-05-13,31.244,0.305,24.07,1.028
2011-05-14,31.475,0.001,23.81,1.256
2011-05-15,32.264,0.003,26.56,0.136
2011-05-16,32.574,0.003,26.05,0.477
2011-05-17,33.177,0.004,24.03,0.749
2011-05-18,32.921,0.078,28.86,0.919
2011-05-19,32.641,0.157,46.62,3.439
2011-05-20,30.913,1.271,50.42,3.283
2011-05-21,30.322,1.816,54.64,2.392
2011-05-22,28.624,1.416,59.43,0.919
2011-05-23,30.446,0.003,44.86,3.041
2011-05-24,33.154,0.01,33.26,3.792
2011-05-25,32.106,0.794,39.79,0.465
2011-05-26,31.996,2.264,46.79,0.996
2011-05-27,30.063,1.237,56.44,0.655
2011-05-28,31.871,0.009,41.56,1.632
2011-05-29,32.407,0.196,39.29,0.175
2011-05-30,31.882,0.884,44.59,1.284
2011-05-31,31.001,1.14,48.84,3.648
2011-06-01,27.515,10.369,60.33,2.975
2011-06-02,26.931,5.457,56.05,1.355
2011-06-03,29.643,0.001,38.9,2.673
2011-06-04,30.331,0.001,40.08,1.824
2011-06-05,32.053,0.001,40.98,0.333
2011-06-06,31.973,1.633,43.92,0.923
2011-06-07,32.427,1.55,42.37,2.237
2011-06-08,31.395,0.439,43.73,2.789
2011-06-09,30.786,1.57,53.42,2.707
2011-06-10,30.369,0.109,56.23,1.904
2011-06-11,32.063,0.424,49.28,0.873
2011-06-12,31.349,0.875,56.61,0.723
2011-06-13,32.639,0.071,46.9,1.91
2011-06-14,33.422,0.109,45.7,0.514
2011-06-15,30.957,0.935,58.18,3.202
2011-06-16,30.599,2.667,64.87,2.01
2011-06-17,30.5,1.618,64.92,1.875
2011-06-18,29.724,5.512,67.68,0.932
2011-06-19,30.352,1.136,62.67,0.315
2011-06-20,29.508,2.725,71.13,1.889
2011-06-21,31.244,2.189,62.15,0.632
2011-06-22,31.692,2.233,62.22,2.159
2011-06-23,30.837,3.308,66.89,1.871
2011-06-24,30.693,3.551,69.22,1.415
2011-06-25,29.16,6.264,75.61,2.409
2011-06-26,26.756,14.995,86.61,2.111
2011-06-27,27.978,4.801,80.14,2.314
2011-06-28,27.848,13.954,80.11,2.273
2011-06-29,26.943,2.493,79.87,1.599
2011-06-30,27.807,3.029,78.03,0.827
2011-07-01,27.716,1.913,79.4,0.883
2011-07-02,28.697,1.057,75.29,1.816
2011-07-03,29.753,0.392,68.83,2.259
2011-07-04,30.121,0.186,68.18,2.304
2011-07-05,30.352,0.714,67.22,1.495
2011-07-06,28.603,1.051,74.07,3.089
2011-07-07,28.324,7.62,77.78,2.944
2011-07-08,26.338,11.935,86.74,2.057
2011-07-09,27.462,13.269,81.93,1.759
2011-07-10,27.191,21.706,84.92,1.61
2011-07-11,28.655,0.989,77.79,0.549
2011-07-12,29.446,1.62,75.26,1.535
2011-07-13,28.878,2.877,78.82,2.516
2011-07-14,27.897,13.413,82.47,2.747
2011-07-15,26.455,9.511,86.49,2.884
2011-07-16,27.671,5.6,81.49,1.667
2011-07-17,27.84,3.613,80.57,0.987
2011-07-18,27.67,3.469,83.66,0.98
2011-07-19,29.768,0.804,74.63,1.355
2011-07-20,28.745,3.194,81.17,1.375
2011-07-21,27.817,0.955,79.75,2.485
2011-07-22,29.493,5.031,76.93,1.28
2011-07-23,27.143,6.632,82.16,2.822
2011-07-24,26.884,11.057,82.61,2.263
2011-07-25,26.908,6.211,84.53,1.977
2011-07-26,28.565,4.981,78.95,1.261
2011-07-27,26.94,14.184,88.79,1.445
2011-07-28,26.809,14.718,89.64,1.138
2011-07-29,26.645,5.714,90.27,1.063
2011-07-30,28.216,1.871,84.94,0.445
2011-07-31,28.994,2.725,82.93,0.753
2011-08-01,29.165,1.67,81.36,1.344
2011-08-02,29.775,1.474,79.02,0.289
2011-08-03,28.343,2.066,83.84,1.63
2011-08-04,27.619,4.746,85.14,1.292
2011-08-05,28.387,2.847,83.47,0.95
2011-08-06,27.63,8.403,86.6,1.767
2011-08-07,28.146,6.574,82.14,2.274
2011-08-08,28.349,1.196,74.49,2.238
2011-08-09,28.769,9.708,76.11,0.895
2011-08-10,27.278,18.318,83.41,2.63
2011-08-11,27.208,10.962,83.24,3.055
2011-08-12,26.677,9.102,82.13,3.114
2011-08-13,27.131,8.028,77.79,1.654
2011-08-14,26.688,9.165,82.23,0.868
2011-08-15,25.024,115.148,91.9,2.407
2011-08-16,24.49,33.118,94.18,1.856
2011-08-17,26.078,3.795,85.26,1.205
2011-08-18,26.812,3.756,85.15,1.037
2011-08-19,25.837,6.149,85.9,2.076
2011-08-20,26.544,6.309,82.92,2.267
2011-08-21,28.473,0.276,77.82,0.454
2011-08-22,28.397,2.8,83.5,0.303
2011-08-23,27.051,39.17,89.78,0.699
2011-08-24,25.1,42.921,92.96,1.74
2011-08-25,27.756,6.073,83.35,1.494
2011-08-26,26.822,9.643,87.87,1.367
2011-08-27,26.755,2.741,86.84,1.737
2011-08-28,27.982,0.65,76.95,0.917
2011-08-29,28.661,6.05,78.28,1.132
2011-08-30,28.426,1.843,80.02,0.934
2011-08-31,28.38,6.759,78.47,1.253
2011-09-01,28.255,2.234,79.53,0.868
2011-09-02,27.87,5.342,83.04,0.264
2011-09-03,27.939,1.834,78.56,1.631
2011-09-04,28.119,3.915,78.41,1.593
2011-09-05,27.905,0.627,79.65,1.398
2011-09-06,27.304,13.557,83.99,1.49
2011-09-07,27.178,5.697,85.91,1.232
2011-09-08,26.541,9.259,86.6,1.721
2011-09-09,24.538,51.506,95.39,2.224
2011-09-10,26.882,1.422,80.59,0.796
2011-09-11,27.228,1.831,82.98,1.681
2011-09-12,27.581,2.909,80.6,2.27
2011-09-13,27.639,6.957,83.61,0.743
2011-09-14,27.608,6.546,84.47,1.274
2011-09-15,25.978,21.856,88.11,1.171
2011-09-16,25.346,7.799,88.41,0.606
2011-09-17,25.956,0.356,82.6,2.842
2011-09-18,26.113,0.037,80.97,2.796
2011-09-19,26.236,0.071,78.67,2.683
2011-09-20,25.992,0.007,76.57,3.288
2011-09-21,25.901,0.06,76.21,2.45
2011-09-22,26.293,0.097,75.38,2.304
2011-09-23,26.424,0.002,72.28,3.414
2011-09-24,26.054,0.002,71.78,2.659
2011-09-25,25.929,0.054,72.13,2.08
2011-09-26,25.967,0.012,70.8,3.117
2011-09-27,26.074,0.407,73.06,2.802
2011-09-28,26.181,0.272,74.32,2.603
2011-09-29,26.371,0.238,72.98,3.039
2011-09-30,26.336,0.276,71.68,3.067
2011-10-01,26.1,0.276,72.11,3.197
2011-10-02,26.045,0.868,74.43,1.685
2011-10-03,25.941,0.276,74.91,0.63
2011-10-04,26.274,0.203,71.99,0.311
2011-10-05,25.609,0.858,76.71,0.66
2011-10-06,25.903,0.165,68.77,1.638
2011-10-07,25.593,0.321,69.52,1.06
2011-10-08,24.648,0.729,71.38,0.514
2011-10-09,25.242,0.0,57.63,1.917
2011-10-10,25.086,0.002,56.43,2.212
2011-10-11,25.25,0.0,59.49,2.407
2011-10-12,25.72,0.001,57.99,2.59
2011-10-13,25.871,0.001,54.91,2.923
2011-10-14,25.884,0.001,48.9,3.986
2011-10-15,24.396,0.001,43.66,2.837
2011-10-16,23.7,0.001,44.01,1.341
2011-10-17,23.555,0.003,48.67,0.987
2011-10-18,23.948,0.002,49.22,1.836
2011-10-19,23.443,0.001,48.05,1.085
2011-10-20,22.677,0.003,46.94,0.705
2011-10-21,22.468,0.003,48.5,0.502
2011-10-22,22.419,0.001,53.88,0.867
2011-10-23,23.988,0.004,44.84,2.124
2011-10-24,23.151,0.001,43.24,2.465
2011-10-25,21.973,0.001,49.06,1.167
2011-10-26,21.972,0.001,48.15,1.741
2011-10-27,21.637,0.001,49.77,2.54
2011-10-28,21.28,0.001,54.49,1.16
2011-10-29,21.412,0.003,56.98,0.826
2011-10-30,21.784,0.002,56.8,1.384
2011-10-31,21.195,0.008,61.57,0.436
2011-11-01,21.516,0.012,57.79,1.463
2011-11-02,21.926,0.0,55.02,1.576
2011-11-03,21.916,0.0,52.79,1.16
2011-11-04,21.219,0.077,55.23,0.782
2011-11-05,22.188,0.001,46.94,3.241
2011-11-06,21.217,0.0,47.42,3.708
2011-11-07,20.171,0.0,51.53,1.524
2011-11-08,20.107,0.002,52.82,1.207
2011-11-09,21.912,0.001,57.84,1.583
2011-11-10,22.707,0.0,64.12,1.342
2011-11-11,22.577,0.004,63.93,1.859
2011-11-12,21.547,0.0,58.22,1.967
2011-11-13,20.74,0.001,55.64,1.369
2011-11-14,20.216,0.001,59.73,1.117
2011-11-15,20.756,0.0,51.88,2.86
2011-11-16,21.201,0.003,45.5,4.044
2011-11-17,20.37,0.0,45.05,2.76
2011-11-18,19.801,0.002,54.15,1.24
2011-11-19,19.265,0.001,67.64,1.408
2011-11-20,19.699,0.002,70.99,0.452
2011-11-21,19.667,0.004,72.77,0.594
2011-11-22,19.715,0.022,74.67,1.087
2011-11-23,20.512,0.001,71.69,0.548
2011-11-24,19.433,0.001,73.76,0.583
2011-11-25,18.769,0.0,70.7,1.679
2011-11-26,18.096,0.001,68.53,1.338
2011-11-27,17.499,0.001,66.53,1.98
2011-11-28,17.582,0.0,65.93,3.579
2011-11-29,17.645,0.002,56.69,3.813
2011-11-30,16.443,0.0,63.36,0.137
2011-12-01,16.929,0.024,71.83,1.761
2011-12-02,18.115,0.0,68.06,1.335
2011-12-03,17.975,0.001,61.45,2.602
2011-12-04,17.045,0.0,56.06,1.842
2011-12-05,16.895,0.0,56.03,0.493
2011-12-06,18.07,0.384,57.59,1.53
2011-12-07,18.079,4.442,74.67,1.079
2011-12-08,19.513,21.468,71.58,1.88
2011-12-09,17.001,6.183,79.96,1.481
2011-12-10,15.91,0.076,75.69,3.036
2011-12-11,13.895,0.0,69.12,1.215
2011-12-12,13.139,0.002,72.95,0.63
2011-12-13,13.386,0.002,69.19,2.669
2011-12-14,12.465,0.001,65.18,2.026
2011-12-15,11.999,0.001,65.71,1.938
2011-12-16,12.542,0.0,67.66,1.9
2011-12-17,12.596,0.001,66.55,1.322
2011-12-18,12.194,0.0,68.42,0.651
2011-12-19,11.416,0.0,67.27,0.438
2011-12-20,12.388,0.001,66.33,2.064
2011-12-21,12.801,0.001,63.51,0.978
2011-12-22,12.22,0.0,62.41,2.602
2011-12-23,10.864,0.0,66.59,2.739
2011-12-24,11.259,0.001,64.05,2.482
2011-12-25,10.978,0.0,67.44,1.378
2011-12-26,11.229,0.001,69.46,0.679
2011-12-27,12.494,0.0,71.21,0.693
2011-12-28,13.25,0.002,69.81,0.922
2011-12-29,12.784,0.0,70.05,1.634
2011-12-30,12.073,0.001,69.69,0.807
2011-12-31,12.935,0.048,72.75,0.752
2012-01-01,14.271,9.296,78.47,0.791
2012-01-02,13.316,0.61,84.55,1.271
2012-01-03,12.633,0.003,79.91,1.462
2012-01-04,13.485,2.167,79.06,1.213
2012-01-05,13.027,1.41,78.63,1.424
2012-01-06,12.322,19.645,81.88,3.654
2012-01-07,11.287,15.697,85.44,2.89
2012-01-08,11.502,1.406,78.41,0.508
2012-01-09,9.813,0.385,78.09,1.034
2012-01-10,9.619,0.007,74.08,2.146
2012-01-11,9.586,0.003,71.14,1.9
2012-01-12,9.908,0.006,66.67,3.202
2012-01-13,9.885,0.0,63.12,3.108
2012-01-14,12.272,0.231,61.89,2.465
2012-01-15,13.437,8.357,75.54,3.206
2012-01-16,12.984,10.887,82.82,2.699
2012-01-17,11.212,0.994,85.26,1.312
2012-01-18,10.655,0.573,81.09,0.339
2012-01-19,9.669,0.23,77.98,0.316
2012-01-20,9.193,0.017,75.56,2.813
2012-01-21,10.005,0.002,69.46,3.065
2012-01-22,10.339,0.055,71.18,1.875
2012-01-23,11.267,0.001,70.08,2.612
2012-01-24,11.223,0.068,67.93,3.144
2012-01-25,11.907,0.168,65.28,2.543
2012-01-26,11.866,0.001,66.31,3.2
2012-01-27,11.042,0.002,71.52,2.218
2012-01-28,10.688,0.004,70.73,1.735
2012-01-29,11.607,0.0,69.63,2.317
2012-01-30,11.253,0.0,66.93,1.51
2012-01-31,11.823,0.001,64.18,2.407
2012-02-01,13.054,0.001,63.49,3.181
2012-02-02,13.781,0.019,61.34,2.468
2012-02-03,14.144,0.045,67.78,1.924
2012-02-04,16.059,6.887,67.32,2.337
2012-02-05,14.82,0.629,70.75,1.492
2012-02-06,13.884,0.002,75.28,2.18
2012-02-07,12.312,0.961,71.1,0.676
2012-02-08,10.099,0.369,55.32,2.598
2012-02-09,10.435,0.003,61.61,3.356
2012-02-10,11.227,0.002,58.71,3.226
2012-02-11,13.111,0.309,60.16,1.651
2012-02-12,16.36,0.82,50.88,2.048
2012-02-13,16.048,1.792,54.74,4.458
2012-02-14,14.488,0.954,71.43,0.538
2012-02-15,12.208,0.015,68.39,1.999
2012-02-16,12.26,0.003,58.54,1.698
2012-02-17,13.783,0.001,56.85,1.722
2012-02-18,14.616,0.001,55.4,3.354
2012-02-19,15.409,0.001,56.74,3.901
2012-02-20,15.282,0.676,69.46,2.043
2012-02-21,18.709,0.02,56.55,1.952
2012-02-22,18.647,0.015,59.31,0.556
2012-02-23,17.644,0.035,59.28,1.83
2012-02-24,16.661,0.001,49.46,2.477
2012-02-25,15.13,0.0,46.51,3.235
2012-02-26,15.696,0.002,49.56,4.0
2012-02-27,17.022,0.005,46.69,3.703
2012-02-28,16.327,0.355,52.65,2.541
2012-02-29,16.146,0.002,52.11,1.057
2012-03-01,17.019,0.003,45.8,1.332
2012-03-02,17.491,0.001,38.71,2.996
2012-03-03,18.857,0.001,38.77,3.007
2012-03-04,21.903,0.2,42.38,2.255
2012-03-05,22.038,0.99,52.71,2.855
2012-03-06,19.023,0.623,59.26,0.992
2012-03-07,18.483,0.013,38.54,0.827
2012-03-08,16.658,0.144,36.94,1.015
2012-03-09,15.504,0.0,38.63,1.56
2012-03-10,15.945,0.001,40.1,1.171
2012-03-11,17.219,0.002,38.01,0.922
2012-03-12,19.93,0.191,32.74,2.744
2012-03-13,17.761,0.216,49.89,1.214
2012-03-14,17.75,0.003,46.11,3.578
2012-03-15,18.727,0.002,40.85,4.256
2012-03-16,20.35,0.0,41.98,2.849
2012-03-17,21.861,0.004,48.31,1.439
2012-03-18,23.413,0.001,49.78,1.07
2012-03-19,25.581,0.0,47.01,2.781
2012-03-20,23.663,0.038,38.88,0.91
2012-03-21,18.936,0.0,30.63,3.859
2012-03-22,20.03,0.002,37.0,4.518
2012-03-23,22.201,0.001,36.76,4.698
2012-03-24,23.543,0.002,35.56,3.953
2012-03-25,24.29,0.003,37.08,3.029
2012-03-26,23.993,0.459,37.65,1.399
2012-03-27,24.165,0.002,39.84,1.772
2012-03-28,24.546,0.004,34.56,3.763
2012-03-29,23.958,0.001,36.42,4.543
2012-03-30,24.557,0.0,38.89,1.835
2012-03-31,26.069,0.001,39.38,2.522
2012-04-01,26.323,0.002,41.25,1.438
2012-04-02,27.075,0.011,40.53,1.171
2012-04-03,26.579,2.184,42.95,0.777
2012-04-04,26.546,0.002,31.52,1.838
2012-04-05,26.294,0.037,30.02,1.122
2012-04-06,26.062,0.005,29.17,1.135
2012-04-07,26.243,0.026,30.31,1.133
2012-04-08,26.993,0.0,28.81,3.102
2012-04-09,27.726,0.565,29.39,3.304
2012-04-10,26.853,1.613,36.05,0.799
2012-04-11,22.839,11.107,58.14,2.568
2012-04-12,23.43,1.133,44.73,0.77
2012-04-13,23.28,0.931,48.08,1.936
2012-04-14,22.729,1.395,55.64,0.735
2012-04-15,23.777,0.029,41.2,2.218
2012-04-16,24.591,0.28,39.6,2.447
2012-04-17,24.722,0.235,47.91,1.368
2012-04-18,25.868,0.014,43.26,2.032
2012-04-19,27.964,0.001,36.45,3.387
2012-04-20,28.837,0.397,35.43,3.361
2012-04-21,27.16,0.014,36.86,3.546
2012-04-22,25.897,0.357,38.45,2.583
2012-04-23,26.153,0.102,37.69,1.617
2012-04-24,26.974,0.359,36.08,2.15
2012-04-25,27.333,0.136,37.64,0.888
2012-04-26,26.177,0.484,42.01,1.758
2012-04-27,26.449,0.335,39.72,2.628
2012-04-28,26.404,0.686,37.5,1.589
2012-04-29,26.634,0.377,33.39,0.805
2012-04-30,26.618,0.134,29.24,1.319
2012-05-01,26.287,0.061,27.75,2.009
2012-05-02,27.136,0.001,22.89,2.886
2012-05-03,27.734,0.015,21.61,1.874
2012-05-04,28.705,0.003,22.44,0.965
2012-05-05,29.498,0.001,21.63,2.549
2012-05-06,29.778,0.023,26.39,1.026
2012-05-07,31.199,0.022,26.05,3.212
2012-05-08,31.642,0.092,23.72,3.211
2012-05-09,32.309,0.045,21.31,2.839
2012-05-10,33.054,0.013,21.33,1.438
2012-05-11,31.326,0.69,31.33,0.57
2012-05-12,31.479,0.007,25.93,1.122
2012-05-13,31.128,0.001,22.28,3.259
2012-05-14,31.091,0.118,20.11,3.427
2012-05-15,31.37,0.001,19.57,2.956
2012-05-16,32.505,0.001,18.26,2.692
2012-05-17,32.808,0.237,20.52,2.029
2012-05-18,32.815,0.002,20.15,3.617
2012-05-19,31.723,0.002,19.66,2.834
2012-05-20,32.304,0.09,19.6,0.799
2012-05-21,32.731,0.024,17.54,1.264
2012-05-22,33.058,0.001,15.71,2.768
2012-05-23,33.227,0.003,14.15,4.47
2012-05-24,34.054,0.0,14.89,5.544
2012-05-25,35.195,0.001,17.96,3.676
2012-05-26,34.724,0.004,20.09,2.811
2012-05-27,34.12,0.003,18.23,3.528
2012-05-28,34.08,0.002,17.54,3.015
2012-05-29,34.931,0.001,16.06,3.365
2012-05-30,35.728,0.001,15.1,3.892
2012-05-31,36.36,0.068,17.74,1.738
2012-06-01,35.895,0.002,18.51,1.114
2012-06-02,35.602,0.001,18.0,2.855
2012-06-03,34.843,0.002,17.44,2.429
2012-06-04,33.798,0.846,25.88,1.783
2012-06-05,33.342,0.558,35.13,1.002
2012-06-06,32.094,0.132,34.37,1.249
2012-06-07,31.302,0.926,38.0,1.065
2012-06-08,32.295,0.044,32.14,2.278
2012-06-09,32.898,0.028,27.92,3.818
2012-06-10,33.897,0.001,23.27,3.892
2012-06-11,33.405,0.069,27.01,2.937
2012-06-12,34.589,0.001,20.2,2.83
2012-06-13,35.117,0.001,20.78,3.715
2012-06-14,35.234,0.001,20.67,4.264
2012-06-15,35.761,0.001,19.27,4.163
2012-06-16,35.646,0.002,19.83,4.211
2012-06-17,36.188,0.0,20.41,3.64
2012-06-18,34.015,0.311,34.85,0.225
2012-06-19,33.749,0.089,35.66,2.006
2012-06-20,35.019,0.001,26.32,2.789
2012-06-21,35.782,0.001,27.87,2.797
2012-06-22,35.102,0.037,41.61,1.255
2012-06-23,33.77,1.015,51.47,0.774
2012-06-24,33.939,0.613,44.89,1.539
2012-06-25,33.405,0.367,43.56,2.944
2012-06-26,33.869,0.104,39.66,3.104
2012-06-27,32.296,0.685,47.62,2.341
2012-06-28,33.816,0.086,39.17,3.276
2012-06-29,33.763,0.045,37.87,3.066
2012-06-30,34.361,0.0,33.87,2.696
2012-07-01,35.393,0.001,33.8,0.251
2012-07-02,33.247,2.397,54.5,2.818
2012-07-03,31.061,2.127,64.89,3.745
2012-07-04,29.432,5.897,71.3,3.844
2012-07-05,29.162,10.696,73.35,2.814
2012-07-06,28.733,9.691,76.47,2.022
2012-07-07,27.006,12.259,81.41,2.563
2012-07-08,28.78,0.531,72.26,1.455
2012-07-09,29.845,0.293,68.15,0.541
2012-07-10,29.466,0.718,73.37,1.827
2012-07-11,28.581,11.887,76.58,3.279
2012-07-12,27.356,11.727,84.25,2.53
2012-07-13,28.077,7.352,81.29,0.847
2012-07-14,26.485,9.383,86.35,1.055
2012-07-15,28.657,4.734,75.74,1.38
2012-07-16,28.697,1.356,79.15,0.793
2012-07-17,30.167,0.643,71.48,2.077
2012-07-18,31.449,0.339,67.51,3.12
2012-07-19,31.231,0.55,66.79,2.488
2012-07-20,29.355,2.578,78.33,2.191
2012-07-21,29.588,0.78,74.0,1.604
2012-07-22,30.634,0.719,68.44,0.316
2012-07-23,29.41,5.947,77.71,1.79
2012-07-24,28.154,5.617,82.01,2.197
2012-07-25,27.854,3.795,84.13,2.249
2012-07-26,28.379,0.658,79.05,0.862
2012-07-27,29.452,0.585,73.16,0.504
2012-07-28,28.529,3.095,80.44,2.117
2012-07-29,27.986,3.831,81.38,2.918
2012-07-30,26.681,19.362,86.46,3.344
2012-07-31,27.031,10.366,86.06,2.177
2012-08-01,26.714,9.901,89.24,1.729
2012-08-02,28.358,3.327,83.86,1.001
2012-08-03,28.129,9.738,82.15,2.02
2012-08-04,26.356,4.293,80.01,3.813
2012-08-05,27.078,1.907,79.59,1.496
2012-08-06,28.3,2.942,77.8,0.97
2012-08-07,28.49,2.286,80.83,0.462
2012-08-08,27.387,9.415,85.6,0.136
2012-08-09,26.897,14.503,86.48,1.004
2012-08-10,26.11,20.741,87.38,1.256
2012-08-11,28.23,6.694,79.32,1.28
2012-08-12,27.879,1.558,79.95,0.675
2012-08-13,27.734,3.694,80.98,1.544
2012-08-14,26.978,8.259,84.49,1.797
2012-08-15,27.858,6.346,81.64,2.361
2012-08-16,28.044,3.249,81.51,1.961
2012-08-17,28.701,4.82,83.52,0.324
2012-08-18,28.289,15.011,86.33,0.326
2012-08-19,25.786,25.927,95.06,1.829
2012-08-20,25.764,164.212,93.93,1.28
2012-08-21,25.391,78.337,91.99,3.315
2012-08-22,24.763,28.477,91.83,3.143
2012-08-23,26.058,5.935,88.78,1.958
2012-08-24,26.476,8.177,85.54,1.279
2012-08-25,25.635,8.757,89.1,1.887
2012-08-26,26.824,7.545,83.74,1.577
2012-08-27,26.713,8.468,85.47,1.904
2012-08-28,26.962,8.385,85.75,1.279
2012-08-29,27.295,7.044,85.99,1.115
2012-08-30,26.636,9.625,87.97,1.649
2012-08-31,27.47,1.978,84.11,0.819
2012-09-01,27.943,4.433,82.88,0.999
2012-09-02,26.733,12.06,86.84,1.9
2012-09-03,25.804,12.708,87.4,2.006
2012-09-04,27.13,3.42,80.43,2.371
2012-09-05,27.887,2.338,75.98,1.202
2012-09-06,27.438,2.254,79.53,1.433
2012-09-07,27.147,4.552,79.48,3.079
2012-09-08,26.451,8.088,85.92,2.34
2012-09-09,27.783,1.096,81.26,0.625
2012-09-10,28.196,1.087,81.33,0.878
2012-09-11,27.439,2.114,84.49,1.351
2012-09-12,27.43,2.339,85.2,0.522
2012-09-13,26.917,7.553,88.01,0.798
2012-09-14,26.411,3.666,89.32,1.837
2012-09-15,26.078,8.519,88.12,0.858
2012-09-16,25.99,7.365,87.3,0.724
2012-09-17,25.348,11.305,87.02,1.065
2012-09-18,25.011,11.59,86.86,0.168
2012-09-19,25.251,1.466,82.45,1.476
2012-09-20,25.742,0.269,81.08,2.45
2012-09-21,25.773,0.053,76.74,2.715
2012-09-22,25.604,0.031,75.96,2.406
2012-09-23,25.274,0.021,74.05,2.775
2012-09-24,25.063,0.007,72.41,2.697
2012-09-25,25.255,0.026,73.16,2.39
2012-09-26,25.557,0.018,71.72,2.697
2012-09-27,25.524,0.004,71.91,2.373
2012-09-28,25.182,0.002,73.96,1.646
2012-09-29,25.852,0.003,73.27,1.404
2012-09-30,25.939,0.005,69.56,2.059
2012-10-01,25.933,0.008,69.82,1.593
2012-10-02,26.001,0.004,69.14,1.124
2012-10-03,25.452,0.017,66.3,1.298
2012-10-04,25.382,0.0,61.31,2.371
2012-10-05,25.104,0.001,54.54,2.226
2012-10-06,24.987,0.001,57.87,1.984
2012-10-07,24.79,0.002,56.94,2.494
2012-10-08,24.095,0.052,56.86,1.421
2012-10-09,23.531,0.009,55.65,0.987
2012-10-10,23.186,0.005,56.23,0.589
2012-10-11,23.468,0.0,51.98,1.827
2012-10-12,23.103,0.0,55.08,0.897
2012-10-13,22.968,0.037,56.92,0.604
2012-10-14,23.571,0.001,59.45,0.379
2012-10-15,21.976,2.426,68.85,0.601
2012-10-16,22.461,0.459,56.62,1.359
2012-10-17,21.974,0.001,59.76,1.323
2012-10-18,21.947,0.001,57.58,1.289
2012-10-19,21.574,0.001,57.55,0.864
2012-10-20,21.551,0.0,55.29,1.078
2012-10-21,21.807,0.001,54.58,2.358
2012-10-22,21.025,0.018,51.41,2.06
2012-10-23,21.087,0.009,49.3,1.874
2012-10-24,19.43,0.024,57.2,1.211
2012-10-25,19.718,0.001,56.6,1.989
2012-10-26,19.567,0.001,55.13,0.934
2012-10-27,19.661,0.001,55.82,0.792
2012-10-28,20.179,0.002,58.45,1.31
2012-10-29,20.892,0.001,61.84,1.669
2012-10-30,21.027,0.0,62.98,1.603
2012-10-31,21.05,0.001,62.38,1.075
2012-11-01,21.014,0.003,63.42,1.047
2012-11-02,20.576,0.001,62.1,1.205
2012-11-03,20.328,0.0,63.8,0.814
2012-11-04,19.772,0.0,66.14,0.706
2012-11-05,20.069,0.025,62.89,0.666
2012-11-06,19.694,0.021,55.3,1.1
2012-11-07,19.463,0.001,54.61,2.086
2012-11-08,19.334,0.001,58.32,2.354
2012-11-09,18.911,0.001,57.75,1.436
2012-11-10,18.593,0.294,60.31,1.109
2012-11-11,18.519,0.027,62.92,0.826
2012-11-12,18.46,0.003,64.2,0.727
2012-11-13,18.72,0.001,63.5,1.603
2012-11-14,18.389,0.0,63.36,2.589
2012-11-15,18.119,0.0,64.65,1.888
2012-11-16,17.86,0.001,65.7,0.977
2012-11-17,17.92,0.0,60.05,1.774
2012-11-18,18.095,0.001,56.8,2.186
2012-11-19,18.218,0.002,56.54,2.393
2012-11-20,17.406,0.0,54.91,2.275
2012-11-21,16.783,0.0,59.42,1.34
2012-11-22,16.48,0.001,57.89,1.702
2012-11-23,15.894,0.0,58.79,0.992
2012-11-24,15.991,0.007,54.44,1.09
2012-11-25,16.132,0.001,50.83,2.888
2012-11-26,16.066,0.001,54.4,2.895
2012-11-27,15.846,0.003,53.3,2.809
2012-11-28,15.775,0.001,56.84,1.719
2012-11-29,15.914,5.507,67.02,1.045
2012-11-30,15.043,0.0,63.79,2.833
2012-12-01,14.208,0.001,60.39,2.087
2012-12-02,13.927,0.002,62.8,1.456
2012-12-03,13.605,0.002,60.91,2.069
2012-12-04,14.767,0.001,61.95,2.759
2012-12-05,15.379,0.001,58.06,3.005
2012-12-06,15.987,0.001,55.64,3.493
2012-12-07,15.852,0.001,56.82,3.191
2012-12-08,16.265,0.001,56.96,2.576
2012-12-09,15.714,0.0,64.22,0.935
2012-12-10,15.868,0.007,57.44,1.381
2012-12-11,14.11,1.48,66.52,1.007
2012-12-12,14.523,0.002,63.41,0.961
2012-12-13,16.059,4.295,55.96,3.314
2012-12-14,14.279,2.977,69.37,3.227
2012-12-15,15.841,0.244,65.81,1.441
2012-12-16,15.257,0.006,67.26,1.915
2012-12-17,15.003,0.0,61.23,3.878
2012-12-18,15.99,0.0,58.67,4.245
2012-12-19,14.524,0.001,60.24,4.737
2012-12-20,13.274,0.002,59.68,3.757
2012-12-21,12.574,0.001,65.83,2.162
2012-12-22,12.155,0.0,68.6,1.97
2012-12-23,12.141,0.0,73.9,1.244
2012-12-24,13.021,0.0,76.35,1.625
2012-12-25,12.0,0.001,81.18,1.71
2012-12-26,11.504,0.001,83.59,0.575
2012-12-27,10.917,0.028,86.75,1.06
2012-12-28,13.213,0.0,67.02,3.484
2012-12-29,12.971,0.0,73.57,0.476
2012-12-30,10.62,0.001,81.18,1.981
