date,temp_c,precip_mm,humidity_pct,wind_speed_ms
2000-01-01,12.472,0.0,68.71,0.8
2000-01-02,12.403,0.002,71.14,1.581
2000-01-03,12.539,0.0,73.72,2.246
2000-01-04,12.091,0.002,76.31,1.559
2000-01-05,11.765,0.003,71.39,2.14
2000-01-06,11.755,0.0,72.0,2.738
2000-01-07,11.989,0.001,75.08,1.034
2000-01-08,12.894,0.255,75.11,1.134
2000-01-09,14.675,0.019,78.25,2.716
2000-01-10,14.752,0.042,84.53,1.207
2000-01-11,15.971,0.002,72.96,2.36
2000-01-12,16.214,23.238,78.26,4.298
2000-01-13,13.352,2.027,88.29,1.121
2000-01-14,10.254,0.117,62.24,1.094
2000-01-15,8.81,0.0,65.92,2.608
2000-01-16,9.086,0.001,65.9,3.457
2000-01-17,10.589,0.001,63.99,3.573
2000-01-18,12.768,0.001,54.76,4.158
2000-01-19,13.718,0.001,56.68,4.064
2000-01-20,13.397,0.0,63.29,3.333
2000-01-21,13.862,0.568,69.54,2.309
2000-01-22,13.8,0.819,73.97,1.444
2000-01-23,14.048,0.002,75.56,2.071
2000-01-24,13.93,0.001,69.27,1.298
2000-01-25,13.82,12.949,81.98,2.528
2000-01-26,13.885,2.638,81.86,1.984
2000-01-27,13.239,0.064,78.29,2.909
2000-01-28,13.198,0.001,66.08,4.19
2000-01-29,12.868,0.0,58.14,4.077
2000-01-30,14.391,0.001,71.05,0.125
2000-01-31,16.254,0.03,66.85,5.721
2000-02-01,14.709,0.257,73.53,3.733
2000-02-02,13.835,0.013,81.63,2.29
2000-02-03,14.435,0.002,74.41,1.135
2000-02-04,14.311,31.692,83.86,2.609
2000-02-05,12.479,6.465,86.16,1.249
2000-02-06,11.955,0.209,81.93,1.042
2000-02-07,12.678,0.058,80.53,1.972
2000-02-08,12.845,0.124,78.34,1.982
2000-02-09,13.516,0.006,76.85,1.165
2000-02-10,14.374,17.533,81.74,3.468
2000-02-11,11.907,14.971,87.38,1.91
2000-02-12,10.913,1.146,89.76,1.215
2000-02-13,11.484,0.018,75.42,2.724
2000-02-14,12.515,0.0,72.1,3.02
2000-02-15,12.546,0.003,75.9,2.397
2000-02-16,12.739,0.002,68.81,1.466
2000-02-17,12.975,0.538,70.5,1.486
2000-02-18,12.339,0.002,68.19,1.827
2000-02-19,11.944,0.002,66.75,1.881
2000-02-20,11.958,1.524,71.56,1.391
2000-02-21,13.095,0.0,69.27,2.25
2000-02-22,12.929,0.003,67.49,2.807
2000-02-23,13.638,0.001,64.27,3.361
2000-02-24,13.428,0.0,58.06,3.605
2000-02-25,13.142,0.001,55.13,2.844
2000-02-26,13.114,0.0,56.77,1.976
2000-02-27,14.889,0.001,57.63,2.171
2000-02-28,17.206,0.002,58.24,3.3
2000-02-29,18.62,0.0,58.12,2.252
2000-03-01,18.173,0.006,65.92,0.792
2000-03-02,18.518,0.006,57.6,1.405
2000-03-03,19.526,0.061,49.8,1.037
2000-03-04,20.291,0.169,48.61,4.132
2000-03-05,17.958,0.001,59.53,2.238
2000-03-06,17.646,0.001,51.71,1.6
2000-03-07,18.268,0.017,44.09,2.001
2000-03-08,17.894,0.0,45.7,3.934
2000-03-09,17.843,0.0,40.86,4.104
2000-03-10,19.408,0.001,45.47,0.164
2000-03-11,21.039,0.003,48.64,2.694
2000-03-12,19.453,0.808,55.28,3.439
2000-03-13,18.216,1.37,66.87,1.21
2000-03-14,19.325,0.005,50.34,2.322
2000-03-15,20.287,0.002,38.45,4.137
2000-03-16,20.674,0.0,44.72,0.826
2000-03-17,21.521,0.417,41.5,1.37
2000-03-18,19.929,0.0,42.47,1.807
2000-03-19,20.156,0.0,30.87,3.089
2000-03-20,20.863,0.0,28.55,2.656
2000-03-21,20.79,1.412,38.82,4.084
2000-03-22,19.957,0.973,50.51,2.167
2000-03-23,18.297,2.823,65.16,1.512
2000-03-24,19.257,0.012,57.7,1.72
2000-03-25,20.912,0.0,49.27,2.509
2000-03-26,22.144,0.0,49.5,1.026
2000-03-27,23.684,0.001,47.58,1.034
2000-03-28,24.555,0.002,47.46,0.765
2000-03-29,26.109,0.0,47.33,0.842
2000-03-30,26.869,0.0,42.33,0.958
2000-03-31,27.532,0.0,36.15,1.346
2000-04-01,26.621,0.0,32.23,3.899
2000-04-02,25.094,0.0,27.2,4.201
2000-04-03,25.624,0.001,31.03,2.512
2000-04-04,26.366,0.001,33.16,0.718
2000-04-05,26.577,0.0,26.27,2.416
2000-04-06,25.753,0.001,22.33,3.554
2000-04-07,26.898,0.001,26.25,2.225
2000-04-08,28.348,0.0,23.6,2.882
2000-04-09,27.198,0.0,24.66,3.878
2000-04-10,27.2,0.001,26.11,2.367
2000-04-11,27.856,0.001,26.5,0.825
2000-04-12,29.109,0.001,29.56,1.088
2000-04-13,29.657,0.011,30.19,0.348
2000-04-14,30.041,0.217,26.69,1.68
2000-04-15,28.524,0.055,35.64,1.786
2000-04-16,28.728,0.0,36.34,0.36
2000-04-17,30.182,0.001,26.71,2.128
2000-04-18,30.974,0.168,27.25,0.309
2000-04-19,31.753,0.17,27.61,0.41
2000-04-20,31.754,0.309,25.24,1.024
2000-04-21,31.552,0.716,30.21,0.514
2000-04-22,29.285,2.189,43.42,2.062
2000-04-23,28.59,1.591,45.3,0.806
2000-04-24,31.138,0.001,29.23,2.16
2000-04-25,31.835,0.003,25.28,1.018
2000-04-26,29.672,3.736,49.12,3.159
2000-04-27,28.497,6.903,59.35,2.499
2000-04-28,29.915,0.088,39.26,1.534
2000-04-29,30.269,0.0,27.03,0.819
2000-04-30,31.683,0.002,18.04,3.041
2000-05-01,32.615,0.001,15.98,4.379
2000-05-02,32.883,0.001,18.23,2.265
2000-05-03,32.157,0.001,37.13,3.278
2000-05-04,32.713,0.339,41.66,3.963
2000-05-05,30.774,2.347,48.72,4.194
2000-05-06,27.577,1.652,60.09,4.292
2000-05-07,27.56,0.461,58.98,2.902
2000-05-08,29.291,0.246,50.82,2.96
2000-05-09,31.313,0.01,43.54,3.188
2000-05-10,32.914,0.0,39.83,2.33
2000-05-11,34.136,0.0,37.88,1.663
2000-05-12,32.022,6.24,52.05,0.7
2000-05-13,29.839,4.431,61.52,2.299
2000-05-14,32.279,2.258,49.72,3.058
2000-05-15,34.117,0.132,39.06,3.351
2000-05-16,34.655,0.003,32.81,4.18
2000-05-17,34.659,0.081,30.92,3.775
2000-05-18,35.566,0.002,26.6,3.502
2000-05-19,35.938,0.021,24.49,2.771
2000-05-20,35.678,0.079,31.53,0.297
2000-05-21,33.57,0.595,47.81,2.888
2000-05-22,32.872,0.001,50.78,4.057
2000-05-23,33.238,0.01,49.41,4.104
2000-05-24,35.074,0.141,41.29,0.782
2000-05-25,35.436,0.16,39.31,1.711
2000-05-26,36.382,0.029,34.97,3.61
2000-05-27,35.31,1.251,38.2,3.436
2000-05-28,36.199,1.15,31.38,4.534
2000-05-29,35.274,0.201,31.89,3.115
2000-05-30,36.09,0.073,28.02,2.982
2000-05-31,33.08,1.898,46.86,0.327
2000-06-01,34.036,0.588,45.24,0.353
2000-06-02,34.052,0.003,44.42,1.977
2000-06-03,32.32,4.26,58.42,2.704
2000-06-04,30.534,2.627,64.04,3.752
2000-06-05,32.142,0.052,51.55,1.842
2000-06-06,31.473,1.375,61.03,3.661
2000-06-07,26.277,88.23,79.98,3.465
2000-06-08,25.201,21.584,86.57,2.512
2000-06-09,27.043,0.758,80.82,1.99
2000-06-10,29.204,0.181,68.77,0.682
2000-06-11,30.147,0.061,63.02,1.448
2000-06-12,31.467,0.006,55.62,2.005
2000-06-13,32.342,0.002,55.88,2.185
2000-06-14,33.008,0.785,55.19,2.427
2000-06-15,32.731,0.783,58.97,0.913
2000-06-16,31.08,0.087,67.9,3.48
2000-06-17,31.497,0.028,66.61,3.167
2000-06-18,31.842,0.013,66.14,3.375
2000-06-19,30.395,0.288,72.29,3.903
2000-06-20,30.02,0.287,72.84,3.496
2000-06-21,31.49,0.267,66.44,2.577
2000-06-22,30.914,10.718,67.0,2.285
2000-06-23,30.086,0.491,68.19,1.093
2000-06-24,31.21,1.023,61.19,0.891
2000-06-25,31.807,0.201,61.56,0.927
2000-06-26,31.854,0.047,62.18,1.116
2000-06-27,31.175,0.431,66.44,1.799
2000-06-28,30.9,1.379,69.98,2.451
2000-06-29,29.502,4.716,76.26,3.983
2000-06-30,28.923,2.02,76.69,3.896
2000-07-01,28.189,10.078,80.66,2.989
2000-07-02,28.708,5.474,77.51,2.621
2000-07-03,29.241,3.552,76.53,2.315
2000-07-04,30.012,3.548,74.62,2.046
2000-07-05,32.107,0.172,66.79,0.673
2000-07-06,33.424,0.197,60.16,0.402
2000-07-07,31.347,1.525,68.82,2.603
2000-07-08,28.793,10.172,78.05,3.167
2000-07-09,29.484,8.818,77.61,2.436
2000-07-10,29.002,13.951,79.39,2.278
2000-07-11,28.258,2.414,81.51,3.281
2000-07-12,28.571,10.136,83.27,2.583
2000-07-13,29.689,4.044,78.78,2.513
2000-07-14,28.802,9.237,79.71,3.903
2000-07-15,27.309,9.135,86.9,3.046
2000-07-16,26.817,14.244,88.62,3.172
2000-07-17,26.792,20.559,89.5,1.913
2000-07-18,26.493,4.678,87.53,2.112
2000-07-19,25.649,9.982,95.43,1.572
2000-07-20,28.199,10.894,81.56,2.596
2000-07-21,27.724,0.336,73.4,5.826
2000-07-22,25.141,3.219,85.41,4.997
2000-07-23,26.189,0.961,81.92,2.576
2000-07-24,25.883,14.402,86.02,2.314
2000-07-25,26.763,15.226,85.14,1.415
2000-07-26,28.586,1.957,78.38,2.052
2000-07-27,27.784,3.71,83.91,1.663
2000-07-28,28.255,2.673,83.55,1.652
2000-07-29,29.493,0.873,80.16,1.555
2000-07-30,29.482,0.823,78.11,1.282
2000-07-31,29.013,2.384,76.68,1.581
2000-08-01,29.457,0.148,66.52,2.429
2000-08-02,28.866,0.069,68.54,1.527
2000-08-03,28.787,0.286,69.66,2.502
2000-08-04,29.445,0.11,68.1,2.54
2000-08-05,29.731,0.416,70.53,2.669
2000-08-06,30.366,0.312,67.7,1.717
2000-08-07,30.831,0.013,62.78,2.255
2000-08-08,31.327,0.019,61.67,1.118
2000-08-09,30.044,6.011,71.91,1.311
2000-08-10,26.666,11.192,86.58,3.331
2000-08-11,25.676,16.979,91.78,2.395
2000-08-12,27.465,7.134,84.46,2.624
2000-08-13,28.881,2.365,80.0,2.019
2000-08-14,29.291,1.914,78.77,1.519
2000-08-15,28.301,12.494,82.81,0.894
2000-08-16,27.734,5.48,84.32,1.856
2000-08-17,29.138,1.082,76.99,1.703
2000-08-18,28.578,2.449,78.71,0.844
2000-08-19,27.833,7.05,85.07,1.485
2000-08-20,28.653,3.135,82.42,1.474
2000-08-21,28.278,0.809,82.99,2.106
2000-08-22,27.481,1.846,84.85,2.274
2000-08-23,28.242,1.796,83.4,1.599
2000-08-24,29.272,0.655,77.25,1.45
2000-08-25,29.109,0.586,80.65,2.466
2000-08-26,28.796,2.234,82.88,1.933
2000-08-27,28.643,6.741,83.57,1.426
2000-08-28,28.083,11.101,85.19,2.339
2000-08-29,27.652,19.979,86.16,0.94
2000-08-30,27.853,6.483,82.8,0.771
2000-08-31,28.433,1.461,77.41,0.606
2000-09-01,28.556,0.11,73.98,0.548
2000-09-02,28.99,0.005,70.6,0.936
2000-09-03,29.06,0.735,77.43,0.3
2000-09-04,29.265,1.043,79.76,1.176
2000-09-05,28.523,0.637,81.87,2.307
2000-09-06,28.095,3.843,82.77,1.979
2000-09-07,28.925,0.48,74.74,1.381
2000-09-08,28.915,0.132,74.09,1.208
2000-09-09,28.715,0.646,71.03,0.43
2000-09-10,28.23,1.076,69.64,1.928
2000-09-11,27.687,1.006,72.13,1.865
2000-09-12,28.417,0.046,66.87,1.787
2000-09-13,28.647,0.101,68.91,2.066
2000-09-14,29.299,0.048,66.06,1.559
2000-09-15,28.977,0.079,71.06,1.025
2000-09-16,28.86,0.057,70.08,1.067
2000-09-17,28.985,0.001,58.57,0.26
2000-09-18,28.454,0.0,52.85,0.412
2000-09-19,27.577,0.002,66.4,2.122
2000-09-20,27.312,0.153,74.57,1.758
2000-09-21,27.246,0.037,70.88,1.28
2000-09-22,27.266,0.065,67.42,0.93
2000-09-23,27.739,0.04,61.68,1.105
2000-09-24,28.068,0.001,54.42,1.692
2000-09-25,28.181,0.232,57.2,0.638
2000-09-26,26.848,0.531,60.63,0.475
2000-09-27,27.441,0.328,54.35,1.126
2000-09-28,27.295,0.032,52.3,1.209
2000-09-29,26.887,0.0,51.17,0.508
2000-09-30,26.69,0.002,52.78,1.868
2000-10-01,26.647,0.002,58.39,1.647
2000-10-02,27.309,0.002,58.39,0.715
2000-10-03,27.984,0.001,57.82,0.716
2000-10-04,27.981,0.0,58.47,1.374
2000-10-05,27.93,0.0,59.95,1.675
2000-10-06,28.185,0.0,61.22,1.595
2000-10-07,28.576,0.001,56.68,0.343
2000-10-08,28.434,0.001,47.81,1.564
2000-10-09,28.027,0.048,44.57,1.582
2000-10-10,27.323,0.001,45.18,2.155
2000-10-11,26.782,0.028,42.74,2.145
2000-10-12,26.275,0.001,42.09,2.632
2000-10-13,26.215,0.001,39.33,2.934
2000-10-14,25.689,0.0,41.14,3.038
2000-10-15,25.372,0.0,40.71,3.061
2000-10-16,24.999,0.001,48.72,0.767
2000-10-17,24.799,0.0,55.72,0.603
2000-10-18,25.694,0.001,52.04,0.564
2000-10-19,25.896,0.0,53.76,0.687
2000-10-20,25.654,0.0,55.11,0.411
2000-10-21,25.865,0.003,52.61,1.865
2000-10-22,25.265,0.0,57.16,1.54
2000-10-23,25.559,0.002,59.34,2.06
2000-10-24,25.728,0.0,58.29,1.143
2000-10-25,25.376,0.001,48.58,1.732
2000-10-26,24.745,0.0,49.48,1.639
2000-10-27,24.011,0.001,52.89,0.814
2000-10-28,23.629,0.002,52.24,0.774
2000-10-29,23.561,0.002,54.54,1.737
2000-10-30,23.427,0.003,57.93,1.38
2000-10-31,23.104,0.0,53.96,1.054
2000-11-01,23.122,0.003,59.45,1.76
2000-11-02,23.245,-0.0,63.36,0.764
2000-11-03,23.038,0.001,58.9,1.25
2000-11-04,22.971,0.001,56.28,1.851
2000-11-05,22.949,0.0,56.44,1.718
2000-11-06,22.701,0.003,51.15,0.999
2000-11-07,23.078,0.0,48.31,0.94
2000-11-08,23.692,0.0,50.53,0.871
2000-11-09,23.812,0.0,45.65,2.485
2000-11-10,21.933,0.001,37.45,3.835
2000-11-11,20.98,0.0,41.79,2.93
2000-11-12,20.442,0.001,49.31,1.466
2000-11-13,21.112,0.003,54.07,1.329
2000-11-14,21.171,0.002,46.97,2.278
2000-11-15,18.903,0.001,38.41,2.34
2000-11-16,18.691,0.0,42.54,0.57
2000-11-17,20.284,0.002,44.77,1.363
2000-11-18,19.975,0.0,54.74,1.916
2000-11-19,19.713,0.002,54.6,1.923
2000-11-20,19.279,0.001,48.76,2.237
2000-11-21,19.36,0.001,53.12,1.454
2000-11-22,20.197,0.001,57.02,1.462
2000-11-23,20.403,0.002,67.47,0.759
2000-11-24,20.088,0.0,57.63,2.785
2000-11-25,18.078,0.001,49.52,3.755
2000-11-26,16.942,0.0,52.13,1.731
2000-11-27,16.617,0.398,61.22,0.444
2000-11-28,16.449,0.001,55.9,2.192
2000-11-29,15.744,0.0,41.7,2.997
2000-11-30,15.13,0.0,39.95,3.491
2000-12-01,14.519,0.001,35.33,3.396
2000-12-02,13.616,0.001,37.73,2.706
2000-12-03,14.459,0.0,43.3,2.276
2000-12-04,16.349,0.001,42.76,3.876
2000-12-05,15.905,0.004,47.42,2.897
2000-12-06,15.476,0.0,48.92,2.475
2000-12-07,16.123,0.0,46.1,2.289
2000-12-08,16.918,0.0,52.32,2.151
2000-12-09,15.717,0.002,50.38,2.923
2000-12-10,14.502,0.0,53.22,2.181
2000-12-11,14.419,0.0,49.58,2.89
2000-12-12,13.509,0.001,47.67,2.6
2000-12-13,14.106,0.0,46.47,2.623
2000-12-14,15.22,0.001,55.79,2.618
2000-12-15,15.48,0.001,61.58,2.006
2000-12-16,16.187,0.002,62.65,0.526
2000-12-17,17.182,0.0,64.35,0.553
2000-12-18,16.375,0.001,65.47,3.15
2000-12-19,14.387,0.001,54.97,3.865
2000-12-20,13.854,0.001,48.86,3.177
2000-12-21,12.808,0.001,56.62,2.622
2000-12-22,12.144,0.0,62.13,1.864
2000-12-23,12.58,0.001,65.16,1.717
2000-12-24,13.184,0.001,64.06,2.116
2000-12-25,13.165,0.001,65.64,2.383
2000-12-26,12.608,0.001,67.49,1.847
2000-12-27,12.896,0.003,67.23,0.626
2000-12-28,13.623,0.001,62.21,1.736
2000-12-29,14.158,0.0,62.02,1.542
2000-12-30,15.117,0.073,66.53,0.301
2000-12-31,15.91,2.356,65.0,1.702
2001-01-01,12.399,9.048,92.56,0.843
2001-01-02,12.047,0.077,80.94,1.607
2001-01-03,12.882,0.008,74.83,2.798
2001-01-04,12.36,0.007,75.71,3.196
2001-01-05,10.69,0.001,76.54,2.91
2001-01-06,9.719,0.0,79.07,0.911
2001-01-07,8.984,0.003,81.38,1.396
2001-01-08,9.462,0.0,75.25,2.636
2001-01-09,10.237,0.002,75.66,2.879
2001-01-10,10.467,0.001,70.3,3.036
2001-01-11,10.611,0.002,74.37,2.177
2001-01-12,10.54,0.147,74.78,1.92
2001-01-13,11.248,0.0,72.89,2.901
2001-01-14,11.458,0.002,71.98,2.901
2001-01-15,11.044,0.003,71.95,1.882
2001-01-16,10.653,0.001,76.06,2.333
2001-01-17,10.829,0.0,78.0,2.083
2001-01-18,10.898,0.0,77.76,2.236
2001-01-19,12.154,0.0,74.34,2.11
2001-01-20,12.361,0.0,69.74,0.957
2001-01-21,14.449,0.002,69.03,1.627
2001-01-22,13.212,1.282,78.08,1.118
2001-01-23,11.98,0.002,73.69,2.996
2001-01-24,11.885,0.0,52.14,5.302
2001-01-25,12.675,0.001,52.31,4.534
2001-01-26,14.079,0.0,53.25,4.299
2001-01-27,13.845,0.001,48.25,4.139
2001-01-28,13.827,0.001,52.75,2.704
2001-01-29,15.122,0.001,57.4,0.748
2001-01-30,17.4,0.001,57.65,0.918
2001-01-31,16.121,0.0,63.32,2.797
2001-02-01,12.159,0.001,45.4,3.387
2001-02-02,12.437,-0.0,47.36,3.899
2001-02-03,12.052,0.0,45.7,2.807
2001-02-04,12.448,0.001,49.47,1.338
2001-02-05,13.496,0.003,53.43,2.089
2001-02-06,14.395,0.002,49.36,3.203
2001-02-07,15.453,0.002,44.6,3.613
2001-02-08,16.368,0.0,39.29,4.644
2001-02-09,15.789,0.002,40.06,3.99
2001-02-10,15.423,0.0,42.33,3.288
2001-02-11,14.612,0.001,41.83,2.659
2001-02-12,15.726,0.0,46.57,2.022
2001-02-13,17.22,0.003,44.21,2.077
2001-02-14,17.848,0.087,50.45,3.307
2001-02-15,16.563,0.558,70.58,2.265
2001-02-16,17.831,0.003,66.4,1.585
2001-02-17,18.458,0.002,62.79,1.463
2001-02-18,18.888,0.001,57.81,3.047
2001-02-19,19.058,0.001,50.51,3.358
2001-02-20,18.853,0.963,62.67,1.118
2001-02-21,17.869,0.004,63.94,2.128
2001-02-22,18.749,0.018,58.97,2.2
2001-02-23,21.363,0.0,53.48,0.805
2001-02-24,21.747,1.473,55.37,0.422
2001-02-25,18.312,1.122,67.74,1.419
2001-02-26,17.37,0.002,49.58,1.831
2001-02-27,17.246,0.002,44.9,1.208
2001-02-28,17.875,0.069,43.69,2.093
2001-03-01,17.337,0.001,39.56,3.252
2001-03-02,17.441,0.001,41.15,2.863
2001-03-03,17.56,0.0,42.08,2.227
2001-03-04,17.678,0.0,41.42,2.592
2001-03-05,18.313,0.001,41.67,3.04
2001-03-06,19.098,0.001,41.49,2.098
2001-03-07,20.258,0.0,42.47,0.774
2001-03-08,20.522,0.0,44.27,1.32
2001-03-09,20.61,0.055,42.44,1.448
2001-03-10,21.087,0.002,40.86,1.982
2001-03-11,21.914,0.001,40.39,1.538
2001-03-12,22.952,0.001,39.68,2.008
2001-03-13,23.471,0.61,42.4,3.09
2001-03-14,22.254,1.269,47.3,2.175
2001-03-15,21.915,0.0,44.82,1.748
2001-03-16,21.212,0.0,35.88,3.357
2001-03-17,21.891,0.0,39.82,3.176
2001-03-18,22.746,0.0,42.66,1.948
2001-03-19,26.142,0.185,35.13,1.126
2001-03-20,23.395,6.59,49.61,3.422
2001-03-21,22.265,0.185,57.19,2.06
2001-03-22,21.813,0.008,54.28,0.849
2001-03-23,21.791,0.0,45.03,2.184
2001-03-24,23.06,0.001,36.33,3.224
2001-03-25,24.197,0.031,36.35,3.1
2001-03-26,24.411,0.001,38.18,3.145
2001-03-27,25.448,0.0,37.1,1.045
2001-03-28,23.84,6.607,54.46,1.911
2001-03-29,22.29,1.309,55.05,5.012
2001-03-30,20.123,1.863,60.0,2.246
2001-03-31,21.061,0.114,56.08,1.727
2001-04-01,21.818,0.0,49.49,2.09
2001-04-02,23.596,0.001,44.1,1.568
2001-04-03,25.258,0.001,34.85,1.451
2001-04-04,25.392,0.178,33.27,1.56
2001-04-05,25.668,0.352,30.42,0.313
2001-04-06,27.233,0.001,28.9,2.193
2001-04-07,27.929,0.0,27.66,3.021
2001-04-08,28.447,0.055,31.42,1.111
2001-04-09,29.657,0.0,21.35,1.838
2001-04-10,29.775,0.001,23.06,2.27
2001-04-11,29.596,0.07,23.2,0.692
2001-04-12,27.707,1.675,36.95,1.391
2001-04-13,27.111,1.979,38.46,2.889
2001-04-14,26.075,1.401,49.94,2.57
2001-04-15,24.17,8.34,62.68,2.297
2001-04-16,24.775,1.234,58.9,1.011
2001-04-17,23.075,19.547,72.32,1.143
2001-04-18,23.458,0.341,65.84,0.438
2001-04-19,22.802,5.001,69.91,1.206
2001-04-20,22.963,0.004,58.66,3.585
2001-04-21,24.733,0.0,48.17,4.071
2001-04-22,26.718,0.001,37.47,3.53
2001-04-23,27.938,0.001,34.22,2.746
2001-04-24,29.557,0.001,33.98,1.62
2001-04-25,30.628,0.0,31.28,2.459
2001-04-26,31.17,0.574,28.53,2.053
2001-04-27,32.03,0.893,24.37,1.613
2001-04-28,32.332,0.892,24.31,2.262
2001-04-29,32.857,0.001,21.69,2.463
2001-04-30,33.356,0.009,21.22,1.703
2001-05-01,32.465,1.947,30.87,1.271
2001-05-02,31.806,0.519,34.45,0.816
2001-05-03,30.311,2.708,42.47,1.212
2001-05-04,30.918,0.001,39.02,1.893
2001-05-05,31.947,0.001,43.62,1.913
2001-05-06,33.118,1.29,43.2,3.65
2001-05-07,32.71,0.001,48.04,3.505
2001-05-08,34.446,0.004,34.68,1.763
2001-05-09,35.391,0.612,25.04,4.639
2001-05-10,36.363,0.0,22.42,4.752
2001-05-11,35.368,0.0,31.12,1.413
2001-05-12,34.596,0.0,41.74,3.792
2001-05-13,34.429,1.034,39.85,3.154
2001-05-14,33.945,0.197,40.12,1.97
2001-05-15,31.936,0.718,45.97,1.562
2001-05-16,29.108,1.654,59.24,3.042
2001-05-17,28.765,7.812,61.09,1.428
2001-05-18,26.198,12.503,76.75,1.153
2001-05-19,29.007,2.437,61.38,0.188
2001-05-20,27.863,3.536,69.63,0.217
2001-05-21,30.105,0.504,56.69,2.134
2001-05-22,30.584,2.392,54.44,2.67
2001-05-23,32.252,0.0,43.16,3.139
2001-05-24,33.878,0.028,34.04,2.998
2001-05-25,34.598,0.761,30.01,2.163
2001-05-26,33.036,0.492,37.02,1.311
2001-05-27,32.514,0.6,45.47,1.538
2001-05-28,31.573,3.039,52.32,0.481
2001-05-29,30.928,0.463,53.16,1.682
2001-05-30,31.556,1.063,53.76,2.082
2001-05-31,32.283,2.757,54.9,2.654
2001-06-01,33.701,0.125,48.65,0.647
2001-06-02,33.065,0.024,51.77,1.203
2001-06-03,32.686,0.77,55.09,2.016
2001-06-04,29.142,5.398,68.23,2.848
2001-06-05,28.348,6.528,72.47,1.313
2001-06-06,30.556,1.353,60.6,0.749
2001-06-07,29.806,0.926,61.36,0.87
2001-06-08,30.544,2.588,61.82,0.728
2001-06-09,30.977,2.18,59.28,1.77
2001-06-10,31.809,0.706,58.62,2.765
2001-06-11,32.531,0.247,56.24,3.177
2001-06-12,33.315,0.175,54.02,2.902
2001-06-13,32.508,7.686,56.61,2.526
2001-06-14,29.966,4.365,70.85,1.765
2001-06-15,30.611,6.385,67.96,1.656
2001-06-16,26.939,47.665,86.74,1.73
2001-06-17,28.519,3.429,75.75,1.107
2001-06-18,29.963,0.637,71.58,0.152
2001-06-19,30.706,0.353,64.02,1.072
2001-06-20,30.798,5.772,66.57,2.299
2001-06-21,31.026,0.685,67.0,0.632
2001-06-22,29.753,9.29,74.12,1.993
2001-06-23,28.558,14.204,79.7,2.442
2001-06-24,26.96,20.974,85.76,1.428
2001-06-25,26.383,87.438,88.97,2.034
2001-06-26,26.784,17.12,86.08,2.442
2001-06-27,28.664,1.354,79.99,1.689
2001-06-28,30.366,0.04,71.69,1.739
2001-06-29,30.249,17.381,75.02,2.205
2001-06-30,26.925,11.317,88.21,1.61
2001-07-01,28.628,10.639,83.53,0.66
2001-07-02,28.512,20.101,84.18,1.634
2001-07-03,28.342,3.131,81.37,3.341
2001-07-04,29.548,0.489,73.11,2.862
2001-07-05,30.276,0.499,76.31,0.823
2001-07-06,30.735,5.346,75.3,0.085
2001-07-07,28.176,9.995,86.32,2.052
2001-07-08,29.703,1.061,78.2,1.491
2001-07-09,30.707,2.294,76.22,1.659
2001-07-10,30.231,8.948,78.09,2.197
2001-07-11,29.411,0.696,77.13,3.567
2001-07-12,29.062,4.926,80.05,3.271
2001-07-13,28.006,7.754,83.88,1.5
2001-07-14,26.843,12.706,89.89,2.082
2001-07-15,27.659,8.519,84.67,1.842
2001-07-16,27.51,4.128,82.99,1.106
2001-07-17,27.267,3.072,84.54,1.162
2001-07-18,28.886,2.266,80.66,0.237
2001-07-19,30.084,0.431,75.97,1.196
2001-07-20,27.876,11.081,88.27,2.242
2001-07-21,27.229,15.19,88.69,1.12
2001-07-22,27.962,7.157,84.72,2.111
2001-07-23,28.933,8.139,82.67,2.35
2001-07-24,29.808,2.83,78.28,2.134
2001-07-25,28.857,12.631,83.56,1.48
2001-07-26,27.543,5.72,88.32,0.966
2001-07-27,28.076,10.937,86.17,1.231
2001-07-28,27.754,12.916,87.93,1.327
2001-07-29,28.975,1.214,76.31,2.633
2001-07-30,28.536,2.346,77.17,2.514
2001-07-31,29.046,0.664,77.77,2.2
2001-08-01,29.185,0.282,72.19,3.048
2001-08-02,29.93,0.023,67.76,2.099
2001-08-03,29.344,0.265,72.85,1.618
2001-08-04,28.228,10.019,83.25,2.11
2001-08-05,28.647,2.426,80.78,1.699
2001-08-06,28.144,8.201,82.17,2.441
2001-08-07,28.37,5.157,82.44,2.085
2001-08-08,27.923,8.475,85.25,2.175
2001-08-09,27.981,12.651,86.4,1.698
2001-08-10,28.265,3.216,82.6,2.57
2001-08-11,29.621,1.889,80.22,2.045
2001-08-12,29.779,2.103,80.22,1.49
2001-08-13,28.476,14.791,86.53,2.363
2001-08-14,27.189,16.771,91.05,1.621
2001-08-15,28.975,1.99,82.67,0.066
2001-08-16,28.85,6.611,81.43,0.686
2001-08-17,28.154,3.738,83.41,2.445
2001-08-18,28.92,2.354,82.93,2.843
2001-08-19,29.046,1.359,77.44,2.165
2001-08-20,29.051,0.113,77.31,1.454
2001-08-21,29.243,0.41,75.47,1.922
2001-08-22,29.099,1.309,75.93,1.651
2001-08-23,28.928,1.521,77.57,0.787
2001-08-24,28.685,2.287,78.87,0.294
2001-08-25,29.198,0.25,72.26,1.762
2001-08-26,29.302,0.001,64.71,3.344
2001-08-27,29.659,0.014,65.42,3.055
2001-08-28,29.933,0.126,65.09,2.74
2001-08-29,29.487,0.034,66.9,1.759
2001-08-30,29.094,0.056,70.92,0.501
2001-08-31,28.994,1.109,75.69,0.643
2001-09-01,29.061,1.925,78.87,0.475
2001-09-02,29.64,1.049,74.78,0.731
2001-09-03,29.213,1.481,75.33,0.448
2001-09-04,28.995,0.454,74.66,0.737
2001-09-05,29.033,0.451,71.07,1.77
2001-09-06,28.966,0.228,68.04,1.78
2001-09-07,29.075,0.099,67.33,1.256
2001-09-08,29.026,0.137,69.27,1.55
2001-09-09,29.524,0.05,65.25,1.986
2001-09-10,29.1,0.002,60.29,1.392
2001-09-11,29.602,0.199,59.82,1.263
2001-09-12,29.267,0.144,64.02,0.965
2001-09-13,29.191,0.071,64.15,0.586
2001-09-14,28.036,1.006,73.42,0.619
2001-09-15,27.896,0.004,64.73,3.016
2001-09-16,27.728,0.0,62.85,2.652
2001-09-17,27.784,0.001,58.52,2.429
2001-09-18,28.173,0.001,58.51,1.341
2001-09-19,28.99,0.0,53.57,1.349
2001-09-20,28.773,0.0,47.67,1.612
2001-09-21,28.774,0.001,46.63,2.124
2001-09-22,28.366,0.001,54.12,1.837
2001-09-23,28.541,0.0,53.59,1.025
2001-09-24,28.488,0.002,51.38,0.723
2001-09-25,28.086,0.0,55.84,1.055
2001-09-26,27.489,0.002,49.92,1.622
2001-09-27,27.672,0.0,48.23,2.311
2001-09-28,27.766,0.001,51.0,0.956
2001-09-29,28.544,0.054,57.02,2.152
2001-09-30,27.616,4.884,73.21,2.208
2001-10-01,27.439,4.832,77.07,2.239
2001-10-02,27.048,0.87,75.01,2.466
2001-10-03,26.985,0.703,72.53,1.876
2001-10-04,26.778,0.566,75.01,1.226
2001-10-05,27.066,0.007,60.27,1.781
2001-10-06,27.093,0.001,57.32,1.154
2001-10-07,27.177,0.003,52.09,0.588
2001-10-08,26.46,0.001,51.83,0.563
2001-10-09,26.874,0.001,50.7,1.395
2001-10-10,27.213,0.001,50.39,0.654
2001-10-11,27.514,0.003,50.72,2.237
2001-10-12,26.331,0.766,67.57,0.897
2001-10-13,27.14,0.012,57.9,1.312
2001-10-14,25.627,0.0,43.31,2.23
2001-10-15,24.19,0.003,42.97,1.707
2001-10-16,23.877,0.001,45.04,2.057
2001-10-17,23.492,0.003,44.5,2.222
2001-10-18,23.931,0.002,46.36,1.427
2001-10-19,24.395,0.0,47.93,0.532
2001-10-20,24.07,0.0,53.61,0.505
2001-10-21,24.143,0.0,58.37,1.329
2001-10-22,24.831,0.0,58.55,0.684
2001-10-23,24.824,0.001,56.03,1.83
2001-10-24,24.615,0.002,55.63,1.951
2001-10-25,24.991,0.001,55.39,0.208
2001-10-26,24.51,0.001,58.6,0.732
2001-10-27,24.585,0.0,60.94,1.63
2001-10-28,24.773,0.001,61.26,1.118
2001-10-29,24.785,0.0,61.04,1.243
2001-10-30,25.277,0.0,56.1,0.5
2001-10-31,25.275,0.001,57.13,1.4
2001-11-01,25.366,0.0,56.22,1.506
2001-11-02,25.924,0.002,49.35,1.157
2001-11-03,25.283,0.001,46.54,2.605
2001-11-04,23.416,0.002,49.61,1.467
2001-11-05,22.101,0.014,51.76,0.821
2001-11-06,19.623,1.267,66.85,2.365
2001-11-07,20.239,0.001,50.75,2.009
2001-11-08,19.738,0.0,47.09,2.335
2001-11-09,19.174,0.002,44.21,2.133
2001-11-10,18.825,0.002,46.66,1.516
2001-11-11,19.224,0.001,48.11,2.096
2001-11-12,20.023,0.002,43.4,3.108
2001-11-13,19.309,0.0,47.42,2.205
2001-11-14,20.329,0.002,49.06,0.153
2001-11-15,20.969,0.0,53.76,0.134
2001-11-16,20.461,0.001,60.19,0.477
2001-11-17,19.776,0.0,59.63,2.067
2001-11-18,19.354,0.001,54.47,2.627
2001-11-19,18.976,0.001,53.9,0.833
2001-11-20,18.27,0.0,55.64,1.248
2001-11-21,18.349,0.002,56.79,1.591
2001-11-22,18.546,0.0,58.28,2.017
2001-11-23,18.256,0.0,53.43,2.779
2001-11-24,17.94,0.001,55.29,0.136
2001-11-25,17.787,0.001,56.33,1.391
2001-11-26,17.224,0.0,57.5,1.616
2001-11-27,17.333,0.003,58.59,1.585
2001-11-28,16.858,-0.0,54.32,2.436
2001-11-29,16.78,0.001,52.23,2.532
2001-11-30,17.689,0.0,47.05,4.057
2001-12-01,17.895,0.0,47.83,3.872
2001-12-02,17.544,0.0,49.64,3.558
2001-12-03,17.418,0.001,50.91,2.44
2001-12-04,17.94,0.002,56.1,2.307
2001-12-05,17.899,0.001,55.0,3.037
2001-12-06,17.276,0.001,48.47,2.923
2001-12-07,17.681,0.001,53.33,2.346
2001-12-08,17.261,0.003,54.76,2.767
2001-12-09,16.606,0.0,49.52,1.256
2001-12-10,17.304,0.08,53.73,3.304
2001-12-11,16.549,0.05,67.18,3.066
2001-12-12,16.728,0.0,67.9,2.332
2001-12-13,15.879,0.001,60.08,2.728
2001-12-14,15.625,0.002,61.12,0.737
2001-12-15,15.034,1.559,77.4,1.422
2001-12-16,15.554,0.001,70.69,2.25
2001-12-17,15.16,0.003,70.1,2.384
2001-12-18,15.376,0.088,64.94,2.048
2001-12-19,14.961,0.115,67.16,2.354
2001-12-20,13.916,0.0,65.43,3.151
2001-12-21,12.692,0.0,61.76,2.547
2001-12-22,12.751,0.001,65.71,1.67
2001-12-23,13.037,0.001,67.73,1.991
2001-12-24,12.971,0.0,68.79,1.64
2001-12-25,13.637,0.002,69.53,0.68
2001-12-26,13.463,0.002,70.34,1.125
2001-12-27,13.337,0.001,71.28,1.58
2001-12-28,11.398,0.075,82.55,1.926
2001-12-29,9.273,0.163,92.37,2.117
2001-12-30,10.173,0.001,85.11,2.404
2001-12-31,11.675,0.001,77.28,2.671
2002-01-01,10.732,0.0,84.59,1.495
2002-01-02,10.233,0.001,86.33,1.608
2002-01-03,10.656,0.001,87.69,1.47
2002-01-04,10.992,0.083,83.77,1.048
2002-01-05,12.556,0.003,76.3,1.27
2002-01-06,12.942,0.0,76.53,1.058
2002-01-07,13.455,0.003,74.72,1.861
2002-01-08,13.436,0.0,74.42,1.983
2002-01-09,12.77,0.002,73.99,2.164
2002-01-10,13.389,0.001,72.8,2.757
2002-01-11,15.042,0.001,62.8,4.422
2002-01-12,15.6,0.004,66.19,2.225
2002-01-13,16.066,0.062,69.49,3.065
2002-01-14,16.708,0.656,67.48,3.424
2002-01-15,15.028,14.338,85.91,3.48
2002-01-16,14.255,0.458,83.33,0.709
2002-01-17,13.337,3.446,86.66,1.438
2002-01-18,12.751,4.183,89.06,1.165
2002-01-19,12.33,0.755,85.62,0.992
2002-01-20,11.531,0.005,75.38,1.559
2002-01-21,10.984,0.0,65.9,2.24
2002-01-22,10.78,0.001,74.02,1.942
2002-01-23,11.717,-0.0,66.46,2.953
2002-01-24,12.202,0.0,60.15,3.053
2002-01-25,13.724,0.109,65.28,0.987
2002-01-26,13.299,0.928,74.22,1.885
2002-01-27,11.623,1.432,80.97,1.098
2002-01-28,10.945,0.002,77.05,1.835
2002-01-29,11.564,0.001,67.93,2.194
2002-01-30,11.928,0.002,62.21,2.567
2002-01-31,11.871,0.001,58.85,2.203
2002-02-01,12.439,0.001,58.03,2.567
2002-02-02,13.38,0.0,58.87,2.839
2002-02-03,12.911,0.001,56.01,3.787
2002-02-04,12.346,0.003,59.33,1.817
2002-02-05,13.285,0.238,61.65,2.088
2002-02-06,15.522,0.13,64.33,2.732
2002-02-07,13.572,16.997,89.96,1.533
2002-02-08,13.208,6.8,87.1,0.244
2002-02-09,10.558,0.002,60.73,2.869
2002-02-10,11.926,0.286,64.89,1.741
2002-02-11,13.107,10.195,86.43,1.987
2002-02-12,13.609,0.499,82.53,0.715
2002-02-13,13.731,0.0,72.64,3.271
2002-02-14,13.761,0.001,67.23,2.824
2002-02-15,15.091,0.0,68.11,2.41
2002-02-16,16.38,0.003,72.56,0.207
2002-02-17,17.25,0.001,77.33,1.944
2002-02-18,18.506,0.002,72.4,1.491
2002-02-19,18.196,0.001,64.5,2.72
2002-02-20,17.844,0.004,62.78,0.96
2002-02-21,18.14,0.015,64.96,0.704
2002-02-22,19.774,6.481,66.54,2.3
2002-02-23,18.069,1.06,68.57,2.376
2002-02-24,17.457,1.562,70.29,1.347
2002-02-25,16.215,0.006,67.81,1.376
2002-02-26,16.963,0.104,57.78,2.564
2002-02-27,16.911,0.002,64.6,2.956
2002-02-28,18.345,0.067,61.33,1.747
2002-03-01,19.005,0.32,65.56,3.059
2002-03-02,15.683,5.85,83.57,1.603
2002-03-03,16.021,0.002,66.68,3.11
2002-03-04,16.609,0.002,60.46,3.697
2002-03-05,17.367,0.001,55.77,2.915
2002-03-06,17.611,0.001,54.38,2.624
2002-03-07,18.884,0.002,48.85,1.195
2002-03-08,20.416,0.01,48.56,3.448
2002-03-09,21.008,0.654,54.2,3.308
2002-03-10,20.921,0.128,60.9,1.554
2002-03-11,19.552,0.001,52.61,3.732
2002-03-12,20.467,0.001,52.1,2.961
2002-03-13,20.707,0.002,49.19,2.617
2002-03-14,20.64,0.0,47.24,2.46
2002-03-15,21.295,0.0,46.44,2.79
2002-03-16,22.533,0.001,46.79,2.66
2002-03-17,23.692,0.001,46.4,1.609
2002-03-18,24.775,0.0,43.48,2.001
2002-03-19,24.935,0.001,48.87,1.676
2002-03-20,26.077,0.0,43.79,0.72
2002-03-21,24.509,1.768,51.8,1.018
2002-03-22,24.68,0.001,48.22,2.089
2002-03-23,25.166,0.02,44.05,2.33
2002-03-24,26.131,0.647,40.29,2.335
2002-03-25,24.605,0.816,41.4,2.273
2002-03-26,24.604,0.0,38.08,2.291
2002-03-27,24.473,0.0,38.41,2.251
2002-03-28,24.625,0.001,32.92,2.602
2002-03-29,25.691,0.001,31.73,2.704
2002-03-30,26.982,0.0,30.91,1.801
2002-03-31,28.28,0.138,30.58,1.704
2002-04-01,26.909,0.522,34.37,2.818
2002-04-02,25.944,0.054,30.16,1.568
2002-04-03,25.371,0.0,26.83,2.41
2002-04-04,26.596,0.002,29.31,1.483
2002-04-05,28.086,0.002,34.89,2.515
2002-04-06,28.551,1.045,38.24,1.329
2002-04-07,27.636,0.953,37.41,2.407
2002-04-08,26.457,1.429,39.2,2.97
2002-04-09,26.001,0.032,32.79,2.758
2002-04-10,26.236,0.004,29.4,2.498
2002-04-11,26.974,0.0,30.77,0.611
2002-04-12,28.421,0.0,30.18,0.165
2002-04-13,29.158,0.0,32.64,0.73
2002-04-14,30.408,0.003,31.65,1.372
2002-04-15,31.055,0.0,30.53,0.98
2002-04-16,31.381,0.0,27.72,1.757
2002-04-17,31.074,0.001,28.24,2.854
2002-04-18,31.573,0.0,19.86,3.581
2002-04-19,31.651,0.001,19.42,2.97
2002-04-20,32.431,0.002,18.56,2.302
2002-04-21,32.962,0.001,18.03,2.35
2002-04-22,33.593,0.006,18.73,1.622
2002-04-23,33.053,0.059,30.59,3.611
2002-04-24,31.904,0.548,40.27,5.199
2002-04-25,27.043,8.136,55.8,4.202
2002-04-26,27.139,0.001,37.03,2.537
2002-04-27,30.308,0.056,27.55,0.839
2002-04-28,29.886,0.062,32.76,2.917
2002-04-29,29.457,0.001,19.67,2.294
2002-04-30,30.676,0.001,16.91,0.9
2002-05-01,30.955,1.238,31.54,2.896
2002-05-02,30.454,1.285,33.23,1.155
2002-05-03,32.398,0.001,22.48,2.958
2002-05-04,33.588,0.001,20.18,3.683
2002-05-05,33.459,0.001,22.76,1.024
2002-05-06,32.953,0.318,29.97,2.55
2002-05-07,32.618,0.475,40.71,2.01
2002-05-08,34.589,0.001,21.15,3.091
2002-05-09,35.905,0.001,17.55,4.232
2002-05-10,36.248,0.0,17.6,4.293
2002-05-11,35.647,0.0,13.88,2.864
2002-05-12,35.116,0.001,18.08,0.446
2002-05-13,35.503,0.96,39.1,2.562
2002-05-14,35.648,0.631,41.68,1.743
2002-05-15,35.863,0.002,39.71,0.926
2002-05-16,35.083,0.001,37.97,0.465
2002-05-17,35.362,0.002,21.97,1.66
2002-05-18,35.721,-0.0,14.74,2.149
2002-05-19,35.012,0.0,21.98,1.4
2002-05-20,33.912,0.0,20.09,1.34
2002-05-21,34.012,0.001,13.29,2.453
2002-05-22,35.078,0.001,12.5,3.568
2002-05-23,34.974,2.644,24.83,1.474
2002-05-24,35.54,0.254,25.99,0.568
2002-05-25,32.395,1.118,46.94,4.653
2002-05-26,31.443,0.233,48.21,3.073
2002-05-27,30.978,11.075,51.8,0.864
2002-05-28,29.144,4.823,60.32,2.192
2002-05-29,27.956,11.681,62.39,1.701
2002-05-30,29.507,0.081,58.05,0.225
2002-05-31,30.351,0.208,54.37,0.238
2002-06-01,29.987,2.751,57.15,0.177
2002-06-02,31.217,0.048,48.96,0.614
2002-06-03,31.702,0.174,46.72,1.363
2002-06-04,32.519,0.0,43.8,0.758
2002-06-05,33.733,0.734,42.18,0.434
2002-06-06,33.588,0.707,47.14,0.19
2002-06-07,33.424,0.341,50.78,0.748
2002-06-08,34.99,0.001,41.79,0.641
2002-06-09,34.664,0.001,46.76,2.176
2002-06-10,35.083,0.0,36.66,0.932
2002-06-11,34.796,0.003,44.8,2.81
2002-06-12,32.65,0.261,55.93,3.393
2002-06-13,34.237,0.292,46.8,1.729
2002-06-14,34.502,0.338,42.65,0.454
2002-06-15,34.702,0.142,44.16,1.027
2002-06-16,33.788,0.149,49.32,2.221
2002-06-17,33.053,0.654,52.93,0.461
2002-06-18,33.674,0.05,49.44,3.396
2002-06-19,31.827,3.147,58.67,2.791
2002-06-20,33.91,0.289,50.16,2.665
2002-06-21,34.496,1.157,48.02,2.358
2002-06-22,35.201,0.029,43.32,0.82
2002-06-23,34.59,2.085,53.52,4.05
2002-06-24,30.718,1.649,68.29,3.796
2002-06-25,33.664,0.07,53.52,2.868
2002-06-26,32.786,0.536,58.04,4.109
2002-06-27,31.254,0.136,61.63,4.068
2002-06-28,31.283,1.261,63.08,3.448
2002-06-29,31.78,6.116,66.47,2.05
2002-06-30,33.267,3.272,53.59,0.219
2002-07-01,35.645,0.162,43.24,3.255
2002-07-02,35.522,0.198,44.78,2.838
2002-07-03,34.997,0.152,47.65,0.981
2002-07-04,33.848,0.692,53.53,0.773
2002-07-05,32.63,1.685,58.56,1.374
2002-07-06,34.183,0.418,49.39,2.687
2002-07-07,34.959,0.127,44.9,3.537
2002-07-08,36.165,0.007,36.32,4.208
2002-07-09,36.177,0.003,36.57,4.558
2002-07-10,35.743,0.0,35.45,4.815
2002-07-11,35.608,0.027,35.59,4.225
2002-07-12,35.823,0.644,37.4,3.762
2002-07-13,35.693,0.175,38.89,4.157
2002-07-14,36.169,0.006,33.96,4.267
2002-07-15,35.566,0.011,37.46,3.794
2002-07-16,35.32,0.027,40.74,1.598
2002-07-17,33.67,0.8,55.18,2.587
2002-07-18,31.849,6.429,66.23,2.228
2002-07-19,31.723,2.097,68.65,2.376
2002-07-20,32.979,2.197,58.13,0.176
2002-07-21,34.012,0.036,46.64,3.025
2002-07-22,33.339,0.045,48.68,3.02
2002-07-23,32.318,1.991,54.8,3.852
2002-07-24,33.137,0.368,51.23,3.474
2002-07-25,33.702,0.113,50.17,2.962
2002-07-26,33.64,0.052,49.01,2.983
2002-07-27,34.06,0.34,47.9,2.549
2002-07-28,33.836,0.57,49.2,1.759
2002-07-29,34.263,0.137,47.85,1.875
2002-07-30,34.032,0.198,47.83,1.076
2002-07-31,33.185,1.409,54.5,0.881
2002-08-01,31.609,0.73,65.33,2.299
2002-08-02,32.121,1.324,64.1,2.48
2002-08-03,29.683,6.104,76.38,3.361
2002-08-04,26.577,6.946,91.43,3.424
2002-08-05,30.019,0.433,70.95,2.962
2002-08-06,29.635,3.42,75.83,2.888
2002-08-07,31.189,1.05,65.25,2.084
2002-08-08,31.967,13.136,66.19,1.444
2002-08-09,31.018,1.364,72.66,1.254
2002-08-10,30.34,5.355,75.93,0.177
2002-08-11,29.924,4.126,70.72,1.143
2002-08-12,26.909,87.343,88.65,1.064
2002-08-13,26.696,34.113,88.81,2.315
2002-08-14,27.111,1.759,85.74,2.04
2002-08-15,28.231,1.803,83.98,0.808
2002-08-16,29.427,0.316,76.4,1.63
2002-08-17,29.999,0.589,78.9,0.084
2002-08-18,29.651,1.43,78.72,2.009
2002-08-19,29.693,0.759,79.2,1.236
2002-08-20,30.413,0.818,74.94,1.418
2002-08-21,27.992,0.932,81.03,3.398
2002-08-22,27.186,2.239,79.68,3.142
2002-08-23,28.227,1.168,79.08,2.329
2002-08-24,28.814,0.56,73.87,3.306
2002-08-25,28.759,0.514,72.59,4.158
2002-08-26,28.592,0.948,75.52,2.711
2002-08-27,29.062,1.262,70.0,1.94
2002-08-28,28.817,10.611,74.06,1.659
2002-08-29,26.442,10.169,88.82,1.6
2002-08-30,28.689,1.455,81.77,1.743
2002-08-31,29.116,1.061,77.36,2.045
2002-09-01,27.77,2.759,81.97,2.408
2002-09-02,28.63,0.559,78.29,2.073
2002-09-03,27.532,2.193,80.87,2.074
2002-09-04,26.699,1.168,82.62,3.002
2002-09-05,26.481,1.034,80.98,2.75
2002-09-06,25.469,4.908,77.85,2.943
2002-09-07,22.908,23.194,86.32,2.787
2002-09-08,24.782,0.755,83.59,0.778
2002-09-09,26.951,0.102,76.75,1.349
2002-09-10,26.436,1.274,76.56,1.151
2002-09-11,25.103,0.635,78.31,2.708
2002-09-12,23.425,116.636,91.74,2.272
2002-09-13,23.875,76.544,94.32,1.899
2002-09-14,25.891,4.202,87.31,2.076
2002-09-15,25.563,10.216,87.51,1.449
2002-09-16,25.516,3.522,87.14,0.304
2002-09-17,26.301,1.125,83.08,1.113
2002-09-18,25.414,2.123,83.16,0.331
2002-09-19,25.377,0.402,82.27,1.382
2002-09-20,25.947,0.0,76.03,2.816
2002-09-21,26.182,0.003,76.14,1.639
2002-09-22,26.195,0.315,82.31,1.441
2002-09-23,25.9,0.96,85.44,0.948
2002-09-24,26.329,0.069,79.59,0.377
2002-09-25,26.654,0.148,74.4,1.45
2002-09-26,26.151,0.001,67.28,3.004
2002-09-27,25.665,0.0,68.0,1.594
2002-09-28,25.58,0.001,70.74,1.332
2002-09-29,25.586,0.002,66.37,2.074
2002-09-30,25.013,0.0,64.08,2.311
2002-10-01,24.45,0.001,64.01,1.982
2002-10-02,25.339,0.002,61.45,2.059
2002-10-03,25.811,0.001,59.83,1.142
2002-10-04,25.514,0.001,60.67,0.321
2002-10-05,25.649,0.001,57.92,1.112
2002-10-06,25.198,0.001,66.22,1.834
2002-10-07,25.602,0.003,66.39,1.964
2002-10-08,25.31,0.001,70.93,2.139
2002-10-09,25.594,0.002,68.23,1.624
2002-10-10,25.629,0.168,71.76,1.82
2002-10-11,25.479,0.166,70.11,1.461
2002-10-12,24.772,0.418,74.33,2.628
2002-10-13,24.66,0.015,69.0,2.33
2002-10-14,24.314,0.001,66.96,1.381
2002-10-15,24.983,0.0,61.21,0.735
2002-10-16,24.975,0.0,61.12,0.566
2002-10-17,25.103,0.0,60.19,0.668
2002-10-18,24.414,0.003,63.48,0.667
2002-10-19,24.211,0.0,65.36,0.941
2002-10-20,24.437,0.039,64.37,0.577
2002-10-21,24.908,0.0,63.14,0.557
2002-10-22,24.181,0.078,53.53,1.702
2002-10-23,22.732,0.0,52.95,1.521
2002-10-24,22.15,0.001,53.2,2.047
2002-10-25,22.436,0.001,51.98,2.601
2002-10-26,23.019,0.001,55.57,1.725
2002-10-27,23.122,0.0,56.39,1.588
2002-10-28,22.363,0.0,58.36,0.798
2002-10-29,23.346,0.0,59.65,1.484
2002-10-30,23.102,0.001,64.96,2.181
2002-10-31,23.101,0.124,61.63,0.441
2002-11-01,22.474,0.0,58.16,0.81
2002-11-02,22.302,0.056,54.8,0.999
2002-11-03,21.984,0.001,59.55,1.511
2002-11-04,22.026,0.001,61.3,0.931
2002-11-05,22.137,0.001,60.16,0.725
2002-11-06,21.251,0.02,66.23,1.566
2002-11-07,21.161,0.054,64.13,0.765
2002-11-08,21.288,0.001,63.17,1.467
2002-11-09,20.818,0.002,60.16,1.349
2002-11-10,20.477,0.001,56.7,1.808
2002-11-11,20.646,0.0,58.31,1.845
2002-11-12,19.872,0.181,62.06,2.689
2002-11-13,19.607,0.076,62.31,2.626
2002-11-14,19.361,0.002,57.18,3.152
2002-11-15,19.592,0.002,57.0,1.999
2002-11-16,20.452,0.0,56.87,2.871
2002-11-17,20.688,0.003,61.3,2.529
2002-11-18,20.349,0.0,58.3,2.163
2002-11-19,20.926,0.0,54.02,1.89
2002-11-20,19.233,0.0,47.47,2.249
2002-11-21,18.027,0.002,51.14,1.351
2002-11-22,18.055,0.0,49.82,2.276
2002-11-23,18.42,0.0,46.72,2.507
2002-11-24,18.576,0.001,50.64,2.399
2002-11-25,18.155,0.002,47.8,2.667
2002-11-26,17.3,0.0,48.64,2.229
2002-11-27,16.895,0.003,49.2,2.078
2002-11-28,16.91,0.001,51.58,2.123
2002-11-29,16.491,0.002,51.8,2.835
2002-11-30,15.845,0.001,55.92,2.19
2002-12-01,16.287,0.003,50.79,2.917
2002-12-02,15.748,0.0,52.56,2.035
2002-12-03,15.823,0.0,52.92,0.317
2002-12-04,15.538,0.0,53.68,0.589
2002-12-05,14.78,0.003,59.05,1.029
2002-12-06,15.735,0.0,62.63,1.988
2002-12-07,16.692,0.001,54.2,2.242
2002-12-08,16.462,0.001,45.45,2.918
2002-12-09,14.788,0.001,43.5,3.413
2002-12-10,14.262,0.001,46.43,1.806
2002-12-11,13.789,0.0,56.96,0.894
2002-12-12,14.424,0.002,59.96,1.833
2002-12-13,15.768,0.0,57.62,2.63
2002-12-14,16.862,0.001,55.09,2.906
2002-12-15,17.425,0.0,58.52,2.48
2002-12-16,17.424,0.003,66.5,0.547
2002-12-17,17.594,0.002,66.87,2.328
2002-12-18,17.546,0.001,64.73,1.053
2002-12-19,18.065,0.0,66.16,1.406
2002-12-20,18.104,0.0,65.82,2.288
2002-12-21,17.405,0.002,54.12,3.549
2002-12-22,15.838,0.002,62.21,1.795
2002-12-23,15.727,0.003,66.74,2.242
2002-12-24,14.972,1.293,75.3,1.645
2002-12-25,15.251,0.095,75.17,1.116
2002-12-26,14.139,0.084,75.42,2.029
2002-12-27,13.586,0.001,69.48,3.621
2002-12-28,12.903,0.003,63.58,3.355
2002-12-29,12.308,0.003,64.31,1.279
2002-12-30,13.392,0.62,65.84,1.677
2002-12-31,10.535,12.563,89.58,1.924
2003-01-01,10.268,0.006,86.05,1.36
2003-01-02,11.57,0.084,81.07,0.613
2003-01-03,11.842,0.363,77.47,2.126
2003-01-04,11.663,0.0,77.96,3.166
2003-01-05,11.311,0.0,77.16,2.109
2003-01-06,10.315,0.0,80.85,0.597
2003-01-07,9.666,0.001,79.78,2.671
2003-01-08,10.315,0.002,81.33,2.926
2003-01-09,8.622,0.001,85.65,1.648
2003-01-10,9.331,0.001,84.56,2.772
2003-01-11,10.07,0.001,75.68,2.624
2003-01-12,9.931,0.003,76.98,2.456
2003-01-13,10.722,-0.0,77.16,3.075
2003-01-14,10.667,0.001,76.24,2.738
2003-01-15,9.967,0.001,79.16,1.314
2003-01-16,10.652,0.0,81.5,2.302
2003-01-17,9.377,0.076,91.63,1.27
2003-01-18,8.998,0.153,91.91,0.596
2003-01-19,8.491,0.108,89.72,1.167
2003-01-20,8.724,0.132,89.03,1.998
2003-01-21,9.386,0.005,85.84,2.533
2003-01-22,11.102,0.002,78.39,2.855
2003-01-23,12.897,0.001,77.64,2.598
2003-01-24,13.203,0.001,76.08,2.427
2003-01-25,13.708,0.0,70.33,1.746
2003-01-26,15.468,0.001,67.55,1.253
2003-01-27,16.367,7.164,77.27,2.016
2003-01-28,15.051,8.27,85.97,1.068
2003-01-29,13.945,0.082,82.88,1.741
2003-01-30,13.431,8.708,80.11,0.998
2003-01-31,12.692,27.102,90.73,2.803
2003-02-01,13.584,0.741,81.5,0.339
2003-02-02,13.296,0.256,84.3,1.775
2003-02-03,12.976,0.004,78.2,2.034
2003-02-04,13.002,0.001,79.19,2.364
2003-02-05,13.094,0.0,75.84,2.499
2003-02-06,13.696,0.001,74.44,0.742
2003-02-07,15.133,0.1,77.02,1.205
2003-02-08,15.282,0.481,81.07,1.478
2003-02-09,14.246,0.001,74.11,1.896
2003-02-10,13.748,0.0,74.75,1.532
2003-02-11,14.251,0.0,75.63,2.098
2003-02-12,14.579,0.001,72.35,2.922
2003-02-13,14.838,0.01,63.82,3.382
2003-02-14,15.327,0.001,69.86,2.788
2003-02-15,16.714,0.001,67.2,0.585
2003-02-16,18.865,0.081,65.08,3.517
2003-02-17,17.713,5.694,73.85,5.619
2003-02-18,16.798,59.573,88.73,6.452
2003-02-19,14.122,5.005,84.57,1.765
2003-02-20,13.348,0.007,78.74,1.884
2003-02-21,14.767,0.001,73.5,4.195
2003-02-22,15.643,0.001,75.89,2.741
2003-02-23,16.363,0.003,81.49,0.963
2003-02-24,17.722,0.002,78.19,2.626
2003-02-25,18.254,0.001,76.12,3.232
2003-02-26,18.874,0.002,77.12,2.042
2003-02-27,20.017,0.017,75.2,0.164
2003-02-28,20.636,6.605,79.37,2.427
2003-03-01,21.419,0.638,73.94,4.674
2003-03-02,20.981,0.68,72.37,3.428
2003-03-03,14.227,0.041,47.69,2.088
2003-03-04,12.611,0.0,52.14,4.725
2003-03-05,13.457,0.002,51.91,4.292
2003-03-06,15.397,0.0,56.04,3.448
2003-03-07,16.326,0.001,52.54,3.993
2003-03-08,16.362,0.001,53.54,3.315
2003-03-09,18.935,0.004,56.96,1.91
2003-03-10,20.032,0.004,58.66,3.423
2003-03-11,18.74,0.003,67.35,0.436
2003-03-12,19.362,0.002,60.04,0.746
2003-03-13,20.276,0.001,62.9,1.151
2003-03-14,21.113,0.0,55.02,3.166
2003-03-15,21.393,0.032,60.13,0.879
2003-03-16,21.885,0.382,55.12,3.05
2003-03-17,22.005,0.0,50.7,0.685
2003-03-18,21.698,0.002,48.56,1.809
2003-03-19,21.967,0.005,47.41,3.149
2003-03-20,22.863,0.0,45.99,4.105
2003-03-21,23.165,0.002,50.05,1.937
2003-03-22,24.335,0.0,52.79,0.958
2003-03-23,24.767,0.108,54.59,2.109
2003-03-24,24.693,0.148,51.39,1.859
2003-03-25,23.088,1.418,59.44,1.1
2003-03-26,23.828,0.001,58.32,1.94
2003-03-27,24.528,0.001,51.47,1.441
2003-03-28,25.987,0.027,47.1,2.196
2003-03-29,24.747,1.243,54.34,3.22
2003-03-30,23.78,0.996,60.87,1.347
2003-03-31,25.152,0.001,47.17,4.367
2003-04-01,25.925,0.003,40.01,4.672
2003-04-02,26.814,0.009,32.04,1.95
2003-04-03,26.826,0.471,34.45,2.661
2003-04-04,25.06,2.485,45.71,4.252
2003-04-05,24.431,0.003,42.07,1.571
2003-04-06,25.126,0.002,33.3,2.82
2003-04-07,26.031,0.002,30.26,3.195
2003-04-08,26.694,0.002,31.45,2.16
2003-04-09,28.167,0.0,32.47,0.625
2003-04-10,29.464,0.003,28.51,0.998
2003-04-11,30.39,0.063,24.49,1.947
2003-04-12,30.758,0.003,21.48,3.489
2003-04-13,30.815,0.032,22.77,3.226
2003-04-14,29.841,0.002,23.82,1.158
2003-04-15,30.847,0.055,25.66,0.291
2003-04-16,28.836,1.124,35.72,0.975
2003-04-17,28.962,0.002,29.43,2.822
2003-04-18,30.815,0.002,23.7,0.76
2003-04-19,27.86,3.98,36.98,1.062
2003-04-20,27.66,0.001,26.96,1.424
2003-04-21,28.168,0.0,24.06,2.533
2003-04-22,29.214,0.002,21.89,3.43
2003-04-23,31.211,0.001,23.11,3.305
2003-04-24,31.96,0.001,23.52,0.997
2003-04-25,32.485,0.0,20.94,2.354
2003-04-26,31.938,1.149,27.0,1.261
2003-04-27,26.716,1.922,45.06,2.712
2003-04-28,27.542,0.675,43.12,1.533
2003-04-29,29.237,0.0,33.28,1.996
2003-04-30,30.429,0.0,34.82,3.005
2003-05-01,31.838,0.014,36.28,4.569
2003-05-02,31.81,0.015,30.32,5.014
2003-05-03,28.649,0.0,14.86,1.64
2003-05-04,26.782,0.001,22.34,1.233
2003-05-05,28.451,0.0,17.13,1.236
2003-05-06,29.601,0.0,13.16,1.833
2003-05-07,29.852,0.001,13.43,1.863
2003-05-08,29.438,0.0,16.54,0.729
2003-05-09,30.365,0.001,18.68,0.413
2003-05-10,31.632,0.008,21.95,0.872
2003-05-11,31.257,0.812,26.62,1.945
2003-05-12,31.518,0.414,31.27,2.788
2003-05-13,31.381,1.129,34.27,2.655
2003-05-14,31.263,0.158,33.54,0.956
2003-05-15,32.112,0.001,21.42,3.079
2003-05-16,32.201,0.001,17.81,3.768
2003-05-17,33.268,0.001,17.69,2.307
2003-05-18,33.698,0.001,18.63,0.95
2003-05-19,34.361,0.206,17.0,2.104
2003-05-20,33.719,0.755,26.25,0.81
2003-05-21,35.23,0.147,19.34,2.296
2003-05-22,33.57,0.699,30.71,0.702
2003-05-23,30.646,5.949,48.55,0.722
2003-05-24,30.916,0.259,48.41,1.448
2003-05-25,30.527,0.471,40.44,2.502
2003-05-26,31.466,0.025,33.77,3.344
2003-05-27,32.199,0.002,27.35,2.988
2003-05-28,32.592,0.017,19.51,3.255
2003-05-29,33.397,0.002,17.27,3.67
2003-05-30,34.572,0.0,18.06,4.187
2003-05-31,35.779,0.001,18.02,3.59
2003-06-01,35.52,0.001,19.33,2.74
2003-06-02,36.396,0.0,18.63,2.998
2003-06-03,37.5,0.03,17.88,3.008
2003-06-04,37.683,0.373,21.88,2.906
2003-06-05,35.777,0.844,29.6,0.827
2003-06-06,36.96,0.253,26.37,2.962
2003-06-07,36.252,0.01,31.58,0.358
2003-06-08,34.69,0.024,46.4,2.859
2003-06-09,34.789,0.001,42.19,2.3
2003-06-10,35.547,0.0,34.22,1.893
2003-06-11,35.707,0.0,33.33,1.289
2003-06-12,36.156,0.008,30.05,1.941
2003-06-13,35.896,-0.0,23.56,1.547
2003-06-14,35.647,0.0,24.87,1.112
2003-06-15,35.261,0.001,34.75,1.45
2003-06-16,35.395,0.002,38.67,2.396
2003-06-17,34.496,0.263,46.71,3.0
2003-06-18,32.112,0.959,57.51,1.434
2003-06-19,29.749,13.952,70.27,1.036
2003-06-20,30.362,1.046,68.54,2.111
2003-06-21,31.874,0.199,60.56,1.142
2003-06-22,32.483,5.576,59.84,1.874
2003-06-23,30.331,1.774,70.81,2.678
2003-06-24,30.295,5.7,70.68,1.527
2003-06-25,30.093,7.236,68.83,1.983
2003-06-26,30.351,6.636,69.92,0.916
2003-06-27,30.732,3.601,68.15,0.771
2003-06-28,32.302,0.293,60.94,0.531
2003-06-29,31.824,5.551,61.23,0.604
2003-06-30,30.766,2.083,65.81,1.176
2003-07-01,31.476,0.965,65.15,1.252
2003-07-02,29.96,0.392,70.7,3.481
2003-07-03,31.521,0.588,65.1,2.67
2003-07-04,31.832,16.194,65.83,4.011
2003-07-05,27.576,17.634,82.76,3.606
2003-07-06,26.836,18.051,87.88,2.597
2003-07-07,28.041,20.127,84.52,0.693
2003-07-08,28.58,12.33,82.82,1.661
2003-07-09,27.521,23.093,85.58,0.921
2003-07-10,25.286,24.744,89.52,3.327
2003-07-11,24.902,19.229,83.14,3.979
2003-07-12,25.38,17.104,89.91,2.827
2003-07-13,26.633,8.549,88.12,2.545
2003-07-14,28.427,0.842,79.18,3.17
2003-07-15,28.3,7.121,79.88,3.764
2003-07-16,28.467,3.728,80.63,3.699
2003-07-17,28.641,16.777,81.26,2.887
2003-07-18,27.397,9.974,89.15,1.729
2003-07-19,28.559,3.535,83.1,0.766
2003-07-20,28.259,24.939,86.81,0.66
2003-07-21,25.858,58.458,92.64,1.963
2003-07-22,27.032,27.955,88.92,1.363
2003-07-23,28.258,7.302,85.45,1.586
2003-07-24,29.78,1.585,80.85,1.68
2003-07-25,30.587,10.537,77.53,0.975
2003-07-26,28.994,0.89,83.15,1.681
2003-07-27,29.438,9.0,78.6,3.149
2003-07-28,28.986,3.355,76.64,5.43
2003-07-29,28.152,0.971,77.75,2.183
2003-07-30,27.077,1.321,81.31,5.105
2003-07-31,27.527,4.883,80.82,2.938
2003-08-01,26.585,18.777,90.32,0.884
2003-08-02,26.743,15.479,87.87,1.568
2003-08-03,26.376,12.228,90.39,2.153
2003-08-04,26.828,6.556,86.72,1.771
2003-08-05,28.302,18.701,82.63,0.463
2003-08-06,28.265,5.472,85.24,0.87
2003-08-07,28.96,6.394,82.76,0.171
2003-08-08,28.904,2.502,83.31,1.085
2003-08-09,28.551,10.439,83.86,0.384
2003-08-10,27.296,8.466,87.72,1.215
2003-08-11,27.539,7.889,85.74,0.825
2003-08-12,28.559,1.786,82.19,1.601
2003-08-13,29.103,1.411,83.19,1.083
2003-08-14,28.109,2.523,87.25,0.234
2003-08-15,26.187,7.718,88.79,0.729
2003-08-16,27.268,15.36,89.42,0.813
2003-08-17,28.887,2.639,84.9,1.113
2003-08-18,29.384,0.638,75.8,1.653
2003-08-19,27.757,3.753,79.99,0.6
2003-08-20,27.73,2.928,83.12,1.138
2003-08-21,28.105,0.894,81.25,0.517
2003-08-22,29.074,0.429,78.51,0.673
2003-08-23,28.509,3.347,83.19,1.684
2003-08-24,28.667,1.397,80.34,3.455
2003-08-25,28.091,2.285,82.68,3.422
2003-08-26,27.755,1.937,84.08,2.543
2003-08-27,28.072,5.329,84.16,2.172
2003-08-28,28.114,5.643,83.92,2.026
2003-08-29,27.221,5.12,88.47,2.053
2003-08-30,27.467,6.09,86.37,1.121
2003-08-31,27.167,4.251,88.68,0.532
2003-09-01,27.749,3.408,87.79,1.55
2003-09-02,27.724,4.519,85.94,0.68
2003-09-03,26.893,10.413,88.53,0.538
2003-09-04,26.637,18.415,87.58,0.271
2003-09-05,26.308,11.933,87.51,0.714
2003-09-06,26.179,22.479,88.33,1.02
2003-09-07,26.518,10.983,86.86,0.957
2003-09-08,26.777,2.015,83.69,2.076
2003-09-09,27.502,0.123,81.72,1.675
2003-09-10,26.069,3.559,90.7,1.4
2003-09-11,24.937,17.219,90.25,0.906
2003-09-12,25.721,1.796,85.63,0.879
2003-09-13,27.401,0.004,77.59,1.104
2003-09-14,27.748,0.274,79.69,1.356
2003-09-15,26.948,7.161,87.51,1.336
2003-09-16,26.732,0.515,84.15,1.235
2003-09-17,26.531,5.467,86.48,0.878
2003-09-18,26.368,1.504,88.01,0.992
2003-09-19,27.734,0.469,83.04,0.839
2003-09-20,28.528,0.296,80.25,0.998
2003-09-21,28.78,1.145,80.94,1.606
2003-09-22,27.739,2.416,84.44,2.391
2003-09-23,26.198,1.127,86.72,3.157
2003-09-24,26.185,0.17,80.84,2.702
2003-09-25,24.862,0.003,77.35,2.496
2003-09-26,25.161,0.003,77.99,1.227
2003-09-27,25.873,0.0,76.67,1.116
2003-09-28,26.064,0.001,73.61,0.525
2003-09-29,25.401,0.002,71.28,1.32
2003-09-30,25.156,0.001,65.81,2.401
2003-10-01,24.156,0.0,54.97,2.9
2003-10-02,23.718,0.0,57.81,2.879
2003-10-03,23.738,0.002,65.03,2.055
2003-10-04,24.563,0.001,61.32,0.966
2003-10-05,23.878,0.001,65.75,0.824
2003-10-06,23.866,0.0,69.69,1.72
2003-10-07,24.41,0.0,69.2,0.922
2003-10-08,25.014,0.002,68.12,0.227
2003-10-09,26.068,0.001,62.69,2.334
2003-10-10,24.446,0.002,57.24,1.666
2003-10-11,24.404,0.001,49.61,1.496
2003-10-12,23.513,0.0,39.3,2.988
2003-10-13,23.636,0.0,39.34,3.382
2003-10-14,24.175,0.0,44.94,3.235
2003-10-15,24.348,0.001,53.37,1.115
2003-10-16,23.98,0.003,52.84,0.725
2003-10-17,23.782,0.001,54.25,0.435
2003-10-18,23.7,0.0,50.78,0.92
2003-10-19,23.249,0.001,48.71,1.544
2003-10-20,23.302,0.0,48.32,2.787
2003-10-21,23.51,0.003,49.6,1.657
2003-10-22,23.904,0.001,50.88,0.572
2003-10-23,23.366,0.0,55.38,0.649
2003-10-24,22.509,0.001,62.77,0.742
2003-10-25,22.339,0.002,62.79,1.248
2003-10-26,22.738,0.003,58.24,0.443
2003-10-27,22.674,0.0,60.49,0.467
2003-10-28,22.786,0.002,62.55,0.858
2003-10-29,22.268,0.0,63.02,1.732
2003-10-30,22.474,0.001,57.48,2.13
2003-10-31,22.462,0.0,61.58,1.834
2003-11-01,22.381,0.001,56.79,1.317
2003-11-02,22.018,0.0,53.79,2.081
2003-11-03,21.772,0.001,55.69,2.192
2003-11-04,21.632,0.002,59.71,0.175
2003-11-05,22.962,0.002,58.55,1.794
2003-11-06,22.509,0.0,60.64,0.719
2003-11-07,22.696,0.002,51.34,1.715
2003-11-08,22.477,0.0,49.04,1.219
2003-11-09,22.228,0.003,44.68,2.127
2003-11-10,20.378,0.001,46.46,3.221
2003-11-11,19.519,0.001,47.5,0.522
2003-11-12,19.621,0.0,56.82,0.736
2003-11-13,19.403,0.001,64.5,1.205
2003-11-14,18.233,0.0,66.33,1.506
2003-11-15,19.119,0.019,65.29,0.669
2003-11-16,20.112,0.655,65.03,1.893
2003-11-17,19.262,2.386,64.75,2.983
2003-11-18,18.947,0.265,64.34,0.929
2003-11-19,17.111,0.001,61.68,2.485
2003-11-20,16.273,0.0,55.98,3.293
2003-11-21,16.111,0.0,51.86,2.503
2003-11-22,15.209,0.0,54.06,1.992
2003-11-23,14.858,0.0,58.95,1.843
2003-11-24,15.515,0.0,59.46,2.574
2003-11-25,16.162,0.001,45.23,3.615
2003-11-26,15.291,0.0,45.48,1.696
2003-11-27,14.366,0.002,54.23,1.512
2003-11-28,13.958,-0.0,64.89,1.779
2003-11-29,14.004,0.001,62.7,1.835
2003-11-30,13.936,0.002,59.91,2.352
2003-12-01,14.62,0.001,54.54,2.428
2003-12-02,15.024,0.001,55.86,2.457
2003-12-03,15.215,0.001,61.29,2.174
2003-12-04,15.854,0.003,61.74,2.297
2003-12-05,16.97,0.0,57.87,2.805
2003-12-06,17.777,0.001,49.81,4.432
2003-12-07,17.208,0.001,55.9,1.704
2003-12-08,17.811,0.001,65.8,3.045
2003-12-09,18.667,0.123,66.94,3.865
2003-12-10,18.411,0.002,70.34,2.185
2003-12-11,18.925,0.01,70.66,2.055
2003-12-12,19.065,0.319,66.65,3.385
2003-12-13,18.11,0.368,71.06,3.303
2003-12-14,18.841,0.117,67.45,1.428
2003-12-15,17.258,15.253,82.07,1.211
2003-12-16,15.286,0.455,82.04,0.307
2003-12-17,14.184,0.027,81.76,2.144
2003-12-18,13.607,0.162,76.35,0.152
2003-12-19,13.032,0.001,75.31,0.879
2003-12-20,13.598,0.001,77.73,2.289
2003-12-21,12.945,0.001,74.77,2.098
2003-12-22,12.835,0.001,73.49,0.737
2003-12-23,11.369,0.0,79.82,0.207
2003-12-24,11.563,0.001,79.47,2.464
2003-12-25,11.281,0.0,76.37,1.448
2003-12-26,10.608,0.087,77.27,1.151
2003-12-27,10.245,0.13,76.72,1.468
2003-12-28,10.718,0.0,75.74,2.586
2003-12-29,10.925,0.001,70.2,2.183
2003-12-30,10.734,0.0,71.35,1.502
2003-12-31,11.68,0.001,77.25,0.542
2004-01-01,10.335,0.01,85.41,1.113
2004-01-02,11.013,0.0,78.73,2.561
2004-01-03,9.771,0.0,82.01,2.622
2004-01-04,9.08,0.0,82.11,2.327
2004-01-05,9.552,0.001,85.23,0.815
2004-01-06,10.387,0.002,84.06,2.041
2004-01-07,12.116,0.001,73.22,2.882
2004-01-08,12.156,0.002,68.13,2.993
2004-01-09,13.435,0.002,61.57,3.417
2004-01-10,13.449,0.001,71.94,1.07
2004-01-11,13.937,0.002,76.49,1.78
2004-01-12,14.587,0.001,78.08,1.042
2004-01-13,15.225,0.0,80.84,0.861
2004-01-14,14.183,0.002,77.34,2.105
2004-01-15,15.415,0.002,77.25,0.971
2004-01-16,15.524,0.001,82.9,2.433
2004-01-17,16.773,17.716,80.2,3.409
2004-01-18,14.291,0.19,83.03,1.286
2004-01-19,12.406,0.0,84.21,1.949
2004-01-20,12.519,0.078,86.22,0.977
2004-01-21,13.184,7.426,78.82,3.419
2004-01-22,14.498,9.454,84.21,2.001
2004-01-23,12.756,5.559,89.31,0.591
2004-01-24,11.609,0.011,80.32,2.576
2004-01-25,10.571,0.0,75.8,2.134
2004-01-26,10.971,0.002,74.12,2.369
2004-01-27,11.503,0.002,76.91,2.582
2004-01-28,11.384,0.0,77.58,1.293
2004-01-29,11.915,0.099,77.28,1.883
2004-01-30,12.789,10.664,82.16,3.105
2004-01-31,11.356,0.763,86.37,1.368
2004-02-01,10.708,0.001,81.0,3.266
2004-02-02,11.139,0.0,69.5,3.803
2004-02-03,11.077,0.001,66.27,3.93
2004-02-04,11.874,0.0,69.5,1.969
2004-02-05,12.498,0.001,73.01,1.646
2004-02-06,12.601,0.0,66.68,3.71
2004-02-07,13.034,0.001,67.99,2.24
2004-02-08,13.706,0.17,70.29,1.752
2004-02-09,15.89,0.694,68.94,3.208
2004-02-10,15.983,0.2,79.71,0.905
2004-02-11,15.574,0.001,78.6,2.119
2004-02-12,15.476,0.0,77.94,2.26
2004-02-13,15.091,0.001,74.22,1.889
2004-02-14,15.372,0.002,70.18,2.782
2004-02-15,15.482,0.0,69.27,2.898
2004-02-16,16.238,0.0,70.81,0.874
2004-02-17,18.116,0.001,67.58,2.546
2004-02-18,19.106,0.283,66.79,3.376
2004-02-19,18.015,0.333,74.89,1.578
2004-02-20,17.686,0.001,61.98,3.588
2004-02-21,18.262,0.001,58.98,2.728
2004-02-22,19.563,0.002,58.44,4.551
2004-02-23,17.955,0.002,53.43,3.755
2004-02-24,18.911,0.0,55.07,3.413
2004-02-25,19.089,0.0,57.99,1.601
2004-02-26,20.589,0.003,59.62,1.049
2004-02-27,22.575,0.045,53.38,2.532
2004-02-28,22.406,0.001,55.48,1.638
2004-02-29,21.446,0.001,44.7,3.62
2004-03-01,20.584,0.002,36.56,4.628
2004-03-02,20.291,0.002,37.44,4.554
2004-03-03,20.215,0.001,36.03,4.223
2004-03-04,20.428,0.001,41.68,3.067
2004-03-05,21.152,0.0,44.84,3.156
2004-03-06,21.72,0.005,40.06,3.752
2004-03-07,21.477,0.0,46.37,1.984
2004-03-08,22.411,0.001,53.51,3.576
2004-03-09,22.282,0.0,55.11,2.569
2004-03-10,23.211,0.001,54.96,0.268
2004-03-11,23.315,0.0,54.28,0.937
2004-03-12,24.0,0.002,51.62,2.097
2004-03-13,24.553,0.001,49.6,2.42
2004-03-14,25.015,0.001,49.01,3.027
2004-03-15,26.261,0.001,49.12,3.553
2004-03-16,28.021,0.0,48.06,4.447
2004-03-17,27.489,0.001,45.39,3.277
2004-03-18,27.435,0.002,46.98,3.122
2004-03-19,28.266,0.001,35.48,4.585
2004-03-20,26.907,0.001,31.46,4.495
2004-03-21,27.498,0.002,39.91,0.564
2004-03-22,28.614,-0.0,39.19,0.623
2004-03-23,27.416,0.0,33.65,1.811
2004-03-24,25.459,0.001,27.48,2.207
2004-03-25,24.9,0.001,26.79,1.591
2004-03-26,25.811,0.003,24.18,2.742
2004-03-27,25.579,0.0,26.29,2.263
2004-03-28,25.496,0.0,30.22,2.879
2004-03-29,26.077,0.001,27.11,3.366
2004-03-30,26.636,0.002,27.6,2.123
2004-03-31,27.277,0.001,26.0,2.089
2004-04-01,27.245,0.034,30.84,0.808
2004-04-02,27.997,0.028,28.83,0.653
2004-04-03,28.825,0.003,26.9,2.349
2004-04-04,29.531,0.001,24.74,3.064
2004-04-05,29.101,0.0,25.96,1.979
2004-04-06,29.519,0.001,27.05,0.445
2004-04-07,29.693,0.01,26.9,1.171
2004-04-08,28.772,0.906,35.49,1.863
2004-04-09,29.588,0.081,30.28,1.647
2004-04-10,30.815,0.177,28.21,0.248
2004-04-11,30.847,0.0,24.79,2.259
2004-04-12,31.036,0.0,21.04,2.722
2004-04-13,31.258,0.003,20.04,2.684
2004-04-14,31.166,0.002,22.07,2.197
2004-04-15,31.949,0.002,19.06,3.339
2004-04-16,32.5,0.0,20.39,2.008
2004-04-17,31.858,0.001,19.51,3.125
2004-04-18,31.49,0.0,22.2,3.268
2004-04-19,31.953,0.001,22.46,0.639
2004-04-20,31.678,0.003,29.64,2.883
2004-04-21,30.621,2.502,36.35,1.715
2004-04-22,27.08,7.079,51.9,0.829
2004-04-23,25.62,2.347,53.9,0.746
2004-04-24,26.422,0.18,49.91,2.271
2004-04-25,27.313,0.001,46.55,2.303
2004-04-26,28.458,0.0,43.92,2.345
2004-04-27,29.792,0.611,41.37,2.458
2004-04-28,30.26,0.338,40.74,4.796
2004-04-29,26.97,17.914,54.62,4.248
2004-04-30,21.764,67.888,78.72,4.468
2004-05-01,23.503,0.002,61.09,1.018
2004-05-02,24.083,0.001,49.74,2.558
2004-05-03,25.009,0.001,42.89,2.687
2004-05-04,26.55,0.0,44.43,2.019
2004-05-05,27.15,0.001,41.32,1.642
2004-05-06,28.275,0.001,40.3,0.244
2004-05-07,29.431,0.002,43.26,2.637
2004-05-08,30.741,0.0,41.36,1.403
2004-05-09,32.354,0.002,31.85,1.942
2004-05-10,32.317,0.001,23.08,3.705
2004-05-11,33.269,0.001,23.58,3.917
2004-05-12,33.833,0.0,28.17,4.317
2004-05-13,33.527,0.037,34.13,3.966
2004-05-14,34.721,0.002,26.41,4.354
2004-05-15,35.505,0.0,27.1,4.074
2004-05-16,36.112,0.0,28.55,3.271
2004-05-17,36.485,0.002,20.0,3.691
2004-05-18,35.301,0.003,21.27,3.774
2004-05-19,36.226,0.0,19.91,4.247
2004-05-20,36.834,0.0,25.74,4.378
2004-05-21,36.73,0.0,24.58,4.599
2004-05-22,34.898,1.956,34.29,0.906
2004-05-23,31.048,1.409,49.89,4.864
2004-05-24,31.508,0.135,45.85,2.804
2004-05-25,31.532,1.099,47.85,0.219
2004-05-26,31.995,0.177,43.0,0.211
2004-05-27,29.37,1.255,55.54,0.239
2004-05-28,30.907,0.156,47.23,2.132
2004-05-29,32.061,-0.0,34.74,2.821
2004-05-30,33.04,0.001,33.57,0.713
2004-05-31,33.94,0.005,34.28,0.588
2004-06-01,33.951,0.03,30.28,0.597
2004-06-02,33.735,0.258,34.27,0.125
2004-06-03,34.386,0.006,30.54,0.904
2004-06-04,34.224,0.33,34.12,1.892
2004-06-05,32.413,0.242,50.58,3.797
2004-06-06,32.126,1.859,51.82,4.056
2004-06-07,30.006,2.321,61.09,3.362
2004-06-08,28.796,6.106,67.28,2.184
2004-06-09,29.101,0.682,63.28,0.505
2004-06-10,30.11,0.117,58.91,0.971
2004-06-11,31.424,0.016,53.09,2.132
2004-06-12,32.197,0.022,51.85,2.658
2004-06-13,32.554,0.04,52.31,3.208
2004-06-14,32.197,0.091,54.15,3.196
2004-06-15,33.227,0.437,52.01,1.789
2004-06-16,31.749,1.503,59.72,3.054
2004-06-17,31.8,0.996,57.49,3.474
2004-06-18,31.003,4.027,63.89,1.823
2004-06-19,30.193,7.238,70.5,1.176
2004-06-20,30.692,4.115,67.61,0.575
2004-06-21,31.787,3.098,60.65,0.904
2004-06-22,32.054,1.102,57.18,1.559
2004-06-23,31.334,2.332,60.12,2.489
2004-06-24,29.706,4.066,67.02,1.248
2004-06-25,29.643,5.149,67.06,1.82
2004-06-26,28.97,3.265,71.32,1.722
2004-06-27,30.25,0.073,60.48,2.367
2004-06-28,31.639,0.002,49.11,2.675
2004-06-29,33.013,0.001,45.48,3.147
2004-06-30,34.051,0.002,42.31,2.848
2004-07-01,34.371,0.001,41.04,2.912
2004-07-02,34.625,0.007,43.78,0.822
2004-07-03,33.168,0.308,57.8,2.941
2004-07-04,31.692,0.463,62.8,3.572
2004-07-05,31.581,6.037,66.41,2.984
2004-07-06,29.811,6.457,75.83,1.85
2004-07-07,31.355,0.742,67.36,0.999
2004-07-08,32.008,0.287,59.43,0.219
2004-07-09,31.862,0.059,57.32,2.398
2004-07-10,31.994,1.905,57.16,2.305
2004-07-11,32.185,2.174,57.34,1.161
2004-07-12,32.058,1.105,59.6,0.984
2004-07-13,31.367,4.11,64.45,1.332
2004-07-14,30.724,3.299,65.13,1.61
2004-07-15,30.738,10.035,68.53,2.666
2004-07-16,30.161,0.177,71.21,2.573
2004-07-17,31.269,0.558,62.93,1.603
2004-07-18,32.323,0.455,55.08,1.757
2004-07-19,33.147,0.157,48.18,3.799
2004-07-20,32.345,0.484,47.36,3.33
2004-07-21,32.556,0.446,49.64,2.164
2004-07-22,33.281,0.219,48.11,1.255
2004-07-23,32.831,0.062,53.31,1.043
2004-07-24,32.879,0.082,54.7,1.665
2004-07-25,31.619,1.128,64.41,2.848
2004-07-26,29.699,3.985,74.96,2.956
2004-07-27,30.175,1.379,72.73,3.871
2004-07-28,29.004,6.666,78.55,3.511
2004-07-29,28.967,0.932,76.54,3.588
2004-07-30,30.02,1.301,71.14,3.333
2004-07-31,29.297,5.378,75.62,2.5
2004-08-01,28.806,12.519,77.96,2.717
2004-08-02,26.846,19.514,85.93,2.981
2004-08-03,27.511,2.466,84.06,2.782
2004-08-04,29.578,1.961,76.8,1.601
2004-08-05,30.433,0.309,73.0,2.893
2004-08-06,29.167,0.314,75.32,3.511
2004-08-07,29.744,3.148,77.44,2.497
2004-08-08,28.66,17.168,80.94,2.074
2004-08-09,27.297,15.737,86.28,0.639
2004-08-10,26.723,5.069,87.43,1.673
2004-08-11,28.838,2.044,82.54,1.963
2004-08-12,29.629,0.868,78.64,1.404
2004-08-13,28.671,17.453,83.4,1.061
2004-08-14,29.057,2.846,79.32,0.785
2004-08-15,28.126,20.617,86.41,1.037
2004-08-16,27.224,10.304,87.52,2.09
2004-08-17,26.722,25.579,89.8,1.614
2004-08-18,25.373,25.749,95.61,0.437
2004-08-19,28.167,6.156,82.32,1.813
2004-08-20,27.973,3.6,83.38,0.737
2004-08-21,28.291,0.872,82.07,0.708
2004-08-22,28.028,9.478,84.69,1.794
2004-08-23,27.703,12.468,85.47,1.958
2004-08-24,26.286,19.195,89.99,2.717
2004-08-25,26.139,35.318,90.21,1.728
2004-08-26,27.602,3.129,85.09,1.213
2004-08-27,28.791,0.091,75.39,3.317
2004-08-28,29.128,0.106,74.37,2.882
2004-08-29,29.476,0.039,72.69,2.521
2004-08-30,29.581,0.021,70.16,2.552
2004-08-31,29.316,0.017,66.63,3.421
2004-09-01,28.825,0.0,66.65,3.137
2004-09-02,28.826,0.0,66.47,3.278
2004-09-03,28.794,0.001,64.36,3.167
2004-09-04,28.347,0.001,64.58,2.885
2004-09-05,28.332,0.001,62.88,2.842
2004-09-06,28.895,0.0,63.76,2.254
2004-09-07,29.214,0.0,63.41,2.153
2004-09-08,29.418,0.001,58.35,2.044
2004-09-09,29.277,-0.0,55.85,2.217
2004-09-10,29.671,0.003,61.28,0.686
2004-09-11,28.68,0.538,69.48,0.71
2004-09-12,29.693,0.067,66.65,0.608
2004-09-13,29.934,0.148,67.38,0.323
2004-09-14,27.995,5.447,76.76,1.628
2004-09-15,26.185,9.164,82.29,2.153
2004-09-16,26.427,1.276,81.45,0.161
2004-09-17,27.788,0.357,74.82,0.34
2004-09-18,27.434,0.509,78.25,0.964
2004-09-19,28.306,0.168,75.03,1.267
2004-09-20,28.229,0.191,73.05,2.122
2004-09-21,26.652,2.586,78.96,2.42
2004-09-22,23.96,29.373,82.5,2.554
2004-09-23,25.455,0.106,76.49,0.767
2004-09-24,26.642,0.001,61.94,2.143
2004-09-25,26.686,0.0,60.67,1.369
2004-09-26,27.219,0.0,54.0,2.509
2004-09-27,27.315,0.0,56.45,1.91
2004-09-28,27.722,0.001,60.13,0.085
2004-09-29,26.78,0.113,66.0,1.316
2004-09-30,27.457,0.003,67.23,0.576
2004-10-01,28.411,0.009,60.86,0.339
2004-10-02,26.24,16.787,80.22,1.333
2004-10-03,24.58,17.611,90.42,2.007
2004-10-04,25.017,12.743,83.51,0.45
2004-10-05,25.412,0.247,74.86,1.085
2004-10-06,25.131,0.017,72.38,0.907
2004-10-07,25.758,0.025,69.7,1.684
2004-10-08,26.085,0.0,65.03,0.839
2004-10-09,26.313,1.316,64.96,1.174
2004-10-10,24.294,41.865,82.25,1.747
2004-10-11,21.144,4.469,87.1,2.987
2004-10-12,20.796,1.066,83.22,2.041
2004-10-13,20.864,0.036,74.6,1.873
2004-10-14,20.795,0.015,71.74,2.107
2004-10-15,21.084,0.0,68.44,1.941
2004-10-16,21.046,0.002,66.54,1.908
2004-10-17,22.067,0.001,66.45,1.224
2004-10-18,22.8,0.002,66.09,0.589
2004-10-19,22.894,0.001,69.23,1.04
2004-10-20,22.92,0.002,68.7,0.773
2004-10-21,22.61,0.001,64.13,1.905
2004-10-22,21.475,0.002,60.47,2.564
2004-10-23,21.621,0.0,53.19,1.348
2004-10-24,21.104,0.001,60.07,0.887
2004-10-25,21.167,0.0,57.51,0.77
2004-10-26,21.453,0.029,61.98,0.964
2004-10-27,21.162,0.005,64.58,0.885
2004-10-28,20.873,0.326,61.14,0.527
2004-10-29,19.52,0.978,67.81,0.584
2004-10-30,19.687,0.003,59.41,1.536
2004-10-31,19.213,0.001,56.07,2.319
2004-11-01,18.894,0.0,51.01,2.469
2004-11-02,18.896,0.0,51.62,2.635
2004-11-03,19.659,0.002,51.29,3.079
2004-11-04,20.018,0.002,51.84,2.123
2004-11-05,20.366,0.0,54.36,0.616
2004-11-06,19.671,0.002,54.69,1.786
2004-11-07,19.177,0.001,54.82,2.331
2004-11-08,18.924,0.001,53.16,2.022
2004-11-09,19.294,0.001,52.05,2.268
2004-11-10,19.702,0.001,52.61,1.27
2004-11-11,19.433,0.001,53.85,0.94
2004-11-12,19.739,0.001,54.43,1.459
2004-11-13,20.62,0.001,54.15,2.679
2004-11-14,20.936,0.0,53.65,3.191
2004-11-15,20.702,0.0,52.44,3.245
2004-11-16,20.309,0.001,51.52,2.507
2004-11-17,21.076,0.0,57.24,1.174
2004-11-18,21.196,0.001,53.7,2.426
2004-11-19,19.797,0.0,56.25,2.638
2004-11-20,20.222,0.001,62.9,1.148
2004-11-21,20.249,0.001,67.02,0.533
2004-11-22,20.724,0.0,67.55,2.02
2004-11-23,20.801,0.0,68.97,2.289
2004-11-24,20.793,0.154,71.92,2.753
2004-11-25,19.857,1.885,77.81,2.782
2004-11-26,18.434,0.874,82.12,2.106
2004-11-27,18.3,0.573,79.29,0.974
2004-11-28,18.149,0.001,68.74,2.456
2004-11-29,17.601,0.001,73.41,1.905
2004-11-30,19.067,0.06,68.05,1.052
2004-12-01,18.564,0.37,65.57,2.644
2004-12-02,17.987,0.002,64.07,1.343
2004-12-03,18.142,0.0,61.18,2.833
2004-12-04,17.549,0.002,53.86,3.72
2004-12-05,17.005,-0.0,49.12,3.478
2004-12-06,15.804,0.0,50.11,2.769
2004-12-07,14.614,0.0,61.76,1.138
2004-12-08,15.293,0.001,62.73,2.314
2004-12-09,15.095,0.0,58.26,2.778
2004-12-10,14.985,0.001,59.92,1.068
2004-12-11,15.718,0.001,66.56,0.85
2004-12-12,16.314,0.0,70.34,1.572
2004-12-13,16.201,0.001,65.38,2.595
2004-12-14,16.496,0.0,61.15,3.101
2004-12-15,17.248,0.002,57.24,3.183
2004-12-16,17.524,0.0,59.64,2.956
2004-12-17,16.516,0.0,70.1,0.81
2004-12-18,16.499,0.002,72.09,0.349
2004-12-19,17.476,0.007,64.32,3.835
2004-12-20,16.155,1.659,80.09,2.46
2004-12-21,15.052,0.057,77.38,0.931
2004-12-22,15.086,0.002,70.09,0.501
2004-12-23,13.498,0.002,70.33,0.998
2004-12-24,12.84,0.0,69.51,2.2
2004-12-25,12.668,0.003,63.82,3.752
2004-12-26,11.542,0.003,51.11,3.978
2004-12-27,11.669,0.0,56.48,0.816
2004-12-28,11.742,0.001,69.69,0.817
2004-12-29,13.058,0.002,64.11,2.908
2004-12-30,14.926,0.088,59.6,2.638
2004-12-31,15.698,4.124,70.53,3.798
2005-01-01,16.209,0.138,76.54,1.861
2005-01-02,15.268,0.083,79.76,0.464
2005-01-03,13.037,0.032,77.46,2.59
2005-01-04,12.781,0.001,74.96,2.764
2005-01-05,12.22,0.001,76.1,2.201
2005-01-06,12.239,0.001,73.62,2.754
2005-01-07,12.604,-0.0,70.47,3.297
2005-01-08,12.557,0.0,69.65,2.671
2005-01-09,13.318,0.042,71.05,1.999
2005-01-10,12.861,0.145,72.14,2.28
2005-01-11,12.574,0.002,65.41,2.256
2005-01-12,12.163,0.001,66.59,2.683
2005-01-13,13.085,0.002,57.88,3.277
2005-01-14,14.02,0.001,58.3,3.187
2005-01-15,13.989,0.002,60.96,2.425
2005-01-16,13.136,3.685,69.43,2.214
2005-01-17,12.649,2.423,79.01,1.441
2005-01-18,11.149,0.001,64.52,2.305
2005-01-19,11.244,0.0,65.37,3.034
2005-01-20,11.204,0.001,59.7,3.044
2005-01-21,11.251,0.478,70.92,0.879
2005-01-22,11.692,13.605,81.28,3.024
2005-01-23,10.373,0.211,78.57,1.802
2005-01-24,10.529,0.286,79.01,1.734
2005-01-25,11.474,0.0,78.3,2.252
2005-01-26,11.78,0.0,77.32,1.99
2005-01-27,13.923,9.911,73.6,1.848
2005-01-28,13.57,3.471,74.11,1.159
2005-01-29,12.578,0.636,79.0,1.693
2005-01-30,13.087,0.887,82.42,1.217
2005-01-31,14.215,0.009,75.98,2.035
2005-02-01,12.508,0.001,71.59,2.622
2005-02-02,11.979,0.001,69.97,2.837
2005-02-03,12.218,0.001,68.29,0.539
2005-02-04,13.499,0.0,68.08,2.112
2005-02-05,13.955,3.071,71.99,1.316
2005-02-06,13.892,23.956,81.96,3.619
2005-02-07,15.297,27.421,82.79,4.535
2005-02-08,16.433,1.932,82.2,2.438
2005-02-09,16.155,2.705,78.27,1.701
2005-02-10,16.346,0.446,69.77,2.221
2005-02-11,17.609,1.691,73.91,2.627
2005-02-12,16.994,4.456,84.46,1.401
2005-02-13,17.215,0.0,77.57,3.769
2005-02-14,16.669,0.759,75.17,3.461
2005-02-15,15.325,5.085,86.22,1.453
2005-02-16,14.083,0.101,80.84,1.078
2005-02-17,14.897,0.611,72.36,3.217
2005-02-18,15.899,0.54,68.04,3.229
2005-02-19,13.87,0.005,70.89,1.648
2005-02-20,11.561,0.001,66.94,3.007
2005-02-21,11.172,0.0,68.47,3.35
2005-02-22,12.672,0.014,70.53,2.661
2005-02-23,14.615,0.001,75.62,2.625
2005-02-24,15.316,0.052,72.85,2.715
2005-02-25,16.366,0.0,68.07,3.564
2005-02-26,17.429,0.022,61.2,3.91
2005-02-27,17.476,0.003,64.43,2.442
2005-02-28,18.635,0.017,69.74,2.398
2005-03-01,16.926,0.232,78.78,2.983
2005-03-02,18.613,0.001,70.34,2.643
2005-03-03,21.813,0.003,62.36,1.406
2005-03-04,21.599,0.39,71.53,1.53
2005-03-05,19.939,2.683,74.1,0.898
2005-03-06,20.793,0.0,64.68,1.997
2005-03-07,20.392,2.249,69.94,1.171
2005-03-08,21.388,4.37,67.52,1.324
2005-03-09,18.263,17.373,85.01,1.967
2005-03-10,17.627,1.741,86.03,0.732
2005-03-11,18.276,0.111,75.51,2.215
2005-03-12,19.865,0.0,72.05,2.055
2005-03-13,20.351,0.0,73.41,1.478
2005-03-14,21.372,0.002,70.69,1.405
2005-03-15,23.089,0.0,69.2,1.793
2005-03-16,24.24,0.002,68.86,0.954
2005-03-17,24.62,0.018,69.83,0.718
2005-03-18,24.357,1.112,64.98,1.273
2005-03-19,23.94,1.322,59.01,2.506
2005-03-20,24.391,1.579,60.35,1.764
2005-03-21,21.851,4.733,68.26,2.47
2005-03-22,20.905,0.008,61.13,1.086
2005-03-23,21.1,0.016,53.62,1.662
2005-03-24,21.133,0.026,50.89,2.716
2005-03-25,21.063,0.003,52.57,3.081
2005-03-26,22.737,0.222,51.17,2.995
2005-03-27,23.892,0.159,48.07,1.469
2005-03-28,24.236,0.001,34.89,3.014
2005-03-29,23.791,0.0,33.01,2.17
2005-03-30,23.216,0.001,31.06,3.452
2005-03-31,23.448,0.001,31.26,3.637
2005-04-01,24.171,0.001,30.51,3.033
2005-04-02,24.921,0.002,30.37,3.056
2005-04-03,25.969,0.001,29.83,3.261
2005-04-04,26.791,0.002,31.91,2.128
2005-04-05,28.903,0.0,27.77,1.633
2005-04-06,30.167,0.0,18.66,3.173
2005-04-07,29.474,0.037,18.1,2.641
2005-04-08,26.372,0.001,12.74,1.094
2005-04-09,23.716,0.0,11.29,3.234
2005-04-10,22.733,0.0,17.85,3.071
2005-04-11,23.877,0.0,16.59,4.022
2005-04-12,25.03,0.001,18.18,3.943
2005-04-13,27.649,0.001,21.48,3.826
2005-04-14,29.617,0.0,17.0,0.948
2005-04-15,30.156,0.0,16.46,1.2
2005-04-16,29.525,0.002,15.77,3.216
2005-04-17,28.82,0.0,16.05,3.856
2005-04-18,28.823,0.0,17.36,2.814
2005-04-19,30.023,0.001,19.29,1.441
2005-04-20,30.783,0.001,17.82,1.394
2005-04-21,31.645,0.004,20.62,2.472
2005-04-22,32.122,0.152,22.24,1.579
2005-04-23,30.774,0.383,26.95,0.851
2005-04-24,30.289,0.147,29.94,1.143
2005-04-25,29.987,0.352,32.44,1.392
2005-04-26,29.692,0.438,31.73,2.329
2005-04-27,27.806,1.65,34.29,1.999
2005-04-28,27.087,0.02,36.07,2.348
2005-04-29,27.789,0.004,35.14,1.172
2005-04-30,28.369,0.003,35.37,2.583
2005-05-01,28.155,0.898,41.93,2.398
2005-05-02,26.754,6.641,55.89,2.259
2005-05-03,25.419,5.294,66.73,0.839
2005-05-04,27.06,0.155,51.92,2.05
2005-05-05,28.248,0.303,46.13,2.169
2005-05-06,29.54,0.077,41.34,0.842
2005-05-07,30.873,0.007,34.32,1.155
2005-05-08,31.359,0.0,32.68,2.267
2005-05-09,30.719,0.046,27.03,3.036
2005-05-10,29.797,0.001,20.94,3.433
2005-05-11,31.072,0.001,18.64,1.613
2005-05-12,32.793,0.011,15.26,1.526
2005-05-13,32.685,0.0,15.63,1.298
2005-05-14,32.657,0.002,15.9,2.52
2005-05-15,33.6,0.062,15.15,3.327
2005-05-16,34.063,0.32,16.98,1.327
2005-05-17,35.069,0.259,16.44,0.459
2005-05-18,33.794,0.069,19.78,1.44
2005-05-19,33.145,0.801,18.74,0.278
2005-05-20,33.714,0.18,18.33,0.436
2005-05-21,33.763,0.016,21.53,2.268
2005-05-22,34.889,0.013,18.69,2.422
2005-05-23,33.613,0.738,24.25,1.405
2005-05-24,33.694,0.002,17.03,3.322
2005-05-25,34.283,0.013,15.42,2.92
2005-05-26,34.057,1.072,19.53,2.066
2005-05-27,33.081,0.0,18.3,3.428
2005-05-28,33.82,0.001,14.04,3.911
2005-05-29,33.921,0.037,18.61,2.519
2005-05-30,33.224,0.018,24.11,2.348
2005-05-31,33.562,0.0,20.51,4.364
2005-06-01,34.34,0.0,17.39,4.665
2005-06-02,35.153,0.0,16.06,3.696
2005-06-03,35.446,0.001,17.26,3.475
2005-06-04,35.655,0.001,17.2,1.779
2005-06-05,35.293,0.692,23.92,2.077
2005-06-06,33.769,2.186,36.76,2.241
2005-06-07,32.601,0.565,41.06,0.627
2005-06-08,33.214,0.018,33.89,1.064
2005-06-09,34.537,0.002,26.18,2.758
2005-06-10,34.791,0.0,29.28,3.477
2005-06-11,35.393,0.038,27.28,3.938
2005-06-12,34.433,0.0,25.67,4.432
2005-06-13,34.135,0.032,26.91,3.11
2005-06-14,34.719,0.0,27.91,3.399
2005-06-15,35.189,0.007,26.11,3.385
2005-06-16,35.805,0.001,22.63,3.016
2005-06-17,36.119,0.001,23.14,3.282
2005-06-18,36.644,0.029,26.02,2.814
2005-06-19,36.884,0.001,26.53,2.902
2005-06-20,38.16,0.001,23.17,2.486
2005-06-21,36.728,0.001,31.55,0.655
2005-06-22,37.394,0.059,32.24,1.472
2005-06-23,35.146,5.295,45.72,0.503
2005-06-24,32.554,1.025,61.57,2.741
2005-06-25,33.154,3.035,61.57,3.7
2005-06-26,27.727,15.947,89.18,2.844
2005-06-27,29.665,13.807,75.77,1.86
2005-06-28,28.675,10.376,80.32,2.454
2005-06-29,29.149,13.921,79.61,2.33
2005-06-30,29.511,7.107,77.04,2.087
2005-07-01,30.136,5.398,73.16,0.628
2005-07-02,28.588,16.793,80.95,1.236
2005-07-03,29.265,3.536,75.87,0.806
2005-07-04,27.963,24.301,81.2,1.606
2005-07-05,26.298,35.121,89.53,2.683
2005-07-06,25.46,49.821,91.74,4.119
2005-07-07,26.424,14.882,88.08,5.065
2005-07-08,28.8,0.748,77.35,2.113
2005-07-09,30.377,0.4,72.59,1.475
2005-07-10,30.628,1.532,75.1,1.712
2005-07-11,26.65,18.548,89.85,2.912
2005-07-12,26.095,15.263,90.15,1.66
2005-07-13,27.203,2.368,84.74,2.1
2005-07-14,27.027,7.889,86.29,2.539
2005-07-15,27.279,7.703,84.69,2.585
2005-07-16,27.412,6.561,84.6,2.451
2005-07-17,27.785,7.553,78.65,2.3
2005-07-18,28.478,3.697,78.35,1.52
2005-07-19,29.804,1.124,74.86,1.145
2005-07-20,30.454,0.423,72.89,0.628
2005-07-21,30.346,0.898,72.7,0.501
2005-07-22,30.635,1.346,71.95,0.401
2005-07-23,28.411,3.516,83.33,2.284
2005-07-24,29.266,0.46,79.73,1.654
2005-07-25,30.091,0.579,77.38,2.114
2005-07-26,28.946,3.987,83.26,2.695
2005-07-27,30.095,2.007,78.34,2.134
2005-07-28,30.411,0.179,73.67,2.456
2005-07-29,29.25,8.576,81.86,2.06
2005-07-30,29.666,4.956,80.26,1.72
2005-07-31,29.676,5.068,80.69,0.991
2005-08-01,29.959,4.843,78.95,2.14
2005-08-02,30.509,0.657,76.06,2.511
2005-08-03,30.4,2.216,79.26,2.277
2005-08-04,29.428,9.394,83.43,2.223
2005-08-05,28.699,3.968,85.88,1.572
2005-08-06,27.236,13.904,88.2,1.023
2005-08-07,27.909,1.763,78.45,0.935
2005-08-08,28.223,0.563,74.82,1.362
2005-08-09,29.054,0.296,73.3,2.61
2005-08-10,29.405,0.513,72.39,2.949
2005-08-11,29.65,0.075,68.79,2.74
2005-08-12,29.968,0.174,69.52,1.582
2005-08-13,30.661,0.132,70.13,1.419
2005-08-14,31.253,0.034,67.99,1.69
2005-08-15,30.346,1.751,67.41,1.466
2005-08-16,27.98,5.543,85.16,1.155
2005-08-17,27.586,12.422,87.03,1.387
2005-08-18,29.533,1.195,77.71,0.696
2005-08-19,29.87,0.98,72.82,0.369
2005-08-20,29.214,3.992,76.75,0.812
2005-08-21,29.141,1.187,78.31,0.588
2005-08-22,30.071,0.502,72.5,0.286
2005-08-23,30.482,0.27,66.85,0.873
2005-08-24,30.466,0.006,62.16,1.851
2005-08-25,30.386,0.002,61.03,2.024
2005-08-26,30.293,0.015,61.56,1.419
2005-08-27,30.285,0.046,64.14,0.777
2005-08-28,29.969,0.093,65.16,1.821
2005-08-29,30.168,0.004,62.17,2.911
2005-08-30,30.46,0.005,60.44,3.052
2005-08-31,30.751,0.0,58.46,2.595
2005-09-01,30.881,0.0,57.26,1.213
2005-09-02,31.343,0.001,59.89,0.552
2005-09-03,31.673,0.001,59.65,1.015
2005-09-04,30.852,0.158,69.27,2.725
2005-09-05,29.596,0.535,73.22,3.126
2005-09-06,30.163,0.082,68.4,3.702
2005-09-07,29.819,0.401,69.21,3.597
2005-09-08,28.812,23.866,76.54,2.098
2005-09-09,28.354,0.856,79.25,1.222
2005-09-10,27.65,0.563,82.36,1.264
2005-09-11,29.195,0.215,71.65,2.409
2005-09-12,28.027,9.229,78.42,2.619
2005-09-13,28.826,1.099,74.13,2.19
2005-09-14,27.984,8.494,71.71,3.796
2005-09-15,27.631,0.863,62.76,5.176
2005-09-16,24.556,47.713,85.46,3.617
2005-09-17,23.432,46.759,90.99,2.33
2005-09-18,24.343,3.76,90.03,1.787
2005-09-19,27.172,0.348,81.98,1.144
2005-09-20,28.858,0.005,75.59,0.401
2005-09-21,27.841,15.415,83.85,1.832
2005-09-22,26.586,0.636,83.64,2.65
2005-09-23,26.688,3.709,84.11,2.153
2005-09-24,24.344,186.589,92.73,2.325
2005-09-25,23.949,5.461,84.23,1.601
2005-09-26,26.84,0.248,75.63,2.957
2005-09-27,26.519,0.076,74.52,2.19
2005-09-28,26.655,0.0,71.01,2.051
2005-09-29,26.511,0.014,74.75,2.204
2005-09-30,26.518,0.003,67.84,2.17
2005-10-01,26.515,0.0,66.8,1.906
2005-10-02,26.707,0.002,65.42,1.104
2005-10-03,25.745,0.001,65.87,0.782
2005-10-04,25.339,0.001,62.66,0.556
2005-10-05,25.177,0.0,58.84,1.534
2005-10-06,25.959,0.0,62.34,2.028
2005-10-07,25.904,0.0,62.52,0.563
2005-10-08,25.264,0.003,63.63,0.471
2005-10-09,25.703,0.002,61.24,0.287
2005-10-10,25.527,0.002,59.11,0.73
2005-10-11,25.73,0.084,66.52,1.032
2005-10-12,25.643,0.012,55.18,1.574
2005-10-13,24.478,0.0,56.55,1.439
2005-10-14,25.074,0.003,58.54,0.202
2005-10-15,24.546,0.002,62.94,1.066
2005-10-16,23.957,0.001,63.49,1.286
2005-10-17,23.977,0.0,64.42,0.809
2005-10-18,24.016,0.0,59.5,1.015
2005-10-19,23.237,0.003,58.83,1.469
2005-10-20,23.096,0.133,70.23,2.0
2005-10-21,22.959,0.05,66.55,0.313
2005-10-22,22.104,0.0,53.0,1.781
2005-10-23,22.745,0.001,50.94,0.714
2005-10-24,21.988,0.0,56.23,0.988
2005-10-25,22.276,0.001,57.82,1.334
2005-10-26,22.656,0.0,53.55,0.524
2005-10-27,22.244,0.001,56.98,1.543
2005-10-28,21.231,0.001,51.84,1.447
2005-10-29,21.121,0.001,46.04,2.503
2005-10-30,21.227,0.0,52.98,0.506
2005-10-31,21.256,0.0,54.95,2.309
2005-11-01,21.458,0.0,57.8,2.68
2005-11-02,21.668,0.01,59.62,2.61
2005-11-03,20.983,0.883,59.89,1.053
2005-11-04,20.645,0.003,55.86,0.967
2005-11-05,19.953,0.0,48.61,2.462
2005-11-06,20.052,0.002,47.08,3.24
2005-11-07,19.578,0.003,51.28,2.925
2005-11-08,19.626,0.0,54.42,2.552
2005-11-09,20.15,0.001,54.99,2.622
2005-11-10,20.431,0.001,53.86,2.332
2005-11-11,21.073,-0.0,52.58,2.646
2005-11-12,21.685,0.001,47.3,3.59
2005-11-13,22.062,0.0,42.36,4.847
2005-11-14,21.238,0.0,35.89,4.168
2005-11-15,20.883,0.0,36.59,4.057
2005-11-16,20.306,0.0,36.24,4.0
2005-11-17,19.076,0.003,28.5,4.051
2005-11-18,17.803,0.001,32.69,2.911
2005-11-19,17.947,0.002,42.62,1.956
2005-11-20,18.586,0.002,42.82,2.645
2005-11-21,19.015,0.001,47.03,2.269
2005-11-22,19.313,0.0,50.6,2.427
2005-11-23,18.778,0.0,53.16,2.124
2005-11-24,17.758,0.0,54.34,2.038
2005-11-25,17.802,0.0,50.97,0.741
2005-11-26,16.802,0.002,55.62,1.219
2005-11-27,17.362,0.0,53.85,1.351
2005-11-28,17.38,0.002,58.31,1.462
2005-11-29,17.948,0.002,53.9,2.123
2005-11-30,15.676,0.001,48.97,2.59
2005-12-01,13.705,0.001,43.11,2.834
2005-12-02,13.457,0.001,46.61,2.935
2005-12-03,13.274,0.002,47.86,2.956
2005-12-04,14.705,0.001,44.1,3.595
2005-12-05,15.317,0.0,39.29,3.597
2005-12-06,14.676,0.001,51.12,1.92
2005-12-07,15.041,0.002,54.14,2.138
2005-12-08,14.634,0.003,55.93,2.204
2005-12-09,14.619,0.003,55.46,2.073
2005-12-10,15.05,0.0,54.89,2.559
2005-12-11,13.575,0.001,53.45,1.988
2005-12-12,13.555,0.001,50.59,2.047
2005-12-13,13.141,0.001,48.68,3.073
2005-12-14,12.693,0.001,47.45,2.779
2005-12-15,11.818,0.0,54.88,1.768
2005-12-16,12.944,0.001,60.72,1.969
2005-12-17,13.413,0.001,59.23,2.286
2005-12-18,13.233,0.001,56.27,2.514
2005-12-19,13.393,0.0,60.41,0.768
2005-12-20,13.357,0.0,65.54,1.336
2005-12-21,13.418,0.001,70.41,0.867
2005-12-22,14.456,0.013,72.96,1.716
2005-12-23,13.516,0.247,71.48,1.389
2005-12-24,13.55,0.002,67.76,2.991
2005-12-25,13.278,0.002,58.41,3.44
2005-12-26,13.944,0.001,61.62,2.096
2005-12-27,14.025,0.001,66.74,0.739
2005-12-28,14.297,0.0,65.59,1.278
2005-12-29,14.238,0.002,63.91,1.213
2005-12-30,13.351,0.001,67.53,1.71
2005-12-31,13.944,0.0,62.56,2.058
2006-01-01,16.361,0.09,62.24,3.228
2006-01-02,16.421,16.659,72.62,2.486
2006-01-03,13.228,0.333,78.45,2.678
2006-01-04,10.974,0.0,67.9,3.248
2006-01-05,10.336,0.0,64.5,3.565
2006-01-06,9.968,0.001,59.22,3.541
2006-01-07,9.388,0.001,62.38,2.977
2006-01-08,9.608,0.0,68.67,2.636
2006-01-09,10.731,0.001,70.02,2.266
2006-01-10,11.411,0.001,69.2,2.447
2006-01-11,12.09,0.001,69.74,3.042
2006-01-12,13.261,0.001,68.14,2.777
2006-01-13,14.374,0.0,60.34,3.114
2006-01-14,15.162,0.0,54.42,3.138
2006-01-15,16.959,0.001,58.18,1.698
2006-01-16,17.551,0.002,62.82,2.981
2006-01-17,18.013,0.03,68.79,2.185
2006-01-18,16.621,0.001,75.42,1.083
2006-01-19,14.886,0.0,65.46,2.965
2006-01-20,14.396,0.001,52.99,2.915
2006-01-21,14.001,0.0,50.5,3.737
2006-01-22,12.296,0.0,48.41,2.936
2006-01-23,11.841,0.0,51.73,3.067
2006-01-24,12.787,0.0,47.83,3.449
2006-01-25,12.41,0.0,51.85,2.826
2006-01-26,12.764,0.0,55.55,2.793
2006-01-27,13.803,0.001,52.29,2.879
2006-01-28,14.48,0.002,60.42,1.982
2006-01-29,16.259,0.001,55.03,2.717
2006-01-30,16.659,0.001,56.72,2.657
2006-01-31,17.222,0.001,56.89,1.434
2006-02-01,17.523,0.002,54.21,2.733
2006-02-02,17.608,0.001,51.53,3.154
2006-02-03,18.265,0.002,44.95,4.052
2006-02-04,17.809,0.001,43.46,3.597
2006-02-05,17.904,0.001,49.77,2.312
2006-02-06,18.638,0.001,55.15,0.293
2006-02-07,19.043,0.0,51.87,1.147
2006-02-08,19.16,0.0,55.38,2.046
2006-02-09,18.972,0.002,62.28,0.316
2006-02-10,18.262,0.003,55.56,2.393
2006-02-11,18.812,0.001,58.99,1.015
2006-02-12,21.056,0.0,56.74,0.22
2006-02-13,21.679,0.001,57.18,1.599
2006-02-14,21.824,0.0,62.19,0.93
2006-02-15,20.64,0.735,62.26,1.533
2006-02-16,20.733,0.001,60.29,1.364
2006-02-17,21.936,0.003,52.07,3.654
2006-02-18,22.324,-0.0,57.91,3.587
2006-02-19,22.147,0.002,60.27,3.298
2006-02-20,22.345,0.0,62.69,2.689
2006-02-21,22.641,0.0,56.8,2.804
2006-02-22,23.045,0.003,48.71,2.582
2006-02-23,22.986,0.0,54.76,3.127
2006-02-24,22.852,0.0,54.06,2.856
2006-02-25,23.33,0.002,55.17,1.517
2006-02-26,22.1,1.045,58.97,1.575
2006-02-27,19.959,0.004,56.09,3.187
2006-02-28,19.085,0.001,53.0,3.419
2006-03-01,18.887,0.0,48.22,2.596
2006-03-02,19.049,0.001,47.47,1.439
2006-03-03,19.391,0.002,49.67,1.78
2006-03-04,20.395,0.0,48.44,1.332
2006-03-05,20.867,0.001,43.55,1.355
2006-03-06,21.645,0.466,40.92,2.25
2006-03-07,22.605,0.017,39.71,2.172
2006-03-08,23.191,0.07,41.05,1.999
2006-03-09,22.644,0.426,58.47,0.091
2006-03-10,18.654,22.414,85.88,1.503
2006-03-11,18.283,8.598,84.6,1.461
2006-03-12,18.902,0.289,79.85,1.01
2006-03-13,19.899,0.507,73.59,0.367
2006-03-14,18.078,11.948,84.16,1.792
2006-03-15,17.432,4.726,82.87,1.153
2006-03-16,18.361,0.009,66.63,2.099
2006-03-17,18.903,0.001,56.36,3.617
2006-03-18,19.115,0.001,57.09,3.169
2006-03-19,21.047,0.005,56.96,2.401
2006-03-20,21.077,0.043,59.02,1.075
2006-03-21,21.852,0.0,56.27,3.483
2006-03-22,21.284,0.003,53.89,3.659
2006-03-23,22.897,0.002,50.19,2.534
2006-03-24,23.75,0.01,49.64,0.636
2006-03-25,22.981,1.517,53.87,1.99
2006-03-26,22.116,1.413,56.12,0.741
2006-03-27,21.923,0.001,44.48,2.318
2006-03-28,21.209,0.001,44.63,2.169
2006-03-29,22.999,0.001,41.3,3.396
2006-03-30,24.125,0.002,42.69,2.797
2006-03-31,25.489,0.001,41.81,1.804
2006-04-01,27.067,0.014,32.5,1.302
2006-04-02,26.645,0.007,32.03,2.096
2006-04-03,27.126,0.001,27.19,2.471
2006-04-04,28.228,0.001,25.8,4.287
2006-04-05,28.699,0.0,27.15,4.199
2006-04-06,29.393,0.001,26.6,3.148
2006-04-07,29.574,0.0,24.09,2.445
2006-04-08,29.878,0.002,27.75,0.158
2006-04-09,29.587,0.845,36.54,3.261
2006-04-10,27.341,0.001,37.39,1.164
2006-04-11,27.881,0.003,22.26,2.64
2006-04-12,26.716,0.001,15.64,3.709
2006-04-13,26.438,0.0,12.03,3.423
2006-04-14,27.589,0.001,12.8,1.607
2006-04-15,28.834,0.004,15.32,1.314
2006-04-16,29.376,0.026,18.64,2.203
2006-04-17,26.503,0.092,28.43,0.865
2006-04-18,25.705,0.002,35.61,1.389
2006-04-19,26.335,0.253,41.23,3.359
2006-04-20,27.923,0.0,35.16,1.893
2006-04-21,28.968,0.153,30.92,1.703
2006-04-22,30.05,0.002,23.83,2.632
2006-04-23,30.941,0.314,22.64,1.019
2006-04-24,30.777,0.001,24.26,0.585
2006-04-25,31.391,0.002,21.81,1.21
2006-04-26,32.522,0.002,19.08,1.672
2006-04-27,33.752,0.09,16.77,2.345
2006-04-28,32.559,0.044,24.2,1.941
2006-04-29,33.003,0.0,25.3,1.056
2006-04-30,33.159,0.002,23.43,2.027
2006-05-01,33.401,0.002,19.93,3.102
2006-05-02,32.351,0.452,22.79,1.594
2006-05-03,31.171,0.014,25.99,2.404
2006-05-04,32.57,0.003,21.99,1.789
2006-05-05,34.133,0.002,22.23,0.108
2006-05-06,34.862,0.002,24.23,0.857
2006-05-07,34.485,1.97,32.47,2.195
2006-05-08,33.863,0.791,41.62,3.648
2006-05-09,32.295,0.451,48.28,2.437
2006-05-10,33.52,0.218,35.52,0.564
2006-05-11,33.079,0.0,38.26,2.83
2006-05-12,32.786,0.221,42.25,2.857
2006-05-13,33.406,0.043,43.12,3.64
2006-05-14,32.796,0.201,48.58,2.987
2006-05-15,32.779,0.508,46.83,4.024
2006-05-16,31.613,2.68,52.13,4.272
2006-05-17,31.177,0.81,53.43,1.129
2006-05-18,31.484,2.371,49.38,0.586
2006-05-19,31.376,2.516,50.38,0.206
2006-05-20,30.718,1.685,53.26,1.382
2006-05-21,31.457,0.147,52.7,1.771
2006-05-22,30.387,0.958,62.32,1.918
2006-05-23,30.359,3.962,58.87,1.479
2006-05-24,33.123,0.676,50.6,0.864
2006-05-25,33.341,0.153,52.77,2.579
2006-05-26,34.191,0.195,49.94,2.443
2006-05-27,33.481,0.364,52.02,3.882
2006-05-28,33.22,0.0,53.61,5.254
2006-05-29,32.775,0.002,52.5,4.22
2006-05-30,33.985,0.022,50.37,3.04
2006-05-31,34.464,2.07,47.42,2.703
2006-06-01,33.627,3.169,49.75,0.834
2006-06-02,31.364,0.403,57.14,1.85
2006-06-03,27.646,1.062,64.09,2.594
2006-06-04,30.974,0.383,52.42,1.16
2006-06-05,31.937,0.014,45.28,1.448
2006-06-06,33.294,0.003,30.39,2.487
2006-06-07,33.942,0.001,29.12,2.283
2006-06-08,34.765,0.001,24.04,3.46
2006-06-09,35.093,0.0,20.89,2.934
2006-06-10,36.014,0.0,18.02,2.635
2006-06-11,36.085,0.003,18.12,3.965
2006-06-12,35.875,0.069,21.0,3.834
2006-06-13,33.365,0.497,29.32,3.445
2006-06-14,33.373,0.065,31.84,2.068
2006-06-15,33.434,1.52,36.42,1.703
2006-06-16,31.978,1.94,45.25,0.433
2006-06-17,29.688,1.597,55.18,1.452
2006-06-18,31.532,0.029,39.27,2.306
2006-06-19,30.195,0.49,43.52,1.679
2006-06-20,30.776,0.456,46.09,0.844
2006-06-21,32.86,0.023,40.72,1.743
2006-06-22,33.849,0.002,42.38,2.284
2006-06-23,33.869,0.476,48.99,2.731
2006-06-24,33.474,0.451,54.12,3.498
2006-06-25,32.276,7.261,61.88,2.892
2006-06-26,30.363,15.749,71.42,3.045
2006-06-27,28.197,11.965,80.26,2.667
2006-06-28,29.038,4.731,75.96,1.823
2006-06-29,29.827,2.393,72.35,2.215
2006-06-30,29.23,2.691,78.13,1.412
2006-07-01,31.213,0.563,66.7,0.681
2006-07-02,32.479,0.425,62.71,1.533
2006-07-03,33.103,0.235,60.53,2.173
2006-07-04,33.544,0.912,57.26,2.305
2006-07-05,31.51,0.363,65.15,4.448
2006-07-06,32.301,0.118,58.78,2.179
2006-07-07,34.426,0.329,51.2,3.495
2006-07-08,32.723,2.742,60.68,3.586
2006-07-09,29.097,15.501,75.63,2.422
2006-07-10,27.984,11.215,84.29,1.002
2006-07-11,27.385,24.744,88.01,0.82
2006-07-12,26.99,6.038,87.59,1.191
2006-07-13,28.808,1.052,80.11,1.295
2006-07-14,29.295,1.193,76.95,1.079
2006-07-15,30.921,0.397,71.41,0.962
2006-07-16,31.219,0.016,65.86,0.656
2006-07-17,30.676,1.464,75.89,1.433
2006-07-18,29.087,1.646,84.0,2.58
2006-07-19,28.936,5.044,81.38,2.503
2006-07-20,29.332,1.379,78.43,2.656
2006-07-21,30.148,0.912,74.57,2.703
2006-07-22,30.488,0.142,70.0,3.295
2006-07-23,28.849,5.332,78.32,3.44
2006-07-24,28.961,2.718,78.93,2.899
2006-07-25,28.037,32.04,86.82,2.431
2006-07-26,25.959,40.563,94.02,1.244
2006-07-27,25.401,10.382,93.98,2.386
2006-07-28,27.37,8.441,83.3,3.422
2006-07-29,28.02,7.914,81.49,3.347
2006-07-30,29.958,0.237,72.99,2.698
2006-07-31,29.694,0.562,75.62,3.33
2006-08-01,29.26,0.134,73.06,4.441
2006-08-02,29.013,1.651,73.59,2.654
2006-08-03,27.573,7.558,86.29,2.342
2006-08-04,28.488,7.417,78.83,2.931
2006-08-05,28.858,0.586,74.61,3.643
2006-08-06,28.724,1.097,73.4,3.558
2006-08-07,28.271,0.663,76.32,3.313
2006-08-08,28.255,0.803,76.95,3.004
2006-08-09,28.974,1.777,76.02,2.593
2006-08-10,30.247,0.187,70.94,2.534
2006-08-11,30.8,0.094,68.69,1.978
2006-08-12,30.354,0.279,72.24,2.157
2006-08-13,31.227,10.064,70.48,1.575
2006-08-14,28.516,5.075,83.19,2.033
2006-08-15,30.051,0.571,74.77,2.252
2006-08-16,30.79,0.092,68.22,2.516
2006-08-17,30.997,0.118,69.17,1.579
2006-08-18,31.202,0.162,66.8,2.805
2006-08-19,29.833,0.661,70.06,4.726
2006-08-20,29.306,0.226,65.57,3.4
2006-08-21,30.477,0.252,65.43,1.976
2006-08-22,30.28,1.712,68.08,1.368
2006-08-23,29.456,4.413,75.85,1.117
2006-08-24,29.662,3.494,75.96,1.118
2006-08-25,30.199,1.368,68.07,1.993
2006-08-26,30.862,0.289,60.46,3.548
2006-08-27,29.713,1.894,67.48,1.304
2006-08-28,29.985,0.334,63.68,0.971
2006-08-29,29.841,0.754,66.15,0.648
2006-08-30,27.716,5.898,73.75,3.221
2006-08-31,28.143,4.788,71.66,3.341
2006-09-01,26.384,17.887,78.21,6.219
2006-09-02,23.674,12.265,93.94,4.829
2006-09-03,26.353,1.309,78.46,1.282
2006-09-04,27.752,0.003,74.32,1.27
2006-09-05,28.641,1.798,79.59,1.22
2006-09-06,29.275,0.283,73.3,2.849
2006-09-07,29.184,0.95,73.01,2.074
2006-09-08,29.619,0.135,66.42,1.299
2006-09-09,29.396,0.33,65.7,2.705
2006-09-10,29.502,0.005,62.81,2.478
2006-09-11,29.869,0.399,64.28,2.032
2006-09-12,30.494,0.118,60.7,1.761
2006-09-13,30.505,0.401,61.46,0.985
2006-09-14,29.731,0.989,62.87,0.837
2006-09-15,29.727,0.312,64.13,0.85
2006-09-16,30.105,0.093,59.42,1.214
2006-09-17,30.7,0.062,54.96,0.864
2006-09-18,30.999,0.084,54.7,2.209
2006-09-19,31.797,0.021,52.6,2.722
2006-09-20,30.732,1.421,59.94,2.519
2006-09-21,29.658,0.789,63.65,1.978
2006-09-22,29.464,0.086,57.99,0.972
2006-09-23,28.853,0.001,50.53,1.905
2006-09-24,28.756,0.002,47.33,1.913
2006-09-25,29.247,0.001,46.17,1.651
2006-09-26,29.491,0.001,45.29,2.311
2006-09-27,29.772,0.002,42.04,2.882
2006-09-28,29.538,0.0,38.88,2.981
2006-09-29,29.221,0.001,38.84,2.67
2006-09-30,29.503,0.097,48.04,0.544
2006-10-01,29.613,0.001,42.96,0.94
2006-10-02,29.209,0.0,40.08,1.418
2006-10-03,29.935,0.0,40.11,2.156
2006-10-04,30.08,0.002,39.86,2.342
2006-10-05,29.597,0.001,38.67,2.649
2006-10-06,29.694,0.0,40.21,1.75
2006-10-07,30.16,0.002,44.03,2.615
2006-10-08,30.134,0.0,47.36,2.737
2006-10-09,29.811,0.002,43.74,3.081
2006-10-10,29.522,0.0,39.55,3.394
2006-10-11,29.624,0.001,39.84,3.687
2006-10-12,29.195,0.0,42.7,1.728
2006-10-13,28.498,0.071,40.49,1.184
2006-10-14,27.337,0.214,41.43,2.112
2006-10-15,27.128,0.0,41.63,2.748
2006-10-16,27.189,0.001,46.75,2.63
2006-10-17,27.221,0.003,48.6,1.578
2006-10-18,26.69,0.418,53.32,0.944
2006-10-19,25.496,0.578,58.59,3.766
2006-10-20,22.769,1.539,65.16,2.391
2006-10-21,23.849,0.126,54.79,0.62
2006-10-22,22.242,3.129,72.4,2.037
2006-10-23,23.214,0.04,60.91,0.921
2006-10-24,23.096,0.001,53.66,1.451
2006-10-25,23.519,0.001,55.58,0.896
2006-10-26,24.519,0.002,53.9,0.184
2006-10-27,24.863,0.195,51.93,0.736
2006-10-28,24.837,0.004,49.77,0.261
2006-10-29,24.261,0.002,51.87,1.502
2006-10-30,23.974,0.0,52.43,1.97
2006-10-31,23.807,0.003,54.89,0.897
2006-11-01,23.752,0.001,53.64,1.051
2006-11-02,23.73,0.0,54.99,0.832
2006-11-03,23.904,0.001,55.89,1.234
2006-11-04,23.88,0.0,57.52,2.73
2006-11-05,23.777,0.0,57.31,2.744
2006-11-06,23.739,0.0,59.24,0.802
2006-11-07,23.173,0.959,59.81,0.732
2006-11-08,23.184,0.91,58.3,1.65
2006-11-09,23.456,0.11,59.62,1.353
2006-11-10,23.606,0.002,58.25,0.472
2006-11-11,23.735,0.001,54.3,0.795
2006-11-12,23.105,0.001,59.17,1.154
2006-11-13,22.624,0.002,55.44,2.156
2006-11-14,21.633,0.002,48.91,2.275
2006-11-15,21.226,0.002,49.18,2.246
2006-11-16,21.214,0.0,53.38,2.602
2006-11-17,22.164,0.001,54.3,2.534
2006-11-18,21.848,0.279,55.65,2.548
2006-11-19,21.162,0.0,57.33,3.915
2006-11-20,20.528,0.001,50.05,4.146
2006-11-21,20.131,0.0,52.51,2.424
2006-11-22,19.356,0.961,67.79,2.237
2006-11-23,19.043,0.001,59.84,2.349
2006-11-24,17.438,0.001,52.87,2.713
2006-11-25,16.649,0.001,43.04,2.696
2006-11-26,16.182,0.001,42.09,3.129
2006-11-27,16.08,0.007,45.56,1.451
2006-11-28,16.456,0.001,47.34,1.99
2006-11-29,16.897,0.0,43.38,2.777
2006-11-30,17.413,0.0,41.62,3.826
2006-12-01,16.948,0.001,40.63,3.868
2006-12-02,16.758,0.002,40.04,3.392
2006-12-03,18.056,-0.0,40.98,1.917
2006-12-04,17.314,1.595,58.08,1.148
2006-12-05,18.786,5.106,66.52,2.427
2006-12-06,17.85,0.105,71.91,1.732
2006-12-07,16.283,0.003,64.51,2.334
2006-12-08,13.992,0.002,63.52,2.498
2006-12-09,13.674,0.001,68.14,1.932
2006-12-10,15.519,0.419,67.83,1.388
2006-12-11,14.29,0.924,72.03,1.238
2006-12-12,13.799,0.003,66.9,2.793
2006-12-13,14.221,0.004,57.47,3.529
2006-12-14,15.392,0.001,50.29,4.03
2006-12-15,15.893,0.001,45.63,3.826
2006-12-16,16.551,0.0,49.37,3.534
2006-12-17,16.003,0.002,52.7,3.151
2006-12-18,14.759,0.001,55.2,2.299
2006-12-19,15.469,0.001,59.49,1.907
2006-12-20,16.144,0.001,70.97,2.713
2006-12-21,16.397,0.001,69.39,0.949
2006-12-22,16.077,0.0,70.99,2.437
2006-12-23,14.508,0.002,60.73,2.301
2006-12-24,14.265,0.002,58.61,2.016
2006-12-25,14.199,0.0,56.57,2.536
2006-12-26,13.655,7.767,82.96,1.691
2006-12-27,14.506,0.003,73.07,3.703
2006-12-28,12.981,0.001,65.66,2.657
2006-12-29,12.372,0.001,66.42,1.506
2006-12-30,12.592,0.001,68.7,0.991
2006-12-31,13.054,0.001,72.64,1.3
2007-01-01,12.539,0.001,70.45,2.574
2007-01-02,12.935,0.001,65.33,3.741
2007-01-03,12.081,0.0,54.48,3.922
2007-01-04,11.643,0.001,49.13,3.684
2007-01-05,10.884,0.0,49.1,3.267
2007-01-06,10.209,0.002,51.34,2.832
2007-01-07,9.87,0.001,56.39,2.994
2007-01-08,10.663,0.001,59.68,2.032
2007-01-09,11.387,0.0,63.43,1.186
2007-01-10,11.389,0.002,58.72,2.843
2007-01-11,11.475,0.0,63.27,2.779
2007-01-12,11.615,0.001,55.43,2.79
2007-01-13,12.606,0.0,48.92,3.658
2007-01-14,12.599,0.002,49.81,3.01
2007-01-15,13.046,0.001,49.83,2.515
2007-01-16,13.522,0.0,50.45,2.757
2007-01-17,14.522,0.001,47.66,3.461
2007-01-18,14.86,0.001,50.65,2.898
2007-01-19,15.157,0.0,54.96,2.814
2007-01-20,13.918,0.0,55.18,3.145
2007-01-21,13.448,0.0,48.55,3.602
2007-01-22,13.235,0.0,42.75,3.501
2007-01-23,13.048,0.002,50.08,2.155
2007-01-24,14.967,0.003,51.24,2.36
2007-01-25,16.994,0.002,56.3,3.534
2007-01-26,17.445,0.0,66.97,0.824
2007-01-27,19.031,0.007,66.41,1.725
2007-01-28,20.069,0.001,65.7,1.434
2007-01-29,20.152,0.655,67.39,0.26
2007-01-30,19.052,1.792,74.94,0.863
2007-01-31,18.602,0.001,67.88,3.46
2007-02-01,17.579,0.0,59.35,2.65
2007-02-02,17.424,0.0,59.13,0.773
2007-02-03,17.286,0.033,61.65,0.998
2007-02-04,18.095,0.002,61.73,2.588
2007-02-05,18.181,0.072,64.06,2.314
2007-02-06,18.734,0.176,62.5,2.046
2007-02-07,16.878,4.406,79.78,0.86
2007-02-08,16.9,0.013,74.9,0.804
2007-02-09,18.081,1.386,73.25,3.572
2007-02-10,15.61,33.504,91.53,5.423
2007-02-11,15.046,12.903,94.24,4.392
2007-02-12,14.847,2.922,89.46,2.503
2007-02-13,12.522,13.332,92.91,1.049
2007-02-14,12.681,0.231,81.21,0.475
2007-02-15,13.508,0.694,79.02,0.463
2007-02-16,13.929,0.973,77.06,1.894
2007-02-17,13.672,0.013,75.15,1.824
2007-02-18,15.077,0.119,69.1,1.272
2007-02-19,15.883,0.0,71.63,2.777
2007-02-20,15.643,0.002,68.48,3.794
2007-02-21,16.674,0.071,72.49,2.678
2007-02-22,17.698,0.001,70.15,2.915
2007-02-23,16.315,0.0,65.84,2.462
2007-02-24,17.014,0.092,61.92,0.805
2007-02-25,17.216,1.45,76.47,0.641
2007-02-26,17.578,0.081,70.55,0.672
2007-02-27,19.226,7.04,72.43,3.467
2007-02-28,16.595,24.968,90.37,2.771
2007-03-01,15.519,2.12,85.87,1.402
2007-03-02,15.571,0.002,73.2,2.796
2007-03-03,16.789,0.001,66.81,3.0
2007-03-04,18.184,0.003,60.99,3.656
2007-03-05,18.235,0.002,58.31,4.534
2007-03-06,16.561,0.001,55.04,4.0
2007-03-07,17.292,0.002,55.13,3.528
2007-03-08,18.224,0.001,57.3,1.205
2007-03-09,20.228,0.876,57.3,3.087
2007-03-10,20.241,0.357,58.75,3.319
2007-03-11,19.495,19.173,68.89,2.684
2007-03-12,17.21,35.562,86.09,4.146
2007-03-13,17.429,6.811,84.94,2.344
2007-03-14,16.192,0.885,76.68,1.749
2007-03-15,16.729,0.0,62.5,4.212
2007-03-16,18.497,0.003,59.97,4.62
2007-03-17,19.816,0.0,65.23,3.458
2007-03-18,21.185,0.001,70.61,2.043
2007-03-19,24.0,0.047,70.22,2.097
2007-03-20,23.295,4.38,76.21,2.318
2007-03-21,22.029,6.103,74.19,2.091
2007-03-22,22.102,0.08,70.1,2.133
2007-03-23,21.121,0.001,58.96,3.333
2007-03-24,21.599,0.0,51.12,3.407
2007-03-25,22.142,0.001,47.41,4.394
2007-03-26,22.664,0.002,44.55,4.089
2007-03-27,23.658,0.002,47.01,3.667
2007-03-28,24.409,0.0,51.7,2.244
2007-03-29,25.537,0.0,52.61,1.178
2007-03-30,27.136,0.002,49.96,0.857
2007-03-31,28.546,0.638,43.71,2.348
2007-04-01,28.275,0.035,31.24,2.222
2007-04-02,25.961,0.001,33.61,3.893
2007-04-03,26.122,0.001,27.41,4.75
2007-04-04,27.17,0.001,26.62,4.77
2007-04-05,28.236,0.0,33.17,3.484
2007-04-06,29.164,0.003,30.05,3.45
2007-04-07,28.394,0.612,36.97,1.104
2007-04-08,28.312,0.208,30.44,1.289
2007-04-09,28.307,0.001,25.08,3.747
2007-04-10,29.565,0.0,26.08,3.747
2007-04-11,30.128,0.0,24.95,2.974
2007-04-12,30.63,0.001,26.7,2.047
2007-04-13,30.993,0.001,29.31,0.977
2007-04-14,31.004,0.002,31.75,0.735
2007-04-15,31.627,0.001,33.3,1.288
2007-04-16,31.923,0.0,31.84,1.647
2007-04-17,31.878,0.242,33.55,2.931
2007-04-18,30.138,0.995,44.92,4.056
2007-04-19,30.601,0.084,39.15,0.936
2007-04-20,31.788,0.018,27.17,2.105
2007-04-21,31.996,0.002,24.92,2.671
2007-04-22,32.635,0.029,20.82,1.351
2007-04-23,33.072,0.126,17.74,2.697
2007-04-24,32.745,0.003,15.68,3.542
2007-04-25,32.49,0.0,14.54,1.7
2007-04-26,32.131,0.002,16.58,2.366
2007-04-27,33.301,0.001,19.21,2.661
2007-04-28,33.202,0.001,21.04,1.035
2007-04-29,33.448,0.002,21.11,1.628
2007-04-30,33.293,0.057,28.26,2.743
2007-05-01,32.875,0.544,35.29,2.828
2007-05-02,31.007,2.136,45.06,3.471
2007-05-03,31.492,2.039,42.26,1.956
2007-05-04,31.305,1.463,43.82,1.987
2007-05-05,31.751,0.491,42.89,0.32
2007-05-06,32.907,0.334,32.99,0.832
2007-05-07,32.813,0.149,35.48,2.464
2007-05-08,32.244,1.725,41.82,2.171
2007-05-09,32.394,1.52,38.45,1.067
2007-05-10,32.385,0.644,33.45,0.868
2007-05-11,30.846,1.109,32.17,0.513
2007-05-12,29.832,0.038,44.68,2.86
2007-05-13,31.335,0.001,45.16,2.563
2007-05-14,32.601,0.0,41.78,1.409
2007-05-15,34.464,0.003,30.7,0.445
2007-05-16,32.398,3.66,45.37,1.96
2007-05-17,33.027,0.373,43.81,1.533
2007-05-18,33.215,0.003,45.43,3.504
2007-05-19,33.222,0.058,45.19,1.222
2007-05-20,34.361,0.0,29.13,3.057
2007-05-21,34.035,0.003,29.36,3.317
2007-05-22,33.037,0.098,32.23,1.247
2007-05-23,33.607,0.0,21.19,2.553
2007-05-24,33.414,0.003,18.17,1.822
2007-05-25,33.641,0.52,20.71,1.478
2007-05-26,30.389,0.557,31.1,3.604
2007-05-27,30.012,0.708,32.48,1.285
2007-05-28,31.107,0.204,27.43,0.942
2007-05-29,31.644,0.033,27.21,2.029
2007-05-30,32.862,0.001,24.7,2.058
2007-05-31,33.906,0.001,21.5,2.576
2007-06-01,34.846,0.001,19.57,3.164
2007-06-02,36.462,0.001,17.0,2.84
2007-06-03,36.407,0.127,18.12,2.367
2007-06-04,35.072,0.004,24.76,3.222
2007-06-05,35.704,0.002,27.24,4.873
2007-06-06,36.908,0.001,28.58,4.644
2007-06-07,38.034,0.0,27.05,4.97
2007-06-08,38.447,0.0,26.85,4.172
2007-06-09,39.604,0.002,23.94,3.337
2007-06-10,39.212,0.0,30.03,0.838
2007-06-11,35.833,0.007,46.21,3.896
2007-06-12,32.599,1.037,58.49,4.376
2007-06-13,32.434,0.891,60.69,4.124
2007-06-14,30.728,0.947,67.11,4.306
2007-06-15,30.488,3.11,65.53,3.33
2007-06-16,29.981,7.391,69.88,1.27
2007-06-17,29.013,4.665,73.99,0.736
2007-06-18,29.396,3.859,70.68,0.954
2007-06-19,30.161,2.784,69.68,0.49
2007-06-20,29.981,1.982,70.13,1.148
2007-06-21,29.517,1.653,72.39,2.334
2007-06-22,31.492,0.597,64.68,2.85
2007-06-23,31.935,0.269,62.09,4.801
2007-06-24,32.639,0.467,60.53,3.975
2007-06-25,31.027,6.33,68.57,1.746
2007-06-26,30.437,6.108,70.54,2.641
2007-06-27,31.144,6.285,67.71,2.745
2007-06-28,28.412,18.748,83.17,1.521
2007-06-29,30.086,1.256,74.74,2.449
2007-06-30,32.432,0.184,63.0,0.588
2007-07-01,31.755,1.276,65.45,3.864
2007-07-02,30.439,4.835,71.73,4.247
2007-07-03,28.421,19.603,82.73,3.629
2007-07-04,28.222,2.961,81.67,3.062
2007-07-05,29.764,4.856,78.57,1.956
2007-07-06,30.09,4.915,79.09,1.011
2007-07-07,30.832,9.286,74.85,1.511
2007-07-08,29.35,8.986,78.94,2.677
2007-07-09,29.893,2.224,72.07,3.136
2007-07-10,30.436,0.158,70.04,2.418
2007-07-11,31.048,1.323,71.12,1.571
2007-07-12,30.398,3.292,76.1,0.775
2007-07-13,30.241,5.865,77.17,1.762
2007-07-14,29.978,2.266,73.71,1.358
2007-07-15,29.942,3.553,75.84,0.811
2007-07-16,30.028,2.752,72.5,0.495
2007-07-17,31.271,0.493,68.27,1.107
2007-07-18,31.966,0.878,65.32,2.457
2007-07-19,32.025,1.703,59.31,3.141
2007-07-20,31.92,0.856,56.08,3.065
2007-07-21,31.864,1.122,54.46,2.921
2007-07-22,31.384,0.335,58.02,2.06
2007-07-23,30.977,5.981,62.55,0.919
2007-07-24,29.613,0.998,71.98,1.161
2007-07-25,30.846,1.234,66.57,2.145
2007-07-26,31.581,2.01,63.26,2.856
2007-07-27,30.938,3.749,68.04,0.765
2007-07-28,30.055,3.523,73.23,1.475
2007-07-29,29.9,1.863,74.02,1.907
2007-07-30,31.062,3.17,68.52,0.88
2007-07-31,30.193,7.068,74.49,0.958
2007-08-01,29.729,10.214,75.85,1.167
2007-08-02,26.703,12.636,90.49,1.653
2007-08-03,26.738,9.219,87.6,1.435
2007-08-04,27.689,9.402,85.97,1.596
2007-08-05,28.553,9.907,83.94,1.748
2007-08-06,28.961,14.049,82.97,2.027
2007-08-07,30.9,0.21,72.33,2.279
2007-08-08,30.369,0.743,73.65,3.428
2007-08-09,29.649,0.477,74.84,3.611
2007-08-10,30.716,0.477,71.6,1.038
2007-08-11,31.15,0.977,68.88,2.411
2007-08-12,30.077,0.847,69.65,3.291
2007-08-13,30.001,1.759,69.89,3.365
2007-08-14,29.943,2.375,67.36,2.752
2007-08-15,31.215,0.505,62.35,3.186
2007-08-16,30.837,2.004,63.9,3.422
2007-08-17,31.914,0.215,57.33,3.345
2007-08-18,31.94,0.6,57.19,1.375
2007-08-19,27.681,4.394,81.73,1.88
2007-08-20,27.945,5.712,80.98,2.539
2007-08-21,29.601,0.572,69.93,2.471
2007-08-22,29.54,2.247,72.51,3.343
2007-08-23,29.913,1.089,68.84,1.223
2007-08-24,30.725,1.787,66.77,0.974
2007-08-25,30.392,2.681,68.62,0.358
2007-08-26,30.392,2.492,71.08,1.376
2007-08-27,30.337,1.236,72.47,2.98
2007-08-28,28.719,1.759,76.81,3.432
2007-08-29,28.148,4.008,81.25,2.624
2007-08-30,29.022,6.673,76.56,2.351
2007-08-31,27.278,5.215,85.47,2.563
2007-09-01,28.594,2.636,77.11,2.366
2007-09-02,28.793,6.99,80.53,2.43
2007-09-03,29.029,13.272,79.17,1.691
2007-09-04,28.835,2.444,82.33,1.508
2007-09-05,29.832,13.541,77.2,1.066
2007-09-06,27.512,8.473,82.8,1.05
2007-09-07,27.156,2.753,82.74,0.776
2007-09-08,28.34,1.692,78.8,1.72
2007-09-09,28.9,0.765,72.62,2.207
2007-09-10,28.855,2.12,73.47,1.942
2007-09-11,28.478,1.32,74.95,2.144
2007-09-12,28.661,0.259,67.9,2.133
2007-09-13,28.469,0.479,68.1,1.23
2007-09-14,27.652,1.428,73.56,1.112
2007-09-15,28.56,0.221,68.33,1.351
2007-09-16,29.083,0.046,65.68,1.258
2007-09-17,30.099,0.014,61.29,0.705
2007-09-18,31.208,0.465,59.52,0.046
2007-09-19,30.711,1.24,65.04,1.635
2007-09-20,30.073,1.899,68.64,2.407
2007-09-21,29.959,3.487,68.55,2.089
2007-09-22,30.223,0.247,56.25,2.895
2007-09-23,29.896,0.0,48.98,1.813
2007-09-24,30.466,0.09,49.32,1.39
2007-09-25,28.962,2.357,63.27,0.753
2007-09-26,26.935,0.309,69.29,1.847
2007-09-27,26.991,0.365,71.07,1.47
2007-09-28,26.63,1.027,72.09,1.523
2007-09-29,26.851,0.287,69.47,0.721
2007-09-30,28.09,-0.0,39.87,2.707
2007-10-01,27.689,0.001,34.07,3.505
2007-10-02,27.42,0.001,37.29,1.452
2007-10-03,27.694,0.001,40.37,1.891
2007-10-04,27.975,0.0,36.42,0.901
2007-10-05,28.448,0.002,28.13,2.284
2007-10-06,27.956,0.001,24.53,3.735
2007-10-07,27.659,0.0,25.4,4.189
2007-10-08,27.337,0.0,24.25,3.762
2007-10-09,26.738,0.0,24.06,2.976
2007-10-10,26.303,0.001,25.49,2.142
2007-10-11,26.789,0.0,24.47,2.627
2007-10-12,26.838,0.0,24.46,3.382
2007-10-13,26.77,0.003,26.3,2.86
2007-10-14,26.399,0.002,31.53,0.807
2007-10-15,27.077,0.016,40.07,0.896
2007-10-16,25.241,1.034,58.95,1.802
2007-10-17,24.977,0.513,57.41,1.153
2007-10-18,25.866,0.001,39.73,2.171
2007-10-19,25.7,0.0,40.22,2.002
2007-10-20,25.836,0.0,38.01,1.452
2007-10-21,25.966,0.0,33.94,0.971
2007-10-22,25.537,0.003,36.85,1.082
2007-10-23,25.119,0.0,38.55,1.965
2007-10-24,24.89,0.003,38.74,2.026
2007-10-25,25.118,0.0,47.27,1.899
2007-10-26,25.589,0.002,43.55,2.328
2007-10-27,25.703,0.002,38.0,2.969
2007-10-28,24.998,-0.0,32.56,2.928
2007-10-29,23.826,0.0,35.88,1.284
2007-10-30,23.304,0.001,40.66,0.944
2007-10-31,23.724,0.0,40.68,1.478
2007-11-01,23.232,0.002,40.83,1.715
2007-11-02,23.054,0.001,39.13,2.096
2007-11-03,22.773,0.001,39.75,0.495
2007-11-04,23.78,0.003,38.56,0.701
2007-11-05,23.365,0.0,44.42,1.978
2007-11-06,22.988,0.001,54.2,1.501
2007-11-07,23.296,0.002,55.29,2.652
2007-11-08,22.968,0.368,63.44,2.789
2007-11-09,22.703,0.001,59.92,2.061
2007-11-10,22.543,0.0,59.9,1.399
2007-11-11,22.996,0.001,56.38,0.462
2007-11-12,22.514,0.0,54.69,0.565
2007-11-13,22.354,0.0,56.08,0.378
2007-11-14,21.907,0.003,60.44,0.631
2007-11-15,21.956,0.0,58.23,1.035
2007-11-16,21.757,0.003,51.17,2.882
2007-11-17,20.684,0.001,50.74,2.49
2007-11-18,19.91,0.001,48.98,0.292
2007-11-19,19.392,0.0,47.69,1.449
2007-11-20,19.785,0.001,45.32,3.603
2007-11-21,19.551,0.0,49.33,2.435
2007-11-22,19.782,0.003,54.87,1.718
2007-11-23,19.269,0.001,53.86,1.376
2007-11-24,19.58,0.001,60.06,1.378
2007-11-25,19.548,0.0,62.23,1.724
2007-11-26,19.35,0.001,64.88,0.713
2007-11-27,18.84,0.0,63.03,1.275
2007-11-28,18.907,0.001,57.76,0.777
2007-11-29,20.026,0.062,54.28,2.495
2007-11-30,18.963,0.409,62.78,1.783
2007-12-01,19.069,0.001,59.81,1.255
2007-12-02,17.701,4.121,70.47,0.584
2007-12-03,17.218,0.0,57.7,2.559
2007-12-04,15.735,0.001,54.75,2.667
2007-12-05,15.711,0.0,56.13,1.553
2007-12-06,16.318,0.001,56.41,1.344
2007-12-07,15.751,0.001,58.55,1.672
2007-12-08,15.447,0.0,58.64,2.191
2007-12-09,15.256,0.06,68.85,0.654
2007-12-10,16.616,2.523,65.8,1.327
2007-12-11,15.328,5.369,68.02,2.951
2007-12-12,15.73,4.053,73.01,1.35
2007-12-13,14.49,1.804,84.57,0.79
2007-12-14,13.805,0.001,73.44,3.406
2007-12-15,13.239,0.0,58.41,3.187
2007-12-16,12.657,0.0,55.34,2.761
2007-12-17,12.717,0.001,57.53,2.847
2007-12-18,12.485,0.001,60.35,1.435
2007-12-19,12.417,0.0,64.53,0.932
2007-12-20,13.335,0.001,62.42,2.884
2007-12-21,16.101,0.001,50.9,4.29
2007-12-22,16.843,0.003,48.31,5.584
2007-12-23,17.417,0.0,51.39,3.088
2007-12-24,16.819,0.0,64.4,2.719
2007-12-25,15.681,0.001,61.92,3.081
2007-12-26,14.329,0.001,53.95,2.915
2007-12-27,13.592,0.0,46.84,3.332
2007-12-28,13.054,0.001,47.52,3.574
2007-12-29,12.34,0.001,49.27,2.81
2007-12-30,12.412,0.0,50.27,3.376
2007-12-31,12.236,0.0,45.31,3.206
2008-01-01,11.568,0.001,49.31,2.269
2008-01-02,11.219,0.0,54.12,2.4
2008-01-03,12.301,0.001,59.28,2.146
2008-01-04,12.797,0.003,55.53,2.496
2008-01-05,14.216,0.001,60.52,1.714
2008-01-06,14.968,0.023,64.47,1.694
2008-01-07,16.603,0.001,56.37,0.757
2008-01-08,17.471,0.548,60.76,1.424
2008-01-09,18.381,3.687,67.57,2.369
2008-01-10,15.932,2.503,73.97,0.986
2008-01-11,13.667,0.001,65.97,2.572
2008-01-12,12.308,0.001,58.98,3.708
2008-01-13,13.342,0.0,52.01,4.006
2008-01-14,13.491,0.0,50.87,4.236
2008-01-15,15.083,0.0,50.84,3.86
2008-01-16,16.475,0.001,53.0,3.147
2008-01-17,17.544,0.41,66.03,1.697
2008-01-18,15.415,0.119,75.65,0.614
2008-01-19,12.06,0.054,74.66,1.768
2008-01-20,11.306,0.0,56.98,3.153
2008-01-21,10.349,0.002,51.68,3.06
2008-01-22,10.173,0.003,50.77,2.653
2008-01-23,10.118,0.208,51.05,2.819
2008-01-24,10.918,0.0,42.29,2.335
2008-01-25,11.743,0.013,47.41,2.319
2008-01-26,11.601,0.008,47.74,2.675
2008-01-27,10.43,0.002,45.63,2.853
2008-01-28,10.372,0.669,51.07,2.413
2008-01-29,11.235,0.003,53.02,1.572
2008-01-30,11.439,0.071,53.1,1.486
2008-01-31,11.403,0.0,52.46,2.538
2008-02-01,11.462,0.0,47.92,2.154
2008-02-02,12.458,1.897,49.46,0.978
2008-02-03,13.188,0.067,56.29,3.304
2008-02-04,14.498,0.011,58.7,1.252
2008-02-05,13.431,0.386,67.69,1.454
2008-02-06,13.64,2.211,69.32,1.599
2008-02-07,12.911,0.01,53.78,1.141
2008-02-08,11.618,0.002,58.6,3.269
2008-02-09,11.703,0.0,61.22,3.79
2008-02-10,11.627,0.001,53.54,3.22
2008-02-11,11.985,0.0,46.0,3.019
2008-02-12,12.765,0.004,35.9,4.38
2008-02-13,12.605,0.001,38.37,4.015
2008-02-14,13.873,0.0,44.39,2.403
2008-02-15,15.953,0.001,43.53,2.91
2008-02-16,18.155,0.001,39.83,4.361
2008-02-17,18.378,0.002,47.07,3.027
2008-02-18,17.37,0.001,51.22,1.997
2008-02-19,17.112,0.0,47.83,1.008
2008-02-20,17.501,0.002,43.95,0.168
2008-02-21,18.963,0.071,45.18,2.727
2008-02-22,20.835,0.038,49.11,4.463
2008-02-23,20.036,0.027,57.9,1.552
2008-02-24,18.76,0.001,47.48,1.992
2008-02-25,18.259,0.0,42.89,3.85
2008-02-26,17.507,0.001,34.54,3.758
2008-02-27,18.791,0.001,36.93,2.741
2008-02-28,20.352,0.001,40.62,2.429
2008-02-29,21.635,0.003,45.94,0.908
2008-03-01,22.461,0.002,43.13,0.602
2008-03-02,22.642,0.001,44.72,2.25
2008-03-03,22.095,0.018,50.79,1.223
2008-03-04,22.765,0.0,40.74,1.596
2008-03-05,23.093,0.001,41.78,1.933
2008-03-06,24.689,0.002,41.58,1.853
2008-03-07,23.759,0.438,55.63,2.35
2008-03-08,23.762,0.001,55.36,1.265
2008-03-09,23.381,0.0,43.74,2.475
2008-03-10,23.252,0.001,40.01,3.26
2008-03-11,23.636,0.001,38.02,3.744
2008-03-12,23.51,0.005,39.7,2.983
2008-03-13,21.987,0.001,46.98,1.955
2008-03-14,22.42,0.0,49.39,1.755
2008-03-15,23.451,0.001,43.87,3.254
2008-03-16,24.64,0.0,43.29,2.546
2008-03-17,25.608,0.001,41.24,1.545
2008-03-18,26.537,0.041,33.89,1.052
2008-03-19,24.212,1.707,36.98,2.805
2008-03-20,24.18,0.002,32.21,1.458
2008-03-21,24.461,0.002,30.61,2.551
2008-03-22,25.357,0.016,28.16,2.697
2008-03-23,25.069,0.009,30.48,2.627
2008-03-24,24.84,0.0,30.52,2.059
2008-03-25,25.303,0.001,30.76,2.065
2008-03-26,26.239,0.0,27.26,2.901
2008-03-27,26.133,0.0,29.88,3.272
2008-03-28,25.45,0.407,30.56,2.141
2008-03-29,25.508,0.001,30.58,1.481
2008-03-30,26.407,0.031,34.45,0.381
2008-03-31,25.982,1.955,38.1,1.879
2008-04-01,23.511,2.843,51.52,1.998
2008-04-02,25.357,0.351,41.44,0.405
2008-04-03,23.094,2.18,55.14,0.616
2008-04-04,23.17,3.417,57.01,2.621
2008-04-05,20.422,8.526,74.31,2.821
2008-04-06,21.606,0.007,57.92,1.562
2008-04-07,23.749,0.001,49.1,3.111
2008-04-08,25.882,0.0,46.98,4.473
2008-04-09,27.125,0.006,40.17,3.874
2008-04-10,28.105,0.001,36.27,4.281
2008-04-11,28.476,0.368,39.46,3.097
2008-04-12,29.019,0.176,37.81,0.903
2008-04-13,29.545,0.004,26.95,2.306
2008-04-14,30.589,0.116,22.06,2.505
2008-04-15,31.284,0.001,22.29,2.211
2008-04-16,26.577,1.506,41.79,1.839
2008-04-17,26.895,0.0,32.72,3.194
2008-04-18,28.291,0.001,23.25,3.659
2008-04-19,29.897,0.001,19.01,3.531
2008-04-20,30.915,0.0,19.47,3.705
2008-04-21,32.078,0.0,17.28,3.956
2008-04-22,33.252,0.002,16.4,3.566
2008-04-23,33.358,0.002,15.63,3.518
2008-04-24,32.889,0.001,16.75,3.256
2008-04-25,33.409,0.001,14.23,3.09
2008-04-26,32.823,0.001,14.22,2.611
2008-04-27,32.091,0.002,13.73,3.375
2008-04-28,32.373,0.002,14.23,2.746
2008-04-29,33.251,0.002,13.08,1.885
2008-04-30,33.694,0.004,12.33,2.268
2008-05-01,33.841,0.005,10.97,2.703
2008-05-02,34.279,0.0,12.47,3.688
2008-05-03,35.098,0.002,13.87,3.514
2008-05-04,34.923,0.175,15.46,1.427
2008-05-05,31.098,1.771,36.51,1.543
2008-05-06,32.238,0.123,29.73,1.453
2008-05-07,32.079,0.005,24.89,1.974
2008-05-08,32.612,0.001,22.27,2.788
2008-05-09,31.275,0.025,29.69,3.112
2008-05-10,30.487,1.429,36.19,1.683
2008-05-11,30.712,0.801,34.23,0.364
2008-05-12,31.686,0.075,34.09,1.785
2008-05-13,32.519,0.137,32.03,0.93
2008-05-14,33.035,0.093,31.55,1.861
2008-05-15,33.773,0.001,31.37,2.531
2008-05-16,32.798,0.469,33.13,1.765
2008-05-17,33.489,1.406,30.15,1.646
2008-05-18,32.815,0.679,31.32,0.898
2008-05-19,31.456,1.044,44.78,1.148
2008-05-20,27.794,11.24,59.8,1.72
2008-05-21,26.373,3.747,68.35,1.927
2008-05-22,26.919,5.273,69.91,2.537
2008-05-23,28.565,0.321,63.35,1.569
2008-05-24,28.321,2.293,66.18,0.656
2008-05-25,29.542,0.646,59.13,0.961
2008-05-26,30.754,0.045,48.61,1.075
2008-05-27,30.188,0.625,42.87,2.751
2008-05-28,31.014,0.001,34.61,2.022
2008-05-29,31.103,0.672,34.23,1.331
2008-05-30,32.095,0.032,32.76,2.139
2008-05-31,32.882,0.03,33.3,1.531
2008-06-01,31.082,1.551,49.06,1.011
2008-06-02,32.369,0.825,46.51,0.471
2008-06-03,31.326,1.361,55.97,1.805
2008-06-04,32.214,1.375,52.16,0.541
2008-06-05,32.186,2.175,51.87,0.716
2008-06-06,31.925,0.265,56.14,1.702
2008-06-07,29.955,14.555,67.92,2.544
2008-06-08,28.565,3.663,72.9,2.465
2008-06-09,29.848,2.48,69.48,3.11
2008-06-10,30.141,3.896,69.95,2.969
2008-06-11,30.678,5.98,67.49,2.632
2008-06-12,29.773,9.267,73.16,2.387
2008-06-13,28.036,14.956,83.98,0.849
2008-06-14,28.737,11.329,80.93,0.593
2008-06-15,26.869,15.081,91.29,2.038
2008-06-16,26.256,9.897,93.41,1.958
2008-06-17,27.979,10.439,84.15,1.55
2008-06-18,28.963,0.414,76.49,2.928
2008-06-19,29.051,1.595,75.78,2.894
2008-06-20,28.304,3.642,79.02,2.174
2008-06-21,28.082,2.462,80.89,0.681
2008-06-22,29.095,3.819,78.27,1.083
2008-06-23,30.726,1.04,73.4,0.894
2008-06-24,30.049,2.718,74.41,0.317
2008-06-25,29.436,2.924,77.62,1.957
2008-06-26,31.283,3.674,70.26,0.888
2008-06-27,27.736,11.474,86.32,2.032
2008-06-28,28.095,5.667,83.11,1.39
2008-06-29,28.861,1.554,77.25,2.339
2008-06-30,29.371,0.995,75.05,0.606
2008-07-01,29.77,2.336,76.59,1.466
2008-07-02,30.749,1.097,73.78,0.821
2008-07-03,30.242,3.617,76.1,2.683
2008-07-04,29.493,1.456,77.06,2.478
2008-07-05,29.154,19.0,82.9,1.816
2008-07-06,28.218,2.527,82.84,1.863
2008-07-07,28.253,5.139,82.38,0.85
2008-07-08,28.666,13.791,80.54,2.765
2008-07-09,27.664,13.444,87.29,2.306
2008-07-10,29.947,1.64,77.64,1.686
2008-07-11,28.99,8.741,79.46,2.665
2008-07-12,27.554,11.749,83.75,2.598
2008-07-13,27.288,5.539,84.32,0.692
2008-07-14,27.717,9.516,83.24,2.073
2008-07-15,29.328,2.984,75.66,3.073
2008-07-16,29.341,3.789,76.12,1.724
2008-07-17,29.811,2.663,75.23,1.177
2008-07-18,30.468,0.344,69.85,1.301
2008-07-19,30.467,1.837,69.06,0.542
2008-07-20,29.175,12.349,80.83,1.329
2008-07-21,29.022,3.46,81.17,0.841
2008-07-22,30.4,0.5,72.43,0.961
2008-07-23,31.283,0.342,68.68,2.66
2008-07-24,31.343,0.737,70.53,0.512
2008-07-25,30.92,0.299,72.11,0.902
2008-07-26,29.497,1.182,78.38,2.791
2008-07-27,28.388,4.958,81.5,3.005
2008-07-28,29.274,3.843,78.67,2.528
2008-07-29,30.8,0.261,72.54,2.814
2008-07-30,30.219,0.535,74.96,3.155
2008-07-31,27.238,29.944,87.37,3.492
2008-08-01,28.161,4.448,79.71,2.678
2008-08-02,28.495,9.826,82.46,2.947
2008-08-03,28.15,10.894,83.59,2.761
2008-08-04,26.28,11.05,90.09,2.544
2008-08-05,26.399,18.985,91.28,1.248
2008-08-06,26.962,22.635,88.6,1.084
2008-08-07,26.071,31.286,92.25,0.958
2008-08-08,25.795,25.62,92.95,0.348
2008-08-09,28.36,0.881,82.09,1.04
2008-08-10,28.808,7.767,83.91,1.597
2008-08-11,29.191,3.331,81.81,2.581
2008-08-12,27.011,14.717,86.12,4.429
2008-08-13,25.381,17.316,94.47,4.087
2008-08-14,25.541,30.388,95.5,2.9
2008-08-15,26.559,16.127,89.63,1.815
2008-08-16,27.348,3.182,86.29,0.755
2008-08-17,27.034,1.998,87.99,0.801
2008-08-18,28.37,2.349,80.62,2.633
2008-08-19,28.703,1.059,76.72,3.296
2008-08-20,28.255,1.116,78.96,1.418
2008-08-21,27.133,9.312,81.72,0.664
2008-08-22,26.647,11.051,88.81,0.174
2008-08-23,27.267,12.793,88.49,0.997
2008-08-24,29.19,0.644,83.16,0.281
2008-08-25,29.745,2.106,81.55,0.302
2008-08-26,29.105,1.983,83.71,1.82
2008-08-27,29.671,0.113,79.32,0.487
2008-08-28,30.085,0.065,68.2,3.626
2008-08-29,29.343,0.331,70.65,2.437
2008-08-30,28.715,1.022,74.32,1.488
2008-08-31,28.097,0.34,77.87,0.599
2008-09-01,28.219,0.359,79.52,1.608
2008-09-02,29.031,0.242,78.07,2.117
2008-09-03,29.465,0.211,72.75,1.04
2008-09-04,29.317,0.368,73.23,0.323
2008-09-05,29.425,0.466,70.76,1.0
2008-09-06,27.144,6.497,77.88,1.11
2008-09-07,26.206,3.538,82.28,0.135
2008-09-08,26.446,0.318,79.69,1.407
2008-09-09,27.15,0.061,74.15,1.984
2008-09-10,28.14,0.017,73.31,0.669
2008-09-11,28.433,0.417,78.0,1.272
2008-09-12,28.639,0.303,77.39,1.368
2008-09-13,28.692,0.42,77.62,1.869
2008-09-14,28.927,1.581,76.46,1.658
2008-09-15,28.302,0.257,77.97,1.34
2008-09-16,29.038,0.89,73.77,0.559
2008-09-17,27.552,7.216,81.89,2.115
2008-09-18,26.36,5.652,82.3,1.894
2008-09-19,23.453,25.793,89.92,3.905
2008-09-20,24.794,0.55,80.45,1.101
2008-09-21,25.052,0.316,82.82,0.322
2008-09-22,25.481,0.053,79.84,1.478
2008-09-23,25.697,0.091,75.37,2.103
2008-09-24,26.12,0.0,68.95,3.121
2008-09-25,26.61,0.001,70.31,2.987
2008-09-26,27.276,0.024,69.37,2.949
2008-09-27,27.819,0.054,68.33,2.006
2008-09-28,28.118,0.001,68.29,2.535
2008-09-29,28.651,0.011,67.78,1.304
2008-09-30,27.703,1.062,77.65,1.636
2008-10-01,28.044,0.492,77.98,0.977
2008-10-02,28.21,0.276,75.51,0.992
2008-10-03,28.24,1.957,78.51,1.154
2008-10-04,29.066,0.324,72.19,1.388
2008-10-05,27.785,1.873,76.27,2.755
2008-10-06,28.058,0.052,73.06,3.07
2008-10-07,27.784,0.184,68.66,2.155
2008-10-08,27.302,1.01,63.95,0.779
2008-10-09,27.452,0.116,56.42,0.994
2008-10-10,27.142,0.002,56.83,1.977
2008-10-11,27.295,0.0,56.12,1.465
2008-10-12,27.932,0.002,56.4,0.072
2008-10-13,28.352,0.001,56.69,0.99
2008-10-14,27.582,0.541,56.52,3.643
2008-10-15,26.313,1.079,60.96,2.068
2008-10-16,25.363,0.684,60.53,1.136
2008-10-17,24.949,0.0,46.27,2.515
2008-10-18,24.578,0.0,45.8,1.895
2008-10-19,24.696,0.003,48.15,1.858
2008-10-20,24.764,0.001,48.93,1.456
2008-10-21,25.514,0.0,50.29,1.527
2008-10-22,25.587,0.321,50.41,1.656
2008-10-23,24.975,0.002,48.39,1.079
2008-10-24,24.539,0.003,49.34,0.729
2008-10-25,24.345,0.001,52.4,1.458
2008-10-26,24.086,0.0,53.66,0.813
2008-10-27,24.407,0.0,44.04,2.911
2008-10-28,24.662,0.001,52.84,0.945
2008-10-29,24.756,0.0,56.37,0.987
2008-10-30,25.355,0.002,51.58,2.555
2008-10-31,24.863,0.001,44.95,4.035
2008-11-01,23.824,0.002,43.22,3.196
2008-11-02,24.314,0.0,48.18,2.119
2008-11-03,24.499,0.0,49.66,0.77
2008-11-04,23.403,0.0,44.58,2.002
2008-11-05,23.274,0.0,40.5,0.75
2008-11-06,22.661,0.002,48.93,1.103
2008-11-07,22.587,0.0,55.67,0.855
2008-11-08,22.899,0.001,54.76,0.635
2008-11-09,22.58,0.001,55.49,1.224
2008-11-10,22.913,0.0,58.49,1.21
2008-11-11,23.127,0.002,58.06,0.337
2008-11-12,22.338,0.0,61.46,1.132
2008-11-13,21.982,0.0,60.22,2.553
2008-11-14,21.309,0.0,59.79,1.771
2008-11-15,21.493,0.001,52.82,1.189
2008-11-16,21.412,0.003,52.86,2.001
2008-11-17,21.402,0.0,55.33,2.077
2008-11-18,20.367,0.001,54.86,1.47
2008-11-19,20.924,4.568,54.15,0.714
2008-11-20,16.99,14.528,82.52,1.337
2008-11-21,16.948,0.002,54.01,3.116
2008-11-22,16.782,0.001,48.35,3.253
2008-11-23,17.197,0.002,49.71,2.908
2008-11-24,17.88,0.0,51.56,3.175
2008-11-25,17.094,0.0,65.28,0.928
2008-11-26,18.365,0.001,64.37,0.408
2008-11-27,17.919,0.002,67.54,1.318
2008-11-28,18.057,0.001,59.47,2.423
2008-11-29,17.65,0.001,53.77,2.724
2008-11-30,18.284,0.003,60.91,0.621
2008-12-01,19.04,0.001,69.56,0.263
2008-12-02,17.862,0.001,64.52,1.993
2008-12-03,17.62,0.0,61.29,2.554
2008-12-04,17.892,0.001,57.55,2.49
2008-12-05,17.825,0.003,60.46,1.651
2008-12-06,18.992,0.001,50.21,3.668
2008-12-07,18.766,0.002,54.76,1.883
2008-12-08,18.95,0.0,70.44,2.5
2008-12-09,19.481,0.001,74.04,0.774
2008-12-10,19.675,0.0,70.23,2.597
2008-12-11,17.428,0.0,63.75,2.535
2008-12-12,15.801,0.0,67.04,2.088
2008-12-13,15.027,0.0,58.62,1.898
2008-12-14,15.058,0.002,57.33,2.807
2008-12-15,16.662,0.001,53.73,2.913
2008-12-16,16.971,0.002,54.42,1.906
2008-12-17,18.208,0.0,61.11,2.532
2008-12-18,20.368,0.001,55.34,3.497
2008-12-19,19.457,0.001,62.92,2.784
2008-12-20,18.412,0.265,80.78,0.33
2008-12-21,17.802,0.003,77.26,3.341
2008-12-22,15.798,0.002,67.64,3.256
2008-12-23,14.924,0.001,58.32,2.882
2008-12-24,14.68,0.0,61.69,1.718
2008-12-25,14.692,0.001,65.11,0.971
2008-12-26,14.496,0.0,67.53,0.459
2008-12-27,14.651,0.001,68.56,0.788
2008-12-28,14.873,0.0,74.54,1.215
2008-12-29,13.957,0.0,78.28,2.06
2008-12-30,13.718,0.0,79.5,2.189
2008-12-31,13.977,0.001,71.83,2.931
2009-01-01,13.114,0.0,67.88,2.488
2009-01-02,13.406,0.0,66.96,0.779
2009-01-03,13.631,0.408,67.51,1.478
2009-01-04,14.383,2.581,68.82,1.361
2009-01-05,13.472,0.088,78.95,1.322
2009-01-06,13.018,0.116,74.05,1.116
2009-01-07,12.62,0.002,70.05,1.305
2009-01-08,12.724,0.001,73.55,1.491
2009-01-09,13.705,0.001,71.29,1.068
2009-01-10,13.98,0.0,69.71,2.522
2009-01-11,13.438,0.0,72.11,2.514
2009-01-12,12.739,0.001,68.6,2.158
2009-01-13,13.198,0.0,69.42,2.042
2009-01-14,14.425,0.001,67.98,2.674
2009-01-15,15.389,0.0,64.79,2.239
2009-01-16,17.738,0.002,65.4,1.824
2009-01-17,17.121,0.057,80.05,2.171
2009-01-18,17.266,2.229,85.37,0.526
2009-01-19,15.019,0.012,78.53,3.453
2009-01-20,14.418,0.0,63.71,4.008
2009-01-21,14.967,0.001,56.19,3.807
2009-01-22,16.371,0.001,55.79,3.556
2009-01-23,17.994,0.001,55.73,3.952
2009-01-24,18.04,0.003,63.67,2.823
2009-01-25,18.638,0.002,67.35,2.452
2009-01-26,17.377,0.003,70.66,1.484
2009-01-27,16.392,0.002,69.75,2.903
2009-01-28,16.003,0.0,67.23,3.343
2009-01-29,15.56,0.003,67.7,1.829
2009-01-30,15.607,0.001,67.46,2.869
2009-01-31,15.85,0.0,60.1,3.794
2009-02-01,15.614,0.001,55.44,2.97
2009-02-02,15.463,0.001,58.76,1.757
2009-02-03,16.944,0.001,60.65,1.25
2009-02-04,18.389,0.0,59.95,0.888
2009-02-05,18.961,0.489,61.17,2.77
2009-02-06,18.678,0.25,68.97,1.048
2009-02-07,17.085,0.0,61.29,3.103
2009-02-08,15.847,0.005,55.34,2.425
2009-02-09,17.042,0.0,54.04,0.888
2009-02-10,16.769,11.423,71.41,0.942
2009-02-11,14.209,3.08,83.81,0.631
2009-02-12,15.382,0.0,76.21,2.674
2009-02-13,16.963,0.003,71.48,0.592
2009-02-14,17.533,0.071,72.99,1.248
2009-02-15,15.752,0.001,65.64,3.096
2009-02-16,15.317,0.0,63.66,2.627
2009-02-17,15.804,0.002,60.17,2.628
2009-02-18,17.366,0.0,57.67,3.671
2009-02-19,17.963,0.0,49.1,3.474
2009-02-20,19.741,0.0,50.45,2.392
2009-02-21,20.376,0.001,41.12,3.308
2009-02-22,20.741,0.0,41.71,2.867
2009-02-23,21.372,0.001,46.19,1.151
2009-02-24,21.872,0.008,51.84,1.359
2009-02-25,20.927,0.001,45.33,2.526
2009-02-26,20.525,0.002,38.83,3.265
2009-02-27,20.368,0.001,35.71,3.987
2009-02-28,19.562,0.001,27.54,4.794
2009-03-01,21.051,0.001,27.71,4.009
2009-03-02,22.103,0.002,43.88,2.949
2009-03-03,23.669,0.0,50.41,2.215
2009-03-04,23.615,0.002,47.02,0.599
2009-03-05,22.426,0.001,46.16,3.781
2009-03-06,21.857,0.0,38.86,0.915
2009-03-07,21.777,0.002,40.9,2.299
2009-03-08,20.856,0.001,39.69,2.331
2009-03-09,20.909,0.002,37.65,1.999
2009-03-10,20.972,0.0,35.07,3.091
2009-03-11,20.97,0.0,32.6,3.706
2009-03-12,21.644,0.001,37.82,3.898
2009-03-13,22.707,0.001,42.9,0.821
2009-03-14,22.838,0.001,45.52,0.926
2009-03-15,23.079,0.001,43.43,1.869
2009-03-16,23.205,0.001,42.69,0.377
2009-03-17,24.023,0.006,40.26,1.401
2009-03-18,24.735,0.001,40.78,1.449
2009-03-19,24.514,0.748,41.67,1.132
2009-03-20,24.075,0.236,41.09,2.095
2009-03-21,23.37,0.002,44.82,0.979
2009-03-22,23.609,0.001,39.39,2.109
2009-03-23,24.199,0.368,41.9,1.325
2009-03-24,25.393,0.613,40.17,0.824
2009-03-25,21.269,3.107,62.99,0.989
2009-03-26,22.164,0.0,50.04,2.091
2009-03-27,21.053,4.989,66.61,0.606
2009-03-28,23.16,0.842,60.45,0.982
2009-03-29,22.264,3.084,63.58,2.013
2009-03-30,23.618,0.0,53.38,3.63
2009-03-31,24.297,0.002,40.87,4.568
2009-04-01,26.102,-0.0,42.36,3.341
2009-04-02,27.522,0.005,40.47,0.182
2009-04-03,27.574,0.001,32.82,1.964
2009-04-04,27.369,0.0,30.98,4.242
2009-04-05,26.52,0.001,33.99,3.346
2009-04-06,25.784,0.262,39.93,0.415
2009-04-07,26.509,0.02,30.51,1.192
2009-04-08,22.672,26.819,52.57,2.735
2009-04-09,21.017,0.305,61.66,1.845
2009-04-10,22.558,0.001,47.77,3.505
2009-04-11,25.246,0.001,44.67,3.843
2009-04-12,27.237,0.034,42.81,2.64
2009-04-13,28.053,0.0,33.88,3.029
2009-04-14,28.971,0.001,34.01,0.055
2009-04-15,29.413,0.228,29.45,0.478
2009-04-16,28.917,0.149,26.23,3.04
2009-04-17,28.369,0.001,23.96,4.237
2009-04-18,30.156,0.001,22.09,5.841
2009-04-19,31.768,0.001,20.95,5.648
2009-04-20,32.334,0.0,21.58,2.739
2009-04-21,31.434,0.003,19.98,3.28
2009-04-22,29.205,0.0,16.63,2.346
2009-04-23,29.211,0.0,14.42,3.826
2009-04-24,29.253,0.001,13.15,3.829
2009-04-25,29.083,0.003,13.56,3.854
2009-04-26,30.588,0.003,14.52,4.225
2009-04-27,33.07,0.003,17.01,4.496
2009-04-28,33.855,0.003,20.73,3.901
2009-04-29,33.962,0.037,19.63,2.833
2009-04-30,33.772,0.001,18.09,3.243
2009-05-01,34.169,0.004,16.37,2.286
2009-05-02,33.596,0.278,18.74,0.522
2009-05-03,30.5,0.829,37.09,2.065
2009-05-04,31.256,1.219,34.08,2.314
2009-05-05,28.881,2.414,41.32,1.533
2009-05-06,29.458,0.0,30.57,3.751
2009-05-07,29.974,0.084,26.01,3.897
2009-05-08,31.177,0.484,24.72,3.041
2009-05-09,32.011,0.137,21.74,3.01
2009-05-10,32.225,0.631,23.33,1.77
2009-05-11,30.173,0.219,34.97,1.774
2009-05-12,29.912,0.001,41.62,1.582
2009-05-13,31.499,0.001,35.2,1.492
2009-05-14,32.339,0.169,36.0,2.324
2009-05-15,32.025,0.564,41.69,3.437
2009-05-16,33.331,0.241,38.12,1.911
2009-05-17,34.448,0.0,30.63,0.138
2009-05-18,35.201,0.003,26.02,0.739
2009-05-19,35.391,0.001,30.38,1.706
2009-05-20,34.822,0.003,36.28,1.706
2009-05-21,34.806,0.165,34.07,0.613
2009-05-22,35.452,0.177,25.85,0.434
2009-05-23,33.541,0.234,34.06,1.44
2009-05-24,32.576,0.129,36.55,1.229
2009-05-25,31.458,0.755,37.65,0.956
2009-05-26,32.361,0.087,26.99,2.181
2009-05-27,33.912,0.001,24.94,0.672
2009-05-28,33.01,0.618,39.14,1.933
2009-05-29,31.718,1.937,48.63,3.424
2009-05-30,29.234,0.516,57.97,3.48
2009-05-31,31.863,0.003,45.19,1.066
2009-06-01,30.63,6.057,53.79,1.184
2009-06-02,34.89,0.0,38.11,4.826
2009-06-03,36.065,0.003,34.82,5.461
2009-06-04,36.872,0.002,28.98,4.472
2009-06-05,35.349,0.041,28.58,1.684
2009-06-06,34.262,0.005,25.92,0.145
2009-06-07,33.804,0.0,19.21,2.662
2009-06-08,33.701,0.002,16.02,2.981
2009-06-09,34.295,0.0,17.38,2.687
2009-06-10,34.979,0.005,23.17,2.182
2009-06-11,33.809,1.189,36.04,2.398
2009-06-12,34.162,0.005,26.54,2.242
2009-06-13,35.078,0.058,22.5,2.656
2009-06-14,34.225,0.063,30.52,2.113
2009-06-15,31.009,1.726,43.65,2.425
2009-06-16,31.269,0.004,39.33,2.433
2009-06-17,32.035,0.004,33.15,4.036
2009-06-18,33.041,0.002,29.53,4.318
2009-06-19,33.888,0.001,26.72,3.973
2009-06-20,34.655,0.003,23.9,3.911
2009-06-21,35.636,0.002,18.06,4.32
2009-06-22,36.055,0.0,17.82,4.298
2009-06-23,36.671,0.0,18.46,4.17
2009-06-24,37.223,0.001,23.21,4.241
2009-06-25,36.494,0.004,31.28,2.788
2009-06-26,37.235,0.004,32.1,2.967
2009-06-27,37.564,0.003,32.88,2.783
2009-06-28,36.889,0.525,40.12,0.719
2009-06-29,33.734,0.963,56.93,2.145
2009-06-30,31.851,9.324,65.81,1.603
2009-07-01,30.861,10.685,69.77,2.263
2009-07-02,30.517,5.359,68.14,1.49
2009-07-03,30.314,4.526,68.57,0.859
2009-07-04,31.488,0.673,63.3,0.98
2009-07-05,32.225,0.002,48.66,1.978
2009-07-06,33.093,0.001,47.65,0.344
2009-07-07,34.256,0.0,48.47,1.853
2009-07-08,33.53,0.974,56.71,3.446
2009-07-09,32.255,0.57,60.24,3.954
2009-07-10,31.565,2.014,65.68,3.309
2009-07-11,30.71,8.239,72.09,1.964
2009-07-12,29.283,15.14,81.28,1.128
2009-07-13,29.562,3.834,78.94,2.318
2009-07-14,30.011,1.791,76.05,0.106
2009-07-15,30.587,9.441,74.06,1.687
2009-07-16,31.447,3.196,66.73,1.874
2009-07-17,31.59,0.049,65.8,3.537
2009-07-18,30.104,12.136,74.78,3.501
2009-07-19,30.899,1.674,71.77,0.555
2009-07-20,30.219,7.14,76.73,1.172
2009-07-21,30.08,24.022,77.97,1.315
2009-07-22,30.142,3.44,74.93,2.093
2009-07-23,29.939,3.231,73.36,4.024
2009-07-24,29.166,2.237,76.45,3.601
2009-07-25,30.152,0.388,71.48,1.004
2009-07-26,31.628,1.236,70.39,1.264
2009-07-27,29.493,10.768,80.0,1.891
2009-07-28,29.153,1.18,71.84,1.697
2009-07-29,29.44,1.439,73.31,0.677
2009-07-30,29.778,3.927,75.14,2.268
2009-07-31,30.177,2.036,71.81,2.152
2009-08-01,30.758,0.949,69.48,2.046
2009-08-02,31.267,0.604,68.74,2.093
2009-08-03,31.949,0.95,64.86,2.395
2009-08-04,31.903,0.124,61.5,1.877
2009-08-05,31.891,0.571,61.15,2.018
2009-08-06,32.436,0.016,58.54,1.667
2009-08-07,32.398,0.558,61.67,1.268
2009-08-08,32.695,0.078,60.48,1.831
2009-08-09,33.052,0.143,57.4,2.579
2009-08-10,33.13,0.54,57.69,0.483
2009-08-11,31.882,1.226,67.47,2.212
2009-08-12,32.679,0.415,62.08,0.538
2009-08-13,31.873,2.107,68.31,0.495
2009-08-14,30.39,3.339,72.74,1.433
2009-08-15,26.217,64.591,90.16,1.851
2009-08-16,26.001,50.815,91.97,2.374
2009-08-17,27.574,7.68,85.11,0.811
2009-08-18,29.542,4.759,79.75,1.328
2009-08-19,28.825,3.706,80.03,1.081
2009-08-20,29.186,0.785,77.9,0.887
2009-08-21,29.314,0.695,77.98,1.039
2009-08-22,29.536,1.375,75.67,1.339
2009-08-23,29.789,0.69,74.8,0.789
2009-08-24,29.549,6.324,77.62,0.521
2009-08-25,27.547,2.218,81.67,2.48
2009-08-26,28.418,2.177,80.78,1.772
2009-08-27,28.272,8.148,81.82,1.47
2009-08-28,28.424,9.849,81.65,1.989
2009-08-29,29.162,1.914,74.88,2.908
2009-08-30,27.172,8.059,86.4,3.298
2009-08-31,27.748,8.473,85.0,2.411
2009-09-01,28.644,2.231,83.35,0.3
2009-09-02,28.247,3.732,82.81,1.633
2009-09-03,27.138,4.62,84.12,2.656
2009-09-04,26.271,2.337,84.83,1.294
2009-09-05,26.904,0.358,80.97,0.882
2009-09-06,26.877,0.005,73.69,1.902
2009-09-07,27.746,0.0,74.93,1.538
2009-09-08,27.166,2.694,77.57,2.595
2009-09-09,26.114,10.541,84.03,2.637
2009-09-10,24.555,40.95,93.3,2.245
2009-09-11,23.67,39.568,92.95,2.992
2009-09-12,24.53,1.259,85.66,1.841
2009-09-13,27.049,0.467,80.69,2.491
2009-09-14,27.398,0.0,75.44,1.824
2009-09-15,27.116,0.002,73.52,1.373
2009-09-16,27.951,0.0,72.1,2.412
2009-09-17,27.652,0.001,71.91,2.531
2009-09-18,27.886,0.0,73.81,1.821
2009-09-19,28.502,0.01,74.73,0.342
2009-09-20,29.129,0.067,74.97,1.574
2009-09-21,29.359,0.034,76.68,2.554
2009-09-22,29.116,0.054,77.3,2.037
2009-09-23,29.446,0.058,77.03,0.986
2009-09-24,29.412,0.009,71.69,0.277
2009-09-25,29.34,0.011,70.19,0.814
2009-09-26,28.313,0.337,78.41,1.618
2009-09-27,29.019,0.115,72.16,1.15
2009-09-28,29.192,0.0,63.98,1.75
2009-09-29,29.268,0.0,69.32,0.517
2009-09-30,29.499,0.397,71.25,1.376
2009-10-01,29.712,0.165,71.25,2.193
2009-10-02,29.93,0.07,62.51,2.018
2009-10-03,28.965,0.163,66.15,2.382
2009-10-04,26.742,1.386,73.42,2.878
2009-10-05,24.795,0.478,73.14,2.452
2009-10-06,25.214,0.105,74.93,0.643
2009-10-07,26.735,0.002,57.09,1.509
2009-10-08,26.69,0.001,52.99,0.812
2009-10-09,26.526,0.005,49.36,0.647
2009-10-10,26.595,0.022,47.98,0.589
2009-10-11,25.579,0.0,47.72,1.349
2009-10-12,25.59,0.002,43.21,0.866
2009-10-13,24.776,0.002,48.29,0.778
2009-10-14,25.267,0.001,47.94,0.851
2009-10-15,25.453,0.0,43.41,1.325
2009-10-16,24.8,0.0,41.0,2.185
2009-10-17,24.374,0.0,34.68,2.691
2009-10-18,23.955,0.0,34.72,2.108
2009-10-19,23.415,0.0,40.46,2.471
2009-10-20,23.3,0.0,37.75,2.862
2009-10-21,23.641,0.0,39.58,1.952
2009-10-22,23.499,0.003,37.97,2.607
2009-10-23,22.962,0.001,33.09,3.567
2009-10-24,22.487,0.001,35.59,3.018
2009-10-25,22.229,0.0,37.47,2.425
2009-10-26,21.607,0.002,39.22,2.618
2009-10-27,21.605,0.001,39.3,2.674
2009-10-28,22.093,0.001,41.77,2.3
2009-10-29,23.413,0.001,39.55,3.435
2009-10-30,23.933,0.003,37.87,3.849
2009-10-31,23.413,0.0,47.9,0.852
2009-11-01,23.643,0.0,52.85,2.167
2009-11-02,23.531,0.002,57.54,2.11
2009-11-03,23.172,0.001,60.07,0.817
2009-11-04,23.272,0.001,56.84,0.536
2009-11-05,23.027,0.0,57.99,1.092
2009-11-06,22.715,0.002,58.35,0.726
2009-11-07,22.607,0.002,56.29,0.26
2009-11-08,22.477,0.0,54.25,1.255
2009-11-09,23.102,0.262,55.24,2.547
2009-11-10,21.29,0.0,51.32,2.352
2009-11-11,19.071,0.0,48.67,2.666
2009-11-12,19.354,0.581,56.25,1.897
2009-11-13,19.195,0.398,74.2,1.662
2009-11-14,21.752,0.326,74.06,1.071
2009-11-15,20.915,0.368,74.27,1.69
2009-11-16,20.024,0.0,62.12,1.612
2009-11-17,19.63,0.001,52.27,2.186
2009-11-18,18.649,0.0,42.86,3.565
2009-11-19,17.415,0.001,36.7,3.572
2009-11-20,16.45,0.001,40.93,2.814
2009-11-21,16.355,0.0,50.26,1.453
2009-11-22,17.198,0.001,53.03,0.779
2009-11-23,17.805,0.001,50.06,2.199
2009-11-24,17.659,0.0,50.61,2.522
2009-11-25,18.339,0.0,52.48,2.315
2009-11-26,19.067,0.002,48.74,2.983
2009-11-27,16.968,0.001,47.59,2.578
2009-11-28,16.078,0.0,48.31,1.618
2009-11-29,16.839,0.002,51.36,2.108
2009-11-30,17.615,0.001,54.67,0.552
2009-12-01,17.888,0.001,56.06,1.314
2009-12-02,18.141,0.0,59.71,2.234
2009-12-03,18.464,0.0,59.75,1.065
2009-12-04,18.201,0.001,60.42,0.758
2009-12-05,18.694,0.002,57.64,1.134
2009-12-06,18.561,0.0,55.92,1.476
2009-12-07,17.556,0.001,51.99,2.747
2009-12-08,15.124,0.0,49.75,1.97
2009-12-09,16.696,0.0,52.82,0.957
2009-12-10,18.077,0.002,52.19,2.013
2009-12-11,18.046,0.003,54.59,2.792
2009-12-12,17.567,0.001,52.68,2.696
2009-12-13,15.883,0.003,53.26,1.818
2009-12-14,16.61,0.341,57.83,1.746
2009-12-15,16.559,0.925,64.69,1.443
2009-12-16,16.708,0.001,59.95,2.203
2009-12-17,16.238,0.0,60.07,1.912
2009-12-18,15.368,0.001,55.06,2.414
2009-12-19,14.699,0.001,58.37,1.985
2009-12-20,14.337,0.0,57.32,2.336
2009-12-21,13.991,0.001,54.8,3.04
2009-12-22,14.001,0.001,50.98,2.863
2009-12-23,13.887,0.001,52.44,2.552
2009-12-24,14.149,0.0,53.5,2.882
2009-12-25,13.423,0.002,55.87,2.713
2009-12-26,13.503,0.001,60.31,1.52
2009-12-27,13.117,0.0,62.39,0.767
2009-12-28,13.525,0.001,61.9,2.137
2009-12-29,13.119,0.002,64.5,1.77
2009-12-30,12.967,0.003,62.79,2.13
2009-12-31,13.416,0.0,61.36,2.733
2010-01-01,14.012,0.0,67.66,1.985
2010-01-02,13.955,0.3,70.98,0.737
2010-01-03,12.752,5.832,84.79,1.988
2010-01-04,12.095,0.001,83.97,4.302
2010-01-05,12.68,0.0,75.82,3.295
2010-01-06,12.46,0.0,83.49,0.311
2010-01-07,12.406,0.006,82.61,0.681
2010-01-08,13.128,0.0,82.45,1.377
2010-01-09,11.829,0.0,87.98,2.168
2010-01-10,12.311,0.001,82.13,2.18
2010-01-11,11.869,0.0,78.99,2.267
2010-01-12,12.595,4.391,75.68,1.255
2010-01-13,12.612,1.41,79.55,1.526
2010-01-14,13.034,0.001,78.58,2.818
2010-01-15,13.381,0.002,73.2,2.937
2010-01-16,13.109,0.003,76.17,2.208
2010-01-17,11.627,0.004,87.6,0.947
2010-01-18,11.657,0.026,86.23,1.819
2010-01-19,11.867,0.044,89.99,2.056
2010-01-20,11.84,0.136,92.15,1.434
2010-01-21,12.204,0.146,90.99,2.088
2010-01-22,12.954,0.074,89.67,0.472
2010-01-23,13.686,0.146,86.2,0.394
2010-01-24,14.962,0.061,83.38,1.383
2010-01-25,16.38,0.0,81.27,0.832
2010-01-26,15.24,0.003,84.33,1.58
2010-01-27,15.908,0.011,75.1,0.753
2010-01-28,17.37,0.001,70.3,1.687
2010-01-29,17.542,0.001,67.82,1.16
2010-01-30,15.366,0.003,65.67,3.101
2010-01-31,14.888,0.003,62.57,1.369
2010-02-01,14.913,0.002,65.22,1.272
2010-02-02,14.803,0.004,63.72,2.439
2010-02-03,14.99,0.004,56.47,2.705
2010-02-04,16.182,0.002,51.34,3.202
2010-02-05,17.319,0.002,55.66,3.191
2010-02-06,18.734,0.002,56.05,1.716
2010-02-07,19.624,0.01,59.09,1.21
2010-02-08,18.993,10.589,67.4,3.429
2010-02-09,16.165,3.104,69.58,1.66
2010-02-10,15.127,0.431,83.71,0.743
2010-02-11,14.674,0.001,74.6,1.429
2010-02-12,15.512,0.001,66.19,1.552
2010-02-13,15.69,0.18,69.01,2.367
2010-02-14,14.952,0.001,68.42,1.82
2010-02-15,16.287,0.001,62.25,1.124
2010-02-16,16.812,0.0,53.14,1.114
2010-02-17,15.427,0.003,60.26,3.031
2010-02-18,15.611,0.001,53.85,3.089
2010-02-19,16.115,0.0,52.19,2.562
2010-02-20,17.21,0.001,50.32,2.868
2010-02-21,18.661,0.0,52.56,2.357
2010-02-22,20.168,2.314,58.62,0.826
2010-02-23,18.304,5.196,74.22,1.612
2010-02-24,19.213,0.02,67.85,1.742
2010-02-25,20.01,0.002,62.33,2.776
2010-02-26,20.97,0.003,55.1,2.717
2010-02-27,22.253,0.0,51.5,3.012
2010-02-28,22.531,0.001,56.55,2.048
2010-03-01,22.736,0.046,57.45,0.99
2010-03-02,23.001,0.0,51.42,2.668
2010-03-03,21.731,0.005,49.12,2.058
2010-03-04,21.911,0.0,51.19,2.231
2010-03-05,21.207,0.0,52.47,2.663
2010-03-06,21.647,0.365,50.99,2.566
2010-03-07,21.076,0.001,53.01,3.044
2010-03-08,20.252,0.001,56.59,3.419
2010-03-09,21.34,0.0,55.13,2.579
2010-03-10,21.83,0.0,50.72,2.672
2010-03-11,22.068,0.002,49.33,2.25
2010-03-12,22.825,0.0,48.86,2.376
2010-03-13,23.877,0.001,47.69,3.198
2010-03-14,24.298,0.003,47.98,2.864
2010-03-15,24.068,0.001,48.97,1.447
2010-03-16,24.414,0.006,50.16,2.016
2010-03-17,25.309,0.0,49.03,1.172
2010-03-18,25.713,0.0,52.75,1.02
2010-03-19,26.66,0.0,54.37,2.701
2010-03-20,27.524,0.001,55.29,1.848
2010-03-21,28.454,0.0,50.53,2.037
2010-03-22,28.611,0.0,41.92,2.262
2010-03-23,28.665,0.001,35.01,1.093
2010-03-24,28.802,0.0,36.04,1.83
2010-03-25,27.573,0.0,44.18,1.073
2010-03-26,28.503,0.002,34.28,0.763
2010-03-27,28.825,0.001,27.76,2.702
2010-03-28,28.359,0.0,30.87,3.596
2010-03-29,28.161,0.0,39.85,2.467
2010-03-30,27.732,0.059,31.75,0.633
2010-03-31,27.167,0.001,31.65,1.326
2010-04-01,27.24,0.003,26.82,2.288
2010-04-02,28.428,0.031,24.14,1.409
2010-04-03,28.75,0.003,24.98,1.863
2010-04-04,29.108,0.002,21.21,2.509
2010-04-05,29.764,0.264,18.75,3.423
2010-04-06,28.721,0.001,18.53,4.171
2010-04-07,29.753,0.002,17.86,3.676
2010-04-08,30.929,0.005,20.95,2.841
2010-04-09,32.5,0.0,17.12,4.223
2010-04-10,32.119,0.002,18.37,3.516
2010-04-11,32.601,-0.0,19.41,2.104
2010-04-12,31.781,0.359,23.66,2.191
2010-04-13,31.754,0.0,21.72,4.002
2010-04-14,32.594,0.003,17.5,3.773
2010-04-15,33.214,0.001,17.66,2.708
2010-04-16,34.713,0.001,16.49,3.253
2010-04-17,35.21,0.001,16.89,2.723
2010-04-18,34.833,0.647,21.41,0.08
2010-04-19,33.596,0.572,26.69,0.818
2010-04-20,33.83,0.057,22.96,0.705
2010-04-21,32.63,0.045,21.85,1.129
2010-04-22,32.043,0.002,21.9,1.978
2010-04-23,31.84,0.001,19.31,2.816
2010-04-24,30.873,0.22,20.39,2.113
2010-04-25,31.436,0.003,18.73,2.256
2010-04-26,33.569,0.002,17.44,2.822
2010-04-27,34.042,0.096,19.86,2.696
2010-04-28,31.925,1.886,27.81,0.579
2010-04-29,32.914,0.043,26.37,0.518
2010-04-30,33.232,0.223,27.22,1.24
2010-05-01,31.461,3.858,34.56,0.274
2010-05-02,30.367,1.092,37.23,1.582
2010-05-03,31.7,0.003,34.73,1.745
2010-05-04,33.265,-0.0,33.6,1.833
2010-05-05,32.464,2.13,39.59,2.345
2010-05-06,31.366,1.641,47.64,2.335
2010-05-07,28.488,5.336,64.52,2.332
2010-05-08,30.082,0.002,44.11,2.407
2010-05-09,31.556,0.002,33.91,3.813
2010-05-10,32.579,0.002,24.2,2.809
2010-05-11,33.074,0.002,20.04,2.774
2010-05-12,33.374,0.009,17.04,2.509
2010-05-13,34.911,0.049,13.66,0.211
2010-05-14,34.559,0.014,14.54,1.465
2010-05-15,35.042,0.0,15.99,0.864
2010-05-16,36.211,0.001,15.06,0.963
2010-05-17,36.739,1.343,18.57,0.71
2010-05-18,36.195,0.494,23.95,0.558
2010-05-19,34.808,0.0,21.42,3.684
2010-05-20,34.806,0.001,14.93,3.843
2010-05-21,35.161,0.001,15.02,2.06
2010-05-22,36.402,0.003,19.77,1.531
2010-05-23,35.0,2.632,30.96,1.493
2010-05-24,35.637,0.077,24.13,1.27
2010-05-25,36.13,0.049,19.46,1.886
2010-05-26,36.201,0.001,18.56,1.269
2010-05-27,35.416,1.316,34.64,3.695
2010-05-28,33.439,0.641,46.18,6.075
2010-05-29,31.917,1.198,50.6,4.123
2010-05-30,33.221,0.005,29.22,2.185
2010-05-31,34.64,0.0,19.04,2.9
2010-06-01,36.668,0.041,15.86,3.744
2010-06-02,36.811,0.086,22.2,4.257
2010-06-03,35.221,0.209,32.37,3.934
2010-06-04,34.441,0.766,36.5,2.692
2010-06-05,32.415,1.522,40.92,2.8
2010-06-06,32.516,0.017,35.64,4.181
2010-06-07,25.4,19.575,64.94,2.987
2010-06-08,24.255,3.91,74.93,2.958
2010-06-09,29.021,0.003,52.74,3.254
2010-06-10,30.744,0.041,44.95,2.792
2010-06-11,31.879,0.001,39.87,2.35
2010-06-12,32.68,0.007,34.86,1.341
2010-06-13,33.059,0.052,35.68,1.588
2010-06-14,31.623,0.987,49.26,1.227
2010-06-15,31.774,1.746,44.23,2.492
2010-06-16,32.667,0.117,36.89,1.514
2010-06-17,33.171,0.012,34.75,1.723
2010-06-18,34.322,0.0,31.66,1.943
2010-06-19,35.344,0.0,30.2,0.743
2010-06-20,36.316,0.001,32.85,1.099
2010-06-21,36.599,0.001,36.57,1.019
2010-06-22,35.9,0.01,38.4,1.36
2010-06-23,36.226,0.213,39.48,1.182
2010-06-24,34.134,5.452,50.97,0.446
2010-06-25,31.593,2.796,60.29,0.761
2010-06-26,34.11,0.001,48.58,1.559
2010-06-27,34.999,0.032,44.57,0.094
2010-06-28,34.509,0.882,50.18,1.718
2010-06-29,34.681,0.707,47.56,0.538
2010-06-30,34.658,0.169,49.2,0.522
2010-07-01,32.993,0.385,57.73,2.074
2010-07-02,32.414,0.909,59.78,1.968
2010-07-03,32.953,0.6,58.84,2.865
2010-07-04,29.759,10.126,73.76,3.07
2010-07-05,27.2,52.868,87.75,3.658
2010-07-06,27.118,40.888,88.44,3.095
2010-07-07,28.947,15.081,81.27,2.189
2010-07-08,30.736,2.808,76.59,0.697
2010-07-09,31.628,2.219,71.74,1.966
2010-07-10,32.163,0.646,66.62,3.623
2010-07-11,31.422,1.486,68.99,3.023
2010-07-12,28.205,14.79,81.14,0.408
2010-07-13,29.296,0.79,76.3,0.643
2010-07-14,30.779,0.584,72.8,1.208
2010-07-15,30.583,0.835,75.62,1.145
2010-07-16,30.97,1.567,75.02,2.167
2010-07-17,29.59,3.134,81.06,3.405
2010-07-18,30.4,3.341,79.69,1.505
2010-07-19,28.658,25.122,86.98,2.078
2010-07-20,26.307,9.009,93.2,0.662
2010-07-21,27.258,18.742,88.2,0.437
2010-07-22,27.573,5.786,84.68,2.377
2010-07-23,29.181,1.387,82.23,0.283
2010-07-24,29.711,7.682,82.78,0.686
2010-07-25,28.876,5.973,83.6,2.585
2010-07-26,29.557,11.084,78.46,4.261
2010-07-27,26.604,16.172,88.29,5.743
2010-07-28,27.718,8.268,85.44,3.092
2010-07-29,28.517,20.326,85.04,0.617
2010-07-30,27.809,5.746,86.6,1.319
2010-07-31,26.636,21.743,92.29,1.979
2010-08-01,26.769,5.874,90.1,2.434
2010-08-02,27.951,6.519,83.6,4.135
2010-08-03,28.432,2.016,78.14,4.996
2010-08-04,28.613,10.117,80.65,4.323
2010-08-05,27.403,14.543,88.72,3.436
2010-08-06,29.787,0.414,80.13,1.846
2010-08-07,29.755,0.638,78.38,2.712
2010-08-08,29.716,1.824,78.27,2.693
2010-08-09,30.389,3.461,79.52,1.3
2010-08-10,29.379,14.068,83.43,1.031
2010-08-11,28.217,7.219,88.03,0.833
2010-08-12,27.936,7.073,88.39,1.432
2010-08-13,28.038,10.09,87.54,1.181
2010-08-14,27.005,9.761,89.91,1.507
2010-08-15,28.072,5.529,86.55,2.109
2010-08-16,28.178,6.858,87.49,1.734
2010-08-17,28.626,11.803,87.49,0.662
2010-08-18,28.17,16.746,88.64,1.156
2010-08-19,26.767,12.906,92.64,1.085
2010-08-20,26.404,19.839,93.73,1.762
2010-08-21,26.608,16.358,92.59,1.183
2010-08-22,26.94,6.543,88.92,2.089
2010-08-23,27.849,5.515,87.04,1.381
2010-08-24,27.344,14.168,87.24,0.453
2010-08-25,26.842,7.741,85.77,1.453
2010-08-26,26.764,6.492,88.02,1.04
2010-08-27,28.563,0.837,81.88,0.371
2010-08-28,28.802,1.947,83.12,1.011
2010-08-29,28.389,0.65,82.69,1.71
2010-08-30,28.681,1.054,80.46,2.427
2010-08-31,28.313,1.337,84.84,2.37
2010-09-01,28.231,8.182,85.76,1.937
2010-09-02,27.206,3.819,88.94,2.06
2010-09-03,27.376,9.966,89.37,1.635
2010-09-04,26.545,12.35,89.89,1.521
2010-09-05,26.359,4.141,89.8,1.963
2010-09-06,27.415,4.569,87.28,1.395
2010-09-07,26.746,10.459,89.41,2.519
2010-09-08,26.48,5.685,89.52,2.726
2010-09-09,27.649,6.595,84.02,3.026
2010-09-10,27.221,4.997,85.64,2.556
2010-09-11,25.819,24.824,91.44,2.388
2010-09-12,25.38,39.733,93.15,2.438
2010-09-13,25.509,13.804,93.05,1.148
2010-09-14,25.768,8.254,89.28,0.828
2010-09-15,25.725,5.66,88.05,1.257
2010-09-16,26.35,1.015,84.62,0.6
2010-09-17,26.181,0.177,79.05,0.756
2010-09-18,24.565,3.082,86.54,1.757
2010-09-19,23.349,39.11,92.26,2.739
2010-09-20,24.66,14.318,91.03,2.907
2010-09-21,25.308,17.354,90.57,2.819
2010-09-22,24.985,3.93,87.57,3.047
2010-09-23,25.107,0.586,81.8,2.24
2010-09-24,25.555,0.25,81.36,0.954
2010-09-25,26.014,0.066,78.25,2.453
2010-09-26,26.218,0.0,75.15,2.553
2010-09-27,26.165,0.0,70.25,2.889
2010-09-28,25.637,0.001,69.81,2.924
2010-09-29,25.86,0.0,69.58,2.485
2010-09-30,26.095,0.001,72.18,1.876
2010-10-01,26.544,0.0,75.54,0.982
2010-10-02,27.144,0.003,73.26,0.228
2010-10-03,26.935,0.002,71.55,0.767
2010-10-04,26.283,0.61,71.61,0.511
2010-10-05,26.27,0.002,71.19,0.684
2010-10-06,26.186,0.014,73.14,0.688
2010-10-07,26.426,0.01,75.44,0.256
2010-10-08,26.422,0.299,77.15,1.168
2010-10-09,26.347,0.095,72.96,0.959
2010-10-10,26.32,0.003,67.42,0.589
2010-10-11,26.083,0.015,64.8,1.605
2010-10-12,25.806,0.0,63.55,2.245
2010-10-13,25.662,0.002,65.41,2.539
2010-10-14,25.86,0.001,66.14,1.821
2010-10-15,26.193,0.0,67.8,1.478
2010-10-16,26.379,0.002,62.96,1.076
2010-10-17,26.252,0.099,73.0,2.22
2010-10-18,26.596,0.068,71.0,1.082
2010-10-19,26.63,0.009,69.38,0.975
2010-10-20,26.516,0.026,69.11,1.14
2010-10-21,25.817,0.001,63.45,0.829
2010-10-22,24.23,12.201,69.57,4.312
2010-10-23,22.404,0.051,68.12,1.865
2010-10-24,21.807,0.0,54.88,2.744
2010-10-25,20.886,0.0,56.21,2.07
2010-10-26,21.174,0.0,54.59,1.722
2010-10-27,21.443,0.001,54.53,2.433
2010-10-28,21.159,0.0,54.93,2.665
2010-10-29,21.314,0.022,58.03,0.802
2010-10-30,21.425,0.001,60.83,0.821
2010-10-31,21.905,0.002,60.29,1.95
2010-11-01,21.508,0.0,62.77,1.506
2010-11-02,21.568,0.001,61.4,1.734
2010-11-03,21.69,0.001,61.0,2.1
2010-11-04,22.016,0.001,61.04,1.021
2010-11-05,21.885,0.002,65.23,1.252
2010-11-06,22.173,0.002,62.19,1.161
2010-11-07,23.28,0.002,61.22,0.597
2010-11-08,23.506,0.001,63.9,0.486
2010-11-09,22.573,0.0,65.49,1.353
2010-11-10,21.164,0.002,56.51,2.533
2010-11-11,20.801,0.0,54.68,0.772
2010-11-12,21.13,0.0,58.4,1.111
2010-11-13,21.796,0.003,59.36,1.271
2010-11-14,22.474,0.024,61.84,0.593
2010-11-15,22.411,0.019,55.42,1.729
2010-11-16,21.676,0.047,61.99,0.97
2010-11-17,22.026,0.164,72.04,1.031
2010-11-18,20.611,2.29,80.05,0.335
2010-11-19,19.445,0.0,53.44,2.334
2010-11-20,19.204,0.001,52.3,3.477
2010-11-21,18.698,0.001,52.6,3.222
2010-11-22,19.232,0.0,57.87,1.049
2010-11-23,18.795,0.014,62.86,1.411
2010-11-24,18.465,0.146,71.63,1.415
2010-11-25,20.579,0.015,71.52,1.323
2010-11-26,19.998,0.003,60.28,2.363
2010-11-27,18.705,0.0,48.4,2.577
2010-11-28,17.44,0.0,49.61,2.297
2010-11-29,16.908,0.0,49.98,2.808
2010-11-30,16.537,0.001,54.96,2.843
2010-12-01,16.183,0.002,55.76,1.25
2010-12-02,15.502,0.001,61.86,1.714
2010-12-03,15.068,0.0,67.45,1.689
2010-12-04,15.055,0.001,65.24,0.958
2010-12-05,16.47,0.003,63.75,0.473
2010-12-06,15.749,0.001,65.58,0.371
2010-12-07,15.405,0.002,69.22,1.76
2010-12-08,15.0,0.001,69.07,1.778
2010-12-09,15.057,0.001,61.94,1.853
2010-12-10,13.717,0.001,57.16,2.138
2010-12-11,14.505,0.002,59.9,2.92
2010-12-12,14.669,0.001,56.28,3.019
2010-12-13,14.735,0.0,56.1,0.331
2010-12-14,14.404,0.0,55.98,2.315
2010-12-15,13.934,0.002,63.61,2.425
2010-12-16,14.402,0.0,66.66,1.152
2010-12-17,15.038,0.0,68.54,1.393
2010-12-18,14.158,0.0,67.85,2.896
2010-12-19,13.939,0.0,58.83,2.813
2010-12-20,14.359,0.0,51.57,3.883
2010-12-21,13.66,0.0,67.64,2.312
2010-12-22,13.908,0.001,66.28,0.881
2010-12-23,14.821,0.001,63.16,2.802
2010-12-24,14.397,0.001,70.6,0.532
2010-12-25,13.465,0.0,72.16,1.789
2010-12-26,12.739,0.001,69.75,0.885
2010-12-27,12.181,0.0,67.88,1.735
2010-12-28,12.47,1.159,75.12,1.462
2010-12-29,15.597,5.405,78.47,0.754
2010-12-30,15.02,16.781,89.51,0.984
2010-12-31,12.419,0.127,82.02,2.614
2011-01-01,10.397,0.001,82.72,3.003
2011-01-02,10.269,0.005,83.87,2.807
2011-01-03,8.384,0.001,88.86,2.109
2011-01-04,8.545,0.005,83.68,2.404
2011-01-05,8.732,0.009,85.39,2.819
2011-01-06,8.534,0.001,85.75,2.52
2011-01-07,8.789,0.022,84.14,1.099
2011-01-08,7.953,0.091,89.6,1.171
2011-01-09,8.649,0.001,85.78,2.534
2011-01-10,11.009,0.002,77.84,3.856
2011-01-11,11.515,0.001,73.07,3.415
2011-01-12,11.892,0.001,77.83,1.989
2011-01-13,13.555,0.438,76.38,1.611
2011-01-14,14.95,3.168,76.35,2.885
2011-01-15,12.257,0.158,68.6,1.705
2011-01-16,10.878,0.005,65.76,4.234
2011-01-17,10.924,0.001,63.81,2.857
2011-01-18,11.44,0.0,65.96,2.487
2011-01-19,11.436,0.002,61.11,3.515
2011-01-20,11.675,0.0,67.87,1.601
2011-01-21,13.541,0.002,69.34,2.123
2011-01-22,13.713,0.002,70.84,2.495
2011-01-23,13.442,0.0,68.49,2.332
2011-01-24,12.492,0.0,63.31,2.381
2011-01-25,12.912,0.212,61.48,1.877
2011-01-26,12.847,0.0,62.55,2.475
2011-01-27,11.944,0.001,70.29,2.894
2011-01-28,12.238,0.001,63.16,1.424
2011-01-29,13.018,0.12,69.22,1.128
2011-01-30,14.121,0.325,71.21,1.302
2011-01-31,14.178,0.0,71.36,2.861
2011-02-01,14.526,0.0,66.28,3.1
2011-02-02,15.155,0.001,68.11,2.368
2011-02-03,15.779,0.0,70.25,0.858
2011-02-04,17.27,0.002,71.69,0.376
2011-02-05,19.455,0.001,66.2,2.011
2011-02-06,20.767,0.0,64.06,3.62
2011-02-07,18.583,2.949,73.31,1.349
2011-02-08,14.913,0.033,77.91,2.361
2011-02-09,14.41,0.002,65.69,3.031
2011-02-10,15.012,0.002,65.4,2.886
2011-02-11,15.965,0.003,62.87,3.188
2011-02-12,17.968,0.003,62.57,1.869
2011-02-13,19.433,0.58,57.5,2.411
2011-02-14,17.392,8.897,71.68,2.694
2011-02-15,15.617,19.78,85.23,2.117
2011-02-16,14.356,1.278,85.92,0.68
2011-02-17,14.039,0.169,77.71,2.166
2011-02-18,14.136,0.002,72.27,2.369
2011-02-19,14.791,0.233,69.66,1.807
2011-02-20,14.752,2.278,74.86,1.579
2011-02-21,13.924,0.0,82.84,2.436
2011-02-22,15.449,0.019,73.34,1.338
2011-02-23,16.418,0.996,72.06,0.824
2011-02-24,16.541,0.414,73.57,1.237
2011-02-25,16.54,0.685,61.88,1.329
2011-02-26,14.991,2.624,71.1,1.996
2011-02-27,15.826,0.0,61.4,2.358
2011-02-28,16.115,0.008,60.41,2.856
2011-03-01,16.393,0.517,71.03,2.63
2011-03-02,18.04,0.874,69.34,1.03
2011-03-03,18.615,0.813,73.92,1.779
2011-03-04,17.892,0.242,78.95,1.602
2011-03-05,18.535,0.002,66.87,2.903
2011-03-06,18.39,0.0,57.51,3.654
2011-03-07,19.527,0.0,54.6,3.78
2011-03-08,19.8,0.002,58.26,3.124
2011-03-09,18.868,0.05,57.93,1.723
2011-03-10,18.326,0.0,55.55,2.008
2011-03-11,19.61,0.0,53.93,3.265
2011-03-12,19.925,0.001,55.13,2.569
2011-03-13,20.844,0.001,57.41,2.571
2011-03-14,22.569,0.0,58.26,1.62
2011-03-15,23.319,0.002,61.75,0.728
2011-03-16,23.675,0.0,60.19,2.251
2011-03-17,25.112,0.0,62.69,0.477
2011-03-18,25.916,0.0,52.29,1.908
2011-03-19,25.059,0.0,45.97,1.108
2011-03-20,24.094,0.001,38.51,1.155
2011-03-21,22.26,0.0,46.9,2.601
2011-03-22,22.931,0.0,41.57,1.992
2011-03-23,24.251,0.723,42.51,0.648
2011-03-24,24.437,0.066,44.61,1.319
2011-03-25,24.401,0.002,47.73,2.448
2011-03-26,25.39,0.0,43.79,2.767
2011-03-27,26.323,0.001,45.54,1.613
2011-03-28,27.258,0.001,41.63,2.863
2011-03-29,25.45,4.897,52.79,2.833
2011-03-30,24.505,0.001,45.67,1.223
2011-03-31,24.209,0.001,40.43,3.07
2011-04-01,24.789,0.07,37.31,1.847
2011-04-02,25.109,0.65,35.74,1.063
2011-04-03,23.294,0.149,31.13,2.204
2011-04-04,22.867,0.003,32.66,1.637
2011-04-05,24.473,0.018,28.43,1.78
2011-04-06,24.97,0.024,29.27,1.302
2011-04-07,24.579,0.158,37.54,2.255
2011-04-08,24.659,0.0,32.5,2.484
2011-04-09,25.607,0.027,32.68,2.222
2011-04-10,25.899,0.169,36.65,2.524
2011-04-11,26.964,0.024,41.93,0.509
2011-04-12,25.249,2.205,53.33,1.521
2011-04-13,25.734,0.004,46.96,0.206
2011-04-14,26.318,0.001,41.99,0.986
2011-04-15,27.387,0.021,37.7,1.005
2011-04-16,28.423,0.033,43.19,1.666
2011-04-17,25.942,5.39,58.22,1.679
2011-04-18,24.888,0.221,55.03,1.485
2011-04-19,25.202,0.106,45.06,2.059
2011-04-20,25.484,0.001,37.87,2.184
2011-04-21,26.263,0.006,32.16,2.523
2011-04-22,26.526,0.0,32.29,2.374
2011-04-23,28.666,0.001,32.08,1.584
2011-04-24,29.615,0.137,29.6,0.789
2011-04-25,31.08,0.001,25.56,0.744
2011-04-26,29.969,0.0,36.75,3.574
2011-04-27,29.913,0.001,42.61,2.244
2011-04-28,31.154,0.001,34.36,0.567
2011-04-29,32.002,0.0,25.67,2.231
2011-04-30,32.068,0.001,23.58,1.846
2011-05-01,31.972,0.006,22.61,2.799
2011-05-02,31.748,0.002,25.97,1.87
2011-05-03,32.242,0.025,26.33,1.664
2011-05-04,32.834,0.204,30.9,1.87
2011-05-05,32.063,0.464,38.41,0.112
2011-05-06,29.105,2.733,55.96,1.52
2011-05-07,29.575,0.134,42.68,2.644
2011-05-08,30.853,0.002,30.47,2.282
2011-05-09,32.144,0.003,28.33,1.893
2011-05-10,32.84,0.05,25.11,1.864
2011-05-11,33.1,0.235,23.59,2.173
2011-05-12,33.718,0.228,24.35,2.059
2011-05-13,32.182,0.346,28.2,0.373
2011-05-14,32.479,0.001,25.83,1.402
2011-05-15,34.161,0.041,23.51,1.309
2011-05-16,33.883,0.0,25.67,0.606
2011-05-17,34.021,0.001,25.94,1.372
2011-05-18,33.92,0.0,30.06,0.384
2011-05-19,33.675,1.565,42.31,1.3
2011-05-20,31.22,6.906,55.53,3.096
2011-05-21,29.475,11.599,65.92,1.728
2011-05-22,28.404,2.801,70.52,0.421
2011-05-23,30.382,0.15,52.88,3.003
2011-05-24,32.621,0.0,41.46,3.015
2011-05-25,32.227,2.525,49.62,1.679
2011-05-26,31.811,2.005,54.72,0.608
2011-05-27,30.922,0.404,58.06,0.151
2011-05-28,31.938,0.004,48.78,2.049
2011-05-29,33.033,0.003,40.54,0.274
2011-05-30,32.818,0.026,46.77,1.72
2011-05-31,32.149,0.426,52.44,3.506
2011-06-01,29.962,10.799,59.73,3.467
2011-06-02,28.375,2.07,62.74,1.876
2011-06-03,30.338,0.001,47.05,2.524
2011-06-04,31.07,0.001,42.38,2.008
2011-06-05,32.877,0.0,44.05,0.814
2011-06-06,33.554,0.183,43.15,1.701
2011-06-07,33.653,1.056,43.68,3.321
2011-06-08,32.321,1.577,50.11,3.861
2011-06-09,31.531,3.238,55.93,3.329
2011-06-10,31.447,0.078,53.49,1.892
2011-06-11,33.293,0.115,49.11,1.731
2011-06-12,32.944,0.289,54.85,1.986
2011-06-13,34.126,0.085,47.79,1.531
2011-06-14,34.766,0.044,46.2,0.127
2011-06-15,31.698,0.764,62.04,2.747
2011-06-16,32.331,1.489,57.9,0.704
2011-06-17,32.269,0.689,59.33,1.325
2011-06-18,30.908,9.159,69.09,1.185
2011-06-19,31.462,1.032,63.21,0.672
2011-06-20,30.868,1.248,69.43,1.826
2011-06-21,31.155,3.348,67.78,0.88
2011-06-22,32.722,0.19,60.75,2.265
2011-06-23,32.109,1.907,63.77,2.52
2011-06-24,32.445,1.54,62.82,2.116
2011-06-25,30.302,9.054,74.42,2.251
2011-06-26,28.371,11.669,81.57,1.222
2011-06-27,27.766,13.182,83.79,1.439
2011-06-28,28.698,3.869,80.93,2.476
2011-06-29,27.642,4.027,81.61,1.93
2011-06-30,28.698,3.992,78.85,1.094
2011-07-01,29.061,1.226,77.29,1.743
2011-07-02,30.26,1.103,68.98,2.238
2011-07-03,31.412,0.146,61.71,2.035
2011-07-04,31.647,0.127,62.48,2.046
2011-07-05,31.201,0.779,68.45,1.545
2011-07-06,29.053,2.55,75.72,3.123
2011-07-07,29.047,5.19,77.94,3.344
2011-07-08,27.586,15.699,84.92,2.408
2011-07-09,27.958,16.592,83.41,1.574
2011-07-10,27.571,10.452,83.55,1.812
2011-07-11,29.509,0.358,77.87,1.167
2011-07-12,29.962,1.249,78.33,1.946
2011-07-13,29.317,6.248,78.86,2.854
2011-07-14,28.258,15.154,84.08,2.959
2011-07-15,27.125,11.542,86.43,2.753
2011-07-16,27.941,1.51,81.86,1.908
2011-07-17,27.512,16.243,84.11,2.449
2011-07-18,27.253,5.589,86.83,2.364
2011-07-19,30.038,0.552,77.63,0.521
2011-07-20,30.287,0.667,77.8,1.818
2011-07-21,28.713,0.78,80.87,2.054
2011-07-22,30.213,0.629,74.6,1.005
2011-07-23,28.54,1.634,79.06,3.207
2011-07-24,27.989,2.334,78.74,3.303
2011-07-25,28.461,1.244,80.18,3.165
2011-07-26,29.748,2.942,78.84,1.681
2011-07-27,28.393,14.002,85.97,1.721
2011-07-28,27.504,17.442,89.11,1.078
2011-07-29,27.422,9.67,89.39,0.748
2011-07-30,29.054,3.253,82.72,0.896
2011-07-31,29.813,4.402,80.78,1.831
2011-08-01,29.841,0.513,78.48,2.583
2011-08-02,31.122,0.588,73.09,1.928
2011-08-03,29.654,0.576,78.92,1.271
2011-08-04,28.866,3.955,82.58,0.648
2011-08-05,28.825,7.658,83.76,0.814
2011-08-06,28.402,8.837,86.44,1.622
2011-08-07,28.719,10.114,84.23,2.194
2011-08-08,28.913,1.723,78.63,3.414
2011-08-09,28.966,1.623,74.64,3.921
2011-08-10,27.588,5.084,82.67,4.348
2011-08-11,26.686,16.779,88.75,3.7
2011-08-12,26.212,9.29,88.52,3.622
2011-08-13,27.477,8.847,84.12,2.336
2011-08-14,27.022,7.874,82.94,3.482
2011-08-15,25.136,80.653,93.07,2.925
2011-08-16,25.69,16.424,91.65,0.392
2011-08-17,27.12,2.749,83.57,2.651
2011-08-18,27.097,5.363,85.53,1.2
2011-08-19,26.643,11.206,85.75,2.469
2011-08-20,27.111,7.236,85.16,2.856
2011-08-21,28.907,0.788,79.19,1.282
2011-08-22,29.381,0.83,81.39,0.458
2011-08-23,27.722,45.815,89.03,1.379
2011-08-24,26.461,23.518,89.15,1.228
2011-08-25,28.259,5.357,84.66,1.082
2011-08-26,27.974,9.291,85.07,1.258
2011-08-27,27.747,2.246,86.05,1.906
2011-08-28,28.898,1.939,82.56,1.378
2011-08-29,29.656,0.296,78.55,2.058
2011-08-30,29.508,0.382,77.33,2.28
2011-08-31,29.405,3.244,79.23,2.162
2011-09-01,28.794,4.332,81.57,1.72
2011-09-02,28.546,3.122,82.13,1.127
2011-09-03,28.802,3.676,77.9,3.432
2011-09-04,27.392,12.513,84.11,4.061
2011-09-05,27.371,6.062,86.91,2.399
2011-09-06,26.75,17.988,90.58,1.881
2011-09-07,27.21,20.241,88.06,1.596
2011-09-08,26.921,17.753,89.98,1.623
2011-09-09,25.771,9.889,93.65,1.983
2011-09-10,27.609,1.494,83.78,1.09
2011-09-11,28.023,3.807,82.31,2.301
2011-09-12,27.654,3.134,83.8,3.559
2011-09-13,28.025,2.934,85.32,0.917
2011-09-14,28.462,5.774,82.98,1.425
2011-09-15,26.535,16.368,88.41,0.393
2011-09-16,26.059,10.229,87.1,0.808
2011-09-17,26.94,0.909,84.39,3.201
2011-09-18,27.083,0.899,82.1,3.052
2011-09-19,27.328,0.898,81.14,2.81
2011-09-20,27.338,0.163,78.37,3.343
2011-09-21,26.943,0.134,77.0,2.864
2011-09-22,26.848,0.567,77.83,2.551
2011-09-23,26.979,0.019,71.26,3.452
2011-09-24,26.321,0.001,71.53,2.911
2011-09-25,26.372,0.001,71.88,2.325
2011-09-26,26.783,0.008,71.06,3.351
2011-09-27,27.121,0.607,75.92,2.816
2011-09-28,26.896,0.028,70.99,3.16
2011-09-29,26.829,0.002,68.79,3.314
2011-09-30,26.652,0.001,64.66,3.349
2011-10-01,26.854,0.003,67.44,3.435
2011-10-02,26.559,0.003,68.54,2.683
2011-10-03,26.564,0.012,69.13,1.956
2011-10-04,26.999,0.001,64.55,1.348
2011-10-05,26.409,0.003,69.95,0.413
2011-10-06,26.787,0.027,69.17,1.912
2011-10-07,26.484,0.04,68.24,1.1
2011-10-08,24.991,2.199,76.31,0.62
2011-10-09,26.362,0.0,64.62,2.171
2011-10-10,26.047,0.002,60.45,2.71
2011-10-11,26.291,0.0,60.88,2.686
2011-10-12,26.454,0.001,59.81,2.884
2011-10-13,26.584,0.001,54.28,2.756
2011-10-14,26.415,0.001,49.53,3.361
2011-10-15,25.142,0.001,49.63,2.639
2011-10-16,24.574,0.001,50.47,1.442
2011-10-17,23.899,0.001,51.67,1.559
2011-10-18,24.595,0.0,51.08,2.204
2011-10-19,24.029,0.001,52.74,2.023
2011-10-20,23.399,0.003,54.11,0.91
2011-10-21,23.706,0.001,52.24,0.282
2011-10-22,23.463,0.001,54.19,0.923
2011-10-23,24.189,0.001,53.51,1.815
2011-10-24,24.406,0.001,51.64,2.296
2011-10-25,23.482,0.022,54.49,1.727
2011-10-26,22.787,0.001,51.46,2.382
2011-10-27,22.146,0.001,49.56,2.74
2011-10-28,21.827,0.001,52.95,1.462
2011-10-29,22.16,0.002,57.18,1.551
2011-10-30,22.417,0.001,56.65,1.785
2011-10-31,22.845,0.0,57.24,0.225
2011-11-01,22.813,0.002,58.52,1.202
2011-11-02,22.861,0.0,56.5,1.632
2011-11-03,23.189,0.0,58.47,1.287
2011-11-04,22.564,0.086,59.41,0.586
2011-11-05,23.259,0.001,56.95,2.782
2011-11-06,22.433,0.0,52.24,3.56
2011-11-07,21.139,0.0,55.3,2.11
2011-11-08,21.314,0.002,53.6,1.547
2011-11-09,22.861,0.001,57.19,2.558
2011-11-10,23.868,0.0,64.28,2.551
2011-11-11,23.844,0.001,58.77,2.814
2011-11-12,22.386,0.0,50.79,2.558
2011-11-13,21.501,0.0,53.14,1.666
2011-11-14,20.763,0.001,57.96,1.621
2011-11-15,21.271,0.0,56.54,2.525
2011-11-16,22.181,0.003,54.41,3.475
2011-11-17,21.686,0.0,57.06,2.846
2011-11-18,21.5,0.002,61.53,1.539
2011-11-19,20.978,0.001,70.97,1.307
2011-11-20,21.192,0.002,71.6,0.22
2011-11-21,21.168,0.0,71.32,0.403
2011-11-22,20.854,0.003,72.71,0.891
2011-11-23,21.15,0.001,71.78,0.882
2011-11-24,20.142,0.001,71.71,0.822
2011-11-25,19.25,0.0,72.6,1.228
2011-11-26,19.242,0.001,70.0,0.711
2011-11-27,18.33,0.001,67.34,1.801
2011-11-28,17.772,0.0,59.41,3.369
2011-11-29,18.316,0.002,54.8,3.974
2011-11-30,17.19,0.0,54.97,1.185
2011-12-01,17.645,0.009,67.79,1.469
2011-12-02,19.065,0.0,71.2,1.248
2011-12-03,19.049,0.001,59.66,2.782
2011-12-04,18.225,0.0,62.18,2.18
2011-12-05,18.527,0.0,62.13,0.856
2011-12-06,20.106,0.017,64.74,2.598
2011-12-07,20.028,0.359,72.15,2.169
2011-12-08,21.329,0.941,69.12,2.397
2011-12-09,18.725,0.726,79.86,0.801
2011-12-10,16.951,0.01,63.97,3.413
2011-12-11,15.093,0.0,46.71,2.354
2011-12-12,14.211,0.002,58.34,1.045
2011-12-13,14.258,0.002,54.99,2.793
2011-12-14,13.653,0.001,55.45,2.424
2011-12-15,13.099,0.001,57.19,2.191
2011-12-16,13.28,0.0,58.14,2.336
2011-12-17,13.131,0.001,60.0,1.826
2011-12-18,13.08,0.0,60.28,0.789
2011-12-19,12.738,0.0,62.96,0.578
2011-12-20,14.267,0.001,62.24,2.538
2011-12-21,14.848,0.001,71.18,0.97
2011-12-22,14.046,0.0,63.17,2.594
2011-12-23,11.681,0.0,59.84,2.993
2011-12-24,11.338,0.001,56.13,2.743
2011-12-25,11.362,0.0,63.42,2.063
2011-12-26,11.432,0.001,66.82,1.252
2011-12-27,12.944,0.0,73.85,1.054
2011-12-28,14.127,0.002,74.82,0.651
2011-12-29,14.05,0.0,73.78,1.953
2011-12-30,13.195,0.001,72.9,1.081
2011-12-31,13.793,1.988,72.95,0.618
2012-01-01,15.117,5.281,82.68,0.605
2012-01-02,13.187,0.14,83.61,1.656
2012-01-03,13.524,0.002,75.67,1.816
2012-01-04,14.187,0.566,75.11,1.333
2012-01-05,14.226,1.863,76.1,1.779
2012-01-06,14.043,14.224,83.21,2.973
2012-01-07,13.46,3.095,84.32,2.41
2012-01-08,12.257,0.115,77.87,0.842
2012-01-09,10.351,0.002,73.96,2.097
2012-01-10,10.137,0.0,74.16,2.589
2012-01-11,10.33,0.001,71.37,2.474
2012-01-12,10.568,0.001,62.34,3.313
2012-01-13,11.202,0.0,63.81,3.189
2012-01-14,13.712,2.43,65.9,2.313
2012-01-15,15.394,1.681,70.19,2.665
2012-01-16,13.83,2.572,83.38,1.694
2012-01-17,10.698,0.085,82.09,1.875
2012-01-18,10.425,0.0,73.71,1.262
2012-01-19,10.079,0.005,73.23,1.433
2012-01-20,9.708,0.0,72.76,3.201
2012-01-21,9.877,0.002,70.54,3.251
2012-01-22,10.551,0.003,68.9,2.417
2012-01-23,11.644,0.001,70.73,2.774
2012-01-24,12.003,0.14,66.63,3.197
2012-01-25,13.32,0.384,64.51,2.456
2012-01-26,12.876,0.001,62.17,3.263
2012-01-27,12.014,0.002,64.54,2.555
2012-01-28,11.349,0.001,62.6,2.121
2012-01-29,12.221,0.0,68.98,2.698
2012-01-30,11.957,0.0,63.14,2.285
2012-01-31,12.489,0.001,57.38,2.574
2012-02-01,13.803,0.001,57.5,3.369
2012-02-02,14.658,0.025,52.65,2.635
2012-02-03,14.57,0.054,63.04,2.05
2012-02-04,16.795,0.223,57.99,2.432
2012-02-05,16.013,0.008,69.2,0.594
2012-02-06,14.933,0.001,71.09,2.656
2012-02-07,13.662,3.886,61.75,1.082
2012-02-08,10.77,0.002,43.33,3.031
2012-02-09,10.893,0.003,55.32,3.493
2012-02-10,12.078,0.002,49.8,3.338
2012-02-11,13.648,0.422,54.19,1.663
2012-02-12,16.584,0.002,49.15,2.27
2012-02-13,16.706,0.124,55.39,2.982
2012-02-14,15.579,0.006,65.23,1.16
2012-02-15,13.149,0.001,49.02,2.621
2012-02-16,12.753,0.0,43.96,2.613
2012-02-17,14.427,0.01,52.42,2.225
2012-02-18,15.415,0.001,46.16,3.528
2012-02-19,16.164,0.001,47.16,3.768
2012-02-20,16.983,0.004,58.57,2.37
2012-02-21,19.888,0.001,51.66,2.255
2012-02-22,20.027,0.001,55.1,0.876
2012-02-23,19.264,0.002,57.78,2.28
2012-02-24,18.249,0.001,44.67,2.601
2012-02-25,15.916,0.0,33.12,3.476
2012-02-26,16.087,0.002,36.48,4.202
2012-02-27,17.288,0.002,36.28,3.734
2012-02-28,17.527,0.0,43.97,3.022
2012-02-29,17.377,0.001,46.78,0.727
2012-03-01,18.873,0.0,44.8,1.022
2012-03-02,18.855,0.0,38.57,3.034
2012-03-03,19.942,0.001,40.58,2.487
2012-03-04,23.059,0.0,49.63,2.347
2012-03-05,23.087,0.011,51.6,0.613
2012-03-06,20.489,0.004,49.47,2.028
2012-03-07,19.183,0.003,34.58,0.205
2012-03-08,17.587,0.002,32.02,1.861
2012-03-09,16.571,0.0,38.62,2.117
2012-03-10,17.408,0.001,39.72,1.651
2012-03-11,18.065,0.002,41.9,1.321
2012-03-12,20.57,0.219,38.16,2.626
2012-03-13,18.491,0.641,56.34,0.9
2012-03-14,18.507,0.004,47.13,3.274
2012-03-15,19.567,0.002,44.32,3.828
2012-03-16,21.064,0.0,44.98,2.692
2012-03-17,22.968,0.003,48.99,1.66
2012-03-18,24.448,0.0,50.78,0.982
2012-03-19,26.707,0.0,50.8,2.916
2012-03-20,23.78,0.0,34.8,1.304
2012-03-21,18.556,0.0,26.69,4.243
2012-03-22,19.721,0.002,32.08,4.548
2012-03-23,21.891,0.001,31.93,4.64
2012-03-24,23.658,0.002,33.81,3.993
2012-03-25,24.512,0.003,38.02,2.816
2012-03-26,25.0,0.0,39.33,1.551
2012-03-27,24.552,0.003,43.88,2.17
2012-03-28,25.268,0.001,38.66,3.597
2012-03-29,24.534,0.001,37.03,4.498
2012-03-30,25.441,0.0,44.71,2.175
2012-03-31,26.737,0.0,41.11,2.504
2012-04-01,27.201,0.002,42.4,1.895
2012-04-02,28.763,0.009,42.48,1.51
2012-04-03,27.159,4.177,48.13,0.846
2012-04-04,27.105,0.0,37.36,2.634
2012-04-05,27.023,0.023,33.81,1.296
2012-04-06,27.711,0.001,27.74,1.502
2012-04-07,27.46,0.0,30.52,1.336
2012-04-08,27.74,0.0,29.76,3.254
2012-04-09,28.26,0.836,31.16,2.746
2012-04-10,27.782,0.903,38.77,0.599
2012-04-11,25.487,4.106,54.2,2.493
2012-04-12,25.455,0.242,48.89,1.681
2012-04-13,25.121,0.154,44.11,3.124
2012-04-14,22.258,5.617,68.59,0.251
2012-04-15,23.783,0.023,52.24,1.472
2012-04-16,26.165,0.42,43.03,1.341
2012-04-17,25.996,0.539,51.93,1.907
2012-04-18,26.73,0.153,49.04,1.988
2012-04-19,28.525,0.0,39.56,3.112
2012-04-20,28.72,0.201,37.76,3.516
2012-04-21,27.693,0.002,34.88,3.502
2012-04-22,27.163,0.175,36.09,2.539
2012-04-23,27.3,0.007,35.84,2.531
2012-04-24,27.685,0.285,36.92,2.573
2012-04-25,27.927,0.087,37.47,1.903
2012-04-26,27.084,1.155,44.59,2.198
2012-04-27,27.434,0.043,37.9,3.25
2012-04-28,27.747,0.588,35.9,1.659
2012-04-29,27.787,0.065,30.92,1.057
2012-04-30,27.791,0.084,27.31,1.938
2012-05-01,28.064,0.002,24.58,1.975
2012-05-02,28.545,0.001,22.0,2.844
2012-05-03,28.97,0.0,21.22,2.313
2012-05-04,29.7,0.0,22.28,0.611
2012-05-05,30.251,0.002,23.16,2.584
2012-05-06,30.296,0.014,29.44,0.791
2012-05-07,31.929,0.056,28.08,2.692
2012-05-08,32.719,0.152,25.5,3.212
2012-05-09,32.99,0.001,22.82,2.825
2012-05-10,33.654,0.023,23.37,1.787
2012-05-11,32.186,2.961,33.25,0.254
2012-05-12,32.026,0.107,30.39,1.368
2012-05-13,31.58,0.284,29.01,2.696
2012-05-14,31.469,0.017,24.23,3.181
2012-05-15,32.048,0.001,22.49,2.364
2012-05-16,33.098,0.001,21.97,2.343
2012-05-17,32.941,0.001,24.18,2.918
2012-05-18,33.088,0.0,24.52,3.523
2012-05-19,32.643,0.0,22.25,2.983
2012-05-20,32.78,0.163,21.43,1.522
2012-05-21,33.664,0.002,20.15,0.969
2012-05-22,33.575,0.001,18.67,2.205
2012-05-23,33.62,0.003,17.32,4.119
2012-05-24,34.897,0.0,16.22,5.202
2012-05-25,35.626,0.001,20.17,3.113
2012-05-26,35.219,0.0,21.74,2.47
2012-05-27,34.451,0.002,18.42,3.907
2012-05-28,34.347,0.001,18.79,3.437
2012-05-29,35.136,0.001,17.27,3.38
2012-05-30,36.816,0.001,16.64,4.295
2012-05-31,37.263,0.002,19.51,2.919
2012-06-01,37.317,0.067,22.94,3.512
2012-06-02,37.171,0.098,22.51,4.414
2012-06-03,36.44,0.018,22.49,4.313
2012-06-04,35.4,0.312,29.64,3.366
2012-06-05,33.666,2.828,39.89,2.131
2012-06-06,33.219,0.135,36.33,1.574
2012-06-07,31.684,1.728,39.95,1.467
2012-06-08,32.746,0.01,34.92,2.921
2012-06-09,33.475,0.002,32.73,3.718
2012-06-10,34.672,0.0,28.48,3.756
2012-06-11,34.478,0.014,30.0,3.431
2012-06-12,34.977,0.02,25.03,2.696
2012-06-13,36.095,0.001,22.76,3.72
2012-06-14,36.347,0.001,22.27,4.32
2012-06-15,36.849,0.001,23.09,4.407
2012-06-16,37.049,0.002,25.06,5.022
2012-06-17,37.035,0.001,26.34,4.429
2012-06-18,35.267,0.346,37.51,1.141
2012-06-19,35.224,0.01,34.47,2.124
2012-06-20,36.765,0.001,23.36,3.383
2012-06-21,37.163,0.001,28.86,4.302
2012-06-22,36.862,0.01,34.95,1.087
2012-06-23,36.474,0.016,38.38,1.424
2012-06-24,36.329,0.274,37.32,3.848
2012-06-25,35.31,0.103,38.04,3.537
2012-06-26,35.205,0.312,37.97,4.435
2012-06-27,34.727,0.066,41.25,3.15
2012-06-28,35.434,0.044,37.32,3.736
2012-06-29,35.672,0.001,36.35,3.208
2012-06-30,35.969,0.0,32.47,2.66
2012-07-01,36.454,0.001,31.74,0.903
2012-07-02,35.787,0.097,47.12,2.79
2012-07-03,33.015,0.106,58.99,4.343
2012-07-04,31.76,1.675,63.66,4.469
2012-07-05,32.179,1.383,61.42,2.905
2012-07-06,31.315,5.224,65.69,1.256
2012-07-07,28.968,1.886,72.76,3.164
2012-07-08,29.532,2.631,67.44,2.368
2012-07-09,29.226,2.279,71.44,2.01
2012-07-10,30.366,4.286,68.51,4.131
2012-07-11,29.315,1.539,72.67,3.749
2012-07-12,28.456,11.387,80.49,1.812
2012-07-13,29.39,11.401,77.34,0.931
2012-07-14,26.979,26.547,87.23,0.911
2012-07-15,30.228,0.697,69.53,1.851
2012-07-16,30.32,0.375,69.07,1.286
2012-07-17,31.527,0.298,64.53,1.965
2012-07-18,32.879,0.096,57.18,3.529
2012-07-19,33.294,0.186,56.65,2.789
2012-07-20,31.59,3.981,65.88,0.959
2012-07-21,29.978,1.898,70.46,2.324
2012-07-22,31.735,0.047,63.61,1.223
2012-07-23,31.539,3.161,69.89,2.366
2012-07-24,29.958,4.283,77.08,2.262
2012-07-25,29.225,3.852,77.13,2.218
2012-07-26,28.0,2.483,80.44,2.043
2012-07-27,30.176,0.228,72.35,1.518
2012-07-28,29.66,1.178,78.11,2.559
2012-07-29,29.215,2.333,80.0,3.019
2012-07-30,26.758,30.267,93.24,2.625
2012-07-31,26.347,60.764,95.05,1.291
2012-08-01,27.759,6.602,87.59,1.274
2012-08-02,30.358,0.461,74.61,0.703
2012-08-03,29.753,0.999,72.51,1.077
2012-08-04,26.81,1.06,81.37,3.901
2012-08-05,27.98,0.51,77.83,2.059
2012-08-06,28.337,5.294,80.89,1.418
2012-08-07,28.61,6.538,83.85,1.244
2012-08-08,27.774,11.549,88.47,0.72
2012-08-09,27.298,11.117,87.71,1.559
2012-08-10,27.771,6.64,86.37,1.047
2012-08-11,28.279,10.302,81.75,1.955
2012-08-12,28.483,0.965,79.0,2.657
2012-08-13,27.913,2.565,79.29,3.794
2012-08-14,27.163,17.568,85.94,3.194
2012-08-15,27.515,4.243,83.95,3.151
2012-08-16,28.004,0.728,79.66,2.613
2012-08-17,29.118,0.882,77.58,0.968
2012-08-18,29.333,8.927,82.82,0.378
2012-08-19,26.337,26.542,95.87,2.072
2012-08-20,26.805,43.642,93.0,1.998
2012-08-21,25.931,66.852,95.55,2.357
2012-08-22,25.13,26.989,94.26,3.113
2012-08-23,25.562,3.816,91.74,2.255
2012-08-24,26.977,10.421,86.3,0.59
2012-08-25,26.426,7.412,89.63,1.608
2012-08-26,26.397,11.845,89.24,1.821
2012-08-27,26.484,11.605,88.76,2.669
2012-08-28,26.778,7.931,89.2,2.133
2012-08-29,26.985,15.235,89.04,2.108
2012-08-30,26.484,9.902,91.02,2.417
2012-08-31,27.878,3.121,85.1,1.391
2012-09-01,28.831,4.227,81.65,0.862
2012-09-02,27.566,10.242,86.81,2.08
2012-09-03,26.935,4.243,87.17,2.225
2012-09-04,27.528,5.379,84.54,2.689
2012-09-05,27.963,1.493,78.44,3.284
2012-09-06,28.34,0.533,73.02,4.714
2012-09-07,26.453,12.764,83.21,5.432
2012-09-08,26.705,2.908,87.58,2.9
2012-09-09,28.368,0.83,83.19,1.159
2012-09-10,28.681,3.579,83.12,1.059
2012-09-11,28.297,1.793,84.1,1.564
2012-09-12,28.267,1.964,84.63,1.107
2012-09-13,27.706,11.66,86.51,1.29
2012-09-14,26.738,6.833,88.35,1.981
2012-09-15,26.778,9.812,87.75,0.699
2012-09-16,26.819,6.828,85.99,0.886
2012-09-17,26.171,6.897,85.68,0.988
2012-09-18,25.949,18.474,87.77,0.133
2012-09-19,26.02,0.712,83.4,1.386
2012-09-20,26.466,0.075,78.35,2.567
2012-09-21,26.258,0.0,75.83,2.655
2012-09-22,26.265,0.001,73.59,2.241
2012-09-23,25.666,-0.0,71.53,2.403
2012-09-24,25.554,0.002,72.38,2.288
2012-09-25,25.664,0.0,71.64,2.409
2012-09-26,25.998,0.0,70.56,2.747
2012-09-27,26.259,0.003,70.79,2.758
2012-09-28,25.666,0.001,74.42,2.235
2012-09-29,26.264,0.002,73.45,1.933
2012-09-30,26.026,0.001,69.31,2.422
2012-10-01,25.953,0.002,70.27,2.066
2012-10-02,26.627,0.003,69.68,1.502
2012-10-03,26.229,0.0,67.99,1.587
2012-10-04,26.037,0.0,65.62,2.181
2012-10-05,25.759,0.001,64.06,1.682
2012-10-06,25.416,0.001,61.83,1.805
2012-10-07,24.984,0.002,60.88,2.295
2012-10-08,24.437,0.012,59.94,2.046
2012-10-09,24.4,0.0,60.96,1.661
2012-10-10,24.182,0.001,60.23,0.902
2012-10-11,24.139,0.0,55.6,1.988
2012-10-12,24.427,0.0,58.49,0.552
2012-10-13,25.171,0.013,61.62,0.484
2012-10-14,25.354,0.006,57.67,0.629
2012-10-15,23.546,1.648,67.45,0.906
2012-10-16,23.597,0.446,60.3,1.45
2012-10-17,23.482,0.042,63.79,1.249
2012-10-18,22.901,0.001,62.76,1.857
2012-10-19,22.992,0.001,61.17,1.083
2012-10-20,23.452,0.062,61.5,1.1
2012-10-21,22.999,0.001,58.15,2.202
2012-10-22,22.45,0.002,56.46,2.175
2012-10-23,21.93,2.441,60.58,1.649
2012-10-24,20.293,0.0,62.65,2.153
2012-10-25,20.267,0.0,60.7,2.331
2012-10-26,20.29,0.0,57.11,1.557
2012-10-27,20.488,0.0,59.96,1.5
2012-10-28,20.97,0.002,60.15,1.914
2012-10-29,21.638,0.0,65.12,2.364
2012-10-30,21.832,0.0,67.08,2.154
2012-10-31,21.842,0.001,64.52,1.696
2012-11-01,21.639,0.003,65.28,1.672
2012-11-02,21.021,0.001,63.57,1.686
2012-11-03,21.287,0.0,61.27,1.353
2012-11-04,21.945,0.0,61.56,0.798
2012-11-05,21.403,0.001,62.52,0.647
2012-11-06,21.078,0.0,60.95,1.293
2012-11-07,20.716,0.001,58.04,1.975
2012-11-08,20.089,0.0,58.93,2.274
2012-11-09,20.177,0.001,60.33,0.737
2012-11-10,20.544,0.213,64.86,1.751
2012-11-11,20.34,0.043,64.04,1.359
2012-11-12,20.078,0.003,66.62,1.13
2012-11-13,19.869,0.001,62.57,1.788
2012-11-14,19.495,0.0,63.11,2.72
2012-11-15,19.332,0.0,64.58,2.313
2012-11-16,18.633,0.001,67.63,1.375
2012-11-17,18.815,0.0,60.62,2.217
2012-11-18,19.462,0.001,60.33,2.785
2012-11-19,19.421,0.002,54.95,2.892
2012-11-20,18.167,0.0,52.66,2.895
2012-11-21,17.075,0.0,55.75,1.844
2012-11-22,16.684,0.001,55.86,2.086
2012-11-23,16.793,0.0,59.23,1.125
2012-11-24,17.467,0.0,58.9,1.162
2012-11-25,17.397,0.001,53.18,2.831
2012-11-26,16.766,0.001,53.02,2.809
2012-11-27,16.413,0.003,50.08,2.831
2012-11-28,16.798,0.001,50.65,1.747
2012-11-29,17.071,0.403,62.98,1.021
2012-11-30,15.837,0.0,65.56,2.777
2012-12-01,14.686,0.001,57.2,2.659
2012-12-02,14.321,0.002,58.09,1.794
2012-12-03,14.355,0.002,59.35,2.575
2012-12-04,15.233,0.001,60.1,3.057
2012-12-05,15.672,0.001,54.08,3.164
2012-12-06,16.553,0.001,50.45,3.662
2012-12-07,16.685,0.001,49.82,3.508
2012-12-08,16.89,0.001,53.98,2.924
2012-12-09,16.499,0.0,61.04,1.321
2012-12-10,17.341,0.005,63.37,1.479
2012-12-11,14.97,3.616,80.04,1.078
2012-12-12,15.667,0.03,65.9,0.961
2012-12-13,16.803,9.483,58.71,3.08
2012-12-14,15.358,4.413,69.56,3.76
2012-12-15,16.513,0.023,70.97,1.434
2012-12-16,16.109,0.001,73.79,2.496
2012-12-17,15.132,0.0,67.82,4.043
2012-12-18,15.918,0.0,55.08,4.323
2012-12-19,14.389,0.001,58.13,4.966
2012-12-20,13.679,0.002,55.81,4.072
2012-12-21,12.988,0.001,64.51,2.728
2012-12-22,12.66,0.0,71.03,2.511
2012-12-23,12.249,0.0,75.9,1.332
2012-12-24,12.782,0.0,80.15,1.725
2012-12-25,12.329,0.001,79.65,2.206
2012-12-26,11.905,0.001,85.94,0.721
2012-12-27,11.233,0.009,87.22,1.522
2012-12-28,13.502,0.0,70.64,3.443
2012-12-29,13.559,0.0,77.17,0.709
2012-12-30,10.682,0.001,79.03,2.362
