date,temp_c,precip_mm,humidity_pct,wind_speed_ms
2000-01-01,13.244,0.0,65.47,0.673
2000-01-02,12.915,0.002,67.76,1.119
2000-01-03,12.588,0.0,70.49,1.958
2000-01-04,12.859,0.002,70.77,0.985
2000-01-05,12.348,0.003,67.09,1.766
2000-01-06,11.857,0.0,66.12,2.49
2000-01-07,12.017,0.001,69.64,0.257
2000-01-08,13.748,0.004,72.83,1.652
2000-01-09,15.735,0.002,74.7,2.383
2000-01-10,14.403,0.025,86.28,1.404
2000-01-11,16.41,0.001,72.39,2.833
2000-01-12,16.83,10.217,79.02,3.358
2000-01-13,13.49,1.328,82.86,0.744
2000-01-14,10.225,0.026,47.44,1.398
2000-01-15,9.045,0.0,60.59,2.271
2000-01-16,9.362,0.001,61.45,3.106
2000-01-17,10.925,0.001,56.13,3.199
2000-01-18,13.304,0.001,45.37,3.675
2000-01-19,14.356,0.001,45.26,3.753
2000-01-20,14.287,0.004,54.84,2.584
2000-01-21,15.409,0.775,59.72,2.89
2000-01-22,14.244,1.884,71.91,2.388
2000-01-23,14.634,0.002,72.62,1.833
2000-01-24,15.133,0.001,63.33,0.921
2000-01-25,14.622,9.535,79.54,2.609
2000-01-26,14.394,1.196,80.86,1.86
2000-01-27,13.319,0.015,72.9,2.829
2000-01-28,13.381,0.001,58.12,3.78
2000-01-29,13.759,0.0,50.06,3.769
2000-01-30,15.29,0.001,62.73,0.316
2000-01-31,16.767,0.001,63.41,5.508
2000-02-01,15.369,0.048,69.62,2.658
2000-02-02,14.36,0.002,79.33,2.538
2000-02-03,15.5,0.061,65.81,1.68
2000-02-04,15.056,20.546,83.24,2.451
2000-02-05,13.019,0.9,79.31,1.843
2000-02-06,12.693,0.475,77.54,1.127
2000-02-07,12.659,0.036,75.41,1.94
2000-02-08,12.79,0.058,72.43,1.621
2000-02-09,13.687,0.001,71.58,0.5
2000-02-10,14.92,17.283,77.38,2.839
2000-02-11,12.177,10.284,86.95,1.132
2000-02-12,11.038,0.411,80.72,1.645
2000-02-13,11.333,0.001,69.22,2.768
2000-02-14,12.446,0.0,67.21,2.824
2000-02-15,13.196,0.004,67.76,2.182
2000-02-16,13.854,0.002,62.86,0.504
2000-02-17,13.96,0.057,64.12,1.443
2000-02-18,13.365,0.002,61.91,1.564
2000-02-19,13.023,0.002,61.69,1.783
2000-02-20,12.841,0.866,68.89,1.891
2000-02-21,13.594,0.0,66.03,2.409
2000-02-22,13.485,0.003,62.18,2.721
2000-02-23,13.977,0.001,58.77,2.94
2000-02-24,14.156,0.0,50.73,3.277
2000-02-25,14.317,0.001,45.85,2.272
2000-02-26,14.528,0.0,46.45,1.238
2000-02-27,15.8,0.001,49.39,1.304
2000-02-28,17.809,0.002,52.24,2.707
2000-02-29,19.292,0.0,52.12,1.659
2000-03-01,19.329,0.456,57.29,0.842
2000-03-02,19.24,0.003,52.59,1.65
2000-03-03,20.494,0.001,44.89,1.994
2000-03-04,21.46,0.007,42.91,1.59
2000-03-05,18.26,0.0,51.93,2.773
2000-03-06,18.217,0.001,39.72,2.0
2000-03-07,18.968,0.01,38.78,2.219
2000-03-08,18.757,0.0,38.89,3.743
2000-03-09,19.135,0.0,34.16,3.44
2000-03-10,20.417,0.001,35.76,0.588
2000-03-11,22.146,0.003,42.46,1.415
2000-03-12,20.851,0.261,47.59,2.682
2000-03-13,18.935,2.992,61.98,1.079
2000-03-14,19.957,0.0,45.04,2.283
2000-03-15,20.966,0.002,35.74,3.446
2000-03-16,21.83,0.0,38.25,0.21
2000-03-17,22.866,0.023,32.65,0.988
2000-03-18,21.238,0.0,33.84,2.608
2000-03-19,20.937,0.0,26.7,2.843
2000-03-20,21.599,0.0,26.68,2.391
2000-03-21,21.316,1.508,36.0,3.793
2000-03-22,20.542,0.313,46.38,1.237
2000-03-23,19.286,0.194,57.42,0.68
2000-03-24,20.133,0.002,51.64,1.746
2000-03-25,21.663,0.0,43.32,2.505
2000-03-26,23.056,0.0,42.26,0.998
2000-03-27,24.537,0.001,42.1,0.783
2000-03-28,25.946,0.002,39.11,0.735
2000-03-29,27.271,0.0,38.78,0.839
2000-03-30,27.964,0.0,34.49,0.619
2000-03-31,28.666,0.0,30.63,1.039
2000-04-01,27.31,0.0,29.2,3.952
2000-04-02,25.953,0.0,23.3,4.044
2000-04-03,26.703,0.001,28.15,1.417
2000-04-04,27.162,0.001,28.39,0.26
2000-04-05,27.395,0.0,22.68,2.131
2000-04-06,26.397,0.001,19.87,3.19
2000-04-07,27.758,0.001,23.3,1.355
2000-04-08,29.046,0.0,21.99,2.178
2000-04-09,28.119,0.0,23.66,3.651
2000-04-10,28.158,0.001,22.65,2.185
2000-04-11,29.037,0.001,21.1,1.265
2000-04-12,30.151,0.001,23.49,0.885
2000-04-13,30.988,0.197,24.38,0.838
2000-04-14,31.223,0.188,22.49,1.108
2000-04-15,29.862,0.002,30.22,1.756
2000-04-16,30.133,0.3,31.27,0.272
2000-04-17,31.526,0.001,22.99,1.794
2000-04-18,32.324,0.001,22.27,0.424
2000-04-19,32.84,0.335,20.96,1.455
2000-04-20,33.167,0.257,19.28,1.822
2000-04-21,32.569,1.173,24.94,0.543
2000-04-22,29.508,3.464,38.53,0.808
2000-04-23,29.742,1.524,39.85,1.013
2000-04-24,32.363,0.092,26.19,1.797
2000-04-25,33.204,0.003,22.41,1.293
2000-04-26,31.205,1.036,39.33,2.995
2000-04-27,30.267,1.078,49.69,2.362
2000-04-28,32.05,0.017,29.06,1.084
2000-04-29,32.49,0.001,21.59,0.848
2000-04-30,32.985,0.002,15.0,2.704
2000-05-01,33.585,0.001,15.27,4.098
2000-05-02,34.557,0.001,14.84,3.041
2000-05-03,34.05,0.001,25.87,1.937
2000-05-04,34.518,0.303,33.18,2.624
2000-05-05,32.745,0.884,40.61,4.249
2000-05-06,29.837,1.609,50.87,4.041
2000-05-07,28.197,1.634,56.27,2.938
2000-05-08,30.116,0.464,43.88,2.725
2000-05-09,32.224,0.001,38.45,3.378
2000-05-10,34.105,0.0,33.17,2.033
2000-05-11,35.23,0.0,31.88,0.949
2000-05-12,32.75,6.573,47.51,1.019
2000-05-13,30.06,3.284,60.38,2.541
2000-05-14,31.806,3.191,53.27,3.371
2000-05-15,35.01,0.066,33.77,4.001
2000-05-16,35.092,0.002,31.31,4.32
2000-05-17,35.4,1.093,30.41,4.278
2000-05-18,36.078,0.039,27.27,3.853
2000-05-19,36.825,0.038,24.27,3.377
2000-05-20,37.209,0.111,26.18,2.713
2000-05-21,36.135,0.494,32.9,1.179
2000-05-22,35.202,0.001,38.89,1.885
2000-05-23,35.175,0.002,38.4,2.219
2000-05-24,36.779,0.041,33.29,3.753
2000-05-25,37.303,0.001,30.41,3.979
2000-05-26,37.093,0.001,32.62,4.84
2000-05-27,36.699,0.038,31.94,4.039
2000-05-28,37.046,0.021,27.7,4.685
2000-05-29,37.208,0.021,24.84,4.388
2000-05-30,37.308,0.194,27.04,4.692
2000-05-31,34.618,3.567,38.83,1.497
2000-06-01,35.533,0.204,37.8,1.589
2000-06-02,35.855,0.022,35.82,0.903
2000-06-03,33.993,1.719,49.97,2.606
2000-06-04,32.668,1.516,56.23,3.561
2000-06-05,33.346,0.067,46.42,1.905
2000-06-06,32.055,1.954,58.13,3.943
2000-06-07,26.776,68.434,77.34,4.092
2000-06-08,25.959,15.122,82.1,2.461
2000-06-09,28.719,0.017,72.9,1.953
2000-06-10,29.422,1.474,69.93,0.328
2000-06-11,30.579,0.233,59.61,0.821
2000-06-12,32.165,0.029,52.94,1.902
2000-06-13,33.159,0.019,51.26,3.201
2000-06-14,33.874,0.056,49.2,3.454
2000-06-15,34.236,0.047,48.87,2.142
2000-06-16,33.699,0.019,53.52,1.262
2000-06-17,33.538,0.0,54.81,1.464
2000-06-18,33.766,0.001,53.11,1.775
2000-06-19,32.271,0.03,63.44,3.598
2000-06-20,32.104,0.113,63.84,3.469
2000-06-21,33.579,0.002,51.38,2.048
2000-06-22,33.583,0.66,51.24,1.138
2000-06-23,32.825,0.045,50.61,0.329
2000-06-24,33.683,0.611,46.4,1.748
2000-06-25,34.544,0.004,43.5,2.636
2000-06-26,34.688,0.001,41.73,2.988
2000-06-27,33.762,0.057,46.69,1.233
2000-06-28,33.413,0.294,52.47,0.691
2000-06-29,31.836,2.449,64.48,3.814
2000-06-30,30.261,0.979,69.55,4.055
2000-07-01,29.663,7.078,73.04,3.3
2000-07-02,30.076,4.67,71.29,2.407
2000-07-03,30.603,3.407,69.64,1.912
2000-07-04,31.25,3.584,68.32,1.539
2000-07-05,33.607,0.796,57.6,0.464
2000-07-06,35.189,0.28,49.23,1.604
2000-07-07,33.357,2.239,56.35,1.464
2000-07-08,30.623,2.923,70.63,2.734
2000-07-09,31.274,3.818,68.29,1.893
2000-07-10,30.988,10.971,68.62,1.507
2000-07-11,29.066,4.624,77.19,3.209
2000-07-12,28.512,13.815,82.85,2.715
2000-07-13,29.614,8.303,78.12,2.84
2000-07-14,29.007,5.744,77.65,4.224
2000-07-15,27.364,11.898,86.75,2.971
2000-07-16,27.253,12.053,87.18,2.817
2000-07-17,26.487,23.015,91.44,1.099
2000-07-18,27.115,6.69,85.32,1.061
2000-07-19,26.309,11.968,92.63,0.222
2000-07-20,28.034,13.904,82.79,1.694
2000-07-21,27.811,1.281,72.15,5.673
2000-07-22,24.706,4.576,87.86,4.813
2000-07-23,25.762,4.426,83.43,3.079
2000-07-24,26.292,9.432,83.75,2.566
2000-07-25,27.947,3.359,77.24,2.853
2000-07-26,28.887,0.545,72.18,3.173
2000-07-27,29.053,0.649,75.56,0.561
2000-07-28,29.637,0.191,73.08,0.947
2000-07-29,30.508,0.096,70.41,1.135
2000-07-30,31.014,0.485,65.23,1.776
2000-07-31,30.34,0.542,63.96,2.514
2000-08-01,30.554,0.005,55.86,4.024
2000-08-02,30.232,0.002,56.56,3.292
2000-08-03,30.021,0.027,58.96,2.843
2000-08-04,30.702,0.009,55.95,2.957
2000-08-05,31.128,0.184,58.21,2.774
2000-08-06,31.83,0.004,53.57,2.178
2000-08-07,32.179,0.017,50.08,2.16
2000-08-08,33.181,0.013,47.84,2.481
2000-08-09,32.346,0.938,55.49,0.262
2000-08-10,28.063,4.268,79.35,3.546
2000-08-11,26.173,10.553,88.11,2.759
2000-08-12,28.422,2.239,79.14,2.803
2000-08-13,29.84,1.248,73.32,1.776
2000-08-14,30.448,1.289,69.86,1.209
2000-08-15,29.017,14.369,77.56,1.434
2000-08-16,29.145,2.018,73.87,2.603
2000-08-17,30.426,0.672,64.4,2.871
2000-08-18,29.787,1.949,70.28,0.157
2000-08-19,28.356,7.36,80.29,1.701
2000-08-20,29.054,2.867,78.86,1.587
2000-08-21,29.117,0.569,76.62,2.177
2000-08-22,28.681,0.592,78.27,2.571
2000-08-23,29.052,0.655,76.48,1.733
2000-08-24,30.188,0.285,70.88,1.64
2000-08-25,30.335,0.409,73.19,2.717
2000-08-26,29.924,3.08,76.16,2.099
2000-08-27,30.253,2.4,74.29,1.168
2000-08-28,30.196,4.477,75.86,1.443
2000-08-29,28.873,20.972,78.59,1.106
2000-08-30,29.437,3.455,68.64,2.125
2000-08-31,30.06,0.342,62.66,1.836
2000-09-01,30.325,0.01,60.43,1.739
2000-09-02,30.509,0.001,57.59,1.178
2000-09-03,30.562,0.279,65.36,0.352
2000-09-04,30.678,0.279,65.41,1.772
2000-09-05,30.782,0.9,66.94,1.017
2000-09-06,30.531,2.195,67.71,1.103
2000-09-07,31.505,0.022,54.97,0.727
2000-09-08,31.616,0.046,51.84,1.133
2000-09-09,30.442,1.365,53.05,1.945
2000-09-10,29.599,1.913,57.88,2.591
2000-09-11,29.64,0.86,55.51,2.663
2000-09-12,30.294,0.205,53.73,2.274
2000-09-13,30.744,0.011,49.74,2.752
2000-09-14,31.225,0.008,50.49,1.428
2000-09-15,30.765,0.232,58.15,0.483
2000-09-16,31.172,0.005,51.45,0.845
2000-09-17,31.397,0.001,31.77,2.511
2000-09-18,30.727,0.0,31.51,2.59
2000-09-19,30.206,0.0,44.41,0.727
2000-09-20,29.405,0.098,60.44,1.467
2000-09-21,29.195,0.135,59.91,1.376
2000-09-22,28.941,0.273,57.71,0.877
2000-09-23,29.554,0.07,51.77,1.06
2000-09-24,29.641,0.11,45.3,1.633
2000-09-25,29.969,1.076,46.17,0.419
2000-09-26,28.162,1.03,50.53,0.891
2000-09-27,28.578,0.545,48.43,1.012
2000-09-28,28.638,0.028,45.33,1.359
2000-09-29,28.126,0.0,42.52,0.73
2000-09-30,28.458,0.002,42.39,1.709
2000-10-01,28.65,0.002,45.95,1.922
2000-10-02,29.219,0.002,46.9,0.904
2000-10-03,29.97,0.001,45.08,1.3
2000-10-04,29.822,0.0,46.87,0.652
2000-10-05,29.717,0.0,48.52,1.608
2000-10-06,29.906,0.0,48.69,1.54
2000-10-07,29.989,0.001,43.71,0.122
2000-10-08,30.028,0.001,37.39,1.28
2000-10-09,29.803,0.266,36.76,1.55
2000-10-10,29.094,0.012,36.15,2.012
2000-10-11,28.345,0.08,37.21,2.026
2000-10-12,27.709,0.001,35.86,2.332
2000-10-13,27.339,0.001,33.35,2.242
2000-10-14,27.048,0.0,34.15,2.718
2000-10-15,26.969,0.0,34.6,2.975
2000-10-16,26.603,0.001,40.76,1.052
2000-10-17,26.427,0.0,43.28,0.361
2000-10-18,26.834,0.001,41.7,0.4
2000-10-19,27.246,0.0,41.67,0.099
2000-10-20,27.256,0.0,41.32,0.581
2000-10-21,27.404,0.003,43.21,1.839
2000-10-22,27.221,0.0,42.31,1.156
2000-10-23,27.133,0.002,43.21,1.263
2000-10-24,26.788,0.0,41.73,0.691
2000-10-25,26.273,0.001,41.41,2.015
2000-10-26,26.063,0.0,38.76,2.013
2000-10-27,25.034,0.001,42.18,0.07
2000-10-28,24.753,0.002,41.95,0.239
2000-10-29,25.18,0.002,42.95,1.739
2000-10-30,24.828,0.003,47.39,1.118
2000-10-31,24.18,0.0,43.54,0.377
2000-11-01,24.237,0.003,48.23,1.488
2000-11-02,24.048,-0.0,55.16,1.029
2000-11-03,24.003,0.001,52.11,1.053
2000-11-04,23.708,0.001,47.2,1.546
2000-11-05,23.654,0.0,45.52,1.489
2000-11-06,23.385,0.003,39.16,0.349
2000-11-07,23.965,0.0,36.39,1.265
2000-11-08,24.708,0.0,40.36,0.463
2000-11-09,24.648,0.0,40.08,2.242
2000-11-10,22.891,0.001,35.49,3.539
2000-11-11,22.006,0.0,38.98,2.732
2000-11-12,21.656,0.001,43.22,1.294
2000-11-13,22.633,0.003,45.58,1.729
2000-11-14,21.94,0.002,43.79,1.962
2000-11-15,19.763,0.001,33.69,2.069
2000-11-16,19.263,0.0,37.76,0.684
2000-11-17,21.607,0.002,43.6,1.801
2000-11-18,20.621,0.0,43.14,0.422
2000-11-19,19.785,0.002,56.29,2.486
2000-11-20,19.928,0.001,46.08,2.136
2000-11-21,20.196,0.001,48.06,1.684
2000-11-22,20.589,0.001,54.94,1.738
2000-11-23,20.596,0.0,63.27,1.56
2000-11-24,20.71,0.0,55.82,2.107
2000-11-25,18.559,0.001,48.17,3.455
2000-11-26,17.775,0.0,49.77,1.15
2000-11-27,16.975,0.522,62.88,0.275
2000-11-28,16.968,0.001,54.55,2.288
2000-11-29,16.021,0.0,39.88,2.738
2000-11-30,15.655,0.0,41.05,3.217
2000-12-01,14.807,0.001,30.08,3.29
2000-12-02,14.045,0.001,31.88,2.525
2000-12-03,14.995,0.0,39.34,1.986
2000-12-04,16.586,0.001,40.72,3.391
2000-12-05,16.351,0.004,44.11,2.596
2000-12-06,15.996,0.0,44.11,2.119
2000-12-07,16.565,0.0,42.2,1.482
2000-12-08,17.658,0.0,45.2,1.36
2000-12-09,16.156,0.002,46.69,2.761
2000-12-10,14.938,0.0,49.22,1.949
2000-12-11,14.822,0.0,45.8,2.581
2000-12-12,14.404,0.001,44.7,2.239
2000-12-13,15.298,0.0,47.05,2.138
2000-12-14,16.149,0.001,55.7,2.267
2000-12-15,16.704,0.001,58.39,1.355
2000-12-16,17.521,0.002,57.7,0.78
2000-12-17,18.153,0.0,56.44,0.239
2000-12-18,16.773,0.001,59.81,3.086
2000-12-19,14.38,0.001,47.55,3.525
2000-12-20,14.165,0.001,42.24,3.053
2000-12-21,13.443,0.001,46.93,2.548
2000-12-22,13.12,0.0,53.03,1.57
2000-12-23,13.137,0.001,58.46,1.035
2000-12-24,13.548,0.001,57.78,1.951
2000-12-25,13.598,0.001,58.61,2.198
2000-12-26,13.258,0.001,60.6,1.48
2000-12-27,13.822,0.003,59.85,1.123
2000-12-28,14.137,0.001,62.46,2.221
2000-12-29,14.347,0.0,60.37,0.802
2000-12-30,15.425,0.003,59.93,0.81
2000-12-31,15.742,5.406,66.35,1.762
2001-01-01,12.759,10.359,89.33,1.142
2001-01-02,12.152,0.105,77.63,1.368
2001-01-03,13.189,0.037,71.02,2.678
2001-01-04,12.537,0.01,72.29,2.949
2001-01-05,10.983,0.001,74.53,2.714
2001-01-06,10.355,0.0,76.18,0.848
2001-01-07,9.775,0.003,77.16,1.323
2001-01-08,9.806,0.0,73.14,2.526
2001-01-09,10.425,0.002,72.18,2.628
2001-01-10,10.805,0.001,67.13,2.782
2001-01-11,11.238,0.002,69.06,1.551
2001-01-12,11.223,0.158,72.17,1.07
2001-01-13,11.459,0.0,71.18,2.65
2001-01-14,11.989,0.002,67.96,2.399
2001-01-15,11.651,0.003,70.06,1.563
2001-01-16,10.743,0.001,70.33,2.122
2001-01-17,10.816,0.0,73.3,1.774
2001-01-18,11.201,0.001,73.77,2.009
2001-01-19,12.475,0.0,69.32,1.747
2001-01-20,13.299,0.0,65.82,1.084
2001-01-21,14.777,0.003,67.84,0.227
2001-01-22,13.8,0.33,70.11,0.782
2001-01-23,12.208,0.002,69.56,2.969
2001-01-24,12.386,0.0,51.81,4.48
2001-01-25,13.348,0.001,49.74,3.921
2001-01-26,14.439,0.0,52.21,3.643
2001-01-27,14.214,0.001,43.09,3.642
2001-01-28,14.543,0.001,46.5,2.363
2001-01-29,16.016,0.001,50.0,0.848
2001-01-30,17.383,0.001,55.12,1.64
2001-01-31,15.982,0.0,56.43,2.988
2001-02-01,12.405,0.001,39.4,3.166
2001-02-02,12.745,-0.0,39.83,3.601
2001-02-03,12.657,0.0,39.12,2.306
2001-02-04,13.047,0.001,43.26,0.751
2001-02-05,14.016,0.003,48.06,1.855
2001-02-06,14.75,0.002,43.81,2.857
2001-02-07,15.796,0.002,41.49,3.171
2001-02-08,16.715,0.0,36.36,4.272
2001-02-09,16.597,0.002,37.48,3.556
2001-02-10,15.841,0.0,40.35,2.799
2001-02-11,15.143,0.001,37.05,2.049
2001-02-12,16.548,0.0,41.24,1.28
2001-02-13,17.519,0.016,41.21,1.555
2001-02-14,18.469,0.043,48.26,3.459
2001-02-15,16.809,1.184,68.73,2.033
2001-02-16,18.411,0.004,63.25,1.319
2001-02-17,19.141,0.002,58.84,1.26
2001-02-18,19.154,0.001,54.78,2.907
2001-02-19,19.854,0.001,47.79,3.152
2001-02-20,19.962,0.423,54.7,0.595
2001-02-21,18.327,0.001,58.88,2.432
2001-02-22,19.667,0.034,53.04,1.32
2001-02-23,21.873,0.0,48.79,0.759
2001-02-24,21.854,3.283,56.3,1.235
2001-02-25,18.658,0.871,68.42,1.585
2001-02-26,18.135,0.002,45.37,0.827
2001-02-27,18.206,0.002,43.53,0.621
2001-02-28,18.494,0.197,39.7,1.604
2001-03-01,17.805,0.001,36.36,3.086
2001-03-02,18.025,0.001,34.91,2.821
2001-03-03,18.056,0.0,36.82,1.907
2001-03-04,18.263,0.0,36.63,2.324
2001-03-05,19.285,0.001,35.09,3.05
2001-03-06,19.848,0.001,36.45,1.017
2001-03-07,21.053,0.0,35.41,0.775
2001-03-08,20.999,0.0,39.31,1.421
2001-03-09,21.193,0.089,37.85,1.573
2001-03-10,21.915,0.002,34.92,1.7
2001-03-11,22.553,0.001,34.78,0.362
2001-03-12,24.206,0.158,34.9,2.269
2001-03-13,24.335,1.07,36.64,2.469
2001-03-14,22.543,2.807,49.51,2.676
2001-03-15,22.266,0.0,45.32,1.544
2001-03-16,21.622,0.0,35.05,3.024
2001-03-17,22.568,0.0,37.82,2.444
2001-03-18,23.634,0.0,41.04,1.105
2001-03-19,26.284,0.252,36.88,0.974
2001-03-20,23.44,6.44,51.91,2.699
2001-03-21,22.663,0.013,55.85,1.483
2001-03-22,22.521,0.014,50.62,1.216
2001-03-23,22.59,0.0,40.3,2.168
2001-03-24,23.798,0.001,32.54,2.762
2001-03-25,24.792,0.005,33.88,2.262
2001-03-26,25.056,0.001,34.96,2.747
2001-03-27,26.385,0.0,32.97,0.396
2001-03-28,24.769,3.198,50.31,1.827
2001-03-29,23.962,0.55,45.13,3.487
2001-03-30,20.281,3.09,61.37,1.866
2001-03-31,22.1,0.008,48.08,1.684
2001-04-01,22.457,0.0,45.16,2.286
2001-04-02,24.386,0.001,39.07,0.877
2001-04-03,26.203,0.0,31.11,1.516
2001-04-04,26.161,0.306,30.1,1.246
2001-04-05,26.226,0.876,28.33,0.729
2001-04-06,27.719,0.001,27.03,2.204
2001-04-07,28.615,0.0,25.47,2.83
2001-04-08,29.31,0.015,26.68,0.615
2001-04-09,29.686,0.0,16.88,1.499
2001-04-10,30.307,0.001,19.3,1.551
2001-04-11,30.481,0.003,19.9,1.324
2001-04-12,28.558,1.487,34.59,1.718
2001-04-13,27.585,0.411,37.11,2.334
2001-04-14,26.668,2.023,48.07,2.468
2001-04-15,25.847,1.406,51.78,2.135
2001-04-16,25.898,0.755,50.73,0.516
2001-04-17,23.907,5.68,64.83,0.816
2001-04-18,24.409,0.412,58.39,0.617
2001-04-19,23.544,8.09,65.96,0.968
2001-04-20,23.475,0.006,56.2,3.41
2001-04-21,25.645,0.0,47.06,3.572
2001-04-22,27.627,0.001,34.62,2.717
2001-04-23,29.454,0.001,28.91,2.065
2001-04-24,31.004,0.001,28.7,0.963
2001-04-25,31.765,0.001,26.46,1.921
2001-04-26,32.473,0.248,25.05,1.429
2001-04-27,33.154,0.006,21.24,0.922
2001-04-28,33.819,0.028,19.24,2.218
2001-04-29,34.284,0.168,18.45,2.008
2001-04-30,34.399,0.005,20.44,1.231
2001-05-01,33.854,0.472,25.72,1.095
2001-05-02,33.288,0.229,28.35,0.732
2001-05-03,32.19,2.19,31.83,1.19
2001-05-04,32.892,0.001,29.31,1.372
2001-05-05,33.906,0.001,32.94,1.371
2001-05-06,35.054,1.031,33.85,3.201
2001-05-07,34.415,0.001,41.55,3.382
2001-05-08,35.761,0.028,29.5,2.408
2001-05-09,36.243,0.541,24.44,4.327
2001-05-10,37.244,0.0,21.3,4.887
2001-05-11,36.852,0.0,21.11,1.409
2001-05-12,36.216,0.0,29.73,1.64
2001-05-13,36.26,0.059,30.81,0.81
2001-05-14,35.897,0.002,26.36,1.122
2001-05-15,33.645,0.431,36.5,0.733
2001-05-16,29.806,3.436,58.81,2.191
2001-05-17,29.796,6.123,55.28,0.733
2001-05-18,27.445,8.019,68.65,0.705
2001-05-19,29.788,0.828,56.35,0.536
2001-05-20,29.154,5.392,61.62,1.373
2001-05-21,30.46,0.882,56.62,1.53
2001-05-22,30.795,2.047,56.28,2.71
2001-05-23,32.923,0.0,44.98,2.917
2001-05-24,34.736,0.034,35.91,2.365
2001-05-25,35.314,0.976,28.91,2.715
2001-05-26,34.773,0.099,30.07,1.687
2001-05-27,33.757,1.048,38.59,0.805
2001-05-28,32.667,1.797,47.02,1.388
2001-05-29,31.678,1.106,49.45,2.181
2001-05-30,32.505,0.36,51.24,2.19
2001-05-31,33.259,2.189,49.91,2.872
2001-06-01,35.008,0.015,38.65,3.028
2001-06-02,34.816,0.002,37.35,2.069
2001-06-03,34.791,0.319,39.75,0.323
2001-06-04,30.795,4.289,62.27,2.61
2001-06-05,29.654,5.818,65.21,0.843
2001-06-06,31.422,1.069,56.29,0.429
2001-06-07,30.817,2.315,55.75,0.777
2001-06-08,31.51,1.405,55.17,0.838
2001-06-09,32.903,0.339,47.87,0.735
2001-06-10,33.053,0.459,50.88,2.54
2001-06-11,33.344,0.155,51.45,3.114
2001-06-12,34.07,0.208,50.51,3.047
2001-06-13,33.058,9.945,55.13,2.236
2001-06-14,30.431,2.897,68.82,1.591
2001-06-15,31.677,1.514,60.48,2.302
2001-06-16,28.791,7.545,76.53,2.018
2001-06-17,29.535,4.096,71.25,0.788
2001-06-18,31.023,0.407,64.2,0.869
2001-06-19,32.187,0.533,55.61,1.656
2001-06-20,32.254,3.106,58.56,1.903
2001-06-21,33.224,0.151,51.1,2.357
2001-06-22,31.692,5.683,59.35,0.615
2001-06-23,29.685,9.701,71.75,2.823
2001-06-24,27.516,16.309,83.04,1.499
2001-06-25,27.567,20.284,81.08,0.648
2001-06-26,27.254,13.667,82.92,2.181
2001-06-27,29.436,0.639,75.72,1.503
2001-06-28,31.116,0.143,67.61,1.169
2001-06-29,31.83,5.433,63.08,1.218
2001-06-30,27.765,8.218,84.42,1.205
2001-07-01,29.162,10.674,80.86,0.654
2001-07-02,29.031,12.945,81.56,1.055
2001-07-03,28.634,2.61,78.95,3.254
2001-07-04,29.815,0.144,69.71,3.057
2001-07-05,30.919,0.395,68.21,0.741
2001-07-06,31.725,4.212,66.12,1.377
2001-07-07,29.37,24.407,81.65,1.434
2001-07-08,29.967,2.032,76.04,1.657
2001-07-09,31.009,0.286,71.83,2.058
2001-07-10,30.814,5.892,73.17,2.501
2001-07-11,29.683,0.864,74.83,3.71
2001-07-12,28.734,8.494,80.37,2.957
2001-07-13,27.75,8.285,83.89,2.145
2001-07-14,26.641,11.272,89.77,3.512
2001-07-15,28.538,4.475,77.72,3.205
2001-07-16,28.464,2.749,75.22,2.094
2001-07-17,27.805,4.463,81.05,0.707
2001-07-18,29.54,0.684,75.46,0.69
2001-07-19,30.802,0.439,70.83,0.658
2001-07-20,29.243,7.285,80.16,1.311
2001-07-21,28.15,10.901,83.29,1.22
2001-07-22,28.151,4.894,83.71,1.612
2001-07-23,29.234,3.229,80.76,2.225
2001-07-24,29.94,9.009,77.4,1.897
2001-07-25,29.231,11.867,80.25,0.695
2001-07-26,27.648,9.214,86.8,0.961
2001-07-27,28.259,7.071,83.94,1.746
2001-07-28,28.6,9.211,82.52,1.995
2001-07-29,29.38,0.362,69.89,3.5
2001-07-30,28.96,1.44,72.28,2.566
2001-07-31,29.351,0.514,71.62,2.124
2001-08-01,29.968,0.151,63.92,2.489
2001-08-02,31.127,0.008,56.35,2.948
2001-08-03,30.106,0.091,66.09,1.099
2001-08-04,28.215,7.902,82.73,2.463
2001-08-05,29.029,5.352,80.09,1.731
2001-08-06,28.78,8.227,79.4,2.487
2001-08-07,28.465,5.858,81.88,1.85
2001-08-08,28.273,6.138,84.67,1.8
2001-08-09,28.393,12.615,82.91,1.625
2001-08-10,28.699,2.06,80.43,2.31
2001-08-11,30.006,0.899,77.09,2.133
2001-08-12,30.576,0.552,75.31,1.329
2001-08-13,29.407,45.832,82.33,1.289
2001-08-14,27.946,44.772,88.15,0.961
2001-08-15,29.297,1.715,82.01,0.437
2001-08-16,28.878,7.431,82.21,1.193
2001-08-17,28.069,5.019,83.17,2.638
2001-08-18,29.099,1.256,77.67,3.54
2001-08-19,29.209,0.259,72.99,2.937
2001-08-20,29.194,0.165,72.48,1.905
2001-08-21,29.556,0.159,70.11,2.353
2001-08-22,29.67,0.517,68.53,2.522
2001-08-23,29.529,0.483,70.46,1.034
2001-08-24,29.497,1.029,69.75,1.27
2001-08-25,30.327,0.057,61.29,2.921
2001-08-26,30.312,0.001,57.43,3.715
2001-08-27,30.475,0.0,58.98,3.557
2001-08-28,30.874,0.002,54.76,4.161
2001-08-29,30.454,0.002,57.4,3.248
2001-08-30,29.948,0.001,61.06,1.727
2001-08-31,29.949,0.712,66.02,0.54
2001-09-01,30.057,1.458,69.97,0.401
2001-09-02,30.671,0.41,65.37,0.807
2001-09-03,30.748,0.466,61.83,0.688
2001-09-04,30.765,0.384,59.07,2.06
2001-09-05,30.432,0.285,59.41,2.191
2001-09-06,30.218,0.121,58.51,1.856
2001-09-07,30.378,0.095,58.87,1.468
2001-09-08,30.558,0.08,58.74,1.455
2001-09-09,31.115,0.102,51.9,2.081
2001-09-10,30.952,0.002,44.93,3.05
2001-09-11,30.977,0.412,51.98,1.585
2001-09-12,30.693,0.047,53.5,1.208
2001-09-13,30.742,0.019,53.76,0.362
2001-09-14,29.504,2.282,62.57,0.682
2001-09-15,29.084,0.015,57.87,2.46
2001-09-16,29.033,0.005,55.09,2.078
2001-09-17,28.996,0.001,50.93,1.742
2001-09-18,29.589,0.001,49.35,0.698
2001-09-19,30.372,0.0,40.77,1.378
2001-09-20,29.703,0.0,39.49,1.835
2001-09-21,29.738,0.001,38.54,2.092
2001-09-22,29.59,0.001,44.87,1.383
2001-09-23,29.596,0.0,47.28,0.532
2001-09-24,29.444,0.002,45.02,0.548
2001-09-25,29.14,0.0,46.25,0.776
2001-09-26,28.77,0.002,41.9,1.494
2001-09-27,29.149,0.0,39.63,1.787
2001-09-28,29.27,0.001,42.3,0.945
2001-09-29,29.571,0.001,47.9,2.2
2001-09-30,28.001,6.773,70.07,2.226
2001-10-01,27.691,9.47,75.18,2.439
2001-10-02,27.071,0.518,74.02,2.765
2001-10-03,27.143,0.182,71.12,2.283
2001-10-04,27.299,0.675,71.67,1.375
2001-10-05,27.994,0.002,57.13,1.459
2001-10-06,28.217,0.001,52.76,0.826
2001-10-07,28.086,0.003,50.13,0.547
2001-10-08,27.738,0.001,46.62,0.301
2001-10-09,27.28,0.001,45.47,1.167
2001-10-10,27.83,0.001,42.96,0.356
2001-10-11,28.785,0.009,40.86,1.394
2001-10-12,27.198,1.454,66.71,1.271
2001-10-13,27.809,0.041,56.31,1.117
2001-10-14,26.022,0.0,40.55,2.346
2001-10-15,24.497,0.003,38.38,1.533
2001-10-16,24.074,0.001,42.44,1.919
2001-10-17,24.216,0.003,40.85,1.96
2001-10-18,24.763,0.002,39.53,1.155
2001-10-19,25.584,0.0,38.58,0.568
2001-10-20,25.193,0.0,44.54,0.142
2001-10-21,25.353,0.0,48.68,1.3
2001-10-22,25.543,0.0,52.71,1.142
2001-10-23,25.488,0.001,50.45,1.629
2001-10-24,25.401,0.002,50.51,1.64
2001-10-25,25.727,0.001,48.64,0.377
2001-10-26,25.792,0.001,51.21,1.356
2001-10-27,25.487,0.0,52.81,1.741
2001-10-28,25.351,0.001,55.58,1.273
2001-10-29,25.519,0.0,53.45,1.408
2001-10-30,25.663,0.0,50.57,0.355
2001-10-31,26.108,0.001,50.04,1.039
2001-11-01,26.072,0.0,51.51,0.579
2001-11-02,26.747,0.002,40.04,0.994
2001-11-03,26.024,0.001,35.36,1.712
2001-11-04,23.527,0.002,45.18,2.422
2001-11-05,22.513,0.005,46.08,0.746
2001-11-06,20.858,0.498,58.88,2.549
2001-11-07,20.736,0.001,50.25,1.97
2001-11-08,20.001,0.0,44.58,2.338
2001-11-09,19.358,0.002,41.37,1.875
2001-11-10,19.594,0.002,41.82,1.161
2001-11-11,19.821,0.001,46.12,1.939
2001-11-12,20.458,0.002,40.07,2.975
2001-11-13,20.064,0.0,39.9,2.431
2001-11-14,19.885,0.002,46.82,0.302
2001-11-15,20.298,0.0,53.16,0.28
2001-11-16,20.454,0.001,59.15,0.148
2001-11-17,20.077,0.0,57.45,1.847
2001-11-18,19.894,0.001,51.79,2.409
2001-11-19,19.499,0.001,50.33,0.713
2001-11-20,19.032,0.0,50.49,0.823
2001-11-21,18.525,0.002,53.57,1.409
2001-11-22,18.807,0.0,55.75,1.845
2001-11-23,18.947,0.0,50.72,2.635
2001-11-24,18.142,0.001,54.37,0.084
2001-11-25,17.82,0.001,52.45,1.025
2001-11-26,17.767,0.0,51.64,1.271
2001-11-27,17.164,0.003,52.37,1.797
2001-11-28,16.663,-0.0,50.61,2.206
2001-11-29,16.982,0.001,52.59,2.139
2001-11-30,17.674,0.0,47.05,3.547
2001-12-01,18.1,0.0,49.96,3.402
2001-12-02,17.922,0.0,52.45,3.212
2001-12-03,18.294,0.001,51.04,1.885
2001-12-04,18.319,0.002,53.04,1.627
2001-12-05,17.939,0.001,56.92,2.642
2001-12-06,17.755,0.001,47.54,2.557
2001-12-07,18.427,0.001,53.3,1.847
2001-12-08,18.072,0.003,57.1,2.342
2001-12-09,17.15,0.0,53.17,0.409
2001-12-10,18.596,0.001,49.42,3.492
2001-12-11,17.5,0.0,60.3,3.176
2001-12-12,17.276,0.0,67.28,1.801
2001-12-13,16.501,0.001,60.18,2.685
2001-12-14,16.11,0.001,59.22,0.453
2001-12-15,15.663,0.636,71.49,1.864
2001-12-16,15.746,0.001,71.95,1.942
2001-12-17,15.63,0.003,67.68,2.088
2001-12-18,15.907,0.005,64.4,1.71
2001-12-19,15.323,0.026,64.04,2.203
2001-12-20,14.146,0.0,62.39,2.894
2001-12-21,13.261,0.0,55.26,2.397
2001-12-22,12.983,0.001,61.15,1.582
2001-12-23,13.225,0.001,63.69,1.843
2001-12-24,13.197,0.0,63.13,1.548
2001-12-25,13.446,0.002,66.7,0.765
2001-12-26,13.864,0.001,67.35,1.369
2001-12-27,13.546,0.001,67.94,1.404
2001-12-28,12.047,0.046,78.05,1.667
2001-12-29,9.621,0.142,89.97,1.85
2001-12-30,10.723,0.006,81.17,2.129
2001-12-31,12.528,0.001,75.19,2.177
2002-01-01,12.148,0.0,81.35,0.949
2002-01-02,11.589,0.0,81.7,1.333
2002-01-03,11.593,0.002,81.06,1.49
2002-01-04,11.041,0.123,82.74,1.205
2002-01-05,12.422,0.003,74.9,1.305
2002-01-06,13.031,0.0,71.81,1.442
2002-01-07,13.488,0.003,72.02,1.675
2002-01-08,13.82,0.0,67.51,1.831
2002-01-09,13.243,0.002,67.28,1.943
2002-01-10,13.714,0.001,67.35,2.394
2002-01-11,15.541,0.001,57.93,3.878
2002-01-12,16.527,0.004,59.57,2.418
2002-01-13,16.755,0.0,64.37,2.997
2002-01-14,17.073,0.529,68.83,3.511
2002-01-15,15.79,15.826,86.85,2.883
2002-01-16,14.329,0.205,80.86,1.122
2002-01-17,13.393,0.897,82.93,1.725
2002-01-18,12.946,2.421,85.27,1.445
2002-01-19,12.505,0.043,76.64,0.825
2002-01-20,11.84,0.013,68.65,1.475
2002-01-21,11.342,-0.0,59.69,1.872
2002-01-22,10.96,0.001,62.25,1.851
2002-01-23,11.905,-0.0,61.48,2.786
2002-01-24,13.039,0.0,56.34,2.495
2002-01-25,14.24,0.099,58.32,1.171
2002-01-26,13.215,0.257,71.82,1.67
2002-01-27,12.046,0.228,71.64,1.357
2002-01-28,11.798,0.002,68.78,1.479
2002-01-29,11.785,0.001,59.7,2.149
2002-01-30,12.174,0.002,55.68,2.303
2002-01-31,12.252,0.001,54.05,1.741
2002-02-01,13.11,0.001,53.07,1.986
2002-02-02,13.897,0.0,54.57,2.143
2002-02-03,13.208,0.001,50.77,3.449
2002-02-04,12.958,0.003,53.39,1.263
2002-02-05,13.908,0.025,58.16,2.447
2002-02-06,15.88,0.295,60.1,2.474
2002-02-07,13.957,4.309,60.36,0.618
2002-02-08,11.775,3.736,81.49,1.657
2002-02-09,10.908,0.001,48.87,2.863
2002-02-10,12.28,0.169,54.29,1.758
2002-02-11,12.359,14.705,86.7,0.577
2002-02-12,13.041,0.053,81.45,1.259
2002-02-13,13.796,0.0,69.37,2.939
2002-02-14,14.254,0.001,62.62,2.603
2002-02-15,15.781,0.0,63.08,2.286
2002-02-16,17.368,0.003,67.14,0.452
2002-02-17,18.426,0.0,69.96,2.357
2002-02-18,19.391,0.004,64.95,1.165
2002-02-19,19.258,0.001,58.46,2.322
2002-02-20,18.244,0.013,56.51,0.546
2002-02-21,19.862,0.003,52.98,1.451
2002-02-22,20.641,4.498,61.83,2.411
2002-02-23,19.373,0.294,63.94,1.754
2002-02-24,17.995,2.285,67.43,1.465
2002-02-25,17.002,0.003,62.99,1.022
2002-02-26,17.545,0.024,56.46,1.747
2002-02-27,17.787,0.002,59.44,2.622
2002-02-28,18.808,0.0,59.11,1.188
2002-03-01,20.363,0.003,59.83,2.551
2002-03-02,16.645,1.994,77.47,2.127
2002-03-03,16.585,0.002,60.43,2.553
2002-03-04,17.566,0.002,51.56,3.31
2002-03-05,18.323,0.001,49.13,2.551
2002-03-06,19.122,0.001,43.33,2.25
2002-03-07,20.029,0.002,39.93,1.269
2002-03-08,21.674,0.024,37.12,3.793
2002-03-09,22.556,0.166,46.71,3.362
2002-03-10,21.775,0.13,55.34,1.76
2002-03-11,20.438,0.001,44.67,3.572
2002-03-12,21.449,0.001,47.1,2.736
2002-03-13,21.572,0.002,44.29,1.966
2002-03-14,21.349,0.0,39.48,2.096
2002-03-15,22.312,0.0,40.18,2.555
2002-03-16,23.487,0.001,38.08,2.506
2002-03-17,24.403,0.001,39.35,1.408
2002-03-18,25.231,0.0,36.32,2.07
2002-03-19,25.603,0.001,39.43,2.029
2002-03-20,26.666,0.0,37.01,0.228
2002-03-21,25.489,0.497,42.51,0.987
2002-03-22,25.361,0.001,44.1,2.063
2002-03-23,25.66,0.206,41.89,1.66
2002-03-24,27.042,0.157,34.79,1.655
2002-03-25,25.625,0.065,35.95,1.887
2002-03-26,25.276,0.0,36.23,2.545
2002-03-27,24.925,0.0,34.99,2.417
2002-03-28,25.125,0.001,30.18,2.396
2002-03-29,26.268,0.001,29.9,2.36
2002-03-30,27.422,0.0,28.3,0.959
2002-03-31,28.979,0.07,27.69,1.724
2002-04-01,27.99,0.028,30.46,2.585
2002-04-02,26.275,0.009,32.49,1.684
2002-04-03,25.533,0.0,27.02,1.818
2002-04-04,26.977,0.002,26.78,0.61
2002-04-05,29.417,0.002,27.25,2.161
2002-04-06,29.56,0.822,32.79,1.096
2002-04-07,27.908,2.271,38.16,1.722
2002-04-08,26.7,0.413,39.4,2.77
2002-04-09,26.218,0.012,33.36,2.635
2002-04-10,26.707,0.0,28.14,1.961
2002-04-11,27.866,0.0,26.76,0.352
2002-04-12,28.983,0.0,26.97,0.627
2002-04-13,29.947,0.0,29.76,0.586
2002-04-14,31.072,0.003,28.32,0.985
2002-04-15,31.151,0.0,28.41,1.592
2002-04-16,31.039,0.0,26.16,2.206
2002-04-17,31.178,0.001,27.76,2.818
2002-04-18,31.466,0.0,20.83,3.113
2002-04-19,31.797,0.001,20.12,2.617
2002-04-20,32.886,0.002,18.54,1.485
2002-04-21,33.039,0.0,18.01,2.225
2002-04-22,33.761,0.003,18.67,1.936
2002-04-23,33.769,0.036,24.15,2.058
2002-04-24,32.58,0.04,35.73,4.283
2002-04-25,29.549,0.805,43.94,2.609
2002-04-26,28.359,0.001,30.45,2.145
2002-04-27,31.93,0.002,18.44,0.897
2002-04-28,31.656,0.001,22.54,0.993
2002-04-29,30.853,0.001,16.58,1.779
2002-04-30,31.829,0.001,13.99,1.246
2002-05-01,32.301,1.239,26.91,3.446
2002-05-02,31.441,0.86,30.62,1.718
2002-05-03,33.079,0.001,21.85,2.494
2002-05-04,34.365,0.001,19.37,3.382
2002-05-05,35.027,0.001,17.66,1.377
2002-05-06,34.788,0.043,20.91,1.518
2002-05-07,34.54,0.002,30.54,1.998
2002-05-08,36.169,0.001,15.06,3.586
2002-05-09,36.615,0.001,15.91,4.4
2002-05-10,36.732,0.0,17.53,4.537
2002-05-11,36.629,0.0,12.08,3.798
2002-05-12,36.387,0.001,16.09,1.449
2002-05-13,36.915,1.255,32.1,1.176
2002-05-14,37.429,0.106,31.99,0.652
2002-05-15,37.148,0.001,31.56,1.484
2002-05-16,35.963,0.001,30.89,1.136
2002-05-17,36.404,0.002,17.21,2.445
2002-05-18,37.192,-0.0,11.18,3.61
2002-05-19,35.648,0.0,16.65,4.226
2002-05-20,34.566,0.0,14.12,2.488
2002-05-21,34.444,0.001,10.33,2.735
2002-05-22,35.807,0.001,12.71,3.257
2002-05-23,36.074,1.54,26.58,2.453
2002-05-24,36.606,0.962,23.9,2.296
2002-05-25,34.391,0.619,37.09,2.709
2002-05-26,32.609,1.156,44.44,2.345
2002-05-27,32.57,2.186,45.6,0.626
2002-05-28,30.095,5.463,55.51,0.701
2002-05-29,28.76,6.938,59.35,1.828
2002-05-30,30.535,0.144,53.58,0.657
2002-05-31,31.362,0.165,50.25,0.877
2002-06-01,30.853,2.619,51.24,0.687
2002-06-02,31.889,0.016,45.11,0.91
2002-06-03,32.793,0.165,41.21,1.515
2002-06-04,33.509,0.0,39.89,0.781
2002-06-05,34.95,1.053,35.72,2.203
2002-06-06,35.505,0.48,41.43,2.138
2002-06-07,35.744,0.02,38.4,2.259
2002-06-08,36.457,0.001,31.93,2.966
2002-06-09,36.285,0.0,29.43,1.115
2002-06-10,35.969,0.0,23.76,1.528
2002-06-11,36.315,0.0,32.46,0.526
2002-06-12,33.965,0.754,51.34,3.219
2002-06-13,35.693,0.031,38.88,1.14
2002-06-14,36.009,0.04,30.99,0.898
2002-06-15,36.115,0.198,34.67,1.43
2002-06-16,35.477,0.136,39.5,0.378
2002-06-17,33.94,1.693,48.52,0.804
2002-06-18,33.851,0.149,50.63,3.28
2002-06-19,32.084,7.996,57.41,2.496
2002-06-20,34.313,0.061,49.9,2.064
2002-06-21,35.369,0.04,42.52,2.401
2002-06-22,35.96,0.002,36.32,1.634
2002-06-23,36.031,0.157,44.85,2.674
2002-06-24,32.567,0.803,60.09,3.956
2002-06-25,34.531,0.161,49.19,3.2
2002-06-26,33.31,0.869,54.57,4.245
2002-06-27,32.07,0.12,57.88,4.044
2002-06-28,31.698,2.719,61.35,3.135
2002-06-29,31.989,5.55,65.71,1.425
2002-06-30,33.953,1.096,49.41,1.5
2002-07-01,35.474,1.274,44.36,4.272
2002-07-02,35.712,0.019,43.13,4.854
2002-07-03,35.849,0.007,42.15,3.846
2002-07-04,35.436,0.372,45.01,2.719
2002-07-05,33.846,1.076,51.4,2.791
2002-07-06,35.036,0.216,44.29,3.099
2002-07-07,35.949,0.008,37.72,4.371
2002-07-08,36.452,0.004,33.93,5.021
2002-07-09,36.369,0.001,34.67,4.999
2002-07-10,35.795,0.0,33.72,4.984
2002-07-11,35.995,0.028,33.93,4.597
2002-07-12,36.175,0.673,35.44,3.783
2002-07-13,36.227,0.023,36.19,4.306
2002-07-14,36.7,0.001,32.2,4.982
2002-07-15,36.096,0.013,34.62,4.351
2002-07-16,36.145,0.095,36.28,2.573
2002-07-17,35.537,0.122,42.23,1.03
2002-07-18,33.45,3.264,56.9,2.042
2002-07-19,33.559,0.643,58.03,1.745
2002-07-20,35.986,0.249,41.18,2.769
2002-07-21,35.271,0.006,37.59,5.349
2002-07-22,34.372,0.0,41.36,5.15
2002-07-23,34.073,0.269,44.72,4.381
2002-07-24,34.851,0.023,40.91,4.929
2002-07-25,34.84,0.003,40.46,4.945
2002-07-26,34.648,0.019,41.51,4.019
2002-07-27,34.995,0.143,42.55,3.141
2002-07-28,34.884,0.491,43.63,2.721
2002-07-29,35.317,0.207,41.06,2.828
2002-07-30,35.375,0.012,40.39,1.48
2002-07-31,34.643,0.959,46.56,0.966
2002-08-01,32.822,0.361,59.68,1.821
2002-08-02,33.641,1.923,56.83,2.205
2002-08-03,31.042,6.173,70.04,2.989
2002-08-04,27.96,6.759,84.11,3.543
2002-08-05,30.764,0.468,68.01,2.783
2002-08-06,30.938,1.084,68.36,2.854
2002-08-07,31.797,3.013,61.57,2.04
2002-08-08,32.462,10.456,61.84,1.503
2002-08-09,31.47,1.428,67.67,1.303
2002-08-10,32.385,0.845,59.65,2.601
2002-08-11,32.025,0.829,54.28,3.649
2002-08-12,28.316,39.422,78.08,1.59
2002-08-13,27.552,21.447,83.4,2.154
2002-08-14,28.035,1.157,79.98,2.275
2002-08-15,28.801,1.154,78.9,0.92
2002-08-16,30.147,0.563,72.52,1.137
2002-08-17,31.073,0.361,70.0,0.135
2002-08-18,31.39,0.429,64.88,1.14
2002-08-19,31.043,0.288,70.14,1.332
2002-08-20,32.357,0.397,59.56,0.772
2002-08-21,29.734,2.416,72.59,2.418
2002-08-22,28.225,4.21,76.77,2.732
2002-08-23,28.839,1.528,76.33,2.2
2002-08-24,29.538,0.341,68.63,4.07
2002-08-25,29.401,0.671,68.64,4.516
2002-08-26,29.876,0.357,63.72,2.691
2002-08-27,29.567,1.175,63.01,3.532
2002-08-28,29.76,4.271,64.7,2.387
2002-08-29,27.933,2.586,79.4,1.56
2002-08-30,29.562,1.089,74.94,2.042
2002-08-31,30.346,0.822,69.38,2.268
2002-09-01,28.851,7.61,78.62,2.588
2002-09-02,29.564,0.708,72.36,2.381
2002-09-03,28.446,1.201,75.65,2.226
2002-09-04,27.657,1.055,77.81,3.047
2002-09-05,27.294,0.744,76.83,2.925
2002-09-06,26.307,1.605,72.65,3.29
2002-09-07,24.475,1.081,75.14,3.235
2002-09-08,26.235,0.213,73.69,1.214
2002-09-09,27.841,0.385,71.32,1.14
2002-09-10,27.615,1.393,69.99,1.359
2002-09-11,26.317,0.252,73.65,2.486
2002-09-12,23.98,18.866,89.14,2.339
2002-09-13,24.548,29.656,89.93,0.316
2002-09-14,26.781,3.232,80.69,1.617
2002-09-15,27.13,6.454,76.52,1.134
2002-09-16,26.752,3.154,81.05,0.125
2002-09-17,27.869,0.305,67.95,0.496
2002-09-18,26.433,2.767,73.28,0.524
2002-09-19,26.669,0.156,74.35,1.137
2002-09-20,27.173,0.001,68.62,2.403
2002-09-21,27.083,0.003,67.96,1.67
2002-09-22,27.153,0.332,74.8,1.655
2002-09-23,27.11,0.441,77.87,1.418
2002-09-24,27.954,0.004,68.8,0.995
2002-09-25,28.177,0.051,65.36,0.815
2002-09-26,27.794,0.001,56.78,2.486
2002-09-27,27.389,0.0,57.03,0.761
2002-09-28,27.645,0.003,58.42,0.696
2002-09-29,27.755,0.055,55.45,1.255
2002-09-30,27.23,0.0,52.17,1.422
2002-10-01,27.416,0.001,45.02,1.342
2002-10-02,28.14,0.002,42.41,1.147
2002-10-03,28.101,0.001,40.72,0.275
2002-10-04,28.206,0.001,39.76,0.691
2002-10-05,28.662,0.001,39.1,1.613
2002-10-06,28.207,0.01,46.04,2.021
2002-10-07,28.115,0.008,49.73,2.228
2002-10-08,27.702,0.052,55.97,2.319
2002-10-09,27.822,0.002,54.5,1.896
2002-10-10,27.941,0.107,57.51,1.88
2002-10-11,27.423,1.473,59.4,1.485
2002-10-12,26.773,1.949,62.46,3.036
2002-10-13,26.333,0.11,60.22,2.448
2002-10-14,25.849,0.002,58.74,1.643
2002-10-15,26.044,0.0,54.37,1.265
2002-10-16,26.059,0.0,54.61,1.102
2002-10-17,26.862,0.001,49.03,0.61
2002-10-18,26.175,0.001,52.42,0.479
2002-10-19,26.068,0.0,53.04,1.186
2002-10-20,26.454,0.512,52.08,1.266
2002-10-21,26.568,0.741,53.64,0.853
2002-10-22,25.312,0.015,47.71,1.603
2002-10-23,23.58,0.0,45.68,2.029
2002-10-24,23.249,0.001,46.48,1.899
2002-10-25,23.968,0.001,41.14,2.25
2002-10-26,24.735,0.001,43.69,1.415
2002-10-27,24.626,0.0,45.53,0.795
2002-10-28,24.393,0.0,46.91,0.463
2002-10-29,25.47,0.0,45.85,1.672
2002-10-30,24.414,0.001,54.41,2.144
2002-10-31,24.364,0.381,52.27,0.884
2002-11-01,23.996,0.06,47.79,0.755
2002-11-02,23.917,0.108,44.31,0.349
2002-11-03,23.525,0.001,48.26,1.271
2002-11-04,22.894,0.001,52.97,0.575
2002-11-05,23.071,0.001,52.51,0.824
2002-11-06,22.36,0.091,59.68,1.544
2002-11-07,21.956,0.766,60.75,0.681
2002-11-08,22.212,0.011,57.24,1.139
2002-11-09,22.007,0.002,53.1,1.365
2002-11-10,21.399,0.001,50.56,1.801
2002-11-11,21.753,0.0,51.26,2.233
2002-11-12,20.68,0.18,56.13,2.58
2002-11-13,20.412,0.025,57.23,2.655
2002-11-14,20.106,0.002,54.31,2.934
2002-11-15,20.08,0.002,51.66,2.142
2002-11-16,21.368,0.0,51.05,2.686
2002-11-17,21.709,0.003,54.61,2.485
2002-11-18,21.641,0.0,52.86,1.958
2002-11-19,21.602,0.0,50.28,1.235
2002-11-20,20.19,0.0,42.37,2.116
2002-11-21,19.328,0.002,43.06,0.981
2002-11-22,18.988,0.0,42.32,1.996
2002-11-23,19.537,0.0,38.69,2.288
2002-11-24,19.904,0.001,45.13,2.326
2002-11-25,19.488,0.002,41.12,2.635
2002-11-26,18.31,0.0,40.62,1.962
2002-11-27,18.109,0.003,40.79,1.598
2002-11-28,17.853,0.001,45.62,1.466
2002-11-29,17.186,0.002,47.2,2.576
2002-11-30,16.924,0.001,51.16,2.056
2002-12-01,16.947,0.003,46.88,2.511
2002-12-02,16.522,0.0,46.01,1.907
2002-12-03,15.882,0.0,47.76,0.381
2002-12-04,15.362,0.0,52.59,1.058
2002-12-05,15.976,0.003,54.09,0.762
2002-12-06,16.67,0.0,57.05,1.838
2002-12-07,17.272,0.001,55.03,1.688
2002-12-08,17.116,0.001,46.03,2.335
2002-12-09,15.285,0.001,37.24,3.089
2002-12-10,14.746,0.001,40.84,1.902
2002-12-11,14.786,0.0,48.36,1.191
2002-12-12,15.544,0.002,54.1,1.313
2002-12-13,16.212,0.0,51.89,2.4
2002-12-14,17.406,0.001,48.03,2.712
2002-12-15,17.786,0.0,52.37,2.354
2002-12-16,18.14,0.003,57.05,0.48
2002-12-17,18.346,0.001,60.41,1.797
2002-12-18,18.494,0.001,56.98,0.559
2002-12-19,19.01,0.0,63.21,1.63
2002-12-20,19.071,0.001,64.55,1.472
2002-12-21,18.068,0.002,52.41,2.988
2002-12-22,17.027,0.002,57.62,1.215
2002-12-23,16.918,0.003,60.66,2.546
2002-12-24,14.949,3.656,76.95,2.028
2002-12-25,15.724,0.012,72.92,0.834
2002-12-26,14.633,0.101,74.73,1.793
2002-12-27,13.961,0.001,65.02,3.3
2002-12-28,13.457,0.003,60.74,3.093
2002-12-29,13.259,0.003,63.78,0.605
2002-12-30,14.189,1.588,65.31,1.774
2002-12-31,10.572,7.72,88.35,1.839
2003-01-01,10.96,0.013,81.06,0.842
2003-01-02,12.978,0.242,72.83,0.871
2003-01-03,12.577,0.51,74.54,2.118
2003-01-04,12.301,0.004,72.83,3.014
2003-01-05,11.687,0.0,73.06,1.967
2003-01-06,10.962,0.0,75.14,0.887
2003-01-07,10.184,0.001,76.44,2.307
2003-01-08,10.555,0.002,76.73,2.624
2003-01-09,9.412,0.001,80.71,1.154
2003-01-10,9.784,0.001,80.49,2.495
2003-01-11,10.325,0.001,72.08,2.351
2003-01-12,10.295,0.003,72.36,2.023
2003-01-13,11.148,-0.0,71.66,2.824
2003-01-14,11.253,0.001,70.76,2.491
2003-01-15,11.192,0.001,73.28,0.789
2003-01-16,10.932,0.0,77.95,2.162
2003-01-17,9.746,0.044,87.91,1.126
2003-01-18,9.202,0.194,88.85,0.624
2003-01-19,8.771,0.13,85.72,0.813
2003-01-20,8.509,0.111,84.61,1.736
2003-01-21,9.546,0.012,77.48,2.324
2003-01-22,11.835,0.002,69.51,2.548
2003-01-23,13.594,0.001,72.58,2.073
2003-01-24,13.839,0.001,69.59,1.908
2003-01-25,14.437,0.0,65.13,0.982
2003-01-26,15.882,0.002,62.67,0.795
2003-01-27,16.328,8.1,76.91,1.98
2003-01-28,15.392,8.327,82.62,1.042
2003-01-29,14.705,0.214,79.54,1.069
2003-01-30,14.177,4.285,76.09,1.615
2003-01-31,13.171,17.215,92.01,1.586
2003-02-01,13.43,0.242,77.08,1.199
2003-02-02,13.013,0.066,78.45,1.87
2003-02-03,12.635,0.002,74.48,1.882
2003-02-04,12.909,0.001,74.08,2.07
2003-02-05,13.294,0.0,70.61,2.222
2003-02-06,14.065,0.001,68.41,0.201
2003-02-07,15.579,0.002,73.86,1.495
2003-02-08,15.474,0.295,78.8,1.464
2003-02-09,14.253,0.001,67.96,1.804
2003-02-10,13.523,0.0,67.91,1.568
2003-02-11,14.194,0.0,70.09,2.123
2003-02-12,14.728,0.001,66.57,2.58
2003-02-13,15.414,0.001,58.08,2.618
2003-02-14,15.84,0.001,64.95,1.715
2003-02-15,17.741,0.001,59.96,0.716
2003-02-16,19.654,0.005,59.51,3.869
2003-02-17,18.469,4.3,69.36,5.754
2003-02-18,17.524,46.511,85.71,5.522
2003-02-19,14.837,1.045,75.57,1.679
2003-02-20,13.638,0.003,73.31,1.392
2003-02-21,15.1,0.001,71.13,3.541
2003-02-22,16.14,0.001,72.42,2.415
2003-02-23,17.173,0.003,76.78,1.082
2003-02-24,18.23,0.002,76.11,2.33
2003-02-25,18.541,0.001,73.19,2.668
2003-02-26,19.666,0.002,73.65,1.414
2003-02-27,21.003,0.063,70.43,0.842
2003-02-28,21.602,1.018,74.37,2.968
2003-03-01,22.462,1.228,77.85,4.803
2003-03-02,21.726,0.004,56.35,2.361
2003-03-03,14.865,0.001,27.63,2.836
2003-03-04,13.24,0.0,44.1,4.199
2003-03-05,14.131,0.002,44.46,3.679
2003-03-06,15.976,0.0,51.47,2.751
2003-03-07,16.996,0.001,46.46,3.305
2003-03-08,17.521,0.001,44.25,2.793
2003-03-09,19.868,0.0,46.75,2.296
2003-03-10,20.723,0.0,49.48,2.27
2003-03-11,19.52,0.0,57.04,0.81
2003-03-12,19.806,0.002,49.52,0.899
2003-03-13,20.839,0.001,57.97,1.27
2003-03-14,21.984,0.0,50.87,2.487
2003-03-15,21.734,0.01,53.4,1.653
2003-03-16,22.63,0.571,48.42,3.238
2003-03-17,22.84,0.0,42.54,1.092
2003-03-18,22.579,0.04,40.7,1.565
2003-03-19,22.952,0.0,41.03,2.58
2003-03-20,23.67,0.0,40.2,3.631
2003-03-21,24.31,0.002,44.94,1.228
2003-03-22,25.524,0.0,45.79,1.101
2003-03-23,25.947,0.004,46.46,1.918
2003-03-24,25.676,0.074,43.1,2.076
2003-03-25,24.239,1.169,52.89,0.942
2003-03-26,24.628,0.001,53.34,1.635
2003-03-27,25.37,0.001,47.87,0.589
2003-03-28,27.134,0.007,40.76,2.388
2003-03-29,25.793,0.463,49.52,3.213
2003-03-30,25.116,0.627,54.09,1.913
2003-03-31,25.778,0.001,43.7,3.638
2003-04-01,26.378,0.003,38.22,3.815
2003-04-02,27.374,0.069,31.44,1.313
2003-04-03,28.022,0.964,29.82,2.916
2003-04-04,26.395,1.559,42.41,3.703
2003-04-05,25.394,0.002,36.94,1.63
2003-04-06,25.51,0.002,30.14,2.484
2003-04-07,26.801,0.002,25.22,3.01
2003-04-08,27.575,0.002,25.83,2.268
2003-04-09,29.207,0.0,26.2,0.642
2003-04-10,30.409,0.003,21.35,0.184
2003-04-11,30.769,0.003,21.15,2.002
2003-04-12,31.632,0.003,19.08,3.736
2003-04-13,31.382,0.02,22.02,3.208
2003-04-14,30.819,0.002,18.7,2.623
2003-04-15,31.21,0.012,21.84,1.95
2003-04-16,29.935,0.931,31.48,1.19
2003-04-17,29.775,0.002,27.27,2.31
2003-04-18,31.452,0.002,21.74,0.355
2003-04-19,29.793,2.057,27.55,1.299
2003-04-20,28.357,0.001,25.5,0.872
2003-04-21,28.657,0.0,21.32,2.332
2003-04-22,29.749,0.002,20.42,3.171
2003-04-23,31.808,0.001,20.23,2.861
2003-04-24,32.543,0.001,18.28,1.451
2003-04-25,32.626,0.0,17.63,1.529
2003-04-26,32.137,0.357,24.61,0.684
2003-04-27,28.477,0.855,38.23,2.126
2003-04-28,28.563,0.408,37.88,1.666
2003-04-29,30.083,0.0,29.93,1.754
2003-04-30,31.452,0.0,30.97,3.028
2003-05-01,33.321,0.001,28.53,3.97
2003-05-02,33.459,0.001,14.66,3.278
2003-05-03,29.712,0.0,8.25,3.657
2003-05-04,27.517,0.001,11.63,1.64
2003-05-05,28.961,0.0,12.79,1.328
2003-05-06,30.258,0.0,11.28,2.141
2003-05-07,30.79,0.001,11.52,2.147
2003-05-08,30.641,0.0,12.8,2.201
2003-05-09,31.197,0.001,14.4,1.261
2003-05-10,33.238,0.003,16.52,0.172
2003-05-11,32.812,0.206,21.93,1.629
2003-05-12,32.699,0.001,26.8,2.781
2003-05-13,32.641,1.018,30.76,3.178
2003-05-14,31.914,0.004,32.1,1.234
2003-05-15,32.54,0.001,21.01,2.661
2003-05-16,32.846,0.001,16.59,3.387
2003-05-17,33.539,0.001,18.14,1.577
2003-05-18,33.93,0.001,18.26,1.245
2003-05-19,35.027,0.038,17.53,2.753
2003-05-20,34.837,0.26,25.04,1.354
2003-05-21,36.582,0.051,19.7,3.397
2003-05-22,34.074,2.066,32.2,1.842
2003-05-23,31.554,13.201,46.34,0.603
2003-05-24,31.048,0.217,51.19,0.687
2003-05-25,30.941,0.095,43.91,1.625
2003-05-26,31.644,0.008,34.55,3.159
2003-05-27,32.369,0.002,29.0,2.4
2003-05-28,33.26,0.008,19.11,4.047
2003-05-29,33.82,0.002,17.07,3.482
2003-05-30,34.7,0.0,17.89,3.672
2003-05-31,35.639,0.001,17.92,2.992
2003-06-01,35.498,0.001,19.0,2.402
2003-06-02,36.381,0.0,17.72,2.725
2003-06-03,37.889,0.0,17.7,2.912
2003-06-04,38.259,0.076,22.29,3.677
2003-06-05,37.518,1.453,27.61,3.303
2003-06-06,37.489,0.084,27.9,4.732
2003-06-07,37.474,0.194,28.49,3.123
2003-06-08,36.31,0.003,39.92,1.352
2003-06-09,36.018,0.001,34.31,2.803
2003-06-10,36.345,0.0,28.41,3.672
2003-06-11,36.438,0.0,30.41,3.523
2003-06-12,36.85,0.001,27.81,3.888
2003-06-13,36.305,0.0,23.97,1.686
2003-06-14,36.484,0.0,20.29,2.04
2003-06-15,36.027,0.001,25.29,0.272
2003-06-16,36.419,0.001,30.73,1.127
2003-06-17,35.704,0.037,40.32,1.906
2003-06-18,32.139,3.762,57.64,0.816
2003-06-19,30.342,9.077,66.28,1.309
2003-06-20,30.597,3.041,67.39,1.724
2003-06-21,32.566,0.132,56.82,1.187
2003-06-22,33.537,6.688,55.21,1.814
2003-06-23,31.172,4.044,67.64,2.181
2003-06-24,30.154,11.368,71.75,0.75
2003-06-25,30.562,3.967,68.54,1.626
2003-06-26,31.351,4.279,63.48,1.496
2003-06-27,31.899,2.634,59.79,1.189
2003-06-28,34.154,0.257,48.93,2.494
2003-06-29,33.458,1.742,52.14,2.418
2003-06-30,31.138,5.441,63.25,1.752
2003-07-01,32.451,0.684,57.93,0.812
2003-07-02,31.56,0.143,64.27,3.22
2003-07-03,32.588,0.387,58.83,2.6
2003-07-04,33.226,12.258,57.86,3.721
2003-07-05,28.332,8.985,78.92,3.706
2003-07-06,27.109,12.662,84.89,2.789
2003-07-07,28.614,15.079,81.64,0.371
2003-07-08,28.901,9.208,79.54,2.314
2003-07-09,27.747,23.882,84.13,0.513
2003-07-10,25.884,39.689,91.63,2.599
2003-07-11,25.309,3.05,84.49,2.907
2003-07-12,26.643,1.662,81.3,2.067
2003-07-13,27.395,4.704,85.08,1.49
2003-07-14,28.805,1.298,77.95,2.583
2003-07-15,28.649,3.601,77.51,3.824
2003-07-16,28.509,5.396,79.48,4.089
2003-07-17,28.702,15.25,80.01,2.847
2003-07-18,28.002,5.528,86.65,1.573
2003-07-19,28.832,4.934,81.7,1.22
2003-07-20,28.43,22.641,85.02,1.15
2003-07-21,26.319,26.238,91.76,1.739
2003-07-22,27.48,9.702,86.23,1.473
2003-07-23,28.519,4.875,83.76,1.275
2003-07-24,29.96,2.067,77.74,1.514
2003-07-25,30.768,7.058,74.72,0.5
2003-07-26,29.312,1.415,83.06,1.219
2003-07-27,29.866,3.39,76.3,3.535
2003-07-28,28.925,2.639,76.82,5.693
2003-07-29,28.18,1.21,75.31,2.744
2003-07-30,27.301,0.761,77.88,5.611
2003-07-31,28.209,2.832,74.43,3.832
2003-08-01,26.875,13.856,87.45,0.889
2003-08-02,27.053,18.828,87.71,0.434
2003-08-03,25.844,26.097,94.14,0.591
2003-08-04,26.943,6.564,87.08,0.628
2003-08-05,28.4,20.068,81.75,0.682
2003-08-06,28.675,3.311,83.58,0.771
2003-08-07,29.382,6.452,81.16,0.147
2003-08-08,29.376,1.809,81.24,0.887
2003-08-09,29.135,13.53,82.38,0.552
2003-08-10,27.748,11.099,86.0,1.245
2003-08-11,28.315,6.43,83.49,1.273
2003-08-12,28.914,1.992,78.84,2.253
2003-08-13,29.542,0.927,78.2,1.912
2003-08-14,28.807,3.031,81.72,0.284
2003-08-15,26.039,10.98,86.75,1.146
2003-08-16,27.08,17.713,89.01,0.766
2003-08-17,29.093,0.787,82.58,1.126
2003-08-18,30.174,0.129,64.99,3.054
2003-08-19,28.362,0.835,74.08,1.463
2003-08-20,28.369,2.582,77.99,0.506
2003-08-21,28.599,0.677,79.49,0.341
2003-08-22,29.467,0.785,78.25,0.546
2003-08-23,28.992,1.754,80.55,2.243
2003-08-24,29.123,0.544,77.57,3.87
2003-08-25,28.357,2.121,80.6,3.407
2003-08-26,28.287,1.315,79.31,2.599
2003-08-27,28.398,3.185,79.9,1.898
2003-08-28,28.391,2.737,81.03,1.095
2003-08-29,27.911,7.542,84.47,1.627
2003-08-30,27.588,5.356,85.94,0.763
2003-08-31,27.653,4.721,85.34,1.185
2003-09-01,28.298,3.321,81.96,2.551
2003-09-02,28.501,1.396,78.32,1.525
2003-09-03,28.313,1.436,78.14,0.473
2003-09-04,27.47,5.515,83.59,0.619
2003-09-05,26.908,6.777,84.95,0.928
2003-09-06,26.334,16.609,86.63,1.44
2003-09-07,26.265,20.575,87.74,0.752
2003-09-08,27.06,1.293,83.15,1.644
2003-09-09,27.971,0.179,78.35,1.584
2003-09-10,27.043,0.836,84.55,1.176
2003-09-11,25.881,4.266,85.25,0.928
2003-09-12,26.428,0.81,80.61,1.011
2003-09-13,27.725,0.172,76.11,0.696
2003-09-14,28.163,0.166,77.2,1.343
2003-09-15,27.243,7.687,85.63,1.482
2003-09-16,27.041,0.783,83.68,1.537
2003-09-17,26.971,2.944,82.95,1.086
2003-09-18,26.993,1.007,83.44,1.05
2003-09-19,28.375,0.224,77.82,0.833
2003-09-20,29.16,0.021,72.03,1.151
2003-09-21,29.319,0.093,73.58,1.573
2003-09-22,28.991,0.602,75.51,2.189
2003-09-23,27.765,1.069,80.65,3.202
2003-09-24,26.97,0.05,77.41,2.602
2003-09-25,25.434,0.018,76.38,2.689
2003-09-26,25.874,0.001,74.21,0.975
2003-09-27,26.779,0.025,72.31,1.042
2003-09-28,26.995,0.1,69.38,1.001
2003-09-29,26.304,0.067,67.34,1.667
2003-09-30,26.274,0.002,58.62,2.361
2003-10-01,25.218,0.0,50.62,2.199
2003-10-02,24.787,0.0,48.99,2.287
2003-10-03,25.004,0.002,53.69,1.752
2003-10-04,24.729,0.001,53.89,0.689
2003-10-05,24.624,0.001,56.68,1.074
2003-10-06,25.188,0.0,61.89,2.004
2003-10-07,25.665,0.0,58.92,1.33
2003-10-08,26.376,0.002,59.28,0.599
2003-10-09,27.406,0.001,52.28,1.688
2003-10-10,26.002,0.002,50.47,1.195
2003-10-11,25.956,0.002,42.74,1.416
2003-10-12,24.471,0.0,33.17,2.493
2003-10-13,24.734,0.0,32.1,2.837
2003-10-14,25.246,0.0,34.05,2.865
2003-10-15,25.08,0.001,42.36,0.194
2003-10-16,24.765,0.003,45.4,0.976
2003-10-17,24.4,0.001,47.38,0.383
2003-10-18,24.338,0.0,43.92,0.701
2003-10-19,24.641,0.001,40.32,1.171
2003-10-20,24.733,0.0,39.53,2.192
2003-10-21,24.288,0.003,41.18,1.055
2003-10-22,24.073,0.001,43.48,0.08
2003-10-23,23.674,0.0,47.26,0.512
2003-10-24,23.792,0.001,52.41,0.793
2003-10-25,23.369,0.002,53.49,1.401
2003-10-26,23.17,0.003,52.43,0.477
2003-10-27,23.471,0.0,54.94,0.61
2003-10-28,23.765,0.002,57.66,0.792
2003-10-29,23.605,0.0,56.24,1.327
2003-10-30,23.125,0.001,50.03,1.9
2003-10-31,23.494,0.0,52.18,1.102
2003-11-01,22.936,0.001,49.71,0.822
2003-11-02,22.786,0.0,46.81,1.505
2003-11-03,22.721,0.001,47.44,1.491
2003-11-04,22.695,0.002,47.61,0.386
2003-11-05,23.956,0.002,52.24,2.189
2003-11-06,23.317,0.0,50.43,0.453
2003-11-07,23.087,0.002,48.99,1.606
2003-11-08,22.768,0.0,45.14,1.388
2003-11-09,22.404,0.003,36.74,2.397
2003-11-10,20.903,0.001,42.63,3.113
2003-11-11,20.216,0.001,42.47,0.507
2003-11-12,19.372,0.0,52.69,1.081
2003-11-13,19.339,0.001,58.55,1.513
2003-11-14,18.544,0.0,61.97,1.836
2003-11-15,20.187,0.015,59.16,1.249
2003-11-16,20.978,0.193,61.13,2.038
2003-11-17,20.37,0.209,60.83,2.433
2003-11-18,19.107,0.007,56.15,2.092
2003-11-19,17.234,0.001,54.67,2.569
2003-11-20,16.482,0.0,48.97,3.131
2003-11-21,16.575,0.0,46.26,2.552
2003-11-22,15.882,0.0,47.74,1.84
2003-11-23,15.582,0.0,49.92,1.556
2003-11-24,15.954,0.0,50.31,2.449
2003-11-25,16.661,0.001,37.8,3.43
2003-11-26,16.495,0.0,37.98,1.604
2003-11-27,14.903,0.002,47.8,1.327
2003-11-28,14.597,-0.0,57.01,1.511
2003-11-29,14.421,0.001,56.92,1.747
2003-11-30,14.144,0.002,52.43,2.132
2003-12-01,15.099,0.001,48.74,2.158
2003-12-02,15.563,0.001,52.23,2.095
2003-12-03,16.078,0.001,53.18,1.72
2003-12-04,16.476,0.003,58.0,1.719
2003-12-05,17.458,0.0,54.07,2.378
2003-12-06,18.131,0.001,47.79,3.838
2003-12-07,18.509,0.001,56.62,1.433
2003-12-08,18.936,0.006,61.8,3.127
2003-12-09,19.622,0.023,61.86,4.108
2003-12-10,18.553,0.001,68.63,2.26
2003-12-11,18.989,0.002,69.03,2.063
2003-12-12,19.38,0.366,66.92,3.76
2003-12-13,19.397,0.317,65.4,3.42
2003-12-14,19.545,0.37,68.82,1.643
2003-12-15,17.829,7.858,78.83,0.687
2003-12-16,15.419,0.092,76.0,1.694
2003-12-17,14.384,0.001,67.4,1.996
2003-12-18,14.236,0.065,67.23,1.26
2003-12-19,13.578,0.001,71.1,1.456
2003-12-20,13.861,0.001,74.52,1.858
2003-12-21,13.581,0.001,70.7,1.686
2003-12-22,12.896,0.001,72.59,0.416
2003-12-23,12.043,0.0,77.42,0.421
2003-12-24,11.589,0.001,75.05,2.346
2003-12-25,12.068,0.0,70.43,1.121
2003-12-26,11.312,0.021,72.6,1.093
2003-12-27,10.435,0.029,74.13,1.761
2003-12-28,10.853,0.0,72.43,2.344
2003-12-29,11.82,0.001,64.4,1.639
2003-12-30,12.197,0.0,65.01,0.689
2003-12-31,11.88,0.001,71.6,0.237
2004-01-01,11.379,0.001,81.73,0.791
2004-01-02,11.419,0.001,78.07,2.067
2004-01-03,10.149,0.0,75.95,2.379
2004-01-04,9.735,0.0,75.32,2.158
2004-01-05,10.25,0.001,80.31,0.842
2004-01-06,10.177,0.007,82.18,1.737
2004-01-07,12.34,0.001,67.82,2.713
2004-01-08,12.636,0.002,62.25,2.725
2004-01-09,14.205,0.002,59.32,3.142
2004-01-10,14.561,0.001,63.59,0.562
2004-01-11,15.491,0.002,67.58,1.124
2004-01-12,15.532,0.001,71.66,1.257
2004-01-13,15.861,0.0,77.03,1.57
2004-01-14,15.018,0.003,73.25,1.619
2004-01-15,16.304,0.002,73.15,0.247
2004-01-16,16.234,0.001,82.92,2.574
2004-01-17,17.378,2.107,78.65,3.081
2004-01-18,14.187,0.035,78.58,1.484
2004-01-19,12.536,0.0,77.41,1.425
2004-01-20,13.293,0.368,79.69,1.251
2004-01-21,13.57,7.473,75.9,3.734
2004-01-22,14.361,13.543,83.9,1.6
2004-01-23,13.35,5.5,83.46,1.117
2004-01-24,11.917,0.012,76.51,2.244
2004-01-25,11.297,0.0,73.06,1.744
2004-01-26,11.016,0.001,70.93,2.189
2004-01-27,11.477,0.002,71.87,2.171
2004-01-28,11.853,0.0,72.87,0.503
2004-01-29,12.504,0.954,74.99,1.953
2004-01-30,13.204,10.61,84.46,2.781
2004-01-31,11.153,0.181,81.6,2.046
2004-02-01,10.664,0.001,76.48,3.051
2004-02-02,11.007,0.0,65.39,3.368
2004-02-03,11.372,0.001,63.15,3.558
2004-02-04,12.746,0.0,64.42,1.686
2004-02-05,12.841,0.001,69.38,1.098
2004-02-06,13.008,0.0,61.91,3.228
2004-02-07,14.037,0.001,59.92,1.747
2004-02-08,14.462,0.001,64.68,2.048
2004-02-09,16.5,0.375,63.43,2.86
2004-02-10,15.448,0.042,75.32,1.832
2004-02-11,15.72,0.001,73.71,2.152
2004-02-12,15.971,0.0,70.49,2.211
2004-02-13,15.444,0.001,67.0,1.753
2004-02-14,15.477,0.002,62.61,2.552
2004-02-15,16.47,0.0,60.86,2.424
2004-02-16,17.28,0.0,65.63,0.552
2004-02-17,19.4,0.001,61.64,2.792
2004-02-18,19.859,0.001,62.98,3.178
2004-02-19,18.693,0.008,71.45,1.781
2004-02-20,18.336,0.001,53.31,3.145
2004-02-21,19.282,0.001,48.95,2.25
2004-02-22,20.097,0.002,53.49,3.709
2004-02-23,19.086,0.002,44.39,3.443
2004-02-24,20.027,0.0,48.96,2.891
2004-02-25,20.191,0.0,51.2,1.111
2004-02-26,22.116,0.003,48.68,1.252
2004-02-27,23.407,0.0,44.7,1.945
2004-02-28,22.86,0.001,47.55,1.8
2004-02-29,21.982,0.001,40.34,2.885
2004-03-01,21.076,0.002,33.74,3.766
2004-03-02,20.594,0.002,33.98,3.871
2004-03-03,20.839,0.001,32.66,3.788
2004-03-04,21.385,0.001,38.03,2.173
2004-03-05,21.956,0.0,40.98,2.511
2004-03-06,22.396,0.055,35.88,3.542
2004-03-07,22.658,0.0,36.18,2.351
2004-03-08,22.835,0.001,50.19,3.354
2004-03-09,22.756,0.0,52.44,2.852
2004-03-10,23.309,0.001,54.25,0.866
2004-03-11,24.513,0.0,50.48,0.581
2004-03-12,25.007,0.002,48.44,1.682
2004-03-13,25.472,0.001,46.84,1.774
2004-03-14,25.897,0.001,46.67,2.42
2004-03-15,26.852,0.001,46.92,3.028
2004-03-16,28.275,0.0,46.07,3.756
2004-03-17,27.683,0.001,39.0,2.903
2004-03-18,27.874,0.002,39.78,2.594
2004-03-19,28.437,0.001,33.48,3.836
2004-03-20,27.36,0.001,28.39,3.872
2004-03-21,28.366,0.002,35.23,0.468
2004-03-22,29.398,-0.0,31.31,1.436
2004-03-23,27.697,0.0,30.17,1.277
2004-03-24,25.753,0.001,20.19,2.449
2004-03-25,25.101,0.001,24.77,1.821
2004-03-26,26.011,0.003,22.73,2.59
2004-03-27,25.736,0.0,23.51,2.281
2004-03-28,25.985,0.0,27.37,2.902
2004-03-29,26.922,0.001,24.82,2.906
2004-03-30,27.312,0.002,24.01,1.355
2004-03-31,28.015,0.001,23.01,1.509
2004-04-01,27.736,0.079,28.05,1.584
2004-04-02,28.525,0.024,26.13,0.864
2004-04-03,29.249,0.003,25.34,2.09
2004-04-04,30.064,0.001,23.43,2.781
2004-04-05,29.904,0.049,24.63,1.282
2004-04-06,30.246,0.001,23.94,0.261
2004-04-07,31.152,0.009,21.7,0.907
2004-04-08,30.583,0.029,26.67,0.998
2004-04-09,31.564,0.0,23.97,0.502
2004-04-10,31.252,0.025,25.46,0.977
2004-04-11,30.945,0.0,21.31,2.437
2004-04-12,31.396,0.0,18.13,2.76
2004-04-13,32.396,0.003,16.17,3.561
2004-04-14,32.359,0.002,17.58,2.826
2004-04-15,32.7,0.002,18.66,3.149
2004-04-16,33.373,0.0,18.84,1.97
2004-04-17,32.549,0.001,18.56,3.986
2004-04-18,32.368,0.0,19.46,3.483
2004-04-19,32.684,0.001,19.11,1.153
2004-04-20,32.904,0.018,23.13,2.821
2004-04-21,32.062,0.621,31.52,1.996
2004-04-22,27.807,8.1,47.12,1.044
2004-04-23,26.819,0.732,47.1,1.35
2004-04-24,27.637,0.081,44.89,2.194
2004-04-25,28.164,0.001,42.93,2.4
2004-04-26,29.448,0.0,39.1,2.445
2004-04-27,31.478,0.001,34.65,2.794
2004-04-28,31.672,0.173,35.08,4.748
2004-04-29,28.364,8.075,48.13,3.702
2004-04-30,23.191,29.965,72.74,3.779
2004-05-01,24.344,0.0,54.88,1.275
2004-05-02,25.289,0.001,44.36,2.076
2004-05-03,26.068,0.001,39.32,2.012
2004-05-04,28.022,0.0,39.04,1.329
2004-05-05,28.806,0.001,32.88,1.678
2004-05-06,29.337,0.001,31.87,0.662
2004-05-07,31.149,0.002,32.58,2.74
2004-05-08,32.63,0.0,31.03,1.498
2004-05-09,34.23,0.007,26.19,1.911
2004-05-10,33.594,0.001,19.5,3.449
2004-05-11,35.227,0.001,19.96,4.332
2004-05-12,35.022,0.0,29.23,4.577
2004-05-13,34.889,0.001,31.1,3.995
2004-05-14,35.866,0.002,25.56,4.537
2004-05-15,36.393,-0.0,28.02,4.161
2004-05-16,37.089,0.0,27.58,3.135
2004-05-17,37.321,0.002,17.68,3.848
2004-05-18,36.312,0.003,17.76,4.064
2004-05-19,37.769,0.0,18.09,5.49
2004-05-20,37.679,0.0,25.12,5.911
2004-05-21,37.509,0.0,25.23,5.926
2004-05-22,36.674,0.448,28.6,2.672
2004-05-23,33.545,0.257,39.23,3.851
2004-05-24,33.493,0.146,40.32,2.708
2004-05-25,31.955,1.906,45.82,0.845
2004-05-26,33.022,0.119,40.14,0.525
2004-05-27,30.298,2.845,53.99,0.757
2004-05-28,31.726,0.376,46.72,1.224
2004-05-29,32.927,0.0,35.92,2.217
2004-05-30,34.176,0.001,31.0,0.497
2004-05-31,35.527,0.026,26.82,1.605
2004-06-01,35.23,0.011,25.49,1.189
2004-06-02,35.166,0.014,29.99,0.234
2004-06-03,35.558,0.012,26.99,0.545
2004-06-04,36.01,0.051,27.11,0.834
2004-06-05,34.428,0.389,40.45,2.586
2004-06-06,34.501,1.206,41.17,2.632
2004-06-07,31.688,2.32,53.71,2.866
2004-06-08,30.083,8.525,61.23,1.603
2004-06-09,30.08,0.383,58.36,0.911
2004-06-10,31.261,0.005,51.01,0.758
2004-06-11,32.461,0.011,47.57,2.055
2004-06-12,33.09,0.053,47.77,2.547
2004-06-13,33.465,0.163,47.21,3.348
2004-06-14,33.175,0.127,48.2,3.622
2004-06-15,33.951,0.103,47.07,2.675
2004-06-16,32.87,0.709,53.17,3.447
2004-06-17,32.837,0.28,52.08,3.499
2004-06-18,31.644,8.16,60.01,1.316
2004-06-19,31.48,4.695,64.41,0.952
2004-06-20,32.696,0.785,55.41,1.777
2004-06-21,33.277,1.919,51.21,2.37
2004-06-22,33.515,0.437,48.3,2.913
2004-06-23,32.754,1.965,49.89,3.678
2004-06-24,30.979,2.599,58.08,1.969
2004-06-25,30.488,3.34,62.63,1.67
2004-06-26,29.718,3.024,65.8,1.795
2004-06-27,30.596,0.574,58.81,2.508
2004-06-28,32.048,0.002,46.85,2.344
2004-06-29,33.713,0.001,40.6,2.709
2004-06-30,35.606,0.001,34.88,3.501
2004-07-01,35.392,0.001,34.91,3.262
2004-07-02,35.557,0.0,36.35,1.71
2004-07-03,35.258,0.197,44.07,0.836
2004-07-04,33.646,0.208,54.04,3.34
2004-07-05,32.335,5.813,62.27,2.918
2004-07-06,31.367,2.277,65.37,1.335
2004-07-07,33.802,1.101,49.34,2.94
2004-07-08,34.376,0.045,42.63,4.916
2004-07-09,33.194,0.014,46.49,4.032
2004-07-10,33.493,2.043,47.01,3.584
2004-07-11,34.12,1.059,45.19,2.478
2004-07-12,34.296,0.008,43.39,1.63
2004-07-13,34.009,1.319,46.43,1.035
2004-07-14,33.372,1.944,50.54,0.41
2004-07-15,33.092,4.077,55.35,2.221
2004-07-16,32.088,0.314,61.32,2.62
2004-07-17,33.023,0.266,53.98,1.24
2004-07-18,33.914,0.887,47.06,2.376
2004-07-19,34.116,0.308,42.32,4.063
2004-07-20,33.334,2.645,42.6,3.442
2004-07-21,33.605,0.601,41.74,2.567
2004-07-22,34.474,0.803,39.18,2.179
2004-07-23,34.384,0.002,41.49,0.847
2004-07-24,34.127,0.027,47.36,1.378
2004-07-25,33.113,0.285,57.05,2.67
2004-07-26,32.34,1.689,61.85,2.908
2004-07-27,32.589,0.595,58.26,3.128
2004-07-28,31.825,2.548,63.09,2.979
2004-07-29,30.891,0.963,66.34,3.811
2004-07-30,31.113,2.18,65.02,3.26
2004-07-31,30.141,6.727,70.93,2.079
2004-08-01,29.116,10.416,74.72,2.346
2004-08-02,27.157,19.63,83.99,2.797
2004-08-03,28.125,2.32,79.85,2.928
2004-08-04,30.259,1.408,72.94,1.669
2004-08-05,31.296,0.182,65.88,3.359
2004-08-06,30.177,0.199,69.68,3.773
2004-08-07,29.952,8.004,76.1,2.358
2004-08-08,29.26,9.664,77.21,2.032
2004-08-09,27.333,14.727,85.4,0.462
2004-08-10,27.096,4.702,84.17,1.507
2004-08-11,28.801,4.423,81.76,1.861
2004-08-12,29.837,4.078,76.47,1.693
2004-08-13,29.137,9.682,80.14,1.279
2004-08-14,29.382,1.985,77.97,1.068
2004-08-15,28.667,30.522,83.94,0.904
2004-08-16,27.452,11.811,86.89,1.275
2004-08-17,26.958,23.082,88.69,0.933
2004-08-18,26.469,25.408,89.31,1.073
2004-08-19,28.842,2.824,76.77,3.128
2004-08-20,28.616,3.238,79.34,1.752
2004-08-21,28.951,0.856,79.49,0.144
2004-08-22,28.193,17.989,82.89,2.088
2004-08-23,27.336,24.028,86.36,2.169
2004-08-24,26.151,22.935,90.76,2.659
2004-08-25,26.049,24.4,90.7,1.546
2004-08-26,27.924,6.046,82.28,1.135
2004-08-27,29.109,0.065,69.13,3.987
2004-08-28,29.494,0.083,70.55,3.113
2004-08-29,29.963,0.003,66.8,3.091
2004-08-30,30.086,0.015,63.63,3.179
2004-08-31,29.825,0.056,59.98,3.764
2004-09-01,29.426,0.0,60.39,3.033
2004-09-02,29.285,0.0,59.82,3.119
2004-09-03,29.142,0.001,58.33,2.894
2004-09-04,29.193,0.001,55.78,2.637
2004-09-05,29.176,0.001,55.73,2.649
2004-09-06,29.342,0.0,58.08,1.903
2004-09-07,29.535,0.0,57.96,1.486
2004-09-08,30.343,0.001,49.04,1.891
2004-09-09,30.626,-0.0,44.06,2.893
2004-09-10,30.657,0.002,51.05,1.95
2004-09-11,30.327,0.256,54.53,0.708
2004-09-12,30.719,0.028,56.12,1.211
2004-09-13,31.166,0.005,54.79,0.91
2004-09-14,29.993,1.605,60.83,0.217
2004-09-15,28.025,3.333,70.17,1.212
2004-09-16,27.343,1.874,76.95,0.512
2004-09-17,28.627,0.914,69.84,0.414
2004-09-18,28.801,0.164,70.04,1.257
2004-09-19,29.511,0.112,65.19,1.309
2004-09-20,29.418,0.037,62.46,2.087
2004-09-21,27.457,1.542,71.75,2.836
2004-09-22,25.112,2.731,74.73,2.604
2004-09-23,26.456,0.044,69.54,1.31
2004-09-24,28.31,0.002,54.88,1.579
2004-09-25,28.461,0.0,50.45,1.105
2004-09-26,29.077,0.0,44.76,2.472
2004-09-27,29.305,0.0,46.8,1.5
2004-09-28,30.217,0.055,46.42,0.356
2004-09-29,28.703,0.333,55.71,1.645
2004-09-30,29.215,0.003,58.14,0.322
2004-10-01,29.614,0.665,54.64,0.842
2004-10-02,26.358,20.62,78.61,1.039
2004-10-03,24.838,31.093,89.8,1.901
2004-10-04,25.281,9.176,83.16,1.033
2004-10-05,25.962,0.331,73.73,1.126
2004-10-06,25.589,0.0,67.7,0.766
2004-10-07,26.056,0.004,66.75,1.399
2004-10-08,26.872,0.0,58.66,1.462
2004-10-09,27.203,0.972,63.25,1.19
2004-10-10,24.744,34.584,81.52,1.878
2004-10-11,22.395,2.11,85.26,2.073
2004-10-12,21.571,1.296,80.82,1.698
2004-10-13,21.006,0.006,73.35,1.734
2004-10-14,21.126,0.02,68.96,2.047
2004-10-15,21.452,0.0,65.56,1.652
2004-10-16,22.05,0.002,60.47,1.112
2004-10-17,22.62,0.001,64.57,0.341
2004-10-18,23.38,0.002,64.78,1.093
2004-10-19,23.994,0.004,64.79,1.506
2004-10-20,23.946,0.189,61.35,1.267
2004-10-21,23.452,0.002,60.54,1.634
2004-10-22,22.534,0.002,59.84,1.895
2004-10-23,21.957,0.0,53.81,0.597
2004-10-24,21.224,0.001,57.86,0.896
2004-10-25,21.798,0.0,54.77,1.182
2004-10-26,21.987,0.268,59.34,1.323
2004-10-27,22.002,0.064,61.16,1.083
2004-10-28,21.088,2.372,63.25,0.68
2004-10-29,19.869,1.06,67.74,0.718
2004-10-30,19.747,0.003,60.76,1.36
2004-10-31,19.413,0.001,57.56,1.876
2004-11-01,19.241,0.0,53.2,1.8
2004-11-02,19.214,0.0,50.86,2.088
2004-11-03,19.771,0.002,50.58,2.689
2004-11-04,20.404,0.002,50.34,1.967
2004-11-05,20.605,0.0,51.99,0.419
2004-11-06,19.66,0.002,54.73,1.615
2004-11-07,19.111,0.001,54.05,2.087
2004-11-08,18.924,0.001,51.99,1.848
2004-11-09,19.431,0.001,50.31,1.854
2004-11-10,19.904,0.001,49.15,0.598
2004-11-11,20.025,0.001,50.96,0.616
2004-11-12,20.24,0.001,50.73,0.849
2004-11-13,20.404,0.001,51.65,1.953
2004-11-14,20.681,0.0,54.04,2.7
2004-11-15,20.966,0.0,54.6,2.904
2004-11-16,21.029,0.001,54.89,1.92
2004-11-17,22.214,0.0,55.93,0.411
2004-11-18,21.678,0.001,55.42,1.957
2004-11-19,20.182,0.0,57.68,2.249
2004-11-20,20.871,0.001,58.87,0.691
2004-11-21,20.718,0.001,61.4,0.721
2004-11-22,21.429,0.0,60.39,1.947
2004-11-23,21.237,0.0,63.3,1.782
2004-11-24,21.02,0.007,68.45,2.363
2004-11-25,20.499,0.834,75.56,2.646
2004-11-26,19.19,1.383,78.93,1.985
2004-11-27,18.732,0.032,76.38,1.413
2004-11-28,18.254,0.001,67.78,2.147
2004-11-29,18.412,0.001,70.46,1.125
2004-11-30,19.656,0.003,61.42,1.699
2004-12-01,19.639,0.069,58.35,2.492
2004-12-02,18.707,0.003,64.87,1.666
2004-12-03,18.55,0.0,63.33,2.26
2004-12-04,17.777,0.002,58.78,3.22
2004-12-05,17.181,-0.0,45.67,3.267
2004-12-06,16.062,0.0,44.43,2.594
2004-12-07,15.359,0.0,54.1,1.098
2004-12-08,15.562,0.001,57.35,2.143
2004-12-09,15.39,0.0,53.25,2.703
2004-12-10,15.875,0.001,54.6,1.191
2004-12-11,16.073,0.001,61.22,0.859
2004-12-12,16.179,0.0,67.79,1.65
2004-12-13,16.193,0.001,63.38,2.53
2004-12-14,16.681,0.0,58.54,3.058
2004-12-15,17.468,0.002,54.32,3.066
2004-12-16,17.961,0.0,55.81,3.074
2004-12-17,17.398,0.0,65.15,0.669
2004-12-18,16.926,0.002,68.72,0.381
2004-12-19,18.18,0.0,56.18,3.361
2004-12-20,16.313,0.05,73.36,1.373
2004-12-21,14.315,0.014,77.9,0.974
2004-12-22,14.486,0.001,70.22,0.125
2004-12-23,14.223,0.003,66.84,0.92
2004-12-24,13.155,0.0,68.4,1.774
2004-12-25,12.67,0.003,61.42,3.263
2004-12-26,11.817,0.003,49.4,3.657
2004-12-27,11.997,0.0,54.99,0.576
2004-12-28,12.739,0.001,63.26,0.366
2004-12-29,13.993,0.002,60.72,2.29
2004-12-30,15.504,0.044,60.26,2.3
2004-12-31,16.336,3.085,67.59,3.856
2005-01-01,16.468,0.014,66.54,0.44
2005-01-02,14.85,0.037,71.68,1.21
2005-01-03,13.241,0.008,68.03,2.707
2005-01-04,12.606,0.001,71.06,2.516
2005-01-05,12.333,0.001,73.7,2.071
2005-01-06,12.411,0.001,70.91,2.521
2005-01-07,12.751,-0.0,66.42,3.122
2005-01-08,13.158,0.0,66.29,2.52
2005-01-09,14.493,0.001,71.42,1.299
2005-01-10,13.365,0.582,74.58,2.27
2005-01-11,12.758,0.002,60.44,2.168
2005-01-12,12.299,0.001,59.52,2.399
2005-01-13,13.191,0.002,55.2,2.83
2005-01-14,14.251,0.001,57.26,2.838
2005-01-15,14.428,0.002,58.72,1.946
2005-01-16,13.839,1.379,62.86,2.515
2005-01-17,13.146,0.668,70.36,1.909
2005-01-18,11.614,0.001,58.83,2.098
2005-01-19,11.353,0.0,58.49,2.791
2005-01-20,11.558,0.001,56.78,2.734
2005-01-21,11.938,0.696,65.56,1.041
2005-01-22,11.974,6.786,79.7,2.682
2005-01-23,10.017,0.057,74.7,2.262
2005-01-24,10.553,0.353,74.51,1.714
2005-01-25,11.539,0.0,74.86,1.979
2005-01-26,12.106,0.0,72.58,1.584
2005-01-27,14.429,13.405,69.83,1.813
2005-01-28,13.733,0.129,69.73,1.523
2005-01-29,12.678,0.014,69.65,2.067
2005-01-30,13.407,0.289,74.82,1.509
2005-01-31,14.316,0.007,71.23,2.296
2005-02-01,12.278,0.001,65.43,2.576
2005-02-02,12.187,0.001,63.71,2.387
2005-02-03,12.888,0.001,62.99,0.537
2005-02-04,14.614,0.0,62.47,2.463
2005-02-05,14.866,7.002,70.53,1.676
2005-02-06,14.939,7.388,81.52,3.557
2005-02-07,16.192,21.487,80.11,3.197
2005-02-08,16.982,0.344,79.99,2.311
2005-02-09,16.831,0.942,80.87,2.069
2005-02-10,16.634,1.092,73.99,2.149
2005-02-11,18.161,2.243,70.99,2.841
2005-02-12,17.702,0.819,83.12,1.273
2005-02-13,18.151,0.0,73.45,3.227
2005-02-14,17.475,1.183,71.98,2.876
2005-02-15,16.453,2.383,81.38,0.459
2005-02-16,14.727,0.082,75.94,1.232
2005-02-17,15.154,0.584,71.7,2.911
2005-02-18,15.769,0.006,61.46,2.06
2005-02-19,13.335,0.003,64.93,2.165
2005-02-20,11.718,0.001,60.8,2.999
2005-02-21,11.577,0.0,62.0,3.175
2005-02-22,12.689,0.001,60.27,2.568
2005-02-23,14.968,0.004,69.6,2.289
2005-02-24,15.766,0.85,68.91,2.24
2005-02-25,16.888,0.0,63.25,3.11
2005-02-26,18.31,0.094,56.66,3.33
2005-02-27,18.645,0.003,60.51,1.868
2005-02-28,19.01,0.002,65.53,2.148
2005-03-01,17.5,0.365,75.01,3.132
2005-03-02,19.284,0.023,67.06,2.44
2005-03-03,22.366,0.198,57.88,0.742
2005-03-04,22.533,0.135,62.95,1.903
2005-03-05,20.214,9.377,73.6,1.088
2005-03-06,21.341,0.006,64.41,1.862
2005-03-07,20.725,2.47,70.64,1.523
2005-03-08,21.806,0.761,65.15,1.283
2005-03-09,18.839,16.959,83.36,2.106
2005-03-10,17.83,0.647,83.58,0.951
2005-03-11,18.447,0.117,71.99,2.329
2005-03-12,20.11,0.0,68.95,1.761
2005-03-13,21.26,0.0,66.83,0.535
2005-03-14,22.215,0.002,64.75,0.908
2005-03-15,24.077,0.0,63.24,1.091
2005-03-16,25.237,0.002,61.49,1.149
2005-03-17,25.771,0.389,62.72,1.228
2005-03-18,25.455,0.011,60.73,1.221
2005-03-19,24.872,1.559,54.07,2.207
2005-03-20,24.965,1.647,56.97,2.116
2005-03-21,23.076,1.766,64.28,1.309
2005-03-22,22.003,0.002,53.7,1.16
2005-03-23,21.825,0.33,48.1,1.257
2005-03-24,21.954,0.0,45.78,2.541
2005-03-25,22.065,0.003,46.97,2.402
2005-03-26,23.883,0.004,44.21,2.045
2005-03-27,25.25,0.002,43.68,1.466
2005-03-28,25.094,0.001,30.67,2.895
2005-03-29,24.897,0.0,29.45,1.845
2005-03-30,24.384,0.001,25.31,3.361
2005-03-31,24.133,0.001,26.43,3.555
2005-04-01,24.792,0.001,25.29,2.724
2005-04-02,25.963,0.002,26.73,2.48
2005-04-03,26.768,0.001,25.45,2.746
2005-04-04,27.535,0.002,27.99,1.412
2005-04-05,29.732,0.0,22.34,1.978
2005-04-06,31.491,0.0,12.89,3.41
2005-04-07,30.197,0.0,10.41,2.818
2005-04-08,26.654,0.001,7.72,2.122
2005-04-09,24.154,0.0,9.71,3.516
2005-04-10,23.258,0.0,15.75,3.199
2005-04-11,24.248,0.0,14.91,3.609
2005-04-12,25.293,0.001,17.25,3.627
2005-04-13,27.68,0.001,19.86,2.935
2005-04-14,29.474,0.0,17.0,0.821
2005-04-15,30.226,0.0,16.01,1.775
2005-04-16,29.876,0.002,15.02,3.273
2005-04-17,29.142,0.0,16.24,3.471
2005-04-18,29.263,0.0,15.76,2.462
2005-04-19,30.379,0.001,17.24,1.339
2005-04-20,31.198,0.001,18.07,1.521
2005-04-21,31.928,0.002,19.04,1.883
2005-04-22,32.07,0.221,22.75,1.113
2005-04-23,30.583,0.231,28.85,0.477
2005-04-24,29.965,1.183,33.23,0.575
2005-04-25,30.183,0.495,30.98,1.411
2005-04-26,30.039,0.704,32.18,1.82
2005-04-27,28.097,1.724,35.07,1.551
2005-04-28,27.365,0.066,39.22,1.759
2005-04-29,27.933,0.013,35.74,1.484
2005-04-30,29.144,0.0,30.86,1.221
2005-05-01,28.607,0.181,40.37,2.164
2005-05-02,27.609,4.747,50.92,1.842
2005-05-03,25.703,8.573,65.64,0.268
2005-05-04,27.262,0.377,52.75,1.929
2005-05-05,28.631,0.148,44.87,1.61
2005-05-06,30.341,0.161,37.5,0.743
2005-05-07,31.805,0.104,32.74,1.156
2005-05-08,31.503,0.002,32.01,1.698
2005-05-09,31.034,0.061,27.18,2.848
2005-05-10,30.406,0.001,19.61,3.19
2005-05-11,30.942,0.001,19.29,0.995
2005-05-12,32.544,0.0,15.24,1.158
2005-05-13,32.921,0.0,15.0,1.619
2005-05-14,32.674,0.002,17.12,1.528
2005-05-15,33.584,0.003,15.82,2.226
2005-05-16,34.55,0.031,16.19,0.811
2005-05-17,35.017,0.533,17.59,1.338
2005-05-18,33.764,2.358,25.49,2.971
2005-05-19,32.555,1.198,22.29,0.665
2005-05-20,33.631,0.002,17.93,1.065
2005-05-21,34.307,0.009,20.41,1.515
2005-05-22,34.809,0.109,20.2,1.709
2005-05-23,33.816,1.051,24.09,1.575
2005-05-24,33.903,0.002,17.91,2.836
2005-05-25,34.296,0.197,16.31,2.399
2005-05-26,33.659,2.35,20.84,1.366
2005-05-27,32.665,0.0,19.99,3.129
2005-05-28,33.499,0.001,16.36,3.535
2005-05-29,33.394,0.03,20.97,2.054
2005-05-30,32.769,0.101,25.7,2.32
2005-05-31,33.492,0.0,20.84,4.295
2005-06-01,34.513,0.0,18.16,4.2
2005-06-02,35.413,0.0,16.65,3.28
2005-06-03,35.924,0.001,19.28,3.772
2005-06-04,35.988,0.001,18.45,2.197
2005-06-05,36.107,0.544,26.3,1.018
2005-06-06,33.731,1.283,36.67,1.509
2005-06-07,32.843,1.563,42.09,0.907
2005-06-08,33.922,0.011,32.71,1.565
2005-06-09,35.069,0.039,26.7,2.822
2005-06-10,35.059,0.0,29.19,2.825
2005-06-11,35.506,0.16,28.29,3.419
2005-06-12,34.605,0.002,27.08,3.993
2005-06-13,34.476,0.015,25.77,2.678
2005-06-14,34.774,0.0,28.3,3.127
2005-06-15,35.456,0.002,26.2,3.229
2005-06-16,36.093,0.001,21.69,3.138
2005-06-17,36.692,0.108,23.46,3.95
2005-06-18,36.91,0.016,25.11,2.824
2005-06-19,37.304,0.001,23.18,2.324
2005-06-20,39.026,0.003,22.05,2.155
2005-06-21,38.451,0.001,25.69,0.921
2005-06-22,38.107,0.155,30.38,2.941
2005-06-23,36.464,3.197,41.33,1.994
2005-06-24,34.417,0.541,52.71,1.757
2005-06-25,35.471,0.569,50.4,1.574
2005-06-26,29.503,17.493,81.42,2.435
2005-06-27,30.511,11.207,70.45,1.794
2005-06-28,29.851,12.853,76.02,2.316
2005-06-29,30.108,4.438,74.91,2.156
2005-06-30,30.555,3.9,70.95,2.202
2005-07-01,31.09,6.705,66.59,1.088
2005-07-02,29.201,15.181,77.26,1.487
2005-07-03,29.732,5.074,72.62,1.332
2005-07-04,28.423,16.408,78.05,0.616
2005-07-05,26.622,29.608,86.67,1.929
2005-07-06,25.529,104.288,91.76,2.992
2005-07-07,26.482,33.989,88.07,3.576
2005-07-08,28.572,0.677,76.23,2.026
2005-07-09,30.442,0.211,71.38,1.654
2005-07-10,31.618,0.71,66.54,1.505
2005-07-11,28.087,11.303,83.53,1.793
2005-07-12,27.068,19.508,86.23,0.806
2005-07-13,27.177,12.505,85.21,1.554
2005-07-14,27.3,5.282,85.69,1.906
2005-07-15,27.719,3.048,82.78,2.304
2005-07-16,27.469,7.725,84.58,2.108
2005-07-17,28.087,4.182,78.11,1.996
2005-07-18,28.84,4.117,76.77,1.394
2005-07-19,30.569,0.352,68.91,1.854
2005-07-20,31.522,0.081,61.44,2.199
2005-07-21,31.446,0.238,61.47,1.741
2005-07-22,31.671,0.36,61.89,1.618
2005-07-23,30.129,2.879,72.69,1.133
2005-07-24,30.033,0.652,75.95,1.382
2005-07-25,30.728,0.281,74.65,1.971
2005-07-26,30.072,0.767,77.86,2.932
2005-07-27,30.759,1.036,73.01,2.456
2005-07-28,30.741,0.24,69.71,2.826
2005-07-29,29.734,6.022,78.37,2.236
2005-07-30,30.349,3.789,75.88,1.564
2005-07-31,29.803,9.877,78.89,0.934
2005-08-01,30.687,3.058,74.13,2.289
2005-08-02,30.815,0.429,73.46,2.654
2005-08-03,30.978,0.46,71.95,2.177
2005-08-04,30.797,2.392,74.48,2.004
2005-08-05,30.105,3.822,78.75,1.546
2005-08-06,28.854,4.774,74.79,2.136
2005-08-07,28.895,0.785,69.87,1.628
2005-08-08,29.157,0.29,62.07,2.876
2005-08-09,30.171,0.096,61.67,3.002
2005-08-10,30.757,0.039,58.49,3.499
2005-08-11,31.01,0.087,56.17,3.195
2005-08-12,31.277,0.063,57.3,2.529
2005-08-13,32.038,0.027,57.07,2.2
2005-08-14,32.871,0.019,52.3,2.821
2005-08-15,31.69,0.474,57.16,2.014
2005-08-16,28.867,4.843,77.72,1.21
2005-08-17,28.531,7.802,81.39,1.126
2005-08-18,30.832,0.823,66.31,0.987
2005-08-19,31.801,0.333,58.45,1.152
2005-08-20,31.243,0.929,62.51,0.424
2005-08-21,31.268,0.148,61.01,0.809
2005-08-22,32.024,0.085,55.74,2.048
2005-08-23,32.586,0.079,47.58,2.91
2005-08-24,32.438,0.003,45.41,3.739
2005-08-25,32.06,0.0,46.17,3.703
2005-08-26,32.214,0.026,47.88,2.913
2005-08-27,31.903,0.001,51.16,1.333
2005-08-28,31.626,0.005,51.12,2.072
2005-08-29,31.933,0.0,48.16,2.561
2005-08-30,32.066,0.0,44.85,3.034
2005-08-31,32.182,0.0,42.0,3.32
2005-09-01,32.309,0.0,41.63,1.947
2005-09-02,32.703,0.001,44.36,0.481
2005-09-03,33.119,0.0,46.7,1.106
2005-09-04,32.199,0.046,58.16,2.517
2005-09-05,31.375,0.29,63.97,3.166
2005-09-06,31.757,0.059,59.8,3.84
2005-09-07,31.155,0.207,62.28,3.767
2005-09-08,29.734,18.609,70.86,1.981
2005-09-09,28.757,3.951,76.58,1.237
2005-09-10,28.6,0.178,75.78,1.657
2005-09-11,29.656,0.826,67.89,2.757
2005-09-12,28.17,7.981,76.9,2.674
2005-09-13,28.766,5.117,73.04,3.052
2005-09-14,28.363,2.916,68.75,4.874
2005-09-15,27.484,0.828,63.87,6.115
2005-09-16,24.383,29.077,85.53,4.691
2005-09-17,24.256,20.79,87.89,1.933
2005-09-18,25.729,0.539,81.64,1.261
2005-09-19,27.506,0.566,78.7,1.1
2005-09-20,29.083,0.008,72.85,0.503
2005-09-21,28.509,11.149,80.32,1.921
2005-09-22,27.292,0.444,82.21,2.801
2005-09-23,26.86,5.336,83.2,2.095
2005-09-24,24.451,50.862,93.83,1.734
2005-09-25,25.92,1.817,78.51,2.06
2005-09-26,27.362,0.192,70.0,3.062
2005-09-27,27.292,0.088,67.47,2.121
2005-09-28,27.323,0.0,63.38,2.088
2005-09-29,27.271,0.035,65.74,1.967
2005-09-30,27.25,0.003,58.97,2.094
2005-10-01,27.301,0.0,56.93,1.437
2005-10-02,26.795,0.002,57.79,0.47
2005-10-03,26.844,0.001,52.18,0.612
2005-10-04,26.609,0.001,45.21,1.299
2005-10-05,26.916,0.0,43.49,2.38
2005-10-06,27.349,0.0,49.56,2.041
2005-10-07,27.487,0.0,43.06,1.466
2005-10-08,27.248,0.003,43.75,1.001
2005-10-09,27.272,0.002,42.72,0.805
2005-10-10,27.483,0.002,42.64,0.269
2005-10-11,27.255,0.139,50.15,0.816
2005-10-12,27.654,0.066,43.65,1.29
2005-10-13,26.572,0.138,45.4,1.628
2005-10-14,26.758,0.004,46.15,0.718
2005-10-15,27.021,0.002,47.15,1.295
2005-10-16,25.995,0.001,49.6,1.721
2005-10-17,26.007,0.003,49.93,1.218
2005-10-18,25.891,0.001,48.03,1.242
2005-10-19,25.3,0.003,47.06,1.623
2005-10-20,24.495,0.021,57.48,1.977
2005-10-21,24.049,0.012,56.14,0.912
2005-10-22,24.114,0.0,40.42,1.585
2005-10-23,23.443,0.001,40.83,0.273
2005-10-24,23.582,0.0,42.43,1.047
2005-10-25,24.083,0.001,40.96,1.113
2005-10-26,24.567,0.0,37.42,0.682
2005-10-27,23.864,0.001,44.68,1.626
2005-10-28,22.776,0.001,43.23,1.505
2005-10-29,22.51,0.001,39.22,2.238
2005-10-30,22.975,0.0,41.9,0.325
2005-10-31,23.2,0.0,42.1,2.539
2005-11-01,23.298,0.0,44.45,2.912
2005-11-02,23.202,0.791,45.99,2.008
2005-11-03,22.352,1.188,48.44,1.319
2005-11-04,21.948,0.003,46.8,0.808
2005-11-05,20.971,0.0,42.95,2.198
2005-11-06,20.844,0.002,43.16,2.897
2005-11-07,20.554,0.003,48.73,2.713
2005-11-08,20.798,0.0,51.37,2.345
2005-11-09,21.145,0.001,51.03,2.491
2005-11-10,21.439,0.001,48.99,1.883
2005-11-11,21.898,-0.0,44.17,1.559
2005-11-12,22.229,0.001,41.06,2.951
2005-11-13,22.65,0.0,42.29,4.156
2005-11-14,21.977,0.0,34.56,3.684
2005-11-15,21.683,0.0,35.8,3.477
2005-11-16,20.995,0.0,35.4,3.456
2005-11-17,19.949,0.003,24.8,3.754
2005-11-18,19.071,0.001,27.45,2.661
2005-11-19,19.495,0.002,37.04,1.414
2005-11-20,19.969,0.002,36.38,2.316
2005-11-21,20.31,0.001,41.73,1.959
2005-11-22,20.416,0.0,47.19,2.003
2005-11-23,19.906,0.0,45.81,1.957
2005-11-24,18.845,0.0,45.58,1.732
2005-11-25,18.299,0.0,45.82,1.005
2005-11-26,18.23,0.002,49.35,1.686
2005-11-27,18.944,0.006,47.21,1.628
2005-11-28,18.794,0.01,50.94,1.806
2005-11-29,18.659,0.002,50.38,2.084
2005-11-30,16.191,0.001,41.76,2.52
2005-12-01,14.146,0.001,35.09,2.664
2005-12-02,13.733,0.001,38.5,2.757
2005-12-03,13.596,0.002,41.32,2.816
2005-12-04,15.046,0.001,36.43,3.292
2005-12-05,15.855,0.0,33.06,3.309
2005-12-06,15.691,0.001,42.62,1.631
2005-12-07,15.98,0.002,46.3,1.877
2005-12-08,15.206,0.003,48.54,1.905
2005-12-09,15.514,0.003,48.79,1.577
2005-12-10,15.722,0.0,50.39,2.268
2005-12-11,14.174,0.001,41.07,2.091
2005-12-12,14.101,0.001,40.5,1.964
2005-12-13,13.458,0.001,41.86,2.851
2005-12-14,13.085,0.001,41.44,2.604
2005-12-15,12.582,0.0,46.4,1.493
2005-12-16,13.169,0.001,49.61,1.979
2005-12-17,13.505,0.001,52.49,2.222
2005-12-18,13.533,0.001,48.91,2.401
2005-12-19,13.26,0.0,51.86,0.462
2005-12-20,13.361,0.0,59.73,1.587
2005-12-21,13.69,0.057,65.56,1.09
2005-12-22,14.495,0.002,68.7,1.942
2005-12-23,13.917,0.258,73.97,2.067
2005-12-24,13.866,0.002,67.23,2.805
2005-12-25,13.655,0.002,53.41,3.127
2005-12-26,14.588,0.001,52.85,1.885
2005-12-27,15.165,0.001,54.51,1.117
2005-12-28,15.076,0.0,60.48,1.267
2005-12-29,14.464,0.002,61.4,0.871
2005-12-30,14.324,0.001,61.37,2.064
2005-12-31,15.116,0.0,57.4,2.299
2006-01-01,17.317,0.357,60.34,3.384
2006-01-02,17.124,6.721,70.36,1.171
2006-01-03,13.168,0.007,70.82,2.922
2006-01-04,11.058,0.0,54.77,3.023
2006-01-05,10.657,0.0,53.11,3.29
2006-01-06,10.309,0.001,46.68,3.295
2006-01-07,9.773,0.001,47.52,2.869
2006-01-08,9.707,0.0,53.7,2.497
2006-01-09,11.099,0.001,57.14,2.043
2006-01-10,11.946,0.001,56.68,2.157
2006-01-11,12.784,0.001,54.87,2.846
2006-01-12,14.113,0.001,55.22,2.534
2006-01-13,14.956,0.0,49.12,2.735
2006-01-14,15.861,0.0,48.02,2.551
2006-01-15,18.114,0.001,46.91,2.165
2006-01-16,18.264,0.002,57.28,2.81
2006-01-17,18.97,0.002,61.36,0.598
2006-01-18,17.175,0.001,69.38,1.659
2006-01-19,15.599,0.0,57.1,2.537
2006-01-20,15.244,0.001,44.38,2.536
2006-01-21,14.682,0.0,42.11,3.274
2006-01-22,13.329,0.0,37.94,2.773
2006-01-23,12.558,0.0,41.36,2.655
2006-01-24,13.416,0.0,37.62,3.244
2006-01-25,13.15,0.0,43.39,2.477
2006-01-26,13.616,0.0,45.46,2.485
2006-01-27,14.687,0.001,44.07,2.589
2006-01-28,15.573,0.002,49.73,1.451
2006-01-29,17.185,0.001,47.08,2.01
2006-01-30,17.45,0.001,47.72,2.247
2006-01-31,18.169,0.001,49.93,0.758
2006-02-01,18.804,0.002,44.62,2.24
2006-02-02,18.775,0.001,43.19,3.056
2006-02-03,19.311,0.002,39.88,3.842
2006-02-04,19.377,0.001,38.81,3.744
2006-02-05,19.693,0.001,40.18,2.535
2006-02-06,19.725,0.001,42.47,0.327
2006-02-07,20.288,0.0,43.2,1.552
2006-02-08,20.344,0.0,48.82,2.027
2006-02-09,20.285,0.002,53.5,0.273
2006-02-10,19.589,0.003,46.35,2.291
2006-02-11,20.089,0.001,48.53,0.591
2006-02-12,21.635,0.0,48.58,0.835
2006-02-13,22.779,0.001,47.38,1.456
2006-02-14,22.819,0.0,50.38,0.994
2006-02-15,21.544,0.007,48.86,0.854
2006-02-16,21.72,0.001,55.48,1.06
2006-02-17,22.947,0.003,49.66,3.137
2006-02-18,23.112,-0.0,53.9,3.138
2006-02-19,23.22,0.002,56.44,2.873
2006-02-20,23.271,0.0,56.84,2.382
2006-02-21,23.561,0.0,51.47,2.498
2006-02-22,23.735,0.003,42.95,2.077
2006-02-23,23.665,0.0,51.19,2.783
2006-02-24,23.67,0.0,49.89,2.462
2006-02-25,24.012,0.002,50.88,0.911
2006-02-26,22.657,1.032,57.01,1.668
2006-02-27,20.677,0.004,51.08,3.089
2006-02-28,19.899,0.001,46.0,3.31
2006-03-01,20.004,0.0,39.52,2.496
2006-03-02,20.496,0.001,40.59,0.636
2006-03-03,20.924,0.002,42.66,1.135
2006-03-04,21.923,0.0,40.45,0.662
2006-03-05,22.303,0.049,38.93,0.896
2006-03-06,22.685,0.84,36.22,2.627
2006-03-07,23.313,0.03,36.97,2.253
2006-03-08,24.012,0.111,37.78,2.245
2006-03-09,22.532,1.662,61.77,0.33
2006-03-10,18.723,25.861,86.12,0.606
2006-03-11,18.294,11.9,84.71,1.209
2006-03-12,19.141,0.543,76.09,1.116
2006-03-13,20.622,0.211,68.9,0.647
2006-03-14,18.219,13.795,84.25,1.59
2006-03-15,18.043,0.499,77.99,1.358
2006-03-16,18.573,0.017,65.77,1.935
2006-03-17,19.133,0.001,55.32,3.128
2006-03-18,19.623,0.001,53.64,2.776
2006-03-19,21.474,0.002,53.2,1.595
2006-03-20,21.816,0.268,58.61,0.466
2006-03-21,21.985,0.0,55.55,3.378
2006-03-22,21.76,0.003,50.85,3.194
2006-03-23,23.789,0.002,47.24,1.694
2006-03-24,24.699,0.001,43.92,1.539
2006-03-25,23.483,1.037,50.57,1.889
2006-03-26,22.502,0.73,50.8,1.653
2006-03-27,22.354,0.001,40.52,2.208
2006-03-28,21.639,0.001,40.7,2.474
2006-03-29,23.494,0.001,35.4,3.094
2006-03-30,24.626,0.002,38.45,2.536
2006-03-31,26.463,0.001,34.93,1.018
2006-04-01,27.644,0.003,29.26,1.684
2006-04-02,27.184,0.01,28.43,1.365
2006-04-03,27.682,0.001,25.8,2.351
2006-04-04,28.611,0.001,25.98,3.655
2006-04-05,29.236,0.0,27.83,3.608
2006-04-06,29.797,0.001,27.21,2.53
2006-04-07,30.299,0.0,23.59,2.127
2006-04-08,31.051,0.002,24.44,1.054
2006-04-09,31.1,0.924,27.12,1.912
2006-04-10,28.463,0.001,30.9,1.941
2006-04-11,28.433,0.003,20.79,2.677
2006-04-12,27.023,0.001,13.07,3.573
2006-04-13,26.653,0.0,10.83,3.155
2006-04-14,27.869,0.001,11.88,1.747
2006-04-15,29.435,0.018,13.84,1.325
2006-04-16,29.262,0.002,17.47,0.476
2006-04-17,26.661,0.055,26.23,0.804
2006-04-18,26.387,0.001,30.36,0.927
2006-04-19,27.681,0.087,34.6,3.327
2006-04-20,28.575,0.0,33.74,2.496
2006-04-21,29.737,0.229,30.56,0.869
2006-04-22,30.766,0.002,22.26,2.107
2006-04-23,31.687,0.01,19.61,0.847
2006-04-24,31.493,0.001,21.87,0.826
2006-04-25,32.268,0.099,18.06,1.655
2006-04-26,33.603,0.002,15.46,2.907
2006-04-27,34.361,0.005,15.77,3.564
2006-04-28,33.981,0.01,19.03,0.347
2006-04-29,34.254,0.0,20.41,0.571
2006-04-30,34.22,0.002,21.34,2.419
2006-05-01,33.923,0.0,18.43,2.847
2006-05-02,33.191,0.948,20.57,1.421
2006-05-03,32.386,0.0,22.11,2.09
2006-05-04,33.565,0.003,18.05,1.416
2006-05-05,35.246,0.002,18.37,0.731
2006-05-06,36.348,0.009,17.6,3.046
2006-05-07,36.394,0.336,22.97,0.888
2006-05-08,35.609,0.002,30.59,2.372
2006-05-09,33.799,0.831,40.43,1.951
2006-05-10,34.74,0.257,31.29,0.35
2006-05-11,34.532,0.0,29.51,2.128
2006-05-12,34.75,0.002,30.32,1.288
2006-05-13,35.359,0.003,31.21,1.983
2006-05-14,34.872,0.268,39.4,2.119
2006-05-15,34.737,0.59,36.76,2.302
2006-05-16,32.656,3.642,46.89,3.863
2006-05-17,32.437,0.532,46.6,1.571
2006-05-18,32.616,1.27,44.11,0.615
2006-05-19,32.644,2.824,42.63,0.315
2006-05-20,30.893,1.998,51.44,1.295
2006-05-21,32.145,0.136,48.84,1.46
2006-05-22,31.639,0.807,55.52,1.233
2006-05-23,31.452,4.238,55.51,1.205
2006-05-24,34.042,0.314,44.81,0.624
2006-05-25,34.932,0.038,44.0,1.662
2006-05-26,35.328,0.024,43.29,1.885
2006-05-27,35.264,0.002,42.86,3.227
2006-05-28,34.734,0.057,49.05,5.066
2006-05-29,34.104,0.001,47.48,4.181
2006-05-30,34.806,0.137,46.64,3.234
2006-05-31,35.545,0.398,44.02,2.775
2006-06-01,35.294,0.201,39.85,0.532
2006-06-02,32.095,0.104,47.69,1.513
2006-06-03,28.203,0.958,61.39,2.78
2006-06-04,32.164,0.276,46.44,1.088
2006-06-05,33.007,0.039,38.96,1.875
2006-06-06,34.296,0.002,28.2,2.59
2006-06-07,34.69,0.001,26.95,2.625
2006-06-08,35.489,0.001,22.43,3.601
2006-06-09,35.694,0.0,19.0,3.135
2006-06-10,37.011,0.0,17.77,3.74
2006-06-11,36.646,0.003,18.87,4.537
2006-06-12,36.263,0.059,23.81,4.102
2006-06-13,33.391,2.767,34.66,3.183
2006-06-14,33.541,0.136,33.77,2.588
2006-06-15,33.706,0.658,36.18,2.444
2006-06-16,32.793,1.763,43.36,0.337
2006-06-17,30.967,0.965,50.41,1.078
2006-06-18,32.393,0.173,38.52,2.206
2006-06-19,30.496,2.366,44.67,1.49
2006-06-20,30.61,1.216,48.08,1.243
2006-06-21,32.873,0.085,40.5,2.31
2006-06-22,34.122,0.007,40.97,2.279
2006-06-23,34.499,0.271,44.95,2.953
2006-06-24,34.309,0.187,50.49,3.408
2006-06-25,32.859,0.924,59.85,2.958
2006-06-26,31.568,7.63,64.96,2.605
2006-06-27,29.614,7.315,74.03,2.856
2006-06-28,30.023,3.339,71.98,1.444
2006-06-29,30.688,3.048,69.42,0.639
2006-06-30,29.965,2.295,72.84,0.667
2006-07-01,32.322,0.514,62.02,1.381
2006-07-02,33.553,0.444,57.02,0.397
2006-07-03,34.437,0.234,52.51,2.704
2006-07-04,34.982,0.049,48.87,2.849
2006-07-05,32.783,0.287,57.55,4.951
2006-07-06,33.676,0.018,51.45,2.466
2006-07-07,35.002,0.659,49.16,4.213
2006-07-08,33.992,2.376,52.31,5.326
2006-07-09,29.669,9.29,72.61,2.457
2006-07-10,27.347,48.265,89.34,0.886
2006-07-11,27.628,23.418,86.77,1.849
2006-07-12,27.625,5.906,86.01,0.649
2006-07-13,29.632,1.161,75.37,0.65
2006-07-14,29.624,1.303,74.36,1.698
2006-07-15,31.394,0.202,65.77,2.12
2006-07-16,31.597,0.047,64.24,0.192
2006-07-17,31.355,0.43,70.3,1.157
2006-07-18,29.948,0.811,80.8,2.673
2006-07-19,29.566,1.645,78.55,2.565
2006-07-20,30.043,3.261,75.84,2.456
2006-07-21,30.594,0.49,71.02,2.874
2006-07-22,30.969,0.099,66.7,3.696
2006-07-23,29.932,3.543,71.31,3.677
2006-07-24,29.715,0.978,74.58,2.853
2006-07-25,28.825,35.442,83.34,1.544
2006-07-26,26.369,56.755,92.83,1.303
2006-07-27,26.232,20.822,90.24,0.346
2006-07-28,27.287,15.105,83.98,2.9
2006-07-29,28.142,5.201,80.28,3.855
2006-07-30,30.189,0.3,71.38,3.327
2006-07-31,29.878,0.739,72.75,4.158
2006-08-01,29.055,0.155,71.27,4.818
2006-08-02,28.973,2.449,69.36,2.767
2006-08-03,28.035,4.388,82.45,2.244
2006-08-04,29.176,6.17,76.49,2.948
2006-08-05,29.349,0.396,70.22,4.101
2006-08-06,28.98,0.849,71.06,3.632
2006-08-07,28.686,0.49,73.03,3.381
2006-08-08,28.602,0.582,74.05,2.989
2006-08-09,29.196,1.119,75.03,2.623
2006-08-10,30.335,0.522,70.12,2.983
2006-08-11,30.825,0.161,66.58,2.746
2006-08-12,30.627,0.134,68.27,2.382
2006-08-13,31.663,0.632,66.22,1.792
2006-08-14,29.682,4.452,77.76,2.241
2006-08-15,30.549,1.29,71.47,2.562
2006-08-16,31.354,0.191,65.83,2.935
2006-08-17,31.672,0.044,63.25,2.245
2006-08-18,31.955,0.111,62.24,3.079
2006-08-19,30.176,0.366,67.4,5.001
2006-08-20,29.657,0.362,64.34,3.627
2006-08-21,30.551,0.685,64.39,2.002
2006-08-22,30.773,0.478,61.26,1.578
2006-08-23,30.047,3.331,69.08,0.532
2006-08-24,30.387,1.412,65.87,2.142
2006-08-25,30.95,0.586,58.61,3.19
2006-08-26,31.025,0.093,55.45,4.835
2006-08-27,30.78,0.322,58.02,2.69
2006-08-28,30.577,0.011,53.37,2.352
2006-08-29,30.705,0.136,56.93,0.161
2006-08-30,28.706,3.159,70.98,2.888
2006-08-31,28.413,6.268,70.13,3.552
2006-09-01,26.236,35.912,77.03,5.983
2006-09-02,24.861,15.113,89.81,2.836
2006-09-03,26.815,0.938,76.35,2.261
2006-09-04,27.31,0.011,74.37,1.852
2006-09-05,28.683,0.834,76.95,1.23
2006-09-06,29.561,0.074,70.55,3.217
2006-09-07,29.372,0.374,69.96,2.42
2006-09-08,29.521,0.123,65.34,1.513
2006-09-09,29.608,0.068,62.91,2.619
2006-09-10,29.516,0.002,61.72,2.001
2006-09-11,29.713,0.423,64.75,1.694
2006-09-12,30.318,0.05,59.02,1.455
2006-09-13,30.546,0.096,57.83,0.954
2006-09-14,30.144,0.392,60.54,0.761
2006-09-15,30.116,0.059,59.34,0.901
2006-09-16,30.168,0.015,57.57,1.117
2006-09-17,30.473,0.005,54.42,0.379
2006-09-18,31.246,0.001,50.51,1.857
2006-09-19,32.29,0.022,47.84,2.364
2006-09-20,31.134,1.037,56.27,2.423
2006-09-21,30.497,0.195,57.95,1.715
2006-09-22,30.358,0.202,53.24,0.906
2006-09-23,29.207,0.001,50.16,1.894
2006-09-24,28.701,0.002,46.31,1.659
2006-09-25,29.282,0.001,43.9,1.065
2006-09-26,29.429,0.001,42.13,1.829
2006-09-27,29.572,0.002,43.2,2.436
2006-09-28,29.513,0.0,42.55,2.227
2006-09-29,29.08,0.001,41.51,2.367
2006-09-30,29.433,0.017,44.62,0.879
2006-10-01,29.659,0.001,40.67,1.102
2006-10-02,29.376,0.0,38.48,1.625
2006-10-03,30.343,0.0,37.94,1.726
2006-10-04,30.349,0.002,36.84,1.985
2006-10-05,30.317,0.001,34.54,2.496
2006-10-06,30.545,0.0,36.59,3.147
2006-10-07,30.612,0.002,41.6,3.054
2006-10-08,30.55,0.0,44.68,2.604
2006-10-09,29.976,0.002,41.29,3.012
2006-10-10,29.492,0.0,37.2,2.946
2006-10-11,29.575,0.001,38.56,3.169
2006-10-12,29.639,0.0,37.95,2.22
2006-10-13,29.159,0.044,38.45,1.219
2006-10-14,27.978,0.093,39.93,1.474
2006-10-15,27.616,0.001,40.6,2.235
2006-10-16,27.653,0.001,45.84,2.33
2006-10-17,27.856,0.003,47.58,1.46
2006-10-18,27.581,0.675,49.15,0.907
2006-10-19,25.766,1.889,55.99,3.414
2006-10-20,23.413,2.07,63.5,2.619
2006-10-21,24.025,0.604,58.42,0.058
2006-10-22,22.06,6.474,72.73,1.386
2006-10-23,23.42,0.047,61.69,1.387
2006-10-24,23.384,0.001,55.06,1.312
2006-10-25,23.86,0.001,54.97,0.906
2006-10-26,24.654,0.002,54.8,0.409
2006-10-27,24.998,0.003,50.47,0.486
2006-10-28,24.814,0.084,49.19,0.109
2006-10-29,24.486,0.002,51.55,1.585
2006-10-30,24.25,0.0,52.96,1.702
2006-10-31,24.11,0.003,52.96,0.842
2006-11-01,23.988,0.001,52.57,1.248
2006-11-02,24.007,0.0,50.38,0.702
2006-11-03,23.902,0.001,53.67,1.416
2006-11-04,23.886,0.0,57.18,2.428
2006-11-05,23.937,0.0,54.94,2.337
2006-11-06,24.236,0.0,52.03,0.551
2006-11-07,23.868,0.66,51.52,0.815
2006-11-08,24.071,0.123,51.2,1.759
2006-11-09,24.35,0.025,54.74,1.546
2006-11-10,23.917,0.002,54.07,0.721
2006-11-11,24.138,0.001,49.14,0.685
2006-11-12,23.71,0.002,57.07,1.429
2006-11-13,23.196,0.002,53.34,1.896
2006-11-14,22.205,0.002,50.9,1.987
2006-11-15,21.695,0.002,48.98,1.998
2006-11-16,21.376,0.0,50.16,2.318
2006-11-17,22.384,0.001,55.1,1.967
2006-11-18,22.183,0.25,55.57,2.103
2006-11-19,21.377,0.0,58.52,3.477
2006-11-20,20.845,0.001,52.19,3.715
2006-11-21,21.013,0.0,54.33,1.945
2006-11-22,20.549,0.366,61.21,2.21
2006-11-23,19.434,0.002,58.3,2.183
2006-11-24,17.731,0.001,51.3,2.513
2006-11-25,16.535,0.001,38.73,2.45
2006-11-26,16.222,0.001,40.28,2.835
2006-11-27,16.59,0.001,46.63,0.987
2006-11-28,16.983,0.001,47.07,1.464
2006-11-29,17.187,0.0,41.29,2.402
2006-11-30,17.551,0.0,41.6,3.136
2006-12-01,17.152,0.001,42.58,3.235
2006-12-02,16.979,0.002,39.75,2.822
2006-12-03,18.291,-0.0,40.35,1.278
2006-12-04,17.57,1.204,58.24,1.442
2006-12-05,19.086,1.232,64.17,1.415
2006-12-06,18.113,0.022,64.6,2.142
2006-12-07,16.37,0.003,57.84,2.326
2006-12-08,14.206,0.002,60.09,2.466
2006-12-09,13.858,0.001,61.63,1.904
2006-12-10,15.816,0.117,62.96,0.269
2006-12-11,14.531,0.088,65.02,1.583
2006-12-12,13.898,0.003,65.84,2.49
2006-12-13,14.475,0.004,55.17,3.128
2006-12-14,15.731,0.001,49.2,3.549
2006-12-15,16.209,0.001,43.99,3.352
2006-12-16,17.093,0.0,48.83,3.213
2006-12-17,16.609,0.002,47.9,3.05
2006-12-18,15.452,0.001,47.02,2.574
2006-12-19,16.152,0.001,50.98,1.56
2006-12-20,15.892,0.001,63.62,2.712
2006-12-21,16.307,0.001,64.14,1.447
2006-12-22,16.115,0.0,68.9,2.308
2006-12-23,14.783,0.002,57.77,2.042
2006-12-24,14.794,0.002,56.91,1.569
2006-12-25,15.172,0.0,48.93,2.046
2006-12-26,14.924,2.881,74.86,1.366
2006-12-27,14.966,0.003,68.82,3.425
2006-12-28,13.421,0.001,60.54,2.751
2006-12-29,12.826,0.001,57.98,1.455
2006-12-30,12.985,0.001,61.21,0.688
2006-12-31,13.555,0.001,69.89,1.256
2007-01-01,13.076,0.001,67.98,2.236
2007-01-02,13.24,0.001,60.84,3.247
2007-01-03,12.467,0.0,50.37,3.416
2007-01-04,12.144,0.001,46.4,3.133
2007-01-05,11.526,0.0,49.48,2.819
2007-01-06,10.636,0.002,49.23,2.378
2007-01-07,9.935,0.001,49.07,2.746
2007-01-08,10.577,0.001,53.26,1.748
2007-01-09,11.801,0.0,56.4,0.92
2007-01-10,11.821,0.002,55.07,2.582
2007-01-11,11.823,0.0,56.2,2.645
2007-01-12,11.783,0.001,50.43,2.394
2007-01-13,12.385,0.0,51.14,2.893
2007-01-14,13.012,0.002,53.03,2.303
2007-01-15,13.627,0.001,50.45,1.818
2007-01-16,13.762,0.0,45.66,2.372
2007-01-17,14.647,0.001,47.14,2.832
2007-01-18,15.074,0.001,50.79,2.192
2007-01-19,15.403,0.0,53.63,2.347
2007-01-20,14.196,0.0,52.7,2.898
2007-01-21,13.539,0.0,43.15,3.343
2007-01-22,13.422,0.0,38.05,3.316
2007-01-23,13.181,0.002,45.58,1.906
2007-01-24,15.429,0.004,47.55,2.015
2007-01-25,17.307,0.002,51.33,3.318
2007-01-26,17.944,0.0,58.92,0.514
2007-01-27,19.282,0.004,63.81,1.926
2007-01-28,20.149,0.001,65.53,1.935
2007-01-29,20.119,2.651,70.53,0.614
2007-01-30,19.066,2.108,75.45,0.247
2007-01-31,18.88,0.001,66.01,3.017
2007-02-01,18.632,0.0,56.2,2.487
2007-02-02,17.817,0.0,57.36,0.815
2007-02-03,17.891,0.001,59.28,1.361
2007-02-04,18.514,0.002,59.94,2.143
2007-02-05,18.642,0.059,62.11,1.519
2007-02-06,19.421,0.209,63.23,2.323
2007-02-07,17.453,2.435,77.6,1.26
2007-02-08,17.173,0.01,72.98,1.524
2007-02-09,18.29,3.326,74.69,3.935
2007-02-10,15.936,28.976,92.58,5.097
2007-02-11,15.742,5.239,91.99,3.854
2007-02-12,15.588,2.353,89.15,2.638
2007-02-13,12.764,14.001,91.01,0.316
2007-02-14,13.039,0.233,78.87,0.409
2007-02-15,14.115,0.534,75.79,0.433
2007-02-16,14.517,0.16,72.86,1.791
2007-02-17,14.346,0.054,73.08,1.367
2007-02-18,15.91,0.274,70.16,1.228
2007-02-19,16.458,0.0,69.9,2.305
2007-02-20,15.869,0.002,65.81,3.233
2007-02-21,17.096,0.0,68.16,2.024
2007-02-22,18.371,0.001,67.0,2.629
2007-02-23,17.137,0.0,62.12,2.203
2007-02-24,18.298,1.492,60.46,0.748
2007-02-25,18.054,1.959,76.56,0.56
2007-02-26,17.994,0.112,69.31,0.565
2007-02-27,20.715,1.574,64.18,3.347
2007-02-28,17.017,18.183,87.53,1.597
2007-03-01,15.898,2.694,80.73,2.032
2007-03-02,15.751,0.002,67.37,2.467
2007-03-03,17.066,0.001,65.48,2.377
2007-03-04,18.532,0.003,61.1,2.898
2007-03-05,18.835,0.002,56.44,3.788
2007-03-06,17.419,0.001,48.41,3.694
2007-03-07,17.857,0.002,48.77,3.078
2007-03-08,19.006,0.001,51.01,0.553
2007-03-09,21.429,1.965,49.56,3.058
2007-03-10,20.79,0.357,58.49,2.828
2007-03-11,20.034,7.544,69.0,2.918
2007-03-12,17.415,22.493,87.17,2.964
2007-03-13,18.01,1.991,82.7,1.539
2007-03-14,16.701,0.238,67.15,2.683
2007-03-15,17.426,0.0,56.95,3.599
2007-03-16,19.171,0.003,59.43,3.772
2007-03-17,21.05,0.0,65.02,3.033
2007-03-18,22.705,0.001,65.06,1.574
2007-03-19,25.27,0.318,62.89,2.052
2007-03-20,24.772,0.85,59.24,1.981
2007-03-21,22.772,2.288,67.39,2.181
2007-03-22,23.231,0.004,61.34,1.795
2007-03-23,22.261,0.001,46.59,3.204
2007-03-24,22.952,0.0,40.45,3.041
2007-03-25,23.483,0.001,36.64,3.831
2007-03-26,24.217,0.002,34.46,3.647
2007-03-27,25.297,0.002,37.86,3.243
2007-03-28,26.426,0.0,39.22,1.536
2007-03-29,27.878,0.0,40.51,0.894
2007-03-30,29.612,0.002,36.74,0.753
2007-03-31,30.438,0.01,29.17,2.771
2007-04-01,29.857,0.046,22.51,3.097
2007-04-02,27.112,0.001,24.46,3.884
2007-04-03,27.103,0.001,19.17,4.498
2007-04-04,28.265,0.001,21.53,4.346
2007-04-05,28.862,0.0,29.11,2.881
2007-04-06,30.183,0.003,26.28,3.201
2007-04-07,29.103,1.036,31.29,1.455
2007-04-08,28.837,0.774,26.15,1.861
2007-04-09,29.126,0.001,23.62,3.805
2007-04-10,30.57,0.0,23.82,3.452
2007-04-11,31.162,0.0,22.98,2.824
2007-04-12,31.792,0.001,21.6,2.334
2007-04-13,32.721,0.001,19.19,1.096
2007-04-14,32.476,0.002,22.05,0.308
2007-04-15,32.883,0.001,25.41,0.405
2007-04-16,33.393,0.0,24.59,1.06
2007-04-17,33.55,0.239,26.15,2.069
2007-04-18,31.468,0.516,38.79,4.162
2007-04-19,31.644,0.376,35.01,1.073
2007-04-20,32.807,0.005,24.55,2.067
2007-04-21,32.55,0.003,23.56,2.377
2007-04-22,33.533,0.025,17.43,2.103
2007-04-23,33.122,0.543,17.42,3.3
2007-04-24,33.231,0.003,15.88,3.324
2007-04-25,33.378,0.0,13.01,1.92
2007-04-26,33.003,0.002,14.65,2.86
2007-04-27,33.785,0.001,16.76,2.598
2007-04-28,34.449,0.001,16.19,0.626
2007-04-29,34.758,0.002,16.19,0.917
2007-04-30,34.747,0.002,21.33,2.13
2007-05-01,34.434,0.199,28.06,2.44
2007-05-02,32.421,2.139,39.45,3.523
2007-05-03,32.449,0.993,37.34,2.068
2007-05-04,32.089,2.532,39.9,2.234
2007-05-05,32.641,0.301,38.16,0.483
2007-05-06,33.682,0.971,30.16,0.726
2007-05-07,33.992,0.051,30.76,2.257
2007-05-08,33.999,0.02,33.1,2.064
2007-05-09,33.751,2.46,34.45,1.188
2007-05-10,33.582,0.286,28.87,1.114
2007-05-11,32.59,0.346,26.26,0.76
2007-05-12,31.234,0.064,38.38,2.281
2007-05-13,32.428,0.001,39.2,2.277
2007-05-14,34.033,0.0,34.83,1.153
2007-05-15,35.755,0.205,24.86,2.945
2007-05-16,34.271,2.334,37.03,0.827
2007-05-17,34.26,1.071,37.91,0.8
2007-05-18,35.228,0.078,33.93,1.106
2007-05-19,34.994,0.046,33.84,1.127
2007-05-20,35.061,0.005,27.1,3.441
2007-05-21,34.095,0.341,33.26,3.176
2007-05-22,33.477,0.033,28.28,1.407
2007-05-23,34.291,0.0,18.01,2.308
2007-05-24,34.078,0.003,16.65,1.134
2007-05-25,34.074,0.136,19.19,1.273
2007-05-26,31.276,1.463,28.56,3.119
2007-05-27,30.786,0.179,29.83,0.888
2007-05-28,31.946,0.018,24.08,0.838
2007-05-29,32.134,0.005,24.86,1.667
2007-05-30,33.231,0.001,23.27,1.887
2007-05-31,34.16,0.015,21.21,2.641
2007-06-01,35.382,0.002,19.62,2.742
2007-06-02,36.853,0.001,16.7,2.806
2007-06-03,36.887,0.099,16.8,3.29
2007-06-04,35.374,0.062,27.23,3.199
2007-06-05,35.801,0.001,28.8,4.548
2007-06-06,37.097,0.001,28.97,4.546
2007-06-07,37.862,0.0,26.66,4.958
2007-06-08,38.394,0.0,28.27,4.575
2007-06-09,39.964,0.002,24.14,5.027
2007-06-10,40.019,0.0,27.42,4.681
2007-06-11,37.994,0.0,38.18,1.139
2007-06-12,34.955,0.09,50.15,3.597
2007-06-13,35.418,0.044,48.96,2.58
2007-06-14,33.792,0.45,55.58,3.95
2007-06-15,33.016,2.485,56.11,3.133
2007-06-16,31.572,3.087,62.89,1.015
2007-06-17,30.417,8.918,68.76,0.656
2007-06-18,30.658,4.234,66.86,0.397
2007-06-19,30.271,7.635,70.5,0.798
2007-06-20,30.34,2.173,68.47,0.441
2007-06-21,29.955,1.094,68.83,2.256
2007-06-22,31.593,3.525,64.5,3.075
2007-06-23,32.023,0.932,62.53,4.996
2007-06-24,32.689,0.522,60.6,4.085
2007-06-25,31.547,4.201,64.94,1.601
2007-06-26,30.352,7.634,69.0,3.243
2007-06-27,31.438,5.023,65.13,3.261
2007-06-28,28.839,14.326,80.43,0.655
2007-06-29,30.123,1.556,74.01,2.237
2007-06-30,32.672,0.142,61.03,1.706
2007-07-01,32.485,0.499,61.58,4.241
2007-07-02,30.961,3.556,69.36,4.268
2007-07-03,29.388,15.481,76.86,3.695
2007-07-04,28.609,6.215,79.87,2.895
2007-07-05,29.875,7.507,77.51,1.016
2007-07-06,30.167,7.179,78.25,0.396
2007-07-07,30.881,8.155,73.92,0.911
2007-07-08,29.851,6.064,74.99,2.751
2007-07-09,29.938,0.527,71.45,3.603
2007-07-10,30.518,0.101,67.56,2.412
2007-07-11,31.423,1.117,68.97,0.689
2007-07-12,31.109,5.067,72.9,1.714
2007-07-13,30.789,4.463,72.3,2.636
2007-07-14,30.985,1.112,68.66,1.798
2007-07-15,30.8,4.562,69.03,0.985
2007-07-16,30.78,1.286,67.73,0.711
2007-07-17,31.959,0.382,62.5,1.611
2007-07-18,32.525,1.156,60.42,2.967
2007-07-19,32.769,1.347,53.89,3.752
2007-07-20,32.8,0.435,48.79,4.931
2007-07-21,32.245,0.778,50.99,3.69
2007-07-22,31.887,0.164,53.99,2.495
2007-07-23,31.786,6.746,57.01,1.933
2007-07-24,30.06,1.746,66.2,2.368
2007-07-25,30.947,2.13,65.09,3.403
2007-07-26,31.744,3.045,62.35,3.675
2007-07-27,32.449,1.673,58.44,2.394
2007-07-28,30.976,3.742,67.99,1.531
2007-07-29,30.738,3.111,70.13,1.287
2007-07-30,31.59,6.478,65.7,0.948
2007-07-31,30.622,12.527,71.83,1.507
2007-08-01,29.711,16.3,76.47,1.28
2007-08-02,26.971,39.327,90.35,1.413
2007-08-03,26.79,9.784,87.3,0.853
2007-08-04,28.22,1.791,83.16,1.459
2007-08-05,28.759,6.916,83.03,1.624
2007-08-06,28.809,18.197,83.08,1.869
2007-08-07,30.914,0.105,71.9,2.575
2007-08-08,30.741,0.26,70.46,3.829
2007-08-09,29.671,0.805,74.25,3.53
2007-08-10,30.644,0.475,70.35,1.295
2007-08-11,31.328,0.125,62.78,3.706
2007-08-12,30.249,1.481,68.2,3.58
2007-08-13,30.041,0.482,66.74,3.923
2007-08-14,29.813,1.828,65.92,3.418
2007-08-15,31.229,0.033,59.33,3.964
2007-08-16,31.081,0.626,61.64,3.724
2007-08-17,31.939,0.017,55.08,3.996
2007-08-18,32.018,0.012,55.01,2.817
2007-08-19,28.437,6.918,75.73,0.597
2007-08-20,27.739,8.616,82.61,2.422
2007-08-21,29.531,0.496,70.0,3.118
2007-08-22,29.132,3.401,75.1,3.318
2007-08-23,29.51,1.321,71.04,1.679
2007-08-24,30.484,1.042,69.46,1.31
2007-08-25,31.016,1.707,66.81,0.54
2007-08-26,30.921,1.082,68.27,0.62
2007-08-27,31.043,1.508,68.41,1.756
2007-08-28,29.406,1.193,75.34,3.246
2007-08-29,28.43,3.722,79.5,2.721
2007-08-30,29.187,3.503,76.62,2.228
2007-08-31,28.01,4.122,82.02,2.459
2007-09-01,28.905,1.207,76.66,2.271
2007-09-02,29.352,5.157,76.77,2.406
2007-09-03,29.64,11.324,76.98,1.465
2007-09-04,29.855,2.439,76.93,1.174
2007-09-05,30.329,15.486,72.78,2.207
2007-09-06,27.727,17.601,85.01,0.951
2007-09-07,27.548,4.252,81.4,0.869
2007-09-08,28.623,1.111,76.12,1.939
2007-09-09,28.985,0.736,69.4,2.886
2007-09-10,29.272,1.536,69.21,1.955
2007-09-11,29.012,0.453,68.1,2.464
2007-09-12,29.152,0.07,63.5,2.345
2007-09-13,28.785,2.238,65.62,1.899
2007-09-14,27.673,1.394,72.09,1.537
2007-09-15,28.498,0.404,68.81,1.09
2007-09-16,28.825,0.174,68.16,0.937
2007-09-17,29.796,0.027,64.76,1.046
2007-09-18,31.04,0.061,60.86,0.333
2007-09-19,31.118,0.305,62.56,1.388
2007-09-20,30.543,1.09,66.93,2.575
2007-09-21,30.512,2.128,66.58,2.269
2007-09-22,30.479,0.235,56.27,3.03
2007-09-23,29.981,0.0,50.87,2.217
2007-09-24,30.401,0.109,49.16,0.901
2007-09-25,28.904,3.439,62.61,0.602
2007-09-26,27.374,0.592,67.82,1.54
2007-09-27,27.293,0.311,71.64,1.286
2007-09-28,27.168,0.294,70.21,1.389
2007-09-29,27.335,0.023,62.07,0.554
2007-09-30,27.991,-0.0,40.59,2.607
2007-10-01,27.685,0.001,36.15,2.907
2007-10-02,27.444,0.001,37.4,0.477
2007-10-03,28.141,0.001,37.21,1.946
2007-10-04,28.04,0.0,35.87,0.767
2007-10-05,28.109,0.002,31.81,1.786
2007-10-06,27.512,0.001,27.6,3.196
2007-10-07,26.935,0.0,28.27,3.301
2007-10-08,26.438,0.0,28.63,2.999
2007-10-09,26.045,0.0,28.11,2.256
2007-10-10,26.127,0.001,28.93,0.996
2007-10-11,26.19,0.0,28.1,1.756
2007-10-12,25.78,0.0,27.79,2.752
2007-10-13,26.003,0.003,29.52,2.608
2007-10-14,26.507,0.002,29.83,0.775
2007-10-15,26.587,0.001,35.64,0.401
2007-10-16,25.287,0.112,53.12,1.674
2007-10-17,25.272,0.283,54.5,1.098
2007-10-18,25.71,0.001,41.04,1.718
2007-10-19,25.399,0.0,39.08,1.647
2007-10-20,25.833,0.0,33.36,1.752
2007-10-21,25.517,0.0,28.48,1.975
2007-10-22,25.738,0.003,34.45,2.195
2007-10-23,24.913,0.0,38.56,1.831
2007-10-24,24.755,0.003,39.32,1.574
2007-10-25,25.091,0.0,45.64,1.717
2007-10-26,25.769,0.002,46.62,2.066
2007-10-27,25.81,0.002,41.38,2.677
2007-10-28,24.933,-0.0,39.3,2.568
2007-10-29,24.096,0.0,37.16,1.146
2007-10-30,24.028,0.001,37.22,0.853
2007-10-31,23.26,0.0,42.84,1.504
2007-11-01,23.274,0.002,40.29,1.683
2007-11-02,22.854,0.001,39.37,1.995
2007-11-03,22.813,0.001,35.73,0.877
2007-11-04,23.186,0.003,38.75,0.846
2007-11-05,23.396,0.0,40.69,2.292
2007-11-06,23.331,0.001,50.79,0.846
2007-11-07,23.694,0.213,52.44,2.802
2007-11-08,23.407,0.84,62.37,3.031
2007-11-09,23.111,0.011,62.9,2.326
2007-11-10,22.952,0.0,60.24,1.662
2007-11-11,23.267,0.001,53.87,0.053
2007-11-12,22.821,0.0,55.58,0.916
2007-11-13,22.807,0.0,54.99,0.543
2007-11-14,22.529,0.001,57.85,0.451
2007-11-15,22.428,0.0,59.0,0.892
2007-11-16,21.777,0.003,54.06,2.637
2007-11-17,20.88,0.001,54.01,2.215
2007-11-18,20.236,0.001,48.69,0.2
2007-11-19,19.321,0.0,46.56,0.98
2007-11-20,19.544,0.001,49.99,3.182
2007-11-21,19.985,0.0,56.36,2.373
2007-11-22,20.391,0.003,57.98,1.151
2007-11-23,19.703,0.001,56.89,1.225
2007-11-24,20.011,0.001,57.68,1.257
2007-11-25,19.832,0.0,60.14,1.472
2007-11-26,20.067,0.001,62.24,0.634
2007-11-27,19.337,0.0,61.71,1.113
2007-11-28,19.118,0.001,56.89,0.054
2007-11-29,20.563,0.0,50.14,2.75
2007-11-30,19.312,0.017,61.37,2.128
2007-12-01,19.561,0.058,60.44,1.164
2007-12-02,17.759,11.674,71.47,1.097
2007-12-03,17.068,0.0,60.76,2.386
2007-12-04,15.458,0.001,55.25,2.5
2007-12-05,15.378,0.0,59.38,1.505
2007-12-06,15.919,0.001,59.52,1.352
2007-12-07,15.665,0.0,60.32,1.584
2007-12-08,15.292,0.0,59.51,1.915
2007-12-09,14.92,0.023,67.19,0.132
2007-12-10,16.575,2.62,64.83,1.605
2007-12-11,15.955,3.564,67.24,3.104
2007-12-12,15.321,0.885,74.85,1.317
2007-12-13,14.467,1.361,82.39,1.325
2007-12-14,13.788,0.001,69.68,3.274
2007-12-15,12.956,0.0,54.14,3.071
2007-12-16,12.404,0.0,53.68,2.546
2007-12-17,12.435,0.001,54.02,2.719
2007-12-18,13.183,0.001,55.22,1.057
2007-12-19,12.786,0.0,60.72,0.641
2007-12-20,13.368,0.001,59.19,2.605
2007-12-21,15.884,0.001,49.19,3.657
2007-12-22,16.69,0.003,47.98,4.745
2007-12-23,17.896,0.0,51.14,2.919
2007-12-24,16.916,0.0,61.69,2.391
2007-12-25,15.734,0.001,57.37,2.892
2007-12-26,14.219,0.001,49.09,2.645
2007-12-27,13.309,0.0,44.36,2.923
2007-12-28,12.84,0.001,45.38,3.231
2007-12-29,12.249,0.001,50.49,2.386
2007-12-30,12.258,0.0,46.51,3.074
2007-12-31,12.016,0.0,42.7,2.932
2008-01-01,11.179,0.001,47.25,2.028
2008-01-02,11.127,0.0,49.33,2.317
2008-01-03,12.013,0.001,54.4,2.207
2008-01-04,12.555,0.003,52.88,2.354
2008-01-05,14.151,0.001,55.25,1.568
2008-01-06,14.977,0.0,62.43,1.721
2008-01-07,16.76,0.001,56.83,1.001
2008-01-08,18.039,0.116,59.99,1.581
2008-01-09,18.727,2.162,65.27,1.572
2008-01-10,15.786,0.175,70.21,1.399
2008-01-11,13.423,0.001,61.89,2.635
2008-01-12,12.461,0.001,53.39,3.311
2008-01-13,13.571,0.0,46.31,3.501
2008-01-14,13.996,0.0,46.84,3.75
2008-01-15,15.637,0.0,44.8,3.513
2008-01-16,17.075,0.011,50.23,2.696
2008-01-17,17.697,0.05,63.03,1.495
2008-01-18,15.891,0.047,69.29,2.0
2008-01-19,12.223,0.018,69.57,1.645
2008-01-20,11.457,0.0,53.62,2.811
2008-01-21,10.458,0.002,46.31,2.855
2008-01-22,10.108,0.003,46.47,2.402
2008-01-23,10.609,0.019,47.17,2.611
2008-01-24,11.27,0.0,42.07,2.387
2008-01-25,12.037,0.023,45.23,2.23
2008-01-26,12.01,0.001,43.74,2.632
2008-01-27,10.615,0.002,40.06,2.734
2008-01-28,10.712,0.441,43.69,2.051
2008-01-29,11.811,0.003,49.57,1.22
2008-01-30,12.003,0.0,48.97,1.067
2008-01-31,11.7,0.0,47.29,2.063
2008-02-01,12.22,0.0,41.47,1.41
2008-02-02,12.485,2.274,49.91,1.748
2008-02-03,13.55,0.098,54.05,3.269
2008-02-04,14.327,0.01,57.79,0.673
2008-02-05,13.287,0.138,60.27,1.693
2008-02-06,14.016,0.153,52.55,1.323
2008-02-07,12.713,0.001,45.57,1.465
2008-02-08,11.733,0.002,55.58,3.303
2008-02-09,11.684,0.0,58.58,3.537
2008-02-10,11.768,0.001,49.66,3.082
2008-02-11,12.166,0.0,43.77,2.496
2008-02-12,12.603,0.004,33.09,3.789
2008-02-13,12.761,0.001,33.04,3.749
2008-02-14,14.725,0.0,40.32,1.86
2008-02-15,16.179,0.001,41.57,2.422
2008-02-16,18.058,0.001,39.42,3.659
2008-02-17,18.602,0.002,44.35,2.787
2008-02-18,17.714,0.001,47.13,1.909
2008-02-19,17.308,0.0,41.63,1.555
2008-02-20,17.878,0.002,38.47,0.343
2008-02-21,19.738,0.0,40.31,2.808
2008-02-22,21.248,0.001,47.42,4.647
2008-02-23,20.102,0.003,50.51,0.386
2008-02-24,18.718,0.001,44.82,2.37
2008-02-25,18.287,0.0,36.51,3.459
2008-02-26,18.154,0.001,30.47,3.558
2008-02-27,19.485,0.001,32.63,2.564
2008-02-28,20.64,0.001,35.32,2.064
2008-02-29,21.743,0.003,42.14,0.517
2008-03-01,22.401,0.002,38.16,0.928
2008-03-02,22.63,0.001,36.42,1.676
2008-03-03,22.432,0.001,50.4,0.794
2008-03-04,23.089,0.0,41.71,0.984
2008-03-05,23.601,0.001,42.96,1.018
2008-03-06,24.932,0.002,43.66,2.073
2008-03-07,24.603,0.004,46.83,1.542
2008-03-08,24.197,0.001,54.23,1.195
2008-03-09,23.787,0.0,41.98,2.283
2008-03-10,23.607,0.001,38.21,2.847
2008-03-11,23.77,0.001,38.37,3.085
2008-03-12,23.59,0.001,39.46,2.457
2008-03-13,21.736,0.014,49.26,1.82
2008-03-14,22.586,0.0,48.98,1.157
2008-03-15,23.908,0.001,41.06,2.765
2008-03-16,24.863,0.0,40.27,1.353
2008-03-17,25.698,0.001,36.87,1.041
2008-03-18,26.265,0.005,31.41,0.824
2008-03-19,24.263,1.583,40.53,2.913
2008-03-20,23.962,0.018,34.56,1.414
2008-03-21,24.618,0.002,29.67,2.2
2008-03-22,25.537,0.002,28.74,2.318
2008-03-23,25.198,0.016,31.43,2.336
2008-03-24,25.007,0.0,30.36,1.601
2008-03-25,25.417,0.001,28.95,1.761
2008-03-26,26.163,0.0,26.29,2.143
2008-03-27,26.548,0.0,29.06,2.096
2008-03-28,25.799,0.128,29.9,1.774
2008-03-29,26.23,0.001,28.95,1.879
2008-03-30,27.158,0.401,31.2,0.401
2008-03-31,26.604,1.894,37.73,0.838
2008-04-01,23.957,2.75,53.74,1.732
2008-04-02,25.991,1.231,41.74,0.584
2008-04-03,23.021,2.065,55.92,0.833
2008-04-04,22.939,10.671,60.49,2.84
2008-04-05,21.115,8.073,72.42,1.956
2008-04-06,21.927,0.011,58.75,1.444
2008-04-07,23.653,0.001,51.42,2.417
2008-04-08,25.568,0.629,46.69,3.697
2008-04-09,26.964,0.004,44.34,3.015
2008-04-10,27.759,0.001,38.1,3.454
2008-04-11,28.582,0.13,40.49,2.197
2008-04-12,28.828,0.154,37.86,0.345
2008-04-13,29.811,0.0,27.02,1.684
2008-04-14,30.698,0.015,22.73,1.972
2008-04-15,30.746,0.001,24.95,1.296
2008-04-16,27.394,0.698,36.48,1.892
2008-04-17,26.788,0.0,32.79,3.059
2008-04-18,28.428,0.001,23.21,3.438
2008-04-19,29.877,0.001,19.53,2.864
2008-04-20,30.881,0.0,19.08,3.053
2008-04-21,31.843,0.0,17.81,3.164
2008-04-22,32.65,0.002,17.64,2.457
2008-04-23,32.59,0.002,16.81,2.457
2008-04-24,32.481,0.001,17.65,2.841
2008-04-25,33.257,0.001,15.34,2.582
2008-04-26,32.727,0.001,16.03,1.648
2008-04-27,31.734,0.002,14.74,3.332
2008-04-28,32.148,0.002,15.44,2.232
2008-04-29,32.796,0.002,14.54,1.649
2008-04-30,33.28,0.001,15.69,1.717
2008-05-01,33.242,0.03,13.15,2.229
2008-05-02,33.79,0.0,13.35,3.476
2008-05-03,34.954,0.002,15.23,3.395
2008-05-04,35.19,0.276,17.7,3.144
2008-05-05,32.6,0.328,30.59,0.06
2008-05-06,32.153,0.135,29.81,1.217
2008-05-07,32.021,0.091,26.68,1.477
2008-05-08,32.66,0.055,23.51,3.09
2008-05-09,30.984,0.025,33.76,3.389
2008-05-10,31.102,0.135,32.99,2.659
2008-05-11,31.319,0.6,34.66,0.289
2008-05-12,32.612,0.0,29.67,0.887
2008-05-13,32.964,0.024,29.44,0.369
2008-05-14,33.014,1.787,32.64,2.293
2008-05-15,33.356,0.021,36.43,2.594
2008-05-16,33.429,0.24,31.65,2.643
2008-05-17,33.962,2.179,31.43,3.034
2008-05-18,33.183,1.099,33.48,2.121
2008-05-19,31.71,0.965,46.01,0.921
2008-05-20,28.357,9.937,61.92,1.076
2008-05-21,24.986,21.975,75.7,2.453
2008-05-22,26.662,6.447,73.23,2.269
2008-05-23,27.78,2.687,70.23,1.267
2008-05-24,28.55,1.714,64.71,0.404
2008-05-25,29.72,0.611,59.11,1.323
2008-05-26,30.609,0.103,50.71,0.31
2008-05-27,29.85,1.096,48.72,1.519
2008-05-28,30.262,0.006,44.76,0.863
2008-05-29,30.01,1.676,44.54,0.792
2008-05-30,31.034,0.007,43.23,1.62
2008-05-31,31.285,0.633,44.61,2.243
2008-06-01,29.97,1.913,57.72,1.223
2008-06-02,31.582,0.491,51.33,0.499
2008-06-03,30.928,0.463,59.09,0.933
2008-06-04,32.287,0.692,52.35,0.523
2008-06-05,32.415,1.644,49.75,1.513
2008-06-06,33.664,0.164,45.53,1.186
2008-06-07,31.032,7.444,62.26,1.557
2008-06-08,29.505,3.996,69.69,2.831
2008-06-09,30.237,2.715,68.57,2.567
2008-06-10,30.556,1.689,67.77,2.745
2008-06-11,30.943,5.43,66.24,2.449
2008-06-12,30.049,11.727,71.93,2.299
2008-06-13,27.888,18.677,84.97,0.71
2008-06-14,29.827,2.847,73.98,0.878
2008-06-15,27.644,62.761,87.99,0.775
2008-06-16,26.635,27.217,91.57,1.7
2008-06-17,27.982,14.511,85.06,0.609
2008-06-18,29.108,0.739,77.02,2.205
2008-06-19,28.985,2.803,78.15,1.883
2008-06-20,28.312,7.279,81.28,1.457
2008-06-21,28.584,3.622,78.76,1.326
2008-06-22,29.431,2.841,76.57,1.351
2008-06-23,30.807,0.976,71.7,2.255
2008-06-24,30.712,2.635,71.08,1.112
2008-06-25,29.809,4.02,76.96,1.272
2008-06-26,31.365,2.873,70.38,1.073
2008-06-27,28.459,9.06,83.5,0.91
2008-06-28,29.148,7.37,76.98,0.875
2008-06-29,28.804,2.163,78.51,1.58
2008-06-30,29.478,1.34,74.43,0.398
2008-07-01,30.343,0.858,73.69,1.793
2008-07-02,31.482,0.171,69.08,0.92
2008-07-03,31.709,1.239,67.02,1.349
2008-07-04,31.784,0.021,62.94,0.486
2008-07-05,30.395,6.552,71.75,0.856
2008-07-06,28.537,6.192,78.81,1.772
2008-07-07,27.993,7.285,83.08,0.252
2008-07-08,28.275,8.749,82.13,2.56
2008-07-09,27.935,5.453,85.45,2.526
2008-07-10,29.85,4.056,77.84,1.894
2008-07-11,28.916,14.535,80.3,2.35
2008-07-12,27.369,12.999,85.23,1.331
2008-07-13,27.39,9.765,84.81,1.053
2008-07-14,28.369,7.391,81.29,2.35
2008-07-15,29.855,0.816,70.46,3.762
2008-07-16,30.186,0.365,67.44,3.022
2008-07-17,30.791,0.455,65.18,2.534
2008-07-18,31.201,0.254,61.91,2.482
2008-07-19,31.14,1.118,62.22,1.134
2008-07-20,30.224,2.587,71.59,0.686
2008-07-21,30.146,1.231,70.51,0.92
2008-07-22,31.216,0.316,63.06,2.013
2008-07-23,32.117,0.063,58.34,2.955
2008-07-24,32.527,0.103,58.28,2.036
2008-07-25,32.311,0.027,57.02,1.191
2008-07-26,31.216,0.949,67.13,1.371
2008-07-27,28.999,1.345,77.76,3.112
2008-07-28,29.531,3.981,76.44,2.631
2008-07-29,31.32,0.346,69.53,3.018
2008-07-30,30.881,0.778,70.99,3.068
2008-07-31,28.499,23.363,82.82,3.164
2008-08-01,27.963,17.722,83.22,2.327
2008-08-02,28.061,8.148,83.39,2.695
2008-08-03,28.045,7.763,83.89,2.419
2008-08-04,26.799,5.966,87.91,2.348
2008-08-05,26.833,10.942,88.74,1.39
2008-08-06,27.091,24.541,87.17,1.231
2008-08-07,25.956,45.72,91.88,1.903
2008-08-08,25.921,24.793,93.22,0.793
2008-08-09,28.28,2.505,82.94,1.434
2008-08-10,28.677,4.601,83.68,0.92
2008-08-11,29.325,3.147,81.22,2.743
2008-08-12,27.212,8.869,84.89,4.365
2008-08-13,25.846,18.511,92.7,3.561
2008-08-14,25.711,47.065,95.17,2.187
2008-08-15,26.839,31.761,88.92,1.164
2008-08-16,27.376,3.254,86.99,0.584
2008-08-17,27.823,2.303,82.85,2.276
2008-08-18,28.707,0.602,74.71,3.853
2008-08-19,28.786,0.327,72.44,3.985
2008-08-20,28.552,0.29,72.78,2.807
2008-08-21,27.255,3.412,79.25,1.346
2008-08-22,26.785,3.766,82.87,0.645
2008-08-23,27.924,4.428,82.08,0.062
2008-08-24,29.565,0.765,79.67,0.596
2008-08-25,30.027,2.401,79.42,0.232
2008-08-26,30.257,0.279,78.04,1.174
2008-08-27,30.831,0.112,69.06,1.171
2008-08-28,31.027,0.001,59.07,4.283
2008-08-29,30.195,0.038,61.88,3.495
2008-08-30,29.338,0.501,67.81,1.975
2008-08-31,28.469,0.081,71.26,0.552
2008-09-01,29.227,0.516,73.28,1.111
2008-09-02,29.932,0.107,69.88,1.245
2008-09-03,30.275,0.039,64.39,0.422
2008-09-04,30.145,0.162,63.13,0.094
2008-09-05,30.242,1.304,60.24,1.369
2008-09-06,28.009,8.103,70.36,0.647
2008-09-07,26.714,2.081,76.32,0.292
2008-09-08,26.972,0.164,74.39,1.37
2008-09-09,27.792,0.001,67.69,1.76
2008-09-10,28.454,0.003,67.43,0.995
2008-09-11,28.731,0.474,73.77,1.392
2008-09-12,29.174,0.334,72.53,1.653
2008-09-13,29.352,0.253,72.22,2.111
2008-09-14,29.351,1.003,74.82,1.847
2008-09-15,28.667,0.753,76.48,1.548
2008-09-16,29.439,0.921,71.83,0.683
2008-09-17,27.739,5.152,79.95,1.996
2008-09-18,26.395,14.343,85.27,1.824
2008-09-19,23.498,23.532,92.35,3.368
2008-09-20,25.156,0.823,80.6,1.088
2008-09-21,25.298,0.55,81.1,0.558
2008-09-22,25.828,0.013,77.13,1.276
2008-09-23,26.229,0.3,74.89,1.906
2008-09-24,26.503,-0.0,68.23,2.45
2008-09-25,27.099,0.001,66.95,2.373
2008-09-26,27.943,0.007,61.62,2.88
2008-09-27,28.105,0.162,64.75,2.341
2008-09-28,28.861,0.001,61.76,2.907
2008-09-29,29.074,0.003,62.03,1.866
2008-09-30,28.7,0.164,67.35,0.741
2008-10-01,28.613,0.267,74.72,0.908
2008-10-02,28.834,0.09,70.75,0.726
2008-10-03,29.026,0.182,69.85,0.661
2008-10-04,29.883,0.007,60.2,0.76
2008-10-05,29.177,0.362,67.61,2.309
2008-10-06,29.255,0.006,67.04,2.842
2008-10-07,28.856,0.223,54.09,1.113
2008-10-08,28.404,1.024,47.36,1.041
2008-10-09,28.266,0.021,49.02,0.664
2008-10-10,28.226,0.002,50.86,1.422
2008-10-11,28.268,0.0,50.31,1.003
2008-10-12,28.102,0.002,50.67,0.45
2008-10-13,28.481,0.001,49.6,0.204
2008-10-14,28.306,0.087,47.95,3.098
2008-10-15,27.091,0.866,56.94,2.328
2008-10-16,24.81,2.917,64.96,0.827
2008-10-17,25.082,0.0,50.26,1.998
2008-10-18,25.121,0.0,44.99,1.547
2008-10-19,25.173,0.003,45.76,1.572
2008-10-20,25.616,0.001,46.18,1.096
2008-10-21,25.876,0.0,49.65,1.444
2008-10-22,25.67,0.855,51.8,1.065
2008-10-23,25.212,0.002,46.87,0.904
2008-10-24,25.181,0.003,47.01,0.654
2008-10-25,25.128,0.001,48.04,1.51
2008-10-26,24.732,0.0,50.05,0.722
2008-10-27,24.768,0.0,42.07,2.836
2008-10-28,25.181,0.001,47.44,0.699
2008-10-29,25.164,0.0,45.79,0.704
2008-10-30,25.559,0.002,43.42,2.766
2008-10-31,25.094,0.001,47.5,3.711
2008-11-01,24.597,0.002,43.23,3.116
2008-11-02,25.114,0.0,46.77,1.792
2008-11-03,24.619,0.0,45.38,0.992
2008-11-04,23.694,0.0,45.35,2.158
2008-11-05,23.348,0.0,37.98,1.04
2008-11-06,23.275,0.002,42.62,0.841
2008-11-07,22.899,0.0,51.84,0.741
2008-11-08,23.484,0.001,50.97,0.402
2008-11-09,23.166,0.001,51.03,0.913
2008-11-10,22.687,0.0,57.2,1.444
2008-11-11,22.722,0.002,57.29,0.765
2008-11-12,22.045,0.0,59.7,0.908
2008-11-13,22.193,0.0,56.42,2.728
2008-11-14,21.626,0.0,57.02,1.931
2008-11-15,21.633,0.001,55.56,0.79
2008-11-16,21.653,0.003,56.36,1.768
2008-11-17,21.731,0.0,54.06,1.848
2008-11-18,20.828,0.001,55.34,1.011
2008-11-19,21.63,4.623,55.0,0.969
2008-11-20,18.336,1.433,75.91,1.504
2008-11-21,17.449,0.002,51.76,2.92
2008-11-22,17.244,0.001,45.63,3.01
2008-11-23,17.669,0.002,48.82,2.671
2008-11-24,18.419,0.0,50.56,2.997
2008-11-25,18.041,0.0,58.58,0.811
2008-11-26,18.398,0.001,60.52,0.752
2008-11-27,18.675,0.002,63.13,1.043
2008-11-28,18.361,0.001,55.44,2.256
2008-11-29,18.32,0.001,47.62,2.832
2008-11-30,18.378,0.003,52.21,1.346
2008-12-01,19.026,0.001,56.01,0.376
2008-12-02,17.899,0.001,56.93,1.962
2008-12-03,18.011,0.0,56.37,2.228
2008-12-04,18.47,0.001,50.91,2.234
2008-12-05,18.84,0.003,54.97,1.362
2008-12-06,19.485,0.001,48.33,3.222
2008-12-07,19.934,0.001,49.07,2.159
2008-12-08,19.698,0.0,61.02,2.108
2008-12-09,19.542,0.001,70.89,0.519
2008-12-10,19.846,0.0,69.19,2.489
2008-12-11,17.366,0.0,60.28,2.416
2008-12-12,15.812,0.0,61.72,2.114
2008-12-13,15.163,0.0,54.36,1.833
2008-12-14,15.166,0.002,53.45,2.608
2008-12-15,16.687,0.001,51.85,2.724
2008-12-16,17.079,0.002,54.66,1.681
2008-12-17,18.306,0.0,63.09,2.307
2008-12-18,20.621,0.001,56.78,3.031
2008-12-19,19.662,0.002,65.46,2.591
2008-12-20,18.502,0.033,79.68,0.658
2008-12-21,17.991,0.003,74.49,3.153
2008-12-22,15.869,0.003,58.76,3.207
2008-12-23,15.029,0.001,52.57,2.888
2008-12-24,14.844,0.0,55.53,2.095
2008-12-25,15.404,0.001,57.15,0.722
2008-12-26,14.834,0.0,64.04,0.736
2008-12-27,15.05,0.001,66.38,1.033
2008-12-28,15.587,0.0,71.32,1.209
2008-12-29,14.929,0.0,75.41,1.727
2008-12-30,14.317,0.0,75.11,2.064
2008-12-31,14.22,0.001,69.16,2.753
2009-01-01,13.725,0.0,63.38,2.536
2009-01-02,13.983,0.0,65.18,0.145
2009-01-03,14.022,0.217,62.74,1.952
2009-01-04,14.658,2.433,68.69,2.129
2009-01-05,13.756,0.671,77.24,0.752
2009-01-06,12.788,0.004,69.53,1.367
2009-01-07,12.271,0.0,64.08,1.49
2009-01-08,12.166,0.001,66.76,1.527
2009-01-09,13.367,0.001,66.15,1.063
2009-01-10,13.85,0.0,68.44,2.357
2009-01-11,13.417,0.0,67.2,2.401
2009-01-12,13.084,0.001,64.93,1.795
2009-01-13,13.218,0.0,66.32,1.728
2009-01-14,14.546,0.001,63.2,2.446
2009-01-15,15.724,0.0,61.01,1.611
2009-01-16,17.976,0.002,64.82,0.934
2009-01-17,17.154,0.306,79.93,1.47
2009-01-18,17.666,2.056,84.54,0.337
2009-01-19,14.855,0.015,77.39,3.137
2009-01-20,14.5,-0.0,62.08,3.601
2009-01-21,15.157,0.001,52.35,3.534
2009-01-22,16.393,0.001,53.4,3.205
2009-01-23,17.767,0.001,50.96,3.503
2009-01-24,18.328,0.003,56.21,2.683
2009-01-25,18.851,0.002,64.37,2.067
2009-01-26,17.205,0.003,62.78,2.146
2009-01-27,16.507,0.002,67.6,2.595
2009-01-28,16.244,0.0,65.02,2.993
2009-01-29,15.952,0.003,64.91,1.289
2009-01-30,16.221,0.001,63.5,2.337
2009-01-31,16.151,0.0,58.04,3.459
2009-02-01,15.921,0.001,52.94,2.764
2009-02-02,16.408,0.001,53.42,0.851
2009-02-03,17.655,0.001,56.72,0.611
2009-02-04,18.946,0.0,57.37,1.567
2009-02-05,19.416,0.001,59.82,2.898
2009-02-06,18.94,0.059,63.95,1.527
2009-02-07,17.023,0.0,57.54,2.956
2009-02-08,15.881,0.005,50.32,2.144
2009-02-09,17.275,0.0,50.23,0.56
2009-02-10,15.982,12.74,75.94,1.172
2009-02-11,14.183,0.426,80.15,1.906
2009-02-12,15.412,0.0,74.23,2.433
2009-02-13,17.299,0.003,67.49,0.657
2009-02-14,17.373,0.068,70.82,1.92
2009-02-15,15.693,0.001,65.1,2.921
2009-02-16,15.471,0.0,61.74,2.451
2009-02-17,15.919,0.002,58.52,2.412
2009-02-18,17.235,0.0,55.02,3.329
2009-02-19,18.077,0.0,49.99,3.087
2009-02-20,19.85,0.0,52.58,1.976
2009-02-21,20.014,0.001,44.16,2.724
2009-02-22,20.218,0.0,46.98,2.058
2009-02-23,21.286,0.001,46.78,0.851
2009-02-24,21.841,0.003,53.22,1.323
2009-02-25,21.021,0.001,49.66,2.302
2009-02-26,20.589,0.002,42.59,2.542
2009-02-27,20.593,0.001,37.39,3.348
2009-02-28,19.849,0.001,32.59,4.167
2009-03-01,21.39,0.001,29.68,3.245
2009-03-02,22.398,0.002,43.27,2.479
2009-03-03,24.109,0.0,47.31,2.044
2009-03-04,24.009,0.002,39.88,1.28
2009-03-05,22.581,0.001,44.54,3.57
2009-03-06,22.167,0.0,38.08,0.167
2009-03-07,21.933,0.002,38.32,2.461
2009-03-08,21.278,0.001,38.07,1.865
2009-03-09,21.453,0.002,36.96,1.706
2009-03-10,21.396,0.0,36.4,2.976
2009-03-11,21.216,0.0,31.1,3.487
2009-03-12,22.097,0.001,37.32,3.576
2009-03-13,23.107,0.001,42.08,1.004
2009-03-14,23.224,0.001,44.49,0.995
2009-03-15,23.568,0.001,41.67,1.815
2009-03-16,23.791,0.001,42.5,0.923
2009-03-17,24.187,0.002,42.52,1.145
2009-03-18,25.452,0.002,39.62,0.57
2009-03-19,24.903,1.306,42.39,1.689
2009-03-20,24.557,0.668,40.38,2.103
2009-03-21,23.55,0.001,45.73,1.386
2009-03-22,23.885,0.027,42.34,1.615
2009-03-23,24.85,0.148,41.94,1.033
2009-03-24,25.562,0.706,42.19,0.714
2009-03-25,21.738,3.222,63.04,0.785
2009-03-26,22.573,0.008,50.83,1.971
2009-03-27,21.268,2.664,67.11,0.872
2009-03-28,23.951,0.293,57.55,1.127
2009-03-29,23.133,1.023,62.78,2.014
2009-03-30,23.814,0.001,53.13,3.431
2009-03-31,24.503,0.002,40.08,4.047
2009-04-01,26.851,-0.0,41.39,2.561
2009-04-02,27.806,0.003,37.32,0.504
2009-04-03,27.909,0.001,30.54,2.638
2009-04-04,27.304,0.0,30.8,3.907
2009-04-05,26.507,0.001,34.4,2.432
2009-04-06,26.553,0.141,33.86,1.251
2009-04-07,26.605,0.288,33.56,1.225
2009-04-08,23.378,13.225,48.11,2.253
2009-04-09,21.689,0.507,56.82,1.789
2009-04-10,23.21,0.001,43.73,3.318
2009-04-11,26.237,0.001,39.36,3.49
2009-04-12,27.983,0.001,38.22,2.208
2009-04-13,28.859,0.0,29.91,2.552
2009-04-14,30.234,0.001,26.67,1.004
2009-04-15,30.539,0.038,22.3,1.365
2009-04-16,29.605,0.007,23.24,3.337
2009-04-17,28.767,0.001,20.78,3.957
2009-04-18,30.795,0.001,20.42,5.492
2009-04-19,32.448,0.001,19.99,5.092
2009-04-20,32.472,0.0,21.75,1.471
2009-04-21,31.766,0.003,19.24,2.997
2009-04-22,29.847,0.0,15.18,2.534
2009-04-23,29.905,0.0,12.93,3.912
2009-04-24,29.777,0.001,13.02,3.498
2009-04-25,29.629,0.003,12.91,3.463
2009-04-26,31.201,0.003,14.25,3.905
2009-04-27,33.079,0.003,16.69,4.024
2009-04-28,34.268,0.003,19.31,3.722
2009-04-29,34.529,0.047,18.7,2.508
2009-04-30,34.165,0.001,17.89,2.783
2009-05-01,33.915,0.004,17.18,1.661
2009-05-02,34.065,0.117,17.54,1.257
2009-05-03,32.442,0.098,27.15,1.634
2009-05-04,31.739,1.815,33.02,2.602
2009-05-05,29.557,1.437,39.97,1.652
2009-05-06,30.176,0.0,28.78,3.647
2009-05-07,30.277,0.03,26.1,3.443
2009-05-08,31.744,0.049,24.43,2.253
2009-05-09,32.588,0.008,22.14,2.129
2009-05-10,32.749,0.475,23.22,1.324
2009-05-11,30.681,0.669,34.84,1.166
2009-05-12,30.906,0.001,37.62,1.072
2009-05-13,32.502,0.001,29.78,0.986
2009-05-14,33.694,0.038,31.03,2.177
2009-05-15,33.094,1.642,39.5,3.558
2009-05-16,33.839,0.299,36.31,1.888
2009-05-17,34.777,0.0,29.5,0.506
2009-05-18,35.737,0.003,25.05,0.786
2009-05-19,36.106,0.0,25.1,0.373
2009-05-20,35.559,0.0,27.67,0.427
2009-05-21,35.556,0.004,30.15,0.767
2009-05-22,35.839,0.137,25.5,0.322
2009-05-23,33.535,2.207,36.01,1.625
2009-05-24,32.719,0.161,34.84,1.645
2009-05-25,31.191,2.043,39.74,1.63
2009-05-26,32.301,0.022,27.06,2.131
2009-05-27,34.434,0.011,26.85,0.626
2009-05-28,34.107,0.61,36.24,0.349
2009-05-29,32.047,2.315,48.47,2.16
2009-05-30,29.898,0.902,57.32,2.735
2009-05-31,32.017,0.124,47.93,1.302
2009-06-01,31.171,5.755,54.02,2.507
2009-06-02,34.643,0.003,43.88,4.727
2009-06-03,35.729,0.003,37.76,5.368
2009-06-04,36.524,0.058,31.11,4.289
2009-06-05,35.36,0.011,27.82,2.581
2009-06-06,34.771,0.002,19.39,2.759
2009-06-07,33.904,0.0,16.93,3.259
2009-06-08,34.0,0.002,15.12,2.681
2009-06-09,34.453,0.0,16.41,2.385
2009-06-10,34.38,0.085,26.44,2.743
2009-06-11,33.919,1.448,34.93,2.96
2009-06-12,34.622,0.051,26.25,2.5
2009-06-13,35.14,0.063,25.47,2.75
2009-06-14,34.491,0.2,30.44,1.979
2009-06-15,31.175,1.947,44.11,2.233
2009-06-16,31.084,0.042,41.54,2.496
2009-06-17,32.236,0.012,32.89,3.381
2009-06-18,33.283,0.002,30.65,3.751
2009-06-19,34.225,0.001,26.55,3.639
2009-06-20,34.931,0.003,24.48,3.526
2009-06-21,35.746,0.002,18.24,3.645
2009-06-22,36.345,0.0,18.4,3.982
2009-06-23,37.129,0.0,19.54,4.065
2009-06-24,37.702,0.001,23.63,4.174
2009-06-25,36.98,0.012,30.33,2.999
2009-06-26,37.911,0.006,32.08,3.797
2009-06-27,38.273,0.013,32.3,3.879
2009-06-28,37.947,0.448,36.75,3.514
2009-06-29,34.909,1.85,49.57,2.662
2009-06-30,32.716,8.717,59.96,2.524
2009-07-01,31.058,10.402,66.99,2.211
2009-07-02,31.202,2.262,64.23,1.899
2009-07-03,30.926,5.982,65.11,1.372
2009-07-04,31.921,0.783,62.16,0.799
2009-07-05,32.88,0.002,45.94,2.059
2009-07-06,33.746,0.001,42.93,0.779
2009-07-07,34.784,0.0,42.81,1.861
2009-07-08,34.324,0.191,52.95,3.547
2009-07-09,32.654,0.441,58.99,4.158
2009-07-10,31.466,5.441,65.49,3.468
2009-07-11,30.612,9.708,72.49,1.943
2009-07-12,29.469,18.262,79.67,1.32
2009-07-13,29.415,9.569,79.49,2.027
2009-07-14,29.871,6.022,77.71,0.375
2009-07-15,30.894,5.393,73.15,1.794
2009-07-16,32.016,0.838,64.72,2.544
2009-07-17,31.793,0.185,64.8,3.831
2009-07-18,30.999,1.949,69.62,3.377
2009-07-19,32.221,0.646,62.76,1.228
2009-07-20,30.888,11.147,70.46,0.966
2009-07-21,30.199,22.147,77.55,0.715
2009-07-22,30.795,1.879,69.82,2.308
2009-07-23,30.08,6.324,72.07,4.105
2009-07-24,29.323,1.697,73.38,3.583
2009-07-25,30.382,0.386,68.23,1.203
2009-07-26,32.377,0.403,64.08,2.818
2009-07-27,30.713,3.307,69.34,3.386
2009-07-28,30.471,0.071,60.81,3.332
2009-07-29,31.218,0.077,60.05,2.965
2009-07-30,31.279,1.333,60.2,3.415
2009-07-31,31.769,0.315,58.79,3.342
2009-08-01,32.24,0.112,56.83,2.979
2009-08-02,32.825,0.152,56.15,2.97
2009-08-03,33.398,0.142,51.9,2.997
2009-08-04,33.393,0.017,49.26,3.174
2009-08-05,33.173,0.041,51.0,3.162
2009-08-06,33.708,0.003,49.29,3.217
2009-08-07,33.709,0.053,50.95,2.164
2009-08-08,34.51,0.001,46.26,3.15
2009-08-09,34.472,0.006,46.17,2.964
2009-08-10,34.704,0.012,46.63,1.431
2009-08-11,33.379,4.432,57.21,1.063
2009-08-12,32.648,1.776,62.35,0.581
2009-08-13,33.128,1.256,57.98,1.013
2009-08-14,33.125,0.363,50.68,2.129
2009-08-15,27.381,52.791,81.86,1.502
2009-08-16,26.324,70.817,90.25,1.371
2009-08-17,28.036,7.229,83.88,0.371
2009-08-18,30.388,0.919,70.4,2.356
2009-08-19,29.706,1.241,72.68,1.095
2009-08-20,29.873,0.994,71.43,1.031
2009-08-21,30.205,0.455,71.09,0.549
2009-08-22,30.669,0.525,64.28,1.839
2009-08-23,30.837,0.041,66.44,0.561
2009-08-24,30.455,10.231,71.06,0.628
2009-08-25,28.112,1.952,79.41,2.293
2009-08-26,28.844,1.386,77.96,1.912
2009-08-27,28.957,2.728,77.12,1.73
2009-08-28,29.382,1.887,75.03,2.361
2009-08-29,29.348,1.757,72.66,3.445
2009-08-30,27.438,2.825,84.54,3.257
2009-08-31,28.464,8.504,81.5,2.289
2009-09-01,29.341,1.179,79.06,0.427
2009-09-02,29.086,2.04,78.59,1.611
2009-09-03,28.016,3.016,80.42,2.803
2009-09-04,26.513,2.287,83.02,1.557
2009-09-05,27.434,0.387,78.42,1.161
2009-09-06,27.659,0.0,66.98,1.528
2009-09-07,28.065,0.0,68.54,1.821
2009-09-08,28.046,0.421,73.03,2.431
2009-09-09,26.676,15.535,83.31,2.297
2009-09-10,24.606,37.134,94.06,2.589
2009-09-11,23.847,12.755,89.5,3.369
2009-09-12,24.495,1.602,83.78,2.886
2009-09-13,27.303,0.143,77.06,1.744
2009-09-14,27.649,0.0,67.96,1.381
2009-09-15,27.683,0.002,64.54,1.712
2009-09-16,28.694,-0.0,64.15,2.467
2009-09-17,28.472,0.001,68.35,1.608
2009-09-18,29.017,0.0,67.11,0.794
2009-09-19,29.751,0.003,65.56,0.733
2009-09-20,30.154,0.002,67.33,1.6
2009-09-21,30.356,0.0,68.65,1.923
2009-09-22,30.362,0.008,70.49,1.691
2009-09-23,30.333,0.0,64.36,0.426
2009-09-24,30.299,0.0,55.56,0.908
2009-09-25,30.416,0.002,54.67,0.59
2009-09-26,29.376,0.0,61.03,0.727
2009-09-27,29.742,0.002,61.58,0.703
2009-09-28,29.792,0.0,55.64,1.194
2009-09-29,30.057,0.0,60.68,0.814
2009-09-30,30.826,0.0,59.45,1.489
2009-10-01,30.916,0.002,60.1,2.23
2009-10-02,31.03,0.008,54.54,2.624
2009-10-03,29.783,0.214,57.89,2.758
2009-10-04,27.773,0.776,67.38,2.956
2009-10-05,25.428,0.575,71.5,2.43
2009-10-06,26.002,0.033,69.87,0.949
2009-10-07,27.365,0.002,49.85,1.476
2009-10-08,27.799,0.001,43.07,0.667
2009-10-09,27.715,0.002,38.4,0.784
2009-10-10,27.543,0.006,39.42,0.604
2009-10-11,26.784,0.0,39.58,1.114
2009-10-12,26.236,0.002,35.89,0.815
2009-10-13,26.381,0.002,36.7,0.316
2009-10-14,27.055,0.001,37.28,0.864
2009-10-15,26.7,0.0,38.12,1.133
2009-10-16,26.007,0.0,37.43,1.356
2009-10-17,25.169,0.0,32.11,2.005
2009-10-18,24.97,0.0,31.65,1.39
2009-10-19,24.286,0.0,36.64,1.835
2009-10-20,23.97,0.0,35.31,2.053
2009-10-21,24.687,0.0,35.5,0.754
2009-10-22,24.239,0.003,35.77,1.819
2009-10-23,23.305,0.001,31.64,2.982
2009-10-24,23.309,0.001,32.47,2.347
2009-10-25,23.272,0.0,34.77,1.361
2009-10-26,22.456,0.002,36.56,1.847
2009-10-27,22.252,0.001,35.36,1.918
2009-10-28,22.873,0.001,39.41,1.444
2009-10-29,23.785,0.001,37.77,2.932
2009-10-30,24.604,0.003,37.11,3.459
2009-10-31,24.212,0.0,45.69,0.414
2009-11-01,24.515,0.0,46.34,2.164
2009-11-02,24.453,0.002,50.6,2.475
2009-11-03,23.556,0.001,55.44,1.417
2009-11-04,23.547,0.001,55.96,1.031
2009-11-05,23.563,0.0,54.35,1.086
2009-11-06,23.118,0.002,54.06,1.065
2009-11-07,22.957,0.002,52.97,0.326
2009-11-08,23.125,0.0,51.07,1.212
2009-11-09,23.052,1.016,55.08,1.556
2009-11-10,21.266,0.0,51.31,2.728
2009-11-11,19.061,0.0,42.98,2.648
2009-11-12,19.235,0.683,54.41,2.067
2009-11-13,19.238,0.485,77.34,1.767
2009-11-14,21.818,0.343,73.43,1.215
2009-11-15,21.053,0.281,72.71,1.759
2009-11-16,20.398,0.04,61.18,1.394
2009-11-17,19.899,0.002,48.94,1.891
2009-11-18,18.713,0.0,41.51,3.058
2009-11-19,17.456,0.001,36.12,3.203
2009-11-20,16.804,0.001,38.21,2.598
2009-11-21,17.413,0.0,46.12,1.026
2009-11-22,17.891,0.001,50.57,0.369
2009-11-23,18.102,0.001,48.92,1.613
2009-11-24,17.85,0.0,48.9,2.073
2009-11-25,19.159,0.0,45.66,1.244
2009-11-26,19.166,0.002,46.75,2.119
2009-11-27,17.331,0.001,49.46,2.115
2009-11-28,16.636,0.0,44.73,1.098
2009-11-29,17.118,0.002,46.75,1.957
2009-11-30,18.493,0.001,47.84,0.299
2009-12-01,18.106,0.001,51.68,0.921
2009-12-02,18.514,0.0,53.53,1.957
2009-12-03,18.295,0.0,57.13,0.848
2009-12-04,18.327,0.001,54.11,0.35
2009-12-05,19.174,0.002,54.26,1.617
2009-12-06,19.183,0.0,56.33,1.672
2009-12-07,17.873,0.001,52.73,2.282
2009-12-08,15.411,0.0,45.13,1.502
2009-12-09,17.265,0.0,50.02,0.851
2009-12-10,18.482,0.002,55.85,1.36
2009-12-11,18.244,0.003,49.23,2.501
2009-12-12,17.938,0.001,50.81,2.388
2009-12-13,16.594,0.005,51.55,1.395
2009-12-14,17.07,0.273,53.45,1.53
2009-12-15,16.52,1.523,63.35,1.046
2009-12-16,16.867,0.001,57.74,1.953
2009-12-17,16.475,0.0,57.17,1.545
2009-12-18,15.59,0.001,48.92,2.315
2009-12-19,14.969,0.001,51.15,1.818
2009-12-20,14.608,0.0,53.69,2.077
2009-12-21,14.07,0.001,52.94,2.701
2009-12-22,14.302,0.001,48.22,2.652
2009-12-23,14.561,0.001,52.23,2.305
2009-12-24,14.71,0.0,55.7,2.552
2009-12-25,14.194,0.002,56.1,2.473
2009-12-26,14.731,0.001,53.86,0.583
2009-12-27,13.731,0.0,56.77,0.272
2009-12-28,14.224,0.001,59.09,1.547
2009-12-29,14.478,0.002,61.58,0.778
2009-12-30,13.616,0.003,61.33,1.726
2009-12-31,13.946,0.0,58.89,2.683
2010-01-01,15.215,0.0,63.61,1.685
2010-01-02,15.087,0.41,66.19,0.718
2010-01-03,12.964,6.716,86.47,1.406
2010-01-04,12.095,0.0,86.0,3.852
2010-01-05,13.48,0.0,76.72,3.308
2010-01-06,13.299,0.0,81.1,0.078
2010-01-07,12.51,0.004,81.85,0.792
2010-01-08,12.984,0.0,80.13,1.663
2010-01-09,11.848,0.0,83.48,2.213
2010-01-10,12.481,0.001,79.66,2.125
2010-01-11,12.181,0.0,75.55,2.068
2010-01-12,13.09,2.891,72.68,1.025
2010-01-13,12.784,0.993,77.4,1.679
2010-01-14,13.165,0.001,75.91,2.647
2010-01-15,13.655,0.002,70.15,2.702
2010-01-16,13.585,0.003,72.46,2.282
2010-01-17,13.033,0.001,78.9,0.901
2010-01-18,12.143,0.025,83.97,1.485
2010-01-19,11.977,0.043,86.18,1.845
2010-01-20,12.03,0.141,89.21,1.089
2010-01-21,12.642,0.152,89.47,1.757
2010-01-22,13.455,0.037,86.15,0.685
2010-01-23,13.964,0.082,86.28,1.139
2010-01-24,15.706,0.687,82.09,1.248
2010-01-25,16.701,0.0,80.02,0.759
2010-01-26,15.873,0.002,80.03,1.16
2010-01-27,17.281,0.001,70.7,0.737
2010-01-28,18.327,0.001,61.19,2.045
2010-01-29,18.408,0.004,62.29,0.869
2010-01-30,15.956,0.003,63.62,2.938
2010-01-31,14.995,0.003,60.37,0.856
2010-02-01,15.667,0.002,61.02,0.897
2010-02-02,15.758,0.004,60.71,1.981
2010-02-03,15.434,0.004,55.15,2.27
2010-02-04,16.635,0.002,49.69,2.612
2010-02-05,17.637,0.002,53.96,2.374
2010-02-06,19.147,0.002,53.14,0.668
2010-02-07,20.0,0.007,55.4,1.543
2010-02-08,19.44,7.103,65.59,3.077
2010-02-09,15.832,1.552,52.24,1.304
2010-02-10,14.585,0.2,79.41,0.976
2010-02-11,14.342,0.001,65.41,1.429
2010-02-12,15.611,0.001,62.98,1.519
2010-02-13,16.122,0.125,65.99,2.208
2010-02-14,15.585,0.001,62.12,1.317
2010-02-15,16.877,0.015,60.55,1.895
2010-02-16,17.712,0.0,49.42,0.627
2010-02-17,15.665,0.003,51.26,3.153
2010-02-18,16.11,0.001,47.6,2.912
2010-02-19,16.79,0.0,47.31,2.158
2010-02-20,18.107,0.001,44.43,2.607
2010-02-21,19.516,0.0,46.64,1.912
2010-02-22,20.597,3.026,54.29,0.828
2010-02-23,18.757,2.254,71.5,2.114
2010-02-24,19.474,0.005,67.3,1.705
2010-02-25,20.528,0.002,59.21,2.226
2010-02-26,21.46,0.003,54.31,1.52
2010-02-27,22.644,0.0,50.62,2.241
2010-02-28,23.129,0.001,52.55,1.368
2010-03-01,24.255,0.933,46.13,0.293
2010-03-02,23.596,0.0,47.69,2.64
2010-03-03,22.776,0.006,45.91,1.505
2010-03-04,22.601,0.146,50.23,1.868
2010-03-05,21.853,0.0,49.04,2.549
2010-03-06,22.373,0.087,48.46,1.618
2010-03-07,21.455,0.001,48.41,2.914
2010-03-08,20.738,0.001,52.16,3.153
2010-03-09,21.772,0.0,49.45,2.312
2010-03-10,22.263,0.0,45.6,2.396
2010-03-11,22.622,0.002,44.41,1.601
2010-03-12,23.222,0.0,45.29,1.733
2010-03-13,24.412,0.001,45.92,2.618
2010-03-14,24.963,0.003,46.32,2.354
2010-03-15,25.391,0.001,43.81,1.024
2010-03-16,25.235,0.0,45.21,1.968
2010-03-17,25.476,0.0,47.83,1.615
2010-03-18,26.014,0.0,49.06,1.115
2010-03-19,26.955,0.0,51.21,2.257
2010-03-20,28.049,0.001,49.22,1.057
2010-03-21,28.891,0.0,43.29,1.364
2010-03-22,28.928,0.0,33.95,1.614
2010-03-23,29.067,0.001,27.75,1.114
2010-03-24,29.238,0.0,31.67,1.378
2010-03-25,28.22,0.0,40.65,1.214
2010-03-26,29.225,0.002,32.36,0.693
2010-03-27,29.197,0.001,26.75,2.306
2010-03-28,28.558,0.0,29.31,2.89
2010-03-29,28.784,0.0,34.02,1.509
2010-03-30,29.125,0.021,26.34,1.876
2010-03-31,28.378,0.001,27.64,1.116
2010-04-01,28.039,0.003,25.62,1.859
2010-04-02,29.11,0.096,22.83,1.419
2010-04-03,29.166,0.002,24.23,1.707
2010-04-04,29.764,0.003,21.22,1.81
2010-04-05,29.756,0.003,19.75,2.525
2010-04-06,28.678,0.001,18.97,3.646
2010-04-07,29.944,0.002,18.27,3.108
2010-04-08,31.177,0.005,20.34,2.394
2010-04-09,32.37,0.0,17.7,3.508
2010-04-10,32.147,0.002,17.57,2.946
2010-04-11,32.621,-0.0,18.32,1.751
2010-04-12,32.526,0.442,23.05,2.57
2010-04-13,32.054,0.0,20.79,3.784
2010-04-14,32.924,0.003,17.16,3.215
2010-04-15,33.657,0.001,16.16,2.098
2010-04-16,34.757,0.001,16.49,2.598
2010-04-17,35.592,0.001,15.32,3.057
2010-04-18,36.074,0.079,20.04,1.256
2010-04-19,34.754,0.622,24.24,1.056
2010-04-20,34.313,0.021,19.78,1.83
2010-04-21,32.943,0.024,20.01,2.865
2010-04-22,32.255,0.002,20.61,2.435
2010-04-23,31.796,0.001,18.6,2.859
2010-04-24,31.868,0.006,18.23,1.696
2010-04-25,32.314,0.003,17.48,1.438
2010-04-26,34.218,0.002,17.12,2.181
2010-04-27,34.409,0.135,19.62,1.266
2010-04-28,32.551,1.463,26.38,1.322
2010-04-29,33.406,0.429,26.89,1.105
2010-04-30,33.792,0.135,24.59,0.704
2010-05-01,31.779,3.044,32.49,0.16
2010-05-02,30.852,0.993,34.21,1.664
2010-05-03,32.204,0.003,32.36,1.887
2010-05-04,34.111,-0.0,30.23,2.017
2010-05-05,33.66,1.172,32.96,1.373
2010-05-06,31.926,1.114,44.58,2.077
2010-05-07,29.42,4.812,61.27,2.011
2010-05-08,30.624,0.002,42.07,1.895
2010-05-09,32.04,0.002,31.35,3.32
2010-05-10,33.123,0.025,23.52,2.064
2010-05-11,33.488,0.002,19.33,2.039
2010-05-12,33.734,0.0,16.43,1.742
2010-05-13,35.358,0.001,11.91,1.211
2010-05-14,34.947,0.006,13.71,1.191
2010-05-15,35.473,0.0,15.04,0.795
2010-05-16,36.152,0.001,15.32,0.518
2010-05-17,37.072,0.065,18.23,1.336
2010-05-18,36.958,0.004,19.84,1.517
2010-05-19,35.136,0.078,21.54,3.96
2010-05-20,34.884,0.001,15.66,3.397
2010-05-21,35.605,0.001,14.47,2.026
2010-05-22,37.113,0.003,17.23,1.055
2010-05-23,36.663,0.525,23.81,1.691
2010-05-24,36.78,0.319,22.37,1.053
2010-05-25,37.297,0.0,15.74,2.257
2010-05-26,37.774,0.002,14.79,3.138
2010-05-27,36.979,0.324,29.43,2.017
2010-05-28,36.167,0.002,33.58,4.177
2010-05-29,34.088,0.365,41.53,3.126
2010-05-30,34.329,0.002,26.3,2.686
2010-05-31,35.612,0.0,17.09,2.648
2010-06-01,37.361,0.094,17.86,4.381
2010-06-02,37.278,0.163,21.21,4.603
2010-06-03,35.983,0.09,32.85,4.238
2010-06-04,34.752,0.588,37.33,2.485
2010-06-05,32.615,1.902,44.0,2.95
2010-06-06,32.223,0.505,38.88,3.862
2010-06-07,25.526,16.213,63.63,3.04
2010-06-08,25.937,0.507,66.17,3.308
2010-06-09,30.126,0.002,49.69,3.178
2010-06-10,31.648,0.103,43.73,2.474
2010-06-11,32.953,0.002,36.94,2.364
2010-06-12,33.493,0.007,31.62,1.561
2010-06-13,34.166,0.003,31.21,1.506
2010-06-14,32.58,1.337,44.99,1.739
2010-06-15,32.288,2.64,43.33,2.374
2010-06-16,32.763,0.19,38.3,0.79
2010-06-17,33.471,0.006,34.06,2.096
2010-06-18,34.663,-0.0,29.52,1.951
2010-06-19,35.813,0.0,27.47,1.33
2010-06-20,36.769,0.001,27.73,0.525
2010-06-21,37.284,0.001,30.05,0.576
2010-06-22,37.123,0.006,29.19,3.357
2010-06-23,36.902,0.216,33.31,3.13
2010-06-24,35.271,3.337,44.33,1.188
2010-06-25,32.911,1.89,55.47,0.867
2010-06-26,35.394,0.005,44.31,1.469
2010-06-27,35.888,0.764,41.11,0.353
2010-06-28,35.962,0.03,43.44,1.503
2010-06-29,36.535,0.001,37.84,1.149
2010-06-30,35.975,0.008,39.82,2.034
2010-07-01,34.424,0.381,49.93,1.19
2010-07-02,33.499,0.738,54.9,2.09
2010-07-03,33.592,2.557,55.97,2.799
2010-07-04,30.444,9.529,71.63,3.323
2010-07-05,27.39,41.411,87.15,3.446
2010-07-06,27.557,23.628,85.72,2.962
2010-07-07,29.384,11.412,79.19,2.235
2010-07-08,31.286,3.423,73.15,0.546
2010-07-09,32.052,1.507,68.79,2.414
2010-07-10,32.581,0.129,62.26,4.616
2010-07-11,32.133,0.659,62.13,4.275
2010-07-12,29.782,4.291,71.91,0.649
2010-07-13,30.137,0.985,68.03,1.322
2010-07-14,31.438,0.664,67.95,1.09
2010-07-15,31.882,0.293,66.4,0.648
2010-07-16,32.261,0.229,66.03,2.294
2010-07-17,30.99,1.502,74.05,3.473
2010-07-18,31.425,4.38,74.0,1.018
2010-07-19,29.92,17.608,78.86,2.358
2010-07-20,27.414,8.808,89.31,0.878
2010-07-21,28.048,22.683,87.17,0.87
2010-07-22,28.384,7.234,82.29,2.251
2010-07-23,29.655,1.551,79.37,0.446
2010-07-24,30.027,13.315,81.51,0.518
2010-07-25,28.985,10.82,82.34,2.396
2010-07-26,30.273,3.589,74.45,4.606
2010-07-27,26.737,14.882,87.95,5.557
2010-07-28,28.055,9.121,83.12,2.879
2010-07-29,29.178,8.026,80.19,0.24
2010-07-30,28.67,7.678,84.56,1.027
2010-07-31,27.843,10.538,86.16,2.255
2010-08-01,27.33,3.316,87.34,2.504
2010-08-02,28.194,3.215,80.8,4.172
2010-08-03,28.604,2.607,77.35,4.994
2010-08-04,28.539,6.54,80.74,4.174
2010-08-05,27.978,9.088,86.85,3.301
2010-08-06,29.978,0.822,78.04,2.117
2010-08-07,30.043,0.872,75.93,3.086
2010-08-08,30.22,1.247,75.19,2.883
2010-08-09,30.878,1.54,75.78,0.949
2010-08-10,30.487,7.132,77.42,1.054
2010-08-11,29.087,10.653,84.55,0.718
2010-08-12,28.909,6.804,83.85,0.592
2010-08-13,28.495,9.003,85.0,0.493
2010-08-14,27.463,6.784,87.98,0.878
2010-08-15,28.316,7.117,84.64,1.444
2010-08-16,28.56,7.384,84.52,1.204
2010-08-17,29.046,15.693,85.48,0.741
2010-08-18,28.355,18.97,87.13,1.51
2010-08-19,26.8,21.815,92.27,1.029
2010-08-20,26.322,13.583,93.0,0.728
2010-08-21,26.731,16.213,92.01,0.876
2010-08-22,27.352,9.553,87.41,2.417
2010-08-23,28.064,5.021,84.51,2.174
2010-08-24,28.194,5.753,82.27,0.497
2010-08-25,27.079,11.071,85.33,1.145
2010-08-26,27.215,3.81,85.62,0.952
2010-08-27,28.693,0.811,81.79,0.384
2010-08-28,29.076,1.294,80.78,0.72
2010-08-29,28.928,0.459,80.02,1.494
2010-08-30,29.262,0.624,78.13,2.275
2010-08-31,28.63,1.916,83.06,2.391
2010-09-01,28.584,5.492,84.46,1.859
2010-09-02,27.681,8.098,88.31,1.528
2010-09-03,27.775,11.947,87.23,0.779
2010-09-04,27.016,7.977,87.89,0.864
2010-09-05,26.854,6.078,88.61,1.511
2010-09-06,27.708,4.885,86.2,0.998
2010-09-07,27.464,8.216,86.94,2.287
2010-09-08,26.743,5.752,90.1,2.696
2010-09-09,27.688,2.767,84.07,3.201
2010-09-10,27.174,8.083,85.85,2.522
2010-09-11,26.057,24.9,91.31,1.61
2010-09-12,25.788,29.646,91.55,2.283
2010-09-13,26.081,12.707,90.26,0.457
2010-09-14,26.406,3.059,86.35,1.006
2010-09-15,26.215,2.471,85.51,1.429
2010-09-16,26.377,0.768,83.56,1.035
2010-09-17,26.338,0.003,76.89,1.053
2010-09-18,25.215,0.505,83.83,1.801
2010-09-19,23.93,47.244,92.04,3.135
2010-09-20,24.128,31.934,94.42,2.275
2010-09-21,24.782,16.826,93.62,2.316
2010-09-22,24.563,21.275,94.75,1.337
2010-09-23,25.234,0.464,82.14,1.699
2010-09-24,25.867,0.083,79.45,0.658
2010-09-25,26.309,0.002,75.99,2.214
2010-09-26,26.209,0.0,73.05,2.248
2010-09-27,25.932,0.0,66.66,2.732
2010-09-28,25.571,0.001,66.55,2.633
2010-09-29,25.708,0.0,68.19,2.187
2010-09-30,26.321,0.001,69.26,1.479
2010-10-01,26.909,0.0,73.41,0.838
2010-10-02,27.168,0.003,72.93,0.363
2010-10-03,26.926,0.002,71.37,0.322
2010-10-04,26.741,0.531,69.5,0.478
2010-10-05,26.489,0.002,70.54,0.644
2010-10-06,26.754,0.002,70.43,0.615
2010-10-07,26.568,0.057,75.56,0.31
2010-10-08,26.769,0.066,73.94,1.183
2010-10-09,26.631,0.015,68.86,0.315
2010-10-10,25.849,0.001,62.04,0.9
2010-10-11,25.721,0.064,59.38,1.936
2010-10-12,25.873,0.0,59.35,1.455
2010-10-13,26.211,0.002,60.15,1.984
2010-10-14,26.386,0.001,59.75,1.401
2010-10-15,26.197,0.0,64.42,1.192
2010-10-16,26.199,0.002,65.54,1.1
2010-10-17,26.595,0.123,70.68,2.353
2010-10-18,26.607,0.08,71.76,1.633
2010-10-19,26.714,0.031,68.89,0.997
2010-10-20,26.788,0.022,67.28,1.083
2010-10-21,26.282,0.005,61.86,0.726
2010-10-22,25.764,0.796,61.06,3.675
2010-10-23,23.29,0.003,65.45,2.039
2010-10-24,22.108,0.0,52.23,2.392
2010-10-25,21.954,0.0,49.39,1.565
2010-10-26,22.682,0.0,47.24,0.873
2010-10-27,22.243,0.001,45.74,1.971
2010-10-28,21.975,0.0,48.19,2.242
2010-10-29,22.211,0.002,52.52,0.586
2010-10-30,22.517,0.001,54.27,1.061
2010-10-31,22.441,0.163,56.58,1.939
2010-11-01,21.99,0.0,59.54,1.872
2010-11-02,22.126,0.001,57.58,1.483
2010-11-03,22.223,0.001,55.97,1.949
2010-11-04,22.681,0.001,54.5,0.727
2010-11-05,22.17,0.002,60.87,1.174
2010-11-06,22.298,0.002,58.4,1.593
2010-11-07,22.699,0.002,60.06,0.745
2010-11-08,23.1,0.001,63.42,0.811
2010-11-09,23.031,0.0,63.61,1.374
2010-11-10,21.897,0.002,54.47,2.185
2010-11-11,22.165,0.0,54.51,1.088
2010-11-12,22.657,0.091,65.07,0.864
2010-11-13,22.052,1.862,63.63,1.546
2010-11-14,22.828,1.687,69.44,0.703
2010-11-15,22.787,0.78,63.56,1.134
2010-11-16,22.021,0.39,67.84,1.02
2010-11-17,21.432,1.641,79.82,0.683
2010-11-18,20.872,0.646,80.44,0.979
2010-11-19,19.571,0.0,54.23,2.089
2010-11-20,18.647,0.001,50.62,2.869
2010-11-21,18.627,0.001,52.33,2.813
2010-11-22,19.214,0.0,57.84,1.116
2010-11-23,18.727,0.161,64.88,1.224
2010-11-24,18.276,0.632,74.99,1.44
2010-11-25,20.292,0.008,73.77,1.094
2010-11-26,19.44,0.002,59.65,2.459
2010-11-27,18.203,0.0,45.21,2.593
2010-11-28,17.115,0.0,49.39,2.197
2010-11-29,16.947,0.0,50.31,2.58
2010-11-30,16.524,0.001,52.87,2.809
2010-12-01,16.019,0.002,54.22,1.279
2010-12-02,15.725,0.001,57.83,1.642
2010-12-03,15.222,0.0,62.54,1.566
2010-12-04,15.548,0.001,62.11,0.724
2010-12-05,15.868,0.003,62.86,0.366
2010-12-06,15.027,0.001,65.26,0.859
2010-12-07,14.891,0.002,67.85,1.225
2010-12-08,14.839,0.001,66.21,1.86
2010-12-09,14.356,0.001,60.68,1.816
2010-12-10,13.329,0.001,52.36,2.245
2010-12-11,14.37,0.002,56.29,2.777
2010-12-12,14.688,0.001,52.59,2.88
2010-12-13,15.387,0.0,50.31,0.792
2010-12-14,14.778,0.0,51.29,2.006
2010-12-15,14.341,0.002,58.37,2.119
2010-12-16,14.996,0.0,61.6,0.493
2010-12-17,15.324,0.0,64.0,0.637
2010-12-18,14.22,0.0,67.3,2.514
2010-12-19,13.906,0.0,56.34,2.576
2010-12-20,14.339,0.0,50.46,3.456
2010-12-21,14.156,0.0,63.25,2.337
2010-12-22,14.389,0.001,56.62,1.171
2010-12-23,15.108,0.001,61.19,2.637
2010-12-24,14.43,0.001,67.67,1.109
2010-12-25,13.845,0.0,71.6,1.724
2010-12-26,13.638,0.001,69.41,0.569
2010-12-27,12.955,0.0,65.97,1.508
2010-12-28,12.873,4.362,76.65,1.091
2010-12-29,15.322,8.966,81.89,1.399
2010-12-30,14.85,12.795,89.25,0.111
2010-12-31,12.116,0.036,81.25,2.249
2011-01-01,10.559,0.001,81.22,2.58
2011-01-02,10.427,0.003,80.9,2.675
2011-01-03,8.757,0.003,86.85,1.758
2011-01-04,8.879,0.008,80.56,2.342
2011-01-05,9.065,0.001,81.22,2.682
2011-01-06,8.777,0.001,82.76,2.332
2011-01-07,9.031,0.003,81.25,1.087
2011-01-08,8.697,0.058,88.81,1.11
2011-01-09,8.771,0.001,81.24,2.492
2011-01-10,10.696,0.002,78.23,3.445
2011-01-11,11.544,0.001,69.51,3.164
2011-01-12,12.638,0.001,73.02,1.43
2011-01-13,14.886,0.803,69.9,1.965
2011-01-14,15.518,0.278,74.38,1.713
2011-01-15,12.25,0.006,52.62,2.845
2011-01-16,11.05,0.003,60.75,3.691
2011-01-17,11.423,0.001,58.57,2.129
2011-01-18,11.743,0.0,61.71,1.966
2011-01-19,11.547,0.002,57.45,3.195
2011-01-20,12.449,0.0,59.8,1.167
2011-01-21,14.035,0.002,63.23,1.212
2011-01-22,14.207,0.002,68.27,2.101
2011-01-23,13.831,0.0,64.3,2.05
2011-01-24,13.422,0.0,55.05,1.801
2011-01-25,14.025,0.279,55.17,1.668
2011-01-26,13.386,0.007,59.48,2.221
2011-01-27,12.146,0.001,66.7,2.609
2011-01-28,12.82,0.001,57.98,1.023
2011-01-29,13.387,0.644,63.91,0.964
2011-01-30,14.445,0.033,67.41,1.252
2011-01-31,14.185,0.0,66.74,2.681
2011-02-01,14.684,0.0,60.98,2.847
2011-02-02,15.765,0.001,60.95,2.412
2011-02-03,16.748,0.0,65.92,0.433
2011-02-04,18.247,0.002,66.14,1.042
2011-02-05,20.107,0.001,59.62,1.509
2011-02-06,20.649,0.0,62.65,3.024
2011-02-07,18.916,0.405,65.22,1.255
2011-02-08,15.422,0.054,70.38,1.932
2011-02-09,14.592,0.002,60.63,2.66
2011-02-10,15.337,0.002,59.64,2.517
2011-02-11,16.218,0.003,56.98,2.546
2011-02-12,18.252,0.003,57.71,0.818
2011-02-13,19.938,0.127,56.99,2.216
2011-02-14,17.514,7.072,73.0,2.43
2011-02-15,16.223,19.041,82.16,1.626
2011-02-16,14.819,1.094,80.24,0.542
2011-02-17,13.992,0.117,75.37,2.062
2011-02-18,14.543,0.001,67.09,1.747
2011-02-19,15.527,0.0,64.5,1.4
2011-02-20,14.538,3.871,78.17,0.935
2011-02-21,13.702,0.0,82.57,2.231
2011-02-22,15.352,0.002,71.48,0.702
2011-02-23,17.021,0.309,68.82,1.025
2011-02-24,16.663,3.192,74.52,0.987
2011-02-25,16.871,2.739,62.46,1.192
2011-02-26,15.624,0.957,70.97,1.96
2011-02-27,16.109,0.0,61.88,2.12
2011-02-28,16.307,0.001,57.31,2.324
2011-03-01,16.248,0.406,68.09,2.413
2011-03-02,18.025,0.261,69.65,1.347
2011-03-03,18.677,1.115,72.47,0.805
2011-03-04,18.021,0.314,77.5,1.437
2011-03-05,18.658,0.002,67.19,2.674
2011-03-06,18.625,0.0,54.8,3.172
2011-03-07,19.694,0.0,52.21,3.152
2011-03-08,20.127,0.003,56.46,2.675
2011-03-09,19.231,0.003,55.29,1.152
2011-03-10,18.644,0.0,50.97,1.799
2011-03-11,19.648,0.0,49.21,2.85
2011-03-12,20.378,0.001,49.23,1.801
2011-03-13,21.615,0.001,51.23,1.875
2011-03-14,23.077,0.0,52.69,1.084
2011-03-15,23.676,0.002,55.77,0.417
2011-03-16,23.972,0.0,54.5,1.89
2011-03-17,25.511,0.0,56.4,0.503
2011-03-18,25.88,0.0,45.09,0.835
2011-03-19,25.711,0.0,36.29,1.933
2011-03-20,24.322,0.001,36.46,1.992
2011-03-21,22.567,0.0,43.34,2.363
2011-03-22,23.213,0.0,40.94,1.196
2011-03-23,24.452,1.07,39.88,0.484
2011-03-24,24.49,0.16,43.5,1.185
2011-03-25,24.95,0.002,43.32,2.275
2011-03-26,25.719,0.0,39.08,2.471
2011-03-27,26.685,0.001,40.94,0.592
2011-03-28,27.393,0.004,32.73,2.343
2011-03-29,25.819,3.992,50.25,2.459
2011-03-30,24.824,0.018,45.47,1.325
2011-03-31,24.593,0.001,39.3,2.414
2011-04-01,25.266,0.014,36.61,1.363
2011-04-02,25.582,1.043,34.38,1.915
2011-04-03,23.617,0.059,31.85,2.39
2011-04-04,23.505,0.003,30.74,1.182
2011-04-05,24.654,0.002,26.0,2.053
2011-04-06,24.712,0.001,30.52,1.243
2011-04-07,24.995,0.054,34.92,2.5
2011-04-08,25.162,0.0,31.65,2.244
2011-04-09,26.031,0.004,32.25,1.564
2011-04-10,26.755,0.094,34.87,2.867
2011-04-11,27.221,0.586,40.84,0.738
2011-04-12,25.346,1.261,53.69,1.982
2011-04-13,25.988,0.002,43.57,0.901
2011-04-14,26.831,0.001,40.2,0.853
2011-04-15,27.988,0.015,35.04,0.836
2011-04-16,28.71,0.008,41.32,1.455
2011-04-17,26.423,3.825,56.68,1.16
2011-04-18,25.608,0.069,50.12,1.348
2011-04-19,25.588,0.073,41.81,2.269
2011-04-20,25.974,0.0,35.29,1.776
2011-04-21,27.109,0.0,27.67,1.742
2011-04-22,27.362,0.0,27.85,1.579
2011-04-23,28.726,0.001,29.15,0.984
2011-04-24,29.796,0.002,25.8,0.631
2011-04-25,31.385,0.002,24.15,0.85
2011-04-26,30.168,0.0,35.02,3.115
2011-04-27,30.398,0.001,40.51,2.558
2011-04-28,31.798,0.001,29.7,0.742
2011-04-29,32.178,0.0,23.89,2.875
2011-04-30,32.186,0.002,23.91,2.296
2011-05-01,32.254,0.005,20.24,2.714
2011-05-02,32.128,0.001,23.07,1.59
2011-05-03,33.239,0.028,23.7,2.586
2011-05-04,33.806,0.422,29.1,2.619
2011-05-05,32.709,0.358,36.3,0.666
2011-05-06,29.733,3.593,51.35,1.156
2011-05-07,30.03,0.094,40.87,2.404
2011-05-08,31.237,0.002,29.63,1.805
2011-05-09,32.629,0.003,26.77,1.32
2011-05-10,33.483,0.004,23.68,2.191
2011-05-11,33.653,0.379,22.43,2.557
2011-05-12,34.39,0.14,26.07,2.111
2011-05-13,33.587,0.105,26.97,1.242
2011-05-14,33.01,0.001,25.14,0.613
2011-05-15,34.002,0.002,22.62,1.102
2011-05-16,34.4,0.009,22.97,0.581
2011-05-17,35.078,0.001,21.1,2.351
2011-05-18,35.049,0.0,24.21,1.527
2011-05-19,35.443,0.284,30.64,1.001
2011-05-20,33.025,4.358,47.75,2.444
2011-05-21,30.697,4.44,59.54,1.384
2011-05-22,29.357,3.405,64.99,0.317
2011-05-23,30.929,0.001,51.89,2.314
2011-05-24,33.568,0.018,40.75,2.622
2011-05-25,32.965,2.663,45.26,2.516
2011-05-26,32.086,3.568,51.41,0.986
2011-05-27,31.526,0.662,54.18,0.432
2011-05-28,32.322,0.244,47.86,1.139
2011-05-29,33.775,0.0,37.04,0.182
2011-05-30,33.747,0.226,40.58,0.947
2011-05-31,33.814,1.718,44.19,0.962
2011-06-01,31.679,4.286,52.73,2.719
2011-06-02,29.65,1.001,58.69,1.823
2011-06-03,31.349,0.001,46.8,2.433
2011-06-04,31.997,0.001,36.83,1.447
2011-06-05,34.168,0.0,35.43,1.089
2011-06-06,35.36,0.005,33.67,1.595
2011-06-07,35.44,0.042,35.08,2.857
2011-06-08,33.808,0.275,45.44,3.819
2011-06-09,33.508,1.567,45.38,2.28
2011-06-10,32.998,0.728,47.84,1.378
2011-06-11,34.963,0.001,41.74,0.929
2011-06-12,34.6,0.547,45.49,0.956
2011-06-13,35.265,0.076,42.28,1.233
2011-06-14,36.032,0.061,38.7,1.372
2011-06-15,33.815,0.828,50.82,1.264
2011-06-16,34.122,0.608,47.11,0.978
2011-06-17,33.635,0.831,51.43,0.37
2011-06-18,32.499,2.347,58.75,0.501
2011-06-19,32.239,1.152,58.64,0.668
2011-06-20,32.161,1.015,60.49,0.939
2011-06-21,31.756,3.393,63.41,0.547
2011-06-22,33.501,0.146,55.05,2.168
2011-06-23,33.083,0.597,57.98,2.441
2011-06-24,33.631,0.477,56.15,1.912
2011-06-25,31.674,7.941,67.14,1.244
2011-06-26,28.91,18.605,79.05,1.328
2011-06-27,27.825,15.546,83.9,1.138
2011-06-28,29.495,2.051,77.19,2.38
2011-06-29,27.906,9.283,82.61,1.066
2011-06-30,28.974,6.948,77.87,1.153
2011-07-01,29.831,0.866,71.2,1.853
2011-07-02,30.936,1.064,63.37,2.321
2011-07-03,32.092,0.312,55.58,2.296
2011-07-04,32.047,0.165,59.04,1.353
2011-07-05,32.203,0.453,61.6,1.307
2011-07-06,29.877,0.552,72.69,3.054
2011-07-07,29.664,5.966,75.82,3.346
2011-07-08,28.609,13.863,81.37,2.594
2011-07-09,28.092,17.831,82.07,1.379
2011-07-10,28.308,4.271,80.14,1.279
2011-07-11,30.026,0.359,73.94,0.624
2011-07-12,30.729,0.717,73.17,1.531
2011-07-13,30.07,2.749,76.08,2.572
2011-07-14,29.323,5.61,79.05,3.162
2011-07-15,28.063,13.606,82.49,2.866
2011-07-16,28.146,3.621,80.74,1.703
2011-07-17,28.128,4.264,79.96,2.697
2011-07-18,27.897,2.731,82.67,2.356
2011-07-19,30.417,0.426,73.59,0.326
2011-07-20,31.886,0.26,66.76,0.577
2011-07-21,29.82,0.796,75.36,1.682
2011-07-22,30.698,0.675,67.12,0.638
2011-07-23,29.071,2.332,73.54,2.889
2011-07-24,28.798,0.625,73.64,3.586
2011-07-25,29.092,1.508,75.36,3.551
2011-07-26,30.797,0.722,71.79,1.948
2011-07-27,29.969,10.821,78.57,1.479
2011-07-28,27.834,25.312,87.2,1.144
2011-07-29,27.899,15.333,87.18,0.574
2011-07-30,29.29,5.891,80.66,1.108
2011-07-31,30.017,9.673,76.59,2.645
2011-08-01,30.121,1.037,76.41,2.666
2011-08-02,31.541,0.267,68.08,2.926
2011-08-03,30.563,1.503,71.97,0.522
2011-08-04,29.522,1.241,77.71,0.366
2011-08-05,29.421,8.782,79.38,0.968
2011-08-06,29.096,8.045,81.38,0.972
2011-08-07,29.028,6.778,81.16,1.608
2011-08-08,28.776,3.945,79.24,3.443
2011-08-09,29.124,0.538,71.45,4.717
2011-08-10,27.593,2.773,82.51,4.289
2011-08-11,27.325,12.696,86.0,3.399
2011-08-12,26.504,15.297,88.0,3.251
2011-08-13,27.399,12.451,84.6,2.498
2011-08-14,26.929,12.144,84.42,4.05
2011-08-15,25.41,44.985,89.96,0.782
2011-08-16,25.915,6.887,86.66,2.037
2011-08-17,27.307,1.644,81.85,3.268
2011-08-18,27.6,5.476,82.18,1.371
2011-08-19,27.281,10.221,83.81,1.581
2011-08-20,26.973,10.29,85.79,2.721
2011-08-21,29.059,1.044,81.21,1.167
2011-08-22,29.875,1.097,79.01,0.803
2011-08-23,28.885,29.394,84.86,0.969
2011-08-24,26.522,36.155,88.78,0.522
2011-08-25,28.479,0.881,81.76,0.304
2011-08-26,28.646,8.356,83.63,0.959
2011-08-27,28.119,4.222,84.28,1.746
2011-08-28,29.236,1.312,79.79,1.779
2011-08-29,29.769,0.209,76.06,2.502
2011-08-30,29.732,0.265,75.0,2.547
2011-08-31,29.799,1.348,76.02,2.246
2011-09-01,29.32,2.128,77.63,2.185
2011-09-02,29.249,1.056,75.82,1.926
2011-09-03,28.949,12.601,74.9,4.016
2011-09-04,26.482,23.437,88.88,4.245
2011-09-05,26.72,16.896,89.45,2.724
2011-09-06,26.607,15.777,89.97,2.015
2011-09-07,27.792,9.04,86.62,1.364
2011-09-08,27.606,11.179,85.97,0.929
2011-09-09,26.4,13.194,91.15,1.301
2011-09-10,27.721,7.509,86.1,1.094
2011-09-11,27.979,5.105,82.08,2.533
2011-09-12,27.503,4.15,83.44,3.567
2011-09-13,28.322,3.701,80.98,0.446
2011-09-14,28.713,1.177,80.76,2.09
2011-09-15,27.098,16.263,86.93,0.382
2011-09-16,26.394,7.57,87.08,0.411
2011-09-17,27.175,2.557,83.41,3.142
2011-09-18,27.088,1.724,84.03,3.077
2011-09-19,27.381,1.233,81.2,3.017
2011-09-20,27.549,0.151,76.34,3.419
2011-09-21,27.091,0.151,75.52,2.92
2011-09-22,27.108,0.211,74.05,2.717
2011-09-23,26.897,0.008,69.26,3.202
2011-09-24,26.515,0.001,67.4,2.585
2011-09-25,26.726,0.005,68.19,2.386
2011-09-26,27.043,0.001,67.3,3.311
2011-09-27,27.245,0.165,69.57,2.88
2011-09-28,26.871,0.012,66.03,3.062
2011-09-29,26.652,0.001,65.04,3.168
2011-09-30,26.601,0.001,60.4,2.974
2011-10-01,26.869,0.0,61.79,3.176
2011-10-02,27.065,0.001,60.7,2.648
2011-10-03,26.937,0.0,59.55,2.243
2011-10-04,26.619,0.0,62.47,1.094
2011-10-05,26.738,0.002,63.27,0.676
2011-10-06,26.919,0.0,64.34,1.812
2011-10-07,26.822,0.001,62.25,1.46
2011-10-08,25.922,0.733,69.48,1.187
2011-10-09,26.899,0.0,60.46,2.084
2011-10-10,26.636,0.002,57.36,2.46
2011-10-11,26.907,0.0,56.78,2.453
2011-10-12,27.144,0.001,53.92,2.689
2011-10-13,27.027,0.001,50.47,2.266
2011-10-14,27.037,0.001,45.93,3.05
2011-10-15,25.861,0.001,47.26,1.801
2011-10-16,25.643,0.001,44.19,1.082
2011-10-17,24.647,0.001,45.22,1.411
2011-10-18,24.968,0.0,45.45,2.347
2011-10-19,24.919,0.001,46.73,1.769
2011-10-20,24.583,0.003,46.45,1.205
2011-10-21,24.405,0.001,44.63,0.631
2011-10-22,24.217,0.001,48.43,0.687
2011-10-23,25.106,0.001,51.0,0.938
2011-10-24,25.369,0.001,51.36,1.864
2011-10-25,23.954,0.385,53.74,1.33
2011-10-26,23.051,0.001,49.08,2.311
2011-10-27,22.579,0.001,46.45,2.553
2011-10-28,22.939,0.001,46.33,0.835
2011-10-29,22.545,0.002,52.36,1.036
2011-10-30,22.884,0.001,52.48,1.089
2011-10-31,22.804,0.0,52.49,0.381
2011-11-01,23.107,0.002,51.72,0.571
2011-11-02,23.376,0.0,46.97,1.586
2011-11-03,23.876,0.0,48.85,1.184
2011-11-04,23.666,0.005,50.76,0.901
2011-11-05,23.864,0.001,54.65,1.99
2011-11-06,23.108,0.0,52.59,3.115
2011-11-07,22.068,0.0,52.75,1.831
2011-11-08,22.392,0.002,51.63,1.154
2011-11-09,23.605,0.001,54.42,2.485
2011-11-10,24.585,0.0,61.47,2.751
2011-11-11,24.354,0.001,58.39,3.001
2011-11-12,23.006,0.0,47.88,2.277
2011-11-13,22.332,0.0,51.44,0.838
2011-11-14,21.614,0.001,53.52,0.744
2011-11-15,21.624,0.0,53.94,2.035
2011-11-16,22.325,0.003,55.18,2.766
2011-11-17,22.143,0.0,57.95,2.374
2011-11-18,22.784,0.002,58.33,1.468
2011-11-19,22.399,0.001,66.42,1.111
2011-11-20,22.016,0.002,69.08,0.35
2011-11-21,21.765,0.0,69.53,0.194
2011-11-22,21.722,0.003,69.46,0.582
2011-11-23,21.288,0.001,70.03,1.207
2011-11-24,20.105,0.001,68.85,1.115
2011-11-25,19.874,0.0,67.82,0.788
2011-11-26,19.799,0.001,67.45,0.727
2011-11-27,18.936,0.001,64.64,1.457
2011-11-28,18.004,0.0,55.64,3.085
2011-11-29,18.756,0.002,54.61,3.689
2011-11-30,17.989,0.0,48.12,2.142
2011-12-01,18.276,0.001,56.53,1.191
2011-12-02,19.321,0.0,67.42,1.206
2011-12-03,19.426,0.001,55.31,2.559
2011-12-04,18.973,0.0,60.1,1.753
2011-12-05,19.78,0.0,58.99,1.186
2011-12-06,21.108,0.012,63.95,2.8
2011-12-07,20.908,0.538,69.45,2.499
2011-12-08,21.842,0.112,65.67,2.082
2011-12-09,19.265,0.014,63.88,1.716
2011-12-10,17.155,0.001,55.73,3.413
2011-12-11,15.652,0.0,38.86,2.487
2011-12-12,15.338,0.002,46.91,0.555
2011-12-13,14.461,0.002,51.32,2.296
2011-12-14,14.211,0.001,52.49,2.373
2011-12-15,13.547,0.001,50.72,2.128
2011-12-16,13.626,0.0,52.87,2.126
2011-12-17,13.83,0.001,54.87,1.746
2011-12-18,13.642,0.0,56.7,0.731
2011-12-19,13.852,0.0,58.09,1.126
2011-12-20,15.525,0.001,60.01,2.63
2011-12-21,15.514,0.001,71.46,0.681
2011-12-22,14.702,0.0,62.7,2.335
2011-12-23,12.045,0.0,55.7,2.685
2011-12-24,11.516,0.001,50.44,2.435
2011-12-25,11.521,0.0,55.3,1.834
2011-12-26,12.135,0.001,59.24,0.927
2011-12-27,12.766,0.0,67.44,1.034
2011-12-28,14.112,0.002,71.42,0.519
2011-12-29,13.941,0.0,73.06,1.947
2011-12-30,13.447,0.001,70.42,1.107
2011-12-31,13.878,0.873,71.29,0.853
2012-01-01,15.275,0.946,78.28,1.139
2012-01-02,13.043,0.047,78.77,1.726
2012-01-03,13.283,0.001,68.35,1.839
2012-01-04,14.445,0.015,68.43,1.518
2012-01-05,14.809,3.654,76.81,2.024
2012-01-06,14.644,10.544,84.42,3.305
2012-01-07,13.61,0.749,74.82,1.346
2012-01-08,11.694,0.098,74.63,1.206
2012-01-09,10.131,0.0,66.61,2.137
2012-01-10,9.99,0.0,67.41,2.47
2012-01-11,10.414,0.001,66.15,2.31
2012-01-12,10.917,0.001,59.1,3.022
2012-01-13,11.824,0.0,64.1,2.558
2012-01-14,14.577,0.109,63.41,1.389
2012-01-15,16.421,2.648,61.72,2.2
2012-01-16,13.732,1.207,82.02,0.422
2012-01-17,10.925,0.085,77.85,1.498
2012-01-18,11.158,0.0,66.9,0.83
2012-01-19,10.496,0.002,68.05,1.371
2012-01-20,9.942,0.0,68.08,2.826
2012-01-21,10.195,0.002,64.03,2.909
2012-01-22,10.742,0.033,62.69,2.082
2012-01-23,11.757,0.001,64.89,2.501
2012-01-24,12.519,0.1,61.14,2.779
2012-01-25,13.448,1.284,61.35,1.855
2012-01-26,13.479,0.001,56.77,2.845
2012-01-27,12.606,0.002,56.68,2.106
2012-01-28,11.876,0.001,56.29,1.578
2012-01-29,12.341,0.0,59.98,2.441
2012-01-30,12.473,0.0,53.41,1.946
2012-01-31,12.98,0.001,50.45,2.152
2012-02-01,14.164,0.001,49.44,3.022
2012-02-02,15.467,0.166,44.16,2.069
2012-02-03,15.145,0.041,54.9,1.44
2012-02-04,17.392,0.006,55.06,2.767
2012-02-05,16.062,0.001,64.47,1.926
2012-02-06,14.744,0.001,62.81,2.806
2012-02-07,13.36,1.285,56.29,0.808
2012-02-08,11.087,0.002,33.86,3.034
2012-02-09,10.941,0.003,46.96,2.987
2012-02-10,12.358,0.002,43.27,2.872
2012-02-11,13.645,0.109,48.81,0.724
2012-02-12,16.738,0.001,45.97,2.943
2012-02-13,16.659,0.002,52.62,1.016
2012-02-14,15.605,0.001,56.22,1.969
2012-02-15,13.416,0.001,40.38,2.532
2012-02-16,12.944,0.0,39.7,2.609
2012-02-17,14.197,0.001,44.81,2.268
2012-02-18,15.545,0.001,41.54,3.18
2012-02-19,16.245,0.001,45.61,3.243
2012-02-20,17.48,0.0,53.68,1.741
2012-02-21,19.556,0.001,54.18,1.926
2012-02-22,20.05,0.001,51.79,1.243
2012-02-23,19.258,0.002,58.21,2.154
2012-02-24,17.908,0.001,43.87,2.453
2012-02-25,15.917,0.0,30.97,3.096
2012-02-26,16.195,0.002,32.76,3.763
2012-02-27,17.641,0.002,34.11,3.444
2012-02-28,17.87,0.0,41.28,2.836
2012-02-29,17.516,0.001,43.57,0.262
2012-03-01,19.184,0.0,44.41,1.434
2012-03-02,18.977,0.0,40.05,2.503
2012-03-03,20.301,0.001,40.48,1.487
2012-03-04,23.252,0.0,49.28,2.202
2012-03-05,23.71,0.01,46.49,2.135
2012-03-06,20.877,0.003,46.11,2.699
2012-03-07,19.367,0.003,32.22,0.415
2012-03-08,17.724,0.002,27.85,1.97
2012-03-09,16.821,0.0,36.71,2.072
2012-03-10,17.694,0.001,38.69,1.6
2012-03-11,18.297,0.002,40.08,1.483
2012-03-12,20.644,0.405,38.55,2.706
2012-03-13,18.682,0.083,57.1,1.141
2012-03-14,18.764,0.002,45.87,2.699
2012-03-15,19.825,0.002,44.99,3.101
2012-03-16,21.301,0.0,46.81,1.756
2012-03-17,23.42,0.003,48.62,1.187
2012-03-18,25.08,0.0,49.08,0.763
2012-03-19,27.061,0.0,46.2,2.679
2012-03-20,23.733,0.0,24.76,2.173
2012-03-21,18.581,0.0,26.65,3.896
2012-03-22,19.785,0.002,30.41,4.108
2012-03-23,21.922,0.001,31.91,4.014
2012-03-24,23.708,0.002,32.9,3.503
2012-03-25,24.644,0.003,37.83,1.97
2012-03-26,25.313,0.0,40.37,1.704
2012-03-27,24.261,0.001,45.51,2.163
2012-03-28,25.012,0.001,40.23,2.965
2012-03-29,24.925,0.001,36.74,4.102
2012-03-30,26.041,0.0,41.9,1.39
2012-03-31,27.23,0.0,37.58,2.597
2012-04-01,27.703,0.002,39.64,2.367
2012-04-02,28.978,0.02,40.08,1.974
2012-04-03,28.193,1.038,43.26,1.685
2012-04-04,27.655,0.0,34.29,2.462
2012-04-05,27.79,0.019,32.48,0.989
2012-04-06,28.173,0.0,27.76,1.441
2012-04-07,28.094,0.0,29.22,1.499
2012-04-08,28.023,0.0,29.96,2.869
2012-04-09,28.48,0.722,31.88,1.635
2012-04-10,28.528,0.733,34.74,0.346
2012-04-11,26.754,1.109,47.15,2.396
2012-04-12,26.735,0.604,45.15,1.712
2012-04-13,26.032,0.414,40.67,3.044
2012-04-14,22.163,2.903,69.31,0.038
2012-04-15,24.432,0.014,51.71,1.115
2012-04-16,26.729,0.697,43.71,0.747
2012-04-17,26.602,0.06,48.9,1.389
2012-04-18,27.394,0.085,47.58,1.459
2012-04-19,29.008,0.001,39.17,2.56
2012-04-20,28.61,0.15,37.4,2.898
2012-04-21,27.859,0.002,34.23,3.025
2012-04-22,27.628,0.267,34.3,2.159
2012-04-23,27.663,0.033,34.41,2.457
2012-04-24,27.806,0.613,37.13,2.19
2012-04-25,28.076,0.013,36.52,1.946
2012-04-26,27.445,1.208,43.49,1.566
2012-04-27,27.588,0.003,36.79,3.203
2012-04-28,28.069,0.093,34.77,1.415
2012-04-29,28.217,0.007,28.61,1.245
2012-04-30,28.072,0.208,26.54,1.911
2012-05-01,28.438,0.002,23.61,1.921
2012-05-02,28.928,0.001,21.88,2.469
2012-05-03,29.413,0.001,21.68,2.074
2012-05-04,30.314,0.002,21.12,1.09
2012-05-05,30.523,0.001,22.77,1.993
2012-05-06,30.869,0.033,28.39,1.103
2012-05-07,32.14,0.144,27.83,2.164
2012-05-08,32.947,0.035,25.22,3.024
2012-05-09,33.643,0.001,22.69,2.603
2012-05-10,34.143,0.016,23.35,2.087
2012-05-11,33.079,0.67,28.69,0.981
2012-05-12,32.118,1.088,32.31,1.632
2012-05-13,31.914,0.017,28.78,2.33
2012-05-14,31.32,0.017,25.21,3.023
2012-05-15,32.24,0.001,23.22,1.729
2012-05-16,33.236,0.003,21.56,1.907
2012-05-17,33.521,0.001,22.86,3.325
2012-05-18,33.387,0.0,23.9,3.213
2012-05-19,33.326,0.0,21.19,3.072
2012-05-20,33.435,0.003,21.52,1.401
2012-05-21,33.758,0.0,20.24,0.925
2012-05-22,33.777,0.001,18.54,2.031
2012-05-23,33.746,0.003,17.19,3.504
2012-05-24,35.008,0.0,15.92,4.498
2012-05-25,35.463,0.001,20.64,2.829
2012-05-26,35.336,0.0,21.47,2.852
2012-05-27,34.565,0.002,18.12,3.886
2012-05-28,34.582,0.001,18.15,3.016
2012-05-29,35.819,0.001,15.76,3.353
2012-05-30,37.397,0.001,15.55,4.165
2012-05-31,38.284,0.002,18.95,4.136
2012-06-01,37.707,0.08,22.19,3.937
2012-06-02,37.712,0.064,23.56,4.61
2012-06-03,36.823,0.023,24.31,4.621
2012-06-04,35.977,0.154,27.6,3.515
2012-06-05,34.301,1.375,38.36,1.989
2012-06-06,33.367,0.269,36.08,1.195
2012-06-07,32.18,1.246,38.07,1.631
2012-06-08,32.997,0.038,34.73,2.579
2012-06-09,34.105,0.002,32.09,3.411
2012-06-10,35.029,0.003,28.0,3.949
2012-06-11,34.828,0.091,29.24,3.475
2012-06-12,35.301,0.007,25.76,2.669
2012-06-13,36.404,0.002,23.54,3.424
2012-06-14,36.631,0.001,22.21,4.002
2012-06-15,37.22,0.001,25.85,4.862
2012-06-16,37.322,0.002,27.17,5.316
2012-06-17,37.204,0.0,29.34,4.552
2012-06-18,35.469,0.407,38.94,2.029
2012-06-19,35.493,0.001,32.81,2.579
2012-06-20,36.919,0.001,24.29,3.736
2012-06-21,37.12,0.001,29.95,4.824
2012-06-22,37.094,0.001,31.38,3.1
2012-06-23,37.092,0.002,32.8,4.049
2012-06-24,36.853,0.019,32.98,4.874
2012-06-25,36.201,0.001,33.36,4.193
2012-06-26,35.45,0.019,35.48,4.851
2012-06-27,35.038,0.026,37.56,3.545
2012-06-28,35.767,0.016,36.0,3.748
2012-06-29,36.208,0.009,34.46,3.482
2012-06-30,36.663,0.0,31.54,3.561
2012-07-01,37.043,0.001,30.21,1.832
2012-07-02,36.688,0.031,41.63,2.181
2012-07-03,35.116,0.074,50.88,3.538
2012-07-04,34.502,0.574,52.46,3.933
2012-07-05,34.055,1.713,53.47,0.842
2012-07-06,33.081,4.669,55.51,0.857
2012-07-07,30.183,3.392,67.52,2.336
2012-07-08,29.78,1.994,68.2,2.14
2012-07-09,29.203,2.504,73.98,2.415
2012-07-10,30.856,3.353,65.23,4.64
2012-07-11,29.526,0.838,69.77,3.509
2012-07-12,28.553,12.631,79.62,1.881
2012-07-13,29.511,13.768,76.34,1.766
2012-07-14,28.119,9.5,79.33,1.085
2012-07-15,30.599,0.689,66.57,2.156
2012-07-16,30.904,0.212,63.62,1.886
2012-07-17,32.274,0.111,58.63,2.355
2012-07-18,34.063,0.002,47.99,3.847
2012-07-19,34.12,0.001,46.93,3.885
2012-07-20,32.44,2.171,59.98,0.398
2012-07-21,30.759,1.6,66.31,2.527
2012-07-22,32.244,0.097,60.46,1.521
2012-07-23,33.109,1.045,61.19,1.962
2012-07-24,31.201,8.161,71.11,0.957
2012-07-25,30.428,4.196,71.62,1.309
2012-07-26,28.725,0.732,77.42,2.406
2012-07-27,30.786,0.072,68.69,1.878
2012-07-28,30.63,0.328,71.86,2.45
2012-07-29,30.198,2.115,75.59,2.719
2012-07-30,27.931,21.481,87.67,2.026
2012-07-31,26.609,34.829,91.72,0.872
2012-08-01,28.959,5.055,79.43,1.417
2012-08-02,31.677,0.585,59.86,3.593
2012-08-03,30.809,0.052,63.98,1.53
2012-08-04,28.321,1.409,76.94,3.122
2012-08-05,28.817,1.297,78.12,1.85
2012-08-06,29.527,1.83,75.38,1.594
2012-08-07,29.328,5.748,79.15,1.459
2012-08-08,27.758,13.186,87.73,0.989
2012-08-09,27.299,14.135,88.17,1.28
2012-08-10,27.574,6.288,88.17,1.041
2012-08-11,28.341,9.291,81.36,1.948
2012-08-12,28.868,1.122,77.28,2.926
2012-08-13,27.774,4.115,79.74,3.918
2012-08-14,27.458,5.695,82.7,3.19
2012-08-15,27.491,5.924,82.65,3.277
2012-08-16,28.052,0.46,77.26,2.508
2012-08-17,29.042,1.075,75.35,1.887
2012-08-18,29.946,0.832,76.53,1.508
2012-08-19,27.539,17.262,89.39,1.848
2012-08-20,27.777,28.331,89.32,1.653
2012-08-21,26.512,58.384,92.74,1.869
2012-08-22,25.728,41.225,91.84,2.486
2012-08-23,25.593,7.441,93.22,0.306
2012-08-24,26.824,12.637,87.7,1.291
2012-08-25,26.802,10.556,89.0,0.64
2012-08-26,26.2,13.659,90.12,1.228
2012-08-27,26.411,9.452,88.41,2.657
2012-08-28,27.047,6.549,87.87,2.377
2012-08-29,27.07,10.266,88.42,2.187
2012-08-30,27.131,4.691,88.65,2.297
2012-08-31,28.163,3.487,83.81,1.541
2012-09-01,29.039,2.408,80.76,0.824
2012-09-02,28.19,11.601,83.93,1.925
2012-09-03,27.103,5.55,86.76,2.123
2012-09-04,27.463,8.052,84.47,2.784
2012-09-05,28.568,0.129,74.31,4.012
2012-09-06,28.238,0.53,72.88,5.261
2012-09-07,26.323,11.11,83.47,5.384
2012-09-08,26.716,0.989,84.68,3.23
2012-09-09,28.534,0.828,81.28,1.302
2012-09-10,28.473,3.075,83.08,0.923
2012-09-11,28.748,1.682,82.81,1.792
2012-09-12,28.749,1.755,81.88,0.897
2012-09-13,27.971,10.288,85.54,1.594
2012-09-14,26.914,4.903,87.91,1.73
2012-09-15,26.984,14.757,86.64,1.182
2012-09-16,27.353,2.774,83.2,1.341
2012-09-17,26.707,5.279,84.66,1.12
2012-09-18,26.182,5.383,85.5,0.656
2012-09-19,26.251,0.965,83.26,0.948
2012-09-20,26.552,0.033,76.22,2.326
2012-09-21,26.369,0.0,73.91,2.089
2012-09-22,26.45,0.001,70.5,1.456
2012-09-23,25.98,-0.0,68.43,1.584
2012-09-24,25.872,0.002,70.31,2.086
2012-09-25,25.838,0.0,67.64,2.142
2012-09-26,26.096,0.0,67.1,2.458
2012-09-27,26.155,0.003,68.16,2.286
2012-09-28,26.108,0.001,70.07,1.751
2012-09-29,26.368,0.002,70.02,1.568
2012-09-30,26.129,0.001,64.53,2.02
2012-10-01,26.159,0.002,62.59,1.655
2012-10-02,27.075,0.002,61.88,1.099
2012-10-03,26.731,0.0,62.84,1.071
2012-10-04,26.465,0.0,58.88,1.048
2012-10-05,26.244,0.001,53.19,0.95
2012-10-06,26.147,0.001,50.76,0.912
2012-10-07,26.028,0.002,51.65,1.275
2012-10-08,25.564,0.001,50.55,1.187
2012-10-09,25.773,0.0,50.67,1.3
2012-10-10,25.476,0.001,52.69,0.918
2012-10-11,25.13,0.0,51.73,1.412
2012-10-12,25.676,0.0,49.05,0.136
2012-10-13,25.839,0.123,49.39,0.369
2012-10-14,26.196,0.229,42.25,2.027
2012-10-15,25.094,0.397,54.07,0.462
2012-10-16,24.667,0.01,54.67,1.148
2012-10-17,24.408,0.562,58.11,0.952
2012-10-18,24.116,0.001,56.94,1.674
2012-10-19,24.358,0.001,53.34,0.786
2012-10-20,24.269,0.508,57.69,0.568
2012-10-21,23.822,0.066,55.85,1.564
2012-10-22,23.59,0.037,50.35,1.625
2012-10-23,22.714,4.449,59.94,0.655
2012-10-24,20.719,0.0,62.65,1.994
2012-10-25,20.54,0.0,60.01,1.971
2012-10-26,21.254,0.0,55.02,1.226
2012-10-27,21.474,0.0,56.97,0.868
2012-10-28,21.391,0.002,58.45,1.522
2012-10-29,21.994,0.0,63.32,1.9
2012-10-30,22.708,0.0,63.67,1.619
2012-10-31,22.542,0.001,62.78,1.52
2012-11-01,22.332,0.003,61.69,1.451
2012-11-02,21.905,0.001,60.22,1.189
2012-11-03,21.51,0.0,59.51,0.771
2012-11-04,21.648,0.0,61.42,0.358
2012-11-05,21.648,0.001,59.93,0.104
2012-11-06,21.617,0.0,56.55,0.753
2012-11-07,21.335,0.001,55.38,1.067
2012-11-08,20.773,0.0,55.19,1.765
2012-11-09,21.237,0.001,54.11,0.254
2012-11-10,21.085,0.061,60.14,1.543
2012-11-11,20.437,0.001,61.72,1.545
2012-11-12,20.488,0.003,64.99,1.443
2012-11-13,20.028,0.001,62.4,1.373
2012-11-14,19.659,0.0,62.61,2.324
2012-11-15,19.629,0.0,64.79,1.917
2012-11-16,19.422,0.001,65.68,0.854
2012-11-17,19.082,0.0,59.26,1.753
2012-11-18,19.662,0.001,59.52,2.461
2012-11-19,19.444,0.002,53.34,2.585
2012-11-20,18.202,0.0,51.0,2.571
2012-11-21,17.029,0.0,52.81,1.609
2012-11-22,17.257,0.001,52.32,1.969
2012-11-23,17.286,0.0,55.29,0.323
2012-11-24,18.08,0.001,56.63,1.654
2012-11-25,17.809,0.001,52.61,2.338
2012-11-26,16.899,0.001,51.2,2.43
2012-11-27,16.6,0.003,49.32,2.445
2012-11-28,17.168,0.001,50.24,1.147
2012-11-29,17.364,0.833,62.93,0.944
2012-11-30,15.725,0.0,65.75,2.652
2012-12-01,14.521,0.001,56.1,2.307
2012-12-02,14.112,0.002,57.37,1.445
2012-12-03,14.538,0.002,57.86,2.246
2012-12-04,15.089,0.001,56.4,2.763
2012-12-05,15.764,0.001,50.67,2.838
2012-12-06,16.513,0.001,45.81,3.198
2012-12-07,16.866,0.001,47.37,3.252
2012-12-08,17.233,0.001,52.79,2.668
2012-12-09,17.262,0.0,58.39,0.809
2012-12-10,17.918,0.025,60.77,1.749
2012-12-11,15.205,3.293,81.56,1.562
2012-12-12,15.568,0.056,71.76,0.916
2012-12-13,17.228,6.964,59.39,3.342
2012-12-14,16.425,1.941,66.13,3.75
2012-12-15,16.542,0.203,72.13,1.458
2012-12-16,16.228,0.056,74.27,2.338
2012-12-17,15.24,0.0,63.64,3.498
2012-12-18,15.886,0.0,53.86,3.813
2012-12-19,14.72,0.001,52.23,4.377
2012-12-20,14.03,0.002,50.76,3.639
2012-12-21,13.426,0.001,61.09,2.497
2012-12-22,13.292,0.0,65.88,2.344
2012-12-23,12.863,0.0,72.69,1.391
2012-12-24,12.957,0.0,73.9,1.624
2012-12-25,12.493,0.001,74.66,2.241
2012-12-26,12.451,0.001,80.87,0.447
2012-12-27,12.339,0.002,81.31,1.852
2012-12-28,14.671,0.0,67.21,3.498
2012-12-29,13.427,0.0,74.39,1.122
2012-12-30,10.834,0.0,72.73,2.23
