date,temp_c,precip_mm,humidity_pct,wind_speed_ms
2000-01-01,19.964,0.002,62.48,2.644
2000-01-02,19.938,0.02,60.81,2.344
2000-01-03,20.526,0.0,62.22,2.001
2000-01-04,20.921,0.004,62.52,2.091
2000-01-05,20.875,0.006,61.0,2.349
2000-01-06,21.465,0.181,72.5,2.176
2000-01-07,21.984,0.025,64.97,2.555
2000-01-08,21.449,0.013,68.54,2.56
2000-01-09,22.417,0.058,65.89,2.538
2000-01-10,21.698,0.559,73.79,2.714
2000-01-11,21.498,3.254,78.99,1.926
2000-01-12,21.79,0.22,72.58,1.253
2000-01-13,22.445,0.024,67.61,0.641
2000-01-14,22.834,0.057,65.76,0.451
2000-01-15,23.107,0.032,63.43,0.98
2000-01-16,22.799,0.002,59.16,2.267
2000-01-17,22.038,0.002,53.83,2.682
2000-01-18,21.479,0.001,42.93,2.807
2000-01-19,21.513,0.001,49.76,2.276
2000-01-20,22.402,0.028,49.65,0.605
2000-01-21,22.815,0.06,54.45,0.383
2000-01-22,22.984,0.03,50.97,0.591
2000-01-23,23.071,0.052,56.1,0.279
2000-01-24,22.988,0.035,53.89,0.917
2000-01-25,22.356,0.007,50.73,2.232
2000-01-26,21.436,0.004,46.43,2.56
2000-01-27,21.476,0.0,50.56,2.791
2000-01-28,21.831,0.001,47.83,2.613
2000-01-29,22.662,0.0,51.0,2.381
2000-01-30,22.359,0.001,44.7,2.426
2000-01-31,21.446,0.001,39.57,2.045
2000-02-01,21.395,0.003,40.74,1.333
2000-02-02,21.944,0.004,41.56,1.061
2000-02-03,23.146,0.003,55.93,2.143
2000-02-04,23.708,0.176,66.44,1.087
2000-02-05,23.924,0.081,64.45,0.467
2000-02-06,23.312,0.229,66.12,1.267
2000-02-07,23.11,0.055,61.28,1.273
2000-02-08,22.974,0.01,55.21,1.195
2000-02-09,22.964,0.028,59.16,0.825
2000-02-10,24.021,0.062,64.84,0.663
2000-02-11,23.429,0.928,70.36,1.409
2000-02-12,23.742,0.687,66.29,0.136
2000-02-13,24.061,0.007,57.01,1.257
2000-02-14,23.447,0.01,45.68,2.181
2000-02-15,22.83,0.003,45.13,2.675
2000-02-16,23.302,0.002,45.79,1.505
2000-02-17,24.028,0.001,48.46,0.614
2000-02-18,24.117,0.003,55.53,1.002
2000-02-19,24.199,0.003,53.86,1.334
2000-02-20,23.163,0.0,51.21,2.245
2000-02-21,22.951,0.002,53.67,1.628
2000-02-22,23.335,0.424,61.16,0.691
2000-02-23,24.017,0.649,63.54,0.949
2000-02-24,22.782,3.476,76.26,0.376
2000-02-25,22.655,3.191,77.27,1.191
2000-02-26,22.619,5.56,79.71,0.252
2000-02-27,22.218,6.845,82.62,2.14
2000-02-28,22.581,4.828,79.47,2.869
2000-02-29,23.18,0.018,63.31,2.968
2000-03-01,22.763,0.001,48.51,2.253
2000-03-02,22.749,0.0,35.55,0.997
2000-03-03,23.582,0.002,35.61,0.717
2000-03-04,24.149,0.002,38.34,0.441
2000-03-05,24.547,0.001,39.59,0.613
2000-03-06,24.117,0.002,52.04,0.776
2000-03-07,24.283,0.002,52.6,0.259
2000-03-08,25.025,0.001,57.83,0.656
2000-03-09,25.303,0.012,58.54,0.811
2000-03-10,25.48,0.015,56.75,0.215
2000-03-11,25.534,0.033,56.78,0.387
2000-03-12,25.124,0.092,62.65,1.225
2000-03-13,25.41,0.004,56.25,1.222
2000-03-14,25.734,0.129,57.78,0.381
2000-03-15,25.378,0.255,57.95,0.312
2000-03-16,26.149,0.0,43.7,0.523
2000-03-17,26.078,0.012,53.46,0.385
2000-03-18,26.089,0.07,54.44,0.439
2000-03-19,25.979,0.108,55.64,0.185
2000-03-20,26.58,0.002,49.19,0.113
2000-03-21,26.514,0.004,47.63,0.21
2000-03-22,26.387,0.004,39.71,1.325
2000-03-23,26.232,0.015,40.47,0.985
2000-03-24,26.522,0.104,45.88,1.785
2000-03-25,26.739,0.057,40.53,1.851
2000-03-26,26.671,0.004,35.05,1.879
2000-03-27,26.669,0.012,41.79,1.638
2000-03-28,26.316,0.009,45.81,1.777
2000-03-29,27.057,0.016,43.19,1.364
2000-03-30,26.95,0.04,48.13,0.287
2000-03-31,27.069,0.041,48.77,0.857
2000-04-01,26.246,0.449,53.8,0.229
2000-04-02,26.15,0.527,61.92,0.368
2000-04-03,25.785,2.172,65.06,0.566
2000-04-04,25.922,0.483,64.36,0.526
2000-04-05,27.016,0.181,56.77,0.353
2000-04-06,27.21,0.16,51.84,0.267
2000-04-07,26.639,0.111,55.47,0.597
2000-04-08,27.052,0.157,54.65,0.291
2000-04-09,27.565,0.013,50.97,0.723
2000-04-10,25.824,6.97,69.73,1.125
2000-04-11,25.533,10.028,73.55,1.335
2000-04-12,25.671,2.7,73.62,1.816
2000-04-13,25.439,3.913,73.93,2.112
2000-04-14,25.007,3.831,74.03,2.171
2000-04-15,25.971,0.217,62.1,1.508
2000-04-16,24.89,4.167,76.24,1.05
2000-04-17,25.287,3.858,75.64,0.818
2000-04-18,25.129,5.733,75.27,0.241
2000-04-19,25.003,1.395,73.69,0.203
2000-04-20,25.442,0.237,67.75,0.781
2000-04-21,24.779,1.696,73.12,1.915
2000-04-22,25.099,0.929,72.7,1.774
2000-04-23,25.626,1.48,70.27,1.708
2000-04-24,25.008,4.559,77.27,1.779
2000-04-25,26.098,0.082,63.16,2.354
2000-04-26,25.8,0.389,64.32,2.106
2000-04-27,26.027,1.167,68.35,2.106
2000-04-28,26.168,2.033,70.8,2.343
2000-04-29,26.167,1.314,71.04,2.394
2000-04-30,27.128,0.362,63.27,1.853
2000-05-01,26.513,2.894,68.78,2.145
2000-05-02,25.986,5.38,71.93,2.004
2000-05-03,25.385,5.773,74.34,2.131
2000-05-04,25.687,1.074,68.65,1.441
2000-05-05,25.148,5.149,73.22,1.493
2000-05-06,23.893,9.252,81.95,1.355
2000-05-07,24.195,5.367,79.57,1.6
2000-05-08,24.133,4.284,78.4,1.421
2000-05-09,24.797,2.837,76.44,0.875
2000-05-10,24.502,6.204,80.29,1.568
2000-05-11,24.865,0.915,72.12,2.324
2000-05-12,25.121,0.239,68.56,2.515
2000-05-13,24.937,0.013,63.85,2.61
2000-05-14,25.29,0.022,62.69,2.5
2000-05-15,25.398,0.047,65.44,2.835
2000-05-16,24.458,1.058,74.0,2.892
2000-05-17,23.367,4.636,79.13,3.287
2000-05-18,23.845,0.603,73.18,3.427
2000-05-19,23.529,0.657,76.11,3.547
2000-05-20,24.576,0.25,69.22,3.299
2000-05-21,24.738,0.767,70.77,2.946
2000-05-22,25.228,0.528,69.11,2.799
2000-05-23,24.789,1.099,72.57,2.781
2000-05-24,24.979,1.153,73.09,2.431
2000-05-25,24.281,2.143,75.86,2.654
2000-05-26,23.923,3.154,77.76,2.705
2000-05-27,23.724,1.615,76.41,3.253
2000-05-28,23.728,1.173,74.32,3.309
2000-05-29,24.74,0.519,69.69,2.891
2000-05-30,24.343,1.86,73.07,2.567
2000-05-31,24.183,2.992,73.07,2.696
2000-06-01,23.274,3.279,78.21,3.176
2000-06-02,22.287,1.189,80.35,3.364
2000-06-03,22.777,3.354,78.96,3.685
2000-06-04,22.33,9.155,83.76,3.861
2000-06-05,21.346,21.168,91.83,4.464
2000-06-06,21.207,23.681,92.59,5.613
2000-06-07,21.493,19.401,92.53,5.135
2000-06-08,22.362,6.451,86.0,4.23
2000-06-09,22.985,3.165,82.68,3.798
2000-06-10,22.96,5.793,82.88,3.478
2000-06-11,22.733,5.116,82.61,3.729
2000-06-12,21.389,4.422,87.86,3.229
2000-06-13,22.202,0.529,80.4,3.38
2000-06-14,22.332,1.457,82.51,3.374
2000-06-15,22.977,1.031,77.59,2.97
2000-06-16,23.088,0.737,76.42,3.368
2000-06-17,22.98,1.054,76.23,3.728
2000-06-18,22.584,1.87,79.84,3.993
2000-06-19,22.248,2.438,81.98,3.921
2000-06-20,22.771,1.747,79.87,3.443
2000-06-21,22.96,2.289,80.28,2.919
2000-06-22,22.813,3.53,83.05,2.693
2000-06-23,23.216,0.762,77.22,2.527
2000-06-24,23.466,0.696,75.65,2.467
2000-06-25,23.347,0.881,75.4,2.505
2000-06-26,22.87,1.73,77.25,3.007
2000-06-27,22.612,4.211,80.01,3.432
2000-06-28,21.789,6.55,83.35,3.684
2000-06-29,20.599,9.153,89.59,3.407
2000-06-30,20.72,6.367,90.74,3.802
2000-07-01,21.95,3.066,82.61,3.793
2000-07-02,22.278,1.366,79.05,3.796
2000-07-03,21.57,7.755,84.03,3.281
2000-07-04,20.977,9.648,91.41,3.207
2000-07-05,21.631,4.622,85.02,4.13
2000-07-06,20.998,7.765,89.66,3.945
2000-07-07,20.886,7.202,89.84,3.827
2000-07-08,20.556,7.593,87.2,4.603
2000-07-09,22.015,1.86,78.57,4.833
2000-07-10,21.993,3.962,82.37,4.685
2000-07-11,21.381,11.075,88.16,4.558
2000-07-12,21.362,8.326,84.9,5.177
2000-07-13,21.598,4.282,81.58,5.05
2000-07-14,21.895,2.277,80.82,4.5
2000-07-15,22.37,0.971,77.69,3.985
2000-07-16,22.412,0.307,75.18,4.016
2000-07-17,22.264,0.922,78.24,4.256
2000-07-18,22.094,0.787,79.41,4.236
2000-07-19,22.289,1.031,77.86,3.614
2000-07-20,22.418,0.387,75.81,2.891
2000-07-21,22.823,0.561,74.63,2.416
2000-07-22,22.911,0.393,74.72,1.887
2000-07-23,23.005,0.177,73.25,1.857
2000-07-24,22.859,0.199,72.15,2.072
2000-07-25,22.691,0.142,72.66,1.961
2000-07-26,22.708,0.861,75.74,2.581
2000-07-27,22.407,1.214,77.48,3.012
2000-07-28,22.764,1.102,75.83,2.652
2000-07-29,22.995,1.462,74.83,2.397
2000-07-30,23.363,0.467,73.8,2.049
2000-07-31,23.688,1.174,72.63,2.043
2000-08-01,23.451,1.824,74.53,1.941
2000-08-02,24.474,0.014,66.83,1.698
2000-08-03,23.391,16.236,79.71,0.856
2000-08-04,22.747,20.599,84.55,0.79
2000-08-05,22.943,8.226,83.69,0.849
2000-08-06,22.748,6.547,83.07,2.101
2000-08-07,22.23,3.454,83.51,3.229
2000-08-08,21.275,7.15,86.7,3.835
2000-08-09,20.094,10.548,93.11,3.59
2000-08-10,20.212,6.987,91.0,3.621
2000-08-11,21.327,1.313,83.64,3.862
2000-08-12,22.146,1.231,79.47,2.836
2000-08-13,22.516,1.09,81.13,1.334
2000-08-14,22.925,6.714,82.83,0.623
2000-08-15,22.154,3.362,85.75,1.944
2000-08-16,21.881,4.053,83.76,2.358
2000-08-17,21.841,4.79,83.78,2.751
2000-08-18,21.853,1.745,82.52,3.309
2000-08-19,21.863,1.321,81.61,3.705
2000-08-20,21.301,2.342,84.82,3.983
2000-08-21,20.285,21.005,91.34,3.582
2000-08-22,19.917,29.153,95.73,3.663
2000-08-23,20.484,18.525,94.12,4.532
2000-08-24,21.086,17.705,90.85,4.909
2000-08-25,20.942,22.513,92.03,4.682
2000-08-26,20.417,19.528,93.38,3.551
2000-08-27,21.112,7.619,89.13,3.645
2000-08-28,21.425,2.621,86.21,3.752
2000-08-29,21.74,1.711,81.75,3.706
2000-08-30,22.074,0.294,77.63,3.448
2000-08-31,21.974,2.26,80.72,3.071
2000-09-01,22.241,0.25,76.43,3.237
2000-09-02,22.004,0.752,77.87,3.389
2000-09-03,21.939,1.461,79.78,3.275
2000-09-04,22.067,1.86,82.5,2.686
2000-09-05,22.087,3.257,83.31,2.377
2000-09-06,22.16,1.988,81.94,2.316
2000-09-07,22.049,4.11,82.74,1.923
2000-09-08,22.803,0.203,77.34,1.654
2000-09-09,22.798,0.99,78.6,2.198
2000-09-10,22.64,0.779,77.76,2.261
2000-09-11,22.084,1.242,80.65,2.076
2000-09-12,22.539,3.4,78.29,1.419
2000-09-13,22.548,7.618,83.13,0.677
2000-09-14,22.851,8.529,83.38,0.904
2000-09-15,23.316,2.255,80.23,1.517
2000-09-16,23.067,6.148,82.97,1.617
2000-09-17,23.112,10.224,84.18,1.003
2000-09-18,22.424,11.657,86.9,1.623
2000-09-19,22.399,11.562,86.6,1.076
2000-09-20,22.732,17.692,85.48,0.581
2000-09-21,21.82,22.552,90.42,0.671
2000-09-22,22.519,12.771,87.23,0.228
2000-09-23,22.835,4.559,83.23,1.326
2000-09-24,22.793,7.06,84.42,1.547
2000-09-25,22.911,5.784,83.46,1.319
2000-09-26,22.886,2.34,83.02,1.595
2000-09-27,22.405,9.029,86.19,0.653
2000-09-28,22.871,0.278,81.09,1.724
2000-09-29,22.697,3.196,83.2,2.024
2000-09-30,21.811,15.219,89.29,2.04
2000-10-01,21.183,24.598,91.71,1.71
2000-10-02,20.892,15.77,92.2,1.954
2000-10-03,20.979,6.333,90.48,1.769
2000-10-04,21.98,1.477,83.86,2.053
2000-10-05,22.032,3.015,84.83,1.662
2000-10-06,22.023,6.99,85.7,1.535
2000-10-07,22.054,5.688,85.75,0.982
2000-10-08,22.433,2.618,83.35,1.6
2000-10-09,21.884,9.447,85.06,1.975
2000-10-10,22.241,2.9,81.07,1.821
2000-10-11,22.779,0.191,77.61,1.884
2000-10-12,22.885,0.381,76.24,2.118
2000-10-13,21.788,5.488,84.94,2.188
2000-10-14,22.236,2.903,83.18,1.146
2000-10-15,23.098,1.823,80.12,0.698
2000-10-16,22.585,0.172,76.44,1.014
2000-10-17,23.101,0.029,73.18,1.766
2000-10-18,22.98,0.41,77.71,1.968
2000-10-19,23.107,0.117,77.01,2.0
2000-10-20,21.633,2.305,83.73,2.125
2000-10-21,21.851,2.043,84.13,1.834
2000-10-22,21.188,6.398,87.6,1.651
2000-10-23,21.494,11.954,88.16,1.194
2000-10-24,21.828,0.211,73.45,1.254
2000-10-25,22.12,0.002,60.09,1.432
2000-10-26,22.19,0.002,62.51,0.815
2000-10-27,22.41,0.026,69.43,0.797
2000-10-28,22.759,0.244,74.79,0.904
2000-10-29,22.584,0.008,66.54,0.981
2000-10-30,22.188,0.007,63.24,0.639
2000-10-31,22.321,0.009,63.68,1.09
2000-11-01,21.755,0.405,74.08,1.529
2000-11-02,22.026,1.216,78.74,1.805
2000-11-03,22.537,0.365,73.95,1.819
2000-11-04,23.277,0.244,73.89,2.138
2000-11-05,23.004,0.136,70.95,1.984
2000-11-06,22.828,0.132,67.26,1.845
2000-11-07,22.621,0.001,64.48,2.359
2000-11-08,22.642,0.002,64.74,2.386
2000-11-09,22.752,0.023,68.74,2.485
2000-11-10,22.59,0.023,66.7,2.846
2000-11-11,22.649,0.031,68.06,2.703
2000-11-12,22.491,0.009,69.03,2.443
2000-11-13,22.338,0.008,65.74,2.428
2000-11-14,21.517,0.015,62.79,2.541
2000-11-15,21.844,0.149,66.63,3.023
2000-11-16,21.485,0.0,59.94,2.726
2000-11-17,20.994,0.003,64.63,2.594
2000-11-18,22.156,0.006,68.01,2.117
2000-11-19,22.028,0.453,77.19,2.109
2000-11-20,21.976,0.735,80.17,0.983
2000-11-21,22.531,0.008,70.39,2.077
2000-11-22,22.375,1.535,78.09,3.025
2000-11-23,21.934,5.244,83.74,3.563
2000-11-24,22.05,0.264,74.2,2.509
2000-11-25,21.281,0.001,61.56,1.653
2000-11-26,20.636,0.0,52.93,2.058
2000-11-27,20.737,0.001,54.26,1.61
2000-11-28,21.637,0.001,56.0,1.58
2000-11-29,21.991,3.156,72.73,1.594
2000-11-30,19.974,31.885,96.38,1.238
2000-12-01,21.061,4.113,85.77,1.367
2000-12-02,21.944,1.153,80.25,2.624
2000-12-03,22.204,0.27,74.96,2.739
2000-12-04,22.174,0.974,79.14,2.441
2000-12-05,21.611,0.286,74.54,1.997
2000-12-06,19.424,0.001,61.11,2.192
2000-12-07,18.898,0.0,61.74,2.64
2000-12-08,18.779,0.0,65.58,2.643
2000-12-09,18.542,0.002,63.8,2.31
2000-12-10,18.508,0.0,64.55,2.362
2000-12-11,18.508,0.0,59.58,2.455
2000-12-12,18.193,0.001,55.12,2.11
2000-12-13,18.41,0.0,47.38,2.262
2000-12-14,18.744,0.001,50.3,2.113
2000-12-15,18.788,0.001,53.21,2.386
2000-12-16,18.977,0.002,54.65,2.709
2000-12-17,19.459,0.0,56.93,2.508
2000-12-18,19.662,0.001,60.91,1.799
2000-12-19,19.941,0.001,49.4,1.938
2000-12-20,19.656,0.001,51.21,2.33
2000-12-21,19.177,0.001,62.61,2.653
2000-12-22,19.568,0.0,56.44,2.189
2000-12-23,20.769,0.001,58.0,2.426
2000-12-24,19.9,0.001,50.34,2.021
2000-12-25,19.996,0.001,44.39,2.125
2000-12-26,20.501,0.001,48.78,2.285
2000-12-27,20.576,0.003,56.31,2.683
2000-12-28,20.508,0.534,59.98,3.477
2000-12-29,21.419,0.9,78.92,2.974
2000-12-30,22.431,0.523,73.43,1.866
2000-12-31,22.036,1.762,77.93,0.342
2001-01-01,22.164,0.633,74.86,1.172
2001-01-02,22.26,0.174,69.45,0.085
2001-01-03,22.337,0.531,68.74,1.745
2001-01-04,22.208,0.002,60.02,2.432
2001-01-05,22.142,0.018,60.67,2.553
2001-01-06,21.029,0.023,59.41,2.341
2001-01-07,20.506,0.004,53.02,2.032
2001-01-08,20.705,0.001,53.43,1.835
2001-01-09,21.405,0.002,50.47,1.774
2001-01-10,22.638,0.001,57.78,1.283
2001-01-11,22.799,0.028,59.19,1.761
2001-01-12,23.076,0.004,59.15,1.809
2001-01-13,22.52,0.037,60.29,2.361
2001-01-14,22.573,0.002,46.1,2.138
2001-01-15,22.451,0.003,48.72,2.149
2001-01-16,22.29,0.001,49.58,2.573
2001-01-17,21.078,0.0,49.53,3.145
2001-01-18,21.686,0.002,57.17,2.949
2001-01-19,22.769,0.0,46.3,2.885
2001-01-20,22.361,0.0,47.15,2.637
2001-01-21,22.158,0.001,48.48,1.834
2001-01-22,21.801,0.001,50.82,0.781
2001-01-23,23.167,0.002,47.6,1.718
2001-01-24,23.757,0.065,57.98,1.835
2001-01-25,24.317,0.213,59.26,1.907
2001-01-26,24.181,0.016,50.13,1.947
2001-01-27,22.67,0.002,49.37,1.757
2001-01-28,22.641,0.003,34.91,2.279
2001-01-29,21.962,0.001,39.42,2.344
2001-01-30,23.412,0.001,44.87,2.401
2001-01-31,24.055,0.012,57.35,2.35
2001-02-01,23.795,0.402,66.15,0.703
2001-02-02,24.053,0.088,62.29,0.603
2001-02-03,24.812,0.039,60.22,0.54
2001-02-04,24.852,0.217,64.95,0.434
2001-02-05,23.926,1.341,70.95,0.437
2001-02-06,25.056,0.008,50.4,1.264
2001-02-07,24.765,0.002,32.7,2.449
2001-02-08,23.686,0.0,31.09,2.376
2001-02-09,23.248,0.002,34.25,1.494
2001-02-10,23.537,0.043,40.56,0.587
2001-02-11,23.493,0.015,41.72,0.919
2001-02-12,24.295,0.03,34.66,1.612
2001-02-13,23.514,0.047,37.74,1.275
2001-02-14,23.55,0.002,39.45,1.397
2001-02-15,23.823,0.093,48.59,0.254
2001-02-16,24.291,0.056,54.84,0.063
2001-02-17,24.584,0.01,51.44,0.792
2001-02-18,24.691,0.033,53.99,0.882
2001-02-19,25.067,0.037,55.72,0.437
2001-02-20,25.497,0.014,55.45,0.186
2001-02-21,25.889,0.002,54.75,0.34
2001-02-22,25.909,0.014,53.35,0.253
2001-02-23,25.945,0.01,49.24,0.711
2001-02-24,25.647,0.05,51.29,0.42
2001-02-25,25.942,0.03,52.09,0.836
2001-02-26,26.045,0.015,53.1,0.6
2001-02-27,25.963,0.023,50.6,0.404
2001-02-28,25.637,0.033,45.35,1.002
2001-03-01,25.43,0.035,41.7,1.166
2001-03-02,25.231,0.012,37.35,1.772
2001-03-03,24.93,0.033,41.39,1.746
2001-03-04,25.091,0.035,46.24,0.804
2001-03-05,25.181,0.015,49.88,0.262
2001-03-06,25.263,0.023,54.32,0.747
2001-03-07,25.701,0.083,49.28,0.461
2001-03-08,25.166,0.227,53.1,1.132
2001-03-09,24.372,0.958,60.49,1.083
2001-03-10,24.381,0.144,54.68,0.62
2001-03-11,24.381,0.257,57.1,0.273
2001-03-12,24.797,0.151,54.33,0.377
2001-03-13,25.388,0.008,49.34,0.517
2001-03-14,25.883,0.003,48.6,0.528
2001-03-15,25.835,0.072,50.67,0.483
2001-03-16,26.272,0.005,49.47,0.37
2001-03-17,26.641,0.003,48.29,0.347
2001-03-18,27.057,0.003,45.51,0.735
2001-03-19,26.218,0.04,53.38,0.437
2001-03-20,26.438,0.024,53.15,0.395
2001-03-21,25.817,0.181,59.5,1.434
2001-03-22,26.134,0.17,59.66,0.829
2001-03-23,26.655,0.014,52.62,1.007
2001-03-24,26.873,0.003,50.32,1.061
2001-03-25,26.206,0.015,55.97,1.716
2001-03-26,26.13,0.009,51.92,2.442
2001-03-27,26.347,0.027,55.38,2.211
2001-03-28,26.986,0.018,55.34,1.087
2001-03-29,26.759,0.265,60.76,1.366
2001-03-30,24.426,4.403,73.71,1.683
2001-03-31,26.211,0.072,56.59,0.323
2001-04-01,26.726,0.207,55.56,0.215
2001-04-02,27.049,0.12,54.83,0.44
2001-04-03,26.781,0.026,52.71,0.461
2001-04-04,26.991,0.059,55.41,0.582
2001-04-05,27.074,0.076,54.6,0.282
2001-04-06,27.546,0.112,48.29,0.736
2001-04-07,27.511,0.04,48.52,0.107
2001-04-08,26.431,1.014,60.49,0.79
2001-04-09,26.893,0.14,57.58,0.63
2001-04-10,26.796,1.008,58.76,0.455
2001-04-11,25.786,2.905,61.54,1.368
2001-04-12,22.899,13.282,82.45,0.424
2001-04-13,21.927,14.457,86.77,1.45
2001-04-14,23.22,5.743,77.64,1.159
2001-04-15,23.854,2.966,77.02,1.267
2001-04-16,24.028,1.464,74.66,1.174
2001-04-17,24.078,1.746,73.55,0.739
2001-04-18,24.251,10.974,76.5,0.443
2001-04-19,24.628,1.094,74.78,0.079
2001-04-20,24.898,3.222,75.27,0.399
2001-04-21,25.585,0.53,71.54,0.791
2001-04-22,25.902,1.38,70.91,0.452
2001-04-23,25.792,0.264,65.67,0.494
2001-04-24,26.173,0.03,58.5,0.441
2001-04-25,26.372,0.075,58.15,0.258
2001-04-26,26.345,0.021,58.06,0.465
2001-04-27,27.058,0.053,56.3,0.407
2001-04-28,26.766,0.093,62.03,1.38
2001-04-29,27.329,0.093,60.76,0.557
2001-04-30,27.559,0.14,59.88,0.612
2001-05-01,27.672,0.076,58.53,0.387
2001-05-02,27.525,0.105,59.5,1.203
2001-05-03,27.007,0.328,64.48,1.983
2001-05-04,27.279,1.365,64.45,1.593
2001-05-05,26.429,3.568,70.78,1.782
2001-05-06,25.879,5.918,74.31,1.947
2001-05-07,25.485,4.501,75.22,2.377
2001-05-08,25.484,1.172,72.02,2.647
2001-05-09,25.344,1.308,72.82,2.987
2001-05-10,26.123,0.257,60.98,2.325
2001-05-11,26.799,0.214,64.54,2.071
2001-05-12,26.225,1.647,69.98,2.706
2001-05-13,25.905,0.284,64.05,3.17
2001-05-14,26.064,0.317,61.49,2.737
2001-05-15,26.204,0.156,59.51,2.448
2001-05-16,26.041,0.47,66.02,2.544
2001-05-17,25.852,0.284,62.52,2.653
2001-05-18,25.681,0.511,61.7,2.888
2001-05-19,25.428,0.517,65.19,2.676
2001-05-20,24.798,1.13,69.07,2.585
2001-05-21,25.406,0.184,64.74,2.578
2001-05-22,24.316,0.877,73.84,3.401
2001-05-23,23.984,2.119,77.29,3.699
2001-05-24,23.691,0.705,76.24,4.151
2001-05-25,23.812,1.244,75.2,3.808
2001-05-26,24.103,1.266,75.1,3.611
2001-05-27,24.311,1.054,72.38,3.22
2001-05-28,23.792,1.287,75.69,3.736
2001-05-29,23.762,1.246,73.6,3.497
2001-05-30,23.874,1.33,73.48,3.495
2001-05-31,24.577,0.733,69.29,2.753
2001-06-01,25.302,0.004,61.61,2.574
2001-06-02,25.126,1.236,65.47,2.208
2001-06-03,24.625,2.974,66.37,1.643
2001-06-04,22.145,7.247,81.89,2.199
2001-06-05,22.386,7.726,85.07,3.056
2001-06-06,22.977,2.428,80.5,3.454
2001-06-07,22.359,3.739,82.4,4.018
2001-06-08,21.596,7.175,85.52,4.038
2001-06-09,22.579,5.033,81.22,3.932
2001-06-10,22.8,1.996,81.8,3.779
2001-06-11,21.554,20.843,91.12,3.382
2001-06-12,21.618,11.9,88.31,3.575
2001-06-13,20.787,16.881,94.22,3.158
2001-06-14,20.69,19.464,92.18,3.27
2001-06-15,20.997,10.535,88.24,3.458
2001-06-16,22.314,1.128,80.39,3.909
2001-06-17,22.818,1.001,79.44,4.091
2001-06-18,23.178,0.636,77.16,3.745
2001-06-19,22.988,1.612,79.99,3.571
2001-06-20,23.095,1.069,78.59,3.751
2001-06-21,22.906,1.58,80.32,3.92
2001-06-22,22.806,1.941,81.85,4.1
2001-06-23,23.054,1.348,79.71,4.423
2001-06-24,23.278,0.612,76.82,4.231
2001-06-25,23.407,2.12,77.31,3.833
2001-06-26,22.977,2.588,77.9,3.843
2001-06-27,22.692,2.886,79.49,3.794
2001-06-28,21.633,4.356,84.04,3.725
2001-06-29,21.492,5.889,88.7,3.302
2001-06-30,21.446,7.748,89.17,3.121
2001-07-01,22.227,3.878,82.96,3.435
2001-07-02,22.428,5.396,82.33,3.696
2001-07-03,22.258,4.344,81.96,4.156
2001-07-04,21.941,5.632,84.08,4.706
2001-07-05,22.178,4.048,83.28,4.713
2001-07-06,22.273,3.934,83.6,5.038
2001-07-07,22.114,8.74,85.48,5.137
2001-07-08,21.419,13.176,88.46,5.128
2001-07-09,21.75,5.018,84.86,5.128
2001-07-10,21.917,5.917,85.34,4.46
2001-07-11,21.797,4.147,84.61,3.62
2001-07-12,21.726,2.981,84.43,2.989
2001-07-13,22.027,2.996,82.1,2.818
2001-07-14,22.578,0.323,78.12,2.372
2001-07-15,21.951,4.659,82.24,2.497
2001-07-16,21.669,3.071,84.95,3.057
2001-07-17,22.037,0.79,79.57,3.431
2001-07-18,22.449,1.375,78.02,3.447
2001-07-19,22.706,0.595,73.88,3.507
2001-07-20,22.839,0.025,71.17,3.118
2001-07-21,23.076,0.069,69.74,3.208
2001-07-22,22.87,0.376,74.78,3.405
2001-07-23,23.208,1.565,78.15,2.992
2001-07-24,23.003,2.733,78.42,3.041
2001-07-25,22.414,7.48,81.96,2.722
2001-07-26,22.017,12.321,85.43,2.15
2001-07-27,22.201,10.374,85.11,2.104
2001-07-28,22.449,6.526,82.99,2.628
2001-07-29,22.02,2.795,80.88,3.094
2001-07-30,21.849,10.119,85.09,2.268
2001-07-31,21.813,13.109,87.9,1.973
2001-08-01,20.8,15.273,92.79,2.382
2001-08-02,20.729,13.705,91.97,3.19
2001-08-03,20.164,15.264,95.51,2.919
2001-08-04,20.488,10.783,93.02,3.224
2001-08-05,21.685,1.37,83.53,3.545
2001-08-06,22.018,2.088,81.5,3.39
2001-08-07,22.413,0.602,79.39,3.328
2001-08-08,22.106,3.233,83.45,3.074
2001-08-09,23.136,0.715,78.29,2.696
2001-08-10,22.86,2.526,82.08,2.61
2001-08-11,22.61,0.718,80.39,3.217
2001-08-12,22.509,0.876,79.72,3.374
2001-08-13,22.282,2.2,81.5,3.35
2001-08-14,22.334,0.346,78.92,3.221
2001-08-15,22.519,1.83,80.23,3.467
2001-08-16,22.682,1.567,80.11,3.54
2001-08-17,22.196,2.168,83.16,3.501
2001-08-18,22.126,4.411,83.2,3.948
2001-08-19,21.551,4.293,85.66,3.994
2001-08-20,22.072,1.639,81.7,3.749
2001-08-21,22.085,1.406,81.25,3.63
2001-08-22,22.573,1.658,79.76,3.695
2001-08-23,22.429,1.82,81.23,3.364
2001-08-24,22.595,1.492,79.76,3.439
2001-08-25,22.497,0.438,80.09,2.881
2001-08-26,22.528,5.675,82.36,2.558
2001-08-27,22.578,4.027,82.41,2.363
2001-08-28,22.413,0.699,77.01,3.521
2001-08-29,22.199,1.46,78.31,3.389
2001-08-30,22.314,0.709,76.1,3.598
2001-08-31,22.666,0.425,73.55,3.041
2001-09-01,22.69,0.957,75.27,2.412
2001-09-02,22.68,0.102,74.05,2.162
2001-09-03,22.92,0.093,73.7,1.859
2001-09-04,23.25,0.004,70.56,2.323
2001-09-05,22.741,0.004,70.08,2.706
2001-09-06,22.927,0.015,70.16,2.458
2001-09-07,22.902,0.105,72.77,1.844
2001-09-08,23.74,0.995,73.61,1.121
2001-09-09,23.399,1.202,77.14,1.888
2001-09-10,23.998,0.125,70.81,1.951
2001-09-11,23.791,0.336,69.54,2.037
2001-09-12,24.246,0.013,66.74,1.452
2001-09-13,23.636,1.104,73.57,1.646
2001-09-14,24.138,0.725,68.31,1.041
2001-09-15,23.569,14.19,77.45,0.728
2001-09-16,23.317,5.289,82.31,1.09
2001-09-17,23.594,5.155,80.91,1.436
2001-09-18,23.276,3.257,81.94,1.731
2001-09-19,23.085,5.62,81.99,1.575
2001-09-20,22.35,8.361,84.45,1.529
2001-09-21,22.602,5.795,82.94,1.252
2001-09-22,22.526,3.691,83.02,1.848
2001-09-23,22.572,5.454,82.86,2.255
2001-09-24,22.218,2.042,80.66,2.355
2001-09-25,22.256,4.842,80.71,2.263
2001-09-26,21.264,5.049,86.84,2.373
2001-09-27,21.817,4.93,83.79,2.768
2001-09-28,22.264,0.984,81.22,2.603
2001-09-29,22.358,3.582,83.9,1.951
2001-09-30,21.498,15.46,91.98,2.312
2001-10-01,22.297,1.14,83.49,3.113
2001-10-02,22.898,0.008,74.45,2.955
2001-10-03,22.644,0.006,72.81,2.464
2001-10-04,22.901,0.252,74.97,1.958
2001-10-05,22.607,5.604,77.53,2.453
2001-10-06,20.795,5.506,90.58,2.616
2001-10-07,22.127,1.442,83.43,3.041
2001-10-08,22.613,0.714,79.1,2.459
2001-10-09,22.706,0.646,78.39,1.755
2001-10-10,22.93,0.317,77.84,1.736
2001-10-11,22.696,1.632,80.9,2.061
2001-10-12,22.344,5.531,83.92,1.684
2001-10-13,22.606,1.498,78.54,2.064
2001-10-14,21.913,10.782,88.65,1.971
2001-10-15,22.849,2.491,82.81,1.203
2001-10-16,21.519,14.487,86.66,1.821
2001-10-17,20.676,5.233,86.93,1.95
2001-10-18,22.248,0.055,77.0,1.7
2001-10-19,22.89,2.274,79.05,0.381
2001-10-20,22.94,5.85,82.58,0.9
2001-10-21,22.726,3.75,83.31,1.733
2001-10-22,22.801,0.276,73.58,2.443
2001-10-23,22.623,0.722,72.21,1.639
2001-10-24,22.717,4.988,80.91,1.387
2001-10-25,22.61,10.025,86.21,1.115
2001-10-26,22.557,9.797,86.15,1.53
2001-10-27,22.218,4.473,84.81,1.408
2001-10-28,22.556,3.061,81.77,0.911
2001-10-29,22.411,0.408,71.43,1.019
2001-10-30,22.306,0.013,70.15,0.6
2001-10-31,22.576,0.132,71.96,0.526
2001-11-01,22.611,0.098,70.27,1.361
2001-11-02,22.817,0.581,74.39,1.938
2001-11-03,22.633,0.109,68.45,1.834
2001-11-04,23.131,0.041,65.27,1.125
2001-11-05,22.774,6.277,80.14,1.056
2001-11-06,21.945,9.454,87.9,0.391
2001-11-07,21.793,12.457,89.04,0.426
2001-11-08,22.129,4.864,84.6,1.331
2001-11-09,22.317,0.031,73.03,1.322
2001-11-10,22.405,0.019,72.23,1.197
2001-11-11,22.291,0.033,71.31,0.903
2001-11-12,22.225,0.042,72.13,0.977
2001-11-13,22.674,0.166,72.18,0.784
2001-11-14,22.705,2.509,79.82,0.672
2001-11-15,22.24,10.693,86.27,0.566
2001-11-16,21.592,6.345,87.5,1.335
2001-11-17,22.403,0.076,74.69,2.076
2001-11-18,21.369,3.503,85.57,2.345
2001-11-19,21.93,0.028,75.36,2.484
2001-11-20,21.996,0.009,67.84,2.531
2001-11-21,21.974,0.445,74.31,2.336
2001-11-22,21.278,7.621,85.89,2.233
2001-11-23,22.044,0.315,75.54,2.318
2001-11-24,21.787,0.146,73.15,2.321
2001-11-25,21.419,0.019,69.79,2.077
2001-11-26,21.308,0.002,66.07,1.928
2001-11-27,21.162,0.007,66.89,1.489
2001-11-28,21.356,0.107,69.71,1.759
2001-11-29,21.298,0.145,67.95,2.23
2001-11-30,21.261,0.0,63.3,2.383
2001-12-01,21.706,0.559,73.29,2.327
2001-12-02,22.24,0.067,67.62,2.531
2001-12-03,21.337,0.001,65.49,2.291
2001-12-04,21.913,0.006,68.01,2.138
2001-12-05,21.227,0.001,58.33,2.071
2001-12-06,20.464,0.001,50.2,1.968
2001-12-07,19.807,0.001,51.19,2.098
2001-12-08,19.774,0.003,54.12,1.928
2001-12-09,19.634,0.0,48.1,2.104
2001-12-10,19.614,0.001,49.18,1.909
2001-12-11,19.655,0.0,56.02,2.343
2001-12-12,19.959,0.0,49.0,2.589
2001-12-13,20.03,0.001,45.83,2.897
2001-12-14,20.628,0.001,53.43,2.57
2001-12-15,20.631,0.0,53.66,2.274
2001-12-16,20.267,0.001,48.8,2.569
2001-12-17,21.87,0.513,61.09,2.769
2001-12-18,22.29,0.14,67.95,3.227
2001-12-19,22.068,0.009,63.89,3.16
2001-12-20,21.878,0.008,58.45,3.27
2001-12-21,21.501,1.038,72.61,3.37
2001-12-22,21.693,1.836,75.24,3.494
2001-12-23,20.84,4.88,81.74,2.494
2001-12-24,20.932,1.694,79.15,2.234
2001-12-25,21.292,1.158,76.28,2.363
2001-12-26,21.741,0.157,72.19,2.699
2001-12-27,21.969,0.077,65.56,2.865
2001-12-28,21.636,0.004,66.52,2.66
2001-12-29,22.208,0.041,62.64,2.585
2001-12-30,22.091,0.002,56.26,2.221
2001-12-31,22.037,0.005,53.84,2.731
2002-01-01,21.926,0.006,57.99,2.963
2002-01-02,21.282,0.013,60.11,3.374
2002-01-03,21.138,0.01,56.7,3.066
2002-01-04,22.244,0.003,61.0,2.199
2002-01-05,22.477,0.2,66.8,2.329
2002-01-06,23.453,0.263,62.98,1.695
2002-01-07,22.792,0.71,70.4,1.605
2002-01-08,23.132,0.313,64.6,2.63
2002-01-09,22.851,0.347,64.67,2.787
2002-01-10,22.132,0.117,66.18,3.182
2002-01-11,22.173,0.004,51.47,2.576
2002-01-12,21.153,0.012,49.14,2.113
2002-01-13,20.598,0.0,39.85,2.18
2002-01-14,20.924,0.004,37.47,1.63
2002-01-15,21.554,0.02,40.69,1.019
2002-01-16,22.001,0.032,43.36,0.806
2002-01-17,22.175,0.069,50.18,0.671
2002-01-18,22.593,0.175,57.75,0.416
2002-01-19,22.864,0.376,59.88,0.56
2002-01-20,23.409,0.092,58.1,0.73
2002-01-21,23.753,0.087,63.73,1.305
2002-01-22,23.866,0.299,65.66,0.777
2002-01-23,24.691,0.003,56.97,0.888
2002-01-24,24.835,0.011,55.83,0.181
2002-01-25,24.987,0.001,51.82,0.738
2002-01-26,24.256,0.004,57.26,0.894
2002-01-27,23.625,0.002,62.0,1.288
2002-01-28,23.175,0.049,58.02,1.316
2002-01-29,23.008,0.161,59.54,0.205
2002-01-30,23.392,0.003,47.5,2.357
2002-01-31,22.985,0.001,56.76,2.956
2002-02-01,23.46,0.029,58.59,3.513
2002-02-02,21.351,1.773,70.14,3.202
2002-02-03,22.599,0.12,64.5,2.922
2002-02-04,23.54,0.098,60.33,2.34
2002-02-05,24.387,0.447,58.43,1.948
2002-02-06,24.488,1.664,63.4,0.562
2002-02-07,23.112,6.169,76.89,0.708
2002-02-08,22.466,8.847,80.37,0.29
2002-02-09,23.084,0.752,68.94,1.621
2002-02-10,23.006,0.163,55.07,1.126
2002-02-11,23.853,0.627,60.9,0.449
2002-02-12,23.781,0.128,59.29,2.467
2002-02-13,23.33,0.0,47.97,3.114
2002-02-14,23.35,0.002,48.47,2.992
2002-02-15,23.684,0.0,41.65,2.766
2002-02-16,23.826,0.007,41.13,1.684
2002-02-17,24.115,0.006,41.23,1.827
2002-02-18,23.909,0.001,40.93,1.559
2002-02-19,24.085,0.002,44.69,0.625
2002-02-20,24.74,0.006,45.35,1.508
2002-02-21,24.612,0.002,29.64,2.315
2002-02-22,23.817,0.002,32.12,2.831
2002-02-23,23.583,0.002,29.84,2.973
2002-02-24,23.648,0.002,25.45,2.794
2002-02-25,23.64,0.001,21.79,2.386
2002-02-26,24.127,0.002,29.51,1.791
2002-02-27,24.979,0.002,42.2,1.365
2002-02-28,25.488,0.001,39.04,1.578
2002-03-01,25.589,0.0,30.57,1.715
2002-03-02,25.382,0.009,31.81,1.342
2002-03-03,25.416,0.012,32.58,0.694
2002-03-04,25.546,0.009,33.61,1.497
2002-03-05,25.836,0.011,30.13,1.153
2002-03-06,26.112,0.036,36.99,0.336
2002-03-07,25.958,0.02,54.22,1.237
2002-03-08,26.132,0.015,51.23,0.859
2002-03-09,26.329,0.023,42.97,2.075
2002-03-10,26.404,0.001,35.53,2.057
2002-03-11,27.221,0.002,31.51,2.209
2002-03-12,27.587,0.017,32.18,2.061
2002-03-13,26.668,0.018,33.09,1.192
2002-03-14,26.274,0.048,42.11,0.248
2002-03-15,26.136,2.091,55.32,0.906
2002-03-16,26.237,1.717,58.87,0.453
2002-03-17,26.859,0.063,41.85,1.629
2002-03-18,26.691,0.001,33.79,2.96
2002-03-19,26.415,0.002,31.24,2.94
2002-03-20,25.99,0.0,28.07,2.071
2002-03-21,25.956,0.003,44.76,0.569
2002-03-22,26.394,0.018,48.94,1.144
2002-03-23,26.033,0.053,59.43,1.521
2002-03-24,26.576,0.032,54.16,0.932
2002-03-25,27.337,0.004,52.6,0.651
2002-03-26,27.247,0.113,57.35,1.116
2002-03-27,26.977,0.138,56.15,0.961
2002-03-28,26.213,0.381,64.12,1.236
2002-03-29,25.835,4.082,70.5,0.39
2002-03-30,25.932,1.117,69.02,0.785
2002-03-31,26.778,0.334,61.07,0.241
2002-04-01,25.727,2.106,69.38,1.539
2002-04-02,26.14,0.003,55.36,2.19
2002-04-03,26.056,0.098,58.59,1.888
2002-04-04,26.099,0.23,62.16,1.468
2002-04-05,25.754,4.983,66.76,0.193
2002-04-06,26.313,0.406,59.64,0.185
2002-04-07,26.528,0.098,54.22,0.395
2002-04-08,26.056,0.262,60.8,0.958
2002-04-09,25.964,0.896,63.08,0.653
2002-04-10,25.724,2.841,67.65,0.567
2002-04-11,25.625,3.505,70.95,1.011
2002-04-12,25.376,3.599,72.21,0.436
2002-04-13,25.163,2.166,70.53,0.283
2002-04-14,26.007,0.337,62.95,0.486
2002-04-15,26.369,0.205,61.97,0.83
2002-04-16,27.233,0.093,54.62,0.359
2002-04-17,27.454,0.065,54.03,0.17
2002-04-18,27.865,0.08,50.95,0.222
2002-04-19,27.321,0.064,55.38,0.74
2002-04-20,27.622,0.092,54.85,0.21
2002-04-21,27.244,0.111,58.26,0.629
2002-04-22,26.607,0.57,61.28,1.159
2002-04-23,27.299,1.622,61.44,0.429
2002-04-24,27.732,0.185,56.51,0.47
2002-04-25,27.941,0.089,54.96,0.116
2002-04-26,27.748,0.103,56.99,0.728
2002-04-27,28.227,0.149,53.58,0.561
2002-04-28,28.261,0.153,53.35,0.49
2002-04-29,28.113,0.081,54.96,0.769
2002-04-30,28.405,0.215,55.67,0.64
2002-05-01,28.937,0.082,47.49,0.157
2002-05-02,29.181,0.051,41.53,1.925
2002-05-03,27.474,0.433,56.76,2.271
2002-05-04,25.823,1.609,69.87,1.193
2002-05-05,25.689,0.076,68.07,1.556
2002-05-06,26.323,0.481,64.67,2.443
2002-05-07,26.616,1.367,64.79,1.925
2002-05-08,26.563,2.631,66.05,2.304
2002-05-09,25.584,6.467,73.4,2.5
2002-05-10,25.42,4.478,74.2,2.61
2002-05-11,25.748,3.658,72.4,2.888
2002-05-12,25.682,2.118,73.22,2.968
2002-05-13,24.891,2.802,74.38,3.121
2002-05-14,25.536,1.054,71.06,2.793
2002-05-15,25.563,2.63,73.42,2.073
2002-05-16,25.286,1.502,74.99,2.851
2002-05-17,24.48,3.278,77.41,3.526
2002-05-18,23.697,5.072,80.84,3.67
2002-05-19,23.815,0.861,77.5,3.739
2002-05-20,23.957,0.97,76.37,3.694
2002-05-21,24.208,2.63,76.73,2.992
2002-05-22,24.355,2.369,76.25,2.359
2002-05-23,24.694,3.054,76.04,1.732
2002-05-24,25.345,1.418,74.18,1.989
2002-05-25,25.275,2.993,74.32,1.917
2002-05-26,24.742,3.149,76.5,2.346
2002-05-27,24.46,1.76,75.25,2.547
2002-05-28,24.282,2.865,76.11,2.728
2002-05-29,23.955,10.328,80.14,2.345
2002-05-30,24.144,5.473,79.55,1.777
2002-05-31,24.266,5.716,79.44,1.878
2002-06-01,23.791,7.762,80.2,1.966
2002-06-02,23.622,1.821,77.9,2.991
2002-06-03,23.404,1.253,77.17,3.304
2002-06-04,23.715,0.987,75.74,2.441
2002-06-05,24.593,0.364,71.71,2.52
2002-06-06,23.808,3.896,78.22,2.233
2002-06-07,24.002,3.648,77.23,2.515
2002-06-08,23.905,3.716,77.36,2.636
2002-06-09,24.046,1.846,77.89,2.649
2002-06-10,23.903,3.228,79.06,2.556
2002-06-11,23.526,7.354,81.52,2.083
2002-06-12,23.514,6.08,80.72,2.4
2002-06-13,23.176,8.533,82.07,3.43
2002-06-14,22.953,2.297,79.36,4.279
2002-06-15,22.512,3.184,80.59,4.26
2002-06-16,22.869,2.178,80.41,4.1
2002-06-17,22.759,0.842,79.06,3.611
2002-06-18,23.053,4.162,78.92,3.667
2002-06-19,21.769,10.025,90.53,3.576
2002-06-20,22.035,2.901,86.74,3.928
2002-06-21,22.68,2.32,82.63,4.016
2002-06-22,23.107,2.139,80.79,4.251
2002-06-23,23.031,4.567,82.87,4.389
2002-06-24,23.028,2.668,81.68,4.854
2002-06-25,23.205,2.119,79.78,4.59
2002-06-26,23.213,1.362,79.26,3.901
2002-06-27,23.796,0.702,75.41,3.243
2002-06-28,24.072,0.669,75.05,2.936
2002-06-29,24.016,0.876,74.41,2.688
2002-06-30,23.996,0.466,72.75,3.203
2002-07-01,23.441,1.585,78.01,3.536
2002-07-02,23.103,1.692,78.92,3.818
2002-07-03,23.255,1.625,78.58,3.596
2002-07-04,23.698,0.772,75.53,3.705
2002-07-05,23.761,0.785,74.73,3.627
2002-07-06,23.77,1.536,75.36,3.35
2002-07-07,24.045,0.659,72.79,3.307
2002-07-08,23.775,0.164,69.77,3.535
2002-07-09,23.571,0.21,68.83,3.547
2002-07-10,23.25,0.769,72.42,3.783
2002-07-11,22.632,3.498,79.95,3.803
2002-07-12,22.726,2.679,79.24,3.619
2002-07-13,23.229,1.386,74.96,3.797
2002-07-14,22.944,1.529,75.74,3.657
2002-07-15,23.242,0.989,74.02,3.657
2002-07-16,22.482,1.133,76.76,3.542
2002-07-17,22.791,1.178,75.59,3.639
2002-07-18,23.039,0.89,74.99,3.388
2002-07-19,22.987,1.206,76.47,3.141
2002-07-20,22.981,1.829,76.27,2.854
2002-07-21,22.328,4.976,80.0,2.775
2002-07-22,22.112,6.599,82.39,2.817
2002-07-23,22.7,2.481,77.92,2.783
2002-07-24,23.214,0.342,73.33,3.059
2002-07-25,22.198,4.11,81.02,2.978
2002-07-26,23.483,0.073,67.93,3.273
2002-07-27,23.327,0.602,72.95,3.389
2002-07-28,22.817,2.804,79.28,2.95
2002-07-29,23.047,3.408,78.26,3.212
2002-07-30,22.948,2.792,79.47,3.084
2002-07-31,22.586,5.938,81.84,2.712
2002-08-01,22.676,4.698,82.74,3.109
2002-08-02,22.65,5.289,83.08,3.086
2002-08-03,22.467,7.501,82.78,3.602
2002-08-04,21.691,9.542,87.05,3.817
2002-08-05,21.176,10.452,89.44,3.653
2002-08-06,21.845,2.472,83.72,4.213
2002-08-07,22.014,1.38,79.91,4.125
2002-08-08,20.662,19.84,89.81,3.707
2002-08-09,20.235,13.171,91.68,3.185
2002-08-10,20.901,6.731,89.08,3.548
2002-08-11,21.277,4.751,86.01,3.75
2002-08-12,21.994,1.678,79.84,4.219
2002-08-13,22.36,1.886,79.13,4.519
2002-08-14,22.55,1.019,78.08,4.269
2002-08-15,22.572,2.319,80.33,4.1
2002-08-16,21.661,10.692,88.9,3.813
2002-08-17,21.431,4.641,84.97,4.258
2002-08-18,22.12,0.932,78.17,4.41
2002-08-19,22.61,1.284,77.68,3.955
2002-08-20,22.417,1.852,78.86,3.829
2002-08-21,22.88,0.704,76.39,3.572
2002-08-22,22.646,1.19,79.32,3.308
2002-08-23,22.812,0.982,76.79,3.298
2002-08-24,22.682,0.644,76.38,3.165
2002-08-25,22.759,1.063,76.53,2.696
2002-08-26,23.507,0.055,71.69,1.851
2002-08-27,23.865,0.198,72.49,1.223
2002-08-28,23.253,2.498,78.09,1.352
2002-08-29,23.346,1.024,77.32,1.582
2002-08-30,23.564,0.468,73.94,2.293
2002-08-31,23.273,1.861,77.19,2.359
2002-09-01,23.344,0.396,72.89,3.048
2002-09-02,23.297,0.684,74.45,3.056
2002-09-03,22.985,2.329,78.15,3.117
2002-09-04,23.203,0.807,75.71,2.897
2002-09-05,23.266,0.516,74.53,3.414
2002-09-06,22.62,1.563,78.7,3.66
2002-09-07,22.69,2.325,78.86,3.554
2002-09-08,23.013,0.59,75.12,3.432
2002-09-09,21.038,6.459,87.98,3.243
2002-09-10,22.484,0.547,74.0,2.932
2002-09-11,22.409,0.522,71.91,2.901
2002-09-12,22.526,0.404,73.91,2.629
2002-09-13,23.532,0.056,68.3,1.847
2002-09-14,24.066,0.512,70.64,1.078
2002-09-15,23.293,10.382,80.48,1.504
2002-09-16,22.348,6.641,81.82,2.342
2002-09-17,22.54,1.025,77.19,2.193
2002-09-18,23.239,0.108,71.12,1.621
2002-09-19,23.448,1.384,74.97,1.432
2002-09-20,23.855,0.381,72.61,1.81
2002-09-21,23.711,0.011,65.47,2.37
2002-09-22,23.46,0.011,64.34,2.413
2002-09-23,23.592,0.005,66.95,2.343
2002-09-24,23.944,0.006,66.55,2.415
2002-09-25,23.728,0.444,70.06,2.293
2002-09-26,24.382,0.03,66.47,1.761
2002-09-27,24.597,0.583,68.74,1.147
2002-09-28,24.247,2.605,75.23,0.194
2002-09-29,24.564,2.491,73.37,0.214
2002-09-30,23.751,12.586,78.18,0.363
2002-10-01,25.301,0.223,64.4,1.055
2002-10-02,24.95,0.482,68.15,0.275
2002-10-03,24.451,8.978,74.73,0.504
2002-10-04,25.07,0.205,65.9,0.395
2002-10-05,25.678,0.07,59.22,0.726
2002-10-06,25.515,0.396,63.25,1.311
2002-10-07,24.591,2.97,72.87,1.346
2002-10-08,25.025,0.524,65.75,1.976
2002-10-09,23.471,12.264,78.3,1.06
2002-10-10,22.376,11.344,84.73,2.002
2002-10-11,22.004,4.195,86.08,3.082
2002-10-12,21.168,46.297,92.01,3.156
2002-10-13,21.039,24.401,94.43,1.844
2002-10-14,21.965,8.16,90.39,2.009
2002-10-15,21.985,5.162,89.69,1.831
2002-10-16,22.561,1.897,83.27,2.326
2002-10-17,22.456,0.828,80.49,2.3
2002-10-18,22.687,0.889,80.7,2.121
2002-10-19,22.218,7.02,84.03,1.428
2002-10-20,22.882,0.187,76.58,0.786
2002-10-21,22.455,0.883,78.17,0.892
2002-10-22,23.217,0.285,71.18,1.111
2002-10-23,23.238,0.004,66.16,1.104
2002-10-24,23.463,0.003,62.79,1.314
2002-10-25,22.521,1.708,75.19,1.038
2002-10-26,22.32,14.411,84.97,1.009
2002-10-27,22.67,16.088,84.34,0.089
2002-10-28,21.482,12.828,90.39,0.415
2002-10-29,22.135,12.427,85.79,0.443
2002-10-30,22.221,7.174,84.48,1.884
2002-10-31,21.733,0.182,73.69,2.402
2002-11-01,21.068,1.379,83.99,2.379
2002-11-02,21.504,8.281,87.35,2.087
2002-11-03,22.502,0.257,75.79,2.599
2002-11-04,22.374,0.009,71.21,2.344
2002-11-05,22.16,4.621,79.66,2.034
2002-11-06,21.769,5.632,86.07,1.541
2002-11-07,21.982,6.764,86.24,1.35
2002-11-08,22.164,2.558,82.55,2.179
2002-11-09,22.088,2.529,84.11,1.89
2002-11-10,22.326,1.114,81.04,1.149
2002-11-11,22.501,0.412,78.59,0.629
2002-11-12,22.063,0.176,76.18,1.604
2002-11-13,22.487,0.11,73.35,0.632
2002-11-14,22.932,0.183,75.91,1.291
2002-11-15,23.143,0.175,71.91,2.31
2002-11-16,23.322,0.001,68.33,2.565
2002-11-17,22.888,0.018,69.59,2.448
2002-11-18,22.383,0.919,68.23,2.502
2002-11-19,22.24,0.575,77.14,2.561
2002-11-20,22.129,1.613,79.29,2.229
2002-11-21,22.906,0.151,70.62,2.382
2002-11-22,21.858,0.078,58.37,2.023
2002-11-23,22.067,0.062,71.57,0.551
2002-11-24,22.516,0.083,74.35,1.043
2002-11-25,22.81,0.081,68.6,0.669
2002-11-26,23.302,0.059,62.27,0.498
2002-11-27,23.143,0.02,59.34,0.846
2002-11-28,22.774,0.005,52.33,1.166
2002-11-29,22.035,0.006,52.51,1.463
2002-11-30,21.648,0.002,42.57,1.358
2002-12-01,21.646,0.003,45.7,1.454
2002-12-02,21.771,0.0,43.45,1.541
2002-12-03,22.242,0.0,52.15,1.422
2002-12-04,22.521,0.006,53.94,1.87
2002-12-05,22.417,0.003,49.5,2.142
2002-12-06,22.698,0.671,69.15,2.794
2002-12-07,22.38,2.1,79.46,3.048
2002-12-08,22.746,0.59,71.08,3.322
2002-12-09,22.787,0.001,47.05,3.152
2002-12-10,22.237,0.001,51.64,2.606
2002-12-11,22.846,0.0,51.27,2.942
2002-12-12,22.358,0.002,48.26,2.899
2002-12-13,21.513,0.0,43.57,2.794
2002-12-14,20.713,0.001,40.12,2.424
2002-12-15,22.054,0.0,50.87,2.798
2002-12-16,22.445,0.003,54.62,2.735
2002-12-17,21.213,0.001,37.42,2.609
2002-12-18,20.597,0.001,39.33,2.194
2002-12-19,20.91,0.0,33.92,2.377
2002-12-20,21.024,0.0,36.41,1.995
2002-12-21,21.215,0.002,32.7,2.312
2002-12-22,21.367,0.002,36.53,2.405
2002-12-23,21.21,0.003,43.25,2.544
2002-12-24,20.961,0.001,47.57,1.507
2002-12-25,21.438,0.002,48.51,0.864
2002-12-26,21.723,0.002,50.52,0.39
2002-12-27,22.072,0.002,55.21,0.127
2002-12-28,21.991,0.047,60.84,0.175
2002-12-29,21.613,0.179,65.49,0.546
2002-12-30,21.032,0.564,65.88,1.219
2002-12-31,21.329,0.004,59.02,1.151
2003-01-01,21.423,0.002,59.71,0.48
2003-01-02,22.161,0.008,55.94,1.252
2003-01-03,21.762,0.013,56.62,2.207
2003-01-04,22.177,0.008,52.57,2.126
2003-01-05,23.014,0.0,57.03,2.621
2003-01-06,23.204,0.0,51.7,2.496
2003-01-07,23.237,0.002,55.26,2.114
2003-01-08,23.761,0.005,57.82,1.539
2003-01-09,23.48,0.494,60.93,1.897
2003-01-10,23.019,0.033,61.49,2.645
2003-01-11,23.397,0.022,54.12,2.51
2003-01-12,23.053,0.003,46.04,2.769
2003-01-13,22.125,-0.0,50.93,2.22
2003-01-14,22.438,0.001,48.63,3.132
2003-01-15,21.815,0.001,46.51,2.95
2003-01-16,22.543,0.003,51.58,2.511
2003-01-17,22.403,0.002,51.69,2.531
2003-01-18,22.563,0.001,47.53,2.522
2003-01-19,23.031,0.004,56.8,1.989
2003-01-20,23.442,0.012,63.15,2.323
2003-01-21,23.557,0.011,55.44,2.111
2003-01-22,23.704,0.004,46.1,2.103
2003-01-23,23.283,0.027,37.25,0.744
2003-01-24,23.476,0.033,45.92,0.523
2003-01-25,24.212,0.011,43.88,1.839
2003-01-26,23.346,0.002,41.02,2.351
2003-01-27,22.999,0.001,41.86,2.27
2003-01-28,23.151,0.016,47.48,1.496
2003-01-29,23.351,0.023,46.38,1.214
2003-01-30,23.579,0.059,40.29,0.963
2003-01-31,23.867,0.04,40.56,1.022
2003-02-01,24.23,0.161,53.13,1.067
2003-02-02,24.428,0.028,58.58,1.895
2003-02-03,24.336,0.114,60.01,0.963
2003-02-04,23.772,1.333,64.71,0.732
2003-02-05,24.653,0.151,54.95,2.63
2003-02-06,24.5,0.004,48.95,2.341
2003-02-07,24.165,0.278,49.45,1.268
2003-02-08,24.522,0.186,53.5,0.839
2003-02-09,24.695,0.118,53.03,0.469
2003-02-10,24.886,0.021,48.13,2.095
2003-02-11,24.905,0.002,41.45,2.412
2003-02-12,24.978,0.011,52.15,1.196
2003-02-13,24.923,0.12,60.18,0.41
2003-02-14,25.855,0.028,53.54,1.476
2003-02-15,25.41,0.291,56.64,0.372
2003-02-16,25.532,0.135,55.01,0.947
2003-02-17,25.716,0.005,51.01,0.921
2003-02-18,25.145,0.03,54.62,0.4
2003-02-19,25.105,0.049,54.49,0.256
2003-02-20,25.916,0.006,50.44,0.354
2003-02-21,26.211,0.054,49.39,0.813
2003-02-22,26.383,0.012,44.5,1.122
2003-02-23,26.266,0.177,45.95,1.176
2003-02-24,25.783,0.383,52.52,0.13
2003-02-25,24.375,1.655,66.84,0.898
2003-02-26,25.214,0.477,62.3,1.092
2003-02-27,25.331,0.315,58.03,0.519
2003-02-28,25.701,0.013,49.18,1.168
2003-03-01,25.149,0.095,55.68,0.299
2003-03-02,26.375,0.009,47.25,0.956
2003-03-03,26.39,0.038,42.97,0.583
2003-03-04,26.606,0.01,42.56,0.545
2003-03-05,27.16,0.007,41.07,1.187
2003-03-06,27.09,0.009,35.26,1.9
2003-03-07,27.238,0.034,32.68,1.879
2003-03-08,26.859,0.015,38.3,1.683
2003-03-09,27.046,0.051,40.02,1.732
2003-03-10,26.566,0.051,45.61,0.424
2003-03-11,26.28,0.008,54.35,1.0
2003-03-12,26.369,0.016,55.83,0.869
2003-03-13,26.482,0.226,54.79,0.623
2003-03-14,25.838,1.365,60.56,0.069
2003-03-15,25.483,5.557,66.27,0.706
2003-03-16,23.975,5.777,76.17,0.799
2003-03-17,24.538,4.793,72.28,0.434
2003-03-18,24.316,2.825,71.59,0.835
2003-03-19,24.88,1.288,66.96,0.737
2003-03-20,24.147,2.124,73.43,0.372
2003-03-21,25.259,0.91,63.89,1.86
2003-03-22,26.039,0.004,45.29,2.551
2003-03-23,26.238,0.002,37.42,1.999
2003-03-24,26.516,0.002,32.67,1.191
2003-03-25,26.542,0.02,44.99,0.284
2003-03-26,26.976,0.043,42.12,0.631
2003-03-27,26.661,0.033,52.84,0.656
2003-03-28,25.684,0.313,61.58,1.27
2003-03-29,26.37,0.112,59.87,1.044
2003-03-30,26.749,0.88,62.49,0.957
2003-03-31,26.573,0.817,64.1,1.587
2003-04-01,26.665,0.461,63.87,1.567
2003-04-02,25.582,4.061,72.69,2.092
2003-04-03,24.698,3.537,73.94,2.626
2003-04-04,25.289,0.429,64.3,2.476
2003-04-05,24.979,2.901,68.77,1.066
2003-04-06,26.353,0.364,58.95,0.723
2003-04-07,26.629,0.064,49.98,0.882
2003-04-08,26.933,0.014,52.34,0.262
2003-04-09,26.808,0.238,61.47,0.633
2003-04-10,25.998,2.633,69.22,0.817
2003-04-11,25.332,5.452,73.44,0.774
2003-04-12,25.852,1.109,67.63,0.49
2003-04-13,26.556,0.655,64.58,0.645
2003-04-14,27.607,0.021,55.24,0.653
2003-04-15,27.495,0.098,55.41,0.737
2003-04-16,28.201,0.04,54.06,0.303
2003-04-17,27.514,0.177,59.4,0.772
2003-04-18,27.044,0.41,62.29,1.452
2003-04-19,26.212,6.253,69.24,0.851
2003-04-20,26.58,1.202,64.92,0.937
2003-04-21,26.72,1.291,63.28,0.5
2003-04-22,27.376,0.104,56.99,0.454
2003-04-23,27.56,0.104,57.0,0.756
2003-04-24,27.291,0.968,59.65,0.952
2003-04-25,28.603,0.047,46.2,0.866
2003-04-26,27.553,0.039,50.84,0.738
2003-04-27,27.648,0.219,52.0,0.405
2003-04-28,26.961,1.043,59.67,0.581
2003-04-29,26.053,3.112,65.42,0.899
2003-04-30,26.435,0.311,59.83,1.293
2003-05-01,27.167,0.069,54.09,0.914
2003-05-02,27.327,0.041,59.25,0.723
2003-05-03,26.521,1.028,69.0,2.51
2003-05-04,25.978,5.319,72.76,2.61
2003-05-05,26.225,0.946,71.24,2.358
2003-05-06,24.055,4.671,80.3,2.721
2003-05-07,25.576,0.622,68.36,2.352
2003-05-08,27.092,0.07,59.04,1.426
2003-05-09,27.61,0.438,59.27,0.676
2003-05-10,26.817,4.222,66.15,0.963
2003-05-11,27.089,0.985,64.3,1.8
2003-05-12,26.41,0.251,67.73,2.621
2003-05-13,25.474,1.37,73.28,3.369
2003-05-14,25.99,0.41,67.51,3.636
2003-05-15,26.063,1.02,68.13,3.386
2003-05-16,25.469,0.72,71.54,3.872
2003-05-17,25.692,0.538,69.07,3.868
2003-05-18,25.937,0.229,64.58,3.779
2003-05-19,26.238,0.334,64.03,3.098
2003-05-20,26.65,0.053,60.02,2.606
2003-05-21,26.834,0.093,59.19,2.781
2003-05-22,26.302,0.38,62.06,2.972
2003-05-23,26.601,0.398,60.33,2.538
2003-05-24,27.461,0.126,58.1,2.252
2003-05-25,26.876,2.134,68.84,2.355
2003-05-26,26.869,1.392,65.09,2.776
2003-05-27,26.457,1.973,66.4,2.687
2003-05-28,25.9,2.173,70.0,2.396
2003-05-29,26.593,0.582,63.79,2.742
2003-05-30,26.519,0.434,58.94,3.105
2003-05-31,26.846,0.898,61.13,2.26
2003-06-01,26.315,3.259,67.97,2.812
2003-06-02,25.775,6.501,73.03,2.733
2003-06-03,24.926,4.422,78.39,3.061
2003-06-04,25.514,0.575,67.96,3.107
2003-06-05,25.011,1.603,71.48,3.166
2003-06-06,25.287,2.051,71.82,3.034
2003-06-07,25.678,0.838,70.8,2.999
2003-06-08,24.34,7.163,78.08,2.667
2003-06-09,24.457,3.158,76.75,2.846
2003-06-10,24.969,1.009,72.62,3.167
2003-06-11,25.262,0.605,71.96,2.767
2003-06-12,24.797,1.956,74.99,2.773
2003-06-13,24.454,2.35,77.24,3.238
2003-06-14,23.609,2.195,77.98,3.893
2003-06-15,22.71,5.703,82.12,4.115
2003-06-16,22.025,9.696,88.61,3.276
2003-06-17,23.237,2.525,80.73,3.883
2003-06-18,22.416,15.924,86.64,3.646
2003-06-19,21.378,18.183,92.58,3.867
2003-06-20,21.555,14.011,91.39,3.662
2003-06-21,21.582,23.27,92.54,3.072
2003-06-22,21.253,18.799,94.36,3.204
2003-06-23,21.701,9.777,89.45,3.24
2003-06-24,21.831,2.494,88.41,3.035
2003-06-25,22.368,1.289,80.85,3.518
2003-06-26,22.771,1.97,80.7,3.07
2003-06-27,22.945,2.622,80.86,3.234
2003-06-28,22.955,1.203,79.4,3.4
2003-06-29,22.958,1.043,78.78,3.45
2003-06-30,22.579,3.105,81.37,3.595
2003-07-01,21.987,6.061,85.27,3.303
2003-07-02,21.241,6.393,87.77,3.862
2003-07-03,21.223,8.42,88.34,3.125
2003-07-04,20.58,23.164,92.9,3.078
2003-07-05,20.005,44.997,96.37,2.726
2003-07-06,21.065,13.196,86.77,3.399
2003-07-07,21.456,2.905,83.7,3.286
2003-07-08,21.585,3.736,87.05,2.638
2003-07-09,22.019,4.075,85.13,2.877
2003-07-10,21.932,1.909,84.19,3.088
2003-07-11,21.448,5.189,88.86,3.118
2003-07-12,21.835,6.631,84.15,3.292
2003-07-13,21.958,10.295,87.99,3.511
2003-07-14,21.696,9.115,90.44,3.227
2003-07-15,20.858,23.475,93.49,3.685
2003-07-16,20.639,27.977,93.9,3.047
2003-07-17,22.429,3.641,83.64,3.224
2003-07-18,22.597,3.013,82.85,2.999
2003-07-19,22.558,3.178,83.66,2.606
2003-07-20,23.368,0.609,80.79,2.468
2003-07-21,22.937,4.194,83.35,2.805
2003-07-22,22.848,3.822,82.58,3.073
2003-07-23,22.575,4.257,83.55,3.577
2003-07-24,22.167,5.787,84.12,3.656
2003-07-25,22.396,1.361,80.68,4.512
2003-07-26,22.376,1.78,81.59,4.449
2003-07-27,22.602,2.926,81.28,4.443
2003-07-28,22.489,3.149,83.03,3.424
2003-07-29,22.492,3.96,83.26,2.691
2003-07-30,22.646,6.212,83.4,2.182
2003-07-31,22.632,3.59,83.35,2.043
2003-08-01,22.302,7.293,87.15,2.186
2003-08-02,22.103,4.491,86.48,2.204
2003-08-03,22.165,3.873,85.15,2.417
2003-08-04,22.523,2.037,80.54,2.99
2003-08-05,22.56,1.107,80.6,3.589
2003-08-06,22.525,2.47,81.63,3.563
2003-08-07,22.468,3.353,82.86,3.964
2003-08-08,22.711,1.689,81.96,3.5
2003-08-09,23.226,0.998,79.46,3.12
2003-08-10,23.467,0.878,77.43,2.75
2003-08-11,23.475,1.317,79.86,2.463
2003-08-12,23.381,1.809,79.68,2.433
2003-08-13,22.903,2.207,81.38,2.911
2003-08-14,22.854,0.883,79.08,3.142
2003-08-15,22.367,4.236,81.68,3.037
2003-08-16,22.319,5.099,81.98,2.909
2003-08-17,22.229,6.783,83.21,2.861
2003-08-18,22.343,2.678,80.87,3.133
2003-08-19,21.936,1.707,80.33,3.323
2003-08-20,21.795,7.118,83.34,3.668
2003-08-21,21.334,12.479,89.23,3.394
2003-08-22,20.579,20.25,94.55,3.6
2003-08-23,21.0,12.182,92.02,3.368
2003-08-24,22.596,1.639,82.42,3.357
2003-08-25,22.413,1.211,81.47,3.095
2003-08-26,22.216,2.886,82.62,2.929
2003-08-27,21.827,5.376,85.08,2.814
2003-08-28,22.405,0.464,78.8,2.919
2003-08-29,22.436,1.584,80.99,2.854
2003-08-30,22.533,1.744,81.77,2.735
2003-08-31,21.756,11.913,87.0,2.795
2003-09-01,21.565,6.203,84.86,3.06
2003-09-02,21.624,6.674,86.36,2.585
2003-09-03,22.205,2.27,82.47,2.982
2003-09-04,22.388,0.594,77.48,3.132
2003-09-05,22.525,0.627,77.28,3.172
2003-09-06,21.631,6.269,85.22,3.346
2003-09-07,22.094,1.704,83.01,3.009
2003-09-08,22.687,0.957,79.35,2.603
2003-09-09,22.287,1.549,81.46,2.85
2003-09-10,22.069,0.955,77.83,2.993
2003-09-11,21.818,0.735,78.36,2.679
2003-09-12,22.12,0.458,76.59,2.531
2003-09-13,22.234,0.606,75.84,2.775
2003-09-14,22.334,0.291,75.46,2.915
2003-09-15,22.167,1.064,79.79,2.973
2003-09-16,22.112,6.175,83.42,2.757
2003-09-17,22.603,2.535,81.69,2.737
2003-09-18,22.452,2.353,81.76,2.402
2003-09-19,22.928,0.016,74.65,2.213
2003-09-20,23.064,0.019,73.33,1.912
2003-09-21,23.256,0.01,71.6,2.036
2003-09-22,23.422,0.02,69.03,2.179
2003-09-23,23.002,0.69,76.54,2.369
2003-09-24,22.683,0.361,75.87,2.426
2003-09-25,22.846,7.393,81.3,1.704
2003-09-26,23.078,1.759,79.23,1.699
2003-09-27,23.283,0.12,74.61,2.219
2003-09-28,23.918,0.024,72.14,1.804
2003-09-29,23.705,0.836,76.33,1.722
2003-09-30,23.277,8.557,81.81,0.948
2003-10-01,23.543,10.087,80.44,0.249
2003-10-02,23.388,6.99,82.13,0.513
2003-10-03,23.216,13.148,83.07,0.561
2003-10-04,22.083,9.038,89.14,1.302
2003-10-05,22.469,2.19,85.65,2.088
2003-10-06,22.286,7.602,88.09,2.296
2003-10-07,22.088,8.321,89.78,2.273
2003-10-08,22.271,0.769,85.36,2.81
2003-10-09,22.107,0.228,78.25,2.975
2003-10-10,22.321,0.736,76.79,2.31
2003-10-11,21.869,11.037,84.46,0.703
2003-10-12,22.098,19.465,87.46,0.08
2003-10-13,21.938,9.374,88.55,0.131
2003-10-14,22.079,4.476,85.92,0.283
2003-10-15,23.104,0.26,76.61,0.415
2003-10-16,22.699,7.164,82.38,0.507
2003-10-17,23.127,0.935,80.76,0.834
2003-10-18,22.564,5.283,85.33,1.616
2003-10-19,21.931,11.032,88.73,1.527
2003-10-20,21.492,16.839,91.65,1.412
2003-10-21,20.666,47.693,95.56,1.405
2003-10-22,21.399,8.996,92.93,1.578
2003-10-23,21.553,6.05,91.25,1.793
2003-10-24,22.327,0.311,80.71,2.217
2003-10-25,22.146,0.047,75.42,1.171
2003-10-26,22.206,0.005,70.79,1.063
2003-10-27,22.336,0.223,73.65,0.494
2003-10-28,22.413,0.34,74.5,0.719
2003-10-29,22.366,2.232,81.52,0.669
2003-10-30,22.654,0.557,77.2,2.052
2003-10-31,22.543,0.019,74.56,1.464
2003-11-01,22.856,0.105,74.92,1.975
2003-11-02,23.046,0.188,74.59,2.503
2003-11-03,22.755,1.007,78.21,2.622
2003-11-04,22.44,0.168,71.68,2.558
2003-11-05,22.419,0.003,71.18,1.95
2003-11-06,23.021,0.007,69.44,2.065
2003-11-07,20.873,4.612,86.79,1.807
2003-11-08,20.972,8.007,90.73,2.007
2003-11-09,21.811,4.332,85.09,2.837
2003-11-10,21.709,0.353,73.48,2.813
2003-11-11,21.203,0.001,67.17,2.254
2003-11-12,21.906,0.055,72.92,2.411
2003-11-13,22.153,0.021,72.77,2.792
2003-11-14,22.483,0.662,76.97,2.628
2003-11-15,22.241,0.027,74.26,2.456
2003-11-16,21.979,0.002,67.86,2.314
2003-11-17,22.354,0.004,69.79,1.934
2003-11-18,22.276,0.01,71.26,1.765
2003-11-19,20.981,0.003,63.45,2.211
2003-11-20,21.264,0.0,66.27,2.147
2003-11-21,18.941,5.223,78.22,1.62
2003-11-22,19.363,3.398,84.27,2.262
2003-11-23,20.337,0.016,74.36,2.49
2003-11-24,20.117,0.0,68.7,2.479
2003-11-25,20.22,0.001,62.68,2.35
2003-11-26,20.946,0.019,72.38,1.968
2003-11-27,19.913,0.003,61.69,1.931
2003-11-28,20.014,5.848,78.39,2.006
2003-11-29,20.74,2.785,87.71,2.881
2003-11-30,21.954,0.251,77.51,2.785
2003-12-01,21.447,0.013,72.32,2.719
2003-12-02,20.179,0.001,61.18,1.922
2003-12-03,20.249,0.001,65.76,1.911
2003-12-04,20.088,0.003,64.68,2.134
2003-12-05,20.64,0.0,67.67,2.174
2003-12-06,19.63,0.001,54.87,2.174
2003-12-07,19.169,0.001,46.23,2.159
2003-12-08,19.526,0.001,51.35,1.881
2003-12-09,19.588,0.001,59.31,1.854
2003-12-10,19.578,0.001,53.02,2.133
2003-12-11,19.909,0.0,58.18,2.048
2003-12-12,20.919,0.008,65.05,2.507
2003-12-13,20.903,0.005,59.19,2.279
2003-12-14,20.591,0.0,50.11,1.749
2003-12-15,21.237,0.003,58.15,1.417
2003-12-16,21.932,0.002,53.78,1.058
2003-12-17,21.898,0.001,52.81,0.754
2003-12-18,22.389,0.236,68.13,1.083
2003-12-19,22.19,0.113,68.23,1.422
2003-12-20,21.534,0.03,56.5,1.99
2003-12-21,20.63,0.002,49.74,2.044
2003-12-22,20.16,0.001,47.22,2.228
2003-12-23,20.777,0.0,55.1,2.231
2003-12-24,21.495,0.029,65.29,1.809
2003-12-25,22.774,0.351,67.53,1.755
2003-12-26,22.355,0.786,70.99,2.066
2003-12-27,22.735,0.089,65.9,2.271
2003-12-28,23.169,0.015,62.27,2.806
2003-12-29,22.831,0.021,60.93,3.237
2003-12-30,22.29,0.011,52.94,2.996
2003-12-31,21.537,0.031,58.26,2.568
2004-01-01,22.027,0.012,57.93,1.979
2004-01-02,22.234,0.015,58.64,1.768
2004-01-03,21.827,0.003,58.53,1.975
2004-01-04,21.351,0.002,51.95,2.116
2004-01-05,22.053,0.074,58.93,1.256
2004-01-06,22.241,0.496,63.98,1.577
2004-01-07,22.161,0.634,64.85,2.266
2004-01-08,22.462,0.003,55.61,3.092
2004-01-09,20.856,0.002,50.95,3.101
2004-01-10,21.26,0.001,52.28,2.815
2004-01-11,20.858,0.002,44.13,2.487
2004-01-12,20.801,0.001,48.9,2.015
2004-01-13,21.004,0.001,45.44,1.878
2004-01-14,21.378,0.002,44.8,1.449
2004-01-15,21.767,0.002,43.35,1.564
2004-01-16,21.874,0.002,40.49,1.572
2004-01-17,21.561,0.003,46.42,0.666
2004-01-18,22.438,0.0,52.32,0.152
2004-01-19,22.908,0.032,52.59,0.91
2004-01-20,23.221,0.137,57.59,0.951
2004-01-21,23.755,0.228,58.55,0.964
2004-01-22,23.4,0.334,62.69,0.367
2004-01-23,23.389,0.301,62.57,0.214
2004-01-24,23.813,0.087,58.47,0.878
2004-01-25,23.801,0.212,62.64,0.886
2004-01-26,23.226,0.013,56.65,1.618
2004-01-27,24.003,0.035,54.49,0.395
2004-01-28,23.785,0.331,61.28,0.99
2004-01-29,23.403,0.415,63.73,0.998
2004-01-30,23.485,0.357,61.98,0.092
2004-01-31,23.767,0.242,61.61,0.505
2004-02-01,23.991,0.377,61.07,0.43
2004-02-02,23.647,0.137,52.84,1.714
2004-02-03,23.844,0.002,44.0,1.628
2004-02-04,24.014,0.013,56.83,0.537
2004-02-05,24.045,0.062,57.72,0.354
2004-02-06,24.988,0.075,56.3,0.343
2004-02-07,24.742,0.333,58.25,0.579
2004-02-08,23.234,0.897,66.42,1.805
2004-02-09,23.967,0.022,51.55,1.584
2004-02-10,23.712,0.075,54.91,1.353
2004-02-11,23.839,0.094,47.59,1.463
2004-02-12,23.835,0.001,39.11,2.205
2004-02-13,23.442,0.001,33.66,2.593
2004-02-14,23.08,0.002,31.6,2.53
2004-02-15,22.832,0.0,32.81,2.102
2004-02-16,23.218,0.0,30.24,2.378
2004-02-17,23.323,0.001,32.87,1.984
2004-02-18,23.743,0.097,46.91,0.34
2004-02-19,24.468,0.012,50.69,0.11
2004-02-20,25.272,0.023,41.98,1.664
2004-02-21,25.323,0.002,32.85,2.761
2004-02-22,24.649,0.002,25.67,2.831
2004-02-23,24.553,0.002,26.76,1.641
2004-02-24,24.492,0.0,30.71,1.687
2004-02-25,24.874,0.001,32.38,1.564
2004-02-26,25.081,0.026,34.26,0.899
2004-02-27,25.338,0.232,43.83,0.321
2004-02-28,25.893,0.032,45.93,0.085
2004-02-29,25.908,0.005,40.74,0.689
2004-03-01,25.921,0.016,36.22,1.128
2004-03-02,26.731,0.002,29.32,1.632
2004-03-03,26.678,0.015,32.27,1.496
2004-03-04,25.898,0.019,34.42,1.476
2004-03-05,25.927,0.004,24.51,1.631
2004-03-06,25.922,0.002,23.84,0.87
2004-03-07,26.82,0.004,31.45,0.734
2004-03-08,26.521,0.007,33.84,2.155
2004-03-09,25.821,0.002,36.07,2.562
2004-03-10,25.454,0.004,38.78,1.707
2004-03-11,25.763,0.005,38.98,1.149
2004-03-12,26.103,0.005,36.29,1.569
2004-03-13,26.884,0.014,34.99,1.649
2004-03-14,27.769,0.002,29.1,2.506
2004-03-15,27.321,0.004,22.43,1.825
2004-03-16,27.402,0.004,26.06,1.045
2004-03-17,26.534,0.018,36.5,0.113
2004-03-18,26.905,0.002,35.7,0.445
2004-03-19,27.672,0.031,37.36,0.08
2004-03-20,27.497,0.018,45.74,0.855
2004-03-21,27.518,0.011,49.37,0.946
2004-03-22,28.073,0.084,48.0,0.655
2004-03-23,27.525,0.049,55.02,1.515
2004-03-24,26.542,0.786,64.58,2.091
2004-03-25,25.268,3.565,72.26,2.018
2004-03-26,25.754,1.96,67.87,1.087
2004-03-27,27.219,0.394,57.31,0.434
2004-03-28,25.828,1.231,67.16,1.152
2004-03-29,25.285,4.727,72.85,1.153
2004-03-30,24.359,6.628,77.48,1.431
2004-03-31,25.019,11.584,72.53,0.868
2004-04-01,24.843,2.682,74.56,0.436
2004-04-02,24.689,6.951,77.16,0.205
2004-04-03,24.808,3.621,76.8,0.229
2004-04-04,24.752,1.715,75.44,0.278
2004-04-05,25.093,0.885,71.31,0.362
2004-04-06,23.889,3.718,81.07,1.118
2004-04-07,24.305,7.841,77.36,1.3
2004-04-08,24.987,1.489,72.43,1.279
2004-04-09,26.326,0.02,60.72,0.356
2004-04-10,26.668,0.074,58.71,0.461
2004-04-11,26.734,0.112,60.49,0.439
2004-04-12,27.441,0.022,59.04,0.443
2004-04-13,26.367,1.329,68.1,1.959
2004-04-14,27.206,0.16,64.31,1.412
2004-04-15,26.542,1.761,69.94,2.217
2004-04-16,26.338,1.489,69.5,2.228
2004-04-17,26.856,1.825,66.9,2.168
2004-04-18,26.365,2.022,68.44,2.143
2004-04-19,27.543,0.132,60.92,0.994
2004-04-20,27.517,1.388,62.23,0.726
2004-04-21,26.262,1.645,67.87,1.031
2004-04-22,26.136,1.372,68.47,1.021
2004-04-23,25.778,4.974,70.93,0.968
2004-04-24,25.369,5.898,75.89,0.253
2004-04-25,25.84,2.147,68.75,0.681
2004-04-26,25.825,1.832,69.14,0.579
2004-04-27,25.486,2.454,73.41,1.634
2004-04-28,26.578,0.042,60.28,1.476
2004-04-29,25.301,4.274,72.91,1.131
2004-04-30,25.301,5.689,74.46,0.334
2004-05-01,26.483,0.196,62.73,0.665
2004-05-02,27.118,0.535,57.27,1.57
2004-05-03,23.002,32.208,84.54,2.444
2004-05-04,21.848,42.215,94.34,3.198
2004-05-05,23.076,18.713,87.66,3.056
2004-05-06,23.121,8.74,87.35,2.893
2004-05-07,22.894,7.541,86.64,2.141
2004-05-08,23.057,1.776,78.9,2.649
2004-05-09,23.119,4.985,81.31,2.463
2004-05-10,23.801,0.858,77.72,2.671
2004-05-11,24.342,0.279,72.36,2.408
2004-05-12,24.428,0.023,69.48,2.28
2004-05-13,24.683,0.973,75.18,2.19
2004-05-14,24.43,4.362,79.01,2.185
2004-05-15,23.638,8.166,82.56,2.455
2004-05-16,22.958,6.793,84.69,3.069
2004-05-17,22.63,5.903,85.22,3.206
2004-05-18,22.957,1.596,83.09,3.758
2004-05-19,23.195,0.544,78.86,3.968
2004-05-20,23.231,1.424,80.45,3.794
2004-05-21,23.309,1.102,78.33,3.697
2004-05-22,22.903,8.278,83.93,2.953
2004-05-23,22.523,5.673,85.98,3.01
2004-05-24,22.618,4.772,84.66,2.918
2004-05-25,22.793,14.139,85.75,2.235
2004-05-26,23.305,4.751,84.3,1.809
2004-05-27,23.118,15.116,86.79,2.005
2004-05-28,23.166,11.02,84.03,1.679
2004-05-29,23.58,8.627,84.13,1.708
2004-05-30,22.346,2.391,86.66,1.655
2004-05-31,22.87,4.885,83.68,1.988
2004-06-01,22.681,7.021,84.7,1.941
2004-06-02,23.011,3.619,84.29,2.024
2004-06-03,23.01,4.107,83.43,2.606
2004-06-04,23.57,1.304,79.03,2.35
2004-06-05,22.884,6.106,84.84,2.908
2004-06-06,22.806,2.04,81.96,3.299
2004-06-07,22.181,4.091,83.67,3.598
2004-06-08,20.917,33.313,94.43,3.461
2004-06-09,21.021,25.185,93.69,3.396
2004-06-10,21.543,9.056,89.6,3.824
2004-06-11,22.188,4.502,85.07,4.253
2004-06-12,21.985,6.055,87.1,4.507
2004-06-13,22.199,7.747,86.49,5.222
2004-06-14,22.44,6.861,85.98,5.166
2004-06-15,22.386,7.071,85.56,5.262
2004-06-16,21.948,6.862,86.35,5.278
2004-06-17,22.353,3.616,82.31,5.576
2004-06-18,22.23,2.251,83.15,5.069
2004-06-19,22.799,0.872,78.66,4.454
2004-06-20,22.96,0.202,76.04,4.041
2004-06-21,23.066,0.1,74.47,3.672
2004-06-22,23.084,0.082,73.84,3.31
2004-06-23,23.097,0.149,73.54,3.062
2004-06-24,22.629,0.435,74.38,3.255
2004-06-25,22.94,0.689,75.2,3.031
2004-06-26,21.895,7.505,83.97,3.053
2004-06-27,21.829,2.735,86.45,3.203
2004-06-28,22.597,2.592,81.15,3.47
2004-06-29,22.638,1.428,80.8,3.445
2004-06-30,22.663,1.225,79.71,3.725
2004-07-01,22.917,1.34,78.0,3.993
2004-07-02,22.523,3.119,81.86,3.903
2004-07-03,22.58,3.832,80.54,3.416
2004-07-04,22.448,2.961,82.2,3.22
2004-07-05,22.91,0.729,76.61,3.125
2004-07-06,23.118,0.823,75.81,2.692
2004-07-07,22.904,3.061,79.33,2.1
2004-07-08,22.939,7.862,82.27,1.565
2004-07-09,22.275,8.168,84.23,2.119
2004-07-10,22.099,6.984,83.92,2.194
2004-07-11,21.72,11.595,85.86,2.706
2004-07-12,21.208,8.668,86.58,3.039
2004-07-13,21.504,1.389,82.8,3.406
2004-07-14,21.947,1.839,81.77,3.643
2004-07-15,21.572,5.841,87.02,3.189
2004-07-16,22.208,2.639,84.56,3.086
2004-07-17,23.004,1.31,79.86,2.965
2004-07-18,22.942,2.114,80.89,2.927
2004-07-19,22.67,3.121,81.12,2.917
2004-07-20,22.206,3.679,81.9,3.64
2004-07-21,21.994,2.47,82.05,3.482
2004-07-22,22.464,1.889,79.66,3.327
2004-07-23,21.484,3.876,85.45,3.237
2004-07-24,22.284,3.645,80.42,3.374
2004-07-25,21.602,2.244,84.79,3.642
2004-07-26,22.042,1.712,82.79,3.587
2004-07-27,21.928,2.122,81.4,3.64
2004-07-28,22.322,1.956,79.82,3.53
2004-07-29,21.647,3.199,82.25,3.312
2004-07-30,22.043,2.599,81.48,2.849
2004-07-31,21.354,7.341,86.59,2.872
2004-08-01,22.018,0.657,79.25,3.642
2004-08-02,22.059,7.053,80.08,4.436
2004-08-03,20.845,15.63,91.27,4.355
2004-08-04,20.53,26.699,93.01,4.58
2004-08-05,21.587,6.548,86.64,4.5
2004-08-06,22.04,3.909,83.51,4.267
2004-08-07,21.763,2.211,82.58,3.817
2004-08-08,21.931,1.538,80.07,3.532
2004-08-09,22.302,0.479,77.96,2.978
2004-08-10,22.279,0.787,78.14,3.091
2004-08-11,22.272,0.238,76.26,3.546
2004-08-12,22.063,3.057,82.42,3.562
2004-08-13,21.518,7.384,87.49,3.228
2004-08-14,22.053,2.438,82.18,3.599
2004-08-15,22.088,3.38,81.34,3.473
2004-08-16,21.912,6.291,84.27,3.101
2004-08-17,22.195,3.929,82.18,2.994
2004-08-18,22.338,4.254,82.32,2.917
2004-08-19,21.829,6.276,84.86,3.07
2004-08-20,21.89,3.533,82.48,3.247
2004-08-21,22.104,0.277,76.64,3.802
2004-08-22,22.361,0.48,76.59,3.648
2004-08-23,22.461,0.888,78.01,3.324
2004-08-24,22.258,0.626,77.07,3.078
2004-08-25,22.431,0.326,76.01,2.573
2004-08-26,22.083,1.552,79.32,2.686
2004-08-27,22.54,0.497,75.35,3.072
2004-08-28,22.919,0.085,72.38,2.618
2004-08-29,22.836,0.048,72.76,2.564
2004-08-30,23.031,0.173,73.05,2.699
2004-08-31,22.735,0.218,71.84,2.518
2004-09-01,22.73,0.275,71.66,1.838
2004-09-02,23.508,0.11,71.0,1.391
2004-09-03,23.105,6.03,80.35,1.441
2004-09-04,22.481,7.297,82.54,1.65
2004-09-05,22.058,3.506,81.04,2.234
2004-09-06,21.542,4.3,84.51,2.083
2004-09-07,22.224,2.809,80.86,2.53
2004-09-08,22.035,3.112,82.92,2.839
2004-09-09,22.123,1.38,81.07,3.327
2004-09-10,21.196,17.434,87.89,3.135
2004-09-11,20.418,10.275,92.37,2.469
2004-09-12,22.007,1.204,81.83,2.239
2004-09-13,22.666,1.355,79.74,1.844
2004-09-14,22.989,1.544,80.91,1.896
2004-09-15,22.53,2.309,81.63,1.989
2004-09-16,23.234,0.22,76.16,1.765
2004-09-17,23.566,0.678,77.14,1.498
2004-09-18,23.189,1.514,79.61,1.782
2004-09-19,23.219,0.372,76.55,2.232
2004-09-20,23.06,0.213,75.26,2.17
2004-09-21,23.147,0.179,75.35,2.119
2004-09-22,22.944,0.373,76.42,2.054
2004-09-23,23.16,0.973,77.89,0.875
2004-09-24,22.707,12.53,85.27,0.045
2004-09-25,21.981,15.426,88.82,0.728
2004-09-26,22.752,4.279,82.95,1.835
2004-09-27,22.226,5.806,85.13,1.975
2004-09-28,21.144,15.676,91.33,1.029
2004-09-29,22.175,0.703,80.37,1.54
2004-09-30,22.643,3.018,81.68,1.501
2004-10-01,22.794,1.487,79.4,1.346
2004-10-02,21.768,10.388,86.28,2.092
2004-10-03,21.652,5.198,86.41,2.932
2004-10-04,21.781,4.018,86.9,3.179
2004-10-05,21.879,0.114,77.25,2.749
2004-10-06,21.863,0.003,68.87,2.298
2004-10-07,21.651,0.005,69.68,1.974
2004-10-08,22.202,0.006,70.43,1.666
2004-10-09,23.158,0.04,75.77,1.465
2004-10-10,23.485,0.109,73.66,1.036
2004-10-11,23.579,0.315,73.8,0.992
2004-10-12,23.553,1.441,75.86,0.387
2004-10-13,22.88,5.45,82.97,0.664
2004-10-14,22.807,4.792,83.28,0.698
2004-10-15,22.77,3.495,83.68,0.631
2004-10-16,22.645,8.07,84.69,0.806
2004-10-17,22.453,4.893,84.67,1.551
2004-10-18,22.247,8.286,85.63,1.85
2004-10-19,22.239,7.279,84.82,2.011
2004-10-20,22.425,4.021,82.89,2.412
2004-10-21,22.623,2.197,81.66,2.193
2004-10-22,23.021,1.125,78.41,2.77
2004-10-23,22.381,2.646,82.28,2.803
2004-10-24,22.772,0.35,74.08,3.002
2004-10-25,22.035,1.091,80.15,2.665
2004-10-26,22.568,0.639,75.62,2.678
2004-10-27,22.318,0.531,76.29,2.644
2004-10-28,22.374,3.585,78.33,2.436
2004-10-29,21.864,1.021,81.59,2.609
2004-10-30,21.268,13.877,87.31,3.057
2004-10-31,21.216,14.916,89.67,2.239
2004-11-01,21.908,2.361,81.68,1.573
2004-11-02,22.402,1.147,80.01,2.148
2004-11-03,22.204,0.094,71.83,2.307
2004-11-04,21.874,0.142,74.11,2.376
2004-11-05,19.321,4.194,82.72,1.498
2004-11-06,20.894,6.711,83.91,1.635
2004-11-07,21.778,4.923,86.89,2.318
2004-11-08,21.186,4.726,89.68,2.447
2004-11-09,21.993,1.648,83.13,2.147
2004-11-10,22.062,2.173,82.88,2.157
2004-11-11,22.347,0.807,80.48,2.392
2004-11-12,21.65,5.459,86.47,2.733
2004-11-13,21.898,0.491,80.53,2.539
2004-11-14,22.133,0.066,74.2,2.461
2004-11-15,21.965,0.196,77.93,2.438
2004-11-16,21.374,0.002,69.37,2.1
2004-11-17,22.391,0.043,71.69,1.769
2004-11-18,22.382,0.265,74.1,1.943
2004-11-19,21.024,0.0,61.66,2.318
2004-11-20,20.585,0.001,55.75,1.983
2004-11-21,21.121,0.001,58.72,2.347
2004-11-22,21.674,0.001,62.96,2.076
2004-11-23,21.994,0.197,69.85,2.153
2004-11-24,22.292,0.001,64.44,2.451
2004-11-25,21.793,0.002,65.18,2.712
2004-11-26,21.792,0.261,73.18,3.139
2004-11-27,22.214,0.511,73.06,3.592
2004-11-28,21.515,0.002,57.64,2.972
2004-11-29,20.866,0.001,53.14,2.311
2004-11-30,20.51,0.002,58.4,1.868
2004-12-01,20.981,0.001,58.39,1.6
2004-12-02,22.112,0.002,61.61,2.182
2004-12-03,22.526,0.002,63.0,2.482
2004-12-04,21.616,0.006,59.5,2.457
2004-12-05,21.329,0.0,56.64,2.171
2004-12-06,20.563,0.0,50.09,2.143
2004-12-07,20.74,0.0,49.47,2.787
2004-12-08,21.53,0.001,63.74,2.742
2004-12-09,21.8,0.039,63.9,2.449
2004-12-10,21.559,0.002,54.11,2.678
2004-12-11,21.435,0.01,55.3,2.698
2004-12-12,22.177,0.0,57.08,2.977
2004-12-13,22.12,0.002,62.52,2.741
2004-12-14,22.719,0.003,64.67,2.823
2004-12-15,21.982,0.002,53.37,2.599
2004-12-16,20.839,0.001,48.84,2.61
2004-12-17,20.835,0.001,48.25,2.507
2004-12-18,20.542,0.002,45.83,2.204
2004-12-19,20.961,0.0,52.0,0.622
2004-12-20,21.565,0.002,57.29,0.897
2004-12-21,21.843,0.002,58.5,0.444
2004-12-22,22.317,0.027,56.69,0.418
2004-12-23,21.933,0.02,46.2,1.621
2004-12-24,21.834,0.0,49.74,2.463
2004-12-25,21.852,0.028,56.53,2.635
2004-12-26,21.133,0.003,41.81,2.617
2004-12-27,22.329,0.001,58.56,2.488
2004-12-28,22.707,0.003,56.85,2.679
2004-12-29,22.12,0.002,54.42,2.91
2004-12-30,21.986,0.005,51.87,2.25
2004-12-31,23.787,0.003,55.25,0.211
2005-01-01,22.999,4.622,72.33,0.612
2005-01-02,22.558,4.989,76.78,0.29
2005-01-03,23.096,0.623,64.29,0.646
2005-01-04,23.14,0.081,56.61,2.362
2005-01-05,21.974,0.001,41.38,2.268
2005-01-06,21.565,0.001,42.86,2.407
2005-01-07,21.682,-0.0,50.07,2.465
2005-01-08,21.662,0.0,51.66,2.175
2005-01-09,21.38,0.001,45.97,1.834
2005-01-10,21.567,0.015,50.17,0.453
2005-01-11,21.899,0.035,50.34,0.553
2005-01-12,22.627,0.004,45.37,1.594
2005-01-13,22.449,0.002,46.26,1.847
2005-01-14,22.129,0.001,47.43,2.034
2005-01-15,22.087,0.002,45.49,1.953
2005-01-16,22.073,0.01,52.71,0.458
2005-01-17,22.836,0.03,62.04,0.487
2005-01-18,23.424,0.013,61.97,0.931
2005-01-19,24.065,0.01,55.83,1.203
2005-01-20,23.768,0.007,51.25,2.841
2005-01-21,23.696,0.002,56.05,2.999
2005-01-22,24.202,0.067,59.66,2.429
2005-01-23,23.862,0.253,62.89,1.054
2005-01-24,24.471,0.069,54.72,1.799
2005-01-25,24.311,0.011,51.84,1.046
2005-01-26,23.967,0.113,58.2,0.248
2005-01-27,23.238,1.293,65.02,0.852
2005-01-28,23.218,0.723,68.5,0.552
2005-01-29,22.415,2.738,71.75,0.904
2005-01-30,22.261,4.678,73.67,0.851
2005-01-31,21.178,7.75,83.0,0.519
2005-02-01,22.258,1.641,73.87,1.053
2005-02-02,23.292,1.292,67.7,1.552
2005-02-03,22.968,1.708,71.81,1.598
2005-02-04,23.126,0.561,67.98,1.578
2005-02-05,23.8,0.093,62.47,0.79
2005-02-06,24.34,0.266,56.99,1.632
2005-02-07,23.597,0.002,36.58,2.406
2005-02-08,22.916,0.0,41.38,2.673
2005-02-09,23.04,0.0,40.52,3.128
2005-02-10,23.509,0.001,38.48,3.205
2005-02-11,23.372,0.0,32.16,2.877
2005-02-12,23.539,0.001,25.16,3.103
2005-02-13,23.363,0.0,21.1,2.758
2005-02-14,24.293,0.0,20.0,1.892
2005-02-15,25.171,0.001,31.68,0.305
2005-02-16,25.515,0.002,44.18,0.481
2005-02-17,25.612,0.002,48.15,0.627
2005-02-18,25.305,0.006,43.93,0.649
2005-02-19,25.476,0.003,34.61,0.894
2005-02-20,25.055,0.001,34.77,1.091
2005-02-21,24.35,0.0,50.83,1.537
2005-02-22,25.126,0.031,53.92,0.321
2005-02-23,26.147,0.076,52.74,0.701
2005-02-24,25.929,0.171,52.91,0.709
2005-02-25,26.476,0.0,39.72,1.623
2005-02-26,26.26,0.001,35.02,1.9
2005-02-27,25.56,0.008,27.4,1.595
2005-02-28,25.356,0.019,24.96,1.862
2005-03-01,25.523,0.001,29.19,2.001
2005-03-02,25.477,0.002,36.8,0.631
2005-03-03,25.406,0.021,39.28,1.007
2005-03-04,25.741,0.002,46.43,0.543
2005-03-05,26.394,0.014,49.89,0.449
2005-03-06,25.605,1.577,58.91,0.303
2005-03-07,25.423,0.721,60.35,0.741
2005-03-08,25.772,0.454,56.26,0.536
2005-03-09,25.676,1.054,58.78,0.244
2005-03-10,25.557,1.008,59.95,0.389
2005-03-11,26.343,0.377,54.73,0.898
2005-03-12,25.654,0.429,58.12,1.214
2005-03-13,26.549,0.029,45.57,0.259
2005-03-14,26.589,0.106,49.06,0.958
2005-03-15,26.88,0.157,46.83,0.396
2005-03-16,26.995,0.217,47.04,0.966
2005-03-17,27.043,0.005,35.89,2.095
2005-03-18,26.83,0.004,29.49,1.964
2005-03-19,27.246,0.015,29.16,1.428
2005-03-20,26.687,0.068,40.29,0.266
2005-03-21,26.945,0.02,44.8,0.201
2005-03-22,27.407,0.011,49.0,1.152
2005-03-23,26.351,0.051,60.59,2.203
2005-03-24,27.188,0.003,50.15,1.553
2005-03-25,26.781,0.006,48.69,1.814
2005-03-26,27.099,0.004,46.03,0.891
2005-03-27,27.956,0.009,46.04,0.306
2005-03-28,26.956,0.473,60.51,1.548
2005-03-29,26.494,0.363,60.58,2.22
2005-03-30,26.845,0.056,55.07,1.678
2005-03-31,26.357,0.18,57.24,2.103
2005-04-01,26.851,0.493,57.03,0.586
2005-04-02,27.411,0.38,51.82,1.022
2005-04-03,27.324,0.237,50.37,1.564
2005-04-04,25.269,1.872,65.54,2.573
2005-04-05,23.761,15.859,80.56,2.331
2005-04-06,24.608,3.281,72.01,0.323
2005-04-07,24.215,9.302,79.02,1.598
2005-04-08,24.376,2.039,77.33,1.966
2005-04-09,24.926,2.289,75.48,1.573
2005-04-10,25.269,1.069,73.01,1.529
2005-04-11,25.289,4.065,70.58,0.95
2005-04-12,24.564,3.525,75.37,0.986
2005-04-13,25.456,0.827,70.09,0.538
2005-04-14,26.232,0.344,65.24,0.239
2005-04-15,26.836,0.11,59.96,0.221
2005-04-16,27.025,0.043,55.98,0.324
2005-04-17,27.395,0.057,50.57,0.599
2005-04-18,27.864,0.076,48.75,0.733
2005-04-19,27.888,0.105,48.39,0.842
2005-04-20,27.139,0.273,52.0,1.288
2005-04-21,27.135,0.391,54.74,0.499
2005-04-22,26.696,1.149,59.73,0.793
2005-04-23,26.976,0.565,60.99,0.846
2005-04-24,26.77,0.637,63.95,1.183
2005-04-25,25.935,5.34,71.19,0.714
2005-04-26,26.16,3.65,68.79,0.613
2005-04-27,24.985,10.205,77.48,0.991
2005-04-28,25.54,4.343,74.03,1.199
2005-04-29,26.776,0.236,65.66,1.124
2005-04-30,27.119,0.132,62.24,1.293
2005-05-01,26.358,0.123,63.42,1.933
2005-05-02,26.681,0.077,57.43,1.198
2005-05-03,25.812,0.187,61.06,2.225
2005-05-04,25.518,2.239,65.63,1.765
2005-05-05,24.652,1.537,71.84,2.033
2005-05-06,25.838,0.009,59.13,1.907
2005-05-07,26.22,0.081,60.28,1.712
2005-05-08,26.519,0.137,59.86,1.812
2005-05-09,25.909,2.999,69.29,2.692
2005-05-10,26.124,1.93,66.58,2.42
2005-05-11,26.018,2.391,70.76,1.598
2005-05-12,25.91,4.121,73.0,1.847
2005-05-13,25.287,3.908,76.93,1.576
2005-05-14,26.771,0.342,65.43,2.015
2005-05-15,26.821,0.095,59.81,2.454
2005-05-16,26.338,0.178,61.91,2.604
2005-05-17,26.465,0.168,64.67,2.656
2005-05-18,27.235,0.046,60.04,1.839
2005-05-19,27.787,0.08,59.94,1.581
2005-05-20,27.858,0.39,61.68,1.68
2005-05-21,27.033,1.127,66.3,2.098
2005-05-22,27.307,0.653,63.65,1.729
2005-05-23,26.289,5.637,71.16,2.036
2005-05-24,25.676,3.009,75.71,2.177
2005-05-25,25.558,9.774,74.61,1.398
2005-05-26,25.668,3.256,73.84,1.869
2005-05-27,24.951,5.084,77.52,1.908
2005-05-28,24.856,2.21,76.29,2.034
2005-05-29,25.494,0.936,69.84,1.431
2005-05-30,23.918,1.743,78.24,2.16
2005-05-31,24.18,1.56,75.66,2.39
2005-06-01,24.433,2.108,75.83,2.965
2005-06-02,24.224,4.077,77.7,2.946
2005-06-03,24.676,6.437,76.86,2.27
2005-06-04,25.035,10.762,76.64,1.808
2005-06-05,24.313,17.579,83.62,1.688
2005-06-06,23.831,6.189,84.29,2.422
2005-06-07,24.18,2.698,78.3,2.693
2005-06-08,23.634,7.847,82.11,2.688
2005-06-09,23.43,8.414,85.08,2.793
2005-06-10,23.058,2.192,85.76,3.236
2005-06-11,23.889,1.151,80.06,3.313
2005-06-12,24.043,1.387,76.42,3.214
2005-06-13,23.884,5.222,78.87,2.848
2005-06-14,24.036,3.02,78.05,2.649
2005-06-15,24.41,0.57,74.97,2.841
2005-06-16,24.055,1.846,77.76,3.423
2005-06-17,22.505,10.14,88.63,4.006
2005-06-18,21.926,11.721,89.84,3.738
2005-06-19,22.813,3.816,82.14,4.338
2005-06-20,22.187,5.222,85.91,4.045
2005-06-21,21.305,13.766,91.48,3.674
2005-06-22,21.548,7.22,87.25,3.721
2005-06-23,21.419,7.978,89.36,3.244
2005-06-24,22.462,3.182,83.7,3.621
2005-06-25,22.761,2.054,82.23,3.484
2005-06-26,22.693,1.101,81.87,3.981
2005-06-27,22.823,1.543,80.27,4.382
2005-06-28,22.226,1.408,83.08,4.414
2005-06-29,22.536,1.447,80.21,4.224
2005-06-30,22.437,5.377,82.68,3.649
2005-07-01,22.335,2.618,82.82,3.989
2005-07-02,22.84,1.622,78.79,4.059
2005-07-03,22.845,3.073,78.92,3.7
2005-07-04,22.751,2.957,80.17,4.318
2005-07-05,22.496,3.343,82.45,4.4
2005-07-06,22.643,1.68,80.53,4.371
2005-07-07,23.282,1.068,77.06,3.949
2005-07-08,23.806,0.858,75.01,3.845
2005-07-09,22.91,1.617,80.26,4.233
2005-07-10,23.021,1.836,80.06,3.589
2005-07-11,22.254,10.181,84.42,3.505
2005-07-12,22.336,7.843,82.82,2.905
2005-07-13,23.051,4.492,79.27,1.956
2005-07-14,23.269,11.403,82.4,1.408
2005-07-15,22.778,8.649,86.1,1.165
2005-07-16,22.519,10.303,87.1,1.426
2005-07-17,22.349,6.223,85.15,2.134
2005-07-18,22.864,3.769,81.76,2.502
2005-07-19,22.805,5.831,84.64,2.733
2005-07-20,22.725,3.614,84.49,2.958
2005-07-21,22.496,2.837,80.1,3.666
2005-07-22,21.742,11.335,87.83,3.096
2005-07-23,21.73,11.343,87.11,3.655
2005-07-24,20.757,14.025,92.49,4.099
2005-07-25,21.003,11.961,89.22,4.51
2005-07-26,21.814,7.626,85.92,4.798
2005-07-27,22.005,6.428,84.85,4.452
2005-07-28,22.076,5.705,84.47,4.207
2005-07-29,21.355,10.576,88.19,4.313
2005-07-30,22.035,5.642,84.26,4.981
2005-07-31,21.874,6.603,84.52,4.941
2005-08-01,21.507,7.574,85.88,5.284
2005-08-02,21.908,4.166,83.37,4.902
2005-08-03,21.978,1.584,78.03,4.63
2005-08-04,21.756,4.574,82.03,3.999
2005-08-05,22.025,1.47,81.03,3.684
2005-08-06,22.351,0.577,76.59,3.625
2005-08-07,22.458,0.344,75.6,3.707
2005-08-08,22.337,1.573,79.06,3.416
2005-08-09,21.879,9.038,83.54,3.369
2005-08-10,21.917,3.043,83.87,3.214
2005-08-11,22.581,2.402,79.57,3.529
2005-08-12,22.42,1.652,78.64,3.744
2005-08-13,22.673,0.901,77.36,3.625
2005-08-14,22.784,1.335,77.46,3.627
2005-08-15,22.299,0.984,78.89,3.835
2005-08-16,21.563,2.396,82.71,3.706
2005-08-17,21.838,6.558,84.0,3.062
2005-08-18,22.576,0.486,75.91,3.159
2005-08-19,22.372,0.444,77.19,3.217
2005-08-20,22.559,0.023,71.51,2.938
2005-08-21,22.884,0.291,73.96,2.512
2005-08-22,23.454,0.271,72.91,1.761
2005-08-23,23.185,3.798,78.52,1.159
2005-08-24,23.128,0.828,75.71,1.835
2005-08-25,22.707,3.202,79.53,2.07
2005-08-26,23.439,0.676,74.37,1.726
2005-08-27,23.115,4.932,79.66,1.132
2005-08-28,23.372,15.345,81.75,0.645
2005-08-29,22.858,17.586,85.4,1.02
2005-08-30,23.757,1.63,78.28,1.409
2005-08-31,22.761,11.653,84.97,1.891
2005-09-01,22.763,9.188,85.67,1.531
2005-09-02,23.246,9.261,84.52,1.644
2005-09-03,23.149,9.515,87.01,1.63
2005-09-04,22.25,14.655,88.52,2.3
2005-09-05,21.946,3.224,85.83,3.025
2005-09-06,22.054,5.342,84.76,2.461
2005-09-07,22.104,6.278,86.99,1.906
2005-09-08,22.744,2.763,84.73,2.208
2005-09-09,22.901,1.976,83.27,3.145
2005-09-10,22.731,2.044,82.5,3.584
2005-09-11,22.255,2.983,82.7,4.111
2005-09-12,22.05,2.33,83.45,4.279
2005-09-13,22.317,2.614,82.76,3.925
2005-09-14,22.41,1.409,81.88,3.609
2005-09-15,22.269,1.851,81.36,3.06
2005-09-16,22.711,0.498,76.84,2.746
2005-09-17,22.564,0.46,76.65,2.64
2005-09-18,22.638,0.384,74.06,3.194
2005-09-19,21.838,0.852,76.77,4.541
2005-09-20,21.664,3.8,83.62,4.742
2005-09-21,22.237,1.653,81.1,3.716
2005-09-22,22.715,0.242,76.65,3.175
2005-09-23,23.113,0.2,74.33,2.671
2005-09-24,22.637,1.394,78.87,2.116
2005-09-25,23.119,0.05,73.03,1.906
2005-09-26,22.947,0.019,70.79,1.841
2005-09-27,22.783,0.589,76.69,1.701
2005-09-28,23.395,0.243,74.11,1.783
2005-09-29,23.032,0.707,75.85,2.075
2005-09-30,23.087,0.012,71.73,2.157
2005-10-01,23.186,0.006,66.55,1.516
2005-10-02,23.442,0.5,74.41,1.476
2005-10-03,23.387,4.724,78.8,0.837
2005-10-04,23.575,4.184,77.74,0.641
2005-10-05,22.936,16.12,84.09,0.408
2005-10-06,23.346,6.332,82.02,0.7
2005-10-07,23.363,4.974,82.57,0.007
2005-10-08,22.906,12.92,85.22,0.576
2005-10-09,22.508,4.858,84.64,0.303
2005-10-10,22.168,14.238,87.61,0.896
2005-10-11,22.174,15.95,87.57,0.937
2005-10-12,21.771,21.229,90.82,0.024
2005-10-13,21.511,32.213,91.34,1.187
2005-10-14,21.794,3.737,85.58,2.434
2005-10-15,22.758,0.368,79.57,1.929
2005-10-16,23.132,0.446,78.51,1.42
2005-10-17,23.269,2.604,78.67,1.086
2005-10-18,22.723,10.29,83.38,1.194
2005-10-19,21.571,9.613,89.69,1.829
2005-10-20,22.423,5.699,83.52,1.17
2005-10-21,23.016,3.218,80.99,0.577
2005-10-22,22.702,25.149,85.35,0.49
2005-10-23,22.048,8.112,88.21,0.386
2005-10-24,21.952,10.949,88.05,0.503
2005-10-25,21.812,4.172,87.59,0.911
2005-10-26,22.133,8.147,84.88,1.148
2005-10-27,20.554,8.156,90.28,1.988
2005-10-28,21.758,0.438,82.53,1.966
2005-10-29,22.447,0.349,78.7,2.028
2005-10-30,22.514,1.663,83.47,1.734
2005-10-31,22.552,3.334,84.04,1.375
2005-11-01,22.512,7.309,85.35,1.266
2005-11-02,21.616,7.351,89.95,0.89
2005-11-03,21.771,5.128,87.66,1.148
2005-11-04,22.315,1.49,81.37,2.068
2005-11-05,21.501,7.769,88.19,1.897
2005-11-06,21.704,0.474,81.9,2.679
2005-11-07,21.663,0.634,79.54,2.68
2005-11-08,21.713,2.519,81.98,2.259
2005-11-09,21.173,6.506,87.46,1.456
2005-11-10,21.412,0.508,85.36,1.491
2005-11-11,22.224,2.452,82.88,1.823
2005-11-12,21.967,2.489,83.66,1.44
2005-11-13,20.652,0.05,73.58,1.62
2005-11-14,19.928,0.002,70.48,1.598
2005-11-15,20.105,0.001,72.31,1.514
2005-11-16,19.385,0.0,67.11,1.668
2005-11-17,18.992,0.003,66.35,1.719
2005-11-18,19.026,0.001,62.81,1.678
2005-11-19,19.047,0.002,65.89,1.709
2005-11-20,19.635,0.002,63.44,1.982
2005-11-21,20.449,2.809,79.44,2.506
2005-11-22,20.511,9.276,92.09,3.367
2005-11-23,20.825,10.732,89.25,3.914
2005-11-24,19.961,25.455,91.26,3.329
2005-11-25,20.76,6.228,88.11,3.023
2005-11-26,21.511,0.591,79.44,2.672
2005-11-27,21.306,0.603,81.06,2.129
2005-11-28,20.936,0.05,75.01,1.968
2005-11-29,19.955,0.003,69.91,1.438
2005-11-30,20.31,0.05,70.56,0.67
2005-12-01,21.494,0.09,73.78,0.11
2005-12-02,21.713,0.495,80.01,0.666
2005-12-03,20.945,8.467,89.39,1.336
2005-12-04,20.67,8.602,93.4,1.284
2005-12-05,21.496,0.899,82.52,2.558
2005-12-06,20.77,0.006,67.12,2.113
2005-12-07,20.766,0.002,73.15,1.902
2005-12-08,19.734,0.003,62.94,1.602
2005-12-09,20.124,0.003,58.92,1.304
2005-12-10,21.585,0.511,76.93,1.896
2005-12-11,21.457,2.695,83.85,2.644
2005-12-12,21.613,0.638,79.21,2.656
2005-12-13,21.677,0.556,78.34,2.689
2005-12-14,21.662,0.018,75.73,2.367
2005-12-15,20.765,0.434,75.46,2.493
2005-12-16,19.325,0.001,63.7,2.278
2005-12-17,20.123,0.002,70.28,1.629
2005-12-18,20.623,1.057,81.78,1.329
2005-12-19,21.199,0.001,72.62,0.981
2005-12-20,20.978,0.001,69.04,0.737
2005-12-21,21.387,0.016,72.18,0.503
2005-12-22,21.401,0.061,75.29,1.02
2005-12-23,21.421,0.047,71.77,0.866
2005-12-24,21.433,0.054,70.23,1.358
2005-12-25,21.269,0.099,68.93,2.32
2005-12-26,19.887,0.002,66.5,2.123
2005-12-27,18.983,0.001,61.96,2.054
2005-12-28,19.033,0.003,63.6,1.833
2005-12-29,19.406,0.02,67.04,1.748
2005-12-30,19.421,0.002,61.38,1.99
2005-12-31,19.046,0.014,67.63,2.597
2006-01-01,19.122,0.001,64.85,2.421
2006-01-02,18.973,0.001,66.65,2.162
2006-01-03,19.604,0.002,60.01,2.028
2006-01-04,20.175,0.0,63.41,2.111
2006-01-05,21.697,0.001,66.54,1.931
2006-01-06,21.723,0.01,64.25,2.361
2006-01-07,21.847,0.001,62.5,2.373
2006-01-08,22.151,0.703,77.26,2.444
2006-01-09,22.895,0.404,71.44,2.505
2006-01-10,22.549,0.005,60.81,2.781
2006-01-11,20.969,0.001,47.64,2.567
2006-01-12,22.331,0.001,59.51,2.4
2006-01-13,22.15,0.0,50.71,2.182
2006-01-14,22.639,0.0,55.66,2.263
2006-01-15,23.56,0.038,67.88,2.772
2006-01-16,23.608,0.072,66.8,1.766
2006-01-17,23.367,0.017,62.52,1.272
2006-01-18,22.952,0.001,46.04,2.154
2006-01-19,21.563,0.0,36.53,2.406
2006-01-20,21.836,0.001,37.52,2.488
2006-01-21,22.291,0.0,38.98,2.19
2006-01-22,22.233,0.0,40.83,0.883
2006-01-23,22.495,0.002,48.09,0.174
2006-01-24,22.69,0.003,50.8,0.624
2006-01-25,22.802,0.002,49.16,2.088
2006-01-26,21.832,0.0,43.89,2.604
2006-01-27,21.683,0.007,57.78,3.117
2006-01-28,22.189,0.002,54.4,2.447
2006-01-29,21.653,0.001,45.04,2.174
2006-01-30,20.869,0.001,35.78,2.279
2006-01-31,21.342,0.001,37.92,2.481
2006-02-01,21.729,0.002,45.24,2.59
2006-02-02,21.801,0.001,46.8,2.803
2006-02-03,22.092,0.002,51.06,2.737
2006-02-04,23.466,0.003,57.38,2.733
2006-02-05,23.547,0.008,49.85,2.918
2006-02-06,22.266,0.001,30.33,2.577
2006-02-07,21.739,0.0,32.92,2.523
2006-02-08,21.439,0.0,35.88,2.119
2006-02-09,21.176,0.002,37.71,1.805
2006-02-10,21.422,0.004,36.12,2.249
2006-02-11,21.922,0.001,40.02,2.647
2006-02-12,21.977,0.0,37.49,2.783
2006-02-13,21.247,0.001,28.6,2.579
2006-02-14,21.512,0.0,28.42,1.227
2006-02-15,22.85,0.002,31.89,0.652
2006-02-16,23.462,0.001,40.93,0.117
2006-02-17,23.652,0.006,46.93,0.395
2006-02-18,24.723,0.005,35.54,2.013
2006-02-19,24.674,0.002,33.05,1.92
2006-02-20,24.847,0.003,32.04,2.28
2006-02-21,24.679,0.003,31.11,2.083
2006-02-22,24.092,0.004,23.9,2.281
2006-02-23,23.88,0.0,22.48,2.584
2006-02-24,23.984,0.0,20.92,2.305
2006-02-25,24.505,0.002,35.16,0.611
2006-02-26,24.374,0.001,36.92,0.396
2006-02-27,24.774,0.004,46.32,0.387
2006-02-28,25.102,0.004,51.25,0.513
2006-03-01,25.944,0.0,49.87,0.297
2006-03-02,26.231,0.025,51.34,0.96
2006-03-03,24.279,6.679,68.69,0.474
2006-03-04,24.37,1.558,71.4,0.975
2006-03-05,24.542,7.466,70.76,0.359
2006-03-06,23.899,5.276,74.77,0.069
2006-03-07,24.326,1.08,67.4,0.229
2006-03-08,24.659,0.051,58.85,0.681
2006-03-09,22.835,12.797,76.41,0.516
2006-03-10,22.597,4.595,78.09,0.98
2006-03-11,23.406,0.437,69.9,1.436
2006-03-12,23.352,0.001,48.29,1.731
2006-03-13,23.181,0.001,46.22,1.474
2006-03-14,23.635,0.02,50.21,1.315
2006-03-15,24.236,0.012,54.99,1.208
2006-03-16,24.631,0.002,54.02,1.381
2006-03-17,25.208,0.001,49.39,0.645
2006-03-18,26.135,0.001,47.35,1.371
2006-03-19,26.571,0.003,47.35,1.929
2006-03-20,26.198,0.036,50.66,1.186
2006-03-21,26.566,0.026,46.82,0.974
2006-03-22,26.524,0.052,54.76,0.608
2006-03-23,27.232,0.049,52.9,0.399
2006-03-24,26.769,0.083,53.62,0.596
2006-03-25,26.953,0.202,55.08,0.796
2006-03-26,26.48,0.308,60.23,1.329
2006-03-27,25.896,0.584,61.77,1.397
2006-03-28,27.294,0.009,43.84,0.834
2006-03-29,26.825,0.028,42.7,0.174
2006-03-30,26.393,0.059,53.2,0.304
2006-03-31,26.61,0.044,53.68,0.199
2006-04-01,26.981,0.047,53.05,0.47
2006-04-02,26.917,0.053,56.07,1.031
2006-04-03,26.123,1.366,64.23,0.914
2006-04-04,26.176,1.997,66.34,1.145
2006-04-05,26.534,0.578,64.81,1.1
2006-04-06,26.434,0.226,63.28,1.583
2006-04-07,26.998,0.058,59.15,1.16
2006-04-08,26.179,2.065,66.38,1.183
2006-04-09,26.45,0.744,66.12,1.293
2006-04-10,26.611,0.229,62.58,0.804
2006-04-11,26.706,0.072,59.73,1.49
2006-04-12,26.909,0.098,59.73,1.433
2006-04-13,26.919,0.07,57.46,0.957
2006-04-14,27.426,0.305,53.73,0.371
2006-04-15,25.424,4.671,69.49,1.061
2006-04-16,23.653,6.242,80.73,1.885
2006-04-17,23.889,7.785,78.27,2.088
2006-04-18,24.947,0.788,69.05,1.104
2006-04-19,25.962,0.192,63.33,0.352
2006-04-20,25.587,0.723,64.81,0.628
2006-04-21,25.969,0.124,61.11,0.175
2006-04-22,26.523,0.076,55.67,0.65
2006-04-23,26.941,0.014,56.0,0.435
2006-04-24,27.388,0.061,56.1,0.701
2006-04-25,26.415,0.648,64.83,2.103
2006-04-26,26.652,0.761,62.47,1.883
2006-04-27,26.841,0.258,62.77,1.839
2006-04-28,26.166,0.313,65.64,2.709
2006-04-29,25.752,0.358,61.78,2.576
2006-04-30,26.518,0.078,58.8,2.107
2006-05-01,26.781,0.119,59.19,2.196
2006-05-02,26.647,1.232,64.32,1.756
2006-05-03,27.135,0.279,61.98,0.652
2006-05-04,27.004,0.448,60.75,0.478
2006-05-05,25.801,2.227,71.25,1.511
2006-05-06,26.328,1.546,68.15,1.384
2006-05-07,26.024,2.45,70.64,1.531
2006-05-08,26.316,0.703,68.83,1.405
2006-05-09,27.176,0.197,62.08,1.482
2006-05-10,26.042,4.429,71.44,1.802
2006-05-11,25.879,4.977,74.05,1.845
2006-05-12,25.914,1.74,73.52,2.077
2006-05-13,25.82,2.075,71.11,2.413
2006-05-14,26.127,0.429,67.11,2.163
2006-05-15,26.493,0.352,65.19,2.442
2006-05-16,26.694,0.573,65.87,2.209
2006-05-17,26.408,1.403,69.9,2.752
2006-05-18,25.667,4.802,71.98,3.0
2006-05-19,24.555,0.452,73.07,3.223
2006-05-20,24.531,0.534,68.99,3.208
2006-05-21,24.531,0.696,70.0,2.986
2006-05-22,24.831,0.553,68.93,2.865
2006-05-23,24.519,0.795,71.48,2.921
2006-05-24,24.556,0.924,70.92,3.219
2006-05-25,23.695,2.996,75.39,3.628
2006-05-26,23.351,3.676,78.76,3.405
2006-05-27,22.619,42.561,87.66,3.472
2006-05-28,21.355,31.492,93.09,4.51
2006-05-29,21.901,13.119,88.17,4.651
2006-05-30,21.262,31.754,91.34,4.355
2006-05-31,21.335,29.122,94.45,3.748
2006-06-01,20.884,19.934,94.45,3.261
2006-06-02,21.877,4.444,86.8,3.383
2006-06-03,22.523,1.843,83.11,3.608
2006-06-04,22.678,0.746,82.72,3.27
2006-06-05,22.93,0.787,81.01,3.354
2006-06-06,23.311,0.914,78.46,2.968
2006-06-07,22.597,2.883,82.01,2.711
2006-06-08,23.066,0.73,78.84,2.388
2006-06-09,23.272,0.41,75.91,2.622
2006-06-10,22.968,0.551,76.01,2.872
2006-06-11,23.338,0.157,74.14,2.617
2006-06-12,23.706,0.001,70.43,2.518
2006-06-13,23.803,0.064,71.67,2.464
2006-06-14,23.958,0.348,74.56,2.041
2006-06-15,23.862,2.55,78.41,1.953
2006-06-16,23.284,7.145,81.81,2.192
2006-06-17,23.452,2.227,79.82,1.824
2006-06-18,23.902,1.239,78.58,1.157
2006-06-19,24.139,7.357,81.47,1.599
2006-06-20,23.086,11.529,87.4,1.616
2006-06-21,22.997,7.442,84.41,2.41
2006-06-22,22.807,6.176,83.91,2.882
2006-06-23,22.052,13.162,88.66,4.404
2006-06-24,22.223,10.346,88.62,4.466
2006-06-25,21.066,20.171,93.84,3.74
2006-06-26,21.214,17.8,92.25,3.089
2006-06-27,22.645,3.772,84.19,3.918
2006-06-28,22.272,9.464,87.5,4.081
2006-06-29,22.494,7.272,85.43,4.592
2006-06-30,22.366,4.198,84.49,4.238
2006-07-01,22.773,2.951,81.27,5.314
2006-07-02,22.351,7.726,84.38,5.967
2006-07-03,22.223,8.846,84.67,6.296
2006-07-04,22.116,5.229,83.45,6.084
2006-07-05,22.404,3.469,81.86,5.285
2006-07-06,22.479,1.446,79.95,4.433
2006-07-07,22.777,2.172,80.73,3.661
2006-07-08,22.847,1.406,80.05,3.743
2006-07-09,22.855,0.797,78.36,3.716
2006-07-10,22.714,1.699,79.56,3.897
2006-07-11,22.297,2.629,82.3,3.967
2006-07-12,22.011,4.83,84.17,3.827
2006-07-13,21.504,17.049,89.18,4.014
2006-07-14,21.851,7.594,86.89,4.289
2006-07-15,22.467,4.565,83.54,4.508
2006-07-16,22.64,2.074,80.82,4.618
2006-07-17,22.35,1.7,80.9,4.491
2006-07-18,22.433,2.033,80.25,4.251
2006-07-19,21.542,1.128,85.18,3.416
2006-07-20,22.298,0.911,79.95,3.5
2006-07-21,22.318,0.729,79.82,3.498
2006-07-22,22.705,0.163,75.63,3.542
2006-07-23,22.931,0.234,74.5,3.121
2006-07-24,23.034,0.083,73.94,2.545
2006-07-25,23.088,0.93,74.64,2.58
2006-07-26,22.408,1.381,80.29,3.107
2006-07-27,21.607,4.462,83.93,3.282
2006-07-28,21.932,1.951,80.97,3.814
2006-07-29,22.45,1.417,78.03,3.852
2006-07-30,22.476,0.826,77.23,3.794
2006-07-31,22.329,2.996,79.53,3.347
2006-08-01,22.62,1.434,77.28,3.298
2006-08-02,22.371,0.776,77.56,3.626
2006-08-03,22.039,1.511,79.14,3.972
2006-08-04,21.763,3.101,82.55,3.433
2006-08-05,22.224,0.893,80.25,3.271
2006-08-06,22.421,0.924,79.87,2.989
2006-08-07,22.79,0.406,76.82,3.073
2006-08-08,22.78,0.601,75.95,3.098
2006-08-09,22.473,2.242,79.3,3.391
2006-08-10,22.182,2.283,80.13,4.104
2006-08-11,21.08,10.876,89.68,3.95
2006-08-12,21.319,8.077,89.74,3.457
2006-08-13,21.933,9.723,86.5,3.985
2006-08-14,22.364,2.874,82.23,4.254
2006-08-15,22.024,7.788,86.1,4.322
2006-08-16,22.029,3.875,82.22,4.847
2006-08-17,22.092,2.617,80.6,4.356
2006-08-18,22.263,7.458,83.65,3.19
2006-08-19,22.461,3.541,82.42,2.739
2006-08-20,22.812,4.862,82.8,2.157
2006-08-21,22.198,2.986,87.34,1.687
2006-08-22,22.548,0.705,79.9,1.92
2006-08-23,23.123,0.026,73.52,1.938
2006-08-24,23.147,0.12,74.55,1.896
2006-08-25,23.537,0.182,74.11,1.816
2006-08-26,23.228,0.108,72.69,2.696
2006-08-27,22.752,0.022,69.82,3.117
2006-08-28,22.581,0.671,74.66,3.152
2006-08-29,22.174,0.242,75.39,3.146
2006-08-30,22.458,1.969,78.8,2.691
2006-08-31,22.727,2.854,79.08,2.202
2006-09-01,22.716,3.046,80.38,2.126
2006-09-02,23.868,0.281,73.66,1.267
2006-09-03,24.175,0.482,75.62,1.161
2006-09-04,23.427,2.113,80.21,1.768
2006-09-05,23.795,0.341,73.35,1.919
2006-09-06,24.01,2.483,76.32,0.989
2006-09-07,23.273,10.478,84.06,0.253
2006-09-08,23.491,6.552,82.26,0.263
2006-09-09,23.059,12.423,84.98,0.872
2006-09-10,22.949,3.032,81.12,1.906
2006-09-11,22.792,3.767,81.79,2.656
2006-09-12,22.73,2.865,82.35,3.742
2006-09-13,22.971,0.809,80.41,3.441
2006-09-14,21.612,5.122,89.0,3.496
2006-09-15,21.203,9.226,90.38,3.315
2006-09-16,20.928,9.454,93.37,3.2
2006-09-17,21.828,3.314,85.67,3.683
2006-09-18,22.255,1.925,83.11,3.604
2006-09-19,22.261,1.853,82.67,3.406
2006-09-20,21.947,5.323,86.22,3.282
2006-09-21,21.888,5.87,86.64,3.189
2006-09-22,22.721,0.68,80.58,2.935
2006-09-23,23.042,0.835,79.39,2.574
2006-09-24,22.369,5.344,83.64,2.288
2006-09-25,22.225,4.377,84.69,2.573
2006-09-26,22.382,2.537,81.75,2.729
2006-09-27,23.072,0.051,73.22,2.381
2006-09-28,23.084,0.826,75.63,2.038
2006-09-29,22.67,1.361,78.21,2.459
2006-09-30,22.399,2.155,80.31,2.728
2006-10-01,22.625,1.365,79.09,2.883
2006-10-02,22.634,0.512,76.93,2.754
2006-10-03,22.971,0.253,77.38,2.41
2006-10-04,22.694,1.446,79.7,2.821
2006-10-05,23.097,0.686,77.39,2.934
2006-10-06,22.933,1.149,79.93,2.915
2006-10-07,22.482,6.702,83.33,2.594
2006-10-08,21.828,8.754,86.56,2.365
2006-10-09,21.585,8.629,87.64,1.836
2006-10-10,21.833,5.608,86.23,1.067
2006-10-11,22.024,13.806,87.6,0.77
2006-10-12,22.99,0.487,77.89,0.539
2006-10-13,23.902,0.042,68.53,1.02
2006-10-14,23.332,0.977,76.48,0.236
2006-10-15,23.331,0.386,75.86,0.846
2006-10-16,23.269,1.134,78.03,1.64
2006-10-17,22.544,5.91,84.44,1.638
2006-10-18,23.001,1.625,80.34,1.427
2006-10-19,22.833,4.299,81.31,1.156
2006-10-20,22.825,4.72,81.38,1.36
2006-10-21,22.405,3.096,84.09,1.574
2006-10-22,23.114,0.046,69.17,2.291
2006-10-23,22.769,0.24,72.43,1.845
2006-10-24,23.047,0.135,71.86,2.454
2006-10-25,22.813,4.682,76.92,2.218
2006-10-26,21.864,10.703,86.97,2.151
2006-10-27,21.776,8.512,85.96,2.284
2006-10-28,21.554,9.66,88.55,0.888
2006-10-29,21.735,13.932,87.87,0.975
2006-10-30,22.486,4.626,85.81,0.323
2006-10-31,22.571,3.463,83.2,0.342
2006-11-01,21.836,10.923,88.26,0.561
2006-11-02,22.034,7.698,85.77,1.489
2006-11-03,22.048,14.84,86.54,1.554
2006-11-04,21.608,6.041,87.32,1.999
2006-11-05,21.768,5.152,86.58,1.315
2006-11-06,21.721,12.033,87.47,0.734
2006-11-07,20.994,7.786,89.78,0.478
2006-11-08,21.459,6.162,86.27,0.988
2006-11-09,21.018,5.854,88.39,1.318
2006-11-10,21.839,0.946,79.32,2.165
2006-11-11,22.049,0.529,77.94,2.336
2006-11-12,22.12,0.221,76.54,2.266
2006-11-13,22.421,0.384,74.58,2.324
2006-11-14,22.25,1.181,80.04,2.464
2006-11-15,21.922,2.196,81.81,2.693
2006-11-16,22.028,1.222,80.66,2.743
2006-11-17,22.406,2.439,80.23,2.752
2006-11-18,20.888,12.655,92.97,1.852
2006-11-19,22.058,4.817,86.68,1.696
2006-11-20,21.945,3.27,87.08,1.977
2006-11-21,22.154,1.908,83.33,2.198
2006-11-22,22.231,0.544,81.14,1.55
2006-11-23,21.953,6.327,86.72,0.215
2006-11-24,22.14,1.886,84.05,0.335
2006-11-25,22.58,0.088,74.94,1.207
2006-11-26,22.666,0.104,77.13,0.998
2006-11-27,22.502,0.963,82.99,1.641
2006-11-28,22.94,0.251,77.02,2.172
2006-11-29,22.355,0.03,74.16,2.628
2006-11-30,21.997,0.012,72.06,2.604
2006-12-01,20.794,0.014,67.67,2.412
2006-12-02,19.942,0.002,65.75,2.439
2006-12-03,21.166,0.005,71.24,3.08
2006-12-04,20.542,0.006,68.95,2.888
2006-12-05,21.059,0.004,64.98,2.68
2006-12-06,20.666,0.001,62.25,2.552
2006-12-07,20.48,0.003,58.5,2.481
2006-12-08,20.236,0.005,64.98,2.311
2006-12-09,20.222,0.001,59.93,2.449
2006-12-10,21.739,5.389,72.15,2.164
2006-12-11,22.393,1.302,81.13,1.656
2006-12-12,22.798,0.784,77.08,2.398
2006-12-13,22.546,0.054,68.27,2.834
2006-12-14,21.592,0.023,63.74,3.049
2006-12-15,20.873,0.014,61.54,2.839
2006-12-16,20.604,0.012,54.25,3.236
2006-12-17,19.676,0.003,61.84,2.945
2006-12-18,20.729,0.001,61.78,2.17
2006-12-19,20.452,0.002,57.79,2.059
2006-12-20,20.369,0.003,61.71,2.452
2006-12-21,21.455,0.143,63.25,2.832
2006-12-22,21.801,0.012,64.23,3.411
2006-12-23,21.6,0.054,60.67,2.893
2006-12-24,20.671,0.034,64.58,2.484
2006-12-25,20.7,0.024,62.52,2.191
2006-12-26,20.585,0.042,61.21,2.314
2006-12-27,21.05,0.004,59.24,2.272
2006-12-28,20.662,0.001,53.67,2.044
2006-12-29,20.162,0.001,49.63,1.939
2006-12-30,20.368,0.001,50.21,1.582
2006-12-31,20.489,0.001,52.16,1.647
2007-01-01,20.258,0.001,50.72,1.787
2007-01-02,20.513,0.001,51.54,1.857
2007-01-03,20.612,0.0,52.33,1.467
2007-01-04,21.048,0.001,49.53,1.284
2007-01-05,21.53,0.001,50.34,1.789
2007-01-06,21.177,0.011,54.11,2.431
2007-01-07,20.827,0.002,49.32,2.703
2007-01-08,21.274,0.001,53.0,3.009
2007-01-09,22.608,0.001,59.49,2.784
2007-01-10,22.137,0.025,55.32,2.481
2007-01-11,22.535,0.0,59.97,2.018
2007-01-12,22.576,0.001,57.85,2.265
2007-01-13,21.638,0.0,44.43,2.148
2007-01-14,21.699,0.002,42.8,1.954
2007-01-15,22.907,0.001,55.88,1.662
2007-01-16,22.765,0.001,48.44,1.568
2007-01-17,22.806,0.001,43.83,1.656
2007-01-18,22.408,0.001,35.3,2.365
2007-01-19,21.431,0.0,42.79,2.059
2007-01-20,22.035,0.0,47.85,2.261
2007-01-21,22.334,0.0,42.59,2.412
2007-01-22,22.18,0.0,34.58,2.094
2007-01-23,22.701,0.002,35.74,2.192
2007-01-24,22.808,0.001,41.47,2.802
2007-01-25,22.579,0.014,53.1,2.508
2007-01-26,23.081,0.001,51.48,2.196
2007-01-27,23.349,0.131,62.32,2.557
2007-01-28,23.585,0.057,60.61,3.135
2007-01-29,23.551,0.001,52.04,2.915
2007-01-30,23.357,0.004,50.73,2.675
2007-01-31,23.033,0.002,41.55,2.263
2007-02-01,23.323,0.0,34.21,2.514
2007-02-02,22.992,0.001,36.91,2.422
2007-02-03,22.833,0.082,43.79,0.87
2007-02-04,23.225,0.167,52.94,0.107
2007-02-05,23.686,0.088,56.77,0.124
2007-02-06,23.796,0.018,45.64,1.042
2007-02-07,23.647,0.125,43.04,1.007
2007-02-08,23.954,0.102,39.76,1.722
2007-02-09,23.241,0.001,34.5,2.707
2007-02-10,23.187,0.011,54.78,1.655
2007-02-11,23.509,0.03,56.65,0.101
2007-02-12,23.638,0.08,59.55,1.116
2007-02-13,22.909,0.002,56.74,2.468
2007-02-14,22.78,0.005,47.09,1.767
2007-02-15,22.943,0.001,50.59,1.695
2007-02-16,23.303,0.0,46.75,0.505
2007-02-17,23.394,0.003,53.22,1.391
2007-02-18,24.094,0.146,59.09,1.534
2007-02-19,23.74,0.396,64.16,2.942
2007-02-20,24.021,0.004,48.22,3.107
2007-02-21,23.262,0.0,41.52,2.573
2007-02-22,23.203,0.001,34.5,2.899
2007-02-23,23.02,0.001,30.56,2.449
2007-02-24,23.362,0.013,42.0,0.535
2007-02-25,24.821,0.008,50.18,0.668
2007-02-26,25.81,0.03,51.3,0.329
2007-02-27,26.45,0.036,48.72,0.355
2007-02-28,25.866,0.068,47.99,0.804
2007-03-01,24.991,0.176,58.23,1.754
2007-03-02,25.251,0.012,53.73,1.048
2007-03-03,25.819,0.014,50.87,0.817
2007-03-04,26.046,0.005,47.87,1.603
2007-03-05,25.638,0.036,44.3,1.189
2007-03-06,26.374,0.027,44.05,0.493
2007-03-07,26.082,0.051,52.9,0.75
2007-03-08,25.462,0.873,58.94,0.678
2007-03-09,25.93,0.107,52.06,0.718
2007-03-10,26.179,0.018,47.26,0.621
2007-03-11,26.261,0.001,46.66,0.463
2007-03-12,26.164,0.0,44.87,0.494
2007-03-13,26.267,0.002,46.09,0.551
2007-03-14,26.322,0.003,47.09,0.752
2007-03-15,26.703,0.004,45.19,0.704
2007-03-16,27.184,0.029,42.14,1.121
2007-03-17,27.249,0.02,44.01,1.096
2007-03-18,26.962,0.039,44.92,0.386
2007-03-19,27.205,0.035,44.24,0.099
2007-03-20,27.248,0.019,44.84,0.337
2007-03-21,26.679,0.042,51.23,1.124
2007-03-22,27.141,0.011,48.0,0.368
2007-03-23,28.03,0.006,42.47,0.745
2007-03-24,27.814,0.01,49.4,0.862
2007-03-25,27.564,0.047,55.41,0.653
2007-03-26,26.907,0.269,58.96,0.934
2007-03-27,27.878,0.106,48.94,0.369
2007-03-28,27.863,0.055,47.97,0.255
2007-03-29,27.952,0.032,45.49,0.443
2007-03-30,27.675,0.04,38.41,0.999
2007-03-31,27.659,0.075,35.91,0.279
2007-04-01,28.251,0.273,51.53,0.21
2007-04-02,27.937,0.164,52.93,0.734
2007-04-03,28.464,0.055,46.8,0.105
2007-04-04,29.079,0.031,39.45,1.429
2007-04-05,28.684,0.022,33.46,2.116
2007-04-06,28.093,0.041,35.76,1.013
2007-04-07,27.872,0.103,46.24,0.202
2007-04-08,27.538,0.099,48.64,0.588
2007-04-09,27.784,0.472,50.32,0.36
2007-04-10,27.51,0.598,54.83,0.651
2007-04-11,26.885,1.192,62.09,1.282
2007-04-12,25.99,5.459,69.09,0.909
2007-04-13,26.0,6.055,67.66,0.296
2007-04-14,25.765,4.11,64.4,0.581
2007-04-15,25.648,0.711,61.95,0.46
2007-04-16,26.494,1.216,58.63,0.234
2007-04-17,24.73,4.371,74.2,1.528
2007-04-18,24.821,4.063,74.29,0.999
2007-04-19,25.331,4.364,73.43,0.662
2007-04-20,25.035,1.912,73.14,1.019
2007-04-21,24.511,15.888,77.17,0.56
2007-04-22,24.872,4.057,76.11,1.074
2007-04-23,25.231,2.556,74.72,0.628
2007-04-24,26.289,0.739,68.01,0.714
2007-04-25,26.66,0.875,66.11,0.495
2007-04-26,26.663,0.496,66.75,0.795
2007-04-27,27.09,0.053,61.28,0.569
2007-04-28,27.225,0.16,62.77,0.815
2007-04-29,26.42,1.246,68.21,1.156
2007-04-30,27.744,0.079,57.59,0.645
2007-05-01,27.508,0.532,62.48,1.427
2007-05-02,26.055,9.019,75.68,2.134
2007-05-03,25.014,9.008,78.91,2.285
2007-05-04,25.045,21.835,78.48,1.407
2007-05-05,25.203,9.622,80.15,1.223
2007-05-06,25.162,3.658,81.17,1.682
2007-05-07,25.023,5.219,79.63,2.206
2007-05-08,24.509,1.972,79.63,2.672
2007-05-09,24.441,2.35,78.68,3.014
2007-05-10,25.142,0.147,72.31,3.206
2007-05-11,25.391,0.207,70.55,2.82
2007-05-12,24.909,0.454,72.68,3.304
2007-05-13,25.258,1.528,75.16,2.823
2007-05-14,25.506,0.444,71.7,2.979
2007-05-15,25.415,0.127,68.38,2.966
2007-05-16,25.554,0.009,62.28,2.515
2007-05-17,25.85,0.067,62.5,2.458
2007-05-18,25.605,0.585,67.84,2.382
2007-05-19,26.049,0.958,67.57,2.127
2007-05-20,26.124,0.606,67.06,2.638
2007-05-21,26.318,0.277,65.55,2.596
2007-05-22,25.975,1.213,69.56,2.081
2007-05-23,26.273,1.993,69.34,1.809
2007-05-24,25.706,4.698,73.91,1.599
2007-05-25,24.734,1.727,76.81,1.949
2007-05-26,24.134,4.591,78.97,2.314
2007-05-27,24.311,2.666,75.84,2.673
2007-05-28,22.663,9.474,82.2,3.218
2007-05-29,23.088,1.789,76.78,2.748
2007-05-30,22.997,4.733,81.79,2.833
2007-05-31,24.109,0.87,73.51,3.05
2007-06-01,24.673,0.398,72.33,2.763
2007-06-02,24.937,0.582,72.02,2.857
2007-06-03,25.105,0.998,72.62,2.553
2007-06-04,25.961,0.427,68.48,2.098
2007-06-05,25.669,5.471,73.0,1.733
2007-06-06,25.031,11.45,77.79,1.775
2007-06-07,24.031,4.247,79.83,1.363
2007-06-08,23.887,6.214,81.42,2.371
2007-06-09,23.99,3.135,78.67,2.82
2007-06-10,23.889,4.851,79.58,2.927
2007-06-11,24.331,2.142,77.76,2.657
2007-06-12,24.308,4.697,80.33,2.732
2007-06-13,23.957,3.156,79.69,3.156
2007-06-14,23.781,5.326,79.71,2.693
2007-06-15,23.744,2.18,79.07,3.489
2007-06-16,23.02,1.079,78.53,3.683
2007-06-17,23.016,3.538,81.42,3.444
2007-06-18,22.868,10.512,84.44,3.881
2007-06-19,22.118,14.748,86.64,3.848
2007-06-20,22.038,8.035,86.04,3.818
2007-06-21,21.323,19.542,95.16,3.673
2007-06-22,21.377,50.369,93.91,5.136
2007-06-23,21.035,35.732,92.77,5.54
2007-06-24,22.168,5.737,85.98,3.609
2007-06-25,22.111,4.945,85.46,2.993
2007-06-26,22.535,5.865,82.48,3.344
2007-06-27,21.772,6.557,86.16,3.664
2007-06-28,21.382,7.08,90.08,4.707
2007-06-29,21.779,8.495,88.17,4.736
2007-06-30,22.5,8.756,87.75,4.723
2007-07-01,22.006,9.126,90.6,4.385
2007-07-02,22.394,8.378,89.22,3.922
2007-07-03,22.393,7.46,86.49,4.413
2007-07-04,22.156,3.772,84.55,4.134
2007-07-05,22.684,2.244,80.9,4.923
2007-07-06,22.662,2.312,82.0,5.071
2007-07-07,22.485,2.647,81.82,4.894
2007-07-08,22.158,2.758,82.58,4.638
2007-07-09,22.426,2.298,81.06,4.286
2007-07-10,22.254,2.438,83.92,4.041
2007-07-11,22.848,3.178,82.13,3.825
2007-07-12,22.692,2.066,81.58,4.084
2007-07-13,22.362,5.343,84.7,4.227
2007-07-14,22.469,3.282,83.11,4.673
2007-07-15,22.178,8.366,85.45,4.511
2007-07-16,21.392,15.187,91.5,4.05
2007-07-17,20.94,19.828,93.29,3.099
2007-07-18,22.269,4.159,85.31,2.601
2007-07-19,22.726,6.454,83.2,2.286
2007-07-20,22.464,7.707,84.41,2.22
2007-07-21,21.662,15.925,87.64,2.542
2007-07-22,21.371,6.299,88.76,2.484
2007-07-23,22.221,6.878,86.35,2.177
2007-07-24,22.51,6.651,84.89,1.715
2007-07-25,22.109,3.768,84.49,2.834
2007-07-26,22.019,6.007,87.26,2.655
2007-07-27,22.247,3.154,83.82,3.261
2007-07-28,22.298,1.999,82.68,2.769
2007-07-29,21.653,12.387,87.46,2.671
2007-07-30,21.424,13.562,89.87,2.248
2007-07-31,21.231,5.154,90.36,2.694
2007-08-01,21.335,16.068,90.15,2.881
2007-08-02,20.739,22.879,93.74,3.198
2007-08-03,21.763,3.717,86.74,3.567
2007-08-04,21.942,3.933,85.28,4.088
2007-08-05,21.149,14.737,90.78,4.138
2007-08-06,20.891,10.93,91.66,3.677
2007-08-07,21.459,5.13,87.61,4.388
2007-08-08,22.047,5.543,84.55,4.801
2007-08-09,21.797,5.552,85.61,4.187
2007-08-10,21.204,6.132,87.19,3.347
2007-08-11,21.987,2.775,82.65,3.725
2007-08-12,22.13,0.935,81.65,3.205
2007-08-13,22.39,0.325,78.66,3.148
2007-08-14,22.41,0.179,74.8,2.581
2007-08-15,22.491,0.263,78.36,1.762
2007-08-16,23.147,0.748,79.15,1.801
2007-08-17,23.158,1.317,79.96,2.292
2007-08-18,22.703,0.747,78.28,2.551
2007-08-19,22.746,0.825,78.14,2.598
2007-08-20,22.654,4.547,82.0,2.972
2007-08-21,21.638,7.614,88.12,3.182
2007-08-22,21.283,1.48,87.85,3.097
2007-08-23,21.935,7.946,85.6,2.545
2007-08-24,21.917,11.532,88.72,1.812
2007-08-25,21.97,9.96,88.71,2.206
2007-08-26,22.432,5.263,84.2,2.826
2007-08-27,22.452,3.033,84.04,2.612
2007-08-28,22.797,3.536,84.56,2.725
2007-08-29,22.402,9.072,86.06,2.611
2007-08-30,21.404,8.439,89.99,3.148
2007-08-31,20.77,12.224,92.55,3.188
2007-09-01,21.036,9.285,90.88,3.3
2007-09-02,21.063,8.421,91.4,3.217
2007-09-03,21.077,8.929,91.75,3.206
2007-09-04,22.489,4.203,85.35,3.137
2007-09-05,22.291,6.913,85.1,3.493
2007-09-06,22.247,1.58,82.85,3.335
2007-09-07,22.326,2.42,83.84,2.756
2007-09-08,22.644,11.85,85.32,1.333
2007-09-09,22.802,8.713,85.76,0.646
2007-09-10,23.324,2.239,82.82,0.514
2007-09-11,23.203,2.802,83.01,1.193
2007-09-12,23.095,2.205,83.25,1.61
2007-09-13,22.899,5.861,83.65,1.576
2007-09-14,21.831,6.03,88.96,2.208
2007-09-15,21.969,4.4,87.61,2.201
2007-09-16,21.984,6.774,88.65,2.333
2007-09-17,22.033,4.797,86.41,3.126
2007-09-18,20.87,7.396,91.92,3.411
2007-09-19,21.258,2.479,87.63,3.11
2007-09-20,22.493,1.397,81.74,3.482
2007-09-21,22.521,0.846,80.38,3.792
2007-09-22,22.424,2.411,83.38,4.021
2007-09-23,22.464,3.895,83.27,4.382
2007-09-24,22.287,10.392,86.21,4.832
2007-09-25,20.971,31.299,95.36,3.17
2007-09-26,22.172,1.486,83.91,2.609
2007-09-27,22.084,4.64,85.03,2.459
2007-09-28,22.443,0.744,80.76,3.026
2007-09-29,22.494,3.746,83.2,3.013
2007-09-30,22.5,3.819,83.42,2.613
2007-10-01,21.651,2.997,83.84,3.042
2007-10-02,21.718,2.424,84.63,2.471
2007-10-03,22.364,1.561,82.3,2.271
2007-10-04,22.216,1.077,81.58,2.483
2007-10-05,22.094,0.261,77.41,2.732
2007-10-06,21.735,0.896,79.01,2.963
2007-10-07,21.729,0.294,76.9,2.769
2007-10-08,21.673,0.513,79.9,2.14
2007-10-09,22.787,0.845,80.02,0.566
2007-10-10,23.084,8.064,80.99,0.457
2007-10-11,23.311,1.753,78.37,0.356
2007-10-12,23.326,1.584,78.7,0.577
2007-10-13,23.787,0.136,71.86,0.921
2007-10-14,23.553,0.115,72.05,0.739
2007-10-15,23.742,0.092,70.3,0.45
2007-10-16,23.304,3.141,77.65,0.305
2007-10-17,22.675,16.989,82.54,0.388
2007-10-18,21.961,22.45,87.43,0.175
2007-10-19,21.503,16.387,90.02,0.178
2007-10-20,21.367,11.861,88.95,1.182
2007-10-21,22.074,6.282,82.38,1.154
2007-10-22,21.663,35.244,88.65,1.172
2007-10-23,20.925,17.586,93.78,1.818
2007-10-24,21.108,9.99,91.49,2.544
2007-10-25,21.909,3.24,86.32,3.333
2007-10-26,21.418,13.721,89.94,2.694
2007-10-27,22.007,27.13,84.96,1.35
2007-10-28,21.011,23.146,91.04,0.453
2007-10-29,19.801,9.994,92.94,0.076
2007-10-30,21.561,2.237,86.99,1.522
2007-10-31,22.465,0.157,78.95,2.087
2007-11-01,22.39,0.552,80.83,1.021
2007-11-02,22.061,2.925,86.68,1.078
2007-11-03,22.304,3.371,82.98,1.865
2007-11-04,21.698,6.586,89.09,1.687
2007-11-05,22.202,2.708,86.03,0.747
2007-11-06,21.997,7.898,87.48,0.341
2007-11-07,21.722,2.794,85.92,0.62
2007-11-08,22.337,0.062,75.31,1.019
2007-11-09,22.007,0.325,74.3,1.133
2007-11-10,21.602,0.011,70.49,1.432
2007-11-11,21.234,0.001,68.67,1.969
2007-11-12,21.297,0.001,69.47,2.049
2007-11-13,20.597,0.001,64.6,1.56
2007-11-14,19.781,0.0,59.29,1.842
2007-11-15,19.792,0.0,55.58,1.396
2007-11-16,19.578,0.003,58.57,1.477
2007-11-17,19.045,0.001,60.49,1.794
2007-11-18,19.485,0.001,67.79,1.785
2007-11-19,21.905,1.253,76.65,2.221
2007-11-20,21.429,3.152,85.98,2.815
2007-11-21,22.281,0.037,73.56,2.722
2007-11-22,21.554,0.122,74.93,2.293
2007-11-23,20.522,0.083,69.91,1.93
2007-11-24,19.674,0.001,56.49,1.758
2007-11-25,18.779,0.0,54.49,1.837
2007-11-26,21.079,0.037,64.0,2.091
2007-11-27,21.967,0.035,68.32,1.244
2007-11-28,21.801,0.917,76.1,1.452
2007-11-29,22.302,0.196,72.7,1.799
2007-11-30,21.674,0.101,68.12,2.451
2007-12-01,20.707,0.001,64.02,2.26
2007-12-02,20.935,0.008,67.76,2.45
2007-12-03,21.601,0.217,71.29,2.895
2007-12-04,21.563,0.08,65.68,3.379
2007-12-05,20.969,0.492,72.58,3.81
2007-12-06,21.363,0.631,72.84,3.724
2007-12-07,21.282,0.375,72.54,2.904
2007-12-08,21.645,0.004,67.18,1.907
2007-12-09,21.731,0.023,68.97,1.64
2007-12-10,21.659,0.036,69.57,1.681
2007-12-11,21.182,0.004,64.29,1.677
2007-12-12,21.692,0.014,64.98,1.77
2007-12-13,21.781,0.036,67.4,2.33
2007-12-14,19.554,0.517,69.87,2.201
2007-12-15,21.022,0.001,70.08,2.528
2007-12-16,21.314,0.002,66.52,3.252
2007-12-17,21.703,0.007,58.08,3.47
2007-12-18,20.079,19.636,79.76,3.505
2007-12-19,19.59,15.354,96.43,3.578
2007-12-20,21.12,4.576,89.04,3.59
2007-12-21,21.639,0.808,81.25,2.859
2007-12-22,21.435,0.006,68.47,2.232
2007-12-23,20.61,0.0,65.85,1.605
2007-12-24,19.817,0.0,56.35,1.704
2007-12-25,20.098,0.001,52.96,0.898
2007-12-26,20.484,0.001,56.81,1.65
2007-12-27,20.96,0.0,63.56,0.74
2007-12-28,21.268,0.004,64.21,0.823
2007-12-29,22.39,0.001,62.46,0.717
2007-12-30,22.427,0.0,62.73,1.257
2007-12-31,21.395,0.001,64.15,1.797
2008-01-01,20.762,0.002,56.01,2.112
2008-01-02,20.713,0.0,53.12,2.047
2008-01-03,20.059,0.001,46.17,2.178
2008-01-04,21.508,0.112,66.68,2.181
2008-01-05,20.861,0.537,77.9,2.823
2008-01-06,20.664,0.0,50.08,2.732
2008-01-07,20.275,0.001,54.15,2.816
2008-01-08,20.457,0.002,48.04,2.568
2008-01-09,20.666,0.001,44.19,2.003
2008-01-10,21.422,0.0,49.07,1.79
2008-01-11,21.721,0.001,46.45,2.124
2008-01-12,21.146,0.001,44.54,2.296
2008-01-13,20.916,0.0,43.81,2.391
2008-01-14,21.029,0.0,45.26,2.101
2008-01-15,20.988,0.0,42.51,2.408
2008-01-16,21.048,0.001,44.72,2.497
2008-01-17,20.685,0.002,43.58,2.132
2008-01-18,20.777,0.002,48.86,1.035
2008-01-19,20.798,0.023,50.5,0.637
2008-01-20,21.392,0.019,55.11,0.087
2008-01-21,22.011,0.024,53.92,0.563
2008-01-22,22.403,0.005,57.41,0.526
2008-01-23,22.85,0.016,58.85,0.362
2008-01-24,23.218,0.002,61.66,0.365
2008-01-25,22.67,0.014,68.49,1.768
2008-01-26,22.692,0.001,55.38,1.429
2008-01-27,22.796,0.005,56.26,1.111
2008-01-28,23.077,0.066,60.76,0.126
2008-01-29,23.345,0.013,60.4,0.519
2008-01-30,23.036,0.002,62.41,1.244
2008-01-31,23.208,0.001,58.75,1.27
2008-02-01,23.153,0.009,59.48,0.996
2008-02-02,23.124,0.003,57.49,0.946
2008-02-03,23.306,0.398,63.19,0.328
2008-02-04,23.468,0.581,65.52,1.028
2008-02-05,23.562,0.703,65.67,0.533
2008-02-06,23.926,0.105,62.28,0.531
2008-02-07,23.786,0.438,64.22,0.78
2008-02-08,23.935,1.031,67.54,0.971
2008-02-09,22.938,7.168,79.35,0.71
2008-02-10,23.034,3.62,77.52,0.803
2008-02-11,23.553,1.381,75.84,0.752
2008-02-12,22.8,1.768,78.27,0.388
2008-02-13,23.457,0.47,70.3,0.813
2008-02-14,23.955,0.532,67.57,1.825
2008-02-15,23.964,0.342,65.13,2.743
2008-02-16,24.146,0.094,57.92,2.19
2008-02-17,23.643,0.017,47.28,2.243
2008-02-18,24.04,0.017,46.38,1.11
2008-02-19,23.896,0.043,52.83,0.043
2008-02-20,24.539,0.026,51.34,0.182
2008-02-21,25.103,0.002,47.06,0.937
2008-02-22,25.059,0.003,44.44,1.384
2008-02-23,24.568,0.015,45.22,1.189
2008-02-24,24.429,0.004,35.02,1.401
2008-02-25,24.747,0.001,37.32,1.069
2008-02-26,25.133,0.002,35.59,2.236
2008-02-27,24.628,0.002,29.53,2.682
2008-02-28,23.828,0.001,28.23,2.872
2008-02-29,24.15,0.003,34.38,2.026
2008-03-01,24.506,0.002,39.92,1.23
2008-03-02,24.807,0.031,45.76,1.017
2008-03-03,24.517,0.008,32.68,1.652
2008-03-04,24.348,0.014,24.82,1.339
2008-03-05,24.848,0.017,25.5,1.729
2008-03-06,24.939,0.009,25.36,2.363
2008-03-07,24.213,0.002,23.34,3.07
2008-03-08,24.07,0.001,20.29,3.269
2008-03-09,24.323,0.0,27.14,2.376
2008-03-10,25.681,0.001,27.12,2.249
2008-03-11,25.311,0.001,34.3,1.89
2008-03-12,23.909,1.383,64.9,1.825
2008-03-13,23.51,9.064,75.66,0.595
2008-03-14,22.594,15.163,83.23,0.14
2008-03-15,22.634,6.791,83.84,0.143
2008-03-16,23.366,1.969,77.03,1.186
2008-03-17,23.576,0.498,69.34,1.91
2008-03-18,23.796,0.035,67.51,1.828
2008-03-19,24.004,0.388,69.06,2.301
2008-03-20,22.434,23.837,84.57,2.355
2008-03-21,21.487,12.725,91.02,2.639
2008-03-22,21.49,12.992,89.34,1.6
2008-03-23,22.308,2.407,81.83,2.276
2008-03-24,22.314,4.164,80.05,2.144
2008-03-25,22.851,1.261,78.16,1.728
2008-03-26,23.082,1.254,77.12,1.126
2008-03-27,24.057,0.948,75.33,0.594
2008-03-28,23.386,8.858,80.26,0.306
2008-03-29,23.662,3.248,80.1,0.588
2008-03-30,23.533,6.369,81.41,1.051
2008-03-31,23.075,3.61,81.23,1.413
2008-04-01,23.666,0.868,76.8,0.712
2008-04-02,23.556,3.229,77.99,0.287
2008-04-03,23.759,2.617,77.34,0.207
2008-04-04,23.773,2.145,77.08,0.202
2008-04-05,23.934,1.57,74.73,0.784
2008-04-06,24.485,0.213,66.17,1.887
2008-04-07,24.689,0.016,60.78,1.449
2008-04-08,24.94,0.078,55.39,1.224
2008-04-09,25.37,0.054,52.87,1.097
2008-04-10,25.936,0.055,51.44,1.041
2008-04-11,25.809,0.032,51.37,0.296
2008-04-12,26.198,0.034,53.46,0.083
2008-04-13,26.728,0.072,55.32,0.451
2008-04-14,27.184,0.059,53.61,0.218
2008-04-15,27.099,0.066,59.35,0.917
2008-04-16,25.651,3.656,70.06,0.997
2008-04-17,26.88,0.182,58.81,0.615
2008-04-18,26.834,0.105,58.98,1.272
2008-04-19,27.474,0.094,57.13,0.661
2008-04-20,26.534,1.02,63.2,1.125
2008-04-21,27.711,0.046,51.81,0.454
2008-04-22,27.077,0.322,60.63,1.531
2008-04-23,26.665,1.484,63.75,1.413
2008-04-24,26.094,1.246,66.38,1.518
2008-04-25,26.722,0.23,60.03,0.69
2008-04-26,26.723,0.183,61.96,0.797
2008-04-27,26.304,0.415,66.32,2.197
2008-04-28,24.832,2.316,76.54,2.915
2008-04-29,25.138,2.021,74.61,3.023
2008-04-30,26.672,0.224,65.02,2.305
2008-05-01,26.173,0.156,60.18,3.019
2008-05-02,26.125,0.414,60.83,2.724
2008-05-03,26.166,1.318,67.05,2.711
2008-05-04,26.118,0.148,58.68,2.772
2008-05-05,25.679,0.131,57.91,2.908
2008-05-06,25.732,0.267,61.06,2.658
2008-05-07,24.925,4.707,68.58,1.785
2008-05-08,24.61,4.499,72.42,1.771
2008-05-09,24.49,7.778,76.93,2.053
2008-05-10,24.393,9.601,78.08,2.23
2008-05-11,24.791,4.844,76.85,1.942
2008-05-12,24.433,1.806,75.66,2.573
2008-05-13,24.627,0.552,69.97,2.866
2008-05-14,24.762,0.425,67.72,2.926
2008-05-15,24.621,1.601,72.75,2.884
2008-05-16,24.869,0.588,67.51,2.903
2008-05-17,24.682,1.834,72.98,2.732
2008-05-18,24.573,2.328,74.33,2.728
2008-05-19,25.009,1.421,71.67,2.253
2008-05-20,25.065,2.017,72.12,2.433
2008-05-21,24.506,1.921,73.97,2.591
2008-05-22,24.359,1.539,75.3,2.478
2008-05-23,23.843,3.416,77.43,2.392
2008-05-24,24.434,3.656,74.12,2.178
2008-05-25,24.73,4.578,74.92,2.098
2008-05-26,23.929,9.608,80.64,2.181
2008-05-27,24.642,2.806,77.36,1.85
2008-05-28,24.365,12.601,80.88,1.881
2008-05-29,24.316,1.402,78.08,2.454
2008-05-30,24.039,6.497,78.52,2.667
2008-05-31,22.963,8.217,85.4,2.342
2008-06-01,23.429,4.407,81.63,2.157
2008-06-02,23.685,5.93,81.48,1.475
2008-06-03,23.531,2.05,78.59,2.681
2008-06-04,23.952,0.517,73.49,3.301
2008-06-05,23.964,0.22,73.13,3.667
2008-06-06,23.368,2.613,78.09,3.507
2008-06-07,22.889,7.641,82.72,3.223
2008-06-08,21.57,25.374,91.38,3.271
2008-06-09,20.951,26.321,94.58,2.744
2008-06-10,21.757,5.862,85.5,3.287
2008-06-11,22.558,1.691,81.2,3.836
2008-06-12,22.112,3.15,84.9,3.74
2008-06-13,22.182,2.505,84.55,3.671
2008-06-14,22.476,2.18,82.62,4.242
2008-06-15,22.32,3.093,82.76,4.085
2008-06-16,22.642,1.586,80.93,3.999
2008-06-17,21.675,5.086,89.34,3.335
2008-06-18,22.553,4.259,84.55,3.315
2008-06-19,22.516,5.594,85.26,2.971
2008-06-20,22.883,2.419,83.46,2.665
2008-06-21,23.455,1.354,78.15,2.877
2008-06-22,22.362,11.278,84.91,2.758
2008-06-23,23.047,0.524,77.16,3.515
2008-06-24,23.037,0.397,75.3,3.679
2008-06-25,22.336,2.695,80.73,3.851
2008-06-26,22.902,0.683,78.21,3.798
2008-06-27,22.713,3.583,81.92,3.782
2008-06-28,21.538,14.647,90.12,3.495
2008-06-29,21.753,9.181,87.99,3.409
2008-06-30,22.26,5.551,85.08,3.565
2008-07-01,20.948,13.364,90.25,3.227
2008-07-02,22.708,0.5,75.0,2.937
2008-07-03,23.156,0.209,77.06,2.556
2008-07-04,23.026,0.529,77.08,2.835
2008-07-05,23.153,0.401,75.9,3.18
2008-07-06,22.375,3.306,80.65,3.561
2008-07-07,22.386,1.912,78.0,4.01
2008-07-08,22.856,0.326,74.54,3.997
2008-07-09,22.826,1.987,80.05,3.632
2008-07-10,22.788,1.279,79.02,3.554
2008-07-11,22.861,0.756,77.17,3.7
2008-07-12,23.005,0.512,75.74,3.243
2008-07-13,23.364,0.797,75.54,2.445
2008-07-14,23.671,4.514,78.69,1.634
2008-07-15,23.438,11.37,82.33,1.344
2008-07-16,22.633,7.299,84.87,2.134
2008-07-17,22.858,3.777,81.34,2.484
2008-07-18,22.881,4.03,81.04,2.587
2008-07-19,22.488,6.285,82.53,2.638
2008-07-20,22.811,10.022,82.88,2.15
2008-07-21,22.641,6.09,82.64,2.195
2008-07-22,22.638,10.188,84.73,2.015
2008-07-23,22.812,6.175,83.26,2.824
2008-07-24,21.857,10.832,87.97,3.475
2008-07-25,20.835,13.303,91.12,4.299
2008-07-26,21.585,6.602,85.66,4.502
2008-07-27,20.903,17.245,91.12,4.502
2008-07-28,20.937,14.896,91.1,4.432
2008-07-29,21.294,9.355,89.07,4.347
2008-07-30,21.926,5.983,85.7,4.027
2008-07-31,22.269,2.759,82.87,3.78
2008-08-01,22.171,4.084,82.62,3.849
2008-08-02,22.345,2.151,80.87,3.189
2008-08-03,22.51,3.156,81.65,3.088
2008-08-04,22.887,0.217,77.18,3.076
2008-08-05,22.676,0.36,78.85,3.366
2008-08-06,22.265,1.179,79.91,3.446
2008-08-07,22.334,0.648,76.98,4.157
2008-08-08,20.858,7.868,88.55,4.371
2008-08-09,20.374,19.737,91.05,4.432
2008-08-10,19.898,25.175,94.32,3.755
2008-08-11,20.919,14.3,90.83,3.914
2008-08-12,21.618,19.233,89.13,3.2
2008-08-13,20.772,35.845,94.48,2.763
2008-08-14,20.874,13.651,89.85,2.834
2008-08-15,19.47,14.62,90.91,2.317
2008-08-16,21.785,0.349,80.25,2.789
2008-08-17,22.013,4.497,84.3,2.167
2008-08-18,22.096,4.766,85.86,1.833
2008-08-19,21.944,6.104,85.34,2.173
2008-08-20,22.203,4.347,83.42,2.116
2008-08-21,21.945,5.066,84.53,2.55
2008-08-22,22.408,0.928,79.74,2.592
2008-08-23,22.255,1.219,79.49,2.346
2008-08-24,22.875,0.134,75.48,1.802
2008-08-25,22.987,3.305,79.98,1.432
2008-08-26,22.903,5.543,81.12,1.524
2008-08-27,22.644,13.896,85.03,0.405
2008-08-28,22.379,15.798,87.04,0.353
2008-08-29,23.207,9.369,83.62,0.314
2008-08-30,22.933,16.669,85.28,0.615
2008-08-31,22.704,7.158,85.07,0.988
2008-09-01,22.62,4.024,85.27,1.687
2008-09-02,23.027,1.697,81.91,1.305
2008-09-03,23.16,3.822,82.33,1.12
2008-09-04,23.213,4.096,82.85,1.612
2008-09-05,23.191,1.679,81.95,2.081
2008-09-06,23.14,1.476,80.92,2.266
2008-09-07,21.801,6.951,86.71,2.766
2008-09-08,21.102,9.672,89.59,3.016
2008-09-09,20.497,19.729,93.92,3.705
2008-09-10,21.859,2.793,84.28,3.976
2008-09-11,22.257,0.745,79.9,4.252
2008-09-12,21.725,1.813,82.84,4.39
2008-09-13,22.125,1.011,81.37,3.731
2008-09-14,21.719,2.242,83.11,3.516
2008-09-15,22.212,0.494,78.34,3.39
2008-09-16,22.112,1.371,80.72,3.344
2008-09-17,22.341,0.592,78.01,3.366
2008-09-18,22.326,0.117,76.41,3.112
2008-09-19,21.701,0.876,83.3,2.935
2008-09-20,22.129,3.092,83.26,2.624
2008-09-21,22.671,0.852,79.75,2.284
2008-09-22,22.499,0.373,77.43,2.263
2008-09-23,22.668,0.151,77.74,1.761
2008-09-24,22.459,0.324,79.03,2.213
2008-09-25,22.504,0.046,76.13,2.496
2008-09-26,22.331,0.072,74.64,2.13
2008-09-27,22.188,0.005,71.84,1.971
2008-09-28,22.458,0.002,69.54,2.039
2008-09-29,22.803,0.008,71.46,1.513
2008-09-30,23.001,0.163,72.92,1.248
2008-10-01,23.084,0.302,73.04,1.86
2008-10-02,23.496,0.162,70.68,1.616
2008-10-03,23.662,1.01,74.32,0.971
2008-10-04,22.652,7.03,83.04,0.766
2008-10-05,22.431,5.854,82.88,1.097
2008-10-06,22.527,5.7,82.76,0.527
2008-10-07,22.752,7.607,84.27,0.949
2008-10-08,23.192,4.521,82.4,0.628
2008-10-09,23.154,8.304,84.16,0.452
2008-10-10,23.683,0.968,78.85,1.035
2008-10-11,23.78,2.118,74.19,1.891
2008-10-12,22.101,8.487,85.04,1.848
2008-10-13,22.267,6.324,85.17,2.005
2008-10-14,21.835,14.945,89.47,2.447
2008-10-15,22.568,7.861,85.06,2.541
2008-10-16,22.839,1.896,82.44,2.448
2008-10-17,22.994,5.523,83.97,2.193
2008-10-18,22.909,5.829,84.17,2.108
2008-10-19,22.792,9.523,85.77,1.631
2008-10-20,22.665,9.692,85.75,1.625
2008-10-21,21.843,17.324,89.61,1.865
2008-10-22,21.232,27.808,94.73,1.683
2008-10-23,22.213,24.004,88.7,1.51
2008-10-24,21.284,13.779,92.97,1.36
2008-10-25,21.523,15.248,91.76,1.113
2008-10-26,20.65,13.938,92.5,1.23
2008-10-27,21.464,0.003,67.21,0.64
2008-10-28,21.226,0.006,65.2,1.186
2008-10-29,20.808,0.003,61.87,0.78
2008-10-30,21.163,0.003,66.79,1.019
2008-10-31,21.769,0.002,63.76,1.118
2008-11-01,21.153,0.004,61.94,1.182
2008-11-02,21.071,0.002,63.57,0.902
2008-11-03,21.169,0.001,61.67,0.802
2008-11-04,20.875,0.001,62.7,0.785
2008-11-05,21.254,0.005,64.7,0.908
2008-11-06,21.461,0.003,65.6,1.446
2008-11-07,21.572,0.001,68.21,1.568
2008-11-08,21.724,0.001,68.61,1.609
2008-11-09,21.927,0.001,67.06,1.423
2008-11-10,22.874,0.371,71.35,2.057
2008-11-11,22.681,0.069,71.33,1.745
2008-11-12,21.918,0.002,65.25,1.785
2008-11-13,21.532,0.001,62.04,1.28
2008-11-14,21.544,0.0,62.66,1.167
2008-11-15,22.07,0.018,63.65,1.42
2008-11-16,22.449,0.238,74.24,1.344
2008-11-17,22.679,0.924,77.71,0.683
2008-11-18,23.608,0.847,72.95,1.907
2008-11-19,23.592,0.352,72.42,2.501
2008-11-20,22.679,2.867,80.41,2.175
2008-11-21,22.889,0.265,72.39,2.314
2008-11-22,21.035,14.311,87.78,2.69
2008-11-23,21.298,7.04,89.94,2.463
2008-11-24,21.947,1.081,79.23,2.51
2008-11-25,21.864,0.032,75.83,2.64
2008-11-26,21.726,0.258,69.86,2.623
2008-11-27,19.226,18.694,87.85,2.38
2008-11-28,20.671,2.905,90.61,0.785
2008-11-29,21.769,2.365,86.29,1.634
2008-11-30,21.932,2.783,85.45,2.192
2008-12-01,22.525,0.171,79.45,2.099
2008-12-02,22.167,0.856,81.54,1.641
2008-12-03,21.771,0.042,74.3,1.768
2008-12-04,20.753,0.001,70.67,1.863
2008-12-05,20.49,0.039,71.13,2.088
2008-12-06,20.736,0.01,68.82,1.987
2008-12-07,20.573,0.003,71.13,1.945
2008-12-08,21.412,0.856,78.98,1.891
2008-12-09,21.324,1.926,83.99,2.107
2008-12-10,21.278,1.132,84.75,1.845
2008-12-11,21.367,0.09,72.47,1.486
2008-12-12,20.511,0.004,68.54,1.882
2008-12-13,20.871,0.174,73.11,2.325
2008-12-14,21.509,0.024,64.55,2.492
2008-12-15,21.526,0.942,67.4,2.329
2008-12-16,21.541,0.005,69.48,2.6
2008-12-17,20.994,0.03,67.74,3.216
2008-12-18,20.893,0.393,67.11,2.969
2008-12-19,20.841,0.028,75.19,2.626
2008-12-20,20.73,0.003,70.2,1.601
2008-12-21,20.35,0.003,60.0,1.764
2008-12-22,19.775,0.0,55.36,1.975
2008-12-23,20.049,0.001,57.81,2.261
2008-12-24,20.775,0.004,66.9,2.261
2008-12-25,21.533,0.015,61.14,2.196
2008-12-26,20.743,0.003,61.76,1.046
2008-12-27,21.051,0.001,54.18,1.448
2008-12-28,20.562,0.0,52.7,1.408
2008-12-29,19.939,0.0,47.02,2.162
2008-12-30,19.28,0.0,50.39,1.82
2008-12-31,19.694,0.001,47.82,1.883
2009-01-01,20.354,0.0,50.65,1.666
2009-01-02,20.669,0.002,58.28,1.817
2009-01-03,20.643,0.005,58.53,1.983
2009-01-04,21.011,0.002,56.76,1.933
2009-01-05,20.818,0.0,58.66,1.474
2009-01-06,21.489,0.022,57.01,0.861
2009-01-07,21.862,0.018,57.13,1.611
2009-01-08,22.307,0.135,66.72,2.108
2009-01-09,22.509,0.044,58.09,2.6
2009-01-10,21.827,0.006,55.37,2.936
2009-01-11,21.71,0.001,58.7,2.769
2009-01-12,21.529,0.001,48.0,3.023
2009-01-13,20.604,0.003,53.82,3.675
2009-01-14,19.892,0.188,65.15,3.275
2009-01-15,20.266,0.145,66.85,2.903
2009-01-16,21.156,0.005,58.09,2.988
2009-01-17,20.86,0.002,54.19,2.69
2009-01-18,21.168,0.001,49.72,2.472
2009-01-19,21.254,0.002,39.05,2.547
2009-01-20,20.848,0.0,44.17,2.641
2009-01-21,21.053,0.001,39.59,2.137
2009-01-22,21.165,0.001,40.73,1.799
2009-01-23,21.887,0.001,41.17,1.945
2009-01-24,22.257,0.003,38.02,1.776
2009-01-25,21.958,0.002,37.38,2.006
2009-01-26,22.857,0.006,54.65,0.798
2009-01-27,23.566,0.098,63.71,0.308
2009-01-28,24.024,0.073,63.27,0.322
2009-01-29,24.503,0.017,51.12,1.488
2009-01-30,23.535,0.001,32.75,1.85
2009-01-31,23.13,0.0,30.86,1.876
2009-02-01,23.595,0.001,33.89,1.477
2009-02-02,23.696,0.001,36.8,1.454
2009-02-03,23.904,0.005,41.86,1.172
2009-02-04,23.596,0.027,53.67,0.132
2009-02-05,23.915,0.018,49.56,0.984
2009-02-06,24.115,0.002,40.03,1.94
2009-02-07,23.97,0.001,40.47,2.213
2009-02-08,23.776,0.005,42.21,2.28
2009-02-09,23.041,0.0,40.08,2.392
2009-02-10,22.893,0.009,38.88,1.111
2009-02-11,23.39,0.059,50.99,0.473
2009-02-12,23.517,0.01,55.17,0.388
2009-02-13,23.826,0.003,50.02,0.39
2009-02-14,24.005,0.003,48.67,0.313
2009-02-15,24.044,0.005,42.32,1.148
2009-02-16,23.963,0.001,32.98,2.086
2009-02-17,23.265,0.002,33.53,2.87
2009-02-18,23.226,0.0,36.32,2.375
2009-02-19,24.279,0.0,34.3,2.557
2009-02-20,24.209,0.0,38.65,2.876
2009-02-21,25.057,0.201,49.72,2.717
2009-02-22,25.75,0.031,48.9,1.932
2009-02-23,25.949,0.007,46.65,0.843
2009-02-24,26.059,0.01,52.91,0.253
2009-02-25,26.674,0.004,50.73,0.153
2009-02-26,27.091,0.007,44.37,0.7
2009-02-27,26.565,0.017,41.07,0.663
2009-02-28,25.864,0.02,39.42,0.396
2009-03-01,26.579,0.003,37.68,0.611
2009-03-02,26.249,0.011,34.86,1.304
2009-03-03,26.347,0.004,30.86,1.188
2009-03-04,25.652,0.014,46.17,0.553
2009-03-05,26.163,0.014,46.12,0.195
2009-03-06,26.265,0.003,42.27,0.27
2009-03-07,27.016,0.016,37.35,0.837
2009-03-08,26.164,0.011,38.08,0.485
2009-03-09,24.755,0.011,39.59,2.447
2009-03-10,24.335,0.677,56.99,2.035
2009-03-11,25.517,0.332,57.15,1.025
2009-03-12,24.474,8.267,69.99,0.217
2009-03-13,25.325,0.19,60.74,0.541
2009-03-14,24.517,1.456,65.42,0.083
2009-03-15,23.863,3.229,69.43,0.208
2009-03-16,24.819,0.354,60.92,0.331
2009-03-17,25.174,0.073,57.08,0.204
2009-03-18,25.715,0.007,53.72,0.252
2009-03-19,26.386,0.044,49.48,0.066
2009-03-20,26.076,0.008,53.3,0.953
2009-03-21,25.953,0.446,56.52,0.897
2009-03-22,26.148,0.407,55.36,0.371
2009-03-23,24.992,0.982,63.21,0.262
2009-03-24,23.563,6.901,73.62,0.472
2009-03-25,24.446,0.176,62.51,0.112
2009-03-26,24.255,1.581,68.77,1.0
2009-03-27,25.368,0.217,63.98,0.854
2009-03-28,26.204,0.074,56.53,0.221
2009-03-29,26.189,0.105,54.3,0.237
2009-03-30,26.549,0.036,50.62,0.415
2009-03-31,26.946,0.023,47.32,0.581
2009-04-01,27.76,0.043,44.48,0.714
2009-04-02,27.778,0.027,39.22,1.153
2009-04-03,27.847,0.046,34.64,0.974
2009-04-04,27.957,0.052,37.19,0.874
2009-04-05,27.541,0.087,44.95,0.284
2009-04-06,28.24,0.064,49.45,0.222
2009-04-07,28.065,0.422,51.89,0.449
2009-04-08,27.737,0.157,52.96,0.327
2009-04-09,28.14,0.106,45.47,1.844
2009-04-10,27.137,0.058,48.41,1.057
2009-04-11,26.983,0.441,50.88,0.428
2009-04-12,25.769,0.072,60.08,1.291
2009-04-13,26.242,0.152,60.33,1.61
2009-04-14,26.667,0.282,60.18,1.821
2009-04-15,26.524,1.084,66.0,2.003
2009-04-16,26.719,0.352,61.58,2.155
2009-04-17,26.539,0.808,63.63,2.046
2009-04-18,27.216,0.655,65.39,1.848
2009-04-19,26.195,8.585,72.41,2.129
2009-04-20,25.277,6.626,77.38,2.562
2009-04-21,25.374,2.677,75.14,2.382
2009-04-22,24.794,7.243,77.69,2.1
2009-04-23,25.286,4.414,75.2,1.34
2009-04-24,25.703,4.041,70.85,1.652
2009-04-25,25.706,1.478,71.42,1.466
2009-04-26,25.313,3.819,74.28,0.506
2009-04-27,26.799,0.067,61.76,0.478
2009-04-28,26.045,1.689,69.33,1.259
2009-04-29,26.886,0.142,62.36,1.556
2009-04-30,26.787,0.253,62.89,1.868
2009-05-01,25.518,1.77,73.28,2.261
2009-05-02,26.762,0.773,66.42,1.767
2009-05-03,26.795,2.064,68.2,1.722
2009-05-04,26.153,5.098,72.93,2.029
2009-05-05,25.487,2.641,73.55,1.953
2009-05-06,25.777,2.305,71.39,1.655
2009-05-07,26.958,0.72,64.74,1.17
2009-05-08,26.575,2.149,69.58,1.569
2009-05-09,25.545,5.144,77.27,2.012
2009-05-10,25.281,5.004,77.42,2.229
2009-05-11,27.079,0.037,61.85,1.603
2009-05-12,27.546,0.032,60.9,1.899
2009-05-13,26.379,0.186,63.73,2.919
2009-05-14,26.102,0.426,65.79,2.977
2009-05-15,25.671,3.705,70.21,2.337
2009-05-16,25.758,2.824,71.81,1.845
2009-05-17,25.776,5.972,74.29,1.823
2009-05-18,24.882,8.244,78.98,1.31
2009-05-19,24.462,10.684,80.6,2.109
2009-05-20,23.704,5.222,82.24,2.255
2009-05-21,24.264,7.504,80.12,2.036
2009-05-22,24.968,3.306,76.76,2.583
2009-05-23,24.558,2.612,79.15,3.062
2009-05-24,24.268,6.249,79.55,3.297
2009-05-25,24.065,1.558,80.31,2.872
2009-05-26,24.926,0.235,72.42,2.571
2009-05-27,24.328,1.539,75.63,2.167
2009-05-28,24.123,5.827,78.9,2.287
2009-05-29,23.76,14.428,83.79,2.335
2009-05-30,24.283,6.303,80.58,2.26
2009-05-31,23.445,12.693,84.73,2.29
2009-06-01,23.152,5.778,83.53,2.757
2009-06-02,23.923,1.184,78.21,2.871
2009-06-03,24.432,0.557,75.19,3.33
2009-06-04,24.36,0.655,74.62,3.714
2009-06-05,23.241,8.316,81.34,4.562
2009-06-06,20.882,19.849,93.15,4.04
2009-06-07,21.918,4.087,86.66,4.092
2009-06-08,23.023,1.02,80.87,3.582
2009-06-09,23.699,1.098,78.5,2.712
2009-06-10,24.034,0.922,76.6,2.495
2009-06-11,23.292,4.864,79.56,2.605
2009-06-12,23.55,1.623,77.32,2.759
2009-06-13,23.452,4.815,80.37,2.483
2009-06-14,23.381,3.066,79.7,2.68
2009-06-15,22.22,11.174,86.41,2.804
2009-06-16,23.076,2.84,80.0,2.755
2009-06-17,23.256,4.333,82.69,2.827
2009-06-18,23.668,6.271,81.51,2.329
2009-06-19,23.112,3.64,82.6,2.915
2009-06-20,22.83,1.029,81.38,3.133
2009-06-21,23.201,0.958,77.75,3.415
2009-06-22,23.029,1.761,81.17,3.505
2009-06-23,23.626,0.956,77.16,3.546
2009-06-24,23.695,0.79,76.3,3.527
2009-06-25,23.164,1.884,80.16,3.646
2009-06-26,21.508,4.517,88.03,3.269
2009-06-27,22.777,2.246,80.63,3.46
2009-06-28,23.111,3.911,80.21,3.149
2009-06-29,23.065,4.842,83.06,3.071
2009-06-30,22.673,24.203,84.21,3.711
2009-07-01,21.842,4.473,84.72,4.549
2009-07-02,21.673,16.775,88.5,4.679
2009-07-03,21.119,20.686,91.88,4.493
2009-07-04,20.773,18.103,94.18,3.519
2009-07-05,21.098,15.902,93.69,3.799
2009-07-06,20.922,25.265,94.25,3.773
2009-07-07,20.708,31.438,94.61,3.59
2009-07-08,21.088,14.831,92.26,4.085
2009-07-09,20.986,6.252,90.58,3.887
2009-07-10,22.199,2.802,83.7,3.973
2009-07-11,22.163,3.978,84.41,3.784
2009-07-12,22.477,1.465,80.88,4.005
2009-07-13,21.954,5.807,85.03,4.768
2009-07-14,22.051,5.439,85.32,5.141
2009-07-15,21.632,24.603,90.57,5.023
2009-07-16,21.544,10.766,91.19,4.157
2009-07-17,20.917,43.058,94.24,3.803
2009-07-18,20.632,34.692,94.89,3.667
2009-07-19,20.344,39.787,95.06,3.332
2009-07-20,21.796,2.213,84.71,4.307
2009-07-21,22.158,1.859,81.01,4.803
2009-07-22,22.382,1.492,80.51,4.465
2009-07-23,22.589,1.019,80.7,3.706
2009-07-24,22.918,0.212,76.64,3.275
2009-07-25,22.895,0.18,76.58,2.929
2009-07-26,23.057,0.041,72.78,2.988
2009-07-27,22.541,1.738,81.47,3.745
2009-07-28,22.502,0.802,79.93,3.62
2009-07-29,22.133,15.808,87.08,2.743
2009-07-30,22.265,3.67,84.24,2.897
2009-07-31,22.393,2.949,84.12,3.179
2009-08-01,22.408,4.618,84.26,3.312
2009-08-02,22.784,0.915,78.88,3.385
2009-08-03,22.849,0.709,77.41,3.423
2009-08-04,22.577,0.461,77.98,3.888
2009-08-05,22.591,0.694,78.82,3.575
2009-08-06,22.853,1.016,78.83,3.644
2009-08-07,22.958,0.606,77.34,3.426
2009-08-08,22.749,1.103,80.16,3.279
2009-08-09,23.153,0.746,78.53,3.33
2009-08-10,22.749,1.992,80.39,3.371
2009-08-11,22.962,1.361,80.21,2.82
2009-08-12,23.317,0.969,79.32,2.817
2009-08-13,23.237,1.469,79.17,2.383
2009-08-14,23.446,4.71,79.53,2.097
2009-08-15,22.565,2.772,83.6,1.663
2009-08-16,22.725,8.622,84.37,1.736
2009-08-17,21.475,20.636,91.57,1.338
2009-08-18,22.851,4.908,83.76,0.817
2009-08-19,23.599,5.183,82.51,0.759
2009-08-20,23.882,1.906,78.79,0.647
2009-08-21,22.597,9.845,87.21,1.548
2009-08-22,22.509,2.604,83.92,2.803
2009-08-23,21.92,5.376,86.31,3.319
2009-08-24,21.164,4.753,87.76,3.783
2009-08-25,21.751,2.874,84.3,3.83
2009-08-26,22.096,2.413,83.31,3.622
2009-08-27,22.514,0.985,79.93,3.432
2009-08-28,22.678,0.774,78.54,3.39
2009-08-29,22.594,0.888,79.04,3.325
2009-08-30,22.569,1.174,80.14,2.982
2009-08-31,22.353,8.459,84.92,2.581
2009-09-01,21.604,20.132,92.12,2.906
2009-09-02,21.212,7.948,90.13,3.394
2009-09-03,21.563,6.378,87.75,3.988
2009-09-04,21.644,8.501,88.02,4.55
2009-09-05,21.821,6.579,86.33,4.968
2009-09-06,21.965,4.84,85.99,3.82
2009-09-07,22.234,1.969,82.95,3.685
2009-09-08,22.393,0.776,80.48,3.374
2009-09-09,22.645,0.456,78.36,3.124
2009-09-10,22.696,0.643,78.42,2.663
2009-09-11,22.943,0.318,77.95,1.977
2009-09-12,23.653,0.484,78.29,0.916
2009-09-13,23.552,6.558,84.23,1.21
2009-09-14,22.889,10.889,87.14,1.409
2009-09-15,22.499,4.363,86.4,1.816
2009-09-16,22.482,11.801,87.68,1.207
2009-09-17,22.619,12.258,88.17,0.798
2009-09-18,22.813,14.318,87.56,0.891
2009-09-19,22.225,7.618,89.11,1.839
2009-09-20,22.413,4.627,87.96,1.589
2009-09-21,23.12,6.699,83.94,1.319
2009-09-22,22.948,6.164,84.8,1.692
2009-09-23,22.604,6.354,84.26,2.35
2009-09-24,22.576,3.356,82.87,2.519
2009-09-25,22.147,8.105,85.93,2.385
2009-09-26,22.996,1.205,82.12,2.051
2009-09-27,22.754,2.958,84.32,2.147
2009-09-28,22.82,2.201,83.13,2.834
2009-09-29,22.16,3.615,83.28,3.633
2009-09-30,22.081,0.399,78.36,4.315
2009-10-01,20.416,13.421,90.58,4.233
2009-10-02,21.434,13.71,86.5,4.672
2009-10-03,20.966,19.609,93.54,3.643
2009-10-04,22.155,1.51,82.64,4.102
2009-10-05,22.3,0.848,81.14,3.782
2009-10-06,22.505,0.343,80.01,2.971
2009-10-07,22.161,0.812,80.44,2.407
2009-10-08,22.133,0.219,78.18,1.776
2009-10-09,22.144,0.29,78.49,1.212
2009-10-10,22.75,0.779,78.44,0.871
2009-10-11,22.671,2.128,83.81,0.375
2009-10-12,21.973,11.815,87.33,0.287
2009-10-13,22.107,7.121,86.14,0.285
2009-10-14,22.685,4.341,83.06,0.27
2009-10-15,23.212,0.409,76.62,0.674
2009-10-16,22.699,0.179,75.06,0.343
2009-10-17,22.824,0.033,72.02,0.732
2009-10-18,23.318,0.082,74.61,0.573
2009-10-19,23.238,0.354,74.74,0.088
2009-10-20,23.276,0.084,71.43,0.725
2009-10-21,23.2,0.008,67.21,1.166
2009-10-22,22.653,0.007,64.31,1.224
2009-10-23,22.335,0.005,63.45,0.621
2009-10-24,22.38,0.026,69.75,0.657
2009-10-25,22.964,0.186,71.48,0.413
2009-10-26,23.733,0.071,70.66,0.629
2009-10-27,23.79,0.393,68.32,1.574
2009-10-28,23.01,5.253,81.97,2.048
2009-10-29,21.947,4.625,87.61,2.38
2009-10-30,22.603,1.264,80.12,2.54
2009-10-31,23.066,0.022,70.41,2.201
2009-11-01,23.35,0.0,64.41,2.492
2009-11-02,22.938,0.01,62.23,2.684
2009-11-03,22.723,0.8,73.85,2.792
2009-11-04,22.624,2.118,77.91,2.715
2009-11-05,22.546,2.164,80.45,2.87
2009-11-06,22.229,5.33,85.31,2.303
2009-11-07,21.507,22.207,93.12,2.908
2009-11-08,21.083,45.033,96.44,3.465
2009-11-09,21.793,18.076,90.61,3.141
2009-11-10,20.965,19.053,89.6,1.805
2009-11-11,21.582,2.941,87.6,2.006
2009-11-12,23.138,0.152,81.01,0.852
2009-11-13,22.839,2.592,84.57,1.312
2009-11-14,21.529,11.106,89.83,1.699
2009-11-15,21.427,11.349,91.83,1.511
2009-11-16,21.441,10.647,90.7,0.816
2009-11-17,22.196,0.516,82.49,1.469
2009-11-18,22.663,0.537,81.27,0.143
2009-11-19,22.209,4.549,87.27,0.839
2009-11-20,22.245,8.394,86.65,1.189
2009-11-21,21.976,2.895,86.58,1.566
2009-11-22,22.322,0.584,80.88,1.966
2009-11-23,22.388,0.883,81.03,2.191
2009-11-24,22.145,2.897,84.32,1.385
2009-11-25,22.215,1.296,84.18,1.266
2009-11-26,22.104,0.032,73.33,1.558
2009-11-27,21.297,0.003,73.07,2.055
2009-11-28,20.273,0.006,72.39,2.188
2009-11-29,20.841,0.003,74.55,1.61
2009-11-30,21.97,0.033,76.18,1.714
2009-12-01,21.88,0.907,75.85,1.997
2009-12-02,21.578,4.836,85.03,2.261
2009-12-03,22.089,3.33,83.9,1.769
2009-12-04,21.658,5.452,87.42,1.321
2009-12-05,21.615,0.435,76.02,1.887
2009-12-06,20.327,0.002,72.26,1.406
2009-12-07,19.734,0.001,69.71,1.666
2009-12-08,19.99,0.0,71.68,2.032
2009-12-09,20.336,0.0,70.72,2.383
2009-12-10,19.94,0.002,63.07,2.409
2009-12-11,20.375,0.003,65.9,2.477
2009-12-12,21.438,0.26,76.05,2.234
2009-12-13,21.965,0.362,75.85,2.337
2009-12-14,22.293,0.013,67.74,2.02
2009-12-15,21.785,0.723,77.79,2.776
2009-12-16,21.404,6.711,87.0,1.807
2009-12-17,21.328,2.013,84.1,1.635
2009-12-18,22.205,0.051,74.92,1.752
2009-12-19,22.486,0.058,71.63,2.677
2009-12-20,22.527,0.11,71.12,3.241
2009-12-21,21.82,1.634,79.53,3.276
2009-12-22,21.838,1.145,78.8,2.846
2009-12-23,22.053,0.004,69.71,2.91
2009-12-24,22.518,0.002,64.86,2.733
2009-12-25,22.491,0.085,69.88,1.819
2009-12-26,22.811,0.536,71.78,1.362
2009-12-27,21.286,10.878,85.84,0.605
2009-12-28,21.38,6.161,83.67,0.841
2009-12-29,21.97,2.089,80.08,1.244
2009-12-30,22.323,0.466,74.53,0.869
2009-12-31,21.945,3.311,79.24,0.75
2010-01-01,22.453,0.159,70.39,2.589
2010-01-02,21.626,0.001,66.67,2.176
2010-01-03,20.336,0.006,65.87,1.664
2010-01-04,20.673,0.0,60.45,1.505
2010-01-05,21.285,0.001,58.19,1.271
2010-01-06,21.714,0.0,59.61,1.813
2010-01-07,21.394,0.001,63.22,1.72
2010-01-08,22.029,0.001,64.68,1.622
2010-01-09,22.526,0.263,71.68,2.107
2010-01-10,23.14,0.209,72.25,1.273
2010-01-11,22.949,0.163,71.45,0.64
2010-01-12,22.845,0.284,73.32,0.757
2010-01-13,22.714,2.023,77.54,0.893
2010-01-14,23.816,0.118,67.15,2.381
2010-01-15,23.055,0.024,59.82,2.91
2010-01-16,21.859,0.003,58.66,2.736
2010-01-17,21.72,0.002,54.81,2.251
2010-01-18,22.175,0.012,61.37,1.515
2010-01-19,22.819,0.028,62.63,1.744
2010-01-20,22.547,0.141,64.4,1.683
2010-01-21,22.035,0.003,54.11,2.068
2010-01-22,21.382,0.001,53.73,1.652
2010-01-23,20.978,0.001,53.57,1.863
2010-01-24,21.331,0.007,56.67,0.845
2010-01-25,21.608,0.061,57.88,1.429
2010-01-26,22.093,0.002,56.08,2.004
2010-01-27,22.376,0.008,55.93,2.166
2010-01-28,23.07,0.003,54.91,2.323
2010-01-29,23.013,0.003,52.02,2.3
2010-01-30,22.746,0.003,52.37,1.76
2010-01-31,22.754,0.003,55.12,1.438
2010-02-01,22.7,0.004,56.19,1.383
2010-02-02,22.886,0.007,49.65,2.107
2010-02-03,22.66,0.004,39.55,2.099
2010-02-04,22.29,0.002,41.51,1.908
2010-02-05,22.238,0.002,40.62,2.332
2010-02-06,22.335,0.002,39.11,2.978
2010-02-07,22.179,0.002,45.62,2.758
2010-02-08,22.613,0.0,48.91,1.252
2010-02-09,23.285,0.001,53.19,0.182
2010-02-10,24.221,0.019,59.9,0.559
2010-02-11,24.562,0.039,58.95,0.477
2010-02-12,25.58,0.001,52.32,1.374
2010-02-13,25.316,0.003,53.46,0.8
2010-02-14,25.607,0.003,54.02,0.22
2010-02-15,25.659,0.02,52.11,0.903
2010-02-16,25.387,0.004,41.94,1.546
2010-02-17,25.549,0.008,43.46,0.62
2010-02-18,25.895,0.015,51.96,0.252
2010-02-19,25.742,0.002,53.5,0.198
2010-02-20,26.033,0.016,46.75,0.37
2010-02-21,26.111,0.013,46.56,0.807
2010-02-22,26.747,0.002,45.74,0.815
2010-02-23,25.616,0.331,62.06,1.089
2010-02-24,25.005,1.13,68.92,0.911
2010-02-25,25.402,0.6,63.76,0.683
2010-02-26,25.807,0.145,57.64,0.237
2010-02-27,26.272,0.005,51.89,0.879
2010-02-28,26.35,0.02,45.14,0.949
2010-03-01,25.764,0.017,38.77,1.097
2010-03-02,25.539,0.029,40.86,0.107
2010-03-03,25.919,0.048,47.36,0.602
2010-03-04,26.302,0.025,56.94,1.184
2010-03-05,25.944,0.038,61.72,1.641
2010-03-06,25.889,0.118,62.34,1.872
2010-03-07,27.348,0.001,53.87,0.666
2010-03-08,28.199,0.008,45.77,1.196
2010-03-09,27.74,0.007,36.22,1.635
2010-03-10,27.308,0.006,37.06,2.359
2010-03-11,27.255,0.018,40.92,3.053
2010-03-12,26.733,0.0,38.9,2.649
2010-03-13,26.604,0.001,37.18,1.433
2010-03-14,26.536,0.003,43.47,0.577
2010-03-15,27.998,0.042,43.98,0.326
2010-03-16,27.268,0.22,53.12,0.376
2010-03-17,27.281,0.019,39.55,2.018
2010-03-18,26.858,0.001,32.17,2.796
2010-03-19,26.433,0.002,35.64,1.402
2010-03-20,26.89,0.005,33.88,0.941
2010-03-21,27.253,0.002,35.94,0.593
2010-03-22,27.079,0.03,42.19,0.133
2010-03-23,27.507,0.016,41.41,0.248
2010-03-24,27.74,0.03,43.13,0.126
2010-03-25,28.101,0.021,44.69,0.259
2010-03-26,27.766,0.092,52.79,0.891
2010-03-27,26.589,0.315,63.89,1.767
2010-03-28,27.795,0.117,57.12,0.648
2010-03-29,26.541,1.178,67.88,1.842
2010-03-30,26.506,1.282,66.88,1.832
2010-03-31,25.269,1.216,70.11,1.843
2010-04-01,27.343,0.01,52.75,1.101
2010-04-02,28.229,0.002,50.02,0.647
2010-04-03,28.025,0.327,56.81,0.446
2010-04-04,28.009,0.192,52.77,0.233
2010-04-05,28.135,0.06,51.91,0.41
2010-04-06,28.268,0.12,53.91,0.207
2010-04-07,29.094,0.033,45.66,1.15
2010-04-08,28.196,0.225,54.14,1.312
2010-04-09,28.101,0.066,55.18,0.711
2010-04-10,28.752,0.02,52.69,0.621
2010-04-11,29.589,0.077,50.17,0.311
2010-04-12,27.637,1.925,64.84,1.811
2010-04-13,27.676,0.977,63.84,1.644
2010-04-14,25.99,12.257,73.14,1.219
2010-04-15,27.149,2.893,64.44,0.234
2010-04-16,27.366,0.329,63.06,0.744
2010-04-17,27.203,0.767,63.93,0.855
2010-04-18,25.847,6.517,75.95,1.378
2010-04-19,25.308,4.07,80.01,1.806
2010-04-20,26.018,4.71,75.73,1.537
2010-04-21,26.262,1.896,72.39,1.377
2010-04-22,25.802,4.508,77.91,0.84
2010-04-23,27.028,0.382,67.78,0.614
2010-04-24,25.982,3.84,76.05,1.124
2010-04-25,26.325,1.765,72.1,0.71
2010-04-26,26.091,6.019,73.56,0.114
2010-04-27,25.962,3.028,74.42,0.791
2010-04-28,26.152,4.202,73.29,0.501
2010-04-29,26.933,1.283,67.24,0.366
2010-04-30,24.879,10.713,78.83,0.071
2010-05-01,25.661,0.913,69.78,0.341
2010-05-02,25.914,4.174,72.46,0.489
2010-05-03,25.949,3.546,72.39,0.619
2010-05-04,25.394,3.597,76.05,1.648
2010-05-05,25.726,0.797,74.37,1.773
2010-05-06,26.852,0.472,70.57,1.243
2010-05-07,27.15,1.567,69.17,1.007
2010-05-08,25.629,15.289,78.4,0.779
2010-05-09,26.38,5.096,71.99,0.547
2010-05-10,27.059,0.319,72.04,1.213
2010-05-11,27.558,1.594,70.87,1.407
2010-05-12,27.376,0.776,71.08,1.557
2010-05-13,27.235,0.734,71.45,2.166
2010-05-14,26.287,3.815,75.4,1.984
2010-05-15,26.86,3.088,73.99,1.391
2010-05-16,25.798,8.026,79.73,1.941
2010-05-17,26.111,6.326,76.74,1.578
2010-05-18,25.669,14.166,79.96,2.866
2010-05-19,23.763,10.818,87.91,3.261
2010-05-20,23.783,1.481,87.46,3.655
2010-05-21,24.658,0.395,79.65,3.6
2010-05-22,25.488,0.103,71.96,3.045
2010-05-23,25.336,2.662,77.48,2.969
2010-05-24,25.17,0.698,77.27,3.35
2010-05-25,25.218,1.266,78.24,3.581
2010-05-26,25.273,1.116,77.1,3.449
2010-05-27,26.331,0.374,71.42,3.116
2010-05-28,25.851,0.687,73.93,2.919
2010-05-29,25.887,0.439,72.48,2.924
2010-05-30,24.985,2.235,76.43,2.959
2010-05-31,24.034,4.926,79.73,2.801
2010-06-01,25.798,0.564,69.41,2.288
2010-06-02,25.524,6.507,75.28,1.561
2010-06-03,25.649,3.214,77.5,1.2
2010-06-04,25.572,6.184,79.29,1.999
2010-06-05,24.6,11.736,81.69,2.454
2010-06-06,24.062,2.291,78.88,3.364
2010-06-07,23.294,12.54,83.78,2.993
2010-06-08,23.676,7.607,82.77,2.658
2010-06-09,23.79,6.618,82.3,2.414
2010-06-10,23.671,1.276,79.67,2.851
2010-06-11,22.435,6.68,87.05,3.785
2010-06-12,22.179,25.918,93.08,3.642
2010-06-13,21.87,21.134,93.36,4.258
2010-06-14,21.441,25.812,94.86,3.104
2010-06-15,21.462,20.495,95.36,2.984
2010-06-16,23.342,4.058,84.09,3.195
2010-06-17,23.101,2.584,83.84,3.329
2010-06-18,23.331,2.256,82.87,3.248
2010-06-19,23.149,2.982,84.09,3.284
2010-06-20,23.493,0.795,81.95,2.554
2010-06-21,24.156,0.384,77.91,2.604
2010-06-22,23.551,3.923,81.77,3.009
2010-06-23,23.004,7.05,85.01,3.289
2010-06-24,21.473,14.669,91.93,3.181
2010-06-25,21.009,23.936,94.97,3.422
2010-06-26,22.137,7.497,90.63,3.483
2010-06-27,23.206,2.369,85.17,3.144
2010-06-28,23.618,1.685,82.26,3.104
2010-06-29,23.863,1.885,79.49,3.196
2010-06-30,23.053,4.128,83.35,3.585
2010-07-01,22.179,19.146,89.38,4.055
2010-07-02,20.979,25.14,93.14,3.473
2010-07-03,21.267,22.183,94.06,3.092
2010-07-04,22.226,15.705,90.69,2.92
2010-07-05,21.689,10.211,92.25,2.978
2010-07-06,21.761,6.918,89.15,2.781
2010-07-07,22.16,7.898,87.11,2.257
2010-07-08,22.479,7.634,86.8,1.562
2010-07-09,22.941,1.996,82.25,1.415
2010-07-10,23.714,8.605,80.85,0.908
2010-07-11,23.767,5.454,82.26,1.399
2010-07-12,23.253,4.78,82.48,2.543
2010-07-13,22.509,5.442,84.99,2.598
2010-07-14,22.654,4.79,83.23,2.654
2010-07-15,22.771,5.41,83.17,2.734
2010-07-16,21.901,21.14,88.65,3.147
2010-07-17,21.292,21.57,93.48,3.195
2010-07-18,21.609,7.029,91.25,3.542
2010-07-19,21.513,14.264,91.09,4.269
2010-07-20,21.352,10.033,90.98,3.823
2010-07-21,21.525,21.362,90.52,3.379
2010-07-22,20.894,16.483,90.31,2.903
2010-07-23,22.311,3.216,82.49,3.386
2010-07-24,22.073,2.147,82.3,4.537
2010-07-25,21.376,5.78,85.87,4.45
2010-07-26,21.649,8.045,86.35,4.291
2010-07-27,22.015,3.091,85.0,4.307
2010-07-28,21.596,10.485,87.76,4.059
2010-07-29,21.239,17.667,91.48,3.503
2010-07-30,20.412,28.394,95.57,3.337
2010-07-31,21.046,6.336,89.24,3.654
2010-08-01,22.11,3.66,81.41,3.485
2010-08-02,22.56,1.59,80.53,3.486
2010-08-03,22.049,5.749,84.92,4.254
2010-08-04,22.025,3.967,85.3,3.892
2010-08-05,22.797,0.881,80.8,3.336
2010-08-06,22.721,1.202,81.52,3.136
2010-08-07,22.426,2.35,84.44,2.997
2010-08-08,22.838,1.708,82.85,3.276
2010-08-09,23.177,1.553,80.11,2.941
2010-08-10,23.493,0.359,76.68,2.861
2010-08-11,23.282,0.246,77.23,2.846
2010-08-12,22.891,7.41,85.29,2.247
2010-08-13,22.886,5.818,84.09,2.435
2010-08-14,22.735,6.899,85.18,2.403
2010-08-15,22.885,7.17,85.93,2.109
2010-08-16,21.706,25.907,92.45,2.451
2010-08-17,21.615,11.556,90.95,3.216
2010-08-18,21.953,4.024,85.64,3.086
2010-08-19,23.025,0.515,79.54,2.198
2010-08-20,22.63,9.441,86.0,1.251
2010-08-21,21.607,12.708,90.35,1.75
2010-08-22,22.158,1.786,84.56,2.466
2010-08-23,22.531,6.571,84.3,2.339
2010-08-24,21.55,18.224,92.04,2.444
2010-08-25,21.102,26.305,94.74,2.584
2010-08-26,21.451,9.033,90.41,3.589
2010-08-27,21.871,2.761,88.96,3.301
2010-08-28,22.852,1.545,85.1,3.279
2010-08-29,22.538,4.106,85.01,3.256
2010-08-30,21.7,16.559,88.49,3.746
2010-08-31,21.182,6.849,86.3,2.928
2010-09-01,22.315,0.353,78.68,2.989
2010-09-02,22.401,1.246,80.12,2.825
2010-09-03,22.299,1.506,82.22,2.853
2010-09-04,22.272,0.816,81.59,3.089
2010-09-05,21.97,2.432,83.68,3.021
2010-09-06,22.029,2.945,84.54,3.264
2010-09-07,22.207,3.704,84.63,3.442
2010-09-08,22.05,3.037,86.17,3.293
2010-09-09,22.309,2.927,84.9,3.005
2010-09-10,22.324,6.392,84.5,2.81
2010-09-11,22.412,1.569,83.16,2.312
2010-09-12,22.091,6.303,85.82,1.873
2010-09-13,22.176,5.5,85.81,2.687
2010-09-14,22.134,3.129,84.75,2.714
2010-09-15,22.247,2.728,84.73,3.088
2010-09-16,22.453,1.551,83.14,3.062
2010-09-17,22.535,0.887,80.9,3.114
2010-09-18,22.42,0.516,78.79,3.041
2010-09-19,22.421,0.243,77.15,2.502
2010-09-20,22.77,0.02,75.43,1.636
2010-09-21,22.783,8.253,83.92,0.506
2010-09-22,22.857,11.033,85.55,0.215
2010-09-23,23.276,5.899,84.91,0.369
2010-09-24,22.429,6.605,87.7,1.806
2010-09-25,23.513,0.22,77.42,0.982
2010-09-26,23.054,8.942,85.39,0.654
2010-09-27,23.196,4.894,83.46,1.389
2010-09-28,23.374,2.656,82.45,1.688
2010-09-29,23.48,3.532,83.31,1.182
2010-09-30,23.404,5.129,81.42,0.283
2010-10-01,23.258,9.742,84.83,0.798
2010-10-02,22.181,13.004,88.35,0.551
2010-10-03,22.443,6.665,87.98,0.585
2010-10-04,23.116,4.462,85.12,0.81
2010-10-05,23.113,1.42,83.74,1.711
2010-10-06,22.574,6.769,86.28,2.254
2010-10-07,22.538,4.837,86.93,2.168
2010-10-08,23.124,1.655,82.62,1.638
2010-10-09,22.696,2.196,85.83,2.019
2010-10-10,23.118,0.263,78.08,2.173
2010-10-11,22.97,0.149,74.59,2.188
2010-10-12,22.294,3.108,81.56,1.688
2010-10-13,21.953,12.597,87.52,1.57
2010-10-14,21.998,4.688,85.91,2.286
2010-10-15,21.544,3.28,86.25,2.894
2010-10-16,21.652,0.395,77.84,3.029
2010-10-17,21.762,1.132,81.71,2.798
2010-10-18,21.955,1.373,83.96,2.438
2010-10-19,22.266,1.489,83.78,1.924
2010-10-20,22.238,5.021,85.1,1.711
2010-10-21,22.448,8.439,86.53,1.942
2010-10-22,21.923,6.598,88.91,2.58
2010-10-23,21.288,8.416,92.37,2.169
2010-10-24,22.405,0.731,81.98,2.219
2010-10-25,22.983,0.193,79.23,1.437
2010-10-26,23.266,1.642,80.06,0.551
2010-10-27,21.778,16.574,90.81,0.239
2010-10-28,22.737,0.936,79.58,1.029
2010-10-29,22.694,0.41,77.51,2.088
2010-10-30,22.087,7.144,86.6,0.972
2010-10-31,21.64,22.579,89.9,0.604
2010-11-01,21.302,29.296,91.03,0.845
2010-11-02,21.263,8.905,89.29,0.45
2010-11-03,22.251,2.711,83.42,0.257
2010-11-04,22.417,4.681,85.42,0.496
2010-11-05,21.931,21.859,88.57,0.54
2010-11-06,21.649,3.888,87.69,0.73
2010-11-07,20.97,27.973,82.76,0.961
2010-11-08,21.373,1.469,85.71,1.735
2010-11-09,22.398,10.304,85.82,0.567
2010-11-10,22.091,10.6,88.39,0.529
2010-11-11,21.731,3.898,87.54,1.031
2010-11-12,22.476,1.702,84.97,0.441
2010-11-13,22.825,1.591,84.87,0.691
2010-11-14,22.581,1.669,83.1,1.203
2010-11-15,21.889,10.318,85.88,1.061
2010-11-16,21.575,11.448,87.43,1.641
2010-11-17,20.284,17.889,96.81,1.145
2010-11-18,22.117,0.979,83.3,2.432
2010-11-19,21.812,1.913,84.57,1.886
2010-11-20,22.242,0.658,80.14,1.145
2010-11-21,21.179,13.425,89.53,0.591
2010-11-22,21.308,1.601,86.79,0.871
2010-11-23,21.595,2.696,85.5,0.751
2010-11-24,21.933,1.348,82.66,1.671
2010-11-25,21.137,1.577,78.84,1.417
2010-11-26,20.509,5.735,83.23,1.306
2010-11-27,20.419,3.062,90.12,2.093
2010-11-28,20.795,0.264,81.65,2.751
2010-11-29,20.561,0.253,77.88,3.033
2010-11-30,20.699,0.024,77.64,2.725
2010-12-01,20.553,3.444,86.3,2.381
2010-12-02,21.012,6.816,88.09,2.454
2010-12-03,21.053,0.361,80.24,2.435
2010-12-04,20.15,0.007,73.22,1.954
2010-12-05,20.219,0.003,72.86,1.504
2010-12-06,19.619,0.001,75.13,1.758
2010-12-07,20.015,0.054,79.91,0.616
2010-12-08,21.45,0.05,78.08,1.428
2010-12-09,20.897,0.004,75.75,2.173
2010-12-10,20.737,0.163,80.19,2.09
2010-12-11,20.764,0.962,83.01,1.795
2010-12-12,20.331,0.026,77.63,1.767
2010-12-13,20.391,0.022,76.39,0.312
2010-12-14,20.634,0.072,77.93,0.512
2010-12-15,21.225,2.976,83.74,1.577
2010-12-16,20.561,1.882,87.87,2.046
2010-12-17,21.044,1.106,81.4,1.991
2010-12-18,21.076,0.123,75.21,2.096
2010-12-19,20.788,0.049,66.58,2.891
2010-12-20,20.916,1.596,82.06,3.195
2010-12-21,20.374,0.009,66.48,2.018
2010-12-22,19.905,0.001,61.31,1.197
2010-12-23,19.263,0.006,59.26,1.007
2010-12-24,19.072,0.002,64.12,1.192
2010-12-25,19.243,0.0,66.23,1.149
2010-12-26,19.894,0.022,69.07,1.432
2010-12-27,19.975,0.035,70.07,1.471
2010-12-28,19.661,0.34,66.9,1.979
2010-12-29,20.17,0.998,76.72,1.864
2010-12-30,20.78,0.078,73.35,1.592
2010-12-31,20.96,0.002,71.55,0.55
2011-01-01,21.254,0.115,75.28,0.257
2011-01-02,21.566,0.07,75.04,0.36
2011-01-03,21.885,0.346,74.69,2.213
2011-01-04,21.595,0.025,71.89,2.384
2011-01-05,21.173,0.138,74.28,2.291
2011-01-06,21.578,0.012,69.18,2.039
2011-01-07,21.698,0.041,69.5,1.396
2011-01-08,21.874,0.001,69.85,1.193
2011-01-09,21.85,0.002,62.67,1.108
2011-01-10,21.103,0.003,59.05,1.042
2011-01-11,20.13,0.001,48.71,1.29
2011-01-12,19.667,0.001,46.59,1.18
2011-01-13,19.596,0.001,47.46,1.61
2011-01-14,19.303,0.001,46.58,1.992
2011-01-15,20.168,0.002,53.72,2.041
2011-01-16,21.847,0.003,67.84,1.228
2011-01-17,21.922,0.002,65.5,0.708
2011-01-18,21.558,0.0,59.9,1.725
2011-01-19,21.059,0.002,48.15,1.505
2011-01-20,21.469,0.0,44.57,1.564
2011-01-21,21.571,0.002,49.48,2.185
2011-01-22,20.587,0.003,57.17,2.395
2011-01-23,20.533,0.001,57.91,2.805
2011-01-24,20.61,0.0,53.12,2.945
2011-01-25,20.382,0.001,55.66,2.757
2011-01-26,20.933,0.001,62.99,2.833
2011-01-27,21.224,0.003,50.82,2.575
2011-01-28,20.79,0.001,45.99,2.088
2011-01-29,21.612,0.001,48.0,2.32
2011-01-30,21.894,0.0,50.07,2.488
2011-01-31,22.042,0.0,44.66,2.368
2011-02-01,21.6,0.0,42.39,2.328
2011-02-02,21.474,0.001,40.14,2.874
2011-02-03,21.656,0.0,43.04,2.438
2011-02-04,21.118,0.002,39.29,2.045
2011-02-05,21.52,0.001,40.99,2.448
2011-02-06,21.11,0.0,36.6,2.169
2011-02-07,21.387,0.002,46.31,1.519
2011-02-08,21.933,0.002,45.86,1.346
2011-02-09,22.009,0.004,36.42,1.549
2011-02-10,21.628,0.003,28.2,1.961
2011-02-11,21.241,0.003,31.3,2.408
2011-02-12,21.109,0.003,33.93,2.219
2011-02-13,21.348,0.0,30.07,1.999
2011-02-14,21.879,0.0,40.78,0.036
2011-02-15,22.155,0.001,59.01,1.481
2011-02-16,22.4,0.007,62.2,1.191
2011-02-17,22.891,0.0,57.25,1.125
2011-02-18,22.685,0.001,56.09,1.541
2011-02-19,23.056,0.001,55.21,0.988
2011-02-20,23.752,0.063,58.47,0.903
2011-02-21,23.916,0.576,63.85,0.427
2011-02-22,23.151,2.728,71.11,1.416
2011-02-23,22.4,4.11,77.01,1.014
2011-02-24,22.3,3.067,77.69,0.237
2011-02-25,22.717,0.963,73.91,0.184
2011-02-26,23.256,1.124,70.62,0.173
2011-02-27,23.753,0.1,60.7,1.553
2011-02-28,23.932,0.001,47.31,2.268
2011-03-01,23.371,0.001,45.82,2.463
2011-03-02,23.36,0.001,41.57,2.367
2011-03-03,23.354,0.001,32.09,2.218
2011-03-04,23.893,0.002,37.22,1.195
2011-03-05,24.759,0.01,45.45,0.878
2011-03-06,25.056,0.0,38.1,1.852
2011-03-07,25.11,0.0,29.98,1.926
2011-03-08,25.474,0.002,35.32,0.742
2011-03-09,25.684,0.002,46.96,0.328
2011-03-10,25.773,0.002,48.9,0.227
2011-03-11,25.685,0.025,50.83,0.234
2011-03-12,25.898,0.008,38.56,1.703
2011-03-13,25.235,0.009,42.63,1.542
2011-03-14,25.471,0.001,35.43,1.656
2011-03-15,25.606,0.006,37.47,1.79
2011-03-16,25.802,0.002,36.26,2.068
2011-03-17,24.721,0.0,34.24,2.587
2011-03-18,24.12,0.0,32.04,2.199
2011-03-19,24.689,0.003,34.1,0.371
2011-03-20,25.338,0.018,49.18,0.922
2011-03-21,25.699,0.009,55.46,1.155
2011-03-22,25.966,0.033,55.9,0.525
2011-03-23,26.543,0.055,54.41,0.398
2011-03-24,25.042,1.432,66.91,1.601
2011-03-25,25.651,0.685,62.54,0.972
2011-03-26,24.745,2.667,69.66,0.426
2011-03-27,25.445,0.178,63.18,0.262
2011-03-28,25.732,0.198,63.18,0.742
2011-03-29,26.081,0.244,59.08,0.576
2011-03-30,26.511,0.024,54.87,0.315
2011-03-31,26.137,0.095,61.19,1.063
2011-04-01,26.008,0.281,63.52,1.29
2011-04-02,25.67,0.218,63.35,1.678
2011-04-03,25.056,0.183,62.9,1.878
2011-04-04,25.552,0.009,55.58,1.536
2011-04-05,25.619,0.022,56.05,0.752
2011-04-06,25.183,0.518,59.73,0.527
2011-04-07,26.29,0.004,47.94,0.543
2011-04-08,26.284,0.01,52.0,0.233
2011-04-09,26.781,0.024,53.86,0.522
2011-04-10,26.511,0.077,56.24,0.668
2011-04-11,26.977,0.17,54.07,0.427
2011-04-12,26.579,0.374,57.38,0.401
2011-04-13,26.613,0.498,59.34,0.635
2011-04-14,24.657,3.912,73.17,1.29
2011-04-15,24.105,6.143,75.9,0.457
2011-04-16,26.004,0.085,61.48,0.03
2011-04-17,26.299,0.349,62.36,0.511
2011-04-18,26.764,0.323,60.49,0.544
2011-04-19,25.054,11.767,73.47,0.966
2011-04-20,25.134,2.336,72.58,0.325
2011-04-21,23.927,21.935,82.61,0.47
2011-04-22,22.879,9.115,87.02,0.077
2011-04-23,23.031,19.88,86.0,0.625
2011-04-24,23.593,2.08,83.38,0.976
2011-04-25,24.451,2.283,78.59,0.677
2011-04-26,24.571,1.784,79.2,0.695
2011-04-27,25.791,0.043,67.87,0.42
2011-04-28,25.486,0.128,70.37,2.468
2011-04-29,25.28,0.506,73.87,2.414
2011-04-30,25.086,2.558,76.7,1.773
2011-05-01,24.906,3.317,77.45,1.317
2011-05-02,24.904,2.262,79.0,1.805
2011-05-03,25.293,3.367,76.62,2.1
2011-05-04,24.897,2.689,77.69,2.277
2011-05-05,26.016,0.137,68.42,1.744
2011-05-06,25.874,0.108,67.29,2.479
2011-05-07,24.351,0.491,70.45,3.045
2011-05-08,24.479,0.007,61.93,2.552
2011-05-09,24.782,0.015,65.74,2.863
2011-05-10,24.601,0.136,68.77,2.559
2011-05-11,25.11,0.116,66.82,2.078
2011-05-12,25.1,0.931,71.97,2.127
2011-05-13,25.199,3.003,75.22,2.106
2011-05-14,24.992,7.907,78.8,1.874
2011-05-15,25.126,3.393,77.89,1.667
2011-05-16,26.462,0.193,65.15,0.435
2011-05-17,25.659,1.623,73.4,1.316
2011-05-18,25.381,1.678,74.23,1.653
2011-05-19,25.335,2.161,76.17,2.042
2011-05-20,25.354,0.332,72.63,2.453
2011-05-21,24.975,0.284,65.86,3.091
2011-05-22,24.726,0.971,70.34,2.358
2011-05-23,24.951,4.456,76.73,1.668
2011-05-24,25.14,1.0,76.63,1.779
2011-05-25,25.16,4.326,76.09,1.276
2011-05-26,25.102,5.509,77.07,1.503
2011-05-27,24.435,7.347,78.34,2.49
2011-05-28,23.85,7.026,80.84,2.377
2011-05-29,23.935,7.201,80.5,2.449
2011-05-30,24.653,1.422,76.97,2.266
2011-05-31,24.501,2.145,78.72,2.786
2011-06-01,23.337,21.568,85.31,2.4
2011-06-02,21.664,41.09,94.5,2.49
2011-06-03,22.002,9.723,90.0,3.441
2011-06-04,22.881,2.12,85.01,3.373
2011-06-05,22.955,7.545,86.52,3.354
2011-06-06,22.852,10.509,87.58,3.305
2011-06-07,23.115,0.785,82.68,3.865
2011-06-08,23.387,1.74,79.94,3.602
2011-06-09,23.537,1.005,79.25,3.725
2011-06-10,23.189,2.161,81.87,3.948
2011-06-11,22.911,2.423,81.96,3.506
2011-06-12,22.967,1.787,80.81,3.72
2011-06-13,22.873,2.686,81.22,3.847
2011-06-14,21.747,16.024,89.05,3.867
2011-06-15,21.386,6.426,88.16,3.671
2011-06-16,21.329,6.664,89.02,3.698
2011-06-17,21.941,5.917,87.74,4.136
2011-06-18,22.723,2.561,82.45,4.239
2011-06-19,23.269,0.815,78.41,4.019
2011-06-20,23.081,0.484,76.57,3.88
2011-06-21,23.321,0.062,73.06,3.747
2011-06-22,22.78,0.494,77.11,3.548
2011-06-23,22.963,1.697,79.84,3.012
2011-06-24,23.434,1.405,79.33,3.335
2011-06-25,22.402,7.56,85.44,3.248
2011-06-26,22.468,3.898,83.29,3.851
2011-06-27,21.637,20.997,90.15,3.559
2011-06-28,22.128,5.673,83.85,3.663
2011-06-29,23.244,0.147,77.06,3.141
2011-06-30,23.075,1.877,81.02,2.479
2011-07-01,22.392,11.451,85.68,2.879
2011-07-02,22.487,3.967,82.49,3.033
2011-07-03,22.317,5.107,85.66,2.891
2011-07-04,21.917,19.762,89.77,2.489
2011-07-05,21.639,7.455,90.42,2.758
2011-07-06,21.309,9.021,91.23,3.239
2011-07-07,22.284,2.141,83.89,3.102
2011-07-08,22.883,2.259,81.55,2.96
2011-07-09,23.29,0.763,78.38,2.421
2011-07-10,23.191,0.849,77.63,2.971
2011-07-11,22.607,5.965,83.0,3.162
2011-07-12,22.413,3.507,83.39,3.416
2011-07-13,22.054,3.15,83.08,3.738
2011-07-14,21.371,7.369,87.42,4.066
2011-07-15,21.344,13.844,90.77,4.419
2011-07-16,21.215,18.299,92.38,4.181
2011-07-17,21.528,20.98,91.62,3.809
2011-07-18,21.661,9.84,90.02,3.608
2011-07-19,21.816,15.258,89.57,3.607
2011-07-20,22.517,1.865,81.79,4.141
2011-07-21,22.249,2.116,81.76,3.89
2011-07-22,22.206,3.695,83.37,3.811
2011-07-23,21.918,3.614,85.33,3.708
2011-07-24,22.158,4.485,84.48,3.471
2011-07-25,21.863,5.141,86.57,2.886
2011-07-26,22.176,9.206,87.35,2.877
2011-07-27,22.098,4.468,86.75,3.403
2011-07-28,21.776,8.934,87.18,3.118
2011-07-29,21.472,11.023,90.45,2.836
2011-07-30,21.452,10.687,89.9,2.99
2011-07-31,21.417,7.329,88.35,3.066
2011-08-01,22.722,0.556,76.75,3.633
2011-08-02,21.191,20.918,91.35,3.865
2011-08-03,20.331,31.376,94.92,3.624
2011-08-04,21.066,8.973,91.62,3.107
2011-08-05,21.849,11.759,90.16,3.295
2011-08-06,21.612,3.6,88.84,3.436
2011-08-07,21.764,2.478,85.89,3.551
2011-08-08,22.203,3.236,85.46,3.179
2011-08-09,22.571,4.108,83.2,3.109
2011-08-10,22.633,1.433,80.37,3.102
2011-08-11,22.357,5.978,83.86,3.216
2011-08-12,22.124,5.788,84.47,3.044
2011-08-13,22.53,0.346,78.68,2.917
2011-08-14,22.668,0.864,79.6,2.6
2011-08-15,22.71,6.035,82.81,1.987
2011-08-16,21.84,9.591,87.92,2.086
2011-08-17,21.977,12.919,87.57,2.132
2011-08-18,21.266,14.302,91.43,2.488
2011-08-19,21.335,15.523,89.62,2.701
2011-08-20,21.178,18.262,92.36,2.802
2011-08-21,21.158,15.828,93.12,2.578
2011-08-22,21.96,6.655,88.54,2.26
2011-08-23,22.395,9.611,86.46,2.552
2011-08-24,22.275,5.146,85.29,2.923
2011-08-25,21.989,4.98,86.57,2.727
2011-08-26,22.568,2.009,83.44,3.026
2011-08-27,21.98,3.633,84.39,3.433
2011-08-28,22.077,2.128,81.54,4.033
2011-08-29,21.426,8.172,86.73,4.067
2011-08-30,21.277,14.247,91.44,3.411
2011-08-31,21.28,35.618,94.48,3.854
2011-09-01,21.018,28.901,94.82,3.835
2011-09-02,21.999,13.784,88.01,4.3
2011-09-03,20.838,22.184,93.96,3.529
2011-09-04,22.348,1.787,83.07,3.588
2011-09-05,22.547,1.131,80.81,3.29
2011-09-06,22.39,1.318,81.94,3.399
2011-09-07,22.297,1.92,82.48,3.43
2011-09-08,22.459,1.627,82.25,3.049
2011-09-09,22.681,1.422,81.76,3.005
2011-09-10,22.71,1.486,82.36,2.767
2011-09-11,22.529,1.635,83.19,2.912
2011-09-12,22.478,7.266,84.67,2.478
2011-09-13,22.088,8.329,86.76,2.714
2011-09-14,22.166,14.2,86.79,3.197
2011-09-15,21.405,11.223,92.44,3.125
2011-09-16,22.083,1.034,84.84,3.098
2011-09-17,22.313,0.96,82.01,2.939
2011-09-18,22.478,2.109,81.91,2.726
2011-09-19,22.231,5.527,84.16,2.432
2011-09-20,21.869,4.111,85.99,2.554
2011-09-21,22.002,2.967,82.6,2.876
2011-09-22,22.026,0.335,78.33,2.592
2011-09-23,22.007,0.149,76.36,2.011
2011-09-24,22.521,0.124,74.83,2.184
2011-09-25,23.065,0.093,75.15,1.876
2011-09-26,23.16,0.222,76.02,1.652
2011-09-27,23.432,0.102,73.92,1.569
2011-09-28,23.493,0.111,73.07,1.616
2011-09-29,23.479,0.059,73.19,1.51
2011-09-30,23.28,0.827,79.32,1.112
2011-10-01,22.925,1.858,82.25,1.099
2011-10-02,22.782,1.252,82.46,1.383
2011-10-03,22.859,0.635,80.11,1.294
2011-10-04,22.74,0.021,72.0,1.458
2011-10-05,23.283,0.037,73.08,1.004
2011-10-06,22.924,0.25,73.37,1.512
2011-10-07,23.52,0.191,74.54,1.604
2011-10-08,23.289,0.563,75.42,1.508
2011-10-09,22.685,10.573,84.0,0.982
2011-10-10,22.176,10.67,87.52,1.092
2011-10-11,22.45,7.216,86.6,0.592
2011-10-12,22.296,11.788,89.75,0.55
2011-10-13,22.482,8.287,88.84,0.064
2011-10-14,22.424,5.312,86.44,0.116
2011-10-15,22.65,8.076,87.65,0.387
2011-10-16,22.502,6.558,88.22,0.137
2011-10-17,22.643,1.253,84.67,0.067
2011-10-18,22.754,2.791,83.98,0.81
2011-10-19,23.43,0.455,78.54,0.424
2011-10-20,22.74,6.524,86.76,0.58
2011-10-21,23.011,5.407,83.82,0.632
2011-10-22,22.929,1.105,81.99,1.247
2011-10-23,22.585,14.005,85.05,1.132
2011-10-24,22.426,7.927,85.7,1.898
2011-10-25,21.841,15.184,89.44,2.322
2011-10-26,22.03,5.787,86.2,3.092
2011-10-27,21.665,8.667,88.92,2.132
2011-10-28,22.299,4.0,84.95,2.284
2011-10-29,22.004,6.588,86.25,2.2
2011-10-30,21.803,9.58,87.89,2.34
2011-10-31,21.521,7.386,89.81,2.498
2011-11-01,21.221,11.33,91.7,2.266
2011-11-02,21.4,11.142,89.33,1.078
2011-11-03,21.488,17.54,90.62,0.923
2011-11-04,21.579,12.912,90.56,1.677
2011-11-05,21.816,12.402,89.47,1.673
2011-11-06,22.075,4.889,86.59,1.012
2011-11-07,21.683,1.114,77.84,1.197
2011-11-08,20.413,0.012,64.7,2.018
2011-11-09,20.567,0.001,65.5,1.287
2011-11-10,20.615,0.0,67.58,1.098
2011-11-11,20.721,0.003,71.31,0.412
2011-11-12,21.154,0.015,73.9,0.851
2011-11-13,21.081,0.001,71.19,1.602
2011-11-14,20.773,0.001,67.28,2.17
2011-11-15,20.481,0.0,63.35,2.236
2011-11-16,20.646,0.003,65.8,2.107
2011-11-17,21.6,0.296,75.26,2.328
2011-11-18,21.569,0.581,80.45,2.541
2011-11-19,20.862,0.001,65.66,2.806
2011-11-20,19.517,0.002,59.44,2.765
2011-11-21,19.909,0.0,64.83,2.542
2011-11-22,20.105,0.003,65.15,2.531
2011-11-23,20.979,0.002,70.49,2.462
2011-11-24,22.113,0.128,71.71,2.67
2011-11-25,21.352,6.682,86.02,3.968
2011-11-26,20.712,14.236,94.42,4.181
2011-11-27,20.967,9.305,93.33,2.119
2011-11-28,22.039,3.455,85.15,1.207
2011-11-29,22.198,3.762,85.57,1.127
2011-11-30,22.478,1.726,84.15,1.622
2011-12-01,22.474,0.157,78.78,1.328
2011-12-02,22.435,0.017,77.36,0.139
2011-12-03,22.167,0.055,78.59,0.519
2011-12-04,21.809,0.194,78.8,0.546
2011-12-05,21.07,0.032,73.32,1.615
2011-12-06,20.401,0.0,65.81,1.825
2011-12-07,19.749,0.001,70.68,2.42
2011-12-08,19.443,0.004,71.33,2.704
2011-12-09,21.318,0.763,80.35,2.503
2011-12-10,22.238,0.411,79.38,2.044
2011-12-11,21.848,0.155,74.11,2.415
2011-12-12,21.078,0.002,68.85,2.146
2011-12-13,20.96,0.002,67.84,2.354
2011-12-14,20.922,0.001,71.17,2.159
2011-12-15,21.312,0.393,75.46,2.477
2011-12-16,20.586,0.035,65.68,2.588
2011-12-17,19.193,0.001,61.98,2.472
2011-12-18,19.264,0.0,60.81,2.574
2011-12-19,19.477,0.0,69.14,1.671
2011-12-20,18.64,0.001,59.52,2.043
2011-12-21,19.14,0.001,62.48,2.062
2011-12-22,19.242,0.0,63.34,2.17
2011-12-23,18.481,0.0,62.58,1.786
2011-12-24,19.193,0.001,51.05,2.003
2011-12-25,19.018,0.0,53.64,1.772
2011-12-26,19.297,0.001,53.86,1.152
2011-12-27,19.715,0.0,49.6,0.972
2011-12-28,20.044,0.002,48.24,1.399
2011-12-29,21.284,0.126,53.67,1.801
2011-12-30,20.633,1.579,81.71,3.717
2011-12-31,19.756,2.097,76.65,2.909
2012-01-01,20.915,0.005,60.22,1.955
2012-01-02,21.321,0.003,63.63,1.424
2012-01-03,21.458,0.001,57.4,1.466
2012-01-04,22.042,0.006,65.38,1.75
2012-01-05,22.041,0.004,64.06,1.491
2012-01-06,21.665,0.002,60.14,1.477
2012-01-07,21.214,0.001,53.91,1.732
2012-01-08,21.667,0.001,49.93,1.241
2012-01-09,22.138,0.0,54.11,0.017
2012-01-10,22.028,0.002,59.95,0.846
2012-01-11,22.024,0.047,56.92,0.213
2012-01-12,21.882,0.129,61.82,1.373
2012-01-13,21.58,0.257,61.03,2.294
2012-01-14,20.828,0.003,56.4,2.344
2012-01-15,19.388,0.001,48.14,2.136
2012-01-16,19.315,0.001,44.58,1.661
2012-01-17,20.046,0.0,43.73,0.713
2012-01-18,20.485,0.008,53.65,0.538
2012-01-19,20.812,0.007,59.97,0.34
2012-01-20,21.652,0.001,59.29,0.191
2012-01-21,21.915,0.002,55.83,0.658
2012-01-22,21.394,0.001,50.61,1.607
2012-01-23,21.078,0.001,47.49,1.757
2012-01-24,20.955,0.001,49.68,1.903
2012-01-25,20.756,0.006,43.08,1.316
2012-01-26,21.022,0.003,45.11,1.568
2012-01-27,21.307,0.002,51.9,0.513
2012-01-28,21.528,0.003,57.96,0.593
2012-01-29,21.839,0.001,58.0,0.582
2012-01-30,21.843,0.012,52.41,1.927
2012-01-31,21.389,0.002,50.85,2.417
2012-02-01,21.489,0.001,42.05,2.846
2012-02-02,21.589,0.001,46.38,3.217
2012-02-03,21.683,0.0,52.34,2.879
2012-02-04,22.413,0.001,55.89,1.367
2012-02-05,22.906,0.001,55.25,1.258
2012-02-06,23.564,0.004,54.08,1.047
2012-02-07,24.047,0.001,53.02,1.555
2012-02-08,24.305,0.003,52.72,0.808
2012-02-09,24.851,0.003,53.01,0.74
2012-02-10,24.58,0.036,58.63,0.85
2012-02-11,24.281,0.359,62.79,0.712
2012-02-12,24.086,0.104,57.56,1.188
2012-02-13,24.16,0.009,48.99,1.486
2012-02-14,23.491,0.001,43.9,0.721
2012-02-15,23.482,0.001,50.84,0.613
2012-02-16,24.079,0.0,50.74,0.305
2012-02-17,24.699,0.015,50.43,0.941
2012-02-18,24.248,0.001,43.47,2.094
2012-02-19,23.418,0.001,33.05,2.205
2012-02-20,23.872,0.0,31.91,1.618
2012-02-21,24.428,0.001,36.0,1.62
2012-02-22,24.243,0.001,31.27,2.371
2012-02-23,24.004,0.002,24.35,2.709
2012-02-24,23.898,0.001,23.54,2.728
2012-02-25,23.845,0.0,21.12,2.795
2012-02-26,23.958,0.002,17.84,2.876
2012-02-27,24.633,0.002,18.58,2.209
2012-02-28,24.589,0.001,33.82,0.786
2012-02-29,24.866,0.008,44.98,0.754
2012-03-01,25.908,0.0,44.99,0.161
2012-03-02,25.759,0.001,48.63,1.06
2012-03-03,24.92,0.001,48.02,1.505
2012-03-04,25.348,0.0,36.66,0.642
2012-03-05,25.987,0.002,48.94,0.263
2012-03-06,25.533,0.004,52.03,0.778
2012-03-07,25.18,0.035,59.46,1.836
2012-03-08,24.385,0.012,55.44,1.753
2012-03-09,25.071,0.0,42.86,0.614
2012-03-10,25.395,0.001,49.51,0.37
2012-03-11,25.615,0.003,43.64,1.115
2012-03-12,26.325,0.002,47.52,1.356
2012-03-13,26.975,0.356,53.37,2.488
2012-03-14,26.883,0.155,51.47,1.99
2012-03-15,26.779,0.041,48.94,1.554
2012-03-16,26.771,0.181,52.34,0.112
2012-03-17,26.818,0.03,51.53,0.134
2012-03-18,27.124,0.016,46.97,0.321
2012-03-19,27.065,0.003,47.69,0.593
2012-03-20,27.055,0.002,48.25,0.705
2012-03-21,26.569,0.018,50.75,1.099
2012-03-22,26.727,0.014,49.35,0.564
2012-03-23,26.756,0.01,44.41,0.516
2012-03-24,27.046,0.023,31.5,1.353
2012-03-25,26.555,0.017,30.23,0.715
2012-03-26,26.678,0.024,29.85,1.211
2012-03-27,26.304,0.019,32.73,0.689
2012-03-28,26.784,0.035,48.97,0.149
2012-03-29,26.814,0.01,49.52,0.919
2012-03-30,25.56,0.261,57.02,2.081
2012-03-31,26.406,0.093,51.09,0.505
2012-04-01,26.364,0.389,52.48,0.341
2012-04-02,26.289,0.22,52.14,0.276
2012-04-03,26.459,0.138,51.75,0.36
2012-04-04,26.336,0.11,52.41,0.852
2012-04-05,26.561,0.046,55.92,1.084
2012-04-06,26.188,0.549,61.92,0.96
2012-04-07,26.828,0.25,57.53,0.296
2012-04-08,27.16,0.137,56.92,0.656
2012-04-09,26.787,0.322,60.34,1.154
2012-04-10,26.219,1.333,66.47,1.365
2012-04-11,27.082,0.107,57.8,0.882
2012-04-12,25.813,1.764,66.98,1.339
2012-04-13,26.965,0.103,57.42,0.14
2012-04-14,27.706,0.208,50.4,0.494
2012-04-15,27.618,0.07,51.1,0.57
2012-04-16,27.835,0.055,54.59,1.148
2012-04-17,26.29,3.966,66.98,1.638
2012-04-18,25.789,3.112,69.57,1.063
2012-04-19,26.613,0.161,64.2,1.011
2012-04-20,26.201,4.6,69.63,0.601
2012-04-21,27.173,0.101,61.26,0.945
2012-04-22,27.122,0.16,64.36,1.165
2012-04-23,26.173,3.082,71.44,1.109
2012-04-24,25.913,4.364,72.03,0.914
2012-04-25,24.787,12.244,77.63,0.835
2012-04-26,23.77,19.791,84.03,0.569
2012-04-27,23.351,20.703,85.58,0.516
2012-04-28,23.504,6.353,83.33,1.61
2012-04-29,24.353,1.382,79.15,1.776
2012-04-30,24.603,1.699,76.64,2.23
2012-05-01,24.689,0.214,72.7,2.504
2012-05-02,24.659,1.363,75.55,2.152
2012-05-03,24.681,1.744,77.46,2.408
2012-05-04,24.973,0.34,72.46,2.809
2012-05-05,24.584,0.274,68.64,2.839
2012-05-06,24.497,0.162,65.48,2.176
2012-05-07,25.671,0.002,60.49,1.143
2012-05-08,25.513,0.854,68.28,1.648
2012-05-09,25.007,1.285,72.08,1.642
2012-05-10,24.703,4.666,76.73,1.185
2012-05-11,24.284,7.843,81.25,1.581
2012-05-12,23.548,7.059,83.85,2.022
2012-05-13,24.73,1.637,77.96,1.238
2012-05-14,24.392,3.944,80.67,1.586
2012-05-15,24.698,2.313,78.52,2.074
2012-05-16,25.302,2.432,76.8,2.141
2012-05-17,25.487,0.404,74.32,2.31
2012-05-18,26.53,0.033,68.31,1.683
2012-05-19,26.044,2.027,73.33,2.679
2012-05-20,26.257,0.236,67.73,2.378
2012-05-21,25.604,1.028,70.52,2.568
2012-05-22,25.817,0.821,70.37,2.405
2012-05-23,25.306,1.132,71.23,2.874
2012-05-24,24.99,0.852,69.8,3.375
2012-05-25,25.135,0.472,69.91,3.331
2012-05-26,24.83,0.92,69.37,3.278
2012-05-27,24.494,4.685,75.57,3.033
2012-05-28,25.272,1.254,71.8,2.974
2012-05-29,25.566,1.684,69.96,2.836
2012-05-30,24.687,1.932,75.2,3.42
2012-05-31,24.731,1.156,71.15,3.307
2012-06-01,25.014,0.883,71.66,3.147
2012-06-02,25.374,1.573,72.45,3.094
2012-06-03,24.56,3.499,75.31,3.311
2012-06-04,24.453,3.57,78.17,3.167
2012-06-05,23.921,3.693,78.68,4.007
2012-06-06,22.791,6.471,86.18,3.686
2012-06-07,23.139,1.919,81.64,3.811
2012-06-08,23.77,1.601,76.49,3.533
2012-06-09,23.786,1.138,75.05,3.82
2012-06-10,24.023,0.537,71.47,3.68
2012-06-11,24.045,0.228,68.54,3.765
2012-06-12,23.03,4.786,79.31,3.506
2012-06-13,22.733,9.59,85.1,2.73
2012-06-14,23.213,5.736,82.38,2.733
2012-06-15,23.291,6.883,81.66,3.191
2012-06-16,23.0,8.065,83.06,3.405
2012-06-17,21.941,13.033,87.26,4.097
2012-06-18,20.807,26.116,94.29,3.717
2012-06-19,22.377,1.87,82.56,4.491
2012-06-20,22.65,0.807,79.5,4.139
2012-06-21,22.522,0.806,79.91,3.646
2012-06-22,22.499,4.106,84.25,3.128
2012-06-23,23.172,1.085,80.43,3.048
2012-06-24,23.006,0.975,77.96,3.345
2012-06-25,23.095,1.002,79.29,2.862
2012-06-26,22.757,8.843,82.95,2.852
2012-06-27,22.187,12.824,85.03,2.999
2012-06-28,21.435,5.25,89.09,3.356
2012-06-29,21.623,9.425,87.22,3.731
2012-06-30,22.042,3.245,80.47,3.488
2012-07-01,20.563,16.496,93.84,3.252
2012-07-02,20.983,10.501,90.51,4.056
2012-07-03,21.9,2.982,84.49,4.512
2012-07-04,22.586,1.83,80.31,4.017
2012-07-05,23.165,0.82,77.05,3.491
2012-07-06,23.24,0.709,76.92,3.287
2012-07-07,23.067,2.108,79.69,3.051
2012-07-08,22.749,4.628,81.89,3.047
2012-07-09,22.663,6.869,83.69,2.784
2012-07-10,22.158,6.285,87.41,3.137
2012-07-11,22.007,3.494,86.06,3.466
2012-07-12,22.537,3.176,82.86,2.89
2012-07-13,22.953,2.431,79.71,2.803
2012-07-14,22.677,5.224,81.66,2.639
2012-07-15,22.583,4.416,82.22,2.461
2012-07-16,22.41,6.433,83.86,1.955
2012-07-17,22.409,7.388,85.47,2.364
2012-07-18,22.405,2.48,82.72,3.247
2012-07-19,22.666,1.07,78.72,3.948
2012-07-20,22.306,2.267,81.76,4.6
2012-07-21,22.091,2.916,83.51,4.419
2012-07-22,22.688,2.519,81.5,3.786
2012-07-23,22.906,1.368,80.67,3.561
2012-07-24,23.165,0.981,79.13,3.46
2012-07-25,22.607,3.084,81.33,3.604
2012-07-26,22.34,1.147,79.39,4.071
2012-07-27,22.401,1.423,82.08,3.755
2012-07-28,22.488,0.652,80.16,3.626
2012-07-29,22.548,1.714,79.27,3.393
2012-07-30,23.014,0.257,73.9,3.749
2012-07-31,22.524,0.19,74.08,3.952
2012-08-01,22.42,0.519,76.31,3.603
2012-08-02,22.638,1.049,77.58,3.932
2012-08-03,22.384,0.972,78.85,3.831
2012-08-04,22.114,2.751,81.58,4.028
2012-08-05,22.365,1.375,78.86,4.04
2012-08-06,22.02,2.897,83.96,3.536
2012-08-07,21.452,7.401,88.87,3.039
2012-08-08,22.311,13.111,85.17,3.037
2012-08-09,21.303,16.421,91.45,3.169
2012-08-10,21.739,11.583,88.12,3.586
2012-08-11,20.714,42.994,94.88,3.216
2012-08-12,20.978,31.089,94.18,2.777
2012-08-13,21.847,5.043,86.17,2.584
2012-08-14,22.955,1.37,80.48,2.587
2012-08-15,22.575,3.61,82.46,2.504
2012-08-16,22.494,6.357,83.11,2.481
2012-08-17,21.291,8.89,89.15,3.067
2012-08-18,22.151,1.249,81.38,3.549
2012-08-19,22.671,0.159,76.39,3.414
2012-08-20,22.722,0.38,76.44,2.929
2012-08-21,22.883,0.844,78.29,2.521
2012-08-22,22.795,0.934,79.7,1.811
2012-08-23,23.102,5.368,81.93,1.66
2012-08-24,22.657,8.318,85.21,1.415
2012-08-25,21.734,11.086,90.35,2.32
2012-08-26,20.534,14.12,94.04,2.645
2012-08-27,21.012,3.649,87.98,3.079
2012-08-28,21.514,8.793,87.58,3.364
2012-08-29,21.206,22.975,92.45,3.276
2012-08-30,20.832,34.901,93.87,3.144
2012-08-31,20.855,11.21,91.43,3.719
2012-09-01,21.189,15.646,91.45,3.276
2012-09-02,21.772,10.911,89.62,3.458
2012-09-03,22.01,5.0,87.07,3.886
2012-09-04,21.625,3.96,86.15,3.941
2012-09-05,22.251,1.653,82.83,3.405
2012-09-06,22.24,2.565,83.18,3.109
2012-09-07,22.22,5.859,85.03,2.995
2012-09-08,22.114,6.001,86.06,2.876
2012-09-09,21.995,5.15,85.81,3.239
2012-09-10,22.028,1.701,83.96,3.397
2012-09-11,22.47,1.31,81.4,3.211
2012-09-12,22.152,3.646,83.58,3.013
2012-09-13,22.635,3.577,83.51,2.829
2012-09-14,22.694,1.497,81.77,3.027
2012-09-15,22.084,4.5,84.46,3.066
2012-09-16,22.403,1.306,81.26,2.976
2012-09-17,22.64,0.445,77.75,2.644
2012-09-18,22.132,1.108,80.1,2.066
2012-09-19,22.437,0.107,76.06,1.85
2012-09-20,22.644,0.031,74.65,1.697
2012-09-21,23.296,0.015,71.81,1.332
2012-09-22,22.889,0.007,72.15,2.122
2012-09-23,23.085,0.015,70.91,1.9
2012-09-24,22.891,0.005,71.31,2.322
2012-09-25,23.153,0.002,69.72,2.0
2012-09-26,23.626,0.16,72.93,1.758
2012-09-27,23.633,2.497,75.08,1.349
2012-09-28,22.889,2.206,78.29,1.725
2012-09-29,22.913,6.813,83.31,1.283
2012-09-30,22.209,6.311,86.53,2.274
2012-10-01,21.858,5.407,86.26,2.684
2012-10-02,21.897,0.379,78.45,3.413
2012-10-03,21.724,0.008,73.55,3.106
2012-10-04,22.5,0.026,74.18,2.825
2012-10-05,23.336,0.044,74.62,1.749
2012-10-06,23.683,0.157,76.39,0.948
2012-10-07,23.899,0.469,74.75,0.717
2012-10-08,24.386,1.114,72.45,0.723
2012-10-09,22.379,11.713,85.61,0.803
2012-10-10,23.569,0.055,70.48,1.087
2012-10-11,24.051,0.019,65.11,1.051
2012-10-12,23.324,6.88,78.67,0.498
2012-10-13,23.152,7.066,79.85,0.674
2012-10-14,22.402,27.112,86.07,0.102
2012-10-15,21.96,9.544,86.03,0.408
2012-10-16,21.742,6.534,87.6,0.296
2012-10-17,22.494,0.587,75.94,1.651
2012-10-18,23.045,0.004,69.13,2.141
2012-10-19,22.17,13.766,84.24,2.223
2012-10-20,20.874,16.179,94.01,2.639
2012-10-21,21.918,4.071,88.31,2.811
2012-10-22,22.015,2.157,86.43,2.677
2012-10-23,22.194,2.329,82.11,2.329
2012-10-24,21.432,2.031,88.65,2.07
2012-10-25,22.506,0.54,79.8,1.94
2012-10-26,22.467,0.469,77.81,1.858
2012-10-27,21.962,0.003,71.93,2.337
2012-10-28,22.044,0.002,67.96,2.565
2012-10-29,22.045,0.138,71.97,2.03
2012-10-30,21.858,0.588,74.26,2.268
2012-10-31,19.923,69.257,88.4,1.681
2012-11-01,20.414,16.822,86.52,4.393
2012-11-02,21.522,0.618,82.71,2.96
2012-11-03,21.768,0.173,79.92,2.578
2012-11-04,22.41,0.977,80.09,1.047
2012-11-05,22.588,0.314,78.2,0.473
2012-11-06,22.517,0.016,74.48,0.957
2012-11-07,22.777,1.069,77.97,0.105
2012-11-08,22.859,0.795,79.42,0.862
2012-11-09,22.735,0.182,75.04,1.682
2012-11-10,22.91,0.024,70.7,1.536
2012-11-11,22.477,0.616,76.96,0.986
2012-11-12,22.781,0.013,68.46,1.486
2012-11-13,21.885,0.002,64.98,1.897
2012-11-14,20.264,0.0,56.05,2.238
2012-11-15,19.415,0.0,54.75,1.808
2012-11-16,20.015,0.001,60.78,1.427
2012-11-17,20.386,0.0,61.59,1.038
2012-11-18,20.453,0.001,61.9,0.808
2012-11-19,20.691,0.006,67.19,0.578
2012-11-20,21.12,0.048,64.68,0.554
2012-11-21,22.487,0.018,69.37,0.951
2012-11-22,23.633,0.193,70.04,1.276
2012-11-23,22.584,5.645,83.76,1.679
2012-11-24,22.334,2.215,80.28,1.876
2012-11-25,22.936,0.001,63.18,2.387
2012-11-26,23.196,0.002,64.51,2.31
2012-11-27,22.688,0.006,62.07,1.995
2012-11-28,21.471,0.003,55.75,2.309
2012-11-29,21.026,0.001,53.06,1.327
2012-11-30,21.389,0.001,55.67,0.759
2012-12-01,21.859,0.05,59.4,0.793
2012-12-02,21.9,0.012,53.38,1.799
2012-12-03,22.735,5.077,65.73,2.543
2012-12-04,20.701,12.146,91.73,2.164
2012-12-05,22.557,0.306,73.8,3.285
2012-12-06,22.719,0.355,72.22,3.042
2012-12-07,22.246,0.002,66.62,2.28
2012-12-08,21.712,0.001,61.03,1.665
2012-12-09,21.671,0.0,58.95,1.452
2012-12-10,21.899,0.003,51.66,1.593
2012-12-11,22.131,0.001,53.41,1.377
2012-12-12,22.339,0.001,55.88,0.498
2012-12-13,22.272,0.01,58.5,0.843
2012-12-14,21.802,0.001,54.78,2.123
2012-12-15,20.737,0.001,52.55,2.654
2012-12-16,20.718,0.001,53.25,3.094
2012-12-17,21.321,0.0,58.69,3.376
2012-12-18,21.253,0.0,57.37,3.098
2012-12-19,21.531,0.001,61.46,2.723
2012-12-20,22.307,0.002,60.71,2.742
2012-12-21,21.903,0.002,62.25,2.574
2012-12-22,21.505,0.0,52.05,2.361
2012-12-23,21.226,0.0,54.92,2.4
2012-12-24,21.176,0.006,57.74,2.005
2012-12-25,21.606,0.001,58.35,2.186
2012-12-26,22.514,0.001,59.0,2.258
2012-12-27,22.967,0.001,58.86,1.932
2012-12-28,22.138,0.001,65.95,1.78
2012-12-29,23.337,0.403,74.1,2.547
2012-12-30,23.777,1.072,74.67,1.601
