date,temp_c,precip_mm,humidity_pct,wind_speed_ms
2000-01-01,14.646,0.0,65.03,1.37
2000-01-02,14.333,0.002,65.54,0.746
2000-01-03,13.802,0.0,63.17,0.22
2000-01-04,13.519,0.002,60.38,0.36
2000-01-05,13.761,0.003,58.35,0.542
2000-01-06,13.692,0.0,58.93,0.982
2000-01-07,14.174,0.001,62.73,0.333
2000-01-08,15.898,0.001,59.53,0.811
2000-01-09,17.835,0.002,53.74,1.47
2000-01-10,18.327,0.0,57.34,0.311
2000-01-11,18.755,0.0,62.98,1.892
2000-01-12,20.401,0.486,63.06,1.609
2000-01-13,18.657,0.003,60.13,1.415
2000-01-14,17.235,0.001,66.63,1.879
2000-01-15,15.715,0.0,60.26,2.491
2000-01-16,12.74,0.001,49.69,2.201
2000-01-17,12.465,0.001,48.23,2.022
2000-01-18,14.737,0.001,44.89,2.179
2000-01-19,16.293,0.001,44.15,2.19
2000-01-20,16.37,0.0,42.93,1.733
2000-01-21,17.765,0.002,43.13,2.147
2000-01-22,18.079,0.001,50.24,1.464
2000-01-23,18.285,0.002,55.87,0.682
2000-01-24,17.751,0.001,54.55,0.99
2000-01-25,18.583,0.001,47.43,2.209
2000-01-26,20.37,0.016,46.03,1.686
2000-01-27,19.046,0.055,57.61,2.001
2000-01-28,15.237,0.001,53.9,2.663
2000-01-29,15.355,0.0,40.74,2.882
2000-01-30,16.668,0.001,42.75,0.512
2000-01-31,18.857,0.001,41.34,2.201
2000-02-01,19.87,0.003,48.99,1.94
2000-02-02,19.232,0.001,59.24,2.26
2000-02-03,19.365,0.002,62.47,2.128
2000-02-04,20.514,0.001,53.67,1.655
2000-02-05,18.833,0.053,56.09,2.233
2000-02-06,16.499,0.031,59.7,2.02
2000-02-07,15.569,0.0,56.59,1.483
2000-02-08,15.88,0.002,55.02,1.522
2000-02-09,16.106,0.001,52.59,0.722
2000-02-10,18.837,0.002,43.69,2.064
2000-02-11,19.91,0.013,46.5,1.82
2000-02-12,16.952,0.018,52.99,2.375
2000-02-13,15.251,0.001,46.22,2.242
2000-02-14,14.361,0.0,42.44,1.925
2000-02-15,15.451,0.002,42.33,0.417
2000-02-16,17.41,0.002,43.89,0.94
2000-02-17,17.745,0.001,36.88,0.358
2000-02-18,17.617,0.002,28.49,1.105
2000-02-19,17.97,0.002,36.2,2.359
2000-02-20,19.176,0.001,33.59,2.956
2000-02-21,20.136,0.061,45.04,1.913
2000-02-22,19.889,0.059,44.84,2.459
2000-02-23,18.976,0.001,37.9,1.89
2000-02-24,17.74,0.0,32.3,2.02
2000-02-25,17.795,0.001,36.42,0.829
2000-02-26,18.658,0.0,32.56,0.263
2000-02-27,19.339,0.001,32.16,0.794
2000-02-28,21.751,0.002,29.37,2.423
2000-02-29,22.636,0.0,37.65,0.757
2000-03-01,24.187,0.006,39.12,0.763
2000-03-02,23.814,0.0,44.85,0.843
2000-03-03,24.533,0.001,38.46,0.634
2000-03-04,25.603,0.002,26.34,3.024
2000-03-05,22.956,0.0,29.41,2.716
2000-03-06,22.417,0.001,28.58,1.243
2000-03-07,23.297,0.001,34.02,1.964
2000-03-08,22.295,0.0,31.79,2.014
2000-03-09,20.291,0.0,30.71,2.622
2000-03-10,22.665,0.001,25.58,1.923
2000-03-11,25.266,0.003,27.0,2.879
2000-03-12,26.353,0.047,26.64,3.742
2000-03-13,24.22,0.0,34.47,1.582
2000-03-14,22.522,0.0,39.52,1.784
2000-03-15,22.253,0.002,27.94,2.299
2000-03-16,23.459,0.0,25.19,1.276
2000-03-17,25.475,0.001,25.33,1.678
2000-03-18,25.203,0.0,28.1,2.013
2000-03-19,23.71,0.0,23.26,1.857
2000-03-20,23.093,0.0,22.81,1.01
2000-03-21,25.845,0.002,19.84,2.498
2000-03-22,26.325,0.01,24.48,1.438
2000-03-23,23.799,0.006,31.48,1.477
2000-03-24,22.639,0.002,35.38,2.098
2000-03-25,23.283,0.0,34.7,1.281
2000-03-26,24.564,0.0,31.04,1.298
2000-03-27,25.603,0.001,30.16,1.802
2000-03-28,26.559,0.002,29.76,1.211
2000-03-29,27.949,0.0,25.79,1.145
2000-03-30,29.027,0.0,24.6,0.131
2000-03-31,29.884,0.0,21.15,1.073
2000-04-01,30.321,0.0,20.48,2.471
2000-04-02,28.525,0.0,24.94,2.888
2000-04-03,28.558,0.001,22.41,1.474
2000-04-04,30.183,0.001,21.12,0.213
2000-04-05,29.915,0.0,21.39,0.748
2000-04-06,29.242,0.001,21.21,1.464
2000-04-07,29.76,0.001,18.2,1.011
2000-04-08,31.196,0.0,16.97,1.966
2000-04-09,29.528,0.0,17.78,1.848
2000-04-10,30.062,0.001,17.59,1.707
2000-04-11,30.251,0.001,18.64,0.436
2000-04-12,31.498,0.001,18.24,1.313
2000-04-13,32.288,0.002,17.37,0.299
2000-04-14,32.939,0.009,18.49,0.622
2000-04-15,31.557,0.002,28.29,1.282
2000-04-16,31.018,0.0,28.09,1.423
2000-04-17,32.83,0.032,18.85,1.871
2000-04-18,33.106,0.022,18.51,1.804
2000-04-19,33.693,0.002,18.33,2.032
2000-04-20,33.591,0.002,17.36,2.526
2000-04-21,33.644,0.0,16.25,2.238
2000-04-22,32.212,0.703,23.62,2.591
2000-04-23,30.897,1.23,34.45,2.923
2000-04-24,32.053,0.036,30.12,2.322
2000-04-25,33.961,0.204,28.55,3.021
2000-04-26,34.548,0.143,28.03,1.519
2000-04-27,33.946,0.13,28.17,1.847
2000-04-28,35.108,0.013,20.26,3.082
2000-04-29,34.616,0.0,16.21,2.386
2000-04-30,34.444,0.002,15.22,2.404
2000-05-01,34.251,0.001,16.65,2.124
2000-05-02,34.588,0.001,17.01,1.318
2000-05-03,34.534,0.001,24.71,1.14
2000-05-04,34.166,0.132,34.18,2.548
2000-05-05,33.408,0.862,36.17,2.124
2000-05-06,32.554,1.781,37.77,1.523
2000-05-07,30.578,1.168,44.77,0.447
2000-05-08,30.6,1.054,43.82,1.086
2000-05-09,30.883,1.312,44.99,1.033
2000-05-10,31.707,1.484,43.08,1.927
2000-05-11,31.804,1.391,45.4,2.323
2000-05-12,30.966,6.721,54.43,2.965
2000-05-13,30.459,4.894,57.95,3.0
2000-05-14,29.064,17.235,64.83,3.203
2000-05-15,29.891,2.908,56.66,3.317
2000-05-16,32.759,0.013,44.71,3.689
2000-05-17,33.377,0.044,41.31,3.726
2000-05-18,33.255,0.549,44.5,3.475
2000-05-19,33.307,0.766,46.22,2.869
2000-05-20,31.457,3.682,61.35,2.871
2000-05-21,32.754,1.035,50.17,2.368
2000-05-22,33.244,0.457,46.91,1.627
2000-05-23,33.421,0.009,45.8,1.272
2000-05-24,34.93,0.0,34.14,3.869
2000-05-25,35.568,0.001,31.13,4.807
2000-05-26,35.778,0.001,31.63,4.557
2000-05-27,35.691,0.002,31.24,4.177
2000-05-28,36.017,0.005,25.96,3.506
2000-05-29,36.284,0.0,27.47,3.618
2000-05-30,35.221,0.676,37.32,3.406
2000-05-31,31.229,6.293,58.47,2.55
2000-06-01,31.974,4.787,56.68,1.909
2000-06-02,33.126,1.946,49.67,0.879
2000-06-03,33.67,0.127,47.47,1.651
2000-06-04,32.541,0.423,55.59,2.474
2000-06-05,31.709,2.078,58.24,2.767
2000-06-06,27.881,38.912,77.7,3.871
2000-06-07,26.347,27.447,87.83,3.104
2000-06-08,27.935,4.324,77.69,3.351
2000-06-09,30.707,0.29,67.97,1.327
2000-06-10,31.437,0.082,61.04,1.156
2000-06-11,31.912,0.161,53.4,1.958
2000-06-12,31.768,0.148,53.73,2.624
2000-06-13,30.66,4.898,61.68,3.3
2000-06-14,31.171,2.693,57.28,3.364
2000-06-15,31.836,1.668,53.14,3.38
2000-06-16,31.33,1.402,56.68,1.928
2000-06-17,29.988,1.804,66.74,0.484
2000-06-18,30.119,1.922,70.42,0.885
2000-06-19,28.28,20.422,81.47,1.768
2000-06-20,25.199,32.782,94.98,1.432
2000-06-21,25.613,26.992,92.4,0.663
2000-06-22,29.88,0.166,60.36,3.222
2000-06-23,30.676,0.111,55.8,3.39
2000-06-24,30.873,0.192,55.23,3.773
2000-06-25,31.105,0.005,52.36,3.92
2000-06-26,31.317,0.001,50.07,3.606
2000-06-27,31.349,0.002,51.42,2.134
2000-06-28,30.81,0.657,61.06,1.077
2000-06-29,29.162,5.085,77.02,1.919
2000-06-30,29.961,1.946,68.54,2.199
2000-07-01,30.384,2.096,66.62,1.58
2000-07-02,28.626,6.993,78.92,0.968
2000-07-03,28.243,6.392,79.57,0.508
2000-07-04,29.97,1.217,71.64,0.94
2000-07-05,31.657,0.304,63.41,2.091
2000-07-06,30.072,14.982,73.33,2.288
2000-07-07,27.596,22.239,85.76,1.447
2000-07-08,27.472,11.839,86.15,1.215
2000-07-09,27.751,15.222,83.42,2.264
2000-07-10,27.051,19.01,87.43,2.68
2000-07-11,26.193,8.014,89.81,1.221
2000-07-12,27.857,12.35,83.29,2.284
2000-07-13,27.016,10.42,87.49,1.87
2000-07-14,27.078,5.261,81.78,2.985
2000-07-15,26.915,0.451,73.28,3.838
2000-07-16,26.805,5.44,80.11,2.799
2000-07-17,26.504,3.716,85.78,2.304
2000-07-18,26.69,9.852,86.92,0.988
2000-07-19,25.866,66.601,89.82,1.945
2000-07-20,25.363,24.788,78.62,3.956
2000-07-21,25.669,1.046,77.83,4.251
2000-07-22,24.416,8.747,87.12,2.937
2000-07-23,25.039,3.507,80.0,3.082
2000-07-24,27.005,0.863,73.22,3.291
2000-07-25,26.834,7.475,78.12,2.779
2000-07-26,25.879,11.361,82.92,3.007
2000-07-27,25.511,21.387,88.74,1.775
2000-07-28,25.664,11.928,89.78,1.312
2000-07-29,26.213,8.977,89.23,0.597
2000-07-30,25.907,11.0,89.32,1.88
2000-07-31,25.791,11.154,87.89,2.511
2000-08-01,27.283,0.638,72.61,3.532
2000-08-02,27.49,0.193,68.22,3.823
2000-08-03,27.686,0.307,68.28,3.588
2000-08-04,27.906,0.21,68.81,3.25
2000-08-05,28.057,0.053,68.79,2.949
2000-08-06,28.533,0.283,71.1,2.542
2000-08-07,29.087,0.552,70.52,2.232
2000-08-08,29.377,1.556,70.18,1.924
2000-08-09,27.059,12.185,84.59,0.611
2000-08-10,26.17,9.058,89.56,1.918
2000-08-11,27.655,2.911,82.54,2.874
2000-08-12,26.928,7.055,83.77,2.028
2000-08-13,26.686,4.259,84.26,2.521
2000-08-14,25.615,6.578,88.44,2.873
2000-08-15,25.077,16.332,90.74,3.107
2000-08-16,25.393,4.082,86.9,3.561
2000-08-17,26.091,10.362,87.07,2.593
2000-08-18,25.88,10.101,89.37,1.382
2000-08-19,26.02,5.128,90.2,1.365
2000-08-20,26.586,6.763,88.19,0.497
2000-08-21,26.358,6.163,89.12,0.559
2000-08-22,26.964,4.258,86.59,1.45
2000-08-23,28.183,3.065,83.49,1.957
2000-08-24,28.654,0.436,77.38,2.671
2000-08-25,28.757,0.47,75.91,2.71
2000-08-26,28.807,0.302,75.66,1.8
2000-08-27,29.09,0.829,78.91,0.549
2000-08-28,27.489,12.735,85.78,1.851
2000-08-29,25.106,18.052,94.15,2.437
2000-08-30,26.562,7.619,82.18,3.142
2000-08-31,26.942,1.056,76.06,3.768
2000-09-01,27.344,1.053,76.85,3.473
2000-09-02,27.271,0.441,75.41,3.16
2000-09-03,26.332,7.892,84.09,2.351
2000-09-04,25.583,6.062,89.19,2.233
2000-09-05,25.575,9.972,90.63,1.821
2000-09-06,25.3,13.777,89.87,2.311
2000-09-07,24.599,9.285,92.87,1.888
2000-09-08,26.607,3.234,81.93,2.312
2000-09-09,27.239,0.221,73.73,3.168
2000-09-10,26.778,0.022,70.95,3.35
2000-09-11,26.405,0.084,71.87,3.011
2000-09-12,26.683,0.478,74.01,2.361
2000-09-13,27.348,0.319,73.12,2.268
2000-09-14,27.559,0.053,71.6,2.051
2000-09-15,27.157,0.578,77.99,1.021
2000-09-16,27.16,1.399,84.05,0.563
2000-09-17,27.942,0.414,76.76,0.601
2000-09-18,27.6,0.0,67.59,1.517
2000-09-19,27.206,0.284,74.32,1.09
2000-09-20,26.419,0.234,74.71,1.697
2000-09-21,25.916,0.549,77.46,2.231
2000-09-22,25.341,0.142,77.08,1.704
2000-09-23,26.026,0.272,76.13,0.151
2000-09-24,27.019,0.325,71.06,0.624
2000-09-25,27.284,0.003,64.34,0.865
2000-09-26,27.517,0.044,62.43,0.851
2000-09-27,27.3,0.062,64.06,0.595
2000-09-28,27.547,0.444,64.8,1.268
2000-09-29,27.384,0.039,61.06,0.734
2000-09-30,26.585,0.002,54.93,0.942
2000-10-01,26.203,0.002,57.81,1.086
2000-10-02,25.949,0.006,65.09,0.879
2000-10-03,26.39,0.001,62.09,0.802
2000-10-04,27.126,0.0,58.57,1.081
2000-10-05,27.795,0.0,57.64,1.115
2000-10-06,27.734,0.001,61.72,1.537
2000-10-07,28.222,0.044,62.18,0.67
2000-10-08,28.397,0.001,57.0,0.361
2000-10-09,28.038,0.001,50.8,0.641
2000-10-10,28.215,0.007,51.72,0.311
2000-10-11,28.382,0.086,50.89,0.572
2000-10-12,27.914,0.001,49.04,0.588
2000-10-13,27.214,0.001,43.1,0.974
2000-10-14,27.269,0.0,39.43,0.693
2000-10-15,26.457,0.0,39.28,1.364
2000-10-16,25.359,0.001,44.74,1.159
2000-10-17,24.603,0.0,51.08,1.152
2000-10-18,25.087,0.001,49.48,0.291
2000-10-19,25.895,0.0,47.58,0.944
2000-10-20,26.616,0.0,40.23,1.869
2000-10-21,26.444,0.003,39.45,1.375
2000-10-22,25.868,0.0,40.92,0.784
2000-10-23,26.101,0.002,41.44,1.803
2000-10-24,26.236,0.0,38.97,1.567
2000-10-25,25.984,0.001,38.4,1.195
2000-10-26,25.092,0.0,44.79,1.124
2000-10-27,25.048,0.001,47.64,1.202
2000-10-28,24.361,0.002,52.22,0.89
2000-10-29,24.518,0.002,57.34,1.766
2000-10-30,24.34,0.003,55.68,0.74
2000-10-31,24.503,0.0,47.27,1.198
2000-11-01,24.442,0.003,47.29,1.393
2000-11-02,24.153,-0.0,49.82,1.726
2000-11-03,23.834,0.001,51.81,0.954
2000-11-04,23.593,0.001,52.41,0.294
2000-11-05,23.257,0.0,47.51,0.631
2000-11-06,23.685,0.003,40.07,1.026
2000-11-07,23.303,0.0,37.89,0.906
2000-11-08,23.328,0.0,38.04,0.996
2000-11-09,24.201,0.0,40.52,1.472
2000-11-10,23.887,0.001,44.28,1.053
2000-11-11,23.332,0.0,41.18,0.68
2000-11-12,22.033,0.001,43.09,0.401
2000-11-13,22.5,0.003,43.1,0.465
2000-11-14,22.366,0.002,42.85,0.883
2000-11-15,22.375,0.001,40.09,0.227
2000-11-16,21.494,0.0,42.52,1.02
2000-11-17,20.518,0.002,42.73,0.593
2000-11-18,21.699,0.0,39.78,1.779
2000-11-19,22.439,0.002,39.22,1.972
2000-11-20,20.31,0.001,46.09,1.533
2000-11-21,20.343,0.001,52.4,0.253
2000-11-22,20.491,0.001,55.4,1.182
2000-11-23,21.034,0.0,59.75,0.875
2000-11-24,22.084,0.0,57.44,0.407
2000-11-25,20.805,0.001,52.56,1.481
2000-11-26,19.464,0.0,43.79,0.594
2000-11-27,19.546,0.002,43.39,2.155
2000-11-28,18.678,0.054,53.55,2.311
2000-11-29,17.503,0.0,49.48,1.861
2000-11-30,16.774,0.0,41.76,1.656
2000-12-01,15.744,0.001,38.28,1.847
2000-12-02,15.381,0.001,36.2,0.525
2000-12-03,15.39,0.0,38.28,0.706
2000-12-04,15.933,0.001,39.29,1.761
2000-12-05,17.261,0.004,37.9,1.456
2000-12-06,18.269,0.0,38.28,0.201
2000-12-07,17.96,0.0,43.8,0.338
2000-12-08,18.418,0.0,43.46,0.712
2000-12-09,19.455,0.002,43.69,1.119
2000-12-10,18.605,0.0,50.2,1.044
2000-12-11,17.56,0.0,51.9,0.96
2000-12-12,17.611,0.001,43.12,0.314
2000-12-13,17.47,0.0,45.73,0.738
2000-12-14,18.399,0.001,47.6,0.58
2000-12-15,18.426,0.001,49.93,0.366
2000-12-16,18.328,0.002,51.41,0.665
2000-12-17,18.464,0.0,51.62,0.63
2000-12-18,19.125,0.001,50.36,1.516
2000-12-19,17.441,0.001,59.58,1.884
2000-12-20,15.642,0.001,44.15,1.315
2000-12-21,15.494,0.001,50.82,0.723
2000-12-22,15.011,0.0,50.81,0.998
2000-12-23,15.035,0.001,49.36,0.488
2000-12-24,15.195,0.001,50.08,0.62
2000-12-25,15.229,0.001,50.48,0.62
2000-12-26,15.428,0.001,55.01,0.635
2000-12-27,15.422,0.003,58.13,0.901
2000-12-28,15.643,0.001,56.3,1.195
2000-12-29,16.059,0.0,54.39,0.637
2000-12-30,16.759,0.134,52.54,0.9
2000-12-31,14.855,3.354,67.06,0.767
2001-01-01,14.403,0.559,81.75,0.77
2001-01-02,13.51,0.039,75.73,1.102
2001-01-03,12.984,0.0,69.86,1.59
2001-01-04,12.468,0.0,68.85,1.56
2001-01-05,11.82,0.001,65.87,0.588
2001-01-06,12.004,0.0,62.99,1.16
2001-01-07,13.79,0.003,62.65,1.532
2001-01-08,14.054,0.009,62.85,2.053
2001-01-09,12.983,0.002,59.57,1.446
2001-01-10,12.894,0.001,53.39,0.9
2001-01-11,13.344,0.002,51.67,0.676
2001-01-12,15.121,0.199,54.68,1.494
2001-01-13,14.722,0.0,56.62,1.493
2001-01-14,14.431,0.002,52.73,0.395
2001-01-15,15.377,0.004,51.06,1.689
2001-01-16,15.475,0.015,56.0,1.803
2001-01-17,15.413,0.0,54.87,1.373
2001-01-18,15.975,0.0,55.73,1.164
2001-01-19,17.222,0.0,50.33,1.083
2001-01-20,18.696,0.0,50.45,1.561
2001-01-21,20.279,0.001,50.64,0.916
2001-01-22,18.848,0.001,46.86,1.717
2001-01-23,16.055,0.002,37.46,2.785
2001-01-24,13.95,0.0,39.19,2.92
2001-01-25,14.442,0.001,36.64,2.582
2001-01-26,15.609,0.0,36.71,2.163
2001-01-27,16.632,0.001,39.08,1.97
2001-01-28,17.417,0.001,37.43,0.888
2001-01-29,17.958,0.001,37.38,0.772
2001-01-30,19.992,0.001,40.79,1.197
2001-01-31,21.008,0.0,48.33,0.798
2001-02-01,19.578,0.001,52.38,2.061
2001-02-02,15.918,-0.0,36.85,2.271
2001-02-03,15.04,0.0,36.18,1.282
2001-02-04,15.773,0.001,39.16,2.019
2001-02-05,16.361,0.003,45.58,1.974
2001-02-06,16.569,0.002,40.74,1.465
2001-02-07,17.829,0.002,35.63,1.628
2001-02-08,18.189,0.0,36.73,2.589
2001-02-09,18.036,0.002,34.89,2.166
2001-02-10,19.243,0.0,37.16,0.89
2001-02-11,18.473,0.001,40.93,1.005
2001-02-12,18.421,0.0,35.85,1.135
2001-02-13,19.309,0.001,33.23,0.967
2001-02-14,22.546,0.848,33.71,1.415
2001-02-15,20.163,1.08,56.83,0.901
2001-02-16,18.906,0.004,66.07,1.558
2001-02-17,20.333,0.002,56.08,0.792
2001-02-18,21.098,0.001,52.06,1.355
2001-02-19,21.161,0.001,46.24,1.508
2001-02-20,22.285,0.029,40.86,0.346
2001-02-21,22.04,0.001,35.84,2.135
2001-02-22,21.034,0.0,39.63,1.373
2001-02-23,23.058,0.0,34.13,1.597
2001-02-24,24.557,0.001,36.66,1.867
2001-02-25,23.504,0.002,48.2,1.746
2001-02-26,21.426,0.022,43.04,2.273
2001-02-27,21.45,0.002,31.44,2.281
2001-02-28,22.13,0.001,30.69,3.445
2001-03-01,21.366,0.001,26.04,2.732
2001-03-02,20.14,0.001,27.33,2.064
2001-03-03,21.602,0.711,31.61,1.877
2001-03-04,22.575,0.597,43.2,1.368
2001-03-05,21.483,0.005,42.08,1.5
2001-03-06,21.56,0.001,28.26,0.6
2001-03-07,22.695,0.0,26.39,1.385
2001-03-08,23.052,0.0,26.84,1.845
2001-03-09,23.542,0.001,23.0,0.999
2001-03-10,24.335,0.002,22.72,0.232
2001-03-11,24.688,0.001,24.49,0.973
2001-03-12,25.302,0.001,25.06,1.349
2001-03-13,26.253,0.015,24.84,1.141
2001-03-14,26.467,0.28,30.79,0.988
2001-03-15,26.417,0.038,36.75,1.589
2001-03-16,25.971,0.019,37.8,1.694
2001-03-17,25.538,0.0,27.85,1.693
2001-03-18,26.751,0.0,22.4,0.505
2001-03-19,28.703,0.001,22.54,1.044
2001-03-20,29.028,1.432,31.61,1.738
2001-03-21,28.593,0.004,34.22,1.207
2001-03-22,26.344,0.409,44.91,1.717
2001-03-23,26.088,0.088,36.7,1.715
2001-03-24,26.813,0.001,26.28,0.922
2001-03-25,27.24,0.0,26.16,1.13
2001-03-26,27.795,0.001,27.48,0.622
2001-03-27,28.031,0.0,24.48,0.371
2001-03-28,30.472,0.053,21.33,1.367
2001-03-29,29.211,0.003,26.76,1.612
2001-03-30,27.46,0.002,22.96,2.259
2001-03-31,26.19,0.001,29.05,2.384
2001-04-01,26.323,0.0,27.55,1.181
2001-04-02,26.659,0.001,24.85,1.07
2001-04-03,27.957,0.0,21.88,1.254
2001-04-04,29.471,0.001,18.25,1.596
2001-04-05,29.64,0.376,26.03,0.437
2001-04-06,28.894,0.001,22.36,2.439
2001-04-07,29.314,0.0,25.76,1.423
2001-04-08,30.386,0.001,20.55,1.374
2001-04-09,30.896,0.0,13.66,2.591
2001-04-10,31.274,0.001,13.57,2.364
2001-04-11,31.829,0.007,16.53,2.897
2001-04-12,31.502,0.417,23.61,1.674
2001-04-13,29.16,0.998,35.76,2.25
2001-04-14,28.758,1.593,41.46,0.754
2001-04-15,27.37,2.448,49.54,0.437
2001-04-16,28.716,0.16,39.55,0.629
2001-04-17,25.004,9.7,66.64,1.301
2001-04-18,26.578,0.357,54.07,0.546
2001-04-19,27.934,0.15,44.68,0.573
2001-04-20,27.444,0.0,39.28,2.744
2001-04-21,27.028,0.0,34.32,2.704
2001-04-22,29.282,0.001,24.09,2.051
2001-04-23,31.45,0.001,20.21,1.198
2001-04-24,32.307,0.001,20.37,0.697
2001-04-25,33.449,0.0,18.51,0.3
2001-04-26,34.075,0.0,18.68,1.169
2001-04-27,34.246,0.0,18.12,1.912
2001-04-28,34.608,0.0,16.88,2.661
2001-04-29,34.75,0.002,16.1,2.307
2001-04-30,34.377,0.026,19.13,0.345
2001-05-01,35.183,0.001,21.85,1.237
2001-05-02,35.061,0.04,25.17,1.156
2001-05-03,34.6,0.646,25.18,0.777
2001-05-04,33.275,0.203,32.27,1.302
2001-05-05,34.243,0.001,28.57,0.907
2001-05-06,35.746,0.103,26.82,1.232
2001-05-07,35.375,0.461,28.83,0.82
2001-05-08,36.281,0.001,19.02,3.85
2001-05-09,36.621,0.0,18.41,4.714
2001-05-10,37.559,0.0,20.61,4.965
2001-05-11,37.097,0.0,23.99,2.347
2001-05-12,34.972,0.473,35.7,1.664
2001-05-13,35.814,0.155,32.99,1.033
2001-05-14,35.408,0.365,28.16,1.202
2001-05-15,34.899,0.455,30.08,0.457
2001-05-16,33.407,0.911,38.0,0.998
2001-05-17,30.563,3.272,49.52,1.715
2001-05-18,29.599,2.316,56.2,1.307
2001-05-19,30.429,0.52,51.36,2.369
2001-05-20,29.413,2.947,58.86,2.43
2001-05-21,31.393,0.148,48.1,1.55
2001-05-22,32.738,0.112,43.52,1.835
2001-05-23,33.745,0.0,32.66,2.25
2001-05-24,35.864,0.0,24.77,2.565
2001-05-25,36.411,0.033,27.02,3.626
2001-05-26,34.575,2.015,37.78,2.847
2001-05-27,33.37,0.389,42.2,1.85
2001-05-28,33.408,0.425,41.39,2.488
2001-05-29,33.376,0.796,40.75,2.473
2001-05-30,33.46,0.986,41.21,2.485
2001-05-31,33.253,1.435,46.22,3.554
2001-06-01,32.163,3.445,54.83,1.782
2001-06-02,34.04,0.297,43.9,2.136
2001-06-03,33.657,0.827,44.66,2.106
2001-06-04,31.067,4.745,59.99,1.832
2001-06-05,29.734,6.58,67.54,1.827
2001-06-06,31.202,1.347,56.78,1.392
2001-06-07,32.045,0.077,48.21,0.994
2001-06-08,32.613,0.074,47.87,0.437
2001-06-09,32.941,0.24,48.02,1.274
2001-06-10,32.83,0.22,49.12,0.796
2001-06-11,33.572,0.465,46.9,1.173
2001-06-12,33.988,0.603,45.57,1.107
2001-06-13,31.199,10.567,62.07,2.159
2001-06-14,29.05,6.251,70.64,3.179
2001-06-15,27.381,14.765,77.18,0.427
2001-06-16,25.743,16.54,79.94,3.761
2001-06-17,27.119,1.886,75.88,1.929
2001-06-18,26.388,24.191,86.42,1.671
2001-06-19,27.391,8.338,82.5,2.432
2001-06-20,28.712,7.7,72.63,3.612
2001-06-21,29.975,0.824,62.53,3.847
2001-06-22,29.553,2.02,66.92,2.776
2001-06-23,29.09,2.878,72.0,3.025
2001-06-24,27.763,8.902,80.51,1.381
2001-06-25,26.338,19.115,87.01,1.817
2001-06-26,26.723,16.74,83.49,2.413
2001-06-27,25.766,21.47,89.47,2.49
2001-06-28,26.497,26.489,85.89,2.203
2001-06-29,24.958,34.591,94.85,1.447
2001-06-30,26.109,33.793,89.12,0.908
2001-07-01,25.119,34.269,93.14,1.545
2001-07-02,26.999,2.469,76.79,3.455
2001-07-03,27.382,0.073,72.2,3.062
2001-07-04,27.991,1.404,76.05,1.445
2001-07-05,28.178,6.936,80.37,1.151
2001-07-06,27.842,8.907,82.12,1.797
2001-07-07,27.506,5.413,83.75,0.798
2001-07-08,27.129,8.817,86.09,1.249
2001-07-09,27.288,8.052,85.32,1.914
2001-07-10,25.929,23.082,91.99,1.371
2001-07-11,26.319,21.772,84.5,2.897
2001-07-12,25.986,22.353,86.81,2.969
2001-07-13,25.067,24.99,90.21,3.801
2001-07-14,25.868,11.575,85.77,3.655
2001-07-15,26.944,3.182,76.52,4.348
2001-07-16,26.555,1.631,78.3,3.491
2001-07-17,25.904,7.585,85.12,3.027
2001-07-18,25.46,13.856,91.19,2.154
2001-07-19,26.576,10.34,87.82,1.029
2001-07-20,26.018,9.048,91.19,1.564
2001-07-21,25.817,13.342,90.92,1.69
2001-07-22,25.771,37.996,91.69,1.447
2001-07-23,25.562,9.31,91.94,0.166
2001-07-24,26.877,10.362,85.47,1.391
2001-07-25,25.691,16.447,91.84,1.971
2001-07-26,25.221,18.339,93.78,2.533
2001-07-27,25.542,23.185,91.98,2.758
2001-07-28,25.936,23.684,89.99,2.738
2001-07-29,26.151,10.108,86.75,3.368
2001-07-30,26.935,1.634,81.18,2.984
2001-07-31,28.004,0.721,75.58,2.816
2001-08-01,28.089,1.265,78.31,3.156
2001-08-02,28.261,0.745,77.89,2.281
2001-08-03,27.983,1.018,80.34,1.49
2001-08-04,26.736,8.127,87.24,2.236
2001-08-05,27.979,3.625,83.06,1.818
2001-08-06,27.612,10.697,84.2,1.591
2001-08-07,27.274,14.938,85.37,0.99
2001-08-08,27.63,3.199,85.08,0.313
2001-08-09,27.071,17.651,86.91,0.212
2001-08-10,27.203,2.332,84.72,1.56
2001-08-11,28.012,5.06,82.37,1.865
2001-08-12,27.869,4.316,84.48,0.59
2001-08-13,27.289,5.095,85.68,1.001
2001-08-14,26.812,10.227,88.81,1.048
2001-08-15,26.109,24.979,91.44,1.32
2001-08-16,26.149,7.835,89.68,1.16
2001-08-17,25.199,6.533,92.05,2.614
2001-08-18,25.933,3.29,88.0,2.932
2001-08-19,26.344,3.723,82.42,2.776
2001-08-20,27.046,7.916,82.7,1.751
2001-08-21,26.537,9.827,89.1,1.137
2001-08-22,26.562,8.497,89.74,1.147
2001-08-23,27.119,3.659,85.59,1.495
2001-08-24,27.661,1.035,81.24,2.08
2001-08-25,27.787,1.206,79.87,2.386
2001-08-26,28.198,0.456,75.98,3.272
2001-08-27,27.718,0.085,71.36,3.55
2001-08-28,27.472,0.057,69.98,3.737
2001-08-29,27.422,0.047,69.47,3.404
2001-08-30,27.162,0.517,70.39,3.349
2001-08-31,26.789,4.899,77.77,2.303
2001-09-01,25.135,11.133,92.75,1.986
2001-09-02,26.274,9.506,88.3,2.086
2001-09-03,27.636,1.874,80.83,1.966
2001-09-04,27.769,1.27,75.55,2.652
2001-09-05,27.679,0.604,73.84,2.804
2001-09-06,27.616,0.15,71.79,2.573
2001-09-07,27.735,0.032,70.25,1.708
2001-09-08,28.033,0.118,70.16,2.078
2001-09-09,28.677,0.188,67.64,2.652
2001-09-10,28.55,0.095,65.31,2.628
2001-09-11,28.21,0.056,69.55,2.213
2001-09-12,28.37,0.391,70.32,1.643
2001-09-13,27.422,1.017,75.31,1.278
2001-09-14,27.717,0.61,76.3,1.134
2001-09-15,27.362,0.201,74.88,0.906
2001-09-16,28.143,0.003,65.92,1.074
2001-09-17,28.361,0.047,62.68,1.503
2001-09-18,28.303,0.005,58.46,1.627
2001-09-19,28.451,0.0,56.6,1.64
2001-09-20,28.377,0.009,55.78,1.287
2001-09-21,28.598,0.001,53.44,0.395
2001-09-22,28.518,0.001,52.92,0.269
2001-09-23,28.538,0.0,55.02,0.34
2001-09-24,28.546,0.002,57.45,0.651
2001-09-25,28.544,0.009,61.2,0.856
2001-09-26,28.291,0.026,59.61,0.672
2001-09-27,28.368,0.0,53.94,0.06
2001-09-28,28.079,0.001,53.09,1.236
2001-09-29,27.6,7.21,74.1,1.949
2001-09-30,28.185,1.147,71.2,3.655
2001-10-01,25.863,12.726,83.86,2.891
2001-10-02,25.275,19.89,89.38,1.809
2001-10-03,24.164,37.247,93.98,1.573
2001-10-04,23.927,14.653,94.68,0.976
2001-10-05,25.529,0.949,83.55,1.192
2001-10-06,26.011,0.155,77.92,1.98
2001-10-07,26.374,0.267,76.81,1.974
2001-10-08,27.152,1.66,80.09,0.998
2001-10-09,27.055,3.185,80.97,1.107
2001-10-10,27.29,0.438,74.87,1.11
2001-10-11,27.444,0.011,67.85,1.308
2001-10-12,27.5,0.179,67.61,1.352
2001-10-13,26.525,0.87,76.39,1.008
2001-10-14,26.334,0.016,65.98,0.212
2001-10-15,25.901,0.003,64.2,0.379
2001-10-16,24.728,0.001,48.24,0.494
2001-10-17,23.539,0.003,51.81,0.407
2001-10-18,23.57,0.002,51.61,0.597
2001-10-19,23.692,0.0,51.91,1.353
2001-10-20,24.193,0.0,52.23,1.805
2001-10-21,24.187,0.0,54.68,0.567
2001-10-22,24.234,0.0,61.58,0.92
2001-10-23,24.379,0.001,63.39,0.797
2001-10-24,24.017,0.002,58.21,0.421
2001-10-25,24.344,0.001,53.06,0.803
2001-10-26,25.269,0.001,50.55,1.201
2001-10-27,25.008,0.0,56.71,1.76
2001-10-28,24.002,0.001,58.11,1.824
2001-10-29,23.983,0.0,50.99,1.341
2001-10-30,24.197,0.0,60.79,0.753
2001-10-31,24.655,0.001,52.77,0.93
2001-11-01,25.198,0.0,47.68,1.91
2001-11-02,25.387,0.002,46.96,1.135
2001-11-03,25.751,0.0,43.17,1.76
2001-11-04,25.658,0.002,44.77,1.451
2001-11-05,25.715,0.0,50.02,1.328
2001-11-06,25.689,0.019,49.76,1.82
2001-11-07,23.564,0.508,62.48,2.366
2001-11-08,21.808,0.44,68.67,1.636
2001-11-09,20.904,0.002,56.67,1.701
2001-11-10,20.715,0.002,54.23,1.895
2001-11-11,20.301,0.001,50.16,1.585
2001-11-12,20.474,0.002,50.32,1.205
2001-11-13,20.384,0.0,51.34,0.502
2001-11-14,20.168,0.002,52.83,0.818
2001-11-15,20.869,0.0,53.94,1.121
2001-11-16,22.146,0.001,63.3,1.691
2001-11-17,22.081,0.0,59.97,1.425
2001-11-18,21.283,0.001,52.66,0.767
2001-11-19,19.858,0.001,52.55,1.118
2001-11-20,19.739,0.0,54.46,0.724
2001-11-21,19.468,0.002,55.89,0.329
2001-11-22,19.753,0.0,52.22,0.127
2001-11-23,19.79,0.0,49.37,0.622
2001-11-24,18.679,0.001,47.87,0.934
2001-11-25,18.667,0.001,49.1,0.483
2001-11-26,17.73,0.0,52.68,0.712
2001-11-27,18.481,0.003,49.92,0.856
2001-11-28,17.738,-0.0,48.58,0.783
2001-11-29,17.276,0.001,52.14,0.758
2001-11-30,17.281,0.0,49.57,1.768
2001-12-01,17.889,0.0,46.28,1.856
2001-12-02,18.011,0.0,46.31,1.607
2001-12-03,19.252,0.001,45.4,0.576
2001-12-04,18.847,0.002,50.51,0.359
2001-12-05,19.012,0.001,49.51,0.745
2001-12-06,19.524,0.001,49.15,0.834
2001-12-07,18.826,0.001,51.79,0.749
2001-12-08,20.097,0.003,49.04,1.381
2001-12-09,19.829,0.0,55.07,0.538
2001-12-10,19.893,0.001,58.08,1.921
2001-12-11,20.427,0.0,58.39,1.892
2001-12-12,19.992,0.0,64.22,1.142
2001-12-13,18.289,0.001,64.59,1.136
2001-12-14,17.02,0.001,60.79,1.001
2001-12-15,16.641,0.0,62.24,1.205
2001-12-16,16.656,0.001,64.7,0.645
2001-12-17,16.833,0.003,66.7,0.729
2001-12-18,17.277,0.0,66.95,0.593
2001-12-19,16.791,0.001,67.6,1.113
2001-12-20,15.49,0.0,61.0,1.626
2001-12-21,14.825,0.0,56.9,0.869
2001-12-22,14.834,0.001,61.64,1.007
2001-12-23,15.105,0.001,61.65,0.468
2001-12-24,15.211,0.0,61.9,0.604
2001-12-25,15.375,0.002,61.17,1.229
2001-12-26,16.196,0.001,56.96,1.416
2001-12-27,16.732,0.001,59.44,1.559
2001-12-28,16.777,0.001,62.25,1.72
2001-12-29,15.382,0.002,61.16,1.52
2001-12-30,14.171,0.001,60.15,1.401
2001-12-31,14.255,0.001,55.77,0.586
2002-01-01,14.603,0.0,53.81,1.03
2002-01-02,14.19,0.0,58.88,0.811
2002-01-03,14.003,0.001,64.63,1.021
2002-01-04,13.855,0.001,64.6,1.422
2002-01-05,14.483,0.003,63.54,1.555
2002-01-06,15.135,0.0,62.16,1.814
2002-01-07,15.433,0.003,63.08,1.422
2002-01-08,14.964,0.0,61.43,1.257
2002-01-09,14.976,0.002,57.28,0.342
2002-01-10,15.554,0.001,60.11,0.364
2002-01-11,15.825,0.001,51.19,1.913
2002-01-12,17.533,0.004,48.77,1.779
2002-01-13,17.281,0.0,60.15,0.921
2002-01-14,18.917,0.002,56.31,1.075
2002-01-15,21.049,0.004,47.56,1.79
2002-01-16,18.57,0.75,69.34,1.248
2002-01-17,19.376,0.23,68.99,1.029
2002-01-18,17.26,0.198,75.66,1.842
2002-01-19,17.086,4.37,76.37,2.142
2002-01-20,14.841,4.829,89.08,2.1
2002-01-21,15.479,0.084,73.42,2.066
2002-01-22,15.166,0.001,60.88,2.043
2002-01-23,14.443,-0.0,57.06,1.588
2002-01-24,15.031,0.0,52.66,1.432
2002-01-25,15.923,0.001,47.53,0.933
2002-01-26,18.359,0.002,49.82,1.649
2002-01-27,15.97,0.465,65.29,2.103
2002-01-28,13.588,0.002,60.46,1.473
2002-01-29,13.202,0.001,56.73,1.295
2002-01-30,13.83,0.002,53.45,0.666
2002-01-31,14.271,0.001,51.78,0.584
2002-02-01,15.289,0.001,50.59,0.18
2002-02-02,16.258,0.0,48.82,1.013
2002-02-03,16.496,0.001,42.8,1.543
2002-02-04,16.71,0.003,43.62,0.941
2002-02-05,19.446,0.099,45.95,2.277
2002-02-06,20.363,0.003,56.53,0.903
2002-02-07,20.616,0.0,53.75,0.611
2002-02-08,19.981,2.279,75.24,0.875
2002-02-09,17.665,0.422,74.73,2.573
2002-02-10,18.328,0.848,66.14,2.365
2002-02-11,17.124,11.308,85.98,0.41
2002-02-12,15.047,0.001,71.23,1.746
2002-02-13,15.071,0.0,67.26,1.468
2002-02-14,16.185,0.001,60.15,1.213
2002-02-15,17.581,0.0,51.61,0.798
2002-02-16,18.476,0.003,52.36,0.808
2002-02-17,21.081,0.397,51.13,1.344
2002-02-18,21.987,1.027,57.24,1.128
2002-02-19,22.106,0.164,57.63,0.66
2002-02-20,22.789,0.002,51.25,0.415
2002-02-21,22.33,0.002,47.93,1.422
2002-02-22,24.47,0.002,38.2,2.174
2002-02-23,25.229,0.158,38.54,1.056
2002-02-24,24.119,0.113,42.12,0.443
2002-02-25,21.017,0.024,51.66,2.648
2002-02-26,20.75,0.002,36.32,1.61
2002-02-27,22.309,0.002,35.91,0.372
2002-02-28,23.073,0.0,40.23,0.985
2002-03-01,25.121,0.0,37.91,2.16
2002-03-02,26.37,0.012,33.78,2.003
2002-03-03,20.506,0.002,42.76,2.924
2002-03-04,20.216,0.002,33.9,2.002
2002-03-05,21.323,0.001,32.21,0.922
2002-03-06,22.19,0.001,32.28,0.994
2002-03-07,23.388,0.002,28.06,2.28
2002-03-08,24.832,0.001,30.28,3.185
2002-03-09,26.396,0.004,37.46,0.597
2002-03-10,27.042,0.0,37.18,1.205
2002-03-11,24.673,0.001,33.76,2.636
2002-03-12,24.459,0.001,31.7,1.705
2002-03-13,26.107,0.017,37.29,0.974
2002-03-14,25.612,0.427,42.38,2.152
2002-03-15,24.416,0.219,48.27,2.109
2002-03-16,25.233,0.001,30.59,0.955
2002-03-17,26.257,0.001,25.08,0.193
2002-03-18,27.306,0.0,24.13,0.807
2002-03-19,27.615,0.001,26.89,0.626
2002-03-20,28.155,0.0,27.11,0.763
2002-03-21,28.428,0.033,24.65,0.89
2002-03-22,27.518,0.049,27.99,0.214
2002-03-23,28.597,0.001,26.8,0.559
2002-03-24,28.916,0.001,27.14,1.206
2002-03-25,29.196,0.0,22.6,2.393
2002-03-26,28.816,0.0,23.1,0.521
2002-03-27,28.149,0.578,30.37,1.828
2002-03-28,27.818,0.024,27.02,1.533
2002-03-29,27.408,0.001,20.23,1.237
2002-03-30,28.389,0.0,18.42,1.259
2002-03-31,29.611,0.0,16.64,0.549
2002-04-01,30.328,0.001,20.92,1.098
2002-04-02,30.563,0.002,22.88,0.728
2002-04-03,28.457,0.0,25.25,1.695
2002-04-04,28.338,0.002,20.13,0.778
2002-04-05,30.544,0.002,19.18,0.887
2002-04-06,32.541,0.0,18.38,1.52
2002-04-07,32.797,0.122,21.0,0.744
2002-04-08,29.167,0.697,36.63,1.506
2002-04-09,28.806,0.073,30.71,1.788
2002-04-10,28.964,0.113,24.99,1.73
2002-04-11,30.062,0.0,19.57,1.064
2002-04-12,30.905,0.0,18.34,0.808
2002-04-13,31.286,0.0,20.43,0.8
2002-04-14,32.22,0.003,21.79,0.53
2002-04-15,32.96,0.0,21.71,1.903
2002-04-16,32.948,0.0,22.47,2.663
2002-04-17,32.972,0.001,20.57,2.649
2002-04-18,33.25,0.0,22.43,1.92
2002-04-19,33.945,0.001,20.02,0.816
2002-04-20,34.003,0.1,19.61,1.105
2002-04-21,33.828,0.0,17.12,2.855
2002-04-22,33.632,0.002,15.93,2.73
2002-04-23,33.991,0.0,21.4,0.807
2002-04-24,34.302,0.002,24.92,0.885
2002-04-25,34.625,0.0,13.84,3.616
2002-04-26,31.195,0.001,21.46,2.93
2002-04-27,32.546,0.002,15.12,2.065
2002-04-28,35.481,0.001,10.6,3.981
2002-04-29,32.778,0.001,18.79,2.909
2002-04-30,33.235,0.001,17.58,0.563
2002-05-01,35.222,0.002,14.99,1.916
2002-05-02,33.787,0.583,26.06,1.62
2002-05-03,34.81,0.02,23.36,1.202
2002-05-04,34.817,0.001,21.39,0.721
2002-05-05,35.553,0.0,19.07,0.663
2002-05-06,35.706,0.035,23.16,0.942
2002-05-07,34.871,0.001,26.0,0.518
2002-05-08,35.626,0.001,16.17,3.168
2002-05-09,36.724,0.001,15.09,4.007
2002-05-10,37.152,0.0,17.35,4.562
2002-05-11,37.052,0.0,17.85,4.466
2002-05-12,37.03,0.001,21.95,3.191
2002-05-13,37.11,0.007,26.92,2.188
2002-05-14,37.451,0.053,28.0,1.978
2002-05-15,36.621,0.003,33.88,1.44
2002-05-16,36.401,0.001,36.39,1.638
2002-05-17,36.613,0.002,29.26,1.251
2002-05-18,38.187,-0.0,15.57,3.938
2002-05-19,37.981,0.0,19.01,5.944
2002-05-20,36.349,0.0,24.19,4.798
2002-05-21,36.264,0.001,18.44,4.78
2002-05-22,37.34,0.001,17.66,4.108
2002-05-23,37.665,0.004,18.7,3.281
2002-05-24,37.108,0.128,22.17,2.858
2002-05-25,35.658,0.32,28.65,0.942
2002-05-26,33.541,0.777,36.63,0.697
2002-05-27,34.36,0.173,30.62,2.319
2002-05-28,32.935,0.425,43.59,0.954
2002-05-29,30.208,4.37,59.04,0.836
2002-05-30,30.676,0.424,54.89,0.268
2002-05-31,32.006,0.48,48.03,0.159
2002-06-01,32.983,0.478,40.13,0.879
2002-06-02,33.87,0.933,35.26,0.989
2002-06-03,34.567,0.022,30.58,1.753
2002-06-04,34.938,0.02,31.59,1.001
2002-06-05,35.535,0.028,31.81,2.584
2002-06-06,35.965,0.463,35.07,2.908
2002-06-07,35.981,0.439,35.45,3.447
2002-06-08,35.981,0.198,35.42,2.592
2002-06-09,35.598,0.767,37.01,1.161
2002-06-10,34.676,1.536,44.37,1.682
2002-06-11,35.127,0.015,43.58,1.634
2002-06-12,35.832,0.083,37.99,1.603
2002-06-13,36.724,0.001,29.12,1.151
2002-06-14,36.531,0.318,33.83,4.079
2002-06-15,34.981,1.509,42.43,2.728
2002-06-16,33.764,1.285,48.52,0.828
2002-06-17,34.085,2.043,48.46,2.14
2002-06-18,32.9,4.5,55.44,2.891
2002-06-19,33.065,5.498,53.95,2.92
2002-06-20,31.945,1.469,59.31,2.747
2002-06-21,32.343,1.723,57.18,3.461
2002-06-22,31.972,1.545,60.8,3.044
2002-06-23,30.636,12.511,69.44,0.386
2002-06-24,29.469,5.782,70.59,3.877
2002-06-25,30.153,2.537,66.86,3.907
2002-06-26,29.001,1.217,63.26,2.675
2002-06-27,28.426,2.093,69.49,2.328
2002-06-28,28.693,4.829,73.06,3.433
2002-06-29,29.631,0.625,66.09,3.694
2002-06-30,28.535,10.078,77.12,3.449
2002-07-01,28.651,7.426,75.22,4.125
2002-07-02,30.288,2.798,64.99,4.102
2002-07-03,30.824,0.104,58.6,4.394
2002-07-04,30.718,0.744,59.34,4.225
2002-07-05,31.091,0.217,54.95,4.688
2002-07-06,32.115,0.043,50.62,4.582
2002-07-07,32.287,0.087,49.22,4.986
2002-07-08,32.969,0.097,46.8,4.913
2002-07-09,33.718,0.012,42.54,4.673
2002-07-10,33.855,0.001,38.48,4.662
2002-07-11,33.839,0.007,38.7,4.387
2002-07-12,34.311,0.416,39.98,3.664
2002-07-13,33.829,0.855,42.98,3.871
2002-07-14,33.18,0.924,46.47,3.934
2002-07-15,31.806,0.684,50.47,3.24
2002-07-16,32.326,1.755,50.92,2.799
2002-07-17,31.868,5.682,56.26,1.876
2002-07-18,29.079,8.193,76.75,1.193
2002-07-19,29.381,27.777,77.46,1.266
2002-07-20,26.668,21.181,86.07,4.009
2002-07-21,26.193,11.59,81.22,4.877
2002-07-22,29.132,0.049,62.06,4.948
2002-07-23,30.059,0.296,60.3,5.195
2002-07-24,30.343,0.068,56.63,5.085
2002-07-25,30.583,0.185,56.65,4.539
2002-07-26,30.733,0.023,54.35,4.381
2002-07-27,31.396,0.017,52.78,3.819
2002-07-28,32.013,0.008,51.43,3.731
2002-07-29,32.423,0.198,50.43,3.133
2002-07-30,32.087,0.949,52.57,2.212
2002-07-31,30.595,8.221,63.64,0.698
2002-08-01,28.753,9.212,78.99,0.285
2002-08-02,28.963,5.716,78.35,0.497
2002-08-03,27.876,8.686,83.02,0.577
2002-08-04,26.983,18.896,86.72,0.491
2002-08-05,27.334,7.873,82.98,1.507
2002-08-06,27.257,10.506,84.13,0.878
2002-08-07,27.26,10.464,84.72,0.691
2002-08-08,27.033,8.149,85.67,1.102
2002-08-09,27.62,3.264,83.4,1.842
2002-08-10,27.291,5.604,82.27,2.85
2002-08-11,26.098,8.399,86.59,3.009
2002-08-12,25.61,9.066,87.24,3.413
2002-08-13,25.818,8.788,85.47,3.404
2002-08-14,24.703,39.291,94.95,3.553
2002-08-15,25.065,23.822,93.76,2.104
2002-08-16,26.13,16.076,90.05,1.811
2002-08-17,25.188,47.882,94.32,2.523
2002-08-18,25.324,45.148,93.17,2.415
2002-08-19,25.186,16.65,94.73,1.58
2002-08-20,25.282,17.329,93.65,0.91
2002-08-21,26.098,9.563,88.81,0.688
2002-08-22,25.1,13.308,92.28,1.366
2002-08-23,26.28,10.781,86.85,2.928
2002-08-24,26.288,10.806,84.79,3.666
2002-08-25,26.808,0.391,73.8,3.821
2002-08-26,27.697,0.035,71.11,3.025
2002-08-27,27.799,0.285,71.69,3.269
2002-08-28,26.931,5.98,79.25,2.654
2002-08-29,25.678,5.438,89.45,1.46
2002-08-30,27.004,2.952,83.67,2.086
2002-08-31,26.675,5.112,85.72,2.139
2002-09-01,27.052,1.487,83.33,2.091
2002-09-02,26.881,4.326,82.93,2.047
2002-09-03,26.535,7.762,85.13,1.579
2002-09-04,25.695,12.059,87.99,1.275
2002-09-05,25.197,16.151,89.76,1.698
2002-09-06,24.522,31.802,94.14,0.895
2002-09-07,24.288,17.68,94.26,1.17
2002-09-08,24.189,10.486,91.29,1.508
2002-09-09,25.923,0.721,83.07,1.273
2002-09-10,25.258,5.193,86.39,1.802
2002-09-11,24.059,14.566,94.62,2.443
2002-09-12,24.12,9.572,94.1,1.227
2002-09-13,26.736,0.841,76.49,2.458
2002-09-14,27.226,0.133,73.71,2.28
2002-09-15,26.814,0.001,66.07,2.865
2002-09-16,26.782,0.0,66.72,3.471
2002-09-17,26.488,0.065,67.86,2.914
2002-09-18,26.445,0.0,70.15,1.71
2002-09-19,27.053,0.166,70.67,1.137
2002-09-20,27.003,0.204,70.44,1.622
2002-09-21,27.178,0.005,66.74,0.912
2002-09-22,26.416,0.006,72.12,0.676
2002-09-23,26.475,1.007,79.76,0.789
2002-09-24,26.044,1.175,83.3,1.299
2002-09-25,26.628,0.274,74.99,1.633
2002-09-26,26.618,0.026,70.02,1.695
2002-09-27,26.187,0.0,63.96,1.12
2002-09-28,26.028,0.001,64.58,0.703
2002-09-29,25.985,0.002,65.73,0.264
2002-09-30,26.448,0.0,62.39,0.498
2002-10-01,26.978,0.001,58.82,0.234
2002-10-02,27.062,0.002,56.62,0.28
2002-10-03,27.268,0.001,54.0,0.969
2002-10-04,27.272,0.001,54.31,1.231
2002-10-05,27.254,0.001,52.98,1.547
2002-10-06,26.537,0.001,54.27,1.439
2002-10-07,26.171,0.003,58.24,1.224
2002-10-08,26.455,0.003,64.77,1.854
2002-10-09,26.194,0.013,65.74,1.682
2002-10-10,26.094,0.057,68.66,1.713
2002-10-11,26.29,0.004,60.23,1.257
2002-10-12,26.513,0.002,55.03,1.764
2002-10-13,26.398,0.01,60.19,2.125
2002-10-14,25.815,0.058,65.72,2.1
2002-10-15,26.11,0.234,70.18,2.22
2002-10-16,25.825,22.548,77.05,1.245
2002-10-17,20.533,37.988,85.93,1.741
2002-10-18,22.613,0.001,75.47,0.94
2002-10-19,24.54,0.003,66.98,1.403
2002-10-20,25.083,0.0,63.11,1.405
2002-10-21,25.702,0.0,60.09,2.333
2002-10-22,25.055,0.055,60.29,0.586
2002-10-23,25.133,0.001,62.1,0.266
2002-10-24,24.32,0.001,58.8,0.365
2002-10-25,23.225,0.001,55.53,0.471
2002-10-26,21.955,0.001,56.34,0.577
2002-10-27,22.269,0.0,53.63,1.422
2002-10-28,22.824,0.0,49.77,2.176
2002-10-29,23.273,0.0,48.2,2.184
2002-10-30,23.578,0.001,46.96,2.197
2002-10-31,24.042,0.0,48.2,2.168
2002-11-01,23.955,0.0,55.95,0.304
2002-11-02,24.092,0.095,52.0,0.41
2002-11-03,23.512,0.003,51.94,0.898
2002-11-04,23.297,0.001,52.38,1.038
2002-11-05,22.918,0.001,52.98,1.211
2002-11-06,22.602,0.0,53.87,1.943
2002-11-07,22.001,0.015,58.87,1.73
2002-11-08,21.983,0.0,59.68,1.344
2002-11-09,22.013,0.002,60.63,1.447
2002-11-10,22.263,0.005,60.13,1.498
2002-11-11,22.785,5.101,64.67,1.386
2002-11-12,18.164,7.672,82.95,1.156
2002-11-13,19.315,0.002,67.04,0.875
2002-11-14,20.655,0.002,61.89,1.228
2002-11-15,21.12,0.002,62.18,0.261
2002-11-16,20.814,0.0,58.58,0.902
2002-11-17,20.069,0.003,56.7,0.852
2002-11-18,19.898,0.0,56.93,1.199
2002-11-19,20.538,0.0,53.1,1.666
2002-11-20,21.507,0.0,49.96,1.769
2002-11-21,21.076,0.002,52.83,1.386
2002-11-22,20.093,0.0,56.81,0.895
2002-11-23,19.669,0.0,57.09,0.48
2002-11-24,20.096,0.001,50.94,0.731
2002-11-25,20.699,0.002,47.67,0.61
2002-11-26,20.135,0.0,50.81,0.494
2002-11-27,19.347,0.003,51.51,0.226
2002-11-28,19.101,0.001,52.01,0.384
2002-11-29,19.569,0.002,50.23,0.578
2002-11-30,19.302,0.001,53.93,0.987
2002-12-01,17.909,0.003,49.87,1.221
2002-12-02,17.256,0.0,50.76,0.217
2002-12-03,17.071,0.0,52.43,1.116
2002-12-04,18.419,0.0,53.36,1.694
2002-12-05,19.008,0.003,57.79,1.86
2002-12-06,19.047,0.0,60.22,1.784
2002-12-07,19.696,0.005,57.18,1.057
2002-12-08,20.719,0.001,56.02,0.852
2002-12-09,20.187,0.001,61.37,1.333
2002-12-10,19.033,0.001,60.97,0.687
2002-12-11,19.278,0.0,59.86,1.801
2002-12-12,19.322,0.002,59.36,1.457
2002-12-13,19.041,0.0,58.22,0.606
2002-12-14,18.446,0.001,59.32,1.073
2002-12-15,19.505,0.0,51.42,0.65
2002-12-16,19.051,0.003,56.42,0.307
2002-12-17,20.106,0.001,59.6,0.859
2002-12-18,20.532,0.001,62.7,0.335
2002-12-19,20.935,0.0,55.78,0.906
2002-12-20,20.379,0.0,54.22,0.847
2002-12-21,20.567,0.002,55.6,0.516
2002-12-22,19.761,0.002,57.75,1.299
2002-12-23,19.37,0.846,57.6,1.98
2002-12-24,17.872,5.456,76.06,1.767
2002-12-25,17.037,0.007,80.21,1.269
2002-12-26,17.317,0.001,71.45,0.705
2002-12-27,16.46,0.001,68.45,1.547
2002-12-28,15.012,0.003,58.99,1.234
2002-12-29,14.922,0.003,57.66,0.702
2002-12-30,16.467,1.361,58.65,2.174
2002-12-31,14.829,6.234,75.9,1.19
2003-01-01,12.927,0.111,72.84,1.271
2003-01-02,12.763,0.03,72.28,1.606
2003-01-03,14.182,0.001,72.51,1.577
2003-01-04,12.779,-0.0,71.76,1.782
2003-01-05,11.98,0.0,69.99,0.125
2003-01-06,12.434,0.0,70.8,0.967
2003-01-07,13.283,0.002,76.26,1.177
2003-01-08,11.835,0.002,72.91,0.959
2003-01-09,11.589,0.001,70.62,1.653
2003-01-10,11.772,0.001,72.34,1.304
2003-01-11,12.809,0.001,66.1,0.815
2003-01-12,13.865,0.003,66.68,1.219
2003-01-13,12.722,-0.0,63.7,1.3
2003-01-14,12.983,0.001,58.86,0.554
2003-01-15,12.863,0.001,61.02,0.95
2003-01-16,12.461,0.0,65.53,0.741
2003-01-17,12.106,0.001,68.34,1.123
2003-01-18,12.3,0.001,69.64,1.211
2003-01-19,11.861,0.006,72.81,0.772
2003-01-20,12.859,0.007,69.15,0.497
2003-01-21,14.349,0.001,57.9,0.415
2003-01-22,15.92,0.002,55.87,0.321
2003-01-23,16.865,0.001,51.99,0.539
2003-01-24,17.545,0.001,53.97,0.648
2003-01-25,18.034,0.0,61.56,1.282
2003-01-26,18.442,0.001,55.81,0.191
2003-01-27,19.998,0.001,51.97,0.763
2003-01-28,18.965,6.183,70.07,1.222
2003-01-29,16.68,0.023,78.29,1.51
2003-01-30,17.127,0.001,64.05,0.918
2003-01-31,19.792,3.457,61.09,0.831
2003-02-01,18.231,11.651,81.12,1.131
2003-02-02,18.124,4.629,84.06,2.283
2003-02-03,17.999,0.906,81.75,1.799
2003-02-04,16.825,1.11,84.86,1.694
2003-02-05,15.975,0.188,75.22,0.594
2003-02-06,16.337,0.001,68.97,0.813
2003-02-07,19.227,0.068,66.64,1.34
2003-02-08,19.926,0.297,70.88,2.139
2003-02-09,18.815,0.6,76.3,2.34
2003-02-10,18.905,0.627,75.63,2.034
2003-02-11,18.562,0.165,74.48,1.98
2003-02-12,17.041,0.001,61.92,1.719
2003-02-13,17.144,0.001,55.85,1.048
2003-02-14,18.616,0.001,50.4,0.232
2003-02-15,19.569,0.001,45.16,1.432
2003-02-16,21.335,0.005,40.45,2.289
2003-02-17,19.085,15.458,68.18,2.139
2003-02-18,22.308,0.83,67.39,2.708
2003-02-19,20.492,2.317,62.53,2.113
2003-02-20,18.105,0.016,62.5,1.369
2003-02-21,17.824,0.001,54.28,1.508
2003-02-22,19.096,0.001,54.17,0.448
2003-02-23,20.345,0.003,54.85,1.334
2003-02-24,21.587,0.002,56.07,1.196
2003-02-25,22.4,0.001,52.78,0.176
2003-02-26,23.029,0.002,51.16,0.882
2003-02-27,24.637,0.022,46.97,1.159
2003-02-28,25.572,0.011,47.23,1.042
2003-03-01,25.825,0.003,48.97,1.139
2003-03-02,26.518,0.0,38.34,1.322
2003-03-03,23.829,0.001,31.13,3.438
2003-03-04,17.158,0.0,20.61,3.279
2003-03-05,17.013,0.002,30.16,2.582
2003-03-06,18.777,0.0,32.17,1.339
2003-03-07,20.423,0.001,29.66,1.909
2003-03-08,21.124,0.001,31.28,0.784
2003-03-09,22.439,0.0,29.35,1.7
2003-03-10,24.233,0.0,32.58,1.718
2003-03-11,24.06,0.0,36.76,1.261
2003-03-12,23.991,0.023,37.17,1.261
2003-03-13,23.428,0.001,39.26,1.274
2003-03-14,23.912,0.0,42.22,1.415
2003-03-15,24.945,0.001,37.97,1.001
2003-03-16,25.961,1.146,39.82,1.997
2003-03-17,25.247,1.46,48.94,0.945
2003-03-18,26.267,0.389,37.19,1.086
2003-03-19,24.393,1.327,50.19,0.704
2003-03-20,24.865,-0.0,32.41,1.87
2003-03-21,26.016,0.002,29.77,0.55
2003-03-22,27.164,0.0,32.78,1.433
2003-03-23,28.234,0.0,32.58,1.727
2003-03-24,28.974,0.055,29.75,2.169
2003-03-25,27.639,1.762,38.69,1.996
2003-03-26,27.971,0.02,34.98,1.391
2003-03-27,27.734,0.013,37.8,1.403
2003-03-28,28.577,0.01,35.2,1.307
2003-03-29,29.492,0.134,31.7,1.339
2003-03-30,29.62,0.001,30.24,1.711
2003-03-31,28.119,0.001,35.88,2.643
2003-04-01,28.99,0.003,29.68,2.467
2003-04-02,29.786,0.0,29.08,0.366
2003-04-03,30.501,1.066,29.59,1.794
2003-04-04,30.112,0.429,32.87,0.569
2003-04-05,28.056,0.368,41.78,2.228
2003-04-06,28.743,1.094,37.67,0.945
2003-04-07,29.545,0.002,26.47,1.067
2003-04-08,29.469,0.002,22.24,0.674
2003-04-09,30.009,0.0,19.63,0.339
2003-04-10,30.709,0.003,19.15,1.187
2003-04-11,31.869,0.003,18.12,2.091
2003-04-12,32.86,0.003,18.22,1.949
2003-04-13,32.193,0.032,23.13,1.95
2003-04-14,32.389,0.136,21.93,0.696
2003-04-15,32.19,0.0,21.74,2.812
2003-04-16,32.84,0.03,25.27,1.66
2003-04-17,32.25,0.002,28.14,1.285
2003-04-18,33.499,0.002,26.56,1.036
2003-04-19,33.731,0.298,21.43,1.754
2003-04-20,31.89,0.001,22.59,2.04
2003-04-21,32.406,0.0,24.74,1.445
2003-04-22,32.68,0.002,21.43,1.755
2003-04-23,32.574,0.001,17.89,0.748
2003-04-24,33.325,0.001,19.16,0.413
2003-04-25,34.303,0.0,20.47,0.93
2003-04-26,35.178,0.094,17.62,2.558
2003-04-27,33.391,1.183,24.75,2.164
2003-04-28,32.382,0.004,23.99,0.83
2003-04-29,31.701,0.6,27.6,0.146
2003-04-30,31.602,0.008,31.56,1.414
2003-05-01,32.422,0.001,29.22,1.047
2003-05-02,35.113,0.001,16.83,3.43
2003-05-03,34.095,0.0,15.39,4.273
2003-05-04,30.409,0.001,8.86,0.836
2003-05-05,31.158,0.0,13.74,0.184
2003-05-06,31.761,0.0,15.02,2.218
2003-05-07,31.737,0.001,13.09,2.56
2003-05-08,31.575,0.0,15.54,2.068
2003-05-09,31.539,0.001,14.29,1.399
2003-05-10,31.813,0.001,15.34,0.198
2003-05-11,33.221,0.001,17.38,0.639
2003-05-12,34.707,0.001,20.64,0.587
2003-05-13,34.315,0.003,27.27,2.501
2003-05-14,34.279,0.009,29.67,1.816
2003-05-15,34.069,0.001,24.58,1.956
2003-05-16,34.461,0.001,17.39,1.542
2003-05-17,35.592,0.002,17.76,2.474
2003-05-18,35.886,0.238,20.32,3.081
2003-05-19,36.284,0.142,20.23,2.319
2003-05-20,36.049,0.017,21.78,2.466
2003-05-21,37.076,0.055,20.43,3.28
2003-05-22,35.376,0.03,23.88,2.073
2003-05-23,34.449,0.002,30.34,1.024
2003-05-24,34.113,1.528,37.92,0.744
2003-05-25,34.847,0.008,30.79,1.257
2003-05-26,34.738,-0.0,24.04,3.384
2003-05-27,34.997,0.002,21.88,3.877
2003-05-28,35.297,0.003,19.98,2.977
2003-05-29,35.527,0.002,15.35,3.219
2003-05-30,35.466,0.0,15.97,2.616
2003-05-31,35.888,0.001,18.13,2.612
2003-06-01,36.095,0.001,17.93,1.991
2003-06-02,36.97,0.0,17.59,1.052
2003-06-03,38.015,0.0,16.85,2.039
2003-06-04,38.546,0.0,18.21,3.159
2003-06-05,38.448,0.054,21.61,4.379
2003-06-06,37.829,0.019,26.35,4.839
2003-06-07,37.086,0.428,29.71,4.131
2003-06-08,36.808,0.058,31.49,3.368
2003-06-09,36.915,0.001,29.58,4.107
2003-06-10,37.91,0.001,25.19,4.688
2003-06-11,37.609,0.0,23.71,4.277
2003-06-12,37.094,0.255,29.61,3.052
2003-06-13,36.665,0.058,30.47,3.068
2003-06-14,35.802,0.583,36.81,2.844
2003-06-15,35.818,0.003,35.11,2.347
2003-06-16,36.409,0.134,34.28,2.364
2003-06-17,34.285,3.382,45.65,1.751
2003-06-18,32.237,6.381,56.0,0.938
2003-06-19,31.517,2.333,59.6,0.779
2003-06-20,31.685,2.336,56.7,1.873
2003-06-21,30.897,4.32,61.42,1.676
2003-06-22,29.966,9.437,71.81,0.642
2003-06-23,28.703,7.54,79.21,0.659
2003-06-24,28.454,10.213,78.86,1.246
2003-06-25,26.86,10.05,84.72,2.436
2003-06-26,28.22,11.884,77.19,3.21
2003-06-27,27.547,14.707,81.07,2.963
2003-06-28,30.218,1.59,67.11,3.726
2003-06-29,29.508,2.598,70.86,3.909
2003-06-30,29.614,4.275,70.86,3.152
2003-07-01,28.706,12.737,76.97,1.298
2003-07-02,28.079,9.149,81.63,0.887
2003-07-03,28.054,14.471,82.2,0.622
2003-07-04,28.091,11.396,82.11,0.832
2003-07-05,28.254,6.87,79.79,1.597
2003-07-06,28.831,4.598,77.63,1.073
2003-07-07,28.708,10.854,77.89,1.668
2003-07-08,28.947,5.892,73.86,2.902
2003-07-09,28.347,7.386,78.43,1.845
2003-07-10,27.329,9.311,83.45,1.623
2003-07-11,27.215,7.356,82.28,2.725
2003-07-12,27.799,7.973,79.78,2.394
2003-07-13,28.006,4.854,79.78,2.06
2003-07-14,28.079,26.164,81.5,1.028
2003-07-15,26.985,11.414,85.94,1.185
2003-07-16,27.944,7.973,82.19,2.058
2003-07-17,28.322,5.976,80.47,1.53
2003-07-18,28.687,4.419,81.28,0.607
2003-07-19,28.009,12.137,83.34,1.515
2003-07-20,26.834,21.897,87.98,1.627
2003-07-21,26.444,14.612,88.54,1.911
2003-07-22,25.855,77.409,92.31,1.938
2003-07-23,25.632,35.811,91.64,1.279
2003-07-24,27.458,3.998,82.63,1.723
2003-07-25,27.934,8.168,80.38,2.376
2003-07-26,26.463,42.383,90.7,2.147
2003-07-27,27.862,3.813,78.43,5.535
2003-07-28,27.52,0.588,76.33,3.827
2003-07-29,28.246,0.365,73.63,3.427
2003-07-30,28.277,0.948,72.41,4.632
2003-07-31,26.307,10.599,80.4,3.743
2003-08-01,26.4,8.054,83.49,2.676
2003-08-02,26.508,3.762,82.77,3.199
2003-08-03,25.854,2.879,86.43,2.179
2003-08-04,27.065,5.123,83.97,1.024
2003-08-05,27.506,11.418,83.29,0.605
2003-08-06,27.722,2.345,82.61,0.332
2003-08-07,28.835,6.704,82.32,0.22
2003-08-08,28.725,9.4,81.87,0.305
2003-08-09,27.504,14.854,85.56,1.041
2003-08-10,26.715,14.889,87.78,1.954
2003-08-11,25.434,13.95,93.05,2.375
2003-08-12,25.554,10.382,90.35,2.858
2003-08-13,25.623,34.176,91.98,2.864
2003-08-14,25.561,10.751,89.08,3.817
2003-08-15,25.847,5.413,87.09,3.458
2003-08-16,26.722,1.768,81.92,3.35
2003-08-17,26.197,4.006,86.9,3.275
2003-08-18,25.044,18.762,90.88,3.083
2003-08-19,26.5,1.072,80.51,2.302
2003-08-20,27.299,1.238,80.66,1.978
2003-08-21,27.753,0.84,82.77,1.396
2003-08-22,28.065,4.771,82.87,2.045
2003-08-23,26.635,10.56,86.8,3.875
2003-08-24,27.16,2.051,77.69,3.852
2003-08-25,26.128,0.373,77.26,2.899
2003-08-26,26.013,1.092,80.92,2.452
2003-08-27,26.424,9.631,84.02,2.019
2003-08-28,26.879,3.963,83.25,1.587
2003-08-29,26.062,13.824,90.0,1.267
2003-08-30,25.511,15.207,92.19,1.17
2003-08-31,25.554,9.021,90.3,2.532
2003-09-01,25.365,11.027,89.34,3.026
2003-09-02,24.844,23.684,91.65,3.059
2003-09-03,25.206,12.086,92.28,2.388
2003-09-04,25.699,16.471,89.02,2.443
2003-09-05,24.697,26.294,93.71,1.924
2003-09-06,24.007,33.641,97.91,1.431
2003-09-07,25.043,17.367,91.17,1.775
2003-09-08,24.466,33.164,95.41,3.189
2003-09-09,24.132,55.48,96.37,3.138
2003-09-10,24.498,38.16,93.61,2.198
2003-09-11,26.046,2.666,85.31,2.697
2003-09-12,25.301,2.036,84.21,2.998
2003-09-13,25.591,9.351,86.19,2.042
2003-09-14,24.488,17.318,95.55,1.068
2003-09-15,24.616,26.361,95.37,0.803
2003-09-16,24.092,11.573,95.33,1.756
2003-09-17,25.731,5.193,86.15,2.035
2003-09-18,25.348,7.396,89.58,1.361
2003-09-19,25.234,9.912,90.38,0.874
2003-09-20,26.3,6.749,87.34,0.31
2003-09-21,26.395,14.958,87.84,0.266
2003-09-22,25.706,8.807,88.83,0.267
2003-09-23,26.118,3.323,86.69,0.559
2003-09-24,25.613,10.792,88.44,0.926
2003-09-25,25.465,9.741,90.16,1.264
2003-09-26,25.88,4.243,88.66,1.313
2003-09-27,25.592,6.57,89.78,0.611
2003-09-28,25.1,18.922,91.21,0.811
2003-09-29,24.315,20.394,92.46,0.331
2003-09-30,24.474,3.103,90.01,0.715
2003-10-01,25.04,0.098,75.53,1.388
2003-10-02,25.962,0.022,70.0,0.927
2003-10-03,24.891,0.002,61.92,0.479
2003-10-04,23.81,0.001,65.77,0.829
2003-10-05,24.072,0.001,68.26,1.502
2003-10-06,25.704,0.277,77.12,2.976
2003-10-07,25.856,0.185,76.35,3.931
2003-10-08,25.003,0.822,79.48,3.751
2003-10-09,24.986,0.122,76.76,1.109
2003-10-10,26.393,0.002,61.08,2.648
2003-10-11,25.105,0.001,65.74,2.017
2003-10-12,24.834,0.0,63.57,1.77
2003-10-13,24.032,0.0,53.78,1.127
2003-10-14,23.129,0.0,53.21,2.061
2003-10-15,23.965,0.001,54.28,0.612
2003-10-16,23.225,0.003,61.11,0.808
2003-10-17,23.964,0.001,68.55,1.115
2003-10-18,25.422,0.012,68.79,0.753
2003-10-19,25.375,0.019,65.98,1.019
2003-10-20,23.666,0.0,54.49,1.215
2003-10-21,23.363,0.003,50.73,0.149
2003-10-22,23.061,0.001,54.34,0.596
2003-10-23,22.573,0.0,58.43,0.724
2003-10-24,22.895,0.002,62.98,1.413
2003-10-25,22.963,0.052,69.11,1.896
2003-10-26,22.813,0.582,75.13,1.342
2003-10-27,22.909,0.007,68.24,1.529
2003-10-28,23.566,0.045,70.07,2.102
2003-10-29,24.86,0.182,69.93,1.317
2003-10-30,24.914,1.027,76.53,0.619
2003-10-31,24.7,0.112,68.34,0.838
2003-11-01,24.209,0.016,62.29,0.977
2003-11-02,23.778,0.0,52.92,0.699
2003-11-03,22.874,0.001,53.36,0.394
2003-11-04,22.488,0.002,51.39,0.721
2003-11-05,23.358,0.002,51.64,1.115
2003-11-06,24.525,0.0,52.32,1.29
2003-11-07,24.302,0.002,58.15,1.015
2003-11-08,24.098,0.005,57.12,0.307
2003-11-09,23.585,0.003,50.57,0.706
2003-11-10,21.895,0.001,49.61,1.662
2003-11-11,20.874,0.001,47.25,0.395
2003-11-12,20.191,0.0,52.31,0.927
2003-11-13,19.707,0.001,55.33,1.253
2003-11-14,20.334,0.0,56.98,1.034
2003-11-15,20.403,0.001,56.66,0.22
2003-11-16,21.553,0.001,54.18,0.699
2003-11-17,23.102,0.002,51.02,1.219
2003-11-18,23.333,0.002,55.91,0.292
2003-11-19,22.188,0.001,65.15,1.74
2003-11-20,20.351,0.0,60.52,1.815
2003-11-21,19.96,0.0,55.72,0.57
2003-11-22,20.361,0.0,58.21,1.308
2003-11-23,20.717,0.0,59.25,1.846
2003-11-24,20.751,0.0,63.37,1.537
2003-11-25,19.122,0.001,59.62,1.962
2003-11-26,17.967,0.0,45.4,0.459
2003-11-27,18.148,0.002,49.36,1.146
2003-11-28,18.107,-0.0,52.68,1.526
2003-11-29,17.763,0.001,55.46,1.571
2003-11-30,17.162,0.002,53.8,1.041
2003-12-01,16.984,0.001,51.04,0.588
2003-12-02,17.21,0.001,50.51,0.197
2003-12-03,17.659,0.001,49.26,0.408
2003-12-04,18.143,0.003,50.4,0.357
2003-12-05,18.781,0.0,50.52,0.58
2003-12-06,18.84,0.001,54.51,2.095
2003-12-07,18.699,0.001,52.64,1.55
2003-12-08,18.777,0.001,60.0,0.767
2003-12-09,19.199,0.001,59.73,1.741
2003-12-10,20.354,0.001,58.69,1.21
2003-12-11,20.606,0.0,61.67,1.65
2003-12-12,21.153,0.002,55.99,2.121
2003-12-13,20.948,0.001,54.89,1.527
2003-12-14,20.123,0.0,59.65,1.756
2003-12-15,19.921,0.003,57.07,2.092
2003-12-16,18.926,0.002,62.03,1.377
2003-12-17,17.795,0.001,73.82,1.829
2003-12-18,17.236,0.069,71.87,1.357
2003-12-19,16.681,0.003,71.38,1.641
2003-12-20,16.044,0.001,68.56,1.038
2003-12-21,15.622,0.001,66.05,1.007
2003-12-22,15.448,0.001,68.09,1.162
2003-12-23,16.615,0.0,67.49,1.418
2003-12-24,16.159,0.001,72.8,1.56
2003-12-25,15.284,0.0,71.89,1.337
2003-12-26,16.733,2.931,68.2,2.272
2003-12-27,14.912,7.261,88.23,1.087
2003-12-28,12.649,0.23,74.18,2.368
2003-12-29,12.602,0.001,72.21,0.41
2003-12-30,12.68,0.0,71.44,0.955
2003-12-31,12.768,0.001,72.72,0.876
2004-01-01,13.24,0.001,74.39,0.911
2004-01-02,13.326,0.001,74.63,1.256
2004-01-03,13.411,0.001,74.88,1.487
2004-01-04,12.652,0.002,79.03,1.497
2004-01-05,12.281,2.466,85.33,1.748
2004-01-06,13.252,0.005,80.86,1.565
2004-01-07,12.882,0.001,72.33,0.968
2004-01-08,13.449,0.002,67.87,1.298
2004-01-09,14.382,0.002,62.67,1.173
2004-01-10,15.967,0.001,64.15,0.242
2004-01-11,16.244,0.002,68.05,0.691
2004-01-12,16.141,0.001,70.69,0.468
2004-01-13,16.938,0.0,70.07,0.906
2004-01-14,18.231,0.002,67.84,0.102
2004-01-15,17.517,0.002,69.23,0.938
2004-01-16,17.284,0.001,70.91,1.26
2004-01-17,18.86,0.003,64.71,1.918
2004-01-18,18.229,0.0,70.74,1.91
2004-01-19,16.136,0.0,68.06,0.802
2004-01-20,16.877,0.001,66.61,2.376
2004-01-21,17.491,5.039,74.72,2.113
2004-01-22,17.3,14.444,86.94,1.863
2004-01-23,16.767,9.068,90.26,0.652
2004-01-24,14.169,0.078,77.84,1.956
2004-01-25,13.31,0.091,69.89,0.55
2004-01-26,13.799,0.001,66.79,0.819
2004-01-27,13.728,0.002,66.01,0.525
2004-01-28,14.008,0.0,69.07,0.993
2004-01-29,16.167,0.468,66.34,1.998
2004-01-30,17.824,5.889,78.22,1.458
2004-01-31,17.009,0.345,81.53,1.787
2004-02-01,13.943,0.001,70.46,2.14
2004-02-02,12.181,0.0,61.81,2.139
2004-02-03,13.067,0.001,57.38,1.92
2004-02-04,14.156,0.0,53.64,0.355
2004-02-05,14.933,0.001,56.47,1.325
2004-02-06,14.797,0.0,55.27,1.212
2004-02-07,15.235,0.001,51.03,0.427
2004-02-08,14.972,0.001,53.07,1.066
2004-02-09,16.477,0.002,50.45,1.933
2004-02-10,19.062,0.001,53.65,0.642
2004-02-11,18.911,0.001,64.64,1.939
2004-02-12,18.968,0.0,66.43,1.778
2004-02-13,18.924,0.001,62.78,1.432
2004-02-14,18.708,0.002,59.78,1.136
2004-02-15,18.444,0.0,48.81,1.477
2004-02-16,18.083,0.0,53.42,0.731
2004-02-17,18.936,0.001,53.64,1.384
2004-02-18,21.574,0.001,44.83,1.158
2004-02-19,21.82,0.001,51.19,1.659
2004-02-20,20.837,0.001,49.75,1.614
2004-02-21,20.823,0.001,40.86,0.493
2004-02-22,22.269,0.002,38.1,1.279
2004-02-23,22.485,0.002,44.02,1.092
2004-02-24,22.13,0.0,39.99,1.174
2004-02-25,22.303,0.0,42.94,0.187
2004-02-26,22.892,0.003,41.5,0.558
2004-02-27,24.744,0.0,35.36,1.076
2004-02-28,25.663,0.001,35.21,0.607
2004-02-29,24.928,0.001,36.6,1.435
2004-03-01,23.347,0.002,36.77,2.38
2004-03-02,22.356,0.002,33.21,2.508
2004-03-03,22.946,0.001,31.11,2.278
2004-03-04,23.987,0.001,32.15,1.276
2004-03-05,25.054,0.0,31.14,0.389
2004-03-06,24.988,0.001,31.53,0.952
2004-03-07,23.908,0.0,30.98,0.92
2004-03-08,24.184,0.001,34.37,2.843
2004-03-09,24.198,0.0,36.84,2.569
2004-03-10,24.987,0.001,37.38,1.155
2004-03-11,26.131,0.0,36.16,0.901
2004-03-12,26.829,0.002,36.05,0.731
2004-03-13,27.638,0.001,32.96,0.364
2004-03-14,28.796,0.001,29.2,0.428
2004-03-15,28.345,0.001,32.56,0.842
2004-03-16,29.382,0.0,25.47,2.564
2004-03-17,29.127,0.001,30.01,1.593
2004-03-18,29.376,0.002,25.28,1.626
2004-03-19,29.534,0.001,26.16,2.831
2004-03-20,29.684,0.001,24.55,2.743
2004-03-21,30.166,0.002,23.63,0.974
2004-03-22,31.231,-0.0,21.95,1.878
2004-03-23,31.462,0.0,24.45,1.583
2004-03-24,30.385,0.001,21.1,1.793
2004-03-25,29.162,0.001,23.66,0.423
2004-03-26,29.191,0.003,18.67,1.802
2004-03-27,29.77,0.0,18.34,2.374
2004-03-28,29.198,0.0,22.29,1.174
2004-03-29,29.106,0.001,23.33,1.164
2004-03-30,29.392,0.002,20.26,1.448
2004-03-31,29.987,0.001,20.06,1.526
2004-04-01,30.891,0.0,20.16,1.753
2004-04-02,30.909,0.008,20.02,0.712
2004-04-03,31.314,0.003,20.88,1.226
2004-04-04,31.688,0.001,22.09,0.769
2004-04-05,31.519,0.095,23.09,1.055
2004-04-06,31.304,0.929,23.95,1.242
2004-04-07,31.824,0.002,20.48,1.284
2004-04-08,31.521,0.189,24.26,2.23
2004-04-09,31.898,-0.0,25.09,1.744
2004-04-10,32.732,0.001,24.89,1.446
2004-04-11,33.406,0.0,21.85,2.722
2004-04-12,33.063,0.0,18.47,2.564
2004-04-13,34.153,0.003,17.21,3.624
2004-04-14,34.599,0.002,16.33,4.336
2004-04-15,34.941,0.002,17.83,4.366
2004-04-16,35.178,0.0,20.12,4.048
2004-04-17,34.536,0.001,16.52,4.129
2004-04-18,32.775,0.0,19.48,3.118
2004-04-19,33.575,0.001,19.81,0.252
2004-04-20,34.183,0.003,25.21,2.145
2004-04-21,34.171,0.001,24.61,1.923
2004-04-22,34.342,0.003,21.11,0.802
2004-04-23,28.942,1.519,48.23,2.522
2004-04-24,29.987,0.472,31.76,1.773
2004-04-25,29.406,0.094,33.02,1.196
2004-04-26,29.767,0.0,34.8,2.145
2004-04-27,30.889,0.0,32.33,1.472
2004-04-28,32.276,0.977,28.74,1.469
2004-04-29,33.083,0.513,24.45,0.391
2004-04-30,33.651,0.053,23.56,2.524
2004-05-01,29.516,0.0,35.84,2.713
2004-05-02,28.722,0.001,25.49,2.019
2004-05-03,29.492,0.001,24.96,1.154
2004-05-04,31.403,0.0,22.17,1.522
2004-05-05,33.098,0.001,19.31,1.162
2004-05-06,34.011,0.001,22.76,0.86
2004-05-07,35.113,0.062,26.01,1.262
2004-05-08,34.764,0.075,29.0,1.058
2004-05-09,34.912,0.295,30.72,1.172
2004-05-10,35.36,0.518,32.73,2.647
2004-05-11,35.975,0.001,21.91,2.716
2004-05-12,35.054,0.041,31.08,3.926
2004-05-13,33.826,0.086,43.52,4.075
2004-05-14,34.768,0.062,41.03,3.422
2004-05-15,35.625,0.012,33.21,3.074
2004-05-16,36.228,0.008,28.85,2.565
2004-05-17,36.952,0.002,26.62,2.321
2004-05-18,36.816,0.003,15.27,3.808
2004-05-19,37.137,0.0,17.17,5.471
2004-05-20,37.342,0.0,20.6,5.908
2004-05-21,36.385,0.0,25.57,5.195
2004-05-22,36.308,0.0,25.42,4.4
2004-05-23,35.651,0.0,27.79,3.308
2004-05-24,35.094,0.073,33.43,1.848
2004-05-25,35.087,0.018,29.36,1.285
2004-05-26,34.402,0.195,28.36,1.266
2004-05-27,34.848,0.029,28.83,0.536
2004-05-28,33.686,0.016,37.79,1.657
2004-05-29,35.018,-0.0,27.97,0.761
2004-05-30,35.89,0.001,24.2,0.674
2004-05-31,36.946,0.011,21.24,0.44
2004-06-01,37.422,0.003,20.84,0.994
2004-06-02,36.704,0.004,25.21,1.565
2004-06-03,36.612,0.006,23.15,1.929
2004-06-04,36.601,0.007,21.54,2.181
2004-06-05,35.418,0.782,29.39,1.147
2004-06-06,35.099,0.071,30.31,0.709
2004-06-07,35.234,0.037,33.12,0.617
2004-06-08,34.999,0.679,36.07,1.074
2004-06-09,33.091,1.311,42.75,1.018
2004-06-10,30.679,4.824,58.62,1.616
2004-06-11,29.478,11.45,68.71,1.793
2004-06-12,29.873,3.806,69.72,2.601
2004-06-13,30.0,0.964,65.85,4.053
2004-06-14,26.735,12.735,80.38,4.772
2004-06-15,25.421,48.262,90.9,1.813
2004-06-16,25.09,55.867,92.55,4.783
2004-06-17,25.55,16.634,91.39,3.161
2004-06-18,26.851,12.253,84.16,4.013
2004-06-19,28.402,5.213,71.68,4.098
2004-06-20,29.906,0.109,60.67,4.75
2004-06-21,30.489,0.003,58.42,5.309
2004-06-22,30.748,0.003,56.68,5.667
2004-06-23,30.558,0.001,55.42,5.71
2004-06-24,30.691,0.025,54.14,4.974
2004-06-25,30.545,1.009,57.93,3.51
2004-06-26,30.662,1.822,58.21,2.882
2004-06-27,29.868,1.245,65.45,2.575
2004-06-28,31.373,0.62,57.52,2.467
2004-06-29,32.404,0.105,52.64,3.48
2004-06-30,33.053,0.061,47.19,3.45
2004-07-01,33.135,0.421,50.01,3.445
2004-07-02,32.728,0.19,52.61,3.056
2004-07-03,31.494,2.599,61.04,1.297
2004-07-04,28.916,4.507,75.3,0.981
2004-07-05,28.282,9.82,80.06,1.346
2004-07-06,27.035,30.605,85.5,3.145
2004-07-07,25.606,54.555,90.41,3.797
2004-07-08,26.441,21.443,81.0,4.263
2004-07-09,28.758,0.314,66.31,4.72
2004-07-10,29.093,0.628,66.5,4.169
2004-07-11,29.356,0.096,64.03,3.631
2004-07-12,30.185,0.126,62.67,2.734
2004-07-13,30.304,0.422,62.12,1.959
2004-07-14,30.178,0.502,63.56,1.656
2004-07-15,29.253,4.386,72.77,0.935
2004-07-16,27.914,8.481,81.89,0.791
2004-07-17,26.272,27.406,88.07,1.169
2004-07-18,26.93,23.579,83.12,3.679
2004-07-19,28.386,0.917,73.24,4.486
2004-07-20,28.857,1.92,72.68,4.233
2004-07-21,29.631,0.026,63.69,3.696
2004-07-22,29.852,0.806,62.26,2.827
2004-07-23,29.404,0.131,67.58,1.429
2004-07-24,28.386,7.52,80.21,1.159
2004-07-25,27.207,11.51,85.9,1.052
2004-07-26,27.245,7.424,84.32,0.15
2004-07-27,27.091,19.103,86.05,0.722
2004-07-28,27.276,6.933,84.97,1.494
2004-07-29,26.712,13.218,86.24,2.271
2004-07-30,26.873,10.468,85.81,1.813
2004-07-31,26.349,10.433,88.07,0.459
2004-08-01,25.841,6.673,89.53,2.02
2004-08-02,26.66,2.818,84.58,1.25
2004-08-03,27.726,9.488,82.34,1.593
2004-08-04,27.654,7.987,82.69,3.132
2004-08-05,27.655,3.777,79.97,3.66
2004-08-06,26.707,8.909,86.89,1.229
2004-08-07,26.075,12.053,88.69,1.84
2004-08-08,25.864,17.223,89.88,2.434
2004-08-09,25.414,15.322,91.92,2.772
2004-08-10,24.472,30.862,95.6,2.72
2004-08-11,25.503,2.031,88.55,1.271
2004-08-12,26.726,6.105,87.08,0.469
2004-08-13,26.407,11.229,87.48,1.089
2004-08-14,25.26,14.536,92.11,1.988
2004-08-15,25.723,8.799,89.23,1.436
2004-08-16,26.144,0.502,80.62,3.074
2004-08-17,26.224,0.673,81.13,2.914
2004-08-18,25.654,5.235,86.75,3.142
2004-08-19,24.782,13.156,92.75,2.805
2004-08-20,24.717,11.56,92.84,2.444
2004-08-21,24.779,21.627,94.19,2.349
2004-08-22,25.413,16.818,93.08,2.729
2004-08-23,26.669,4.47,83.96,2.106
2004-08-24,25.342,0.458,80.55,4.024
2004-08-25,26.119,1.817,82.09,3.657
2004-08-26,26.518,3.24,79.79,4.275
2004-08-27,27.047,0.808,74.3,4.147
2004-08-28,27.739,0.103,72.25,3.319
2004-08-29,27.517,0.165,72.9,2.901
2004-08-30,27.453,0.278,72.92,2.908
2004-08-31,27.62,0.294,72.82,3.214
2004-09-01,27.774,0.079,71.46,2.519
2004-09-02,28.343,0.146,70.1,2.212
2004-09-03,28.525,0.003,67.35,2.585
2004-09-04,28.573,0.003,66.71,2.614
2004-09-05,28.378,0.001,66.75,1.758
2004-09-06,28.813,0.0,66.93,1.012
2004-09-07,29.378,0.0,64.08,1.763
2004-09-08,30.183,0.001,57.54,3.042
2004-09-09,29.769,-0.0,58.51,3.042
2004-09-10,28.972,0.067,61.95,2.56
2004-09-11,28.444,0.624,67.4,1.78
2004-09-12,27.099,7.917,78.26,0.863
2004-09-13,26.738,17.287,84.28,0.643
2004-09-14,26.277,13.875,84.92,0.946
2004-09-15,25.828,11.143,86.15,0.628
2004-09-16,26.733,2.22,82.04,0.683
2004-09-17,27.058,1.296,81.21,0.661
2004-09-18,26.666,1.123,81.81,1.493
2004-09-19,25.92,2.416,83.34,2.517
2004-09-20,24.17,28.673,92.87,2.868
2004-09-21,24.84,18.699,89.55,2.563
2004-09-22,26.123,4.804,82.36,2.02
2004-09-23,26.61,0.81,80.04,0.927
2004-09-24,27.356,0.047,74.12,0.795
2004-09-25,27.337,0.006,73.17,0.277
2004-09-26,27.105,0.002,70.85,0.236
2004-09-27,26.88,0.0,65.0,0.859
2004-09-28,27.97,0.0,64.22,0.966
2004-09-29,28.563,0.17,64.13,1.37
2004-09-30,28.533,0.092,66.69,1.165
2004-10-01,28.451,0.429,69.01,0.218
2004-10-02,27.689,0.335,73.66,1.539
2004-10-03,27.253,1.026,78.18,1.867
2004-10-04,27.118,0.435,75.38,1.869
2004-10-05,26.796,0.292,74.53,1.839
2004-10-06,26.772,1.137,77.05,1.46
2004-10-07,25.743,0.99,79.15,0.67
2004-10-08,26.749,-0.0,58.53,1.552
2004-10-09,27.306,0.0,56.7,1.138
2004-10-10,27.425,0.001,56.94,1.507
2004-10-11,26.354,2.094,66.08,1.1
2004-10-12,24.287,1.255,78.33,1.157
2004-10-13,22.972,2.882,82.07,0.697
2004-10-14,23.144,0.0,60.42,1.638
2004-10-15,22.875,0.0,58.03,1.035
2004-10-16,22.839,0.002,55.38,0.419
2004-10-17,22.993,0.001,52.41,0.259
2004-10-18,23.398,0.002,51.74,0.353
2004-10-19,22.901,0.0,54.3,0.901
2004-10-20,22.992,0.001,50.89,1.016
2004-10-21,22.929,0.001,48.52,0.564
2004-10-22,23.647,0.002,53.34,0.531
2004-10-23,24.699,0.0,50.62,0.559
2004-10-24,24.722,0.001,47.65,1.744
2004-10-25,24.57,0.0,46.61,1.862
2004-10-26,24.032,0.011,49.09,1.307
2004-10-27,23.309,0.006,52.55,1.406
2004-10-28,23.35,0.005,49.7,1.554
2004-10-29,22.895,0.477,55.83,1.556
2004-10-30,22.341,0.003,52.53,1.5
2004-10-31,22.287,0.001,48.65,0.788
2004-11-01,22.014,0.0,43.67,0.198
2004-11-02,22.39,0.0,45.21,0.198
2004-11-03,21.898,0.002,45.85,1.358
2004-11-04,21.173,0.002,40.79,1.256
2004-11-05,20.877,0.0,43.66,0.906
2004-11-06,20.895,0.002,47.25,0.967
2004-11-07,21.285,0.001,49.95,0.55
2004-11-08,21.713,0.001,48.16,0.58
2004-11-09,21.503,0.001,41.63,0.609
2004-11-10,20.941,0.001,42.92,1.063
2004-11-11,21.755,0.001,46.86,1.76
2004-11-12,22.308,0.001,51.36,1.757
2004-11-13,21.94,0.001,43.86,0.573
2004-11-14,21.929,0.0,36.24,0.806
2004-11-15,21.755,0.0,39.39,1.6
2004-11-16,21.803,0.001,43.52,1.062
2004-11-17,22.204,0.0,43.18,0.645
2004-11-18,22.34,0.001,44.61,1.23
2004-11-19,22.24,0.0,44.42,1.11
2004-11-20,21.629,0.001,47.84,0.363
2004-11-21,21.444,0.001,47.54,0.239
2004-11-22,21.34,0.0,51.79,0.562
2004-11-23,21.648,0.0,57.12,1.078
2004-11-24,22.372,0.0,53.54,1.658
2004-11-25,22.595,0.001,50.54,1.906
2004-11-26,22.047,0.116,52.56,1.604
2004-11-27,21.218,1.195,60.16,1.015
2004-11-28,21.129,0.01,57.78,0.843
2004-11-29,20.054,0.001,54.75,0.519
2004-11-30,19.312,0.002,52.3,0.277
2004-12-01,19.493,0.001,53.3,1.462
2004-12-02,19.828,0.002,56.82,1.29
2004-12-03,20.301,0.0,51.32,0.297
2004-12-04,20.081,0.002,52.25,1.607
2004-12-05,19.118,-0.0,53.76,2.045
2004-12-06,18.481,0.0,46.98,1.272
2004-12-07,17.55,0.0,46.34,0.966
2004-12-08,17.519,0.001,55.03,0.79
2004-12-09,17.853,0.0,52.57,0.969
2004-12-10,17.173,0.001,48.51,0.539
2004-12-11,16.974,0.001,57.31,0.752
2004-12-12,17.611,0.0,63.09,0.769
2004-12-13,18.131,0.001,64.29,0.454
2004-12-14,18.011,0.0,61.64,1.294
2004-12-15,18.298,0.002,53.88,1.185
2004-12-16,18.646,0.0,49.82,1.618
2004-12-17,18.707,0.0,53.82,0.927
2004-12-18,17.835,0.002,62.52,0.443
2004-12-19,17.578,0.0,61.62,1.331
2004-12-20,18.654,0.001,57.08,0.543
2004-12-21,17.472,0.001,60.34,1.031
2004-12-22,18.473,0.001,66.59,1.622
2004-12-23,18.334,0.187,74.5,1.952
2004-12-24,16.881,0.0,68.68,1.84
2004-12-25,15.483,0.003,67.96,1.654
2004-12-26,13.629,0.003,52.96,1.95
2004-12-27,13.708,0.0,50.68,0.863
2004-12-28,14.397,0.001,52.72,0.591
2004-12-29,15.816,0.002,56.58,0.843
2004-12-30,17.439,0.003,64.96,0.812
2004-12-31,20.093,0.001,55.22,2.4
2005-01-01,20.185,0.441,59.71,0.538
2005-01-02,19.177,1.724,72.61,1.571
2005-01-03,18.637,0.532,77.25,1.187
2005-01-04,16.075,0.001,68.43,1.36
2005-01-05,15.99,0.001,62.46,0.793
2005-01-06,16.068,0.001,63.59,1.792
2005-01-07,14.811,-0.0,59.77,1.715
2005-01-08,15.036,0.0,59.32,1.039
2005-01-09,15.831,0.001,57.23,0.648
2005-01-10,18.243,0.001,52.25,0.252
2005-01-11,16.094,0.037,62.32,1.881
2005-01-12,15.075,0.001,55.82,1.036
2005-01-13,15.073,0.002,52.44,0.866
2005-01-14,16.246,0.001,49.98,0.834
2005-01-15,16.993,0.002,51.09,0.942
2005-01-16,17.855,3.477,59.45,2.304
2005-01-17,17.41,1.069,63.18,0.347
2005-01-18,14.216,0.122,79.39,2.158
2005-01-19,13.572,0.0,53.58,1.755
2005-01-20,13.867,0.001,50.24,0.811
2005-01-21,15.287,0.578,52.43,1.506
2005-01-22,17.006,0.071,56.78,2.154
2005-01-23,14.785,0.009,59.46,2.686
2005-01-24,14.047,0.0,59.64,1.139
2005-01-25,14.34,0.011,64.79,1.565
2005-01-26,15.432,0.0,62.25,1.157
2005-01-27,18.393,0.061,57.76,1.87
2005-01-28,17.541,0.653,72.25,1.327
2005-01-29,16.462,0.231,71.2,1.81
2005-01-30,17.496,1.841,74.52,2.102
2005-01-31,15.82,4.204,90.51,0.703
2005-02-01,15.486,0.024,69.6,1.632
2005-02-02,15.067,0.001,56.91,0.96
2005-02-03,15.806,0.001,52.48,0.874
2005-02-04,18.386,0.0,51.74,1.415
2005-02-05,18.616,0.0,56.56,1.094
2005-02-06,20.259,0.003,54.57,2.111
2005-02-07,21.762,0.089,56.04,0.159
2005-02-08,20.704,0.144,70.0,1.614
2005-02-09,20.866,0.001,65.83,1.665
2005-02-10,22.662,0.594,55.86,1.665
2005-02-11,23.214,0.778,50.82,0.376
2005-02-12,24.149,0.001,43.57,1.216
2005-02-13,22.529,0.0,43.44,3.135
2005-02-14,22.336,0.0,35.75,1.958
2005-02-15,23.76,0.001,37.42,2.514
2005-02-16,23.007,0.001,47.32,1.08
2005-02-17,23.163,0.159,39.51,1.716
2005-02-18,22.012,0.003,33.14,1.3
2005-02-19,20.625,0.003,24.82,2.13
2005-02-20,19.276,0.001,33.14,2.753
2005-02-21,17.704,0.678,50.24,1.558
2005-02-22,17.69,0.001,38.51,2.735
2005-02-23,17.176,0.001,32.05,1.158
2005-02-24,19.494,0.001,35.63,1.528
2005-02-25,20.78,0.0,40.91,2.058
2005-02-26,22.326,0.0,37.18,2.166
2005-02-27,23.462,0.003,37.9,0.961
2005-02-28,25.299,0.022,37.65,1.178
2005-03-01,26.206,0.469,42.5,0.653
2005-03-02,26.767,0.639,43.98,1.735
2005-03-03,26.414,1.128,50.68,1.017
2005-03-04,26.004,2.765,51.27,0.49
2005-03-05,26.146,0.183,41.94,2.238
2005-03-06,26.427,0.434,44.83,0.733
2005-03-07,25.045,3.117,54.93,1.067
2005-03-08,23.382,0.184,64.12,2.342
2005-03-09,23.695,7.884,63.75,0.92
2005-03-10,21.733,3.856,70.5,0.857
2005-03-11,21.235,0.908,63.08,1.379
2005-03-12,21.466,0.095,57.71,0.685
2005-03-13,22.433,0.0,51.78,0.866
2005-03-14,23.719,0.002,46.8,0.348
2005-03-15,24.946,0.0,45.6,0.62
2005-03-16,27.149,0.002,40.21,0.62
2005-03-17,28.212,-0.0,38.06,0.871
2005-03-18,29.091,0.0,33.15,0.408
2005-03-19,28.35,0.001,27.04,1.636
2005-03-20,28.575,0.001,30.85,0.354
2005-03-21,29.18,0.001,27.26,2.152
2005-03-22,27.509,0.011,33.42,2.099
2005-03-23,26.456,0.3,34.15,1.851
2005-03-24,25.677,0.003,32.82,1.839
2005-03-25,25.33,0.003,27.72,1.935
2005-03-26,28.121,0.003,24.27,1.705
2005-03-27,29.266,0.001,28.96,1.88
2005-03-28,28.944,0.001,28.82,1.376
2005-03-29,29.241,0.006,27.0,2.149
2005-03-30,28.564,0.003,25.0,3.361
2005-03-31,26.504,0.001,19.39,2.818
2005-04-01,26.399,0.001,18.2,1.742
2005-04-02,26.976,0.002,18.14,1.276
2005-04-03,28.314,0.001,19.01,1.647
2005-04-04,28.306,0.002,18.34,0.849
2005-04-05,29.131,0.0,19.39,0.67
2005-04-06,31.466,0.0,15.44,1.858
2005-04-07,32.981,0.0,13.97,2.938
2005-04-08,31.354,0.001,17.95,2.085
2005-04-09,28.453,0.0,11.37,2.771
2005-04-10,27.021,0.0,12.26,2.15
2005-04-11,25.138,0.0,14.24,2.665
2005-04-12,26.276,0.001,15.03,2.184
2005-04-13,28.681,0.001,16.14,1.605
2005-04-14,30.807,0.0,15.55,0.437
2005-04-15,31.904,0.0,14.71,2.397
2005-04-16,31.632,0.002,14.1,2.464
2005-04-17,31.089,0.0,16.61,1.707
2005-04-18,30.854,0.0,16.33,0.713
2005-04-19,32.226,0.001,14.73,0.618
2005-04-20,32.411,0.001,14.18,1.133
2005-04-21,32.664,0.002,16.69,0.324
2005-04-22,33.598,0.0,17.11,0.78
2005-04-23,33.596,0.007,20.47,1.561
2005-04-24,32.76,0.475,26.1,1.293
2005-04-25,32.037,0.133,26.14,2.409
2005-04-26,31.79,0.285,24.47,2.006
2005-04-27,32.038,0.004,21.54,2.37
2005-04-28,31.234,0.028,26.82,1.999
2005-04-29,29.651,1.383,38.07,0.963
2005-04-30,29.017,0.092,39.82,1.491
2005-05-01,29.625,0.406,35.28,1.366
2005-05-02,30.152,0.562,37.36,0.99
2005-05-03,30.762,0.208,32.88,0.652
2005-05-04,29.409,0.179,38.72,1.618
2005-05-05,30.221,0.149,35.81,0.999
2005-05-06,31.352,0.015,31.11,1.379
2005-05-07,32.583,0.001,27.97,2.132
2005-05-08,32.827,0.0,26.81,2.792
2005-05-09,33.117,0.0,18.97,3.579
2005-05-10,32.043,0.001,19.53,2.533
2005-05-11,32.454,0.001,13.08,1.934
2005-05-12,32.935,0.0,14.95,1.973
2005-05-13,34.057,0.0,14.0,2.828
2005-05-14,34.21,0.002,13.18,2.621
2005-05-15,34.731,0.0,16.29,1.991
2005-05-16,35.132,0.001,15.7,1.452
2005-05-17,35.8,0.001,17.61,2.062
2005-05-18,35.093,0.003,19.92,1.699
2005-05-19,35.261,0.234,21.13,1.176
2005-05-20,35.776,0.004,15.11,2.303
2005-05-21,35.903,-0.0,14.83,1.692
2005-05-22,36.076,0.0,21.18,0.602
2005-05-23,36.187,0.002,20.91,2.127
2005-05-24,35.588,0.002,22.85,2.227
2005-05-25,36.49,0.001,16.81,1.125
2005-05-26,36.258,0.021,17.82,0.455
2005-05-27,35.689,0.0,17.02,2.462
2005-05-28,35.025,0.001,16.71,2.091
2005-05-29,34.637,0.049,17.6,1.983
2005-05-30,33.235,0.081,27.85,0.875
2005-05-31,34.845,0.003,22.75,2.53
2005-06-01,34.824,0.0,17.47,2.976
2005-06-02,35.847,0.0,17.0,2.669
2005-06-03,35.697,0.001,19.35,2.967
2005-06-04,36.04,0.001,20.82,1.827
2005-06-05,37.038,0.012,21.38,1.288
2005-06-06,37.325,0.076,22.95,1.218
2005-06-07,36.433,0.136,26.01,1.304
2005-06-08,35.065,0.1,31.95,1.482
2005-06-09,35.427,0.001,28.0,1.923
2005-06-10,35.938,0.0,24.04,2.284
2005-06-11,36.929,0.0,19.62,3.579
2005-06-12,36.01,0.0,20.98,3.077
2005-06-13,36.142,0.0,23.56,2.326
2005-06-14,36.708,0.0,25.21,3.074
2005-06-15,36.525,0.001,27.99,3.05
2005-06-16,36.684,0.001,23.02,3.14
2005-06-17,37.368,0.001,23.4,2.999
2005-06-18,37.859,0.005,25.02,2.318
2005-06-19,37.76,0.077,29.46,2.982
2005-06-20,36.616,0.708,37.36,2.65
2005-06-21,34.911,2.972,46.66,2.06
2005-06-22,32.794,9.018,57.72,2.384
2005-06-23,30.345,4.675,66.94,2.304
2005-06-24,29.349,19.058,74.71,2.346
2005-06-25,27.632,20.337,83.12,1.796
2005-06-26,28.251,23.734,81.74,1.687
2005-06-27,27.044,33.088,86.79,1.409
2005-06-28,27.474,6.926,83.56,0.456
2005-06-29,27.871,10.698,80.1,1.17
2005-06-30,26.444,40.593,88.1,1.81
2005-07-01,25.608,49.642,91.96,4.005
2005-07-02,24.588,53.511,95.17,4.67
2005-07-03,24.91,69.434,93.85,4.697
2005-07-04,24.846,32.909,91.08,4.422
2005-07-05,25.22,21.693,90.47,2.673
2005-07-06,25.37,25.903,89.34,2.995
2005-07-07,25.98,12.634,87.11,1.873
2005-07-08,27.964,2.923,82.35,0.979
2005-07-09,28.631,9.986,82.41,1.455
2005-07-10,28.72,17.08,82.82,0.992
2005-07-11,26.59,17.888,89.73,1.889
2005-07-12,25.504,8.305,90.71,2.306
2005-07-13,26.812,7.264,83.98,2.816
2005-07-14,25.809,16.743,89.65,3.27
2005-07-15,25.808,10.955,88.49,3.677
2005-07-16,25.924,28.121,88.51,4.155
2005-07-17,27.062,3.929,80.5,3.368
2005-07-18,27.94,2.697,77.95,2.676
2005-07-19,28.453,5.178,79.26,2.698
2005-07-20,29.524,0.404,72.2,2.825
2005-07-21,29.205,0.456,71.68,2.917
2005-07-22,29.244,1.014,71.26,2.312
2005-07-23,27.917,14.273,81.16,1.54
2005-07-24,26.55,18.71,87.9,0.961
2005-07-25,28.06,5.411,82.21,0.221
2005-07-26,27.94,5.357,84.06,1.944
2005-07-27,26.838,11.376,87.0,2.834
2005-07-28,27.479,3.989,83.71,1.088
2005-07-29,27.154,0.968,77.74,2.54
2005-07-30,28.09,6.222,79.46,0.925
2005-07-31,28.076,6.977,81.13,2.596
2005-08-01,27.695,2.842,79.29,2.894
2005-08-02,27.649,0.681,74.36,3.016
2005-08-03,27.747,1.071,77.48,1.832
2005-08-04,27.651,7.359,84.58,1.022
2005-08-05,27.029,13.077,88.0,2.377
2005-08-06,26.102,9.028,86.76,3.587
2005-08-07,27.665,0.868,74.83,3.622
2005-08-08,27.918,0.617,72.89,3.345
2005-08-09,28.056,0.269,71.15,3.385
2005-08-10,27.79,0.397,75.12,3.853
2005-08-11,27.952,0.339,72.25,3.656
2005-08-12,27.822,0.4,74.54,2.448
2005-08-13,28.772,0.159,70.87,2.271
2005-08-14,29.421,0.1,70.1,2.455
2005-08-15,27.721,6.843,82.41,1.459
2005-08-16,26.481,17.909,88.55,1.246
2005-08-17,26.259,3.508,88.03,2.187
2005-08-18,25.895,16.612,89.11,2.602
2005-08-19,26.204,8.365,87.01,2.634
2005-08-20,25.227,13.61,91.21,3.134
2005-08-21,26.038,7.129,85.87,3.046
2005-08-22,26.921,2.837,81.42,2.924
2005-08-23,27.637,0.429,75.06,3.207
2005-08-24,27.823,0.313,70.73,3.603
2005-08-25,27.242,0.043,69.34,3.351
2005-08-26,27.379,0.025,71.01,2.711
2005-08-27,27.901,0.005,69.43,2.493
2005-08-28,28.164,0.227,71.0,2.161
2005-08-29,28.972,0.063,66.41,2.602
2005-08-30,29.344,0.124,64.26,2.753
2005-08-31,29.389,0.187,64.3,2.517
2005-09-01,29.572,0.041,64.52,1.444
2005-09-02,29.351,0.98,75.72,0.781
2005-09-03,29.122,3.654,79.95,0.698
2005-09-04,27.194,12.655,87.36,1.17
2005-09-05,27.332,11.643,85.45,0.573
2005-09-06,26.312,15.474,88.86,0.268
2005-09-07,27.307,4.362,84.67,1.407
2005-09-08,28.018,6.178,83.91,1.561
2005-09-09,28.344,2.097,80.73,1.851
2005-09-10,27.272,2.475,82.21,2.186
2005-09-11,26.671,11.488,85.54,2.507
2005-09-12,26.756,6.803,83.27,3.426
2005-09-13,26.057,12.717,85.08,4.719
2005-09-14,25.305,15.416,89.07,3.331
2005-09-15,24.829,13.938,88.92,3.834
2005-09-16,25.959,10.463,79.97,4.238
2005-09-17,25.911,2.817,81.2,2.721
2005-09-18,26.119,2.039,83.42,0.974
2005-09-19,26.627,1.829,86.84,2.332
2005-09-20,28.144,0.141,75.04,3.583
2005-09-21,27.549,0.246,75.38,3.221
2005-09-22,26.802,1.39,79.94,2.332
2005-09-23,27.126,1.183,77.35,2.857
2005-09-24,26.524,1.43,76.38,4.83
2005-09-25,26.373,1.729,78.77,3.775
2005-09-26,26.25,0.415,73.5,2.857
2005-09-27,26.054,0.544,74.65,2.193
2005-09-28,26.05,0.072,70.04,1.905
2005-09-29,26.315,0.019,66.95,2.064
2005-09-30,26.792,0.004,64.82,2.262
2005-10-01,26.553,0.0,66.36,1.832
2005-10-02,26.511,0.002,65.27,1.619
2005-10-03,26.46,0.001,64.75,1.238
2005-10-04,26.46,0.001,63.34,1.125
2005-10-05,25.773,0.0,60.35,1.656
2005-10-06,25.956,0.0,56.88,1.925
2005-10-07,26.27,0.0,57.58,1.154
2005-10-08,26.958,0.003,56.05,0.331
2005-10-09,26.864,0.002,58.41,0.592
2005-10-10,26.479,0.002,57.61,1.154
2005-10-11,27.174,0.002,57.98,1.074
2005-10-12,26.708,0.003,57.83,1.099
2005-10-13,26.249,0.0,56.24,1.254
2005-10-14,26.085,0.003,55.11,1.35
2005-10-15,25.295,0.023,66.94,1.912
2005-10-16,26.317,0.076,67.33,1.27
2005-10-17,26.447,0.69,70.12,1.352
2005-10-18,25.847,2.352,70.56,1.839
2005-10-19,24.58,1.576,76.1,2.341
2005-10-20,23.88,0.707,75.84,2.839
2005-10-21,23.083,0.643,73.28,2.281
2005-10-22,23.03,0.637,77.34,1.47
2005-10-23,23.426,0.274,71.45,1.407
2005-10-24,24.013,0.001,64.69,1.365
2005-10-25,24.101,0.001,59.53,1.361
2005-10-26,23.957,0.0,55.51,0.915
2005-10-27,24.384,0.001,48.86,1.344
2005-10-28,24.093,0.001,50.05,1.323
2005-10-29,23.336,0.001,52.82,0.396
2005-10-30,22.781,0.0,42.94,0.238
2005-10-31,22.343,0.0,41.63,0.729
2005-11-01,22.129,0.0,42.15,0.714
2005-11-02,21.958,0.001,46.73,1.44
2005-11-03,21.667,0.001,48.86,1.487
2005-11-04,22.32,0.003,47.4,1.354
2005-11-05,23.213,0.0,43.41,0.372
2005-11-06,21.679,0.002,44.03,1.134
2005-11-07,21.379,0.003,39.06,1.379
2005-11-08,20.83,0.0,41.87,1.26
2005-11-09,20.414,0.001,45.58,1.071
2005-11-10,20.522,0.001,44.81,0.589
2005-11-11,21.172,-0.0,45.67,1.087
2005-11-12,21.693,0.001,41.97,1.858
2005-11-13,21.784,0.0,39.02,2.476
2005-11-14,21.723,0.0,45.42,2.401
2005-11-15,21.642,0.0,44.92,2.209
2005-11-16,21.926,0.0,44.44,2.092
2005-11-17,20.848,0.003,43.79,1.947
2005-11-18,20.329,0.001,37.14,1.692
2005-11-19,20.854,0.002,37.39,0.267
2005-11-20,20.371,0.002,45.63,0.562
2005-11-21,20.964,0.001,49.16,1.067
2005-11-22,21.105,0.0,47.25,0.978
2005-11-23,21.891,0.0,45.69,1.293
2005-11-24,21.624,0.0,50.39,1.191
2005-11-25,21.484,0.0,53.94,1.891
2005-11-26,21.582,0.002,53.77,1.801
2005-11-27,21.906,0.0,52.09,1.566
2005-11-28,21.775,0.002,50.19,0.992
2005-11-29,21.3,0.002,51.79,1.021
2005-11-30,21.175,0.001,51.57,0.829
2005-12-01,20.778,0.003,57.27,1.681
2005-12-02,19.258,0.001,50.77,1.904
2005-12-03,18.671,0.002,44.17,1.507
2005-12-04,16.705,0.001,40.0,1.959
2005-12-05,16.544,0.0,39.64,1.918
2005-12-06,17.443,0.001,40.57,0.466
2005-12-07,17.605,0.002,44.6,0.286
2005-12-08,18.205,0.003,46.13,0.598
2005-12-09,17.668,0.003,46.69,0.648
2005-12-10,16.895,0.0,45.18,0.904
2005-12-11,16.947,0.001,47.53,0.928
2005-12-12,16.459,0.001,45.54,1.04
2005-12-13,15.821,0.001,47.9,0.666
2005-12-14,15.972,0.001,43.59,0.745
2005-12-15,15.428,0.0,43.53,1.018
2005-12-16,15.491,0.001,47.96,0.779
2005-12-17,15.258,0.001,51.78,1.057
2005-12-18,15.489,0.001,58.03,0.592
2005-12-19,15.415,0.0,59.94,1.435
2005-12-20,16.444,0.0,59.04,2.108
2005-12-21,18.179,0.137,61.19,2.04
2005-12-22,17.836,2.613,68.1,2.102
2005-12-23,16.145,4.428,75.02,1.908
2005-12-24,15.216,0.005,67.06,2.003
2005-12-25,14.447,0.002,58.13,2.111
2005-12-26,14.351,0.001,53.21,1.133
2005-12-27,15.621,0.001,53.06,0.994
2005-12-28,16.871,0.0,54.12,0.708
2005-12-29,16.618,0.002,56.07,1.268
2005-12-30,17.01,0.001,57.52,2.096
2005-12-31,18.277,0.0,57.12,2.059
2006-01-01,19.278,0.001,54.14,1.935
2006-01-02,19.585,0.001,52.01,2.355
2006-01-03,19.106,0.002,58.6,1.571
2006-01-04,15.816,0.0,59.72,2.273
2006-01-05,13.657,0.0,49.77,1.869
2006-01-06,13.223,0.001,47.73,1.891
2006-01-07,12.988,0.001,47.0,1.7
2006-01-08,13.296,0.0,46.34,1.369
2006-01-09,13.818,0.001,50.24,0.49
2006-01-10,14.414,0.001,55.49,0.597
2006-01-11,15.025,0.001,53.1,0.822
2006-01-12,16.959,0.001,52.09,0.451
2006-01-13,17.8,0.0,47.77,1.253
2006-01-14,17.806,0.0,40.54,1.174
2006-01-15,18.704,0.001,43.4,1.197
2006-01-16,20.514,0.002,45.98,1.318
2006-01-17,22.416,0.001,51.27,1.64
2006-01-18,20.704,0.001,57.99,1.841
2006-01-19,20.047,0.0,58.58,1.995
2006-01-20,19.276,0.001,56.73,0.665
2006-01-21,18.145,0.0,49.56,2.271
2006-01-22,16.448,0.0,45.26,1.459
2006-01-23,15.695,0.0,40.14,1.835
2006-01-24,14.462,0.0,40.4,2.19
2006-01-25,14.909,0.0,40.7,1.276
2006-01-26,15.386,0.0,42.8,1.439
2006-01-27,16.24,0.001,43.6,1.181
2006-01-28,17.487,0.002,43.61,0.813
2006-01-29,18.665,0.001,44.71,0.975
2006-01-30,20.135,0.001,43.14,0.289
2006-01-31,20.341,0.001,43.07,0.824
2006-02-01,20.112,0.002,43.29,0.778
2006-02-02,20.535,0.001,41.86,1.17
2006-02-03,20.964,0.002,43.48,1.755
2006-02-04,19.68,0.001,36.78,2.577
2006-02-05,20.273,0.001,37.16,1.392
2006-02-06,20.28,0.001,42.07,0.529
2006-02-07,20.105,0.0,42.05,0.865
2006-02-08,21.261,0.0,40.54,1.756
2006-02-09,21.626,0.002,44.53,1.262
2006-02-10,21.628,0.003,43.9,0.635
2006-02-11,21.37,0.001,40.88,0.555
2006-02-12,22.092,0.0,40.11,0.187
2006-02-13,23.363,0.001,38.36,1.073
2006-02-14,24.618,0.0,33.92,1.72
2006-02-15,24.135,0.002,31.62,2.526
2006-02-16,23.79,0.001,32.72,2.006
2006-02-17,25.069,0.003,41.2,1.656
2006-02-18,25.579,-0.0,45.68,1.408
2006-02-19,25.703,0.002,45.71,1.79
2006-02-20,26.169,0.0,44.57,0.978
2006-02-21,26.779,0.0,38.84,0.865
2006-02-22,27.212,0.003,38.52,0.912
2006-02-23,27.114,0.0,33.52,1.437
2006-02-24,26.909,0.0,34.5,1.619
2006-02-25,27.134,0.002,32.46,0.535
2006-02-26,27.544,0.016,31.16,0.869
2006-02-27,26.032,0.004,37.56,2.185
2006-02-28,24.203,0.018,41.11,2.148
2006-03-01,23.548,0.042,35.31,1.036
2006-03-02,23.229,0.32,40.38,1.158
2006-03-03,23.917,0.002,33.73,0.51
2006-03-04,23.425,5.199,52.55,1.12
2006-03-05,24.723,0.236,46.84,1.212
2006-03-06,25.993,0.826,42.87,1.784
2006-03-07,26.991,0.01,35.63,1.526
2006-03-08,24.552,8.913,62.74,2.058
2006-03-09,23.048,9.258,73.66,0.496
2006-03-10,17.965,31.802,90.3,1.792
2006-03-11,19.297,2.246,80.47,1.555
2006-03-12,20.451,0.658,74.29,1.639
2006-03-13,21.893,0.043,62.99,0.387
2006-03-14,23.195,0.543,56.17,0.047
2006-03-15,21.372,4.321,74.11,1.051
2006-03-16,21.864,0.148,59.16,1.525
2006-03-17,21.483,0.006,48.5,2.075
2006-03-18,22.157,0.001,37.95,1.034
2006-03-19,23.847,0.002,39.98,0.583
2006-03-20,25.906,0.001,42.69,1.291
2006-03-21,25.746,0.001,33.57,3.099
2006-03-22,23.511,0.003,39.24,2.348
2006-03-23,25.282,0.002,36.14,1.408
2006-03-24,27.729,0.001,33.63,2.622
2006-03-25,28.134,0.026,31.03,2.529
2006-03-26,26.362,0.001,25.12,3.162
2006-03-27,25.221,0.001,30.83,1.884
2006-03-28,25.652,0.001,26.98,1.15
2006-03-29,25.186,0.001,28.02,2.056
2006-03-30,26.252,0.002,26.71,1.011
2006-03-31,27.305,0.001,26.1,0.693
2006-04-01,28.694,0.003,24.74,1.095
2006-04-02,29.305,0.0,23.19,2.013
2006-04-03,29.956,0.001,23.07,2.02
2006-04-04,29.614,0.001,25.75,1.772
2006-04-05,30.656,0.0,22.88,1.569
2006-04-06,31.038,0.001,23.42,0.439
2006-04-07,32.158,0.0,22.7,0.733
2006-04-08,32.758,0.002,22.82,0.255
2006-04-09,33.279,0.001,21.44,2.979
2006-04-10,31.861,0.001,22.23,2.465
2006-04-11,31.317,0.003,23.89,1.197
2006-04-12,31.174,0.001,21.4,0.764
2006-04-13,30.068,0.0,15.59,2.608
2006-04-14,30.486,0.001,13.22,2.055
2006-04-15,31.741,0.771,23.61,2.313
2006-04-16,31.164,0.139,33.96,4.023
2006-04-17,28.924,1.461,40.58,3.709
2006-04-18,25.573,1.879,51.63,0.227
2006-04-19,27.555,0.0,34.61,1.667
2006-04-20,29.48,0.0,28.03,0.298
2006-04-21,30.378,0.001,28.58,0.778
2006-04-22,30.548,0.002,26.33,0.937
2006-04-23,31.316,0.001,22.57,1.858
2006-04-24,32.135,0.001,22.07,1.353
2006-04-25,32.72,0.002,20.77,1.117
2006-04-26,32.98,0.002,20.6,1.605
2006-04-27,33.292,0.001,19.01,1.549
2006-04-28,33.196,0.194,23.45,1.088
2006-04-29,33.071,0.009,26.67,0.978
2006-04-30,34.013,0.002,26.5,0.221
2006-05-01,35.273,0.002,21.22,0.875
2006-05-02,34.256,0.29,22.39,0.59
2006-05-03,34.074,0.086,21.6,0.184
2006-05-04,33.655,0.003,20.18,0.738
2006-05-05,34.512,0.002,21.12,0.638
2006-05-06,35.598,0.002,17.89,2.23
2006-05-07,35.615,0.001,19.16,2.011
2006-05-08,34.859,0.0,23.72,1.154
2006-05-09,35.248,0.003,26.68,0.845
2006-05-10,35.505,0.024,24.52,1.231
2006-05-11,34.888,0.278,30.19,0.735
2006-05-12,35.672,0.001,21.6,2.106
2006-05-13,35.556,0.002,23.35,1.512
2006-05-14,35.017,0.03,31.82,1.459
2006-05-15,33.947,0.615,38.08,1.459
2006-05-16,32.851,0.587,43.07,1.643
2006-05-17,33.022,0.29,41.45,1.703
2006-05-18,33.92,0.074,37.04,1.285
2006-05-19,34.163,0.187,34.9,1.971
2006-05-20,33.162,0.177,38.18,2.059
2006-05-21,31.149,4.469,52.71,2.558
2006-05-22,30.554,3.675,58.23,1.859
2006-05-23,31.448,0.47,54.38,1.667
2006-05-24,32.523,0.259,48.17,1.282
2006-05-25,32.519,0.072,49.33,0.885
2006-05-26,33.942,0.121,45.36,0.912
2006-05-27,33.993,0.027,46.29,1.148
2006-05-28,35.038,0.0,39.39,0.544
2006-05-29,35.924,0.001,32.39,1.965
2006-05-30,36.551,0.002,30.77,2.605
2006-05-31,36.493,0.281,36.24,3.474
2006-06-01,34.866,1.116,43.0,2.225
2006-06-02,30.762,12.468,62.45,1.984
2006-06-03,29.097,1.014,64.84,4.142
2006-06-04,30.288,1.137,61.44,2.962
2006-06-05,31.521,0.439,55.49,3.021
2006-06-06,32.485,0.109,44.48,3.163
2006-06-07,33.347,0.003,37.25,3.364
2006-06-08,33.813,0.001,32.44,2.9
2006-06-09,33.599,0.0,30.76,2.87
2006-06-10,35.15,0.0,30.15,3.469
2006-06-11,34.747,0.054,31.87,3.775
2006-06-12,34.896,0.0,23.86,4.356
2006-06-13,34.267,0.0,26.63,3.291
2006-06-14,33.913,0.003,28.9,2.748
2006-06-15,34.463,0.012,28.8,2.261
2006-06-16,34.872,0.015,30.59,2.085
2006-06-17,34.637,0.0,27.31,2.432
2006-06-18,34.799,0.0,27.22,1.285
2006-06-19,35.099,0.021,29.62,1.15
2006-06-20,33.35,0.071,34.53,1.786
2006-06-21,34.734,0.002,32.44,2.197
2006-06-22,34.784,0.034,38.53,2.662
2006-06-23,33.999,0.489,45.69,2.234
2006-06-24,31.95,11.898,59.25,1.339
2006-06-25,30.45,7.952,68.5,1.008
2006-06-26,31.229,3.216,62.15,0.403
2006-06-27,29.791,15.572,72.39,0.724
2006-06-28,28.474,15.24,80.47,1.371
2006-06-29,26.62,26.294,88.51,1.86
2006-06-30,28.259,2.932,77.53,2.095
2006-07-01,29.744,1.418,70.9,2.393
2006-07-02,30.026,4.56,72.35,1.023
2006-07-03,30.188,1.365,68.89,3.899
2006-07-04,29.005,1.864,71.42,5.195
2006-07-05,28.187,0.78,68.69,3.572
2006-07-06,28.37,0.162,68.46,4.276
2006-07-07,28.091,0.368,70.27,5.053
2006-07-08,29.953,1.742,64.48,5.206
2006-07-09,27.145,11.405,78.95,3.6
2006-07-10,28.512,1.161,69.37,4.17
2006-07-11,27.545,5.064,76.13,3.71
2006-07-12,26.92,21.727,82.15,2.888
2006-07-13,25.876,56.641,91.29,3.378
2006-07-14,27.853,3.735,76.36,3.606
2006-07-15,27.454,10.425,80.01,3.085
2006-07-16,27.237,10.621,85.4,1.662
2006-07-17,27.257,22.072,87.54,0.881
2006-07-18,26.77,19.009,88.64,0.446
2006-07-19,25.696,25.5,91.57,1.527
2006-07-20,25.289,31.523,94.4,1.442
2006-07-21,26.122,9.009,89.18,2.039
2006-07-22,26.409,5.903,84.21,2.091
2006-07-23,26.712,2.802,83.43,2.97
2006-07-24,26.929,5.817,83.18,2.675
2006-07-25,27.043,6.081,84.04,2.062
2006-07-26,25.465,15.987,91.9,2.158
2006-07-27,24.949,25.006,92.91,3.404
2006-07-28,24.849,8.712,91.71,1.493
2006-07-29,26.872,3.361,83.26,1.352
2006-07-30,26.1,40.031,87.48,1.136
2006-07-31,24.741,32.725,89.07,3.545
2006-08-01,26.982,0.128,74.25,3.426
2006-08-02,25.897,3.132,83.17,1.905
2006-08-03,26.582,6.289,85.1,1.912
2006-08-04,27.38,1.973,79.5,4.17
2006-08-05,26.447,2.516,78.38,3.643
2006-08-06,26.277,0.951,75.54,3.673
2006-08-07,26.117,1.683,78.34,3.322
2006-08-08,25.778,2.563,80.75,3.959
2006-08-09,25.734,1.955,83.64,3.661
2006-08-10,26.505,0.886,79.86,3.325
2006-08-11,26.781,1.916,81.19,1.866
2006-08-12,28.03,5.367,80.64,0.397
2006-08-13,27.407,21.145,84.7,1.929
2006-08-14,26.973,13.165,85.87,1.637
2006-08-15,26.533,2.134,83.59,1.676
2006-08-16,27.996,4.191,80.76,1.563
2006-08-17,27.566,13.438,80.98,4.202
2006-08-18,26.165,8.714,85.28,3.056
2006-08-19,27.073,0.091,74.3,2.9
2006-08-20,28.024,0.155,74.34,2.142
2006-08-21,28.103,0.695,75.14,3.131
2006-08-22,26.968,7.009,80.38,2.499
2006-08-23,25.805,32.632,90.98,2.451
2006-08-24,24.453,33.088,94.54,2.842
2006-08-25,25.994,6.385,82.58,3.341
2006-08-26,26.97,0.261,74.06,4.188
2006-08-27,26.93,1.114,75.21,3.416
2006-08-28,27.151,0.983,74.89,2.756
2006-08-29,27.012,6.615,78.46,2.284
2006-08-30,24.919,32.735,91.79,3.85
2006-08-31,24.581,5.77,81.39,4.239
2006-09-01,23.678,14.423,80.8,5.141
2006-09-02,25.998,7.713,82.42,2.715
2006-09-03,26.647,2.596,83.01,2.176
2006-09-04,26.623,2.954,83.07,2.173
2006-09-05,25.623,19.089,88.84,3.674
2006-09-06,27.085,0.346,77.81,3.26
2006-09-07,27.77,0.601,78.76,2.237
2006-09-08,27.916,0.154,74.68,2.179
2006-09-09,27.773,0.021,72.34,2.091
2006-09-10,27.723,0.028,73.34,1.897
2006-09-11,28.159,0.019,71.69,2.077
2006-09-12,28.418,0.214,72.64,2.159
2006-09-13,28.422,0.101,72.85,1.345
2006-09-14,28.717,0.234,70.45,0.429
2006-09-15,28.423,1.3,75.16,1.376
2006-09-16,28.097,0.613,74.91,1.86
2006-09-17,28.142,0.807,76.3,1.728
2006-09-18,28.156,3.128,79.45,1.406
2006-09-19,28.497,0.944,75.87,1.437
2006-09-20,27.324,7.431,81.43,1.217
2006-09-21,27.012,1.258,77.85,2.416
2006-09-22,26.981,0.338,74.84,0.766
2006-09-23,26.474,0.427,75.65,1.133
2006-09-24,25.822,0.17,75.78,0.73
2006-09-25,26.22,0.009,67.55,0.809
2006-09-26,26.373,0.001,64.64,0.635
2006-09-27,27.132,0.002,62.41,1.313
2006-09-28,27.568,0.0,59.79,1.316
2006-09-29,27.719,0.001,59.76,1.057
2006-09-30,27.736,4.16,76.75,2.171
2006-10-01,27.907,1.609,76.99,1.1
2006-10-02,28.373,2.031,76.17,0.776
2006-10-03,28.853,0.85,72.09,1.386
2006-10-04,29.201,0.007,56.32,2.118
2006-10-05,29.115,0.001,48.08,3.234
2006-10-06,28.468,0.0,46.33,2.592
2006-10-07,27.946,0.002,47.03,2.68
2006-10-08,28.685,0.0,47.21,2.387
2006-10-09,28.619,0.002,47.15,2.285
2006-10-10,28.243,0.0,50.43,1.783
2006-10-11,28.1,0.001,48.2,1.952
2006-10-12,28.036,0.0,46.34,1.763
2006-10-13,28.781,0.0,43.85,0.647
2006-10-14,28.324,0.001,44.81,1.14
2006-10-15,28.385,0.0,42.98,0.817
2006-10-16,27.991,0.001,43.61,0.283
2006-10-17,27.92,0.003,42.67,0.581
2006-10-18,27.627,0.003,40.09,0.532
2006-10-19,25.674,1.548,54.52,0.739
2006-10-20,25.261,0.018,59.63,1.266
2006-10-21,25.618,0.23,58.33,0.494
2006-10-22,24.866,1.052,60.83,0.91
2006-10-23,24.547,0.354,59.72,1.197
2006-10-24,24.37,0.001,54.74,1.068
2006-10-25,24.407,0.001,54.33,1.151
2006-10-26,24.373,0.002,54.67,1.206
2006-10-27,24.224,0.001,53.84,1.691
2006-10-28,24.451,0.0,50.92,1.593
2006-10-29,24.407,0.002,49.57,1.747
2006-10-30,24.018,0.001,46.32,1.529
2006-10-31,24.375,0.005,45.98,1.47
2006-11-01,24.439,0.157,58.12,1.405
2006-11-02,23.062,5.107,76.07,1.331
2006-11-03,23.609,0.373,76.16,0.455
2006-11-04,24.124,0.003,60.37,0.76
2006-11-05,23.929,0.0,51.97,1.352
2006-11-06,23.891,0.0,45.79,0.952
2006-11-07,23.957,0.002,45.14,0.186
2006-11-08,23.846,0.002,46.06,0.71
2006-11-09,23.484,0.005,50.47,1.234
2006-11-10,22.869,0.002,55.29,1.47
2006-11-11,23.295,0.001,59.19,1.241
2006-11-12,23.169,0.0,57.64,0.986
2006-11-13,23.213,0.002,52.75,0.425
2006-11-14,23.606,0.002,46.98,0.61
2006-11-15,23.111,0.002,50.1,0.749
2006-11-16,23.294,0.0,51.25,0.612
2006-11-17,23.057,0.001,50.77,0.771
2006-11-18,22.679,0.0,47.4,0.973
2006-11-19,22.942,0.0,47.82,1.807
2006-11-20,22.579,0.001,55.49,2.305
2006-11-21,22.577,0.0,53.25,1.288
2006-11-22,23.609,0.002,50.26,1.374
2006-11-23,23.747,0.001,48.34,1.464
2006-11-24,22.378,0.02,54.36,1.48
2006-11-25,20.785,0.001,54.2,1.872
2006-11-26,19.296,0.001,45.13,1.491
2006-11-27,18.637,0.001,43.97,0.959
2006-11-28,19.152,0.001,46.95,1.278
2006-11-29,19.612,0.0,46.7,1.542
2006-11-30,19.358,0.002,40.37,1.656
2006-12-01,18.866,0.001,39.79,1.809
2006-12-02,19.072,0.002,43.52,0.961
2006-12-03,20.054,-0.0,44.04,1.019
2006-12-04,22.251,0.0,51.02,1.451
2006-12-05,23.39,0.003,54.76,0.546
2006-12-06,23.48,0.0,55.14,1.081
2006-12-07,22.472,0.003,61.85,1.007
2006-12-08,21.513,0.021,68.29,1.537
2006-12-09,20.206,0.001,71.18,1.312
2006-12-10,21.943,0.025,60.48,1.168
2006-12-11,19.898,0.0,51.47,2.626
2006-12-12,16.755,0.003,52.0,1.754
2006-12-13,16.941,0.004,52.29,1.345
2006-12-14,16.904,0.001,49.95,2.004
2006-12-15,17.642,0.001,45.52,2.132
2006-12-16,17.199,0.0,47.47,2.304
2006-12-17,17.188,0.002,54.73,1.874
2006-12-18,18.099,0.001,48.32,1.075
2006-12-19,17.108,0.001,48.05,1.356
2006-12-20,18.072,0.001,53.72,2.132
2006-12-21,19.092,0.001,62.0,1.176
2006-12-22,18.421,0.0,64.15,1.376
2006-12-23,17.927,0.002,56.95,0.574
2006-12-24,17.121,0.002,58.66,1.02
2006-12-25,16.802,0.0,54.01,0.768
2006-12-26,19.421,0.005,55.84,0.287
2006-12-27,18.036,0.224,67.53,1.712
2006-12-28,16.625,0.001,57.84,1.135
2006-12-29,16.146,0.001,54.25,0.375
2006-12-30,16.523,0.001,54.86,0.385
2006-12-31,18.108,0.001,57.52,0.799
2007-01-01,17.267,0.001,59.01,1.416
2007-01-02,16.921,0.001,60.44,1.607
2007-01-03,15.936,0.0,55.58,2.168
2007-01-04,14.959,0.001,44.97,1.976
2007-01-05,15.267,0.0,44.0,1.534
2007-01-06,16.056,0.002,44.12,2.228
2007-01-07,15.537,0.001,47.04,1.785
2007-01-08,14.65,0.001,51.21,1.138
2007-01-09,16.227,0.0,56.93,1.199
2007-01-10,17.604,0.002,60.22,1.133
2007-01-11,16.305,0.0,61.81,1.647
2007-01-12,15.487,0.001,47.1,1.683
2007-01-13,14.275,0.0,41.88,1.737
2007-01-14,14.992,0.002,41.06,0.572
2007-01-15,15.841,0.001,41.58,1.051
2007-01-16,16.465,0.0,44.44,1.514
2007-01-17,16.227,0.001,43.64,1.027
2007-01-18,17.273,0.001,42.71,0.726
2007-01-19,17.951,0.0,43.68,0.898
2007-01-20,18.631,0.0,46.75,1.223
2007-01-21,17.23,0.0,51.07,1.884
2007-01-22,15.61,0.0,40.94,1.28
2007-01-23,15.569,0.002,43.0,0.847
2007-01-24,16.014,0.001,46.07,0.961
2007-01-25,17.797,0.002,44.74,0.712
2007-01-26,19.647,0.0,44.34,0.896
2007-01-27,21.627,0.002,43.94,1.222
2007-01-28,22.956,0.001,44.9,1.714
2007-01-29,23.244,0.04,48.86,0.806
2007-01-30,23.491,0.076,49.28,0.733
2007-01-31,21.643,0.002,59.0,1.695
2007-02-01,20.951,0.0,50.35,0.945
2007-02-02,20.208,0.0,44.83,1.201
2007-02-03,21.364,0.001,44.01,1.344
2007-02-04,21.976,0.002,46.68,1.22
2007-02-05,22.035,0.006,46.53,0.567
2007-02-06,22.431,0.001,43.88,1.044
2007-02-07,21.503,0.18,56.15,1.413
2007-02-08,20.43,0.002,63.39,2.138
2007-02-09,21.418,0.016,57.79,2.873
2007-02-10,17.933,29.327,87.76,2.783
2007-02-11,20.072,8.813,76.56,0.565
2007-02-12,19.226,0.503,74.09,0.615
2007-02-13,17.311,9.369,81.06,0.612
2007-02-14,16.734,0.032,66.82,0.748
2007-02-15,18.423,0.007,59.45,0.84
2007-02-16,18.478,0.03,60.62,0.916
2007-02-17,17.941,0.003,62.01,1.342
2007-02-18,18.43,0.002,55.3,1.451
2007-02-19,20.193,-0.0,53.6,0.661
2007-02-20,19.881,0.002,58.88,1.598
2007-02-21,20.361,0.0,49.45,0.43
2007-02-22,21.623,0.001,49.55,0.492
2007-02-23,22.362,0.014,52.24,1.36
2007-02-24,22.612,1.878,58.1,1.72
2007-02-25,20.823,2.172,65.94,0.653
2007-02-26,21.387,0.219,61.2,0.871
2007-02-27,22.927,0.001,50.39,1.615
2007-02-28,24.499,0.031,44.62,1.122
2007-03-01,20.774,0.4,65.73,2.323
2007-03-02,19.247,0.003,56.99,2.156
2007-03-03,19.329,0.001,46.75,1.172
2007-03-04,20.274,0.003,43.06,1.771
2007-03-05,20.8,0.002,38.19,2.402
2007-03-06,20.69,0.001,39.44,2.511
2007-03-07,20.937,0.002,34.03,1.667
2007-03-08,21.514,0.001,34.37,0.703
2007-03-09,23.078,0.0,31.01,1.617
2007-03-10,24.752,0.0,32.62,1.423
2007-03-11,25.838,0.465,35.62,1.655
2007-03-12,25.722,0.918,47.42,2.053
2007-03-13,25.103,1.738,58.05,1.401
2007-03-14,22.443,0.241,58.88,2.589
2007-03-15,20.348,0.0,38.27,2.605
2007-03-16,22.17,0.003,40.47,2.54
2007-03-17,24.48,0.0,41.71,0.903
2007-03-18,26.564,0.001,42.15,0.591
2007-03-19,27.555,0.0,43.77,1.395
2007-03-20,28.506,0.182,40.76,0.862
2007-03-21,28.994,0.63,38.25,0.287
2007-03-22,28.483,0.006,34.27,2.048
2007-03-23,27.39,0.001,39.28,2.224
2007-03-24,25.987,0.0,29.91,2.056
2007-03-25,26.162,0.001,23.55,2.561
2007-03-26,26.073,0.002,25.14,2.516
2007-03-27,27.959,0.002,25.42,1.257
2007-03-28,28.238,0.0,29.83,1.316
2007-03-29,29.493,0.0,28.5,1.156
2007-03-30,30.024,0.002,28.61,0.791
2007-03-31,31.182,0.002,24.74,0.595
2007-04-01,32.004,0.002,22.96,1.719
2007-04-02,30.98,0.001,23.22,2.37
2007-04-03,28.792,0.001,20.13,3.201
2007-04-04,28.256,0.001,19.17,2.683
2007-04-05,29.663,0.0,23.34,0.834
2007-04-06,31.074,0.003,25.08,1.026
2007-04-07,31.466,0.434,26.09,0.92
2007-04-08,31.464,0.499,23.89,0.327
2007-04-09,30.023,0.004,28.48,2.315
2007-04-10,30.31,0.0,23.39,2.49
2007-04-11,31.75,0.0,18.67,2.734
2007-04-12,32.061,0.001,21.18,0.938
2007-04-13,32.473,0.001,23.14,1.16
2007-04-14,32.044,0.004,24.95,1.559
2007-04-15,31.631,0.068,29.12,1.548
2007-04-16,31.69,0.035,30.71,0.722
2007-04-17,33.116,0.054,26.33,0.955
2007-04-18,31.605,0.815,32.61,0.611
2007-04-19,32.169,0.037,31.11,0.345
2007-04-20,33.067,0.011,25.15,0.887
2007-04-21,33.384,0.098,22.75,2.908
2007-04-22,33.017,0.0,20.39,2.913
2007-04-23,33.918,0.001,18.03,4.013
2007-04-24,33.735,0.003,18.07,3.385
2007-04-25,34.48,0.002,17.85,2.242
2007-04-26,34.172,0.002,15.67,2.534
2007-04-27,33.716,0.001,15.73,1.746
2007-04-28,34.61,0.001,17.38,0.765
2007-04-29,35.03,0.002,18.49,0.872
2007-04-30,34.928,0.001,21.02,1.933
2007-05-01,34.409,0.037,26.09,2.226
2007-05-02,33.454,0.636,30.68,1.766
2007-05-03,33.823,0.019,30.71,1.36
2007-05-04,32.584,0.6,36.89,1.528
2007-05-05,32.497,0.004,40.27,1.808
2007-05-06,32.728,0.026,39.43,1.732
2007-05-07,32.994,0.081,38.67,1.388
2007-05-08,33.197,0.058,38.28,1.289
2007-05-09,34.301,0.008,31.36,0.37
2007-05-10,34.895,0.005,27.27,0.434
2007-05-11,35.431,0.002,22.94,1.053
2007-05-12,34.054,0.008,28.53,1.18
2007-05-13,34.538,0.001,26.48,1.136
2007-05-14,34.432,0.342,28.45,1.225
2007-05-15,35.643,0.005,24.27,2.195
2007-05-16,35.166,0.444,30.48,1.573
2007-05-17,34.294,0.102,35.64,1.021
2007-05-18,33.349,3.081,40.53,0.148
2007-05-19,34.279,0.047,33.73,1.179
2007-05-20,35.045,0.001,27.88,3.571
2007-05-21,34.782,0.126,31.06,3.34
2007-05-22,34.437,0.008,28.02,3.171
2007-05-23,34.857,0.0,19.59,3.071
2007-05-24,34.605,0.003,18.74,2.811
2007-05-25,35.435,0.001,17.93,2.597
2007-05-26,35.511,0.0,18.91,2.963
2007-05-27,34.143,0.001,21.66,2.211
2007-05-28,33.898,0.8,24.87,0.707
2007-05-29,32.68,0.059,33.24,1.517
2007-05-30,33.251,0.01,28.47,1.915
2007-05-31,34.457,0.001,25.05,1.228
2007-06-01,35.435,0.001,22.29,1.488
2007-06-02,36.262,0.001,19.47,1.881
2007-06-03,36.42,0.105,22.28,2.864
2007-06-04,34.966,0.05,30.28,3.985
2007-06-05,34.981,0.056,34.05,3.861
2007-06-06,36.078,0.001,32.41,3.527
2007-06-07,37.359,0.0,27.47,3.774
2007-06-08,37.922,0.001,27.07,3.723
2007-06-09,38.605,0.002,25.78,4.351
2007-06-10,37.58,0.054,29.4,4.063
2007-06-11,37.185,0.028,31.82,3.476
2007-06-12,37.133,0.416,34.6,2.073
2007-06-13,34.485,3.279,46.63,2.106
2007-06-14,30.474,5.948,64.83,3.829
2007-06-15,29.925,8.033,69.58,2.941
2007-06-16,30.135,2.56,69.71,2.214
2007-06-17,30.964,4.405,66.25,2.379
2007-06-18,30.66,3.467,68.17,2.611
2007-06-19,31.728,1.651,63.32,1.288
2007-06-20,30.768,5.479,67.09,0.295
2007-06-21,32.389,0.14,57.18,2.581
2007-06-22,32.52,1.05,57.32,4.338
2007-06-23,31.943,0.199,55.72,4.508
2007-06-24,31.189,3.886,58.99,2.604
2007-06-25,30.847,3.951,59.43,2.955
2007-06-26,29.842,5.248,66.35,2.791
2007-06-27,28.977,11.552,72.55,2.571
2007-06-28,28.187,4.783,78.45,1.424
2007-06-29,29.9,2.147,67.94,3.601
2007-06-30,28.599,2.095,72.73,4.86
2007-07-01,28.364,0.437,70.39,4.236
2007-07-02,29.719,0.125,64.32,3.875
2007-07-03,28.92,0.487,66.01,4.477
2007-07-04,27.629,0.453,68.81,4.812
2007-07-05,26.577,14.005,82.45,4.427
2007-07-06,27.143,20.106,84.94,2.41
2007-07-07,27.342,32.506,84.83,3.936
2007-07-08,26.805,2.056,77.8,3.06
2007-07-09,26.442,0.703,76.01,4.527
2007-07-10,26.94,0.303,75.68,3.55
2007-07-11,28.342,1.268,74.56,3.615
2007-07-12,28.122,4.299,77.94,3.684
2007-07-13,27.933,9.405,80.81,2.902
2007-07-14,28.06,11.549,82.47,2.389
2007-07-15,28.49,5.019,80.36,1.873
2007-07-16,27.514,13.232,83.16,2.228
2007-07-17,26.927,10.191,86.73,2.967
2007-07-18,28.576,3.88,78.3,3.483
2007-07-19,29.494,3.529,72.96,3.833
2007-07-20,29.449,0.117,64.36,4.366
2007-07-21,29.196,0.211,64.83,3.797
2007-07-22,29.54,0.1,62.68,3.029
2007-07-23,28.53,4.71,73.11,1.558
2007-07-24,27.877,4.551,76.47,2.397
2007-07-25,27.629,4.024,79.76,3.086
2007-07-26,26.494,14.937,84.74,3.06
2007-07-27,27.003,5.687,79.9,3.256
2007-07-28,28.21,2.728,77.28,2.745
2007-07-29,28.01,2.728,78.62,2.106
2007-07-30,28.736,1.849,76.74,2.078
2007-07-31,28.802,10.105,78.1,2.142
2007-08-01,26.933,27.576,88.26,1.942
2007-08-02,26.733,16.724,88.11,1.846
2007-08-03,26.662,12.828,85.41,1.153
2007-08-04,27.088,6.321,84.57,1.48
2007-08-05,28.296,7.883,79.56,0.97
2007-08-06,27.672,21.751,85.39,1.335
2007-08-07,27.617,4.719,80.84,4.695
2007-08-08,26.889,0.747,76.73,3.646
2007-08-09,27.789,0.371,73.68,2.514
2007-08-10,28.455,1.581,74.43,2.647
2007-08-11,28.951,0.947,71.35,3.858
2007-08-12,28.288,2.781,74.89,3.79
2007-08-13,26.804,13.598,83.69,3.906
2007-08-14,25.992,7.818,84.87,3.98
2007-08-15,27.676,0.768,73.27,4.441
2007-08-16,28.423,0.188,68.32,4.418
2007-08-17,28.465,0.07,68.03,4.247
2007-08-18,27.757,2.078,74.6,3.128
2007-08-19,26.39,22.978,86.35,1.388
2007-08-20,25.628,17.663,89.94,1.647
2007-08-21,25.356,17.309,89.83,1.395
2007-08-22,27.269,0.107,77.01,2.337
2007-08-23,28.421,0.384,74.72,1.826
2007-08-24,28.564,6.127,79.19,0.837
2007-08-25,27.513,11.968,85.95,0.373
2007-08-26,27.329,16.313,86.39,0.714
2007-08-27,27.214,8.725,86.91,0.22
2007-08-28,26.158,10.587,89.57,0.618
2007-08-29,27.807,3.334,83.0,1.302
2007-08-30,28.31,3.602,80.62,1.179
2007-08-31,27.727,10.573,84.05,0.99
2007-09-01,27.635,7.705,84.0,0.653
2007-09-02,28.145,6.075,84.13,0.333
2007-09-03,28.226,10.133,84.34,1.001
2007-09-04,28.176,7.006,82.88,2.082
2007-09-05,26.95,11.339,87.5,2.329
2007-09-06,26.391,13.626,88.28,2.014
2007-09-07,26.231,5.758,87.42,2.031
2007-09-08,26.984,5.567,84.15,1.861
2007-09-09,27.95,1.004,78.27,2.432
2007-09-10,27.998,0.398,73.83,2.78
2007-09-11,27.814,0.544,73.72,2.68
2007-09-12,28.25,0.756,76.68,2.312
2007-09-13,28.382,0.349,74.56,1.892
2007-09-14,28.264,0.293,74.46,1.409
2007-09-15,28.161,0.436,75.77,1.335
2007-09-16,28.458,0.316,72.61,0.714
2007-09-17,28.84,0.482,71.65,0.751
2007-09-18,28.725,0.863,74.05,0.854
2007-09-19,28.463,1.45,78.5,0.855
2007-09-20,28.38,1.941,78.3,1.732
2007-09-21,28.463,1.267,76.45,1.915
2007-09-22,28.412,0.446,70.43,2.898
2007-09-23,27.315,0.937,68.86,4.538
2007-09-24,22.791,20.648,90.19,4.557
2007-09-25,23.006,2.329,87.15,2.039
2007-09-26,25.743,0.571,79.28,1.056
2007-09-27,26.305,6.215,83.56,1.476
2007-09-28,25.719,16.193,87.79,0.607
2007-09-29,26.594,0.563,79.4,1.033
2007-09-30,26.141,0.423,79.15,1.709
2007-10-01,25.366,0.007,64.44,1.468
2007-10-02,25.32,0.001,56.11,1.012
2007-10-03,25.639,0.001,56.12,0.153
2007-10-04,26.459,0.0,59.71,0.628
2007-10-05,26.321,0.105,70.83,1.1
2007-10-06,26.733,0.001,55.95,1.339
2007-10-07,26.111,0.0,50.5,1.589
2007-10-08,25.627,0.0,49.08,1.834
2007-10-09,24.79,0.0,47.19,1.516
2007-10-10,25.338,0.001,45.65,1.667
2007-10-11,25.031,0.0,46.81,0.866
2007-10-12,24.986,0.0,45.43,0.535
2007-10-13,24.201,0.003,41.9,0.548
2007-10-14,24.923,0.002,44.82,0.25
2007-10-15,25.547,0.001,53.25,1.041
2007-10-16,25.066,0.1,62.74,0.626
2007-10-17,25.256,0.002,46.82,0.64
2007-10-18,25.497,0.001,46.35,0.634
2007-10-19,25.012,0.0,44.5,0.387
2007-10-20,25.022,0.0,39.36,1.202
2007-10-21,25.207,0.0,34.44,1.784
2007-10-22,25.177,0.003,35.38,1.026
2007-10-23,25.427,0.0,38.75,0.542
2007-10-24,25.242,0.003,46.06,0.868
2007-10-25,24.789,0.0,45.63,1.488
2007-10-26,24.762,0.002,47.16,0.864
2007-10-27,25.066,0.002,44.78,0.548
2007-10-28,25.407,-0.0,39.34,0.632
2007-10-29,24.75,0.0,40.74,1.558
2007-10-30,24.158,0.001,51.36,2.118
2007-10-31,25.168,0.0,54.7,1.878
2007-11-01,25.983,0.002,54.22,1.751
2007-11-02,25.111,0.001,50.4,1.09
2007-11-03,24.191,0.001,42.34,1.163
2007-11-04,23.773,0.003,42.68,1.103
2007-11-05,23.811,0.0,46.25,0.517
2007-11-06,24.298,0.001,46.02,1.49
2007-11-07,24.648,0.0,46.21,1.589
2007-11-08,24.734,0.001,45.48,1.812
2007-11-09,25.081,0.001,47.42,1.662
2007-11-10,25.179,0.053,45.16,1.047
2007-11-11,24.653,0.001,50.04,0.728
2007-11-12,24.533,0.0,46.67,1.113
2007-11-13,24.376,0.0,42.02,0.758
2007-11-14,23.674,0.0,44.07,1.217
2007-11-15,22.86,0.0,47.82,1.611
2007-11-16,21.925,0.003,48.71,0.597
2007-11-17,21.615,0.001,45.04,0.673
2007-11-18,21.105,0.001,42.74,0.676
2007-11-19,20.706,0.0,42.83,0.663
2007-11-20,19.54,0.001,41.28,1.886
2007-11-21,20.638,0.0,41.69,1.266
2007-11-22,20.463,0.003,46.39,0.465
2007-11-23,20.223,0.001,48.35,0.517
2007-11-24,19.919,0.001,48.59,0.204
2007-11-25,20.343,0.0,48.39,0.167
2007-11-26,20.035,0.001,51.75,0.281
2007-11-27,19.695,0.0,51.6,0.39
2007-11-28,19.681,0.001,49.12,0.991
2007-11-29,20.337,0.0,48.06,1.526
2007-11-30,21.212,0.0,48.52,1.26
2007-12-01,20.915,0.0,49.77,1.063
2007-12-02,21.244,0.246,48.88,0.815
2007-12-03,19.225,1.213,65.73,1.185
2007-12-04,18.889,0.001,57.62,1.288
2007-12-05,18.357,0.0,51.6,1.774
2007-12-06,18.247,0.001,53.08,1.439
2007-12-07,17.887,0.0,57.74,0.535
2007-12-08,17.378,0.0,55.16,0.581
2007-12-09,17.087,0.0,51.32,0.634
2007-12-10,18.25,0.001,50.33,1.431
2007-12-11,20.943,0.162,56.16,1.368
2007-12-12,20.279,0.942,69.28,0.146
2007-12-13,18.938,0.463,78.0,1.468
2007-12-14,17.973,0.011,64.28,2.425
2007-12-15,15.532,0.002,51.21,1.817
2007-12-16,14.941,0.0,47.61,1.836
2007-12-17,14.26,0.001,43.82,1.063
2007-12-18,14.283,0.001,45.09,0.354
2007-12-19,15.461,0.0,44.04,0.463
2007-12-20,16.327,0.001,41.61,1.321
2007-12-21,18.013,0.001,44.44,2.564
2007-12-22,19.369,0.003,35.53,3.329
2007-12-23,18.431,0.0,39.42,2.22
2007-12-24,19.787,0.0,46.58,1.579
2007-12-25,20.511,0.001,54.88,1.503
2007-12-26,18.955,0.001,51.29,1.692
2007-12-27,18.465,0.0,41.94,1.522
2007-12-28,17.426,0.001,35.76,1.472
2007-12-29,16.502,0.001,38.44,1.41
2007-12-30,15.75,0.0,41.05,1.591
2007-12-31,15.343,0.0,35.7,1.256
2008-01-01,16.613,0.001,37.14,1.556
2008-01-02,16.774,0.168,43.63,2.18
2008-01-03,16.665,0.02,49.94,1.821
2008-01-04,17.103,0.003,48.56,1.378
2008-01-05,18.171,0.001,48.17,1.002
2008-01-06,19.631,0.0,51.81,1.463
2008-01-07,19.985,0.001,55.68,0.76
2008-01-08,20.568,0.002,55.36,1.341
2008-01-09,21.598,0.001,49.54,1.551
2008-01-10,21.708,0.0,48.97,1.198
2008-01-11,19.74,0.023,61.77,2.027
2008-01-12,16.528,0.001,44.4,2.234
2008-01-13,16.076,0.0,37.54,2.142
2008-01-14,16.533,0.0,38.71,2.258
2008-01-15,17.221,0.0,34.41,2.337
2008-01-16,18.149,0.001,39.37,1.821
2008-01-17,20.061,0.002,47.88,0.467
2008-01-18,21.655,0.001,45.58,1.845
2008-01-19,19.227,0.001,54.79,1.738
2008-01-20,16.847,0.0,54.36,2.197
2008-01-21,14.226,0.002,39.91,1.783
2008-01-22,14.751,0.058,41.98,1.702
2008-01-23,13.844,0.001,43.31,2.093
2008-01-24,13.474,0.0,59.43,2.201
2008-01-25,14.531,0.002,60.69,2.175
2008-01-26,14.824,0.003,51.38,1.926
2008-01-27,14.815,0.002,48.07,1.452
2008-01-28,15.352,0.004,47.65,0.216
2008-01-29,15.783,0.283,51.86,1.345
2008-01-30,15.735,0.015,51.11,1.15
2008-01-31,14.786,0.0,38.84,1.861
2008-02-01,14.348,0.0,35.58,0.429
2008-02-02,15.247,0.064,34.71,1.744
2008-02-03,18.394,0.048,38.48,1.49
2008-02-04,18.456,0.0,51.76,0.656
2008-02-05,19.222,0.006,53.06,0.743
2008-02-06,18.779,0.3,67.76,1.145
2008-02-07,19.493,0.991,66.91,1.595
2008-02-08,16.353,0.538,70.78,2.747
2008-02-09,14.306,0.0,41.03,2.724
2008-02-10,14.466,0.001,41.27,1.867
2008-02-11,14.884,0.0,38.55,1.595
2008-02-12,14.701,0.004,31.67,2.294
2008-02-13,14.837,0.001,27.5,2.085
2008-02-14,16.192,0.0,29.77,0.226
2008-02-15,18.422,0.001,28.34,0.844
2008-02-16,19.843,0.001,29.59,1.97
2008-02-17,21.051,0.002,30.08,0.522
2008-02-18,21.187,0.001,30.05,0.754
2008-02-19,20.344,0.0,33.91,1.419
2008-02-20,19.49,0.002,33.19,1.214
2008-02-21,20.419,0.0,36.4,1.688
2008-02-22,22.686,0.001,33.26,1.758
2008-02-23,23.935,0.003,32.86,1.478
2008-02-24,23.643,0.001,42.24,1.72
2008-02-25,21.021,0.0,30.99,2.53
2008-02-26,20.292,0.001,27.11,1.555
2008-02-27,21.209,0.001,25.5,0.81
2008-02-28,21.897,0.001,26.26,0.322
2008-02-29,22.853,0.003,26.47,0.606
2008-03-01,24.559,0.002,25.89,0.156
2008-03-02,25.749,0.001,24.87,1.312
2008-03-03,25.717,0.001,23.97,0.401
2008-03-04,25.594,0.0,24.08,0.724
2008-03-05,27.246,0.001,21.22,0.689
2008-03-06,27.154,0.002,27.29,1.063
2008-03-07,27.243,0.002,30.64,0.685
2008-03-08,26.909,0.001,31.2,0.743
2008-03-09,27.177,0.0,33.35,1.02
2008-03-10,26.886,0.001,34.45,1.726
2008-03-11,26.167,0.001,29.9,1.65
2008-03-12,26.032,0.007,33.01,1.953
2008-03-13,25.836,0.335,38.41,2.044
2008-03-14,25.774,0.009,40.79,1.768
2008-03-15,26.278,0.032,32.42,0.963
2008-03-16,27.071,0.0,26.38,0.713
2008-03-17,28.45,0.001,19.55,1.097
2008-03-18,29.327,0.001,19.06,1.003
2008-03-19,29.186,0.001,19.7,2.009
2008-03-20,28.546,0.002,22.93,0.938
2008-03-21,28.81,0.002,25.21,1.778
2008-03-22,29.006,0.006,25.19,1.5
2008-03-23,27.322,2.689,49.33,1.6
2008-03-24,28.101,0.473,41.84,0.816
2008-03-25,27.829,0.652,44.77,0.765
2008-03-26,28.551,0.001,28.03,1.065
2008-03-27,29.104,0.0,19.56,1.2
2008-03-28,29.79,0.001,18.57,0.668
2008-03-29,30.392,0.001,16.97,0.974
2008-03-30,30.372,0.021,18.03,0.52
2008-03-31,29.031,0.389,24.3,0.187
2008-04-01,28.435,0.499,26.72,0.274
2008-04-02,29.434,0.008,23.94,0.523
2008-04-03,27.956,2.421,34.57,0.893
2008-04-04,27.683,0.492,33.39,0.522
2008-04-05,26.357,1.39,42.13,0.319
2008-04-06,25.859,0.029,43.71,2.013
2008-04-07,26.531,0.001,32.67,1.604
2008-04-08,28.15,0.0,28.79,1.657
2008-04-09,29.742,0.0,24.89,1.749
2008-04-10,30.443,0.001,24.05,2.367
2008-04-11,31.985,0.004,22.51,1.298
2008-04-12,32.355,0.087,23.06,0.795
2008-04-13,32.51,0.0,22.85,0.85
2008-04-14,33.206,0.001,21.65,0.401
2008-04-15,33.404,0.001,19.53,2.231
2008-04-16,33.132,0.0,16.26,3.182
2008-04-17,31.78,0.0,23.17,3.023
2008-04-18,30.785,0.001,16.89,2.203
2008-04-19,31.454,0.001,14.24,1.833
2008-04-20,32.49,0.0,13.32,1.22
2008-04-21,32.621,0.0,14.41,1.281
2008-04-22,33.299,0.002,16.01,1.33
2008-04-23,33.899,0.002,15.59,1.02
2008-04-24,34.315,0.001,14.39,0.577
2008-04-25,34.834,0.001,14.53,1.028
2008-04-26,34.481,0.001,15.55,1.7
2008-04-27,35.004,0.002,12.28,1.645
2008-04-28,33.971,0.002,11.58,1.049
2008-04-29,34.855,0.002,13.07,0.063
2008-04-30,35.496,0.019,13.97,1.12
2008-05-01,35.762,0.001,11.9,3.812
2008-05-02,34.238,0.0,13.35,3.706
2008-05-03,35.359,0.002,15.6,3.506
2008-05-04,35.643,0.022,16.08,3.554
2008-05-05,34.629,0.001,19.2,2.813
2008-05-06,34.265,0.005,20.43,1.768
2008-05-07,33.442,0.461,23.66,1.763
2008-05-08,33.553,0.0,19.84,1.799
2008-05-09,33.406,0.002,21.85,2.947
2008-05-10,33.071,0.2,27.03,2.616
2008-05-11,33.172,0.111,25.75,1.812
2008-05-12,33.836,0.044,21.6,1.443
2008-05-13,34.175,0.085,23.32,2.484
2008-05-14,33.647,0.025,25.53,2.824
2008-05-15,34.345,0.04,30.28,2.564
2008-05-16,35.305,0.005,23.9,3.632
2008-05-17,36.26,0.001,21.23,4.473
2008-05-18,36.245,0.093,19.95,4.409
2008-05-19,34.862,0.018,24.82,2.734
2008-05-20,33.936,0.638,31.53,2.41
2008-05-21,33.14,0.348,35.5,2.077
2008-05-22,31.123,2.496,46.86,1.255
2008-05-23,31.488,1.531,47.92,1.16
2008-05-24,31.64,0.92,49.32,1.826
2008-05-25,33.218,0.035,39.46,1.365
2008-05-26,33.7,0.082,32.43,1.11
2008-05-27,34.137,0.164,32.41,1.419
2008-05-28,35.13,0.001,22.67,1.448
2008-05-29,34.927,0.009,23.41,1.562
2008-05-30,34.215,0.003,27.71,1.51
2008-05-31,34.893,0.794,27.15,1.721
2008-06-01,34.283,0.186,32.44,1.775
2008-06-02,34.266,0.13,34.76,1.861
2008-06-03,34.103,0.967,39.98,2.195
2008-06-04,33.833,1.562,43.57,2.477
2008-06-05,32.367,4.776,49.58,2.696
2008-06-06,31.897,2.679,51.34,1.966
2008-06-07,31.014,5.307,59.07,0.541
2008-06-08,30.506,10.783,63.73,0.604
2008-06-09,29.382,9.236,73.43,0.574
2008-06-10,27.872,28.292,80.94,0.827
2008-06-11,27.587,21.672,82.24,1.074
2008-06-12,27.261,15.355,83.42,2.1
2008-06-13,26.89,9.495,82.45,3.342
2008-06-14,29.207,0.487,64.54,3.977
2008-06-15,27.529,5.99,78.16,3.165
2008-06-16,26.436,14.66,86.37,3.212
2008-06-17,25.697,36.468,84.95,4.294
2008-06-18,24.69,125.758,90.1,4.882
2008-06-19,24.051,76.014,91.43,4.724
2008-06-20,24.379,71.114,93.53,3.134
2008-06-21,26.109,16.865,85.63,2.634
2008-06-22,26.847,15.085,84.08,2.364
2008-06-23,27.501,11.169,81.21,2.3
2008-06-24,27.59,9.025,82.13,1.869
2008-06-25,26.843,10.137,86.38,1.159
2008-06-26,27.78,11.034,84.36,1.72
2008-06-27,26.948,19.722,87.18,2.05
2008-06-28,25.838,20.687,91.17,2.243
2008-06-29,25.345,15.486,91.15,2.923
2008-06-30,26.964,5.666,84.61,3.086
2008-07-01,25.69,18.998,91.41,2.875
2008-07-02,26.66,16.955,86.79,2.941
2008-07-03,27.38,10.538,82.62,3.668
2008-07-04,26.338,21.718,89.46,3.384
2008-07-05,25.814,18.308,89.26,3.483
2008-07-06,26.61,6.234,81.01,3.884
2008-07-07,26.848,6.053,79.2,3.032
2008-07-08,26.967,13.282,82.72,2.121
2008-07-09,26.472,17.697,87.7,1.164
2008-07-10,26.124,8.961,89.88,0.732
2008-07-11,25.961,2.265,83.17,4.764
2008-07-12,25.68,9.59,79.25,5.299
2008-07-13,26.357,14.496,81.91,4.359
2008-07-14,26.861,7.288,82.41,3.753
2008-07-15,27.484,3.55,79.36,3.508
2008-07-16,28.222,1.374,76.41,2.917
2008-07-17,28.301,3.928,76.65,2.488
2008-07-18,28.58,0.575,73.59,2.565
2008-07-19,27.582,8.672,81.04,2.233
2008-07-20,26.931,14.508,85.73,2.284
2008-07-21,27.602,10.031,82.39,2.908
2008-07-22,26.566,19.112,89.3,2.69
2008-07-23,27.008,14.857,86.84,2.592
2008-07-24,27.798,7.412,82.68,2.936
2008-07-25,27.46,9.627,84.06,2.423
2008-07-26,26.589,18.639,88.11,1.652
2008-07-27,27.127,6.867,86.02,1.237
2008-07-28,28.315,3.548,79.83,2.788
2008-07-29,27.973,2.868,82.0,3.021
2008-07-30,27.641,7.05,84.59,1.221
2008-07-31,27.217,13.143,87.17,0.748
2008-08-01,26.419,13.041,89.36,1.485
2008-08-02,27.044,5.726,85.65,1.283
2008-08-03,27.261,7.629,85.25,0.696
2008-08-04,27.175,11.11,86.11,0.472
2008-08-05,27.245,10.533,85.83,0.891
2008-08-06,27.343,7.607,83.66,2.343
2008-08-07,26.572,9.509,85.04,2.734
2008-08-08,25.856,7.066,88.27,2.318
2008-08-09,27.055,17.153,87.11,1.765
2008-08-10,26.173,17.5,90.56,1.568
2008-08-11,25.58,24.23,93.35,1.66
2008-08-12,26.856,4.347,81.86,3.207
2008-08-13,27.615,2.804,77.74,2.92
2008-08-14,27.297,7.646,81.1,2.911
2008-08-15,26.042,25.406,88.26,4.173
2008-08-16,25.097,19.888,92.09,3.901
2008-08-17,26.464,4.411,84.48,3.487
2008-08-18,27.59,1.169,77.42,3.469
2008-08-19,27.12,0.302,75.27,3.308
2008-08-20,25.967,6.21,80.72,2.857
2008-08-21,25.779,8.84,78.83,3.181
2008-08-22,26.406,5.207,79.37,2.735
2008-08-23,26.137,8.914,84.68,1.955
2008-08-24,27.152,5.618,85.73,1.116
2008-08-25,27.739,7.488,85.26,0.643
2008-08-26,28.232,5.024,82.59,1.713
2008-08-27,27.72,5.016,82.39,2.91
2008-08-28,27.524,3.764,81.15,3.576
2008-08-29,27.879,1.846,77.27,3.096
2008-08-30,27.951,0.239,73.12,2.538
2008-08-31,28.004,0.546,76.14,1.689
2008-09-01,28.3,0.777,77.49,1.205
2008-09-02,28.942,0.343,73.07,1.377
2008-09-03,29.431,0.066,70.04,1.615
2008-09-04,29.532,0.189,69.04,2.006
2008-09-05,29.185,0.782,72.65,1.922
2008-09-06,27.315,4.228,82.53,0.687
2008-09-07,27.611,1.231,81.34,0.694
2008-09-08,27.965,2.636,79.21,0.924
2008-09-09,27.591,3.914,83.0,1.971
2008-09-10,26.735,9.948,85.86,2.12
2008-09-11,27.73,7.555,81.62,2.374
2008-09-12,28.405,1.895,75.48,2.795
2008-09-13,28.177,2.872,77.49,2.019
2008-09-14,27.952,0.637,78.12,1.342
2008-09-15,27.731,9.031,81.64,0.276
2008-09-16,27.176,8.267,83.09,0.658
2008-09-17,26.393,14.442,86.14,1.799
2008-09-18,25.062,29.086,90.8,2.73
2008-09-19,24.946,19.741,89.47,2.61
2008-09-20,25.682,15.441,85.5,2.314
2008-09-21,25.304,5.681,86.34,1.47
2008-09-22,25.789,0.616,80.08,2.207
2008-09-23,26.066,0.428,75.87,2.221
2008-09-24,26.018,0.045,72.52,2.332
2008-09-25,26.767,0.001,69.12,2.871
2008-09-26,26.831,0.001,66.91,3.743
2008-09-27,26.714,0.003,70.15,3.374
2008-09-28,26.831,0.389,72.13,3.122
2008-09-29,26.92,0.371,69.94,2.435
2008-09-30,26.958,0.799,75.51,0.704
2008-10-01,26.724,0.819,79.98,0.732
2008-10-02,27.595,0.745,77.97,0.138
2008-10-03,27.639,1.868,79.05,0.55
2008-10-04,27.804,0.754,76.0,1.348
2008-10-05,28.485,0.01,67.69,1.787
2008-10-06,28.202,0.058,67.14,1.448
2008-10-07,27.809,0.491,65.83,1.053
2008-10-08,27.476,0.968,64.7,1.744
2008-10-09,27.474,0.389,67.55,1.303
2008-10-10,27.675,0.002,57.76,0.578
2008-10-11,27.69,0.0,55.13,0.517
2008-10-12,27.009,0.002,56.98,0.587
2008-10-13,27.197,0.001,57.18,0.517
2008-10-14,27.059,0.0,56.4,1.153
2008-10-15,26.99,0.001,56.61,1.659
2008-10-16,26.534,0.0,57.29,1.466
2008-10-17,25.967,0.024,57.51,0.989
2008-10-18,25.535,0.0,50.46,0.532
2008-10-19,24.821,0.003,47.99,0.617
2008-10-20,24.47,0.001,46.7,0.478
2008-10-21,24.825,0.0,47.36,0.446
2008-10-22,24.679,0.0,49.7,0.376
2008-10-23,24.859,0.002,50.18,0.413
2008-10-24,25.009,0.003,48.94,0.418
2008-10-25,24.549,0.001,49.32,0.815
2008-10-26,24.264,0.0,50.52,1.137
2008-10-27,24.074,0.0,43.42,1.289
2008-10-28,24.249,0.001,43.13,0.715
2008-10-29,24.76,0.0,48.26,0.493
2008-10-30,25.424,0.002,47.56,1.388
2008-10-31,25.214,0.001,46.92,2.335
2008-11-01,24.881,0.002,51.94,1.987
2008-11-02,24.725,0.0,46.34,1.742
2008-11-03,24.143,0.0,48.5,0.111
2008-11-04,24.469,0.0,46.63,0.439
2008-11-05,23.848,0.0,46.11,0.468
2008-11-06,23.465,0.002,45.3,0.708
2008-11-07,23.662,0.0,48.56,0.977
2008-11-08,23.842,0.001,55.71,1.095
2008-11-09,23.617,0.001,57.09,1.239
2008-11-10,23.44,0.0,58.72,1.23
2008-11-11,23.748,0.002,60.31,1.253
2008-11-12,24.72,0.0,55.68,1.125
2008-11-13,24.998,0.003,52.16,1.726
2008-11-14,23.894,0.0,54.87,1.495
2008-11-15,22.377,0.001,56.86,1.712
2008-11-16,21.875,0.003,55.59,1.203
2008-11-17,22.553,0.007,51.91,0.937
2008-11-18,23.08,0.275,51.79,1.175
2008-11-19,21.972,3.765,70.51,1.364
2008-11-20,21.584,0.933,78.7,0.978
2008-11-21,19.414,0.002,60.4,2.003
2008-11-22,18.543,0.001,53.2,1.383
2008-11-23,18.184,0.002,51.29,1.204
2008-11-24,18.515,0.0,52.7,1.245
2008-11-25,19.148,0.0,50.21,0.738
2008-11-26,18.879,0.001,53.35,1.287
2008-11-27,19.22,0.002,57.85,1.399
2008-11-28,19.582,0.001,58.33,0.955
2008-11-29,19.736,0.001,54.98,0.503
2008-11-30,20.025,0.003,53.39,0.253
2008-12-01,19.277,0.007,59.18,1.146
2008-12-02,19.389,0.001,63.97,0.694
2008-12-03,19.198,0.0,64.54,0.903
2008-12-04,20.568,0.001,52.51,0.58
2008-12-05,20.549,0.003,50.62,0.835
2008-12-06,19.584,0.001,55.73,1.294
2008-12-07,19.828,0.001,50.69,1.299
2008-12-08,19.358,0.0,60.24,1.262
2008-12-09,20.203,0.002,66.84,0.629
2008-12-10,21.014,0.0,64.95,0.279
2008-12-11,21.152,0.0,65.65,1.114
2008-12-12,21.132,0.0,70.85,1.517
2008-12-13,20.365,0.0,71.79,1.876
2008-12-14,18.999,0.002,65.33,1.402
2008-12-15,18.296,0.001,54.57,1.321
2008-12-16,19.188,0.002,52.2,0.785
2008-12-17,19.066,0.0,58.48,0.802
2008-12-18,19.717,0.001,59.02,1.062
2008-12-19,20.152,0.001,64.33,1.224
2008-12-20,20.056,0.002,70.26,0.77
2008-12-21,19.714,0.003,73.34,1.388
2008-12-22,18.376,0.0,75.17,1.89
2008-12-23,16.65,0.001,59.53,1.26
2008-12-24,16.021,0.0,58.3,0.291
2008-12-25,16.95,0.001,56.75,0.192
2008-12-26,16.968,0.0,55.03,0.75
2008-12-27,17.794,0.001,56.29,1.159
2008-12-28,17.983,0.0,58.27,1.181
2008-12-29,18.184,0.0,58.48,0.603
2008-12-30,18.504,0.0,60.19,0.825
2008-12-31,17.828,0.001,67.45,1.167
2009-01-01,16.394,0.0,59.56,1.127
2009-01-02,15.801,0.0,55.96,1.105
2009-01-03,16.112,0.001,56.58,1.367
2009-01-04,17.246,0.001,62.33,1.584
2009-01-05,17.356,0.052,65.77,1.983
2009-01-06,17.226,0.139,66.72,2.248
2009-01-07,17.513,1.461,72.23,2.464
2009-01-08,16.426,7.138,88.03,1.698
2009-01-09,17.213,4.033,90.04,1.859
2009-01-10,17.889,2.76,87.53,1.139
2009-01-11,17.28,0.041,76.91,1.084
2009-01-12,17.159,0.001,66.99,0.932
2009-01-13,18.111,0.002,68.82,1.516
2009-01-14,19.028,0.013,73.88,0.645
2009-01-15,18.966,0.0,72.67,0.341
2009-01-16,19.09,0.002,68.41,0.335
2009-01-17,19.731,0.002,66.34,0.621
2009-01-18,20.31,0.001,63.54,1.195
2009-01-19,20.437,0.002,69.39,1.402
2009-01-20,17.698,0.0,71.75,2.304
2009-01-21,17.316,0.001,53.47,2.27
2009-01-22,17.143,0.001,55.93,1.724
2009-01-23,18.275,0.001,54.4,2.338
2009-01-24,19.811,0.003,55.51,1.546
2009-01-25,20.732,0.002,60.28,1.239
2009-01-26,21.513,0.003,58.66,1.667
2009-01-27,19.98,0.002,59.13,1.332
2009-01-28,18.377,0.0,59.55,1.385
2009-01-29,18.78,0.003,57.99,1.289
2009-01-30,19.349,0.001,57.78,1.685
2009-01-31,18.602,0.0,57.49,1.838
2009-02-01,18.068,0.001,50.48,0.842
2009-02-02,17.773,0.001,49.95,0.32
2009-02-03,18.216,0.001,50.18,0.775
2009-02-04,19.398,0.0,45.79,1.654
2009-02-05,21.14,0.001,47.51,1.734
2009-02-06,21.527,0.001,47.52,0.819
2009-02-07,20.728,0.0,53.18,1.517
2009-02-08,20.016,0.005,52.03,1.162
2009-02-09,21.041,0.0,50.24,1.454
2009-02-10,23.056,0.894,45.24,0.498
2009-02-11,19.57,0.001,45.92,3.005
2009-02-12,17.892,0.0,57.97,1.951
2009-02-13,19.536,0.003,51.18,0.086
2009-02-14,21.394,0.002,47.31,1.284
2009-02-15,21.309,0.001,54.18,1.744
2009-02-16,20.22,0.0,55.04,1.55
2009-02-17,20.638,0.002,51.59,1.376
2009-02-18,20.439,0.0,43.8,1.997
2009-02-19,20.467,0.0,37.02,1.76
2009-02-20,21.835,0.0,41.3,1.133
2009-02-21,22.724,0.001,38.18,2.035
2009-02-22,23.732,0.001,35.46,0.794
2009-02-23,24.961,0.001,38.28,0.5
2009-02-24,24.649,0.001,32.6,2.652
2009-02-25,24.472,0.001,37.82,2.3
2009-02-26,24.744,0.002,41.61,0.754
2009-02-27,23.889,0.001,35.32,1.926
2009-02-28,22.888,0.001,33.44,2.318
2009-03-01,23.766,0.001,33.52,1.74
2009-03-02,26.002,0.002,36.56,0.824
2009-03-03,26.094,0.0,39.5,0.314
2009-03-04,27.058,0.002,29.31,2.286
2009-03-05,25.944,0.001,28.86,2.993
2009-03-06,24.626,0.0,28.7,0.752
2009-03-07,25.417,0.002,28.12,1.951
2009-03-08,25.868,0.001,30.44,1.351
2009-03-09,25.176,0.169,35.42,3.011
2009-03-10,25.405,0.055,33.56,2.461
2009-03-11,24.337,0.0,30.14,2.331
2009-03-12,23.607,0.001,23.17,2.106
2009-03-13,24.572,0.001,27.33,1.676
2009-03-14,25.734,0.002,29.37,1.009
2009-03-15,26.576,0.057,29.52,1.538
2009-03-16,27.027,0.001,27.79,0.248
2009-03-17,26.952,0.002,26.28,2.042
2009-03-18,27.081,0.001,24.89,1.025
2009-03-19,27.828,0.159,23.71,1.241
2009-03-20,27.11,0.242,29.01,1.342
2009-03-21,25.184,1.283,42.1,1.499
2009-03-22,25.103,0.001,36.8,1.349
2009-03-23,26.428,0.039,31.3,1.736
2009-03-24,27.922,0.011,27.31,1.263
2009-03-25,27.78,1.23,29.03,0.255
2009-03-26,25.753,0.0,28.2,1.592
2009-03-27,27.682,0.0,26.87,0.744
2009-03-28,28.48,0.001,31.22,1.668
2009-03-29,28.997,0.1,32.4,1.267
2009-03-30,28.259,0.094,38.23,2.159
2009-03-31,27.382,0.002,33.79,2.694
2009-04-01,28.703,-0.0,31.9,1.501
2009-04-02,30.251,0.003,28.89,1.375
2009-04-03,31.066,0.04,25.09,1.676
2009-04-04,30.172,0.0,27.03,2.363
2009-04-05,29.022,0.001,24.94,2.152
2009-04-06,29.361,0.317,27.12,2.417
2009-04-07,29.722,0.778,27.77,2.159
2009-04-08,26.675,7.42,47.58,2.018
2009-04-09,26.588,0.0,43.28,2.269
2009-04-10,25.646,0.001,38.93,2.343
2009-04-11,27.099,0.001,32.1,1.439
2009-04-12,28.978,0.0,31.42,0.729
2009-04-13,30.386,0.0,25.99,0.573
2009-04-14,31.267,0.001,22.87,0.978
2009-04-15,32.714,0.0,20.74,1.174
2009-04-16,32.748,0.001,21.93,2.49
2009-04-17,30.89,0.036,23.17,2.686
2009-04-18,30.947,0.001,14.98,3.681
2009-04-19,32.574,0.001,16.63,3.364
2009-04-20,33.974,0.0,15.39,3.219
2009-04-21,34.297,0.003,16.06,4.159
2009-04-22,31.461,0.0,13.94,3.491
2009-04-23,30.362,0.0,11.21,3.247
2009-04-24,31.05,0.001,14.7,1.156
2009-04-25,31.258,0.003,17.23,1.849
2009-04-26,30.696,0.003,15.43,1.872
2009-04-27,32.24,0.003,15.35,2.502
2009-04-28,33.922,0.003,15.65,2.511
2009-04-29,34.792,0.001,17.12,1.488
2009-04-30,35.77,0.001,15.61,1.322
2009-05-01,35.588,0.0,14.96,2.252
2009-05-02,35.353,0.194,15.48,2.472
2009-05-03,34.321,0.002,18.45,1.173
2009-05-04,34.566,0.002,18.4,0.706
2009-05-05,34.427,0.036,16.47,2.778
2009-05-06,32.697,0.0,20.75,3.011
2009-05-07,32.639,0.002,19.79,1.639
2009-05-08,33.495,0.0,18.76,1.676
2009-05-09,34.271,0.0,16.26,2.829
2009-05-10,34.802,0.163,18.49,1.903
2009-05-11,34.07,0.18,27.87,0.798
2009-05-12,32.61,0.001,36.61,1.666
2009-05-13,33.212,0.001,31.04,0.769
2009-05-14,34.602,0.455,28.46,0.592
2009-05-15,35.668,0.018,28.14,0.594
2009-05-16,35.999,0.004,30.91,1.036
2009-05-17,35.353,0.216,32.46,0.88
2009-05-18,36.148,0.003,26.86,1.333
2009-05-19,36.452,0.001,26.18,0.829
2009-05-20,36.305,0.0,27.99,0.588
2009-05-21,36.346,0.006,28.35,1.138
2009-05-22,36.564,0.002,27.34,1.493
2009-05-23,35.66,0.115,32.33,1.823
2009-05-24,33.582,0.236,39.11,2.276
2009-05-25,33.066,0.011,38.55,1.697
2009-05-26,34.427,0.0,27.52,2.492
2009-05-27,35.284,0.008,25.63,0.9
2009-05-28,35.985,0.005,26.18,1.221
2009-05-29,34.054,1.67,35.86,0.897
2009-05-30,32.638,2.081,42.77,0.046
2009-05-31,31.476,0.746,48.45,0.692
2009-06-01,32.053,0.478,47.83,2.263
2009-06-02,34.818,0.02,35.16,3.727
2009-06-03,35.636,0.005,32.86,4.244
2009-06-04,36.349,0.004,29.47,3.938
2009-06-05,36.354,0.002,26.93,3.079
2009-06-06,35.036,0.002,27.71,1.651
2009-06-07,34.691,0.0,19.72,3.459
2009-06-08,35.272,0.002,16.87,2.91
2009-06-09,36.088,0.0,18.56,2.929
2009-06-10,35.804,0.002,21.82,1.862
2009-06-11,36.001,0.058,24.74,2.362
2009-06-12,36.405,0.013,25.76,2.879
2009-06-13,36.115,0.023,27.09,2.328
2009-06-14,36.057,0.073,27.05,2.361
2009-06-15,35.728,0.022,27.29,2.436
2009-06-16,34.854,0.027,28.04,2.544
2009-06-17,34.428,0.019,29.23,2.711
2009-06-18,34.821,0.002,26.41,2.112
2009-06-19,35.383,0.001,25.99,2.173
2009-06-20,35.921,0.003,23.46,2.354
2009-06-21,36.786,0.002,23.03,2.893
2009-06-22,37.348,0.0,20.9,3.285
2009-06-23,37.606,0.0,24.0,3.525
2009-06-24,37.281,0.437,28.0,2.871
2009-06-25,37.048,0.003,30.85,2.898
2009-06-26,36.683,0.013,36.45,2.727
2009-06-27,33.838,3.135,51.28,2.596
2009-06-28,31.491,14.023,64.53,1.98
2009-06-29,29.328,14.204,76.89,2.568
2009-06-30,29.456,17.717,75.31,2.907
2009-07-01,30.027,7.751,72.05,3.133
2009-07-02,29.42,6.46,74.72,2.597
2009-07-03,29.266,11.342,76.31,1.563
2009-07-04,28.471,17.306,80.87,0.686
2009-07-05,28.989,9.859,79.34,0.805
2009-07-06,29.354,5.28,77.91,0.707
2009-07-07,29.933,3.169,75.79,0.88
2009-07-08,27.73,19.79,85.28,1.593
2009-07-09,27.788,11.239,83.79,1.65
2009-07-10,27.957,10.438,82.14,1.342
2009-07-11,28.643,3.191,76.36,2.685
2009-07-12,28.697,13.905,77.39,2.899
2009-07-13,26.637,27.896,89.05,1.885
2009-07-14,28.335,13.024,83.41,0.92
2009-07-15,28.522,9.206,80.0,2.768
2009-07-16,26.862,33.878,87.28,2.099
2009-07-17,27.448,10.755,81.72,2.809
2009-07-18,28.133,4.565,76.39,2.571
2009-07-19,27.874,13.055,77.64,3.198
2009-07-20,26.237,20.318,90.77,1.578
2009-07-21,26.71,9.699,88.81,2.967
2009-07-22,27.732,2.228,80.63,3.992
2009-07-23,26.986,1.074,76.62,4.2
2009-07-24,27.993,0.617,70.82,3.722
2009-07-25,28.232,0.608,72.08,3.943
2009-07-26,27.784,4.362,78.89,4.222
2009-07-27,27.708,4.519,77.48,4.049
2009-07-28,28.149,1.041,70.69,4.269
2009-07-29,28.668,0.914,69.07,4.24
2009-07-30,28.948,0.597,67.71,4.229
2009-07-31,28.856,0.338,66.22,4.236
2009-08-01,28.743,0.122,66.5,3.806
2009-08-02,29.277,0.256,66.9,3.391
2009-08-03,29.691,0.012,64.66,3.845
2009-08-04,29.636,0.003,61.01,4.006
2009-08-05,28.876,0.066,63.52,4.171
2009-08-06,28.762,0.296,65.51,3.765
2009-08-07,29.585,0.242,62.72,3.383
2009-08-08,29.171,2.669,68.44,3.299
2009-08-09,28.581,1.891,73.36,3.355
2009-08-10,29.48,3.155,71.86,2.612
2009-08-11,28.154,17.757,81.66,1.703
2009-08-12,27.667,4.659,85.35,1.475
2009-08-13,27.821,7.965,83.81,2.763
2009-08-14,26.169,12.774,89.29,2.474
2009-08-15,24.835,11.753,92.37,3.361
2009-08-16,25.713,4.778,85.73,3.454
2009-08-17,27.173,6.461,80.32,3.131
2009-08-18,27.739,8.002,81.89,2.401
2009-08-19,28.33,3.668,79.92,2.133
2009-08-20,28.626,1.005,74.91,2.411
2009-08-21,28.868,0.548,73.45,2.646
2009-08-22,28.901,0.538,72.65,2.684
2009-08-23,29.243,0.151,68.67,2.128
2009-08-24,29.129,1.019,73.23,0.828
2009-08-25,27.002,7.705,83.07,2.096
2009-08-26,27.074,8.597,84.21,2.051
2009-08-27,26.334,16.265,87.04,2.332
2009-08-28,25.454,13.153,90.32,2.991
2009-08-29,26.609,4.415,84.73,2.201
2009-08-30,28.534,1.115,76.0,1.512
2009-08-31,28.049,5.907,82.92,0.281
2009-09-01,27.472,6.883,85.75,0.779
2009-09-02,27.24,8.013,84.88,0.928
2009-09-03,26.959,9.288,86.24,0.603
2009-09-04,26.542,13.277,87.61,0.452
2009-09-05,26.277,5.178,87.46,1.56
2009-09-06,26.921,2.003,84.69,2.019
2009-09-07,25.97,8.291,84.23,3.993
2009-09-08,24.753,36.13,94.34,4.734
2009-09-09,25.898,23.094,88.78,3.333
2009-09-10,24.79,18.054,90.77,2.067
2009-09-11,26.846,2.358,78.87,3.451
2009-09-12,27.886,0.529,75.69,2.511
2009-09-13,26.796,2.276,81.01,2.233
2009-09-14,27.787,0.146,72.0,2.482
2009-09-15,27.425,0.002,68.3,2.914
2009-09-16,27.535,0.025,69.55,2.812
2009-09-17,28.082,0.002,67.74,2.033
2009-09-18,28.201,0.0,67.64,1.64
2009-09-19,28.421,0.003,68.09,1.681
2009-09-20,28.887,0.001,67.88,1.873
2009-09-21,28.993,0.001,67.66,1.785
2009-09-22,29.116,0.002,66.82,1.699
2009-09-23,29.111,0.0,61.82,2.02
2009-09-24,28.585,0.0,56.61,2.282
2009-09-25,28.745,0.002,59.27,1.763
2009-09-26,28.158,2.164,74.09,1.013
2009-09-27,28.476,1.869,76.89,1.046
2009-09-28,29.118,0.313,71.97,1.463
2009-09-29,29.57,0.187,68.74,2.156
2009-09-30,29.69,0.096,68.36,2.863
2009-10-01,29.527,0.352,67.7,3.876
2009-10-02,27.032,11.095,76.63,4.571
2009-10-03,24.947,33.178,90.81,2.751
2009-10-04,25.797,12.887,87.71,2.115
2009-10-05,25.606,22.469,89.92,1.574
2009-10-06,24.718,43.773,93.63,1.076
2009-10-07,25.113,1.015,79.56,3.007
2009-10-08,26.62,0.001,69.97,2.953
2009-10-09,26.175,0.0,66.8,3.219
2009-10-10,25.996,0.004,63.51,2.623
2009-10-11,26.128,0.463,67.06,1.504
2009-10-12,26.457,0.144,65.16,1.164
2009-10-13,26.656,0.088,65.29,0.953
2009-10-14,26.542,0.279,66.98,0.436
2009-10-15,26.558,0.121,63.83,0.232
2009-10-16,26.115,0.0,62.64,0.659
2009-10-17,25.455,0.089,63.48,1.309
2009-10-18,25.338,0.083,59.33,0.98
2009-10-19,24.889,0.0,52.44,2.155
2009-10-20,24.705,0.0,52.04,1.667
2009-10-21,24.992,0.0,50.5,0.706
2009-10-22,24.208,0.003,47.41,1.717
2009-10-23,23.761,0.001,44.68,1.084
2009-10-24,23.155,0.001,45.42,0.82
2009-10-25,23.134,0.0,42.78,0.672
2009-10-26,23.311,0.002,45.85,0.803
2009-10-27,23.368,0.001,48.53,0.805
2009-10-28,23.879,0.001,47.14,0.575
2009-10-29,22.974,0.001,46.65,1.127
2009-10-30,23.586,0.003,44.16,1.895
2009-10-31,23.824,0.0,43.55,1.3
2009-11-01,24.029,0.0,46.03,0.328
2009-11-02,23.55,0.002,49.91,1.688
2009-11-03,22.76,0.001,52.04,1.652
2009-11-04,23.257,0.001,55.97,1.219
2009-11-05,24.295,0.049,56.76,2.122
2009-11-06,24.326,0.005,55.89,1.568
2009-11-07,24.032,0.007,52.89,1.275
2009-11-08,24.186,0.0,51.12,1.209
2009-11-09,24.598,0.015,52.6,0.877
2009-11-10,24.44,0.005,55.25,1.923
2009-11-11,23.455,4.594,62.14,1.359
2009-11-12,21.705,7.848,71.47,3.233
2009-11-13,23.36,11.234,85.01,0.601
2009-11-14,23.318,7.592,87.71,0.973
2009-11-15,23.506,1.336,80.68,1.347
2009-11-16,19.116,46.749,88.98,1.541
2009-11-17,20.439,1.396,79.98,1.197
2009-11-18,19.328,0.164,73.42,1.88
2009-11-19,17.325,0.001,56.46,1.463
2009-11-20,17.32,0.001,56.25,1.017
2009-11-21,17.216,0.0,55.05,0.255
2009-11-22,17.111,0.001,57.88,0.215
2009-11-23,17.309,0.001,61.7,0.526
2009-11-24,17.454,0.0,62.32,1.33
2009-11-25,17.927,0.0,61.41,1.399
2009-11-26,18.768,0.002,59.24,1.351
2009-11-27,19.189,0.001,58.56,0.927
2009-11-28,18.379,0.0,61.11,0.434
2009-11-29,18.051,0.002,61.39,0.224
2009-11-30,17.683,0.001,62.78,0.421
2009-12-01,17.476,0.001,64.56,0.349
2009-12-02,18.04,0.0,62.46,0.261
2009-12-03,17.272,0.0,63.12,0.927
2009-12-04,17.965,0.001,62.38,0.809
2009-12-05,18.219,0.002,66.51,0.911
2009-12-06,19.438,0.0,62.48,1.315
2009-12-07,20.809,0.01,63.62,0.44
2009-12-08,19.95,0.01,68.59,1.489
2009-12-09,20.474,0.0,71.64,1.436
2009-12-10,21.034,0.004,74.89,0.669
2009-12-11,20.693,0.003,71.62,1.027
2009-12-12,19.766,0.001,64.88,0.622
2009-12-13,19.178,0.003,64.4,1.218
2009-12-14,19.456,0.001,64.64,0.997
2009-12-15,20.564,0.002,63.34,1.021
2009-12-16,20.071,0.384,68.74,0.763
2009-12-17,19.468,1.479,78.99,0.797
2009-12-18,18.383,3.185,81.47,1.167
2009-12-19,17.725,0.001,65.39,1.128
2009-12-20,17.181,0.0,62.71,0.556
2009-12-21,16.135,0.001,56.45,1.006
2009-12-22,15.343,0.001,57.84,1.247
2009-12-23,16.36,0.001,57.8,0.531
2009-12-24,18.151,0.0,58.41,0.771
2009-12-25,17.357,0.002,56.46,0.149
2009-12-26,17.424,0.001,59.25,0.795
2009-12-27,17.629,0.0,60.54,1.199
2009-12-28,17.365,0.001,63.74,1.081
2009-12-29,18.529,0.19,59.11,1.62
2009-12-30,16.033,2.233,77.99,1.199
2009-12-31,14.129,0.007,68.82,1.07
2010-01-01,14.754,0.0,60.37,0.45
2010-01-02,14.402,0.001,61.84,0.865
2010-01-03,15.952,0.029,63.46,0.788
2010-01-04,15.213,0.0,74.08,2.591
2010-01-05,14.394,0.0,67.43,1.72
2010-01-06,14.638,0.0,65.36,0.421
2010-01-07,14.333,0.001,71.41,1.045
2010-01-08,14.348,0.0,72.51,0.756
2010-01-09,14.168,0.0,74.2,0.926
2010-01-10,14.5,0.001,72.58,0.887
2010-01-11,15.283,0.019,70.74,0.863
2010-01-12,17.215,1.822,74.57,1.567
2010-01-13,18.297,1.157,79.43,1.805
2010-01-14,15.492,0.002,71.63,1.546
2010-01-15,14.983,0.002,69.87,0.848
2010-01-16,15.231,0.003,68.51,0.571
2010-01-17,15.04,0.001,70.84,0.46
2010-01-18,14.694,0.0,70.2,0.453
2010-01-19,15.227,0.001,67.71,0.378
2010-01-20,15.563,0.001,65.03,0.243
2010-01-21,15.993,0.0,61.57,0.439
2010-01-22,16.475,0.001,61.26,0.756
2010-01-23,16.859,0.001,61.83,0.784
2010-01-24,17.476,0.001,59.99,1.225
2010-01-25,17.854,0.0,65.13,1.056
2010-01-26,18.09,0.001,64.45,0.145
2010-01-27,18.417,0.001,57.08,0.425
2010-01-28,18.443,0.001,51.69,0.737
2010-01-29,18.824,0.001,49.28,1.184
2010-01-30,19.451,0.003,49.97,1.65
2010-01-31,19.506,0.003,54.85,0.768
2010-02-01,19.181,0.003,58.15,1.594
2010-02-02,18.85,0.005,51.25,1.497
2010-02-03,18.929,0.004,46.06,1.048
2010-02-04,18.697,0.002,48.68,0.887
2010-02-05,19.501,0.002,39.94,1.367
2010-02-06,20.739,0.002,38.97,1.182
2010-02-07,21.621,0.002,41.15,0.848
2010-02-08,23.153,0.019,42.44,2.006
2010-02-09,21.68,3.248,60.71,1.467
2010-02-10,21.203,0.058,67.36,0.875
2010-02-11,20.747,8.495,79.07,1.807
2010-02-12,18.945,8.906,87.08,2.35
2010-02-13,18.496,0.056,80.94,1.065
2010-02-14,18.482,0.002,73.33,0.966
2010-02-15,20.989,0.026,62.2,2.42
2010-02-16,20.979,0.023,69.06,1.136
2010-02-17,20.125,0.003,52.85,1.419
2010-02-18,17.832,0.001,47.78,1.611
2010-02-19,19.164,0.0,49.46,0.761
2010-02-20,20.069,0.001,49.23,0.796
2010-02-21,20.885,0.0,47.26,0.619
2010-02-22,22.021,0.0,46.85,1.374
2010-02-23,22.278,0.083,53.6,0.428
2010-02-24,22.075,0.0,51.2,0.758
2010-02-25,22.541,0.002,49.22,1.035
2010-02-26,23.105,0.003,45.1,1.08
2010-02-27,24.537,0.0,39.03,2.297
2010-02-28,25.13,0.001,36.43,1.826
2010-03-01,25.561,0.002,34.42,1.795
2010-03-02,25.662,0.0,33.08,1.938
2010-03-03,25.544,0.002,37.82,1.916
2010-03-04,26.77,0.0,35.09,1.978
2010-03-05,26.432,0.0,39.02,2.375
2010-03-06,26.13,0.002,41.82,0.676
2010-03-07,25.927,-0.0,40.67,1.516
2010-03-08,24.009,0.001,42.04,1.954
2010-03-09,23.707,0.0,37.49,1.343
2010-03-10,24.499,0.0,36.26,1.115
2010-03-11,25.554,0.002,34.66,1.251
2010-03-12,26.649,0.005,34.53,0.694
2010-03-13,27.279,0.001,27.22,1.096
2010-03-14,28.373,0.003,23.98,1.82
2010-03-15,27.771,0.001,30.13,0.605
2010-03-16,28.664,0.006,28.32,1.848
2010-03-17,28.673,0.003,32.16,1.984
2010-03-18,28.685,0.007,32.49,1.469
2010-03-19,28.57,0.0,32.57,0.793
2010-03-20,29.751,0.001,28.79,0.296
2010-03-21,30.259,0.0,24.32,1.466
2010-03-22,31.495,0.0,19.7,2.928
2010-03-23,31.708,0.001,18.22,3.533
2010-03-24,31.715,0.0,20.21,2.877
2010-03-25,32.114,0.0,19.57,2.725
2010-03-26,31.66,0.002,22.14,2.816
2010-03-27,31.458,0.001,20.51,2.541
2010-03-28,31.163,0.0,20.97,1.641
2010-03-29,31.028,0.0,18.56,2.229
2010-03-30,31.403,0.001,16.49,3.715
2010-03-31,31.975,0.024,24.33,3.723
2010-04-01,31.543,0.003,23.3,3.201
2010-04-02,31.694,0.002,20.79,1.276
2010-04-03,31.614,0.001,22.35,1.04
2010-04-04,31.528,0.0,21.42,0.266
2010-04-05,31.95,0.0,19.53,0.616
2010-04-06,31.276,0.001,20.38,1.763
2010-04-07,31.59,0.002,16.85,1.461
2010-04-08,32.56,0.005,15.74,0.64
2010-04-09,33.295,0.0,18.43,2.129
2010-04-10,33.265,0.002,15.23,3.116
2010-04-11,33.684,-0.0,15.58,3.196
2010-04-12,34.198,0.003,17.55,3.04
2010-04-13,34.544,0.0,16.81,2.913
2010-04-14,33.411,0.003,14.18,1.728
2010-04-15,34.323,0.001,14.63,0.581
2010-04-16,35.212,0.001,13.72,0.842
2010-04-17,35.798,0.001,15.01,2.168
2010-04-18,36.832,0.0,14.62,4.035
2010-04-19,36.546,0.001,17.02,5.025
2010-04-20,35.433,0.0,16.71,4.447
2010-04-21,35.576,0.002,16.77,4.31
2010-04-22,34.427,0.002,16.05,3.246
2010-04-23,34.205,0.001,13.63,2.819
2010-04-24,33.439,0.004,13.73,1.612
2010-04-25,34.172,0.003,13.91,1.436
2010-04-26,34.828,0.002,16.32,0.273
2010-04-27,35.759,0.001,16.44,0.745
2010-04-28,34.963,0.74,21.67,1.162
2010-04-29,35.04,0.001,21.24,1.158
2010-04-30,35.119,0.087,21.05,0.5
2010-05-01,31.838,0.361,28.66,1.899
2010-05-02,33.285,0.001,23.77,1.05
2010-05-03,33.077,0.046,27.09,1.11
2010-05-04,33.45,0.08,26.73,0.841
2010-05-05,34.426,0.22,25.66,0.811
2010-05-06,35.001,0.087,25.01,0.62
2010-05-07,34.471,0.446,29.77,0.95
2010-05-08,33.235,0.048,38.26,1.545
2010-05-09,34.152,0.0,30.19,1.481
2010-05-10,34.728,0.0,25.04,1.135
2010-05-11,35.232,0.002,19.18,1.522
2010-05-12,35.85,0.0,17.7,0.037
2010-05-13,36.212,0.001,16.04,0.641
2010-05-14,36.408,0.029,13.01,1.433
2010-05-15,36.08,0.001,15.1,1.464
2010-05-16,36.931,0.001,16.14,1.269
2010-05-17,37.748,0.001,17.5,1.081
2010-05-18,37.736,0.054,22.56,1.649
2010-05-19,37.35,0.0,25.5,0.963
2010-05-20,36.841,0.001,24.42,0.76
2010-05-21,36.598,0.014,25.46,0.41
2010-05-22,36.612,0.003,25.24,0.536
2010-05-23,37.134,0.089,23.77,0.744
2010-05-24,38.0,0.001,18.91,1.999
2010-05-25,38.998,0.024,18.38,4.344
2010-05-26,38.451,0.013,21.07,4.331
2010-05-27,38.378,0.0,23.77,3.535
2010-05-28,37.047,0.026,31.31,0.831
2010-05-29,36.781,0.001,28.06,1.677
2010-05-30,36.188,0.0,27.31,3.004
2010-05-31,35.61,0.0,25.73,1.458
2010-06-01,37.242,0.001,19.48,3.519
2010-06-02,37.696,0.001,19.85,4.279
2010-06-03,36.049,0.512,34.82,4.279
2010-06-04,34.907,0.251,37.92,3.11
2010-06-05,35.826,0.037,30.66,4.268
2010-06-06,35.287,0.008,30.6,3.877
2010-06-07,35.619,0.002,31.72,3.738
2010-06-08,32.707,0.0,37.9,3.45
2010-06-09,32.471,0.001,35.31,2.129
2010-06-10,34.197,0.0,27.48,2.226
2010-06-11,34.997,0.001,24.25,1.884
2010-06-12,36.042,0.003,22.18,1.891
2010-06-13,36.761,0.001,23.92,2.059
2010-06-14,36.926,0.09,28.71,0.628
2010-06-15,33.894,3.571,45.4,2.353
2010-06-16,30.286,2.658,59.39,0.493
2010-06-17,32.565,0.032,46.71,0.535
2010-06-18,34.931,0.0,36.59,0.305
2010-06-19,36.607,0.0,32.58,0.559
2010-06-20,36.502,0.001,37.98,2.923
2010-06-21,37.091,0.001,32.27,3.419
2010-06-22,37.821,0.011,26.2,4.133
2010-06-23,37.276,0.006,30.92,3.32
2010-06-24,34.762,1.595,44.08,2.951
2010-06-25,34.05,1.894,49.5,1.54
2010-06-26,34.569,0.053,47.08,0.817
2010-06-27,35.881,0.169,39.41,1.924
2010-06-28,34.811,0.103,45.73,2.762
2010-06-29,32.921,12.443,58.15,3.055
2010-06-30,32.284,2.997,59.35,2.915
2010-07-01,31.768,3.965,62.71,1.076
2010-07-02,31.787,2.638,64.93,1.492
2010-07-03,30.243,8.714,71.08,1.66
2010-07-04,30.157,6.729,68.96,2.574
2010-07-05,29.014,6.622,73.91,2.266
2010-07-06,29.117,15.996,76.26,0.427
2010-07-07,29.115,10.52,77.27,0.262
2010-07-08,29.937,1.585,72.92,1.266
2010-07-09,30.084,3.058,72.84,2.773
2010-07-10,29.905,5.261,73.96,3.621
2010-07-11,29.207,6.558,75.35,3.913
2010-07-12,29.422,1.538,67.49,3.5
2010-07-13,29.543,2.405,69.12,2.865
2010-07-14,28.715,14.178,76.49,1.309
2010-07-15,27.204,21.481,86.97,1.144
2010-07-16,28.97,6.197,82.3,1.02
2010-07-17,30.377,0.796,74.73,1.343
2010-07-18,30.215,5.139,74.94,2.011
2010-07-19,28.462,8.556,83.53,1.61
2010-07-20,28.221,13.861,85.4,1.443
2010-07-21,28.336,9.117,82.98,1.204
2010-07-22,28.591,5.774,81.21,0.895
2010-07-23,29.185,5.378,76.54,2.039
2010-07-24,27.419,27.351,86.91,1.658
2010-07-25,26.692,21.393,88.77,1.413
2010-07-26,26.917,12.589,85.89,1.586
2010-07-27,27.3,3.001,80.61,1.807
2010-07-28,28.047,10.608,81.17,0.489
2010-07-29,28.053,9.333,83.94,0.519
2010-07-30,28.019,12.699,85.08,0.487
2010-07-31,27.43,13.252,86.11,0.566
2010-08-01,26.073,18.241,89.66,0.879
2010-08-02,26.337,15.003,87.26,1.091
2010-08-03,26.308,8.363,86.48,1.717
2010-08-04,27.458,1.057,78.61,2.34
2010-08-05,27.514,15.192,82.7,0.303
2010-08-06,28.161,7.73,78.58,3.654
2010-08-07,28.219,1.51,77.71,2.913
2010-08-08,27.784,0.525,74.31,2.619
2010-08-09,28.07,1.28,76.17,2.116
2010-08-10,28.604,1.31,78.27,1.962
2010-08-11,27.818,12.942,85.1,1.184
2010-08-12,27.65,4.654,84.77,0.248
2010-08-13,28.095,23.644,85.16,0.393
2010-08-14,27.064,25.956,88.45,0.912
2010-08-15,27.13,19.589,87.56,0.753
2010-08-16,27.629,4.028,85.05,1.208
2010-08-17,27.614,4.086,84.03,2.198
2010-08-18,27.495,12.232,86.0,2.123
2010-08-19,27.154,17.457,88.2,1.467
2010-08-20,27.088,16.255,88.13,1.405
2010-08-21,26.976,6.356,85.76,2.385
2010-08-22,27.174,6.499,82.9,2.765
2010-08-23,26.547,7.486,86.19,2.558
2010-08-24,26.741,9.136,87.11,1.421
2010-08-25,27.06,11.232,87.53,0.28
2010-08-26,27.622,7.221,85.76,0.75
2010-08-27,28.464,4.659,83.79,0.586
2010-08-28,28.127,8.43,84.34,0.669
2010-08-29,28.088,4.289,85.4,0.915
2010-08-30,27.513,5.835,87.26,1.892
2010-08-31,27.524,12.28,86.88,1.318
2010-09-01,27.577,7.918,85.59,0.753
2010-09-02,26.904,20.479,88.5,1.212
2010-09-03,26.495,12.159,89.2,0.592
2010-09-04,26.697,5.093,87.69,0.26
2010-09-05,27.49,6.997,86.58,0.445
2010-09-06,27.713,4.672,84.91,0.628
2010-09-07,27.389,8.144,84.91,1.193
2010-09-08,27.375,5.787,85.3,3.012
2010-09-09,27.477,3.126,81.07,2.795
2010-09-10,27.507,1.352,78.27,2.858
2010-09-11,27.552,0.539,76.5,2.526
2010-09-12,27.31,0.459,77.46,1.93
2010-09-13,27.518,1.539,79.85,1.82
2010-09-14,26.825,8.81,85.48,1.155
2010-09-15,26.083,7.68,87.11,1.144
2010-09-16,25.835,5.906,88.19,1.459
2010-09-17,25.529,5.553,88.75,1.656
2010-09-18,24.967,18.455,91.53,1.778
2010-09-19,24.818,21.887,92.84,1.47
2010-09-20,24.95,16.177,91.12,1.999
2010-09-21,25.668,1.731,77.25,2.609
2010-09-22,26.618,0.0,67.26,2.042
2010-09-23,26.242,0.002,71.22,2.046
2010-09-24,26.145,0.001,69.13,2.116
2010-09-25,26.247,0.307,75.9,1.45
2010-09-26,26.588,0.157,73.31,1.45
2010-09-27,26.103,0.0,66.04,1.593
2010-09-28,26.338,0.001,61.64,1.599
2010-09-29,26.416,0.0,59.4,0.973
2010-09-30,26.486,0.001,61.88,1.064
2010-10-01,26.698,0.001,66.7,1.013
2010-10-02,26.954,0.058,71.08,0.89
2010-10-03,27.314,0.047,68.97,0.625
2010-10-04,27.153,0.042,67.0,0.625
2010-10-05,26.879,0.004,63.6,1.191
2010-10-06,26.439,0.142,66.28,1.496
2010-10-07,25.782,1.05,78.41,2.2
2010-10-08,25.84,0.916,79.52,0.831
2010-10-09,26.508,0.187,71.11,1.33
2010-10-10,26.819,0.001,55.68,1.781
2010-10-11,26.595,0.023,52.61,1.705
2010-10-12,26.187,0.003,55.71,1.259
2010-10-13,26.31,0.002,54.84,2.169
2010-10-14,26.116,0.001,57.89,2.016
2010-10-15,25.616,0.218,69.33,1.604
2010-10-16,26.509,1.217,76.84,3.12
2010-10-17,26.516,0.726,78.28,2.985
2010-10-18,25.727,6.091,83.59,2.094
2010-10-19,26.209,8.408,83.35,0.578
2010-10-20,26.33,4.191,83.44,0.412
2010-10-21,25.893,0.412,78.2,0.348
2010-10-22,26.01,0.005,66.9,0.982
2010-10-23,26.491,0.038,64.37,0.76
2010-10-24,25.764,0.0,56.34,1.286
2010-10-25,24.941,0.0,48.74,0.923
2010-10-26,24.171,0.0,50.09,0.556
2010-10-27,24.268,0.001,55.71,0.593
2010-10-28,24.513,0.0,52.89,0.784
2010-10-29,23.334,0.001,49.08,1.228
2010-10-30,22.902,0.001,52.06,1.41
2010-10-31,22.363,0.002,60.69,1.205
2010-11-01,22.106,0.0,58.62,1.116
2010-11-02,22.096,0.001,59.02,1.622
2010-11-03,22.658,0.001,56.6,1.07
2010-11-04,22.567,0.001,54.67,1.02
2010-11-05,22.449,0.002,54.4,1.065
2010-11-06,22.612,0.002,56.24,1.681
2010-11-07,23.345,0.002,59.01,2.043
2010-11-08,25.457,0.004,61.92,2.668
2010-11-09,25.256,6.479,79.51,1.153
2010-11-10,25.006,1.316,80.69,0.501
2010-11-11,24.751,6.447,80.6,0.513
2010-11-12,23.766,4.856,82.31,0.437
2010-11-13,24.012,0.536,73.99,1.426
2010-11-14,24.693,0.007,61.03,1.978
2010-11-15,24.841,0.004,63.06,1.116
2010-11-16,24.436,3.239,72.52,0.193
2010-11-17,25.171,0.165,70.32,1.041
2010-11-18,22.5,5.573,83.8,0.766
2010-11-19,21.696,0.737,82.93,1.402
2010-11-20,20.315,0.001,59.16,1.992
2010-11-21,20.352,0.001,54.4,1.215
2010-11-22,21.228,0.001,54.85,1.108
2010-11-23,19.135,0.383,66.85,2.004
2010-11-24,21.544,0.001,65.71,1.687
2010-11-25,21.99,2.147,80.64,0.89
2010-11-26,22.756,0.48,82.17,1.176
2010-11-27,20.783,3.592,86.48,1.084
2010-11-28,20.565,2.103,80.26,1.187
2010-11-29,19.233,0.002,67.98,1.364
2010-11-30,18.244,0.001,59.49,1.266
2010-12-01,18.098,0.006,60.16,1.484
2010-12-02,16.946,0.047,65.24,1.422
2010-12-03,16.314,0.0,62.03,1.388
2010-12-04,15.784,0.001,64.0,1.303
2010-12-05,15.921,0.003,63.46,1.595
2010-12-06,16.262,0.001,63.29,1.983
2010-12-07,18.366,0.002,59.75,1.949
2010-12-08,19.024,0.253,62.9,1.671
2010-12-09,19.782,0.327,66.36,1.767
2010-12-10,19.201,0.017,64.99,1.47
2010-12-11,16.939,0.003,61.29,1.947
2010-12-12,15.843,0.001,51.21,1.464
2010-12-13,16.05,0.0,51.47,0.793
2010-12-14,15.876,0.0,52.24,0.728
2010-12-15,16.021,0.002,52.42,0.637
2010-12-16,16.475,0.0,52.74,0.451
2010-12-17,16.291,0.0,55.57,0.787
2010-12-18,16.513,0.0,52.29,1.269
2010-12-19,15.441,0.0,58.05,1.587
2010-12-20,14.693,0.0,50.67,1.8
2010-12-21,15.071,0.0,49.3,1.385
2010-12-22,15.634,0.001,49.57,0.682
2010-12-23,17.553,0.001,54.3,0.483
2010-12-24,17.176,0.001,59.27,0.963
2010-12-25,16.688,0.0,59.61,0.918
2010-12-26,16.943,0.001,56.73,1.772
2010-12-27,17.697,0.0,55.18,1.665
2010-12-28,18.187,0.001,56.65,1.152
2010-12-29,18.777,0.001,56.85,1.848
2010-12-30,19.65,0.135,51.77,1.058
2010-12-31,15.423,2.922,82.46,2.046
2011-01-01,13.405,0.0,60.68,1.966
2011-01-02,13.19,0.001,61.94,0.922
2011-01-03,12.063,0.001,66.29,1.223
2011-01-04,11.122,0.001,68.25,1.087
2011-01-05,11.221,0.0,66.89,1.501
2011-01-06,11.528,0.001,67.9,0.908
2011-01-07,12.641,0.002,59.38,0.522
2011-01-08,12.765,0.0,57.07,0.879
2011-01-09,13.372,0.001,64.06,0.949
2011-01-10,12.737,0.002,59.51,2.198
2011-01-11,13.922,0.001,49.17,1.762
2011-01-12,15.31,0.001,51.27,0.92
2011-01-13,17.205,0.001,54.84,0.956
2011-01-14,18.956,0.001,52.35,2.135
2011-01-15,17.873,0.002,44.74,2.888
2011-01-16,12.833,0.003,39.13,2.674
2011-01-17,14.013,0.001,42.01,1.622
2011-01-18,16.326,0.0,44.13,0.76
2011-01-19,14.681,0.002,52.19,1.811
2011-01-20,14.856,0.0,46.29,0.529
2011-01-21,15.83,0.002,43.3,0.64
2011-01-22,17.695,0.002,46.71,0.428
2011-01-23,19.136,0.0,51.38,1.086
2011-01-24,18.529,0.0,55.47,1.913
2011-01-25,17.827,0.002,43.95,2.267
2011-01-26,17.522,0.013,46.94,2.299
2011-01-27,16.411,0.001,54.19,1.501
2011-01-28,17.154,0.001,53.24,1.882
2011-01-29,18.412,0.011,56.41,2.324
2011-01-30,18.617,0.149,64.82,1.887
2011-01-31,17.989,0.0,59.48,1.424
2011-02-01,17.8,0.0,54.48,1.22
2011-02-02,18.099,0.001,49.66,0.691
2011-02-03,18.552,0.0,51.23,0.455
2011-02-04,19.509,0.002,53.66,0.511
2011-02-05,20.592,0.001,49.23,1.124
2011-02-06,21.784,0.0,42.77,1.43
2011-02-07,23.42,0.002,38.54,2.396
2011-02-08,21.128,0.002,48.24,2.533
2011-02-09,19.481,0.002,42.75,1.77
2011-02-10,19.656,0.002,42.73,1.4
2011-02-11,19.883,0.003,44.69,1.425
2011-02-12,21.806,0.003,40.5,0.906
2011-02-13,24.161,0.0,42.9,0.591
2011-02-14,24.523,0.0,45.71,0.106
2011-02-15,23.439,0.756,53.5,0.503
2011-02-16,19.127,7.453,76.04,0.73
2011-02-17,18.43,0.173,64.15,1.91
2011-02-18,17.416,0.001,46.6,1.54
2011-02-19,17.857,0.0,45.39,1.849
2011-02-20,18.26,0.247,50.14,0.818
2011-02-21,18.353,0.001,55.03,1.887
2011-02-22,19.101,0.001,56.07,1.254
2011-02-23,20.754,0.001,49.82,1.672
2011-02-24,21.367,1.049,53.42,1.349
2011-02-25,20.418,0.528,59.8,1.493
2011-02-26,20.618,0.022,53.08,1.351
2011-02-27,20.324,0.043,54.81,2.239
2011-02-28,20.205,0.001,46.91,1.537
2011-03-01,21.879,0.418,42.88,1.431
2011-03-02,23.422,0.166,46.77,1.409
2011-03-03,25.051,0.029,44.09,1.841
2011-03-04,24.21,0.084,49.86,2.275
2011-03-05,23.845,0.024,52.12,2.163
2011-03-06,23.593,0.0,41.05,2.038
2011-03-07,23.795,0.0,36.73,2.325
2011-03-08,24.575,0.002,37.13,1.259
2011-03-09,24.0,0.002,42.76,2.292
2011-03-10,24.311,0.0,39.81,2.393
2011-03-11,22.631,0.0,36.11,2.455
2011-03-12,22.577,0.001,34.09,1.223
2011-03-13,24.369,0.001,29.93,0.943
2011-03-14,24.846,0.0,31.65,1.154
2011-03-15,25.073,0.002,36.33,1.672
2011-03-16,25.964,0.0,32.81,1.087
2011-03-17,27.509,0.0,34.14,0.562
2011-03-18,29.256,0.0,27.55,1.969
2011-03-19,29.914,0.0,17.99,3.781
2011-03-20,28.764,0.001,24.14,3.567
2011-03-21,27.194,0.0,25.3,1.996
2011-03-22,27.035,0.0,26.64,0.667
2011-03-23,28.539,0.356,24.84,1.048
2011-03-24,28.262,0.14,26.71,1.188
2011-03-25,27.239,0.002,28.1,2.024
2011-03-26,27.191,0.0,25.25,1.268
2011-03-27,28.37,0.001,21.81,1.737
2011-03-28,29.4,0.001,20.65,1.043
2011-03-29,29.428,0.0,22.53,1.362
2011-03-30,28.044,0.236,36.93,1.566
2011-03-31,28.254,0.001,31.43,0.425
2011-04-01,28.876,0.0,24.68,1.084
2011-04-02,29.59,0.002,22.17,1.735
2011-04-03,29.009,0.033,26.32,2.157
2011-04-04,27.091,0.027,23.44,2.676
2011-04-05,26.611,0.002,15.46,1.616
2011-04-06,28.653,0.0,15.31,1.147
2011-04-07,30.202,0.002,17.27,1.056
2011-04-08,28.681,0.715,30.25,1.164
2011-04-09,28.795,0.187,28.11,1.218
2011-04-10,30.055,0.075,24.32,1.222
2011-04-11,31.401,0.005,22.06,1.045
2011-04-12,31.88,0.059,22.17,0.289
2011-04-13,29.072,0.003,32.4,3.236
2011-04-14,29.872,0.102,30.08,1.555
2011-04-15,30.867,0.002,26.17,1.033
2011-04-16,32.06,0.001,24.37,1.422
2011-04-17,33.576,0.201,22.73,1.16
2011-04-18,31.35,0.008,28.81,1.814
2011-04-19,30.268,0.063,33.82,1.886
2011-04-20,30.281,0.002,27.91,0.697
2011-04-21,30.29,0.328,22.76,1.316
2011-04-22,29.495,0.131,28.6,1.223
2011-04-23,30.687,0.001,22.57,1.034
2011-04-24,31.572,0.001,17.2,0.563
2011-04-25,32.188,0.0,16.91,0.891
2011-04-26,31.293,0.015,26.79,1.928
2011-04-27,30.897,0.001,34.14,2.041
2011-04-28,32.065,0.065,28.41,0.921
2011-04-29,33.694,0.0,20.89,0.737
2011-04-30,33.735,0.002,20.3,1.118
2011-05-01,34.285,0.028,19.02,1.955
2011-05-02,34.233,0.002,18.93,3.171
2011-05-03,34.267,0.005,22.27,3.195
2011-05-04,34.502,0.003,22.75,2.182
2011-05-05,34.457,0.001,27.89,1.129
2011-05-06,34.507,0.036,28.72,0.376
2011-05-07,32.834,0.911,31.37,1.066
2011-05-08,33.272,0.002,24.28,0.952
2011-05-09,34.722,0.003,17.63,2.843
2011-05-10,35.317,0.033,16.91,3.085
2011-05-11,35.705,0.015,18.52,3.474
2011-05-12,35.763,0.001,19.25,2.184
2011-05-13,35.894,0.0,19.97,2.107
2011-05-14,35.593,0.062,21.13,0.646
2011-05-15,36.051,0.002,18.47,0.592
2011-05-16,36.824,0.0,18.21,1.365
2011-05-17,37.031,0.003,18.97,1.147
2011-05-18,36.961,0.0,19.18,2.05
2011-05-19,36.272,0.081,24.06,0.853
2011-05-20,36.505,0.0,25.02,2.587
2011-05-21,34.932,0.471,36.62,2.478
2011-05-22,33.761,0.666,38.22,2.417
2011-05-23,33.798,0.018,36.83,1.807
2011-05-24,35.341,0.0,28.91,2.65
2011-05-25,35.951,0.022,25.89,2.258
2011-05-26,35.35,0.016,29.01,1.214
2011-05-27,34.122,0.249,39.4,1.33
2011-05-28,34.565,0.025,35.73,0.874
2011-05-29,35.054,0.002,31.06,1.313
2011-05-30,35.333,0.034,29.9,0.282
2011-05-31,36.024,0.002,23.75,2.267
2011-06-01,34.375,1.63,36.36,1.725
2011-06-02,33.222,1.145,43.02,0.88
2011-06-03,33.931,0.165,41.35,1.235
2011-06-04,34.842,0.001,29.33,0.721
2011-06-05,35.884,0.0,26.61,0.414
2011-06-06,36.059,0.001,29.38,0.778
2011-06-07,36.99,0.001,27.29,2.363
2011-06-08,36.249,1.081,34.62,3.464
2011-06-09,34.997,1.218,37.68,1.848
2011-06-10,35.261,0.257,36.09,1.751
2011-06-11,34.928,1.314,41.98,2.054
2011-06-12,36.217,0.016,36.79,2.348
2011-06-13,35.883,0.114,37.45,2.98
2011-06-14,34.307,0.806,45.75,2.897
2011-06-15,30.806,7.162,63.63,2.887
2011-06-16,31.143,2.153,60.07,2.455
2011-06-17,31.066,5.402,61.21,1.949
2011-06-18,29.768,6.388,69.23,1.659
2011-06-19,28.86,9.426,73.8,2.115
2011-06-20,26.603,32.077,83.6,3.569
2011-06-21,25.584,85.187,92.99,5.167
2011-06-22,25.912,73.29,88.54,1.762
2011-06-23,26.237,6.667,78.81,6.107
2011-06-24,25.712,5.585,85.67,4.465
2011-06-25,26.52,12.735,89.76,1.876
2011-06-26,26.497,16.671,89.89,1.798
2011-06-27,25.972,26.074,90.56,2.522
2011-06-28,25.457,14.603,90.43,3.312
2011-06-29,24.883,42.011,93.99,3.951
2011-06-30,27.0,9.469,78.97,4.799
2011-07-01,28.522,1.075,70.69,3.712
2011-07-02,28.725,0.474,71.16,3.555
2011-07-03,29.365,0.455,68.0,3.149
2011-07-04,29.508,1.089,70.64,2.113
2011-07-05,28.361,8.471,79.47,1.051
2011-07-06,27.794,3.118,82.46,1.494
2011-07-07,28.478,8.854,78.97,1.558
2011-07-08,27.671,10.254,82.64,1.016
2011-07-09,26.548,10.38,85.19,2.317
2011-07-10,26.173,3.606,81.81,3.937
2011-07-11,26.674,7.258,84.57,2.982
2011-07-12,27.039,6.13,85.69,1.448
2011-07-13,27.861,7.204,84.88,0.387
2011-07-14,27.874,11.742,85.28,0.128
2011-07-15,27.635,13.235,85.81,0.647
2011-07-16,25.888,16.683,92.62,0.803
2011-07-17,27.017,5.084,85.16,0.74
2011-07-18,27.08,7.639,86.62,1.491
2011-07-19,27.307,12.105,86.08,2.859
2011-07-20,25.909,48.204,90.99,2.686
2011-07-21,25.209,32.004,89.44,4.248
2011-07-22,25.1,45.841,92.89,2.801
2011-07-23,25.94,3.092,85.98,2.466
2011-07-24,25.226,1.372,83.26,2.58
2011-07-25,27.732,0.449,76.48,2.021
2011-07-26,28.969,1.608,78.04,0.917
2011-07-27,28.991,3.382,77.99,2.055
2011-07-28,27.75,8.533,84.2,2.103
2011-07-29,28.029,7.743,83.0,2.015
2011-07-30,27.878,7.404,84.08,1.979
2011-07-31,27.972,10.404,83.56,2.261
2011-08-01,26.516,24.656,90.35,2.319
2011-08-02,27.62,14.493,86.24,1.868
2011-08-03,26.858,15.518,91.09,1.007
2011-08-04,26.532,12.39,89.94,1.642
2011-08-05,25.562,25.556,93.39,2.409
2011-08-06,25.07,26.243,95.2,2.371
2011-08-07,25.364,25.187,94.36,0.541
2011-08-08,26.044,6.849,87.32,1.398
2011-08-09,26.627,1.446,79.42,4.083
2011-08-10,25.588,8.741,86.81,3.345
2011-08-11,26.852,7.844,81.55,2.854
2011-08-12,25.707,5.866,87.28,1.401
2011-08-13,26.414,12.57,86.89,1.081
2011-08-14,26.026,11.224,88.19,2.627
2011-08-15,27.33,0.711,78.33,3.706
2011-08-16,27.3,1.73,76.42,4.083
2011-08-17,27.145,2.001,80.33,2.912
2011-08-18,26.615,10.692,85.75,1.679
2011-08-19,25.561,12.02,90.21,0.538
2011-08-20,26.407,7.39,86.8,1.462
2011-08-21,28.098,0.486,78.43,1.332
2011-08-22,29.149,0.496,76.12,1.509
2011-08-23,28.012,7.499,83.81,0.939
2011-08-24,27.5,5.436,84.86,0.588
2011-08-25,27.0,18.595,87.21,0.43
2011-08-26,26.856,4.582,86.39,1.395
2011-08-27,27.301,5.15,83.79,2.259
2011-08-28,27.774,3.136,80.55,2.522
2011-08-29,27.888,6.738,82.17,2.531
2011-08-30,28.404,2.611,80.05,2.472
2011-08-31,28.696,1.312,77.83,2.936
2011-09-01,27.632,6.224,80.31,3.003
2011-09-02,25.713,8.868,87.71,2.596
2011-09-03,25.88,17.487,89.07,1.97
2011-09-04,25.789,21.215,89.71,1.854
2011-09-05,26.454,7.692,86.64,1.796
2011-09-06,26.75,9.984,86.55,1.674
2011-09-07,26.554,4.975,84.55,2.384
2011-09-08,26.899,1.289,77.37,2.571
2011-09-09,25.531,11.844,89.39,1.344
2011-09-10,25.478,16.032,90.96,2.13
2011-09-11,26.015,4.059,83.96,2.616
2011-09-12,27.102,0.216,76.47,1.71
2011-09-13,28.112,4.701,79.63,0.784
2011-09-14,27.098,13.454,85.31,1.069
2011-09-15,26.412,15.754,87.96,0.904
2011-09-16,25.569,8.746,91.09,1.676
2011-09-17,26.459,3.349,83.85,3.096
2011-09-18,26.987,0.825,77.6,3.421
2011-09-19,26.434,2.451,81.72,2.611
2011-09-20,26.769,2.23,81.67,2.615
2011-09-21,26.79,0.949,80.3,2.819
2011-09-22,26.737,0.38,74.73,2.556
2011-09-23,26.886,0.062,70.28,2.932
2011-09-24,26.149,3.317,75.96,2.764
2011-09-25,26.579,0.128,68.7,3.246
2011-09-26,26.495,0.009,67.62,3.137
2011-09-27,26.468,0.098,69.78,2.919
2011-09-28,26.399,0.006,66.9,2.936
2011-09-29,26.239,0.001,66.95,2.659
2011-09-30,26.219,0.001,63.31,2.429
2011-10-01,26.233,0.0,60.92,2.774
2011-10-02,26.144,0.001,60.36,2.774
2011-10-03,25.587,0.0,61.11,2.312
2011-10-04,25.937,0.0,61.65,1.698
2011-10-05,26.916,0.006,62.41,1.109
2011-10-06,27.126,0.042,65.62,0.971
2011-10-07,27.33,0.155,65.57,0.512
2011-10-08,27.169,0.133,63.36,0.251
2011-10-09,27.381,0.019,58.93,0.735
2011-10-10,27.336,0.01,59.54,0.914
2011-10-11,26.793,0.0,53.76,0.715
2011-10-12,26.552,0.001,55.92,1.091
2011-10-13,26.474,0.001,55.58,1.31
2011-10-14,26.946,0.001,53.19,1.711
2011-10-15,27.442,0.001,50.35,0.773
2011-10-16,26.781,0.001,48.67,0.884
2011-10-17,26.391,0.001,46.48,1.151
2011-10-18,26.231,0.0,48.01,0.583
2011-10-19,25.301,0.001,46.85,0.474
2011-10-20,25.419,0.003,46.59,0.772
2011-10-21,25.248,0.001,44.76,1.158
2011-10-22,24.816,0.001,51.45,0.579
2011-10-23,25.172,0.001,52.95,0.488
2011-10-24,25.852,0.001,50.38,0.326
2011-10-25,25.898,0.0,49.5,0.165
2011-10-26,25.585,0.001,48.8,0.827
2011-10-27,25.264,0.001,48.83,0.798
2011-10-28,23.962,0.001,46.7,0.754
2011-10-29,23.221,0.002,48.32,0.567
2011-10-30,22.237,0.001,50.03,0.186
2011-10-31,22.686,0.0,50.33,1.177
2011-11-01,22.74,0.002,50.09,0.699
2011-11-02,23.119,0.0,45.32,1.399
2011-11-03,23.654,0.0,43.49,1.404
2011-11-04,23.72,0.001,46.78,0.973
2011-11-05,24.235,0.001,48.18,1.43
2011-11-06,24.537,0.0,49.61,1.252
2011-11-07,24.214,0.0,52.61,0.435
2011-11-08,23.279,0.002,52.6,0.809
2011-11-09,22.669,0.001,52.78,0.144
2011-11-10,23.625,0.0,57.84,0.74
2011-11-11,24.795,0.001,60.02,1.285
2011-11-12,24.87,0.0,58.18,0.866
2011-11-13,23.708,0.0,51.49,0.735
2011-11-14,22.762,0.001,50.82,0.77
2011-11-15,22.249,0.0,49.33,0.89
2011-11-16,22.583,0.003,46.7,1.837
2011-11-17,23.195,0.0,48.13,1.88
2011-11-18,23.413,0.002,49.63,1.09
2011-11-19,23.204,0.001,53.76,0.422
2011-11-20,22.342,0.002,64.41,1.106
2011-11-21,21.774,0.0,65.4,1.432
2011-11-22,21.089,0.003,64.6,1.656
2011-11-23,21.237,0.001,65.5,2.133
2011-11-24,21.301,0.001,62.12,1.811
2011-11-25,21.247,0.0,61.35,1.445
2011-11-26,21.248,0.001,61.0,1.534
2011-11-27,21.227,0.001,59.52,1.244
2011-11-28,20.591,0.0,61.78,0.876
2011-11-29,19.538,0.002,56.43,1.646
2011-11-30,19.12,0.0,55.57,0.806
2011-12-01,18.926,0.001,56.45,1.29
2011-12-02,19.548,0.0,64.95,1.045
2011-12-03,20.215,0.001,67.04,0.597
2011-12-04,21.917,0.0,59.4,0.493
2011-12-05,21.294,0.0,57.17,0.926
2011-12-06,21.411,0.0,57.38,1.465
2011-12-07,21.189,0.0,58.05,1.545
2011-12-08,20.892,0.002,58.17,1.597
2011-12-09,21.863,0.001,52.68,1.312
2011-12-10,19.19,0.005,54.79,2.033
2011-12-11,16.604,0.0,51.35,0.52
2011-12-12,15.773,0.002,58.86,1.157
2011-12-13,16.005,0.002,60.86,0.416
2011-12-14,16.436,0.001,55.45,0.091
2011-12-15,15.95,0.001,57.27,0.508
2011-12-16,15.7,0.0,57.9,0.552
2011-12-17,15.175,0.001,57.04,0.706
2011-12-18,15.215,0.0,58.73,1.193
2011-12-19,14.921,0.0,60.29,1.025
2011-12-20,15.093,0.001,60.03,1.288
2011-12-21,15.146,0.001,56.19,0.919
2011-12-22,16.005,0.0,54.57,0.767
2011-12-23,16.46,0.0,64.08,0.895
2011-12-24,15.933,0.001,66.14,0.94
2011-12-25,15.484,0.0,59.45,0.79
2011-12-26,14.77,0.001,56.41,0.968
2011-12-27,14.243,0.0,58.11,1.423
2011-12-28,14.785,0.002,61.71,1.352
2011-12-29,15.305,0.0,65.68,1.167
2011-12-30,16.824,0.018,71.44,1.747
2011-12-31,19.925,8.913,75.18,1.833
2012-01-01,18.627,16.935,93.12,0.766
2012-01-02,16.015,0.261,76.1,1.989
2012-01-03,14.838,0.008,74.68,0.357
2012-01-04,15.304,0.002,73.16,1.463
2012-01-05,16.837,0.059,75.87,1.363
2012-01-06,17.044,1.096,80.74,1.881
2012-01-07,17.551,0.385,79.49,1.179
2012-01-08,15.448,0.456,84.77,1.757
2012-01-09,13.224,0.002,73.36,1.697
2012-01-10,12.064,0.0,71.28,1.553
2012-01-11,11.796,0.001,62.73,1.264
2012-01-12,12.164,0.001,61.95,1.992
2012-01-13,12.467,0.0,56.14,2.019
2012-01-14,13.908,0.0,53.96,1.793
2012-01-15,16.149,0.001,48.53,2.193
2012-01-16,17.789,0.029,56.37,0.69
2012-01-17,16.366,0.267,75.49,1.143
2012-01-18,15.468,0.037,71.04,1.766
2012-01-19,13.878,0.574,70.94,2.036
2012-01-20,12.324,0.0,56.01,2.183
2012-01-21,12.193,0.002,54.41,1.561
2012-01-22,13.71,0.0,51.76,0.611
2012-01-23,15.117,0.001,55.96,1.232
2012-01-24,15.735,0.0,51.87,1.37
2012-01-25,16.429,0.002,50.8,1.477
2012-01-26,15.174,0.438,59.37,0.991
2012-01-27,15.298,0.002,58.26,1.318
2012-01-28,15.462,0.054,56.89,2.146
2012-01-29,15.363,0.0,55.71,1.992
2012-01-30,15.782,0.004,55.98,1.522
2012-01-31,15.935,0.001,54.89,1.841
2012-02-01,15.289,0.001,46.63,1.655
2012-02-02,15.751,0.001,48.21,0.561
2012-02-03,16.755,0.0,48.42,0.342
2012-02-04,19.025,0.001,44.56,1.808
2012-02-05,20.135,0.001,48.58,1.594
2012-02-06,19.401,0.001,55.48,1.697
2012-02-07,19.32,3.491,59.59,2.023
2012-02-08,16.222,2.908,63.51,2.322
2012-02-09,12.962,0.003,40.32,1.835
2012-02-10,13.741,0.002,41.87,1.167
2012-02-11,15.248,0.001,45.37,0.705
2012-02-12,17.766,0.001,42.59,2.182
2012-02-13,20.669,0.079,49.83,0.77
2012-02-14,20.007,0.001,58.79,1.838
2012-02-15,20.129,0.02,60.88,2.855
2012-02-16,17.93,0.001,59.9,2.871
2012-02-17,17.521,0.001,45.81,2.0
2012-02-18,17.932,0.001,41.63,1.91
2012-02-19,18.816,0.001,37.52,2.156
2012-02-20,20.59,0.0,40.07,0.863
2012-02-21,23.452,0.001,37.85,2.05
2012-02-22,23.741,0.001,39.92,0.97
2012-02-23,24.357,0.002,34.38,1.164
2012-02-24,23.741,0.001,44.69,1.104
2012-02-25,22.448,0.0,47.73,1.924
2012-02-26,19.944,0.002,29.47,2.383
2012-02-27,20.591,0.002,29.71,1.838
2012-02-28,21.489,0.0,33.0,1.319
2012-02-29,21.194,0.001,34.51,0.512
2012-03-01,21.59,0.0,32.84,1.197
2012-03-02,22.277,0.0,32.24,0.783
2012-03-03,22.81,0.001,36.89,1.364
2012-03-04,25.017,0.0,34.63,2.496
2012-03-05,26.721,0.001,30.49,2.587
2012-03-06,25.7,0.003,29.29,2.798
2012-03-07,23.333,0.003,36.74,0.776
2012-03-08,21.961,0.002,22.84,1.846
2012-03-09,19.533,0.0,18.86,2.01
2012-03-10,19.512,0.001,27.69,2.023
2012-03-11,21.742,0.002,30.79,2.568
2012-03-12,22.769,1.734,50.79,2.06
2012-03-13,22.326,0.004,34.99,2.952
2012-03-14,21.566,0.002,46.46,1.459
2012-03-15,23.253,0.002,33.96,0.912
2012-03-16,24.235,0.0,35.56,0.543
2012-03-17,26.435,0.003,30.51,1.423
2012-03-18,27.345,0.0,31.08,0.673
2012-03-19,28.089,0.0,36.88,0.91
2012-03-20,28.93,0.0,26.17,1.79
2012-03-21,25.689,0.0,18.38,3.173
2012-03-22,22.487,0.002,21.11,2.97
2012-03-23,24.086,0.001,23.39,2.803
2012-03-24,25.959,0.002,24.01,2.099
2012-03-25,26.895,0.003,23.67,0.936
2012-03-26,28.345,0.0,21.93,0.924
2012-03-27,29.107,0.001,21.38,0.503
2012-03-28,29.171,0.001,27.37,2.517
2012-03-29,28.309,0.001,28.97,2.172
2012-03-30,28.673,0.0,28.61,0.859
2012-03-31,29.893,0.0,24.61,1.713
2012-04-01,30.548,0.002,24.04,1.233
2012-04-02,30.908,0.078,24.76,1.12
2012-04-03,30.876,0.542,25.96,1.445
2012-04-04,31.406,0.103,22.9,1.105
2012-04-05,29.349,0.772,29.47,0.232
2012-04-06,29.906,0.907,28.82,1.729
2012-04-07,31.018,0.0,24.79,1.187
2012-04-08,31.193,0.0,23.24,1.935
2012-04-09,31.189,0.006,22.94,0.109
2012-04-10,31.879,0.016,20.51,0.228
2012-04-11,31.083,0.099,29.4,1.162
2012-04-12,29.601,1.107,36.63,0.587
2012-04-13,29.595,0.378,32.54,0.684
2012-04-14,29.87,0.026,32.11,0.963
2012-04-15,28.75,0.047,36.82,2.051
2012-04-16,29.158,0.002,29.01,1.341
2012-04-17,31.178,0.0,25.83,0.998
2012-04-18,31.633,0.027,27.68,1.371
2012-04-19,32.366,0.046,28.4,1.815
2012-04-20,31.486,0.041,30.34,2.644
2012-04-21,30.117,0.015,32.89,2.702
2012-04-22,30.859,0.029,25.99,1.465
2012-04-23,30.786,0.001,23.89,1.34
2012-04-24,31.463,0.006,23.27,0.752
2012-04-25,31.213,0.001,24.58,2.225
2012-04-26,32.25,0.008,24.9,1.352
2012-04-27,31.206,0.003,26.53,2.355
2012-04-28,31.336,0.0,24.82,1.901
2012-04-29,32.1,0.0,17.53,1.168
2012-04-30,32.07,0.0,14.45,1.108
2012-05-01,31.601,0.002,15.14,1.357
2012-05-02,31.577,0.001,17.22,0.962
2012-05-03,31.526,0.035,18.22,0.927
2012-05-04,31.285,0.996,22.75,1.149
2012-05-05,31.602,0.001,22.23,0.894
2012-05-06,32.545,0.087,21.63,1.535
2012-05-07,33.191,0.001,23.48,2.699
2012-05-08,32.984,0.673,29.44,2.291
2012-05-09,33.333,0.014,26.92,1.997
2012-05-10,34.053,0.018,23.61,1.828
2012-05-11,33.564,0.043,28.21,2.3
2012-05-12,33.754,0.488,30.04,1.335
2012-05-13,33.374,0.005,27.7,1.989
2012-05-14,33.089,0.001,25.4,2.742
2012-05-15,32.983,0.001,22.07,2.291
2012-05-16,34.496,0.012,18.86,3.052
2012-05-17,35.2,0.001,20.73,3.57
2012-05-18,34.595,0.0,21.53,2.733
2012-05-19,34.35,0.0,21.58,2.236
2012-05-20,34.817,0.001,20.87,1.439
2012-05-21,35.28,0.0,19.65,1.011
2012-05-22,35.497,0.001,19.54,1.571
2012-05-23,35.288,0.003,16.89,2.592
2012-05-24,35.251,0.0,16.11,3.049
2012-05-25,36.332,0.001,17.72,3.223
2012-05-26,36.413,0.0,16.22,3.647
2012-05-27,35.571,0.002,15.52,3.1
2012-05-28,35.43,0.001,17.37,2.167
2012-05-29,36.123,0.001,16.33,2.497
2012-05-30,36.394,0.001,15.65,2.859
2012-05-31,37.308,0.002,18.79,2.87
2012-06-01,37.657,0.001,19.68,3.588
2012-06-02,37.631,0.003,23.36,4.164
2012-06-03,36.757,0.023,23.34,4.211
2012-06-04,35.669,0.002,24.11,3.412
2012-06-05,35.364,0.01,25.88,2.299
2012-06-06,35.364,0.041,27.22,2.268
2012-06-07,33.062,0.012,38.55,2.33
2012-06-08,34.883,0.0,30.95,3.101
2012-06-09,35.599,0.002,28.44,3.672
2012-06-10,35.617,0.005,28.78,4.07
2012-06-11,35.677,0.014,30.05,3.159
2012-06-12,34.573,0.033,35.29,2.433
2012-06-13,35.323,0.781,37.78,2.933
2012-06-14,36.862,0.117,33.4,3.356
2012-06-15,36.607,0.127,35.42,4.58
2012-06-16,35.461,1.027,40.75,4.566
2012-06-17,34.283,2.663,47.54,4.193
2012-06-18,31.939,2.404,55.73,3.432
2012-06-19,31.506,4.811,55.56,2.635
2012-06-20,35.113,0.013,35.42,4.411
2012-06-21,34.929,0.135,38.21,4.347
2012-06-22,34.77,0.209,39.52,3.462
2012-06-23,34.104,1.087,42.31,4.072
2012-06-24,34.602,0.077,40.02,5.122
2012-06-25,35.01,0.135,38.79,5.071
2012-06-26,34.621,0.0,33.15,5.261
2012-06-27,34.257,0.028,35.61,4.289
2012-06-28,35.051,0.023,35.58,3.616
2012-06-29,35.532,0.008,33.8,3.134
2012-06-30,36.054,0.002,32.12,2.895
2012-07-01,36.578,0.001,32.54,1.982
2012-07-02,34.957,0.814,44.31,1.334
2012-07-03,33.427,1.376,53.65,1.257
2012-07-04,30.178,33.134,73.45,1.596
2012-07-05,27.64,28.734,85.36,2.575
2012-07-06,25.467,26.937,91.09,4.039
2012-07-07,25.784,37.091,89.39,3.478
2012-07-08,25.742,23.882,90.71,3.162
2012-07-09,26.235,19.681,90.24,1.743
2012-07-10,27.665,1.059,75.91,3.767
2012-07-11,29.145,0.173,70.74,2.761
2012-07-12,29.623,3.414,73.01,2.716
2012-07-13,28.751,7.537,75.3,3.522
2012-07-14,26.979,8.468,84.26,3.096
2012-07-15,28.152,3.319,78.11,2.338
2012-07-16,29.008,0.824,72.81,2.499
2012-07-17,30.126,0.173,66.37,3.146
2012-07-18,30.385,0.302,66.9,4.32
2012-07-19,29.981,0.321,65.89,4.137
2012-07-20,28.188,6.254,75.37,2.264
2012-07-21,26.526,13.928,89.12,2.034
2012-07-22,28.014,12.124,86.22,1.196
2012-07-23,28.295,16.077,84.15,1.183
2012-07-24,26.422,27.12,89.34,2.943
2012-07-25,25.19,52.653,92.73,3.057
2012-07-26,25.502,35.102,93.2,1.913
2012-07-27,27.205,16.74,87.55,0.9
2012-07-28,26.588,12.158,90.13,0.765
2012-07-29,25.827,32.796,91.43,1.871
2012-07-30,24.73,11.895,92.42,2.782
2012-07-31,25.836,4.63,87.95,2.178
2012-08-01,26.662,5.172,86.93,2.384
2012-08-02,26.218,13.977,85.95,3.538
2012-08-03,25.108,46.931,91.2,2.294
2012-08-04,25.569,15.375,89.92,1.128
2012-08-05,25.862,26.994,91.52,1.976
2012-08-06,25.766,36.887,92.12,2.691
2012-08-07,26.84,6.595,87.88,1.678
2012-08-08,26.876,9.454,87.5,0.918
2012-08-09,25.718,18.641,92.04,1.123
2012-08-10,26.062,25.378,89.67,1.249
2012-08-11,25.583,15.968,91.17,1.669
2012-08-12,25.796,4.442,84.79,2.449
2012-08-13,25.657,1.836,75.96,4.184
2012-08-14,25.34,4.677,80.01,3.711
2012-08-15,25.915,1.555,80.48,3.169
2012-08-16,26.392,4.152,81.49,2.597
2012-08-17,26.415,3.366,84.11,2.516
2012-08-18,26.436,10.577,88.15,1.708
2012-08-19,27.24,3.721,87.56,1.829
2012-08-20,27.854,9.073,84.52,1.023
2012-08-21,26.513,22.007,91.02,1.159
2012-08-22,24.818,14.305,93.2,2.174
2012-08-23,26.899,1.959,81.03,2.902
2012-08-24,27.172,2.232,79.6,2.909
2012-08-25,26.618,10.617,85.58,1.455
2012-08-26,26.278,13.193,86.99,0.837
2012-08-27,26.66,10.709,86.14,0.845
2012-08-28,26.818,5.377,85.95,0.684
2012-08-29,27.894,2.668,84.29,0.839
2012-08-30,27.529,8.449,87.36,0.794
2012-08-31,28.126,3.557,83.05,1.027
2012-09-01,28.737,4.149,81.83,0.222
2012-09-02,27.806,7.222,85.24,1.132
2012-09-03,27.301,4.658,84.68,2.288
2012-09-04,27.078,5.803,82.89,4.062
2012-09-05,26.427,5.93,84.06,4.393
2012-09-06,25.765,4.747,83.82,3.793
2012-09-07,26.322,3.218,82.64,1.934
2012-09-08,26.681,4.445,84.47,0.703
2012-09-09,27.465,8.95,83.1,0.488
2012-09-10,25.344,16.932,92.19,1.631
2012-09-11,26.293,9.228,89.87,1.065
2012-09-12,26.356,11.916,85.71,2.345
2012-09-13,26.21,8.238,83.29,3.374
2012-09-14,25.83,14.106,87.34,3.146
2012-09-15,25.631,11.48,87.31,3.101
2012-09-16,25.277,15.028,90.08,2.36
2012-09-17,25.929,5.276,86.12,2.012
2012-09-18,26.266,2.035,83.11,1.97
2012-09-19,26.179,2.832,84.66,1.709
2012-09-20,27.148,2.702,82.3,1.279
2012-09-21,27.025,1.21,79.21,1.616
2012-09-22,26.949,0.001,68.79,1.788
2012-09-23,27.109,0.087,68.97,2.173
2012-09-24,26.668,0.014,67.77,2.341
2012-09-25,26.056,0.0,67.81,2.062
2012-09-26,26.163,0.0,64.87,1.646
2012-09-27,25.952,0.003,64.98,1.63
2012-09-28,26.202,0.001,69.02,1.517
2012-09-29,26.964,0.057,70.69,0.879
2012-09-30,27.493,0.01,70.12,1.172
2012-10-01,27.946,0.087,70.63,1.111
2012-10-02,28.199,0.347,71.07,0.491
2012-10-03,27.245,0.693,71.16,0.87
2012-10-04,26.492,0.0,63.2,1.819
2012-10-05,26.918,0.001,51.81,1.923
2012-10-06,26.932,0.001,53.04,0.787
2012-10-07,26.48,0.002,51.84,0.867
2012-10-08,26.16,0.0,53.85,1.271
2012-10-09,25.795,0.0,51.91,0.928
2012-10-10,25.41,0.001,55.36,0.807
2012-10-11,24.926,0.0,58.94,0.708
2012-10-12,25.328,0.0,52.5,0.733
2012-10-13,25.746,0.001,49.38,0.631
2012-10-14,25.517,0.0,47.17,0.394
2012-10-15,26.032,0.002,45.58,0.924
2012-10-16,25.685,0.002,50.31,0.312
2012-10-17,25.338,0.001,54.64,0.557
2012-10-18,25.324,0.001,51.81,1.196
2012-10-19,25.552,0.001,50.74,1.233
2012-10-20,25.337,0.0,51.86,1.23
2012-10-21,24.806,0.001,53.68,0.931
2012-10-22,24.732,0.002,54.21,0.427
2012-10-23,25.05,0.003,52.76,0.354
2012-10-24,24.819,0.038,55.19,0.862
2012-10-25,23.407,0.0,56.78,1.6
2012-10-26,22.765,0.037,52.25,1.576
2012-10-27,22.262,0.0,50.42,1.043
2012-10-28,22.356,0.002,49.78,0.543
2012-10-29,22.398,0.0,52.09,0.448
2012-10-30,22.32,0.0,53.46,0.896
2012-10-31,22.034,0.001,50.25,1.538
2012-11-01,22.172,0.003,51.03,1.642
2012-11-02,22.012,0.001,55.45,2.086
2012-11-03,21.818,0.0,56.33,2.205
2012-11-04,21.64,0.001,55.58,2.009
2012-11-05,21.51,0.001,56.25,1.543
2012-11-06,21.279,0.0,55.57,1.19
2012-11-07,21.416,0.001,52.95,0.886
2012-11-08,22.41,0.0,41.82,1.599
2012-11-09,21.622,0.001,44.44,0.427
2012-11-10,21.993,0.001,44.84,1.296
2012-11-11,22.319,0.0,45.39,1.128
2012-11-12,22.668,0.003,44.66,0.604
2012-11-13,22.085,0.001,48.45,0.977
2012-11-14,20.749,0.0,49.21,1.189
2012-11-15,20.4,0.0,51.66,0.41
2012-11-16,20.224,0.001,53.01,0.872
2012-11-17,19.973,0.0,57.88,1.048
2012-11-18,20.185,0.001,58.8,1.05
2012-11-19,20.244,0.002,55.67,1.06
2012-11-20,20.09,0.0,47.58,1.083
2012-11-21,19.748,0.0,46.8,0.66
2012-11-22,19.67,0.001,49.98,0.276
2012-11-23,20.513,0.0,51.92,0.76
2012-11-24,20.423,0.0,50.56,0.974
2012-11-25,21.149,0.001,47.77,0.873
2012-11-26,20.398,0.001,50.07,0.923
2012-11-27,19.784,0.003,50.94,0.592
2012-11-28,19.801,0.001,51.14,0.654
2012-11-29,20.026,0.001,51.75,0.779
2012-11-30,19.846,0.0,54.09,1.484
2012-12-01,17.577,0.001,52.14,1.312
2012-12-02,17.75,0.002,50.99,1.042
2012-12-03,18.055,0.002,50.8,0.999
2012-12-04,18.057,0.001,46.87,1.616
2012-12-05,19.469,0.001,45.44,1.288
2012-12-06,19.776,0.001,43.1,1.542
2012-12-07,20.414,0.001,42.87,1.706
2012-12-08,20.756,0.001,43.51,0.76
2012-12-09,20.894,0.0,46.08,1.119
2012-12-10,20.998,0.003,53.9,1.445
2012-12-11,20.83,0.015,57.98,1.201
2012-12-12,19.712,0.0,59.3,1.799
2012-12-13,19.968,0.002,57.06,2.329
2012-12-14,20.972,0.001,63.5,1.04
2012-12-15,19.822,0.003,75.72,1.279
2012-12-16,20.449,0.001,64.66,1.124
2012-12-17,18.88,0.0,63.9,2.34
2012-12-18,18.263,0.0,46.61,2.353
2012-12-19,16.925,0.001,52.34,2.641
2012-12-20,15.77,0.002,44.72,1.938
2012-12-21,15.922,0.001,46.2,0.928
2012-12-22,15.75,0.0,49.8,0.419
2012-12-23,14.756,0.0,58.12,1.408
2012-12-24,14.43,0.0,60.78,0.243
2012-12-25,14.661,0.001,63.08,0.914
2012-12-26,14.193,0.001,66.61,0.531
2012-12-27,13.785,0.001,65.66,0.836
2012-12-28,13.984,0.0,62.79,1.316
2012-12-29,15.82,0.0,56.55,1.224
2012-12-30,17.11,0.0,58.18,1.277
