date,temp_c,precip_mm,humidity_pct,wind_speed_ms
2000-01-01,17.833,0.0,52.23,1.133
2000-01-02,17.601,0.002,51.8,1.57
2000-01-03,16.72,0.0,49.16,1.921
2000-01-04,16.469,0.002,41.67,1.617
2000-01-05,16.512,0.003,41.92,1.817
2000-01-06,15.969,0.0,40.48,2.33
2000-01-07,16.318,0.001,41.56,1.666
2000-01-08,17.792,0.001,38.06,0.775
2000-01-09,18.861,0.002,36.47,1.16
2000-01-10,19.399,0.0,38.98,1.458
2000-01-11,20.477,0.0,41.02,1.757
2000-01-12,21.592,0.002,42.65,2.791
2000-01-13,21.033,0.003,43.15,1.688
2000-01-14,21.085,0.01,44.54,0.771
2000-01-15,20.152,0.46,59.25,1.46
2000-01-16,17.829,0.001,49.92,3.245
2000-01-17,17.223,0.001,40.53,2.421
2000-01-18,17.945,0.001,30.79,2.136
2000-01-19,19.422,0.001,31.55,2.08
2000-01-20,19.686,0.0,37.12,1.803
2000-01-21,20.722,0.002,36.52,0.546
2000-01-22,20.89,0.001,36.02,1.257
2000-01-23,20.001,0.002,42.14,2.192
2000-01-24,19.6,0.001,40.54,2.145
2000-01-25,19.827,0.001,39.47,1.032
2000-01-26,21.093,0.001,37.99,1.455
2000-01-27,21.621,0.001,40.79,0.598
2000-01-28,18.809,0.001,47.42,2.816
2000-01-29,17.155,0.0,33.36,2.586
2000-01-30,18.432,0.001,32.49,1.15
2000-01-31,20.515,0.001,31.95,2.504
2000-02-01,20.961,0.003,39.76,2.379
2000-02-02,20.546,0.001,48.77,0.835
2000-02-03,21.341,0.002,45.26,1.024
2000-02-04,22.48,0.004,43.62,1.588
2000-02-05,21.517,0.014,43.31,2.064
2000-02-06,19.814,0.001,48.19,2.022
2000-02-07,18.739,0.0,48.25,2.332
2000-02-08,19.871,0.01,43.82,1.822
2000-02-09,19.465,0.001,40.81,2.271
2000-02-10,21.476,0.08,40.17,0.376
2000-02-11,21.692,0.737,44.19,1.743
2000-02-12,20.038,0.001,45.33,2.33
2000-02-13,19.33,0.015,49.75,3.126
2000-02-14,18.746,0.0,43.85,2.907
2000-02-15,20.058,0.002,41.47,1.538
2000-02-16,21.947,0.018,46.28,1.12
2000-02-17,20.548,0.001,35.11,2.393
2000-02-18,19.512,0.002,21.72,1.925
2000-02-19,20.457,0.002,21.46,1.325
2000-02-20,20.345,4.252,52.45,2.541
2000-02-21,19.752,0.364,66.08,1.83
2000-02-22,21.075,0.114,52.68,0.935
2000-02-23,19.946,1.282,61.65,2.174
2000-02-24,16.726,2.86,64.61,0.793
2000-02-25,18.611,0.001,47.55,0.509
2000-02-26,19.464,0.0,41.0,1.234
2000-02-27,20.366,0.001,27.78,1.384
2000-02-28,21.677,0.002,25.68,1.152
2000-02-29,23.878,0.0,24.75,2.195
2000-03-01,25.74,0.001,22.84,2.864
2000-03-02,26.549,0.0,22.23,3.61
2000-03-03,25.887,0.001,25.3,3.069
2000-03-04,25.955,0.002,21.51,2.441
2000-03-05,24.535,0.0,24.87,2.424
2000-03-06,25.29,0.001,27.43,0.905
2000-03-07,26.083,0.001,27.04,2.075
2000-03-08,24.334,0.0,26.55,2.208
2000-03-09,22.628,0.0,25.58,2.401
2000-03-10,23.52,0.001,20.05,1.236
2000-03-11,25.826,0.003,19.53,3.042
2000-03-12,26.931,0.0,19.22,3.486
2000-03-13,25.678,0.0,23.54,3.447
2000-03-14,24.541,0.0,23.63,2.05
2000-03-15,23.426,0.002,24.8,2.557
2000-03-16,24.677,0.0,18.94,1.158
2000-03-17,26.321,0.001,20.8,1.421
2000-03-18,27.046,0.0,24.59,2.418
2000-03-19,26.006,0.0,18.18,2.423
2000-03-20,25.297,0.0,15.54,2.408
2000-03-21,27.219,0.002,17.34,1.432
2000-03-22,25.292,5.121,48.38,2.26
2000-03-23,25.436,0.001,28.98,2.66
2000-03-24,24.651,0.002,22.88,3.285
2000-03-25,24.352,0.0,25.31,2.499
2000-03-26,25.9,0.0,22.03,2.195
2000-03-27,26.707,0.001,20.94,2.48
2000-03-28,27.653,0.002,20.66,2.392
2000-03-29,28.51,0.0,18.47,2.166
2000-03-30,29.455,0.0,17.81,2.534
2000-03-31,30.057,0.0,17.08,2.43
2000-04-01,31.192,0.0,16.09,1.098
2000-04-02,30.743,0.0,20.67,1.7
2000-04-03,30.845,0.001,20.41,1.406
2000-04-04,31.561,0.001,17.7,1.152
2000-04-05,31.831,0.0,15.99,2.143
2000-04-06,31.981,0.001,15.08,1.495
2000-04-07,32.026,0.001,16.16,1.67
2000-04-08,32.787,0.0,16.42,1.658
2000-04-09,31.652,0.0,12.69,3.006
2000-04-10,31.486,0.001,13.51,1.751
2000-04-11,31.521,0.001,13.53,1.89
2000-04-12,31.96,0.001,14.27,0.553
2000-04-13,32.948,0.002,14.63,0.7
2000-04-14,33.777,0.005,14.88,2.662
2000-04-15,33.396,0.002,17.21,3.066
2000-04-16,32.372,0.0,20.32,1.747
2000-04-17,32.266,0.02,18.75,0.455
2000-04-18,33.239,0.01,18.97,1.092
2000-04-19,33.531,0.008,19.46,1.88
2000-04-20,34.041,0.002,13.19,2.41
2000-04-21,34.195,0.0,12.59,2.823
2000-04-22,33.205,0.253,18.88,3.351
2000-04-23,31.532,0.436,27.23,3.02
2000-04-24,31.867,0.07,26.61,2.507
2000-04-25,34.116,0.005,22.94,3.57
2000-04-26,34.864,0.056,21.57,3.431
2000-04-27,35.506,0.0,19.84,3.916
2000-04-28,35.684,0.001,17.94,3.806
2000-04-29,35.407,0.001,19.1,3.921
2000-04-30,35.578,0.002,17.29,3.698
2000-05-01,35.028,0.001,13.81,2.955
2000-05-02,35.549,0.071,14.88,3.064
2000-05-03,35.401,0.001,13.67,1.849
2000-05-04,34.844,0.012,19.56,1.502
2000-05-05,33.942,0.147,24.97,0.781
2000-05-06,32.446,1.746,34.1,1.755
2000-05-07,30.515,1.615,40.99,0.816
2000-05-08,30.312,1.404,42.66,1.55
2000-05-09,30.051,1.999,42.6,0.881
2000-05-10,30.195,1.681,45.84,1.682
2000-05-11,31.038,2.2,43.21,2.131
2000-05-12,30.854,1.137,46.57,2.353
2000-05-13,30.793,0.97,45.45,3.156
2000-05-14,30.035,0.373,50.69,3.279
2000-05-15,29.444,3.469,52.86,3.04
2000-05-16,32.026,0.253,41.04,2.711
2000-05-17,31.804,1.474,43.69,2.525
2000-05-18,32.218,0.914,42.29,2.7
2000-05-19,31.31,1.076,48.76,2.413
2000-05-20,27.608,19.338,73.25,1.882
2000-05-21,29.039,8.14,65.67,1.493
2000-05-22,30.202,1.263,58.96,2.146
2000-05-23,32.304,0.092,46.16,3.268
2000-05-24,32.878,0.0,39.08,3.493
2000-05-25,32.923,0.002,38.43,3.74
2000-05-26,33.31,0.001,36.89,3.422
2000-05-27,34.134,0.002,32.32,2.871
2000-05-28,34.583,0.055,31.84,2.508
2000-05-29,32.512,2.142,45.97,2.66
2000-05-30,31.704,12.09,51.36,2.391
2000-05-31,28.288,7.968,72.12,1.882
2000-06-01,30.338,0.441,58.95,1.959
2000-06-02,30.784,2.703,56.26,1.005
2000-06-03,31.571,0.96,51.09,0.886
2000-06-04,31.079,4.009,55.82,0.823
2000-06-05,27.852,27.502,76.14,1.346
2000-06-06,26.182,19.469,83.06,0.97
2000-06-07,23.929,27.669,93.56,3.765
2000-06-08,24.424,17.726,91.29,3.113
2000-06-09,27.158,4.872,79.54,2.156
2000-06-10,28.458,2.929,72.54,1.592
2000-06-11,29.012,1.967,69.74,2.099
2000-06-12,28.087,4.056,69.55,2.304
2000-06-13,28.31,1.645,67.45,2.762
2000-06-14,27.867,4.098,68.53,2.818
2000-06-15,28.309,1.695,63.53,2.811
2000-06-16,28.494,3.481,66.6,2.078
2000-06-17,27.501,10.315,71.39,2.598
2000-06-18,26.507,12.196,75.1,2.599
2000-06-19,24.529,50.388,92.2,1.883
2000-06-20,24.136,33.626,90.75,2.451
2000-06-21,25.012,11.792,81.77,2.92
2000-06-22,26.766,0.032,70.48,2.854
2000-06-23,27.729,0.034,65.04,2.558
2000-06-24,27.927,0.13,65.77,2.464
2000-06-25,28.007,0.013,61.94,2.744
2000-06-26,28.386,0.015,60.59,2.632
2000-06-27,28.641,0.581,62.04,2.048
2000-06-28,28.521,0.442,66.04,1.944
2000-06-29,26.988,11.112,79.17,0.669
2000-06-30,26.795,1.823,77.14,2.071
2000-07-01,26.35,3.552,80.7,1.933
2000-07-02,26.004,12.208,83.62,0.541
2000-07-03,26.132,7.925,83.75,0.246
2000-07-04,27.411,2.607,78.44,0.564
2000-07-05,28.341,3.028,75.5,1.142
2000-07-06,27.512,13.866,79.68,1.09
2000-07-07,25.986,26.848,87.44,0.845
2000-07-08,25.467,19.393,87.34,1.164
2000-07-09,25.027,12.292,88.29,1.682
2000-07-10,24.85,22.236,90.3,1.724
2000-07-11,24.039,18.206,94.55,1.729
2000-07-12,25.175,15.97,91.22,1.298
2000-07-13,24.291,25.495,92.53,2.192
2000-07-14,23.842,8.523,88.27,3.447
2000-07-15,24.872,1.421,80.17,3.236
2000-07-16,23.963,15.039,88.77,3.17
2000-07-17,23.212,59.146,92.82,3.342
2000-07-18,23.866,21.971,89.08,4.213
2000-07-19,23.473,25.277,91.88,4.686
2000-07-20,24.056,7.162,83.31,3.567
2000-07-21,24.877,1.187,77.75,2.946
2000-07-22,25.385,0.252,73.28,2.491
2000-07-23,24.817,2.276,79.29,2.499
2000-07-24,24.441,4.491,79.85,2.377
2000-07-25,24.976,5.327,77.3,2.48
2000-07-26,24.05,13.541,83.74,3.258
2000-07-27,22.856,78.314,90.37,4.072
2000-07-28,23.335,23.012,90.6,3.474
2000-07-29,23.966,2.831,86.48,2.593
2000-07-30,23.981,6.592,88.75,2.115
2000-07-31,24.637,6.317,86.56,1.902
2000-08-01,25.598,0.49,77.06,2.173
2000-08-02,25.669,0.024,69.56,2.646
2000-08-03,25.882,0.171,71.82,2.594
2000-08-04,26.245,0.101,71.27,2.448
2000-08-05,26.026,0.174,73.16,2.343
2000-08-06,26.692,0.401,71.54,1.891
2000-08-07,26.888,0.907,75.67,1.536
2000-08-08,26.446,3.789,76.27,2.059
2000-08-09,25.372,13.055,86.01,2.445
2000-08-10,24.389,7.118,91.6,1.737
2000-08-11,25.006,9.878,86.95,1.568
2000-08-12,24.323,5.563,90.06,3.115
2000-08-13,24.578,9.6,87.07,2.679
2000-08-14,24.844,13.302,84.34,2.756
2000-08-15,24.33,5.329,84.82,2.922
2000-08-16,24.659,6.432,82.69,3.145
2000-08-17,24.458,11.22,86.03,2.645
2000-08-18,23.043,53.435,94.56,3.001
2000-08-19,24.068,16.532,92.77,2.164
2000-08-20,24.598,10.073,88.93,2.049
2000-08-21,24.65,6.978,88.72,1.66
2000-08-22,25.438,3.893,86.79,1.512
2000-08-23,26.813,0.583,78.65,2.038
2000-08-24,27.102,0.013,73.74,2.865
2000-08-25,26.184,2.264,80.63,2.953
2000-08-26,25.732,4.816,84.29,1.435
2000-08-27,25.26,23.951,88.24,1.305
2000-08-28,25.701,7.449,85.66,2.918
2000-08-29,24.295,28.951,90.67,3.075
2000-08-30,24.536,5.271,85.08,3.823
2000-08-31,25.293,1.184,77.29,3.821
2000-09-01,25.084,1.131,79.36,3.547
2000-09-02,25.672,0.73,75.71,3.587
2000-09-03,25.124,2.319,79.64,2.653
2000-09-04,24.45,6.089,84.94,2.596
2000-09-05,24.253,8.047,83.5,3.114
2000-09-06,22.778,17.016,93.2,2.539
2000-09-07,22.325,15.447,95.7,2.125
2000-09-08,24.239,5.871,85.06,2.528
2000-09-09,25.408,0.488,75.57,2.746
2000-09-10,24.834,0.008,73.03,2.783
2000-09-11,24.44,0.074,73.38,2.609
2000-09-12,24.721,0.133,72.43,2.163
2000-09-13,25.647,0.484,77.03,2.382
2000-09-14,26.372,0.436,73.84,2.542
2000-09-15,26.208,0.392,74.0,2.32
2000-09-16,26.38,1.506,77.25,1.882
2000-09-17,26.86,0.803,79.37,1.738
2000-09-18,26.757,0.171,68.54,2.236
2000-09-19,26.449,0.0,67.45,2.516
2000-09-20,25.39,0.146,73.32,2.702
2000-09-21,25.36,0.122,73.98,2.327
2000-09-22,25.6,0.733,77.35,1.177
2000-09-23,25.809,0.872,76.19,0.621
2000-09-24,25.961,0.08,71.64,0.715
2000-09-25,26.05,0.744,74.67,0.492
2000-09-26,26.432,0.519,71.71,0.597
2000-09-27,26.692,0.1,66.26,0.315
2000-09-28,26.152,1.04,71.83,0.883
2000-09-29,26.186,0.709,67.78,0.858
2000-09-30,26.293,0.002,52.25,1.128
2000-10-01,26.115,0.002,49.73,1.465
2000-10-02,25.551,0.002,53.17,1.932
2000-10-03,26.026,0.001,56.14,0.749
2000-10-04,26.261,0.0,54.92,0.164
2000-10-05,26.698,0.0,55.68,0.995
2000-10-06,26.845,0.02,58.52,0.767
2000-10-07,27.418,0.028,59.16,0.987
2000-10-08,27.347,0.104,60.83,1.001
2000-10-09,27.44,0.001,47.34,1.48
2000-10-10,27.776,0.001,47.44,1.644
2000-10-11,28.045,0.013,48.24,1.773
2000-10-12,27.664,0.094,50.96,1.71
2000-10-13,27.21,0.001,46.54,1.627
2000-10-14,26.906,0.0,41.77,1.789
2000-10-15,25.898,0.0,36.08,2.569
2000-10-16,24.705,0.001,40.36,2.816
2000-10-17,25.473,0.0,41.67,2.285
2000-10-18,26.368,0.029,54.9,1.617
2000-10-19,26.621,0.008,54.03,0.836
2000-10-20,26.367,0.0,42.71,0.971
2000-10-21,26.571,0.003,33.98,1.615
2000-10-22,26.094,0.0,35.61,1.234
2000-10-23,25.798,0.002,37.89,1.369
2000-10-24,25.794,0.0,37.13,1.586
2000-10-25,25.73,0.001,36.33,1.773
2000-10-26,25.25,0.0,34.98,2.3
2000-10-27,24.119,0.001,40.73,2.763
2000-10-28,23.728,0.002,47.76,2.319
2000-10-29,23.774,0.002,51.79,1.509
2000-10-30,24.29,0.003,55.54,0.986
2000-10-31,24.127,0.0,44.97,1.45
2000-11-01,23.776,0.003,42.03,1.478
2000-11-02,23.779,-0.0,46.81,0.858
2000-11-03,23.806,0.001,49.83,0.896
2000-11-04,24.033,0.001,48.05,1.613
2000-11-05,23.302,0.0,43.93,1.619
2000-11-06,22.937,0.003,38.95,1.547
2000-11-07,22.871,0.0,36.16,1.68
2000-11-08,22.676,0.0,37.53,1.248
2000-11-09,23.287,0.0,35.74,1.655
2000-11-10,23.678,0.001,42.04,0.872
2000-11-11,23.463,0.0,42.75,1.245
2000-11-12,23.117,0.001,41.42,1.066
2000-11-13,22.984,0.003,39.61,1.471
2000-11-14,22.447,0.002,35.47,1.933
2000-11-15,21.699,0.001,35.41,1.522
2000-11-16,21.349,0.0,37.68,1.384
2000-11-17,21.188,0.002,38.17,1.423
2000-11-18,21.346,0.0,36.49,0.47
2000-11-19,22.064,0.002,40.35,1.697
2000-11-20,21.752,0.001,42.96,1.258
2000-11-21,21.461,0.001,43.16,1.039
2000-11-22,22.11,0.001,45.49,0.355
2000-11-23,22.652,0.0,45.54,0.394
2000-11-24,23.063,0.0,44.99,0.887
2000-11-25,22.666,0.001,43.05,1.899
2000-11-26,21.703,0.0,44.77,2.085
2000-11-27,22.219,0.001,45.44,0.908
2000-11-28,22.611,0.001,45.86,0.964
2000-11-29,20.892,0.0,49.6,2.431
2000-11-30,20.104,0.0,46.74,2.683
2000-12-01,17.283,0.001,33.9,2.89
2000-12-02,16.352,0.001,30.96,2.479
2000-12-03,16.415,0.0,32.23,2.032
2000-12-04,17.131,0.001,32.21,1.967
2000-12-05,18.264,0.004,32.31,1.577
2000-12-06,18.972,0.0,33.28,1.692
2000-12-07,18.871,0.0,34.24,2.017
2000-12-08,19.014,0.0,34.31,1.872
2000-12-09,19.624,0.002,35.06,0.892
2000-12-10,20.329,0.0,37.06,1.136
2000-12-11,20.261,0.0,36.64,1.472
2000-12-12,19.235,0.001,38.9,2.044
2000-12-13,19.127,0.0,35.49,1.99
2000-12-14,19.309,0.001,36.85,1.523
2000-12-15,19.521,0.001,34.9,1.799
2000-12-16,19.776,0.002,32.49,1.898
2000-12-17,19.838,0.0,34.08,1.741
2000-12-18,20.158,0.001,35.82,1.833
2000-12-19,20.004,0.001,42.54,2.188
2000-12-20,19.323,0.001,45.71,2.036
2000-12-21,18.281,0.001,32.08,2.328
2000-12-22,18.029,0.0,34.02,2.262
2000-12-23,17.913,0.001,29.99,2.187
2000-12-24,17.663,0.001,28.9,2.072
2000-12-25,17.437,0.001,30.15,2.333
2000-12-26,17.683,0.001,39.88,2.068
2000-12-27,18.06,0.003,40.77,1.179
2000-12-28,18.469,0.001,39.48,0.848
2000-12-29,18.648,0.0,37.62,1.076
2000-12-30,19.247,0.001,37.92,0.787
2000-12-31,17.919,4.758,49.08,1.631
2001-01-01,14.698,10.278,83.96,0.57
2001-01-02,15.021,0.0,65.45,2.219
2001-01-03,14.694,0.0,62.78,2.039
2001-01-04,13.984,0.0,60.72,2.204
2001-01-05,13.616,0.001,57.89,1.719
2001-01-06,14.965,0.0,52.13,0.768
2001-01-07,18.037,0.003,50.4,0.259
2001-01-08,18.974,0.0,52.33,1.021
2001-01-09,16.13,0.002,48.09,2.574
2001-01-10,16.52,0.001,43.47,1.86
2001-01-11,18.489,0.002,44.59,0.938
2001-01-12,20.8,0.043,49.39,0.931
2001-01-13,20.273,0.063,51.83,1.695
2001-01-14,19.037,0.002,37.22,2.062
2001-01-15,20.57,0.028,39.68,0.998
2001-01-16,20.807,0.123,51.64,0.663
2001-01-17,21.254,0.079,53.92,1.306
2001-01-18,21.901,0.0,46.33,1.728
2001-01-19,21.923,0.0,42.99,1.537
2001-01-20,22.152,0.0,41.73,0.369
2001-01-21,22.483,0.001,41.51,1.21
2001-01-22,22.34,0.001,37.87,2.299
2001-01-23,19.591,0.002,30.38,2.467
2001-01-24,16.729,0.0,29.07,2.681
2001-01-25,16.784,0.001,26.59,2.034
2001-01-26,17.646,0.0,26.32,1.983
2001-01-27,18.513,0.001,28.43,1.876
2001-01-28,19.298,0.001,30.76,1.283
2001-01-29,20.703,0.001,30.85,0.788
2001-01-30,21.896,0.001,32.14,0.2
2001-01-31,22.634,0.0,33.43,0.564
2001-02-01,23.158,0.001,37.68,0.959
2001-02-02,20.76,-0.0,38.72,2.836
2001-02-03,20.683,0.0,32.85,2.022
2001-02-04,22.55,0.001,36.41,0.404
2001-02-05,22.479,0.003,37.37,1.563
2001-02-06,20.545,0.002,30.42,2.581
2001-02-07,20.373,0.002,20.88,2.446
2001-02-08,21.096,0.0,25.37,2.252
2001-02-09,21.128,0.002,25.75,2.371
2001-02-10,21.311,0.0,26.81,1.953
2001-02-11,21.769,0.001,28.35,1.583
2001-02-12,22.392,0.0,27.76,1.969
2001-02-13,22.341,0.001,22.92,1.563
2001-02-14,24.776,0.094,26.08,2.046
2001-02-15,22.961,0.153,34.19,1.256
2001-02-16,22.017,0.003,32.66,1.516
2001-02-17,23.081,0.002,34.13,1.323
2001-02-18,24.757,0.001,34.32,1.367
2001-02-19,24.611,0.001,35.84,1.958
2001-02-20,24.578,0.0,30.97,1.255
2001-02-21,24.145,0.001,22.66,3.03
2001-02-22,22.814,0.0,22.82,2.448
2001-02-23,24.751,0.0,21.47,1.477
2001-02-24,26.106,0.001,19.61,2.586
2001-02-25,25.964,0.001,20.28,3.193
2001-02-26,24.952,0.002,36.81,2.565
2001-02-27,25.292,0.002,30.3,1.267
2001-02-28,25.969,0.339,37.83,0.384
2001-03-01,24.207,1.039,41.9,2.889
2001-03-02,23.808,0.22,24.22,2.867
2001-03-03,25.475,1.265,36.55,0.464
2001-03-04,25.205,0.9,40.97,0.123
2001-03-05,23.549,0.242,40.87,0.854
2001-03-06,23.98,0.001,28.73,1.462
2001-03-07,23.694,2.065,44.15,1.23
2001-03-08,21.719,9.135,66.81,0.839
2001-03-09,22.674,1.407,61.5,0.76
2001-03-10,22.906,1.671,59.34,0.842
2001-03-11,24.324,0.016,39.71,0.32
2001-03-12,24.135,1.106,43.39,0.904
2001-03-13,24.158,2.217,51.13,0.84
2001-03-14,24.525,1.49,54.15,0.574
2001-03-15,25.099,0.986,52.93,0.454
2001-03-16,25.538,1.259,52.84,0.491
2001-03-17,26.271,0.02,43.22,1.017
2001-03-18,26.508,0.0,27.55,1.924
2001-03-19,28.538,0.001,26.1,0.789
2001-03-20,27.392,2.465,44.62,1.953
2001-03-21,28.859,0.018,33.63,1.769
2001-03-22,28.501,0.458,33.48,1.268
2001-03-23,27.813,0.013,34.05,2.136
2001-03-24,28.108,0.001,28.49,0.937
2001-03-25,28.822,0.024,27.67,0.21
2001-03-26,28.403,0.001,28.21,0.572
2001-03-27,29.025,0.0,20.62,2.016
2001-03-28,30.344,0.0,20.54,1.057
2001-03-29,30.038,0.08,24.25,1.915
2001-03-30,28.75,0.037,17.04,2.412
2001-03-31,27.92,0.001,15.29,2.272
2001-04-01,27.452,0.0,20.43,2.499
2001-04-02,28.221,0.001,18.23,1.723
2001-04-03,29.955,0.001,18.3,0.914
2001-04-04,27.649,3.63,46.8,1.725
2001-04-05,29.829,0.197,32.23,2.215
2001-04-06,30.177,0.001,16.48,2.405
2001-04-07,29.996,0.0,16.43,2.612
2001-04-08,30.312,0.001,18.5,1.435
2001-04-09,31.194,0.0,10.67,3.539
2001-04-10,31.172,0.001,13.28,1.999
2001-04-11,31.542,0.018,17.75,1.314
2001-04-12,30.518,0.195,26.5,1.152
2001-04-13,27.429,1.681,41.69,0.651
2001-04-14,27.096,2.27,52.01,1.439
2001-04-15,27.264,2.162,52.5,0.874
2001-04-16,27.241,9.76,52.98,2.237
2001-04-17,23.793,6.186,75.39,0.654
2001-04-18,25.066,5.339,70.33,0.815
2001-04-19,25.556,5.938,68.92,0.868
2001-04-20,27.299,0.017,47.76,1.185
2001-04-21,26.887,0.0,35.36,2.122
2001-04-22,28.109,0.001,28.87,1.725
2001-04-23,29.547,0.001,24.6,0.56
2001-04-24,31.087,0.001,23.68,0.842
2001-04-25,32.685,0.0,25.48,2.657
2001-04-26,33.353,0.0,19.28,1.683
2001-04-27,33.839,0.0,16.78,2.316
2001-04-28,34.148,0.0,13.66,2.78
2001-04-29,34.376,0.001,13.72,3.133
2001-04-30,34.335,0.001,14.17,1.414
2001-05-01,35.333,0.0,15.72,1.062
2001-05-02,34.801,0.002,19.15,0.557
2001-05-03,34.769,0.0,17.29,1.758
2001-05-04,34.966,0.001,17.05,2.307
2001-05-05,35.392,0.001,17.13,2.44
2001-05-06,36.311,0.0,17.21,2.932
2001-05-07,36.691,0.001,16.38,3.603
2001-05-08,36.232,0.001,15.81,4.474
2001-05-09,35.764,0.0,17.94,4.576
2001-05-10,35.625,0.009,23.26,4.186
2001-05-11,36.695,0.0,18.42,4.236
2001-05-12,36.052,0.001,19.48,3.831
2001-05-13,36.253,0.014,17.09,3.382
2001-05-14,36.056,0.002,19.25,3.037
2001-05-15,35.604,0.019,22.48,3.089
2001-05-16,34.048,1.187,28.78,2.45
2001-05-17,33.077,0.007,30.3,2.591
2001-05-18,31.17,0.751,39.7,2.215
2001-05-19,31.031,0.065,37.94,2.742
2001-05-20,30.613,0.898,43.39,2.663
2001-05-21,30.818,1.125,43.86,1.761
2001-05-22,31.721,0.706,41.82,1.852
2001-05-23,33.05,0.01,35.36,2.093
2001-05-24,35.035,0.001,25.16,1.845
2001-05-25,34.039,1.471,36.3,3.072
2001-05-26,31.992,10.656,48.4,1.545
2001-05-27,28.754,8.372,65.23,1.64
2001-05-28,30.276,1.254,54.88,2.668
2001-05-29,30.818,0.396,49.32,2.87
2001-05-30,31.068,0.181,47.22,3.332
2001-05-31,30.697,0.724,52.69,2.846
2001-06-01,30.858,1.4,55.35,2.089
2001-06-02,30.512,2.019,59.2,1.442
2001-06-03,29.886,8.76,61.83,0.965
2001-06-04,27.789,21.493,73.95,1.363
2001-06-05,27.098,9.02,77.06,1.219
2001-06-06,28.833,0.815,66.9,1.421
2001-06-07,29.192,1.051,64.64,0.242
2001-06-08,28.817,3.256,67.04,0.888
2001-06-09,28.328,6.752,74.26,1.822
2001-06-10,27.975,10.664,74.75,0.83
2001-06-11,28.84,1.944,68.45,0.957
2001-06-12,27.829,20.604,75.25,1.982
2001-06-13,25.924,39.188,85.91,4.007
2001-06-14,25.451,38.514,86.47,1.654
2001-06-15,23.315,35.064,85.74,4.234
2001-06-16,24.245,2.94,74.46,3.729
2001-06-17,24.021,2.595,81.68,3.23
2001-06-18,24.862,16.559,84.5,2.016
2001-06-19,24.233,14.466,89.02,3.878
2001-06-20,25.964,8.073,81.1,2.904
2001-06-21,27.039,0.307,67.81,3.703
2001-06-22,26.924,1.057,69.68,3.374
2001-06-23,27.487,0.18,67.64,3.49
2001-06-24,27.751,1.317,68.89,3.627
2001-06-25,25.889,6.937,77.34,3.616
2001-06-26,24.975,8.77,79.5,3.98
2001-06-27,24.997,14.704,80.16,3.268
2001-06-28,26.135,7.605,75.55,3.053
2001-06-29,24.159,17.626,87.89,2.89
2001-06-30,23.535,27.221,89.56,3.516
2001-07-01,24.598,2.048,81.14,3.534
2001-07-02,25.882,1.514,76.7,2.876
2001-07-03,26.256,0.822,72.78,2.551
2001-07-04,25.831,5.748,78.23,2.09
2001-07-05,25.718,6.331,83.05,2.571
2001-07-06,25.918,7.555,82.79,2.618
2001-07-07,25.81,10.322,85.36,2.222
2001-07-08,25.335,21.932,87.53,2.066
2001-07-09,23.794,75.382,94.8,1.715
2001-07-10,23.805,26.433,92.0,3.878
2001-07-11,24.561,4.394,83.98,3.47
2001-07-12,24.004,20.478,87.75,3.295
2001-07-13,22.867,57.77,91.32,3.701
2001-07-14,23.377,35.84,87.93,4.392
2001-07-15,25.318,1.318,75.62,4.21
2001-07-16,24.743,3.058,78.88,4.104
2001-07-17,23.254,13.361,88.37,3.606
2001-07-18,23.514,10.646,90.33,3.562
2001-07-19,24.211,17.228,90.21,2.371
2001-07-20,23.784,14.013,92.4,2.334
2001-07-21,24.145,10.358,89.51,2.922
2001-07-22,23.602,20.539,93.0,2.644
2001-07-23,23.378,14.544,93.06,1.96
2001-07-24,24.496,8.838,86.45,2.235
2001-07-25,24.79,5.837,86.28,2.468
2001-07-26,24.834,13.314,85.73,2.939
2001-07-27,24.933,7.634,85.03,2.408
2001-07-28,26.064,1.616,80.52,2.357
2001-07-29,26.521,0.844,77.03,2.424
2001-07-30,26.282,0.266,75.16,1.96
2001-07-31,26.435,0.863,75.23,1.969
2001-08-01,26.497,0.533,78.73,2.335
2001-08-02,26.003,3.738,81.53,1.815
2001-08-03,25.434,5.321,84.42,2.132
2001-08-04,24.665,12.272,88.68,1.272
2001-08-05,25.423,1.632,85.06,1.147
2001-08-06,25.59,8.406,86.14,1.001
2001-08-07,25.595,6.653,86.17,0.686
2001-08-08,25.772,4.425,84.9,0.601
2001-08-09,25.162,19.76,88.66,0.381
2001-08-10,24.698,10.926,88.88,1.114
2001-08-11,24.638,9.161,89.81,0.849
2001-08-12,24.567,12.16,90.12,1.507
2001-08-13,24.272,14.029,91.28,1.937
2001-08-14,24.137,15.561,92.73,2.123
2001-08-15,24.095,8.617,91.4,1.95
2001-08-16,25.162,6.759,82.55,3.05
2001-08-17,24.535,7.722,79.09,4.182
2001-08-18,23.443,35.698,90.09,3.828
2001-08-19,23.127,65.557,91.47,3.359
2001-08-20,24.525,5.885,85.79,3.463
2001-08-21,24.543,6.501,91.17,2.65
2001-08-22,24.511,11.097,91.93,2.236
2001-08-23,24.509,14.481,90.35,2.181
2001-08-24,26.12,0.989,80.8,2.625
2001-08-25,26.296,0.712,78.73,2.82
2001-08-26,26.374,0.773,78.18,2.966
2001-08-27,25.892,0.157,74.72,3.108
2001-08-28,25.305,0.349,72.67,3.291
2001-08-29,25.245,0.561,72.88,3.214
2001-08-30,24.866,0.632,72.33,3.308
2001-08-31,25.528,0.376,71.49,3.006
2001-09-01,24.496,5.036,82.34,2.709
2001-09-02,25.211,5.93,85.36,2.528
2001-09-03,26.328,1.026,79.35,2.395
2001-09-04,26.522,0.224,71.92,2.903
2001-09-05,25.958,0.136,69.56,2.782
2001-09-06,25.855,0.464,73.81,2.329
2001-09-07,26.296,0.566,73.8,1.798
2001-09-08,27.004,0.394,70.54,1.826
2001-09-09,27.263,0.16,67.57,2.408
2001-09-10,26.739,0.975,72.52,2.165
2001-09-11,26.718,0.691,70.84,1.929
2001-09-12,26.833,0.517,68.25,2.084
2001-09-13,26.811,0.74,68.83,1.82
2001-09-14,27.326,0.406,68.19,1.53
2001-09-15,27.268,0.154,68.1,2.063
2001-09-16,27.28,0.001,61.92,1.962
2001-09-17,27.46,0.002,61.32,1.517
2001-09-18,26.881,1.606,67.3,1.047
2001-09-19,27.552,0.092,62.7,1.093
2001-09-20,27.758,0.002,56.89,0.145
2001-09-21,27.91,0.004,53.76,0.878
2001-09-22,27.989,0.001,47.51,1.491
2001-09-23,28.153,0.0,45.42,1.481
2001-09-24,28.316,0.002,47.94,1.876
2001-09-25,28.471,0.022,51.21,1.418
2001-09-26,28.175,0.026,55.83,1.198
2001-09-27,28.154,0.009,49.98,2.206
2001-09-28,28.217,0.038,49.29,1.862
2001-09-29,27.109,4.226,69.77,1.879
2001-09-30,26.31,4.949,74.6,2.55
2001-10-01,23.336,27.032,94.08,2.216
2001-10-02,23.908,16.833,90.69,2.139
2001-10-03,22.91,19.195,96.72,1.857
2001-10-04,23.397,8.839,92.06,1.399
2001-10-05,24.562,6.756,85.35,0.489
2001-10-06,24.72,2.873,85.87,1.27
2001-10-07,25.032,4.736,84.12,1.56
2001-10-08,25.447,2.56,83.21,1.174
2001-10-09,24.907,4.95,85.54,1.032
2001-10-10,24.823,13.132,86.7,1.055
2001-10-11,24.319,6.355,87.11,1.045
2001-10-12,25.586,0.018,70.45,1.392
2001-10-13,25.515,0.714,75.05,1.683
2001-10-14,25.323,0.624,77.82,1.827
2001-10-15,25.337,0.003,64.4,2.059
2001-10-16,24.247,0.001,57.15,2.466
2001-10-17,23.148,0.003,52.3,2.669
2001-10-18,22.367,0.002,55.35,2.123
2001-10-19,22.888,0.0,54.94,1.872
2001-10-20,23.462,0.0,50.0,1.072
2001-10-21,23.845,0.0,49.45,1.367
2001-10-22,23.538,0.0,54.33,2.266
2001-10-23,23.799,0.001,60.05,1.834
2001-10-24,23.743,0.002,55.02,1.596
2001-10-25,23.691,0.001,47.97,1.825
2001-10-26,24.313,0.001,47.55,0.844
2001-10-27,24.701,0.0,45.46,0.841
2001-10-28,24.274,0.001,47.97,2.139
2001-10-29,24.0,0.0,52.4,1.447
2001-10-30,24.525,0.0,50.41,1.976
2001-10-31,24.617,0.001,50.33,1.902
2001-11-01,24.755,0.0,43.29,1.246
2001-11-02,25.102,0.002,41.96,0.861
2001-11-03,24.769,0.0,43.02,0.7
2001-11-04,24.723,0.002,45.02,0.715
2001-11-05,25.107,0.0,43.88,0.39
2001-11-06,25.061,0.002,47.12,1.53
2001-11-07,24.565,0.001,49.94,1.184
2001-11-08,23.533,0.007,57.5,2.207
2001-11-09,23.169,0.002,56.18,2.943
2001-11-10,22.971,0.01,54.04,2.771
2001-11-11,22.1,0.001,50.06,3.007
2001-11-12,21.009,0.002,46.73,3.012
2001-11-13,21.371,0.0,46.76,2.429
2001-11-14,22.457,0.002,50.52,1.562
2001-11-15,23.994,0.174,58.22,0.483
2001-11-16,23.724,1.409,72.67,0.929
2001-11-17,23.989,0.394,67.0,0.45
2001-11-18,23.484,0.082,53.84,1.565
2001-11-19,21.674,0.001,41.13,2.317
2001-11-20,20.38,0.0,42.83,1.961
2001-11-21,20.413,0.002,46.27,1.03
2001-11-22,20.601,0.0,45.69,1.14
2001-11-23,20.169,0.0,41.27,1.81
2001-11-24,19.809,0.001,38.39,2.064
2001-11-25,19.72,0.001,40.82,1.701
2001-11-26,19.649,0.0,40.8,1.184
2001-11-27,19.607,0.003,44.36,1.126
2001-11-28,18.969,-0.0,45.08,1.879
2001-11-29,18.38,0.001,39.28,2.08
2001-11-30,17.9,0.0,39.64,2.19
2001-12-01,18.64,0.0,37.29,1.979
2001-12-02,18.989,0.0,38.19,1.539
2001-12-03,19.423,0.001,39.11,0.968
2001-12-04,19.847,0.002,40.12,1.138
2001-12-05,19.719,0.001,42.26,1.243
2001-12-06,20.188,0.001,41.41,1.179
2001-12-07,20.218,0.001,42.25,0.972
2001-12-08,20.424,0.003,42.72,0.951
2001-12-09,21.287,0.0,43.37,0.541
2001-12-10,21.837,0.001,44.96,0.757
2001-12-11,22.005,0.0,47.77,1.161
2001-12-12,22.17,0.0,45.46,1.288
2001-12-13,21.146,0.001,51.64,2.008
2001-12-14,20.132,0.001,48.5,1.674
2001-12-15,20.211,0.0,47.08,0.861
2001-12-16,20.511,0.001,47.33,1.551
2001-12-17,19.788,0.003,42.16,1.71
2001-12-18,19.479,0.0,42.3,1.602
2001-12-19,19.368,0.001,45.34,1.993
2001-12-20,17.964,0.0,47.33,2.733
2001-12-21,16.546,0.0,42.98,2.465
2001-12-22,16.267,0.001,42.71,2.126
2001-12-23,16.478,0.001,46.14,1.789
2001-12-24,17.142,0.0,44.39,1.371
2001-12-25,17.806,0.002,42.81,0.511
2001-12-26,18.477,0.001,41.8,0.406
2001-12-27,19.229,0.001,42.89,0.981
2001-12-28,19.866,0.001,46.23,0.336
2001-12-29,19.471,0.002,51.46,1.355
2001-12-30,19.291,0.001,52.02,1.666
2001-12-31,18.059,0.001,41.68,2.092
2002-01-01,16.875,0.0,33.75,2.327
2002-01-02,15.844,0.0,34.82,2.105
2002-01-03,15.716,0.001,38.85,1.472
2002-01-04,16.212,0.001,39.28,0.629
2002-01-05,16.846,0.003,41.2,0.751
2002-01-06,17.38,0.018,50.06,0.668
2002-01-07,17.777,0.01,52.6,1.224
2002-01-08,18.16,0.06,49.53,1.826
2002-01-09,17.606,0.002,50.13,1.592
2002-01-10,17.456,0.001,41.81,1.639
2002-01-11,17.183,0.001,38.34,1.835
2002-01-12,18.572,0.004,37.42,2.045
2002-01-13,19.585,0.0,41.46,1.164
2002-01-14,20.87,0.002,39.86,1.51
2002-01-15,22.016,0.004,42.61,2.78
2002-01-16,21.454,0.002,51.55,0.673
2002-01-17,21.876,0.0,50.17,2.155
2002-01-18,21.441,0.001,53.01,1.49
2002-01-19,21.078,0.225,58.91,0.605
2002-01-20,20.401,0.626,66.94,0.996
2002-01-21,19.636,1.569,73.43,1.549
2002-01-22,19.152,1.962,78.12,1.349
2002-01-23,19.174,0.002,61.45,2.246
2002-01-24,18.216,0.0,47.84,1.923
2002-01-25,18.503,0.001,41.47,1.169
2002-01-26,19.112,0.001,40.49,0.715
2002-01-27,19.72,0.001,42.91,1.47
2002-01-28,16.125,0.002,40.69,3.198
2002-01-29,15.854,0.001,43.88,2.79
2002-01-30,15.411,0.002,40.48,2.422
2002-01-31,16.728,0.001,40.02,1.792
2002-02-01,18.169,0.001,36.57,1.92
2002-02-02,18.873,0.0,36.03,2.193
2002-02-03,18.29,0.001,32.62,2.083
2002-02-04,19.736,0.003,33.72,1.286
2002-02-05,22.837,0.077,42.28,2.604
2002-02-06,23.473,0.722,52.97,2.873
2002-02-07,20.589,26.626,80.25,2.278
2002-02-08,20.037,6.482,80.54,2.263
2002-02-09,20.004,0.784,70.45,0.868
2002-02-10,21.382,0.076,64.12,1.622
2002-02-11,19.795,6.014,71.72,1.968
2002-02-12,18.162,0.08,69.69,2.96
2002-02-13,18.04,0.038,61.56,2.752
2002-02-14,18.695,0.001,56.88,2.165
2002-02-15,19.083,0.0,48.72,1.962
2002-02-16,20.134,0.003,42.1,1.596
2002-02-17,22.645,0.016,39.5,1.159
2002-02-18,21.568,0.267,48.28,1.885
2002-02-19,22.3,0.562,55.2,0.646
2002-02-20,23.242,0.002,45.65,1.016
2002-02-21,23.934,0.002,42.54,1.043
2002-02-22,25.235,0.002,40.17,1.193
2002-02-23,25.931,0.25,39.63,1.968
2002-02-24,25.197,0.132,38.94,1.357
2002-02-25,23.766,0.107,40.31,2.15
2002-02-26,22.37,0.002,34.72,2.485
2002-02-27,23.646,0.002,32.84,1.13
2002-02-28,24.864,0.0,32.58,0.905
2002-03-01,26.158,0.009,34.39,1.537
2002-03-02,27.157,0.039,30.03,2.139
2002-03-03,22.924,0.002,39.06,3.341
2002-03-04,21.503,0.002,31.23,2.36
2002-03-05,22.71,0.001,27.67,1.893
2002-03-06,24.451,0.001,26.24,1.257
2002-03-07,25.469,0.082,31.35,0.986
2002-03-08,25.998,0.07,42.03,2.026
2002-03-09,26.387,0.008,38.15,1.637
2002-03-10,27.532,0.0,25.84,2.244
2002-03-11,26.869,0.001,32.18,2.827
2002-03-12,26.073,0.001,24.7,2.785
2002-03-13,27.118,0.006,28.5,2.372
2002-03-14,24.768,0.863,41.18,2.992
2002-03-15,23.986,0.989,49.85,1.035
2002-03-16,25.67,0.001,34.69,1.502
2002-03-17,26.621,0.001,24.15,1.84
2002-03-18,27.044,0.0,19.51,2.142
2002-03-19,27.461,0.001,19.88,1.986
2002-03-20,27.917,0.0,20.47,1.652
2002-03-21,29.236,0.2,18.44,1.336
2002-03-22,28.13,0.009,20.97,2.099
2002-03-23,29.035,0.001,20.15,1.732
2002-03-24,29.513,0.001,20.39,1.543
2002-03-25,29.725,0.0,17.79,3.127
2002-03-26,29.507,0.012,20.86,1.07
2002-03-27,29.234,0.146,32.72,1.956
2002-03-28,28.283,0.358,36.55,0.509
2002-03-29,27.716,0.012,27.84,1.121
2002-03-30,28.448,0.0,17.46,0.953
2002-03-31,29.776,0.0,20.45,1.33
2002-04-01,31.229,0.001,17.15,2.643
2002-04-02,31.282,0.001,19.82,1.792
2002-04-03,30.045,0.0,16.41,2.136
2002-04-04,29.843,0.002,17.68,1.678
2002-04-05,30.981,0.002,15.09,1.061
2002-04-06,32.277,0.004,19.99,2.147
2002-04-07,30.899,0.834,29.34,2.185
2002-04-08,28.208,0.975,39.86,1.285
2002-04-09,29.644,0.413,30.38,1.414
2002-04-10,29.73,0.0,23.47,2.152
2002-04-11,29.963,0.0,18.8,1.992
2002-04-12,30.42,0.0,16.2,1.97
2002-04-13,30.823,0.0,18.32,0.221
2002-04-14,31.916,0.003,18.67,0.976
2002-04-15,32.91,0.0,18.99,2.418
2002-04-16,33.939,0.0,19.04,2.616
2002-04-17,34.506,0.001,18.53,2.654
2002-04-18,34.486,0.0,18.88,2.389
2002-04-19,34.561,0.061,18.81,1.2
2002-04-20,34.605,0.032,19.31,2.031
2002-04-21,33.928,0.145,18.73,2.551
2002-04-22,33.748,0.002,14.27,3.315
2002-04-23,34.113,0.0,15.95,2.711
2002-04-24,34.286,0.002,17.62,2.735
2002-04-25,34.397,0.0,16.31,2.439
2002-04-26,32.816,0.001,13.21,2.639
2002-04-27,32.47,0.002,13.01,1.131
2002-04-28,34.148,0.0,11.31,2.773
2002-04-29,33.578,0.001,9.84,2.495
2002-04-30,33.748,0.001,13.16,0.567
2002-05-01,34.919,0.004,17.94,2.953
2002-05-02,35.641,0.0,14.39,1.938
2002-05-03,35.397,0.001,12.52,2.279
2002-05-04,34.876,0.001,18.37,0.304
2002-05-05,35.338,0.0,20.21,1.314
2002-05-06,35.333,0.009,20.95,2.238
2002-05-07,35.341,0.001,18.27,3.275
2002-05-08,35.784,0.001,13.67,4.238
2002-05-09,36.213,0.001,15.81,4.337
2002-05-10,36.068,0.0,20.91,4.802
2002-05-11,35.968,0.001,24.99,4.621
2002-05-12,36.441,0.001,23.29,4.481
2002-05-13,36.236,0.042,27.21,3.612
2002-05-14,36.303,0.555,29.85,3.046
2002-05-15,35.186,0.897,33.69,3.25
2002-05-16,36.293,0.001,26.7,2.717
2002-05-17,36.336,0.002,26.9,2.396
2002-05-18,37.157,-0.0,23.45,4.987
2002-05-19,35.017,0.0,23.94,5.215
2002-05-20,33.821,0.0,29.27,4.257
2002-05-21,34.565,0.001,25.99,3.659
2002-05-22,35.844,0.001,22.32,3.798
2002-05-23,36.043,0.001,22.07,3.432
2002-05-24,35.58,1.103,25.91,2.9
2002-05-25,34.94,0.094,25.37,2.656
2002-05-26,34.185,0.055,28.93,3.689
2002-05-27,33.534,0.001,28.24,4.257
2002-05-28,33.648,0.048,30.69,2.983
2002-05-29,30.578,4.226,51.91,2.662
2002-05-30,30.218,1.036,55.44,1.7
2002-05-31,32.028,0.035,37.42,1.994
2002-06-01,32.182,0.657,39.78,1.446
2002-06-02,32.864,1.14,39.21,1.754
2002-06-03,32.486,0.98,41.69,1.558
2002-06-04,31.711,1.99,45.74,1.808
2002-06-05,31.847,1.937,49.28,1.589
2002-06-06,31.144,7.269,53.71,1.809
2002-06-07,31.517,1.015,52.02,2.298
2002-06-08,32.282,1.573,47.83,2.038
2002-06-09,33.31,0.207,40.19,2.237
2002-06-10,34.186,0.017,34.81,1.532
2002-06-11,34.261,0.009,35.82,1.005
2002-06-12,34.083,0.19,37.98,2.044
2002-06-13,34.013,0.231,39.83,1.89
2002-06-14,32.398,2.149,50.08,2.26
2002-06-15,32.617,1.537,48.01,1.796
2002-06-16,32.079,5.025,50.95,0.963
2002-06-17,31.167,2.759,55.65,1.632
2002-06-18,29.679,9.285,66.82,2.023
2002-06-19,28.591,17.499,73.06,2.114
2002-06-20,27.856,15.517,76.65,2.272
2002-06-21,27.427,14.019,79.05,2.129
2002-06-22,27.306,19.352,79.23,2.165
2002-06-23,26.616,61.241,85.55,2.105
2002-06-24,24.697,45.414,91.47,4.702
2002-06-25,24.355,4.467,82.26,2.886
2002-06-26,23.739,2.349,82.21,2.615
2002-06-27,24.84,2.344,84.64,4.1
2002-06-28,26.068,4.474,81.31,3.388
2002-06-29,26.709,0.608,76.0,3.737
2002-06-30,25.69,8.607,84.19,3.353
2002-07-01,25.976,7.713,82.43,3.386
2002-07-02,26.766,1.317,76.22,2.897
2002-07-03,27.302,0.668,70.96,3.333
2002-07-04,27.555,0.41,67.67,3.447
2002-07-05,27.41,0.214,67.88,3.416
2002-07-06,27.663,0.343,66.1,3.701
2002-07-07,27.528,0.023,63.74,3.735
2002-07-08,27.83,0.218,65.39,3.559
2002-07-09,28.304,0.05,62.96,3.41
2002-07-10,28.379,0.017,60.42,3.62
2002-07-11,28.313,0.211,62.55,3.191
2002-07-12,28.717,0.433,62.21,2.756
2002-07-13,28.915,1.864,61.57,2.88
2002-07-14,28.483,4.124,66.06,2.717
2002-07-15,27.196,3.906,73.76,2.325
2002-07-16,27.212,9.894,73.67,3.106
2002-07-17,26.797,17.289,79.33,3.09
2002-07-18,26.236,13.416,84.6,1.935
2002-07-19,26.092,8.931,84.76,2.046
2002-07-20,24.305,24.616,88.11,3.306
2002-07-21,23.65,12.003,88.7,3.487
2002-07-22,25.786,0.993,75.42,3.698
2002-07-23,26.799,0.57,71.92,3.786
2002-07-24,26.85,0.852,71.13,4.04
2002-07-25,26.616,1.126,73.78,3.623
2002-07-26,26.661,0.897,72.76,3.131
2002-07-27,27.376,0.144,67.94,2.663
2002-07-28,28.025,0.066,66.47,2.721
2002-07-29,28.172,0.026,64.35,2.699
2002-07-30,28.276,0.1,65.06,1.829
2002-07-31,27.543,12.315,72.94,1.81
2002-08-01,25.396,21.314,87.24,0.857
2002-08-02,25.428,10.728,88.86,0.945
2002-08-03,25.047,11.837,89.24,1.097
2002-08-04,24.799,17.026,89.1,1.282
2002-08-05,24.559,16.529,89.21,1.319
2002-08-06,24.784,4.749,83.92,1.819
2002-08-07,25.408,7.976,83.87,1.525
2002-08-08,24.994,13.079,87.2,1.864
2002-08-09,24.613,9.591,88.02,2.27
2002-08-10,24.366,8.986,86.79,2.954
2002-08-11,25.14,1.588,81.23,2.891
2002-08-12,23.972,8.779,86.34,2.869
2002-08-13,24.612,3.779,83.09,3.318
2002-08-14,24.235,7.678,86.21,3.889
2002-08-15,23.22,75.883,92.14,5.064
2002-08-16,22.49,22.559,91.19,4.564
2002-08-17,22.202,81.562,95.74,4.918
2002-08-18,22.802,49.721,94.04,4.234
2002-08-19,23.137,21.361,91.68,3.626
2002-08-20,23.179,25.209,93.17,3.271
2002-08-21,23.202,43.47,93.57,2.633
2002-08-22,23.354,19.776,94.47,2.98
2002-08-23,24.476,11.565,89.59,3.18
2002-08-24,23.892,7.635,89.27,3.265
2002-08-25,23.719,1.207,84.44,4.178
2002-08-26,25.233,0.622,79.04,2.074
2002-08-27,25.534,3.723,79.04,2.263
2002-08-28,24.903,11.218,81.38,3.023
2002-08-29,23.573,12.083,91.16,2.776
2002-08-30,23.992,11.889,90.48,1.1
2002-08-31,23.872,10.196,92.1,1.151
2002-09-01,24.362,9.033,89.71,1.075
2002-09-02,24.16,8.455,90.21,1.05
2002-09-03,23.603,7.394,93.35,2.196
2002-09-04,23.418,8.96,92.46,2.81
2002-09-05,23.305,30.937,93.59,1.637
2002-09-06,23.069,44.818,94.4,1.85
2002-09-07,23.468,32.028,89.66,3.595
2002-09-08,24.617,1.242,78.24,3.875
2002-09-09,23.755,1.299,82.04,3.424
2002-09-10,24.589,1.288,81.03,3.543
2002-09-11,23.763,12.785,87.23,3.657
2002-09-12,23.654,11.102,86.49,2.407
2002-09-13,25.404,0.357,77.99,1.792
2002-09-14,25.597,0.001,73.91,2.248
2002-09-15,24.996,0.001,69.73,2.235
2002-09-16,25.258,0.035,70.98,2.493
2002-09-17,24.722,0.001,69.63,2.203
2002-09-18,24.976,0.023,71.87,1.923
2002-09-19,25.456,0.114,70.43,1.825
2002-09-20,25.743,0.001,67.47,2.118
2002-09-21,25.772,0.391,69.56,1.954
2002-09-22,25.686,0.0,66.7,1.627
2002-09-23,26.103,0.019,67.0,1.978
2002-09-24,26.23,0.411,70.46,2.462
2002-09-25,26.347,0.087,67.44,2.686
2002-09-26,25.816,0.064,65.3,2.796
2002-09-27,25.792,0.0,57.19,2.493
2002-09-28,25.788,0.001,55.02,2.011
2002-09-29,25.794,0.002,53.14,2.062
2002-09-30,26.102,0.0,50.06,1.666
2002-10-01,26.794,0.001,48.27,0.91
2002-10-02,27.867,0.002,47.33,0.999
2002-10-03,27.931,0.001,44.79,1.159
2002-10-04,28.274,0.001,42.06,0.7
2002-10-05,27.975,0.001,44.2,0.918
2002-10-06,27.293,0.001,42.17,1.234
2002-10-07,26.887,0.003,41.13,1.377
2002-10-08,26.977,0.001,47.33,1.5
2002-10-09,27.21,0.004,50.57,1.322
2002-10-10,27.33,0.019,56.82,1.161
2002-10-11,27.058,0.057,55.14,0.736
2002-10-12,26.886,0.011,53.66,1.186
2002-10-13,26.574,0.003,56.09,1.901
2002-10-14,26.441,0.039,54.81,1.969
2002-10-15,26.485,0.511,63.36,1.331
2002-10-16,24.587,16.251,80.5,1.388
2002-10-17,22.045,16.792,92.83,0.868
2002-10-18,22.394,0.002,72.37,2.074
2002-10-19,24.028,0.02,64.84,0.659
2002-10-20,24.838,0.0,58.73,0.656
2002-10-21,24.735,0.0,56.2,1.035
2002-10-22,24.889,0.001,50.5,1.513
2002-10-23,24.661,0.0,49.6,1.784
2002-10-24,24.243,0.001,49.46,2.152
2002-10-25,23.061,0.001,45.85,2.272
2002-10-26,22.248,0.001,45.85,2.154
2002-10-27,22.032,0.0,42.37,1.747
2002-10-28,22.391,0.0,42.92,0.858
2002-10-29,22.975,0.0,42.03,0.526
2002-10-30,23.117,0.001,41.48,0.558
2002-10-31,23.507,0.0,42.17,0.359
2002-11-01,23.761,0.0,44.97,0.367
2002-11-02,23.899,0.04,44.77,0.761
2002-11-03,24.097,0.001,42.13,1.612
2002-11-04,23.531,0.001,44.9,1.265
2002-11-05,22.786,0.001,42.97,1.465
2002-11-06,23.081,0.0,44.83,0.599
2002-11-07,22.836,0.017,50.46,1.011
2002-11-08,22.825,0.0,49.29,1.865
2002-11-09,23.248,0.002,50.36,1.474
2002-11-10,22.322,1.785,69.53,1.367
2002-11-11,22.996,1.975,68.03,1.74
2002-11-12,21.527,0.076,64.41,2.759
2002-11-13,20.846,0.002,59.28,2.228
2002-11-14,20.9,0.002,47.86,1.674
2002-11-15,21.546,0.002,49.72,0.708
2002-11-16,21.837,0.0,48.19,1.668
2002-11-17,20.696,0.003,45.6,2.399
2002-11-18,20.614,0.0,41.92,1.941
2002-11-19,20.724,0.0,42.34,1.748
2002-11-20,21.376,0.0,39.41,0.716
2002-11-21,21.281,0.002,41.59,0.944
2002-11-22,21.149,0.0,43.96,2.007
2002-11-23,20.722,0.0,46.71,1.959
2002-11-24,20.987,0.001,44.1,2.141
2002-11-25,21.028,0.002,41.33,2.098
2002-11-26,21.2,0.0,39.46,2.208
2002-11-27,21.225,0.003,38.1,2.092
2002-11-28,21.236,0.001,40.63,1.796
2002-11-29,21.187,0.002,42.19,1.29
2002-11-30,21.939,0.001,47.02,0.202
2002-12-01,20.982,0.003,47.94,1.913
2002-12-02,20.078,0.0,42.92,1.562
2002-12-03,20.215,0.0,46.17,0.428
2002-12-04,21.065,0.0,49.8,0.305
2002-12-05,21.774,0.003,52.34,0.879
2002-12-06,21.745,0.0,51.75,0.331
2002-12-07,21.724,0.001,51.55,0.319
2002-12-08,22.128,0.001,53.43,0.625
2002-12-09,22.105,0.001,53.41,0.988
2002-12-10,21.566,0.001,51.43,1.141
2002-12-11,21.624,0.0,50.28,0.906
2002-12-12,21.557,0.002,47.99,1.13
2002-12-13,21.182,0.0,49.86,1.917
2002-12-14,20.573,0.001,46.67,2.013
2002-12-15,20.738,0.0,44.09,1.914
2002-12-16,20.939,0.003,44.65,1.135
2002-12-17,21.211,0.001,47.66,0.272
2002-12-18,21.949,0.001,46.21,1.537
2002-12-19,21.833,0.0,43.59,1.546
2002-12-20,21.713,0.0,44.59,1.462
2002-12-21,21.731,0.002,43.8,1.35
2002-12-22,21.698,0.002,40.2,1.024
2002-12-23,21.702,0.007,45.49,1.033
2002-12-24,20.091,0.91,61.16,1.612
2002-12-25,19.577,0.002,49.44,1.484
2002-12-26,18.99,0.001,54.95,1.654
2002-12-27,18.466,0.001,55.79,1.908
2002-12-28,17.448,0.003,52.7,1.68
2002-12-29,17.842,0.003,45.64,1.23
2002-12-30,20.25,0.842,45.18,2.064
2002-12-31,17.782,1.215,62.11,1.363
2003-01-01,14.312,0.001,59.94,2.746
2003-01-02,15.58,0.001,57.29,0.875
2003-01-03,18.333,0.001,55.15,1.52
2003-01-04,16.436,0.056,68.47,2.231
2003-01-05,16.549,0.0,55.77,1.986
2003-01-06,17.011,0.0,45.7,1.917
2003-01-07,18.763,0.001,49.17,1.87
2003-01-08,18.386,0.002,55.74,1.935
2003-01-09,18.907,0.001,47.06,1.69
2003-01-10,19.318,0.001,44.01,1.909
2003-01-11,19.16,0.001,48.0,2.158
2003-01-12,20.312,0.069,50.47,1.399
2003-01-13,19.158,0.114,51.15,2.065
2003-01-14,17.186,0.001,34.96,2.576
2003-01-15,16.084,0.001,33.17,2.3
2003-01-16,15.6,0.0,34.21,2.369
2003-01-17,15.874,0.001,36.15,1.835
2003-01-18,17.016,0.001,37.07,1.185
2003-01-19,17.78,0.001,37.62,1.277
2003-01-20,19.906,0.0,38.88,1.52
2003-01-21,20.341,0.001,40.52,1.452
2003-01-22,21.048,0.002,43.54,0.987
2003-01-23,21.881,0.001,44.68,1.413
2003-01-24,21.429,0.001,37.8,1.524
2003-01-25,22.314,0.0,35.93,1.561
2003-01-26,22.012,0.001,32.83,2.119
2003-01-27,23.136,0.001,30.11,0.781
2003-01-28,23.187,0.173,37.63,0.525
2003-01-29,21.591,0.099,51.09,2.181
2003-01-30,20.454,0.001,49.41,0.94
2003-01-31,22.664,0.002,38.62,1.799
2003-02-01,22.568,0.242,49.78,1.114
2003-02-02,20.711,8.558,71.97,1.691
2003-02-03,20.205,3.562,75.16,2.015
2003-02-04,19.03,5.662,79.12,1.248
2003-02-05,18.444,0.331,73.01,1.716
2003-02-06,19.345,0.001,62.41,0.747
2003-02-07,21.908,0.002,53.89,0.226
2003-02-08,21.441,3.618,62.73,1.744
2003-02-09,19.853,8.518,76.0,1.294
2003-02-10,19.821,4.446,76.66,0.396
2003-02-11,20.33,14.183,81.35,0.377
2003-02-12,20.178,0.799,73.52,2.166
2003-02-13,19.284,0.018,50.94,2.371
2003-02-14,19.324,0.001,45.72,1.94
2003-02-15,20.567,0.001,47.43,1.586
2003-02-16,22.331,0.065,56.53,0.844
2003-02-17,22.137,14.061,70.55,2.253
2003-02-18,21.18,7.137,79.22,3.152
2003-02-19,21.735,0.461,63.7,1.976
2003-02-20,19.59,0.002,55.35,2.606
2003-02-21,19.171,0.001,55.49,2.414
2003-02-22,20.149,0.001,50.78,1.554
2003-02-23,21.515,0.003,50.02,1.097
2003-02-24,22.943,0.002,48.48,0.779
2003-02-25,23.277,0.002,49.15,1.321
2003-02-26,23.272,0.042,49.26,1.109
2003-02-27,25.107,0.018,45.26,1.617
2003-02-28,25.603,0.011,46.4,1.746
2003-03-01,26.014,0.002,39.6,1.177
2003-03-02,26.506,0.0,36.52,0.818
2003-03-03,26.047,0.001,33.5,2.774
2003-03-04,20.247,0.0,21.03,3.661
2003-03-05,18.486,0.002,25.86,2.597
2003-03-06,20.312,0.0,26.38,2.429
2003-03-07,21.643,0.001,24.52,2.044
2003-03-08,22.353,0.001,25.05,1.201
2003-03-09,24.233,0.0,24.71,0.785
2003-03-10,25.175,1.19,41.18,2.462
2003-03-11,25.624,0.0,32.88,0.896
2003-03-12,25.152,0.015,31.74,1.327
2003-03-13,24.993,0.001,31.39,1.203
2003-03-14,25.123,0.0,30.48,2.003
2003-03-15,25.858,0.001,32.04,0.974
2003-03-16,26.259,0.382,47.89,2.684
2003-03-17,26.243,0.116,41.58,1.522
2003-03-18,24.866,2.794,58.58,2.235
2003-03-19,24.049,5.222,64.92,1.324
2003-03-20,24.821,0.136,49.82,0.56
2003-03-21,25.965,0.002,32.03,0.983
2003-03-22,27.77,0.0,30.17,0.771
2003-03-23,28.703,0.0,31.69,0.976
2003-03-24,29.029,0.071,29.25,0.588
2003-03-25,27.994,1.448,36.65,0.685
2003-03-26,26.337,2.454,47.83,0.812
2003-03-27,28.108,0.043,37.39,0.642
2003-03-28,28.367,0.004,34.67,1.073
2003-03-29,28.642,0.003,33.54,0.39
2003-03-30,29.403,0.001,25.29,2.612
2003-03-31,28.984,0.001,32.11,2.589
2003-04-01,28.822,0.003,28.91,1.703
2003-04-02,30.29,0.0,26.38,1.221
2003-04-03,30.73,0.003,23.81,1.969
2003-04-04,30.185,0.02,25.69,1.882
2003-04-05,29.583,0.007,26.88,1.706
2003-04-06,28.951,0.767,37.21,0.817
2003-04-07,28.936,0.256,37.66,0.74
2003-04-08,29.483,0.037,31.04,0.94
2003-04-09,29.843,0.0,25.75,0.552
2003-04-10,29.692,0.632,32.73,1.647
2003-04-11,30.35,0.3,33.43,1.848
2003-04-12,31.566,0.029,28.41,2.073
2003-04-13,32.013,0.003,21.69,1.618
2003-04-14,32.455,0.118,20.83,1.235
2003-04-15,31.977,0.004,22.7,2.616
2003-04-16,32.569,0.0,20.01,3.159
2003-04-17,32.827,0.042,22.72,2.331
2003-04-18,33.38,0.012,23.49,2.64
2003-04-19,33.267,0.034,21.42,3.752
2003-04-20,32.176,0.001,17.05,2.766
2003-04-21,32.663,0.0,17.37,1.945
2003-04-22,32.931,0.002,17.97,1.44
2003-04-23,33.276,0.001,18.92,1.324
2003-04-24,33.583,0.001,16.83,1.16
2003-04-25,33.655,0.0,18.08,0.659
2003-04-26,33.867,0.001,19.29,1.689
2003-04-27,31.696,1.148,30.7,0.989
2003-04-28,30.884,1.578,32.63,2.426
2003-04-29,30.924,0.431,28.8,2.43
2003-04-30,31.169,0.059,27.46,2.558
2003-05-01,31.905,0.001,24.8,0.784
2003-05-02,33.39,0.001,22.06,2.724
2003-05-03,33.69,0.0,18.31,3.324
2003-05-04,31.823,0.001,13.6,2.888
2003-05-05,32.26,0.0,16.25,2.966
2003-05-06,32.666,0.0,17.11,3.312
2003-05-07,33.305,0.001,16.5,3.566
2003-05-08,33.102,0.0,12.68,3.018
2003-05-09,32.521,0.001,12.75,2.84
2003-05-10,32.302,0.001,11.82,2.377
2003-05-11,33.182,0.001,13.14,2.027
2003-05-12,33.785,0.001,15.55,0.453
2003-05-13,34.642,0.002,17.52,1.357
2003-05-14,34.021,-0.0,25.62,0.978
2003-05-15,34.854,0.001,21.78,2.184
2003-05-16,34.507,0.001,18.01,1.947
2003-05-17,35.659,0.001,15.37,2.573
2003-05-18,35.259,0.016,19.57,3.755
2003-05-19,34.646,0.076,26.51,3.699
2003-05-20,35.438,0.016,23.78,3.957
2003-05-21,36.1,0.003,21.02,4.062
2003-05-22,35.62,0.001,20.04,4.012
2003-05-23,34.803,0.002,23.69,3.311
2003-05-24,34.874,0.009,26.32,2.77
2003-05-25,35.173,0.006,24.82,2.832
2003-05-26,35.378,-0.0,19.03,4.125
2003-05-27,34.792,0.002,21.27,3.888
2003-05-28,34.814,0.023,22.66,3.39
2003-05-29,35.734,0.002,20.28,3.881
2003-05-30,35.881,0.0,15.36,2.991
2003-05-31,36.397,0.001,15.46,3.313
2003-06-01,36.942,0.001,13.93,3.727
2003-06-02,36.984,0.0,16.52,3.12
2003-06-03,37.503,0.0,19.39,3.604
2003-06-04,37.862,0.01,19.57,4.172
2003-06-05,36.892,0.073,22.94,4.36
2003-06-06,35.757,0.0,29.3,4.422
2003-06-07,35.158,0.049,31.84,4.161
2003-06-08,35.213,0.064,30.19,3.824
2003-06-09,35.915,0.014,29.45,4.16
2003-06-10,36.115,0.034,27.78,4.111
2003-06-11,36.019,0.044,25.43,3.558
2003-06-12,32.476,4.908,47.92,2.452
2003-06-13,31.554,4.798,53.02,2.562
2003-06-14,29.256,7.656,66.54,2.286
2003-06-15,29.932,0.959,62.89,2.71
2003-06-16,31.214,0.594,55.03,2.483
2003-06-17,31.187,6.345,54.76,1.652
2003-06-18,29.406,11.221,65.85,1.839
2003-06-19,29.181,1.83,62.38,2.63
2003-06-20,28.264,5.546,66.29,2.682
2003-06-21,28.648,2.964,64.9,2.679
2003-06-22,27.536,7.873,75.14,1.342
2003-06-23,27.739,10.339,75.38,0.826
2003-06-24,25.935,14.534,85.99,1.672
2003-06-25,24.597,19.167,90.19,2.257
2003-06-26,25.567,19.125,85.89,2.601
2003-06-27,25.666,8.564,85.69,2.18
2003-06-28,27.124,1.472,76.41,2.693
2003-06-29,25.717,9.392,82.58,2.926
2003-06-30,25.824,9.261,83.61,2.327
2003-07-01,25.295,13.646,87.46,0.859
2003-07-02,25.366,8.337,88.03,1.049
2003-07-03,25.967,9.167,84.84,1.51
2003-07-04,26.067,14.34,84.82,1.016
2003-07-05,25.477,4.343,86.59,1.34
2003-07-06,26.36,3.328,81.64,1.466
2003-07-07,25.959,13.939,82.72,2.015
2003-07-08,26.726,3.784,77.48,2.474
2003-07-09,25.834,11.851,83.54,1.405
2003-07-10,25.255,18.0,87.94,1.387
2003-07-11,25.586,9.409,84.94,1.982
2003-07-12,25.915,3.64,83.08,1.871
2003-07-13,26.068,9.993,84.09,1.471
2003-07-14,25.856,15.75,86.21,1.328
2003-07-15,24.766,18.237,90.83,0.74
2003-07-16,25.4,4.527,86.6,1.408
2003-07-17,25.565,12.957,86.44,1.172
2003-07-18,25.795,27.717,85.82,0.704
2003-07-19,26.028,11.595,85.07,2.269
2003-07-20,25.217,13.394,88.65,1.865
2003-07-21,25.413,10.963,86.36,2.404
2003-07-22,25.03,9.65,87.74,3.167
2003-07-23,25.346,8.588,85.5,2.151
2003-07-24,24.884,7.748,86.88,2.541
2003-07-25,25.207,11.304,84.14,3.513
2003-07-26,23.543,65.375,95.35,4.299
2003-07-27,23.885,37.434,93.25,2.083
2003-07-28,24.573,1.944,86.25,3.666
2003-07-29,26.634,0.319,74.87,2.49
2003-07-30,26.728,0.2,72.21,3.627
2003-07-31,25.497,6.053,79.45,2.792
2003-08-01,24.394,9.737,86.49,2.509
2003-08-02,24.382,7.678,86.29,2.985
2003-08-03,24.029,6.24,87.68,2.751
2003-08-04,24.879,9.761,85.85,2.441
2003-08-05,25.125,11.711,87.02,1.867
2003-08-06,25.6,6.88,86.05,1.14
2003-08-07,25.691,13.307,87.39,0.763
2003-08-08,26.315,13.312,85.82,0.692
2003-08-09,26.155,12.654,85.5,1.447
2003-08-10,25.336,12.419,88.13,1.987
2003-08-11,24.64,13.311,89.99,2.378
2003-08-12,24.38,19.788,89.32,3.019
2003-08-13,24.067,30.749,92.39,3.09
2003-08-14,24.054,15.497,91.77,2.819
2003-08-15,24.276,3.226,86.99,2.659
2003-08-16,25.141,1.633,82.27,2.476
2003-08-17,25.315,2.671,80.01,2.989
2003-08-18,23.979,14.674,90.16,2.498
2003-08-19,23.52,13.416,91.24,2.066
2003-08-20,25.266,2.565,83.89,2.015
2003-08-21,25.85,11.618,83.65,2.152
2003-08-22,26.017,10.898,85.39,2.842
2003-08-23,24.373,28.613,93.2,1.601
2003-08-24,23.195,1.555,90.32,3.787
2003-08-25,24.808,0.76,79.59,2.402
2003-08-26,24.622,2.119,82.43,2.139
2003-08-27,24.177,14.285,88.69,2.695
2003-08-28,24.117,14.21,87.89,3.235
2003-08-29,23.135,52.405,94.97,3.119
2003-08-30,23.473,44.258,91.99,3.007
2003-08-31,23.724,23.697,89.36,3.225
2003-09-01,23.032,41.647,92.95,3.676
2003-09-02,22.366,51.834,93.88,3.739
2003-09-03,23.341,40.597,92.77,3.217
2003-09-04,24.566,4.13,85.95,3.286
2003-09-05,24.199,24.2,88.94,3.057
2003-09-06,23.095,22.455,93.06,3.388
2003-09-07,22.851,26.352,90.96,4.263
2003-09-08,22.519,14.507,90.26,4.365
2003-09-09,22.199,36.475,94.93,4.233
2003-09-10,24.32,5.004,80.95,3.873
2003-09-11,24.672,3.577,82.91,3.231
2003-09-12,25.098,0.62,77.71,3.047
2003-09-13,25.271,4.314,76.73,2.76
2003-09-14,23.422,8.668,89.68,2.683
2003-09-15,23.899,1.272,83.88,3.261
2003-09-16,23.828,1.723,84.15,2.589
2003-09-17,24.467,6.271,85.39,1.913
2003-09-18,24.13,12.105,88.24,1.77
2003-09-19,23.957,3.768,90.43,1.406
2003-09-20,24.218,5.409,90.34,0.77
2003-09-21,25.338,5.824,85.81,0.248
2003-09-22,24.692,24.263,89.97,0.2
2003-09-23,24.326,23.197,89.99,0.122
2003-09-24,24.001,10.615,89.52,0.754
2003-09-25,24.577,3.105,87.86,0.887
2003-09-26,24.958,7.81,87.23,0.847
2003-09-27,24.218,9.104,89.15,1.22
2003-09-28,23.885,9.026,90.93,1.89
2003-09-29,23.643,5.4,90.61,2.105
2003-09-30,23.823,5.2,88.24,1.32
2003-10-01,24.159,0.281,78.77,2.321
2003-10-02,24.485,0.0,70.48,2.293
2003-10-03,24.328,0.002,66.08,2.371
2003-10-04,23.746,0.001,64.59,2.294
2003-10-05,24.175,1.357,79.14,2.159
2003-10-06,24.236,5.808,82.97,2.917
2003-10-07,23.964,7.519,81.57,4.577
2003-10-08,23.144,4.725,87.38,4.191
2003-10-09,23.96,1.021,83.07,2.888
2003-10-10,24.118,0.003,71.96,1.557
2003-10-11,24.688,0.001,64.17,1.746
2003-10-12,24.477,0.0,63.0,1.43
2003-10-13,23.858,0.0,59.06,1.937
2003-10-14,22.371,0.0,54.37,2.171
2003-10-15,22.013,0.001,56.89,2.305
2003-10-16,22.191,0.003,62.61,1.46
2003-10-17,24.108,0.016,70.45,0.911
2003-10-18,24.913,1.21,77.69,1.187
2003-10-19,24.565,1.089,80.11,1.69
2003-10-20,24.653,0.84,74.45,2.276
2003-10-21,23.774,0.113,52.43,2.554
2003-10-22,23.333,0.317,54.44,2.432
2003-10-23,21.058,0.332,72.94,2.158
2003-10-24,22.303,0.003,67.46,2.558
2003-10-25,22.168,0.002,66.16,2.691
2003-10-26,21.955,0.004,65.42,2.631
2003-10-27,22.297,0.0,67.46,2.348
2003-10-28,24.12,0.013,66.47,2.515
2003-10-29,24.285,0.246,70.72,1.633
2003-10-30,24.419,1.331,73.74,0.642
2003-10-31,23.474,5.788,82.47,0.27
2003-11-01,23.633,0.831,76.8,0.59
2003-11-02,23.938,0.446,72.42,0.543
2003-11-03,23.149,0.2,61.18,1.205
2003-11-04,22.319,0.002,50.92,0.858
2003-11-05,22.308,0.002,48.47,0.268
2003-11-06,23.151,0.0,53.14,0.94
2003-11-07,23.811,0.002,55.08,1.561
2003-11-08,23.442,0.002,57.59,1.032
2003-11-09,23.318,0.003,50.19,1.316
2003-11-10,22.61,0.001,47.97,1.362
2003-11-11,22.322,0.001,50.05,0.433
2003-11-12,21.634,0.0,48.9,0.786
2003-11-13,21.113,0.001,50.96,0.606
2003-11-14,21.116,0.0,51.34,0.413
2003-11-15,20.885,0.001,49.08,0.788
2003-11-16,21.423,0.001,47.2,0.776
2003-11-17,22.397,0.002,50.31,0.796
2003-11-18,23.398,0.002,51.59,1.042
2003-11-19,23.65,0.001,52.23,0.442
2003-11-20,23.391,0.0,54.26,1.307
2003-11-21,22.822,0.0,55.71,1.29
2003-11-22,22.835,0.0,55.55,0.554
2003-11-23,22.813,0.0,55.36,0.907
2003-11-24,22.387,0.0,54.91,1.172
2003-11-25,22.111,0.001,55.04,1.632
2003-11-26,21.323,0.0,51.82,1.483
2003-11-27,21.884,0.002,49.93,0.866
2003-11-28,23.176,0.001,57.72,0.41
2003-11-29,23.194,0.002,57.34,0.554
2003-11-30,22.017,0.006,54.59,1.709
2003-12-01,20.626,0.001,44.12,1.631
2003-12-02,20.07,0.001,41.47,1.875
2003-12-03,19.614,0.001,38.02,1.711
2003-12-04,19.848,0.003,36.92,0.468
2003-12-05,20.31,0.0,37.3,1.3
2003-12-06,20.58,0.001,43.6,1.805
2003-12-07,19.625,0.001,42.59,1.79
2003-12-08,20.025,0.001,45.73,1.524
2003-12-09,20.552,0.001,48.88,1.24
2003-12-10,21.249,0.001,48.5,1.105
2003-12-11,20.902,0.0,51.4,1.769
2003-12-12,21.03,0.002,47.67,1.764
2003-12-13,20.928,0.001,48.36,1.433
2003-12-14,20.078,0.0,45.5,1.538
2003-12-15,19.862,0.003,47.92,1.35
2003-12-16,18.857,0.002,58.71,0.616
2003-12-17,18.491,0.021,58.08,1.823
2003-12-18,18.462,0.001,55.06,1.954
2003-12-19,18.505,0.0,54.01,1.66
2003-12-20,18.205,0.001,53.7,1.649
2003-12-21,17.777,0.001,50.13,1.292
2003-12-22,17.915,0.001,49.38,0.426
2003-12-23,18.329,0.0,49.71,0.552
2003-12-24,18.428,0.001,48.74,0.989
2003-12-25,18.49,0.0,48.42,1.161
2003-12-26,20.024,0.024,49.75,2.074
2003-12-27,17.318,11.555,85.78,1.143
2003-12-28,13.61,0.017,67.54,3.09
2003-12-29,13.575,0.001,60.03,1.918
2003-12-30,14.743,0.0,58.09,1.273
2003-12-31,15.819,0.001,57.14,0.726
2004-01-01,16.687,0.0,55.44,1.039
2004-01-02,17.489,0.0,54.58,1.26
2004-01-03,18.147,0.0,57.31,1.206
2004-01-04,18.367,0.004,61.1,1.13
2004-01-05,17.897,2.25,68.3,0.952
2004-01-06,17.019,1.332,74.77,1.236
2004-01-07,16.32,0.104,71.88,2.094
2004-01-08,15.821,0.002,55.18,2.349
2004-01-09,15.763,0.002,47.27,1.886
2004-01-10,16.77,0.001,48.42,2.012
2004-01-11,17.591,0.002,47.59,1.854
2004-01-12,18.282,0.001,52.34,1.397
2004-01-13,19.48,0.0,47.85,0.789
2004-01-14,20.328,0.002,43.41,1.058
2004-01-15,20.496,0.002,45.57,1.257
2004-01-16,20.822,0.001,46.57,0.901
2004-01-17,21.735,0.003,41.44,1.45
2004-01-18,22.049,0.052,46.07,1.512
2004-01-19,20.378,0.0,49.29,1.368
2004-01-20,21.741,0.005,49.72,1.836
2004-01-21,21.677,0.005,42.56,3.381
2004-01-22,20.471,20.679,68.15,1.845
2004-01-23,17.055,9.692,90.98,1.143
2004-01-24,16.453,0.087,71.65,2.406
2004-01-25,16.245,0.085,64.04,2.08
2004-01-26,15.021,1.952,67.16,2.582
2004-01-27,14.807,0.002,52.82,1.991
2004-01-28,16.08,0.0,51.67,1.283
2004-01-29,17.264,1.746,69.58,1.965
2004-01-30,18.979,0.846,80.99,2.238
2004-01-31,18.461,1.75,82.84,0.39
2004-02-01,17.173,0.023,66.3,2.876
2004-02-02,15.128,0.0,55.59,2.872
2004-02-03,14.693,0.001,45.68,1.642
2004-02-04,17.956,0.0,44.56,0.312
2004-02-05,19.593,0.468,53.06,0.987
2004-02-06,16.056,0.0,40.66,2.552
2004-02-07,16.256,0.001,38.53,1.736
2004-02-08,17.015,0.001,34.62,1.315
2004-02-09,18.95,0.002,35.24,0.812
2004-02-10,20.585,0.001,38.18,1.074
2004-02-11,21.419,0.001,42.06,0.483
2004-02-12,21.589,0.0,45.07,1.083
2004-02-13,21.894,0.001,45.09,1.473
2004-02-14,22.047,0.002,44.0,1.145
2004-02-15,21.925,0.0,43.31,1.677
2004-02-16,20.789,0.0,31.89,2.165
2004-02-17,21.244,0.001,31.54,0.971
2004-02-18,22.778,0.001,33.61,1.784
2004-02-19,23.667,0.001,32.68,2.026
2004-02-20,23.029,0.001,35.43,2.234
2004-02-21,22.845,0.001,31.1,2.045
2004-02-22,23.31,0.002,28.2,1.747
2004-02-23,24.073,0.002,29.84,1.136
2004-02-24,24.137,0.0,33.4,2.125
2004-02-25,24.204,0.0,30.08,1.875
2004-02-26,24.872,0.003,27.71,1.139
2004-02-27,25.94,0.0,28.13,0.779
2004-02-28,26.855,0.001,32.26,2.079
2004-02-29,26.86,0.001,28.5,1.996
2004-03-01,25.264,0.002,29.65,2.416
2004-03-02,25.381,0.002,27.44,2.248
2004-03-03,25.047,0.001,25.52,2.099
2004-03-04,26.083,0.001,24.83,1.833
2004-03-05,28.049,0.003,26.8,0.746
2004-03-06,27.331,0.385,29.79,1.638
2004-03-07,25.61,0.0,20.59,2.328
2004-03-08,25.632,0.001,23.26,1.738
2004-03-09,25.405,0.0,33.82,1.262
2004-03-10,25.889,0.001,34.03,1.84
2004-03-11,27.628,0.0,25.53,1.004
2004-03-12,28.078,0.002,25.2,0.709
2004-03-13,28.645,0.001,20.4,1.267
2004-03-14,29.482,0.001,17.63,1.584
2004-03-15,29.403,0.001,19.23,2.015
2004-03-16,29.624,0.0,18.77,1.975
2004-03-17,30.422,0.001,16.29,2.441
2004-03-18,30.005,0.002,18.32,2.34
2004-03-19,29.813,0.001,16.51,2.675
2004-03-20,30.741,0.001,16.39,2.276
2004-03-21,30.822,0.002,19.98,1.421
2004-03-22,31.683,-0.0,15.8,2.2
2004-03-23,32.045,0.0,14.8,2.81
2004-03-24,31.949,0.001,14.25,3.303
2004-03-25,31.347,0.001,15.92,2.301
2004-03-26,30.772,0.022,18.87,1.537
2004-03-27,30.938,0.003,21.02,1.483
2004-03-28,31.012,0.0,21.54,1.108
2004-03-29,30.97,0.244,28.33,1.799
2004-03-30,30.013,1.315,39.34,1.633
2004-03-31,30.264,0.147,32.4,2.179
2004-04-01,30.991,0.0,28.11,1.35
2004-04-02,30.777,0.003,24.48,2.453
2004-04-03,31.499,0.003,17.42,2.665
2004-04-04,31.351,0.001,19.37,1.203
2004-04-05,31.865,0.015,18.08,1.458
2004-04-06,31.084,0.205,20.41,2.153
2004-04-07,31.711,0.014,17.18,2.804
2004-04-08,31.955,0.002,18.43,3.11
2004-04-09,31.755,0.0,25.83,2.084
2004-04-10,32.802,0.0,24.38,1.849
2004-04-11,33.905,0.0,19.74,2.885
2004-04-12,34.03,0.0,17.5,3.211
2004-04-13,34.383,0.003,15.72,3.753
2004-04-14,34.756,0.002,16.94,3.84
2004-04-15,34.976,0.002,19.8,4.011
2004-04-16,34.938,0.0,17.55,3.899
2004-04-17,34.205,0.001,18.12,3.934
2004-04-18,32.395,0.0,19.74,3.495
2004-04-19,33.272,0.001,18.69,2.341
2004-04-20,34.031,0.003,18.77,2.401
2004-04-21,33.857,0.002,17.85,2.252
2004-04-22,33.856,0.001,18.14,2.739
2004-04-23,32.581,0.001,23.9,1.241
2004-04-24,28.391,2.168,42.98,1.984
2004-04-25,26.751,4.226,53.85,2.206
2004-04-26,29.756,0.015,34.74,0.089
2004-04-27,30.54,0.015,32.7,0.971
2004-04-28,31.795,0.435,29.35,0.995
2004-04-29,32.656,0.337,26.39,2.307
2004-04-30,31.843,1.124,35.85,2.791
2004-05-01,31.541,0.0,32.49,0.894
2004-05-02,30.623,0.001,25.85,3.122
2004-05-03,31.02,0.001,17.9,2.261
2004-05-04,31.969,0.0,18.58,1.118
2004-05-05,32.448,0.007,31.63,1.588
2004-05-06,32.796,0.071,34.0,1.814
2004-05-07,33.458,0.005,31.1,2.551
2004-05-08,33.546,0.016,34.56,2.209
2004-05-09,34.269,0.332,34.05,0.832
2004-05-10,34.31,0.666,35.35,1.478
2004-05-11,33.887,1.238,38.97,1.931
2004-05-12,33.414,0.073,39.24,3.173
2004-05-13,33.013,0.455,41.58,3.125
2004-05-14,33.125,0.273,43.84,3.397
2004-05-15,32.697,1.162,46.04,2.291
2004-05-16,33.766,0.045,36.65,1.93
2004-05-17,34.831,0.005,31.98,2.562
2004-05-18,35.938,0.003,20.81,4.647
2004-05-19,34.915,0.0,21.1,4.867
2004-05-20,34.272,0.0,27.1,4.279
2004-05-21,33.432,0.0,30.95,4.179
2004-05-22,33.693,0.0,30.31,3.408
2004-05-23,33.602,0.004,27.52,3.166
2004-05-24,34.335,0.003,26.15,3.267
2004-05-25,34.056,0.496,29.29,2.173
2004-05-26,33.09,1.671,32.04,1.482
2004-05-27,33.709,0.007,26.29,1.599
2004-05-28,33.285,0.01,30.13,1.12
2004-05-29,33.705,0.0,26.72,0.869
2004-05-30,34.418,0.001,26.71,0.531
2004-05-31,35.367,0.001,23.76,1.555
2004-06-01,36.1,0.003,22.94,0.725
2004-06-02,36.342,0.0,22.0,2.573
2004-06-03,35.943,0.003,23.66,2.504
2004-06-04,35.336,0.061,24.69,2.648
2004-06-05,34.566,0.006,27.53,2.368
2004-06-06,33.644,0.47,33.65,1.22
2004-06-07,32.229,0.724,44.85,1.168
2004-06-08,31.402,2.197,49.5,1.223
2004-06-09,30.494,2.134,54.87,0.918
2004-06-10,29.621,3.555,61.99,0.713
2004-06-11,28.145,19.682,73.28,0.369
2004-06-12,27.364,12.617,78.86,1.515
2004-06-13,27.106,12.038,77.86,3.342
2004-06-14,24.224,28.389,91.22,3.395
2004-06-15,24.153,36.54,92.54,3.86
2004-06-16,24.837,8.954,85.31,5.282
2004-06-17,24.23,18.727,87.84,4.355
2004-06-18,25.461,7.874,82.74,3.561
2004-06-19,27.23,0.386,66.62,4.394
2004-06-20,27.549,0.02,64.83,4.222
2004-06-21,27.722,0.035,62.6,4.301
2004-06-22,28.105,0.003,62.26,4.354
2004-06-23,27.878,0.02,60.85,4.22
2004-06-24,28.052,0.016,60.83,3.934
2004-06-25,28.253,0.419,61.27,3.372
2004-06-26,27.57,3.016,71.62,2.123
2004-06-27,28.099,1.86,69.11,2.338
2004-06-28,28.278,4.456,69.64,1.897
2004-06-29,28.906,1.6,64.68,2.347
2004-06-30,28.098,5.364,71.74,2.071
2004-07-01,28.673,3.89,69.24,2.181
2004-07-02,28.151,4.828,72.49,1.884
2004-07-03,27.883,6.369,73.24,1.349
2004-07-04,25.663,29.884,87.87,0.826
2004-07-05,27.254,5.659,78.05,1.783
2004-07-06,26.993,6.825,78.68,2.477
2004-07-07,25.975,6.34,81.13,2.648
2004-07-08,26.996,0.186,68.23,2.617
2004-07-09,27.586,0.412,66.92,2.666
2004-07-10,27.309,1.588,70.67,2.558
2004-07-11,27.389,0.503,67.83,2.376
2004-07-12,27.944,0.594,66.49,2.286
2004-07-13,28.304,0.906,65.54,2.182
2004-07-14,28.231,2.605,65.04,2.63
2004-07-15,26.809,19.319,76.22,2.776
2004-07-16,25.168,31.976,88.26,0.935
2004-07-17,24.495,33.794,90.44,2.339
2004-07-18,26.105,7.234,81.66,2.53
2004-07-19,26.571,1.029,76.37,2.589
2004-07-20,27.339,0.797,74.36,2.755
2004-07-21,26.976,5.775,77.53,2.451
2004-07-22,26.949,2.322,76.11,1.946
2004-07-23,26.633,5.367,78.35,2.021
2004-07-24,26.112,14.052,82.46,1.705
2004-07-25,24.903,15.986,88.75,0.703
2004-07-26,24.792,11.856,87.61,0.612
2004-07-27,24.887,9.866,87.76,1.457
2004-07-28,24.765,12.46,89.44,2.383
2004-07-29,24.688,16.712,90.41,1.34
2004-07-30,24.334,15.5,91.45,0.934
2004-07-31,23.116,10.149,90.51,3.309
2004-08-01,23.907,4.468,86.72,2.875
2004-08-02,25.001,6.324,85.41,1.261
2004-08-03,25.502,18.027,86.65,1.504
2004-08-04,25.638,13.838,86.69,2.093
2004-08-05,24.97,27.399,90.0,0.73
2004-08-06,25.207,3.073,82.45,3.144
2004-08-07,24.1,30.428,88.08,3.614
2004-08-08,23.729,21.901,88.98,4.76
2004-08-09,23.272,33.024,90.6,4.469
2004-08-10,23.149,24.002,90.61,3.922
2004-08-11,23.963,1.709,86.31,2.929
2004-08-12,24.359,8.693,85.44,2.214
2004-08-13,23.864,9.557,85.29,3.373
2004-08-14,23.746,6.527,88.26,3.39
2004-08-15,23.835,5.033,85.79,3.513
2004-08-16,23.939,3.691,84.51,2.578
2004-08-17,25.137,1.572,79.21,2.398
2004-08-18,25.158,10.384,83.75,2.737
2004-08-19,24.357,12.146,86.92,3.366
2004-08-20,23.047,22.556,94.61,3.299
2004-08-21,22.783,32.538,96.75,2.942
2004-08-22,23.188,52.87,95.83,1.697
2004-08-23,23.038,4.305,89.93,3.367
2004-08-24,23.857,0.559,80.71,3.353
2004-08-25,24.643,1.988,83.07,2.801
2004-08-26,25.217,1.05,79.29,3.051
2004-08-27,25.294,0.304,74.33,3.406
2004-08-28,25.696,0.006,72.84,2.509
2004-08-29,25.676,0.026,72.65,2.539
2004-08-30,25.457,0.277,71.83,2.603
2004-08-31,25.431,0.418,72.17,2.567
2004-09-01,25.711,0.331,73.96,2.095
2004-09-02,26.439,0.593,75.52,1.863
2004-09-03,26.745,0.884,75.02,1.944
2004-09-04,26.929,0.499,73.87,2.0
2004-09-05,27.068,0.435,70.22,2.018
2004-09-06,27.281,0.008,67.74,1.014
2004-09-07,26.863,2.945,77.81,1.483
2004-09-08,27.953,0.23,70.4,1.578
2004-09-09,28.222,0.05,66.12,2.164
2004-09-10,27.242,0.748,69.9,2.457
2004-09-11,26.78,0.561,69.2,3.318
2004-09-12,25.984,0.526,73.75,2.587
2004-09-13,25.679,8.578,81.62,2.212
2004-09-14,24.894,9.274,85.83,1.903
2004-09-15,25.153,6.287,82.43,1.794
2004-09-16,24.891,8.044,84.46,1.837
2004-09-17,25.666,2.442,81.09,2.017
2004-09-18,25.779,0.956,79.99,2.789
2004-09-19,25.193,1.794,80.53,3.022
2004-09-20,23.728,7.726,90.1,0.98
2004-09-21,24.005,10.374,90.13,1.944
2004-09-22,24.77,2.295,85.4,2.093
2004-09-23,25.164,3.294,83.95,1.128
2004-09-24,25.659,7.308,84.16,0.634
2004-09-25,24.483,11.371,89.4,0.8
2004-09-26,25.334,2.139,83.73,0.343
2004-09-27,25.839,1.319,80.3,0.245
2004-09-28,25.964,0.429,75.98,0.939
2004-09-29,26.553,0.152,72.74,1.299
2004-09-30,26.714,0.739,73.28,0.663
2004-10-01,26.524,3.867,78.54,0.397
2004-10-02,25.855,3.221,79.97,0.767
2004-10-03,25.493,1.968,79.09,1.274
2004-10-04,25.87,0.648,75.78,2.114
2004-10-05,26.004,0.148,71.59,2.834
2004-10-06,25.809,0.661,74.1,2.848
2004-10-07,25.173,0.716,77.96,1.998
2004-10-08,25.159,0.004,62.89,1.633
2004-10-09,25.818,0.0,59.28,1.039
2004-10-10,26.041,0.001,56.69,0.438
2004-10-11,25.735,0.077,59.27,0.774
2004-10-12,25.05,2.657,71.18,0.551
2004-10-13,23.205,18.421,83.22,1.157
2004-10-14,22.547,0.1,70.1,2.701
2004-10-15,21.66,0.0,61.28,2.101
2004-10-16,21.822,0.002,57.73,1.635
2004-10-17,21.708,0.001,54.74,1.638
2004-10-18,21.512,0.002,52.98,1.405
2004-10-19,21.622,0.0,51.88,1.172
2004-10-20,22.003,0.001,52.17,0.478
2004-10-21,21.883,0.001,51.01,0.908
2004-10-22,22.274,0.002,46.24,1.605
2004-10-23,22.765,0.0,47.72,1.32
2004-10-24,23.259,0.001,44.51,0.993
2004-10-25,23.387,0.0,46.52,0.861
2004-10-26,23.371,0.001,48.43,0.267
2004-10-27,22.746,0.0,44.57,1.053
2004-10-28,22.812,0.003,44.54,0.705
2004-10-29,22.466,0.094,49.09,1.158
2004-10-30,22.664,0.004,48.18,1.903
2004-10-31,22.641,0.001,46.17,1.913
2004-11-01,22.255,0.0,41.98,2.059
2004-11-02,22.134,0.0,41.92,1.314
2004-11-03,22.345,0.002,44.19,1.321
2004-11-04,20.893,0.002,41.71,2.192
2004-11-05,20.304,0.0,41.17,2.134
2004-11-06,20.572,0.002,45.58,1.505
2004-11-07,21.232,0.001,46.39,1.351
2004-11-08,22.201,0.001,48.24,1.011
2004-11-09,22.922,0.001,50.04,1.234
2004-11-10,23.26,0.101,56.95,0.554
2004-11-11,22.349,10.048,78.1,0.382
2004-11-12,22.488,2.596,81.07,0.109
2004-11-13,22.791,0.602,74.6,1.002
2004-11-14,23.059,0.047,56.69,1.451
2004-11-15,22.791,0.0,44.56,1.526
2004-11-16,21.778,0.001,39.01,1.583
2004-11-17,21.38,0.0,41.4,1.436
2004-11-18,21.971,0.001,43.56,1.523
2004-11-19,22.059,0.0,40.26,1.818
2004-11-20,21.639,0.001,41.91,1.131
2004-11-21,21.415,0.001,43.54,1.192
2004-11-22,21.277,0.0,44.2,1.398
2004-11-23,21.331,0.0,49.05,1.684
2004-11-24,21.445,0.0,46.72,1.124
2004-11-25,21.132,0.001,46.6,1.121
2004-11-26,21.152,0.002,45.14,1.237
2004-11-27,21.198,0.003,45.99,1.344
2004-11-28,21.122,0.001,48.2,1.749
2004-11-29,19.942,0.001,48.85,1.73
2004-11-30,19.53,0.002,46.2,1.631
2004-12-01,19.355,0.001,44.67,1.203
2004-12-02,19.603,0.002,44.95,1.621
2004-12-03,19.603,0.0,43.75,2.185
2004-12-04,19.373,0.002,46.97,1.97
2004-12-05,19.406,-0.0,49.72,1.846
2004-12-06,19.591,0.0,43.79,2.186
2004-12-07,19.257,0.0,43.72,1.945
2004-12-08,18.938,0.001,43.11,2.135
2004-12-09,18.723,0.0,47.01,2.209
2004-12-10,18.481,0.001,43.12,2.245
2004-12-11,18.514,0.001,45.99,1.739
2004-12-12,18.912,0.0,52.87,1.597
2004-12-13,19.186,0.001,57.17,1.65
2004-12-14,19.173,0.0,53.49,1.625
2004-12-15,19.434,0.002,48.36,1.789
2004-12-16,19.303,0.0,43.63,1.951
2004-12-17,19.323,0.0,43.09,1.979
2004-12-18,18.765,0.002,48.12,1.909
2004-12-19,18.853,0.0,47.19,0.136
2004-12-20,19.619,0.001,46.51,1.306
2004-12-21,19.531,0.001,51.36,0.618
2004-12-22,20.593,0.001,54.09,0.551
2004-12-23,21.083,0.01,55.81,0.633
2004-12-24,19.548,0.081,66.53,2.345
2004-12-25,18.026,0.003,59.1,2.892
2004-12-26,16.219,0.003,53.46,2.105
2004-12-27,17.053,0.0,44.09,1.56
2004-12-28,17.869,0.001,41.74,1.838
2004-12-29,18.336,0.002,42.79,2.28
2004-12-30,18.732,0.003,45.15,1.53
2004-12-31,20.062,0.001,40.75,1.727
2005-01-01,21.087,0.003,46.67,1.223
2005-01-02,21.193,0.077,57.45,0.517
2005-01-03,20.837,0.621,66.34,1.555
2005-01-04,19.787,0.001,66.37,2.432
2005-01-05,19.987,0.001,57.33,1.453
2005-01-06,21.278,0.001,51.85,1.206
2005-01-07,19.732,-0.0,54.74,2.521
2005-01-08,17.726,0.0,40.19,2.026
2005-01-09,18.288,0.001,42.42,1.382
2005-01-10,19.768,0.0,40.75,1.74
2005-01-11,18.476,0.002,46.5,2.634
2005-01-12,17.39,0.001,50.02,2.316
2005-01-13,17.486,0.002,43.55,1.629
2005-01-14,18.768,0.001,37.33,1.663
2005-01-15,19.596,0.002,39.99,0.622
2005-01-16,21.073,0.862,42.97,1.416
2005-01-17,19.549,1.14,52.36,1.475
2005-01-18,17.486,0.001,40.32,2.328
2005-01-19,15.26,0.0,50.09,2.801
2005-01-20,15.299,0.001,36.6,2.042
2005-01-21,17.909,0.001,36.39,0.748
2005-01-22,20.288,1.701,47.9,2.378
2005-01-23,19.178,0.119,54.07,1.265
2005-01-24,16.692,0.0,43.76,2.115
2005-01-25,18.171,0.0,42.26,1.581
2005-01-26,19.478,1.631,55.74,0.582
2005-01-27,20.286,3.284,66.18,1.709
2005-01-28,18.156,6.587,77.23,0.711
2005-01-29,17.096,15.949,87.78,1.14
2005-01-30,17.623,25.468,87.86,1.56
2005-01-31,15.92,19.233,90.24,1.392
2005-02-01,14.721,0.001,73.6,2.582
2005-02-02,14.746,0.001,65.44,1.645
2005-02-03,16.219,0.001,60.27,0.368
2005-02-04,18.374,0.0,63.09,1.65
2005-02-05,19.488,0.117,60.54,1.334
2005-02-06,20.911,0.002,59.05,1.742
2005-02-07,21.037,4.21,76.89,2.522
2005-02-08,21.682,1.01,71.65,0.931
2005-02-09,22.082,0.166,66.04,0.207
2005-02-10,22.956,0.001,58.55,1.365
2005-02-11,23.476,0.155,56.38,1.708
2005-02-12,23.91,0.001,48.04,2.055
2005-02-13,22.895,0.0,42.28,2.607
2005-02-14,22.769,0.0,40.08,1.702
2005-02-15,24.653,0.001,30.25,3.278
2005-02-16,23.77,0.001,40.88,2.576
2005-02-17,23.589,0.021,37.91,2.186
2005-02-18,22.634,0.003,40.99,0.992
2005-02-19,22.45,0.003,34.35,1.372
2005-02-20,22.943,0.221,33.54,1.511
2005-02-21,21.155,2.102,58.1,2.182
2005-02-22,21.765,0.043,52.62,1.435
2005-02-23,20.506,0.001,37.58,2.166
2005-02-24,21.86,0.001,31.96,1.807
2005-02-25,22.748,0.0,30.5,2.075
2005-02-26,23.813,0.0,32.55,1.917
2005-02-27,24.816,0.003,31.55,1.532
2005-02-28,25.942,0.048,35.85,0.554
2005-03-01,25.308,1.292,46.47,0.697
2005-03-02,26.78,0.001,38.34,0.676
2005-03-03,27.249,0.003,34.27,1.032
2005-03-04,27.646,0.001,30.18,2.301
2005-03-05,27.088,0.003,28.84,1.646
2005-03-06,27.193,0.226,32.22,0.735
2005-03-07,26.538,0.749,42.52,0.403
2005-03-08,22.827,2.439,63.19,0.753
2005-03-09,24.359,4.434,53.66,2.194
2005-03-10,23.536,1.387,56.16,1.021
2005-03-11,23.332,0.009,43.13,1.972
2005-03-12,22.822,0.0,40.6,2.221
2005-03-13,23.41,0.0,40.6,2.062
2005-03-14,24.296,0.002,36.59,1.772
2005-03-15,25.708,0.0,32.87,1.84
2005-03-16,27.68,0.002,31.37,0.553
2005-03-17,28.926,-0.0,29.37,0.289
2005-03-18,29.617,0.0,26.25,1.551
2005-03-19,29.502,0.001,19.26,2.105
2005-03-20,30.095,0.001,19.19,2.354
2005-03-21,30.472,0.001,21.2,2.956
2005-03-22,29.428,0.001,22.08,2.882
2005-03-23,27.779,0.0,21.3,1.885
2005-03-24,26.823,0.0,23.68,1.775
2005-03-25,26.634,0.003,22.92,2.271
2005-03-26,27.954,0.003,21.41,1.137
2005-03-27,30.073,0.001,20.83,3.048
2005-03-28,29.407,0.001,21.76,2.586
2005-03-29,29.672,0.0,23.89,0.545
2005-03-30,30.018,0.001,19.34,1.902
2005-03-31,28.739,0.001,20.69,3.2
2005-04-01,28.218,0.001,16.11,2.298
2005-04-02,28.916,0.002,13.84,2.128
2005-04-03,28.961,0.001,14.23,2.194
2005-04-04,29.076,0.002,14.58,2.304
2005-04-05,29.482,0.0,15.95,0.238
2005-04-06,31.213,0.0,21.34,1.516
2005-04-07,31.237,0.001,28.98,3.118
2005-04-08,31.445,0.001,28.09,1.209
2005-04-09,30.307,0.0,12.5,2.626
2005-04-10,29.205,0.0,12.02,2.109
2005-04-11,27.075,0.0,12.34,3.265
2005-04-12,27.599,0.001,15.37,2.167
2005-04-13,29.842,0.001,16.32,1.027
2005-04-14,30.711,0.207,29.86,2.097
2005-04-15,32.015,0.0,20.78,2.326
2005-04-16,32.161,0.002,17.84,2.412
2005-04-17,32.004,0.0,15.86,2.179
2005-04-18,31.117,0.0,16.79,1.858
2005-04-19,31.554,0.04,20.88,1.167
2005-04-20,31.972,0.001,19.82,1.07
2005-04-21,32.401,0.002,20.51,1.548
2005-04-22,33.243,0.0,20.11,2.413
2005-04-23,33.15,0.003,19.4,1.725
2005-04-24,30.986,0.051,26.61,0.817
2005-04-25,28.887,1.627,41.27,1.049
2005-04-26,30.343,0.325,31.45,1.483
2005-04-27,31.005,0.0,23.73,1.634
2005-04-28,30.693,0.0,22.66,1.974
2005-04-29,30.609,0.027,24.1,1.786
2005-04-30,30.073,0.043,29.83,1.259
2005-05-01,29.587,0.338,38.22,1.125
2005-05-02,29.124,1.032,44.32,1.247
2005-05-03,29.445,0.994,40.86,2.393
2005-05-04,30.033,0.022,29.8,1.592
2005-05-05,29.393,0.59,34.9,0.178
2005-05-06,30.447,0.001,31.11,1.025
2005-05-07,31.928,0.001,26.4,1.866
2005-05-08,32.892,0.0,24.83,3.125
2005-05-09,33.529,0.0,21.47,3.153
2005-05-10,32.878,0.001,15.88,3.575
2005-05-11,32.701,0.001,14.06,2.564
2005-05-12,32.867,0.0,14.05,2.008
2005-05-13,34.1,0.0,12.09,3.013
2005-05-14,34.515,0.002,15.78,3.045
2005-05-15,35.151,0.0,15.43,2.504
2005-05-16,36.043,0.001,16.02,3.364
2005-05-17,36.305,0.001,16.6,3.394
2005-05-18,35.804,0.003,16.32,3.627
2005-05-19,35.612,0.002,15.75,2.876
2005-05-20,35.737,0.047,17.67,2.012
2005-05-21,36.035,-0.0,15.16,1.338
2005-05-22,36.619,0.0,16.43,2.137
2005-05-23,36.451,0.002,15.73,3.662
2005-05-24,36.18,0.002,18.12,2.666
2005-05-25,35.929,0.047,19.83,0.631
2005-05-26,36.408,0.027,17.08,2.992
2005-05-27,36.309,0.006,15.73,3.225
2005-05-28,36.246,0.004,16.51,1.776
2005-05-29,33.898,0.198,25.3,3.318
2005-05-30,31.836,0.331,34.41,1.941
2005-05-31,34.987,0.016,24.9,1.644
2005-06-01,35.053,0.0,19.09,2.825
2005-06-02,35.661,0.0,16.68,1.321
2005-06-03,36.552,0.001,17.52,3.698
2005-06-04,35.988,0.001,17.84,3.516
2005-06-05,36.18,0.013,20.77,1.648
2005-06-06,35.701,0.591,26.49,1.357
2005-06-07,35.963,0.001,23.09,2.334
2005-06-08,35.509,0.0,21.86,2.998
2005-06-09,35.473,0.002,23.84,2.369
2005-06-10,35.946,0.003,21.58,2.686
2005-06-11,36.339,0.0,19.67,3.677
2005-06-12,36.566,0.0,18.51,3.875
2005-06-13,36.72,0.0,19.59,2.815
2005-06-14,36.262,0.014,24.44,3.226
2005-06-15,35.466,0.828,31.13,2.596
2005-06-16,35.895,0.116,28.49,3.265
2005-06-17,35.695,0.126,30.46,2.772
2005-06-18,34.332,0.638,38.05,1.835
2005-06-19,33.86,1.198,42.56,1.797
2005-06-20,34.348,0.077,38.5,2.157
2005-06-21,32.387,2.259,49.25,1.338
2005-06-22,30.265,6.55,62.85,1.44
2005-06-23,29.883,3.086,61.29,1.493
2005-06-24,26.948,18.222,79.68,1.998
2005-06-25,26.084,48.305,82.49,2.255
2005-06-26,24.603,53.245,89.38,3.708
2005-06-27,24.874,12.197,85.39,3.652
2005-06-28,24.194,17.799,90.04,2.673
2005-06-29,25.347,7.687,82.86,3.375
2005-06-30,25.407,9.083,78.92,4.189
2005-07-01,23.863,18.501,88.56,4.215
2005-07-02,24.49,12.924,81.68,5.045
2005-07-03,23.054,47.595,90.86,5.115
2005-07-04,22.967,141.01,91.98,5.949
2005-07-05,23.143,69.378,92.45,4.11
2005-07-06,24.109,33.52,88.23,2.482
2005-07-07,24.178,17.416,90.12,1.816
2005-07-08,25.0,11.276,88.13,2.13
2005-07-09,25.792,15.346,86.42,2.58
2005-07-10,26.399,7.128,85.29,1.689
2005-07-11,24.957,18.873,89.69,2.234
2005-07-12,24.238,12.94,88.91,1.719
2005-07-13,26.073,0.927,76.37,1.79
2005-07-14,24.873,9.605,88.55,1.56
2005-07-15,25.005,22.213,88.88,2.104
2005-07-16,25.287,9.255,85.2,2.612
2005-07-17,26.09,5.181,83.14,2.079
2005-07-18,27.083,1.994,78.68,1.54
2005-07-19,26.535,11.085,83.55,1.415
2005-07-20,27.149,2.458,80.16,1.561
2005-07-21,26.16,7.275,83.1,1.438
2005-07-22,27.187,1.158,74.01,2.146
2005-07-23,26.151,8.289,80.7,2.416
2005-07-24,24.529,23.978,90.04,2.22
2005-07-25,25.312,12.839,87.96,2.236
2005-07-26,25.441,25.221,88.86,2.761
2005-07-27,24.248,16.906,93.32,1.433
2005-07-28,24.218,5.152,82.46,3.111
2005-07-29,25.658,1.596,75.09,2.901
2005-07-30,24.9,17.374,86.84,2.876
2005-07-31,24.156,47.72,94.69,3.284
2005-08-01,23.734,2.489,90.74,3.246
2005-08-02,24.118,1.741,86.15,3.617
2005-08-03,24.562,3.462,84.7,2.139
2005-08-04,24.233,4.953,86.98,3.537
2005-08-05,23.875,21.467,89.92,3.972
2005-08-06,23.647,18.308,91.12,3.292
2005-08-07,24.865,1.278,81.91,2.8
2005-08-08,25.836,0.349,74.81,3.085
2005-08-09,26.004,1.02,75.5,3.153
2005-08-10,25.675,0.749,77.63,3.077
2005-08-11,25.502,0.642,77.67,3.19
2005-08-12,25.461,0.806,79.89,2.235
2005-08-13,26.233,1.381,76.95,2.024
2005-08-14,26.892,3.403,78.45,1.849
2005-08-15,25.386,10.329,86.77,1.858
2005-08-16,23.406,15.663,92.63,2.325
2005-08-17,25.254,1.828,82.58,2.534
2005-08-18,24.534,6.1,86.4,3.022
2005-08-19,24.012,14.778,89.53,3.47
2005-08-20,23.366,11.512,92.96,3.062
2005-08-21,24.554,7.011,86.79,2.582
2005-08-22,24.509,11.058,88.04,2.35
2005-08-23,25.335,1.708,79.5,2.402
2005-08-24,25.594,0.288,75.02,2.648
2005-08-25,25.135,0.214,73.42,2.573
2005-08-26,25.489,0.076,74.18,2.192
2005-08-27,25.749,0.707,76.21,1.688
2005-08-28,26.372,0.279,75.36,1.39
2005-08-29,27.079,0.512,73.14,1.67
2005-08-30,27.754,0.079,71.45,1.882
2005-08-31,27.799,0.278,69.43,2.139
2005-09-01,28.086,0.177,68.73,2.258
2005-09-02,28.026,0.539,72.19,1.596
2005-09-03,26.363,7.974,85.44,1.075
2005-09-04,25.63,2.033,85.03,1.741
2005-09-05,26.431,4.898,83.41,1.72
2005-09-06,25.723,9.754,85.15,0.77
2005-09-07,26.535,3.164,81.91,0.753
2005-09-08,26.264,11.76,83.83,1.375
2005-09-09,26.277,6.62,83.56,1.068
2005-09-10,25.377,9.236,84.96,0.901
2005-09-11,24.682,8.616,88.06,0.395
2005-09-12,25.079,10.316,86.72,0.863
2005-09-13,24.615,23.369,88.79,1.681
2005-09-14,23.378,80.084,94.41,2.37
2005-09-15,23.098,43.046,91.99,3.512
2005-09-16,24.492,1.719,81.71,2.682
2005-09-17,25.379,1.001,78.34,2.104
2005-09-18,24.94,3.645,81.64,2.474
2005-09-19,24.957,2.332,85.62,3.119
2005-09-20,25.962,1.755,76.55,3.698
2005-09-21,23.952,3.901,83.77,3.272
2005-09-22,24.189,2.417,87.22,3.263
2005-09-23,24.382,1.518,83.94,4.004
2005-09-24,24.822,0.867,77.69,3.227
2005-09-25,24.78,1.625,79.9,2.556
2005-09-26,24.43,0.249,75.78,2.544
2005-09-27,24.483,0.338,73.53,2.46
2005-09-28,24.702,0.243,72.75,2.17
2005-09-29,24.822,0.005,69.26,2.111
2005-09-30,25.268,0.017,67.02,2.175
2005-10-01,25.416,0.0,62.67,2.506
2005-10-02,25.178,0.003,62.8,2.489
2005-10-03,24.857,0.001,62.71,2.364
2005-10-04,25.255,0.001,60.41,2.104
2005-10-05,25.564,0.0,57.24,2.202
2005-10-06,25.527,0.0,52.25,2.102
2005-10-07,25.672,0.0,50.81,1.758
2005-10-08,26.129,0.003,49.11,1.823
2005-10-09,26.012,0.002,53.5,1.997
2005-10-10,26.105,0.002,52.38,2.63
2005-10-11,26.151,0.002,50.16,2.639
2005-10-12,26.173,0.003,49.76,2.659
2005-10-13,26.004,0.001,54.97,1.665
2005-10-14,24.699,3.843,66.91,1.802
2005-10-15,22.012,19.977,89.79,1.618
2005-10-16,22.546,10.553,89.1,0.632
2005-10-17,22.571,10.72,92.13,0.926
2005-10-18,23.103,2.789,85.62,0.785
2005-10-19,23.739,1.596,80.75,1.951
2005-10-20,23.277,0.614,78.25,2.808
2005-10-21,22.338,0.37,75.73,2.869
2005-10-22,21.931,0.006,71.37,2.266
2005-10-23,22.098,0.003,69.5,1.547
2005-10-24,23.476,0.027,67.53,0.748
2005-10-25,23.6,0.073,64.63,1.751
2005-10-26,22.694,0.0,58.33,2.418
2005-10-27,22.55,0.001,54.23,2.802
2005-10-28,22.548,0.001,48.99,3.004
2005-10-29,21.876,0.001,50.42,2.346
2005-10-30,21.76,0.0,51.67,1.655
2005-10-31,21.424,0.0,48.97,1.279
2005-11-01,21.238,0.0,43.78,1.721
2005-11-02,21.021,0.001,41.67,1.718
2005-11-03,20.759,0.001,47.21,1.934
2005-11-04,21.399,0.003,47.17,2.299
2005-11-05,21.294,0.0,41.99,2.418
2005-11-06,20.83,0.002,44.35,2.034
2005-11-07,20.382,0.003,41.5,2.185
2005-11-08,19.853,0.0,38.96,2.355
2005-11-09,19.746,0.001,43.33,2.145
2005-11-10,19.644,0.001,45.34,1.77
2005-11-11,20.201,-0.0,44.0,1.772
2005-11-12,20.672,0.001,43.46,2.036
2005-11-13,20.929,0.0,43.22,1.96
2005-11-14,20.96,0.0,44.88,1.914
2005-11-15,21.108,0.0,46.7,2.139
2005-11-16,21.378,0.0,46.71,2.066
2005-11-17,21.137,0.003,44.21,1.967
2005-11-18,20.778,0.001,42.46,1.566
2005-11-19,20.734,0.002,38.65,1.753
2005-11-20,20.707,0.002,37.68,2.255
2005-11-21,20.962,0.001,41.77,2.141
2005-11-22,20.898,0.0,42.12,1.695
2005-11-23,20.822,0.0,43.44,0.629
2005-11-24,20.661,0.0,47.12,0.122
2005-11-25,20.906,0.0,49.74,0.398
2005-11-26,20.975,0.002,53.06,0.605
2005-11-27,20.933,0.0,55.21,0.174
2005-11-28,20.839,0.002,50.7,1.578
2005-11-29,20.341,0.002,48.1,1.454
2005-11-30,20.363,0.001,51.05,0.802
2005-12-01,21.062,0.001,51.92,1.389
2005-12-02,21.522,0.001,52.99,1.998
2005-12-03,21.102,0.101,57.03,2.043
2005-12-04,20.107,0.001,53.63,2.654
2005-12-05,18.145,0.0,36.97,2.261
2005-12-06,17.85,0.001,37.66,2.137
2005-12-07,18.12,0.002,41.14,2.06
2005-12-08,18.098,0.003,41.38,1.919
2005-12-09,17.704,0.003,44.16,1.577
2005-12-10,17.659,0.0,44.01,2.139
2005-12-11,16.977,0.001,40.62,2.275
2005-12-12,16.795,0.001,43.72,1.884
2005-12-13,16.575,0.001,42.82,2.113
2005-12-14,16.509,0.001,43.76,2.078
2005-12-15,16.51,0.0,39.9,2.021
2005-12-16,16.565,0.001,42.04,2.165
2005-12-17,16.633,0.001,42.54,2.245
2005-12-18,16.567,0.001,45.49,2.079
2005-12-19,16.91,0.0,50.29,1.323
2005-12-20,18.828,0.0,58.86,0.894
2005-12-21,20.229,1.087,59.67,0.762
2005-12-22,18.834,3.819,78.57,0.823
2005-12-23,18.693,0.051,67.43,1.789
2005-12-24,17.002,0.006,63.89,2.715
2005-12-25,15.246,0.002,53.64,2.511
2005-12-26,15.317,0.001,45.6,1.332
2005-12-27,16.26,0.001,42.67,0.198
2005-12-28,17.372,0.0,47.13,0.391
2005-12-29,17.887,0.002,48.58,0.861
2005-12-30,18.596,0.001,50.68,0.767
2005-12-31,19.191,0.0,51.7,0.692
2006-01-01,18.987,0.001,50.49,0.764
2006-01-02,18.854,0.001,49.15,1.265
2006-01-03,19.443,0.002,51.56,1.187
2006-01-04,18.785,0.0,58.96,2.381
2006-01-05,17.459,0.0,52.04,2.463
2006-01-06,16.648,0.001,45.3,2.671
2006-01-07,16.428,0.001,38.35,2.502
2006-01-08,16.751,0.0,40.48,2.114
2006-01-09,17.3,0.001,38.31,1.819
2006-01-10,18.301,0.001,40.34,1.665
2006-01-11,18.252,0.001,40.03,1.5
2006-01-12,19.686,0.001,40.44,0.635
2006-01-13,20.491,0.0,42.73,1.279
2006-01-14,20.093,0.0,42.03,2.083
2006-01-15,20.608,0.001,35.13,0.763
2006-01-16,21.349,0.002,44.95,1.368
2006-01-17,22.478,0.001,48.97,1.89
2006-01-18,22.307,0.001,37.62,2.121
2006-01-19,21.619,0.0,39.9,2.437
2006-01-20,21.464,0.001,42.16,1.628
2006-01-21,21.247,0.0,44.67,2.304
2006-01-22,21.02,0.0,46.84,0.804
2006-01-23,19.446,0.0,39.42,2.12
2006-01-24,16.303,0.0,33.62,2.91
2006-01-25,15.682,0.0,32.37,2.278
2006-01-26,16.604,0.0,32.67,2.278
2006-01-27,16.983,0.001,34.8,2.148
2006-01-28,18.554,0.002,32.4,2.025
2006-01-29,19.702,0.001,33.27,2.019
2006-01-30,20.672,0.001,30.51,1.663
2006-01-31,21.53,0.001,30.62,1.436
2006-02-01,22.189,0.002,29.45,1.575
2006-02-02,22.332,0.001,29.8,1.888
2006-02-03,22.066,0.002,29.27,2.528
2006-02-04,21.678,0.001,31.27,2.306
2006-02-05,20.936,0.001,29.65,1.94
2006-02-06,21.64,0.001,29.12,1.834
2006-02-07,21.548,0.0,28.92,1.263
2006-02-08,21.914,0.0,27.29,1.029
2006-02-09,22.206,0.002,26.98,0.298
2006-02-10,22.328,0.003,29.73,1.498
2006-02-11,22.711,0.001,30.86,1.056
2006-02-12,23.362,0.0,31.09,0.795
2006-02-13,24.18,0.001,31.15,0.52
2006-02-14,25.058,0.0,30.27,1.215
2006-02-15,25.734,0.002,27.48,2.745
2006-02-16,24.88,0.001,27.62,2.494
2006-02-17,25.543,0.003,28.28,2.059
2006-02-18,26.233,-0.0,33.28,2.141
2006-02-19,26.366,0.002,33.61,2.145
2006-02-20,26.67,0.0,32.43,1.626
2006-02-21,27.165,0.0,29.6,1.159
2006-02-22,27.812,0.003,27.51,0.852
2006-02-23,27.91,0.0,23.95,1.891
2006-02-24,27.886,0.0,22.65,1.363
2006-02-25,27.893,0.002,23.77,0.461
2006-02-26,28.63,0.0,25.31,1.788
2006-02-27,28.784,0.004,28.26,1.27
2006-02-28,27.689,0.034,32.02,1.617
2006-03-01,26.344,0.377,38.05,2.14
2006-03-02,24.586,1.776,50.91,2.075
2006-03-03,24.356,3.504,60.7,0.584
2006-03-04,24.084,2.534,64.27,0.627
2006-03-05,24.738,0.132,55.79,0.848
2006-03-06,25.253,0.899,51.86,1.367
2006-03-07,25.381,1.345,53.97,1.622
2006-03-08,25.655,1.363,56.78,1.91
2006-03-09,23.091,30.419,69.81,0.522
2006-03-10,18.483,24.191,89.99,0.771
2006-03-11,19.139,4.026,79.2,1.877
2006-03-12,20.907,0.096,62.31,1.77
2006-03-13,21.869,0.001,53.11,1.317
2006-03-14,23.24,1.53,52.94,0.677
2006-03-15,20.077,8.701,77.99,0.413
2006-03-16,21.238,1.305,66.62,1.674
2006-03-17,21.738,0.074,53.74,2.028
2006-03-18,22.009,0.001,44.29,2.197
2006-03-19,23.404,0.002,40.66,0.993
2006-03-20,25.169,0.0,43.65,0.979
2006-03-21,26.016,0.0,36.82,2.443
2006-03-22,24.49,0.003,34.93,2.31
2006-03-23,25.259,0.002,31.55,1.999
2006-03-24,26.945,0.001,33.01,1.487
2006-03-25,28.059,0.012,33.0,2.036
2006-03-26,28.091,0.005,27.66,2.868
2006-03-27,27.089,0.001,25.11,1.74
2006-03-28,27.216,0.001,24.01,2.3
2006-03-29,27.206,0.001,21.08,1.931
2006-03-30,26.633,0.002,22.07,1.821
2006-03-31,27.736,0.001,22.78,1.611
2006-04-01,29.517,0.003,21.41,2.157
2006-04-02,29.449,0.055,26.6,2.3
2006-04-03,30.06,0.001,21.26,2.862
2006-04-04,30.142,0.001,20.46,2.658
2006-04-05,30.178,0.0,23.87,1.734
2006-04-06,31.066,0.001,23.57,1.744
2006-04-07,32.165,0.0,21.89,1.823
2006-04-08,32.627,0.002,22.07,2.208
2006-04-09,32.309,0.001,21.56,1.947
2006-04-10,32.264,0.001,21.51,2.746
2006-04-11,32.169,0.003,19.77,2.194
2006-04-12,32.082,0.001,21.72,1.996
2006-04-13,31.756,0.0,20.48,1.242
2006-04-14,30.765,0.716,32.63,1.162
2006-04-15,29.034,3.044,48.67,2.02
2006-04-16,27.492,1.527,56.43,3.15
2006-04-17,25.079,7.643,63.26,2.334
2006-04-18,25.962,0.001,40.35,1.451
2006-04-19,26.952,0.0,31.89,1.168
2006-04-20,28.87,0.0,26.77,1.578
2006-04-21,30.59,0.001,24.33,1.524
2006-04-22,30.701,0.004,23.92,1.354
2006-04-23,30.869,0.001,22.75,1.546
2006-04-24,31.608,0.001,21.79,2.041
2006-04-25,32.301,0.0,20.55,2.662
2006-04-26,32.836,0.002,20.68,1.803
2006-04-27,33.866,0.001,18.0,2.824
2006-04-28,33.729,0.002,17.76,2.403
2006-04-29,33.167,0.0,21.39,2.296
2006-04-30,33.518,0.002,24.04,1.787
2006-05-01,33.841,1.167,25.15,1.593
2006-05-02,33.626,0.133,23.97,0.892
2006-05-03,33.317,0.088,27.31,1.759
2006-05-04,30.655,1.742,43.16,1.8
2006-05-05,32.481,0.826,34.74,2.596
2006-05-06,33.869,0.002,24.42,2.392
2006-05-07,34.974,0.001,17.8,2.442
2006-05-08,35.092,0.0,17.48,2.404
2006-05-09,35.19,0.003,17.48,3.55
2006-05-10,35.284,0.001,18.16,3.71
2006-05-11,35.16,0.0,20.52,2.807
2006-05-12,35.316,0.004,21.14,2.58
2006-05-13,34.834,0.002,20.74,2.418
2006-05-14,35.181,0.0,19.43,2.831
2006-05-15,34.703,0.001,24.51,1.999
2006-05-16,33.351,0.182,34.67,1.03
2006-05-17,32.893,0.16,37.22,1.542
2006-05-18,32.898,0.464,38.14,0.365
2006-05-19,31.31,3.84,46.93,1.221
2006-05-20,31.415,0.179,43.69,2.387
2006-05-21,29.458,6.421,53.57,2.28
2006-05-22,28.831,4.433,62.21,2.249
2006-05-23,29.826,3.12,56.46,2.675
2006-05-24,30.406,0.613,55.24,2.63
2006-05-25,30.287,0.685,55.43,2.519
2006-05-26,30.74,1.902,55.68,1.158
2006-05-27,31.422,0.257,53.23,0.69
2006-05-28,32.344,0.127,47.37,1.434
2006-05-29,32.59,0.517,48.11,2.789
2006-05-30,32.685,0.876,51.12,3.046
2006-05-31,32.335,0.089,48.86,3.359
2006-06-01,31.948,0.586,49.59,3.504
2006-06-02,29.983,4.087,57.42,2.937
2006-06-03,28.516,2.372,59.41,2.871
2006-06-04,29.068,1.439,60.53,2.174
2006-06-05,29.805,1.164,57.08,2.44
2006-06-06,30.81,0.056,44.33,3.392
2006-06-07,31.394,0.026,39.63,3.533
2006-06-08,32.226,0.004,36.53,3.431
2006-06-09,32.367,0.248,38.33,2.516
2006-06-10,32.086,0.903,42.13,2.0
2006-06-11,32.638,0.219,37.01,2.824
2006-06-12,32.78,0.0,29.84,3.709
2006-06-13,32.571,0.0,29.93,3.347
2006-06-14,32.569,0.002,30.11,2.508
2006-06-15,33.346,0.0,28.45,2.581
2006-06-16,33.587,0.001,29.6,2.479
2006-06-17,33.834,0.002,27.17,3.041
2006-06-18,34.215,0.127,30.22,2.394
2006-06-19,32.282,0.102,36.58,1.322
2006-06-20,32.611,0.701,38.5,1.707
2006-06-21,32.683,0.118,38.95,1.184
2006-06-22,29.935,2.979,57.64,1.602
2006-06-23,29.655,1.771,62.66,1.48
2006-06-24,28.446,4.404,69.28,2.366
2006-06-25,29.673,0.578,61.38,2.772
2006-06-26,30.286,0.535,58.41,2.337
2006-06-27,29.326,6.873,63.65,1.827
2006-06-28,27.686,22.97,76.04,1.52
2006-06-29,25.585,9.034,86.02,2.071
2006-06-30,25.923,5.842,81.85,2.221
2006-07-01,27.025,1.508,75.76,2.79
2006-07-02,26.97,10.448,80.28,2.247
2006-07-03,26.758,16.932,81.84,3.452
2006-07-04,25.266,29.187,90.17,1.595
2006-07-05,23.741,0.972,86.01,4.279
2006-07-06,26.478,0.675,71.6,3.714
2006-07-07,26.984,1.083,69.18,4.023
2006-07-08,26.731,2.324,72.79,3.843
2006-07-09,26.17,1.926,73.46,3.751
2006-07-10,26.146,4.272,75.4,3.663
2006-07-11,25.7,6.169,78.0,3.154
2006-07-12,24.148,26.801,88.36,2.817
2006-07-13,25.845,3.705,79.88,3.283
2006-07-14,26.323,1.674,74.24,3.935
2006-07-15,25.724,7.842,79.14,3.738
2006-07-16,24.249,62.417,91.97,4.348
2006-07-17,24.015,42.986,90.8,4.296
2006-07-18,23.118,52.759,93.06,3.259
2006-07-19,25.046,1.829,77.55,3.483
2006-07-20,23.004,58.787,91.53,3.367
2006-07-21,23.029,58.371,93.25,3.221
2006-07-22,23.681,30.903,91.25,3.672
2006-07-23,24.209,15.765,88.78,3.091
2006-07-24,25.019,9.434,85.45,2.342
2006-07-25,25.485,11.786,84.67,1.588
2006-07-26,24.594,27.286,89.56,2.102
2006-07-27,23.507,24.238,92.56,3.114
2006-07-28,23.066,29.206,92.63,3.101
2006-07-29,22.976,17.705,93.05,2.72
2006-07-30,23.685,12.937,88.98,3.002
2006-07-31,23.414,16.095,90.9,3.459
2006-08-01,24.553,1.281,81.74,2.312
2006-08-02,24.187,8.955,85.56,3.397
2006-08-03,24.322,9.269,88.27,4.137
2006-08-04,24.845,9.603,87.63,3.015
2006-08-05,23.167,3.627,88.96,2.6
2006-08-06,22.27,7.271,92.88,4.485
2006-08-07,22.416,8.139,91.25,4.567
2006-08-08,23.134,6.295,88.77,4.279
2006-08-09,23.321,14.311,90.95,2.987
2006-08-10,23.8,3.107,88.13,2.511
2006-08-11,24.439,8.584,87.56,1.601
2006-08-12,25.468,18.55,85.78,1.207
2006-08-13,23.944,71.192,93.94,3.787
2006-08-14,24.799,14.341,83.02,3.192
2006-08-15,24.334,2.69,84.02,1.869
2006-08-16,24.785,15.812,88.36,0.97
2006-08-17,24.774,37.685,89.66,2.69
2006-08-18,23.943,10.896,88.28,3.633
2006-08-19,25.83,0.055,75.47,2.645
2006-08-20,26.511,0.522,74.51,1.831
2006-08-21,25.612,1.108,80.22,2.579
2006-08-22,24.893,7.919,83.37,2.928
2006-08-23,24.147,17.264,88.3,4.01
2006-08-24,23.114,19.534,88.22,3.62
2006-08-25,23.463,15.305,88.99,2.936
2006-08-26,24.453,4.105,83.01,3.301
2006-08-27,25.021,1.134,78.9,3.216
2006-08-28,24.951,1.531,79.18,3.174
2006-08-29,25.176,12.263,80.99,3.67
2006-08-30,23.161,78.124,94.2,3.916
2006-08-31,21.858,29.78,84.03,5.439
2006-09-01,24.134,0.221,74.79,3.41
2006-09-02,25.262,0.398,77.79,1.553
2006-09-03,25.378,1.15,81.78,2.657
2006-09-04,24.547,8.713,87.27,3.249
2006-09-05,23.111,30.422,94.96,1.157
2006-09-06,24.083,4.792,89.19,2.975
2006-09-07,25.562,1.029,83.76,2.375
2006-09-08,26.219,1.799,81.79,1.242
2006-09-09,26.009,3.546,83.85,0.718
2006-09-10,26.508,1.313,81.96,0.718
2006-09-11,26.452,1.137,82.42,0.809
2006-09-12,26.351,1.604,82.55,0.822
2006-09-13,26.064,8.925,84.41,0.411
2006-09-14,25.905,6.46,85.77,0.587
2006-09-15,25.033,15.261,88.38,0.989
2006-09-16,25.295,3.887,86.11,1.236
2006-09-17,25.789,8.239,84.13,1.196
2006-09-18,25.904,7.468,84.84,1.664
2006-09-19,25.822,13.586,85.22,1.901
2006-09-20,25.265,4.798,85.6,2.41
2006-09-21,24.435,6.105,86.08,2.99
2006-09-22,25.242,0.85,80.55,2.923
2006-09-23,25.445,1.364,81.1,2.635
2006-09-24,24.912,0.089,75.6,2.514
2006-09-25,25.034,0.053,73.38,2.506
2006-09-26,25.18,0.065,74.02,2.506
2006-09-27,25.359,0.004,71.67,2.321
2006-09-28,25.658,0.002,66.46,2.485
2006-09-29,26.219,0.012,64.55,2.809
2006-09-30,24.877,12.16,86.5,2.291
2006-10-01,24.837,0.72,80.69,1.032
2006-10-02,25.443,0.186,75.93,0.763
2006-10-03,26.04,0.316,77.19,1.164
2006-10-04,26.356,1.423,77.71,1.196
2006-10-05,27.088,0.001,64.1,1.836
2006-10-06,26.959,0.0,61.78,2.185
2006-10-07,26.137,0.002,59.97,2.376
2006-10-08,25.723,0.0,59.04,1.89
2006-10-09,26.353,0.002,57.57,1.843
2006-10-10,26.422,0.0,56.0,1.92
2006-10-11,26.328,0.001,55.15,1.906
2006-10-12,26.302,0.0,52.4,1.51
2006-10-13,25.996,0.0,53.93,0.438
2006-10-14,26.07,0.001,51.43,1.266
2006-10-15,25.965,0.0,53.87,1.525
2006-10-16,25.901,0.013,54.64,0.949
2006-10-17,26.04,0.003,49.83,0.791
2006-10-18,26.107,0.05,50.01,1.172
2006-10-19,25.603,0.567,50.6,0.574
2006-10-20,24.515,0.83,59.49,0.21
2006-10-21,24.642,0.26,61.16,0.745
2006-10-22,24.306,0.834,64.09,0.15
2006-10-23,23.815,0.276,64.27,0.661
2006-10-24,24.002,0.01,53.18,1.524
2006-10-25,24.301,0.001,49.98,1.32
2006-10-26,24.1,0.003,54.16,0.45
2006-10-27,23.907,0.002,50.24,1.183
2006-10-28,23.331,0.786,65.98,1.418
2006-10-29,22.941,1.702,74.36,1.498
2006-10-30,23.131,1.953,74.33,1.482
2006-10-31,22.821,1.629,75.08,1.28
2006-11-01,22.442,2.542,78.65,1.332
2006-11-02,21.287,3.201,86.36,0.882
2006-11-03,22.162,2.981,84.37,0.268
2006-11-04,22.325,2.518,82.42,0.077
2006-11-05,22.666,0.142,67.02,1.279
2006-11-06,22.566,0.0,53.68,1.634
2006-11-07,22.433,0.002,51.36,1.309
2006-11-08,22.347,0.035,52.91,1.342
2006-11-09,22.422,0.045,53.98,1.113
2006-11-10,22.011,0.047,57.58,1.515
2006-11-11,22.207,0.001,56.64,1.911
2006-11-12,22.543,0.0,58.32,1.506
2006-11-13,22.111,0.002,55.09,1.438
2006-11-14,21.948,0.002,51.31,1.393
2006-11-15,21.652,0.002,51.88,1.102
2006-11-16,21.359,0.0,49.99,1.293
2006-11-17,21.355,0.001,49.52,1.495
2006-11-18,21.479,0.0,50.57,1.152
2006-11-19,21.509,0.0,47.89,1.285
2006-11-20,21.542,0.001,50.66,1.093
2006-11-21,21.89,0.0,54.47,0.803
2006-11-22,23.112,0.014,52.21,1.062
2006-11-23,22.691,0.001,53.14,1.027
2006-11-24,22.789,0.009,56.06,1.328
2006-11-25,23.014,0.05,57.38,1.149
2006-11-26,22.178,0.027,58.37,1.536
2006-11-27,21.692,0.001,53.19,1.216
2006-11-28,22.438,0.001,57.58,0.518
2006-11-29,23.337,0.553,64.24,0.407
2006-11-30,22.355,0.012,56.61,2.092
2006-12-01,21.427,0.012,45.44,2.142
2006-12-02,21.241,0.005,47.01,1.707
2006-12-03,22.661,0.009,52.62,0.888
2006-12-04,24.069,0.0,53.52,0.574
2006-12-05,23.455,0.003,50.29,0.898
2006-12-06,22.62,0.0,48.92,0.614
2006-12-07,22.754,0.003,50.95,0.273
2006-12-08,23.325,0.002,52.18,0.636
2006-12-09,23.032,0.001,54.61,0.92
2006-12-10,22.555,0.001,51.19,1.676
2006-12-11,21.75,0.0,50.3,1.756
2006-12-12,18.71,0.003,50.07,2.148
2006-12-13,18.414,0.004,47.13,1.865
2006-12-14,18.229,0.001,48.44,2.29
2006-12-15,18.754,0.001,45.02,2.159
2006-12-16,18.573,0.0,42.77,2.989
2006-12-17,18.135,0.002,47.49,2.698
2006-12-18,18.16,0.001,47.32,2.163
2006-12-19,17.852,0.001,44.53,1.591
2006-12-20,18.687,0.001,55.8,1.567
2006-12-21,19.359,0.001,60.78,0.668
2006-12-22,19.163,0.0,57.52,1.868
2006-12-23,18.92,0.002,56.5,1.87
2006-12-24,18.828,0.002,55.81,1.831
2006-12-25,18.831,0.0,56.14,1.373
2006-12-26,20.299,0.001,55.82,0.35
2006-12-27,21.088,0.003,55.4,1.274
2006-12-28,19.379,0.001,59.5,1.908
2006-12-29,18.716,0.001,54.67,1.303
2006-12-30,19.004,0.001,55.37,0.979
2006-12-31,19.727,0.001,53.75,0.694
2007-01-01,19.075,0.001,48.78,2.071
2007-01-02,18.048,0.001,49.42,1.994
2007-01-03,18.229,0.0,54.13,1.55
2007-01-04,17.876,0.001,52.81,1.853
2007-01-05,17.656,0.0,39.84,2.179
2007-01-06,18.061,0.002,38.54,1.738
2007-01-07,18.069,0.001,43.48,1.161
2007-01-08,18.034,0.001,48.07,0.582
2007-01-09,18.571,0.0,48.02,0.507
2007-01-10,19.325,0.002,48.71,1.03
2007-01-11,19.523,0.0,53.92,1.035
2007-01-12,19.7,0.001,55.77,1.557
2007-01-13,18.775,0.0,49.81,2.363
2007-01-14,18.395,0.002,42.05,1.558
2007-01-15,19.877,0.001,45.8,0.562
2007-01-16,20.647,0.209,47.16,1.281
2007-01-17,18.174,0.001,36.17,2.729
2007-01-18,18.081,0.001,33.08,1.817
2007-01-19,19.244,0.0,37.16,0.713
2007-01-20,20.255,0.0,39.81,1.032
2007-01-21,20.556,0.0,44.16,1.797
2007-01-22,19.204,0.0,45.02,2.271
2007-01-23,18.906,0.002,36.52,2.168
2007-01-24,18.586,0.001,34.17,2.314
2007-01-25,19.503,0.002,32.13,1.772
2007-01-26,21.036,0.0,33.12,0.284
2007-01-27,21.638,0.002,35.21,1.042
2007-01-28,22.4,0.001,38.15,0.521
2007-01-29,22.86,0.003,42.17,0.978
2007-01-30,23.314,0.025,46.44,0.728
2007-01-31,23.254,0.001,46.3,2.069
2007-02-01,22.492,0.0,45.21,1.665
2007-02-02,22.401,0.0,39.35,1.437
2007-02-03,23.892,0.001,42.46,0.746
2007-02-04,24.698,0.006,41.46,1.633
2007-02-05,23.339,0.006,39.7,1.93
2007-02-06,22.956,0.001,36.78,1.208
2007-02-07,23.193,0.001,39.83,1.998
2007-02-08,23.018,0.0,44.58,1.522
2007-02-09,23.292,0.08,48.52,1.134
2007-02-10,23.178,0.685,51.28,2.906
2007-02-11,22.955,0.196,51.25,2.916
2007-02-12,21.663,2.657,61.58,0.596
2007-02-13,20.101,1.963,49.84,2.341
2007-02-14,19.247,0.002,42.38,1.799
2007-02-15,20.259,0.002,44.72,0.533
2007-02-16,20.684,0.0,40.71,1.886
2007-02-17,20.417,0.002,39.48,1.429
2007-02-18,20.65,0.002,37.58,1.671
2007-02-19,21.527,-0.0,33.96,1.329
2007-02-20,22.288,0.002,32.81,1.213
2007-02-21,22.603,0.0,34.92,1.747
2007-02-22,23.474,0.001,30.74,1.446
2007-02-23,25.019,0.0,26.16,1.098
2007-02-24,24.998,0.045,28.83,1.476
2007-02-25,23.12,0.449,43.55,0.84
2007-02-26,23.925,0.002,36.47,1.011
2007-02-27,24.426,0.001,33.25,0.513
2007-02-28,26.117,0.195,35.56,2.813
2007-03-01,25.184,0.024,36.28,1.927
2007-03-02,22.412,0.002,46.97,2.858
2007-03-03,22.153,0.001,38.51,2.079
2007-03-04,23.207,0.003,30.27,2.444
2007-03-05,23.101,0.002,30.53,2.64
2007-03-06,23.644,0.001,29.17,2.195
2007-03-07,23.27,0.002,27.94,1.835
2007-03-08,24.115,0.033,30.54,1.602
2007-03-09,24.867,0.045,34.65,0.634
2007-03-10,25.828,0.0,28.33,1.283
2007-03-11,26.994,0.053,31.83,1.65
2007-03-12,24.474,6.747,61.67,1.896
2007-03-13,23.986,3.37,65.78,1.492
2007-03-14,24.108,0.03,50.71,1.747
2007-03-15,21.68,0.0,41.86,2.935
2007-03-16,22.483,0.003,32.72,1.817
2007-03-17,25.159,0.0,32.45,1.354
2007-03-18,26.973,0.001,32.3,1.188
2007-03-19,28.749,0.0,30.16,1.306
2007-03-20,29.499,0.002,29.74,0.95
2007-03-21,29.432,0.145,30.3,0.826
2007-03-22,29.515,0.002,27.77,2.052
2007-03-23,29.856,0.001,25.87,1.952
2007-03-24,28.875,0.0,28.24,2.415
2007-03-25,27.957,0.001,22.06,2.672
2007-03-26,27.653,0.002,19.95,2.596
2007-03-27,28.365,0.002,19.46,2.203
2007-03-28,29.207,0.0,20.35,2.063
2007-03-29,29.764,0.0,22.08,1.817
2007-03-30,30.518,0.002,21.84,1.187
2007-03-31,31.933,0.002,21.63,0.455
2007-04-01,32.065,0.002,23.2,0.615
2007-04-02,32.46,0.001,19.44,2.489
2007-04-03,30.901,0.001,20.24,2.58
2007-04-04,30.104,0.001,17.86,2.518
2007-04-05,30.643,0.0,16.89,1.767
2007-04-06,31.669,0.003,19.73,0.771
2007-04-07,32.069,0.089,22.04,1.317
2007-04-08,31.532,0.226,24.22,1.75
2007-04-09,31.092,0.001,21.27,2.211
2007-04-10,30.786,0.0,19.94,2.127
2007-04-11,31.459,0.0,17.11,1.563
2007-04-12,31.541,0.001,20.23,1.131
2007-04-13,32.084,0.009,20.26,0.506
2007-04-14,30.788,0.305,26.92,1.011
2007-04-15,30.322,1.158,29.42,1.168
2007-04-16,30.198,0.581,33.19,1.037
2007-04-17,30.743,0.772,33.71,2.205
2007-04-18,29.326,1.219,46.24,1.688
2007-04-19,29.756,1.164,43.79,1.57
2007-04-20,29.557,1.284,42.36,1.754
2007-04-21,29.984,0.723,34.86,2.408
2007-04-22,30.94,0.03,27.78,2.693
2007-04-23,31.891,0.001,22.31,2.952
2007-04-24,32.384,0.003,21.25,2.774
2007-04-25,32.892,0.0,20.18,1.949
2007-04-26,34.106,0.002,18.94,2.967
2007-04-27,33.926,0.001,14.69,2.277
2007-04-28,34.077,0.001,14.8,1.908
2007-04-29,33.964,0.002,17.15,0.953
2007-04-30,34.004,0.002,19.3,0.584
2007-05-01,33.178,0.008,25.14,0.944
2007-05-02,33.575,0.001,23.21,1.319
2007-05-03,33.206,0.191,26.38,1.143
2007-05-04,32.93,0.107,30.68,0.9
2007-05-05,32.848,0.004,30.17,2.007
2007-05-06,32.488,0.009,30.29,2.793
2007-05-07,33.085,0.003,27.77,1.902
2007-05-08,33.151,0.112,29.66,2.642
2007-05-09,33.655,0.004,29.31,2.073
2007-05-10,34.399,0.004,25.76,2.596
2007-05-11,34.893,0.001,23.17,3.242
2007-05-12,34.845,0.001,18.71,3.316
2007-05-13,34.458,0.001,20.77,2.819
2007-05-14,34.385,0.001,22.12,3.092
2007-05-15,34.561,0.028,24.31,3.992
2007-05-16,33.985,0.037,26.48,2.949
2007-05-17,34.177,0.007,24.18,2.561
2007-05-18,33.634,0.032,29.42,2.06
2007-05-19,33.92,0.119,29.15,2.998
2007-05-20,34.35,0.191,29.08,4.122
2007-05-21,33.085,0.801,35.89,2.967
2007-05-22,32.804,0.019,33.81,2.814
2007-05-23,33.567,0.0,22.67,3.357
2007-05-24,34.076,0.003,18.44,3.474
2007-05-25,33.969,0.001,20.56,2.723
2007-05-26,34.769,0.0,18.72,2.966
2007-05-27,34.216,0.001,19.83,3.029
2007-05-28,32.629,1.218,28.6,2.09
2007-05-29,31.088,0.989,38.83,1.442
2007-05-30,32.606,0.012,30.31,1.786
2007-05-31,33.431,0.001,30.07,0.748
2007-06-01,34.2,0.002,28.28,1.379
2007-06-02,34.86,0.001,24.45,2.15
2007-06-03,35.008,0.001,27.26,2.46
2007-06-04,34.324,0.066,31.78,3.844
2007-06-05,34.171,0.058,32.04,3.154
2007-06-06,34.701,0.001,32.29,3.285
2007-06-07,35.439,0.0,32.71,3.315
2007-06-08,35.87,0.012,33.75,2.777
2007-06-09,35.461,0.09,36.6,3.254
2007-06-10,34.859,0.043,35.67,3.606
2007-06-11,33.165,1.452,45.34,2.106
2007-06-12,31.875,9.98,50.32,1.967
2007-06-13,29.59,16.104,68.47,1.738
2007-06-14,27.765,11.46,79.35,2.111
2007-06-15,27.09,7.474,77.31,2.549
2007-06-16,28.09,4.904,74.91,2.542
2007-06-17,28.803,10.484,72.65,1.8
2007-06-18,27.44,22.118,80.98,1.4
2007-06-19,26.931,4.767,81.14,0.933
2007-06-20,27.761,5.919,77.74,0.717
2007-06-21,28.605,2.596,72.35,2.004
2007-06-22,28.102,2.133,71.42,4.34
2007-06-23,26.885,4.251,75.72,4.65
2007-06-24,25.563,10.923,84.23,2.848
2007-06-25,25.713,6.02,81.37,2.838
2007-06-26,25.958,9.272,80.03,3.301
2007-06-27,26.136,12.902,82.27,3.384
2007-06-28,26.156,4.185,82.26,3.136
2007-06-29,26.447,20.371,82.96,3.538
2007-06-30,24.163,108.473,94.8,0.862
2007-07-01,23.89,16.346,89.76,5.089
2007-07-02,25.883,4.266,81.56,3.807
2007-07-03,25.585,4.708,80.72,3.559
2007-07-04,25.531,1.577,75.45,3.375
2007-07-05,26.717,1.3,73.85,4.055
2007-07-06,24.459,28.882,86.63,4.824
2007-07-07,23.612,59.825,92.7,4.663
2007-07-08,23.272,37.753,90.76,4.749
2007-07-09,24.667,2.493,81.75,4.068
2007-07-10,24.647,7.483,82.04,3.166
2007-07-11,26.038,4.387,82.32,1.993
2007-07-12,25.962,9.355,82.78,2.659
2007-07-13,25.998,9.197,83.27,2.831
2007-07-14,25.593,11.205,86.94,2.337
2007-07-15,26.074,13.918,86.76,2.057
2007-07-16,24.797,21.515,91.31,2.04
2007-07-17,25.287,4.763,84.66,2.16
2007-07-18,27.139,0.618,75.49,2.486
2007-07-19,27.839,0.359,72.34,2.614
2007-07-20,27.032,1.369,75.02,2.337
2007-07-21,26.741,1.071,74.17,2.231
2007-07-22,26.802,1.057,75.07,1.778
2007-07-23,26.078,4.9,80.61,1.379
2007-07-24,25.436,6.582,85.96,2.008
2007-07-25,25.711,5.838,84.39,2.095
2007-07-26,25.484,15.396,87.25,1.865
2007-07-27,25.12,28.942,89.51,1.759
2007-07-28,24.487,9.673,91.18,1.878
2007-07-29,25.496,13.228,86.91,1.369
2007-07-30,25.752,5.827,85.52,1.161
2007-07-31,26.431,13.019,83.69,1.326
2007-08-01,25.76,11.166,86.58,1.419
2007-08-02,25.533,14.655,87.58,1.109
2007-08-03,24.521,26.584,90.7,1.664
2007-08-04,24.588,15.027,89.59,1.994
2007-08-05,25.6,8.618,84.99,1.331
2007-08-06,24.543,37.606,91.23,3.651
2007-08-07,24.074,43.657,93.05,1.387
2007-08-08,24.015,1.565,84.29,4.285
2007-08-09,25.727,4.24,78.09,2.606
2007-08-10,25.454,11.066,83.89,1.871
2007-08-11,25.531,2.207,81.09,2.95
2007-08-12,25.269,5.666,83.46,3.594
2007-08-13,24.0,10.092,89.51,3.274
2007-08-14,23.428,3.23,89.46,2.973
2007-08-15,25.773,0.896,76.44,3.411
2007-08-16,25.527,0.724,77.32,3.237
2007-08-17,26.04,0.379,74.83,3.2
2007-08-18,25.147,0.739,80.02,3.15
2007-08-19,25.116,8.436,83.39,2.411
2007-08-20,23.897,21.246,92.28,3.286
2007-08-21,23.992,7.877,91.06,1.553
2007-08-22,25.771,0.999,80.49,1.297
2007-08-23,26.364,7.297,80.72,0.956
2007-08-24,26.074,13.928,86.11,0.728
2007-08-25,25.958,5.269,86.72,0.501
2007-08-26,25.812,12.108,87.07,1.032
2007-08-27,24.993,17.515,90.08,1.102
2007-08-28,24.451,9.291,91.93,1.774
2007-08-29,25.399,4.695,86.13,2.278
2007-08-30,25.988,3.129,83.89,1.854
2007-08-31,25.505,6.453,85.56,1.176
2007-09-01,25.864,7.712,85.29,0.56
2007-09-02,25.718,10.284,86.09,0.573
2007-09-03,25.369,13.665,88.4,0.963
2007-09-04,25.565,9.484,86.52,1.493
2007-09-05,25.064,20.728,89.13,1.647
2007-09-06,23.964,29.227,93.15,2.323
2007-09-07,23.899,78.817,92.42,2.649
2007-09-08,24.14,12.913,92.51,1.246
2007-09-09,24.749,12.134,88.82,1.155
2007-09-10,25.902,0.387,78.72,1.506
2007-09-11,25.877,1.508,79.26,1.484
2007-09-12,26.206,0.048,74.13,1.962
2007-09-13,26.619,0.73,76.36,2.107
2007-09-14,26.661,1.187,77.48,2.35
2007-09-15,26.496,0.582,76.23,2.335
2007-09-16,26.62,1.048,79.16,1.928
2007-09-17,26.008,9.366,84.38,1.773
2007-09-18,25.916,7.521,85.46,1.053
2007-09-19,26.114,11.201,85.09,0.814
2007-09-20,25.436,9.322,87.78,0.863
2007-09-21,25.871,8.058,83.96,1.252
2007-09-22,26.407,1.776,78.01,2.481
2007-09-23,24.82,10.507,81.93,3.889
2007-09-24,23.327,1.482,88.41,2.53
2007-09-25,24.876,1.916,83.78,1.95
2007-09-26,24.708,19.329,87.74,1.543
2007-09-27,24.919,9.243,86.97,1.11
2007-09-28,26.089,1.755,76.47,0.689
2007-09-29,25.251,7.705,86.0,0.356
2007-09-30,25.637,0.197,75.81,2.036
2007-10-01,25.018,0.086,69.6,2.436
2007-10-02,24.531,0.001,57.5,2.375
2007-10-03,24.712,0.003,58.22,2.07
2007-10-04,24.674,0.411,64.21,1.717
2007-10-05,25.439,0.67,76.64,1.883
2007-10-06,25.56,0.338,66.62,2.656
2007-10-07,25.48,0.0,59.09,2.073
2007-10-08,25.156,0.0,53.02,2.391
2007-10-09,24.168,0.0,54.54,2.139
2007-10-10,24.337,0.001,52.0,1.519
2007-10-11,24.268,0.0,51.73,1.231
2007-10-12,24.288,0.0,49.72,1.542
2007-10-13,23.944,0.003,45.55,1.59
2007-10-14,23.416,0.002,47.37,0.696
2007-10-15,23.838,0.001,48.95,0.986
2007-10-16,24.9,0.002,47.16,0.794
2007-10-17,24.8,0.002,48.88,0.804
2007-10-18,24.679,0.001,43.4,0.938
2007-10-19,24.597,0.0,40.88,0.913
2007-10-20,23.932,0.0,41.62,0.975
2007-10-21,23.873,0.0,43.94,0.636
2007-10-22,23.568,0.003,44.68,0.397
2007-10-23,23.958,0.0,46.04,0.179
2007-10-24,24.225,0.003,48.17,0.476
2007-10-25,23.943,0.0,49.51,0.852
2007-10-26,23.467,0.002,49.76,1.03
2007-10-27,23.912,0.002,48.05,1.165
2007-10-28,23.946,-0.0,45.39,1.516
2007-10-29,23.568,0.0,48.69,1.588
2007-10-30,24.208,0.019,56.24,1.821
2007-10-31,24.47,0.948,72.22,1.706
2007-11-01,24.507,16.132,82.4,0.667
2007-11-02,23.705,2.165,81.3,0.333
2007-11-03,23.591,0.058,62.3,1.156
2007-11-04,23.194,0.003,55.27,0.837
2007-11-05,23.076,0.0,47.78,0.87
2007-11-06,23.272,0.001,50.47,0.748
2007-11-07,23.087,0.0,49.04,1.018
2007-11-08,23.19,0.001,48.52,0.817
2007-11-09,23.383,0.001,49.3,0.515
2007-11-10,23.199,0.001,53.51,0.743
2007-11-11,23.391,0.001,56.35,0.588
2007-11-12,23.14,0.0,51.06,1.197
2007-11-13,22.743,0.0,47.32,1.076
2007-11-14,22.621,0.0,45.31,1.762
2007-11-15,21.55,0.0,46.46,2.619
2007-11-16,20.67,0.003,47.88,2.458
2007-11-17,20.23,0.001,43.63,1.832
2007-11-18,20.709,0.001,49.14,0.728
2007-11-19,20.655,0.0,48.44,1.009
2007-11-20,19.589,0.001,40.04,2.129
2007-11-21,19.383,0.0,40.48,2.19
2007-11-22,19.638,0.003,43.15,2.229
2007-11-23,19.463,0.001,43.93,2.359
2007-11-24,19.591,0.001,44.18,2.046
2007-11-25,19.8,0.0,46.51,1.549
2007-11-26,19.88,0.001,46.92,1.733
2007-11-27,19.572,0.0,46.38,1.362
2007-11-28,19.335,0.001,46.43,0.862
2007-11-29,19.641,0.0,46.77,0.506
2007-11-30,20.23,0.0,49.24,0.664
2007-12-01,20.564,0.0,48.46,0.158
2007-12-02,20.955,0.0,48.44,0.517
2007-12-03,20.316,0.011,55.08,1.303
2007-12-04,19.266,0.001,50.89,2.21
2007-12-05,19.035,0.0,53.96,1.645
2007-12-06,18.863,0.001,56.34,1.223
2007-12-07,18.372,0.0,59.65,0.585
2007-12-08,18.555,0.0,57.92,1.588
2007-12-09,18.533,0.0,54.39,1.021
2007-12-10,19.635,0.001,52.86,0.429
2007-12-11,21.05,0.001,56.03,1.833
2007-12-12,21.309,0.373,62.87,0.521
2007-12-13,20.474,1.372,71.48,1.017
2007-12-14,19.583,0.641,75.27,2.702
2007-12-15,18.428,0.012,63.99,2.829
2007-12-16,18.831,0.007,59.59,2.295
2007-12-17,17.064,0.001,51.8,2.43
2007-12-18,16.382,0.001,40.66,1.941
2007-12-19,17.848,0.0,45.66,1.416
2007-12-20,19.117,0.001,44.58,2.062
2007-12-21,19.208,0.001,42.56,2.187
2007-12-22,20.161,0.003,41.16,2.551
2007-12-23,19.853,0.0,36.46,2.415
2007-12-24,20.574,0.0,40.85,2.117
2007-12-25,21.89,0.001,46.62,1.753
2007-12-26,22.377,0.001,55.14,1.309
2007-12-27,22.201,0.0,57.0,1.669
2007-12-28,21.223,0.001,51.5,1.676
2007-12-29,21.163,0.001,46.49,1.934
2007-12-30,19.698,0.0,41.23,2.214
2007-12-31,18.989,0.0,41.33,1.904
2008-01-01,20.48,0.002,45.39,1.247
2008-01-02,21.138,0.09,47.69,0.636
2008-01-03,20.174,0.011,49.61,1.231
2008-01-04,20.367,0.003,51.12,0.712
2008-01-05,20.698,0.001,53.11,0.3
2008-01-06,21.557,0.0,51.44,1.04
2008-01-07,21.288,0.001,51.42,1.299
2008-01-08,21.28,0.002,49.06,0.386
2008-01-09,20.908,0.001,45.44,0.832
2008-01-10,21.224,0.0,46.38,1.219
2008-01-11,21.733,0.001,49.45,1.151
2008-01-12,19.681,0.001,61.26,2.151
2008-01-13,18.856,0.0,47.21,2.207
2008-01-14,18.619,0.0,37.11,2.229
2008-01-15,18.877,0.0,40.12,1.937
2008-01-16,19.456,0.001,33.29,2.037
2008-01-17,20.667,0.002,40.09,0.46
2008-01-18,21.456,0.001,41.17,1.992
2008-01-19,21.307,0.001,45.57,1.101
2008-01-20,20.546,0.0,48.96,1.764
2008-01-21,18.857,0.002,48.01,2.302
2008-01-22,19.75,0.491,49.16,1.247
2008-01-23,18.498,0.42,58.66,2.13
2008-01-24,16.24,0.0,49.73,2.664
2008-01-25,17.53,0.12,57.98,1.376
2008-01-26,17.241,0.002,46.49,2.263
2008-01-27,16.248,0.002,39.3,2.577
2008-01-28,17.163,0.003,39.48,0.291
2008-01-29,19.707,0.003,39.5,2.246
2008-01-30,17.975,0.014,47.69,2.374
2008-01-31,16.255,0.0,44.03,2.677
2008-02-01,15.119,0.0,29.89,2.005
2008-02-02,16.89,0.0,30.0,0.377
2008-02-03,20.078,0.017,40.17,1.357
2008-02-04,20.783,0.106,48.88,0.497
2008-02-05,20.736,0.368,45.41,0.041
2008-02-06,19.969,1.423,59.69,0.216
2008-02-07,20.319,2.719,63.47,0.477
2008-02-08,20.57,0.798,57.59,1.617
2008-02-09,17.143,0.0,46.32,3.348
2008-02-10,16.753,0.001,35.22,2.13
2008-02-11,18.59,0.0,35.53,2.159
2008-02-12,17.558,0.004,29.49,2.995
2008-02-13,16.689,0.001,25.84,2.308
2008-02-14,18.263,0.0,25.36,1.598
2008-02-15,20.178,0.001,24.8,1.426
2008-02-16,21.493,0.001,24.77,1.8
2008-02-17,22.421,0.002,27.77,1.663
2008-02-18,23.027,0.001,25.03,1.908
2008-02-19,22.644,0.0,25.08,1.798
2008-02-20,20.949,0.002,24.16,2.479
2008-02-21,21.1,0.0,25.88,1.332
2008-02-22,23.316,0.001,25.49,0.426
2008-02-23,24.716,0.003,31.23,0.904
2008-02-24,25.015,0.001,30.97,2.48
2008-02-25,22.823,0.0,38.1,2.824
2008-02-26,21.426,0.001,22.5,2.221
2008-02-27,21.85,0.001,23.66,1.752
2008-02-28,22.732,0.001,22.52,2.239
2008-02-29,23.56,0.003,22.8,1.574
2008-03-01,24.72,0.002,21.24,0.984
2008-03-02,25.593,0.001,19.74,0.847
2008-03-03,25.971,0.001,17.03,2.198
2008-03-04,25.915,0.0,18.66,1.623
2008-03-05,26.28,0.001,20.13,0.657
2008-03-06,26.92,0.002,21.03,1.072
2008-03-07,27.489,0.002,20.32,1.211
2008-03-08,27.698,0.001,21.72,2.359
2008-03-09,27.671,0.0,19.92,2.202
2008-03-10,28.215,0.001,23.8,1.811
2008-03-11,28.406,0.001,24.95,1.482
2008-03-12,28.503,0.001,25.1,1.076
2008-03-13,27.794,0.179,29.02,1.051
2008-03-14,27.687,0.012,30.64,0.355
2008-03-15,27.746,0.011,30.9,1.265
2008-03-16,28.015,0.004,27.1,1.523
2008-03-17,28.834,0.001,23.05,0.435
2008-03-18,29.949,0.001,23.83,1.251
2008-03-19,29.672,0.681,32.59,2.405
2008-03-20,28.469,0.77,40.09,2.451
2008-03-21,29.594,0.013,31.89,1.76
2008-03-22,26.43,9.158,61.63,1.975
2008-03-23,21.887,9.972,87.5,2.064
2008-03-24,24.794,1.138,67.3,1.27
2008-03-25,25.622,2.254,65.31,0.927
2008-03-26,27.162,0.243,46.35,1.178
2008-03-27,27.549,0.001,34.59,0.849
2008-03-28,28.393,0.002,31.9,1.199
2008-03-29,27.551,1.746,44.74,1.914
2008-03-30,27.015,2.135,47.69,2.212
2008-03-31,26.897,0.994,43.36,1.209
2008-04-01,27.21,0.074,40.35,1.75
2008-04-02,28.707,0.001,28.69,1.598
2008-04-03,28.556,0.123,29.68,1.08
2008-04-04,27.199,0.553,32.76,0.624
2008-04-05,25.158,3.626,50.36,1.677
2008-04-06,26.343,0.03,35.01,1.582
2008-04-07,27.029,0.001,28.76,2.369
2008-04-08,27.769,0.0,23.46,2.388
2008-04-09,28.771,0.0,21.82,2.212
2008-04-10,29.804,0.001,21.47,2.177
2008-04-11,31.036,0.0,21.82,1.005
2008-04-12,31.647,0.118,22.05,1.498
2008-04-13,32.584,0.0,18.81,2.305
2008-04-14,32.714,0.001,20.92,1.988
2008-04-15,32.863,0.001,18.59,2.339
2008-04-16,32.678,0.003,18.93,2.429
2008-04-17,32.658,0.0,17.95,2.893
2008-04-18,32.082,0.001,17.84,2.061
2008-04-19,31.868,0.001,14.69,2.199
2008-04-20,31.93,0.0,13.19,1.786
2008-04-21,32.769,0.0,13.7,2.849
2008-04-22,33.122,0.002,12.19,2.592
2008-04-23,33.654,0.002,13.29,1.969
2008-04-24,33.609,0.001,16.4,0.434
2008-04-25,34.238,0.001,22.03,2.307
2008-04-26,34.279,0.001,17.51,2.179
2008-04-27,33.84,0.002,14.06,2.001
2008-04-28,33.757,0.002,11.61,2.487
2008-04-29,34.298,0.002,12.29,1.257
2008-04-30,35.202,0.001,12.51,3.545
2008-05-01,34.943,0.001,12.03,4.087
2008-05-02,33.55,0.0,13.27,4.305
2008-05-03,33.596,0.011,19.55,3.162
2008-05-04,34.16,0.045,19.33,3.54
2008-05-05,33.752,0.007,18.11,3.685
2008-05-06,33.475,0.001,19.28,3.245
2008-05-07,33.364,0.001,21.77,2.803
2008-05-08,33.24,0.001,22.27,2.724
2008-05-09,33.213,0.001,20.62,3.428
2008-05-10,32.711,0.013,24.69,3.03
2008-05-11,32.967,0.027,23.2,2.534
2008-05-12,33.026,0.006,22.33,2.462
2008-05-13,33.784,0.004,21.81,3.427
2008-05-14,33.986,0.002,22.23,3.663
2008-05-15,33.765,0.012,24.65,3.577
2008-05-16,33.886,0.018,21.94,4.164
2008-05-17,34.447,0.001,23.2,4.355
2008-05-18,34.553,0.001,21.5,4.179
2008-05-19,34.294,0.002,20.65,3.755
2008-05-20,34.589,0.001,20.48,4.067
2008-05-21,33.964,0.003,21.58,3.892
2008-05-22,33.007,0.035,28.68,2.744
2008-05-23,33.759,0.03,27.42,2.807
2008-05-24,32.036,2.031,38.39,1.896
2008-05-25,32.602,0.051,33.82,2.101
2008-05-26,33.697,0.0,22.05,2.505
2008-05-27,33.403,0.007,23.3,2.651
2008-05-28,33.899,0.001,23.38,2.095
2008-05-29,34.618,0.017,22.56,2.886
2008-05-30,34.468,0.0,21.82,3.277
2008-05-31,33.939,0.029,25.57,3.145
2008-06-01,33.144,1.01,33.87,2.093
2008-06-02,33.278,0.038,34.38,1.956
2008-06-03,33.403,0.18,37.17,1.389
2008-06-04,33.128,0.668,38.99,2.109
2008-06-05,32.233,1.759,43.8,2.748
2008-06-06,29.314,4.402,60.51,1.752
2008-06-07,29.386,9.096,62.73,1.248
2008-06-08,27.948,15.994,73.41,1.407
2008-06-09,27.022,12.107,78.42,1.701
2008-06-10,26.265,12.147,79.82,2.066
2008-06-11,25.566,9.295,83.18,2.261
2008-06-12,25.396,12.299,84.39,2.275
2008-06-13,26.0,5.564,74.67,3.109
2008-06-14,27.69,0.379,63.58,3.604
2008-06-15,27.242,1.995,68.09,3.557
2008-06-16,26.928,0.675,64.9,3.422
2008-06-17,26.995,0.687,63.55,3.837
2008-06-18,25.35,11.888,71.59,3.75
2008-06-19,25.212,3.43,70.6,3.453
2008-06-20,24.67,19.196,77.25,3.682
2008-06-21,23.674,25.339,88.7,3.167
2008-06-22,24.703,18.11,86.38,2.022
2008-06-23,26.235,9.695,79.4,2.237
2008-06-24,25.292,20.674,83.38,2.259
2008-06-25,24.919,18.649,87.81,2.02
2008-06-26,25.772,13.463,84.48,2.301
2008-06-27,25.825,17.428,85.55,2.427
2008-06-28,23.925,37.03,91.21,3.198
2008-06-29,24.188,19.414,90.43,3.111
2008-06-30,26.049,11.974,83.37,2.681
2008-07-01,25.087,11.842,85.28,3.158
2008-07-02,26.446,1.653,77.44,3.427
2008-07-03,26.213,1.264,77.77,3.31
2008-07-04,25.739,5.68,81.6,3.09
2008-07-05,25.663,2.416,78.42,2.907
2008-07-06,26.418,1.423,71.7,3.093
2008-07-07,24.883,7.489,82.54,2.674
2008-07-08,24.262,12.425,81.91,3.057
2008-07-09,24.528,32.558,86.47,2.763
2008-07-10,23.811,22.275,87.7,3.327
2008-07-11,25.601,1.883,76.54,3.859
2008-07-12,25.755,1.564,75.92,3.325
2008-07-13,26.667,0.384,71.77,3.21
2008-07-14,26.922,1.745,73.3,2.812
2008-07-15,25.946,8.066,80.75,2.29
2008-07-16,26.455,2.223,78.77,2.142
2008-07-17,26.792,0.429,71.29,2.705
2008-07-18,27.126,0.41,69.65,2.623
2008-07-19,27.157,1.23,70.64,2.167
2008-07-20,26.163,3.613,81.03,1.539
2008-07-21,26.402,3.887,82.25,1.479
2008-07-22,26.233,7.086,83.15,1.516
2008-07-23,26.133,10.252,84.33,1.446
2008-07-24,26.153,8.035,83.44,1.935
2008-07-25,25.569,20.536,86.2,1.421
2008-07-26,25.218,20.975,88.12,1.328
2008-07-27,25.121,10.513,87.71,0.756
2008-07-28,25.446,19.745,88.02,1.083
2008-07-29,25.065,22.213,88.4,0.283
2008-07-30,24.705,5.458,85.87,2.282
2008-07-31,24.242,16.684,90.49,3.019
2008-08-01,23.782,33.47,94.35,1.597
2008-08-02,23.901,25.847,92.95,1.568
2008-08-03,24.944,12.638,88.85,1.322
2008-08-04,25.475,14.698,87.43,1.369
2008-08-05,25.337,12.066,88.54,1.286
2008-08-06,25.319,6.967,86.54,2.405
2008-08-07,24.854,13.836,86.01,3.14
2008-08-08,23.667,13.838,90.98,3.169
2008-08-09,24.555,15.513,90.59,3.079
2008-08-10,23.824,10.383,94.3,1.72
2008-08-11,24.243,4.307,90.66,2.741
2008-08-12,25.05,0.882,82.57,3.911
2008-08-13,25.88,1.559,81.25,3.009
2008-08-14,26.212,2.445,79.99,2.539
2008-08-15,24.955,5.893,87.36,2.484
2008-08-16,25.222,4.857,85.4,2.23
2008-08-17,25.996,0.846,78.32,2.578
2008-08-18,26.06,1.265,77.2,2.616
2008-08-19,25.853,0.5,76.2,2.587
2008-08-20,25.065,0.681,76.67,2.568
2008-08-21,24.704,3.682,77.69,2.849
2008-08-22,25.466,0.048,70.33,2.802
2008-08-23,26.103,0.172,72.31,2.262
2008-08-24,25.843,9.163,82.59,1.624
2008-08-25,25.158,11.28,87.74,0.35
2008-08-26,24.929,9.441,87.91,1.743
2008-08-27,25.219,6.097,85.77,1.825
2008-08-28,25.119,18.075,87.14,1.86
2008-08-29,25.768,5.385,82.75,1.692
2008-08-30,26.196,2.204,80.55,1.169
2008-08-31,26.09,4.906,83.0,0.84
2008-09-01,25.932,6.37,83.8,0.696
2008-09-02,26.052,7.111,83.7,0.594
2008-09-03,26.523,3.45,81.88,0.95
2008-09-04,26.114,2.6,82.66,1.331
2008-09-05,25.845,3.17,84.48,1.497
2008-09-06,25.027,10.639,86.9,0.589
2008-09-07,25.009,8.938,87.87,1.105
2008-09-08,25.725,3.603,84.92,1.15
2008-09-09,26.08,3.218,82.71,1.632
2008-09-10,24.79,13.408,88.58,1.755
2008-09-11,25.487,6.151,83.41,2.462
2008-09-12,25.24,7.313,82.65,3.279
2008-09-13,24.361,3.755,86.5,2.85
2008-09-14,24.818,7.658,86.02,1.748
2008-09-15,25.487,4.345,83.31,1.204
2008-09-16,25.408,7.619,84.07,2.011
2008-09-17,25.154,10.557,85.33,3.294
2008-09-18,23.781,14.623,89.54,3.486
2008-09-19,24.276,1.567,81.66,3.849
2008-09-20,24.555,13.026,85.51,2.534
2008-09-21,24.446,4.509,86.74,0.987
2008-09-22,25.304,0.371,77.39,2.473
2008-09-23,25.419,0.647,77.71,2.71
2008-09-24,25.309,0.271,73.89,2.444
2008-09-25,25.642,0.08,69.65,2.845
2008-09-26,25.494,0.079,69.09,3.238
2008-09-27,24.725,0.005,71.65,2.756
2008-09-28,24.698,0.003,71.58,2.615
2008-09-29,25.043,0.135,71.37,2.175
2008-09-30,25.445,0.737,77.29,1.601
2008-10-01,26.002,1.147,78.57,0.936
2008-10-02,26.338,1.222,78.51,0.126
2008-10-03,26.068,2.048,80.27,1.024
2008-10-04,25.59,5.059,82.53,1.427
2008-10-05,25.221,6.621,83.66,1.561
2008-10-06,25.867,2.014,80.61,1.164
2008-10-07,26.328,0.288,71.47,1.087
2008-10-08,25.821,0.993,74.77,0.93
2008-10-09,25.045,3.5,80.27,0.557
2008-10-10,25.542,0.383,76.5,0.218
2008-10-11,26.037,0.0,62.83,0.72
2008-10-12,25.667,0.002,59.38,1.41
2008-10-13,25.737,0.001,59.72,1.064
2008-10-14,25.873,0.0,59.78,0.663
2008-10-15,25.748,0.001,60.73,1.212
2008-10-16,25.092,0.0,57.61,0.801
2008-10-17,24.241,0.001,59.61,1.612
2008-10-18,24.276,0.0,54.37,2.119
2008-10-19,23.867,0.003,48.93,1.512
2008-10-20,23.793,0.001,48.21,0.961
2008-10-21,23.467,0.0,51.26,1.188
2008-10-22,23.372,0.0,51.84,1.586
2008-10-23,23.419,0.002,48.18,2.154
2008-10-24,23.381,0.003,47.88,2.481
2008-10-25,22.906,0.001,46.58,2.457
2008-10-26,22.866,0.0,46.21,2.53
2008-10-27,23.029,0.0,46.84,1.101
2008-10-28,23.949,0.001,44.29,0.64
2008-10-29,23.848,0.0,44.94,1.123
2008-10-30,23.913,0.002,45.58,1.593
2008-10-31,23.819,0.001,47.04,1.704
2008-11-01,23.7,0.002,47.73,1.742
2008-11-02,23.697,0.0,44.98,2.17
2008-11-03,23.398,0.0,44.88,1.845
2008-11-04,23.444,0.0,47.59,0.697
2008-11-05,23.528,0.0,46.84,0.76
2008-11-06,23.133,0.002,47.01,1.521
2008-11-07,22.706,0.0,47.61,1.402
2008-11-08,23.15,0.001,54.75,0.77
2008-11-09,23.821,0.001,55.32,0.729
2008-11-10,24.005,0.0,54.15,0.294
2008-11-11,24.366,0.002,53.08,0.44
2008-11-12,24.087,0.021,54.9,0.517
2008-11-13,23.76,0.106,60.48,1.04
2008-11-14,22.852,0.024,57.74,1.27
2008-11-15,22.764,0.001,49.23,2.194
2008-11-16,23.624,0.003,49.09,1.931
2008-11-17,23.652,0.995,70.09,1.136
2008-11-18,23.913,1.598,74.81,0.62
2008-11-19,23.475,11.268,78.08,0.133
2008-11-20,23.012,2.302,81.69,0.92
2008-11-21,21.472,0.007,64.75,2.955
2008-11-22,19.21,0.001,55.34,2.082
2008-11-23,18.903,0.002,49.31,1.994
2008-11-24,18.938,0.0,47.4,1.805
2008-11-25,19.305,0.0,44.92,1.839
2008-11-26,19.371,0.001,44.02,2.22
2008-11-27,19.263,0.002,51.42,2.354
2008-11-28,19.813,0.001,55.19,1.693
2008-11-29,20.858,0.014,54.25,1.333
2008-11-30,20.396,0.006,47.37,1.56
2008-12-01,20.653,0.001,45.89,2.143
2008-12-02,20.516,0.001,52.78,2.22
2008-12-03,20.126,0.0,53.67,1.943
2008-12-04,20.801,0.001,46.04,1.909
2008-12-05,20.847,0.003,43.57,2.134
2008-12-06,20.14,0.001,45.39,2.196
2008-12-07,20.189,0.001,42.98,1.947
2008-12-08,20.085,0.0,44.67,1.378
2008-12-09,20.481,0.001,50.94,1.112
2008-12-10,21.213,0.0,56.51,1.011
2008-12-11,21.667,0.0,55.93,1.275
2008-12-12,22.132,0.0,55.59,0.175
2008-12-13,22.397,0.0,57.52,0.429
2008-12-14,21.833,0.002,58.49,2.025
2008-12-15,20.639,0.001,55.86,1.705
2008-12-16,20.066,0.002,44.41,1.325
2008-12-17,20.207,0.0,38.71,1.988
2008-12-18,20.002,0.001,41.6,1.976
2008-12-19,20.497,0.001,47.56,1.553
2008-12-20,21.257,0.002,51.04,1.392
2008-12-21,21.768,0.026,56.04,2.327
2008-12-22,21.045,0.0,59.96,2.369
2008-12-23,19.253,0.001,67.12,1.968
2008-12-24,18.478,0.0,54.45,1.528
2008-12-25,18.108,0.001,45.63,1.682
2008-12-26,18.504,0.0,43.17,0.556
2008-12-27,19.263,0.001,42.62,0.656
2008-12-28,19.315,0.0,41.65,0.732
2008-12-29,19.298,0.0,42.78,0.788
2008-12-30,19.387,0.0,45.02,0.457
2008-12-31,19.361,0.001,47.39,1.928
2009-01-01,18.564,0.0,52.02,2.028
2009-01-02,18.649,0.0,51.12,1.154
2009-01-03,19.588,0.001,52.54,0.411
2009-01-04,21.046,0.001,52.96,0.67
2009-01-05,21.421,0.044,53.8,0.764
2009-01-06,20.435,0.473,63.35,0.268
2009-01-07,19.059,7.494,77.55,0.714
2009-01-08,18.657,2.577,82.02,1.203
2009-01-09,20.342,0.032,65.12,1.33
2009-01-10,20.333,0.131,67.54,0.695
2009-01-11,19.659,0.349,75.85,1.807
2009-01-12,20.4,0.387,72.99,1.327
2009-01-13,21.371,0.053,66.95,1.06
2009-01-14,21.522,0.001,64.24,1.745
2009-01-15,21.156,0.0,62.6,1.895
2009-01-16,20.693,0.002,53.2,1.852
2009-01-17,20.576,0.002,48.32,1.635
2009-01-18,20.795,0.001,47.94,1.51
2009-01-19,21.304,0.002,45.66,1.794
2009-01-20,20.27,0.0,57.02,2.122
2009-01-21,19.413,0.001,49.91,2.468
2009-01-22,19.81,0.001,43.33,2.333
2009-01-23,20.778,0.001,39.3,2.365
2009-01-24,21.637,0.003,38.51,1.552
2009-01-25,22.703,0.002,41.26,0.59
2009-01-26,23.657,0.003,42.13,1.067
2009-01-27,23.724,0.002,45.04,1.455
2009-01-28,22.661,0.0,45.69,1.914
2009-01-29,23.567,0.003,40.0,1.253
2009-01-30,24.233,0.001,40.18,0.527
2009-01-31,22.722,0.0,45.1,2.512
2009-02-01,21.649,0.001,42.52,1.861
2009-02-02,21.191,0.001,34.08,2.019
2009-02-03,21.922,0.001,30.89,1.667
2009-02-04,23.296,0.0,33.81,0.505
2009-02-05,24.481,0.006,42.36,0.942
2009-02-06,23.816,0.001,32.1,2.021
2009-02-07,22.935,0.0,33.49,2.268
2009-02-08,22.803,0.005,35.69,2.193
2009-02-09,23.777,0.0,33.57,1.185
2009-02-10,25.069,0.029,32.54,1.882
2009-02-11,22.628,0.001,31.6,2.923
2009-02-12,20.152,0.0,37.09,2.312
2009-02-13,21.715,0.003,34.55,1.12
2009-02-14,23.742,0.002,33.06,1.485
2009-02-15,24.259,0.001,33.81,1.813
2009-02-16,24.22,0.0,33.96,1.987
2009-02-17,24.677,0.002,34.25,1.754
2009-02-18,24.805,0.0,36.33,2.038
2009-02-19,24.21,0.0,29.27,2.33
2009-02-20,25.093,0.0,25.64,2.167
2009-02-21,25.148,0.001,25.13,2.142
2009-02-22,25.77,0.0,27.67,1.18
2009-02-23,27.819,0.001,29.03,2.205
2009-02-24,26.602,0.001,23.05,3.172
2009-02-25,26.61,0.001,27.29,2.809
2009-02-26,27.018,0.002,29.16,1.844
2009-02-27,27.141,0.001,28.85,2.266
2009-02-28,26.537,0.001,29.25,1.959
2009-03-01,25.68,0.001,27.74,1.993
2009-03-02,28.0,0.002,25.83,1.927
2009-03-03,28.304,0.0,22.53,1.778
2009-03-04,29.297,0.002,16.81,2.131
2009-03-05,28.285,0.001,18.26,3.276
2009-03-06,27.292,0.0,20.98,1.53
2009-03-07,27.399,0.002,21.17,2.361
2009-03-08,28.632,0.001,21.67,1.048
2009-03-09,28.309,1.038,28.67,0.489
2009-03-10,27.349,0.826,33.08,1.298
2009-03-11,27.546,0.012,27.07,1.749
2009-03-12,26.256,0.001,20.46,2.333
2009-03-13,27.526,0.001,16.58,2.159
2009-03-14,27.394,0.004,20.82,0.713
2009-03-15,24.332,2.34,42.77,2.091
2009-03-16,26.102,0.021,31.8,0.583
2009-03-17,27.138,0.019,24.12,0.534
2009-03-18,27.438,0.001,20.71,1.747
2009-03-19,27.539,0.18,24.08,0.748
2009-03-20,27.778,0.9,27.88,1.941
2009-03-21,26.64,0.375,31.38,0.873
2009-03-22,26.381,0.034,26.87,1.74
2009-03-23,27.394,0.072,26.75,0.449
2009-03-24,27.994,0.125,26.79,0.829
2009-03-25,27.382,0.611,29.7,1.51
2009-03-26,27.156,0.0,21.72,2.391
2009-03-27,27.769,0.0,19.69,0.377
2009-03-28,29.787,0.013,21.06,1.727
2009-03-29,29.926,0.022,23.57,1.985
2009-03-30,30.565,0.002,21.5,2.098
2009-03-31,29.597,0.003,25.41,2.835
2009-04-01,29.873,-0.0,24.1,2.544
2009-04-02,30.648,0.003,23.13,1.913
2009-04-03,31.458,0.001,21.4,1.37
2009-04-04,32.434,0.0,17.88,2.587
2009-04-05,31.235,0.001,19.89,2.952
2009-04-06,30.288,0.029,22.7,3.192
2009-04-07,30.039,1.045,27.22,1.895
2009-04-08,28.137,1.034,39.88,1.276
2009-04-09,28.283,0.037,34.74,1.109
2009-04-10,27.66,0.001,28.7,2.934
2009-04-11,28.439,0.001,22.57,2.549
2009-04-12,29.74,0.0,19.96,2.443
2009-04-13,30.856,0.0,20.0,2.361
2009-04-14,32.066,0.001,16.73,1.906
2009-04-15,33.426,0.0,15.41,1.225
2009-04-16,34.12,0.002,15.39,1.447
2009-04-17,32.692,0.001,19.43,3.635
2009-04-18,32.537,0.001,15.04,2.882
2009-04-19,33.12,0.001,11.73,2.897
2009-04-20,34.586,0.0,11.64,2.943
2009-04-21,34.145,0.003,15.42,3.991
2009-04-22,32.497,0.0,13.94,3.591
2009-04-23,31.641,0.0,10.03,2.79
2009-04-24,31.747,0.001,10.62,2.119
2009-04-25,32.969,0.003,12.0,1.367
2009-04-26,32.595,0.003,13.44,2.869
2009-04-27,32.668,0.003,10.69,2.268
2009-04-28,34.155,0.003,11.18,2.067
2009-04-29,35.233,0.001,12.5,1.653
2009-04-30,35.622,0.02,13.11,1.195
2009-05-01,36.144,0.0,12.25,2.058
2009-05-02,35.515,0.074,14.38,3.254
2009-05-03,35.309,0.005,11.78,3.107
2009-05-04,34.711,0.03,14.18,1.824
2009-05-05,34.342,0.026,15.28,2.373
2009-05-06,34.177,0.0,15.41,3.579
2009-05-07,33.204,0.002,15.64,2.454
2009-05-08,34.393,0.0,14.43,2.689
2009-05-09,35.137,0.0,13.36,3.293
2009-05-10,35.516,0.002,12.19,3.803
2009-05-11,35.318,0.0,17.41,3.615
2009-05-12,34.537,0.001,23.9,2.863
2009-05-13,34.095,0.474,24.42,1.477
2009-05-14,34.389,1.579,26.46,2.187
2009-05-15,35.359,0.082,23.56,2.447
2009-05-16,35.108,0.805,27.11,2.178
2009-05-17,35.212,0.054,27.48,2.539
2009-05-18,34.591,0.254,33.62,2.231
2009-05-19,35.023,0.179,31.33,2.473
2009-05-20,34.79,0.024,32.33,1.758
2009-05-21,34.559,0.015,30.85,1.072
2009-05-22,34.707,0.008,31.0,0.703
2009-05-23,33.902,1.323,37.03,0.285
2009-05-24,33.591,0.059,32.69,2.393
2009-05-25,32.928,0.071,31.13,3.171
2009-05-26,34.019,0.004,25.71,2.978
2009-05-27,35.101,0.001,21.54,2.692
2009-05-28,35.743,0.0,21.64,2.492
2009-05-29,35.485,0.011,25.34,2.154
2009-05-30,34.056,0.338,30.85,1.421
2009-05-31,32.697,0.184,35.56,2.18
2009-06-01,30.811,3.888,49.6,2.884
2009-06-02,32.687,0.668,40.59,3.331
2009-06-03,33.524,0.011,35.32,4.177
2009-06-04,34.052,0.031,35.97,3.962
2009-06-05,33.609,1.763,38.02,3.317
2009-06-06,33.715,0.033,31.46,2.869
2009-06-07,33.881,0.0,26.62,3.315
2009-06-08,34.131,0.002,24.15,3.809
2009-06-09,34.496,0.0,24.22,3.475
2009-06-10,35.08,0.001,24.2,3.117
2009-06-11,34.714,0.024,27.12,3.011
2009-06-12,33.437,1.003,34.43,2.393
2009-06-13,33.421,0.197,38.01,1.217
2009-06-14,33.955,0.26,34.56,2.033
2009-06-15,33.655,0.435,35.1,1.996
2009-06-16,33.761,0.059,30.17,3.216
2009-06-17,34.282,0.004,27.62,2.885
2009-06-18,34.904,0.002,24.87,2.536
2009-06-19,35.437,0.001,23.26,2.453
2009-06-20,36.021,0.003,23.34,2.513
2009-06-21,34.464,0.757,34.23,3.276
2009-06-22,34.953,0.156,31.11,3.235
2009-06-23,34.486,0.444,36.51,2.903
2009-06-24,33.454,1.606,42.99,2.611
2009-06-25,32.029,3.991,51.03,2.911
2009-06-26,30.765,6.343,61.38,2.352
2009-06-27,28.593,35.153,71.87,1.901
2009-06-28,26.077,38.909,87.91,1.687
2009-06-29,26.282,11.65,85.39,1.536
2009-06-30,27.433,11.51,79.64,1.645
2009-07-01,26.754,24.172,85.34,2.018
2009-07-02,25.781,20.919,89.07,1.747
2009-07-03,26.869,34.405,83.47,0.982
2009-07-04,25.965,24.151,87.14,0.788
2009-07-05,26.386,9.627,84.62,0.571
2009-07-06,26.218,15.483,86.96,0.964
2009-07-07,26.18,21.289,87.77,1.307
2009-07-08,24.764,40.9,92.93,0.929
2009-07-09,24.787,8.339,89.17,2.083
2009-07-10,25.425,15.907,86.51,2.301
2009-07-11,25.6,15.508,86.2,2.246
2009-07-12,26.111,7.358,81.78,3.078
2009-07-13,25.407,18.274,86.58,3.419
2009-07-14,25.069,16.222,90.79,2.881
2009-07-15,25.359,34.517,90.64,1.98
2009-07-16,24.14,28.631,91.99,2.987
2009-07-17,25.882,3.354,82.62,2.778
2009-07-18,26.228,9.23,80.87,2.465
2009-07-19,25.246,22.909,84.89,3.173
2009-07-20,23.549,25.508,95.68,3.003
2009-07-21,24.485,41.684,92.56,3.484
2009-07-22,23.437,13.075,95.47,1.931
2009-07-23,24.587,2.533,84.12,4.334
2009-07-24,26.032,0.644,74.45,3.348
2009-07-25,26.487,1.554,75.42,3.219
2009-07-26,24.389,14.021,88.79,3.347
2009-07-27,24.56,2.873,86.33,3.372
2009-07-28,25.688,1.238,76.6,3.396
2009-07-29,26.306,0.869,74.76,3.298
2009-07-30,26.6,0.196,73.28,3.27
2009-07-31,26.439,0.163,72.47,3.253
2009-08-01,25.958,0.815,75.87,2.988
2009-08-02,26.58,0.597,72.78,2.986
2009-08-03,26.852,0.311,71.05,2.868
2009-08-04,26.785,0.33,70.09,3.163
2009-08-05,26.136,0.574,71.44,2.984
2009-08-06,25.69,1.415,75.34,2.569
2009-08-07,26.309,0.473,73.45,2.468
2009-08-08,26.483,3.886,77.72,2.271
2009-08-09,25.859,5.996,83.98,2.417
2009-08-10,26.487,7.927,79.57,2.698
2009-08-11,25.108,22.744,89.65,2.086
2009-08-12,25.303,8.286,88.47,2.413
2009-08-13,25.263,3.874,85.07,3.167
2009-08-14,23.79,18.468,91.51,2.688
2009-08-15,23.907,10.421,89.99,2.419
2009-08-16,25.288,7.043,84.5,1.575
2009-08-17,26.558,0.8,77.16,1.445
2009-08-18,26.298,8.764,84.09,1.135
2009-08-19,26.059,10.449,84.48,1.735
2009-08-20,24.614,17.982,90.55,2.24
2009-08-21,24.929,11.567,87.62,1.609
2009-08-22,25.612,5.392,84.5,1.132
2009-08-23,26.244,3.556,82.16,1.088
2009-08-24,26.592,2.884,79.94,1.298
2009-08-25,24.822,12.704,87.74,2.119
2009-08-26,24.669,14.199,88.35,2.114
2009-08-27,24.473,35.664,89.58,2.412
2009-08-28,23.797,36.277,93.99,1.094
2009-08-29,24.652,1.859,87.41,2.673
2009-08-30,26.183,2.854,82.59,1.511
2009-08-31,25.645,9.655,87.04,1.437
2009-09-01,25.614,14.867,86.48,1.899
2009-09-02,24.842,12.556,90.74,0.598
2009-09-03,25.307,2.922,86.38,0.913
2009-09-04,25.685,8.644,85.3,0.406
2009-09-05,25.257,6.34,87.24,2.218
2009-09-06,25.741,1.708,81.16,3.378
2009-09-07,25.247,6.271,81.49,4.27
2009-09-08,23.701,77.017,89.22,4.592
2009-09-09,22.787,48.911,92.52,3.48
2009-09-10,23.311,32.439,91.64,2.973
2009-09-11,25.598,0.381,79.48,1.439
2009-09-12,26.403,0.508,76.34,1.682
2009-09-13,26.864,0.278,73.61,1.829
2009-09-14,26.965,0.216,68.81,2.628
2009-09-15,26.593,0.083,66.65,2.855
2009-09-16,26.204,0.005,67.02,2.498
2009-09-17,26.501,0.065,70.96,2.111
2009-09-18,26.474,0.148,70.82,1.68
2009-09-19,26.823,0.01,68.67,1.361
2009-09-20,27.485,0.046,68.7,1.093
2009-09-21,27.51,0.192,68.22,1.303
2009-09-22,28.046,0.016,64.56,1.674
2009-09-23,28.417,0.003,56.93,2.312
2009-09-24,28.472,0.0,54.69,3.187
2009-09-25,28.384,0.002,55.38,3.436
2009-09-26,27.686,0.74,65.79,2.841
2009-09-27,26.941,3.385,76.13,2.014
2009-09-28,27.326,3.876,76.02,2.449
2009-09-29,27.617,3.325,73.57,2.388
2009-09-30,28.275,0.945,68.14,3.481
2009-10-01,26.983,4.922,74.44,3.445
2009-10-02,25.269,15.264,82.53,2.505
2009-10-03,25.138,7.819,84.78,2.265
2009-10-04,24.68,13.266,88.51,1.375
2009-10-05,24.176,15.663,90.44,1.796
2009-10-06,23.829,14.981,92.42,1.346
2009-10-07,24.955,0.227,72.29,3.277
2009-10-08,25.297,0.001,68.86,2.756
2009-10-09,24.808,0.0,67.89,1.92
2009-10-10,24.586,0.003,64.39,1.367
2009-10-11,24.608,0.001,62.36,1.103
2009-10-12,24.702,0.002,63.21,0.654
2009-10-13,25.287,0.041,63.5,1.068
2009-10-14,25.581,0.119,64.82,1.359
2009-10-15,25.657,0.111,61.87,1.592
2009-10-16,25.54,0.001,57.12,1.737
2009-10-17,25.054,0.001,59.4,1.369
2009-10-18,25.044,0.0,45.74,1.711
2009-10-19,24.97,0.0,43.96,1.669
2009-10-20,25.107,0.0,40.82,1.605
2009-10-21,24.619,0.0,41.39,1.723
2009-10-22,24.648,0.003,41.84,1.516
2009-10-23,24.058,0.001,37.52,1.531
2009-10-24,23.689,0.001,37.95,0.974
2009-10-25,23.496,0.0,34.68,2.017
2009-10-26,23.562,0.002,35.46,1.815
2009-10-27,23.669,0.001,38.21,1.473
2009-10-28,23.994,0.001,39.26,1.741
2009-10-29,24.018,0.001,35.8,2.298
2009-10-30,23.994,0.003,35.17,2.408
2009-10-31,24.015,0.0,35.59,1.834
2009-11-01,24.245,0.0,36.42,1.215
2009-11-02,24.157,0.002,36.92,1.69
2009-11-03,23.395,0.001,39.81,1.294
2009-11-04,24.138,0.002,48.63,1.233
2009-11-05,24.298,0.08,59.2,1.628
2009-11-06,24.599,0.074,57.12,1.549
2009-11-07,24.807,0.005,53.61,1.394
2009-11-08,25.023,0.032,56.89,0.931
2009-11-09,23.511,10.594,78.55,0.481
2009-11-10,19.619,12.212,87.41,2.023
2009-11-11,23.649,0.78,71.98,1.842
2009-11-12,23.772,2.848,75.47,3.253
2009-11-13,23.714,2.324,83.82,1.303
2009-11-14,23.912,1.439,82.28,0.764
2009-11-15,23.819,3.035,80.43,0.801
2009-11-16,22.336,7.04,87.38,0.362
2009-11-17,20.787,14.437,95.69,0.46
2009-11-18,20.156,0.239,77.22,2.207
2009-11-19,18.307,0.001,62.77,2.534
2009-11-20,17.141,0.001,55.92,1.946
2009-11-21,16.883,0.0,59.75,1.935
2009-11-22,17.082,0.001,57.99,1.655
2009-11-23,17.721,0.001,58.62,1.617
2009-11-24,18.23,0.0,56.02,0.985
2009-11-25,19.212,0.0,56.34,1.511
2009-11-26,19.203,0.002,54.69,1.926
2009-11-27,18.878,0.001,50.04,1.473
2009-11-28,18.703,0.0,52.63,1.326
2009-11-29,18.476,0.002,52.57,1.369
2009-11-30,18.516,0.001,54.2,1.036
2009-12-01,18.876,0.001,54.88,0.848
2009-12-02,19.238,0.0,56.23,0.734
2009-12-03,19.462,0.0,52.89,0.469
2009-12-04,19.884,0.001,52.79,0.616
2009-12-05,20.17,0.002,53.23,1.047
2009-12-06,20.96,0.0,51.25,0.339
2009-12-07,21.876,0.001,54.29,0.579
2009-12-08,22.382,0.0,55.05,0.429
2009-12-09,22.924,0.0,55.64,0.338
2009-12-10,22.606,0.002,57.43,1.209
2009-12-11,22.358,0.003,57.7,1.394
2009-12-12,21.494,0.001,57.24,1.604
2009-12-13,21.861,0.003,56.36,0.317
2009-12-14,22.071,0.001,55.32,0.186
2009-12-15,22.443,0.0,54.75,0.371
2009-12-16,22.611,0.356,53.7,0.457
2009-12-17,20.923,4.667,70.45,0.698
2009-12-18,20.087,1.666,77.97,0.594
2009-12-19,20.136,0.133,69.95,1.63
2009-12-20,20.045,0.0,64.99,1.62
2009-12-21,18.944,0.001,59.38,2.134
2009-12-22,17.068,0.001,48.59,2.278
2009-12-23,17.584,0.001,45.64,1.429
2009-12-24,18.312,0.0,46.27,1.303
2009-12-25,18.232,0.002,50.64,0.535
2009-12-26,18.382,0.001,51.56,0.583
2009-12-27,18.97,0.0,49.66,0.443
2009-12-28,19.353,0.001,50.52,0.865
2009-12-29,20.251,0.825,51.58,1.623
2009-12-30,17.528,9.074,87.65,0.369
2009-12-31,15.832,0.031,66.85,2.375
2010-01-01,15.54,0.0,46.5,2.022
2010-01-02,16.197,0.001,47.37,1.101
2010-01-03,17.923,0.001,47.72,1.585
2010-01-04,18.028,0.0,61.07,2.72
2010-01-05,16.12,0.0,57.7,2.231
2010-01-06,15.887,0.0,51.55,2.14
2010-01-07,16.216,0.001,51.67,1.188
2010-01-08,17.228,0.0,50.97,1.115
2010-01-09,18.079,0.0,50.53,1.758
2010-01-10,19.028,0.001,49.62,1.681
2010-01-11,20.312,0.0,52.44,1.228
2010-01-12,21.01,4.726,61.41,1.483
2010-01-13,19.572,4.269,83.49,0.274
2010-01-14,17.08,0.001,68.29,2.532
2010-01-15,16.35,0.002,63.55,1.818
2010-01-16,16.255,0.003,61.02,1.872
2010-01-17,16.628,0.001,56.37,1.892
2010-01-18,16.898,0.0,49.91,1.835
2010-01-19,16.939,0.001,48.53,2.188
2010-01-20,17.404,0.001,44.6,1.495
2010-01-21,17.711,0.0,41.19,1.739
2010-01-22,18.094,0.001,40.03,1.085
2010-01-23,18.684,0.001,38.67,0.628
2010-01-24,19.204,0.001,37.48,0.68
2010-01-25,19.688,0.0,38.75,0.989
2010-01-26,19.732,0.001,39.19,1.945
2010-01-27,19.501,0.001,37.58,1.705
2010-01-28,19.51,0.001,37.74,1.514
2010-01-29,19.963,0.001,37.23,1.904
2010-01-30,20.436,0.003,37.8,1.737
2010-01-31,20.596,0.003,38.65,0.599
2010-02-01,21.81,0.005,40.31,0.692
2010-02-02,21.813,0.044,46.19,0.34
2010-02-03,20.185,1.539,62.0,0.491
2010-02-04,19.021,7.042,73.48,1.068
2010-02-05,20.17,0.028,47.72,1.211
2010-02-06,20.72,0.002,35.07,1.444
2010-02-07,21.569,0.002,37.36,0.219
2010-02-08,22.844,0.0,36.09,1.834
2010-02-09,23.215,0.14,44.17,1.671
2010-02-10,21.94,0.717,61.25,0.455
2010-02-11,23.131,0.1,55.48,0.922
2010-02-12,23.277,0.124,53.61,0.499
2010-02-13,22.971,0.074,59.73,1.496
2010-02-14,22.819,0.395,57.41,1.739
2010-02-15,22.74,7.385,69.34,1.012
2010-02-16,21.867,21.25,78.15,1.613
2010-02-17,20.95,0.004,58.87,2.114
2010-02-18,19.946,0.001,48.09,1.809
2010-02-19,20.492,0.0,43.28,1.964
2010-02-20,21.771,0.001,42.51,1.438
2010-02-21,22.295,0.0,40.61,1.117
2010-02-22,22.937,0.071,43.56,1.14
2010-02-23,23.286,2.203,55.12,1.6
2010-02-24,22.419,0.0,42.16,2.011
2010-02-25,22.876,0.002,42.39,1.123
2010-02-26,23.541,0.003,39.92,1.916
2010-02-27,24.044,0.0,37.14,1.648
2010-02-28,24.926,0.001,34.23,1.276
2010-03-01,25.659,0.002,28.98,1.449
2010-03-02,26.727,0.0,29.59,1.62
2010-03-03,27.686,0.002,30.31,2.305
2010-03-04,27.689,0.0,29.8,2.062
2010-03-05,27.116,0.0,30.56,2.623
2010-03-06,27.799,0.002,34.65,1.395
2010-03-07,26.867,-0.0,33.97,2.476
2010-03-08,26.371,0.001,36.64,2.426
2010-03-09,26.577,0.0,30.34,2.386
2010-03-10,27.684,0.0,26.79,1.99
2010-03-11,27.432,0.4,35.81,1.067
2010-03-12,27.413,0.764,43.52,1.349
2010-03-13,27.788,0.001,30.34,2.589
2010-03-14,28.15,0.003,22.97,2.036
2010-03-15,28.712,0.001,21.26,2.083
2010-03-16,29.451,0.0,20.43,0.837
2010-03-17,29.663,0.0,21.72,1.308
2010-03-18,29.055,0.011,25.89,0.632
2010-03-19,29.328,0.0,25.84,1.256
2010-03-20,29.793,0.001,22.7,1.938
2010-03-21,30.598,0.0,19.93,1.99
2010-03-22,31.886,0.0,17.19,2.694
2010-03-23,32.073,0.001,17.64,2.5
2010-03-24,31.838,0.0,18.77,1.47
2010-03-25,32.181,0.0,20.77,1.047
2010-03-26,31.457,0.004,23.59,1.297
2010-03-27,31.938,0.004,23.62,1.843
2010-03-28,32.056,0.0,21.0,2.107
2010-03-29,32.299,0.0,20.0,2.581
2010-03-30,31.611,0.001,17.55,3.37
2010-03-31,31.618,0.001,19.56,3.646
2010-04-01,30.614,0.003,21.84,3.211
2010-04-02,31.463,0.002,26.11,2.178
2010-04-03,31.52,0.001,20.82,2.665
2010-04-04,31.533,0.0,14.86,2.544
2010-04-05,31.914,0.0,15.99,3.041
2010-04-06,32.245,0.001,15.57,2.312
2010-04-07,32.666,0.002,15.65,2.202
2010-04-08,32.189,0.005,15.68,1.158
2010-04-09,34.062,0.0,18.39,2.166
2010-04-10,33.864,0.002,17.54,3.703
2010-04-11,34.031,-0.0,16.67,3.118
2010-04-12,33.96,0.003,16.36,3.265
2010-04-13,34.267,0.0,15.26,3.114
2010-04-14,34.015,0.003,15.37,2.479
2010-04-15,33.913,0.001,13.58,1.378
2010-04-16,34.357,0.001,14.49,0.857
2010-04-17,35.118,0.001,17.14,1.914
2010-04-18,35.735,0.0,17.35,3.126
2010-04-19,35.069,0.003,19.93,3.638
2010-04-20,34.263,0.0,18.06,4.279
2010-04-21,34.373,0.002,18.94,3.88
2010-04-22,34.42,0.002,18.02,3.31
2010-04-23,34.4,0.001,13.62,3.075
2010-04-24,32.991,0.004,12.1,1.697
2010-04-25,33.772,0.003,12.98,2.564
2010-04-26,34.103,0.002,15.93,1.398
2010-04-27,34.706,0.001,17.19,1.51
2010-04-28,34.463,0.059,18.13,1.489
2010-04-29,34.587,0.141,23.09,2.498
2010-04-30,33.717,0.937,27.12,2.523
2010-05-01,31.821,0.11,29.2,2.103
2010-05-02,32.125,0.024,25.45,1.757
2010-05-03,32.636,0.005,21.63,1.259
2010-05-04,32.587,1.049,25.41,2.175
2010-05-05,33.859,0.16,21.77,2.505
2010-05-06,34.284,0.022,21.22,2.132
2010-05-07,33.981,0.092,24.2,1.331
2010-05-08,34.01,0.002,24.29,1.516
2010-05-09,34.848,0.0,23.55,1.825
2010-05-10,35.419,0.0,16.81,3.139
2010-05-11,35.348,0.002,12.84,3.336
2010-05-12,35.622,0.0,14.91,2.224
2010-05-13,36.292,0.001,15.18,1.939
2010-05-14,36.062,0.019,15.73,2.559
2010-05-15,35.743,0.0,16.51,2.402
2010-05-16,36.121,0.001,17.19,1.723
2010-05-17,36.928,0.001,18.07,1.754
2010-05-18,37.281,0.002,19.91,0.66
2010-05-19,35.396,0.583,33.58,2.455
2010-05-20,34.038,1.98,41.41,2.171
2010-05-21,32.893,0.072,43.35,3.044
2010-05-22,33.581,0.01,40.18,1.976
2010-05-23,35.139,0.002,26.82,0.203
2010-05-24,38.011,0.001,15.46,3.673
2010-05-25,37.846,0.0,18.42,5.226
2010-05-26,36.594,0.012,26.61,5.138
2010-05-27,36.148,0.002,29.36,3.818
2010-05-28,36.352,0.011,28.55,3.375
2010-05-29,36.212,0.0,24.41,3.651
2010-05-30,35.902,0.0,21.72,3.948
2010-05-31,36.156,0.0,20.74,3.229
2010-06-01,36.304,0.001,21.42,3.598
2010-06-02,36.071,0.004,23.05,4.152
2010-06-03,35.009,0.607,32.88,3.541
2010-06-04,34.639,0.111,36.12,3.683
2010-06-05,34.852,0.062,31.57,4.167
2010-06-06,34.674,0.037,31.92,3.904
2010-06-07,34.67,0.001,30.7,3.582
2010-06-08,33.383,0.09,36.73,3.299
2010-06-09,33.929,0.001,27.76,2.986
2010-06-10,35.411,-0.0,26.16,1.627
2010-06-11,35.15,0.011,27.83,1.157
2010-06-12,35.62,0.003,27.26,1.62
2010-06-13,35.445,0.102,31.84,1.976
2010-06-14,33.872,0.814,39.56,2.297
2010-06-15,29.115,17.75,67.14,1.633
2010-06-16,25.654,35.001,88.02,1.546
2010-06-17,26.082,16.627,85.49,0.668
2010-06-18,29.186,0.054,69.14,0.697
2010-06-19,30.543,0.159,62.73,1.504
2010-06-20,28.144,1.665,75.3,3.431
2010-06-21,30.492,0.301,63.14,2.833
2010-06-22,31.434,2.372,59.33,3.499
2010-06-23,31.577,1.062,58.44,3.197
2010-06-24,29.193,11.627,70.11,2.575
2010-06-25,29.697,3.209,66.28,2.441
2010-06-26,29.15,15.213,71.95,1.546
2010-06-27,28.47,10.742,77.63,2.418
2010-06-28,29.047,3.057,72.44,1.854
2010-06-29,28.825,8.374,75.25,1.873
2010-06-30,27.81,8.481,79.89,1.552
2010-07-01,27.461,4.332,78.65,1.275
2010-07-02,26.402,23.855,86.55,0.581
2010-07-03,25.565,19.962,87.93,1.413
2010-07-04,25.171,15.093,88.21,2.742
2010-07-05,25.608,21.458,86.86,1.732
2010-07-06,25.62,29.243,87.95,1.095
2010-07-07,25.708,22.132,86.88,1.065
2010-07-08,25.725,6.191,86.39,0.644
2010-07-09,25.927,4.662,84.79,2.077
2010-07-10,27.242,3.405,79.15,2.428
2010-07-11,26.397,7.863,82.82,2.705
2010-07-12,25.371,12.628,86.5,2.932
2010-07-13,26.149,6.006,79.54,2.912
2010-07-14,25.056,25.771,89.99,2.854
2010-07-15,24.678,29.026,91.28,2.593
2010-07-16,26.236,4.05,86.27,0.7
2010-07-17,27.222,1.994,81.6,2.191
2010-07-18,27.215,5.17,82.56,1.675
2010-07-19,27.01,5.919,83.36,1.094
2010-07-20,27.066,3.434,84.05,1.676
2010-07-21,26.574,7.8,85.57,1.124
2010-07-22,25.942,10.17,86.36,1.409
2010-07-23,26.756,6.514,80.97,2.107
2010-07-24,25.13,16.123,88.9,2.355
2010-07-25,23.615,45.636,93.88,3.757
2010-07-26,23.666,20.528,90.73,3.134
2010-07-27,24.932,15.814,87.21,2.076
2010-07-28,25.407,17.196,87.11,0.827
2010-07-29,25.943,24.116,86.48,1.39
2010-07-30,25.71,14.042,87.4,0.362
2010-07-31,24.878,12.533,90.0,1.335
2010-08-01,24.352,9.454,89.28,2.984
2010-08-02,23.722,16.403,92.23,3.067
2010-08-03,23.89,30.681,93.26,2.632
2010-08-04,25.087,1.133,78.56,2.342
2010-08-05,25.077,17.869,86.76,2.994
2010-08-06,24.867,25.13,90.87,2.651
2010-08-07,24.126,2.497,89.03,2.918
2010-08-08,24.05,1.861,83.26,2.977
2010-08-09,24.281,4.842,88.06,1.681
2010-08-10,25.639,4.519,84.36,2.077
2010-08-11,26.436,8.032,83.36,1.621
2010-08-12,25.895,12.079,86.66,1.13
2010-08-13,25.788,16.27,87.74,0.371
2010-08-14,25.279,17.252,88.47,0.557
2010-08-15,24.889,18.98,90.73,0.575
2010-08-16,25.554,4.043,87.54,1.641
2010-08-17,26.724,2.25,81.26,1.497
2010-08-18,26.09,11.817,85.67,1.333
2010-08-19,26.032,10.841,87.25,0.513
2010-08-20,24.943,17.198,91.86,0.815
2010-08-21,25.663,4.905,85.96,1.294
2010-08-22,26.356,2.348,82.2,1.283
2010-08-23,26.555,4.853,81.23,1.539
2010-08-24,26.461,6.48,82.38,0.597
2010-08-25,25.602,11.033,87.43,0.291
2010-08-26,26.02,10.022,84.96,0.826
2010-08-27,25.981,11.236,86.68,1.006
2010-08-28,25.882,6.393,85.96,1.714
2010-08-29,25.662,12.988,87.18,1.072
2010-08-30,25.517,6.04,88.35,1.14
2010-08-31,25.117,6.01,88.93,0.855
2010-09-01,25.389,11.409,85.94,2.054
2010-09-02,24.479,12.789,89.43,2.715
2010-09-03,24.526,13.288,90.71,1.515
2010-09-04,24.939,7.287,89.6,0.867
2010-09-05,25.551,8.88,87.62,0.898
2010-09-06,25.616,10.011,87.85,1.771
2010-09-07,25.091,28.455,90.59,2.166
2010-09-08,24.625,24.654,91.92,1.269
2010-09-09,23.953,2.235,90.59,3.842
2010-09-10,25.564,1.061,78.35,2.564
2010-09-11,25.789,0.602,79.97,1.223
2010-09-12,26.06,0.87,78.14,1.47
2010-09-13,26.173,1.818,80.4,1.168
2010-09-14,25.418,13.76,85.5,1.149
2010-09-15,24.684,15.584,89.54,1.703
2010-09-16,24.879,8.898,87.98,1.578
2010-09-17,25.381,3.392,83.46,2.277
2010-09-18,23.729,20.231,92.24,2.077
2010-09-19,23.377,15.942,94.11,1.505
2010-09-20,24.582,1.868,80.87,2.701
2010-09-21,25.843,0.01,72.46,1.355
2010-09-22,26.022,0.057,72.89,0.883
2010-09-23,25.446,1.394,75.33,1.017
2010-09-24,25.61,0.001,67.07,1.59
2010-09-25,25.617,0.091,71.17,1.459
2010-09-26,26.066,0.0,67.53,1.165
2010-09-27,26.022,0.006,67.89,1.308
2010-09-28,25.78,0.001,60.6,1.389
2010-09-29,25.176,0.0,57.1,1.925
2010-09-30,25.089,0.001,59.21,2.267
2010-10-01,25.365,0.003,66.45,1.703
2010-10-02,26.236,0.107,67.81,0.871
2010-10-03,26.587,0.521,72.5,0.422
2010-10-04,25.904,4.236,78.65,0.879
2010-10-05,26.291,0.076,64.92,1.992
2010-10-06,26.48,0.01,59.83,2.337
2010-10-07,25.814,0.992,75.03,2.959
2010-10-08,25.635,0.616,74.3,2.202
2010-10-09,25.876,3.475,72.95,1.014
2010-10-10,26.8,0.001,54.75,0.946
2010-10-11,26.117,0.0,51.45,1.478
2010-10-12,26.167,0.008,49.44,2.123
2010-10-13,25.639,0.004,53.47,2.188
2010-10-14,25.788,0.001,48.73,2.816
2010-10-15,24.348,1.135,64.84,3.331
2010-10-16,24.687,7.171,82.8,2.902
2010-10-17,24.956,1.37,78.53,2.208
2010-10-18,24.219,4.356,85.28,1.56
2010-10-19,25.493,0.577,77.95,1.566
2010-10-20,25.746,2.017,78.86,0.827
2010-10-21,24.764,12.442,85.15,0.503
2010-10-22,23.954,8.311,85.42,0.209
2010-10-23,24.738,0.022,72.92,0.981
2010-10-24,25.053,0.091,62.14,1.533
2010-10-25,24.475,0.009,56.82,1.675
2010-10-26,23.922,0.004,52.14,1.852
2010-10-27,23.614,0.001,52.68,1.912
2010-10-28,24.084,0.0,52.82,1.244
2010-10-29,23.964,0.001,54.02,1.119
2010-10-30,23.614,0.121,56.94,0.88
2010-10-31,21.077,0.024,63.34,1.286
2010-11-01,21.877,0.0,61.15,1.51
2010-11-02,22.545,0.005,68.2,1.295
2010-11-03,24.022,0.311,69.1,0.994
2010-11-04,24.16,0.228,62.43,1.301
2010-11-05,23.238,0.002,53.8,1.278
2010-11-06,22.636,0.002,54.61,1.099
2010-11-07,23.699,0.103,56.28,1.99
2010-11-08,23.736,3.921,78.19,2.391
2010-11-09,24.084,2.45,82.51,1.245
2010-11-10,24.903,0.423,74.62,1.02
2010-11-11,24.563,5.216,78.32,0.502
2010-11-12,23.41,7.324,84.75,0.453
2010-11-13,23.399,6.279,84.06,0.621
2010-11-14,24.542,0.288,73.42,0.896
2010-11-15,24.783,0.069,68.05,0.671
2010-11-16,24.468,0.008,64.45,0.831
2010-11-17,24.343,0.064,60.64,1.278
2010-11-18,22.652,2.576,78.6,0.467
2010-11-19,22.484,4.759,83.14,1.23
2010-11-20,21.706,0.103,70.27,2.3
2010-11-21,20.175,0.001,49.97,1.734
2010-11-22,20.833,0.0,50.31,0.983
2010-11-23,22.574,0.0,59.43,0.842
2010-11-24,23.504,0.022,69.92,1.444
2010-11-25,24.323,0.005,66.94,0.796
2010-11-26,24.338,0.03,67.13,1.235
2010-11-27,23.98,0.086,68.0,0.631
2010-11-28,23.242,0.028,70.64,1.012
2010-11-29,22.971,0.12,68.73,2.166
2010-11-30,22.524,0.002,63.77,1.864
2010-12-01,22.611,0.033,58.84,1.406
2010-12-02,21.382,0.963,65.62,1.927
2010-12-03,20.408,0.133,57.91,2.579
2010-12-04,19.602,0.001,48.32,2.266
2010-12-05,18.856,0.003,46.53,2.322
2010-12-06,18.385,0.001,49.94,1.845
2010-12-07,18.793,1.339,70.46,2.251
2010-12-08,20.251,2.984,84.18,1.836
2010-12-09,20.929,0.636,78.69,2.125
2010-12-10,21.138,0.008,61.47,1.625
2010-12-11,20.894,0.002,55.78,1.596
2010-12-12,18.533,0.001,57.22,1.869
2010-12-13,18.491,0.0,51.62,1.511
2010-12-14,17.051,0.0,46.2,2.208
2010-12-15,16.262,0.002,45.57,1.804
2010-12-16,16.404,0.0,45.08,1.804
2010-12-17,16.673,0.0,44.78,1.743
2010-12-18,16.551,0.0,43.42,1.672
2010-12-19,16.862,0.0,43.32,2.315
2010-12-20,16.174,0.0,40.94,2.023
2010-12-21,16.093,0.0,39.38,1.463
2010-12-22,17.222,0.001,43.28,0.51
2010-12-23,18.401,0.001,48.26,1.246
2010-12-24,18.51,0.001,50.72,1.068
2010-12-25,18.457,0.0,50.87,1.175
2010-12-26,18.523,0.001,50.83,1.192
2010-12-27,18.658,0.0,46.64,1.39
2010-12-28,18.912,0.001,47.61,0.746
2010-12-29,19.005,0.001,42.52,1.102
2010-12-30,19.831,0.002,45.72,1.715
2010-12-31,19.097,0.864,68.04,1.858
2011-01-01,15.699,0.004,45.32,2.98
2011-01-02,15.34,0.001,42.9,2.156
2011-01-03,15.249,0.001,44.75,2.105
2011-01-04,14.687,0.001,47.16,2.218
2011-01-05,13.587,0.0,44.94,2.575
2011-01-06,14.273,0.001,44.71,2.298
2011-01-07,14.939,0.002,36.37,1.905
2011-01-08,15.769,0.0,38.09,1.418
2011-01-09,16.227,0.001,37.09,2.222
2011-01-10,15.076,0.002,46.07,2.378
2011-01-11,15.711,0.001,38.87,1.657
2011-01-12,17.66,0.001,38.37,1.314
2011-01-13,19.633,0.001,39.32,0.475
2011-01-14,20.331,0.001,39.27,1.535
2011-01-15,20.451,0.002,44.66,1.625
2011-01-16,16.205,0.003,30.5,2.739
2011-01-17,16.188,0.001,28.44,1.453
2011-01-18,18.579,0.0,31.16,1.606
2011-01-19,18.856,0.002,40.27,1.966
2011-01-20,17.514,0.0,36.38,2.397
2011-01-21,17.967,0.002,31.41,2.149
2011-01-22,19.702,0.002,37.03,1.265
2011-01-23,20.826,0.0,39.55,0.883
2011-01-24,21.407,0.0,40.32,0.977
2011-01-25,21.728,0.001,45.96,0.49
2011-01-26,21.647,0.007,47.21,1.594
2011-01-27,20.816,0.001,42.22,1.899
2011-01-28,21.939,0.002,43.61,0.533
2011-01-29,22.044,0.025,47.75,1.709
2011-01-30,21.879,0.006,46.42,1.101
2011-01-31,20.907,0.0,47.76,2.061
2011-02-01,20.28,0.0,46.23,2.31
2011-02-02,20.197,0.001,39.76,2.207
2011-02-03,20.69,0.0,34.11,2.466
2011-02-04,21.327,0.002,36.48,2.37
2011-02-05,21.964,0.001,32.36,1.914
2011-02-06,22.62,0.0,29.68,0.758
2011-02-07,23.051,0.002,30.34,1.206
2011-02-08,22.93,0.002,38.35,2.294
2011-02-09,23.37,0.002,39.67,1.402
2011-02-10,23.924,0.002,35.44,1.133
2011-02-11,23.706,0.003,36.84,2.014
2011-02-12,23.873,0.003,33.61,1.218
2011-02-13,25.073,0.0,32.09,0.988
2011-02-14,25.497,0.0,32.46,2.026
2011-02-15,24.559,0.0,28.68,3.112
2011-02-16,22.864,0.077,43.31,1.018
2011-02-17,21.931,0.007,50.6,2.113
2011-02-18,21.327,0.001,40.86,2.441
2011-02-19,21.12,0.11,38.04,2.58
2011-02-20,18.682,2.735,60.63,2.133
2011-02-21,19.801,0.0,43.28,2.672
2011-02-22,21.018,0.001,45.61,0.819
2011-02-23,22.46,0.001,40.18,0.264
2011-02-24,23.429,0.436,41.54,0.744
2011-02-25,21.976,1.134,56.28,0.45
2011-02-26,22.266,0.007,39.96,2.034
2011-02-27,22.914,0.0,35.96,1.599
2011-02-28,23.186,0.001,38.99,1.558
2011-03-01,24.504,0.031,39.84,0.291
2011-03-02,25.449,0.017,42.48,0.792
2011-03-03,26.845,0.043,38.89,0.702
2011-03-04,26.637,1.208,45.17,1.251
2011-03-05,26.461,0.19,44.02,1.182
2011-03-06,26.497,0.001,40.8,1.883
2011-03-07,26.393,0.0,35.93,2.308
2011-03-08,27.202,0.002,26.87,1.802
2011-03-09,26.901,0.004,27.21,2.122
2011-03-10,26.436,0.001,29.88,1.313
2011-03-11,24.788,0.0,31.56,3.266
2011-03-12,23.846,0.001,26.07,2.563
2011-03-13,24.853,0.001,22.08,2.201
2011-03-14,26.243,0.0,23.07,1.894
2011-03-15,26.704,0.002,23.55,2.771
2011-03-16,26.667,0.0,22.11,1.294
2011-03-17,27.83,0.0,22.16,1.574
2011-03-18,29.213,0.0,22.44,1.841
2011-03-19,29.677,0.0,17.67,2.699
2011-03-20,29.225,0.001,17.93,2.894
2011-03-21,28.869,0.0,20.72,2.787
2011-03-22,29.018,0.0,22.74,1.534
2011-03-23,29.541,0.042,22.53,1.136
2011-03-24,27.797,0.821,30.94,0.592
2011-03-25,27.73,0.002,27.43,1.789
2011-03-26,27.531,0.0,21.47,2.422
2011-03-27,28.097,0.001,18.77,1.859
2011-03-28,29.239,0.001,17.55,1.584
2011-03-29,30.117,0.0,14.15,2.957
2011-03-30,29.605,0.001,19.78,3.328
2011-03-31,29.08,0.001,19.63,2.046
2011-04-01,29.429,0.0,15.95,2.456
2011-04-02,29.522,0.002,17.48,1.521
2011-04-03,30.07,0.0,18.65,1.583
2011-04-04,27.926,0.517,27.91,2.731
2011-04-05,27.913,0.134,26.67,1.914
2011-04-06,27.973,0.0,19.71,1.141
2011-04-07,29.735,0.008,20.31,1.102
2011-04-08,28.705,0.651,34.86,0.886
2011-04-09,28.173,0.907,34.07,0.769
2011-04-10,29.193,0.005,31.12,0.26
2011-04-11,29.902,0.007,29.26,0.656
2011-04-12,31.165,0.247,28.2,2.105
2011-04-13,30.375,0.258,29.69,1.338
2011-04-14,29.824,0.116,33.9,0.437
2011-04-15,29.81,0.077,38.57,1.278
2011-04-16,30.711,0.028,34.49,1.604
2011-04-17,31.761,0.181,31.43,2.365
2011-04-18,31.453,0.06,27.5,1.695
2011-04-19,31.056,0.202,30.5,0.348
2011-04-20,28.476,1.912,50.93,1.069
2011-04-21,26.882,7.483,57.64,1.246
2011-04-22,26.342,1.72,59.25,0.83
2011-04-23,28.047,0.021,41.44,1.101
2011-04-24,29.203,0.614,37.46,2.038
2011-04-25,29.519,0.023,29.29,1.793
2011-04-26,29.676,0.03,34.85,1.232
2011-04-27,29.984,0.091,34.14,0.806
2011-04-28,30.292,0.06,37.14,0.866
2011-04-29,31.675,0.001,28.04,0.656
2011-04-30,31.033,1.66,39.88,1.468
2011-05-01,31.688,0.772,34.81,1.428
2011-05-02,33.087,0.006,24.37,2.291
2011-05-03,33.108,0.001,19.0,4.046
2011-05-04,33.384,0.003,23.07,3.537
2011-05-05,33.639,0.0,25.42,2.984
2011-05-06,33.485,0.016,25.86,2.588
2011-05-07,33.529,0.0,20.88,2.768
2011-05-08,32.746,0.002,24.84,1.657
2011-05-09,33.775,0.037,20.14,2.466
2011-05-10,33.565,0.085,21.16,2.136
2011-05-11,33.741,0.002,17.74,3.27
2011-05-12,34.242,0.001,20.24,2.608
2011-05-13,33.874,0.24,23.04,2.478
2011-05-14,34.433,0.218,21.3,2.078
2011-05-15,34.45,0.11,21.55,1.983
2011-05-16,35.247,0.0,21.2,0.418
2011-05-17,35.579,0.006,23.02,0.887
2011-05-18,35.386,0.16,24.26,1.246
2011-05-19,35.315,0.598,24.17,2.575
2011-05-20,34.854,0.0,24.89,2.903
2011-05-21,34.057,0.001,31.06,2.791
2011-05-22,33.097,0.009,33.88,3.001
2011-05-23,33.199,0.0,34.73,2.829
2011-05-24,33.507,0.177,33.81,2.557
2011-05-25,34.426,0.465,30.52,2.48
2011-05-26,33.707,0.853,33.11,2.86
2011-05-27,33.668,0.346,34.19,2.625
2011-05-28,33.231,0.027,35.26,1.81
2011-05-29,34.031,0.0,29.76,2.242
2011-05-30,34.221,0.002,28.45,2.148
2011-05-31,34.197,0.094,28.21,2.119
2011-06-01,33.351,0.018,30.93,1.368
2011-06-02,33.884,0.11,32.59,1.539
2011-06-03,32.134,1.47,45.54,0.972
2011-06-04,31.608,0.5,49.97,1.095
2011-06-05,30.986,2.123,56.13,1.56
2011-06-06,31.793,1.033,53.75,1.913
2011-06-07,32.06,0.727,52.06,2.201
2011-06-08,31.481,6.951,54.67,2.601
2011-06-09,30.695,0.768,56.16,2.307
2011-06-10,30.41,3.17,58.55,2.114
2011-06-11,30.566,3.082,60.7,1.664
2011-06-12,31.415,2.255,57.09,2.266
2011-06-13,32.04,1.074,50.34,3.33
2011-06-14,29.446,15.264,65.2,2.908
2011-06-15,26.885,16.386,78.33,3.583
2011-06-16,27.654,5.37,71.39,3.125
2011-06-17,29.229,0.469,62.99,3.259
2011-06-18,27.758,5.809,70.81,3.438
2011-06-19,26.121,13.484,79.13,3.432
2011-06-20,25.455,28.89,84.31,4.278
2011-06-21,24.233,37.843,89.02,5.454
2011-06-22,25.213,22.637,81.15,4.894
2011-06-23,26.49,1.445,73.79,3.047
2011-06-24,24.601,8.356,78.7,3.432
2011-06-25,23.409,34.72,89.41,3.535
2011-06-26,23.584,54.91,90.88,3.44
2011-06-27,24.225,32.688,90.02,3.506
2011-06-28,23.853,31.437,91.16,3.443
2011-06-29,23.638,45.151,89.07,3.979
2011-06-30,25.779,0.118,76.28,3.012
2011-07-01,26.969,0.459,70.61,2.827
2011-07-02,27.105,0.657,71.62,2.552
2011-07-03,27.248,1.103,73.7,1.901
2011-07-04,26.818,6.343,78.72,1.61
2011-07-05,24.672,29.867,90.0,1.441
2011-07-06,25.929,4.641,82.79,1.436
2011-07-07,25.007,17.315,86.74,1.571
2011-07-08,24.236,12.804,91.33,2.203
2011-07-09,24.607,11.658,85.76,3.117
2011-07-10,25.276,2.049,75.88,3.605
2011-07-11,25.429,1.436,77.58,3.129
2011-07-12,25.776,11.853,84.79,1.92
2011-07-13,25.785,8.468,87.89,0.94
2011-07-14,26.075,21.105,86.89,0.438
2011-07-15,25.178,30.492,90.3,0.918
2011-07-16,25.066,10.333,89.61,1.504
2011-07-17,25.06,16.666,89.76,1.71
2011-07-18,25.154,17.194,89.32,2.535
2011-07-19,24.706,14.135,89.5,2.792
2011-07-20,23.546,62.509,92.06,3.669
2011-07-21,23.201,69.471,90.96,4.797
2011-07-22,22.677,50.903,90.73,4.707
2011-07-23,22.798,19.278,87.13,3.974
2011-07-24,23.043,7.068,89.27,2.227
2011-07-25,25.495,1.219,82.89,1.068
2011-07-26,26.288,5.258,84.03,1.15
2011-07-27,26.742,4.073,82.21,1.696
2011-07-28,26.012,12.648,85.01,0.906
2011-07-29,25.673,7.183,86.52,1.371
2011-07-30,26.107,4.687,83.71,1.644
2011-07-31,26.034,11.908,84.14,1.572
2011-08-01,25.423,3.849,83.67,2.79
2011-08-02,25.843,12.947,85.65,1.527
2011-08-03,25.002,38.412,92.06,1.868
2011-08-04,23.781,31.375,95.2,2.76
2011-08-05,24.304,11.864,90.42,2.719
2011-08-06,23.713,33.9,92.18,3.501
2011-08-07,23.971,32.528,89.93,3.494
2011-08-08,23.65,15.127,91.99,2.935
2011-08-09,24.241,9.994,87.37,3.497
2011-08-10,24.712,9.762,85.98,2.587
2011-08-11,25.621,1.534,78.82,2.926
2011-08-12,24.228,9.946,86.71,2.359
2011-08-13,23.761,11.152,89.71,2.664
2011-08-14,24.362,11.611,90.27,2.952
2011-08-15,25.904,1.654,79.9,2.712
2011-08-16,26.355,0.529,76.35,2.502
2011-08-17,25.309,5.721,83.83,1.806
2011-08-18,24.411,22.972,90.5,1.358
2011-08-19,23.755,16.533,92.03,0.51
2011-08-20,24.125,8.04,90.06,1.07
2011-08-21,25.668,1.406,82.45,2.011
2011-08-22,26.318,2.232,82.42,1.455
2011-08-23,25.878,8.048,84.95,1.076
2011-08-24,25.232,10.422,88.43,1.001
2011-08-25,25.035,19.487,88.95,0.093
2011-08-26,24.362,21.309,91.19,1.508
2011-08-27,23.942,10.289,91.53,0.845
2011-08-28,24.049,17.181,92.64,1.205
2011-08-29,24.602,5.624,89.47,1.725
2011-08-30,25.337,6.177,86.65,1.393
2011-08-31,25.628,8.544,85.2,0.945
2011-09-01,24.812,20.844,88.53,0.844
2011-09-02,24.213,11.36,90.56,1.788
2011-09-03,24.098,10.71,91.96,2.759
2011-09-04,24.217,5.002,88.98,2.757
2011-09-05,24.637,20.035,90.52,1.314
2011-09-06,24.464,12.192,89.74,1.725
2011-09-07,23.887,8.309,90.59,2.241
2011-09-08,24.637,2.458,81.95,2.277
2011-09-09,24.444,19.691,85.95,2.475
2011-09-10,22.699,70.783,93.47,3.271
2011-09-11,24.675,2.154,81.43,2.489
2011-09-12,25.617,1.156,79.67,1.12
2011-09-13,26.11,11.733,82.6,1.248
2011-09-14,25.12,18.081,87.15,1.324
2011-09-15,24.764,20.968,89.69,0.825
2011-09-16,24.119,20.213,93.07,1.395
2011-09-17,24.839,7.575,85.96,2.426
2011-09-18,25.118,5.35,81.9,2.715
2011-09-19,25.339,1.703,79.35,2.595
2011-09-20,24.894,3.851,82.44,3.023
2011-09-21,25.015,1.142,80.72,2.988
2011-09-22,25.264,0.57,79.75,3.041
2011-09-23,25.449,0.119,71.96,3.596
2011-09-24,25.159,0.761,67.79,3.383
2011-09-25,24.691,0.582,71.28,2.95
2011-09-26,25.175,0.186,73.63,2.471
2011-09-27,25.167,0.087,71.43,2.234
2011-09-28,25.259,0.001,66.07,2.403
2011-09-29,25.099,0.001,65.58,2.395
2011-09-30,24.84,0.001,63.08,2.16
2011-10-01,25.117,0.002,62.69,2.331
2011-10-02,25.432,0.007,62.64,2.321
2011-10-03,24.929,0.0,58.84,2.295
2011-10-04,24.519,0.0,58.64,1.673
2011-10-05,25.335,0.004,60.29,1.581
2011-10-06,25.648,0.457,68.45,1.779
2011-10-07,25.867,0.633,72.22,1.372
2011-10-08,26.221,0.276,67.6,1.401
2011-10-09,26.426,0.106,65.2,1.628
2011-10-10,26.477,0.008,61.02,1.741
2011-10-11,26.666,0.002,58.42,1.96
2011-10-12,26.841,0.001,53.75,1.935
2011-10-13,26.97,0.001,52.57,1.558
2011-10-14,26.803,0.001,47.44,1.705
2011-10-15,27.577,0.001,46.11,1.253
2011-10-16,27.743,0.009,49.1,0.736
2011-10-17,26.89,0.005,49.15,1.447
2011-10-18,26.12,0.0,42.54,1.762
2011-10-19,25.937,0.001,44.52,0.643
2011-10-20,25.373,0.003,43.14,0.996
2011-10-21,25.385,0.001,38.5,1.885
2011-10-22,24.888,0.001,40.7,1.937
2011-10-23,24.615,0.001,46.01,1.917
2011-10-24,24.952,0.001,44.73,1.996
2011-10-25,25.582,0.0,43.8,1.261
2011-10-26,25.113,0.001,43.98,1.588
2011-10-27,24.624,0.001,41.46,1.507
2011-10-28,24.473,0.001,42.65,0.967
2011-10-29,23.91,0.002,46.66,0.756
2011-10-30,23.405,0.001,45.21,0.92
2011-10-31,22.884,0.0,42.57,0.702
2011-11-01,22.436,0.002,39.52,1.732
2011-11-02,22.39,0.0,41.51,1.16
2011-11-03,22.607,0.0,40.85,0.301
2011-11-04,22.957,0.001,42.65,0.494
2011-11-05,23.65,0.001,44.41,0.758
2011-11-06,24.167,0.0,45.66,1.134
2011-11-07,24.159,0.0,46.36,1.433
2011-11-08,23.658,0.002,47.62,1.802
2011-11-09,22.812,0.001,45.08,1.674
2011-11-10,23.275,0.0,51.07,1.351
2011-11-11,24.135,0.001,55.02,1.753
2011-11-12,24.607,0.0,53.42,1.453
2011-11-13,24.43,0.0,54.03,1.685
2011-11-14,23.362,0.001,45.93,1.43
2011-11-15,22.463,0.0,40.9,1.621
2011-11-16,21.911,0.003,41.25,1.147
2011-11-17,22.138,0.0,42.73,0.988
2011-11-18,22.604,0.002,44.6,1.628
2011-11-19,23.044,0.001,45.53,1.719
2011-11-20,22.878,0.002,49.41,2.28
2011-11-21,22.062,0.0,55.76,2.553
2011-11-22,21.733,0.003,55.68,1.871
2011-11-23,22.05,0.001,53.49,1.921
2011-11-24,22.15,0.001,50.83,1.354
2011-11-25,21.447,0.0,51.0,1.463
2011-11-26,21.738,0.001,50.22,0.808
2011-11-27,21.986,0.001,51.54,0.984
2011-11-28,21.628,0.0,53.73,1.725
2011-11-29,20.892,0.002,57.28,1.878
2011-11-30,20.396,0.0,46.43,1.919
2011-12-01,20.237,0.001,47.74,1.964
2011-12-02,20.158,0.0,53.71,1.984
2011-12-03,20.766,0.001,57.78,1.238
2011-12-04,22.008,0.0,57.19,0.676
2011-12-05,22.654,0.0,53.74,1.364
2011-12-06,22.328,0.0,50.72,1.5
2011-12-07,21.794,0.0,49.03,1.357
2011-12-08,21.105,0.002,45.0,0.788
2011-12-09,20.649,0.001,45.61,0.525
2011-12-10,21.244,0.0,49.22,1.549
2011-12-11,18.986,0.0,47.47,2.161
2011-12-12,18.257,0.002,46.37,1.94
2011-12-13,17.66,0.002,48.78,1.775
2011-12-14,17.818,0.001,47.35,1.693
2011-12-15,18.103,0.001,47.43,1.681
2011-12-16,17.995,0.0,45.74,1.675
2011-12-17,18.04,0.001,43.96,1.502
2011-12-18,18.501,0.0,43.75,1.356
2011-12-19,17.998,0.0,44.18,1.749
2011-12-20,17.727,0.001,41.42,1.62
2011-12-21,17.966,0.001,37.88,1.264
2011-12-22,18.387,0.0,36.84,1.382
2011-12-23,18.967,0.0,36.74,1.533
2011-12-24,18.602,0.001,48.06,2.15
2011-12-25,18.019,0.0,49.0,2.094
2011-12-26,17.889,0.001,44.45,2.129
2011-12-27,17.972,0.0,41.66,2.049
2011-12-28,17.938,0.002,42.55,2.137
2011-12-29,18.561,0.0,49.19,1.709
2011-12-30,20.514,0.002,64.75,0.721
2011-12-31,21.951,5.186,73.61,1.851
2012-01-01,19.255,11.88,94.6,1.348
2012-01-02,18.082,0.956,87.02,1.927
2012-01-03,17.238,0.019,72.19,1.638
2012-01-04,18.615,0.005,70.82,0.475
2012-01-05,19.498,0.012,64.05,1.377
2012-01-06,19.78,0.003,61.44,0.191
2012-01-07,19.855,0.093,61.36,1.055
2012-01-08,18.918,0.017,65.74,1.83
2012-01-09,16.148,0.011,62.75,2.801
2012-01-10,14.718,0.0,57.29,2.648
2012-01-11,14.496,0.001,51.8,2.063
2012-01-12,14.212,0.001,48.4,2.187
2012-01-13,14.05,0.0,42.4,1.902
2012-01-14,14.993,0.0,34.26,0.808
2012-01-15,16.929,0.001,33.56,1.172
2012-01-16,18.759,0.001,36.72,1.913
2012-01-17,19.044,0.0,52.15,1.758
2012-01-18,18.617,0.0,49.13,1.061
2012-01-19,17.544,0.001,50.05,1.556
2012-01-20,15.666,0.0,49.93,2.778
2012-01-21,14.447,0.002,34.11,2.272
2012-01-22,17.082,0.0,37.76,0.998
2012-01-23,19.685,0.006,42.05,0.752
2012-01-24,20.113,0.045,50.1,0.421
2012-01-25,19.792,5.237,62.45,0.633
2012-01-26,16.889,11.047,86.26,1.571
2012-01-27,17.672,0.038,63.23,1.663
2012-01-28,17.465,10.78,80.28,1.004
2012-01-29,17.455,1.318,82.81,1.701
2012-01-30,17.099,3.295,84.63,1.116
2012-01-31,18.046,1.522,77.22,1.396
2012-02-01,16.611,0.001,52.89,2.614
2012-02-02,16.099,0.001,48.23,1.946
2012-02-03,17.552,0.0,44.45,1.491
2012-02-04,19.842,0.001,43.31,1.036
2012-02-05,20.689,0.001,46.83,0.405
2012-02-06,21.608,0.001,51.59,0.563
2012-02-07,23.172,0.0,45.88,2.768
2012-02-08,19.34,0.002,41.07,2.744
2012-02-09,15.918,0.003,42.32,2.831
2012-02-10,15.603,0.002,33.19,2.313
2012-02-11,17.137,0.001,32.08,1.908
2012-02-12,20.806,0.022,36.28,1.945
2012-02-13,22.911,0.407,51.12,1.488
2012-02-14,23.16,0.015,47.42,0.874
2012-02-15,21.74,3.288,63.1,0.802
2012-02-16,21.311,0.797,60.69,1.023
2012-02-17,20.635,0.011,56.97,2.572
2012-02-18,21.534,0.009,52.48,1.794
2012-02-19,21.189,0.001,38.27,2.06
2012-02-20,22.14,0.0,38.15,1.241
2012-02-21,24.373,0.001,32.93,1.549
2012-02-22,24.542,0.001,26.82,1.461
2012-02-23,24.807,0.002,27.05,1.39
2012-02-24,25.698,0.001,29.25,1.331
2012-02-25,25.91,0.0,31.49,1.244
2012-02-26,23.881,0.002,39.02,2.607
2012-02-27,24.039,0.002,30.58,1.779
2012-02-28,25.146,0.0,26.27,1.917
2012-02-29,23.6,0.001,25.27,1.2
2012-03-01,23.916,0.0,24.18,1.383
2012-03-02,24.043,0.0,26.05,1.848
2012-03-03,23.844,0.001,27.12,2.092
2012-03-04,25.196,0.0,27.29,1.578
2012-03-05,26.585,0.001,27.31,1.683
2012-03-06,26.841,0.003,19.2,3.13
2012-03-07,24.453,0.003,19.6,2.823
2012-03-08,23.632,0.002,22.12,2.415
2012-03-09,21.774,0.0,17.26,2.528
2012-03-10,22.083,0.001,18.6,2.578
2012-03-11,24.934,0.002,22.49,1.699
2012-03-12,27.087,0.01,30.96,2.603
2012-03-13,24.744,0.004,22.44,3.117
2012-03-14,23.243,0.002,30.47,2.247
2012-03-15,25.051,0.002,28.38,1.608
2012-03-16,26.515,0.0,25.67,1.569
2012-03-17,28.275,0.003,19.7,2.269
2012-03-18,28.795,0.0,18.34,2.626
2012-03-19,29.305,0.0,21.76,2.077
2012-03-20,29.831,0.0,20.11,1.438
2012-03-21,29.231,0.0,16.26,2.662
2012-03-22,26.392,0.002,15.72,3.101
2012-03-23,26.649,0.001,16.65,2.816
2012-03-24,27.916,0.002,15.38,2.635
2012-03-25,28.351,0.003,15.22,2.271
2012-03-26,29.226,0.0,15.37,1.357
2012-03-27,29.885,0.001,14.53,1.269
2012-03-28,30.184,0.001,16.35,1.857
2012-03-29,29.83,0.001,20.97,1.992
2012-03-30,29.629,0.066,21.23,1.596
2012-03-31,30.297,0.0,19.77,1.008
2012-04-01,30.486,0.003,22.01,0.276
2012-04-02,30.477,0.129,22.99,0.469
2012-04-03,31.365,0.083,22.23,0.68
2012-04-04,31.148,0.542,21.78,1.244
2012-04-05,30.137,0.538,24.13,0.82
2012-04-06,30.086,0.14,27.7,0.554
2012-04-07,30.224,0.01,28.17,1.496
2012-04-08,31.342,0.001,22.72,1.458
2012-04-09,31.735,0.004,21.16,0.283
2012-04-10,32.094,0.002,17.01,2.666
2012-04-11,32.172,0.0,15.87,2.497
2012-04-12,30.668,0.216,22.65,1.953
2012-04-13,29.9,0.273,24.52,0.979
2012-04-14,31.094,0.004,21.4,1.584
2012-04-15,30.781,0.001,23.26,2.026
2012-04-16,30.829,0.002,26.55,1.602
2012-04-17,32.247,0.03,21.82,1.481
2012-04-18,33.033,0.003,19.16,2.712
2012-04-19,33.346,0.011,20.06,2.464
2012-04-20,32.274,0.344,25.75,3.645
2012-04-21,30.378,0.317,35.58,2.436
2012-04-22,30.92,0.986,31.46,1.518
2012-04-23,31.187,0.009,23.0,1.567
2012-04-24,31.896,0.0,22.97,2.074
2012-04-25,31.725,0.007,22.78,1.999
2012-04-26,32.36,0.017,27.4,1.391
2012-04-27,32.207,0.002,24.21,2.084
2012-04-28,31.898,0.0,21.35,1.989
2012-04-29,32.63,0.0,17.49,2.523
2012-04-30,32.496,0.0,16.14,2.514
2012-05-01,32.417,0.002,17.34,2.44
2012-05-02,32.347,0.001,13.93,1.453
2012-05-03,32.309,0.0,14.05,2.415
2012-05-04,31.587,0.357,20.89,1.077
2012-05-05,31.436,0.004,22.27,1.017
2012-05-06,31.649,0.914,24.27,1.539
2012-05-07,32.64,0.021,25.1,2.96
2012-05-08,32.063,1.373,29.28,2.725
2012-05-09,32.29,0.71,31.11,1.533
2012-05-10,32.699,1.423,30.69,1.137
2012-05-11,33.869,0.004,24.47,2.811
2012-05-12,33.229,0.301,28.04,1.918
2012-05-13,33.389,0.469,27.01,2.637
2012-05-14,33.033,0.019,24.32,2.933
2012-05-15,33.253,0.001,21.27,3.022
2012-05-16,34.112,0.002,18.07,2.603
2012-05-17,34.915,0.001,19.12,3.251
2012-05-18,34.876,0.0,19.22,3.399
2012-05-19,34.752,0.0,18.46,2.95
2012-05-20,34.729,0.001,17.49,2.517
2012-05-21,35.388,0.0,16.7,1.718
2012-05-22,35.902,0.001,16.65,2.583
2012-05-23,35.645,0.003,17.55,3.118
2012-05-24,36.12,0.0,17.63,3.511
2012-05-25,36.513,0.001,17.59,3.559
2012-05-26,36.825,0.0,17.26,3.983
2012-05-27,36.137,0.002,14.88,3.626
2012-05-28,35.673,0.001,16.05,2.936
2012-05-29,36.15,0.001,17.18,3.326
2012-05-30,36.667,0.001,16.54,3.865
2012-05-31,37.15,0.002,18.55,3.926
2012-06-01,36.864,0.001,21.49,4.176
2012-06-02,35.824,0.004,26.33,3.714
2012-06-03,34.832,0.026,28.31,3.982
2012-06-04,34.414,0.002,22.9,3.825
2012-06-05,34.707,0.001,22.76,2.915
2012-06-06,33.345,0.173,30.75,2.354
2012-06-07,31.294,0.577,46.08,3.27
2012-06-08,32.878,0.709,39.74,2.908
2012-06-09,33.371,0.897,37.97,3.625
2012-06-10,30.656,0.552,49.38,3.363
2012-06-11,31.051,1.03,49.8,1.893
2012-06-12,31.701,1.643,50.24,0.751
2012-06-13,31.601,2.604,52.51,1.488
2012-06-14,31.655,1.902,56.63,2.099
2012-06-15,31.381,3.574,57.32,2.5
2012-06-16,29.878,10.935,60.83,2.979
2012-06-17,27.101,15.302,78.49,2.362
2012-06-18,27.532,8.26,74.07,2.11
2012-06-19,26.278,15.523,78.7,2.692
2012-06-20,28.429,1.0,61.78,4.87
2012-06-21,27.56,4.237,65.89,3.589
2012-06-22,26.624,3.223,70.59,2.992
2012-06-23,27.696,0.184,63.86,2.407
2012-06-24,29.52,0.025,52.92,3.347
2012-06-25,29.336,1.041,60.37,3.158
2012-06-26,30.037,0.017,50.48,3.643
2012-06-27,29.903,0.154,52.11,2.914
2012-06-28,29.949,0.583,54.4,2.278
2012-06-29,30.098,1.143,55.99,1.821
2012-06-30,31.216,0.479,51.35,2.161
2012-07-01,30.194,1.395,61.58,2.156
2012-07-02,28.896,15.114,71.97,1.028
2012-07-03,27.265,18.809,80.9,1.676
2012-07-04,26.056,19.731,85.4,2.131
2012-07-05,25.712,18.923,87.19,2.169
2012-07-06,23.552,25.162,89.86,3.476
2012-07-07,23.483,42.777,92.68,3.195
2012-07-08,23.805,12.858,90.6,2.935
2012-07-09,24.753,10.995,88.1,3.29
2012-07-10,25.444,8.773,84.66,3.066
2012-07-11,26.431,6.631,83.99,2.014
2012-07-12,26.806,10.329,82.74,1.349
2012-07-13,26.664,15.063,82.81,1.775
2012-07-14,26.013,16.129,82.74,2.366
2012-07-15,24.978,31.934,90.12,1.671
2012-07-16,25.563,4.372,85.44,1.817
2012-07-17,27.035,1.555,79.15,1.744
2012-07-18,27.203,1.39,77.12,2.429
2012-07-19,26.22,5.569,79.96,2.678
2012-07-20,26.097,2.253,80.22,2.352
2012-07-21,24.803,40.536,89.65,3.131
2012-07-22,25.401,13.01,88.81,1.214
2012-07-23,24.946,4.787,83.36,2.745
2012-07-24,24.13,7.219,84.51,3.511
2012-07-25,23.816,7.159,89.35,2.715
2012-07-26,23.584,76.288,93.02,2.906
2012-07-27,23.327,46.544,90.41,3.12
2012-07-28,23.483,12.056,90.61,2.466
2012-07-29,22.801,38.25,92.12,3.65
2012-07-30,22.09,39.003,91.97,3.314
2012-07-31,22.72,18.052,91.73,3.147
2012-08-01,23.631,8.125,88.87,3.343
2012-08-02,24.581,9.378,85.07,3.628
2012-08-03,23.933,15.426,87.72,2.823
2012-08-04,23.492,16.805,92.28,3.054
2012-08-05,23.522,43.324,94.59,2.667
2012-08-06,23.607,19.77,96.11,1.552
2012-08-07,24.122,21.073,91.38,2.417
2012-08-08,23.751,15.576,91.75,3.216
2012-08-09,23.759,6.265,88.9,3.006
2012-08-10,23.688,9.037,91.52,2.627
2012-08-11,22.946,7.705,94.14,2.884
2012-08-12,23.394,4.392,90.0,3.169
2012-08-13,24.745,1.157,78.86,3.561
2012-08-14,25.193,0.421,77.12,2.711
2012-08-15,24.867,3.991,79.51,2.431
2012-08-16,24.863,4.769,82.26,2.381
2012-08-17,24.638,2.058,82.7,2.894
2012-08-18,24.075,14.819,89.14,3.276
2012-08-19,24.293,28.191,94.24,2.245
2012-08-20,25.211,6.62,86.5,1.031
2012-08-21,23.771,45.917,91.08,3.058
2012-08-22,24.498,13.541,79.59,2.675
2012-08-23,25.481,4.944,81.77,1.853
2012-08-24,26.191,0.54,78.52,2.131
2012-08-25,25.679,9.588,83.19,2.13
2012-08-26,24.277,15.103,92.17,1.675
2012-08-27,24.091,15.047,91.19,0.9
2012-08-28,25.353,4.245,86.48,0.74
2012-08-29,25.555,4.848,87.94,0.948
2012-08-30,25.77,6.26,86.92,1.164
2012-08-31,25.923,2.83,84.84,1.157
2012-09-01,26.16,4.407,83.95,1.298
2012-09-02,25.778,18.297,87.66,0.484
2012-09-03,25.747,8.785,86.56,1.361
2012-09-04,25.163,22.644,88.5,2.259
2012-09-05,24.447,11.312,88.08,2.656
2012-09-06,23.26,6.399,92.1,3.68
2012-09-07,24.585,3.182,87.8,1.958
2012-09-08,25.652,2.56,82.57,0.37
2012-09-09,25.645,14.701,84.31,1.673
2012-09-10,23.734,14.498,93.42,1.692
2012-09-11,24.722,5.006,86.54,2.03
2012-09-12,24.626,8.44,83.21,2.127
2012-09-13,24.747,2.156,81.83,2.198
2012-09-14,25.071,6.634,81.99,2.618
2012-09-15,25.071,5.703,81.45,2.694
2012-09-16,24.843,2.098,80.63,2.565
2012-09-17,25.005,0.817,80.75,1.628
2012-09-18,25.39,1.8,79.41,1.749
2012-09-19,25.752,0.685,76.45,1.699
2012-09-20,25.871,1.539,78.35,1.414
2012-09-21,25.84,7.096,82.52,1.153
2012-09-22,24.99,11.247,84.59,0.971
2012-09-23,25.981,0.148,73.06,1.599
2012-09-24,25.399,3.825,80.67,1.754
2012-09-25,25.266,0.635,74.8,1.886
2012-09-26,25.062,0.197,73.26,1.641
2012-09-27,24.946,0.009,68.03,1.815
2012-09-28,25.134,0.001,65.47,1.96
2012-09-29,26.142,0.004,67.6,1.6
2012-09-30,26.619,1.331,75.18,1.572
2012-10-01,26.253,4.667,80.21,1.512
2012-10-02,25.698,6.481,81.86,1.683
2012-10-03,24.035,15.307,90.47,0.337
2012-10-04,25.212,0.01,71.58,1.898
2012-10-05,25.916,0.064,67.15,1.196
2012-10-06,25.829,0.001,61.49,1.087
2012-10-07,24.835,0.002,55.54,1.689
2012-10-08,23.783,0.0,58.6,2.114
2012-10-09,23.579,0.0,58.76,2.202
2012-10-10,23.383,0.001,59.44,2.187
2012-10-11,23.3,0.0,62.53,1.486
2012-10-12,23.553,0.0,55.19,0.957
2012-10-13,23.849,0.001,53.89,0.986
2012-10-14,24.462,0.0,51.39,0.922
2012-10-15,24.561,0.002,48.79,0.898
2012-10-16,24.612,0.002,50.28,1.258
2012-10-17,24.472,0.001,50.49,1.826
2012-10-18,24.121,0.001,48.89,1.444
2012-10-19,24.249,0.001,50.31,0.639
2012-10-20,23.998,0.0,51.04,0.867
2012-10-21,22.13,0.221,62.73,0.433
2012-10-22,23.675,0.002,50.82,1.89
2012-10-23,23.844,0.003,49.21,1.591
2012-10-24,24.443,-0.0,49.75,0.653
2012-10-25,24.492,0.0,53.18,0.691
2012-10-26,23.706,0.078,55.75,1.008
2012-10-27,23.335,0.014,52.76,1.968
2012-10-28,22.387,0.002,41.15,2.246
2012-10-29,21.949,0.0,43.27,2.318
2012-10-30,21.727,0.0,44.66,2.265
2012-10-31,21.976,0.001,43.68,2.12
2012-11-01,23.331,0.119,52.87,2.002
2012-11-02,21.325,6.524,88.79,1.665
2012-11-03,21.159,7.889,93.14,2.132
2012-11-04,22.41,0.811,78.86,2.616
2012-11-05,22.417,0.211,70.23,2.445
2012-11-06,21.294,0.004,60.72,1.856
2012-11-07,20.818,0.001,56.67,1.848
2012-11-08,20.7,0.0,47.41,1.068
2012-11-09,20.96,0.001,48.88,0.736
2012-11-10,20.617,0.001,47.93,0.876
2012-11-11,21.031,0.0,48.76,0.197
2012-11-12,21.407,0.003,52.79,0.645
2012-11-13,21.433,0.001,50.68,1.05
2012-11-14,20.868,0.0,45.84,2.038
2012-11-15,19.635,0.0,42.01,2.335
2012-11-16,19.717,0.001,43.45,2.518
2012-11-17,19.349,0.0,46.99,2.472
2012-11-18,19.698,0.001,51.92,2.049
2012-11-19,20.004,0.002,46.54,2.522
2012-11-20,19.951,0.0,42.35,2.38
2012-11-21,20.156,0.0,46.69,1.656
2012-11-22,20.785,0.001,50.41,0.672
2012-11-23,21.204,0.0,47.18,0.956
2012-11-24,21.734,0.0,45.73,1.33
2012-11-25,21.467,0.001,46.05,1.028
2012-11-26,21.19,0.001,44.41,1.654
2012-11-27,21.302,0.003,46.21,1.163
2012-11-28,21.731,0.001,48.95,0.566
2012-11-29,21.976,0.001,48.62,0.64
2012-11-30,21.731,0.0,47.51,1.358
2012-12-01,20.689,0.001,51.79,2.004
2012-12-02,20.899,0.002,54.47,1.351
2012-12-03,20.698,0.002,47.35,1.787
2012-12-04,19.835,0.001,38.46,2.121
2012-12-05,20.547,0.054,40.91,1.166
2012-12-06,21.413,0.001,35.24,1.594
2012-12-07,22.088,0.001,39.54,1.21
2012-12-08,22.756,0.001,46.5,0.876
2012-12-09,23.462,0.127,55.78,1.057
2012-12-10,21.684,8.454,74.84,1.381
2012-12-11,20.636,3.161,75.17,1.193
2012-12-12,20.056,0.0,58.1,1.236
2012-12-13,20.382,0.005,64.61,1.106
2012-12-14,21.142,0.445,72.34,0.931
2012-12-15,20.956,0.254,70.85,0.134
2012-12-16,20.936,0.022,62.24,1.487
2012-12-17,20.31,0.0,58.93,1.926
2012-12-18,19.036,0.0,53.4,2.249
2012-12-19,18.23,0.001,52.71,2.14
2012-12-20,17.25,0.002,52.15,1.781
2012-12-21,17.095,0.001,42.94,1.816
2012-12-22,16.599,0.0,39.83,1.967
2012-12-23,16.614,0.0,42.52,1.617
2012-12-24,16.699,0.0,46.18,1.51
2012-12-25,15.954,0.001,44.59,2.029
2012-12-26,15.78,0.001,49.19,2.162
2012-12-27,15.928,0.001,45.83,1.578
2012-12-28,16.811,0.0,48.97,0.268
2012-12-29,17.828,0.0,49.28,0.14
2012-12-30,19.558,0.0,48.21,0.578
