date,temp_c,precip_mm,humidity_pct,wind_speed_ms
2000-01-01,13.659,0.0,77.21,0.609
2000-01-02,13.715,0.002,74.61,0.63
2000-01-03,13.758,0.0,71.92,0.731
2000-01-04,14.283,0.002,70.5,0.706
2000-01-05,14.486,0.003,70.06,0.656
2000-01-06,14.723,0.0,69.86,0.549
2000-01-07,13.663,0.001,76.08,0.408
2000-01-08,13.616,0.001,72.89,0.406
2000-01-09,13.456,0.002,69.81,0.422
2000-01-10,13.993,0.0,69.07,0.574
2000-01-11,15.103,0.0,70.32,0.656
2000-01-12,15.194,0.0,70.19,0.702
2000-01-13,15.352,0.003,66.96,0.681
2000-01-14,15.803,0.001,62.03,0.65
2000-01-15,15.399,0.0,69.07,0.701
2000-01-16,16.259,0.001,67.7,0.623
2000-01-17,15.314,0.001,72.52,0.645
2000-01-18,14.039,0.001,69.88,0.407
2000-01-19,14.465,0.001,67.29,0.447
2000-01-20,13.533,0.0,67.71,0.445
2000-01-21,14.415,0.002,67.16,0.467
2000-01-22,14.969,0.153,74.4,0.378
2000-01-23,15.184,0.032,67.69,0.372
2000-01-24,15.57,0.006,70.03,0.263
2000-01-25,15.158,0.001,69.78,0.413
2000-01-26,15.698,0.001,67.74,0.415
2000-01-27,15.376,0.0,63.78,0.487
2000-01-28,15.159,0.001,58.32,0.59
2000-01-29,15.397,0.657,61.03,0.494
2000-01-30,13.233,0.035,72.98,0.361
2000-01-31,14.562,0.001,68.8,0.224
2000-02-01,14.744,0.003,64.54,0.757
2000-02-02,15.293,0.001,58.94,0.733
2000-02-03,16.114,0.032,67.03,0.229
2000-02-04,15.998,0.281,76.71,0.309
2000-02-05,16.862,0.416,71.8,0.33
2000-02-06,17.5,0.104,69.78,0.383
2000-02-07,15.247,0.565,80.01,0.577
2000-02-08,15.409,0.002,69.02,0.281
2000-02-09,15.216,0.001,57.07,0.613
2000-02-10,15.519,0.002,61.83,0.442
2000-02-11,16.056,0.001,64.25,0.377
2000-02-12,16.955,0.001,67.17,0.496
2000-02-13,18.573,0.001,64.76,0.274
2000-02-14,19.301,0.0,63.73,0.512
2000-02-15,17.219,0.002,50.27,0.775
2000-02-16,16.671,0.002,57.12,0.145
2000-02-17,16.239,0.001,49.23,0.123
2000-02-18,14.705,1.137,67.24,0.837
2000-02-19,16.103,0.002,63.34,0.616
2000-02-20,16.448,0.0,44.07,0.629
2000-02-21,16.827,0.0,39.92,0.708
2000-02-22,17.366,0.003,51.27,0.498
2000-02-23,17.938,0.001,44.18,0.869
2000-02-24,18.616,0.0,45.15,0.697
2000-02-25,18.654,0.013,56.0,0.526
2000-02-26,16.818,0.294,54.52,0.413
2000-02-27,16.444,0.001,44.08,0.734
2000-02-28,16.487,0.002,44.7,0.44
2000-02-29,16.038,0.002,54.3,0.082
2000-03-01,17.02,0.001,55.73,0.245
2000-03-02,18.971,0.546,53.74,0.861
2000-03-03,18.877,0.983,61.24,0.657
2000-03-04,19.974,0.002,56.57,0.47
2000-03-05,20.052,0.0,53.99,0.358
2000-03-06,20.325,0.001,54.47,0.307
2000-03-07,20.428,0.001,49.76,0.329
2000-03-08,20.11,0.0,50.2,0.455
2000-03-09,18.854,3.33,53.7,0.656
2000-03-10,19.089,0.463,57.67,0.107
2000-03-11,19.456,0.003,48.78,0.165
2000-03-12,19.838,0.0,50.82,0.784
2000-03-13,19.626,0.549,66.01,1.043
2000-03-14,20.733,0.553,61.72,0.765
2000-03-15,19.218,5.836,78.73,0.255
2000-03-16,19.402,0.426,65.94,0.084
2000-03-17,19.544,0.001,53.41,0.445
2000-03-18,20.332,0.0,42.58,0.842
2000-03-19,21.201,0.0,44.93,0.261
2000-03-20,21.521,0.0,46.2,0.429
2000-03-21,21.921,0.002,40.95,0.75
2000-03-22,22.347,0.001,30.3,0.68
2000-03-23,23.28,0.001,30.83,0.555
2000-03-24,24.147,0.004,36.21,0.67
2000-03-25,24.051,0.018,38.95,0.437
2000-03-26,23.897,0.002,37.57,0.19
2000-03-27,23.513,0.033,45.38,0.34
2000-03-28,24.023,0.188,49.97,0.154
2000-03-29,21.697,0.338,65.93,0.211
2000-03-30,22.609,0.017,53.59,0.355
2000-03-31,23.331,0.0,53.02,0.376
2000-04-01,23.054,0.0,54.01,0.448
2000-04-02,22.918,0.0,55.59,0.732
2000-04-03,23.541,0.001,53.76,0.731
2000-04-04,24.012,0.001,55.1,0.66
2000-04-05,24.186,0.0,52.39,0.664
2000-04-06,24.459,0.001,47.9,0.757
2000-04-07,24.67,0.001,47.22,0.619
2000-04-08,24.721,0.0,50.35,0.571
2000-04-09,25.544,0.0,41.56,0.232
2000-04-10,26.369,0.013,41.29,0.569
2000-04-11,26.042,0.732,40.61,0.421
2000-04-12,23.678,0.673,52.52,0.358
2000-04-13,23.559,0.25,57.78,0.415
2000-04-14,24.194,0.251,54.49,0.536
2000-04-15,24.316,0.369,55.04,0.49
2000-04-16,24.619,0.344,56.15,0.361
2000-04-17,24.858,0.053,51.63,0.558
2000-04-18,24.936,0.064,52.14,0.536
2000-04-19,25.424,0.078,50.64,0.509
2000-04-20,25.647,0.17,52.16,0.513
2000-04-21,25.712,0.468,53.71,0.524
2000-04-22,26.065,0.052,53.42,0.731
2000-04-23,25.544,0.634,60.97,0.849
2000-04-24,24.542,0.665,60.89,0.937
2000-04-25,23.531,1.802,65.88,0.61
2000-04-26,23.598,1.421,70.41,0.856
2000-04-27,23.356,4.09,73.43,0.797
2000-04-28,22.585,10.399,81.56,0.893
2000-04-29,23.568,2.936,78.46,1.091
2000-04-30,24.486,1.874,72.77,1.231
2000-05-01,23.253,3.925,78.09,0.955
2000-05-02,23.241,2.577,76.05,0.651
2000-05-03,21.718,6.534,81.38,0.226
2000-05-04,22.51,2.615,78.13,0.069
2000-05-05,21.927,19.156,83.78,0.137
2000-05-06,21.54,18.229,89.3,0.193
2000-05-07,21.752,7.497,86.28,0.348
2000-05-08,21.744,3.674,87.31,0.243
2000-05-09,23.127,1.175,82.14,0.23
2000-05-10,23.409,2.975,82.2,0.303
2000-05-11,23.074,5.684,85.09,0.155
2000-05-12,22.92,11.345,84.74,0.355
2000-05-13,22.832,4.867,85.38,0.306
2000-05-14,23.158,8.996,83.55,0.216
2000-05-15,22.801,25.251,91.52,0.136
2000-05-16,23.374,3.435,86.78,0.274
2000-05-17,23.14,2.62,85.05,0.578
2000-05-18,22.864,3.17,86.27,0.855
2000-05-19,22.481,16.085,88.37,0.66
2000-05-20,22.559,17.275,89.66,0.527
2000-05-21,21.605,16.012,95.0,0.735
2000-05-22,21.939,20.851,91.54,0.967
2000-05-23,20.159,61.687,99.82,1.153
2000-05-24,20.868,183.79,99.97,0.996
2000-05-25,20.567,85.207,99.23,0.737
2000-05-26,21.025,34.36,95.96,1.298
2000-05-27,22.179,13.401,89.5,1.264
2000-05-28,22.568,4.303,87.38,0.953
2000-05-29,21.979,12.214,90.85,0.661
2000-05-30,23.578,0.718,83.8,0.408
2000-05-31,23.287,1.662,85.55,0.257
2000-06-01,23.453,1.699,84.96,0.25
2000-06-02,23.569,4.722,87.64,0.143
2000-06-03,23.576,9.999,90.28,0.295
2000-06-04,23.754,10.554,91.39,0.443
2000-06-05,23.532,21.633,87.49,0.681
2000-06-06,22.577,7.183,88.53,1.067
2000-06-07,21.892,11.823,92.75,0.86
2000-06-08,21.66,19.01,95.4,0.752
2000-06-09,21.978,10.759,94.88,0.791
2000-06-10,22.022,21.947,95.66,0.983
2000-06-11,21.736,25.37,97.71,0.964
2000-06-12,21.208,91.475,99.91,1.034
2000-06-13,22.312,1.123,89.77,1.177
2000-06-14,22.77,4.536,87.19,0.666
2000-06-15,22.489,5.371,88.89,0.579
2000-06-16,22.502,23.239,92.58,0.537
2000-06-17,22.753,22.831,93.42,0.844
2000-06-18,22.488,6.814,90.01,1.2
2000-06-19,22.691,4.054,87.48,1.21
2000-06-20,21.872,7.749,90.59,0.984
2000-06-21,22.998,1.867,82.66,1.191
2000-06-22,22.51,3.649,86.0,1.36
2000-06-23,21.937,23.571,92.87,1.393
2000-06-24,20.98,26.491,99.83,0.803
2000-06-25,22.17,6.302,90.96,0.867
2000-06-26,22.756,3.415,87.55,0.621
2000-06-27,23.0,8.595,88.52,0.57
2000-06-28,22.39,14.711,92.34,0.563
2000-06-29,22.993,3.573,84.94,0.474
2000-06-30,23.347,1.496,84.46,0.213
2000-07-01,22.481,10.815,91.81,0.197
2000-07-02,22.859,9.135,91.75,0.114
2000-07-03,23.467,4.7,88.21,0.044
2000-07-04,23.893,2.491,86.24,0.103
2000-07-05,23.546,3.812,89.66,0.18
2000-07-06,22.822,2.78,91.44,0.5
2000-07-07,22.329,5.87,92.0,0.86
2000-07-08,22.627,10.952,91.2,1.096
2000-07-09,22.24,12.917,93.41,1.047
2000-07-10,23.553,3.278,87.29,0.844
2000-07-11,23.922,17.276,88.42,0.962
2000-07-12,21.981,9.511,92.33,1.579
2000-07-13,21.899,10.764,93.35,1.405
2000-07-14,21.649,4.166,93.46,1.221
2000-07-15,23.102,4.544,88.34,0.998
2000-07-16,22.882,12.344,90.29,1.045
2000-07-17,21.742,26.41,95.04,1.354
2000-07-18,21.413,13.204,93.31,1.587
2000-07-19,21.209,7.631,92.97,1.312
2000-07-20,22.05,7.094,88.3,1.218
2000-07-21,21.779,51.753,94.16,0.73
2000-07-22,21.073,11.834,96.22,0.71
2000-07-23,21.498,9.202,92.34,1.079
2000-07-24,21.045,19.459,97.65,1.219
2000-07-25,21.459,6.911,91.52,1.18
2000-07-26,21.314,2.406,90.65,1.042
2000-07-27,21.319,7.313,90.33,0.82
2000-07-28,22.465,1.526,84.89,0.559
2000-07-29,22.728,1.037,84.46,0.538
2000-07-30,22.058,6.865,88.74,0.733
2000-07-31,22.116,4.238,87.62,0.984
2000-08-01,21.284,9.181,91.96,1.099
2000-08-02,21.086,10.52,94.14,1.1
2000-08-03,20.881,10.846,96.17,0.8
2000-08-04,21.135,11.685,97.65,0.442
2000-08-05,22.693,3.078,90.26,0.451
2000-08-06,22.465,17.008,93.93,0.368
2000-08-07,22.409,7.646,93.36,0.338
2000-08-08,23.022,15.235,90.4,0.484
2000-08-09,22.982,44.288,92.09,0.378
2000-08-10,22.811,5.029,86.81,0.829
2000-08-11,21.959,6.334,88.02,0.948
2000-08-12,21.327,17.183,94.84,0.743
2000-08-13,21.305,8.084,92.28,0.821
2000-08-14,21.432,13.536,93.19,1.094
2000-08-15,20.749,9.524,98.33,0.982
2000-08-16,21.334,4.835,93.59,0.988
2000-08-17,22.642,3.51,88.77,0.921
2000-08-18,22.724,10.62,90.74,0.714
2000-08-19,22.714,4.0,88.24,0.744
2000-08-20,22.566,7.416,90.79,0.492
2000-08-21,22.944,11.056,90.99,0.223
2000-08-22,22.957,17.254,92.02,0.212
2000-08-23,22.647,10.753,93.63,0.124
2000-08-24,23.055,14.52,92.51,0.156
2000-08-25,23.309,9.931,91.61,0.188
2000-08-26,22.883,21.316,93.45,0.374
2000-08-27,23.018,7.518,90.1,0.599
2000-08-28,22.124,11.157,94.54,0.806
2000-08-29,21.548,26.741,99.02,1.062
2000-08-30,22.59,4.017,91.44,1.459
2000-08-31,22.335,16.035,96.55,1.071
2000-09-01,22.501,9.56,95.12,0.851
2000-09-02,22.253,7.504,93.46,0.959
2000-09-03,21.493,29.935,98.13,0.881
2000-09-04,20.958,9.605,95.32,0.67
2000-09-05,21.615,10.95,92.68,0.377
2000-09-06,22.045,1.646,88.46,0.931
2000-09-07,21.623,3.097,89.1,1.253
2000-09-08,21.648,7.972,90.84,1.052
2000-09-09,21.962,5.487,89.57,0.997
2000-09-10,22.344,3.033,88.0,0.691
2000-09-11,22.569,1.84,90.1,0.149
2000-09-12,22.884,11.702,93.3,0.139
2000-09-13,22.579,12.454,94.79,0.548
2000-09-14,22.351,15.847,93.51,0.554
2000-09-15,21.606,14.321,95.16,0.399
2000-09-16,21.2,11.267,95.33,0.58
2000-09-17,20.795,12.089,94.47,0.636
2000-09-18,20.852,8.94,91.37,0.499
2000-09-19,21.494,1.195,87.82,0.402
2000-09-20,21.528,4.052,88.58,0.362
2000-09-21,22.279,2.268,87.28,0.292
2000-09-22,22.226,0.223,86.81,0.377
2000-09-23,21.837,3.579,86.35,0.206
2000-09-24,21.582,2.581,87.24,0.229
2000-09-25,20.93,2.587,91.35,0.301
2000-09-26,21.187,2.62,89.24,0.149
2000-09-27,21.65,2.401,89.1,0.167
2000-09-28,22.693,0.871,87.19,0.231
2000-09-29,21.793,12.518,92.27,0.355
2000-09-30,21.343,20.12,95.96,0.359
2000-10-01,20.86,21.058,98.85,0.757
2000-10-02,19.896,19.73,98.82,1.208
2000-10-03,20.519,5.392,94.3,0.515
2000-10-04,21.218,3.924,90.02,0.234
2000-10-05,21.511,3.398,93.43,0.152
2000-10-06,21.279,6.617,94.56,0.199
2000-10-07,20.634,4.144,94.19,0.2
2000-10-08,21.1,2.701,91.65,0.132
2000-10-09,21.224,3.499,92.43,0.146
2000-10-10,21.431,5.019,91.67,0.29
2000-10-11,21.904,2.965,91.59,0.356
2000-10-12,22.072,3.54,91.59,0.379
2000-10-13,21.877,5.628,90.88,0.412
2000-10-14,22.168,6.391,90.52,0.489
2000-10-15,22.214,11.686,90.55,0.582
2000-10-16,21.752,12.842,92.1,0.405
2000-10-17,21.601,6.842,94.45,0.274
2000-10-18,21.16,7.638,94.33,0.217
2000-10-19,21.688,2.366,91.01,0.096
2000-10-20,21.472,1.555,90.41,0.159
2000-10-21,21.194,1.292,88.66,0.263
2000-10-22,20.956,0.16,86.88,0.257
2000-10-23,20.457,0.012,85.11,0.349
2000-10-24,20.561,0.045,85.0,0.41
2000-10-25,21.593,0.886,84.48,0.341
2000-10-26,21.294,19.146,93.61,0.502
2000-10-27,20.687,8.166,95.63,0.769
2000-10-28,21.258,2.407,88.83,1.086
2000-10-29,20.896,2.193,88.97,0.432
2000-10-30,20.621,0.987,88.16,0.197
2000-10-31,20.774,1.458,86.29,0.198
2000-11-01,20.313,0.079,84.12,0.329
2000-11-02,19.865,0.048,83.91,0.284
2000-11-03,19.724,1.237,86.79,0.337
2000-11-04,19.892,1.114,88.59,0.282
2000-11-05,19.422,0.184,85.68,0.267
2000-11-06,18.887,0.016,81.61,0.334
2000-11-07,18.899,0.04,81.97,0.397
2000-11-08,18.884,0.073,84.06,0.27
2000-11-09,18.281,0.001,83.24,0.327
2000-11-10,18.159,0.002,81.94,0.266
2000-11-11,18.348,0.185,83.8,0.294
2000-11-12,17.55,0.001,76.85,0.602
2000-11-13,17.568,0.003,77.0,0.524
2000-11-14,17.322,0.002,78.93,0.416
2000-11-15,17.749,0.028,81.39,0.431
2000-11-16,18.22,0.0,77.95,0.494
2000-11-17,18.079,0.002,79.46,0.595
2000-11-18,17.642,0.0,76.22,0.645
2000-11-19,16.777,0.002,71.79,0.623
2000-11-20,16.175,0.001,73.42,0.638
2000-11-21,16.625,0.001,75.19,0.601
2000-11-22,16.836,0.001,73.0,0.599
2000-11-23,17.031,0.0,73.14,0.473
2000-11-24,17.119,0.0,73.96,0.477
2000-11-25,17.079,0.001,77.74,0.427
2000-11-26,16.988,0.0,75.26,0.479
2000-11-27,18.588,0.013,75.29,0.641
2000-11-28,18.052,42.761,97.4,0.499
2000-11-29,16.998,32.64,98.6,0.591
2000-11-30,17.976,1.33,93.54,0.324
2000-12-01,16.661,0.041,89.27,0.566
2000-12-02,15.441,0.001,80.27,0.608
2000-12-03,15.57,0.0,84.46,0.435
2000-12-04,15.133,0.001,84.76,0.362
2000-12-05,14.472,0.004,84.21,0.36
2000-12-06,14.498,0.001,83.04,0.377
2000-12-07,15.041,0.0,83.0,0.414
2000-12-08,14.801,0.0,82.87,0.462
2000-12-09,13.944,0.002,80.46,0.549
2000-12-10,13.454,0.0,76.24,0.548
2000-12-11,13.293,0.0,76.15,0.5
2000-12-12,13.186,0.001,76.19,0.602
2000-12-13,13.119,0.0,81.16,0.44
2000-12-14,12.915,0.001,80.82,0.443
2000-12-15,13.154,0.001,80.83,0.511
2000-12-16,14.2,0.002,80.36,0.575
2000-12-17,14.618,0.0,79.47,0.555
2000-12-18,14.404,0.001,79.1,0.455
2000-12-19,14.471,0.001,80.58,0.466
2000-12-20,14.847,0.001,81.23,0.482
2000-12-21,14.98,0.001,80.23,0.587
2000-12-22,15.035,0.0,78.07,0.578
2000-12-23,15.228,0.001,79.67,0.515
2000-12-24,15.148,0.001,77.61,0.584
2000-12-25,15.053,0.001,76.68,0.533
2000-12-26,15.515,0.022,78.47,0.425
2000-12-27,15.936,0.004,76.25,0.402
2000-12-28,15.105,0.003,75.93,0.464
2000-12-29,14.337,0.0,74.89,0.387
2000-12-30,14.741,0.001,74.9,0.444
2000-12-31,14.986,0.001,77.77,0.393
2001-01-01,14.754,0.003,78.37,0.438
2001-01-02,15.688,0.0,75.75,0.329
2001-01-03,15.728,0.001,78.66,0.307
2001-01-04,15.185,0.006,77.88,0.11
2001-01-05,12.667,0.009,76.25,0.336
2001-01-06,12.368,0.0,71.36,0.419
2001-01-07,12.521,0.003,68.07,0.494
2001-01-08,12.538,0.0,66.14,0.424
2001-01-09,12.329,0.002,63.1,0.66
2001-01-10,12.395,0.001,64.58,0.657
2001-01-11,11.363,0.002,70.69,0.449
2001-01-12,12.302,0.0,67.98,0.506
2001-01-13,13.241,0.0,67.15,0.502
2001-01-14,13.129,0.002,62.4,0.654
2001-01-15,13.604,0.003,67.52,0.49
2001-01-16,13.987,0.001,69.08,0.565
2001-01-17,14.226,0.0,67.13,0.581
2001-01-18,14.2,0.0,65.43,0.604
2001-01-19,14.54,0.0,59.67,0.663
2001-01-20,14.615,0.0,61.46,0.615
2001-01-21,14.672,0.001,60.01,0.636
2001-01-22,14.439,0.001,56.06,0.698
2001-01-23,15.448,0.002,56.15,0.55
2001-01-24,15.198,0.001,62.77,0.465
2001-01-25,12.972,0.003,64.56,0.182
2001-01-26,12.496,0.0,63.41,0.367
2001-01-27,12.997,0.001,63.2,0.402
2001-01-28,13.297,0.001,66.04,0.437
2001-01-29,14.316,0.001,67.87,0.33
2001-01-30,14.671,0.001,70.46,0.337
2001-01-31,16.016,0.0,70.31,0.417
2001-02-01,16.455,0.001,66.74,0.463
2001-02-02,17.069,-0.0,65.17,0.578
2001-02-03,17.75,0.0,62.0,0.712
2001-02-04,16.813,0.001,56.92,0.745
2001-02-05,16.603,0.003,53.21,0.892
2001-02-06,17.479,0.002,61.63,0.474
2001-02-07,16.788,0.002,61.49,0.35
2001-02-08,15.529,0.0,55.97,0.289
2001-02-09,14.596,0.002,55.84,0.405
2001-02-10,14.628,0.0,60.9,0.169
2001-02-11,15.003,0.001,62.47,0.368
2001-02-12,16.205,0.0,62.87,0.45
2001-02-13,17.43,0.001,59.64,0.406
2001-02-14,18.606,0.001,56.84,0.428
2001-02-15,19.077,0.002,49.54,0.651
2001-02-16,18.257,0.003,44.1,0.556
2001-02-17,17.862,0.002,51.5,0.426
2001-02-18,18.774,0.001,55.62,0.453
2001-02-19,18.8,0.001,57.26,0.32
2001-02-20,17.741,0.0,60.52,0.296
2001-02-21,18.427,0.001,57.2,0.191
2001-02-22,18.322,2.345,72.5,0.176
2001-02-23,17.578,1.707,81.64,0.314
2001-02-24,17.356,0.456,70.75,0.068
2001-02-25,18.997,0.002,61.64,0.673
2001-02-26,20.26,0.02,56.89,0.785
2001-02-27,19.565,0.011,67.17,0.342
2001-02-28,19.889,0.248,68.95,0.302
2001-03-01,20.831,0.001,56.23,0.419
2001-03-02,21.403,0.001,54.51,0.662
2001-03-03,20.944,0.0,44.7,0.909
2001-03-04,20.276,0.0,44.8,0.233
2001-03-05,20.191,0.087,44.71,0.684
2001-03-06,19.499,0.001,53.78,0.714
2001-03-07,19.66,0.0,43.33,0.528
2001-03-08,20.234,0.0,40.97,0.044
2001-03-09,20.547,0.001,36.99,0.227
2001-03-10,20.634,0.002,39.5,0.647
2001-03-11,20.596,0.001,35.09,0.673
2001-03-12,21.442,0.001,35.19,0.023
2001-03-13,21.397,0.0,35.87,0.21
2001-03-14,21.264,0.0,37.44,0.174
2001-03-15,22.048,0.0,43.12,0.452
2001-03-16,21.968,0.0,51.51,0.52
2001-03-17,22.557,0.0,42.68,0.625
2001-03-18,22.485,0.223,51.5,0.446
2001-03-19,22.994,0.001,37.81,0.558
2001-03-20,23.627,0.001,31.34,0.173
2001-03-21,24.367,0.002,29.64,0.171
2001-03-22,24.952,0.001,37.6,0.282
2001-03-23,22.44,0.761,63.05,0.344
2001-03-24,21.671,1.679,71.29,0.271
2001-03-25,21.832,0.29,61.81,0.283
2001-03-26,21.332,0.32,63.94,0.196
2001-03-27,20.884,1.13,65.51,0.242
2001-03-28,22.328,0.001,55.21,0.239
2001-03-29,23.117,0.001,54.24,0.292
2001-03-30,23.533,0.182,53.14,0.416
2001-03-31,23.946,0.048,55.19,0.473
2001-04-01,23.518,0.366,59.66,0.41
2001-04-02,23.488,0.081,55.58,0.408
2001-04-03,23.766,0.061,56.41,0.65
2001-04-04,25.034,0.001,36.73,0.748
2001-04-05,25.553,0.0,37.8,0.621
2001-04-06,26.508,0.001,34.75,0.471
2001-04-07,26.23,0.003,41.4,0.489
2001-04-08,25.322,0.09,50.17,0.705
2001-04-09,24.966,0.013,51.78,0.774
2001-04-10,25.47,0.013,49.23,0.377
2001-04-11,25.875,0.27,47.37,0.492
2001-04-12,25.61,0.167,51.22,0.735
2001-04-13,24.633,1.134,58.59,0.251
2001-04-14,24.073,0.405,53.53,0.185
2001-04-15,22.003,0.982,64.5,0.415
2001-04-16,24.155,0.471,60.71,0.545
2001-04-17,24.752,0.249,60.21,0.558
2001-04-18,23.278,1.366,68.11,0.316
2001-04-19,24.349,0.244,55.54,0.653
2001-04-20,23.608,0.938,66.13,0.24
2001-04-21,24.406,0.044,54.03,0.419
2001-04-22,25.406,0.001,45.7,0.404
2001-04-23,25.649,0.001,41.7,0.415
2001-04-24,26.491,0.001,38.66,0.487
2001-04-25,25.569,0.016,44.62,0.495
2001-04-26,25.408,0.001,45.25,0.767
2001-04-27,25.872,0.0,47.16,1.267
2001-04-28,25.15,0.898,57.27,1.273
2001-04-29,24.957,0.943,63.78,1.065
2001-04-30,25.593,0.716,59.61,0.548
2001-05-01,24.531,1.654,64.59,0.179
2001-05-02,23.614,2.016,73.65,0.24
2001-05-03,22.962,3.096,77.15,0.603
2001-05-04,22.863,6.96,82.06,0.501
2001-05-05,22.105,13.994,83.64,0.534
2001-05-06,20.93,16.373,88.62,0.658
2001-05-07,20.704,13.829,90.16,0.922
2001-05-08,20.183,32.007,97.49,0.94
2001-05-09,19.867,128.802,99.56,1.136
2001-05-10,20.852,20.915,95.4,1.14
2001-05-11,22.003,29.381,89.65,1.031
2001-05-12,20.546,114.291,97.65,1.21
2001-05-13,20.731,57.317,92.27,0.792
2001-05-14,22.074,3.178,85.38,0.286
2001-05-15,22.837,8.869,85.12,0.105
2001-05-16,21.843,14.508,89.92,0.278
2001-05-17,22.399,2.204,86.52,0.146
2001-05-18,23.26,1.078,83.1,0.184
2001-05-19,23.38,1.539,82.33,0.166
2001-05-20,22.224,3.131,86.82,0.256
2001-05-21,22.708,5.993,85.88,0.401
2001-05-22,22.241,7.623,90.34,0.654
2001-05-23,22.018,8.782,90.02,0.793
2001-05-24,22.461,5.975,87.55,0.688
2001-05-25,23.141,2.471,85.32,0.496
2001-05-26,23.027,2.785,85.35,0.449
2001-05-27,22.903,16.093,89.59,0.044
2001-05-28,22.631,2.559,90.6,0.129
2001-05-29,23.325,6.683,86.85,0.139
2001-05-30,22.672,15.145,92.78,0.521
2001-05-31,22.124,5.683,90.1,0.839
2001-06-01,21.894,9.302,92.59,0.834
2001-06-02,21.422,11.866,96.02,0.926
2001-06-03,20.588,25.544,99.7,0.994
2001-06-04,20.36,24.238,99.48,0.971
2001-06-05,20.794,8.496,95.17,1.068
2001-06-06,21.805,4.109,90.02,1.026
2001-06-07,21.886,14.5,90.23,1.054
2001-06-08,21.304,7.769,94.94,0.973
2001-06-09,21.732,8.037,94.76,0.727
2001-06-10,22.688,7.696,91.53,0.581
2001-06-11,23.209,12.562,89.23,0.893
2001-06-12,23.007,9.649,86.98,1.453
2001-06-13,21.366,33.956,95.58,1.364
2001-06-14,20.859,22.538,98.94,1.305
2001-06-15,20.804,31.309,97.16,1.327
2001-06-16,20.858,62.781,98.86,1.715
2001-06-17,20.251,37.741,99.63,1.292
2001-06-18,21.323,12.956,92.9,1.547
2001-06-19,21.547,6.993,91.55,1.252
2001-06-20,22.109,6.465,90.25,1.36
2001-06-21,23.247,4.18,86.39,1.384
2001-06-22,23.297,43.116,89.99,0.835
2001-06-23,23.012,13.49,88.21,0.976
2001-06-24,23.121,5.666,87.69,1.053
2001-06-25,23.155,2.205,85.24,0.965
2001-06-26,23.022,9.572,87.16,0.958
2001-06-27,23.105,1.26,82.97,1.173
2001-06-28,23.023,5.813,86.09,1.262
2001-06-29,21.726,10.738,94.46,1.317
2001-06-30,20.909,14.107,98.8,0.961
2001-07-01,20.967,12.907,97.94,0.764
2001-07-02,21.432,13.176,92.99,0.775
2001-07-03,22.693,7.316,88.09,0.631
2001-07-04,22.935,16.192,91.19,0.47
2001-07-05,23.342,7.246,90.0,0.544
2001-07-06,23.144,4.19,87.6,0.81
2001-07-07,23.089,7.281,90.87,0.896
2001-07-08,22.741,15.4,93.24,0.975
2001-07-09,22.38,11.19,92.48,1.109
2001-07-10,22.244,18.843,91.25,1.15
2001-07-11,22.155,7.099,88.63,1.329
2001-07-12,20.983,17.102,96.67,0.832
2001-07-13,21.471,8.972,93.38,0.74
2001-07-14,22.215,10.825,90.53,0.876
2001-07-15,22.82,2.933,86.87,1.201
2001-07-16,23.094,3.966,86.4,1.316
2001-07-17,22.673,13.137,89.97,1.189
2001-07-18,22.678,10.621,88.88,1.216
2001-07-19,22.004,4.924,92.98,1.203
2001-07-20,21.512,18.004,95.69,1.035
2001-07-21,21.697,6.124,92.8,0.901
2001-07-22,21.883,15.654,93.05,0.64
2001-07-23,21.989,10.288,93.41,0.729
2001-07-24,21.682,9.616,93.28,0.973
2001-07-25,21.974,7.647,91.3,0.96
2001-07-26,21.729,11.278,92.86,0.997
2001-07-27,21.535,8.878,93.9,1.004
2001-07-28,22.164,3.142,88.15,1.089
2001-07-29,21.864,9.196,90.68,0.999
2001-07-30,22.087,6.591,91.34,0.956
2001-07-31,21.246,17.754,97.7,0.851
2001-08-01,20.721,15.995,99.43,0.795
2001-08-02,21.886,6.966,94.05,0.466
2001-08-03,21.877,24.611,96.21,0.456
2001-08-04,22.106,28.491,93.71,0.387
2001-08-05,22.454,15.401,92.03,0.341
2001-08-06,22.59,14.103,91.41,0.24
2001-08-07,22.769,13.175,91.8,0.07
2001-08-08,22.092,12.556,95.32,0.216
2001-08-09,22.271,17.209,92.8,0.38
2001-08-10,22.575,7.081,89.17,0.446
2001-08-11,22.849,7.102,89.19,0.201
2001-08-12,22.673,6.054,90.86,0.346
2001-08-13,22.128,34.677,94.86,0.81
2001-08-14,21.715,11.751,92.57,1.302
2001-08-15,22.176,3.442,88.26,1.189
2001-08-16,23.009,3.784,88.18,0.989
2001-08-17,23.429,12.411,89.14,0.76
2001-08-18,23.571,12.556,91.52,0.626
2001-08-19,23.952,5.877,89.63,0.49
2001-08-20,23.778,16.043,89.18,0.814
2001-08-21,23.195,2.656,85.94,0.944
2001-08-22,23.125,1.741,84.7,0.954
2001-08-23,23.823,0.926,82.21,0.96
2001-08-24,23.233,7.666,87.39,0.945
2001-08-25,22.802,3.432,89.24,1.048
2001-08-26,22.741,6.414,90.76,0.984
2001-08-27,22.947,7.32,91.27,0.667
2001-08-28,23.118,12.632,92.22,0.38
2001-08-29,23.189,12.487,91.71,0.723
2001-08-30,23.158,11.502,90.55,0.772
2001-08-31,22.563,8.426,89.34,0.924
2001-09-01,22.29,3.197,86.58,0.898
2001-09-02,22.377,1.314,85.37,0.66
2001-09-03,22.295,1.764,89.09,0.444
2001-09-04,22.326,2.921,88.15,0.567
2001-09-05,22.74,5.653,89.14,0.821
2001-09-06,22.331,5.689,92.05,0.931
2001-09-07,21.581,12.389,92.69,0.786
2001-09-08,21.714,9.622,90.86,0.409
2001-09-09,21.871,6.999,90.67,0.493
2001-09-10,21.64,10.996,92.71,0.569
2001-09-11,21.966,12.007,92.97,0.79
2001-09-12,21.862,3.055,88.14,0.837
2001-09-13,21.992,2.328,87.96,0.425
2001-09-14,22.25,4.195,88.27,0.135
2001-09-15,22.016,11.781,92.53,0.127
2001-09-16,21.664,48.467,95.57,0.323
2001-09-17,20.847,13.641,96.65,0.861
2001-09-18,20.555,10.67,96.6,1.111
2001-09-19,20.894,5.048,92.97,0.792
2001-09-20,21.723,1.985,89.41,0.213
2001-09-21,22.148,7.706,91.9,0.241
2001-09-22,21.706,12.162,94.96,0.318
2001-09-23,21.456,10.153,94.14,0.294
2001-09-24,21.663,8.854,93.2,0.326
2001-09-25,22.141,7.6,91.61,0.361
2001-09-26,22.078,9.859,91.64,0.368
2001-09-27,22.194,10.532,93.11,0.43
2001-09-28,22.692,4.884,90.22,0.459
2001-09-29,22.656,9.439,89.42,0.37
2001-09-30,22.082,13.414,91.62,0.357
2001-10-01,21.907,13.083,93.46,0.16
2001-10-02,21.686,8.0,94.01,0.347
2001-10-03,21.828,3.868,89.28,0.419
2001-10-04,22.091,2.705,90.27,0.249
2001-10-05,21.981,0.696,89.87,0.349
2001-10-06,22.413,0.447,85.65,0.146
2001-10-07,22.172,2.819,88.64,0.233
2001-10-08,22.395,3.745,90.77,0.203
2001-10-09,21.863,8.546,92.3,0.394
2001-10-10,21.246,7.928,96.36,0.346
2001-10-11,21.573,2.927,90.77,0.244
2001-10-12,21.538,9.614,92.59,0.312
2001-10-13,21.57,4.181,93.63,0.305
2001-10-14,21.384,3.096,91.19,0.364
2001-10-15,21.674,4.309,91.11,0.411
2001-10-16,21.747,2.602,88.64,0.337
2001-10-17,21.927,1.667,88.82,0.235
2001-10-18,21.106,4.566,91.34,0.375
2001-10-19,20.887,2.95,93.03,0.371
2001-10-20,20.941,1.843,91.13,0.276
2001-10-21,21.401,0.623,86.63,0.344
2001-10-22,21.496,0.579,87.02,0.445
2001-10-23,22.309,0.468,83.91,0.342
2001-10-24,22.044,0.45,84.31,0.492
2001-10-25,21.613,0.09,81.53,0.3
2001-10-26,21.255,6.839,89.71,0.521
2001-10-27,20.581,5.86,95.6,0.78
2001-10-28,20.148,1.738,96.65,0.571
2001-10-29,20.817,3.197,91.03,0.487
2001-10-30,20.482,5.957,92.92,0.554
2001-10-31,19.875,7.434,93.28,0.738
2001-11-01,19.811,7.869,95.41,0.506
2001-11-02,20.617,1.554,91.54,0.302
2001-11-03,20.591,1.947,90.9,0.199
2001-11-04,20.795,0.869,90.52,0.28
2001-11-05,20.755,3.049,91.54,0.504
2001-11-06,20.658,7.969,91.35,0.536
2001-11-07,20.481,1.62,91.67,0.381
2001-11-08,19.818,0.627,90.99,0.306
2001-11-09,19.787,0.185,89.35,0.534
2001-11-10,20.653,2.449,88.35,0.161
2001-11-11,19.401,17.773,98.43,0.63
2001-11-12,18.938,3.635,97.31,0.72
2001-11-13,19.376,0.241,91.67,0.465
2001-11-14,20.406,0.456,88.26,0.269
2001-11-15,20.456,1.738,87.62,0.25
2001-11-16,19.055,1.919,91.47,0.162
2001-11-17,18.588,0.79,88.31,0.244
2001-11-18,18.27,0.08,85.7,0.256
2001-11-19,18.24,0.318,84.28,0.325
2001-11-20,17.487,4.71,88.48,0.548
2001-11-21,17.039,0.678,87.06,0.359
2001-11-22,16.644,0.349,85.79,0.314
2001-11-23,16.513,0.001,81.89,0.489
2001-11-24,17.216,0.076,82.41,0.438
2001-11-25,17.058,0.175,83.62,0.413
2001-11-26,17.243,0.079,79.73,0.328
2001-11-27,17.062,0.781,84.96,0.377
2001-11-28,16.037,0.001,75.87,0.59
2001-11-29,15.409,0.001,74.36,0.578
2001-11-30,15.573,0.002,81.53,0.36
2001-12-01,15.75,0.0,83.61,0.228
2001-12-02,15.612,0.001,82.96,0.276
2001-12-03,15.529,0.001,84.14,0.3
2001-12-04,15.73,0.002,84.02,0.282
2001-12-05,15.623,0.001,83.59,0.29
2001-12-06,15.547,0.004,83.12,0.295
2001-12-07,15.184,0.002,81.15,0.294
2001-12-08,14.579,0.003,78.47,0.412
2001-12-09,14.577,0.0,73.96,0.611
2001-12-10,13.895,0.001,72.59,0.564
2001-12-11,14.001,0.0,73.39,0.601
2001-12-12,14.423,0.0,73.49,0.601
2001-12-13,14.803,0.001,76.49,0.603
2001-12-14,16.261,0.001,76.43,0.739
2001-12-15,17.262,0.73,84.84,0.52
2001-12-16,16.949,0.012,80.86,0.534
2001-12-17,16.362,0.003,76.29,0.479
2001-12-18,15.463,0.0,74.33,0.595
2001-12-19,15.277,0.001,72.37,0.69
2001-12-20,15.703,0.0,69.79,0.736
2001-12-21,16.732,0.0,73.29,0.534
2001-12-22,16.612,0.001,78.61,0.486
2001-12-23,16.529,0.001,78.36,0.478
2001-12-24,17.119,0.166,81.16,0.247
2001-12-25,17.241,1.651,86.55,0.27
2001-12-26,16.498,0.017,82.42,0.306
2001-12-27,15.296,0.001,76.26,0.446
2001-12-28,15.016,0.001,74.37,0.477
2001-12-29,15.202,0.002,70.13,0.549
2001-12-30,14.993,0.001,67.34,0.376
2001-12-31,14.639,0.001,68.94,0.402
2002-01-01,14.79,0.0,74.8,0.5
2002-01-02,15.65,0.0,71.06,0.387
2002-01-03,15.683,0.001,69.78,0.412
2002-01-04,15.71,0.001,68.58,0.37
2002-01-05,14.771,0.003,65.55,0.498
2002-01-06,14.923,0.0,61.06,0.593
2002-01-07,16.017,0.003,66.83,0.479
2002-01-08,15.118,4.356,78.37,0.517
2002-01-09,14.523,0.294,80.08,0.3
2002-01-10,14.223,0.001,71.97,0.341
2002-01-11,14.075,0.001,70.77,0.341
2002-01-12,14.139,0.034,71.78,0.278
2002-01-13,14.762,0.0,71.22,0.293
2002-01-14,14.857,0.002,69.77,0.235
2002-01-15,14.289,0.004,69.5,0.399
2002-01-16,15.621,0.002,66.44,0.457
2002-01-17,15.894,0.0,62.77,0.606
2002-01-18,16.114,0.0,63.62,0.454
2002-01-19,16.169,0.0,64.04,0.61
2002-01-20,15.922,0.001,57.47,0.648
2002-01-21,16.13,0.0,58.3,0.645
2002-01-22,16.72,0.001,57.81,0.6
2002-01-23,16.44,4.59,72.42,0.473
2002-01-24,15.506,2.301,88.18,0.518
2002-01-25,14.572,0.049,73.58,0.384
2002-01-26,12.801,0.001,64.21,0.439
2002-01-27,13.3,0.001,59.07,0.641
2002-01-28,15.221,0.011,61.96,0.494
2002-01-29,15.856,0.62,74.16,0.486
2002-01-30,15.09,1.192,81.62,0.37
2002-01-31,15.021,0.009,74.61,0.176
2002-02-01,14.29,0.001,66.43,0.27
2002-02-02,14.055,0.0,64.11,0.241
2002-02-03,13.568,0.001,63.91,0.388
2002-02-04,14.14,0.003,65.44,0.5
2002-02-05,14.659,0.0,64.95,0.369
2002-02-06,15.382,0.003,55.37,0.552
2002-02-07,17.33,0.0,59.69,0.593
2002-02-08,18.47,0.004,60.59,0.404
2002-02-09,18.956,0.001,60.13,0.74
2002-02-10,19.453,0.0,57.62,0.829
2002-02-11,20.258,0.0,56.41,0.66
2002-02-12,19.951,0.0,52.49,0.632
2002-02-13,19.289,0.0,51.47,0.657
2002-02-14,18.852,0.001,55.99,0.493
2002-02-15,18.521,0.0,50.96,0.287
2002-02-16,18.187,0.003,48.26,0.383
2002-02-17,18.01,0.0,50.48,0.355
2002-02-18,18.496,0.001,52.19,0.312
2002-02-19,18.693,0.001,53.03,0.525
2002-02-20,17.722,0.002,44.51,0.721
2002-02-21,17.807,0.002,51.32,0.729
2002-02-22,18.792,0.002,50.82,0.683
2002-02-23,19.247,0.002,53.37,0.392
2002-02-24,19.803,0.002,53.59,0.817
2002-02-25,20.51,0.001,44.09,0.747
2002-02-26,20.789,0.003,52.95,0.328
2002-02-27,19.588,0.002,57.32,0.585
2002-02-28,18.666,0.0,43.93,0.766
2002-03-01,18.803,0.0,40.55,0.8
2002-03-02,19.736,0.001,44.53,0.379
2002-03-03,21.389,0.002,45.2,0.381
2002-03-04,20.636,0.191,62.16,0.059
2002-03-05,20.113,0.001,61.56,0.283
2002-03-06,19.766,0.001,41.3,0.578
2002-03-07,18.825,0.002,39.57,0.401
2002-03-08,19.067,0.001,37.39,0.238
2002-03-09,20.532,0.003,36.28,0.434
2002-03-10,21.513,0.0,49.15,0.321
2002-03-11,22.169,0.001,50.95,0.145
2002-03-12,22.369,0.004,54.58,0.42
2002-03-13,22.545,0.002,51.07,0.323
2002-03-14,22.178,0.0,42.78,0.438
2002-03-15,22.608,0.0,41.94,0.841
2002-03-16,21.971,0.253,49.4,0.7
2002-03-17,22.55,0.001,34.25,0.575
2002-03-18,23.307,0.0,30.48,0.095
2002-03-19,22.936,0.001,31.53,0.05
2002-03-20,22.893,0.0,36.2,0.362
2002-03-21,22.843,0.0,40.12,0.271
2002-03-22,21.98,0.001,42.0,0.166
2002-03-23,22.535,0.002,37.87,0.474
2002-03-24,22.23,0.157,56.49,0.818
2002-03-25,21.987,1.273,68.06,0.586
2002-03-26,23.168,0.019,59.15,0.561
2002-03-27,23.352,0.236,58.92,0.496
2002-03-28,22.756,0.505,63.99,0.17
2002-03-29,22.408,0.8,62.3,0.126
2002-03-30,21.787,1.1,62.03,0.152
2002-03-31,21.289,0.465,58.81,0.164
2002-04-01,20.264,2.898,70.6,0.431
2002-04-02,22.404,0.54,55.01,0.487
2002-04-03,20.31,2.093,61.26,0.32
2002-04-04,20.386,1.018,66.85,0.094
2002-04-05,22.962,0.002,55.0,0.314
2002-04-06,24.116,0.0,56.04,0.384
2002-04-07,24.488,0.015,57.53,0.474
2002-04-08,25.019,0.098,54.47,0.518
2002-04-09,23.556,1.101,63.25,0.582
2002-04-10,23.058,1.266,66.01,0.218
2002-04-11,21.398,8.59,73.29,0.285
2002-04-12,23.32,0.068,50.46,0.145
2002-04-13,22.857,0.163,47.33,0.108
2002-04-14,23.308,0.004,47.76,0.376
2002-04-15,23.289,0.044,58.77,0.575
2002-04-16,23.84,0.015,58.49,1.059
2002-04-17,23.906,0.195,61.76,0.803
2002-04-18,24.991,0.021,58.55,0.959
2002-04-19,25.262,0.034,59.98,0.939
2002-04-20,25.766,0.003,54.67,0.575
2002-04-21,25.398,0.603,56.71,0.604
2002-04-22,24.36,5.16,61.22,0.337
2002-04-23,22.595,11.053,73.81,0.275
2002-04-24,23.851,0.137,62.67,0.247
2002-04-25,24.546,0.084,55.94,0.408
2002-04-26,25.135,0.01,55.98,0.654
2002-04-27,24.811,0.023,49.39,0.735
2002-04-28,24.74,0.105,52.13,0.429
2002-04-29,24.86,0.098,54.25,0.532
2002-04-30,24.906,0.001,51.46,0.754
2002-05-01,24.978,0.003,49.03,0.423
2002-05-02,25.934,0.032,47.06,0.464
2002-05-03,25.768,0.016,48.59,0.573
2002-05-04,25.326,0.358,52.49,0.83
2002-05-05,24.408,0.65,64.66,0.641
2002-05-06,23.388,4.361,67.17,0.845
2002-05-07,20.683,22.596,93.83,0.569
2002-05-08,20.204,120.775,98.87,0.684
2002-05-09,21.126,23.657,95.33,0.828
2002-05-10,21.336,13.994,94.42,1.151
2002-05-11,21.663,10.996,91.97,1.072
2002-05-12,23.196,2.813,85.14,0.855
2002-05-13,23.307,3.023,86.67,0.774
2002-05-14,22.77,15.641,87.53,0.668
2002-05-15,22.457,14.413,89.3,0.412
2002-05-16,22.573,10.283,91.5,0.274
2002-05-17,22.948,18.765,90.65,0.385
2002-05-18,22.747,14.745,92.68,0.186
2002-05-19,23.038,30.75,88.53,1.418
2002-05-20,24.537,3.007,88.22,2.022
2002-05-21,24.161,3.218,85.97,1.771
2002-05-22,23.213,5.173,85.6,1.56
2002-05-23,22.997,4.087,85.08,1.083
2002-05-24,22.323,9.549,85.57,0.729
2002-05-25,21.669,6.754,87.58,1.016
2002-05-26,20.508,14.704,93.11,1.002
2002-05-27,20.819,12.017,89.97,0.82
2002-05-28,20.506,7.197,90.95,0.684
2002-05-29,21.936,3.21,85.94,0.592
2002-05-30,21.857,3.972,87.25,0.573
2002-05-31,21.425,8.342,88.71,0.533
2002-06-01,22.172,2.294,86.23,0.444
2002-06-02,22.262,3.347,86.3,0.307
2002-06-03,22.518,2.923,86.59,0.318
2002-06-04,22.984,3.588,85.2,0.256
2002-06-05,22.462,4.224,89.71,0.264
2002-06-06,22.879,3.106,84.48,0.492
2002-06-07,22.649,2.205,86.84,0.776
2002-06-08,22.251,7.767,90.9,0.528
2002-06-09,22.789,11.72,88.41,0.576
2002-06-10,22.71,13.798,89.94,0.798
2002-06-11,22.558,2.121,88.74,0.795
2002-06-12,21.848,16.546,93.02,1.037
2002-06-13,21.283,10.011,95.17,1.277
2002-06-14,21.537,11.788,93.88,1.124
2002-06-15,22.336,3.533,89.41,1.078
2002-06-16,23.434,3.091,85.36,0.767
2002-06-17,22.804,8.742,89.14,0.77
2002-06-18,23.339,4.642,86.24,0.913
2002-06-19,24.059,2.615,82.6,1.267
2002-06-20,23.616,6.024,83.01,1.535
2002-06-21,23.491,9.131,87.25,1.724
2002-06-22,22.624,10.888,90.76,1.843
2002-06-23,22.917,7.242,88.02,1.134
2002-06-24,22.67,4.899,88.53,1.27
2002-06-25,22.066,11.966,91.32,1.176
2002-06-26,21.817,5.719,92.22,0.838
2002-06-27,22.354,10.918,88.74,0.507
2002-06-28,22.808,3.566,87.4,0.756
2002-06-29,22.574,10.597,91.02,1.023
2002-06-30,22.481,11.112,93.91,0.843
2002-07-01,22.26,18.822,96.46,0.93
2002-07-02,21.808,23.415,96.93,1.202
2002-07-03,21.731,5.553,95.13,1.284
2002-07-04,21.695,12.617,96.78,1.144
2002-07-05,22.342,8.64,93.31,0.925
2002-07-06,22.491,1.904,90.31,1.07
2002-07-07,22.592,11.916,93.03,0.89
2002-07-08,23.104,11.715,92.93,0.61
2002-07-09,22.561,13.749,96.58,0.4
2002-07-10,21.929,10.68,97.01,0.71
2002-07-11,22.759,4.013,92.03,0.79
2002-07-12,22.281,14.716,94.51,0.324
2002-07-13,22.9,2.148,89.76,0.54
2002-07-14,22.937,4.786,88.31,0.492
2002-07-15,22.971,5.083,89.66,0.259
2002-07-16,23.212,11.131,91.71,0.541
2002-07-17,23.18,4.652,87.2,1.199
2002-07-18,22.859,7.621,87.56,1.352
2002-07-19,22.076,13.783,93.57,1.303
2002-07-20,21.217,18.769,97.45,1.339
2002-07-21,20.678,59.968,99.93,1.163
2002-07-22,20.948,99.468,99.93,1.483
2002-07-23,20.827,39.754,99.92,0.896
2002-07-24,22.281,1.646,91.51,0.743
2002-07-25,22.876,5.93,89.2,0.486
2002-07-26,22.698,7.409,91.36,0.347
2002-07-27,22.403,10.838,92.16,0.602
2002-07-28,22.768,5.113,88.52,0.59
2002-07-29,22.882,3.393,88.92,0.452
2002-07-30,22.354,4.942,90.09,0.812
2002-07-31,22.684,2.149,87.67,0.888
2002-08-01,22.746,10.533,89.62,0.479
2002-08-02,22.004,4.962,93.7,0.379
2002-08-03,21.522,10.052,93.88,0.363
2002-08-04,22.481,2.103,88.03,0.391
2002-08-05,22.797,8.076,88.56,0.524
2002-08-06,22.772,11.581,91.22,0.532
2002-08-07,23.419,10.275,91.08,0.257
2002-08-08,23.869,16.949,87.72,0.898
2002-08-09,22.679,4.214,88.59,1.766
2002-08-10,22.464,8.739,91.68,1.433
2002-08-11,22.24,4.811,94.2,1.133
2002-08-12,22.498,6.257,91.76,1.301
2002-08-13,22.542,3.405,91.81,0.92
2002-08-14,21.764,8.358,95.35,1.048
2002-08-15,22.28,10.461,91.61,1.157
2002-08-16,21.097,52.623,98.9,1.07
2002-08-17,21.568,8.802,91.52,1.167
2002-08-18,22.88,1.552,85.49,1.098
2002-08-19,22.803,4.366,87.26,0.729
2002-08-20,21.988,11.844,95.99,0.479
2002-08-21,21.836,19.185,96.67,0.477
2002-08-22,22.055,14.528,92.75,0.778
2002-08-23,21.58,15.93,92.35,0.531
2002-08-24,22.173,2.455,89.29,0.061
2002-08-25,21.536,6.544,92.01,0.132
2002-08-26,21.718,10.439,93.98,0.095
2002-08-27,22.047,10.273,92.92,0.319
2002-08-28,21.959,13.128,94.6,0.516
2002-08-29,21.726,11.321,91.71,0.551
2002-08-30,21.957,9.477,90.58,0.423
2002-08-31,22.059,6.785,90.94,0.36
2002-09-01,22.132,12.775,91.4,0.268
2002-09-02,22.429,7.724,91.04,0.045
2002-09-03,22.044,6.812,91.22,0.062
2002-09-04,21.676,9.99,92.11,0.232
2002-09-05,22.151,19.187,91.95,0.188
2002-09-06,21.946,13.438,94.27,0.229
2002-09-07,22.166,12.507,93.8,0.256
2002-09-08,21.579,44.752,95.8,0.761
2002-09-09,21.307,16.0,95.06,0.962
2002-09-10,21.485,8.577,95.32,0.903
2002-09-11,22.352,2.127,88.12,0.505
2002-09-12,22.114,11.797,90.03,0.163
2002-09-13,22.63,3.324,87.95,0.265
2002-09-14,21.788,6.613,91.32,0.063
2002-09-15,21.808,2.861,86.43,0.428
2002-09-16,21.399,3.846,90.73,0.322
2002-09-17,22.01,7.212,90.99,0.181
2002-09-18,22.196,14.927,92.45,0.343
2002-09-19,22.599,10.852,91.11,0.428
2002-09-20,22.479,16.326,92.12,0.401
2002-09-21,22.435,16.117,92.36,0.304
2002-09-22,21.703,30.451,96.48,0.263
2002-09-23,22.534,6.964,89.63,0.562
2002-09-24,22.867,3.523,87.39,0.857
2002-09-25,22.793,3.55,88.1,0.473
2002-09-26,22.206,16.124,92.54,0.485
2002-09-27,21.688,13.965,92.53,0.952
2002-09-28,21.625,2.851,89.59,0.671
2002-09-29,21.781,1.695,88.88,0.298
2002-09-30,21.903,0.224,86.89,0.039
2002-10-01,22.476,0.135,87.26,0.226
2002-10-02,22.166,2.831,88.19,0.141
2002-10-03,21.809,2.318,90.76,0.152
2002-10-04,21.905,2.614,90.79,0.24
2002-10-05,21.936,2.009,88.52,0.253
2002-10-06,22.05,5.839,91.07,0.393
2002-10-07,21.563,9.106,91.07,0.503
2002-10-08,21.446,8.862,89.84,0.266
2002-10-09,21.252,6.142,87.6,0.241
2002-10-10,21.251,3.582,89.48,0.253
2002-10-11,21.37,1.033,86.96,0.228
2002-10-12,21.286,1.599,87.02,0.264
2002-10-13,21.016,15.744,92.01,0.33
2002-10-14,19.845,29.414,99.33,0.714
2002-10-15,19.828,42.768,98.89,0.898
2002-10-16,20.645,3.456,94.83,0.695
2002-10-17,21.012,1.79,91.06,0.256
2002-10-18,21.401,0.961,89.39,0.347
2002-10-19,21.367,0.495,87.46,0.34
2002-10-20,20.427,6.451,92.4,0.493
2002-10-21,21.187,1.874,91.21,0.1
2002-10-22,21.559,0.492,86.59,0.095
2002-10-23,20.847,3.19,89.09,0.191
2002-10-24,20.332,5.147,91.11,0.227
2002-10-25,20.782,6.05,92.26,0.169
2002-10-26,21.282,5.144,91.42,0.145
2002-10-27,20.962,3.134,90.91,0.089
2002-10-28,20.55,0.624,86.93,0.252
2002-10-29,20.031,0.231,84.84,0.184
2002-10-30,19.158,0.026,84.42,0.12
2002-10-31,19.423,0.001,84.27,0.175
2002-11-01,20.069,0.0,84.07,0.374
2002-11-02,19.932,5.494,88.31,0.559
2002-11-03,19.614,5.463,92.26,0.379
2002-11-04,19.251,6.368,91.43,0.413
2002-11-05,19.131,3.306,89.9,0.361
2002-11-06,19.962,0.393,87.04,0.283
2002-11-07,20.207,0.476,86.78,0.434
2002-11-08,20.823,0.462,84.37,0.318
2002-11-09,20.778,0.618,84.14,0.272
2002-11-10,21.472,0.428,85.34,0.217
2002-11-11,19.932,10.28,95.9,0.595
2002-11-12,18.669,4.662,90.79,1.21
2002-11-13,19.165,8.346,95.46,0.948
2002-11-14,18.626,1.478,91.75,0.126
2002-11-15,17.944,0.002,83.96,0.405
2002-11-16,18.563,0.054,85.26,0.213
2002-11-17,18.394,0.014,84.77,0.199
2002-11-18,17.804,0.044,83.04,0.304
2002-11-19,16.802,0.009,82.55,0.345
2002-11-20,16.293,0.0,82.41,0.381
2002-11-21,17.771,0.035,81.29,0.559
2002-11-22,17.864,0.001,74.13,0.703
2002-11-23,17.962,0.0,77.76,0.59
2002-11-24,19.841,1.481,84.33,0.346
2002-11-25,20.048,5.503,94.26,0.463
2002-11-26,19.146,11.027,96.42,0.867
2002-11-27,19.311,2.46,93.4,0.27
2002-11-28,20.449,3.393,88.36,0.15
2002-11-29,19.959,7.914,96.91,0.249
2002-11-30,19.869,6.269,96.46,0.186
2002-12-01,19.364,5.997,93.28,0.485
2002-12-02,19.162,1.283,91.01,0.512
2002-12-03,19.376,0.171,87.11,0.083
2002-12-04,18.223,0.002,81.49,0.252
2002-12-05,16.167,0.003,80.7,0.467
2002-12-06,15.988,0.0,79.48,0.492
2002-12-07,15.718,0.001,79.63,0.515
2002-12-08,16.187,0.001,80.25,0.43
2002-12-09,16.34,0.001,79.6,0.318
2002-12-10,15.644,0.001,80.39,0.348
2002-12-11,16.216,0.002,80.83,0.294
2002-12-12,15.964,0.003,78.75,0.382
2002-12-13,16.076,0.0,77.45,0.443
2002-12-14,15.987,0.002,78.08,0.308
2002-12-15,16.113,0.007,76.88,0.309
2002-12-16,15.694,0.08,78.76,0.137
2002-12-17,15.403,0.363,82.0,0.042
2002-12-18,14.922,0.01,80.9,0.28
2002-12-19,14.956,0.0,75.23,0.565
2002-12-20,15.305,0.0,73.67,0.525
2002-12-21,15.047,0.008,75.38,0.567
2002-12-22,15.215,0.002,70.4,0.449
2002-12-23,14.745,0.003,72.95,0.319
2002-12-24,14.722,0.001,73.39,0.244
2002-12-25,13.964,0.002,72.66,0.329
2002-12-26,13.711,0.001,70.5,0.65
2002-12-27,13.207,0.001,71.56,0.461
2002-12-28,12.549,0.003,73.92,0.454
2002-12-29,12.509,0.003,68.69,0.481
2002-12-30,12.686,0.002,71.7,0.465
2002-12-31,13.853,0.0,70.94,0.389
2003-01-01,15.196,0.565,82.35,0.397
2003-01-02,15.937,0.001,77.6,0.379
2003-01-03,16.516,0.008,72.34,0.214
2003-01-04,16.678,0.346,73.29,0.445
2003-01-05,13.424,0.026,70.29,0.297
2003-01-06,14.394,0.0,68.85,0.411
2003-01-07,14.857,0.001,69.84,0.226
2003-01-08,14.21,0.002,71.78,0.219
2003-01-09,14.08,0.001,73.33,0.352
2003-01-10,14.319,0.001,72.22,0.33
2003-01-11,14.522,0.001,71.4,0.356
2003-01-12,14.515,0.003,69.71,0.439
2003-01-13,14.889,-0.0,66.98,0.492
2003-01-14,14.646,0.001,71.77,0.369
2003-01-15,15.229,0.001,68.67,0.457
2003-01-16,15.358,0.0,64.52,0.398
2003-01-17,15.211,0.001,62.38,0.444
2003-01-18,15.169,0.001,59.51,0.513
2003-01-19,15.241,0.001,60.03,0.457
2003-01-20,15.038,0.0,59.97,0.335
2003-01-21,14.321,0.001,65.38,0.22
2003-01-22,14.043,0.002,64.04,0.237
2003-01-23,13.319,0.001,61.13,0.233
2003-01-24,13.383,0.001,55.35,0.413
2003-01-25,13.834,0.0,56.66,0.583
2003-01-26,14.578,0.001,55.07,0.625
2003-01-27,15.112,0.001,57.71,0.389
2003-01-28,15.698,0.003,58.15,0.46
2003-01-29,16.082,0.002,53.34,0.473
2003-01-30,16.57,0.004,54.76,0.324
2003-01-31,16.87,0.006,67.75,0.403
2003-02-01,17.873,0.001,64.93,0.389
2003-02-02,18.957,0.002,62.51,0.517
2003-02-03,18.843,0.001,58.78,0.719
2003-02-04,19.398,0.006,61.62,0.501
2003-02-05,18.115,0.396,64.24,0.506
2003-02-06,16.399,0.669,66.05,0.166
2003-02-07,16.449,0.002,58.22,0.369
2003-02-08,16.611,0.0,56.92,0.292
2003-02-09,17.041,0.001,53.73,0.311
2003-02-10,17.314,0.0,47.23,0.454
2003-02-11,18.16,0.0,46.98,0.423
2003-02-12,18.663,0.018,52.66,0.262
2003-02-13,18.065,1.551,70.03,0.085
2003-02-14,15.66,5.468,84.62,0.352
2003-02-15,16.586,0.001,58.43,0.59
2003-02-16,16.556,0.005,52.97,0.432
2003-02-17,17.165,0.003,50.83,0.427
2003-02-18,18.456,0.003,51.15,0.473
2003-02-19,19.73,0.002,49.14,0.353
2003-02-20,19.965,0.117,53.22,0.496
2003-02-21,19.012,0.307,62.88,0.293
2003-02-22,17.364,0.001,49.47,0.554
2003-02-23,17.652,0.003,46.25,0.216
2003-02-24,18.103,0.002,42.57,0.394
2003-02-25,17.998,0.001,48.18,0.719
2003-02-26,18.655,0.002,47.82,0.589
2003-02-27,19.133,0.0,50.49,0.356
2003-02-28,19.897,0.002,48.97,0.298
2003-03-01,20.367,0.002,51.98,0.413
2003-03-02,21.146,0.025,56.8,0.305
2003-03-03,21.621,0.001,53.4,0.068
2003-03-04,21.953,0.168,56.92,0.667
2003-03-05,20.314,0.187,62.51,0.275
2003-03-06,19.076,0.0,37.32,0.518
2003-03-07,18.628,0.001,30.78,0.684
2003-03-08,17.929,0.001,34.15,0.749
2003-03-09,18.886,0.0,31.97,0.487
2003-03-10,19.274,0.0,37.36,0.11
2003-03-11,19.784,0.018,43.33,0.256
2003-03-12,20.889,0.011,46.83,0.361
2003-03-13,19.223,0.061,57.0,0.275
2003-03-14,19.692,0.297,58.74,0.083
2003-03-15,19.247,2.431,72.88,0.54
2003-03-16,18.89,5.034,86.02,0.361
2003-03-17,19.388,2.223,80.54,0.263
2003-03-18,18.948,1.668,76.97,0.173
2003-03-19,19.52,0.132,65.52,0.285
2003-03-20,20.475,0.039,53.37,0.358
2003-03-21,20.798,0.002,50.56,0.199
2003-03-22,20.965,0.0,50.93,0.268
2003-03-23,22.287,0.147,49.43,0.222
2003-03-24,22.916,0.192,50.37,0.063
2003-03-25,22.579,0.109,53.85,0.332
2003-03-26,21.779,0.916,62.53,0.258
2003-03-27,22.486,0.581,57.13,0.236
2003-03-28,21.823,2.004,61.76,0.152
2003-03-29,22.249,0.009,52.94,0.124
2003-03-30,21.687,0.398,61.14,0.348
2003-03-31,22.026,0.911,64.14,0.938
2003-04-01,20.573,11.888,80.49,0.763
2003-04-02,22.004,0.359,65.9,0.528
2003-04-03,22.713,0.109,61.71,0.345
2003-04-04,23.563,0.048,57.17,0.205
2003-04-05,24.694,0.038,57.5,0.227
2003-04-06,24.683,0.336,61.06,0.128
2003-04-07,25.324,0.002,51.35,0.466
2003-04-08,24.495,0.586,61.7,0.61
2003-04-09,24.554,0.278,53.69,0.466
2003-04-10,25.163,0.193,47.34,0.307
2003-04-11,24.865,0.336,50.24,0.381
2003-04-12,24.64,0.019,56.29,0.968
2003-04-13,24.733,0.023,57.95,0.733
2003-04-14,25.344,0.368,53.43,0.384
2003-04-15,25.509,0.209,56.08,0.284
2003-04-16,24.931,0.653,61.13,0.333
2003-04-17,23.609,4.549,68.2,0.676
2003-04-18,23.204,3.192,77.35,0.521
2003-04-19,23.721,2.111,73.95,0.455
2003-04-20,22.83,13.053,80.4,0.577
2003-04-21,24.173,0.408,71.53,0.569
2003-04-22,23.376,2.958,73.91,0.209
2003-04-23,24.243,0.135,60.9,0.167
2003-04-24,25.362,0.002,56.1,0.342
2003-04-25,25.123,0.057,59.84,0.216
2003-04-26,25.694,0.005,59.14,0.579
2003-04-27,26.316,0.029,52.59,0.497
2003-04-28,25.568,0.205,61.74,0.321
2003-04-29,25.11,1.429,63.72,0.214
2003-04-30,25.051,1.137,62.74,0.125
2003-05-01,21.956,8.134,75.5,0.595
2003-05-02,21.529,6.466,76.44,0.791
2003-05-03,20.989,12.907,91.61,1.044
2003-05-04,22.262,12.081,90.12,1.238
2003-05-05,22.713,7.733,86.95,0.979
2003-05-06,23.399,4.301,84.04,0.858
2003-05-07,24.872,0.119,71.21,0.395
2003-05-08,25.61,0.052,63.51,0.136
2003-05-09,26.194,0.282,52.86,0.136
2003-05-10,24.674,1.033,63.17,0.203
2003-05-11,24.619,0.255,60.53,0.072
2003-05-12,25.794,0.044,56.43,0.388
2003-05-13,23.658,22.183,81.72,0.306
2003-05-14,21.321,19.857,97.58,0.597
2003-05-15,21.141,31.738,97.83,0.85
2003-05-16,21.362,8.905,94.63,0.808
2003-05-17,22.637,2.001,87.19,0.698
2003-05-18,23.283,7.175,86.5,0.282
2003-05-19,23.882,3.423,88.84,0.227
2003-05-20,22.515,2.591,86.57,0.84
2003-05-21,22.235,9.029,85.48,0.827
2003-05-22,22.034,5.258,88.8,0.542
2003-05-23,22.46,13.235,89.06,0.468
2003-05-24,22.917,3.213,85.89,0.497
2003-05-25,23.398,2.376,83.16,0.708
2003-05-26,23.666,2.291,83.15,0.923
2003-05-27,23.322,5.226,84.6,0.94
2003-05-28,23.307,1.782,87.24,0.782
2003-05-29,25.356,0.17,75.42,0.468
2003-05-30,25.973,0.027,69.93,0.303
2003-05-31,26.0,0.071,70.62,0.357
2003-06-01,25.523,1.24,74.82,0.235
2003-06-02,24.538,8.111,85.43,0.157
2003-06-03,23.268,16.434,95.06,0.22
2003-06-04,22.051,42.796,97.57,0.431
2003-06-05,20.312,121.178,99.96,0.881
2003-06-06,21.075,45.863,97.78,1.001
2003-06-07,21.921,25.306,92.62,1.278
2003-06-08,21.766,30.692,95.27,1.035
2003-06-09,21.06,46.816,98.04,0.907
2003-06-10,20.384,64.75,99.98,0.684
2003-06-11,20.118,45.485,99.79,0.815
2003-06-12,21.082,36.981,99.07,0.82
2003-06-13,22.028,15.34,93.55,1.015
2003-06-14,22.521,3.338,87.59,1.05
2003-06-15,23.051,13.288,84.45,1.069
2003-06-16,21.464,21.754,96.01,0.969
2003-06-17,22.057,17.547,96.69,0.648
2003-06-18,22.681,14.175,90.2,0.793
2003-06-19,22.667,5.977,88.08,1.221
2003-06-20,21.672,30.681,97.44,1.454
2003-06-21,21.604,29.476,96.44,1.516
2003-06-22,21.302,10.466,96.8,1.115
2003-06-23,22.752,6.524,89.75,0.889
2003-06-24,22.433,12.296,91.82,1.139
2003-06-25,21.616,37.44,97.28,1.535
2003-06-26,21.022,26.288,99.68,1.375
2003-06-27,21.219,10.144,95.05,1.327
2003-06-28,21.281,20.243,96.9,1.263
2003-06-29,20.858,26.178,99.88,1.135
2003-06-30,21.247,9.096,94.05,1.176
2003-07-01,22.641,3.017,86.49,1.097
2003-07-02,22.591,5.193,88.92,0.796
2003-07-03,22.372,5.142,89.24,0.516
2003-07-04,23.025,8.328,88.75,0.372
2003-07-05,23.232,13.721,89.9,0.499
2003-07-06,22.861,7.359,88.91,0.715
2003-07-07,22.665,2.158,89.14,0.902
2003-07-08,22.871,2.634,87.19,0.951
2003-07-09,22.802,4.394,86.73,0.974
2003-07-10,22.3,5.582,89.29,1.203
2003-07-11,21.88,11.14,91.0,1.148
2003-07-12,22.324,8.593,89.32,1.036
2003-07-13,23.072,1.444,87.55,0.925
2003-07-14,22.621,17.567,91.2,0.75
2003-07-15,23.032,12.581,88.89,0.818
2003-07-16,22.892,8.846,88.49,0.558
2003-07-17,22.782,18.0,90.9,0.357
2003-07-18,22.615,6.582,88.03,0.496
2003-07-19,22.996,2.641,84.89,0.807
2003-07-20,22.632,5.682,89.01,0.911
2003-07-21,22.628,8.831,89.61,0.711
2003-07-22,23.033,10.18,89.02,0.675
2003-07-23,23.654,6.622,90.79,0.116
2003-07-24,23.5,16.454,92.09,0.682
2003-07-25,23.466,12.535,92.1,1.261
2003-07-26,22.757,7.743,89.35,1.589
2003-07-27,22.84,6.277,85.55,1.28
2003-07-28,22.474,5.711,88.67,1.007
2003-07-29,21.424,11.008,96.66,1.151
2003-07-30,21.567,4.989,94.51,1.187
2003-07-31,22.481,4.277,87.58,1.42
2003-08-01,22.318,5.142,87.48,1.155
2003-08-02,22.27,6.586,86.5,0.725
2003-08-03,22.707,7.933,89.39,0.248
2003-08-04,23.192,7.196,89.94,0.192
2003-08-05,23.641,15.956,88.01,0.175
2003-08-06,23.858,7.444,87.69,0.326
2003-08-07,23.655,8.835,88.95,0.539
2003-08-08,22.721,4.506,90.07,0.968
2003-08-09,22.05,12.822,94.42,0.939
2003-08-10,21.997,14.702,93.91,1.044
2003-08-11,22.492,6.993,90.44,1.156
2003-08-12,22.224,8.601,92.46,0.991
2003-08-13,22.552,15.465,91.82,0.839
2003-08-14,22.617,13.242,90.15,0.943
2003-08-15,22.534,14.254,92.01,0.79
2003-08-16,23.297,4.079,89.26,0.543
2003-08-17,23.43,3.223,87.68,0.471
2003-08-18,22.77,12.556,92.77,0.319
2003-08-19,22.582,6.776,94.66,0.217
2003-08-20,22.924,13.441,91.99,0.181
2003-08-21,23.538,17.108,91.42,0.372
2003-08-22,22.575,11.945,90.24,1.133
2003-08-23,22.852,3.018,84.98,0.752
2003-08-24,22.194,21.825,92.35,0.239
2003-08-25,22.553,10.199,92.71,0.146
2003-08-26,23.365,3.441,87.27,0.614
2003-08-27,22.792,2.837,83.75,1.545
2003-08-28,22.245,1.306,85.0,1.397
2003-08-29,22.018,4.825,86.59,1.239
2003-08-30,21.485,12.358,91.93,1.126
2003-08-31,21.597,35.322,96.01,1.081
2003-09-01,21.6,15.784,95.92,1.135
2003-09-02,21.669,8.46,92.7,1.143
2003-09-03,21.873,9.66,91.79,0.865
2003-09-04,22.268,8.355,89.66,0.567
2003-09-05,22.479,8.722,89.57,0.752
2003-09-06,22.639,12.005,87.99,0.985
2003-09-07,21.234,14.365,96.81,0.881
2003-09-08,22.046,7.148,93.28,0.642
2003-09-09,22.189,10.711,92.36,0.256
2003-09-10,22.22,18.034,96.57,0.203
2003-09-11,21.639,34.512,96.7,0.651
2003-09-12,22.567,12.391,92.14,0.506
2003-09-13,22.622,9.112,92.32,0.463
2003-09-14,22.45,13.461,93.59,0.332
2003-09-15,22.285,13.846,93.1,0.147
2003-09-16,22.112,11.338,93.1,0.258
2003-09-17,22.299,5.918,92.57,0.389
2003-09-18,22.567,2.556,88.04,0.489
2003-09-19,22.325,4.601,89.99,0.345
2003-09-20,22.014,9.412,94.04,0.256
2003-09-21,21.92,9.808,94.36,0.199
2003-09-22,21.822,9.109,93.85,0.238
2003-09-23,21.964,13.23,95.02,0.186
2003-09-24,21.654,16.489,95.08,0.347
2003-09-25,21.696,12.363,93.79,0.309
2003-09-26,22.322,4.91,90.02,0.179
2003-09-27,21.957,2.383,90.93,0.092
2003-09-28,22.002,1.492,89.08,0.106
2003-09-29,22.109,2.948,91.35,0.085
2003-09-30,22.748,3.707,90.29,0.132
2003-10-01,22.697,7.388,90.2,0.2
2003-10-02,22.177,7.857,93.25,0.3
2003-10-03,22.283,9.632,91.45,0.386
2003-10-04,22.372,5.745,90.29,0.455
2003-10-05,22.403,8.504,89.23,0.379
2003-10-06,22.527,11.499,89.85,0.531
2003-10-07,21.779,10.782,92.51,0.529
2003-10-08,21.238,14.656,94.98,0.613
2003-10-09,21.783,3.622,90.79,1.123
2003-10-10,21.625,7.411,93.25,1.29
2003-10-11,21.714,5.833,93.73,0.606
2003-10-12,21.527,4.937,95.62,0.083
2003-10-13,22.575,2.215,90.22,0.256
2003-10-14,22.269,5.23,93.26,0.184
2003-10-15,20.859,14.915,96.16,0.536
2003-10-16,21.342,5.422,90.92,0.332
2003-10-17,21.656,4.184,88.87,0.303
2003-10-18,21.392,5.041,90.51,0.252
2003-10-19,22.246,0.845,89.05,0.139
2003-10-20,21.556,3.629,90.94,0.255
2003-10-21,21.676,1.504,89.32,0.183
2003-10-22,21.859,2.142,89.34,0.142
2003-10-23,21.564,3.527,89.21,0.257
2003-10-24,20.709,7.277,92.93,0.388
2003-10-25,21.104,1.551,90.98,0.366
2003-10-26,21.428,0.792,86.13,0.35
2003-10-27,21.414,0.841,88.55,0.271
2003-10-28,21.216,0.905,89.07,0.396
2003-10-29,21.283,1.527,89.63,0.384
2003-10-30,21.246,0.839,87.59,0.364
2003-10-31,20.431,0.919,86.95,0.436
2003-11-01,19.881,0.047,82.75,0.521
2003-11-02,20.009,0.003,79.53,0.431
2003-11-03,19.983,0.004,79.54,0.347
2003-11-04,19.429,0.002,81.01,0.284
2003-11-05,18.936,0.002,81.37,0.152
2003-11-06,18.059,0.003,80.15,0.324
2003-11-07,18.619,0.046,80.17,0.275
2003-11-08,18.312,0.456,83.15,0.368
2003-11-09,18.452,0.069,80.76,0.28
2003-11-10,18.874,0.098,81.28,0.183
2003-11-11,18.974,0.147,80.56,0.292
2003-11-12,18.395,0.0,72.09,0.505
2003-11-13,18.229,0.001,70.59,0.545
2003-11-14,18.635,0.0,72.68,0.451
2003-11-15,18.09,0.001,73.75,0.382
2003-11-16,17.386,0.001,69.16,0.415
2003-11-17,16.908,0.002,69.21,0.409
2003-11-18,17.154,0.002,72.27,0.383
2003-11-19,17.023,0.001,70.95,0.475
2003-11-20,16.809,0.0,64.26,0.646
2003-11-21,16.831,0.0,72.53,0.474
2003-11-22,17.365,0.0,74.49,0.232
2003-11-23,17.369,0.0,72.06,0.375
2003-11-24,16.778,0.0,69.07,0.504
2003-11-25,17.033,0.001,69.98,0.403
2003-11-26,17.038,0.0,69.26,0.423
2003-11-27,16.542,0.002,65.29,0.546
2003-11-28,16.608,-0.0,70.87,0.548
2003-11-29,16.341,0.001,70.2,0.415
2003-11-30,15.972,0.002,66.7,0.493
2003-12-01,16.059,0.001,67.41,0.422
2003-12-02,16.283,0.001,66.43,0.384
2003-12-03,16.299,0.001,62.94,0.539
2003-12-04,15.927,0.003,66.4,0.502
2003-12-05,15.528,0.0,65.56,0.416
2003-12-06,15.269,0.001,65.75,0.419
2003-12-07,15.618,0.001,68.89,0.513
2003-12-08,17.606,0.064,70.97,0.468
2003-12-09,17.467,0.017,70.94,0.579
2003-12-10,17.254,0.004,72.47,0.461
2003-12-11,17.266,0.0,69.07,0.338
2003-12-12,17.091,0.002,67.24,0.505
2003-12-13,16.659,0.001,59.65,0.636
2003-12-14,16.777,0.0,59.24,0.552
2003-12-15,16.195,0.003,60.31,0.491
2003-12-16,17.424,0.006,63.92,0.219
2003-12-17,17.929,7.555,68.76,0.235
2003-12-18,17.306,4.37,93.24,0.672
2003-12-19,18.242,1.234,83.37,0.506
2003-12-20,17.114,1.377,84.69,0.576
2003-12-21,17.413,1.358,85.78,0.338
2003-12-22,17.669,0.055,80.03,0.239
2003-12-23,17.266,0.005,68.2,0.328
2003-12-24,16.267,0.001,71.35,0.193
2003-12-25,15.226,0.0,67.43,0.415
2003-12-26,14.833,0.002,69.24,0.327
2003-12-27,16.654,0.007,68.72,0.399
2003-12-28,16.714,0.378,70.67,0.069
2003-12-29,14.523,0.222,76.88,0.278
2003-12-30,15.44,0.0,72.15,0.401
2003-12-31,15.064,0.002,68.87,0.439
2004-01-01,14.873,0.0,66.3,0.407
2004-01-02,14.575,0.0,62.13,0.449
2004-01-03,14.401,0.0,59.71,0.451
2004-01-04,14.534,0.0,60.97,0.506
2004-01-05,15.231,0.001,64.22,0.509
2004-01-06,15.595,0.0,67.2,0.418
2004-01-07,16.071,0.001,65.97,0.4
2004-01-08,16.815,0.524,73.82,0.339
2004-01-09,14.587,0.058,68.32,0.488
2004-01-10,15.106,0.001,65.86,0.391
2004-01-11,15.764,0.002,58.61,0.421
2004-01-12,15.045,0.001,59.36,0.467
2004-01-13,15.045,0.0,61.2,0.342
2004-01-14,14.1,0.002,66.21,0.14
2004-01-15,14.118,0.002,64.84,0.585
2004-01-16,14.279,0.001,63.72,0.378
2004-01-17,14.963,0.003,66.22,0.143
2004-01-18,15.328,0.0,71.83,0.197
2004-01-19,15.934,0.0,65.9,0.391
2004-01-20,15.545,0.001,69.67,0.286
2004-01-21,15.12,0.001,67.9,0.167
2004-01-22,15.153,0.002,62.44,0.37
2004-01-23,16.821,0.001,67.14,0.371
2004-01-24,17.672,0.015,63.85,0.383
2004-01-25,16.051,0.042,67.34,0.188
2004-01-26,15.184,0.001,68.25,0.186
2004-01-27,14.457,0.002,53.99,0.309
2004-01-28,13.076,0.0,52.05,0.574
2004-01-29,13.814,0.003,54.14,0.329
2004-01-30,14.854,0.001,50.54,0.393
2004-01-31,15.829,0.0,49.22,0.499
2004-02-01,17.225,0.001,50.46,0.422
2004-02-02,17.48,0.0,60.44,0.242
2004-02-03,15.925,0.001,59.81,0.667
2004-02-04,13.753,0.0,52.63,0.534
2004-02-05,13.961,0.001,49.23,0.326
2004-02-06,14.691,0.001,49.06,0.391
2004-02-07,15.374,0.001,53.23,0.345
2004-02-08,15.63,0.001,54.68,0.264
2004-02-09,16.715,0.002,52.98,0.47
2004-02-10,16.734,0.001,50.32,0.599
2004-02-11,16.858,0.001,48.31,0.463
2004-02-12,17.517,0.0,46.76,0.478
2004-02-13,18.6,0.001,46.23,0.546
2004-02-14,17.996,0.002,50.62,0.531
2004-02-15,16.432,0.0,48.14,0.259
2004-02-16,16.968,0.0,49.79,0.54
2004-02-17,17.935,0.001,48.62,0.37
2004-02-18,18.839,0.001,44.31,0.467
2004-02-19,18.231,0.001,43.21,0.505
2004-02-20,18.068,0.001,49.73,0.23
2004-02-21,18.306,0.001,52.7,0.233
2004-02-22,18.002,0.002,49.51,0.261
2004-02-23,17.642,0.002,49.13,0.543
2004-02-24,17.872,0.0,48.2,0.355
2004-02-25,18.857,0.0,47.42,0.288
2004-02-26,19.199,0.003,50.96,0.146
2004-02-27,19.532,0.0,54.56,0.096
2004-02-28,19.171,0.001,58.97,0.112
2004-02-29,20.009,0.001,55.84,0.105
2004-03-01,20.085,0.002,55.11,0.072
2004-03-02,19.587,0.002,54.7,0.347
2004-03-03,20.165,0.001,38.81,0.316
2004-03-04,19.726,0.001,32.83,0.473
2004-03-05,19.682,0.0,39.09,0.433
2004-03-06,20.817,0.001,32.25,0.536
2004-03-07,22.401,0.008,36.67,1.315
2004-03-08,21.459,0.19,44.56,0.584
2004-03-09,22.851,0.044,47.59,0.203
2004-03-10,16.985,3.341,83.79,0.539
2004-03-11,19.59,0.001,62.85,0.439
2004-03-12,21.281,0.002,50.07,0.449
2004-03-13,21.935,0.001,42.91,0.64
2004-03-14,22.766,0.001,42.83,0.364
2004-03-15,23.139,0.001,41.87,0.09
2004-03-16,22.572,0.0,49.82,0.236
2004-03-17,22.643,0.005,50.02,0.232
2004-03-18,23.41,0.002,48.01,0.38
2004-03-19,23.142,0.003,48.07,0.856
2004-03-20,22.254,0.193,61.58,0.899
2004-03-21,23.011,0.002,54.23,0.961
2004-03-22,23.038,0.004,57.12,1.115
2004-03-23,23.529,0.001,60.41,1.157
2004-03-24,23.558,0.001,56.75,1.073
2004-03-25,23.692,0.002,56.8,0.768
2004-03-26,23.963,0.003,54.32,0.35
2004-03-27,24.487,0.004,51.32,0.38
2004-03-28,24.087,0.713,56.89,0.459
2004-03-29,24.421,0.316,56.14,0.703
2004-03-30,23.492,2.064,64.09,0.613
2004-03-31,21.73,1.826,69.98,0.428
2004-04-01,20.925,3.741,70.39,0.357
2004-04-02,22.937,0.118,57.96,0.352
2004-04-03,22.907,0.25,58.82,0.192
2004-04-04,23.155,0.418,60.69,0.36
2004-04-05,22.744,1.614,72.82,0.376
2004-04-06,22.202,3.568,78.36,0.402
2004-04-07,20.244,8.638,85.55,0.272
2004-04-08,20.818,2.128,76.08,0.576
2004-04-09,20.064,4.059,80.3,0.864
2004-04-10,21.489,1.889,79.74,1.071
2004-04-11,21.955,8.887,82.39,1.096
2004-04-12,22.907,2.804,76.74,1.158
2004-04-13,23.176,4.221,74.54,1.651
2004-04-14,22.662,2.192,75.65,2.006
2004-04-15,22.994,2.318,75.37,2.255
2004-04-16,22.096,7.918,85.15,2.021
2004-04-17,22.393,5.789,84.44,1.695
2004-04-18,22.022,18.092,84.05,1.441
2004-04-19,19.867,22.529,90.07,0.635
2004-04-20,20.007,9.2,90.27,0.513
2004-04-21,20.83,3.601,84.81,0.29
2004-04-22,21.46,4.287,82.76,0.279
2004-04-23,21.373,5.563,82.79,0.373
2004-04-24,22.259,0.851,75.07,0.089
2004-04-25,22.174,1.339,78.85,0.084
2004-04-26,23.53,0.274,71.36,0.015
2004-04-27,23.402,0.255,69.8,0.075
2004-04-28,23.036,0.389,71.13,0.221
2004-04-29,23.178,0.416,72.32,0.205
2004-04-30,23.058,0.639,72.95,0.236
2004-05-01,24.627,0.113,65.69,0.464
2004-05-02,24.48,0.47,71.93,0.359
2004-05-03,25.752,0.039,62.51,0.549
2004-05-04,25.717,0.0,44.35,0.39
2004-05-05,26.443,0.001,40.09,0.498
2004-05-06,25.106,0.003,60.16,0.164
2004-05-07,25.745,0.218,57.28,0.523
2004-05-08,26.268,0.069,56.91,0.531
2004-05-09,26.493,0.389,58.61,0.614
2004-05-10,25.982,1.23,66.84,0.792
2004-05-11,24.164,4.561,81.71,1.036
2004-05-12,23.788,2.752,81.67,1.14
2004-05-13,25.157,2.025,77.89,1.179
2004-05-14,24.631,8.42,82.73,0.719
2004-05-15,24.609,7.335,83.1,0.305
2004-05-16,24.991,25.605,86.0,0.093
2004-05-17,23.85,22.397,91.02,0.438
2004-05-18,23.379,12.769,90.11,0.949
2004-05-19,22.038,107.527,99.82,0.893
2004-05-20,23.173,7.006,87.51,0.977
2004-05-21,23.193,7.987,83.08,1.128
2004-05-22,22.152,19.949,89.21,1.14
2004-05-23,22.063,7.41,89.46,1.07
2004-05-24,21.638,5.782,88.8,0.577
2004-05-25,22.434,3.347,85.46,0.454
2004-05-26,22.793,2.236,85.62,0.281
2004-05-27,22.876,2.277,84.08,0.285
2004-05-28,22.224,7.291,88.69,0.277
2004-05-29,22.181,3.05,86.75,0.422
2004-05-30,22.183,4.514,85.83,0.347
2004-05-31,23.218,1.789,82.37,0.217
2004-06-01,22.728,10.469,89.64,0.387
2004-06-02,21.958,11.379,91.12,0.703
2004-06-03,21.906,5.897,89.41,0.912
2004-06-04,21.908,5.541,88.68,0.744
2004-06-05,22.2,7.115,89.67,0.47
2004-06-06,22.466,7.231,87.4,0.318
2004-06-07,23.315,1.707,84.23,0.181
2004-06-08,23.036,8.521,88.11,0.191
2004-06-09,22.919,12.124,91.62,0.336
2004-06-10,23.782,9.595,90.51,0.367
2004-06-11,23.857,9.077,91.47,0.578
2004-06-12,23.559,22.549,90.23,0.6
2004-06-13,22.867,15.048,91.09,0.815
2004-06-14,22.757,8.858,89.37,0.773
2004-06-15,22.616,8.699,89.23,0.639
2004-06-16,23.0,6.711,89.82,0.568
2004-06-17,22.965,54.395,92.82,0.613
2004-06-18,21.21,58.653,99.54,0.708
2004-06-19,21.044,30.116,99.74,1.151
2004-06-20,20.748,56.344,99.92,0.896
2004-06-21,20.418,37.996,99.81,1.356
2004-06-22,20.446,36.269,99.8,1.115
2004-06-23,21.124,17.493,96.61,0.979
2004-06-24,21.454,5.289,93.64,0.843
2004-06-25,22.985,2.214,85.0,0.653
2004-06-26,22.578,9.473,88.7,0.391
2004-06-27,22.404,5.003,89.34,0.637
2004-06-28,22.345,12.87,91.06,0.605
2004-06-29,22.647,1.648,86.17,0.733
2004-06-30,23.355,1.496,84.14,0.457
2004-07-01,23.475,17.198,89.72,0.119
2004-07-02,23.214,19.536,90.29,0.382
2004-07-03,23.16,7.229,87.92,0.922
2004-07-04,22.51,9.74,90.76,1.139
2004-07-05,21.492,10.002,95.37,0.89
2004-07-06,21.888,6.632,90.9,0.961
2004-07-07,21.448,7.997,90.04,1.115
2004-07-08,21.285,11.466,92.76,1.214
2004-07-09,20.266,37.507,99.69,1.002
2004-07-10,19.684,52.39,99.92,0.984
2004-07-11,20.15,30.283,98.95,1.226
2004-07-12,21.812,5.323,91.72,0.709
2004-07-13,22.047,13.252,94.09,0.245
2004-07-14,21.623,23.358,94.73,0.868
2004-07-15,21.886,6.477,89.79,1.627
2004-07-16,21.982,9.363,89.75,1.646
2004-07-17,21.047,16.975,96.91,1.233
2004-07-18,20.893,21.442,97.41,1.165
2004-07-19,21.108,48.185,98.82,1.05
2004-07-20,20.205,46.017,99.08,0.678
2004-07-21,21.565,8.918,93.62,0.587
2004-07-22,22.261,24.464,93.9,0.347
2004-07-23,22.464,15.708,93.23,0.374
2004-07-24,21.497,16.816,94.77,0.655
2004-07-25,21.985,9.725,90.85,0.592
2004-07-26,21.825,15.03,91.96,0.592
2004-07-27,22.488,13.445,88.31,0.774
2004-07-28,22.276,7.009,88.51,1.057
2004-07-29,21.559,7.786,92.03,1.085
2004-07-30,21.483,5.848,92.22,0.8
2004-07-31,22.186,7.838,89.14,0.718
2004-08-01,22.892,7.884,91.26,0.307
2004-08-02,23.087,19.163,90.43,0.278
2004-08-03,23.35,17.62,86.4,1.049
2004-08-04,21.551,18.202,92.77,1.262
2004-08-05,21.008,11.08,94.72,1.251
2004-08-06,22.227,4.358,90.27,1.213
2004-08-07,22.181,12.195,89.72,1.13
2004-08-08,21.971,16.271,92.68,0.887
2004-08-09,21.991,7.834,93.03,0.883
2004-08-10,22.313,21.42,91.38,0.915
2004-08-11,22.653,15.697,89.88,1.476
2004-08-12,21.467,46.028,98.75,1.315
2004-08-13,21.461,11.348,96.19,1.14
2004-08-14,21.622,7.949,94.44,1.022
2004-08-15,22.33,5.299,91.27,0.865
2004-08-16,23.005,5.78,90.44,0.486
2004-08-17,22.641,20.558,91.31,0.574
2004-08-18,22.654,8.122,91.41,0.754
2004-08-19,22.983,5.924,89.08,0.962
2004-08-20,23.499,1.633,86.06,1.067
2004-08-21,23.431,18.388,88.25,0.643
2004-08-22,23.343,7.286,87.92,0.638
2004-08-23,22.744,8.997,90.73,0.787
2004-08-24,22.93,1.705,89.36,0.803
2004-08-25,22.577,8.509,90.69,0.728
2004-08-26,21.883,12.028,93.19,0.757
2004-08-27,22.136,7.882,91.63,0.823
2004-08-28,22.523,9.167,91.29,0.734
2004-08-29,22.228,6.345,92.81,0.811
2004-08-30,22.179,12.401,90.57,0.823
2004-08-31,22.069,5.226,89.87,0.759
2004-09-01,21.865,8.167,91.97,0.615
2004-09-02,21.651,8.033,93.21,0.624
2004-09-03,22.337,5.043,91.55,0.414
2004-09-04,22.456,18.727,92.01,0.556
2004-09-05,22.445,3.619,90.49,0.659
2004-09-06,22.338,4.042,89.75,0.415
2004-09-07,22.621,2.353,86.85,0.408
2004-09-08,22.175,3.201,90.83,0.534
2004-09-09,22.032,22.679,96.19,0.373
2004-09-10,21.821,22.57,96.84,0.715
2004-09-11,20.709,25.598,98.28,1.245
2004-09-12,20.999,12.695,95.77,1.446
2004-09-13,20.85,12.721,97.51,1.079
2004-09-14,21.383,6.882,91.74,1.125
2004-09-15,21.768,6.37,88.39,1.138
2004-09-16,21.438,8.851,92.45,0.847
2004-09-17,21.767,13.203,93.15,0.549
2004-09-18,21.438,12.321,94.08,0.455
2004-09-19,21.816,12.177,91.74,0.216
2004-09-20,21.897,9.136,92.84,0.17
2004-09-21,21.659,21.113,94.08,0.189
2004-09-22,20.858,13.78,96.71,0.364
2004-09-23,21.468,2.812,91.35,0.253
2004-09-24,21.241,2.773,91.95,0.282
2004-09-25,21.479,4.165,92.29,0.256
2004-09-26,22.002,3.412,91.84,0.325
2004-09-27,21.788,6.561,91.0,0.313
2004-09-28,21.5,1.97,90.82,0.313
2004-09-29,22.122,1.031,87.84,0.178
2004-09-30,22.183,2.025,89.3,0.26
2004-10-01,22.278,6.021,89.29,0.378
2004-10-02,22.325,7.469,87.72,0.397
2004-10-03,21.578,5.671,89.03,0.46
2004-10-04,21.626,6.506,86.95,0.65
2004-10-05,20.481,7.536,91.78,0.856
2004-10-06,21.152,1.423,90.21,0.893
2004-10-07,21.209,3.412,86.7,1.215
2004-10-08,20.161,5.249,95.8,1.015
2004-10-09,21.066,1.791,94.56,0.229
2004-10-10,21.711,0.744,87.75,0.227
2004-10-11,21.989,0.811,87.27,0.289
2004-10-12,21.484,2.948,88.69,0.278
2004-10-13,20.835,12.212,92.46,0.364
2004-10-14,21.058,4.742,92.43,0.439
2004-10-15,19.989,16.177,96.31,1.03
2004-10-16,20.247,14.681,96.69,0.528
2004-10-17,20.818,2.545,92.62,0.162
2004-10-18,21.08,1.302,89.49,0.249
2004-10-19,21.304,0.838,89.48,0.193
2004-10-20,21.492,0.489,87.59,0.322
2004-10-21,21.343,1.244,88.59,0.275
2004-10-22,20.637,2.572,89.56,0.289
2004-10-23,20.223,1.493,88.31,0.277
2004-10-24,20.371,0.176,84.85,0.32
2004-10-25,20.268,0.125,84.89,0.311
2004-10-26,19.905,3.094,88.08,0.557
2004-10-27,19.789,0.294,82.54,0.397
2004-10-28,19.621,0.323,82.68,0.355
2004-10-29,19.589,0.52,83.63,0.366
2004-10-30,19.647,0.384,84.73,0.405
2004-10-31,19.505,0.136,88.17,0.383
2004-11-01,19.898,0.034,83.05,0.236
2004-11-02,19.366,0.005,81.83,0.261
2004-11-03,19.144,0.002,79.54,0.424
2004-11-04,19.495,0.014,81.24,0.5
2004-11-05,19.929,0.589,83.53,0.372
2004-11-06,20.055,0.253,82.44,0.289
2004-11-07,19.254,0.203,83.66,0.324
2004-11-08,18.84,0.003,79.15,0.243
2004-11-09,18.239,0.005,80.98,0.186
2004-11-10,18.096,0.001,82.17,0.301
2004-11-11,18.43,0.001,82.69,0.248
2004-11-12,18.278,0.001,78.04,0.445
2004-11-13,18.003,0.001,73.22,0.509
2004-11-14,16.819,0.0,70.71,0.59
2004-11-15,16.386,0.0,71.98,0.512
2004-11-16,16.736,0.001,74.33,0.398
2004-11-17,16.9,0.0,74.31,0.485
2004-11-18,16.765,0.001,72.75,0.514
2004-11-19,16.027,0.0,70.99,0.564
2004-11-20,16.553,0.001,71.6,0.554
2004-11-21,17.984,0.001,74.86,0.468
2004-11-22,17.904,0.083,76.03,0.628
2004-11-23,16.392,1.649,87.01,0.688
2004-11-24,17.236,0.006,76.89,0.518
2004-11-25,17.701,0.001,74.36,0.551
2004-11-26,17.828,0.002,72.01,0.462
2004-11-27,17.878,0.001,73.49,0.517
2004-11-28,18.079,0.044,71.85,0.38
2004-11-29,17.259,0.001,68.04,0.388
2004-11-30,17.26,0.002,67.52,0.36
2004-12-01,16.693,0.001,64.45,0.437
2004-12-02,16.253,0.002,68.2,0.415
2004-12-03,16.726,0.0,72.66,0.38
2004-12-04,17.161,0.016,72.22,0.2
2004-12-05,16.814,0.069,73.78,0.364
2004-12-06,16.822,0.0,66.19,0.476
2004-12-07,17.997,0.01,70.51,0.478
2004-12-08,17.845,0.01,69.3,0.264
2004-12-09,16.938,0.0,70.63,0.398
2004-12-10,17.151,0.001,69.49,0.31
2004-12-11,17.489,0.001,72.13,0.409
2004-12-12,18.208,0.0,71.22,0.318
2004-12-13,17.748,0.004,73.13,0.271
2004-12-14,17.422,0.023,73.07,0.14
2004-12-15,17.199,0.008,68.52,0.241
2004-12-16,16.887,0.003,66.47,0.376
2004-12-17,16.396,0.0,65.93,0.38
2004-12-18,16.454,0.002,69.45,0.273
2004-12-19,16.25,0.0,67.37,0.192
2004-12-20,15.926,0.001,66.14,0.294
2004-12-21,15.457,0.003,68.14,0.292
2004-12-22,15.642,0.001,70.64,0.421
2004-12-23,15.536,0.002,72.1,0.365
2004-12-24,15.943,0.0,67.01,0.494
2004-12-25,16.666,0.003,71.66,0.315
2004-12-26,15.768,0.003,73.85,0.223
2004-12-27,14.24,0.001,65.54,0.521
2004-12-28,14.832,0.001,67.08,0.395
2004-12-29,14.744,0.002,65.08,0.425
2004-12-30,14.212,0.003,70.16,0.254
2004-12-31,14.553,0.001,70.97,0.361
2005-01-01,15.291,0.001,68.88,0.528
2005-01-02,15.798,0.001,66.75,0.462
2005-01-03,16.331,0.001,66.92,0.453
2005-01-04,17.373,0.001,68.25,0.552
2005-01-05,17.261,0.001,60.53,0.452
2005-01-06,16.36,0.001,60.66,0.36
2005-01-07,15.796,-0.0,58.89,0.377
2005-01-08,15.089,0.0,60.83,0.311
2005-01-09,14.372,0.001,67.03,0.067
2005-01-10,13.396,0.0,61.3,0.397
2005-01-11,14.48,0.825,60.67,0.543
2005-01-12,13.041,3.57,85.02,0.597
2005-01-13,13.602,0.05,73.89,0.229
2005-01-14,13.58,0.001,69.89,0.265
2005-01-15,13.769,0.002,72.56,0.385
2005-01-16,14.634,0.001,70.0,0.328
2005-01-17,15.191,0.002,62.42,0.493
2005-01-18,15.505,0.001,60.99,0.45
2005-01-19,15.376,0.042,68.23,0.213
2005-01-20,14.485,0.006,68.39,0.414
2005-01-21,14.615,0.001,58.97,0.504
2005-01-22,15.114,0.0,63.65,0.44
2005-01-23,16.161,0.002,52.19,0.516
2005-01-24,15.603,0.0,58.36,0.258
2005-01-25,15.199,0.0,66.44,0.28
2005-01-26,15.577,0.0,64.18,0.489
2005-01-27,16.281,0.001,59.8,0.763
2005-01-28,17.413,0.0,48.36,0.798
2005-01-29,17.845,0.0,58.43,0.559
2005-01-30,18.399,0.001,56.09,0.457
2005-01-31,19.18,0.002,55.54,0.352
2005-02-01,18.687,0.001,58.46,0.254
2005-02-02,17.017,0.031,71.15,0.53
2005-02-03,16.121,0.001,61.38,0.48
2005-02-04,16.094,0.0,52.7,0.317
2005-02-05,16.178,0.0,46.04,0.247
2005-02-06,16.534,0.002,46.81,0.576
2005-02-07,17.406,0.001,51.53,0.698
2005-02-08,18.42,0.0,50.42,0.513
2005-02-09,18.745,0.0,53.98,0.742
2005-02-10,18.658,0.001,48.82,0.586
2005-02-11,18.569,0.0,46.8,0.344
2005-02-12,19.115,0.001,49.34,0.205
2005-02-13,19.735,0.621,54.63,0.981
2005-02-14,18.493,0.666,64.0,1.012
2005-02-15,18.69,0.003,56.88,0.758
2005-02-16,19.546,0.002,59.7,1.031
2005-02-17,20.041,0.024,66.03,0.56
2005-02-18,20.44,0.005,64.42,0.208
2005-02-19,21.473,0.004,53.78,0.308
2005-02-20,21.688,0.069,54.08,0.185
2005-02-21,21.645,0.127,54.24,0.438
2005-02-22,21.138,0.011,55.31,0.138
2005-02-23,20.262,0.001,49.56,0.283
2005-02-24,19.592,0.001,52.23,0.541
2005-02-25,19.55,0.0,47.57,0.333
2005-02-26,19.767,0.0,42.91,0.51
2005-02-27,19.834,0.003,42.98,0.548
2005-02-28,19.791,0.001,41.95,0.367
2005-03-01,20.151,0.001,46.66,0.312
2005-03-02,21.27,0.0,48.87,0.137
2005-03-03,21.973,0.003,49.8,0.326
2005-03-04,22.018,0.025,52.63,0.111
2005-03-05,22.581,0.146,49.93,0.61
2005-03-06,19.458,5.716,75.44,0.899
2005-03-07,21.041,0.056,62.07,0.388
2005-03-08,21.782,0.124,60.86,0.148
2005-03-09,22.043,0.001,56.99,0.476
2005-03-10,21.576,0.001,57.08,0.569
2005-03-11,21.801,0.523,62.48,0.417
2005-03-12,21.577,0.365,57.52,0.507
2005-03-13,22.099,0.108,49.92,0.311
2005-03-14,22.055,0.145,47.96,0.379
2005-03-15,18.117,5.26,68.81,0.534
2005-03-16,20.909,0.002,54.99,0.171
2005-03-17,22.033,-0.0,50.91,0.074
2005-03-18,22.478,0.0,53.52,0.137
2005-03-19,22.884,0.001,53.76,0.209
2005-03-20,22.712,0.017,53.74,0.72
2005-03-21,22.437,0.116,52.18,1.027
2005-03-22,23.214,0.002,49.78,0.962
2005-03-23,22.61,0.31,53.05,0.717
2005-03-24,22.123,5.363,54.86,0.657
2005-03-25,17.241,29.127,94.68,0.915
2005-03-26,19.403,0.626,73.86,0.458
2005-03-27,20.327,0.063,64.91,0.296
2005-03-28,21.721,0.001,57.81,0.493
2005-03-29,22.809,0.003,52.55,0.419
2005-03-30,23.061,0.001,54.91,0.272
2005-03-31,22.737,0.492,61.54,0.188
2005-04-01,23.323,0.223,58.91,0.229
2005-04-02,24.386,0.019,48.11,0.28
2005-04-03,24.788,0.001,39.44,0.332
2005-04-04,23.955,0.028,43.91,0.317
2005-04-05,23.175,0.053,53.74,0.397
2005-04-06,23.206,0.0,54.46,0.458
2005-04-07,23.584,0.0,47.11,0.392
2005-04-08,23.765,0.001,49.48,0.528
2005-04-09,24.42,0.076,52.98,0.575
2005-04-10,22.176,4.72,81.27,0.589
2005-04-11,20.757,10.225,87.75,0.343
2005-04-12,23.001,0.483,72.63,0.154
2005-04-13,23.986,0.002,60.25,0.536
2005-04-14,23.931,0.0,50.1,0.533
2005-04-15,24.356,0.0,53.09,0.458
2005-04-16,25.16,0.003,48.3,0.455
2005-04-17,25.513,0.025,53.36,0.688
2005-04-18,25.658,0.139,59.01,0.623
2005-04-19,26.028,0.409,51.39,0.593
2005-04-20,25.442,2.819,57.01,0.261
2005-04-21,25.834,0.107,45.15,0.242
2005-04-22,25.653,0.014,53.51,0.493
2005-04-23,25.823,0.017,52.16,0.565
2005-04-24,26.542,0.005,47.93,0.601
2005-04-25,25.909,1.687,57.01,0.681
2005-04-26,24.732,1.348,66.97,0.324
2005-04-27,22.35,7.628,76.45,0.532
2005-04-28,22.692,2.398,71.7,0.534
2005-04-29,22.378,3.315,74.46,0.458
2005-04-30,23.158,2.424,64.92,0.211
2005-05-01,23.244,1.071,65.99,0.098
2005-05-02,24.181,0.447,58.48,0.4
2005-05-03,21.917,4.072,76.95,0.111
2005-05-04,22.923,0.48,69.35,0.387
2005-05-05,22.484,1.357,68.84,0.025
2005-05-06,21.107,4.327,78.22,0.207
2005-05-07,21.777,1.492,76.23,0.127
2005-05-08,23.077,1.224,72.13,0.457
2005-05-09,22.01,5.077,85.46,0.497
2005-05-10,24.521,1.001,69.39,0.446
2005-05-11,25.314,0.688,64.96,0.458
2005-05-12,25.548,0.053,60.7,0.42
2005-05-13,25.526,0.001,57.5,0.415
2005-05-14,26.167,0.021,51.94,0.781
2005-05-15,26.345,0.784,57.37,1.134
2005-05-16,26.517,0.174,57.89,0.52
2005-05-17,26.622,0.112,61.35,0.947
2005-05-18,26.176,0.51,64.46,0.874
2005-05-19,25.318,3.848,69.51,0.613
2005-05-20,25.06,0.916,66.6,0.687
2005-05-21,23.938,4.386,71.02,0.431
2005-05-22,22.672,13.993,80.78,0.671
2005-05-23,23.464,6.2,83.37,0.618
2005-05-24,22.827,9.812,86.77,0.614
2005-05-25,22.204,10.304,89.7,0.539
2005-05-26,24.581,1.14,78.44,0.405
2005-05-27,25.243,1.899,76.05,0.691
2005-05-28,24.539,3.379,81.51,0.464
2005-05-29,25.261,0.608,74.3,0.223
2005-05-30,25.766,0.179,72.65,0.514
2005-05-31,26.027,0.879,71.96,0.784
2005-06-01,25.516,1.259,76.44,0.714
2005-06-02,24.905,2.713,78.41,0.542
2005-06-03,25.313,1.278,75.08,0.5
2005-06-04,25.773,2.646,70.32,0.423
2005-06-05,24.615,2.426,78.67,0.315
2005-06-06,24.493,1.077,82.39,0.179
2005-06-07,24.796,1.779,78.1,0.178
2005-06-08,26.496,0.314,67.92,0.485
2005-06-09,26.356,2.962,72.45,0.389
2005-06-10,24.898,18.242,83.68,0.182
2005-06-11,22.617,13.351,96.84,0.107
2005-06-12,23.786,0.296,81.12,0.376
2005-06-13,24.648,0.933,76.52,0.539
2005-06-14,24.028,6.737,83.93,0.707
2005-06-15,24.25,3.27,82.99,0.282
2005-06-16,24.019,13.107,88.75,0.34
2005-06-17,22.628,14.686,95.77,0.76
2005-06-18,23.095,2.565,87.92,0.875
2005-06-19,23.645,1.596,82.81,0.914
2005-06-20,24.275,1.166,78.81,0.693
2005-06-21,23.458,5.225,83.63,0.921
2005-06-22,23.437,6.129,84.09,0.954
2005-06-23,23.094,4.585,86.43,1.156
2005-06-24,22.371,12.335,92.59,1.207
2005-06-25,21.698,12.749,97.94,0.819
2005-06-26,22.149,14.329,93.68,1.377
2005-06-27,21.489,25.644,97.95,1.645
2005-06-28,22.244,18.226,91.18,1.511
2005-06-29,22.026,9.62,90.75,1.427
2005-06-30,21.792,16.569,94.44,1.223
2005-07-01,21.072,25.906,98.53,1.07
2005-07-02,21.128,41.0,96.3,1.083
2005-07-03,21.172,11.025,97.65,0.931
2005-07-04,21.064,10.991,95.48,1.131
2005-07-05,21.351,5.498,94.51,0.842
2005-07-06,23.006,5.069,88.8,0.587
2005-07-07,23.17,17.977,90.34,0.401
2005-07-08,23.5,6.397,84.13,1.084
2005-07-09,22.6,7.504,88.54,1.539
2005-07-10,21.989,6.9,90.35,1.289
2005-07-11,22.207,5.652,89.84,0.937
2005-07-12,22.589,3.615,86.32,0.585
2005-07-13,22.658,3.858,85.26,0.876
2005-07-14,22.305,2.569,87.54,0.981
2005-07-15,22.183,2.68,88.28,0.643
2005-07-16,22.446,4.049,88.09,0.353
2005-07-17,22.203,5.842,89.86,0.245
2005-07-18,23.015,2.042,83.66,0.386
2005-07-19,22.75,3.18,86.99,0.569
2005-07-20,22.538,6.386,90.29,0.624
2005-07-21,22.693,4.978,91.82,0.562
2005-07-22,22.966,22.77,92.51,0.449
2005-07-23,22.989,9.967,91.52,0.712
2005-07-24,23.247,11.602,87.58,0.818
2005-07-25,23.541,8.046,85.58,1.107
2005-07-26,23.663,8.183,84.46,1.13
2005-07-27,23.022,9.694,89.0,0.959
2005-07-28,23.118,9.993,88.5,1.049
2005-07-29,23.434,5.15,88.49,1.084
2005-07-30,23.241,4.823,87.57,1.116
2005-07-31,23.153,4.112,87.53,0.906
2005-08-01,23.528,14.436,88.95,0.584
2005-08-02,23.522,6.239,86.1,1.281
2005-08-03,23.145,2.817,84.83,1.453
2005-08-04,22.362,10.191,89.97,1.534
2005-08-05,21.719,26.827,95.66,1.562
2005-08-06,21.83,11.047,93.7,1.433
2005-08-07,22.286,13.021,93.2,1.291
2005-08-08,21.858,79.087,98.59,0.762
2005-08-09,22.905,24.007,94.31,0.726
2005-08-10,22.659,11.198,93.67,0.686
2005-08-11,22.391,7.077,93.62,0.221
2005-08-12,22.422,14.132,94.88,0.103
2005-08-13,22.631,30.254,95.05,0.366
2005-08-14,21.464,26.842,96.03,0.983
2005-08-15,22.342,4.736,88.53,1.049
2005-08-16,22.513,7.152,89.25,0.871
2005-08-17,22.682,6.461,90.69,0.717
2005-08-18,22.817,10.62,91.11,0.708
2005-08-19,22.289,24.055,92.91,1.348
2005-08-20,21.569,12.592,95.92,1.188
2005-08-21,21.925,6.933,91.6,1.325
2005-08-22,21.333,10.49,96.04,1.147
2005-08-23,21.472,11.494,94.82,1.201
2005-08-24,21.28,11.417,97.39,1.002
2005-08-25,21.363,12.917,95.34,0.652
2005-08-26,22.019,5.844,90.02,0.699
2005-08-27,21.146,10.64,95.47,0.588
2005-08-28,21.371,8.396,94.02,0.608
2005-08-29,22.017,4.391,91.74,0.268
2005-08-30,22.538,4.565,91.31,0.139
2005-08-31,22.551,7.062,93.97,0.128
2005-09-01,23.11,9.974,94.22,0.068
2005-09-02,23.218,14.013,94.77,0.294
2005-09-03,22.723,11.357,92.3,0.253
2005-09-04,22.622,13.701,94.4,0.118
2005-09-05,22.731,12.403,91.55,0.301
2005-09-06,22.898,12.579,91.17,0.316
2005-09-07,22.795,22.19,91.83,0.322
2005-09-08,22.917,12.216,91.94,0.263
2005-09-09,22.563,17.708,93.92,0.291
2005-09-10,21.878,39.351,96.22,0.512
2005-09-11,21.85,26.759,96.55,0.533
2005-09-12,22.171,20.795,95.7,0.763
2005-09-13,22.377,24.195,93.72,0.385
2005-09-14,22.945,10.194,90.48,0.277
2005-09-15,24.195,11.105,87.74,0.491
2005-09-16,22.055,25.725,97.59,0.749
2005-09-17,22.762,10.446,91.0,0.521
2005-09-18,23.085,9.615,91.31,0.342
2005-09-19,22.531,47.309,92.66,0.204
2005-09-20,20.395,90.549,98.42,0.906
2005-09-21,21.049,11.955,94.84,0.404
2005-09-22,21.417,9.783,92.78,0.153
2005-09-23,21.68,7.159,93.36,0.23
2005-09-24,21.87,4.242,93.67,0.134
2005-09-25,22.624,1.373,88.86,0.035
2005-09-26,22.846,8.109,89.95,0.123
2005-09-27,22.57,9.134,91.88,0.295
2005-09-28,22.264,15.624,92.63,0.206
2005-09-29,21.348,17.484,96.04,0.541
2005-09-30,21.275,17.632,94.63,0.977
2005-10-01,20.451,5.739,93.05,0.882
2005-10-02,21.725,0.352,85.43,0.652
2005-10-03,22.156,0.019,83.1,0.64
2005-10-04,21.656,1.592,87.73,0.318
2005-10-05,21.678,2.075,90.59,0.136
2005-10-06,21.845,2.429,89.15,0.246
2005-10-07,21.749,5.455,89.87,0.351
2005-10-08,21.92,6.542,90.26,0.478
2005-10-09,21.847,6.855,90.52,0.477
2005-10-10,21.612,15.898,91.49,0.447
2005-10-11,21.889,4.876,91.01,0.324
2005-10-12,22.515,1.144,88.07,0.272
2005-10-13,22.324,2.806,88.6,0.388
2005-10-14,21.947,7.952,89.76,0.39
2005-10-15,21.408,12.142,93.75,0.406
2005-10-16,21.377,6.689,91.24,0.346
2005-10-17,21.603,2.366,88.78,0.293
2005-10-18,21.226,5.584,91.14,0.369
2005-10-19,21.459,1.01,87.71,0.444
2005-10-20,20.91,7.185,88.94,0.565
2005-10-21,21.085,1.34,89.65,0.521
2005-10-22,21.056,2.128,88.27,0.387
2005-10-23,20.67,5.226,92.16,0.444
2005-10-24,19.515,1.72,94.08,0.554
2005-10-25,20.768,0.429,85.47,0.366
2005-10-26,21.04,0.959,88.24,0.381
2005-10-27,21.27,5.545,89.51,0.525
2005-10-28,20.539,3.477,93.89,0.412
2005-10-29,20.849,3.659,91.56,0.179
2005-10-30,20.851,1.67,89.19,0.152
2005-10-31,20.312,6.032,91.58,0.265
2005-11-01,20.085,2.281,90.89,0.283
2005-11-02,20.743,1.219,88.51,0.317
2005-11-03,21.122,1.144,86.46,0.296
2005-11-04,20.774,1.805,88.71,0.298
2005-11-05,20.796,0.312,87.38,0.201
2005-11-06,21.173,0.014,85.94,0.166
2005-11-07,21.282,6.378,86.82,0.216
2005-11-08,19.901,10.468,96.57,0.506
2005-11-09,19.216,8.307,97.91,0.415
2005-11-10,19.539,1.637,93.91,0.189
2005-11-11,19.867,0.424,88.26,0.176
2005-11-12,19.761,0.018,85.65,0.216
2005-11-13,18.056,0.007,83.88,0.265
2005-11-14,17.563,0.002,83.21,0.241
2005-11-15,18.152,0.037,83.4,0.093
2005-11-16,17.99,0.001,83.33,0.239
2005-11-17,17.063,0.003,82.05,0.375
2005-11-18,16.79,0.001,78.75,0.593
2005-11-19,18.096,0.002,79.26,0.603
2005-11-20,18.915,0.034,83.47,0.506
2005-11-21,18.959,0.029,82.36,0.387
2005-11-22,18.046,0.015,81.69,0.4
2005-11-23,16.822,0.003,78.89,0.417
2005-11-24,16.535,0.0,74.28,0.495
2005-11-25,16.613,0.0,73.79,0.463
2005-11-26,16.745,0.002,77.63,0.356
2005-11-27,17.125,0.0,78.9,0.384
2005-11-28,17.267,0.002,77.8,0.453
2005-11-29,17.537,0.002,74.38,0.504
2005-11-30,17.021,0.001,71.8,0.485
2005-12-01,17.086,0.001,73.3,0.501
2005-12-02,17.607,0.001,75.32,0.467
2005-12-03,18.082,0.002,73.95,0.406
2005-12-04,18.23,0.001,73.58,0.342
2005-12-05,18.265,0.0,73.77,0.368
2005-12-06,18.365,0.002,73.53,0.395
2005-12-07,18.582,0.042,75.76,0.331
2005-12-08,19.283,2.357,85.1,0.212
2005-12-09,19.216,0.095,81.67,0.068
2005-12-10,17.583,0.008,75.61,0.312
2005-12-11,16.955,0.007,75.6,0.379
2005-12-12,17.441,0.001,71.62,0.365
2005-12-13,17.166,0.001,73.37,0.313
2005-12-14,17.298,0.001,70.69,0.413
2005-12-15,17.929,0.001,73.6,0.386
2005-12-16,18.053,0.001,72.77,0.314
2005-12-17,18.384,0.001,74.1,0.233
2005-12-18,18.696,0.001,73.8,0.302
2005-12-19,19.602,0.016,75.24,0.044
2005-12-20,19.372,0.004,77.32,0.13
2005-12-21,18.314,11.999,90.76,0.395
2005-12-22,16.944,26.553,98.09,0.532
2005-12-23,15.548,16.335,98.88,0.778
2005-12-24,16.748,0.086,88.91,0.49
2005-12-25,15.852,3.117,90.1,0.477
2005-12-26,14.398,0.004,79.95,0.551
2005-12-27,15.076,0.001,78.69,0.406
2005-12-28,15.428,0.0,79.19,0.251
2005-12-29,14.765,0.002,77.99,0.408
2005-12-30,14.391,0.001,79.04,0.443
2005-12-31,14.36,0.0,77.59,0.474
2006-01-01,14.877,0.001,77.36,0.49
2006-01-02,15.242,0.001,77.01,0.414
2006-01-03,15.806,0.002,76.08,0.449
2006-01-04,16.161,0.0,75.51,0.488
2006-01-05,16.053,0.0,73.74,0.585
2006-01-06,16.574,0.001,72.35,0.562
2006-01-07,16.8,0.001,72.48,0.532
2006-01-08,16.219,0.0,73.45,0.584
2006-01-09,16.396,0.001,72.6,0.477
2006-01-10,16.005,0.001,71.03,0.469
2006-01-11,15.195,0.001,67.49,0.578
2006-01-12,15.157,0.001,66.42,0.548
2006-01-13,14.945,0.0,62.9,0.611
2006-01-14,14.626,0.0,60.53,0.556
2006-01-15,14.558,0.001,66.82,0.549
2006-01-16,14.355,0.002,68.68,0.331
2006-01-17,14.638,0.001,70.63,0.46
2006-01-18,15.582,0.001,70.66,0.485
2006-01-19,16.156,0.0,72.21,0.496
2006-01-20,15.977,0.001,70.94,0.63
2006-01-21,15.33,0.0,60.56,0.729
2006-01-22,14.885,0.0,55.77,0.773
2006-01-23,14.385,0.0,60.84,0.499
2006-01-24,15.54,0.0,58.87,0.532
2006-01-25,16.243,0.0,67.95,0.397
2006-01-26,16.427,0.0,66.39,0.327
2006-01-27,16.382,0.001,56.85,0.332
2006-01-28,16.236,0.002,58.64,0.346
2006-01-29,16.178,0.001,58.7,0.363
2006-01-30,16.667,0.001,61.32,0.35
2006-01-31,17.194,0.001,58.68,0.421
2006-02-01,17.405,0.002,59.53,0.491
2006-02-02,17.45,0.001,55.43,0.375
2006-02-03,17.923,0.002,62.98,0.241
2006-02-04,17.599,0.001,63.92,0.196
2006-02-05,16.824,0.001,56.83,0.599
2006-02-06,17.633,0.001,54.39,0.324
2006-02-07,18.435,0.0,57.35,0.317
2006-02-08,18.411,0.0,52.29,0.397
2006-02-09,18.067,0.002,45.75,0.443
2006-02-10,17.34,0.003,50.48,0.4
2006-02-11,17.019,0.501,55.97,0.418
2006-02-12,17.706,0.0,51.35,0.375
2006-02-13,17.739,0.001,46.33,0.397
2006-02-14,17.745,0.0,59.93,0.201
2006-02-15,18.671,0.002,61.4,0.266
2006-02-16,19.585,0.001,51.38,0.898
2006-02-17,19.436,0.003,52.57,0.534
2006-02-18,19.808,-0.0,55.57,0.348
2006-02-19,20.035,0.002,54.63,0.305
2006-02-20,20.199,0.0,59.44,0.357
2006-02-21,20.348,0.0,59.66,0.21
2006-02-22,20.616,0.003,60.06,0.125
2006-02-23,20.99,0.0,56.7,0.204
2006-02-24,20.906,0.0,53.26,0.173
2006-02-25,21.104,0.002,49.68,0.181
2006-02-26,21.375,0.0,48.41,0.115
2006-02-27,21.487,0.004,51.5,0.436
2006-02-28,21.995,0.001,53.0,0.449
2006-03-01,22.08,0.0,51.13,0.076
2006-03-02,22.541,0.193,52.22,0.32
2006-03-03,22.015,0.009,50.78,0.453
2006-03-04,21.558,0.0,45.85,0.346
2006-03-05,19.886,5.573,68.86,0.29
2006-03-06,20.799,0.165,66.05,0.147
2006-03-07,21.64,0.0,54.87,0.422
2006-03-08,22.583,0.001,48.4,0.508
2006-03-09,23.268,0.0,45.98,0.504
2006-03-10,23.719,0.0,49.5,0.262
2006-03-11,22.216,0.134,60.16,0.279
2006-03-12,21.035,0.641,56.13,0.29
2006-03-13,21.119,0.005,57.5,0.066
2006-03-14,22.195,0.003,54.62,0.197
2006-03-15,23.046,0.001,45.88,0.259
2006-03-16,21.994,0.043,55.23,0.388
2006-03-17,22.301,0.168,55.99,0.377
2006-03-18,21.693,0.001,44.85,0.814
2006-03-19,21.672,0.002,35.01,0.438
2006-03-20,21.902,0.0,30.61,0.285
2006-03-21,21.944,0.0,35.21,0.315
2006-03-22,22.506,0.004,45.78,0.322
2006-03-23,22.692,0.002,46.27,0.179
2006-03-24,22.944,0.001,43.4,0.256
2006-03-25,23.187,0.002,46.62,0.249
2006-03-26,23.985,0.001,44.84,0.181
2006-03-27,24.714,0.001,42.58,0.206
2006-03-28,25.307,0.001,39.08,0.543
2006-03-29,24.843,0.009,39.27,0.337
2006-03-30,24.533,0.028,30.61,0.371
2006-03-31,23.017,0.138,38.5,0.282
2006-04-01,23.539,0.004,44.13,0.308
2006-04-02,23.437,0.0,47.47,0.504
2006-04-03,23.523,0.039,47.08,0.674
2006-04-04,23.329,0.002,56.32,0.985
2006-04-05,23.409,0.48,64.45,0.892
2006-04-06,24.239,0.198,56.46,0.431
2006-04-07,24.794,0.001,54.11,0.549
2006-04-08,24.708,0.539,50.62,0.482
2006-04-09,24.489,0.091,53.11,0.75
2006-04-10,24.542,0.014,56.86,0.996
2006-04-11,24.851,0.431,62.99,1.17
2006-04-12,25.31,0.238,62.74,0.784
2006-04-13,26.117,0.256,56.84,0.714
2006-04-14,25.729,0.188,59.82,0.517
2006-04-15,25.034,0.866,62.79,0.324
2006-04-16,23.335,2.906,70.96,0.374
2006-04-17,22.245,8.522,81.54,0.131
2006-04-18,21.582,1.48,76.77,0.333
2006-04-19,21.766,3.5,75.4,0.193
2006-04-20,23.228,0.068,60.18,0.312
2006-04-21,23.615,0.001,46.01,0.703
2006-04-22,24.094,0.036,49.75,0.4
2006-04-23,24.549,0.022,48.91,0.402
2006-04-24,25.094,0.021,45.29,0.253
2006-04-25,25.618,0.002,44.69,0.31
2006-04-26,25.618,0.041,48.33,0.334
2006-04-27,25.145,0.138,55.01,0.378
2006-04-28,24.827,0.792,57.89,0.234
2006-04-29,23.944,0.013,59.64,1.039
2006-04-30,23.723,0.649,62.63,0.439
2006-05-01,24.638,0.728,63.0,0.246
2006-05-02,23.421,11.946,76.44,0.072
2006-05-03,24.667,0.136,67.11,0.499
2006-05-04,25.09,0.215,65.63,0.662
2006-05-05,25.305,0.352,63.2,0.615
2006-05-06,24.323,2.284,70.39,0.476
2006-05-07,22.199,10.454,82.02,0.548
2006-05-08,22.477,2.038,83.21,0.605
2006-05-09,21.702,9.978,86.09,0.713
2006-05-10,21.342,13.685,91.36,0.903
2006-05-11,21.624,7.309,89.49,0.67
2006-05-12,21.921,13.517,87.77,0.705
2006-05-13,22.128,13.514,88.89,0.54
2006-05-14,21.96,10.688,87.52,0.409
2006-05-15,21.27,11.602,90.67,0.408
2006-05-16,23.143,2.051,72.6,0.058
2006-05-17,23.445,1.44,76.42,0.05
2006-05-18,23.939,1.223,77.24,0.158
2006-05-19,23.419,10.137,82.41,0.172
2006-05-20,22.714,14.339,88.4,0.248
2006-05-21,22.977,9.179,85.52,0.322
2006-05-22,23.568,4.427,85.65,0.149
2006-05-23,23.348,23.646,86.63,0.119
2006-05-24,22.8,22.49,91.96,0.19
2006-05-25,22.81,48.806,92.95,0.632
2006-05-26,20.622,36.964,99.59,1.303
2006-05-27,22.054,6.112,89.55,1.255
2006-05-28,22.319,4.794,88.47,1.323
2006-05-29,21.12,14.769,97.53,1.188
2006-05-30,20.36,31.407,99.66,0.849
2006-05-31,21.263,10.708,94.63,0.99
2006-06-01,22.064,5.553,90.39,0.817
2006-06-02,23.223,2.814,86.8,0.507
2006-06-03,23.028,16.915,89.64,0.278
2006-06-04,22.791,12.666,91.26,0.704
2006-06-05,22.745,8.182,87.78,1.39
2006-06-06,22.334,13.366,93.45,1.545
2006-06-07,22.657,6.841,89.95,1.306
2006-06-08,22.617,15.04,88.7,1.325
2006-06-09,22.027,6.983,89.89,1.402
2006-06-10,21.627,16.156,94.1,1.511
2006-06-11,21.908,5.766,92.37,1.189
2006-06-12,22.049,9.452,91.03,1.06
2006-06-13,22.815,2.552,86.14,0.946
2006-06-14,22.769,4.158,87.12,0.644
2006-06-15,23.186,2.213,86.87,0.466
2006-06-16,23.098,3.449,86.2,0.263
2006-06-17,23.452,1.982,85.31,0.089
2006-06-18,23.934,2.973,86.1,0.065
2006-06-19,23.475,12.422,92.31,0.223
2006-06-20,23.094,39.923,93.73,0.152
2006-06-21,23.014,25.33,91.22,0.28
2006-06-22,22.557,17.102,91.88,0.397
2006-06-23,22.811,5.41,89.16,0.429
2006-06-24,22.526,12.777,92.36,0.22
2006-06-25,22.563,8.455,94.35,0.245
2006-06-26,22.593,12.727,92.58,0.35
2006-06-27,22.19,7.867,94.77,0.543
2006-06-28,23.598,3.104,86.76,0.391
2006-06-29,23.072,13.201,89.54,0.828
2006-06-30,23.907,4.002,87.38,1.066
2006-07-01,24.057,13.988,91.35,0.906
2006-07-02,23.746,11.497,91.73,1.115
2006-07-03,22.623,24.338,94.61,1.238
2006-07-04,22.139,11.713,93.95,0.96
2006-07-05,22.758,7.296,90.53,0.824
2006-07-06,22.355,11.339,93.05,1.007
2006-07-07,22.693,8.228,91.05,1.093
2006-07-08,22.039,18.826,98.02,0.993
2006-07-09,21.529,34.68,99.0,1.137
2006-07-10,21.688,23.985,98.61,0.892
2006-07-11,21.715,5.333,95.4,1.038
2006-07-12,22.664,4.002,90.07,0.992
2006-07-13,22.743,7.378,90.85,0.815
2006-07-14,23.037,5.771,87.72,1.166
2006-07-15,23.182,1.967,85.94,1.411
2006-07-16,23.56,4.792,86.92,0.986
2006-07-17,23.303,2.784,86.32,1.081
2006-07-18,22.284,10.488,91.7,1.153
2006-07-19,20.737,12.825,98.01,1.113
2006-07-20,21.553,4.645,92.14,1.126
2006-07-21,22.34,4.089,85.28,1.241
2006-07-22,21.813,4.347,89.26,0.801
2006-07-23,22.494,3.16,89.06,0.558
2006-07-24,22.982,3.002,87.66,0.575
2006-07-25,22.898,10.184,89.95,0.452
2006-07-26,21.641,19.858,99.01,0.741
2006-07-27,21.358,16.046,95.83,1.284
2006-07-28,21.586,25.782,96.61,1.347
2006-07-29,22.688,6.94,93.43,1.108
2006-07-30,22.281,14.663,92.36,0.671
2006-07-31,22.364,17.387,92.09,0.349
2006-08-01,22.632,19.402,93.54,0.721
2006-08-02,23.159,13.078,88.69,0.853
2006-08-03,21.818,10.99,92.51,0.794
2006-08-04,21.236,11.567,94.15,0.65
2006-08-05,20.901,6.092,93.36,0.399
2006-08-06,21.909,2.303,86.98,0.27
2006-08-07,21.674,9.442,91.7,0.365
2006-08-08,22.707,11.922,90.14,0.192
2006-08-09,22.562,14.304,94.89,0.107
2006-08-10,23.604,10.27,90.63,0.37
2006-08-11,24.313,5.527,83.84,0.959
2006-08-12,23.029,12.371,89.27,0.965
2006-08-13,22.537,12.176,91.42,0.655
2006-08-14,21.85,28.962,97.09,0.709
2006-08-15,22.173,16.49,94.47,0.632
2006-08-16,22.929,4.06,89.19,0.568
2006-08-17,22.323,15.026,91.89,0.772
2006-08-18,22.409,5.489,91.25,0.585
2006-08-19,22.456,14.889,92.56,0.352
2006-08-20,22.604,16.45,95.38,0.235
2006-08-21,22.072,14.178,88.43,1.282
2006-08-22,21.875,12.59,91.15,1.247
2006-08-23,22.037,4.497,90.15,1.136
2006-08-24,22.372,5.035,88.79,1.048
2006-08-25,22.232,4.606,91.66,0.597
2006-08-26,22.801,1.911,87.0,0.666
2006-08-27,22.942,13.8,90.29,0.458
2006-08-28,23.125,16.671,90.02,0.638
2006-08-29,21.658,13.886,94.85,1.012
2006-08-30,22.114,7.47,89.75,0.469
2006-08-31,22.38,7.115,90.14,0.084
2006-09-01,22.42,15.933,92.57,0.238
2006-09-02,22.455,12.562,93.08,0.446
2006-09-03,22.289,4.372,88.14,0.876
2006-09-04,22.4,2.16,87.42,0.368
2006-09-05,22.572,1.912,87.06,0.063
2006-09-06,22.767,7.403,90.43,0.351
2006-09-07,23.023,1.837,88.45,0.29
2006-09-08,23.196,0.867,86.73,0.264
2006-09-09,22.831,7.896,91.14,0.085
2006-09-10,21.754,11.565,95.81,0.317
2006-09-11,21.534,9.4,94.62,0.434
2006-09-12,22.279,0.167,86.14,0.394
2006-09-13,22.856,3.734,86.16,0.073
2006-09-14,22.401,14.74,93.02,0.3
2006-09-15,21.623,10.867,97.76,0.45
2006-09-16,22.249,7.744,92.99,0.258
2006-09-17,22.41,10.57,91.84,0.168
2006-09-18,22.615,23.081,92.64,0.092
2006-09-19,21.899,39.258,96.32,0.91
2006-09-20,20.383,28.96,99.26,1.055
2006-09-21,20.718,6.658,93.04,1.246
2006-09-22,20.142,16.063,98.46,1.073
2006-09-23,21.757,1.08,89.01,0.934
2006-09-24,22.001,2.192,88.45,0.426
2006-09-25,22.407,4.904,90.12,0.177
2006-09-26,22.864,3.462,91.12,0.278
2006-09-27,22.966,4.921,92.68,0.416
2006-09-28,22.797,14.963,93.34,0.294
2006-09-29,21.957,17.045,93.83,0.393
2006-09-30,22.303,9.475,93.35,0.198
2006-10-01,21.954,10.539,95.02,0.217
2006-10-02,22.669,1.74,90.19,0.256
2006-10-03,22.982,5.268,89.64,0.198
2006-10-04,22.075,9.389,95.6,0.152
2006-10-05,22.274,2.533,90.33,0.087
2006-10-06,22.134,4.263,91.73,0.078
2006-10-07,22.41,1.221,88.07,0.136
2006-10-08,21.943,28.982,93.09,0.093
2006-10-09,21.414,11.086,96.27,0.036
2006-10-10,21.543,10.576,92.41,0.237
2006-10-11,21.694,6.46,92.71,0.162
2006-10-12,21.997,6.353,90.76,0.169
2006-10-13,20.994,10.835,95.23,0.307
2006-10-14,20.973,2.196,91.78,0.228
2006-10-15,20.928,2.87,89.7,0.292
2006-10-16,21.11,2.089,88.94,0.345
2006-10-17,21.561,0.96,88.63,0.258
2006-10-18,21.402,1.671,89.76,0.335
2006-10-19,20.803,2.352,91.48,0.426
2006-10-20,20.738,2.274,90.91,0.485
2006-10-21,19.99,5.109,90.18,0.441
2006-10-22,20.127,0.796,87.49,0.443
2006-10-23,20.367,1.763,87.34,0.445
2006-10-24,20.555,1.338,87.15,0.533
2006-10-25,21.153,0.716,87.48,0.389
2006-10-26,20.592,5.482,88.97,0.517
2006-10-27,20.675,4.64,90.2,0.546
2006-10-28,20.314,2.559,91.02,0.557
2006-10-29,20.945,0.262,86.89,0.428
2006-10-30,21.676,1.075,85.24,0.439
2006-10-31,21.18,1.43,89.71,0.475
2006-11-01,20.717,2.161,87.3,0.446
2006-11-02,21.076,0.745,87.04,0.389
2006-11-03,21.187,0.57,86.24,0.409
2006-11-04,21.098,0.041,84.69,0.306
2006-11-05,20.576,0.029,83.71,0.436
2006-11-06,20.79,0.772,85.1,0.426
2006-11-07,19.835,3.597,89.16,0.556
2006-11-08,19.386,6.346,92.98,0.422
2006-11-09,18.517,4.946,95.15,0.603
2006-11-10,20.191,0.518,87.29,0.374
2006-11-11,20.189,1.738,88.08,0.597
2006-11-12,20.214,0.055,86.34,0.4
2006-11-13,19.589,1.857,87.81,0.395
2006-11-14,19.676,0.816,88.53,0.316
2006-11-15,20.259,0.002,84.32,0.259
2006-11-16,19.682,0.093,83.84,0.291
2006-11-17,18.634,0.001,81.91,0.402
2006-11-18,18.482,0.0,79.98,0.417
2006-11-19,17.743,0.0,77.56,0.36
2006-11-20,16.784,0.001,77.77,0.504
2006-11-21,16.727,0.002,78.71,0.542
2006-11-22,16.198,0.004,76.47,0.439
2006-11-23,15.923,0.001,75.36,0.487
2006-11-24,16.463,0.001,75.41,0.565
2006-11-25,16.707,0.018,78.5,0.62
2006-11-26,16.618,0.005,76.81,0.661
2006-11-27,15.587,0.001,69.84,0.582
2006-11-28,14.981,0.001,72.1,0.532
2006-11-29,15.123,0.0,73.74,0.602
2006-11-30,15.509,0.0,70.82,0.542
2006-12-01,15.572,0.001,72.1,0.605
2006-12-02,15.282,0.002,69.5,0.65
2006-12-03,14.744,-0.0,71.56,0.501
2006-12-04,15.296,0.0,75.11,0.449
2006-12-05,15.615,0.003,77.79,0.5
2006-12-06,15.556,0.0,73.16,0.589
2006-12-07,15.626,0.003,69.61,0.578
2006-12-08,15.644,0.002,71.03,0.578
2006-12-09,15.72,0.001,69.74,0.675
2006-12-10,15.521,0.001,72.24,0.666
2006-12-11,15.275,0.0,73.27,0.509
2006-12-12,15.399,0.003,73.54,0.59
2006-12-13,15.935,0.005,78.4,0.532
2006-12-14,15.498,0.002,78.35,0.323
2006-12-15,15.802,0.001,74.66,0.405
2006-12-16,16.523,0.0,76.99,0.484
2006-12-17,17.499,0.21,75.04,0.469
2006-12-18,16.731,0.162,76.88,0.483
2006-12-19,16.928,0.007,74.62,0.413
2006-12-20,16.922,0.32,78.91,0.521
2006-12-21,16.499,0.005,73.39,0.354
2006-12-22,16.807,0.148,74.52,0.267
2006-12-23,16.036,0.004,76.1,0.371
2006-12-24,15.705,0.002,75.92,0.336
2006-12-25,15.28,0.0,72.95,0.327
2006-12-26,14.744,0.001,73.16,0.366
2006-12-27,14.51,0.003,71.55,0.358
2006-12-28,14.138,0.001,71.55,0.407
2006-12-29,14.618,0.001,70.64,0.329
2006-12-30,14.109,0.005,70.46,0.514
2006-12-31,13.679,0.005,71.86,0.311
2007-01-01,13.487,0.001,74.73,0.283
2007-01-02,12.998,0.001,73.65,0.427
2007-01-03,13.116,0.0,73.77,0.475
2007-01-04,13.441,0.001,72.1,0.381
2007-01-05,14.087,0.0,74.5,0.452
2007-01-06,15.2,0.002,74.66,0.507
2007-01-07,15.143,0.001,72.52,0.493
2007-01-08,14.48,0.001,71.03,0.461
2007-01-09,13.967,0.0,69.25,0.567
2007-01-10,13.826,0.002,66.15,0.619
2007-01-11,14.127,0.0,66.17,0.611
2007-01-12,14.368,0.001,67.97,0.527
2007-01-13,14.332,0.0,62.12,0.71
2007-01-14,13.849,0.002,68.38,0.712
2007-01-15,13.357,0.001,66.37,0.563
2007-01-16,13.983,0.0,65.59,0.551
2007-01-17,13.716,0.001,71.12,0.616
2007-01-18,13.816,0.001,63.8,0.338
2007-01-19,13.13,0.0,65.16,0.284
2007-01-20,13.292,0.0,62.69,0.609
2007-01-21,13.574,0.0,62.59,0.628
2007-01-22,14.243,0.0,59.21,0.798
2007-01-23,14.131,0.002,66.04,0.49
2007-01-24,15.089,0.001,67.06,0.371
2007-01-25,15.444,0.002,63.44,0.506
2007-01-26,16.013,0.0,62.76,0.396
2007-01-27,16.479,0.002,66.85,0.379
2007-01-28,16.933,0.001,64.78,0.427
2007-01-29,16.648,0.0,60.21,0.47
2007-01-30,17.026,0.001,69.76,0.223
2007-01-31,16.858,0.196,73.34,0.298
2007-02-01,15.91,1.738,78.72,0.496
2007-02-02,15.395,0.972,76.71,0.528
2007-02-03,15.697,0.001,68.71,0.453
2007-02-04,15.767,0.697,73.17,0.586
2007-02-05,15.73,0.743,71.92,0.673
2007-02-06,15.806,1.409,79.76,0.384
2007-02-07,15.331,3.367,80.32,0.5
2007-02-08,16.09,0.066,69.16,0.63
2007-02-09,17.099,0.0,64.4,0.438
2007-02-10,17.663,0.001,63.95,0.37
2007-02-11,18.268,0.001,62.74,0.302
2007-02-12,17.132,0.054,66.2,0.118
2007-02-13,17.841,0.139,64.0,0.125
2007-02-14,14.853,18.116,92.72,0.778
2007-02-15,15.318,1.038,80.13,0.103
2007-02-16,13.753,0.002,60.58,0.773
2007-02-17,15.073,0.002,63.85,0.59
2007-02-18,15.39,0.002,58.83,0.659
2007-02-19,15.493,-0.0,55.4,0.724
2007-02-20,15.385,0.002,56.54,0.519
2007-02-21,15.897,0.0,58.24,0.296
2007-02-22,16.888,0.001,52.71,0.307
2007-02-23,17.496,0.0,51.19,0.232
2007-02-24,18.053,0.003,54.26,0.298
2007-02-25,18.644,0.002,53.23,0.409
2007-02-26,18.471,0.005,57.9,0.789
2007-02-27,18.169,0.001,50.99,0.652
2007-02-28,18.431,0.001,46.26,0.558
2007-03-01,19.188,0.001,47.71,0.439
2007-03-02,19.647,0.003,53.51,0.026
2007-03-03,18.484,0.005,56.94,0.509
2007-03-04,18.721,0.003,46.43,0.334
2007-03-05,19.34,0.002,42.17,0.599
2007-03-06,18.234,0.001,38.44,0.732
2007-03-07,17.771,0.002,38.29,0.808
2007-03-08,17.803,0.001,36.88,0.644
2007-03-09,18.857,0.0,36.23,0.298
2007-03-10,20.042,0.0,34.07,0.515
2007-03-11,21.664,0.001,40.05,0.64
2007-03-12,23.082,0.0,39.19,0.309
2007-03-13,23.198,0.002,37.07,0.253
2007-03-14,22.377,0.062,51.71,0.36
2007-03-15,22.042,0.072,53.79,0.718
2007-03-16,20.147,0.55,42.93,0.652
2007-03-17,18.835,0.0,35.9,0.57
2007-03-18,20.796,0.001,32.94,0.024
2007-03-19,21.81,0.0,34.68,0.291
2007-03-20,23.025,0.002,34.9,0.471
2007-03-21,22.346,0.0,45.3,0.524
2007-03-22,20.826,0.733,65.36,0.337
2007-03-23,22.534,0.025,58.77,0.303
2007-03-24,22.56,0.004,58.24,0.259
2007-03-25,22.681,0.003,61.27,0.295
2007-03-26,23.478,0.002,41.31,0.629
2007-03-27,23.529,0.002,37.73,0.484
2007-03-28,24.695,0.0,32.98,0.098
2007-03-29,25.327,0.008,33.52,0.1
2007-03-30,25.371,0.002,36.64,0.277
2007-03-31,24.704,0.002,42.15,0.389
2007-04-01,24.232,0.002,40.82,0.302
2007-04-02,24.395,0.001,48.37,0.491
2007-04-03,24.648,0.662,49.25,0.756
2007-04-04,24.726,0.045,49.98,0.758
2007-04-05,24.551,0.0,44.57,0.806
2007-04-06,24.5,0.003,40.89,0.791
2007-04-07,24.591,0.001,40.8,0.829
2007-04-08,24.542,0.318,50.07,1.122
2007-04-09,23.115,7.826,63.0,0.769
2007-04-10,21.342,1.064,68.44,1.023
2007-04-11,21.721,2.674,62.01,0.984
2007-04-12,19.835,7.449,80.79,0.622
2007-04-13,19.592,5.771,83.23,0.499
2007-04-14,22.703,0.149,63.06,0.297
2007-04-15,23.568,2.624,66.31,0.134
2007-04-16,22.665,3.039,77.06,0.202
2007-04-17,23.379,0.593,66.1,0.499
2007-04-18,23.456,2.034,70.71,0.238
2007-04-19,22.915,1.027,73.51,0.098
2007-04-20,23.758,0.476,66.1,0.545
2007-04-21,22.919,2.384,75.44,0.808
2007-04-22,22.135,5.567,79.75,0.822
2007-04-23,22.571,3.932,78.04,0.57
2007-04-24,23.858,0.451,69.23,0.573
2007-04-25,24.455,0.741,60.37,0.389
2007-04-26,25.229,0.65,55.51,0.645
2007-04-27,23.277,2.733,66.48,0.141
2007-04-28,21.702,2.752,72.55,0.387
2007-04-29,24.504,0.984,62.0,0.213
2007-04-30,26.11,0.048,49.13,0.229
2007-05-01,27.38,0.018,44.48,0.28
2007-05-02,26.51,1.069,54.71,0.081
2007-05-03,24.436,5.324,70.38,0.127
2007-05-04,22.799,26.856,87.51,0.177
2007-05-05,22.867,20.144,86.14,0.18
2007-05-06,23.097,15.959,85.92,0.192
2007-05-07,21.641,10.597,92.33,0.307
2007-05-08,22.458,2.48,86.22,0.197
2007-05-09,22.454,9.11,88.21,0.295
2007-05-10,22.478,14.35,89.11,0.327
2007-05-11,23.485,9.729,86.0,0.084
2007-05-12,22.801,10.406,92.9,0.598
2007-05-13,22.457,27.219,95.43,0.602
2007-05-14,20.979,28.579,95.37,1.094
2007-05-15,19.883,25.514,96.29,1.324
2007-05-16,22.205,3.044,87.7,0.753
2007-05-17,21.564,15.213,93.95,0.574
2007-05-18,22.113,16.489,93.11,0.268
2007-05-19,21.989,26.144,94.15,0.262
2007-05-20,20.843,17.505,97.7,0.8
2007-05-21,20.619,52.176,99.56,0.758
2007-05-22,21.204,19.616,95.54,0.827
2007-05-23,22.331,19.349,90.28,1.066
2007-05-24,22.548,13.69,87.81,0.896
2007-05-25,22.834,2.709,85.64,0.735
2007-05-26,23.149,1.319,84.57,0.461
2007-05-27,23.398,1.471,83.59,0.422
2007-05-28,23.138,3.703,85.11,0.282
2007-05-29,23.621,1.511,84.31,0.173
2007-05-30,24.479,0.678,81.68,0.187
2007-05-31,23.983,2.264,87.8,0.322
2007-06-01,24.141,1.57,81.12,0.549
2007-06-02,24.704,0.094,77.27,0.779
2007-06-03,24.529,1.033,80.9,0.625
2007-06-04,24.217,4.481,83.4,0.407
2007-06-05,22.779,7.132,87.18,0.554
2007-06-06,23.057,2.74,85.25,0.728
2007-06-07,22.108,10.504,91.62,0.917
2007-06-08,23.097,2.671,84.09,1.243
2007-06-09,22.53,4.483,86.37,1.218
2007-06-10,22.446,5.16,86.42,1.326
2007-06-11,21.297,14.387,96.86,1.169
2007-06-12,21.211,84.678,99.96,1.148
2007-06-13,21.277,10.263,94.92,0.956
2007-06-14,22.334,16.058,92.09,1.138
2007-06-15,21.041,15.854,97.04,1.05
2007-06-16,20.653,13.885,98.54,0.926
2007-06-17,22.421,7.045,91.29,0.878
2007-06-18,22.853,6.124,90.13,0.666
2007-06-19,23.939,3.636,84.85,0.232
2007-06-20,23.881,16.604,91.95,0.318
2007-06-21,24.221,13.043,88.96,0.463
2007-06-22,23.451,29.553,89.61,0.443
2007-06-23,22.831,18.356,90.26,0.44
2007-06-24,23.403,5.011,85.87,0.373
2007-06-25,23.278,5.788,87.52,0.452
2007-06-26,23.502,11.546,89.17,0.385
2007-06-27,23.705,11.283,88.62,0.71
2007-06-28,23.125,7.168,86.95,1.636
2007-06-29,22.432,10.268,91.7,1.402
2007-06-30,21.545,21.432,98.47,0.925
2007-07-01,21.96,21.783,95.91,1.114
2007-07-02,22.598,4.925,91.72,1.237
2007-07-03,22.448,26.529,95.63,1.293
2007-07-04,22.357,68.073,97.19,1.372
2007-07-05,22.024,23.452,98.38,1.278
2007-07-06,21.933,10.238,96.26,1.178
2007-07-07,21.976,9.107,94.17,1.02
2007-07-08,22.199,6.515,91.07,0.94
2007-07-09,22.653,4.226,90.77,0.853
2007-07-10,22.965,7.167,87.67,0.723
2007-07-11,23.08,4.13,87.15,0.607
2007-07-12,23.534,20.876,89.71,0.537
2007-07-13,23.509,7.364,90.07,0.639
2007-07-14,23.95,9.419,88.3,0.873
2007-07-15,22.922,7.407,92.43,1.502
2007-07-16,22.733,7.0,90.48,1.482
2007-07-17,22.048,21.112,96.67,1.21
2007-07-18,21.977,17.294,95.87,1.348
2007-07-19,21.448,51.338,99.25,1.391
2007-07-20,20.608,133.789,99.95,0.982
2007-07-21,20.718,74.083,99.92,0.875
2007-07-22,20.554,8.676,95.0,1.115
2007-07-23,21.037,16.275,94.0,1.157
2007-07-24,20.428,11.873,95.8,0.9
2007-07-25,20.017,6.222,96.34,0.869
2007-07-26,20.106,16.864,98.86,0.712
2007-07-27,21.092,6.482,91.51,0.816
2007-07-28,21.982,3.606,88.2,0.791
2007-07-29,22.431,1.134,87.22,0.592
2007-07-30,22.887,1.399,84.79,0.414
2007-07-31,22.747,1.794,85.61,0.389
2007-08-01,22.925,6.563,89.24,0.4
2007-08-02,22.094,6.69,94.07,0.46
2007-08-03,23.066,2.715,88.56,0.563
2007-08-04,23.638,17.997,88.34,0.424
2007-08-05,24.326,3.02,86.04,0.658
2007-08-06,23.502,12.763,86.79,1.078
2007-08-07,21.876,10.828,93.74,0.863
2007-08-08,22.821,5.767,90.33,0.296
2007-08-09,23.68,5.446,88.89,0.237
2007-08-10,24.045,11.835,91.94,0.32
2007-08-11,23.929,5.852,85.55,1.657
2007-08-12,22.294,11.611,91.16,1.807
2007-08-13,21.723,22.802,96.17,1.423
2007-08-14,21.901,15.887,95.84,1.201
2007-08-15,21.492,16.379,98.17,0.945
2007-08-16,21.719,10.828,94.18,0.862
2007-08-17,21.822,10.264,94.76,0.891
2007-08-18,22.368,11.777,91.5,0.983
2007-08-19,21.696,16.463,91.9,0.74
2007-08-20,22.632,5.212,87.9,0.283
2007-08-21,22.807,10.573,91.54,0.164
2007-08-22,22.42,13.157,92.68,0.222
2007-08-23,21.761,12.278,95.84,0.34
2007-08-24,22.029,15.018,95.95,0.3
2007-08-25,21.454,14.277,97.79,0.461
2007-08-26,21.01,12.302,98.46,0.611
2007-08-27,21.675,3.818,93.43,0.5
2007-08-28,22.315,11.107,90.45,0.155
2007-08-29,22.37,6.676,93.73,0.179
2007-08-30,22.544,10.008,91.27,0.16
2007-08-31,22.577,22.113,94.6,0.231
2007-09-01,22.936,14.124,92.73,0.456
2007-09-02,22.761,8.94,90.52,0.866
2007-09-03,22.236,12.932,91.43,0.975
2007-09-04,21.705,11.406,94.25,1.09
2007-09-05,21.701,25.234,95.62,1.42
2007-09-06,20.714,28.236,99.71,1.49
2007-09-07,20.817,21.973,98.52,1.327
2007-09-08,20.847,18.713,96.87,1.086
2007-09-09,21.089,12.43,95.27,0.883
2007-09-10,21.202,10.072,96.33,0.781
2007-09-11,21.599,4.64,93.64,0.661
2007-09-12,22.322,7.534,92.28,0.461
2007-09-13,22.563,6.762,92.3,0.303
2007-09-14,22.438,13.696,94.38,0.292
2007-09-15,22.079,11.995,95.06,0.321
2007-09-16,22.562,12.295,91.84,0.195
2007-09-17,22.608,5.082,96.33,0.099
2007-09-18,22.769,13.633,92.45,0.304
2007-09-19,22.701,9.26,94.28,0.292
2007-09-20,23.669,6.16,87.2,0.568
2007-09-21,21.686,1.751,82.33,1.084
2007-09-22,19.523,26.615,97.95,1.085
2007-09-23,19.996,12.948,97.72,1.04
2007-09-24,20.746,10.603,96.68,0.715
2007-09-25,21.678,1.366,92.77,0.148
2007-09-26,21.872,8.346,91.5,0.203
2007-09-27,21.862,12.901,93.21,0.32
2007-09-28,22.083,9.226,93.56,0.32
2007-09-29,21.563,15.188,96.39,0.321
2007-09-30,21.78,9.343,95.54,0.239
2007-10-01,21.924,13.869,93.35,0.202
2007-10-02,22.484,10.216,94.22,0.385
2007-10-03,22.673,10.057,91.65,0.302
2007-10-04,23.037,8.147,91.1,0.221
2007-10-05,23.018,19.851,92.45,0.075
2007-10-06,22.25,14.409,95.1,0.056
2007-10-07,21.305,148.577,97.41,0.973
2007-10-08,20.266,52.536,99.54,1.291
2007-10-09,21.249,3.368,92.82,0.963
2007-10-10,20.737,12.892,94.81,0.57
2007-10-11,21.068,6.383,92.69,0.334
2007-10-12,21.361,8.297,94.81,0.371
2007-10-13,21.438,11.312,93.03,0.429
2007-10-14,21.386,9.807,95.11,0.564
2007-10-15,20.834,10.808,98.45,0.618
2007-10-16,19.812,10.223,97.14,0.865
2007-10-17,20.048,2.726,92.55,0.612
2007-10-18,19.778,10.896,94.91,0.277
2007-10-19,20.245,4.453,92.0,0.361
2007-10-20,20.154,6.83,93.3,0.301
2007-10-21,19.864,1.606,91.08,0.347
2007-10-22,20.105,0.004,83.34,0.353
2007-10-23,20.291,0.001,83.14,0.416
2007-10-24,19.805,0.003,82.68,0.537
2007-10-25,20.119,0.001,83.4,0.398
2007-10-26,20.088,0.002,83.08,0.403
2007-10-27,19.137,0.002,78.58,0.511
2007-10-28,19.134,0.0,79.05,0.451
2007-10-29,20.409,0.0,82.48,0.462
2007-10-30,22.113,0.535,84.51,0.304
2007-10-31,21.69,1.669,89.91,0.406
2007-11-01,20.932,14.414,92.36,0.406
2007-11-02,20.072,16.248,96.4,0.281
2007-11-03,18.961,24.41,97.78,0.495
2007-11-04,19.72,1.723,91.55,0.284
2007-11-05,19.637,1.481,90.7,0.3
2007-11-06,20.002,0.428,87.03,0.189
2007-11-07,20.08,0.908,87.12,0.235
2007-11-08,20.2,0.786,86.9,0.256
2007-11-09,19.602,2.125,89.63,0.305
2007-11-10,18.766,8.945,94.11,0.489
2007-11-11,19.048,0.475,89.36,0.387
2007-11-12,19.632,0.168,85.24,0.389
2007-11-13,19.955,1.901,89.29,0.499
2007-11-14,18.256,14.818,99.22,0.845
2007-11-15,18.493,4.107,88.87,1.419
2007-11-16,18.696,5.926,96.1,0.788
2007-11-17,19.075,0.025,88.36,0.379
2007-11-18,18.269,0.001,83.86,0.626
2007-11-19,18.264,0.001,83.01,0.624
2007-11-20,18.556,0.001,84.81,0.483
2007-11-21,19.279,0.328,87.31,0.36
2007-11-22,19.322,1.825,88.44,0.313
2007-11-23,18.23,2.912,90.06,0.39
2007-11-24,17.886,2.617,90.26,0.518
2007-11-25,18.13,1.19,88.84,0.354
2007-11-26,18.039,1.237,86.54,0.306
2007-11-27,17.255,0.701,87.79,0.268
2007-11-28,17.171,0.453,83.05,0.19
2007-11-29,17.286,2.565,87.36,0.363
2007-11-30,16.582,0.915,88.67,0.465
2007-12-01,16.112,0.026,83.64,0.339
2007-12-02,17.021,0.032,81.73,0.232
2007-12-03,16.396,0.326,84.41,0.297
2007-12-04,15.523,0.048,81.58,0.416
2007-12-05,16.038,0.233,82.67,0.449
2007-12-06,16.235,0.001,79.44,0.46
2007-12-07,16.071,0.0,79.2,0.36
2007-12-08,15.631,0.0,79.35,0.349
2007-12-09,15.601,0.0,81.59,0.402
2007-12-10,16.029,0.001,80.09,0.419
2007-12-11,15.356,0.001,76.23,0.503
2007-12-12,15.695,0.0,74.7,0.58
2007-12-13,16.164,0.0,71.64,0.695
2007-12-14,16.731,0.001,72.82,0.712
2007-12-15,18.156,0.0,73.42,0.645
2007-12-16,17.962,0.0,73.88,0.722
2007-12-17,17.211,0.001,75.09,0.493
2007-12-18,17.207,0.001,71.48,0.602
2007-12-19,16.043,0.0,69.0,0.711
2007-12-20,15.111,0.001,64.46,0.691
2007-12-21,14.365,0.001,64.57,0.502
2007-12-22,13.46,0.003,66.71,0.436
2007-12-23,14.554,0.001,75.86,0.203
2007-12-24,15.012,0.007,78.25,0.171
2007-12-25,15.188,0.001,79.29,0.302
2007-12-26,14.966,0.001,77.74,0.379
2007-12-27,14.971,0.0,75.5,0.268
2007-12-28,15.294,0.001,74.4,0.304
2007-12-29,15.46,0.001,74.39,0.422
2007-12-30,15.478,0.0,73.82,0.47
2007-12-31,15.077,0.0,69.98,0.593
2008-01-01,15.619,0.001,67.65,0.579
2008-01-02,16.479,0.0,70.94,0.42
2008-01-03,15.949,0.001,73.31,0.352
2008-01-04,15.946,0.003,70.91,0.423
2008-01-05,15.683,0.001,72.09,0.526
2008-01-06,15.895,0.0,71.16,0.501
2008-01-07,16.219,0.001,68.73,0.514
2008-01-08,16.668,0.002,67.18,0.539
2008-01-09,16.558,0.001,65.37,0.532
2008-01-10,16.107,0.0,63.18,0.484
2008-01-11,16.013,0.001,63.15,0.719
2008-01-12,15.919,0.001,65.81,0.892
2008-01-13,15.479,0.0,68.02,0.576
2008-01-14,15.344,0.0,63.84,0.447
2008-01-15,14.8,0.0,62.95,0.428
2008-01-16,15.596,0.001,64.1,0.484
2008-01-17,16.206,0.002,62.41,0.559
2008-01-18,16.124,0.001,60.22,0.538
2008-01-19,16.193,0.001,64.0,0.539
2008-01-20,15.882,0.0,65.22,0.468
2008-01-21,16.069,0.002,68.03,0.363
2008-01-22,16.09,0.003,65.87,0.536
2008-01-23,16.668,0.001,62.3,0.676
2008-01-24,16.381,0.0,55.2,0.717
2008-01-25,16.298,0.946,65.7,0.699
2008-01-26,15.914,48.363,95.52,0.497
2008-01-27,13.944,19.482,97.22,0.296
2008-01-28,12.575,0.003,79.41,0.423
2008-01-29,11.996,0.003,76.85,0.418
2008-01-30,13.734,0.009,73.52,0.485
2008-01-31,12.057,0.574,85.93,0.793
2008-02-01,13.021,0.071,77.93,0.346
2008-02-02,11.893,0.0,76.2,0.371
2008-02-03,12.422,0.001,72.82,0.36
2008-02-04,13.472,0.0,70.96,0.591
2008-02-05,15.28,0.001,71.26,0.7
2008-02-06,16.657,0.001,71.96,0.507
2008-02-07,17.454,0.002,74.03,0.463
2008-02-08,18.341,0.17,77.8,0.419
2008-02-09,17.825,15.146,82.77,0.383
2008-02-10,16.171,12.626,98.67,0.342
2008-02-11,15.953,1.745,88.33,0.342
2008-02-12,15.205,0.005,73.89,0.519
2008-02-13,13.776,0.001,66.99,0.499
2008-02-14,12.759,0.0,66.65,0.558
2008-02-15,12.793,0.001,66.13,0.38
2008-02-16,13.217,0.001,63.52,0.292
2008-02-17,13.731,0.002,69.46,0.267
2008-02-18,14.635,0.001,71.94,0.394
2008-02-19,15.715,0.0,68.61,0.453
2008-02-20,15.74,0.49,70.97,0.474
2008-02-21,14.445,0.601,72.79,0.437
2008-02-22,15.746,0.001,65.99,0.364
2008-02-23,16.569,0.003,66.82,0.376
2008-02-24,16.981,0.001,64.13,0.457
2008-02-25,17.696,0.0,66.42,0.412
2008-02-26,18.414,0.001,64.32,0.407
2008-02-27,18.489,0.001,62.3,0.116
2008-02-28,17.489,0.001,60.22,0.469
2008-02-29,18.544,0.003,59.49,0.168
2008-03-01,18.271,0.002,59.03,0.192
2008-03-02,18.578,0.001,62.84,0.19
2008-03-03,18.956,0.103,66.58,0.104
2008-03-04,18.705,0.288,59.13,0.283
2008-03-05,18.685,0.09,56.02,0.379
2008-03-06,18.684,0.027,58.02,0.491
2008-03-07,19.616,0.002,55.69,0.346
2008-03-08,19.716,0.001,62.25,0.126
2008-03-09,19.282,0.0,63.42,0.496
2008-03-10,20.062,0.001,63.82,0.471
2008-03-11,20.505,0.001,65.9,0.31
2008-03-12,21.049,0.001,64.21,0.207
2008-03-13,22.253,0.0,60.2,0.062
2008-03-14,22.378,0.05,60.85,0.427
2008-03-15,22.459,0.234,61.08,0.455
2008-03-16,22.102,0.565,59.79,0.351
2008-03-17,21.445,0.3,61.29,0.336
2008-03-18,21.353,0.001,52.0,0.228
2008-03-19,21.694,0.001,52.94,0.197
2008-03-20,23.134,0.094,48.11,0.327
2008-03-21,22.234,0.225,53.39,0.491
2008-03-22,22.116,0.208,60.03,0.088
2008-03-23,22.456,0.581,61.31,0.215
2008-03-24,21.901,0.135,64.94,0.292
2008-03-25,21.681,0.532,69.65,0.072
2008-03-26,23.111,0.021,60.02,0.268
2008-03-27,22.642,0.596,68.87,0.488
2008-03-28,22.902,0.294,60.71,0.307
2008-03-29,23.106,0.036,57.12,0.31
2008-03-30,23.387,0.166,51.13,0.373
2008-03-31,23.158,0.008,53.73,0.269
2008-04-01,22.219,0.951,60.04,0.084
2008-04-02,21.537,1.42,67.65,0.208
2008-04-03,22.387,0.186,57.88,0.2
2008-04-04,22.487,0.484,58.58,0.247
2008-04-05,24.533,0.043,45.18,0.383
2008-04-06,24.796,0.139,44.77,0.341
2008-04-07,24.621,0.001,42.71,0.718
2008-04-08,24.278,0.0,36.43,0.894
2008-04-09,24.981,0.0,37.53,0.53
2008-04-10,25.168,0.001,39.72,0.5
2008-04-11,25.712,0.0,40.59,0.424
2008-04-12,25.792,0.001,43.48,0.37
2008-04-13,25.486,0.318,43.57,0.289
2008-04-14,24.905,0.448,49.34,0.515
2008-04-15,25.182,0.021,45.18,0.465
2008-04-16,25.345,0.004,48.64,0.411
2008-04-17,26.304,0.0,51.29,0.489
2008-04-18,25.741,0.375,57.04,0.596
2008-04-19,26.091,0.056,48.88,0.278
2008-04-20,26.734,0.0,39.09,0.454
2008-04-21,27.179,0.0,34.76,0.535
2008-04-22,27.9,0.002,35.54,0.253
2008-04-23,27.225,0.033,44.47,0.515
2008-04-24,26.639,0.001,46.98,0.56
2008-04-25,26.189,0.001,44.99,0.488
2008-04-26,25.964,0.001,51.51,0.734
2008-04-27,25.987,0.023,52.24,0.908
2008-04-28,26.647,0.183,52.25,0.734
2008-04-29,25.402,2.499,67.98,0.43
2008-04-30,25.206,1.348,65.81,0.362
2008-05-01,25.032,0.656,67.12,0.548
2008-05-02,26.562,0.031,58.59,0.554
2008-05-03,27.115,0.079,51.84,0.677
2008-05-04,25.919,0.384,54.93,0.523
2008-05-05,23.899,7.128,70.28,0.445
2008-05-06,22.787,10.882,79.73,0.536
2008-05-07,23.137,3.003,77.99,0.356
2008-05-08,23.785,0.866,72.56,0.224
2008-05-09,25.267,0.236,63.55,0.443
2008-05-10,25.349,0.418,65.56,0.317
2008-05-11,25.628,2.169,61.59,0.44
2008-05-12,23.863,18.608,78.33,0.177
2008-05-13,23.394,7.021,84.28,0.22
2008-05-14,23.011,4.865,87.36,0.129
2008-05-15,22.765,15.485,93.72,0.214
2008-05-16,21.786,15.172,96.53,0.097
2008-05-17,22.057,7.494,91.25,0.361
2008-05-18,21.996,5.704,90.44,0.634
2008-05-19,22.879,6.049,83.01,0.551
2008-05-20,22.766,14.613,83.06,0.468
2008-05-21,22.602,4.527,83.75,0.468
2008-05-22,23.596,1.48,82.24,0.338
2008-05-23,23.659,1.054,78.54,0.197
2008-05-24,23.27,1.256,77.85,0.294
2008-05-25,23.538,1.156,77.56,0.422
2008-05-26,22.816,2.456,85.42,0.662
2008-05-27,22.271,6.241,88.09,0.925
2008-05-28,21.566,9.182,91.01,0.62
2008-05-29,22.27,2.308,88.31,0.622
2008-05-30,23.041,3.174,83.34,0.514
2008-05-31,22.664,5.564,87.07,0.522
2008-06-01,22.827,3.106,84.7,0.39
2008-06-02,22.919,2.751,83.31,0.374
2008-06-03,23.338,2.231,80.87,0.27
2008-06-04,22.283,6.44,87.93,0.508
2008-06-05,22.139,8.796,87.63,0.565
2008-06-06,22.26,4.634,86.55,0.975
2008-06-07,22.196,6.071,89.93,1.021
2008-06-08,22.256,5.925,90.89,0.97
2008-06-09,21.741,7.155,92.03,0.973
2008-06-10,23.059,2.907,85.1,1.243
2008-06-11,23.031,1.801,86.42,1.098
2008-06-12,22.819,4.51,87.8,0.944
2008-06-13,23.347,3.462,85.1,0.845
2008-06-14,24.225,3.182,85.35,0.373
2008-06-15,24.362,5.559,85.52,0.961
2008-06-16,21.783,27.45,97.63,1.673
2008-06-17,21.215,47.947,97.94,1.502
2008-06-18,20.879,30.024,96.62,1.065
2008-06-19,21.245,11.776,95.2,1.015
2008-06-20,21.013,13.643,98.21,0.861
2008-06-21,22.636,3.008,88.08,0.668
2008-06-22,22.582,5.865,89.48,0.827
2008-06-23,22.526,9.998,88.81,0.769
2008-06-24,22.888,9.702,88.35,0.721
2008-06-25,23.121,14.863,89.37,0.867
2008-06-26,22.347,7.862,90.85,1.441
2008-06-27,22.277,10.079,92.11,1.263
2008-06-28,22.121,26.411,95.39,1.305
2008-06-29,21.279,33.379,99.46,1.112
2008-06-30,21.099,22.199,99.56,1.107
2008-07-01,21.268,11.305,94.78,1.166
2008-07-02,20.923,24.917,99.38,0.939
2008-07-03,21.149,35.503,98.85,1.13
2008-07-04,21.002,43.776,99.63,1.007
2008-07-05,21.108,49.713,99.79,0.869
2008-07-06,20.39,38.105,99.7,1.112
2008-07-07,20.728,37.787,99.56,1.15
2008-07-08,21.973,12.668,94.68,0.96
2008-07-09,21.865,10.926,94.95,1.066
2008-07-10,22.133,5.285,90.5,1.268
2008-07-11,21.67,3.417,92.27,1.053
2008-07-12,21.966,14.688,93.94,1.027
2008-07-13,21.624,20.922,97.58,1.13
2008-07-14,21.098,14.649,98.84,1.033
2008-07-15,21.025,12.716,97.78,0.834
2008-07-16,22.133,6.877,91.78,0.909
2008-07-17,22.095,8.891,93.96,1.031
2008-07-18,22.384,5.95,92.61,1.021
2008-07-19,21.762,9.148,94.89,1.038
2008-07-20,21.914,6.784,91.87,0.908
2008-07-21,22.278,4.321,88.54,0.769
2008-07-22,22.483,3.883,87.3,0.927
2008-07-23,22.489,6.216,91.48,0.676
2008-07-24,22.357,10.904,92.7,0.631
2008-07-25,22.948,15.418,92.66,0.58
2008-07-26,22.627,27.814,94.49,0.363
2008-07-27,23.361,13.139,90.48,0.509
2008-07-28,22.306,7.897,89.04,1.144
2008-07-29,22.228,11.282,91.5,1.003
2008-07-30,22.418,7.796,90.08,1.0
2008-07-31,22.641,7.652,89.96,0.851
2008-08-01,22.764,16.411,91.9,0.344
2008-08-02,22.03,10.552,96.04,0.393
2008-08-03,22.164,13.36,93.33,0.617
2008-08-04,22.554,11.179,90.13,0.773
2008-08-05,21.65,17.28,95.03,0.964
2008-08-06,21.759,11.772,95.14,0.823
2008-08-07,22.998,15.802,91.29,0.511
2008-08-08,24.19,7.32,88.64,0.319
2008-08-09,22.813,15.864,93.1,1.176
2008-08-10,22.913,2.921,87.31,1.465
2008-08-11,21.822,20.912,94.4,1.182
2008-08-12,21.973,8.455,93.56,0.899
2008-08-13,21.998,17.911,95.58,0.743
2008-08-14,22.125,9.68,92.89,1.158
2008-08-15,21.673,17.401,95.31,1.079
2008-08-16,21.637,13.649,95.06,1.237
2008-08-17,20.845,22.243,99.38,1.03
2008-08-18,21.393,11.339,95.92,1.051
2008-08-19,21.904,6.778,91.71,1.16
2008-08-20,22.442,4.857,88.67,0.906
2008-08-21,22.247,10.635,90.62,0.492
2008-08-22,22.654,5.612,90.16,0.268
2008-08-23,22.486,19.367,92.74,0.342
2008-08-24,22.101,13.479,93.84,0.605
2008-08-25,21.943,9.683,91.48,0.623
2008-08-26,22.111,2.792,87.33,0.413
2008-08-27,21.664,3.068,90.44,0.478
2008-08-28,21.83,7.926,91.2,0.889
2008-08-29,21.3,12.802,94.11,0.979
2008-08-30,21.435,7.132,93.08,0.774
2008-08-31,22.118,4.318,93.25,0.223
2008-09-01,22.753,1.674,88.15,0.157
2008-09-02,22.231,4.452,91.1,0.19
2008-09-03,21.767,5.515,90.51,0.4
2008-09-04,21.704,7.643,92.0,0.392
2008-09-05,21.637,9.704,93.11,0.456
2008-09-06,21.877,7.885,93.49,0.262
2008-09-07,22.097,17.945,94.06,0.265
2008-09-08,21.558,13.33,95.53,0.426
2008-09-09,21.892,10.72,93.46,0.443
2008-09-10,22.746,13.088,89.84,0.346
2008-09-11,22.305,15.806,91.7,0.34
2008-09-12,22.509,20.548,91.76,0.225
2008-09-13,22.461,9.005,93.94,0.235
2008-09-14,23.134,11.576,89.78,0.384
2008-09-15,23.253,7.688,87.91,0.722
2008-09-16,21.861,10.114,92.69,1.061
2008-09-17,21.821,10.475,90.45,0.973
2008-09-18,21.851,8.126,92.95,0.461
2008-09-19,21.867,10.162,92.69,0.134
2008-09-20,21.909,13.046,95.82,0.101
2008-09-21,22.046,11.705,96.52,0.315
2008-09-22,21.835,5.681,91.65,0.808
2008-09-23,22.126,8.827,89.94,0.59
2008-09-24,22.155,10.23,90.72,0.515
2008-09-25,22.473,6.885,89.68,0.533
2008-09-26,22.162,26.493,93.27,0.94
2008-09-27,21.774,20.167,94.47,1.304
2008-09-28,21.021,4.891,91.93,0.902
2008-09-29,21.525,0.424,87.91,0.122
2008-09-30,21.883,4.384,90.19,0.28
2008-10-01,22.158,25.353,95.41,0.199
2008-10-02,20.351,44.794,99.48,0.667
2008-10-03,21.861,1.145,89.48,0.122
2008-10-04,21.706,1.369,87.66,0.013
2008-10-05,20.911,4.313,92.23,0.25
2008-10-06,21.221,1.825,90.0,0.272
2008-10-07,20.781,4.232,88.94,0.685
2008-10-08,20.604,4.594,91.92,0.453
2008-10-09,20.704,3.055,91.81,0.356
2008-10-10,21.445,1.506,90.84,0.328
2008-10-11,21.818,1.938,88.98,0.397
2008-10-12,21.658,2.906,90.47,0.289
2008-10-13,21.727,4.87,89.99,0.355
2008-10-14,21.81,2.825,90.75,0.389
2008-10-15,21.915,2.494,89.06,0.398
2008-10-16,22.324,0.809,87.66,0.377
2008-10-17,22.719,0.975,83.95,0.331
2008-10-18,22.289,4.027,89.12,0.495
2008-10-19,22.269,3.923,89.09,0.414
2008-10-20,21.359,9.757,92.08,0.363
2008-10-21,21.501,2.597,91.0,0.27
2008-10-22,21.397,1.488,91.08,0.203
2008-10-23,21.014,13.713,93.86,0.29
2008-10-24,21.406,4.564,93.09,0.414
2008-10-25,19.754,7.895,94.81,1.057
2008-10-26,19.354,7.42,91.66,1.256
2008-10-27,19.757,13.744,93.84,1.237
2008-10-28,20.737,1.14,86.31,0.091
2008-10-29,20.261,1.72,91.08,0.205
2008-10-30,20.148,0.464,87.75,0.253
2008-10-31,19.984,0.002,85.51,0.287
2008-11-01,19.86,0.313,86.88,0.298
2008-11-02,20.008,1.062,87.04,0.196
2008-11-03,19.888,0.624,83.71,0.321
2008-11-04,20.35,7.762,92.73,0.343
2008-11-05,19.7,6.575,96.65,0.35
2008-11-06,20.349,1.118,90.09,0.383
2008-11-07,20.229,0.015,84.4,0.543
2008-11-08,19.22,0.001,80.33,0.687
2008-11-09,19.337,0.001,82.52,0.527
2008-11-10,19.612,0.003,82.09,0.391
2008-11-11,19.048,0.028,83.66,0.277
2008-11-12,18.542,0.039,84.32,0.281
2008-11-13,18.799,0.023,84.8,0.302
2008-11-14,19.353,0.014,85.02,0.207
2008-11-15,19.316,0.038,86.67,0.181
2008-11-16,18.905,0.015,86.32,0.242
2008-11-17,19.409,0.002,84.16,0.297
2008-11-18,20.484,0.017,85.63,0.206
2008-11-19,20.529,0.214,86.07,0.423
2008-11-20,20.302,0.004,82.05,0.451
2008-11-21,19.276,0.002,78.37,0.441
2008-11-22,18.745,0.001,78.37,0.643
2008-11-23,18.146,0.002,79.92,0.356
2008-11-24,17.463,0.001,78.26,0.434
2008-11-25,17.152,0.0,73.99,0.596
2008-11-26,17.392,0.001,75.7,0.574
2008-11-27,17.843,0.002,79.48,0.475
2008-11-28,17.975,0.001,79.11,0.525
2008-11-29,18.373,0.002,79.62,0.309
2008-11-30,18.699,0.838,80.97,0.241
2008-12-01,18.689,2.179,84.28,0.146
2008-12-02,18.063,0.749,84.56,0.09
2008-12-03,17.644,0.049,82.0,0.292
2008-12-04,17.922,0.008,78.78,0.244
2008-12-05,18.087,0.138,79.41,0.301
2008-12-06,17.384,0.023,77.32,0.437
2008-12-07,17.036,0.001,76.15,0.549
2008-12-08,18.179,0.092,78.67,0.235
2008-12-09,17.945,0.346,81.28,0.238
2008-12-10,17.841,0.283,81.59,0.228
2008-12-11,17.257,0.005,82.28,0.278
2008-12-12,16.933,0.0,79.98,0.475
2008-12-13,16.829,0.0,76.36,0.559
2008-12-14,16.019,0.002,74.8,0.401
2008-12-15,15.428,0.001,77.34,0.438
2008-12-16,15.426,0.002,76.88,0.5
2008-12-17,15.562,0.0,77.19,0.592
2008-12-18,15.848,0.001,78.14,0.454
2008-12-19,16.161,0.002,79.6,0.299
2008-12-20,16.602,0.02,84.05,0.162
2008-12-21,16.353,0.229,84.96,0.275
2008-12-22,16.177,0.037,83.74,0.354
2008-12-23,15.611,0.002,81.47,0.438
2008-12-24,15.55,0.0,78.93,0.457
2008-12-25,15.918,0.001,77.84,0.394
2008-12-26,16.074,0.093,78.1,0.501
2008-12-27,14.15,0.18,80.53,0.034
2008-12-28,14.069,0.002,76.46,0.34
2008-12-29,13.838,0.0,75.93,0.351
2008-12-30,13.62,0.0,71.66,0.562
2008-12-31,14.223,0.001,69.48,0.569
2009-01-01,14.32,0.0,69.67,0.563
2009-01-02,13.903,0.0,67.59,0.561
2009-01-03,13.725,0.001,66.84,0.517
2009-01-04,13.509,0.001,65.85,0.504
2009-01-05,13.461,0.0,65.24,0.506
2009-01-06,14.049,0.003,67.03,0.571
2009-01-07,14.983,0.0,65.11,0.672
2009-01-08,15.76,0.001,68.16,0.571
2009-01-09,16.277,0.001,69.77,0.54
2009-01-10,16.1,0.0,70.88,0.433
2009-01-11,15.947,0.0,70.24,0.6
2009-01-12,15.734,0.001,62.5,0.692
2009-01-13,15.773,0.0,68.97,0.487
2009-01-14,15.649,0.001,68.69,0.402
2009-01-15,15.714,0.0,67.65,0.431
2009-01-16,15.633,0.002,65.84,0.43
2009-01-17,15.578,0.002,69.25,0.369
2009-01-18,15.661,0.001,69.14,0.356
2009-01-19,15.663,0.002,69.81,0.355
2009-01-20,15.634,0.0,69.12,0.486
2009-01-21,15.861,0.001,67.81,0.347
2009-01-22,15.593,0.001,65.42,0.383
2009-01-23,16.093,0.001,70.1,0.243
2009-01-24,16.158,0.003,73.53,0.304
2009-01-25,15.866,0.002,76.29,0.151
2009-01-26,16.454,0.003,74.34,0.274
2009-01-27,17.658,0.002,65.72,0.426
2009-01-28,17.753,0.0,64.17,0.67
2009-01-29,16.366,0.003,53.3,0.655
2009-01-30,16.315,0.001,58.23,0.371
2009-01-31,16.395,0.0,60.51,0.349
2009-02-01,15.968,0.001,50.26,0.728
2009-02-02,14.773,0.001,50.76,0.493
2009-02-03,14.659,0.001,52.63,0.395
2009-02-04,15.266,0.0,53.91,0.528
2009-02-05,16.207,0.001,57.41,0.347
2009-02-06,17.635,0.001,60.87,0.343
2009-02-07,17.677,0.0,52.13,0.541
2009-02-08,17.147,0.005,52.6,0.466
2009-02-09,17.129,0.0,52.82,0.446
2009-02-10,17.582,0.0,50.18,0.566
2009-02-11,18.134,0.001,48.38,0.435
2009-02-12,17.281,0.0,58.98,0.424
2009-02-13,17.472,0.003,63.24,0.483
2009-02-14,18.302,0.002,57.03,0.469
2009-02-15,18.69,0.001,55.51,0.531
2009-02-16,18.976,0.0,52.13,0.437
2009-02-17,18.975,0.002,51.09,0.442
2009-02-18,19.319,0.0,43.31,0.565
2009-02-19,19.849,0.0,41.35,0.526
2009-02-20,19.953,0.0,44.22,0.368
2009-02-21,19.535,0.001,40.15,0.164
2009-02-22,18.446,0.0,49.28,0.186
2009-02-23,19.543,0.001,44.71,0.307
2009-02-24,21.089,0.002,45.3,0.699
2009-02-25,21.108,0.113,51.23,0.921
2009-02-26,21.215,0.002,54.31,0.223
2009-02-27,21.463,0.001,48.01,0.146
2009-02-28,20.976,0.117,49.28,0.301
2009-03-01,20.627,0.001,50.2,0.284
2009-03-02,20.687,0.002,40.35,0.111
2009-03-03,20.571,0.0,47.57,0.081
2009-03-04,20.429,0.01,58.42,0.668
2009-03-05,20.896,0.001,56.78,0.314
2009-03-06,21.698,0.002,57.68,0.209
2009-03-07,21.5,0.002,51.06,0.234
2009-03-08,21.529,0.001,41.04,0.632
2009-03-09,22.955,0.002,32.96,0.673
2009-03-10,23.993,0.008,42.11,0.77
2009-03-11,22.672,0.072,52.44,0.345
2009-03-12,20.942,0.488,56.37,0.463
2009-03-13,22.903,0.001,34.41,0.694
2009-03-14,23.515,0.001,23.68,0.374
2009-03-15,23.277,0.001,36.28,0.293
2009-03-16,22.467,0.001,39.25,0.457
2009-03-17,22.408,0.032,41.98,0.571
2009-03-18,22.722,0.001,35.56,0.636
2009-03-19,22.463,0.094,40.67,0.394
2009-03-20,22.472,0.001,37.36,0.159
2009-03-21,23.292,0.001,37.46,0.535
2009-03-22,23.28,0.018,43.66,0.079
2009-03-23,23.165,0.091,45.02,0.115
2009-03-24,23.425,0.023,42.08,0.42
2009-03-25,23.711,0.0,38.26,0.555
2009-03-26,22.563,0.408,48.37,0.178
2009-03-27,21.537,0.515,52.94,0.35
2009-03-28,21.763,0.209,49.97,0.2
2009-03-29,23.0,0.165,46.08,0.158
2009-03-30,23.745,0.059,40.95,0.38
2009-03-31,22.215,1.917,46.29,0.589
2009-04-01,20.704,3.094,60.68,0.255
2009-04-02,22.647,0.161,55.33,0.206
2009-04-03,23.109,0.023,53.63,0.205
2009-04-04,24.217,0.015,48.41,0.484
2009-04-05,24.477,0.001,46.71,0.485
2009-04-06,24.404,0.182,51.26,0.358
2009-04-07,24.737,0.022,48.48,0.258
2009-04-08,25.285,0.0,41.42,0.584
2009-04-09,25.155,0.135,46.92,0.31
2009-04-10,25.261,0.351,44.44,0.353
2009-04-11,24.935,0.093,45.0,0.32
2009-04-12,25.394,0.0,42.73,0.464
2009-04-13,26.037,0.0,41.76,0.364
2009-04-14,26.371,0.016,47.8,0.58
2009-04-15,25.951,1.882,54.48,0.483
2009-04-16,23.316,5.871,77.89,0.616
2009-04-17,21.238,46.724,93.96,0.99
2009-04-18,21.344,7.409,90.33,0.854
2009-04-19,23.022,3.199,83.77,1.22
2009-04-20,22.79,2.01,79.5,1.267
2009-04-21,23.384,1.956,77.78,1.57
2009-04-22,23.953,2.87,79.47,1.514
2009-04-23,23.188,1.726,83.04,0.979
2009-04-24,24.485,0.008,60.79,0.324
2009-04-25,25.263,0.003,47.95,0.721
2009-04-26,25.866,0.003,45.1,0.236
2009-04-27,25.067,0.003,50.73,0.232
2009-04-28,24.835,0.003,53.48,0.34
2009-04-29,24.632,0.001,57.41,0.47
2009-04-30,24.839,0.013,58.19,0.875
2009-05-01,24.913,0.106,66.12,0.932
2009-05-02,24.019,5.647,71.05,0.427
2009-05-03,22.431,9.638,84.78,0.226
2009-05-04,23.118,1.909,82.28,0.048
2009-05-05,24.279,0.666,69.94,0.219
2009-05-06,24.627,0.332,68.64,0.33
2009-05-07,24.891,0.497,67.93,0.311
2009-05-08,25.598,0.0,57.36,0.42
2009-05-09,25.523,0.0,57.3,0.528
2009-05-10,26.041,0.168,57.82,0.434
2009-05-11,25.878,0.545,57.53,0.229
2009-05-12,24.676,3.261,64.89,0.163
2009-05-13,24.654,1.102,68.94,0.513
2009-05-14,24.929,2.308,66.95,0.584
2009-05-15,23.424,2.013,77.54,0.223
2009-05-16,22.9,5.705,78.86,0.284
2009-05-17,23.098,2.105,79.06,0.542
2009-05-18,22.741,4.884,81.05,0.598
2009-05-19,21.895,4.548,88.05,0.23
2009-05-20,24.568,1.765,75.44,0.099
2009-05-21,23.869,17.67,82.38,0.176
2009-05-22,24.278,11.687,82.09,0.198
2009-05-23,24.136,19.954,84.56,0.265
2009-05-24,23.637,14.203,90.12,0.561
2009-05-25,22.735,11.153,89.28,1.663
2009-05-26,22.684,3.764,88.49,1.508
2009-05-27,22.795,2.525,87.43,0.481
2009-05-28,24.313,1.565,82.23,0.193
2009-05-29,24.652,1.338,79.44,0.169
2009-05-30,23.233,8.835,86.69,0.298
2009-05-31,21.977,4.868,89.32,0.658
2009-06-01,20.912,19.915,97.76,0.748
2009-06-02,21.321,13.85,94.89,0.524
2009-06-03,23.021,4.017,86.4,0.214
2009-06-04,23.032,8.615,88.74,0.168
2009-06-05,22.812,14.957,90.09,0.348
2009-06-06,22.706,22.182,91.77,0.45
2009-06-07,21.956,40.487,95.7,0.397
2009-06-08,21.315,14.722,95.42,0.995
2009-06-09,22.409,2.522,87.97,1.02
2009-06-10,23.897,0.397,79.79,0.634
2009-06-11,23.681,3.022,82.06,0.623
2009-06-12,23.154,2.204,84.54,0.575
2009-06-13,23.03,3.434,84.13,0.5
2009-06-14,22.76,4.543,87.38,0.4
2009-06-15,23.593,2.383,84.78,0.315
2009-06-16,24.147,2.461,84.52,0.154
2009-06-17,24.315,9.057,86.29,0.165
2009-06-18,23.026,20.782,93.61,0.171
2009-06-19,22.592,33.931,94.56,0.227
2009-06-20,22.043,23.183,94.59,0.487
2009-06-21,23.176,1.711,85.41,0.564
2009-06-22,24.086,1.716,83.98,0.629
2009-06-23,23.868,8.173,88.85,0.281
2009-06-24,23.262,28.538,91.38,0.39
2009-06-25,23.598,3.05,85.67,0.987
2009-06-26,23.394,1.181,84.08,1.209
2009-06-27,22.347,12.824,90.89,1.181
2009-06-28,22.276,5.293,90.5,1.171
2009-06-29,22.233,8.931,90.99,1.412
2009-06-30,21.858,17.227,94.69,1.258
2009-07-01,21.053,11.556,98.65,1.125
2009-07-02,21.595,12.498,96.39,1.316
2009-07-03,22.099,8.536,91.73,1.164
2009-07-04,22.71,12.961,88.19,1.172
2009-07-05,22.421,6.517,90.91,1.237
2009-07-06,21.587,16.471,96.87,1.291
2009-07-07,21.514,8.14,94.0,1.383
2009-07-08,22.229,4.661,89.19,1.336
2009-07-09,21.821,13.553,93.4,1.219
2009-07-10,22.184,4.57,84.96,1.197
2009-07-11,22.967,1.901,84.68,1.108
2009-07-12,23.61,3.948,87.14,0.823
2009-07-13,23.801,18.744,89.87,0.58
2009-07-14,23.51,1.334,81.66,1.588
2009-07-15,22.831,5.161,86.47,1.597
2009-07-16,22.519,1.364,87.76,1.145
2009-07-17,23.172,4.919,87.55,0.586
2009-07-18,23.279,11.401,90.52,0.641
2009-07-19,22.846,12.989,90.48,0.998
2009-07-20,24.394,9.547,84.15,1.102
2009-07-21,22.832,4.267,88.32,1.206
2009-07-22,22.424,10.899,92.89,1.044
2009-07-23,22.869,3.89,90.6,0.669
2009-07-24,24.012,1.15,85.07,0.428
2009-07-25,23.613,9.464,91.17,0.268
2009-07-26,23.428,57.591,93.3,0.532
2009-07-27,21.99,34.006,99.75,0.979
2009-07-28,21.708,28.66,97.89,1.461
2009-07-29,21.685,151.531,99.94,1.252
2009-07-30,21.489,18.943,99.1,0.832
2009-07-31,21.939,14.555,97.05,0.592
2009-08-01,23.383,6.531,90.98,0.038
2009-08-02,23.506,22.761,92.44,0.231
2009-08-03,23.519,10.358,91.6,0.641
2009-08-04,23.703,3.054,89.34,0.733
2009-08-05,23.718,7.063,90.49,0.742
2009-08-06,23.589,20.97,93.35,0.404
2009-08-07,22.462,20.558,96.83,0.889
2009-08-08,22.419,15.077,93.96,1.183
2009-08-09,23.06,6.953,91.47,0.836
2009-08-10,23.453,4.344,87.62,1.12
2009-08-11,23.076,7.265,90.09,0.855
2009-08-12,22.427,7.334,91.43,0.752
2009-08-13,22.541,7.825,92.74,0.653
2009-08-14,22.017,13.464,96.97,0.708
2009-08-15,21.55,7.566,94.82,0.812
2009-08-16,22.337,1.202,90.6,0.615
2009-08-17,22.732,2.566,87.74,0.648
2009-08-18,21.637,10.386,94.65,0.541
2009-08-19,21.329,35.608,98.78,0.588
2009-08-20,20.755,18.586,98.22,0.99
2009-08-21,20.413,31.214,99.42,0.879
2009-08-22,20.662,28.059,99.19,0.746
2009-08-23,22.026,15.073,94.75,0.435
2009-08-24,22.415,19.765,93.4,0.439
2009-08-25,21.969,22.691,95.69,0.817
2009-08-26,20.918,27.25,97.25,1.076
2009-08-27,21.854,7.429,92.47,0.741
2009-08-28,23.444,1.757,87.6,0.214
2009-08-29,23.165,9.472,90.54,0.179
2009-08-30,22.697,8.633,95.24,0.247
2009-08-31,22.529,12.472,94.37,0.269
2009-09-01,22.836,11.623,93.07,0.059
2009-09-02,22.721,20.25,93.04,0.173
2009-09-03,23.156,15.06,89.07,0.719
2009-09-04,22.435,11.968,95.88,0.896
2009-09-05,22.706,7.166,91.03,1.119
2009-09-06,22.826,12.854,92.58,0.865
2009-09-07,23.65,27.103,90.49,0.692
2009-09-08,21.869,22.267,94.33,1.048
2009-09-09,21.09,21.695,96.88,0.62
2009-09-10,21.255,6.719,96.15,0.231
2009-09-11,23.074,1.878,89.22,0.11
2009-09-12,23.526,3.977,89.49,0.165
2009-09-13,23.381,6.494,91.43,0.13
2009-09-14,22.037,13.771,96.82,0.216
2009-09-15,22.03,7.64,95.39,0.22
2009-09-16,21.992,8.587,93.58,0.236
2009-09-17,22.121,9.354,92.46,0.365
2009-09-18,22.188,4.205,91.08,0.534
2009-09-19,21.394,9.684,94.32,0.56
2009-09-20,21.602,5.767,91.65,0.643
2009-09-21,21.358,15.55,95.77,0.623
2009-09-22,21.291,11.11,95.71,0.609
2009-09-23,21.452,5.287,93.2,0.911
2009-09-24,21.654,9.073,93.4,0.442
2009-09-25,22.409,9.953,93.28,0.272
2009-09-26,22.895,11.619,91.52,0.372
2009-09-27,23.242,2.608,91.74,0.454
2009-09-28,22.884,9.023,90.51,0.163
2009-09-29,22.808,11.19,90.84,0.236
2009-09-30,22.918,1.873,86.92,0.269
2009-10-01,23.329,13.697,89.29,0.126
2009-10-02,23.562,15.288,90.77,0.211
2009-10-03,22.429,34.094,94.66,0.208
2009-10-04,21.393,37.349,98.64,0.604
2009-10-05,21.866,13.753,94.88,0.627
2009-10-06,21.888,12.064,92.65,0.808
2009-10-07,22.019,4.371,89.39,0.909
2009-10-08,21.979,2.838,88.46,1.135
2009-10-09,21.732,5.496,89.75,0.918
2009-10-10,20.946,7.089,94.21,0.371
2009-10-11,21.687,0.751,88.36,0.188
2009-10-12,21.837,1.822,89.45,0.276
2009-10-13,21.96,2.782,88.93,0.306
2009-10-14,21.686,12.305,92.83,0.451
2009-10-15,21.393,8.439,94.07,0.362
2009-10-16,21.357,3.327,90.23,0.524
2009-10-17,21.125,2.236,92.02,0.414
2009-10-18,21.134,1.627,90.23,0.328
2009-10-19,21.558,0.839,87.66,0.143
2009-10-20,21.141,0.004,83.32,0.589
2009-10-21,21.678,0.213,85.92,0.096
2009-10-22,21.897,1.2,88.37,0.221
2009-10-23,22.144,1.15,88.28,0.319
2009-10-24,21.423,1.136,88.21,0.193
2009-10-25,21.887,0.761,87.94,0.112
2009-10-26,22.149,0.305,87.26,0.258
2009-10-27,21.904,0.009,85.88,0.254
2009-10-28,22.149,0.002,84.43,0.23
2009-10-29,21.95,0.003,83.74,0.302
2009-10-30,21.674,0.003,80.58,0.31
2009-10-31,21.319,0.001,78.08,0.38
2009-11-01,21.819,0.001,79.85,0.292
2009-11-02,21.878,0.052,76.42,0.587
2009-11-03,21.638,0.092,78.24,0.559
2009-11-04,21.838,0.001,76.14,0.347
2009-11-05,21.07,3.812,85.97,0.422
2009-11-06,20.984,1.705,85.83,0.479
2009-11-07,21.278,0.786,81.97,0.407
2009-11-08,21.715,0.0,76.06,0.365
2009-11-09,20.973,0.001,70.24,0.637
2009-11-10,20.77,0.0,70.92,0.554
2009-11-11,20.915,0.0,77.37,0.398
2009-11-12,21.276,0.001,74.83,0.538
2009-11-13,21.711,0.0,73.02,0.488
2009-11-14,21.707,0.021,76.34,0.429
2009-11-15,20.597,2.676,89.18,0.254
2009-11-16,20.645,1.474,88.85,0.395
2009-11-17,20.233,1.275,85.45,0.376
2009-11-18,20.057,2.835,85.34,0.422
2009-11-19,19.385,13.517,93.47,0.68
2009-11-20,19.192,10.612,95.75,0.133
2009-11-21,18.133,0.23,85.62,0.079
2009-11-22,17.391,0.01,82.28,0.121
2009-11-23,16.814,0.025,81.38,0.094
2009-11-24,16.558,0.005,82.14,0.22
2009-11-25,17.202,0.004,81.05,0.241
2009-11-26,17.011,0.002,80.47,0.287
2009-11-27,16.775,0.001,81.23,0.363
2009-11-28,17.258,0.0,79.7,0.287
2009-11-29,17.469,0.002,78.56,0.314
2009-11-30,17.449,0.001,77.33,0.423
2009-12-01,17.281,0.001,75.19,0.45
2009-12-02,17.005,0.0,74.72,0.353
2009-12-03,16.82,0.0,74.52,0.391
2009-12-04,16.443,0.001,71.13,0.456
2009-12-05,16.203,0.002,73.64,0.416
2009-12-06,16.159,0.0,73.65,0.364
2009-12-07,15.624,0.001,76.31,0.408
2009-12-08,15.669,0.0,75.81,0.377
2009-12-09,15.889,0.0,73.88,0.393
2009-12-10,15.479,0.002,72.59,0.45
2009-12-11,15.542,0.003,69.31,0.565
2009-12-12,15.854,0.001,70.64,0.561
2009-12-13,15.835,0.003,69.61,0.57
2009-12-14,15.343,0.001,71.01,0.539
2009-12-15,15.29,0.0,70.71,0.571
2009-12-16,15.751,0.001,70.45,0.606
2009-12-17,16.547,0.0,72.64,0.762
2009-12-18,16.963,0.001,70.44,0.617
2009-12-19,17.041,0.001,71.21,0.606
2009-12-20,15.793,0.0,69.92,0.549
2009-12-21,14.719,0.001,69.45,0.563
2009-12-22,14.715,0.001,65.01,0.655
2009-12-23,15.218,0.001,67.2,0.5
2009-12-24,14.373,0.0,69.44,0.382
2009-12-25,12.955,0.002,67.44,0.492
2009-12-26,12.713,0.001,69.4,0.496
2009-12-27,12.952,0.0,71.84,0.404
2009-12-28,12.543,0.001,71.38,0.396
2009-12-29,12.849,0.002,67.78,0.534
2009-12-30,13.961,0.003,66.61,0.432
2009-12-31,14.484,0.0,66.94,0.453
2010-01-01,13.518,0.0,71.34,0.595
2010-01-02,14.342,0.001,73.01,0.5
2010-01-03,14.934,0.001,71.37,0.403
2010-01-04,14.985,0.0,72.89,0.291
2010-01-05,15.701,0.0,70.86,0.422
2010-01-06,15.618,0.0,73.44,0.525
2010-01-07,16.563,0.001,64.83,0.705
2010-01-08,17.947,0.008,72.1,0.587
2010-01-09,17.569,0.041,78.43,0.386
2010-01-10,16.634,0.001,68.15,0.292
2010-01-11,15.444,0.0,60.93,0.57
2010-01-12,14.723,0.0,64.24,0.395
2010-01-13,16.173,0.207,63.21,0.538
2010-01-14,17.141,0.006,77.01,0.444
2010-01-15,17.444,0.002,67.84,0.4
2010-01-16,16.321,0.003,73.24,0.371
2010-01-17,17.091,0.001,70.37,0.655
2010-01-18,17.472,0.0,73.59,0.533
2010-01-19,16.959,0.001,74.75,0.384
2010-01-20,16.822,0.001,71.0,0.475
2010-01-21,17.438,0.0,71.43,0.404
2010-01-22,17.24,0.001,66.44,0.535
2010-01-23,16.56,0.001,61.02,0.619
2010-01-24,16.271,0.001,53.98,0.745
2010-01-25,17.792,0.08,65.56,0.593
2010-01-26,16.257,0.001,66.39,0.272
2010-01-27,16.035,0.001,57.23,0.521
2010-01-28,16.097,0.001,59.65,0.43
2010-01-29,16.14,0.001,59.51,0.365
2010-01-30,15.581,0.003,59.81,0.323
2010-01-31,15.83,0.003,59.12,0.42
2010-02-01,15.659,0.002,59.98,0.355
2010-02-02,15.087,0.004,54.29,0.634
2010-02-03,15.437,0.004,49.88,0.922
2010-02-04,15.803,0.002,43.72,0.82
2010-02-05,15.052,0.002,41.67,0.757
2010-02-06,15.355,0.002,46.83,0.475
2010-02-07,16.57,0.002,52.22,0.448
2010-02-08,16.827,0.0,53.48,0.365
2010-02-09,17.122,0.001,60.93,0.418
2010-02-10,18.52,0.001,52.94,0.733
2010-02-11,19.08,0.001,54.87,0.835
2010-02-12,18.508,0.001,51.94,0.457
2010-02-13,18.8,0.001,60.58,0.637
2010-02-14,19.22,0.001,59.55,0.554
2010-02-15,19.687,0.026,61.07,0.64
2010-02-16,20.663,0.001,60.57,0.323
2010-02-17,20.494,1.98,66.01,0.123
2010-02-18,17.382,4.828,85.3,0.216
2010-02-19,17.054,0.0,51.95,0.524
2010-02-20,17.389,0.001,53.47,0.624
2010-02-21,17.159,0.0,56.61,0.584
2010-02-22,17.877,0.0,54.29,0.439
2010-02-23,18.435,0.0,51.46,0.25
2010-02-24,19.772,0.001,52.78,0.056
2010-02-25,19.158,0.107,65.06,0.195
2010-02-26,19.544,0.051,57.54,0.535
2010-02-27,19.635,0.0,50.47,0.656
2010-02-28,19.69,0.001,52.1,0.6
2010-03-01,20.4,0.002,51.73,0.34
2010-03-02,21.186,0.0,45.38,0.23
2010-03-03,21.338,0.002,48.35,0.562
2010-03-04,21.939,0.0,50.06,0.779
2010-03-05,21.638,0.167,62.91,0.892
2010-03-06,21.804,0.615,68.72,0.545
2010-03-07,22.097,0.01,62.28,0.196
2010-03-08,22.674,0.001,54.07,0.518
2010-03-09,23.159,0.0,43.37,0.776
2010-03-10,22.978,0.0,37.53,0.889
2010-03-11,22.422,0.002,35.33,0.8
2010-03-12,21.925,0.0,37.35,0.549
2010-03-13,21.689,0.001,43.84,0.294
2010-03-14,22.503,0.013,42.42,0.334
2010-03-15,23.4,0.026,38.2,0.246
2010-03-16,23.91,0.008,32.8,0.624
2010-03-17,24.838,0.0,28.86,0.435
2010-03-18,24.772,0.002,32.09,0.271
2010-03-19,23.694,0.065,33.07,0.3
2010-03-20,24.783,0.001,37.78,0.427
2010-03-21,25.434,0.0,38.1,0.231
2010-03-22,24.281,0.0,48.44,0.503
2010-03-23,24.218,0.001,47.86,0.888
2010-03-24,24.45,0.0,37.48,0.7
2010-03-25,25.098,0.0,37.23,0.33
2010-03-26,25.464,0.002,41.23,0.453
2010-03-27,24.435,1.261,52.04,0.826
2010-03-28,24.171,0.458,50.55,1.047
2010-03-29,22.885,1.766,64.88,1.064
2010-03-30,20.166,25.975,86.37,0.938
2010-03-31,20.03,44.397,91.06,1.312
2010-04-01,19.869,23.662,97.17,1.042
2010-04-02,22.212,1.836,83.95,1.128
2010-04-03,23.228,0.252,80.15,0.501
2010-04-04,23.966,0.003,71.34,0.441
2010-04-05,24.134,0.47,71.59,0.393
2010-04-06,24.603,0.001,63.53,0.308
2010-04-07,24.668,0.002,56.84,0.373
2010-04-08,25.47,0.005,45.2,0.266
2010-04-09,24.608,0.0,49.35,0.843
2010-04-10,24.628,0.002,57.26,1.229
2010-04-11,24.611,0.001,62.27,0.88
2010-04-12,24.664,0.017,66.63,0.771
2010-04-13,25.576,0.297,65.6,0.964
2010-04-14,25.834,0.094,66.72,0.823
2010-04-15,25.825,0.021,67.4,0.406
2010-04-16,26.147,0.108,61.75,0.643
2010-04-17,25.067,0.379,65.36,0.977
2010-04-18,24.446,0.033,62.82,1.142
2010-04-19,24.227,0.869,70.09,1.909
2010-04-20,23.181,3.289,80.41,1.95
2010-04-21,23.686,1.434,77.29,1.59
2010-04-22,24.961,0.298,69.31,1.13
2010-04-23,25.45,0.73,67.28,0.847
2010-04-24,24.903,0.598,67.46,1.055
2010-04-25,24.086,1.688,70.53,1.144
2010-04-26,24.558,1.776,71.65,0.679
2010-04-27,23.839,1.118,65.52,0.196
2010-04-28,24.015,0.792,64.03,0.166
2010-04-29,23.17,1.471,75.41,0.075
2010-04-30,25.085,0.446,63.98,0.198
2010-05-01,25.477,0.223,64.45,0.255
2010-05-02,25.0,2.284,71.9,0.151
2010-05-03,25.454,0.732,69.86,0.494
2010-05-04,24.788,1.855,75.29,0.269
2010-05-05,24.196,0.7,74.35,0.167
2010-05-06,24.478,0.419,69.37,0.099
2010-05-07,24.18,1.454,71.13,0.206
2010-05-08,24.144,2.141,71.69,0.299
2010-05-09,25.148,4.552,71.05,0.725
2010-05-10,24.636,1.858,78.98,0.604
2010-05-11,26.064,0.561,68.28,0.887
2010-05-12,26.06,0.447,66.73,1.107
2010-05-13,26.123,0.269,67.58,0.985
2010-05-14,26.717,0.003,60.28,0.835
2010-05-15,26.9,0.007,55.19,0.674
2010-05-16,26.828,0.16,53.42,0.452
2010-05-17,27.742,0.086,49.41,0.366
2010-05-18,27.192,0.144,55.36,0.602
2010-05-19,24.778,5.999,73.16,1.078
2010-05-20,22.524,12.833,90.16,0.896
2010-05-21,22.466,12.31,90.67,0.824
2010-05-22,21.236,26.861,99.91,0.595
2010-05-23,22.204,20.313,94.97,0.592
2010-05-24,20.93,46.395,99.32,0.908
2010-05-25,22.721,6.346,91.5,0.778
2010-05-26,21.854,22.14,95.7,0.885
2010-05-27,23.427,12.048,88.57,0.891
2010-05-28,23.123,12.978,87.58,0.73
2010-05-29,21.961,20.449,96.01,0.519
2010-05-30,22.198,8.142,92.9,0.769
2010-05-31,22.75,12.457,89.25,0.899
2010-06-01,23.211,8.16,86.42,1.013
2010-06-02,23.806,2.425,85.33,0.852
2010-06-03,24.427,0.575,81.19,1.034
2010-06-04,23.475,6.877,86.55,1.005
2010-06-05,22.038,22.007,94.84,0.959
2010-06-06,23.199,4.068,87.83,1.021
2010-06-07,24.38,2.016,85.57,0.928
2010-06-08,24.402,2.055,85.43,0.576
2010-06-09,23.844,13.214,87.8,0.435
2010-06-10,23.614,6.137,87.99,0.381
2010-06-11,23.734,9.172,87.78,0.383
2010-06-12,22.502,23.998,95.14,0.835
2010-06-13,21.754,28.823,97.79,1.034
2010-06-14,21.24,76.953,99.98,1.092
2010-06-15,20.699,100.46,99.91,0.933
2010-06-16,21.495,10.869,95.2,0.991
2010-06-17,23.421,4.159,89.24,0.471
2010-06-18,21.667,34.594,97.31,0.566
2010-06-19,21.957,10.309,95.65,1.082
2010-06-20,22.092,10.418,93.55,0.8
2010-06-21,22.93,2.394,89.84,0.814
2010-06-22,22.987,8.657,90.52,0.813
2010-06-23,23.517,9.31,90.17,0.787
2010-06-24,23.378,7.382,90.42,0.967
2010-06-25,23.208,5.578,86.1,1.536
2010-06-26,23.057,9.202,87.63,1.527
2010-06-27,22.943,4.855,88.3,1.18
2010-06-28,22.799,9.226,88.92,1.03
2010-06-29,22.386,9.611,92.52,0.918
2010-06-30,22.959,3.857,89.76,0.911
2010-07-01,23.544,2.033,88.12,0.795
2010-07-02,22.854,12.078,91.53,0.622
2010-07-03,22.529,14.044,92.52,0.626
2010-07-04,23.227,8.685,89.27,0.314
2010-07-05,22.373,13.697,91.23,0.725
2010-07-06,22.882,4.192,85.93,0.843
2010-07-07,22.571,4.938,87.28,0.58
2010-07-08,22.629,4.585,87.2,0.506
2010-07-09,22.145,8.685,89.56,0.695
2010-07-10,22.513,13.083,91.62,1.073
2010-07-11,21.61,53.718,98.8,1.092
2010-07-12,21.453,28.432,98.56,1.044
2010-07-13,22.42,3.919,92.18,1.042
2010-07-14,23.256,13.347,89.51,0.51
2010-07-15,23.635,4.256,87.87,0.442
2010-07-16,23.942,8.703,86.27,0.345
2010-07-17,23.301,9.667,92.68,0.306
2010-07-18,22.874,6.732,91.75,0.577
2010-07-19,22.688,5.397,91.62,0.739
2010-07-20,22.472,6.192,91.79,0.929
2010-07-21,22.474,9.6,91.37,1.021
2010-07-22,22.281,11.524,93.14,0.885
2010-07-23,22.168,26.557,96.18,0.832
2010-07-24,23.001,15.746,91.62,1.171
2010-07-25,22.228,6.444,91.98,1.337
2010-07-26,23.075,1.903,86.86,0.96
2010-07-27,24.039,9.67,87.13,0.157
2010-07-28,23.849,9.488,90.1,0.34
2010-07-29,22.411,9.089,93.98,0.686
2010-07-30,21.745,9.21,95.69,1.043
2010-07-31,21.774,11.432,94.36,0.912
2010-08-01,21.963,10.477,93.99,0.575
2010-08-02,22.56,14.005,93.71,0.379
2010-08-03,22.992,10.804,91.91,0.282
2010-08-04,23.157,10.131,90.61,0.672
2010-08-05,22.506,13.697,91.01,0.926
2010-08-06,21.948,6.934,92.0,0.276
2010-08-07,22.35,6.558,91.51,0.095
2010-08-08,23.063,8.773,91.58,0.067
2010-08-09,23.67,3.472,91.96,0.123
2010-08-10,23.516,21.706,92.31,0.164
2010-08-11,22.858,10.995,94.31,0.264
2010-08-12,22.974,11.693,92.93,0.517
2010-08-13,22.221,11.087,94.32,0.77
2010-08-14,21.574,21.52,98.97,0.719
2010-08-15,22.534,13.24,94.38,0.58
2010-08-16,21.775,10.236,97.16,0.42
2010-08-17,21.717,3.57,94.38,0.36
2010-08-18,21.58,6.486,95.24,0.468
2010-08-19,21.752,9.856,95.58,0.686
2010-08-20,22.471,3.559,91.51,0.491
2010-08-21,22.334,2.6,92.23,0.461
2010-08-22,23.171,0.355,86.34,0.15
2010-08-23,23.117,10.773,90.24,0.125
2010-08-24,23.015,19.195,92.36,0.357
2010-08-25,23.228,6.823,88.93,0.442
2010-08-26,22.754,6.735,90.14,0.598
2010-08-27,21.984,13.79,94.09,0.631
2010-08-28,22.12,7.579,94.73,0.211
2010-08-29,22.825,12.603,92.72,0.349
2010-08-30,22.531,14.677,91.78,0.834
2010-08-31,22.617,2.017,87.24,0.722
2010-09-01,23.129,2.925,88.26,0.414
2010-09-02,23.055,6.168,91.92,0.278
2010-09-03,22.842,8.561,92.83,0.326
2010-09-04,22.453,9.65,89.14,0.787
2010-09-05,22.785,4.242,88.8,0.83
2010-09-06,22.969,8.185,89.7,0.833
2010-09-07,22.888,6.59,88.97,0.674
2010-09-08,22.895,5.636,90.89,0.597
2010-09-09,22.513,6.601,90.25,0.458
2010-09-10,22.149,7.311,94.82,0.433
2010-09-11,22.226,23.063,93.62,0.22
2010-09-12,21.822,18.733,96.21,0.464
2010-09-13,21.421,14.607,96.64,0.716
2010-09-14,20.939,10.739,98.8,0.69
2010-09-15,21.762,9.197,94.14,0.51
2010-09-16,22.064,8.689,91.78,0.516
2010-09-17,21.965,15.119,94.78,0.489
2010-09-18,21.756,15.82,94.01,0.472
2010-09-19,21.644,8.127,93.97,0.216
2010-09-20,21.599,5.07,94.73,0.113
2010-09-21,21.747,8.317,92.36,0.193
2010-09-22,21.507,8.933,92.82,0.228
2010-09-23,21.877,15.284,94.21,0.317
2010-09-24,21.882,9.356,92.62,0.647
2010-09-25,21.379,8.451,91.43,0.881
2010-09-26,21.421,3.377,92.4,0.427
2010-09-27,21.686,1.819,90.58,0.201
2010-09-28,22.301,1.579,89.36,0.183
2010-09-29,22.339,13.428,92.43,0.347
2010-09-30,21.613,13.896,96.03,0.369
2010-10-01,22.691,1.599,89.73,0.336
2010-10-02,22.965,4.579,89.72,0.451
2010-10-03,23.046,9.231,89.24,0.565
2010-10-04,23.334,5.497,90.53,0.531
2010-10-05,22.413,19.079,92.85,0.4
2010-10-06,21.316,17.744,98.0,0.552
2010-10-07,21.165,56.512,98.99,0.763
2010-10-08,21.283,40.809,95.01,1.476
2010-10-09,20.79,91.1,99.97,0.761
2010-10-10,20.602,9.628,97.94,0.487
2010-10-11,22.256,5.154,90.74,0.143
2010-10-12,21.921,9.092,94.66,0.487
2010-10-13,22.615,11.164,93.1,0.533
2010-10-14,22.654,16.282,92.11,0.496
2010-10-15,22.271,20.109,90.25,0.49
2010-10-16,21.754,14.183,94.22,0.291
2010-10-17,21.934,8.52,92.02,0.396
2010-10-18,22.298,7.315,91.43,0.456
2010-10-19,22.547,7.224,90.89,0.59
2010-10-20,22.312,5.513,91.14,0.459
2010-10-21,21.919,6.505,90.0,0.417
2010-10-22,21.982,11.156,91.39,0.533
2010-10-23,20.628,13.865,96.3,0.161
2010-10-24,20.966,3.19,93.07,0.361
2010-10-25,20.913,2.514,91.44,0.253
2010-10-26,20.774,4.917,90.53,0.373
2010-10-27,20.836,3.034,89.43,0.311
2010-10-28,20.561,1.529,90.74,0.309
2010-10-29,21.585,0.903,88.89,0.261
2010-10-30,21.574,5.993,89.51,0.137
2010-10-31,20.506,6.473,92.79,0.243
2010-11-01,20.34,5.871,91.34,0.277
2010-11-02,20.203,6.311,91.84,0.31
2010-11-03,20.254,5.87,92.32,0.442
2010-11-04,20.556,1.07,89.8,0.388
2010-11-05,20.658,1.005,87.99,0.409
2010-11-06,20.614,0.427,86.52,0.29
2010-11-07,20.257,0.131,85.14,0.343
2010-11-08,19.843,0.002,84.93,0.391
2010-11-09,20.036,0.505,82.45,0.465
2010-11-10,20.128,0.513,83.55,0.268
2010-11-11,19.213,0.872,84.53,0.3
2010-11-12,18.426,0.358,83.35,0.357
2010-11-13,18.664,0.255,83.1,0.39
2010-11-14,19.094,0.053,83.03,0.444
2010-11-15,19.454,0.003,82.53,0.424
2010-11-16,18.501,0.003,80.27,0.538
2010-11-17,18.54,0.0,78.86,0.513
2010-11-18,18.801,0.0,80.75,0.51
2010-11-19,19.323,0.073,82.02,0.346
2010-11-20,19.278,1.463,84.54,0.234
2010-11-21,17.917,1.377,90.19,0.542
2010-11-22,17.189,0.0,81.65,0.38
2010-11-23,17.088,0.0,80.13,0.334
2010-11-24,18.13,0.001,78.02,0.384
2010-11-25,18.651,0.002,78.64,0.389
2010-11-26,18.103,0.002,80.66,0.315
2010-11-27,17.989,0.0,82.07,0.32
2010-11-28,18.382,0.0,78.26,0.522
2010-11-29,19.097,0.0,81.18,0.569
2010-11-30,17.96,0.001,79.07,0.579
2010-12-01,17.128,0.002,75.7,0.541
2010-12-02,17.658,0.001,77.13,0.512
2010-12-03,18.16,0.001,78.97,0.496
2010-12-04,18.228,0.001,77.89,0.448
2010-12-05,19.262,0.003,81.79,0.552
2010-12-06,20.368,0.116,81.84,0.462
2010-12-07,20.795,0.368,83.21,0.408
2010-12-08,20.421,7.341,85.9,0.363
2010-12-09,19.208,26.843,96.81,0.724
2010-12-10,19.256,21.902,96.81,0.376
2010-12-11,17.699,15.887,98.3,0.468
2010-12-12,14.663,0.165,72.82,0.864
2010-12-13,14.148,0.0,74.69,0.706
2010-12-14,14.351,0.0,77.85,0.526
2010-12-15,13.919,0.002,79.46,0.556
2010-12-16,14.603,0.0,83.0,0.48
2010-12-17,15.116,0.0,81.21,0.554
2010-12-18,15.033,0.0,80.63,0.628
2010-12-19,15.001,0.0,77.38,0.657
2010-12-20,14.393,0.0,76.76,0.619
2010-12-21,13.979,0.0,79.4,0.395
2010-12-22,13.399,0.001,78.11,0.424
2010-12-23,13.147,0.001,75.7,0.567
2010-12-24,13.141,0.001,72.16,0.587
2010-12-25,12.638,0.0,72.02,0.672
2010-12-26,12.488,0.001,73.56,0.582
2010-12-27,12.871,0.0,73.54,0.629
2010-12-28,13.293,0.001,72.57,0.604
2010-12-29,14.123,0.001,72.77,0.642
2010-12-30,14.642,0.002,73.16,0.609
2010-12-31,14.954,0.0,73.68,0.613
2011-01-01,14.779,0.0,72.12,0.547
2011-01-02,15.278,0.007,77.97,0.531
2011-01-03,14.274,0.001,77.12,0.342
2011-01-04,14.484,0.001,76.15,0.49
2011-01-05,15.733,0.001,76.25,0.503
2011-01-06,16.605,0.003,78.32,0.485
2011-01-07,17.699,0.317,80.87,0.561
2011-01-08,17.591,0.781,79.32,0.555
2011-01-09,16.887,1.349,87.2,0.332
2011-01-10,16.007,1.797,89.69,0.193
2011-01-11,13.251,0.047,72.49,0.254
2011-01-12,12.553,0.001,74.03,0.25
2011-01-13,12.518,0.001,73.3,0.304
2011-01-14,12.566,0.001,68.74,0.602
2011-01-15,13.482,0.002,65.04,0.735
2011-01-16,15.09,0.199,64.16,0.634
2011-01-17,13.157,7.726,88.95,0.738
2011-01-18,12.49,0.123,76.05,0.303
2011-01-19,12.695,0.002,63.6,0.581
2011-01-20,12.838,0.0,67.79,0.623
2011-01-21,12.609,0.002,66.81,0.593
2011-01-22,13.135,0.002,67.26,0.529
2011-01-23,13.534,0.0,68.94,0.587
2011-01-24,14.791,0.0,64.69,0.883
2011-01-25,15.576,0.001,64.95,0.979
2011-01-26,16.212,0.0,64.99,0.8
2011-01-27,16.475,0.001,68.19,0.715
2011-01-28,15.22,0.001,68.9,0.633
2011-01-29,14.523,0.001,67.49,0.531
2011-01-30,15.942,0.001,63.64,0.706
2011-01-31,16.748,0.45,70.0,0.472
2011-02-01,15.637,0.0,63.13,0.53
2011-02-02,15.31,0.001,62.82,0.427
2011-02-03,15.958,0.0,58.97,0.439
2011-02-04,16.54,0.002,59.19,0.53
2011-02-05,16.626,0.001,61.62,0.416
2011-02-06,16.135,0.0,61.27,0.422
2011-02-07,16.218,0.002,64.23,0.443
2011-02-08,16.496,0.002,65.86,0.644
2011-02-09,17.325,0.002,62.84,0.681
2011-02-10,16.76,0.002,52.2,0.736
2011-02-11,16.181,0.003,47.55,0.488
2011-02-12,15.945,0.003,49.53,0.584
2011-02-13,16.042,0.0,54.27,0.514
2011-02-14,16.703,0.0,62.55,0.364
2011-02-15,18.077,0.0,62.21,0.647
2011-02-16,18.901,0.001,63.95,0.22
2011-02-17,18.293,0.07,69.08,0.51
2011-02-18,17.171,0.299,74.02,0.446
2011-02-19,17.72,0.0,64.33,0.694
2011-02-20,18.754,0.002,53.7,0.747
2011-02-21,19.547,0.018,59.32,0.412
2011-02-22,18.354,0.019,62.29,0.458
2011-02-23,18.524,0.001,52.49,0.285
2011-02-24,19.405,0.0,47.75,0.242
2011-02-25,19.31,0.002,43.51,0.351
2011-02-26,19.127,0.001,47.02,0.601
2011-02-27,19.932,0.0,48.16,0.892
2011-02-28,19.057,0.001,41.86,0.924
2011-03-01,19.866,0.001,40.24,0.413
2011-03-02,20.136,0.001,39.3,0.345
2011-03-03,20.977,0.001,40.61,0.637
2011-03-04,21.185,0.001,47.31,0.901
2011-03-05,22.065,0.002,49.42,0.396
2011-03-06,22.346,0.0,55.37,0.41
2011-03-07,21.247,0.0,35.41,0.46
2011-03-08,20.427,0.002,37.82,0.199
2011-03-09,21.248,0.002,39.86,0.788
2011-03-10,22.929,0.012,40.64,0.257
2011-03-11,22.529,0.0,40.86,0.464
2011-03-12,22.272,0.001,41.06,0.172
2011-03-13,21.438,0.004,45.85,0.255
2011-03-14,21.636,0.0,43.1,0.5
2011-03-15,21.578,0.487,46.84,0.185
2011-03-16,18.629,8.425,70.33,0.387
2011-03-17,19.372,0.235,66.79,0.396
2011-03-18,19.485,0.335,68.15,0.803
2011-03-19,19.855,0.021,65.68,1.273
2011-03-20,21.251,0.001,58.1,1.192
2011-03-21,21.391,0.0,59.31,1.071
2011-03-22,22.122,0.0,55.3,0.265
2011-03-23,22.744,0.0,51.27,0.113
2011-03-24,23.139,0.02,50.75,0.416
2011-03-25,22.821,0.006,54.15,0.276
2011-03-26,21.293,0.907,61.63,0.057
2011-03-27,20.491,3.015,67.71,0.298
2011-03-28,20.93,0.786,59.5,0.026
2011-03-29,19.793,1.737,70.39,0.388
2011-03-30,19.925,1.355,75.14,0.614
2011-03-31,19.473,1.791,79.05,0.849
2011-04-01,20.158,1.002,73.77,0.103
2011-04-02,21.825,0.002,54.53,0.432
2011-04-03,23.051,-0.0,49.38,0.324
2011-04-04,23.875,0.003,49.66,0.302
2011-04-05,23.737,0.003,49.87,0.371
2011-04-06,23.073,0.113,52.63,0.434
2011-04-07,23.545,0.002,35.28,0.447
2011-04-08,24.699,0.0,35.19,0.354
2011-04-09,25.397,0.012,40.92,0.365
2011-04-10,24.034,0.141,50.07,0.051
2011-04-11,24.736,0.002,41.72,0.214
2011-04-12,25.149,0.026,42.72,0.192
2011-04-13,25.358,0.086,46.52,0.351
2011-04-14,23.405,2.095,67.3,0.015
2011-04-15,23.777,0.627,64.47,0.182
2011-04-16,24.946,0.018,51.77,0.396
2011-04-17,24.253,0.844,61.98,0.313
2011-04-18,25.399,0.03,54.53,0.376
2011-04-19,24.45,1.081,66.16,0.214
2011-04-20,22.853,10.108,78.32,0.307
2011-04-21,22.72,3.512,79.53,0.164
2011-04-22,24.571,0.149,61.69,0.572
2011-04-23,24.081,0.862,57.96,0.39
2011-04-24,21.256,2.013,80.05,0.421
2011-04-25,20.915,9.685,79.81,0.151
2011-04-26,21.337,8.225,82.22,0.127
2011-04-27,20.328,16.839,89.02,0.323
2011-04-28,20.688,5.635,85.25,0.506
2011-04-29,20.682,2.649,84.92,0.522
2011-04-30,22.01,1.007,76.93,0.29
2011-05-01,22.478,1.51,80.24,0.519
2011-05-02,22.679,2.487,77.94,0.652
2011-05-03,23.97,0.566,72.23,0.62
2011-05-04,23.176,1.437,74.41,0.434
2011-05-05,22.149,5.243,80.65,0.43
2011-05-06,21.859,3.54,83.83,0.329
2011-05-07,22.567,1.761,79.97,0.372
2011-05-08,23.137,1.612,81.18,0.078
2011-05-09,24.598,0.221,66.94,0.307
2011-05-10,25.027,0.11,64.32,0.509
2011-05-11,24.44,1.669,71.21,0.691
2011-05-12,24.531,2.699,75.26,0.423
2011-05-13,25.374,0.491,67.72,0.393
2011-05-14,25.217,0.788,69.64,0.574
2011-05-15,24.95,0.714,72.54,0.275
2011-05-16,24.155,6.153,80.23,0.163
2011-05-17,22.525,13.866,90.25,0.063
2011-05-18,22.214,6.61,88.79,0.192
2011-05-19,21.99,13.439,88.89,0.717
2011-05-20,20.35,33.412,98.38,0.746
2011-05-21,20.957,30.066,94.94,1.066
2011-05-22,22.235,8.122,91.22,1.036
2011-05-23,22.849,2.29,88.03,0.809
2011-05-24,22.953,3.388,84.72,0.545
2011-05-25,22.52,5.116,87.93,0.305
2011-05-26,22.152,9.671,91.67,0.35
2011-05-27,22.162,11.453,94.36,0.383
2011-05-28,22.117,23.711,93.69,0.353
2011-05-29,21.603,25.626,97.47,0.802
2011-05-30,20.898,17.002,98.62,0.998
2011-05-31,21.581,14.414,94.55,0.945
2011-06-01,22.067,8.525,90.88,0.573
2011-06-02,23.326,1.328,83.82,0.07
2011-06-03,23.794,1.324,84.01,0.191
2011-06-04,24.004,2.106,83.7,0.203
2011-06-05,23.611,8.248,87.41,0.203
2011-06-06,23.657,15.222,88.46,0.246
2011-06-07,23.145,16.139,88.37,0.752
2011-06-08,21.696,16.319,96.09,0.972
2011-06-09,21.81,27.709,98.68,0.239
2011-06-10,21.934,3.033,92.59,0.633
2011-06-11,22.983,2.745,88.16,0.646
2011-06-12,23.369,7.633,87.74,0.315
2011-06-13,23.297,9.759,90.77,0.347
2011-06-14,23.421,15.629,91.82,0.609
2011-06-15,23.461,24.139,90.63,1.251
2011-06-16,22.771,9.561,91.28,1.8
2011-06-17,23.124,7.291,86.53,1.755
2011-06-18,22.437,4.377,90.16,1.278
2011-06-19,23.127,2.869,86.68,1.066
2011-06-20,22.777,9.109,91.11,0.824
2011-06-21,22.546,9.38,91.43,1.066
2011-06-22,23.006,3.202,87.3,1.065
2011-06-23,22.496,15.379,92.26,0.567
2011-06-24,21.397,27.885,99.38,0.753
2011-06-25,22.305,31.269,95.84,0.715
2011-06-26,22.32,7.936,91.85,1.091
2011-06-27,21.223,18.232,95.86,1.299
2011-06-28,20.727,23.788,98.37,1.334
2011-06-29,21.219,9.78,96.49,1.178
2011-06-30,20.875,10.535,98.38,1.044
2011-07-01,21.05,24.32,97.69,0.982
2011-07-02,20.98,22.987,97.94,0.844
2011-07-03,21.19,15.466,94.01,1.134
2011-07-04,22.187,2.347,88.6,0.912
2011-07-05,22.475,8.257,88.68,0.672
2011-07-06,22.442,2.731,83.5,1.124
2011-07-07,21.594,10.07,90.97,0.65
2011-07-08,22.041,2.476,89.23,0.348
2011-07-09,22.688,2.283,85.86,0.349
2011-07-10,23.39,1.224,85.13,0.504
2011-07-11,23.28,9.168,90.74,0.435
2011-07-12,23.207,7.39,91.2,0.4
2011-07-13,23.19,6.224,88.06,0.832
2011-07-14,22.597,6.631,90.23,0.982
2011-07-15,21.944,19.867,94.36,0.852
2011-07-16,21.716,11.833,96.44,0.948
2011-07-17,22.154,8.89,92.77,1.265
2011-07-18,21.826,17.556,96.22,1.225
2011-07-19,21.38,22.948,99.73,1.02
2011-07-20,21.171,45.686,99.85,0.998
2011-07-21,21.245,43.897,99.84,1.422
2011-07-22,21.087,14.824,97.54,0.977
2011-07-23,21.883,3.327,90.63,0.652
2011-07-24,22.199,10.667,93.38,0.17
2011-07-25,23.026,9.702,90.87,0.155
2011-07-26,22.744,7.362,90.86,0.276
2011-07-27,22.659,7.637,91.59,0.119
2011-07-28,23.235,10.475,89.91,0.193
2011-07-29,22.932,13.748,91.98,0.245
2011-07-30,23.06,9.48,90.91,0.111
2011-07-31,23.454,7.449,90.72,0.275
2011-08-01,23.786,8.299,93.16,0.188
2011-08-02,22.603,17.528,97.21,0.595
2011-08-03,23.283,6.084,88.04,1.433
2011-08-04,21.592,17.129,97.77,1.071
2011-08-05,21.583,15.993,97.97,1.165
2011-08-06,21.424,15.491,98.49,1.037
2011-08-07,21.712,18.992,96.84,1.179
2011-08-08,20.973,23.896,99.37,1.078
2011-08-09,20.308,28.494,99.53,1.165
2011-08-10,20.516,25.392,98.79,0.952
2011-08-11,21.017,10.378,97.27,1.037
2011-08-12,22.417,4.168,88.16,1.162
2011-08-13,21.826,13.652,92.74,0.862
2011-08-14,21.878,2.458,92.75,0.459
2011-08-15,21.745,6.345,93.31,0.498
2011-08-16,21.495,5.425,94.59,0.462
2011-08-17,20.833,8.19,97.27,0.416
2011-08-18,21.243,4.481,92.4,0.328
2011-08-19,21.715,18.974,93.34,0.063
2011-08-20,22.182,16.865,94.14,0.332
2011-08-21,21.524,51.318,98.3,0.509
2011-08-22,21.715,21.704,96.59,0.776
2011-08-23,22.168,9.295,92.16,0.716
2011-08-24,21.761,5.762,93.16,0.529
2011-08-25,21.898,16.073,94.5,0.414
2011-08-26,21.336,39.349,98.66,0.453
2011-08-27,21.702,38.713,96.5,0.393
2011-08-28,22.043,25.713,96.19,0.386
2011-08-29,22.636,7.414,95.61,0.501
2011-08-30,22.687,19.34,91.82,0.515
2011-08-31,22.242,13.755,91.02,0.541
2011-09-01,21.928,25.259,92.74,0.547
2011-09-02,21.231,10.956,95.13,0.463
2011-09-03,22.336,8.451,90.37,0.56
2011-09-04,22.575,12.19,91.22,0.635
2011-09-05,22.592,7.609,90.41,0.703
2011-09-06,21.934,17.406,93.44,1.086
2011-09-07,20.706,22.324,98.36,1.059
2011-09-08,21.584,4.256,91.58,1.2
2011-09-09,21.446,12.949,95.44,0.799
2011-09-10,22.283,8.103,93.2,0.218
2011-09-11,22.927,8.322,92.0,0.372
2011-09-12,23.834,11.68,90.82,0.249
2011-09-13,22.836,11.224,92.7,0.435
2011-09-14,21.781,9.836,93.85,1.111
2011-09-15,21.313,5.694,93.3,1.312
2011-09-16,21.105,9.21,93.62,1.095
2011-09-17,21.162,5.302,92.3,0.934
2011-09-18,21.994,7.94,90.26,0.761
2011-09-19,22.592,10.787,92.22,0.337
2011-09-20,22.598,12.925,92.34,0.411
2011-09-21,22.527,10.853,91.22,0.762
2011-09-22,22.375,7.549,89.64,0.831
2011-09-23,21.844,7.925,91.41,0.855
2011-09-24,21.559,5.865,89.19,0.828
2011-09-25,21.91,0.713,86.52,0.496
2011-09-26,21.969,1.926,88.47,0.185
2011-09-27,22.73,1.018,87.46,0.107
2011-09-28,22.899,3.776,89.38,0.187
2011-09-29,22.379,24.555,94.6,0.081
2011-09-30,21.795,35.031,97.5,0.159
2011-10-01,21.315,35.72,98.99,0.42
2011-10-02,21.57,9.09,94.15,0.141
2011-10-03,21.507,10.939,93.76,0.204
2011-10-04,21.592,16.379,95.04,0.181
2011-10-05,21.582,12.875,95.03,0.19
2011-10-06,21.065,18.75,94.04,0.33
2011-10-07,21.382,6.151,92.35,0.348
2011-10-08,21.476,9.256,93.35,0.348
2011-10-09,21.799,4.745,91.99,0.327
2011-10-10,21.524,4.915,92.51,0.413
2011-10-11,22.289,1.978,90.36,0.332
2011-10-12,22.628,0.899,89.33,0.314
2011-10-13,22.206,0.026,85.51,0.294
2011-10-14,21.598,0.002,84.74,0.232
2011-10-15,21.727,0.003,83.23,0.288
2011-10-16,22.152,1.31,87.48,0.357
2011-10-17,21.496,14.172,92.71,0.518
2011-10-18,20.575,8.962,98.14,0.587
2011-10-19,20.203,81.254,98.49,0.787
2011-10-20,18.876,24.079,97.19,0.68
2011-10-21,20.152,2.184,90.23,0.38
2011-10-22,20.096,0.62,91.83,0.328
2011-10-23,20.691,0.826,88.28,0.251
2011-10-24,21.131,0.872,88.76,0.376
2011-10-25,20.963,3.411,89.8,0.419
2011-10-26,20.307,2.555,88.59,0.422
2011-10-27,20.097,0.875,89.12,0.394
2011-10-28,20.753,0.481,84.33,0.277
2011-10-29,20.014,0.964,86.83,0.307
2011-10-30,19.216,0.002,81.86,0.47
2011-10-31,18.832,0.005,80.59,0.485
2011-11-01,18.052,0.006,79.21,0.547
2011-11-02,17.462,0.0,79.14,0.495
2011-11-03,16.898,0.0,78.42,0.526
2011-11-04,17.013,0.001,77.16,0.52
2011-11-05,17.179,0.001,80.16,0.449
2011-11-06,17.072,0.001,79.72,0.485
2011-11-07,17.2,0.039,81.01,0.414
2011-11-08,17.819,0.133,81.36,0.42
2011-11-09,17.908,0.042,76.97,0.487
2011-11-10,18.034,0.0,76.0,0.436
2011-11-11,17.458,0.001,77.01,0.533
2011-11-12,16.979,0.0,75.26,0.621
2011-11-13,17.368,0.0,75.46,0.619
2011-11-14,17.659,0.002,76.44,0.574
2011-11-15,17.476,0.0,76.93,0.552
2011-11-16,17.275,0.003,74.98,0.598
2011-11-17,17.012,0.0,76.47,0.507
2011-11-18,17.112,0.002,74.18,0.416
2011-11-19,17.14,0.001,76.54,0.31
2011-11-20,17.511,0.002,77.08,0.435
2011-11-21,17.735,0.0,70.81,0.557
2011-11-22,17.671,0.003,74.87,0.572
2011-11-23,17.829,0.001,73.25,0.794
2011-11-24,19.037,0.008,75.2,0.607
2011-11-25,18.562,0.0,69.18,0.718
2011-11-26,18.36,0.001,68.6,0.741
2011-11-27,17.357,0.001,71.82,0.524
2011-11-28,16.517,0.0,72.43,0.332
2011-11-29,16.131,0.002,74.61,0.398
2011-11-30,16.448,0.0,77.78,0.326
2011-12-01,16.891,0.01,77.72,0.357
2011-12-02,17.404,0.074,76.35,0.397
2011-12-03,16.916,0.003,72.39,0.796
2011-12-04,16.318,0.041,76.79,0.594
2011-12-05,16.284,0.018,77.07,0.404
2011-12-06,17.42,0.001,73.43,0.468
2011-12-07,17.678,0.0,77.72,0.449
2011-12-08,17.916,0.002,77.01,0.454
2011-12-09,17.347,0.001,75.95,0.411
2011-12-10,16.548,0.0,71.83,0.406
2011-12-11,15.167,0.0,68.17,0.639
2011-12-12,15.468,0.002,64.19,0.624
2011-12-13,14.975,0.002,70.43,0.555
2011-12-14,14.277,0.001,72.16,0.518
2011-12-15,13.793,0.001,64.94,0.484
2011-12-16,13.369,0.0,65.16,0.598
2011-12-17,13.766,0.001,65.33,0.598
2011-12-18,13.861,0.0,67.17,0.662
2011-12-19,13.984,0.0,67.29,0.656
2011-12-20,14.158,0.001,68.21,0.642
2011-12-21,14.364,0.001,68.03,0.729
2011-12-22,14.034,0.0,69.05,0.676
2011-12-23,14.467,0.0,70.61,0.589
2011-12-24,15.146,0.001,78.17,0.687
2011-12-25,17.311,0.0,76.34,0.632
2011-12-26,17.53,0.023,79.82,0.465
2011-12-27,18.214,0.943,82.03,0.07
2011-12-28,16.465,2.463,95.61,0.606
2011-12-29,17.745,0.026,88.89,0.265
2011-12-30,17.879,0.001,74.21,0.714
2011-12-31,17.886,0.001,72.97,0.603
2012-01-01,18.387,0.001,75.01,0.403
2012-01-02,16.496,2.511,88.13,0.437
2012-01-03,16.374,1.753,87.32,0.362
2012-01-04,16.248,0.765,83.87,0.247
2012-01-05,15.544,0.056,81.75,0.229
2012-01-06,15.691,0.001,74.08,0.675
2012-01-07,16.454,0.008,76.22,0.608
2012-01-08,16.919,0.382,78.57,0.579
2012-01-09,16.21,0.67,78.34,0.562
2012-01-10,16.149,0.0,70.71,0.6
2012-01-11,15.654,0.105,69.61,0.47
2012-01-12,15.469,0.349,74.15,0.155
2012-01-13,13.08,0.091,75.68,0.477
2012-01-14,11.413,0.0,69.83,0.569
2012-01-15,12.954,0.001,65.15,0.232
2012-01-16,13.01,0.001,67.99,0.373
2012-01-17,14.034,0.0,63.25,0.577
2012-01-18,14.721,0.0,63.67,0.602
2012-01-19,15.322,0.001,61.1,0.595
2012-01-20,15.361,0.0,61.96,0.413
2012-01-21,15.031,0.005,70.18,0.394
2012-01-22,13.981,0.001,68.04,0.539
2012-01-23,13.75,0.001,60.9,0.497
2012-01-24,13.219,0.0,55.58,0.675
2012-01-25,12.769,0.002,52.11,0.743
2012-01-26,13.648,0.001,53.18,0.783
2012-01-27,14.77,0.002,60.87,0.703
2012-01-28,13.805,0.001,54.75,0.721
2012-01-29,14.391,0.0,57.77,0.596
2012-01-30,15.918,0.0,56.68,0.641
2012-01-31,15.625,0.001,54.75,0.475
2012-02-01,15.351,0.001,49.09,0.702
2012-02-02,14.776,0.001,55.73,0.578
2012-02-03,15.315,0.0,58.68,0.471
2012-02-04,16.344,0.001,52.89,0.544
2012-02-05,17.232,0.001,53.69,0.438
2012-02-06,17.136,0.001,53.57,0.793
2012-02-07,17.199,0.0,58.95,0.859
2012-02-08,17.982,0.002,55.55,0.553
2012-02-09,18.44,0.003,56.55,0.291
2012-02-10,17.641,0.014,65.81,0.382
2012-02-11,17.082,0.001,61.29,0.123
2012-02-12,16.065,0.001,48.7,0.479
2012-02-13,17.17,0.002,44.65,0.776
2012-02-14,18.468,0.001,48.44,0.76
2012-02-15,19.199,0.001,60.71,0.714
2012-02-16,19.567,0.0,52.92,0.722
2012-02-17,19.832,0.021,55.5,0.553
2012-02-18,19.018,0.001,48.52,0.611
2012-02-19,18.208,0.001,47.48,0.553
2012-02-20,17.46,0.0,40.73,0.346
2012-02-21,17.564,0.001,50.03,0.5
2012-02-22,18.714,0.001,52.42,0.647
2012-02-23,19.006,0.002,52.39,0.606
2012-02-24,19.436,0.001,48.18,0.887
2012-02-25,19.713,0.0,41.27,0.909
2012-02-26,20.193,0.002,42.78,0.436
2012-02-27,20.078,0.002,42.8,0.066
2012-02-28,19.647,0.0,42.96,0.45
2012-02-29,19.893,0.31,50.77,0.944
2012-03-01,19.765,2.242,63.84,0.4
2012-03-02,18.407,11.175,80.46,0.621
2012-03-03,16.94,10.888,91.03,0.686
2012-03-04,17.951,0.003,62.97,0.298
2012-03-05,18.608,0.001,59.26,0.091
2012-03-06,19.238,0.021,64.12,0.431
2012-03-07,20.466,0.003,54.8,0.712
2012-03-08,20.706,0.002,50.08,0.468
2012-03-09,20.919,0.0,48.38,0.382
2012-03-10,20.783,0.001,52.72,0.241
2012-03-11,21.532,0.002,43.79,0.412
2012-03-12,21.932,0.0,36.84,0.56
2012-03-13,21.362,0.093,51.05,0.677
2012-03-14,22.169,0.009,45.29,0.357
2012-03-15,20.901,0.002,50.24,0.322
2012-03-16,20.505,0.0,41.79,0.523
2012-03-17,20.343,0.003,43.95,0.5
2012-03-18,20.37,0.002,48.74,0.299
2012-03-19,21.821,0.0,49.49,0.124
2012-03-20,22.606,0.009,55.82,0.392
2012-03-21,21.954,0.178,68.77,0.254
2012-03-22,22.498,0.002,57.7,0.273
2012-03-23,23.099,0.001,44.37,0.169
2012-03-24,23.327,0.002,44.89,0.248
2012-03-25,23.216,0.003,48.79,0.309
2012-03-26,23.257,0.0,49.46,0.326
2012-03-27,23.172,0.001,50.33,0.315
2012-03-28,23.629,0.001,42.56,0.47
2012-03-29,23.951,0.001,34.7,0.272
2012-03-30,24.152,0.0,36.6,0.124
2012-03-31,24.927,0.033,34.78,0.161
2012-04-01,25.572,0.023,31.94,0.292
2012-04-02,25.43,0.014,36.23,0.164
2012-04-03,24.002,0.139,45.75,0.141
2012-04-04,23.887,0.196,48.4,0.062
2012-04-05,23.934,0.44,49.46,0.311
2012-04-06,21.481,2.252,64.17,0.498
2012-04-07,20.662,1.825,66.56,0.403
2012-04-08,20.836,2.756,70.01,0.515
2012-04-09,18.736,17.76,89.57,0.724
2012-04-10,18.443,16.852,90.53,0.542
2012-04-11,20.265,3.025,82.61,0.321
2012-04-12,21.76,0.123,72.75,0.575
2012-04-13,22.888,0.101,67.0,0.112
2012-04-14,23.136,0.164,60.13,0.429
2012-04-15,23.887,0.001,53.9,0.3
2012-04-16,23.496,0.649,63.08,0.091
2012-04-17,24.537,0.002,53.78,0.181
2012-04-18,24.714,0.002,53.44,0.304
2012-04-19,24.559,0.139,59.63,0.45
2012-04-20,25.203,0.025,59.9,0.552
2012-04-21,24.657,0.504,68.16,0.567
2012-04-22,24.645,0.447,66.33,0.719
2012-04-23,22.678,11.523,78.63,0.523
2012-04-24,24.025,0.284,70.75,0.467
2012-04-25,24.473,0.106,67.23,0.335
2012-04-26,25.172,0.055,56.87,0.511
2012-04-27,23.543,0.71,72.56,0.806
2012-04-28,21.614,13.364,86.08,0.953
2012-04-29,21.515,5.27,85.62,0.872
2012-04-30,22.018,5.474,82.49,0.815
2012-05-01,21.905,5.973,81.46,0.8
2012-05-02,22.17,3.633,82.89,0.501
2012-05-03,24.056,0.125,69.6,0.341
2012-05-04,23.94,0.044,63.91,0.43
2012-05-05,25.005,0.024,54.21,0.061
2012-05-06,25.214,0.001,48.39,0.662
2012-05-07,25.468,0.195,52.17,0.472
2012-05-08,25.205,0.014,56.53,0.468
2012-05-09,24.979,0.739,68.19,0.539
2012-05-10,23.717,11.351,80.68,0.306
2012-05-11,24.376,0.607,71.99,0.493
2012-05-12,23.336,4.551,77.23,0.293
2012-05-13,22.731,12.719,83.65,0.447
2012-05-14,24.496,1.914,79.05,0.631
2012-05-15,24.535,4.157,83.35,0.447
2012-05-16,23.646,2.091,83.82,0.393
2012-05-17,24.926,0.225,67.17,0.133
2012-05-18,25.641,0.337,64.37,0.229
2012-05-19,24.648,2.208,75.93,0.335
2012-05-20,24.419,6.437,80.89,0.145
2012-05-21,23.442,7.821,85.55,0.154
2012-05-22,23.932,2.413,79.13,0.382
2012-05-23,25.427,0.795,73.38,0.81
2012-05-24,25.512,1.423,73.24,0.591
2012-05-25,26.426,0.28,65.89,0.513
2012-05-26,26.244,0.371,68.0,0.352
2012-05-27,26.22,1.049,69.02,0.392
2012-05-28,24.402,2.116,79.9,0.298
2012-05-29,24.073,33.128,88.41,0.077
2012-05-30,22.933,18.182,95.48,0.164
2012-05-31,23.152,94.248,95.44,0.241
2012-06-01,21.216,68.098,99.04,0.796
2012-06-02,22.838,2.385,87.85,1.156
2012-06-03,23.105,4.201,88.63,1.271
2012-06-04,24.038,6.588,85.55,1.241
2012-06-05,23.669,6.059,85.44,0.937
2012-06-06,23.73,4.08,86.98,0.715
2012-06-07,23.992,2.363,83.67,0.316
2012-06-08,24.687,10.3,85.34,0.041
2012-06-09,23.299,14.113,93.41,0.196
2012-06-10,21.917,19.571,98.43,0.598
2012-06-11,23.394,2.888,88.74,0.63
2012-06-12,23.897,5.726,85.7,0.735
2012-06-13,23.413,10.884,87.01,1.286
2012-06-14,21.847,37.279,98.1,0.891
2012-06-15,21.837,26.432,98.15,0.832
2012-06-16,21.697,18.647,97.22,0.624
2012-06-17,22.473,10.067,93.55,0.303
2012-06-18,22.994,3.2,89.99,0.735
2012-06-19,23.13,7.634,87.38,1.804
2012-06-20,23.425,5.417,85.58,1.613
2012-06-21,23.063,7.716,88.58,1.688
2012-06-22,21.964,13.847,95.32,1.555
2012-06-23,21.628,35.838,98.18,1.573
2012-06-24,21.492,80.547,99.59,1.898
2012-06-25,20.887,147.254,99.86,1.03
2012-06-26,21.13,63.622,99.54,0.766
2012-06-27,21.154,12.993,96.12,0.663
2012-06-28,23.41,11.324,88.97,0.018
2012-06-29,22.885,13.561,93.94,0.11
2012-06-30,23.034,21.25,92.95,0.242
2012-07-01,23.605,10.803,86.71,0.573
2012-07-02,22.706,18.421,89.75,1.049
2012-07-03,22.415,8.926,89.6,1.317
2012-07-04,22.216,4.287,89.09,1.208
2012-07-05,22.12,11.846,90.94,0.885
2012-07-06,22.611,4.435,88.57,0.969
2012-07-07,22.288,21.123,91.51,0.979
2012-07-08,22.218,9.09,90.14,1.161
2012-07-09,22.741,5.681,87.25,1.269
2012-07-10,22.318,5.677,92.19,0.703
2012-07-11,22.09,17.632,93.17,0.715
2012-07-12,22.551,6.162,92.25,0.694
2012-07-13,22.511,12.114,91.1,0.819
2012-07-14,22.14,20.135,93.3,1.085
2012-07-15,21.757,8.771,93.53,1.09
2012-07-16,21.462,9.25,95.5,1.019
2012-07-17,21.345,20.58,97.42,1.12
2012-07-18,21.27,23.656,98.75,1.068
2012-07-19,22.223,9.731,91.79,1.014
2012-07-20,23.354,10.852,87.55,1.03
2012-07-21,22.418,7.889,90.54,1.444
2012-07-22,21.932,15.128,92.96,1.329
2012-07-23,21.443,30.173,98.68,1.14
2012-07-24,21.295,6.768,95.41,1.055
2012-07-25,22.151,10.943,93.07,1.03
2012-07-26,21.631,22.0,96.94,1.361
2012-07-27,21.113,23.261,99.05,1.151
2012-07-28,21.116,19.455,97.45,1.228
2012-07-29,20.347,23.132,98.44,1.199
2012-07-30,21.66,8.083,91.7,1.229
2012-07-31,21.568,16.275,93.22,1.339
2012-08-01,21.91,10.609,93.31,1.123
2012-08-02,22.377,4.959,91.04,0.929
2012-08-03,23.108,15.974,89.41,0.915
2012-08-04,22.982,4.912,88.04,1.331
2012-08-05,22.277,5.886,90.46,1.247
2012-08-06,22.355,6.585,90.64,1.202
2012-08-07,21.835,17.102,94.35,0.931
2012-08-08,21.303,12.243,97.98,0.516
2012-08-09,22.204,14.197,93.0,0.49
2012-08-10,21.579,28.203,95.96,0.955
2012-08-11,21.676,23.546,93.36,1.123
2012-08-12,20.799,16.264,97.38,0.943
2012-08-13,21.212,8.089,95.52,0.833
2012-08-14,21.607,12.208,95.99,0.585
2012-08-15,22.3,15.548,94.28,0.427
2012-08-16,22.614,17.375,91.52,0.487
2012-08-17,22.643,9.404,90.23,0.698
2012-08-18,22.782,8.099,89.19,0.713
2012-08-19,21.135,20.802,96.99,1.037
2012-08-20,20.746,13.513,95.03,0.898
2012-08-21,21.774,4.009,90.84,0.612
2012-08-22,21.924,3.3,90.05,0.186
2012-08-23,21.778,8.058,93.14,0.08
2012-08-24,22.648,12.1,93.14,0.265
2012-08-25,23.179,11.149,91.42,0.335
2012-08-26,22.605,15.041,90.96,0.528
2012-08-27,22.494,12.499,92.71,0.45
2012-08-28,22.65,12.672,94.26,0.161
2012-08-29,22.955,8.571,93.56,0.26
2012-08-30,22.683,8.217,91.11,0.586
2012-08-31,22.76,6.067,89.28,0.869
2012-09-01,22.567,5.04,92.84,0.64
2012-09-02,22.772,10.223,93.35,0.388
2012-09-03,22.221,24.739,95.64,0.762
2012-09-04,21.41,35.96,97.33,0.85
2012-09-05,21.485,15.761,94.86,0.516
2012-09-06,21.5,6.368,96.56,0.307
2012-09-07,23.086,12.446,91.66,0.35
2012-09-08,23.036,20.234,93.71,0.382
2012-09-09,22.793,5.649,91.07,0.779
2012-09-10,22.447,9.488,89.12,0.958
2012-09-11,21.482,6.719,93.2,1.012
2012-09-12,21.532,9.047,91.63,1.006
2012-09-13,21.594,8.572,91.86,0.991
2012-09-14,21.872,12.308,92.25,0.929
2012-09-15,22.488,5.856,90.94,0.942
2012-09-16,22.864,7.1,90.53,0.635
2012-09-17,22.306,7.743,92.35,0.63
2012-09-18,22.334,4.335,90.79,0.652
2012-09-19,22.738,2.302,89.25,0.681
2012-09-20,22.084,5.49,90.14,0.608
2012-09-21,22.379,2.244,88.45,0.45
2012-09-22,22.539,1.924,88.37,0.398
2012-09-23,22.125,6.534,89.99,0.406
2012-09-24,21.796,6.601,94.04,0.39
2012-09-25,22.086,7.226,91.39,0.278
2012-09-26,21.994,13.33,93.94,0.306
2012-09-27,22.539,6.07,92.02,0.264
2012-09-28,22.637,9.491,92.71,0.317
2012-09-29,22.874,5.131,92.02,0.281
2012-09-30,22.066,11.411,92.67,0.36
2012-10-01,22.445,2.93,88.38,0.266
2012-10-02,21.725,12.941,93.2,0.558
2012-10-03,20.794,14.827,96.21,0.72
2012-10-04,21.197,13.533,93.99,0.966
2012-10-05,20.475,8.838,94.67,0.701
2012-10-06,22.546,0.587,87.15,0.191
2012-10-07,22.452,13.771,91.92,0.286
2012-10-08,21.843,5.977,94.68,0.256
2012-10-09,21.919,11.226,92.61,0.335
2012-10-10,21.191,28.84,98.28,0.639
2012-10-11,19.926,30.409,99.71,0.853
2012-10-12,19.396,14.372,97.85,0.368
2012-10-13,20.077,3.119,92.26,0.267
2012-10-14,20.78,0.986,89.33,0.195
2012-10-15,21.41,0.144,86.82,0.174
2012-10-16,21.531,0.289,86.49,0.292
2012-10-17,21.509,0.5,87.87,0.329
2012-10-18,21.125,1.431,89.24,0.314
2012-10-19,21.044,1.05,88.15,0.301
2012-10-20,20.967,1.008,87.53,0.345
2012-10-21,20.997,0.001,82.75,0.445
2012-10-22,20.887,0.002,80.04,0.441
2012-10-23,20.584,0.003,77.81,0.485
2012-10-24,20.508,0.0,79.88,0.347
2012-10-25,19.755,0.0,80.46,0.408
2012-10-26,19.616,0.001,79.24,0.505
2012-10-27,20.106,0.001,80.08,0.377
2012-10-28,20.751,0.594,86.69,0.492
2012-10-29,20.768,2.045,88.28,0.527
2012-10-30,20.911,1.572,87.91,0.445
2012-10-31,21.175,0.497,84.3,0.483
2012-11-01,20.891,0.326,82.16,0.422
2012-11-02,21.103,0.011,80.31,0.327
2012-11-03,20.346,3.248,87.69,0.53
2012-11-04,19.493,2.066,90.02,0.603
2012-11-05,20.171,0.435,83.43,0.449
2012-11-06,20.495,0.429,86.0,0.189
2012-11-07,19.433,8.724,91.23,0.319
2012-11-08,19.129,8.441,93.27,0.226
2012-11-09,18.971,1.068,88.04,0.354
2012-11-10,18.71,0.011,83.66,0.146
2012-11-11,18.32,0.001,80.23,0.389
2012-11-12,19.344,0.242,74.58,0.501
2012-11-13,18.984,2.108,87.91,0.431
2012-11-14,18.458,1.596,90.16,0.421
2012-11-15,19.233,4.589,89.31,0.404
2012-11-16,18.894,1.816,93.72,0.884
2012-11-17,20.317,0.178,85.51,0.565
2012-11-18,20.511,0.489,86.61,0.505
2012-11-19,20.709,2.14,86.39,0.365
2012-11-20,19.97,4.279,92.05,0.337
2012-11-21,19.567,2.442,91.17,0.33
2012-11-22,18.846,0.108,87.05,0.55
2012-11-23,17.12,0.0,80.84,0.319
2012-11-24,17.081,0.0,81.1,0.195
2012-11-25,15.889,0.001,76.81,0.554
2012-11-26,15.578,0.001,74.37,0.493
2012-11-27,14.944,0.003,75.62,0.562
2012-11-28,14.788,0.001,75.84,0.482
2012-11-29,15.802,0.001,75.33,0.542
2012-11-30,17.026,0.0,81.41,0.505
2012-12-01,16.793,0.001,78.22,0.527
2012-12-02,16.45,0.002,79.92,0.49
2012-12-03,16.491,0.002,77.69,0.557
2012-12-04,16.833,0.001,75.49,0.621
2012-12-05,15.794,0.001,71.55,0.568
2012-12-06,15.382,0.001,72.88,0.369
2012-12-07,15.539,0.001,77.78,0.3
2012-12-08,15.146,0.001,78.97,0.367
2012-12-09,14.941,0.0,76.13,0.46
2012-12-10,14.543,0.003,73.52,0.7
2012-12-11,14.912,0.001,68.23,0.829
2012-12-12,15.832,0.196,75.75,0.598
2012-12-13,15.892,0.002,75.56,0.696
2012-12-14,15.536,0.001,75.19,0.675
2012-12-15,15.825,0.001,72.37,0.745
2012-12-16,15.598,0.001,68.76,0.799
2012-12-17,15.004,0.0,73.1,0.659
2012-12-18,15.522,0.0,75.11,0.437
2012-12-19,14.594,0.001,76.56,0.392
2012-12-20,14.023,0.002,72.63,0.534
2012-12-21,13.59,0.001,71.5,0.707
2012-12-22,13.409,0.0,71.07,0.723
2012-12-23,13.973,0.0,75.52,0.808
2012-12-24,14.671,0.0,69.8,0.787
2012-12-25,14.379,0.001,72.82,0.611
2012-12-26,12.785,0.001,72.07,0.662
2012-12-27,12.908,0.001,66.85,0.825
2012-12-28,14.192,0.0,64.32,0.812
2012-12-29,14.64,0.0,75.07,0.59
2012-12-30,14.125,0.0,75.77,0.446
