date,temp_c,precip_mm,humidity_pct,wind_speed_ms
2000-01-01,17.262,0.0,66.47,1.34
2000-01-02,16.558,0.002,57.91,1.666
2000-01-03,16.182,0.0,56.46,1.579
2000-01-04,15.747,0.002,56.44,1.516
2000-01-05,15.455,0.003,55.1,1.529
2000-01-06,15.524,0.0,55.21,1.485
2000-01-07,15.268,0.001,54.02,1.089
2000-01-08,15.91,0.001,56.44,0.296
2000-01-09,16.929,0.002,59.45,0.196
2000-01-10,17.972,0.0,62.96,0.308
2000-01-11,18.924,0.001,63.89,0.247
2000-01-12,19.567,0.001,62.54,0.735
2000-01-13,20.493,0.003,55.01,1.217
2000-01-14,21.585,0.001,57.2,0.546
2000-01-15,21.156,0.108,67.66,0.742
2000-01-16,20.913,0.139,67.76,1.42
2000-01-17,19.258,0.001,59.33,1.145
2000-01-18,17.847,0.001,40.75,1.16
2000-01-19,18.408,0.001,43.15,0.997
2000-01-20,19.634,0.0,46.29,0.637
2000-01-21,19.893,0.005,55.82,0.427
2000-01-22,20.854,0.051,67.48,1.407
2000-01-23,20.772,0.41,69.56,0.46
2000-01-24,19.963,0.001,54.94,1.292
2000-01-25,19.093,0.001,58.02,0.907
2000-01-26,19.14,0.001,56.01,0.969
2000-01-27,19.583,0.0,54.59,0.379
2000-01-28,20.656,0.001,48.62,0.96
2000-01-29,18.6,0.002,46.56,1.444
2000-01-30,17.645,0.001,47.36,0.367
2000-01-31,18.633,0.001,58.12,1.279
2000-02-01,19.679,0.003,64.48,2.386
2000-02-02,21.436,0.067,66.28,1.922
2000-02-03,21.911,0.221,71.44,0.418
2000-02-04,21.978,0.339,72.67,1.066
2000-02-05,22.773,1.445,73.97,2.203
2000-02-06,20.998,6.581,85.15,0.084
2000-02-07,20.048,0.558,73.14,1.475
2000-02-08,19.354,1.047,77.21,0.414
2000-02-09,19.463,0.874,81.54,0.085
2000-02-10,19.856,0.356,73.42,0.804
2000-02-11,21.279,1.693,76.33,1.883
2000-02-12,21.723,10.807,85.54,0.55
2000-02-13,20.722,1.426,76.56,1.806
2000-02-14,18.53,1.293,72.56,1.489
2000-02-15,19.046,0.002,62.85,1.037
2000-02-16,19.523,0.002,65.0,0.189
2000-02-17,20.396,4.982,80.33,0.202
2000-02-18,19.719,0.033,59.34,1.202
2000-02-19,19.178,0.012,57.86,0.159
2000-02-20,19.742,0.001,58.73,0.717
2000-02-21,18.119,0.097,64.23,0.587
2000-02-22,19.277,0.003,60.9,0.163
2000-02-23,20.979,0.001,62.41,0.408
2000-02-24,20.791,0.866,62.04,1.034
2000-02-25,19.364,0.506,56.12,0.67
2000-02-26,18.921,0.008,52.2,0.272
2000-02-27,20.222,0.001,55.77,0.608
2000-02-28,21.043,0.002,43.2,0.898
2000-02-29,22.182,0.0,39.12,0.836
2000-03-01,23.642,0.001,44.48,0.884
2000-03-02,25.342,0.0,45.25,1.234
2000-03-03,25.022,0.124,53.82,0.104
2000-03-04,25.213,0.035,54.54,0.609
2000-03-05,26.097,0.0,44.25,1.571
2000-03-06,25.625,0.001,47.7,0.27
2000-03-07,26.262,0.018,49.64,1.409
2000-03-08,26.811,0.0,40.32,1.69
2000-03-09,24.131,0.0,36.74,0.838
2000-03-10,23.245,0.004,37.73,0.388
2000-03-11,25.284,0.003,45.51,1.863
2000-03-12,26.761,0.012,41.58,2.441
2000-03-13,27.848,0.004,43.3,2.921
2000-03-14,26.763,0.004,41.19,1.286
2000-03-15,25.195,0.002,47.19,0.73
2000-03-16,24.708,0.0,28.68,0.832
2000-03-17,24.859,0.001,38.46,1.11
2000-03-18,26.5,0.002,52.51,2.445
2000-03-19,27.24,0.246,46.08,0.267
2000-03-20,26.082,0.002,36.61,0.232
2000-03-21,26.083,0.005,46.28,0.865
2000-03-22,26.912,0.116,46.22,1.817
2000-03-23,27.323,0.002,36.5,1.326
2000-03-24,26.332,0.002,37.19,0.755
2000-03-25,26.332,0.0,40.86,0.602
2000-03-26,26.31,0.396,43.98,0.689
2000-03-27,26.202,0.253,44.32,0.675
2000-03-28,26.388,0.249,41.63,0.575
2000-03-29,27.12,0.0,39.34,0.493
2000-03-30,27.076,0.0,45.7,0.859
2000-03-31,27.411,0.001,50.0,1.479
2000-04-01,29.467,0.003,41.44,2.169
2000-04-02,30.493,0.0,39.85,2.452
2000-04-03,30.271,0.001,47.6,1.234
2000-04-04,30.548,0.069,49.65,1.247
2000-04-05,30.198,1.474,54.52,1.67
2000-04-06,30.183,0.946,55.4,1.317
2000-04-07,30.445,0.521,53.17,1.488
2000-04-08,30.813,0.005,43.79,1.069
2000-04-09,31.238,0.181,43.88,1.808
2000-04-10,30.17,0.001,30.05,0.313
2000-04-11,30.086,0.353,47.29,2.141
2000-04-12,29.296,0.521,60.33,1.312
2000-04-13,28.516,2.053,64.78,2.112
2000-04-14,28.461,6.004,67.21,2.116
2000-04-15,26.963,11.494,75.81,1.504
2000-04-16,28.063,0.835,69.57,1.214
2000-04-17,28.849,1.074,64.99,1.99
2000-04-18,29.702,1.019,59.93,2.515
2000-04-19,30.49,0.486,50.39,2.148
2000-04-20,31.104,0.349,48.99,1.949
2000-04-21,31.019,0.422,54.9,1.493
2000-04-22,30.474,0.519,60.48,1.683
2000-04-23,29.659,0.545,66.21,1.58
2000-04-24,29.218,4.014,64.61,2.127
2000-04-25,28.966,6.863,68.52,2.526
2000-04-26,29.902,2.772,69.43,2.44
2000-04-27,29.587,2.782,71.87,2.482
2000-04-28,30.148,2.701,68.16,1.908
2000-04-29,30.595,3.287,69.4,2.704
2000-04-30,30.449,0.305,68.89,3.313
2000-05-01,30.491,1.924,66.42,2.766
2000-05-02,30.816,0.474,62.64,2.999
2000-05-03,27.637,24.933,77.15,1.757
2000-05-04,26.771,2.617,79.92,1.501
2000-05-05,26.925,2.43,78.08,1.52
2000-05-06,27.095,1.018,74.63,1.545
2000-05-07,27.439,1.095,72.95,1.159
2000-05-08,28.11,1.814,71.83,1.143
2000-05-09,28.349,5.261,72.19,1.168
2000-05-10,28.871,4.631,71.52,1.157
2000-05-11,29.743,1.982,67.63,0.96
2000-05-12,30.587,1.249,61.36,0.724
2000-05-13,31.306,0.035,58.14,0.728
2000-05-14,31.195,1.704,63.23,0.957
2000-05-15,30.666,2.435,64.24,1.21
2000-05-16,29.874,2.775,65.02,0.773
2000-05-17,29.853,8.358,66.97,1.581
2000-05-18,32.5,0.191,48.58,2.251
2000-05-19,31.709,1.401,54.4,1.557
2000-05-20,29.45,8.855,68.81,0.349
2000-05-21,27.234,12.547,82.18,0.783
2000-05-22,26.861,32.033,85.8,0.881
2000-05-23,26.149,27.285,87.75,1.04
2000-05-24,28.147,10.154,80.26,1.294
2000-05-25,31.208,0.057,66.17,2.92
2000-05-26,31.422,0.669,63.48,3.072
2000-05-27,31.671,0.006,65.72,3.027
2000-05-28,31.801,0.157,66.38,2.629
2000-05-29,31.282,0.038,67.2,2.476
2000-05-30,31.093,3.248,66.79,1.397
2000-05-31,30.061,3.371,72.3,1.226
2000-06-01,29.381,2.599,74.19,1.135
2000-06-02,29.089,5.843,77.47,1.342
2000-06-03,28.618,2.499,74.78,1.047
2000-06-04,27.721,6.692,76.52,1.978
2000-06-05,25.156,25.18,92.58,3.048
2000-06-06,25.42,13.592,92.89,3.205
2000-06-07,26.816,2.708,84.58,3.028
2000-06-08,27.335,3.691,82.4,2.995
2000-06-09,27.974,5.642,80.44,2.175
2000-06-10,28.149,5.122,80.58,2.207
2000-06-11,29.141,0.981,76.98,1.989
2000-06-12,28.764,3.033,78.44,2.019
2000-06-13,29.169,4.814,77.04,2.095
2000-06-14,28.107,10.507,80.84,1.656
2000-06-15,26.567,24.653,88.63,1.209
2000-06-16,26.58,18.825,87.8,0.901
2000-06-17,26.785,20.698,87.08,0.321
2000-06-18,25.376,14.58,93.4,0.604
2000-06-19,26.107,5.172,86.47,2.324
2000-06-20,26.739,3.122,85.23,2.293
2000-06-21,26.493,5.808,85.27,2.555
2000-06-22,26.348,3.884,85.7,2.487
2000-06-23,27.444,4.14,80.22,2.57
2000-06-24,28.991,1.081,74.36,2.064
2000-06-25,29.258,1.966,75.59,1.793
2000-06-26,28.92,5.496,78.19,1.292
2000-06-27,27.386,18.227,83.58,0.49
2000-06-28,26.539,5.907,85.47,1.444
2000-06-29,26.186,2.746,84.39,2.527
2000-06-30,26.521,2.827,83.25,2.553
2000-07-01,26.809,2.807,82.54,2.082
2000-07-02,26.712,4.352,82.97,1.584
2000-07-03,27.448,1.007,78.4,1.585
2000-07-04,27.585,0.08,75.27,1.386
2000-07-05,27.883,0.298,75.48,1.65
2000-07-06,28.083,1.046,78.47,1.597
2000-07-07,26.788,9.29,85.76,1.292
2000-07-08,26.353,10.309,88.3,0.757
2000-07-09,27.402,9.488,84.42,1.145
2000-07-10,26.961,14.153,86.3,0.345
2000-07-11,26.164,11.237,89.72,2.231
2000-07-12,25.751,14.322,90.12,0.961
2000-07-13,26.425,9.354,86.36,1.573
2000-07-14,26.646,5.221,83.3,1.767
2000-07-15,26.017,13.295,86.98,1.852
2000-07-16,25.066,18.473,93.12,1.302
2000-07-17,25.105,19.895,92.38,0.56
2000-07-18,24.778,23.347,92.79,1.63
2000-07-19,24.915,9.681,89.4,2.303
2000-07-20,25.65,2.679,84.59,2.113
2000-07-21,26.736,1.253,81.34,1.635
2000-07-22,26.252,16.351,85.7,1.978
2000-07-23,26.72,0.951,78.59,1.651
2000-07-24,25.358,13.458,84.24,1.827
2000-07-25,24.109,22.397,92.83,2.013
2000-07-26,25.098,7.256,84.58,2.62
2000-07-27,25.453,6.866,86.06,1.834
2000-07-28,26.283,1.203,80.85,1.787
2000-07-29,26.371,4.926,83.08,1.629
2000-07-30,26.79,6.726,84.37,1.754
2000-07-31,26.598,8.232,84.53,2.283
2000-08-01,26.827,4.305,84.17,2.384
2000-08-02,27.514,1.939,81.74,2.249
2000-08-03,28.055,0.262,73.2,2.207
2000-08-04,27.883,1.298,76.14,1.596
2000-08-05,27.786,0.733,76.28,1.024
2000-08-06,27.138,5.291,82.86,0.696
2000-08-07,26.806,28.126,87.13,0.61
2000-08-08,26.051,21.403,89.72,0.735
2000-08-09,25.439,17.02,92.4,1.914
2000-08-10,25.461,9.115,90.33,2.958
2000-08-11,25.815,2.546,87.63,2.407
2000-08-12,26.772,0.877,82.49,2.043
2000-08-13,26.421,9.14,85.72,2.029
2000-08-14,26.272,7.999,84.74,2.25
2000-08-15,26.055,10.344,85.07,2.468
2000-08-16,26.157,9.332,83.99,2.258
2000-08-17,25.422,26.691,90.07,1.078
2000-08-18,25.132,7.967,92.22,0.686
2000-08-19,25.725,3.518,89.38,1.176
2000-08-20,26.152,3.622,87.64,1.204
2000-08-21,25.998,6.329,88.04,2.006
2000-08-22,26.028,4.222,87.38,2.505
2000-08-23,26.238,2.974,87.62,2.315
2000-08-24,26.194,2.283,86.54,2.089
2000-08-25,26.265,2.938,86.49,1.792
2000-08-26,25.854,5.259,88.39,1.424
2000-08-27,26.09,5.307,87.91,1.58
2000-08-28,26.324,3.256,86.8,1.532
2000-08-29,26.152,15.283,88.82,0.958
2000-08-30,25.569,28.688,91.08,1.719
2000-08-31,25.557,15.289,89.03,2.381
2000-09-01,26.216,7.36,83.95,2.541
2000-09-02,25.234,11.066,88.48,2.638
2000-09-03,26.69,0.831,80.47,2.561
2000-09-04,26.988,0.744,78.8,1.598
2000-09-05,26.181,14.377,86.97,0.882
2000-09-06,25.697,15.176,88.57,0.979
2000-09-07,25.41,6.358,87.44,1.634
2000-09-08,25.541,7.286,87.3,1.731
2000-09-09,25.157,9.708,89.34,1.566
2000-09-10,25.731,14.279,87.81,1.501
2000-09-11,26.817,1.725,81.74,1.233
2000-09-12,27.337,0.171,74.86,1.205
2000-09-13,26.657,17.277,79.33,1.219
2000-09-14,23.901,32.696,90.27,1.238
2000-09-15,26.172,1.707,83.12,2.014
2000-09-16,25.825,6.34,88.28,1.814
2000-09-17,25.324,8.43,89.91,1.914
2000-09-18,24.008,14.706,94.58,1.814
2000-09-19,24.796,12.28,89.76,2.041
2000-09-20,24.674,8.906,90.22,2.53
2000-09-21,24.918,5.097,89.38,2.1
2000-09-22,25.826,2.336,86.26,1.471
2000-09-23,25.026,7.592,89.75,1.293
2000-09-24,25.426,5.126,86.36,1.181
2000-09-25,25.716,2.748,84.01,0.966
2000-09-26,25.43,8.103,85.76,0.647
2000-09-27,26.241,0.02,76.42,0.426
2000-09-28,26.419,0.343,75.35,0.612
2000-09-29,26.449,0.134,73.49,0.677
2000-09-30,26.116,0.305,75.39,0.731
2000-10-01,25.949,0.874,79.43,1.164
2000-10-02,26.133,0.269,78.05,0.625
2000-10-03,26.082,0.991,78.94,0.323
2000-10-04,26.26,1.017,81.05,0.287
2000-10-05,25.908,3.119,84.1,0.423
2000-10-06,25.19,4.499,85.16,0.434
2000-10-07,25.595,1.085,82.27,0.706
2000-10-08,25.765,4.739,83.64,0.708
2000-10-09,25.827,7.041,85.37,0.608
2000-10-10,25.837,4.033,85.09,0.405
2000-10-11,25.598,8.106,87.3,0.272
2000-10-12,25.629,4.889,84.83,0.577
2000-10-13,24.987,0.001,67.87,1.438
2000-10-14,24.356,0.0,61.18,1.603
2000-10-15,24.614,0.004,64.15,1.915
2000-10-16,25.163,2.587,79.59,1.799
2000-10-17,24.076,7.59,92.75,1.28
2000-10-18,24.987,1.526,87.79,0.618
2000-10-19,25.837,0.846,82.72,0.814
2000-10-20,25.84,1.358,81.18,0.996
2000-10-21,26.051,0.003,66.34,0.801
2000-10-22,25.688,0.0,61.27,0.958
2000-10-23,25.108,0.002,62.92,0.244
2000-10-24,24.903,0.0,66.11,0.297
2000-10-25,24.911,0.003,63.81,0.887
2000-10-26,24.424,0.0,62.34,2.076
2000-10-27,23.595,16.048,78.51,3.487
2000-10-28,22.74,4.965,81.07,2.554
2000-10-29,22.087,0.037,76.99,1.542
2000-10-30,22.35,0.003,72.86,1.237
2000-10-31,22.651,0.003,73.48,0.859
2000-11-01,22.548,0.132,76.08,0.968
2000-11-02,22.49,1.498,86.65,0.638
2000-11-03,23.352,0.529,82.18,0.136
2000-11-04,23.754,0.018,72.32,0.45
2000-11-05,23.344,0.309,71.61,0.181
2000-11-06,22.666,1.029,77.32,0.314
2000-11-07,22.628,0.109,71.82,0.033
2000-11-08,22.189,0.0,66.51,0.256
2000-11-09,22.02,0.0,63.01,0.387
2000-11-10,22.186,0.001,58.65,0.266
2000-11-11,22.261,0.0,60.09,0.268
2000-11-12,21.987,0.001,66.66,0.35
2000-11-13,21.784,0.003,67.68,0.672
2000-11-14,21.838,0.002,65.68,0.356
2000-11-15,21.282,0.001,58.99,0.979
2000-11-16,20.933,0.0,58.52,1.073
2000-11-17,20.984,0.002,60.08,0.667
2000-11-18,20.837,0.0,63.73,0.259
2000-11-19,21.291,0.002,59.49,1.131
2000-11-20,21.504,0.001,59.0,0.705
2000-11-21,21.409,0.001,61.02,0.639
2000-11-22,21.327,0.001,62.17,0.469
2000-11-23,21.68,0.0,59.56,0.335
2000-11-24,21.672,0.0,62.85,0.835
2000-11-25,21.414,0.001,57.78,1.191
2000-11-26,20.878,0.0,53.09,1.242
2000-11-27,20.027,0.001,53.69,1.42
2000-11-28,19.913,0.622,66.23,0.481
2000-11-29,20.31,0.0,70.81,0.65
2000-11-30,20.242,0.0,66.9,0.733
2000-12-01,19.911,0.001,61.07,1.173
2000-12-02,18.051,0.001,52.31,1.721
2000-12-03,16.688,0.0,44.39,1.886
2000-12-04,16.797,0.001,46.74,1.131
2000-12-05,17.485,0.004,47.25,0.775
2000-12-06,17.944,0.0,48.21,0.851
2000-12-07,17.735,0.0,48.48,1.384
2000-12-08,17.62,0.0,50.87,1.3
2000-12-09,17.943,0.002,48.39,0.755
2000-12-10,19.067,0.0,44.76,0.654
2000-12-11,19.249,0.0,51.57,0.224
2000-12-12,18.751,0.001,55.24,1.35
2000-12-13,17.816,0.0,51.73,1.118
2000-12-14,17.423,0.001,46.6,0.866
2000-12-15,17.637,0.001,48.35,0.935
2000-12-16,17.79,0.002,52.94,1.155
2000-12-17,18.067,0.0,56.94,1.144
2000-12-18,18.38,0.001,55.99,0.876
2000-12-19,19.093,0.001,54.11,0.658
2000-12-20,18.777,0.001,59.25,1.089
2000-12-21,17.555,0.001,50.96,1.266
2000-12-22,16.963,0.0,50.14,1.361
2000-12-23,17.108,0.001,52.16,1.079
2000-12-24,17.469,0.001,58.97,0.799
2000-12-25,17.648,0.001,60.35,1.2
2000-12-26,18.042,0.001,60.23,1.413
2000-12-27,18.158,0.003,59.81,1.542
2000-12-28,18.022,0.001,57.04,1.159
2000-12-29,17.97,0.0,55.55,0.798
2000-12-30,17.86,0.001,54.58,0.836
2000-12-31,17.742,0.001,53.91,0.399
2001-01-01,18.3,0.527,58.07,0.957
2001-01-02,17.852,2.413,72.31,0.594
2001-01-03,17.95,0.002,68.19,1.451
2001-01-04,16.755,0.0,63.14,1.266
2001-01-05,15.248,0.001,59.77,1.141
2001-01-06,14.806,0.0,58.36,1.084
2001-01-07,15.51,0.003,58.95,0.153
2001-01-08,17.298,0.0,62.79,0.55
2001-01-09,18.528,0.043,67.56,0.585
2001-01-10,16.906,0.001,58.72,0.988
2001-01-11,16.181,0.002,50.92,0.549
2001-01-12,16.323,0.0,47.93,0.596
2001-01-13,18.103,0.0,50.27,0.418
2001-01-14,17.945,0.002,52.8,0.851
2001-01-15,17.246,0.003,48.77,1.257
2001-01-16,17.702,0.001,44.82,1.075
2001-01-17,18.047,0.0,47.33,1.359
2001-01-18,17.766,0.0,46.38,1.251
2001-01-19,17.29,0.0,42.44,1.092
2001-01-20,17.682,0.0,41.74,0.708
2001-01-21,18.296,0.001,44.3,0.142
2001-01-22,20.289,0.001,43.23,1.691
2001-01-23,21.359,0.002,43.78,1.673
2001-01-24,18.956,0.0,32.65,1.488
2001-01-25,17.01,0.001,30.54,1.042
2001-01-26,17.428,0.0,33.01,0.672
2001-01-27,17.868,0.001,37.65,0.496
2001-01-28,18.386,0.001,37.2,0.605
2001-01-29,19.245,0.001,42.31,0.099
2001-01-30,20.375,0.003,43.4,0.31
2001-01-31,20.745,0.007,44.1,0.239
2001-02-01,22.052,0.001,38.04,0.373
2001-02-02,22.414,-0.0,43.69,0.45
2001-02-03,20.852,0.004,41.41,0.44
2001-02-04,20.515,0.001,49.88,0.665
2001-02-05,22.126,0.003,52.87,1.267
2001-02-06,22.75,0.002,56.45,0.928
2001-02-07,21.013,0.002,36.04,0.787
2001-02-08,20.739,0.0,30.99,0.569
2001-02-09,20.208,0.002,30.81,0.891
2001-02-10,19.815,0.0,37.46,0.221
2001-02-11,20.601,0.001,39.41,0.502
2001-02-12,20.988,0.006,46.12,0.183
2001-02-13,20.895,0.002,47.27,0.324
2001-02-14,21.126,0.001,41.59,0.385
2001-02-15,21.72,0.002,44.64,1.163
2001-02-16,21.449,0.003,46.43,0.567
2001-02-17,22.756,0.002,46.26,0.91
2001-02-18,24.376,0.001,53.63,0.938
2001-02-19,24.583,0.002,49.68,0.235
2001-02-20,24.033,0.227,61.87,0.358
2001-02-21,23.434,3.621,68.58,0.502
2001-02-22,23.74,0.308,51.52,1.153
2001-02-23,22.704,0.0,46.29,0.54
2001-02-24,24.344,0.001,42.51,1.082
2001-02-25,26.058,0.004,48.01,1.992
2001-02-26,26.146,0.077,51.59,0.603
2001-02-27,24.69,0.014,57.52,1.112
2001-02-28,24.289,3.359,72.62,0.976
2001-03-01,24.357,2.113,68.87,0.363
2001-03-02,24.694,0.266,66.37,0.511
2001-03-03,24.591,0.017,50.63,0.433
2001-03-04,24.136,2.816,62.01,0.842
2001-03-05,22.289,4.544,72.89,0.857
2001-03-06,23.229,0.157,54.09,1.18
2001-03-07,23.247,0.0,44.72,0.288
2001-03-08,23.838,0.525,56.4,0.774
2001-03-09,23.573,0.923,60.31,0.977
2001-03-10,24.333,0.03,48.58,0.5
2001-03-11,24.67,0.001,44.28,0.56
2001-03-12,24.785,0.003,41.71,0.281
2001-03-13,25.491,0.032,47.03,0.378
2001-03-14,25.507,0.0,43.01,0.093
2001-03-15,26.302,0.0,45.72,0.473
2001-03-16,26.811,0.002,47.71,0.635
2001-03-17,26.473,1.633,56.55,0.76
2001-03-18,26.818,0.116,50.27,0.419
2001-03-19,27.08,0.001,41.17,0.33
2001-03-20,27.792,0.001,42.3,0.746
2001-03-21,28.636,0.081,47.49,1.126
2001-03-22,28.115,6.252,56.32,0.942
2001-03-23,25.146,9.074,75.85,0.953
2001-03-24,25.953,2.026,67.27,1.083
2001-03-25,26.425,1.479,62.63,1.28
2001-03-26,26.577,0.611,62.16,1.273
2001-03-27,26.99,0.238,57.88,1.619
2001-03-28,27.871,0.892,62.63,1.689
2001-03-29,28.407,0.214,62.25,2.399
2001-03-30,26.866,5.069,72.69,1.485
2001-03-31,25.994,8.204,78.1,1.049
2001-04-01,25.864,5.04,75.62,0.662
2001-04-02,25.54,6.973,76.78,0.928
2001-04-03,27.139,0.146,64.12,1.073
2001-04-04,28.053,0.045,55.02,0.815
2001-04-05,28.891,0.326,50.55,0.492
2001-04-06,29.543,0.585,52.55,1.096
2001-04-07,30.07,0.256,48.72,1.896
2001-04-08,29.669,0.189,43.94,1.23
2001-04-09,30.259,0.359,42.15,1.507
2001-04-10,30.026,0.817,52.94,1.89
2001-04-11,30.854,0.211,43.16,1.716
2001-04-12,30.441,0.773,48.89,2.138
2001-04-13,27.126,0.089,46.65,1.587
2001-04-14,25.461,5.715,71.66,1.864
2001-04-15,25.794,6.15,75.31,1.144
2001-04-16,27.322,3.383,66.54,0.966
2001-04-17,26.656,4.347,69.04,0.984
2001-04-18,25.667,8.169,74.06,0.815
2001-04-19,26.584,5.002,71.31,1.276
2001-04-20,28.312,0.095,54.49,1.345
2001-04-21,28.44,0.002,44.79,1.324
2001-04-22,27.899,0.001,38.73,0.753
2001-04-23,28.766,0.001,44.3,1.069
2001-04-24,29.719,0.001,41.86,1.302
2001-04-25,30.452,0.0,43.37,2.506
2001-04-26,31.045,0.101,49.05,3.126
2001-04-27,31.63,0.536,48.38,2.853
2001-04-28,32.514,0.239,42.12,2.402
2001-04-29,32.088,0.203,50.23,2.409
2001-04-30,31.091,1.485,60.74,1.743
2001-05-01,29.384,10.942,69.84,1.232
2001-05-02,29.566,4.868,69.73,1.431
2001-05-03,30.723,0.949,58.07,1.227
2001-05-04,30.114,2.115,62.05,1.808
2001-05-05,28.828,19.688,71.75,2.663
2001-05-06,28.343,11.018,74.39,2.039
2001-05-07,28.635,28.228,75.58,2.475
2001-05-08,30.178,1.924,71.31,1.719
2001-05-09,31.16,0.524,67.09,1.349
2001-05-10,31.983,0.547,54.97,1.904
2001-05-11,30.657,3.419,65.17,0.332
2001-05-12,27.863,0.244,74.24,1.809
2001-05-13,28.105,0.678,74.62,0.996
2001-05-14,28.574,0.697,71.92,1.42
2001-05-15,28.123,4.915,77.78,1.762
2001-05-16,28.394,3.823,75.53,1.564
2001-05-17,29.074,2.774,73.12,1.191
2001-05-18,28.806,6.943,74.47,1.271
2001-05-19,29.432,2.868,68.73,1.013
2001-05-20,29.753,3.691,69.19,1.46
2001-05-21,30.028,3.229,67.05,0.776
2001-05-22,30.372,1.401,63.51,0.886
2001-05-23,31.032,2.358,62.56,1.276
2001-05-24,31.984,0.087,54.39,1.447
2001-05-25,31.841,0.307,56.84,1.173
2001-05-26,31.938,0.099,60.25,1.274
2001-05-27,29.83,6.704,71.94,0.901
2001-05-28,28.89,4.711,76.09,1.039
2001-05-29,28.831,8.612,76.92,0.542
2001-05-30,28.737,17.442,76.94,0.342
2001-05-31,29.205,5.257,72.94,0.581
2001-06-01,29.277,7.489,75.39,1.259
2001-06-02,27.221,24.475,87.6,1.133
2001-06-03,26.043,24.747,90.6,2.092
2001-06-04,26.729,5.905,85.41,2.546
2001-06-05,26.841,11.155,84.77,2.134
2001-06-06,26.497,6.005,86.84,1.119
2001-06-07,26.428,8.214,86.94,1.043
2001-06-08,26.944,7.009,86.21,0.824
2001-06-09,27.168,12.611,86.05,0.398
2001-06-10,26.875,16.957,85.68,0.62
2001-06-11,25.662,11.0,89.52,2.353
2001-06-12,25.366,18.293,93.15,3.601
2001-06-13,24.77,19.883,95.26,2.268
2001-06-14,25.162,13.944,87.76,1.821
2001-06-15,24.736,6.488,83.62,3.186
2001-06-16,25.333,8.914,77.6,3.477
2001-06-17,24.783,13.585,85.63,2.918
2001-06-18,25.855,10.113,87.47,2.472
2001-06-19,26.387,3.207,83.66,2.592
2001-06-20,25.93,7.517,86.75,1.988
2001-06-21,26.941,9.743,84.73,1.954
2001-06-22,25.936,12.703,87.07,1.355
2001-06-23,25.322,16.522,91.6,0.66
2001-06-24,25.587,9.634,89.17,1.456
2001-06-25,25.572,9.408,89.87,1.465
2001-06-26,25.229,13.004,91.31,1.595
2001-06-27,25.802,10.315,88.88,1.729
2001-06-28,25.779,17.227,89.92,1.397
2001-06-29,24.737,35.801,95.06,1.096
2001-06-30,25.917,20.664,86.29,2.89
2001-07-01,26.579,10.932,84.0,1.951
2001-07-02,26.386,20.908,86.1,1.367
2001-07-03,24.821,32.792,93.23,1.913
2001-07-04,24.759,21.152,93.6,1.964
2001-07-05,26.159,4.64,88.01,2.315
2001-07-06,26.52,6.547,86.89,2.863
2001-07-07,25.865,15.802,90.54,2.942
2001-07-08,25.169,25.949,94.51,2.633
2001-07-09,25.354,13.56,92.96,1.835
2001-07-10,25.526,17.362,91.3,1.824
2001-07-11,24.538,56.572,94.02,2.548
2001-07-12,25.63,1.1,83.19,2.899
2001-07-13,26.409,0.403,76.85,3.269
2001-07-14,25.31,3.657,83.98,3.029
2001-07-15,25.564,8.038,90.13,1.297
2001-07-16,25.499,11.418,91.06,1.041
2001-07-17,25.39,13.641,91.72,0.894
2001-07-18,25.357,13.485,91.19,0.698
2001-07-19,24.987,36.656,92.1,1.584
2001-07-20,25.439,6.349,87.69,2.752
2001-07-21,25.36,5.485,88.94,2.027
2001-07-22,24.961,18.444,93.07,1.253
2001-07-23,25.143,10.625,92.83,1.328
2001-07-24,25.861,11.28,87.83,1.461
2001-07-25,26.187,7.682,85.78,1.756
2001-07-26,25.511,16.7,89.43,1.905
2001-07-27,26.683,6.864,84.32,2.715
2001-07-28,27.708,3.293,81.34,2.816
2001-07-29,27.076,10.417,85.87,2.241
2001-07-30,26.771,15.056,87.1,1.482
2001-07-31,27.307,15.73,84.51,1.465
2001-08-01,26.821,6.387,87.15,1.621
2001-08-02,26.126,25.2,89.65,0.416
2001-08-03,25.592,8.346,89.4,1.814
2001-08-04,25.062,6.206,91.55,1.852
2001-08-05,25.524,5.448,88.7,1.566
2001-08-06,25.921,3.231,87.08,1.644
2001-08-07,26.274,2.035,85.64,1.706
2001-08-08,26.333,4.802,86.1,1.316
2001-08-09,25.47,5.453,89.9,1.707
2001-08-10,25.231,7.133,91.02,1.903
2001-08-11,25.803,5.631,88.65,1.579
2001-08-12,26.318,6.05,86.87,0.88
2001-08-13,25.929,20.907,89.82,0.214
2001-08-14,24.945,9.357,93.55,0.479
2001-08-15,25.99,7.341,88.08,1.195
2001-08-16,26.282,6.496,86.69,1.299
2001-08-17,26.311,9.971,87.79,1.304
2001-08-18,25.775,18.835,91.89,1.493
2001-08-19,26.019,11.802,90.84,2.043
2001-08-20,26.374,5.988,90.02,2.226
2001-08-21,26.578,3.551,88.08,1.726
2001-08-22,26.194,5.244,89.29,1.039
2001-08-23,26.28,8.215,87.85,0.974
2001-08-24,26.079,6.332,89.2,0.17
2001-08-25,25.835,9.42,89.9,0.594
2001-08-26,26.84,7.235,85.69,0.984
2001-08-27,26.488,12.669,87.56,1.246
2001-08-28,26.409,11.328,87.39,1.287
2001-08-29,25.744,27.77,90.19,1.423
2001-08-30,24.854,34.75,93.83,1.684
2001-08-31,25.302,7.503,91.16,0.995
2001-09-01,25.994,7.338,87.84,2.023
2001-09-02,26.776,1.876,84.19,1.602
2001-09-03,26.837,8.361,86.08,1.462
2001-09-04,26.678,6.596,86.47,1.242
2001-09-05,26.337,7.917,87.32,1.007
2001-09-06,25.761,8.272,88.49,0.903
2001-09-07,26.176,6.049,86.28,0.898
2001-09-08,26.885,5.133,85.48,1.198
2001-09-09,27.364,4.403,82.41,1.244
2001-09-10,27.281,4.15,82.81,0.845
2001-09-11,26.391,10.106,86.16,0.446
2001-09-12,25.14,14.517,91.12,0.674
2001-09-13,25.483,16.747,88.84,1.181
2001-09-14,26.272,2.406,83.54,0.915
2001-09-15,26.551,1.61,83.28,0.932
2001-09-16,26.088,9.415,86.58,0.644
2001-09-17,25.037,13.659,90.37,0.344
2001-09-18,25.556,3.613,86.41,0.518
2001-09-19,27.087,0.012,72.84,0.85
2001-09-20,26.889,0.18,74.59,0.691
2001-09-21,26.699,0.429,78.28,0.228
2001-09-22,26.742,0.691,80.79,0.515
2001-09-23,26.004,6.539,85.69,0.744
2001-09-24,25.782,3.344,85.79,0.899
2001-09-25,25.533,5.44,86.1,0.53
2001-09-26,25.979,1.548,84.28,0.531
2001-09-27,26.433,1.622,82.09,0.893
2001-09-28,25.597,5.835,86.7,1.501
2001-09-29,24.981,9.135,89.67,3.182
2001-09-30,23.612,27.785,97.35,2.342
2001-10-01,24.602,5.517,91.87,2.051
2001-10-02,25.008,4.091,90.65,1.846
2001-10-03,25.164,5.846,89.99,1.91
2001-10-04,25.435,2.518,87.07,2.179
2001-10-05,25.758,0.967,84.79,2.101
2001-10-06,25.373,6.08,87.21,1.184
2001-10-07,25.796,2.12,86.61,1.012
2001-10-08,25.983,1.231,83.3,0.834
2001-10-09,26.217,4.599,83.98,0.593
2001-10-10,25.14,13.391,89.89,0.379
2001-10-11,25.594,4.563,85.89,0.373
2001-10-12,25.739,1.527,84.7,0.236
2001-10-13,25.622,0.978,82.92,0.71
2001-10-14,25.031,2.171,85.67,0.607
2001-10-15,24.981,2.198,86.64,0.852
2001-10-16,24.834,4.547,88.76,0.679
2001-10-17,24.054,6.343,90.75,0.227
2001-10-18,23.961,2.562,89.11,0.365
2001-10-19,24.521,0.108,77.91,0.769
2001-10-20,24.12,0.139,77.59,0.96
2001-10-21,23.86,0.103,76.82,1.159
2001-10-22,23.83,0.211,78.53,0.764
2001-10-23,24.932,0.139,76.14,0.947
2001-10-24,24.633,0.132,73.64,1.323
2001-10-25,24.407,0.063,73.2,0.95
2001-10-26,24.118,0.019,69.08,1.34
2001-10-27,24.074,0.0,69.03,1.828
2001-10-28,23.619,1.065,84.44,2.082
2001-10-29,23.897,1.681,87.04,1.98
2001-10-30,23.622,1.165,87.01,1.855
2001-10-31,23.93,0.911,82.99,1.633
2001-11-01,23.879,0.052,77.71,1.022
2001-11-02,23.664,0.01,76.35,0.275
2001-11-03,23.942,0.005,74.23,0.444
2001-11-04,23.826,0.002,71.28,0.316
2001-11-05,23.986,0.0,68.34,0.521
2001-11-06,24.167,0.139,72.48,0.787
2001-11-07,23.361,0.479,78.26,0.715
2001-11-08,22.627,0.02,78.42,1.216
2001-11-09,23.39,0.068,74.26,2.19
2001-11-10,20.923,21.013,85.99,2.331
2001-11-11,21.172,15.75,84.68,2.551
2001-11-12,22.227,1.995,83.83,2.7
2001-11-13,23.145,0.337,81.41,2.186
2001-11-14,22.959,0.1,77.16,1.167
2001-11-15,22.228,0.0,70.51,0.653
2001-11-16,22.311,0.025,73.12,0.381
2001-11-17,22.928,0.169,75.99,0.722
2001-11-18,23.347,0.57,76.9,0.468
2001-11-19,22.361,0.605,74.35,0.854
2001-11-20,21.758,0.006,67.61,0.73
2001-11-21,21.584,0.076,73.51,0.261
2001-11-22,21.791,0.158,75.48,0.525
2001-11-23,21.862,0.311,73.34,0.457
2001-11-24,21.563,0.421,75.9,0.612
2001-11-25,21.452,0.404,72.5,0.884
2001-11-26,20.623,0.0,62.45,0.928
2001-11-27,20.321,0.12,71.85,0.332
2001-11-28,20.864,0.127,72.44,0.303
2001-11-29,21.298,0.118,70.15,0.431
2001-11-30,20.18,0.015,67.26,0.794
2001-12-01,19.168,0.0,56.6,0.671
2001-12-02,18.901,0.0,52.98,0.645
2001-12-03,19.011,0.001,53.52,0.647
2001-12-04,19.007,0.002,57.51,0.377
2001-12-05,18.786,0.001,60.95,0.307
2001-12-06,19.132,0.001,60.03,0.196
2001-12-07,19.246,0.001,59.72,0.156
2001-12-08,19.666,0.003,59.87,0.514
2001-12-09,19.848,0.0,58.63,0.178
2001-12-10,19.925,0.001,62.74,0.165
2001-12-11,19.833,0.0,64.87,0.811
2001-12-12,19.797,0.0,63.85,0.394
2001-12-13,19.731,0.001,60.27,1.282
2001-12-14,18.63,0.001,62.58,1.361
2001-12-15,18.507,0.0,61.62,0.857
2001-12-16,18.887,0.001,62.41,0.609
2001-12-17,18.151,0.003,60.4,1.546
2001-12-18,17.699,0.0,56.3,1.733
2001-12-19,17.39,0.001,59.38,1.838
2001-12-20,17.664,0.0,62.85,1.966
2001-12-21,17.067,0.0,60.51,1.749
2001-12-22,16.986,0.001,53.43,1.507
2001-12-23,16.748,0.001,50.64,1.078
2001-12-24,16.736,0.0,57.25,0.518
2001-12-25,17.189,0.002,57.71,0.779
2001-12-26,17.477,0.001,56.08,0.921
2001-12-27,17.718,0.001,57.29,0.693
2001-12-28,18.065,0.001,58.16,0.836
2001-12-29,17.613,0.002,53.76,1.02
2001-12-30,18.452,0.001,53.47,0.743
2001-12-31,17.532,0.001,63.94,1.089
2002-01-01,16.444,0.0,50.33,1.911
2002-01-02,15.803,0.0,45.91,1.931
2002-01-03,16.1,0.001,53.72,1.432
2002-01-04,16.53,0.001,60.08,0.947
2002-01-05,17.036,0.003,58.76,0.858
2002-01-06,18.077,1.322,59.94,0.85
2002-01-07,18.509,0.073,62.84,0.331
2002-01-08,17.805,1.227,70.37,0.239
2002-01-09,18.55,0.137,62.6,0.741
2002-01-10,17.855,0.001,56.53,1.071
2002-01-11,17.348,0.001,53.82,0.358
2002-01-12,17.629,0.004,56.34,0.114
2002-01-13,18.147,0.0,65.65,1.018
2002-01-14,19.198,0.002,63.85,1.154
2002-01-15,20.524,0.004,62.51,1.34
2002-01-16,21.027,0.003,65.27,1.885
2002-01-17,21.651,0.0,65.28,1.34
2002-01-18,20.913,0.0,63.7,1.824
2002-01-19,20.793,0.0,63.7,1.476
2002-01-20,20.44,0.001,57.64,1.08
2002-01-21,21.184,0.009,66.8,0.372
2002-01-22,21.36,0.291,65.36,0.572
2002-01-23,19.654,5.828,90.11,0.357
2002-01-24,20.096,0.633,75.55,0.474
2002-01-25,18.433,0.006,48.47,1.113
2002-01-26,18.256,0.001,53.39,0.801
2002-01-27,20.265,1.82,66.89,2.3
2002-01-28,18.931,8.607,93.31,0.52
2002-01-29,16.809,8.713,87.19,1.611
2002-01-30,17.052,0.021,73.3,1.016
2002-01-31,16.396,0.001,58.69,1.047
2002-02-01,16.864,0.001,59.02,0.745
2002-02-02,17.311,0.0,57.14,0.388
2002-02-03,17.796,0.001,51.24,0.473
2002-02-04,17.155,0.003,52.48,0.201
2002-02-05,17.684,0.0,56.85,0.177
2002-02-06,20.214,0.003,61.35,0.991
2002-02-07,21.359,0.001,65.03,0.987
2002-02-08,21.437,0.073,63.57,1.211
2002-02-09,20.986,0.001,60.28,0.478
2002-02-10,21.712,0.0,61.19,0.669
2002-02-11,22.381,0.001,60.92,0.847
2002-02-12,22.806,0.0,57.15,0.699
2002-02-13,22.36,0.001,62.28,1.145
2002-02-14,21.55,0.009,55.78,1.234
2002-02-15,21.197,0.0,51.87,0.907
2002-02-16,21.214,0.003,49.0,0.413
2002-02-17,21.828,0.0,48.92,0.159
2002-02-18,23.114,0.001,46.34,0.697
2002-02-19,23.841,0.003,43.52,0.542
2002-02-20,23.945,0.039,50.38,0.448
2002-02-21,25.132,0.003,47.45,0.989
2002-02-22,24.273,0.002,47.04,0.516
2002-02-23,24.927,0.002,47.94,0.262
2002-02-24,26.193,0.007,47.43,0.947
2002-02-25,25.514,0.55,50.6,0.34
2002-02-26,24.698,0.008,51.39,0.524
2002-02-27,23.736,0.002,37.22,0.707
2002-02-28,24.132,0.003,48.86,0.758
2002-03-01,24.612,0.0,51.13,0.263
2002-03-02,26.04,0.01,53.0,1.319
2002-03-03,26.196,0.882,59.11,0.947
2002-03-04,24.723,0.003,51.0,0.985
2002-03-05,24.322,0.022,50.87,0.168
2002-03-06,24.314,0.051,46.28,0.051
2002-03-07,23.82,0.84,62.88,0.776
2002-03-08,24.043,3.367,71.14,1.481
2002-03-09,24.997,2.529,69.72,1.257
2002-03-10,27.007,0.228,58.36,0.64
2002-03-11,27.695,0.067,54.72,0.411
2002-03-12,26.958,0.001,44.08,0.337
2002-03-13,26.082,0.002,34.2,0.593
2002-03-14,26.999,0.0,41.57,0.466
2002-03-15,26.212,1.835,55.32,0.383
2002-03-16,26.259,0.184,51.99,0.456
2002-03-17,26.255,0.001,40.83,0.303
2002-03-18,26.613,0.0,41.97,0.507
2002-03-19,27.205,0.001,37.36,0.842
2002-03-20,27.448,0.0,38.11,1.163
2002-03-21,27.862,0.0,36.58,1.765
2002-03-22,27.962,0.47,36.0,1.222
2002-03-23,28.644,0.014,38.2,0.931
2002-03-24,28.946,0.076,47.92,1.641
2002-03-25,29.253,0.631,52.17,2.008
2002-03-26,28.376,2.014,62.15,2.048
2002-03-27,27.977,5.585,62.03,1.078
2002-03-28,27.197,2.863,63.78,1.08
2002-03-29,25.989,4.91,65.64,1.294
2002-03-30,26.883,0.001,52.1,0.897
2002-03-31,27.825,0.001,44.37,0.717
2002-04-01,29.006,0.893,48.45,2.648
2002-04-02,27.204,5.542,63.0,2.392
2002-04-03,25.224,7.094,76.93,1.074
2002-04-04,26.89,0.702,72.47,0.939
2002-04-05,27.68,0.967,70.76,1.38
2002-04-06,28.881,0.075,58.83,1.453
2002-04-07,29.729,0.25,49.62,1.642
2002-04-08,29.818,0.693,46.42,1.109
2002-04-09,29.07,1.334,48.89,1.499
2002-04-10,28.743,1.239,51.59,1.292
2002-04-11,26.471,8.279,68.6,1.65
2002-04-12,25.627,9.96,71.09,1.134
2002-04-13,25.871,1.709,71.8,1.38
2002-04-14,28.173,0.187,62.33,2.432
2002-04-15,29.507,0.278,58.48,2.511
2002-04-16,30.841,0.001,53.17,2.063
2002-04-17,31.503,0.036,51.68,1.701
2002-04-18,31.861,0.49,52.05,2.008
2002-04-19,31.587,0.894,55.02,1.987
2002-04-20,31.189,2.042,57.79,1.57
2002-04-21,30.755,1.066,48.03,1.659
2002-04-22,30.138,1.983,54.97,1.717
2002-04-23,29.484,0.851,60.62,2.331
2002-04-24,29.804,1.437,62.15,2.45
2002-04-25,29.707,2.143,66.48,2.713
2002-04-26,30.764,1.29,54.91,2.776
2002-04-27,30.186,0.002,45.13,0.942
2002-04-28,30.816,0.0,47.51,3.075
2002-04-29,31.421,0.832,47.51,3.536
2002-04-30,30.773,0.453,53.59,1.539
2002-05-01,30.327,1.274,57.74,2.233
2002-05-02,30.876,1.352,54.97,2.869
2002-05-03,30.185,1.727,57.09,1.823
2002-05-04,30.569,1.954,57.82,1.732
2002-05-05,30.744,1.223,58.74,1.326
2002-05-06,31.11,0.908,56.11,0.189
2002-05-07,30.905,1.335,59.15,0.776
2002-05-08,32.594,0.001,47.81,0.503
2002-05-09,31.99,0.163,57.33,0.86
2002-05-10,31.954,0.181,61.95,1.001
2002-05-11,32.251,0.433,59.1,1.517
2002-05-12,32.806,0.042,56.25,1.132
2002-05-13,31.818,0.838,61.9,1.497
2002-05-14,30.914,2.158,67.11,1.437
2002-05-15,27.119,34.97,85.44,1.131
2002-05-16,26.435,24.581,85.96,1.156
2002-05-17,28.264,0.6,75.56,0.91
2002-05-18,30.462,0.42,69.81,1.868
2002-05-19,33.309,0.0,47.64,2.692
2002-05-20,34.097,0.0,32.48,2.942
2002-05-21,33.787,0.001,38.95,2.741
2002-05-22,33.934,0.001,33.41,1.938
2002-05-23,32.873,0.558,51.37,1.413
2002-05-24,29.837,11.84,70.67,0.345
2002-05-25,29.926,2.263,65.84,1.724
2002-05-26,29.124,4.672,67.68,1.65
2002-05-27,29.158,4.359,64.32,1.234
2002-05-28,28.98,4.212,72.99,0.307
2002-05-29,28.755,2.773,74.26,0.534
2002-05-30,27.828,8.513,78.51,0.495
2002-05-31,27.906,14.557,79.16,0.974
2002-06-01,29.509,1.2,69.28,1.375
2002-06-02,30.117,3.028,69.93,1.469
2002-06-03,31.23,2.965,63.21,1.372
2002-06-04,31.118,3.033,63.53,1.847
2002-06-05,29.842,8.57,73.46,1.653
2002-06-06,30.284,3.801,70.59,1.767
2002-06-07,30.239,5.979,73.05,1.846
2002-06-08,29.941,7.038,75.07,1.494
2002-06-09,28.652,15.646,82.37,1.486
2002-06-10,26.285,20.015,90.67,2.291
2002-06-11,26.022,27.788,92.21,2.559
2002-06-12,26.357,11.653,89.85,2.307
2002-06-13,27.985,4.641,83.73,2.175
2002-06-14,29.939,5.915,77.2,2.339
2002-06-15,28.308,10.628,82.41,1.901
2002-06-16,28.789,13.082,82.53,1.471
2002-06-17,28.133,3.391,82.76,0.736
2002-06-18,28.918,4.304,80.52,1.091
2002-06-19,27.97,6.312,84.33,0.539
2002-06-20,27.911,7.198,83.42,0.432
2002-06-21,27.877,7.435,83.19,1.325
2002-06-22,27.433,23.029,84.69,1.793
2002-06-23,25.936,18.959,91.02,2.133
2002-06-24,25.817,16.589,94.12,1.286
2002-06-25,25.152,21.188,95.16,1.217
2002-06-26,27.064,3.116,82.33,1.87
2002-06-27,27.315,9.639,83.74,1.825
2002-06-28,27.629,6.075,83.14,1.618
2002-06-29,28.047,9.412,81.31,2.052
2002-06-30,28.922,1.756,76.31,2.295
2002-07-01,27.415,7.333,83.07,2.306
2002-07-02,26.18,35.368,90.21,2.242
2002-07-03,26.14,16.251,90.85,2.238
2002-07-04,27.45,4.183,82.48,2.413
2002-07-05,28.352,3.686,77.32,2.054
2002-07-06,27.978,9.577,82.43,2.137
2002-07-07,29.513,1.764,75.46,2.042
2002-07-08,29.503,0.081,71.13,2.01
2002-07-09,29.837,3.285,72.87,1.677
2002-07-10,29.651,3.117,76.3,1.679
2002-07-11,30.054,0.382,71.45,2.008
2002-07-12,30.008,1.382,69.94,1.796
2002-07-13,30.087,3.495,72.5,1.37
2002-07-14,29.331,12.153,78.25,1.218
2002-07-15,27.461,11.075,85.36,0.656
2002-07-16,26.372,21.45,89.7,0.588
2002-07-17,26.63,5.218,87.2,1.927
2002-07-18,26.538,8.179,88.43,1.861
2002-07-19,26.769,9.269,88.44,2.09
2002-07-20,27.085,10.969,84.59,2.391
2002-07-21,26.093,4.984,84.97,3.019
2002-07-22,25.769,5.139,83.41,3.473
2002-07-23,27.7,0.579,75.59,3.012
2002-07-24,28.685,1.371,73.84,2.369
2002-07-25,28.633,0.503,72.68,1.855
2002-07-26,28.638,1.803,76.81,1.531
2002-07-27,28.577,9.344,79.68,1.163
2002-07-28,28.079,12.069,83.8,1.076
2002-07-29,27.558,21.272,87.48,0.573
2002-07-30,26.916,15.506,87.65,0.567
2002-07-31,26.344,4.943,87.29,1.505
2002-08-01,26.439,3.955,86.87,1.879
2002-08-02,26.792,4.172,84.48,1.84
2002-08-03,25.736,9.522,89.52,1.417
2002-08-04,25.411,15.275,91.41,0.955
2002-08-05,25.701,17.737,89.35,0.549
2002-08-06,26.289,14.988,87.18,0.494
2002-08-07,26.397,13.99,87.51,0.302
2002-08-08,26.12,18.86,89.13,0.572
2002-08-09,26.034,11.205,89.27,0.397
2002-08-10,25.833,10.5,89.27,1.68
2002-08-11,25.949,9.009,87.97,2.425
2002-08-12,25.936,10.485,87.93,2.353
2002-08-13,25.445,8.838,88.12,1.653
2002-08-14,25.484,14.339,89.78,1.05
2002-08-15,25.239,10.907,89.71,1.649
2002-08-16,25.418,8.063,77.88,3.435
2002-08-17,24.419,16.467,90.72,1.881
2002-08-18,26.285,0.778,81.18,1.631
2002-08-19,26.642,2.898,82.28,1.355
2002-08-20,26.357,6.15,84.81,0.971
2002-08-21,25.478,10.08,89.84,1.347
2002-08-22,24.889,13.778,92.88,2.612
2002-08-23,24.843,9.877,91.97,3.346
2002-08-24,25.401,4.064,88.63,2.506
2002-08-25,26.686,1.297,81.46,2.093
2002-08-26,27.253,5.117,80.93,1.216
2002-08-27,25.978,18.197,87.31,1.112
2002-08-28,25.215,13.819,89.72,0.886
2002-08-29,24.548,11.414,92.5,1.444
2002-08-30,24.826,8.696,91.36,1.509
2002-08-31,24.439,20.65,93.8,0.809
2002-09-01,24.796,12.199,92.99,1.022
2002-09-02,25.265,5.864,91.12,1.426
2002-09-03,25.348,19.662,90.66,1.063
2002-09-04,25.521,14.632,89.03,0.452
2002-09-05,24.475,18.333,93.7,0.598
2002-09-06,24.88,10.429,92.61,1.018
2002-09-07,25.267,4.113,89.89,1.487
2002-09-08,25.009,9.991,92.02,0.955
2002-09-09,24.673,17.165,92.07,1.088
2002-09-10,24.017,24.305,96.28,0.802
2002-09-11,24.144,15.045,95.5,1.84
2002-09-12,25.215,2.047,90.22,1.542
2002-09-13,25.448,2.853,87.53,1.326
2002-09-14,25.777,4.734,86.1,1.048
2002-09-15,26.007,8.102,85.96,0.697
2002-09-16,26.492,5.281,81.93,0.684
2002-09-17,26.936,0.048,71.78,0.633
2002-09-18,26.755,1.447,76.85,0.889
2002-09-19,26.782,0.28,76.0,1.501
2002-09-20,26.357,3.688,81.43,1.328
2002-09-21,24.846,14.117,90.51,1.832
2002-09-22,24.511,9.348,91.45,2.02
2002-09-23,24.319,10.129,93.31,1.448
2002-09-24,23.735,11.284,95.55,1.012
2002-09-25,25.619,2.723,87.2,0.927
2002-09-26,25.101,6.649,89.73,0.504
2002-09-27,24.819,12.232,90.95,0.557
2002-09-28,24.751,4.01,90.87,0.534
2002-09-29,25.574,1.95,86.67,1.044
2002-09-30,25.965,2.162,85.67,1.047
2002-10-01,26.687,0.422,78.97,0.896
2002-10-02,26.379,1.276,80.71,0.572
2002-10-03,26.636,0.002,71.93,0.24
2002-10-04,26.346,0.4,78.11,0.346
2002-10-05,26.196,0.824,79.76,0.4
2002-10-06,25.766,1.916,84.11,0.112
2002-10-07,25.853,1.876,84.89,0.241
2002-10-08,25.472,2.27,85.49,0.687
2002-10-09,24.515,3.458,89.11,0.875
2002-10-10,24.196,5.846,87.84,0.634
2002-10-11,24.202,2.838,87.54,0.403
2002-10-12,24.192,4.601,87.46,0.833
2002-10-13,23.817,3.333,88.62,1.582
2002-10-14,23.967,10.368,88.21,2.559
2002-10-15,24.478,2.249,84.82,1.521
2002-10-16,25.009,1.361,82.86,0.031
2002-10-17,25.186,5.064,84.63,0.994
2002-10-18,24.805,15.286,88.67,1.113
2002-10-19,23.079,0.31,80.17,1.626
2002-10-20,23.027,0.01,74.46,0.712
2002-10-21,23.071,0.0,71.84,0.251
2002-10-22,23.234,0.001,74.94,0.19
2002-10-23,23.704,0.018,76.95,0.292
2002-10-24,23.978,0.109,78.07,0.311
2002-10-25,23.661,0.162,78.07,0.997
2002-10-26,23.219,0.053,75.15,0.895
2002-10-27,22.823,0.0,69.8,0.538
2002-10-28,22.052,0.001,68.44,0.391
2002-10-29,21.676,0.0,63.08,0.552
2002-10-30,21.548,0.001,64.03,0.339
2002-10-31,22.021,0.0,65.69,0.286
2002-11-01,22.056,0.063,72.69,0.669
2002-11-02,23.189,0.002,70.06,0.807
2002-11-03,22.635,0.002,68.1,1.361
2002-11-04,22.428,0.001,67.19,1.231
2002-11-05,22.435,0.002,68.14,1.116
2002-11-06,22.58,0.002,71.26,0.893
2002-11-07,22.388,0.121,78.42,0.634
2002-11-08,23.474,0.011,70.51,1.036
2002-11-09,23.237,0.025,74.29,1.229
2002-11-10,23.729,0.026,69.27,1.766
2002-11-11,20.695,22.395,84.41,2.365
2002-11-12,19.813,15.307,93.9,3.086
2002-11-13,20.9,0.087,81.17,2.001
2002-11-14,20.608,0.002,70.18,1.074
2002-11-15,19.969,0.002,62.25,1.257
2002-11-16,19.477,0.0,64.37,1.448
2002-11-17,19.429,0.003,62.5,1.386
2002-11-18,19.372,0.0,66.06,0.554
2002-11-19,19.545,0.0,68.46,0.307
2002-11-20,19.765,0.0,64.67,0.549
2002-11-21,19.775,0.002,62.08,1.252
2002-11-22,19.98,0.0,66.44,0.844
2002-11-23,20.361,0.0,70.35,1.11
2002-11-24,20.305,0.001,72.39,1.125
2002-11-25,20.625,0.002,71.34,1.139
2002-11-26,20.867,0.0,68.71,1.265
2002-11-27,20.361,0.003,65.35,1.845
2002-11-28,19.959,0.001,62.44,1.838
2002-11-29,20.105,0.002,64.3,1.359
2002-11-30,19.644,0.001,63.55,0.369
2002-12-01,19.793,0.003,65.47,0.281
2002-12-02,19.601,0.0,60.47,0.832
2002-12-03,18.98,0.0,56.51,0.65
2002-12-04,18.766,0.001,61.65,0.388
2002-12-05,18.919,0.003,63.28,0.324
2002-12-06,19.516,0.0,63.13,0.573
2002-12-07,19.898,0.001,60.0,0.972
2002-12-08,19.689,0.001,59.86,1.238
2002-12-09,19.425,0.001,53.58,1.205
2002-12-10,19.444,0.001,53.04,1.064
2002-12-11,18.446,0.0,56.56,0.727
2002-12-12,18.443,0.002,53.67,0.768
2002-12-13,18.358,0.0,48.85,0.769
2002-12-14,18.835,0.001,54.58,0.852
2002-12-15,18.899,0.0,60.53,0.536
2002-12-16,19.018,0.003,62.06,0.514
2002-12-17,19.215,0.001,60.97,0.48
2002-12-18,19.703,0.001,57.92,0.483
2002-12-19,21.432,0.0,57.1,0.955
2002-12-20,21.945,0.0,51.56,0.951
2002-12-21,20.961,0.002,47.4,0.768
2002-12-22,19.94,0.002,53.16,0.747
2002-12-23,18.902,0.003,60.01,0.447
2002-12-24,19.256,0.014,66.7,0.688
2002-12-25,19.643,0.145,69.81,0.336
2002-12-26,19.091,0.111,68.26,1.255
2002-12-27,18.5,0.032,65.12,0.693
2002-12-28,18.043,0.004,57.04,0.526
2002-12-29,17.48,0.004,60.13,0.483
2002-12-30,17.005,0.002,63.07,0.574
2002-12-31,18.08,0.138,68.47,1.445
2003-01-01,16.656,0.555,78.79,1.434
2003-01-02,16.941,0.001,67.24,2.032
2003-01-03,17.162,0.001,58.29,1.495
2003-01-04,18.257,0.0,59.53,1.144
2003-01-05,16.908,0.002,62.01,1.279
2003-01-06,16.029,0.0,56.59,1.383
2003-01-07,16.296,0.001,58.67,0.817
2003-01-08,16.054,0.002,59.66,1.097
2003-01-09,14.681,0.001,56.47,1.535
2003-01-10,15.216,0.001,51.3,1.336
2003-01-11,15.56,0.001,48.03,1.607
2003-01-12,15.77,0.003,49.22,1.424
2003-01-13,15.92,-0.0,48.01,1.522
2003-01-14,15.6,0.001,45.42,2.157
2003-01-15,14.739,0.001,45.22,2.075
2003-01-16,15.144,0.0,49.11,1.654
2003-01-17,15.879,0.001,53.95,1.469
2003-01-18,16.559,0.001,55.45,1.243
2003-01-19,16.962,0.001,51.71,0.848
2003-01-20,17.657,0.0,51.09,0.379
2003-01-21,17.962,0.001,51.55,0.748
2003-01-22,17.273,0.002,43.71,0.282
2003-01-23,18.346,0.003,52.71,0.023
2003-01-24,19.043,0.006,58.89,0.32
2003-01-25,19.566,0.02,67.28,0.195
2003-01-26,20.226,0.006,57.95,0.569
2003-01-27,20.497,0.002,48.77,0.502
2003-01-28,21.052,0.004,55.7,0.376
2003-01-29,21.351,0.307,67.71,0.89
2003-01-30,21.551,0.345,69.33,0.568
2003-01-31,22.098,0.185,70.43,1.346
2003-02-01,22.404,0.075,69.29,1.375
2003-02-02,21.707,0.194,71.23,1.013
2003-02-03,21.698,0.074,66.89,1.422
2003-02-04,21.506,0.516,66.75,1.331
2003-02-05,19.315,3.783,76.36,0.879
2003-02-06,20.284,0.266,67.85,0.499
2003-02-07,21.335,0.008,63.99,0.999
2003-02-08,22.424,0.02,64.02,1.716
2003-02-09,21.66,9.065,73.17,0.76
2003-02-10,21.504,1.942,70.79,0.352
2003-02-11,21.409,0.024,67.28,0.618
2003-02-12,22.035,0.964,68.32,0.52
2003-02-13,20.773,5.909,82.57,0.775
2003-02-14,21.093,0.249,68.5,0.174
2003-02-15,20.922,0.242,68.21,0.375
2003-02-16,21.633,0.709,71.66,0.586
2003-02-17,22.593,0.019,69.25,0.738
2003-02-18,23.135,0.973,72.26,1.248
2003-02-19,22.47,8.433,75.21,1.038
2003-02-20,20.809,4.262,80.31,0.906
2003-02-21,21.935,0.032,65.19,1.011
2003-02-22,20.697,0.001,52.14,0.457
2003-02-23,21.397,0.003,59.19,0.358
2003-02-24,22.685,0.015,63.71,0.542
2003-02-25,23.703,0.021,58.61,0.504
2003-02-26,23.561,0.457,64.22,0.586
2003-02-27,24.21,0.172,59.46,0.639
2003-02-28,24.899,0.122,60.6,0.908
2003-03-01,25.932,0.031,54.0,1.467
2003-03-02,26.731,0.006,51.16,0.798
2003-03-03,27.821,0.001,45.96,1.588
2003-03-04,26.346,0.024,43.4,1.716
2003-03-05,22.398,0.002,26.98,1.024
2003-03-06,21.067,0.0,34.6,0.374
2003-03-07,21.234,0.001,33.77,0.612
2003-03-08,22.861,0.001,39.49,0.464
2003-03-09,23.159,0.004,53.21,0.527
2003-03-10,24.915,0.085,55.64,1.879
2003-03-11,24.186,3.003,66.24,1.977
2003-03-12,22.947,29.448,74.89,0.77
2003-03-13,22.46,0.978,80.72,1.153
2003-03-14,24.137,1.673,76.24,1.113
2003-03-15,24.241,0.848,77.35,0.391
2003-03-16,24.226,5.356,80.0,1.283
2003-03-17,23.611,8.164,77.86,0.952
2003-03-18,23.124,5.24,78.1,0.333
2003-03-19,24.05,1.125,65.06,1.09
2003-03-20,24.169,0.078,63.46,0.681
2003-03-21,24.605,0.002,54.66,0.735
2003-03-22,25.269,0.003,53.03,0.171
2003-03-23,25.493,0.004,61.74,0.547
2003-03-24,26.186,0.002,63.08,1.054
2003-03-25,26.032,1.041,62.85,1.463
2003-03-26,25.869,2.431,69.07,1.369
2003-03-27,25.796,1.62,63.42,0.783
2003-03-28,25.25,3.228,66.09,0.924
2003-03-29,26.238,1.036,65.6,1.546
2003-03-30,27.037,3.189,71.16,2.153
2003-03-31,28.403,0.084,55.76,1.605
2003-04-01,27.936,0.003,47.74,0.942
2003-04-02,28.617,0.001,51.17,2.004
2003-04-03,28.772,1.072,62.57,1.925
2003-04-04,27.295,6.233,75.85,0.993
2003-04-05,26.152,7.604,79.27,0.164
2003-04-06,26.834,3.643,73.98,0.405
2003-04-07,27.916,1.199,63.34,0.783
2003-04-08,28.189,2.269,60.54,1.24
2003-04-09,28.23,1.576,58.85,1.446
2003-04-10,28.621,1.244,56.17,1.563
2003-04-11,29.453,0.554,54.5,1.98
2003-04-12,30.685,0.003,46.4,2.436
2003-04-13,31.133,0.402,47.17,2.133
2003-04-14,30.41,0.923,46.83,0.88
2003-04-15,29.985,1.022,53.72,1.46
2003-04-16,30.382,0.875,59.04,2.423
2003-04-17,31.399,0.335,48.99,1.716
2003-04-18,31.282,0.592,49.98,0.729
2003-04-19,31.484,0.733,53.48,1.8
2003-04-20,31.233,1.001,52.09,1.109
2003-04-21,30.244,1.912,58.1,1.032
2003-04-22,30.098,1.895,57.4,1.675
2003-04-23,30.426,0.791,59.56,1.27
2003-04-24,29.936,1.379,66.05,1.544
2003-04-25,30.211,0.017,64.75,1.852
2003-04-26,31.431,0.514,48.1,1.982
2003-04-27,31.254,0.98,47.42,1.494
2003-04-28,29.986,2.342,54.84,0.612
2003-04-29,29.103,2.167,56.75,1.005
2003-04-30,26.574,10.55,68.82,0.751
2003-05-01,27.583,0.635,64.1,2.305
2003-05-02,30.028,0.436,58.85,2.766
2003-05-03,32.064,0.0,47.96,2.729
2003-05-04,32.499,0.001,41.5,2.476
2003-05-05,31.612,0.049,47.89,1.276
2003-05-06,31.908,0.005,48.01,2.25
2003-05-07,31.505,0.273,52.18,1.6
2003-05-08,30.488,2.642,61.75,1.582
2003-05-09,28.676,10.736,72.23,1.356
2003-05-10,27.942,1.851,73.25,1.48
2003-05-11,28.667,0.083,59.02,1.38
2003-05-12,28.555,0.001,58.07,1.809
2003-05-13,28.562,0.085,66.51,1.855
2003-05-14,28.45,0.937,71.8,2.062
2003-05-15,29.529,0.203,66.86,1.418
2003-05-16,30.165,0.262,63.12,1.537
2003-05-17,30.872,0.324,58.72,2.019
2003-05-18,31.09,0.339,58.17,2.087
2003-05-19,31.272,1.222,62.2,1.929
2003-05-20,30.856,3.858,67.6,1.835
2003-05-21,31.132,3.238,66.29,2.275
2003-05-22,30.767,0.899,68.31,1.616
2003-05-23,31.247,0.213,61.6,0.748
2003-05-24,31.013,1.136,63.53,1.958
2003-05-25,30.867,3.41,65.7,1.746
2003-05-26,32.909,0.115,47.47,1.802
2003-05-27,32.918,0.06,44.13,1.448
2003-05-28,33.324,0.003,37.4,0.849
2003-05-29,33.726,0.003,37.76,0.951
2003-05-30,32.923,0.195,48.66,1.457
2003-05-31,32.753,0.124,49.53,1.162
2003-06-01,32.0,0.311,56.13,1.352
2003-06-02,32.108,0.101,60.24,1.5
2003-06-03,32.35,0.125,61.87,1.619
2003-06-04,32.224,0.238,64.8,1.409
2003-06-05,32.109,3.605,66.8,1.619
2003-06-06,32.852,0.602,56.2,2.45
2003-06-07,32.466,1.005,59.92,2.103
2003-06-08,31.966,1.466,64.2,1.855
2003-06-09,31.566,1.987,65.36,2.037
2003-06-10,33.554,0.049,49.92,2.948
2003-06-11,34.135,0.439,46.23,2.633
2003-06-12,34.347,0.048,43.15,2.97
2003-06-13,31.321,2.472,61.02,2.493
2003-06-14,29.111,12.556,75.99,2.0
2003-06-15,28.226,15.539,80.13,0.885
2003-06-16,27.259,14.135,85.05,0.444
2003-06-17,27.674,20.511,83.94,0.633
2003-06-18,26.46,35.504,87.66,0.437
2003-06-19,24.689,83.858,95.05,1.646
2003-06-20,25.002,76.366,93.9,2.408
2003-06-21,27.016,9.658,85.68,1.943
2003-06-22,27.24,7.609,87.48,1.362
2003-06-23,26.823,8.204,88.47,1.493
2003-06-24,26.559,4.861,87.37,1.948
2003-06-25,26.585,6.588,86.12,1.779
2003-06-26,26.925,8.019,85.23,2.312
2003-06-27,26.791,6.67,85.17,2.49
2003-06-28,26.872,4.754,81.8,2.805
2003-06-29,26.216,2.898,86.85,2.326
2003-06-30,26.771,14.966,86.43,1.475
2003-07-01,25.716,23.598,91.74,0.909
2003-07-02,26.125,4.292,88.6,1.348
2003-07-03,25.754,7.463,89.74,1.572
2003-07-04,26.488,2.319,85.87,1.729
2003-07-05,25.607,10.756,89.22,1.864
2003-07-06,26.66,2.229,85.19,2.089
2003-07-07,27.448,2.162,82.07,1.849
2003-07-08,27.358,3.465,83.77,1.59
2003-07-09,26.812,7.076,85.63,1.82
2003-07-10,26.439,6.138,86.37,1.784
2003-07-11,26.37,4.859,88.64,1.234
2003-07-12,26.527,6.869,87.16,1.386
2003-07-13,26.718,9.835,87.19,1.149
2003-07-14,25.636,8.813,93.17,0.608
2003-07-15,25.918,7.577,89.7,1.51
2003-07-16,26.258,2.386,87.34,1.842
2003-07-17,25.634,5.717,87.87,2.042
2003-07-18,25.941,3.811,87.13,2.161
2003-07-19,26.376,2.986,85.12,1.993
2003-07-20,26.833,5.659,85.13,1.465
2003-07-21,26.647,9.017,88.48,0.076
2003-07-22,25.975,19.962,90.83,0.564
2003-07-23,25.633,10.626,91.45,0.66
2003-07-24,26.322,8.168,89.58,0.769
2003-07-25,25.347,34.573,94.61,1.993
2003-07-26,25.134,17.058,94.98,1.558
2003-07-27,25.927,14.917,89.48,1.262
2003-07-28,25.675,14.813,91.92,1.626
2003-07-29,26.315,18.805,88.19,2.121
2003-07-30,25.205,30.155,93.84,1.913
2003-07-31,25.49,18.122,91.69,1.396
2003-08-01,25.382,6.672,89.59,1.544
2003-08-02,25.143,12.092,90.34,1.635
2003-08-03,25.171,12.906,91.15,0.171
2003-08-04,26.008,3.3,86.75,1.392
2003-08-05,26.263,3.545,85.26,1.749
2003-08-06,26.521,3.154,85.62,1.572
2003-08-07,26.728,3.709,85.94,1.603
2003-08-08,26.468,5.481,86.19,1.301
2003-08-09,26.205,11.08,88.02,1.218
2003-08-10,25.79,14.816,90.02,1.441
2003-08-11,25.97,7.66,88.53,2.145
2003-08-12,26.281,10.488,88.39,2.062
2003-08-13,26.221,12.092,88.77,1.511
2003-08-14,25.672,15.326,90.55,1.639
2003-08-15,26.644,4.463,86.16,1.687
2003-08-16,27.554,1.78,81.66,1.638
2003-08-17,27.345,8.656,84.55,1.347
2003-08-18,26.471,17.261,89.33,1.286
2003-08-19,25.747,13.415,90.86,0.874
2003-08-20,26.389,4.01,86.41,0.753
2003-08-21,27.169,2.107,83.7,0.762
2003-08-22,25.498,17.514,91.52,2.763
2003-08-23,25.484,10.009,91.69,3.036
2003-08-24,25.809,5.39,89.71,1.592
2003-08-25,25.936,11.443,89.17,0.123
2003-08-26,25.799,11.965,89.97,0.741
2003-08-27,25.563,16.525,91.35,2.561
2003-08-28,25.32,6.16,92.63,1.615
2003-08-29,25.752,7.01,88.47,1.648
2003-08-30,25.914,9.578,87.46,1.697
2003-08-31,25.78,9.579,86.99,2.026
2003-09-01,24.558,36.882,93.77,2.293
2003-09-02,25.253,4.862,84.41,3.382
2003-09-03,25.122,1.01,84.11,2.172
2003-09-04,25.546,8.927,89.44,0.244
2003-09-05,25.16,9.587,90.8,1.507
2003-09-06,24.449,15.309,94.31,0.368
2003-09-07,25.419,2.523,86.79,2.547
2003-09-08,25.43,2.31,85.98,1.729
2003-09-09,25.969,2.819,85.1,1.291
2003-09-10,26.045,6.438,87.0,0.869
2003-09-11,26.099,6.381,87.02,0.243
2003-09-12,25.723,15.359,89.47,0.293
2003-09-13,25.27,4.689,90.01,1.087
2003-09-14,25.699,2.794,89.5,1.281
2003-09-15,26.043,6.855,86.67,0.864
2003-09-16,25.691,6.26,88.64,0.835
2003-09-17,25.864,8.387,88.26,0.795
2003-09-18,25.892,2.726,87.42,0.733
2003-09-19,26.065,2.481,86.34,0.725
2003-09-20,26.437,1.854,85.59,1.232
2003-09-21,26.389,1.958,84.43,1.359
2003-09-22,26.494,2.085,83.81,1.255
2003-09-23,26.205,2.298,83.85,1.307
2003-09-24,25.514,7.286,87.43,1.302
2003-09-25,24.794,8.196,91.41,1.286
2003-09-26,24.571,10.241,92.44,0.924
2003-09-27,24.968,5.488,89.27,1.205
2003-09-28,25.827,7.349,87.06,1.172
2003-09-29,26.148,3.581,85.92,0.968
2003-09-30,25.969,6.467,84.93,0.683
2003-10-01,25.935,10.266,87.18,0.373
2003-10-02,25.405,9.896,89.4,0.545
2003-10-03,25.138,6.795,87.48,0.929
2003-10-04,23.664,13.412,95.65,1.044
2003-10-05,23.604,17.757,92.63,2.072
2003-10-06,23.165,37.664,96.61,3.506
2003-10-07,23.332,37.2,97.92,2.503
2003-10-08,24.055,16.037,95.28,2.373
2003-10-09,25.118,2.898,88.53,1.886
2003-10-10,24.338,0.605,84.26,0.887
2003-10-11,25.394,0.004,75.93,0.597
2003-10-12,25.803,0.0,70.57,0.588
2003-10-13,25.285,0.0,68.86,0.66
2003-10-14,24.626,0.03,70.56,0.897
2003-10-15,23.794,0.001,67.95,0.759
2003-10-16,24.169,1.484,79.44,0.76
2003-10-17,24.543,4.156,86.54,0.915
2003-10-18,23.07,8.772,94.1,0.526
2003-10-19,24.006,12.515,92.92,0.411
2003-10-20,24.763,3.488,85.43,0.392
2003-10-21,24.927,2.268,84.1,0.277
2003-10-22,24.389,4.577,87.15,0.457
2003-10-23,24.241,5.335,88.33,0.715
2003-10-24,23.152,13.979,93.7,1.503
2003-10-25,22.929,9.868,95.08,1.967
2003-10-26,24.094,2.321,91.83,1.209
2003-10-27,23.737,10.271,91.5,1.05
2003-10-28,23.119,4.024,94.67,1.034
2003-10-29,24.0,0.866,86.72,0.233
2003-10-30,25.084,0.306,80.23,0.613
2003-10-31,24.28,3.861,85.59,0.302
2003-11-01,22.995,5.875,89.6,0.385
2003-11-02,23.101,2.417,88.15,0.382
2003-11-03,23.355,1.401,85.4,0.781
2003-11-04,22.894,1.472,85.0,0.565
2003-11-05,22.907,0.478,81.31,0.189
2003-11-06,22.569,0.037,71.58,0.649
2003-11-07,21.953,0.006,66.38,0.388
2003-11-08,22.37,0.03,72.14,0.638
2003-11-09,22.515,0.006,71.1,0.371
2003-11-10,22.032,0.001,67.74,0.554
2003-11-11,21.183,0.001,65.62,0.813
2003-11-12,20.179,0.0,68.83,0.988
2003-11-13,19.618,0.001,68.77,1.206
2003-11-14,19.627,0.0,72.43,1.165
2003-11-15,19.652,0.001,72.2,0.836
2003-11-16,19.676,0.001,71.91,0.513
2003-11-17,19.755,0.002,71.57,0.406
2003-11-18,20.052,0.002,69.67,0.688
2003-11-19,21.066,0.001,69.39,0.358
2003-11-20,22.256,0.0,68.97,0.655
2003-11-21,21.575,0.009,69.31,1.119
2003-11-22,19.463,0.0,60.01,1.003
2003-11-23,18.638,0.0,60.45,1.027
2003-11-24,18.926,0.0,65.76,1.173
2003-11-25,19.006,0.001,65.47,0.744
2003-11-26,18.991,0.0,63.91,0.763
2003-11-27,18.571,0.002,67.1,0.501
2003-11-28,18.765,-0.0,69.54,0.351
2003-11-29,18.615,0.001,65.66,0.782
2003-11-30,18.611,0.002,64.25,1.014
2003-12-01,18.037,0.001,60.8,0.919
2003-12-02,17.499,0.001,61.82,0.782
2003-12-03,17.653,0.001,63.66,0.523
2003-12-04,17.982,0.003,64.49,0.311
2003-12-05,18.678,0.0,62.1,0.617
2003-12-06,19.112,0.001,57.81,0.703
2003-12-07,18.827,0.001,59.28,0.778
2003-12-08,18.43,0.001,62.8,0.437
2003-12-09,18.949,0.001,64.8,0.467
2003-12-10,19.214,0.001,66.62,0.868
2003-12-11,19.318,0.0,65.27,1.097
2003-12-12,19.214,0.002,64.27,1.594
2003-12-13,18.786,0.001,61.1,1.612
2003-12-14,19.543,0.0,64.16,1.228
2003-12-15,18.961,0.774,72.47,1.033
2003-12-16,17.249,32.112,80.31,1.727
2003-12-17,16.146,30.386,90.88,2.2
2003-12-18,17.977,0.016,79.82,2.209
2003-12-19,18.339,0.001,72.33,2.354
2003-12-20,17.6,0.001,70.02,1.767
2003-12-21,17.122,0.001,68.03,1.506
2003-12-22,16.66,0.001,66.27,1.321
2003-12-23,16.452,0.0,68.7,0.749
2003-12-24,17.179,0.001,66.44,0.853
2003-12-25,17.142,0.0,67.42,1.241
2003-12-26,17.069,0.002,59.61,1.458
2003-12-27,16.878,0.713,69.62,0.445
2003-12-28,15.867,5.617,88.81,0.502
2003-12-29,14.471,0.014,72.05,1.691
2003-12-30,13.934,0.0,72.14,1.539
2003-12-31,14.664,0.001,69.81,1.19
2004-01-01,15.264,0.0,71.07,0.776
2004-01-02,15.574,0.0,72.41,0.761
2004-01-03,15.729,0.0,71.76,1.041
2004-01-04,14.813,0.0,64.29,1.574
2004-01-05,14.0,0.001,63.17,1.622
2004-01-06,14.28,0.0,64.2,1.488
2004-01-07,14.996,0.001,64.27,1.58
2004-01-08,15.158,0.002,57.83,1.813
2004-01-09,15.705,0.002,56.29,0.864
2004-01-10,15.601,0.001,60.16,1.308
2004-01-11,16.418,0.002,64.8,0.951
2004-01-12,17.211,0.001,68.0,0.317
2004-01-13,17.698,0.0,67.63,0.365
2004-01-14,18.682,0.002,63.75,0.522
2004-01-15,19.616,0.005,66.02,0.051
2004-01-16,19.306,0.002,70.74,0.642
2004-01-17,19.004,0.003,70.08,0.225
2004-01-18,20.274,0.002,68.99,1.072
2004-01-19,21.505,0.008,64.68,0.468
2004-01-20,20.174,0.001,66.33,0.544
2004-01-21,20.688,0.024,71.75,0.969
2004-01-22,20.468,0.002,66.82,1.502
2004-01-23,20.409,0.322,63.6,1.253
2004-01-24,19.791,0.82,70.82,0.234
2004-01-25,18.738,0.232,66.15,0.903
2004-01-26,17.201,0.327,71.52,0.493
2004-01-27,17.703,0.294,67.84,0.71
2004-01-28,17.454,0.01,60.11,0.83
2004-01-29,18.164,0.003,58.1,0.267
2004-01-30,19.544,0.073,65.99,0.827
2004-01-31,20.52,7.649,78.18,1.042
2004-02-01,19.912,12.703,86.07,0.76
2004-02-02,19.56,0.26,73.69,1.342
2004-02-03,17.96,0.017,54.08,0.946
2004-02-04,16.349,0.0,50.59,0.294
2004-02-05,18.442,0.093,55.82,0.782
2004-02-06,17.919,3.116,82.53,0.458
2004-02-07,17.595,0.013,60.61,1.524
2004-02-08,16.857,0.001,50.42,1.173
2004-02-09,17.596,0.002,52.3,0.559
2004-02-10,18.314,0.001,57.21,0.261
2004-02-11,19.513,0.001,56.85,0.171
2004-02-12,20.548,0.0,48.49,0.59
2004-02-13,21.059,0.001,49.42,0.346
2004-02-14,21.371,0.002,45.32,0.523
2004-02-15,21.41,0.0,47.99,0.35
2004-02-16,21.217,0.0,52.1,0.991
2004-02-17,20.817,0.001,53.41,0.303
2004-02-18,21.917,0.001,55.4,1.235
2004-02-19,23.318,0.001,55.42,1.901
2004-02-20,24.002,0.001,46.4,0.747
2004-02-21,22.655,0.001,50.57,0.269
2004-02-22,22.572,0.002,45.58,0.458
2004-02-23,22.699,0.002,38.74,0.672
2004-02-24,23.247,0.0,45.35,0.171
2004-02-25,23.129,0.0,40.49,0.804
2004-02-26,22.906,0.003,42.98,0.167
2004-02-27,23.736,0.0,48.29,0.508
2004-02-28,25.449,0.001,39.21,1.136
2004-02-29,26.741,0.001,40.17,0.609
2004-03-01,26.047,0.002,37.01,0.495
2004-03-02,24.747,0.002,28.79,0.905
2004-03-03,23.97,0.001,31.78,0.536
2004-03-04,24.231,0.001,34.86,0.404
2004-03-05,25.037,0.0,32.77,0.444
2004-03-06,26.788,0.071,40.6,0.917
2004-03-07,23.551,6.622,59.18,1.011
2004-03-08,22.028,4.835,68.13,0.242
2004-03-09,23.419,0.492,51.67,0.371
2004-03-10,23.159,0.601,58.1,0.872
2004-03-11,24.455,0.001,60.65,1.248
2004-03-12,25.826,0.004,56.22,1.125
2004-03-13,26.346,0.001,48.26,0.409
2004-03-14,27.3,0.001,40.38,0.366
2004-03-15,27.807,0.001,36.78,0.374
2004-03-16,28.333,0.0,34.23,0.704
2004-03-17,29.109,0.001,37.22,0.516
2004-03-18,27.802,0.002,56.24,0.916
2004-03-19,28.473,0.001,44.39,0.615
2004-03-20,29.781,0.001,30.33,1.255
2004-03-21,29.35,0.002,32.71,0.714
2004-03-22,30.009,-0.0,34.77,1.413
2004-03-23,30.996,0.0,37.07,1.766
2004-03-24,30.872,0.001,40.46,1.677
2004-03-25,30.115,0.001,46.36,1.157
2004-03-26,30.151,0.11,46.31,1.886
2004-03-27,30.137,1.188,44.75,1.836
2004-03-28,29.945,1.294,49.18,2.051
2004-03-29,28.622,3.826,59.09,1.405
2004-03-30,28.693,1.302,60.1,1.859
2004-03-31,26.562,7.877,69.44,1.396
2004-04-01,28.196,0.18,56.89,1.207
2004-04-02,28.481,1.104,59.12,1.868
2004-04-03,29.479,0.17,53.85,1.867
2004-04-04,29.79,0.025,48.01,1.766
2004-04-05,29.626,0.748,53.29,1.703
2004-04-06,29.145,1.808,52.44,1.241
2004-04-07,27.935,1.991,57.15,1.283
2004-04-08,27.683,2.862,64.46,1.803
2004-04-09,29.283,0.778,55.11,2.047
2004-04-10,30.318,0.428,52.48,2.593
2004-04-11,31.19,0.122,49.79,2.272
2004-04-12,32.256,0.088,39.46,2.132
2004-04-13,32.817,0.05,34.03,2.284
2004-04-14,33.34,0.002,35.31,3.252
2004-04-15,33.584,0.002,36.71,3.196
2004-04-16,33.975,0.0,34.4,2.744
2004-04-17,34.024,0.001,31.9,2.161
2004-04-18,33.612,0.061,30.59,1.844
2004-04-19,31.823,0.063,46.91,1.072
2004-04-20,29.177,2.876,68.82,1.888
2004-04-21,29.555,5.272,64.28,1.69
2004-04-22,29.895,2.456,60.63,2.139
2004-04-23,28.875,8.2,64.17,1.426
2004-04-24,27.145,1.868,71.0,1.683
2004-04-25,25.852,5.978,71.83,0.641
2004-04-26,26.317,3.128,67.86,0.607
2004-04-27,26.487,4.337,70.56,0.755
2004-04-28,27.17,2.392,71.06,1.252
2004-04-29,28.048,2.58,68.34,1.699
2004-04-30,28.075,4.648,70.04,1.52
2004-05-01,29.162,1.446,60.78,1.564
2004-05-02,29.749,1.282,61.63,0.911
2004-05-03,29.608,0.515,54.5,0.581
2004-05-04,30.306,0.035,50.32,1.321
2004-05-05,30.307,0.012,51.68,1.699
2004-05-06,30.396,0.001,49.32,2.203
2004-05-07,30.904,0.016,49.79,1.877
2004-05-08,31.02,0.015,47.99,2.229
2004-05-09,31.756,0.004,47.84,2.574
2004-05-10,32.148,0.669,51.36,2.748
2004-05-11,32.882,0.946,52.52,2.598
2004-05-12,33.202,0.533,50.47,2.471
2004-05-13,33.872,0.203,46.96,1.238
2004-05-14,33.235,1.197,53.99,1.301
2004-05-15,32.359,1.368,57.97,1.026
2004-05-16,31.523,4.494,65.28,1.533
2004-05-17,30.37,1.126,68.77,1.175
2004-05-18,30.468,3.305,68.53,0.415
2004-05-19,33.216,0.016,43.11,1.532
2004-05-20,34.387,0.023,30.99,2.281
2004-05-21,33.995,0.094,37.78,1.473
2004-05-22,32.862,0.782,48.36,1.53
2004-05-23,32.133,1.015,54.77,1.529
2004-05-24,30.866,3.955,64.81,1.581
2004-05-25,29.756,5.794,69.34,1.908
2004-05-26,29.494,4.125,71.41,0.48
2004-05-27,29.303,6.791,71.04,1.203
2004-05-28,29.7,0.982,65.83,1.339
2004-05-29,29.893,0.683,65.39,1.653
2004-05-30,29.771,1.69,65.33,2.487
2004-05-31,30.095,4.365,64.79,2.225
2004-06-01,29.707,3.503,69.99,1.804
2004-06-02,29.709,4.456,73.18,2.044
2004-06-03,29.992,14.866,74.68,1.505
2004-06-04,30.246,1.291,70.64,1.724
2004-06-05,29.276,3.179,75.8,1.588
2004-06-06,29.238,4.517,73.45,1.839
2004-06-07,28.637,6.193,72.73,1.573
2004-06-08,29.399,1.311,71.22,1.516
2004-06-09,29.384,2.465,72.83,1.161
2004-06-10,28.59,9.039,76.99,0.662
2004-06-11,28.572,5.579,71.96,1.972
2004-06-12,25.431,24.391,90.64,4.093
2004-06-13,24.875,23.644,95.74,4.199
2004-06-14,25.49,13.998,92.71,2.721
2004-06-15,26.891,9.3,86.39,1.604
2004-06-16,27.246,12.486,85.78,1.3
2004-06-17,27.805,5.293,80.54,1.864
2004-06-18,26.546,9.36,83.2,2.577
2004-06-19,26.886,6.184,81.81,2.5
2004-06-20,26.86,13.637,82.3,2.912
2004-06-21,27.162,6.645,78.51,2.662
2004-06-22,29.512,0.109,66.53,2.848
2004-06-23,29.865,0.017,64.84,2.602
2004-06-24,29.84,0.281,64.99,2.162
2004-06-25,30.019,0.337,63.76,1.789
2004-06-26,29.675,2.11,67.54,1.282
2004-06-27,29.603,1.434,68.96,1.65
2004-06-28,28.844,7.344,75.95,1.155
2004-06-29,28.516,11.752,78.96,1.19
2004-06-30,27.293,20.82,86.5,0.933
2004-07-01,28.172,9.184,82.67,0.257
2004-07-02,27.597,9.671,82.54,1.027
2004-07-03,25.816,14.641,89.2,1.556
2004-07-04,26.327,9.171,88.72,2.213
2004-07-05,27.612,3.38,82.08,2.601
2004-07-06,27.172,7.797,84.36,2.613
2004-07-07,26.278,11.206,88.44,2.81
2004-07-08,26.419,11.67,86.44,2.916
2004-07-09,26.809,5.622,82.82,2.658
2004-07-10,27.222,3.68,81.93,2.61
2004-07-11,27.617,3.601,81.17,1.916
2004-07-12,26.995,5.805,83.61,0.567
2004-07-13,26.142,4.288,85.41,0.834
2004-07-14,26.259,8.954,85.25,1.077
2004-07-15,25.358,14.581,91.34,0.872
2004-07-16,25.523,13.254,89.93,2.093
2004-07-17,26.695,3.025,83.73,2.98
2004-07-18,27.086,3.822,82.51,3.118
2004-07-19,27.783,0.905,77.27,3.245
2004-07-20,28.007,4.117,78.79,2.713
2004-07-21,26.607,22.361,86.6,1.451
2004-07-22,26.893,13.747,85.78,0.287
2004-07-23,25.486,13.503,89.63,1.213
2004-07-24,25.345,9.398,89.5,1.645
2004-07-25,25.941,4.607,88.07,1.301
2004-07-26,26.003,10.968,87.28,1.025
2004-07-27,25.46,6.87,88.04,1.416
2004-07-28,25.481,6.045,89.12,1.878
2004-07-29,25.091,12.558,91.03,1.479
2004-07-30,25.398,7.968,89.87,0.937
2004-07-31,26.095,5.68,84.13,1.147
2004-08-01,26.082,5.714,84.75,0.229
2004-08-02,25.447,10.748,89.39,1.635
2004-08-03,25.588,7.923,88.75,2.967
2004-08-04,25.462,6.284,90.15,3.056
2004-08-05,25.226,12.461,91.69,2.218
2004-08-06,25.426,13.45,91.89,1.601
2004-08-07,25.213,8.601,90.79,1.957
2004-08-08,25.255,9.254,87.72,2.675
2004-08-09,25.151,7.254,87.38,1.77
2004-08-10,24.969,11.595,90.65,1.153
2004-08-11,24.956,10.777,91.79,0.886
2004-08-12,25.041,23.814,90.49,1.634
2004-08-13,24.995,10.958,90.4,1.973
2004-08-14,25.567,7.02,88.1,1.376
2004-08-15,25.711,10.616,88.59,0.995
2004-08-16,25.488,19.683,90.54,0.516
2004-08-17,25.237,15.145,92.0,0.591
2004-08-18,25.551,13.612,90.96,1.234
2004-08-19,25.073,18.256,92.09,1.684
2004-08-20,24.604,26.264,96.53,1.437
2004-08-21,25.169,7.6,93.43,2.201
2004-08-22,25.585,8.482,91.12,1.702
2004-08-23,26.162,6.383,87.22,1.146
2004-08-24,26.89,3.744,82.38,1.479
2004-08-25,27.615,1.57,78.37,1.621
2004-08-26,27.132,4.027,82.1,1.699
2004-08-27,26.824,8.593,84.05,1.633
2004-08-28,26.79,13.31,85.06,0.981
2004-08-29,26.33,13.132,88.06,0.958
2004-08-30,27.287,6.486,84.11,1.071
2004-08-31,27.003,6.73,85.33,1.008
2004-09-01,27.243,8.613,84.31,0.385
2004-09-02,26.804,9.141,86.52,0.575
2004-09-03,26.786,10.305,85.79,0.7
2004-09-04,27.023,5.157,82.52,0.541
2004-09-05,26.541,7.335,85.08,1.155
2004-09-06,26.534,1.858,83.7,1.754
2004-09-07,27.139,0.285,78.73,1.975
2004-09-08,28.196,0.57,78.09,1.515
2004-09-09,27.604,6.332,83.9,0.476
2004-09-10,25.755,14.337,89.39,0.964
2004-09-11,24.178,18.052,94.6,1.625
2004-09-12,25.397,7.397,87.66,2.102
2004-09-13,25.999,2.69,79.54,3.342
2004-09-14,23.847,13.605,81.86,4.156
2004-09-15,23.771,9.608,88.98,3.037
2004-09-16,23.992,2.759,89.69,2.415
2004-09-17,24.736,4.131,88.98,0.426
2004-09-18,24.335,15.109,92.87,1.627
2004-09-19,24.226,10.623,93.27,1.853
2004-09-20,24.766,9.377,90.4,1.692
2004-09-21,24.962,5.228,88.69,1.401
2004-09-22,25.445,4.803,85.15,1.464
2004-09-23,26.069,2.851,82.67,1.323
2004-09-24,25.647,10.614,87.19,1.017
2004-09-25,25.83,4.689,85.88,1.092
2004-09-26,26.216,2.877,84.7,0.796
2004-09-27,25.839,7.796,87.74,0.613
2004-09-28,26.021,4.355,85.49,0.927
2004-09-29,25.282,13.081,90.04,1.009
2004-09-30,26.394,2.627,84.71,0.776
2004-10-01,25.519,6.806,87.56,0.265
2004-10-02,25.178,4.948,86.81,1.203
2004-10-03,23.973,11.053,92.45,2.072
2004-10-04,23.502,12.194,96.32,1.589
2004-10-05,23.883,15.761,94.59,1.723
2004-10-06,23.932,28.726,94.68,1.751
2004-10-07,25.039,2.703,87.08,2.039
2004-10-08,24.808,0.619,82.68,0.05
2004-10-09,25.127,1.033,85.17,0.772
2004-10-10,25.22,0.635,83.95,0.641
2004-10-11,25.01,0.313,81.12,0.731
2004-10-12,24.707,0.02,79.18,0.526
2004-10-13,24.704,0.82,82.35,0.718
2004-10-14,24.205,3.654,85.89,1.285
2004-10-15,23.839,0.629,81.61,1.933
2004-10-16,23.323,0.016,71.55,1.585
2004-10-17,22.267,0.001,66.41,1.399
2004-10-18,22.081,0.002,67.25,0.976
2004-10-19,22.274,0.0,73.68,0.583
2004-10-20,23.275,0.008,74.61,0.585
2004-10-21,23.858,0.036,75.1,0.434
2004-10-22,23.951,0.207,75.77,0.24
2004-10-23,23.404,0.25,74.67,0.247
2004-10-24,23.172,0.229,72.34,0.755
2004-10-25,23.361,0.026,67.95,1.011
2004-10-26,23.161,0.063,69.68,0.866
2004-10-27,23.02,0.324,73.99,0.172
2004-10-28,22.854,0.668,77.43,0.204
2004-10-29,22.518,1.019,78.31,0.622
2004-10-30,22.352,0.066,77.5,0.953
2004-10-31,22.234,0.001,67.69,1.828
2004-11-01,21.675,0.0,59.77,1.607
2004-11-02,21.042,0.0,55.47,1.685
2004-11-03,20.067,0.002,51.35,1.661
2004-11-04,19.58,0.002,52.45,1.493
2004-11-05,19.868,0.0,56.66,1.099
2004-11-06,20.386,0.002,61.82,0.648
2004-11-07,20.896,0.001,64.14,0.29
2004-11-08,21.643,0.001,63.62,0.461
2004-11-09,22.225,0.001,65.19,0.189
2004-11-10,22.399,0.013,69.77,0.209
2004-11-11,22.556,0.008,71.13,0.241
2004-11-12,22.657,0.005,71.14,0.532
2004-11-13,22.813,0.097,72.13,0.162
2004-11-14,22.522,0.032,67.26,0.82
2004-11-15,21.741,0.0,54.73,0.539
2004-11-16,21.361,0.001,50.39,0.908
2004-11-17,21.229,0.0,54.53,0.815
2004-11-18,21.095,0.001,57.61,0.579
2004-11-19,21.176,0.0,59.39,0.767
2004-11-20,21.196,0.001,59.05,0.829
2004-11-21,20.989,0.001,61.15,0.388
2004-11-22,21.262,0.0,62.64,0.165
2004-11-23,21.711,0.0,63.78,0.095
2004-11-24,21.656,0.007,66.26,0.556
2004-11-25,21.166,0.032,66.79,1.173
2004-11-26,20.84,0.006,66.75,1.246
2004-11-27,20.876,0.006,62.41,1.289
2004-11-28,20.547,0.001,59.33,1.704
2004-11-29,20.464,0.001,59.39,1.542
2004-11-30,20.573,0.002,60.0,0.86
2004-12-01,20.269,0.001,58.79,0.891
2004-12-02,20.194,0.002,59.44,1.398
2004-12-03,19.532,0.0,60.08,2.059
2004-12-04,19.521,0.002,59.31,1.672
2004-12-05,19.377,-0.0,58.92,1.099
2004-12-06,19.602,0.0,57.64,0.943
2004-12-07,19.295,0.0,60.28,1.097
2004-12-08,19.693,0.001,61.98,1.116
2004-12-09,20.082,0.0,65.53,0.963
2004-12-10,19.832,0.001,62.81,1.085
2004-12-11,19.869,0.001,61.05,1.134
2004-12-12,20.722,0.001,64.25,1.308
2004-12-13,20.367,0.001,64.37,1.29
2004-12-14,19.765,0.0,66.46,0.665
2004-12-15,19.741,0.002,66.21,0.373
2004-12-16,19.884,0.0,62.69,0.611
2004-12-17,19.849,0.0,60.86,0.513
2004-12-18,20.171,0.002,64.1,0.112
2004-12-19,20.313,0.062,68.57,0.814
2004-12-20,20.617,0.078,71.19,1.182
2004-12-21,20.965,0.004,62.9,0.885
2004-12-22,20.472,0.001,64.89,0.507
2004-12-23,20.728,0.005,69.2,0.467
2004-12-24,20.826,0.131,72.5,0.638
2004-12-25,20.041,1.062,77.75,1.196
2004-12-26,18.753,0.106,65.96,0.956
2004-12-27,16.113,0.002,55.8,1.368
2004-12-28,16.064,0.001,54.31,1.359
2004-12-29,16.78,0.002,53.03,0.897
2004-12-30,17.368,0.003,56.63,0.051
2004-12-31,17.889,0.001,62.94,0.235
2005-01-01,18.953,0.001,68.24,0.835
2005-01-02,19.538,0.001,69.31,0.272
2005-01-03,20.607,0.001,66.64,0.319
2005-01-04,20.326,0.001,68.47,1.178
2005-01-05,19.933,0.001,66.63,1.272
2005-01-06,19.289,0.001,62.32,0.818
2005-01-07,20.017,0.0,59.23,0.733
2005-01-08,19.452,0.008,61.24,0.504
2005-01-09,18.451,0.001,61.68,0.244
2005-01-10,20.028,0.239,58.13,1.09
2005-01-11,20.17,2.384,81.61,0.379
2005-01-12,18.087,0.003,65.14,1.534
2005-01-13,17.923,0.002,61.56,0.595
2005-01-14,17.997,0.001,61.62,0.24
2005-01-15,18.88,0.002,56.73,0.469
2005-01-16,19.152,0.001,60.32,0.368
2005-01-17,20.374,0.081,68.47,1.487
2005-01-18,19.694,0.515,73.32,0.78
2005-01-19,18.648,0.06,62.37,1.507
2005-01-20,17.228,0.001,56.55,0.687
2005-01-21,16.627,0.001,54.5,1.133
2005-01-22,17.058,0.0,51.74,0.916
2005-01-23,19.301,0.6,53.52,0.93
2005-01-24,18.923,0.035,64.94,1.371
2005-01-25,18.361,0.0,60.68,1.166
2005-01-26,18.704,0.0,64.59,0.059
2005-01-27,20.502,0.126,70.5,0.497
2005-01-28,19.487,5.435,87.02,0.624
2005-01-29,19.217,0.421,74.96,0.595
2005-01-30,18.515,0.765,75.58,1.625
2005-01-31,19.524,0.383,69.29,1.591
2005-02-01,16.552,4.961,88.79,1.441
2005-02-02,16.93,0.001,57.32,1.532
2005-02-03,16.97,0.001,56.2,0.866
2005-02-04,17.285,0.0,58.44,0.069
2005-02-05,19.191,0.0,61.04,0.688
2005-02-06,21.698,0.037,60.33,0.709
2005-02-07,22.155,0.25,65.27,0.541
2005-02-08,22.462,0.014,61.96,0.338
2005-02-09,23.264,0.001,60.69,1.121
2005-02-10,23.228,0.001,53.89,0.655
2005-02-11,23.319,0.0,46.42,0.737
2005-02-12,24.778,0.043,46.2,1.516
2005-02-13,26.381,0.0,37.1,3.186
2005-02-14,24.713,0.0,29.41,2.612
2005-02-15,25.244,0.001,38.96,1.691
2005-02-16,26.119,0.001,39.31,1.939
2005-02-17,25.906,0.001,48.22,1.041
2005-02-18,26.343,0.062,54.4,0.683
2005-02-19,26.209,0.626,58.76,0.615
2005-02-20,26.772,0.206,50.91,0.27
2005-02-21,25.645,0.0,41.18,0.874
2005-02-22,23.38,0.003,50.32,0.71
2005-02-23,24.161,0.002,55.38,0.568
2005-02-24,23.287,0.001,51.51,0.891
2005-02-25,23.855,0.0,43.43,0.467
2005-02-26,24.476,0.0,37.74,0.648
2005-02-27,24.479,0.003,37.96,0.687
2005-02-28,25.419,0.001,39.84,0.671
2005-03-01,26.782,0.001,37.59,0.442
2005-03-02,27.722,0.001,38.24,1.245
2005-03-03,28.578,0.009,38.0,0.876
2005-03-04,28.504,0.032,41.62,0.534
2005-03-05,28.228,0.562,44.22,0.55
2005-03-06,27.968,0.149,40.59,1.595
2005-03-07,27.818,0.281,43.34,1.342
2005-03-08,27.035,0.086,47.31,0.109
2005-03-09,26.154,0.233,55.25,0.665
2005-03-10,26.873,0.769,52.82,1.135
2005-03-11,24.175,21.79,68.16,0.702
2005-03-12,21.557,11.363,82.39,0.587
2005-03-13,22.447,1.312,69.21,0.608
2005-03-14,22.678,1.993,63.06,0.591
2005-03-15,24.509,0.105,62.49,1.263
2005-03-16,24.928,0.956,73.12,1.853
2005-03-17,25.853,0.437,71.35,1.621
2005-03-18,26.945,0.007,61.18,1.249
2005-03-19,27.498,0.246,57.42,1.716
2005-03-20,28.445,0.007,45.17,2.148
2005-03-21,28.859,0.009,45.38,1.056
2005-03-22,29.484,1.154,48.71,2.198
2005-03-23,26.431,9.306,68.65,1.355
2005-03-24,23.901,20.379,82.39,1.281
2005-03-25,24.34,0.291,69.26,0.686
2005-03-26,25.67,0.007,54.95,0.992
2005-03-27,27.267,0.024,54.24,2.49
2005-03-28,28.179,0.009,54.05,3.418
2005-03-29,27.992,0.141,61.96,1.063
2005-03-30,27.163,2.137,70.99,1.928
2005-03-31,25.653,3.608,76.86,0.6
2005-04-01,26.553,0.479,67.21,0.77
2005-04-02,26.557,0.782,65.6,1.191
2005-04-03,26.787,2.326,63.28,1.292
2005-04-04,27.347,0.09,56.23,0.963
2005-04-05,27.725,0.052,60.48,1.926
2005-04-06,27.933,0.011,57.8,2.795
2005-04-07,27.959,0.002,56.15,2.768
2005-04-08,28.407,0.002,56.23,2.653
2005-04-09,28.943,0.056,62.04,2.683
2005-04-10,29.056,3.097,65.6,1.912
2005-04-11,28.7,2.625,66.96,0.899
2005-04-12,28.178,0.004,48.09,0.178
2005-04-13,28.51,0.001,49.26,0.623
2005-04-14,28.96,0.0,44.94,0.622
2005-04-15,30.116,0.0,49.26,1.529
2005-04-16,31.201,0.458,48.04,1.842
2005-04-17,31.469,0.0,41.85,0.908
2005-04-18,30.323,0.697,54.14,1.165
2005-04-19,28.58,9.64,62.29,0.771
2005-04-20,28.89,0.52,58.26,1.214
2005-04-21,29.865,0.18,51.98,1.826
2005-04-22,30.17,0.395,54.88,1.566
2005-04-23,30.448,0.32,56.04,1.697
2005-04-24,30.891,1.2,55.6,0.619
2005-04-25,29.262,1.212,55.93,0.751
2005-04-26,29.785,0.483,45.45,1.205
2005-04-27,30.74,0.022,39.51,1.604
2005-04-28,30.452,0.675,42.17,1.487
2005-04-29,29.709,0.877,51.18,1.555
2005-04-30,27.978,1.077,60.86,1.299
2005-05-01,27.017,5.801,67.42,1.242
2005-05-02,26.573,6.913,68.44,1.08
2005-05-03,27.815,3.018,63.98,1.057
2005-05-04,28.13,2.772,60.78,1.274
2005-05-05,28.876,1.764,54.89,1.506
2005-05-06,28.552,1.146,56.57,1.251
2005-05-07,28.717,2.351,64.24,1.46
2005-05-08,29.876,1.362,61.46,0.707
2005-05-09,31.228,0.091,53.89,0.454
2005-05-10,31.698,0.189,53.58,1.1
2005-05-11,31.679,0.025,46.25,0.529
2005-05-12,31.136,0.941,55.4,1.525
2005-05-13,31.994,0.26,45.08,2.103
2005-05-14,32.618,0.227,47.41,2.326
2005-05-15,33.012,0.0,35.96,1.023
2005-05-16,32.894,0.264,47.95,2.26
2005-05-17,32.67,0.725,56.53,2.195
2005-05-18,31.253,6.589,64.31,1.969
2005-05-19,30.531,19.508,69.13,1.217
2005-05-20,29.875,8.784,70.91,2.213
2005-05-21,30.815,1.166,65.39,2.538
2005-05-22,31.984,0.144,59.97,0.864
2005-05-23,31.677,0.611,65.2,1.31
2005-05-24,31.407,7.327,69.0,1.237
2005-05-25,31.999,0.393,64.11,1.339
2005-05-26,32.295,0.182,58.58,1.788
2005-05-27,31.923,1.398,61.54,1.881
2005-05-28,31.445,1.453,61.28,1.883
2005-05-29,30.867,0.876,64.0,2.133
2005-05-30,31.243,0.24,59.3,2.036
2005-05-31,32.501,0.073,50.95,1.813
2005-06-01,33.11,0.78,51.67,1.772
2005-06-02,33.476,0.019,44.4,1.564
2005-06-03,32.996,0.529,47.66,2.078
2005-06-04,32.733,1.503,53.98,1.747
2005-06-05,31.571,4.086,68.16,2.253
2005-06-06,31.508,1.354,69.08,1.954
2005-06-07,30.952,3.965,70.29,1.256
2005-06-08,32.201,0.896,59.67,1.426
2005-06-09,31.974,0.833,60.73,1.125
2005-06-10,32.435,0.279,55.87,1.028
2005-06-11,32.963,0.102,52.61,1.226
2005-06-12,33.24,0.028,56.27,1.346
2005-06-13,33.243,0.048,56.55,0.736
2005-06-14,33.11,0.202,57.56,1.379
2005-06-15,34.177,0.264,45.43,0.767
2005-06-16,35.283,0.014,37.92,1.041
2005-06-17,35.42,0.032,37.19,1.145
2005-06-18,34.635,0.567,43.42,1.591
2005-06-19,33.945,0.711,47.86,1.667
2005-06-20,30.443,4.556,68.78,2.083
2005-06-21,29.285,3.381,76.18,1.861
2005-06-22,29.778,1.339,70.14,1.73
2005-06-23,29.347,11.394,75.29,1.094
2005-06-24,28.597,20.219,81.08,1.066
2005-06-25,27.871,9.484,82.19,1.115
2005-06-26,26.609,11.913,86.37,1.518
2005-06-27,26.068,35.328,89.01,1.842
2005-06-28,25.299,30.747,90.57,2.891
2005-06-29,25.278,24.954,88.73,3.324
2005-06-30,26.719,4.725,81.58,2.331
2005-07-01,26.351,13.679,85.98,1.761
2005-07-02,25.424,37.811,91.31,1.856
2005-07-03,25.927,16.4,88.17,2.083
2005-07-04,26.577,4.783,81.61,2.067
2005-07-05,26.054,9.78,86.23,1.456
2005-07-06,26.007,16.132,88.78,0.244
2005-07-07,26.223,9.807,87.05,0.767
2005-07-08,26.469,2.608,85.72,1.626
2005-07-09,26.706,2.973,85.86,1.027
2005-07-10,26.447,11.647,88.58,1.453
2005-07-11,26.714,8.199,86.11,2.014
2005-07-12,26.395,6.857,87.1,1.916
2005-07-13,25.942,8.057,88.52,1.656
2005-07-14,25.937,13.165,89.88,2.128
2005-07-15,25.823,13.987,89.94,2.535
2005-07-16,26.523,0.909,81.85,2.315
2005-07-17,26.995,2.009,82.42,1.797
2005-07-18,27.586,0.596,79.07,1.966
2005-07-19,28.331,1.865,78.32,1.867
2005-07-20,27.445,11.313,84.92,1.469
2005-07-21,27.757,8.608,84.61,1.186
2005-07-22,27.104,8.453,85.79,0.503
2005-07-23,26.263,14.926,88.29,0.976
2005-07-24,26.074,10.073,88.29,1.879
2005-07-25,25.86,10.793,89.63,2.75
2005-07-26,25.574,11.971,92.81,1.967
2005-07-27,25.603,14.632,92.63,0.71
2005-07-28,25.636,19.607,90.81,0.946
2005-07-29,24.544,33.757,95.35,2.248
2005-07-30,24.885,20.915,95.03,1.382
2005-07-31,25.593,4.354,90.62,1.394
2005-08-01,26.241,14.435,87.54,0.696
2005-08-02,26.527,4.775,85.05,1.66
2005-08-03,25.214,24.103,93.81,1.228
2005-08-04,25.167,9.036,92.36,1.33
2005-08-05,25.984,1.057,82.31,3.11
2005-08-06,25.321,32.077,84.96,3.383
2005-08-07,25.865,10.598,87.64,2.253
2005-08-08,27.455,2.235,82.12,1.608
2005-08-09,27.931,1.395,78.6,1.526
2005-08-10,28.083,0.391,75.5,1.786
2005-08-11,27.954,0.599,75.84,1.42
2005-08-12,27.905,7.814,79.72,0.788
2005-08-13,27.116,16.584,85.77,0.531
2005-08-14,26.479,28.977,89.26,0.656
2005-08-15,25.351,11.389,91.47,0.814
2005-08-16,26.213,5.358,87.05,1.217
2005-08-17,26.545,10.368,86.08,0.779
2005-08-18,27.071,8.144,84.88,0.578
2005-08-19,26.044,12.035,88.76,0.905
2005-08-20,25.357,5.611,87.6,2.501
2005-08-21,26.329,7.531,84.65,2.509
2005-08-22,26.438,10.612,84.3,2.55
2005-08-23,26.622,8.106,83.43,2.542
2005-08-24,26.681,6.737,84.65,2.255
2005-08-25,26.928,11.668,83.86,1.397
2005-08-26,26.819,12.109,85.32,0.968
2005-08-27,26.329,6.15,85.6,1.105
2005-08-28,26.67,13.165,84.83,0.951
2005-08-29,27.684,5.302,81.38,0.971
2005-08-30,28.484,0.595,76.08,0.75
2005-08-31,28.719,1.138,76.18,0.477
2005-09-01,28.068,5.208,82.11,0.808
2005-09-02,27.758,4.364,81.65,1.077
2005-09-03,26.167,5.829,86.63,1.169
2005-09-04,26.795,1.111,81.82,1.816
2005-09-05,27.23,2.437,82.62,1.404
2005-09-06,27.103,3.103,81.35,0.9
2005-09-07,26.596,4.019,84.67,1.361
2005-09-08,25.63,9.602,89.55,1.758
2005-09-09,25.221,8.906,91.26,1.431
2005-09-10,24.389,9.685,92.99,2.006
2005-09-11,24.117,16.905,94.64,2.707
2005-09-12,24.203,19.931,95.15,4.125
2005-09-13,24.054,27.219,96.2,3.629
2005-09-14,24.092,13.35,95.5,2.039
2005-09-15,25.256,10.92,89.02,0.206
2005-09-16,26.694,1.369,80.84,2.142
2005-09-17,26.054,18.088,81.3,2.912
2005-09-18,24.257,25.072,94.65,3.617
2005-09-19,24.981,10.145,91.03,2.613
2005-09-20,25.11,6.703,87.71,2.759
2005-09-21,24.737,14.259,89.62,2.43
2005-09-22,25.61,3.985,86.34,1.905
2005-09-23,26.328,5.048,84.76,1.619
2005-09-24,27.08,2.942,81.93,1.654
2005-09-25,27.198,0.375,78.18,1.651
2005-09-26,26.69,2.658,82.68,0.887
2005-09-27,27.005,0.236,77.99,1.101
2005-09-28,26.928,3.533,83.2,0.647
2005-09-29,26.054,11.781,86.59,0.344
2005-09-30,25.706,4.803,87.4,0.626
2005-10-01,25.137,6.793,89.0,1.302
2005-10-02,24.975,1.462,88.64,1.292
2005-10-03,25.182,8.054,87.96,1.013
2005-10-04,25.562,4.867,85.36,0.69
2005-10-05,25.479,2.643,84.74,0.418
2005-10-06,25.908,0.541,80.07,0.199
2005-10-07,25.547,2.094,82.28,0.104
2005-10-08,25.521,0.495,79.39,0.349
2005-10-09,25.465,0.868,81.3,0.328
2005-10-10,25.668,1.616,83.17,0.557
2005-10-11,25.258,5.033,85.66,0.823
2005-10-12,24.474,11.849,90.04,0.36
2005-10-13,24.911,8.061,87.39,0.154
2005-10-14,25.414,0.138,80.85,0.344
2005-10-15,25.593,1.329,83.09,0.209
2005-10-16,24.672,7.591,87.73,0.821
2005-10-17,24.409,9.224,88.57,0.876
2005-10-18,23.24,19.371,93.99,1.318
2005-10-19,22.913,27.415,95.55,1.494
2005-10-20,22.758,19.923,96.87,0.999
2005-10-21,23.255,9.8,93.82,0.346
2005-10-22,22.733,37.084,96.13,0.305
2005-10-23,21.685,30.71,94.86,0.304
2005-10-24,22.961,5.22,89.38,0.422
2005-10-25,23.51,0.715,85.57,1.154
2005-10-26,23.546,2.631,85.84,1.326
2005-10-27,24.386,0.323,79.45,2.294
2005-10-28,23.885,1.541,84.53,2.144
2005-10-29,23.927,0.357,81.96,1.564
2005-10-30,23.415,3.992,84.97,0.955
2005-10-31,23.636,0.139,79.35,0.605
2005-11-01,22.629,0.734,81.08,1.244
2005-11-02,22.604,0.325,78.69,1.111
2005-11-03,22.647,0.152,78.31,1.036
2005-11-04,22.532,0.41,78.78,1.207
2005-11-05,21.822,0.0,69.95,1.534
2005-11-06,20.988,0.002,64.8,1.617
2005-11-07,20.374,0.003,63.9,1.46
2005-11-08,20.727,0.0,70.02,1.059
2005-11-09,21.288,0.001,74.1,1.269
2005-11-10,20.604,0.001,69.66,1.59
2005-11-11,19.882,-0.0,68.4,1.1
2005-11-12,19.783,0.001,66.1,0.856
2005-11-13,20.299,0.0,61.57,1.057
2005-11-14,20.263,0.0,61.65,1.235
2005-11-15,20.158,0.0,62.91,1.411
2005-11-16,19.893,0.0,61.71,0.905
2005-11-17,19.716,0.003,59.95,0.99
2005-11-18,19.921,0.001,57.64,0.388
2005-11-19,19.795,0.002,61.9,0.391
2005-11-20,19.425,0.002,62.83,0.597
2005-11-21,19.232,0.001,65.12,0.423
2005-11-22,19.57,0.0,64.4,0.491
2005-11-23,19.71,0.0,65.0,0.283
2005-11-24,20.049,0.0,65.13,0.361
2005-11-25,20.107,0.0,67.67,0.831
2005-11-26,19.453,0.002,66.0,1.029
2005-11-27,18.902,0.0,59.27,1.446
2005-11-28,18.965,0.002,59.05,1.808
2005-11-29,19.525,0.002,62.13,1.16
2005-11-30,19.012,0.001,58.79,0.719
2005-12-01,19.586,0.001,57.27,0.956
2005-12-02,19.944,0.001,61.67,1.269
2005-12-03,20.36,0.002,63.7,1.324
2005-12-04,20.33,0.001,55.57,1.308
2005-12-05,18.271,0.0,48.75,1.276
2005-12-06,17.27,0.001,52.97,1.641
2005-12-07,17.212,0.002,54.0,1.608
2005-12-08,17.636,0.003,54.85,1.432
2005-12-09,17.724,0.003,60.77,1.228
2005-12-10,18.011,0.0,61.91,1.334
2005-12-11,17.732,0.001,59.34,1.729
2005-12-12,16.927,0.001,55.22,1.896
2005-12-13,16.303,0.001,49.34,1.927
2005-12-14,15.989,0.001,49.12,1.687
2005-12-15,16.347,0.0,52.83,1.514
2005-12-16,17.292,0.001,64.69,1.26
2005-12-17,17.776,0.001,67.39,1.15
2005-12-18,17.959,0.003,64.85,1.17
2005-12-19,18.258,0.003,60.6,1.126
2005-12-20,19.043,0.009,61.56,1.145
2005-12-21,19.397,1.153,68.19,1.321
2005-12-22,16.174,13.054,91.22,1.64
2005-12-23,18.301,0.02,77.12,1.562
2005-12-24,18.417,0.002,70.9,1.455
2005-12-25,16.903,0.14,66.6,1.974
2005-12-26,15.815,0.001,55.31,1.021
2005-12-27,16.405,0.001,59.46,0.304
2005-12-28,16.925,0.0,64.55,0.266
2005-12-29,17.844,0.002,65.27,0.396
2005-12-30,17.792,0.001,66.11,0.678
2005-12-31,17.584,0.0,62.88,0.986
2006-01-01,17.014,0.001,58.08,1.406
2006-01-02,17.114,0.001,60.58,0.763
2006-01-03,17.609,0.002,62.34,0.689
2006-01-04,18.473,0.0,56.67,1.418
2006-01-05,18.303,0.0,61.19,1.397
2006-01-06,17.188,0.001,48.15,1.354
2006-01-07,17.361,0.057,48.82,1.204
2006-01-08,18.334,0.001,50.09,1.106
2006-01-09,17.957,0.001,46.67,1.255
2006-01-10,17.282,0.001,54.17,0.771
2006-01-11,17.727,0.001,59.07,0.367
2006-01-12,17.89,0.001,63.05,0.243
2006-01-13,18.936,0.0,65.88,0.608
2006-01-14,20.617,0.0,59.58,0.507
2006-01-15,19.374,0.003,58.55,0.323
2006-01-16,20.009,0.004,53.93,0.58
2006-01-17,20.9,0.008,53.7,0.8
2006-01-18,22.644,0.001,49.62,1.647
2006-01-19,22.037,0.0,52.51,0.976
2006-01-20,22.086,0.001,52.73,0.812
2006-01-21,21.842,0.0,49.79,0.555
2006-01-22,20.746,0.0,56.45,0.451
2006-01-23,20.28,0.466,56.62,0.673
2006-01-24,16.457,2.739,72.92,1.46
2006-01-25,16.67,0.0,44.25,1.677
2006-01-26,16.737,0.0,44.94,1.543
2006-01-27,17.097,0.001,47.97,1.521
2006-01-28,17.866,0.002,48.82,1.192
2006-01-29,19.038,0.001,46.88,0.472
2006-01-30,19.72,0.001,49.09,0.421
2006-01-31,20.313,0.001,51.38,0.419
2006-02-01,20.724,0.002,55.02,0.096
2006-02-02,21.45,0.001,56.06,0.066
2006-02-03,21.969,0.002,54.54,0.285
2006-02-04,21.753,0.001,40.0,0.867
2006-02-05,21.252,0.002,39.56,0.638
2006-02-06,21.095,0.001,43.19,0.294
2006-02-07,21.281,0.0,49.23,1.056
2006-02-08,21.662,0.0,50.23,0.637
2006-02-09,21.893,0.002,51.17,0.55
2006-02-10,22.144,0.054,45.55,0.4
2006-02-11,21.697,0.001,45.89,0.76
2006-02-12,22.108,0.0,47.81,0.737
2006-02-13,23.239,0.001,46.32,0.655
2006-02-14,24.046,0.0,42.02,0.751
2006-02-15,25.803,0.002,37.51,1.808
2006-02-16,26.794,0.001,39.51,2.354
2006-02-17,25.425,0.003,44.02,0.393
2006-02-18,25.64,-0.0,47.9,0.377
2006-02-19,26.256,0.002,45.95,0.38
2006-02-20,25.992,0.007,47.82,0.553
2006-02-21,26.151,0.002,40.67,0.334
2006-02-22,26.254,0.003,37.17,0.401
2006-02-23,27.145,0.0,34.98,0.45
2006-02-24,26.909,0.0,32.86,0.516
2006-02-25,27.056,0.002,33.86,0.502
2006-02-26,27.333,0.0,31.41,0.583
2006-02-27,28.244,0.004,30.96,1.117
2006-02-28,28.015,0.001,36.17,0.346
2006-03-01,27.033,0.055,47.32,0.487
2006-03-02,25.504,1.153,57.48,0.635
2006-03-03,25.204,0.139,53.93,0.876
2006-03-04,24.879,4.038,64.47,0.669
2006-03-05,23.859,7.488,76.34,0.98
2006-03-06,25.026,0.55,65.04,0.812
2006-03-07,25.532,1.294,64.52,0.856
2006-03-08,26.001,0.886,62.67,0.518
2006-03-09,26.098,2.274,62.44,0.475
2006-03-10,26.01,0.703,60.04,0.688
2006-03-11,21.594,1.406,73.07,0.395
2006-03-12,23.234,0.187,61.25,1.376
2006-03-13,24.988,0.089,54.27,0.218
2006-03-14,25.595,0.005,53.55,0.893
2006-03-15,24.93,4.979,63.8,1.187
2006-03-16,23.782,7.538,73.65,0.694
2006-03-17,24.066,1.677,65.7,0.871
2006-03-18,24.448,0.001,43.0,1.14
2006-03-19,23.971,0.002,39.0,0.735
2006-03-20,24.407,0.0,42.97,0.621
2006-03-21,26.868,0.0,40.64,0.873
2006-03-22,27.296,0.007,41.51,1.078
2006-03-23,26.351,0.002,34.29,0.921
2006-03-24,26.925,0.001,36.65,0.844
2006-03-25,29.154,0.002,35.05,1.463
2006-03-26,30.567,0.001,32.16,1.034
2006-03-27,29.998,0.001,37.53,0.436
2006-03-28,28.127,0.08,42.22,0.493
2006-03-29,27.372,1.405,51.7,1.096
2006-03-30,27.494,0.62,49.77,1.287
2006-03-31,27.967,0.001,41.26,0.683
2006-04-01,28.362,0.005,45.32,1.67
2006-04-02,29.064,0.557,45.31,2.363
2006-04-03,29.692,0.302,50.91,1.979
2006-04-04,29.877,0.342,51.8,1.673
2006-04-05,29.943,0.082,48.48,0.908
2006-04-06,29.681,0.58,53.77,1.891
2006-04-07,29.915,0.493,53.12,2.272
2006-04-08,29.965,1.222,59.37,2.73
2006-04-09,29.752,1.424,63.65,2.71
2006-04-10,30.857,0.066,54.33,2.942
2006-04-11,31.704,0.1,46.78,1.849
2006-04-12,31.985,0.536,45.92,1.642
2006-04-13,30.622,2.107,56.15,2.015
2006-04-14,30.241,0.866,57.16,1.164
2006-04-15,29.915,1.156,52.49,1.296
2006-04-16,29.42,1.236,55.16,1.811
2006-04-17,25.037,1.136,63.19,1.631
2006-04-18,25.835,2.214,60.65,0.65
2006-04-19,26.682,1.478,60.36,0.234
2006-04-20,27.178,0.107,54.89,0.611
2006-04-21,28.923,0.041,46.49,2.002
2006-04-22,29.339,0.669,46.31,0.969
2006-04-23,29.641,0.451,48.88,1.167
2006-04-24,29.864,0.335,48.91,0.89
2006-04-25,30.004,0.8,56.52,1.817
2006-04-26,29.349,2.238,61.83,1.738
2006-04-27,28.893,1.531,64.67,1.867
2006-04-28,28.12,1.892,67.26,1.022
2006-04-29,29.533,0.162,55.7,0.351
2006-04-30,29.544,1.415,60.62,1.276
2006-05-01,29.855,0.214,61.16,2.025
2006-05-02,29.915,0.768,62.62,2.422
2006-05-03,30.071,1.185,61.03,2.317
2006-05-04,29.769,0.96,61.81,1.953
2006-05-05,30.12,1.689,61.3,2.142
2006-05-06,31.112,1.217,57.09,2.564
2006-05-07,29.259,9.463,66.4,1.989
2006-05-08,29.467,0.721,71.25,1.273
2006-05-09,30.409,1.072,65.72,0.779
2006-05-10,30.052,4.487,67.46,0.968
2006-05-11,30.694,0.354,68.75,2.386
2006-05-12,29.604,11.372,72.52,1.715
2006-05-13,29.517,5.449,74.36,2.154
2006-05-14,28.873,16.594,76.47,0.963
2006-05-15,27.72,4.724,80.35,1.226
2006-05-16,26.345,6.424,82.84,0.749
2006-05-17,27.493,0.751,73.75,0.932
2006-05-18,28.453,0.048,66.79,0.985
2006-05-19,29.052,1.082,65.31,1.327
2006-05-20,27.627,11.609,76.72,0.841
2006-05-21,28.634,4.259,73.65,0.258
2006-05-22,27.563,11.291,81.14,0.898
2006-05-23,27.081,17.446,84.12,0.947
2006-05-24,27.578,12.062,82.5,0.472
2006-05-25,28.471,0.453,74.94,0.907
2006-05-26,28.182,2.952,77.22,1.029
2006-05-27,27.721,4.873,79.89,1.501
2006-05-28,27.79,3.156,79.3,2.083
2006-05-29,28.189,6.208,81.1,2.03
2006-05-30,30.252,0.146,71.86,2.988
2006-05-31,30.126,0.495,70.26,2.571
2006-06-01,29.757,4.47,73.59,1.573
2006-06-02,29.047,5.624,76.32,0.891
2006-06-03,28.466,7.996,78.15,1.106
2006-06-04,27.269,13.97,81.08,1.353
2006-06-05,26.697,24.14,84.72,0.737
2006-06-06,24.758,97.732,94.04,1.547
2006-06-07,25.558,37.06,89.96,1.832
2006-06-08,27.152,5.852,76.48,2.083
2006-06-09,27.0,3.658,74.47,1.866
2006-06-10,29.454,0.151,73.35,2.347
2006-06-11,30.623,0.003,66.67,2.73
2006-06-12,30.893,0.042,65.72,2.288
2006-06-13,30.487,0.631,69.22,1.756
2006-06-14,30.343,5.811,73.4,1.272
2006-06-15,29.577,4.697,77.28,1.695
2006-06-16,30.128,1.134,74.74,1.772
2006-06-17,30.256,2.923,74.62,0.985
2006-06-18,30.069,0.619,73.39,0.561
2006-06-19,30.15,0.153,69.33,1.024
2006-06-20,28.983,3.067,75.38,1.432
2006-06-21,25.884,9.599,88.06,1.729
2006-06-22,25.985,6.31,87.66,2.168
2006-06-23,25.625,6.29,90.32,1.46
2006-06-24,26.237,7.338,86.55,1.56
2006-06-25,26.676,8.172,84.87,1.696
2006-06-26,27.279,2.175,82.15,1.719
2006-06-27,27.232,5.888,83.55,1.242
2006-06-28,27.54,5.505,83.12,1.054
2006-06-29,27.378,8.919,85.74,0.532
2006-06-30,27.531,13.542,84.44,1.43
2006-07-01,27.097,32.241,88.3,2.875
2006-07-02,26.15,16.894,88.63,5.672
2006-07-03,25.851,11.429,90.79,3.418
2006-07-04,27.287,2.001,81.9,3.15
2006-07-05,28.104,0.919,77.46,2.072
2006-07-06,28.611,0.454,71.42,2.563
2006-07-07,28.592,2.912,76.31,2.263
2006-07-08,26.931,14.618,85.19,2.253
2006-07-09,26.344,8.549,89.13,2.219
2006-07-10,27.063,6.919,83.19,2.387
2006-07-11,27.203,8.238,82.92,2.672
2006-07-12,27.844,2.645,80.17,2.134
2006-07-13,27.522,10.861,81.54,1.935
2006-07-14,26.578,13.432,87.62,1.928
2006-07-15,26.387,7.922,84.65,1.794
2006-07-16,25.989,4.317,85.77,1.728
2006-07-17,26.928,5.44,84.77,1.57
2006-07-18,27.691,0.385,77.14,1.83
2006-07-19,26.974,8.105,81.89,1.935
2006-07-20,24.743,39.218,94.76,1.743
2006-07-21,24.122,20.563,92.87,2.276
2006-07-22,25.452,13.225,90.18,1.729
2006-07-23,26.355,14.844,86.3,1.381
2006-07-24,27.253,5.205,81.63,1.218
2006-07-25,27.011,10.006,85.22,0.832
2006-07-26,26.651,7.421,86.22,1.044
2006-07-27,25.986,7.244,89.08,0.296
2006-07-28,25.5,15.447,89.78,1.45
2006-07-29,24.588,23.786,91.67,1.953
2006-07-30,25.187,5.496,88.87,1.282
2006-07-31,26.003,19.306,87.79,0.464
2006-08-01,26.258,17.886,86.48,2.246
2006-08-02,24.936,21.287,91.93,4.682
2006-08-03,24.755,15.297,91.24,4.629
2006-08-04,24.869,6.943,87.56,4.085
2006-08-05,24.709,4.771,89.05,2.802
2006-08-06,26.77,0.901,80.16,2.112
2006-08-07,27.178,1.002,77.33,1.653
2006-08-08,27.602,2.84,76.48,1.939
2006-08-09,26.981,5.157,80.95,1.874
2006-08-10,26.173,24.938,87.81,0.891
2006-08-11,26.067,23.248,88.93,0.956
2006-08-12,25.269,17.535,94.15,1.967
2006-08-13,25.637,18.952,91.64,1.041
2006-08-14,25.618,21.634,89.81,0.826
2006-08-15,25.092,23.204,91.92,1.485
2006-08-16,24.395,52.246,95.12,3.719
2006-08-17,25.08,7.504,93.25,2.524
2006-08-18,25.653,8.271,91.21,1.172
2006-08-19,26.08,15.585,89.33,0.903
2006-08-20,25.423,29.305,91.72,1.309
2006-08-21,25.191,19.402,91.91,1.445
2006-08-22,24.737,18.057,94.28,1.082
2006-08-23,25.037,10.543,91.13,2.53
2006-08-24,25.501,1.729,84.9,2.759
2006-08-25,26.646,0.968,78.3,2.527
2006-08-26,25.131,18.49,90.33,1.972
2006-08-27,25.093,12.952,90.84,1.694
2006-08-28,25.45,23.565,90.8,2.466
2006-08-29,24.487,21.014,94.65,3.382
2006-08-30,25.991,3.951,89.66,2.726
2006-08-31,26.655,0.773,83.54,1.294
2006-09-01,27.14,3.488,79.87,0.95
2006-09-02,27.632,0.946,74.25,1.363
2006-09-03,24.935,24.778,90.83,2.298
2006-09-04,23.756,32.575,96.77,3.211
2006-09-05,25.317,5.207,89.39,2.4
2006-09-06,26.565,1.067,83.31,2.176
2006-09-07,27.278,1.446,82.77,1.558
2006-09-08,27.543,4.836,83.11,0.963
2006-09-09,26.532,17.234,88.93,0.239
2006-09-10,26.299,6.763,88.12,0.87
2006-09-11,26.372,13.724,89.07,1.341
2006-09-12,26.645,5.35,85.94,1.588
2006-09-13,26.375,9.92,87.06,1.056
2006-09-14,26.422,1.884,86.08,1.12
2006-09-15,25.269,8.934,89.51,1.448
2006-09-16,25.181,4.476,90.55,1.584
2006-09-17,25.419,4.11,89.63,1.506
2006-09-18,25.553,4.225,89.0,1.446
2006-09-19,25.79,11.398,87.94,0.896
2006-09-20,24.172,52.852,95.33,0.195
2006-09-21,24.591,37.139,92.48,2.696
2006-09-22,24.325,20.678,92.31,2.067
2006-09-23,24.832,2.484,86.79,1.788
2006-09-24,25.357,1.378,85.97,1.794
2006-09-25,25.971,1.277,84.07,0.862
2006-09-26,25.946,2.215,85.91,0.697
2006-09-27,25.791,2.557,88.54,0.923
2006-09-28,25.99,9.399,87.69,1.278
2006-09-29,24.606,9.619,92.02,2.541
2006-09-30,24.864,5.191,91.19,1.389
2006-10-01,25.554,3.022,87.59,0.807
2006-10-02,26.356,0.818,83.07,0.652
2006-10-03,26.499,4.047,85.03,0.45
2006-10-04,26.171,9.753,87.22,0.814
2006-10-05,26.323,0.973,80.18,0.673
2006-10-06,27.117,0.011,69.93,1.13
2006-10-07,26.81,0.002,67.34,1.006
2006-10-08,26.236,0.0,65.88,0.859
2006-10-09,26.325,0.002,67.45,0.832
2006-10-10,26.548,0.042,69.37,0.789
2006-10-11,26.679,0.004,68.46,0.891
2006-10-12,26.671,0.008,68.2,0.63
2006-10-13,26.034,0.191,75.64,0.485
2006-10-14,25.214,1.297,79.65,0.095
2006-10-15,25.655,0.045,76.03,0.106
2006-10-16,25.706,0.507,78.46,0.209
2006-10-17,25.181,1.917,81.92,0.164
2006-10-18,25.438,0.112,75.02,0.143
2006-10-19,24.895,0.766,74.55,0.276
2006-10-20,23.935,3.407,79.49,0.328
2006-10-21,23.915,1.686,78.93,0.503
2006-10-22,23.763,0.354,76.35,0.944
2006-10-23,23.865,0.015,70.38,1.135
2006-10-24,23.679,0.085,68.4,1.373
2006-10-25,23.55,0.001,65.11,1.264
2006-10-26,23.918,0.004,66.98,0.78
2006-10-27,24.126,0.021,72.27,0.445
2006-10-28,23.253,1.862,82.6,0.293
2006-10-29,24.009,0.272,76.51,0.57
2006-10-30,23.869,0.141,76.18,0.48
2006-10-31,22.073,4.478,84.34,0.614
2006-11-01,22.861,0.583,78.98,0.354
2006-11-02,24.288,0.073,71.75,0.695
2006-11-03,24.971,0.098,72.82,0.531
2006-11-04,24.725,0.67,75.45,0.644
2006-11-05,24.208,4.269,79.76,0.462
2006-11-06,23.766,6.174,80.1,0.534
2006-11-07,23.509,0.241,73.58,0.091
2006-11-08,23.102,0.363,75.39,0.153
2006-11-09,21.8,4.598,87.58,0.425
2006-11-10,20.873,4.767,92.95,0.513
2006-11-11,21.533,0.545,83.44,1.375
2006-11-12,21.935,0.018,76.11,1.372
2006-11-13,22.062,0.002,71.93,0.923
2006-11-14,22.501,0.002,68.29,0.641
2006-11-15,22.317,0.002,67.26,0.697
2006-11-16,22.046,0.0,67.54,0.821
2006-11-17,21.76,0.001,66.57,0.455
2006-11-18,21.619,0.0,64.05,0.52
2006-11-19,21.752,0.0,59.39,0.761
2006-11-20,22.097,0.001,59.15,1.216
2006-11-21,22.7,0.0,58.05,0.86
2006-11-22,22.311,0.002,60.01,0.728
2006-11-23,22.005,0.001,59.03,0.588
2006-11-24,22.853,0.001,59.56,1.242
2006-11-25,22.912,0.018,64.79,0.822
2006-11-26,22.527,0.511,70.92,0.678
2006-11-27,22.269,0.235,70.02,0.33
2006-11-28,21.673,0.204,72.82,0.025
2006-11-29,21.059,0.023,64.81,0.942
2006-11-30,20.988,0.0,54.17,0.622
2006-12-01,20.954,0.001,49.84,1.089
2006-12-02,19.879,0.002,43.7,1.364
2006-12-03,19.156,-0.0,46.52,1.177
2006-12-04,18.929,0.0,46.36,1.079
2006-12-05,19.39,0.003,51.65,0.9
2006-12-06,20.384,0.0,56.69,0.866
2006-12-07,20.863,0.003,61.32,0.367
2006-12-08,21.99,0.002,60.07,0.4
2006-12-09,22.056,0.001,60.95,0.176
2006-12-10,22.377,0.001,64.34,0.855
2006-12-11,22.113,0.0,58.41,1.388
2006-12-12,21.843,0.003,55.01,1.33
2006-12-13,19.28,0.004,55.09,1.409
2006-12-14,18.471,0.001,50.53,1.222
2006-12-15,18.677,0.001,47.94,1.373
2006-12-16,18.263,0.0,54.49,1.556
2006-12-17,18.593,0.002,63.84,1.186
2006-12-18,18.994,0.001,63.52,0.799
2006-12-19,19.016,0.001,62.5,1.153
2006-12-20,19.224,0.001,64.21,0.938
2006-12-21,19.848,0.001,63.39,0.576
2006-12-22,19.783,0.0,61.53,0.675
2006-12-23,19.288,0.002,61.55,1.133
2006-12-24,18.378,0.002,61.45,1.047
2006-12-25,17.92,0.0,59.75,0.606
2006-12-26,18.463,0.001,62.39,0.379
2006-12-27,19.681,0.003,61.37,0.359
2006-12-28,19.842,0.04,61.66,1.018
2006-12-29,19.215,0.002,63.34,0.794
2006-12-30,18.365,0.001,57.02,0.559
2006-12-31,17.88,0.001,58.65,0.077
2007-01-01,19.094,0.001,56.22,0.683
2007-01-02,18.483,0.001,60.46,0.972
2007-01-03,18.006,0.0,48.38,1.086
2007-01-04,17.74,0.001,48.34,0.984
2007-01-05,17.402,0.0,43.38,1.252
2007-01-06,17.124,0.002,43.93,2.021
2007-01-07,18.04,0.001,47.62,1.44
2007-01-08,18.08,0.001,52.39,0.626
2007-01-09,17.958,0.0,56.89,0.337
2007-01-10,18.287,0.002,55.95,0.493
2007-01-11,18.622,0.0,55.23,0.475
2007-01-12,19.132,0.001,57.51,0.071
2007-01-13,19.909,0.0,62.96,0.282
2007-01-14,19.378,0.003,58.4,0.594
2007-01-15,19.418,0.019,62.25,0.284
2007-01-16,20.482,0.43,70.6,0.329
2007-01-17,19.676,0.422,74.22,0.854
2007-01-18,18.652,0.001,51.15,0.895
2007-01-19,19.09,0.0,43.51,0.84
2007-01-20,19.463,0.0,44.57,0.122
2007-01-21,20.416,0.001,53.24,0.123
2007-01-22,19.881,0.001,55.26,1.244
2007-01-23,18.784,0.002,50.01,1.269
2007-01-24,18.386,0.001,42.41,1.408
2007-01-25,18.524,0.002,46.44,0.452
2007-01-26,19.701,0.0,52.52,0.155
2007-01-27,21.048,0.002,58.33,0.439
2007-01-28,22.037,0.001,58.22,0.403
2007-01-29,22.586,0.0,55.16,0.372
2007-01-30,22.809,0.001,52.57,0.238
2007-01-31,23.599,0.014,49.6,0.576
2007-02-01,22.711,0.051,55.82,0.353
2007-02-02,21.99,0.264,65.18,0.992
2007-02-03,22.724,0.044,60.92,1.527
2007-02-04,23.246,0.041,54.31,1.416
2007-02-05,23.334,0.364,55.23,1.084
2007-02-06,22.747,0.287,64.79,0.446
2007-02-07,21.724,6.827,77.87,1.236
2007-02-08,21.109,12.808,85.52,0.753
2007-02-09,20.806,1.172,83.45,1.111
2007-02-10,21.305,0.448,76.92,1.044
2007-02-11,21.413,0.073,71.46,1.16
2007-02-12,20.826,1.178,75.28,1.064
2007-02-13,19.254,30.262,91.5,0.747
2007-02-14,19.423,0.984,75.4,1.224
2007-02-15,18.889,0.004,60.56,0.592
2007-02-16,19.099,1.5,75.21,1.102
2007-02-17,19.456,0.792,74.19,0.112
2007-02-18,19.465,0.369,69.85,0.504
2007-02-19,19.08,-0.0,56.76,1.186
2007-02-20,20.049,0.002,52.45,1.06
2007-02-21,19.977,0.0,48.66,0.983
2007-02-22,20.649,0.001,48.74,0.542
2007-02-23,21.329,0.0,54.97,0.267
2007-02-24,22.586,0.003,53.5,0.168
2007-02-25,23.215,0.13,53.16,0.143
2007-02-26,22.395,0.353,61.98,0.597
2007-02-27,23.35,0.018,61.6,0.81
2007-02-28,23.791,0.003,61.62,1.601
2007-03-01,23.519,3.224,66.56,1.111
2007-03-02,22.392,1.233,78.39,0.28
2007-03-03,22.408,0.033,62.2,1.025
2007-03-04,22.55,0.003,58.51,0.172
2007-03-05,22.979,0.005,45.84,0.611
2007-03-06,22.484,0.001,39.15,0.545
2007-03-07,22.94,0.004,45.07,0.311
2007-03-08,23.426,0.047,52.31,0.523
2007-03-09,23.54,7.289,76.73,1.256
2007-03-10,23.598,1.734,80.12,1.157
2007-03-11,25.131,0.925,70.83,0.835
2007-03-12,25.38,2.951,68.97,0.608
2007-03-13,25.159,0.712,64.68,0.726
2007-03-14,24.992,0.448,60.1,0.654
2007-03-15,23.651,0.409,55.65,1.823
2007-03-16,23.039,0.003,35.39,1.56
2007-03-17,24.544,0.0,42.05,0.995
2007-03-18,25.36,0.001,48.76,0.299
2007-03-19,26.438,0.007,54.84,0.29
2007-03-20,26.13,0.04,61.14,0.642
2007-03-21,27.214,0.174,59.43,1.133
2007-03-22,27.6,1.49,61.08,1.812
2007-03-23,29.353,0.165,50.89,0.504
2007-03-24,28.996,0.322,55.46,0.126
2007-03-25,28.145,0.001,40.03,0.46
2007-03-26,27.95,0.021,40.18,0.356
2007-03-27,27.678,0.003,36.79,0.282
2007-03-28,27.812,0.0,41.72,0.264
2007-03-29,28.652,0.0,42.22,0.915
2007-03-30,29.194,0.002,39.18,2.131
2007-03-31,29.791,0.002,38.65,2.423
2007-04-01,30.595,0.002,36.41,1.14
2007-04-02,31.361,0.001,35.71,0.988
2007-04-03,31.325,0.09,41.07,0.889
2007-04-04,30.34,0.001,44.44,0.814
2007-04-05,29.933,0.0,44.74,1.102
2007-04-06,30.597,0.03,41.34,1.56
2007-04-07,30.241,1.297,47.05,1.841
2007-04-08,30.699,1.714,46.2,2.102
2007-04-09,29.474,5.027,53.28,2.079
2007-04-10,28.826,1.042,58.68,2.353
2007-04-11,29.365,0.674,50.68,1.896
2007-04-12,28.272,1.89,54.22,0.624
2007-04-13,27.035,4.333,66.7,0.887
2007-04-14,27.691,1.953,65.55,1.477
2007-04-15,27.345,2.229,66.61,1.561
2007-04-16,28.037,0.729,64.1,1.934
2007-04-17,27.597,4.081,67.52,1.401
2007-04-18,27.596,1.726,64.29,1.419
2007-04-19,28.119,2.827,62.7,1.623
2007-04-20,28.527,3.073,62.91,1.934
2007-04-21,28.608,3.131,64.2,2.01
2007-04-22,30.105,0.61,52.21,1.844
2007-04-23,31.313,0.053,43.7,2.22
2007-04-24,31.842,0.197,44.01,1.957
2007-04-25,30.801,1.282,52.47,1.834
2007-04-26,30.463,0.925,60.26,2.28
2007-04-27,29.753,1.715,64.35,1.587
2007-04-28,29.208,0.751,67.64,0.81
2007-04-29,28.497,4.999,73.41,1.388
2007-04-30,28.529,2.158,69.98,1.722
2007-05-01,28.975,1.106,63.37,1.474
2007-05-02,28.783,0.431,61.51,1.458
2007-05-03,29.25,0.346,58.62,2.04
2007-05-04,29.301,0.071,56.4,1.736
2007-05-05,30.087,0.043,51.62,1.509
2007-05-06,29.591,1.526,59.59,1.69
2007-05-07,27.731,9.442,74.33,1.402
2007-05-08,26.759,7.126,79.88,1.237
2007-05-09,27.24,4.901,76.23,0.53
2007-05-10,28.614,0.208,68.87,0.581
2007-05-11,29.924,0.041,63.2,1.334
2007-05-12,29.423,1.052,67.9,1.378
2007-05-13,29.124,1.374,67.74,0.888
2007-05-14,29.508,0.534,62.6,0.876
2007-05-15,28.626,4.868,70.53,0.557
2007-05-16,27.759,12.961,79.46,0.523
2007-05-17,26.938,16.975,83.88,0.217
2007-05-18,27.613,4.759,79.14,0.363
2007-05-19,27.936,6.623,78.07,0.342
2007-05-20,28.938,7.999,72.64,0.406
2007-05-21,30.815,1.245,66.13,0.913
2007-05-22,30.714,1.415,66.38,1.692
2007-05-23,30.953,1.259,59.83,1.421
2007-05-24,31.706,0.836,55.0,1.428
2007-05-25,31.482,1.284,59.0,1.515
2007-05-26,31.899,0.286,59.67,2.297
2007-05-27,31.865,0.914,62.13,1.606
2007-05-28,31.127,1.443,61.17,0.924
2007-05-29,31.548,0.292,51.44,1.019
2007-05-30,31.637,0.535,54.58,1.245
2007-05-31,31.698,1.537,59.1,1.435
2007-06-01,32.228,0.601,55.87,1.944
2007-06-02,32.374,1.311,56.98,2.231
2007-06-03,32.585,0.54,60.21,2.446
2007-06-04,31.224,18.715,70.49,2.188
2007-06-05,30.019,7.097,71.66,1.57
2007-06-06,30.993,0.923,67.7,2.153
2007-06-07,31.102,0.762,70.6,2.9
2007-06-08,30.806,1.244,72.05,3.147
2007-06-09,30.177,6.814,73.94,3.411
2007-06-10,29.765,4.733,74.1,3.198
2007-06-11,29.911,3.087,70.8,2.187
2007-06-12,29.897,9.854,73.94,1.678
2007-06-13,27.853,20.549,87.47,1.684
2007-06-14,27.792,6.677,82.82,2.17
2007-06-15,28.28,4.709,78.49,2.765
2007-06-16,29.215,0.624,74.46,3.021
2007-06-17,29.062,7.197,78.22,2.204
2007-06-18,28.558,1.676,80.74,1.589
2007-06-19,28.231,10.178,81.52,1.163
2007-06-20,28.118,2.875,79.53,1.56
2007-06-21,26.55,10.688,87.52,2.952
2007-06-22,26.078,7.15,88.93,2.565
2007-06-23,25.717,5.943,89.92,2.063
2007-06-24,25.91,12.534,88.94,1.2
2007-06-25,26.557,10.104,86.11,0.696
2007-06-26,26.928,8.53,86.09,1.121
2007-06-27,27.453,5.018,83.29,2.464
2007-06-28,25.761,19.681,90.99,4.745
2007-06-29,25.772,16.37,91.75,3.865
2007-06-30,26.674,5.674,85.6,2.291
2007-07-01,26.831,12.356,84.04,1.674
2007-07-02,27.149,9.214,84.27,1.999
2007-07-03,27.144,12.067,85.45,2.039
2007-07-04,25.878,30.475,90.27,3.077
2007-07-05,25.046,108.583,92.0,4.699
2007-07-06,24.743,72.635,94.21,3.362
2007-07-07,26.276,8.868,86.77,2.877
2007-07-08,26.908,3.918,83.04,1.809
2007-07-09,27.677,0.02,71.56,2.082
2007-07-10,27.915,2.977,77.81,1.579
2007-07-11,27.672,12.925,83.17,1.303
2007-07-12,27.257,12.612,85.91,0.917
2007-07-13,27.351,15.058,86.17,0.921
2007-07-14,26.799,13.936,88.72,1.147
2007-07-15,26.371,43.0,90.9,0.961
2007-07-16,27.015,4.379,85.54,2.599
2007-07-17,27.431,1.397,83.49,2.416
2007-07-18,27.507,11.314,85.71,2.21
2007-07-19,27.456,8.433,85.2,2.779
2007-07-20,26.488,17.98,88.97,2.413
2007-07-21,27.078,5.257,85.15,2.43
2007-07-22,25.885,4.921,87.25,1.843
2007-07-23,25.544,9.823,90.4,2.095
2007-07-24,26.207,3.57,84.35,2.413
2007-07-25,26.169,4.795,85.12,2.536
2007-07-26,25.718,15.788,88.73,2.173
2007-07-27,25.569,19.22,91.4,1.94
2007-07-28,26.066,6.217,88.5,1.899
2007-07-29,26.434,6.785,86.57,2.031
2007-07-30,26.728,3.156,83.14,1.921
2007-07-31,26.933,2.423,82.31,2.176
2007-08-01,26.854,4.435,84.05,1.501
2007-08-02,26.382,11.33,87.98,0.624
2007-08-03,26.845,3.302,84.29,0.076
2007-08-04,26.912,11.72,84.67,0.805
2007-08-05,25.708,27.84,91.19,3.032
2007-08-06,25.341,14.018,91.31,4.131
2007-08-07,26.539,2.013,86.23,2.344
2007-08-08,26.807,1.974,83.27,1.27
2007-08-09,27.472,4.266,82.17,1.157
2007-08-10,27.572,10.478,84.56,0.781
2007-08-11,27.538,28.832,86.62,1.258
2007-08-12,25.367,51.196,94.93,1.999
2007-08-13,25.114,26.929,94.99,2.209
2007-08-14,26.056,13.843,87.9,2.428
2007-08-15,27.292,4.294,80.03,2.26
2007-08-16,26.579,13.481,86.53,1.995
2007-08-17,25.551,29.583,92.2,1.756
2007-08-18,24.451,92.035,93.39,2.965
2007-08-19,24.18,90.888,95.73,1.942
2007-08-20,25.344,15.326,89.99,2.044
2007-08-21,26.541,1.097,83.33,1.555
2007-08-22,27.196,0.818,80.86,1.277
2007-08-23,26.791,11.522,86.39,0.935
2007-08-24,26.627,5.929,85.46,1.317
2007-08-25,26.28,7.67,85.75,1.365
2007-08-26,26.407,6.962,85.76,1.763
2007-08-27,25.692,12.134,90.75,1.211
2007-08-28,25.698,5.957,89.85,1.34
2007-08-29,26.404,7.885,87.07,1.516
2007-08-30,26.629,6.435,85.87,1.391
2007-08-31,26.731,3.908,84.43,1.067
2007-09-01,26.483,3.018,86.28,1.056
2007-09-02,26.617,2.117,85.46,1.558
2007-09-03,26.711,5.68,86.75,0.968
2007-09-04,26.297,10.85,87.93,1.303
2007-09-05,25.598,26.343,91.61,1.261
2007-09-06,25.158,20.153,92.62,2.113
2007-09-07,24.994,21.722,92.44,2.416
2007-09-08,25.758,10.478,91.14,1.703
2007-09-09,25.772,11.029,89.03,1.742
2007-09-10,26.205,10.924,86.74,1.705
2007-09-11,26.525,5.86,84.82,1.199
2007-09-12,27.205,4.987,82.77,0.797
2007-09-13,26.708,8.712,86.08,0.689
2007-09-14,25.511,12.411,89.18,0.985
2007-09-15,25.618,7.302,88.53,1.152
2007-09-16,25.95,3.936,89.14,1.086
2007-09-17,26.217,4.292,87.28,1.138
2007-09-18,26.04,4.071,86.25,0.738
2007-09-19,25.823,8.363,86.87,0.815
2007-09-20,25.643,9.322,89.08,1.603
2007-09-21,24.387,26.298,92.67,3.57
2007-09-22,23.577,84.67,97.65,4.733
2007-09-23,24.207,73.515,95.89,4.301
2007-09-24,25.026,29.626,93.93,2.96
2007-09-25,25.351,6.675,92.02,1.796
2007-09-26,24.582,16.622,93.39,1.219
2007-09-27,24.959,15.502,91.44,0.671
2007-09-28,24.973,16.411,89.69,0.701
2007-09-29,25.053,13.25,90.2,0.21
2007-09-30,25.44,8.281,87.89,0.454
2007-10-01,25.918,1.09,85.0,0.483
2007-10-02,25.747,3.045,86.98,0.439
2007-10-03,25.584,7.772,88.83,0.627
2007-10-04,25.944,1.926,86.5,0.878
2007-10-05,26.19,0.652,84.1,0.878
2007-10-06,26.619,1.684,83.3,0.201
2007-10-07,26.444,8.875,85.32,0.7
2007-10-08,25.879,0.003,68.15,1.012
2007-10-09,25.659,0.0,63.77,0.681
2007-10-10,25.669,0.001,65.6,0.39
2007-10-11,25.386,0.001,62.38,0.54
2007-10-12,24.947,0.0,63.14,0.944
2007-10-13,24.93,0.003,65.81,1.094
2007-10-14,24.486,2.244,82.2,0.944
2007-10-15,24.23,2.023,87.07,1.754
2007-10-16,24.372,1.541,83.51,0.537
2007-10-17,24.742,6.435,83.63,0.554
2007-10-18,23.669,11.271,89.1,0.365
2007-10-19,24.533,0.03,75.04,0.476
2007-10-20,24.435,1.284,76.36,0.599
2007-10-21,24.153,0.105,72.3,0.557
2007-10-22,23.705,0.004,68.25,0.541
2007-10-23,23.311,0.0,67.99,0.036
2007-10-24,23.459,0.003,66.44,0.845
2007-10-25,23.177,0.0,65.52,0.626
2007-10-26,23.136,0.002,71.33,0.186
2007-10-27,23.403,0.002,72.83,0.06
2007-10-28,23.534,0.001,72.19,0.388
2007-10-29,23.035,0.0,70.85,0.849
2007-10-30,24.243,0.062,73.23,1.506
2007-10-31,23.816,4.185,89.04,0.667
2007-11-01,23.792,5.859,91.25,0.173
2007-11-02,23.156,8.908,92.75,0.179
2007-11-03,23.408,2.003,89.47,0.504
2007-11-04,23.486,0.713,81.48,0.257
2007-11-05,23.713,0.491,78.98,0.124
2007-11-06,23.47,0.658,79.36,0.445
2007-11-07,23.102,0.616,80.11,0.61
2007-11-08,23.2,0.464,78.02,0.521
2007-11-09,23.129,0.474,79.52,0.482
2007-11-10,23.016,0.748,78.23,0.833
2007-11-11,22.518,0.001,66.59,0.984
2007-11-12,22.085,0.0,65.17,1.084
2007-11-13,21.027,0.0,64.03,1.912
2007-11-14,20.923,0.0,63.99,2.446
2007-11-15,20.944,1.168,76.31,3.257
2007-11-16,21.491,0.128,73.98,1.558
2007-11-17,21.396,0.007,74.75,1.489
2007-11-18,21.793,0.001,69.42,1.194
2007-11-19,21.328,0.0,65.09,1.326
2007-11-20,20.865,0.001,59.35,1.314
2007-11-21,20.153,0.0,58.89,0.949
2007-11-22,19.693,0.003,60.24,1.692
2007-11-23,20.25,0.001,65.26,1.842
2007-11-24,20.716,0.001,63.76,1.312
2007-11-25,21.074,0.0,66.25,0.484
2007-11-26,21.55,0.001,65.6,0.1
2007-11-27,21.227,0.217,70.34,0.378
2007-11-28,21.245,0.108,67.36,0.282
2007-11-29,20.987,0.196,70.57,0.398
2007-11-30,20.581,0.02,68.11,0.407
2007-12-01,20.94,0.025,65.87,0.64
2007-12-02,20.65,0.073,68.16,0.221
2007-12-03,20.32,0.354,67.25,0.629
2007-12-04,19.555,0.001,58.42,1.728
2007-12-05,19.144,0.0,62.31,1.635
2007-12-06,19.227,0.001,64.23,1.452
2007-12-07,19.399,0.0,65.67,0.881
2007-12-08,19.49,0.0,68.5,0.549
2007-12-09,19.357,0.0,64.8,0.75
2007-12-10,18.885,0.001,64.84,0.545
2007-12-11,19.036,0.001,65.32,0.157
2007-12-12,19.437,0.0,64.94,0.231
2007-12-13,20.193,0.0,64.48,0.568
2007-12-14,21.085,0.036,67.94,1.207
2007-12-15,20.502,0.025,70.46,1.803
2007-12-16,19.586,0.0,66.63,1.962
2007-12-17,17.963,0.001,52.67,1.934
2007-12-18,16.054,0.001,47.77,1.775
2007-12-19,16.908,0.0,48.04,1.245
2007-12-20,18.453,0.001,52.49,0.57
2007-12-21,18.616,0.001,51.04,0.711
2007-12-22,19.495,0.003,46.98,0.824
2007-12-23,18.562,0.0,48.22,1.152
2007-12-24,18.403,0.0,55.48,1.092
2007-12-25,19.153,0.001,57.96,0.905
2007-12-26,19.37,0.001,56.07,0.948
2007-12-27,19.22,0.0,55.88,0.852
2007-12-28,19.181,0.001,51.89,0.628
2007-12-29,18.551,0.001,50.17,1.011
2007-12-30,17.722,0.0,46.19,1.367
2007-12-31,16.884,0.0,42.36,1.588
2008-01-01,16.27,0.001,42.77,1.352
2008-01-02,16.363,0.0,45.65,1.085
2008-01-03,17.733,0.001,48.29,1.005
2008-01-04,19.137,0.003,55.6,1.005
2008-01-05,19.661,0.001,60.76,1.024
2008-01-06,19.264,0.0,54.79,1.155
2008-01-07,19.101,0.001,43.26,1.376
2008-01-08,19.549,0.002,45.23,1.105
2008-01-09,20.42,0.001,46.66,0.728
2008-01-10,20.858,0.0,51.25,0.434
2008-01-11,21.643,0.001,51.92,0.413
2008-01-12,21.676,0.001,54.48,0.646
2008-01-13,20.177,0.0,56.21,0.696
2008-01-14,19.782,0.0,42.72,0.558
2008-01-15,19.131,0.0,45.5,0.378
2008-01-16,19.504,0.001,42.17,0.65
2008-01-17,19.876,0.002,48.22,0.339
2008-01-18,20.635,0.001,55.2,0.82
2008-01-19,21.755,0.001,54.93,1.66
2008-01-20,22.722,0.002,56.11,0.926
2008-01-21,21.064,0.017,62.81,0.959
2008-01-22,20.848,0.038,66.65,0.955
2008-01-23,20.422,0.156,70.43,1.583
2008-01-24,17.454,14.321,80.1,1.329
2008-01-25,17.112,19.964,92.23,1.324
2008-01-26,15.135,30.286,95.55,1.409
2008-01-27,15.923,0.057,77.65,0.822
2008-01-28,15.808,0.003,61.99,0.625
2008-01-29,17.205,0.003,70.44,1.386
2008-01-30,18.026,3.573,83.88,0.369
2008-01-31,15.771,0.306,78.9,1.416
2008-02-01,15.719,0.005,66.31,1.607
2008-02-02,14.744,0.0,61.6,0.451
2008-02-03,15.924,0.001,67.23,0.575
2008-02-04,18.29,0.046,73.62,1.054
2008-02-05,18.657,0.223,83.89,0.593
2008-02-06,19.871,0.471,80.45,0.568
2008-02-07,20.697,0.441,74.36,0.36
2008-02-08,20.803,0.145,74.9,1.152
2008-02-09,19.632,6.238,91.82,1.144
2008-02-10,18.459,0.163,74.43,0.697
2008-02-11,17.934,0.001,69.04,0.417
2008-02-12,17.745,0.004,71.01,0.591
2008-02-13,17.404,0.001,57.87,0.469
2008-02-14,16.776,0.0,55.25,0.654
2008-02-15,17.644,0.001,56.98,0.474
2008-02-16,18.616,0.001,53.14,0.333
2008-02-17,19.708,0.002,53.33,0.333
2008-02-18,21.293,0.041,60.62,1.047
2008-02-19,21.57,4.598,78.06,1.782
2008-02-20,20.197,3.393,75.4,0.809
2008-02-21,18.753,0.005,68.04,0.832
2008-02-22,19.757,0.001,63.1,0.663
2008-02-23,21.021,0.003,60.65,1.366
2008-02-24,22.856,0.001,56.74,1.851
2008-02-25,23.572,0.038,59.47,0.463
2008-02-26,22.281,0.003,57.66,0.941
2008-02-27,21.565,0.001,51.88,0.197
2008-02-28,21.352,0.001,43.47,0.295
2008-02-29,22.226,0.003,56.62,0.992
2008-03-01,23.125,0.003,51.19,0.3
2008-03-02,23.659,0.003,49.26,0.179
2008-03-03,24.36,0.002,55.48,1.487
2008-03-04,24.676,0.421,53.56,1.363
2008-03-05,25.228,0.001,44.22,0.436
2008-03-06,24.981,0.018,54.36,0.785
2008-03-07,25.135,0.003,55.06,0.189
2008-03-08,25.637,0.003,59.35,0.966
2008-03-09,25.765,0.0,56.15,0.48
2008-03-10,26.121,0.001,43.93,0.58
2008-03-11,25.767,0.001,43.28,0.447
2008-03-12,26.344,0.001,43.83,0.091
2008-03-13,27.13,0.003,46.35,0.223
2008-03-14,26.415,0.064,49.58,0.451
2008-03-15,27.147,0.147,46.86,0.625
2008-03-16,27.041,0.252,45.4,0.786
2008-03-17,27.341,0.001,43.17,0.7
2008-03-18,28.346,0.001,42.36,1.469
2008-03-19,28.079,1.749,54.14,2.113
2008-03-20,27.666,2.524,57.06,1.537
2008-03-21,27.855,0.58,54.92,1.405
2008-03-22,28.321,0.954,53.11,1.181
2008-03-23,24.996,3.045,70.75,1.085
2008-03-24,22.813,6.694,82.45,1.171
2008-03-25,25.886,0.132,65.18,1.001
2008-03-26,27.202,0.91,63.67,0.909
2008-03-27,27.812,0.34,55.03,1.33
2008-03-28,28.624,0.005,46.55,1.296
2008-03-29,27.531,2.19,58.52,1.559
2008-03-30,27.366,2.235,60.63,1.94
2008-03-31,27.313,1.154,53.75,1.244
2008-04-01,26.568,1.007,57.57,1.449
2008-04-02,27.427,0.565,57.07,1.722
2008-04-03,26.494,9.648,65.19,1.108
2008-04-04,24.708,2.31,77.27,1.146
2008-04-05,24.196,5.014,79.45,0.521
2008-04-06,25.402,1.609,65.01,0.66
2008-04-07,26.223,0.003,55.11,0.512
2008-04-08,26.736,0.0,49.49,0.576
2008-04-09,27.229,0.0,40.8,0.763
2008-04-10,28.603,0.001,36.76,0.976
2008-04-11,29.644,0.0,35.2,0.812
2008-04-12,30.659,0.193,37.66,1.331
2008-04-13,30.679,1.199,42.26,1.877
2008-04-14,29.883,1.21,56.53,2.134
2008-04-15,29.826,3.416,62.32,1.937
2008-04-16,30.202,0.834,63.04,1.455
2008-04-17,30.93,0.318,52.7,1.094
2008-04-18,30.763,0.28,51.88,0.338
2008-04-19,31.123,0.003,48.34,0.288
2008-04-20,30.865,0.0,42.37,0.453
2008-04-21,31.146,0.0,38.87,0.618
2008-04-22,31.408,0.002,39.71,0.832
2008-04-23,31.202,0.002,46.86,1.396
2008-04-24,31.319,0.007,43.5,1.955
2008-04-25,31.302,0.001,41.52,2.189
2008-04-26,31.47,0.056,41.2,2.65
2008-04-27,30.843,0.438,49.62,2.97
2008-04-28,30.625,0.116,55.27,3.167
2008-04-29,30.732,0.028,54.73,2.145
2008-04-30,30.3,0.034,55.7,2.2
2008-05-01,31.298,0.063,50.6,2.082
2008-05-02,32.137,0.511,48.91,1.97
2008-05-03,32.215,0.348,41.54,0.399
2008-05-04,31.207,0.31,55.93,1.393
2008-05-05,30.877,1.381,61.0,1.56
2008-05-06,29.833,3.715,64.4,1.36
2008-05-07,30.043,1.263,60.13,1.864
2008-05-08,29.602,3.0,64.16,1.335
2008-05-09,30.579,0.675,53.66,1.425
2008-05-10,31.05,0.297,48.45,1.152
2008-05-11,30.465,1.606,57.47,1.06
2008-05-12,29.588,3.061,62.02,0.593
2008-05-13,30.061,0.351,56.64,0.923
2008-05-14,30.608,1.191,58.15,1.234
2008-05-15,29.962,2.311,66.8,0.867
2008-05-16,31.01,1.171,58.71,0.722
2008-05-17,31.57,1.795,51.4,1.116
2008-05-18,32.626,0.471,44.49,1.658
2008-05-19,31.753,2.016,54.19,1.753
2008-05-20,30.05,4.563,66.39,1.466
2008-05-21,30.271,2.762,68.17,1.368
2008-05-22,29.589,8.273,69.82,1.795
2008-05-23,29.556,1.793,70.3,1.979
2008-05-24,29.461,2.263,71.13,1.268
2008-05-25,28.905,10.368,74.38,0.526
2008-05-26,29.841,0.689,70.8,0.729
2008-05-27,30.598,0.643,59.62,0.912
2008-05-28,31.748,0.041,47.94,1.499
2008-05-29,31.914,0.445,52.61,1.788
2008-05-30,31.653,1.81,56.54,1.235
2008-05-31,30.525,3.603,66.49,1.907
2008-06-01,30.012,5.352,69.88,2.265
2008-06-02,29.393,8.876,73.96,1.958
2008-06-03,29.4,4.414,74.98,1.976
2008-06-04,28.912,8.08,77.27,1.861
2008-06-05,28.298,24.464,80.29,1.21
2008-06-06,27.165,24.213,84.03,0.598
2008-06-07,27.379,7.709,83.38,0.512
2008-06-08,25.893,15.671,89.5,0.546
2008-06-09,26.202,17.851,87.24,0.427
2008-06-10,25.805,15.29,89.85,0.94
2008-06-11,26.883,4.371,84.79,1.362
2008-06-12,26.841,4.962,85.61,1.114
2008-06-13,27.597,7.458,82.0,1.177
2008-06-14,26.611,47.553,87.23,1.615
2008-06-15,26.262,33.395,88.44,1.631
2008-06-16,24.942,57.225,90.51,2.947
2008-06-17,23.329,90.675,91.27,4.603
2008-06-18,23.04,34.514,89.51,3.495
2008-06-19,25.939,6.86,86.9,1.977
2008-06-20,27.345,1.223,81.57,1.707
2008-06-21,26.895,7.107,81.51,2.291
2008-06-22,26.329,0.553,80.33,2.434
2008-06-23,26.087,5.126,86.54,1.442
2008-06-24,25.776,6.331,89.74,0.176
2008-06-25,26.191,6.122,88.8,0.719
2008-06-26,26.335,13.278,90.01,0.605
2008-06-27,26.047,21.116,90.9,0.523
2008-06-28,25.641,10.091,90.48,1.613
2008-06-29,26.194,0.97,79.83,2.87
2008-06-30,26.056,16.289,87.81,2.711
2008-07-01,26.414,6.756,86.67,2.434
2008-07-02,26.812,6.384,84.88,2.189
2008-07-03,26.909,2.657,82.93,2.523
2008-07-04,26.897,7.808,84.07,2.567
2008-07-05,26.386,11.497,86.3,2.461
2008-07-06,25.269,25.703,91.84,2.022
2008-07-07,25.559,10.783,88.96,1.924
2008-07-08,25.193,18.064,90.65,1.386
2008-07-09,24.979,8.861,92.79,1.395
2008-07-10,26.038,6.617,87.12,1.667
2008-07-11,26.565,10.454,85.62,1.73
2008-07-12,27.108,9.051,84.34,1.829
2008-07-13,26.622,8.494,87.19,1.684
2008-07-14,26.672,14.376,88.27,1.756
2008-07-15,26.241,15.376,88.02,2.167
2008-07-16,25.968,10.696,87.88,2.087
2008-07-17,26.802,10.554,86.91,1.625
2008-07-18,26.904,19.452,88.35,1.12
2008-07-19,26.52,12.693,89.35,1.466
2008-07-20,26.873,12.193,86.28,2.033
2008-07-21,26.892,12.59,85.41,2.127
2008-07-22,26.841,9.081,85.67,2.123
2008-07-23,27.114,10.782,84.98,1.821
2008-07-24,26.741,9.55,85.26,1.556
2008-07-25,26.957,12.202,87.23,1.014
2008-07-26,26.25,15.813,89.0,0.641
2008-07-27,25.385,10.177,90.3,2.11
2008-07-28,25.399,6.461,90.57,2.676
2008-07-29,25.966,4.675,88.29,2.366
2008-07-30,25.259,26.107,91.73,0.96
2008-07-31,25.726,9.207,89.79,1.953
2008-08-01,25.958,4.034,89.6,1.922
2008-08-02,25.915,7.486,88.05,1.465
2008-08-03,25.652,7.037,89.46,1.906
2008-08-04,26.05,4.764,87.15,2.391
2008-08-05,26.312,5.536,88.77,1.844
2008-08-06,26.841,11.035,86.99,0.57
2008-08-07,26.014,12.993,88.94,0.958
2008-08-08,26.018,10.756,89.26,1.458
2008-08-09,25.634,20.616,91.11,3.239
2008-08-10,25.482,16.71,93.53,1.934
2008-08-11,26.308,6.026,87.19,1.829
2008-08-12,26.42,9.082,87.91,1.353
2008-08-13,26.453,13.845,89.08,1.14
2008-08-14,26.117,16.797,90.26,1.404
2008-08-15,25.518,18.131,92.04,1.547
2008-08-16,25.899,10.566,88.33,1.97
2008-08-17,26.158,11.831,87.41,1.998
2008-08-18,26.581,5.495,86.82,1.765
2008-08-19,26.149,28.377,89.79,1.298
2008-08-20,24.592,24.42,94.15,1.393
2008-08-21,24.74,18.173,92.41,1.407
2008-08-22,25.118,9.828,90.3,0.063
2008-08-23,25.542,3.72,88.17,0.968
2008-08-24,26.014,2.429,85.6,1.899
2008-08-25,26.096,5.11,85.14,2.447
2008-08-26,26.549,2.83,83.28,2.49
2008-08-27,26.961,5.426,83.19,2.207
2008-08-28,27.07,6.529,83.75,2.582
2008-08-29,26.124,9.167,88.44,1.918
2008-08-30,26.654,11.623,87.61,1.505
2008-08-31,26.288,6.291,87.23,1.31
2008-09-01,26.305,16.83,87.0,1.354
2008-09-02,26.433,11.352,86.22,1.645
2008-09-03,26.057,22.008,89.15,1.694
2008-09-04,26.369,12.64,86.98,1.269
2008-09-05,26.14,4.482,87.93,1.022
2008-09-06,26.603,9.514,85.8,0.384
2008-09-07,26.555,5.86,84.85,0.407
2008-09-08,26.156,8.859,86.57,1.03
2008-09-09,25.052,11.333,91.08,1.618
2008-09-10,25.283,10.071,90.01,2.372
2008-09-11,24.985,10.369,91.66,2.281
2008-09-12,25.527,2.079,88.61,1.661
2008-09-13,25.765,1.513,86.43,1.184
2008-09-14,26.295,13.199,84.52,0.795
2008-09-15,24.989,22.045,92.3,2.211
2008-09-16,24.304,51.605,95.02,4.299
2008-09-17,24.57,27.564,92.95,3.831
2008-09-18,25.8,11.002,90.65,2.55
2008-09-19,25.304,7.686,90.91,1.0
2008-09-20,25.897,6.622,86.43,0.654
2008-09-21,25.644,16.378,88.15,0.439
2008-09-22,24.931,18.23,91.3,0.619
2008-09-23,25.096,13.017,89.83,1.29
2008-09-24,25.304,6.869,88.12,1.545
2008-09-25,25.48,2.74,87.57,1.637
2008-09-26,26.038,0.098,76.88,1.769
2008-09-27,26.292,0.033,72.39,1.738
2008-09-28,26.311,1.853,78.62,1.206
2008-09-29,25.734,2.744,83.91,0.477
2008-09-30,25.576,1.928,85.79,0.139
2008-10-01,26.071,0.377,80.87,0.489
2008-10-02,26.246,0.147,79.05,0.954
2008-10-03,25.673,3.926,84.77,1.143
2008-10-04,25.629,8.346,85.5,1.083
2008-10-05,25.474,10.971,87.58,0.798
2008-10-06,25.196,8.132,90.24,0.447
2008-10-07,25.197,7.528,88.35,0.796
2008-10-08,26.32,0.649,77.4,0.583
2008-10-09,26.234,0.59,76.95,0.532
2008-10-10,26.492,0.072,74.11,0.63
2008-10-11,25.816,0.004,74.44,0.635
2008-10-12,25.569,0.003,74.1,0.43
2008-10-13,25.751,0.276,75.26,0.271
2008-10-14,25.282,0.473,79.62,0.239
2008-10-15,25.053,0.085,77.47,0.309
2008-10-16,25.575,0.024,75.0,0.612
2008-10-17,25.735,0.173,75.02,1.046
2008-10-18,25.463,0.139,74.24,1.252
2008-10-19,25.645,0.111,70.81,1.264
2008-10-20,24.697,0.001,62.19,1.314
2008-10-21,24.388,0.0,61.76,0.923
2008-10-22,24.796,0.0,64.3,1.027
2008-10-23,24.827,0.669,69.61,0.954
2008-10-24,23.125,3.245,76.95,1.936
2008-10-25,22.557,10.075,87.72,3.023
2008-10-26,21.752,1.006,81.57,3.814
2008-10-27,21.86,0.193,77.33,0.919
2008-10-28,22.745,0.34,76.32,0.519
2008-10-29,23.512,0.352,77.4,0.506
2008-10-30,23.84,0.046,70.22,0.679
2008-10-31,23.393,0.001,66.83,0.913
2008-11-01,23.606,0.002,60.55,1.164
2008-11-02,23.077,0.0,63.83,0.455
2008-11-03,22.854,0.005,70.01,0.368
2008-11-04,23.061,0.056,72.08,0.561
2008-11-05,23.517,0.056,70.67,0.409
2008-11-06,23.561,0.115,70.08,0.739
2008-11-07,23.565,0.001,68.12,0.942
2008-11-08,23.649,0.001,64.6,0.976
2008-11-09,23.679,0.001,67.53,0.463
2008-11-10,23.403,0.0,67.02,0.26
2008-11-11,22.731,0.002,68.96,0.124
2008-11-12,22.424,0.0,69.34,0.307
2008-11-13,21.843,0.001,71.42,0.721
2008-11-14,22.127,0.0,66.02,1.336
2008-11-15,22.627,0.005,64.22,1.237
2008-11-16,21.574,0.507,76.07,0.608
2008-11-17,23.542,0.0,70.06,0.432
2008-11-18,24.046,0.002,70.35,0.257
2008-11-19,23.851,0.005,70.44,0.347
2008-11-20,24.224,0.037,70.27,0.381
2008-11-21,23.996,1.057,76.37,0.435
2008-11-22,23.325,0.128,70.54,0.926
2008-11-23,21.379,0.003,59.01,1.325
2008-11-24,20.499,0.0,52.25,1.132
2008-11-25,20.049,0.0,51.66,1.377
2008-11-26,20.451,0.001,55.94,1.216
2008-11-27,21.139,0.002,62.6,1.258
2008-11-28,21.329,0.001,59.52,1.144
2008-11-29,21.453,0.001,59.27,1.032
2008-11-30,21.384,0.003,61.97,0.588
2008-12-01,21.357,0.001,64.72,0.092
2008-12-02,22.235,0.002,67.51,0.406
2008-12-03,22.475,0.04,67.79,0.389
2008-12-04,21.786,0.001,64.4,0.873
2008-12-05,21.197,0.003,63.04,0.71
2008-12-06,20.858,0.001,62.77,0.255
2008-12-07,21.323,0.001,63.52,0.155
2008-12-08,21.459,0.0,62.35,0.327
2008-12-09,21.564,0.002,64.5,0.168
2008-12-10,22.093,0.0,68.05,0.437
2008-12-11,22.211,0.025,69.9,0.162
2008-12-12,22.088,0.0,69.34,0.183
2008-12-13,22.369,0.0,62.55,0.165
2008-12-14,22.343,0.002,60.92,0.92
2008-12-15,21.549,0.001,63.75,0.643
2008-12-16,20.531,0.002,66.26,0.577
2008-12-17,19.727,0.0,58.8,1.11
2008-12-18,19.433,0.001,64.93,1.052
2008-12-19,19.518,0.001,70.81,0.264
2008-12-20,20.25,0.002,73.61,0.085
2008-12-21,20.333,0.004,75.01,0.43
2008-12-22,20.287,0.008,73.25,0.637
2008-12-23,19.72,0.001,70.31,0.641
2008-12-24,19.24,0.003,69.24,0.255
2008-12-25,18.703,0.005,67.11,0.572
2008-12-26,18.642,0.005,62.77,0.399
2008-12-27,18.83,0.011,55.61,0.523
2008-12-28,18.485,0.0,56.35,0.269
2008-12-29,18.835,0.0,60.35,0.144
2008-12-30,19.222,0.0,64.04,0.169
2008-12-31,19.714,0.001,66.67,0.239
2009-01-01,19.684,0.117,70.83,0.06
2009-01-02,19.743,0.291,68.67,0.392
2009-01-03,19.37,0.058,67.95,0.091
2009-01-04,19.673,0.003,67.92,0.441
2009-01-05,20.491,0.039,68.42,0.384
2009-01-06,20.459,1.364,73.82,0.814
2009-01-07,20.512,0.144,72.01,0.753
2009-01-08,20.296,0.056,71.95,0.534
2009-01-09,20.307,0.125,72.57,0.581
2009-01-10,20.89,0.151,70.49,0.14
2009-01-11,21.305,0.269,70.94,0.398
2009-01-12,20.129,0.219,70.77,0.972
2009-01-13,19.623,0.0,59.54,1.124
2009-01-14,19.595,0.001,56.81,0.865
2009-01-15,19.688,0.0,54.39,0.67
2009-01-16,19.623,0.002,51.74,0.702
2009-01-17,19.766,0.002,52.97,0.327
2009-01-18,20.372,0.001,56.87,0.552
2009-01-19,21.389,0.002,55.28,0.618
2009-01-20,21.904,0.0,48.61,0.875
2009-01-21,20.421,0.001,48.1,0.505
2009-01-22,20.33,0.001,49.51,0.353
2009-01-23,20.736,0.001,53.47,0.082
2009-01-24,21.726,0.003,56.1,0.565
2009-01-25,22.887,0.002,54.23,1.011
2009-01-26,23.463,0.003,48.97,0.679
2009-01-27,24.674,0.002,45.62,0.687
2009-01-28,23.861,0.0,56.89,0.318
2009-01-29,22.385,0.005,58.71,0.913
2009-01-30,22.183,0.001,52.99,0.278
2009-01-31,22.68,0.039,58.53,0.497
2009-02-01,22.576,0.636,63.85,0.635
2009-02-02,21.135,0.59,69.64,0.549
2009-02-03,21.799,0.015,61.28,0.351
2009-02-04,22.167,0.059,63.31,0.377
2009-02-05,22.512,0.006,64.16,0.296
2009-02-06,22.948,0.051,65.48,0.699
2009-02-07,23.558,0.002,58.0,0.512
2009-02-08,23.24,0.005,51.82,0.369
2009-02-09,22.741,0.0,53.7,0.177
2009-02-10,23.327,0.0,60.46,1.005
2009-02-11,24.291,0.099,54.8,1.77
2009-02-12,23.145,0.0,49.1,1.237
2009-02-13,21.964,0.003,47.82,0.215
2009-02-14,22.675,0.002,51.27,0.191
2009-02-15,23.404,0.001,41.52,0.759
2009-02-16,23.519,0.0,43.5,0.612
2009-02-17,23.43,0.002,43.18,0.676
2009-02-18,23.393,0.0,37.19,0.547
2009-02-19,23.37,0.0,38.99,0.225
2009-02-20,24.105,0.0,46.71,0.238
2009-02-21,25.01,0.001,32.98,0.889
2009-02-22,25.172,0.0,25.21,1.511
2009-02-23,26.292,0.001,34.74,0.775
2009-02-24,27.83,0.001,40.5,1.636
2009-02-25,27.728,0.001,30.2,1.345
2009-02-26,27.03,0.003,35.12,0.346
2009-02-27,27.596,0.001,37.85,0.819
2009-02-28,26.428,0.001,35.05,0.443
2009-03-01,25.543,0.001,33.49,0.668
2009-03-02,26.056,0.002,35.28,0.302
2009-03-03,26.571,0.0,40.38,0.707
2009-03-04,27.111,0.002,33.65,0.741
2009-03-05,28.646,0.001,29.61,0.888
2009-03-06,27.888,0.0,33.81,0.551
2009-03-07,27.408,0.002,34.57,0.431
2009-03-08,28.52,0.001,41.72,1.313
2009-03-09,28.343,0.22,44.28,0.663
2009-03-10,27.496,0.252,45.83,0.052
2009-03-11,27.373,0.943,47.73,0.741
2009-03-12,26.498,0.001,30.08,0.591
2009-03-13,26.152,0.001,35.59,0.454
2009-03-14,26.327,0.001,32.82,0.383
2009-03-15,26.794,0.005,34.98,1.636
2009-03-16,25.774,0.028,39.88,0.324
2009-03-17,26.591,0.596,41.36,1.072
2009-03-18,27.073,0.826,36.53,1.411
2009-03-19,27.204,0.358,37.74,0.538
2009-03-20,27.217,1.025,43.65,1.373
2009-03-21,27.429,1.168,49.03,1.136
2009-03-22,26.268,2.383,55.92,0.34
2009-03-23,26.56,0.498,51.3,0.704
2009-03-24,27.336,0.409,45.49,1.237
2009-03-25,26.983,1.269,44.14,0.834
2009-03-26,27.144,1.299,45.32,0.958
2009-03-27,27.755,0.009,42.57,0.525
2009-03-28,27.544,0.607,50.92,1.351
2009-03-29,27.901,2.884,56.81,1.838
2009-03-30,27.422,3.397,62.33,0.909
2009-03-31,27.517,2.94,59.74,0.967
2009-04-01,28.223,0.0,47.14,0.45
2009-04-02,28.736,0.025,50.85,1.266
2009-04-03,29.612,0.036,46.73,1.246
2009-04-04,30.561,0.145,43.52,1.781
2009-04-05,30.155,0.699,52.13,0.909
2009-04-06,30.026,0.001,36.81,0.417
2009-04-07,30.127,0.863,41.48,1.203
2009-04-08,28.969,1.793,49.27,0.973
2009-04-09,27.454,0.425,52.46,0.254
2009-04-10,29.106,0.241,50.46,1.345
2009-04-11,29.529,0.001,43.8,0.713
2009-04-12,29.761,0.003,44.34,1.278
2009-04-13,29.925,0.0,35.74,1.518
2009-04-14,29.802,0.001,36.58,1.679
2009-04-15,29.212,0.003,50.93,2.043
2009-04-16,28.158,0.162,68.93,1.944
2009-04-17,30.608,0.07,52.77,0.581
2009-04-18,32.656,0.001,36.06,1.575
2009-04-19,32.565,0.001,25.7,1.689
2009-04-20,33.805,0.0,21.83,2.065
2009-04-21,34.346,0.003,26.68,1.675
2009-04-22,34.34,0.039,27.73,0.936
2009-04-23,32.694,0.0,22.22,1.471
2009-04-24,31.623,0.001,28.01,0.47
2009-04-25,31.779,0.003,31.27,0.549
2009-04-26,32.293,0.003,28.62,0.416
2009-04-27,32.121,0.008,33.05,1.245
2009-04-28,32.798,0.003,35.76,1.803
2009-04-29,33.203,0.001,39.55,1.867
2009-04-30,33.221,0.229,41.41,1.626
2009-05-01,33.085,0.878,44.06,2.207
2009-05-02,32.395,1.853,53.1,1.152
2009-05-03,30.188,4.649,67.79,1.813
2009-05-04,31.1,1.322,54.94,1.814
2009-05-05,30.624,2.513,58.42,1.7
2009-05-06,31.335,1.074,49.96,1.274
2009-05-07,31.597,0.375,48.68,0.673
2009-05-08,32.772,0.0,36.44,1.153
2009-05-09,33.273,0.061,34.73,1.428
2009-05-10,32.875,0.773,41.98,1.71
2009-05-11,29.849,16.993,63.93,0.895
2009-05-12,28.779,15.674,74.09,2.265
2009-05-13,28.12,5.356,75.13,1.33
2009-05-14,28.837,2.207,75.72,1.464
2009-05-15,28.92,5.08,76.21,1.871
2009-05-16,28.77,1.366,74.07,2.693
2009-05-17,28.962,0.677,71.14,3.02
2009-05-18,29.641,3.351,68.91,2.043
2009-05-19,29.786,1.026,71.15,2.155
2009-05-20,29.443,0.909,71.75,2.456
2009-05-21,28.63,0.223,69.11,2.2
2009-05-22,28.657,0.154,68.79,1.718
2009-05-23,28.574,2.035,72.2,2.307
2009-05-24,25.197,30.477,89.29,4.212
2009-05-25,23.693,73.469,93.13,5.024
2009-05-26,28.445,0.388,77.16,1.379
2009-05-27,29.443,0.383,76.02,2.123
2009-05-28,29.913,0.917,77.35,1.552
2009-05-29,28.72,4.307,80.0,1.633
2009-05-30,28.444,7.847,80.84,1.341
2009-05-31,28.878,2.826,75.48,1.772
2009-06-01,29.565,1.638,73.2,0.881
2009-06-02,30.199,2.605,66.03,0.864
2009-06-03,30.257,3.623,67.18,0.596
2009-06-04,29.317,7.094,75.08,0.453
2009-06-05,27.225,11.42,84.14,0.926
2009-06-06,27.628,8.866,81.69,0.586
2009-06-07,30.516,0.135,63.13,1.661
2009-06-08,31.459,0.131,59.0,1.81
2009-06-09,31.064,0.303,67.05,2.166
2009-06-10,30.182,0.298,71.95,2.669
2009-06-11,29.635,8.689,74.54,2.416
2009-06-12,30.901,0.419,62.47,2.265
2009-06-13,31.046,1.822,65.51,1.778
2009-06-14,30.651,2.82,67.61,1.646
2009-06-15,31.048,0.893,63.57,1.546
2009-06-16,31.907,0.568,55.36,0.978
2009-06-17,31.853,0.432,53.41,0.702
2009-06-18,31.736,0.095,57.78,1.432
2009-06-19,32.31,0.093,54.5,1.678
2009-06-20,32.566,0.37,51.69,1.746
2009-06-21,32.853,0.746,50.54,1.998
2009-06-22,33.226,0.16,47.48,1.093
2009-06-23,33.054,0.001,53.4,0.525
2009-06-24,31.261,0.624,69.4,1.814
2009-06-25,29.555,9.671,78.21,1.557
2009-06-26,28.454,5.58,80.99,1.376
2009-06-27,28.067,8.78,82.37,1.66
2009-06-28,27.754,4.489,83.04,2.188
2009-06-29,27.952,3.984,81.55,2.676
2009-06-30,28.024,11.311,82.25,2.75
2009-07-01,27.657,7.329,83.27,2.635
2009-07-02,26.912,4.888,83.99,2.307
2009-07-03,26.679,4.294,84.83,1.784
2009-07-04,26.901,7.67,84.35,1.657
2009-07-05,27.407,4.419,83.06,1.063
2009-07-06,26.41,18.648,87.55,1.296
2009-07-07,25.757,11.912,91.63,1.479
2009-07-08,26.008,9.191,88.07,1.559
2009-07-09,25.148,21.544,91.8,1.515
2009-07-10,24.911,22.95,92.47,2.098
2009-07-11,26.041,19.268,87.01,2.171
2009-07-12,25.49,24.56,92.17,0.863
2009-07-13,25.923,6.175,89.34,2.864
2009-07-14,26.321,5.888,86.04,2.984
2009-07-15,25.552,11.43,91.76,1.028
2009-07-16,26.283,2.19,85.45,1.822
2009-07-17,26.38,7.546,87.99,0.744
2009-07-18,26.402,15.484,87.91,1.042
2009-07-19,26.619,18.785,87.0,2.832
2009-07-20,25.228,34.122,94.27,1.921
2009-07-21,26.124,10.968,88.75,2.147
2009-07-22,25.714,10.624,89.84,1.416
2009-07-23,27.31,2.657,81.08,1.521
2009-07-24,28.404,2.714,76.46,1.856
2009-07-25,27.96,9.372,80.75,1.593
2009-07-26,27.157,15.545,85.86,1.704
2009-07-27,26.241,9.154,86.69,2.418
2009-07-28,25.229,19.32,92.61,2.26
2009-07-29,26.655,10.265,84.93,2.327
2009-07-30,28.258,1.011,76.96,2.125
2009-07-31,28.875,0.897,76.09,1.659
2009-08-01,28.415,2.601,78.72,1.368
2009-08-02,27.783,14.83,84.25,0.986
2009-08-03,27.591,24.74,85.95,1.1
2009-08-04,27.719,15.7,85.62,1.707
2009-08-05,28.178,7.159,80.08,1.803
2009-08-06,27.604,14.249,83.16,1.203
2009-08-07,26.711,23.801,88.81,1.239
2009-08-08,26.827,16.251,88.34,1.172
2009-08-09,26.951,23.31,88.57,0.991
2009-08-10,26.599,15.911,90.09,0.32
2009-08-11,27.027,3.52,87.68,1.45
2009-08-12,27.462,4.421,86.56,1.774
2009-08-13,27.291,11.968,86.85,1.537
2009-08-14,25.941,14.848,91.28,1.462
2009-08-15,25.695,6.505,90.07,2.385
2009-08-16,26.885,1.748,84.69,2.395
2009-08-17,27.187,1.559,81.28,2.302
2009-08-18,27.246,3.179,81.34,2.327
2009-08-19,26.384,16.072,87.92,2.166
2009-08-20,25.499,13.653,89.25,2.556
2009-08-21,25.492,6.424,84.8,2.358
2009-08-22,26.127,10.393,85.99,1.77
2009-08-23,26.825,11.387,86.26,0.55
2009-08-24,24.744,20.976,93.08,1.056
2009-08-25,24.824,8.026,90.9,1.883
2009-08-26,24.958,9.663,91.92,1.313
2009-08-27,25.157,9.048,91.66,1.377
2009-08-28,25.82,4.103,91.29,1.758
2009-08-29,26.491,4.184,88.59,1.05
2009-08-30,26.896,6.171,86.68,0.863
2009-08-31,26.389,4.859,86.2,0.962
2009-09-01,26.334,5.543,85.27,0.661
2009-09-02,26.316,5.538,87.75,0.986
2009-09-03,26.203,12.228,87.25,0.857
2009-09-04,25.18,30.359,91.54,2.579
2009-09-05,24.734,27.881,94.53,2.46
2009-09-06,25.537,19.388,90.45,2.867
2009-09-07,25.088,16.817,95.42,1.37
2009-09-08,25.389,18.866,90.85,1.167
2009-09-09,25.788,3.76,91.15,2.007
2009-09-10,26.74,2.891,85.5,1.357
2009-09-11,27.198,2.507,82.27,0.851
2009-09-12,27.909,0.479,77.42,0.933
2009-09-13,28.051,0.995,77.72,0.755
2009-09-14,28.098,1.312,76.92,1.103
2009-09-15,27.938,0.888,77.9,0.98
2009-09-16,27.303,2.906,82.54,0.371
2009-09-17,26.577,13.408,85.85,0.302
2009-09-18,26.431,8.112,85.9,1.095
2009-09-19,26.281,5.738,85.88,1.349
2009-09-20,26.499,6.808,84.79,1.35
2009-09-21,26.081,11.055,86.41,1.362
2009-09-22,26.037,6.778,87.31,0.855
2009-09-23,26.336,12.011,87.37,0.585
2009-09-24,26.195,6.03,87.74,0.388
2009-09-25,26.082,6.026,87.19,0.838
2009-09-26,26.247,2.17,87.5,0.612
2009-09-27,26.189,14.617,88.25,0.92
2009-09-28,25.118,12.262,91.28,1.988
2009-09-29,25.138,14.773,91.31,2.59
2009-09-30,24.912,12.788,92.26,3.02
2009-10-01,23.952,36.88,96.82,2.729
2009-10-02,24.635,11.225,94.66,1.306
2009-10-03,25.24,12.497,89.95,0.939
2009-10-04,24.685,11.714,93.57,0.913
2009-10-05,24.866,12.932,92.54,1.064
2009-10-06,24.841,15.355,93.93,1.085
2009-10-07,25.566,5.113,89.6,2.071
2009-10-08,25.777,0.578,82.94,1.546
2009-10-09,25.757,0.0,69.23,0.984
2009-10-10,25.846,0.004,66.74,1.172
2009-10-11,25.372,0.0,66.54,0.516
2009-10-12,25.417,0.002,65.87,0.582
2009-10-13,24.768,0.011,68.39,0.887
2009-10-14,24.599,0.001,69.87,0.732
2009-10-15,24.831,0.001,71.13,0.48
2009-10-16,24.779,0.015,73.04,0.671
2009-10-17,24.947,0.142,72.67,0.685
2009-10-18,24.963,0.0,64.45,1.033
2009-10-19,25.115,0.001,63.44,0.909
2009-10-20,24.795,0.0,55.28,1.073
2009-10-21,24.589,0.0,58.74,1.216
2009-10-22,23.009,0.003,57.49,1.308
2009-10-23,22.637,0.001,63.21,1.058
2009-10-24,22.466,0.001,56.9,0.88
2009-10-25,22.351,0.0,57.11,0.935
2009-10-26,22.083,0.002,58.35,1.098
2009-10-27,22.432,0.001,59.73,0.777
2009-10-28,22.645,0.001,59.27,0.865
2009-10-29,22.651,0.001,61.71,1.004
2009-10-30,23.002,0.003,63.04,0.876
2009-10-31,23.433,0.0,59.33,0.726
2009-11-01,23.369,0.0,61.39,0.977
2009-11-02,22.854,0.002,71.68,1.121
2009-11-03,23.693,0.634,76.28,0.4
2009-11-04,24.366,1.522,74.72,0.809
2009-11-05,24.211,0.693,74.66,0.798
2009-11-06,24.311,0.421,75.7,0.064
2009-11-07,24.253,0.652,76.02,0.259
2009-11-08,24.768,0.055,70.93,0.483
2009-11-09,24.809,0.003,68.75,0.099
2009-11-10,24.953,0.229,72.56,0.204
2009-11-11,24.561,0.12,70.91,0.591
2009-11-12,25.136,0.002,69.08,1.143
2009-11-13,26.093,0.162,70.65,0.774
2009-11-14,26.737,0.427,75.47,0.773
2009-11-15,26.297,1.845,77.4,0.846
2009-11-16,24.785,10.15,82.79,0.654
2009-11-17,22.962,6.526,86.44,0.588
2009-11-18,22.202,6.875,90.89,0.57
2009-11-19,21.565,0.354,78.53,1.016
2009-11-20,20.417,0.002,67.11,1.336
2009-11-21,19.313,0.0,63.26,1.224
2009-11-22,18.674,0.001,60.95,1.296
2009-11-23,18.84,0.001,60.85,1.225
2009-11-24,18.882,0.0,59.03,1.32
2009-11-25,19.061,0.0,56.95,1.011
2009-11-26,19.025,0.002,56.08,0.828
2009-11-27,19.161,0.001,54.31,1.023
2009-11-28,18.957,0.0,55.68,1.308
2009-11-29,18.89,0.002,54.94,1.146
2009-11-30,19.174,0.001,61.22,0.801
2009-12-01,19.282,0.001,65.62,0.452
2009-12-02,19.591,0.0,67.63,0.455
2009-12-03,19.706,0.0,67.13,0.458
2009-12-04,19.846,0.001,66.74,0.365
2009-12-05,19.749,0.002,69.42,0.216
2009-12-06,20.072,0.0,71.6,0.707
2009-12-07,20.261,0.001,68.76,0.313
2009-12-08,20.609,0.0,66.96,0.292
2009-12-09,20.476,0.0,65.87,0.425
2009-12-10,19.917,0.002,67.9,0.42
2009-12-11,19.858,0.003,68.5,0.433
2009-12-12,19.594,0.001,68.96,0.526
2009-12-13,19.808,0.003,68.59,0.145
2009-12-14,20.479,0.001,69.27,0.561
2009-12-15,21.063,0.0,67.47,0.208
2009-12-16,22.053,0.001,65.41,0.37
2009-12-17,22.214,0.293,68.22,0.308
2009-12-18,21.537,2.811,74.78,0.093
2009-12-19,21.364,0.301,73.37,0.885
2009-12-20,20.633,0.009,67.58,1.193
2009-12-21,19.404,0.001,64.54,0.923
2009-12-22,18.146,0.001,62.46,1.083
2009-12-23,17.511,0.001,53.65,1.11
2009-12-24,17.474,0.0,50.53,1.309
2009-12-25,17.874,0.002,50.3,1.022
2009-12-26,17.785,0.001,54.39,0.505
2009-12-27,17.26,0.0,51.27,0.988
2009-12-28,17.319,0.001,53.62,0.669
2009-12-29,17.803,0.002,54.06,0.716
2009-12-30,18.831,0.181,57.76,0.262
2009-12-31,18.476,0.001,61.31,1.29
2010-01-01,16.571,0.0,59.33,1.605
2010-01-02,15.951,0.001,54.54,2.037
2010-01-03,16.439,0.001,50.6,1.411
2010-01-04,17.829,0.0,51.6,0.789
2010-01-05,17.26,0.0,58.75,1.384
2010-01-06,16.403,0.0,62.68,1.386
2010-01-07,16.319,0.001,57.9,1.453
2010-01-08,17.488,0.0,57.02,0.769
2010-01-09,19.119,0.0,58.48,0.622
2010-01-10,20.064,0.001,62.73,0.482
2010-01-11,19.816,0.0,64.81,0.473
2010-01-12,19.521,0.009,61.73,0.417
2010-01-13,19.887,2.553,70.43,0.084
2010-01-14,20.03,3.705,80.92,0.559
2010-01-15,19.015,0.132,76.28,1.205
2010-01-16,17.997,0.003,67.91,1.43
2010-01-17,17.323,0.001,61.47,1.395
2010-01-18,17.643,0.0,61.83,1.008
2010-01-19,17.561,0.001,60.52,1.194
2010-01-20,17.258,0.001,56.71,1.759
2010-01-21,17.501,0.0,52.09,1.677
2010-01-22,18.041,0.001,47.35,1.142
2010-01-23,18.488,0.001,52.0,0.586
2010-01-24,18.822,0.001,52.11,0.339
2010-01-25,18.951,0.0,53.59,0.185
2010-01-26,20.084,0.001,47.66,0.455
2010-01-27,19.838,0.001,50.55,0.643
2010-01-28,19.416,0.001,48.36,0.099
2010-01-29,19.365,0.001,48.34,0.164
2010-01-30,19.402,0.003,46.57,0.586
2010-01-31,19.934,0.003,43.54,0.587
2010-02-01,20.013,0.002,45.13,0.443
2010-02-02,21.11,0.004,43.94,0.631
2010-02-03,21.625,0.004,47.72,0.514
2010-02-04,21.118,0.05,49.16,0.026
2010-02-05,21.152,0.002,43.85,0.425
2010-02-06,21.074,0.002,37.81,0.58
2010-02-07,21.932,0.002,41.95,0.662
2010-02-08,22.513,0.0,43.53,0.244
2010-02-09,23.398,0.001,47.65,1.07
2010-02-10,23.082,0.001,53.8,0.625
2010-02-11,23.442,0.001,54.5,0.326
2010-02-12,24.105,0.001,49.84,0.703
2010-02-13,24.023,0.001,47.62,0.798
2010-02-14,24.127,0.063,52.82,0.298
2010-02-15,24.046,0.071,57.45,0.87
2010-02-16,24.905,0.679,59.16,0.881
2010-02-17,24.268,2.089,65.94,0.91
2010-02-18,23.391,0.005,50.05,0.537
2010-02-19,23.425,0.022,58.36,0.536
2010-02-20,23.594,0.063,53.14,0.345
2010-02-21,23.856,0.013,54.03,0.144
2010-02-22,23.843,0.039,60.78,0.63
2010-02-23,25.102,0.006,57.24,1.39
2010-02-24,25.581,2.165,58.64,1.745
2010-02-25,25.655,0.006,51.19,0.584
2010-02-26,25.014,0.026,53.46,0.16
2010-02-27,25.225,0.006,48.66,0.447
2010-02-28,26.27,0.001,38.71,0.766
2010-03-01,26.977,0.002,33.94,0.793
2010-03-02,27.746,0.0,29.9,1.429
2010-03-03,28.351,0.002,33.53,1.158
2010-03-04,28.813,0.0,37.63,1.24
2010-03-05,29.267,0.005,39.81,1.416
2010-03-06,28.703,0.002,43.37,0.396
2010-03-07,28.651,0.068,51.89,0.346
2010-03-08,28.513,0.089,53.51,0.428
2010-03-09,27.633,0.272,57.07,0.486
2010-03-10,27.936,0.023,51.53,0.403
2010-03-11,27.883,0.491,55.24,0.318
2010-03-12,28.758,0.15,48.63,0.622
2010-03-13,28.721,0.001,42.35,0.51
2010-03-14,28.598,0.263,40.32,0.462
2010-03-15,29.006,0.014,36.47,1.277
2010-03-16,27.238,2.783,58.75,0.711
2010-03-17,27.166,1.915,64.03,0.736
2010-03-18,27.68,1.311,53.07,0.743
2010-03-19,28.533,0.0,39.75,0.347
2010-03-20,28.822,0.001,44.35,0.379
2010-03-21,29.518,0.0,43.12,1.182
2010-03-22,30.656,0.0,33.69,1.086
2010-03-23,31.138,0.001,38.52,1.833
2010-03-24,31.428,0.0,42.61,1.661
2010-03-25,31.171,0.01,46.1,2.038
2010-03-26,30.66,0.771,48.04,2.005
2010-03-27,30.759,1.26,48.35,2.465
2010-03-28,30.046,1.999,54.01,2.531
2010-03-29,30.295,0.479,51.86,2.112
2010-03-30,31.011,0.766,48.73,2.865
2010-03-31,31.606,0.202,40.21,3.318
2010-04-01,31.692,0.003,34.93,1.983
2010-04-02,31.338,0.002,40.08,1.613
2010-04-03,31.133,0.007,49.07,1.856
2010-04-04,31.338,0.669,50.25,1.602
2010-04-05,31.738,0.001,44.03,0.689
2010-04-06,31.976,0.001,39.11,0.594
2010-04-07,31.771,0.063,43.6,0.827
2010-04-08,32.268,0.005,38.86,1.563
2010-04-09,32.501,0.0,26.35,1.327
2010-04-10,33.226,0.217,36.93,1.959
2010-04-11,33.182,0.114,39.26,1.178
2010-04-12,32.298,0.806,51.56,2.275
2010-04-13,32.186,0.557,54.11,2.218
2010-04-14,32.068,0.574,56.46,1.705
2010-04-15,30.953,0.654,63.56,2.079
2010-04-16,31.38,0.341,57.39,2.243
2010-04-17,32.455,0.691,48.1,3.238
2010-04-18,33.519,0.578,41.81,3.273
2010-04-19,34.545,0.029,35.39,3.503
2010-04-20,35.126,0.0,29.84,3.179
2010-04-21,34.579,0.002,30.73,2.765
2010-04-22,33.992,0.804,35.21,1.573
2010-04-23,32.535,1.621,49.04,1.771
2010-04-24,32.396,1.262,44.88,2.437
2010-04-25,32.327,0.998,40.95,2.066
2010-04-26,31.408,1.331,53.89,2.701
2010-04-27,31.267,1.76,55.35,2.419
2010-04-28,31.134,2.311,58.26,1.817
2010-04-29,30.119,3.773,63.77,1.728
2010-04-30,31.451,1.26,54.47,2.208
2010-05-01,32.173,0.353,49.7,1.783
2010-05-02,31.588,0.182,49.92,0.517
2010-05-03,30.709,2.393,56.24,1.996
2010-05-04,28.566,6.432,68.91,1.939
2010-05-05,28.382,6.614,70.46,2.39
2010-05-06,28.192,3.017,71.61,2.422
2010-05-07,28.725,3.009,70.5,1.965
2010-05-08,30.337,0.846,61.72,1.89
2010-05-09,31.625,0.983,58.53,2.162
2010-05-10,32.272,0.643,58.35,1.59
2010-05-11,32.537,0.816,60.45,2.079
2010-05-12,32.442,1.214,59.76,2.182
2010-05-13,32.048,2.713,60.28,2.125
2010-05-14,31.551,4.629,63.24,2.642
2010-05-15,32.158,0.553,59.88,2.66
2010-05-16,31.754,2.609,61.19,2.297
2010-05-17,31.094,0.898,65.81,2.798
2010-05-18,30.092,0.086,65.53,3.284
2010-05-19,29.907,0.45,68.08,3.372
2010-05-20,29.962,1.319,66.99,3.67
2010-05-21,26.375,9.303,87.58,2.369
2010-05-22,26.772,12.635,85.24,2.037
2010-05-23,25.8,17.583,90.58,1.159
2010-05-24,28.872,0.237,74.31,0.943
2010-05-25,31.511,0.239,71.64,2.411
2010-05-26,32.122,0.879,66.51,0.438
2010-05-27,31.662,0.197,69.48,1.265
2010-05-28,31.078,0.116,73.09,1.121
2010-05-29,31.059,1.028,71.86,1.747
2010-05-30,31.605,2.094,67.81,1.699
2010-05-31,31.759,0.49,68.56,1.875
2010-06-01,32.547,0.275,62.92,1.956
2010-06-02,32.716,0.471,62.67,2.337
2010-06-03,32.967,0.846,62.41,2.218
2010-06-04,32.883,1.148,56.28,1.007
2010-06-05,33.493,0.566,52.66,1.191
2010-06-06,33.57,0.141,53.55,0.837
2010-06-07,32.624,2.002,63.08,1.835
2010-06-08,32.39,0.736,62.36,2.392
2010-06-09,30.741,2.913,68.59,2.001
2010-06-10,29.796,4.434,71.09,1.689
2010-06-11,29.383,5.861,73.52,1.808
2010-06-12,27.952,13.886,80.54,1.746
2010-06-13,27.165,4.053,84.73,2.054
2010-06-14,28.203,2.376,81.38,1.611
2010-06-15,30.644,1.59,68.64,2.423
2010-06-16,30.991,0.549,62.87,2.492
2010-06-17,29.448,5.649,72.94,1.927
2010-06-18,28.669,6.44,79.25,1.76
2010-06-19,27.445,16.966,85.23,2.194
2010-06-20,28.238,4.154,76.65,2.527
2010-06-21,29.265,1.712,72.74,1.949
2010-06-22,30.576,1.138,71.94,1.45
2010-06-23,29.357,7.851,79.28,1.386
2010-06-24,27.159,26.76,87.43,0.453
2010-06-25,26.527,25.012,89.21,1.009
2010-06-26,26.359,17.344,90.0,1.753
2010-06-27,27.247,27.41,88.13,2.361
2010-06-28,29.16,3.017,80.32,2.551
2010-06-29,28.473,23.661,85.08,1.667
2010-06-30,27.644,11.62,86.87,0.76
2010-07-01,26.86,11.861,87.25,0.946
2010-07-02,26.102,9.767,89.55,1.56
2010-07-03,26.346,7.721,89.09,2.115
2010-07-04,26.63,4.377,85.78,2.337
2010-07-05,26.621,5.892,85.4,1.759
2010-07-06,26.13,5.255,86.3,2.299
2010-07-07,26.593,2.536,83.94,3.171
2010-07-08,27.439,1.57,78.58,3.0
2010-07-09,28.068,1.546,79.26,2.133
2010-07-10,28.52,2.577,77.38,2.643
2010-07-11,27.172,9.672,85.28,2.506
2010-07-12,26.909,6.864,85.64,2.043
2010-07-13,26.144,12.552,89.93,1.277
2010-07-14,26.547,9.081,88.31,0.806
2010-07-15,26.593,6.163,88.26,1.723
2010-07-16,27.183,3.045,84.25,2.148
2010-07-17,27.536,2.905,81.79,2.228
2010-07-18,28.238,0.656,78.17,2.221
2010-07-19,27.994,1.272,80.18,2.013
2010-07-20,27.478,2.044,82.88,1.925
2010-07-21,27.291,2.164,82.66,1.867
2010-07-22,27.033,3.851,84.57,1.508
2010-07-23,27.182,10.864,85.9,1.098
2010-07-24,25.895,19.403,91.87,1.232
2010-07-25,25.77,6.534,88.47,2.488
2010-07-26,25.879,2.109,85.09,2.335
2010-07-27,25.761,12.0,89.44,0.671
2010-07-28,26.512,2.659,85.74,1.673
2010-07-29,26.696,5.466,86.16,2.15
2010-07-30,25.996,6.088,88.7,2.038
2010-07-31,25.939,7.147,89.89,1.251
2010-08-01,26.31,5.806,87.96,1.003
2010-08-02,25.634,13.899,89.76,0.827
2010-08-03,25.667,7.155,90.33,0.835
2010-08-04,25.934,12.857,88.86,1.841
2010-08-05,25.472,9.305,90.68,3.273
2010-08-06,25.541,7.844,89.21,2.915
2010-08-07,26.335,4.402,86.77,1.286
2010-08-08,27.358,3.904,81.49,0.886
2010-08-09,28.197,1.756,78.01,0.887
2010-08-10,27.937,7.271,82.12,0.163
2010-08-11,28.024,3.001,79.57,1.074
2010-08-12,26.376,8.867,88.74,1.099
2010-08-13,26.662,6.207,85.86,1.601
2010-08-14,26.556,9.879,89.01,1.699
2010-08-15,26.281,17.882,91.32,1.727
2010-08-16,27.608,1.934,81.4,2.523
2010-08-17,27.357,4.917,83.64,2.077
2010-08-18,27.737,3.661,82.68,1.778
2010-08-19,26.879,7.996,85.58,1.798
2010-08-20,26.114,2.926,88.31,2.347
2010-08-21,27.175,4.322,82.01,2.523
2010-08-22,27.423,4.896,82.19,1.753
2010-08-23,27.156,8.786,84.94,1.32
2010-08-24,27.344,2.837,81.1,1.583
2010-08-25,26.729,3.75,83.14,1.696
2010-08-26,26.639,2.064,84.08,1.875
2010-08-27,25.963,7.997,88.61,1.619
2010-08-28,26.319,12.141,88.56,1.323
2010-08-29,26.215,12.123,89.42,0.428
2010-08-30,25.73,10.907,90.77,1.169
2010-08-31,26.171,4.415,85.51,1.186
2010-09-01,26.638,5.006,85.88,1.057
2010-09-02,27.104,3.943,84.96,1.353
2010-09-03,26.9,2.246,85.86,1.76
2010-09-04,26.758,2.752,86.6,1.786
2010-09-05,26.49,3.648,88.54,1.592
2010-09-06,26.423,6.565,88.57,1.639
2010-09-07,25.861,11.322,91.06,2.531
2010-09-08,26.295,3.686,88.91,2.247
2010-09-09,26.626,3.838,86.64,1.843
2010-09-10,27.196,3.752,84.32,1.377
2010-09-11,26.644,17.002,87.67,0.709
2010-09-12,25.914,11.966,89.83,0.084
2010-09-13,25.546,13.019,90.64,0.493
2010-09-14,25.709,6.037,88.53,0.98
2010-09-15,25.489,7.772,89.1,1.207
2010-09-16,25.305,9.927,89.41,1.382
2010-09-17,24.775,9.902,92.72,1.593
2010-09-18,24.359,11.547,95.02,2.548
2010-09-19,25.308,3.825,89.78,2.399
2010-09-20,25.952,1.127,85.34,2.115
2010-09-21,26.815,2.431,83.94,1.248
2010-09-22,26.953,2.414,82.73,0.773
2010-09-23,26.954,0.154,75.55,0.526
2010-09-24,26.853,0.725,77.59,0.539
2010-09-25,27.27,0.716,76.91,0.711
2010-09-26,27.03,2.872,79.61,1.058
2010-09-27,27.011,6.553,81.16,1.255
2010-09-28,27.133,1.589,80.24,0.458
2010-09-29,26.579,0.954,79.61,0.201
2010-09-30,26.25,0.342,77.87,0.437
2010-10-01,25.992,2.253,82.12,0.631
2010-10-02,26.103,3.813,84.0,0.412
2010-10-03,26.75,0.581,80.11,0.167
2010-10-04,26.871,2.96,81.76,0.626
2010-10-05,25.76,7.858,88.32,1.075
2010-10-06,23.909,30.295,96.58,1.974
2010-10-07,23.344,37.161,98.55,2.053
2010-10-08,24.633,10.111,89.13,1.401
2010-10-09,25.005,2.382,85.56,0.433
2010-10-10,25.552,1.219,83.09,0.25
2010-10-11,26.032,0.258,77.06,0.115
2010-10-12,25.914,0.408,75.68,1.075
2010-10-13,24.916,1.506,82.29,1.633
2010-10-14,24.803,8.493,86.74,2.368
2010-10-15,24.023,13.835,94.75,3.344
2010-10-16,24.881,3.534,87.31,2.347
2010-10-17,24.525,2.21,89.8,1.465
2010-10-18,25.459,0.459,83.96,0.739
2010-10-19,26.482,0.533,80.18,0.116
2010-10-20,26.764,1.497,81.17,0.693
2010-10-21,25.897,6.215,84.97,0.445
2010-10-22,24.702,14.666,90.52,0.388
2010-10-23,24.534,14.115,89.93,0.55
2010-10-24,25.14,0.196,80.31,0.31
2010-10-25,24.48,0.026,79.88,0.335
2010-10-26,24.508,0.765,79.57,0.242
2010-10-27,24.178,0.774,80.5,0.228
2010-10-28,23.713,0.132,77.24,0.571
2010-10-29,23.189,0.001,72.54,1.078
2010-10-30,23.32,0.001,73.06,1.101
2010-10-31,23.549,1.708,79.61,1.006
2010-11-01,20.592,3.17,83.65,1.874
2010-11-02,20.601,1.885,85.86,1.36
2010-11-03,22.794,0.139,81.63,0.973
2010-11-04,22.577,0.001,72.71,1.569
2010-11-05,22.303,0.002,72.45,1.057
2010-11-06,22.774,0.002,74.42,0.977
2010-11-07,23.917,0.71,77.52,1.385
2010-11-08,23.317,2.021,83.48,0.846
2010-11-09,23.332,0.198,78.53,0.471
2010-11-10,24.736,0.127,73.99,0.223
2010-11-11,23.811,1.487,82.84,0.086
2010-11-12,23.517,3.788,83.63,0.226
2010-11-13,23.517,0.318,81.49,0.636
2010-11-14,23.199,0.041,79.73,0.425
2010-11-15,22.952,0.002,78.84,0.295
2010-11-16,23.928,0.116,77.35,0.603
2010-11-17,24.355,0.196,76.68,0.848
2010-11-18,24.94,0.525,74.09,0.67
2010-11-19,24.451,0.617,75.31,0.674
2010-11-20,24.342,0.333,74.08,0.528
2010-11-21,23.077,0.204,72.6,0.588
2010-11-22,21.654,0.014,70.08,0.343
2010-11-23,21.846,0.0,69.45,0.369
2010-11-24,21.798,0.001,70.68,0.073
2010-11-25,22.914,0.002,70.97,0.258
2010-11-26,24.343,0.012,71.5,0.202
2010-11-27,24.1,0.408,77.24,0.136
2010-11-28,24.119,0.96,79.21,0.181
2010-11-29,23.459,0.788,80.21,0.54
2010-11-30,22.09,0.356,76.1,0.827
2010-12-01,19.902,0.003,60.89,1.429
2010-12-02,19.195,0.001,60.52,1.351
2010-12-03,19.378,0.0,59.06,1.723
2010-12-04,19.291,0.001,60.04,1.892
2010-12-05,19.172,0.328,63.56,1.359
2010-12-06,17.015,22.552,89.21,1.823
2010-12-07,19.604,3.144,79.9,1.63
2010-12-08,18.497,16.938,93.32,1.341
2010-12-09,20.258,0.849,90.01,1.132
2010-12-10,20.496,0.751,84.67,1.082
2010-12-11,20.768,0.188,73.24,1.036
2010-12-12,20.706,0.221,74.96,0.591
2010-12-13,19.781,0.066,68.51,1.405
2010-12-14,18.81,0.017,70.83,1.214
2010-12-15,16.91,0.002,61.91,1.473
2010-12-16,16.769,0.0,65.01,1.547
2010-12-17,16.812,0.0,62.31,1.275
2010-12-18,16.636,0.0,66.0,1.147
2010-12-19,16.557,0.0,61.59,1.437
2010-12-20,16.173,0.0,57.55,1.569
2010-12-21,15.918,0.0,53.78,1.183
2010-12-22,15.969,0.001,56.52,0.497
2010-12-23,16.39,0.001,63.99,0.487
2010-12-24,17.345,0.001,64.68,0.379
2010-12-25,18.501,0.0,68.6,0.442
2010-12-26,17.64,0.001,71.9,0.39
2010-12-27,17.292,0.0,70.34,0.576
2010-12-28,16.936,0.001,62.75,0.689
2010-12-29,17.152,0.001,60.61,0.558
2010-12-30,17.818,0.002,64.67,0.153
2010-12-31,18.703,0.0,66.91,0.954
2011-01-01,19.963,0.306,69.68,1.308
2011-01-02,16.795,0.001,58.66,1.535
2011-01-03,15.207,0.001,55.37,1.815
2011-01-04,14.749,0.001,53.32,1.696
2011-01-05,14.863,0.0,52.66,1.396
2011-01-06,15.102,0.001,55.42,1.438
2011-01-07,15.289,0.002,55.03,1.418
2011-01-08,16.222,0.0,59.4,0.872
2011-01-09,17.351,0.001,63.17,0.708
2011-01-10,16.84,0.002,55.35,1.221
2011-01-11,15.942,0.001,42.35,0.919
2011-01-12,16.147,0.001,48.3,0.313
2011-01-13,17.135,0.001,52.51,0.296
2011-01-14,17.921,0.001,55.9,0.358
2011-01-15,19.883,0.002,58.36,1.572
2011-01-16,19.704,0.003,53.13,1.765
2011-01-17,16.603,0.001,39.94,0.473
2011-01-18,17.228,0.0,47.33,0.933
2011-01-19,18.457,0.049,53.85,0.341
2011-01-20,17.784,0.001,57.75,1.33
2011-01-21,17.467,0.002,56.88,0.544
2011-01-22,17.743,0.002,54.06,0.098
2011-01-23,19.127,0.0,54.14,0.248
2011-01-24,20.542,0.0,54.48,0.55
2011-01-25,21.164,0.001,59.16,0.384
2011-01-26,21.404,0.039,62.56,0.462
2011-01-27,21.207,0.007,63.01,0.878
2011-01-28,20.365,0.004,63.93,0.555
2011-01-29,21.132,0.055,67.17,1.044
2011-01-30,21.92,0.414,68.55,1.019
2011-01-31,21.96,0.336,61.48,0.64
2011-02-01,20.434,0.0,53.89,0.538
2011-02-02,19.948,0.001,52.54,0.889
2011-02-03,19.75,0.0,51.93,0.787
2011-02-04,20.206,0.002,53.23,0.566
2011-02-05,20.399,0.001,55.34,0.306
2011-02-06,21.088,0.0,55.47,0.311
2011-02-07,22.169,0.002,49.66,0.499
2011-02-08,23.833,0.002,37.15,1.064
2011-02-09,23.524,0.002,43.11,0.622
2011-02-10,22.898,0.002,46.61,0.081
2011-02-11,22.964,0.003,49.99,0.212
2011-02-12,22.941,0.003,47.15,0.373
2011-02-13,23.491,0.0,41.38,0.28
2011-02-14,24.668,0.0,40.18,0.913
2011-02-15,25.632,0.0,33.95,2.456
2011-02-16,24.158,0.001,39.66,2.239
2011-02-17,22.993,0.271,58.96,0.545
2011-02-18,21.96,1.07,69.6,0.574
2011-02-19,21.628,8.724,78.21,0.458
2011-02-20,20.173,21.79,89.08,0.47
2011-02-21,17.246,10.066,93.04,1.248
2011-02-22,19.874,0.001,62.85,1.006
2011-02-23,20.059,0.001,55.01,0.708
2011-02-24,20.27,0.0,55.57,0.243
2011-02-25,21.525,0.002,55.07,0.191
2011-02-26,22.119,0.044,56.19,0.15
2011-02-27,22.322,0.251,55.03,1.292
2011-02-28,22.071,0.001,46.06,0.968
2011-03-01,21.929,0.001,43.62,1.044
2011-03-02,22.512,0.001,43.81,0.254
2011-03-03,24.683,0.001,48.65,0.612
2011-03-04,26.273,0.006,49.47,0.796
2011-03-05,27.186,0.019,46.46,1.377
2011-03-06,27.534,0.001,45.72,1.139
2011-03-07,26.222,0.0,36.15,1.276
2011-03-08,26.359,0.002,32.56,0.803
2011-03-09,27.162,0.002,42.37,1.852
2011-03-10,27.034,0.563,48.51,1.328
2011-03-11,25.811,2.232,54.94,1.135
2011-03-12,25.273,0.003,57.82,1.042
2011-03-13,25.659,0.02,58.64,0.893
2011-03-14,25.618,0.001,50.05,0.167
2011-03-15,23.192,6.365,66.96,0.087
2011-03-16,24.28,0.0,43.47,0.191
2011-03-17,25.541,0.005,49.73,2.668
2011-03-18,26.461,0.023,55.04,3.42
2011-03-19,28.422,0.0,49.6,3.009
2011-03-20,29.463,0.001,42.79,2.907
2011-03-21,29.097,0.0,40.89,2.165
2011-03-22,28.512,0.003,50.57,0.973
2011-03-23,28.148,0.133,56.53,1.646
2011-03-24,27.937,0.653,49.5,1.093
2011-03-25,27.104,0.827,54.31,1.376
2011-03-26,26.935,1.68,59.64,1.101
2011-03-27,26.992,1.401,61.88,1.527
2011-03-28,27.457,0.575,57.49,1.625
2011-03-29,27.922,0.471,59.48,2.517
2011-03-30,27.993,0.41,61.2,2.459
2011-03-31,27.876,0.114,55.22,0.546
2011-04-01,27.242,1.567,63.23,2.176
2011-04-02,28.108,0.29,59.72,2.191
2011-04-03,28.093,0.757,62.9,2.428
2011-04-04,26.545,14.638,70.45,0.811
2011-04-05,24.59,3.02,75.98,0.46
2011-04-06,26.051,0.131,59.9,0.559
2011-04-07,27.338,0.002,48.07,1.548
2011-04-08,28.524,0.077,43.89,2.243
2011-04-09,27.995,0.216,47.4,0.482
2011-04-10,27.554,1.054,51.71,0.867
2011-04-11,28.287,0.351,49.24,1.16
2011-04-12,29.15,0.183,44.19,1.635
2011-04-13,29.118,0.967,47.77,1.1
2011-04-14,28.01,2.89,58.65,1.346
2011-04-15,28.338,2.011,58.41,1.165
2011-04-16,28.479,3.183,63.87,1.284
2011-04-17,29.609,0.568,58.56,1.547
2011-04-18,29.995,1.666,57.11,1.41
2011-04-19,29.573,0.422,56.97,1.476
2011-04-20,28.722,1.921,60.74,1.021
2011-04-21,27.552,9.857,69.94,0.948
2011-04-22,25.807,8.015,76.05,1.02
2011-04-23,26.614,4.272,67.92,1.518
2011-04-24,26.797,2.741,69.49,2.292
2011-04-25,26.191,3.643,71.49,1.905
2011-04-26,25.183,3.987,76.31,1.307
2011-04-27,25.976,2.934,69.86,0.819
2011-04-28,26.746,2.282,67.34,1.106
2011-04-29,27.771,2.173,66.84,1.365
2011-04-30,27.687,5.485,73.2,2.108
2011-05-01,28.612,1.252,67.2,2.215
2011-05-02,29.114,6.473,67.8,2.525
2011-05-03,29.97,1.414,66.49,2.725
2011-05-04,28.576,10.398,74.94,1.631
2011-05-05,27.879,6.272,79.74,1.266
2011-05-06,28.44,3.14,75.71,1.641
2011-05-07,28.085,11.657,76.2,1.283
2011-05-08,28.722,1.319,70.6,1.008
2011-05-09,29.835,0.713,59.6,2.043
2011-05-10,31.547,0.522,47.99,2.455
2011-05-11,31.629,0.153,48.22,0.906
2011-05-12,31.425,0.636,56.83,1.304
2011-05-13,31.412,0.296,60.71,1.327
2011-05-14,30.788,3.575,66.96,1.451
2011-05-15,31.127,0.978,66.71,1.622
2011-05-16,30.333,7.576,71.22,1.791
2011-05-17,30.101,1.98,70.57,2.178
2011-05-18,30.077,4.824,70.26,1.91
2011-05-19,29.304,9.977,75.15,1.812
2011-05-20,30.375,0.909,67.5,2.308
2011-05-21,31.363,0.0,62.85,3.166
2011-05-22,31.043,1.714,63.7,1.553
2011-05-23,31.141,1.484,65.01,1.07
2011-05-24,30.603,2.352,66.53,1.538
2011-05-25,31.006,1.82,66.19,0.65
2011-05-26,29.178,9.883,78.4,0.625
2011-05-27,27.863,7.254,81.16,0.552
2011-05-28,28.562,3.591,76.34,0.554
2011-05-29,29.116,2.781,76.31,0.492
2011-05-30,29.728,2.936,74.85,1.002
2011-05-31,30.279,3.024,69.36,0.933
2011-06-01,30.462,0.702,70.52,1.765
2011-06-02,30.004,3.41,72.34,1.9
2011-06-03,29.257,4.883,76.37,1.866
2011-06-04,29.842,2.837,73.58,1.291
2011-06-05,29.054,7.437,77.45,1.383
2011-06-06,29.878,0.671,72.32,1.668
2011-06-07,29.939,0.322,67.39,1.136
2011-06-08,28.728,8.834,76.64,0.893
2011-06-09,30.18,2.093,69.73,1.441
2011-06-10,31.245,0.93,62.15,2.193
2011-06-11,30.295,6.009,70.3,1.217
2011-06-12,29.482,9.906,75.23,0.647
2011-06-13,27.842,10.565,83.55,0.455
2011-06-14,27.636,11.258,82.93,0.451
2011-06-15,25.494,38.558,93.84,1.777
2011-06-16,25.362,74.584,92.57,3.491
2011-06-17,25.026,80.922,93.08,4.141
2011-06-18,24.9,85.38,93.51,4.711
2011-06-19,25.836,24.192,89.82,4.119
2011-06-20,26.511,2.414,86.12,2.635
2011-06-21,27.08,10.545,85.25,1.529
2011-06-22,27.303,6.593,84.41,1.515
2011-06-23,28.226,5.357,81.54,1.751
2011-06-24,28.412,4.684,81.06,1.582
2011-06-25,26.912,6.266,83.37,1.766
2011-06-26,25.575,2.986,87.61,1.923
2011-06-27,26.025,9.825,86.02,1.954
2011-06-28,25.713,21.491,92.45,2.267
2011-06-29,26.737,10.762,86.44,2.11
2011-06-30,27.636,5.132,80.51,2.427
2011-07-01,27.741,1.902,79.31,2.069
2011-07-02,27.899,2.838,80.33,1.918
2011-07-03,27.068,5.889,85.34,1.386
2011-07-04,25.721,16.37,91.16,0.854
2011-07-05,25.649,4.58,88.06,1.926
2011-07-06,25.342,6.65,87.08,2.186
2011-07-07,25.685,6.679,86.48,3.085
2011-07-08,26.405,4.906,84.46,2.462
2011-07-09,26.921,10.539,84.79,1.627
2011-07-10,27.563,7.728,83.01,1.548
2011-07-11,27.484,5.995,84.27,0.389
2011-07-12,26.63,12.157,88.0,1.16
2011-07-13,26.663,2.55,86.74,1.713
2011-07-14,26.964,2.666,86.11,1.73
2011-07-15,26.54,16.56,88.04,1.372
2011-07-16,26.092,25.608,90.31,0.81
2011-07-17,25.567,18.824,92.53,1.661
2011-07-18,26.418,10.591,88.07,2.18
2011-07-19,26.577,19.348,87.59,2.307
2011-07-20,25.832,16.465,90.31,2.444
2011-07-21,24.24,17.689,90.54,3.135
2011-07-22,24.583,8.405,84.22,3.336
2011-07-23,25.673,3.582,81.14,1.477
2011-07-24,25.247,12.084,90.63,0.947
2011-07-25,26.094,2.974,85.48,1.452
2011-07-26,26.653,2.63,82.62,1.638
2011-07-27,27.092,1.16,80.96,1.699
2011-07-28,27.504,0.88,80.17,1.549
2011-07-29,27.6,0.372,79.16,1.548
2011-07-30,27.742,1.562,80.26,1.234
2011-07-31,28.047,5.622,82.71,0.85
2011-08-01,28.327,5.621,82.47,0.727
2011-08-02,27.388,12.544,86.75,0.3
2011-08-03,26.603,8.992,88.64,0.876
2011-08-04,26.424,8.465,86.84,1.997
2011-08-05,25.976,16.966,89.88,1.932
2011-08-06,25.329,16.208,93.0,1.88
2011-08-07,25.752,9.029,90.67,2.018
2011-08-08,25.376,34.275,93.44,1.743
2011-08-09,25.267,21.728,94.21,1.779
2011-08-10,25.134,46.709,92.34,1.897
2011-08-11,24.551,81.675,94.59,2.152
2011-08-12,24.377,39.069,93.37,1.478
2011-08-13,25.321,13.888,90.88,2.469
2011-08-14,25.871,8.966,89.12,2.323
2011-08-15,26.242,7.193,86.64,2.056
2011-08-16,25.769,24.148,90.17,1.529
2011-08-17,24.876,25.567,93.51,1.241
2011-08-18,24.928,15.198,92.24,1.247
2011-08-19,24.732,10.93,91.75,1.286
2011-08-20,25.558,4.398,86.36,1.343
2011-08-21,26.529,1.282,81.69,1.422
2011-08-22,26.178,5.449,84.98,1.393
2011-08-23,26.136,14.372,87.24,1.014
2011-08-24,25.988,10.754,88.18,0.543
2011-08-25,25.454,26.187,91.21,0.297
2011-08-26,24.88,17.106,93.38,0.836
2011-08-27,24.778,7.56,91.37,1.919
2011-08-28,24.991,8.743,91.18,2.345
2011-08-29,25.363,8.918,91.03,2.481
2011-08-30,25.08,9.712,92.34,2.415
2011-08-31,24.993,11.561,90.48,2.387
2011-09-01,24.197,41.192,96.2,3.306
2011-09-02,24.757,19.297,93.8,1.822
2011-09-03,24.522,25.185,95.02,0.481
2011-09-04,24.793,26.556,91.84,1.138
2011-09-05,24.377,8.822,95.53,0.928
2011-09-06,25.007,8.623,91.85,0.832
2011-09-07,24.562,13.469,91.72,1.785
2011-09-08,25.0,33.383,92.23,1.164
2011-09-09,25.038,17.698,89.77,1.891
2011-09-10,24.635,2.404,90.82,0.966
2011-09-11,26.016,2.402,85.72,0.586
2011-09-12,26.781,0.589,81.74,0.37
2011-09-13,27.333,3.313,80.86,0.673
2011-09-14,25.06,26.545,92.99,0.384
2011-09-15,24.659,12.941,93.74,1.072
2011-09-16,25.488,9.404,91.1,1.838
2011-09-17,25.488,8.034,89.93,1.725
2011-09-18,24.695,17.322,93.22,1.355
2011-09-19,25.528,13.107,89.67,0.904
2011-09-20,25.611,10.398,87.97,0.593
2011-09-21,24.199,41.165,94.7,2.906
2011-09-22,24.016,27.165,97.13,1.916
2011-09-23,25.007,2.268,87.91,2.615
2011-09-24,25.473,2.042,81.82,2.606
2011-09-25,26.341,0.819,79.08,2.132
2011-09-26,26.143,2.484,82.96,1.198
2011-09-27,26.55,0.049,75.1,1.302
2011-09-28,26.332,0.028,73.4,1.294
2011-09-29,26.448,0.638,77.72,1.382
2011-09-30,26.499,0.374,76.18,1.52
2011-10-01,25.977,0.029,70.92,1.6
2011-10-02,25.954,0.005,67.56,1.484
2011-10-03,25.85,0.408,72.65,1.148
2011-10-04,25.689,0.601,76.67,0.878
2011-10-05,25.56,2.542,80.8,0.283
2011-10-06,25.66,3.649,83.29,0.262
2011-10-07,25.233,5.159,86.0,0.284
2011-10-08,25.53,1.6,85.01,0.326
2011-10-09,25.27,3.955,86.19,0.282
2011-10-10,25.883,2.553,83.54,0.224
2011-10-11,26.589,1.474,82.51,0.2
2011-10-12,26.721,2.231,83.29,0.259
2011-10-13,25.998,2.636,85.23,0.42
2011-10-14,26.052,0.921,80.46,0.222
2011-10-15,26.168,0.182,74.82,0.27
2011-10-16,26.134,0.034,73.73,0.067
2011-10-17,25.824,0.194,74.95,0.471
2011-10-18,24.566,4.803,87.76,1.327
2011-10-19,25.036,1.55,84.54,1.339
2011-10-20,24.811,3.473,85.26,0.11
2011-10-21,23.803,13.613,88.08,0.268
2011-10-22,23.332,5.29,87.63,0.148
2011-10-23,24.143,0.221,79.26,0.551
2011-10-24,24.043,0.023,73.16,0.702
2011-10-25,23.955,0.039,73.36,0.262
2011-10-26,23.642,0.002,69.53,0.329
2011-10-27,23.992,0.001,64.84,1.109
2011-10-28,23.421,0.001,62.75,1.262
2011-10-29,22.697,0.002,62.32,0.813
2011-10-30,22.374,0.001,64.35,0.425
2011-10-31,22.618,0.0,65.19,0.741
2011-11-01,22.741,0.014,63.89,0.391
2011-11-02,21.999,0.0,63.74,0.499
2011-11-03,21.909,0.0,63.41,0.159
2011-11-04,22.67,0.001,62.08,0.353
2011-11-05,22.758,0.001,64.25,0.444
2011-11-06,23.064,0.0,60.5,0.493
2011-11-07,22.869,0.004,58.75,1.17
2011-11-08,21.805,0.002,63.35,1.559
2011-11-09,21.786,0.001,63.55,0.937
2011-11-10,21.555,0.0,66.4,0.279
2011-11-11,22.277,0.001,65.55,0.911
2011-11-12,23.275,0.0,68.23,0.685
2011-11-13,23.313,0.128,70.35,0.031
2011-11-14,22.569,0.421,73.05,0.276
2011-11-15,22.276,0.358,73.96,0.105
2011-11-16,22.07,0.114,67.9,0.438
2011-11-17,21.685,0.0,57.62,0.479
2011-11-18,22.37,0.002,56.68,0.647
2011-11-19,21.724,0.001,65.74,1.11
2011-11-20,21.329,0.013,67.35,1.289
2011-11-21,21.422,0.0,63.36,1.182
2011-11-22,21.567,0.034,64.58,1.329
2011-11-23,21.386,0.045,66.39,1.38
2011-11-24,21.616,0.001,62.26,0.965
2011-11-25,21.889,0.0,63.85,1.257
2011-11-26,21.692,0.001,62.78,1.09
2011-11-27,21.528,0.001,60.76,0.797
2011-11-28,21.264,0.001,65.62,0.202
2011-11-29,21.256,0.004,66.31,0.592
2011-11-30,20.998,0.006,65.52,0.847
2011-12-01,20.915,0.035,63.43,0.665
2011-12-02,20.459,0.002,61.25,0.758
2011-12-03,20.039,0.001,61.54,0.602
2011-12-04,20.915,0.0,64.27,0.297
2011-12-05,21.374,0.025,63.73,0.226
2011-12-06,20.765,0.0,59.66,0.961
2011-12-07,20.423,0.0,64.93,1.007
2011-12-08,20.318,0.002,67.76,0.876
2011-12-09,20.577,0.001,67.72,0.201
2011-12-10,20.562,0.0,65.21,0.143
2011-12-11,21.276,0.114,66.92,0.127
2011-12-12,20.306,0.318,74.31,0.975
2011-12-13,19.683,0.03,71.93,0.988
2011-12-14,18.634,0.003,69.73,0.902
2011-12-15,18.323,0.001,67.59,0.637
2011-12-16,18.093,0.0,65.93,0.843
2011-12-17,17.518,0.001,63.51,1.191
2011-12-18,17.091,0.0,61.15,1.228
2011-12-19,16.836,0.0,60.81,1.358
2011-12-20,16.642,0.001,58.76,1.595
2011-12-21,16.565,0.001,56.05,1.673
2011-12-22,17.129,0.0,51.12,1.51
2011-12-23,16.978,0.0,54.67,1.572
2011-12-24,16.839,0.001,58.59,1.576
2011-12-25,16.578,0.0,49.3,1.464
2011-12-26,16.637,0.001,54.2,1.394
2011-12-27,17.618,0.0,57.82,1.337
2011-12-28,19.475,0.006,59.29,1.44
2011-12-29,19.906,0.019,64.46,1.261
2011-12-30,20.965,0.001,64.78,1.193
2011-12-31,20.274,1.025,68.62,0.561
2012-01-01,22.006,3.496,62.25,0.521
2012-01-02,20.617,0.655,73.68,0.663
2012-01-03,20.908,1.861,78.89,0.511
2012-01-04,19.699,1.094,84.08,0.679
2012-01-05,20.999,1.125,78.87,0.552
2012-01-06,21.039,2.394,83.86,0.372
2012-01-07,19.546,10.749,92.59,0.61
2012-01-08,19.717,15.312,91.77,0.177
2012-01-09,19.025,6.991,90.6,0.152
2012-01-10,16.293,15.768,91.4,1.621
2012-01-11,15.052,0.001,67.59,1.782
2012-01-12,14.591,0.001,63.67,1.38
2012-01-13,13.267,0.0,57.15,1.865
2012-01-14,13.692,0.0,54.52,1.423
2012-01-15,15.322,0.001,60.44,0.611
2012-01-16,16.776,0.001,66.13,0.694
2012-01-17,18.629,0.0,61.06,1.528
2012-01-18,19.199,0.022,71.01,0.69
2012-01-19,19.952,0.366,77.93,1.753
2012-01-20,20.019,0.467,73.17,0.732
2012-01-21,17.505,0.002,62.49,1.239
2012-01-22,15.886,0.0,59.76,0.503
2012-01-23,16.95,0.001,59.68,0.371
2012-01-24,18.188,0.0,64.69,0.299
2012-01-25,19.305,0.116,74.08,0.487
2012-01-26,19.79,2.165,73.79,0.505
2012-01-27,18.648,0.919,73.75,0.134
2012-01-28,19.139,1.08,71.23,0.289
2012-01-29,18.981,0.468,73.25,0.731
2012-01-30,18.935,0.011,60.02,1.49
2012-01-31,18.701,0.001,54.95,0.905
2012-02-01,18.932,0.002,57.42,1.301
2012-02-02,17.894,0.001,48.32,1.207
2012-02-03,17.919,0.0,49.44,0.878
2012-02-04,18.877,0.001,53.02,0.107
2012-02-05,20.18,0.001,54.77,0.478
2012-02-06,22.35,0.001,48.69,0.529
2012-02-07,22.483,0.0,52.93,0.543
2012-02-08,23.267,0.002,37.06,1.936
2012-02-09,21.075,0.022,54.68,1.321
2012-02-10,18.921,0.058,51.7,0.279
2012-02-11,18.978,0.001,54.95,0.228
2012-02-12,19.667,0.001,59.39,0.484
2012-02-13,21.338,0.002,65.32,1.319
2012-02-14,23.327,1.064,68.62,0.896
2012-02-15,22.923,14.55,76.09,0.33
2012-02-16,22.282,0.963,74.84,0.056
2012-02-17,22.421,0.585,72.33,0.272
2012-02-18,22.925,0.061,67.63,0.608
2012-02-19,22.56,0.031,58.36,0.833
2012-02-20,21.936,0.0,49.43,0.729
2012-02-21,23.491,0.001,47.42,0.731
2012-02-22,24.378,0.001,46.79,0.755
2012-02-23,24.805,0.002,36.9,1.454
2012-02-24,25.197,0.001,35.01,0.818
2012-02-25,25.693,0.0,36.29,0.772
2012-02-26,25.83,0.002,41.62,0.979
2012-02-27,24.596,0.002,39.94,0.635
2012-02-28,24.817,0.006,43.67,0.74
2012-02-29,24.469,0.001,43.52,0.531
2012-03-01,24.389,0.025,54.61,0.632
2012-03-02,24.649,0.107,59.64,0.136
2012-03-03,24.202,0.006,45.74,0.439
2012-03-04,24.744,0.002,40.16,0.857
2012-03-05,26.144,0.006,40.92,1.595
2012-03-06,27.479,0.003,34.95,1.892
2012-03-07,27.452,0.003,35.37,1.56
2012-03-08,25.772,0.002,40.08,0.453
2012-03-09,25.802,0.051,49.66,0.349
2012-03-10,25.17,0.014,47.12,0.857
2012-03-11,25.613,0.002,46.72,0.748
2012-03-12,26.286,0.0,45.34,1.546
2012-03-13,26.166,0.068,46.12,1.617
2012-03-14,25.149,0.012,48.61,0.75
2012-03-15,24.839,0.004,42.28,0.188
2012-03-16,25.647,0.008,49.31,0.39
2012-03-17,26.584,0.008,42.54,0.236
2012-03-18,27.349,0.006,44.05,0.304
2012-03-19,27.504,0.009,48.67,0.912
2012-03-20,27.718,0.001,49.69,0.362
2012-03-21,28.981,0.0,43.93,1.055
2012-03-22,29.247,0.002,35.11,0.475
2012-03-23,27.046,0.002,29.03,0.045
2012-03-24,27.34,0.003,36.27,0.4
2012-03-25,27.967,0.003,34.98,0.528
2012-03-26,28.586,0.0,34.31,1.099
2012-03-27,29.518,0.001,28.3,1.511
2012-03-28,30.327,0.001,25.59,2.256
2012-03-29,29.861,0.001,29.76,1.117
2012-03-30,29.144,0.837,38.69,0.633
2012-03-31,27.333,1.96,58.16,0.844
2012-04-01,26.859,2.435,57.18,0.872
2012-04-02,28.075,1.095,53.19,1.655
2012-04-03,28.939,0.551,48.59,1.922
2012-04-04,29.196,1.076,51.98,1.375
2012-04-05,28.647,1.829,55.25,1.979
2012-04-06,28.327,0.656,55.28,1.368
2012-04-07,28.182,1.145,58.34,2.179
2012-04-08,28.682,2.497,61.73,2.84
2012-04-09,28.68,2.47,60.77,1.402
2012-04-10,27.968,3.077,63.75,1.496
2012-04-11,27.824,3.692,66.25,2.271
2012-04-12,29.452,0.57,53.2,1.166
2012-04-13,28.596,1.825,53.78,0.891
2012-04-14,29.391,0.586,51.63,1.862
2012-04-15,29.839,0.836,48.1,1.3
2012-04-16,29.358,0.744,51.56,0.634
2012-04-17,29.714,1.286,56.29,1.14
2012-04-18,29.669,2.464,58.81,1.648
2012-04-19,30.79,0.769,57.6,1.206
2012-04-20,31.612,0.15,52.55,1.27
2012-04-21,32.094,0.003,37.09,1.086
2012-04-22,31.091,1.084,48.24,1.416
2012-04-23,30.664,1.465,53.85,2.054
2012-04-24,30.647,1.659,52.27,1.577
2012-04-25,30.005,2.398,58.22,1.781
2012-04-26,30.256,3.202,59.4,1.823
2012-04-27,30.824,1.223,52.06,1.768
2012-04-28,29.824,4.502,61.24,2.346
2012-04-29,30.154,1.483,58.86,1.791
2012-04-30,30.418,1.008,57.18,2.376
2012-05-01,29.719,3.405,60.88,2.208
2012-05-02,30.298,2.81,63.49,1.381
2012-05-03,28.534,9.763,69.79,1.143
2012-05-04,26.307,8.643,77.96,1.018
2012-05-05,26.505,6.026,71.78,0.327
2012-05-06,27.754,0.829,60.49,0.867
2012-05-07,29.247,0.506,55.85,1.507
2012-05-08,29.665,0.863,62.13,1.896
2012-05-09,29.445,1.692,69.77,1.819
2012-05-10,28.833,3.446,70.19,1.354
2012-05-11,29.879,1.429,65.98,1.822
2012-05-12,30.086,5.265,66.58,1.871
2012-05-13,31.256,1.831,58.03,1.848
2012-05-14,31.374,3.845,58.02,1.624
2012-05-15,31.134,1.509,58.81,1.201
2012-05-16,31.779,0.14,45.06,1.288
2012-05-17,32.687,0.311,44.82,1.954
2012-05-18,31.87,1.172,56.18,0.613
2012-05-19,31.831,1.21,56.88,1.006
2012-05-20,31.615,0.495,56.71,0.637
2012-05-21,31.851,0.259,55.11,1.536
2012-05-22,32.69,0.164,51.99,1.761
2012-05-23,32.645,1.644,54.18,1.836
2012-05-24,33.304,0.135,48.83,1.178
2012-05-25,32.764,0.099,54.39,1.946
2012-05-26,32.301,0.003,57.12,1.9
2012-05-27,32.08,0.396,61.94,1.403
2012-05-28,31.735,2.274,62.08,0.758
2012-05-29,31.553,0.472,61.35,1.926
2012-05-30,31.98,0.067,57.94,2.029
2012-05-31,31.804,0.432,66.13,2.336
2012-06-01,31.78,0.292,66.26,2.376
2012-06-02,32.827,0.291,60.52,2.17
2012-06-03,34.363,1.0,47.5,1.895
2012-06-04,34.733,0.057,40.91,2.399
2012-06-05,34.241,0.021,39.6,0.201
2012-06-06,33.839,0.327,46.84,0.265
2012-06-07,33.679,1.295,49.37,0.548
2012-06-08,32.837,0.972,52.51,0.845
2012-06-09,33.595,0.377,49.85,1.209
2012-06-10,33.225,1.525,50.41,1.285
2012-06-11,33.259,0.307,48.23,1.095
2012-06-12,31.788,2.053,63.12,2.123
2012-06-13,31.917,1.609,64.64,2.256
2012-06-14,32.302,0.505,58.49,2.851
2012-06-15,32.753,1.218,57.15,3.031
2012-06-16,31.712,4.635,59.76,2.513
2012-06-17,29.133,2.615,74.51,2.202
2012-06-18,28.422,13.745,77.69,0.565
2012-06-19,26.726,23.64,86.45,1.18
2012-06-20,26.846,20.622,87.18,1.102
2012-06-21,25.951,21.068,90.75,0.609
2012-06-22,25.304,15.502,89.14,2.362
2012-06-23,24.171,33.689,91.01,3.448
2012-06-24,24.541,35.592,86.25,3.515
2012-06-25,29.209,0.404,73.78,4.063
2012-06-26,28.95,0.689,72.66,3.473
2012-06-27,29.704,0.3,70.28,2.412
2012-06-28,30.013,1.072,67.08,1.747
2012-06-29,29.757,3.753,72.69,1.432
2012-06-30,30.07,2.772,73.13,0.812
2012-07-01,27.599,12.146,84.15,1.303
2012-07-02,26.595,6.516,84.83,2.159
2012-07-03,26.008,8.922,90.34,0.302
2012-07-04,26.83,11.185,86.59,2.01
2012-07-05,27.189,15.234,85.38,1.624
2012-07-06,26.314,4.589,87.34,1.66
2012-07-07,26.206,10.274,86.01,1.492
2012-07-08,25.582,17.929,90.05,1.28
2012-07-09,25.793,19.031,90.43,1.339
2012-07-10,26.436,4.578,86.96,1.542
2012-07-11,27.146,15.117,85.73,1.586
2012-07-12,27.496,11.853,85.48,1.675
2012-07-13,27.445,11.529,84.72,1.555
2012-07-14,27.318,12.932,84.81,1.839
2012-07-15,26.663,9.1,86.2,2.16
2012-07-16,26.694,8.992,85.6,1.739
2012-07-17,27.11,6.343,83.81,2.073
2012-07-18,26.756,24.448,88.2,1.987
2012-07-19,26.04,24.784,92.14,1.259
2012-07-20,25.438,22.314,92.77,0.566
2012-07-21,25.644,14.171,91.09,1.874
2012-07-22,26.79,2.537,83.7,2.367
2012-07-23,26.852,1.428,80.18,2.498
2012-07-24,26.795,1.591,80.22,1.993
2012-07-25,25.87,16.038,89.18,1.226
2012-07-26,25.894,10.543,90.29,0.749
2012-07-27,26.095,15.516,89.01,1.575
2012-07-28,26.368,4.475,84.43,2.127
2012-07-29,24.953,19.586,89.48,1.993
2012-07-30,23.841,34.144,93.66,2.097
2012-07-31,24.553,3.163,85.67,2.808
2012-08-01,26.064,2.191,82.04,2.433
2012-08-02,26.167,15.541,88.12,0.853
2012-08-03,25.691,10.275,91.08,1.038
2012-08-04,25.51,18.915,92.16,0.785
2012-08-05,25.086,14.107,93.77,1.048
2012-08-06,25.456,9.832,90.86,1.599
2012-08-07,27.228,1.382,82.07,1.821
2012-08-08,27.065,9.816,83.48,1.396
2012-08-09,25.877,23.852,90.16,0.903
2012-08-10,24.927,18.519,93.78,1.131
2012-08-11,25.37,25.011,92.2,1.562
2012-08-12,25.831,5.048,89.41,1.646
2012-08-13,26.15,16.242,87.52,1.446
2012-08-14,25.945,13.822,88.12,1.628
2012-08-15,25.329,20.524,89.68,1.442
2012-08-16,25.805,27.747,89.77,0.619
2012-08-17,25.643,18.324,89.93,1.416
2012-08-18,25.584,5.589,90.03,2.54
2012-08-19,26.348,2.368,86.62,2.012
2012-08-20,26.406,8.879,85.84,2.0
2012-08-21,24.963,42.548,94.16,2.034
2012-08-22,26.534,7.049,83.97,2.156
2012-08-23,27.363,4.464,80.86,1.315
2012-08-24,26.811,19.118,85.69,0.338
2012-08-25,25.423,13.931,90.29,0.735
2012-08-26,25.59,4.644,88.21,1.257
2012-08-27,26.251,3.73,87.56,1.408
2012-08-28,26.944,1.719,85.06,1.162
2012-08-29,26.561,3.07,86.71,1.646
2012-08-30,26.148,3.965,86.85,1.888
2012-08-31,26.292,3.106,87.02,1.424
2012-09-01,26.466,5.379,87.46,0.528
2012-09-02,25.927,14.537,89.42,1.384
2012-09-03,25.22,11.895,91.03,2.731
2012-09-04,25.229,8.346,91.58,2.627
2012-09-05,24.828,42.185,95.0,1.508
2012-09-06,24.59,18.523,95.48,0.455
2012-09-07,25.454,13.179,89.4,0.533
2012-09-08,26.483,10.595,83.79,0.432
2012-09-09,24.427,18.308,93.85,1.115
2012-09-10,25.176,5.933,90.35,1.37
2012-09-11,25.776,3.965,88.4,1.085
2012-09-12,25.983,6.156,87.09,1.48
2012-09-13,25.923,20.661,87.96,1.583
2012-09-14,25.034,24.113,91.55,1.477
2012-09-15,25.614,14.964,90.13,1.104
2012-09-16,25.467,9.19,90.05,0.758
2012-09-17,25.363,6.778,90.26,1.002
2012-09-18,25.847,2.959,87.8,0.913
2012-09-19,26.366,2.18,85.22,0.881
2012-09-20,26.246,4.632,86.6,1.035
2012-09-21,26.02,5.588,87.66,0.719
2012-09-22,26.154,7.947,87.44,0.553
2012-09-23,25.964,9.796,87.02,0.569
2012-09-24,27.036,0.015,74.06,0.671
2012-09-25,26.944,0.034,68.83,0.664
2012-09-26,26.724,0.0,68.27,0.846
2012-09-27,26.743,0.036,74.09,0.403
2012-09-28,26.412,2.995,83.0,0.333
2012-09-29,26.787,0.968,82.61,0.978
2012-09-30,26.772,0.982,82.87,1.419
2012-10-01,26.28,1.653,83.82,1.584
2012-10-02,25.742,5.522,85.52,2.12
2012-10-03,26.431,0.726,81.47,2.431
2012-10-04,25.544,7.216,87.13,1.653
2012-10-05,25.887,1.135,85.35,0.729
2012-10-06,26.229,0.002,68.18,0.902
2012-10-07,25.693,3.988,73.76,1.483
2012-10-08,24.598,5.025,88.88,1.574
2012-10-09,24.543,2.619,87.53,1.098
2012-10-10,24.191,6.983,88.32,0.468
2012-10-11,24.592,7.373,86.02,0.691
2012-10-12,24.531,3.886,85.76,0.479
2012-10-13,23.95,8.026,87.4,0.195
2012-10-14,23.772,1.464,83.18,0.517
2012-10-15,23.858,0.004,73.19,0.554
2012-10-16,23.971,0.002,71.06,0.542
2012-10-17,23.964,0.004,71.44,0.71
2012-10-18,23.893,0.001,71.79,0.641
2012-10-19,24.103,0.005,72.12,0.71
2012-10-20,24.038,0.001,72.19,0.919
2012-10-21,24.082,0.001,69.21,0.9
2012-10-22,23.884,0.002,70.78,0.769
2012-10-23,23.863,0.003,67.99,1.069
2012-10-24,23.304,-0.0,62.12,0.664
2012-10-25,23.838,0.0,64.2,0.125
2012-10-26,24.069,0.154,69.16,0.481
2012-10-27,23.292,1.503,76.67,1.212
2012-10-28,22.455,0.002,62.97,2.096
2012-10-29,21.94,0.0,59.79,1.68
2012-10-30,22.397,0.0,62.03,1.455
2012-10-31,23.012,0.001,63.77,1.225
2012-11-01,24.36,1.058,73.06,0.513
2012-11-02,23.27,5.741,87.72,0.607
2012-11-03,22.327,13.242,95.71,0.954
2012-11-04,23.085,3.274,90.73,0.848
2012-11-05,23.066,9.157,91.23,0.827
2012-11-06,22.738,4.357,93.25,0.573
2012-11-07,22.528,2.534,88.4,0.707
2012-11-08,22.112,1.677,84.12,0.997
2012-11-09,21.558,0.001,66.41,0.642
2012-11-10,21.431,0.001,67.89,0.969
2012-11-11,20.493,0.0,66.27,0.793
2012-11-12,20.037,0.003,65.36,1.083
2012-11-13,20.279,0.001,64.78,1.502
2012-11-14,20.052,0.0,64.71,1.498
2012-11-15,19.492,0.0,62.69,2.138
2012-11-16,19.366,0.001,62.06,2.541
2012-11-17,21.067,0.2,60.95,1.944
2012-11-18,22.127,0.097,67.41,1.479
2012-11-19,23.02,0.074,69.28,1.819
2012-11-20,22.42,0.012,65.94,1.533
2012-11-21,22.09,0.0,66.47,1.126
2012-11-22,21.966,0.019,70.78,0.145
2012-11-23,22.194,0.019,72.54,0.207
2012-11-24,21.571,0.012,66.2,1.09
2012-11-25,20.563,0.001,57.95,0.329
2012-11-26,20.491,0.001,58.06,0.393
2012-11-27,20.456,0.003,59.78,0.788
2012-11-28,20.118,0.001,57.72,0.593
2012-11-29,19.326,0.001,57.28,0.549
2012-11-30,19.201,0.0,55.88,0.92
2012-12-01,19.425,0.001,56.69,1.195
2012-12-02,19.365,0.002,62.19,1.459
2012-12-03,18.695,0.002,57.55,1.223
2012-12-04,18.982,0.001,51.99,0.776
2012-12-05,20.244,0.001,51.72,0.441
2012-12-06,20.719,0.001,52.49,0.581
2012-12-07,19.921,0.001,48.78,0.657
2012-12-08,20.4,0.001,54.04,0.366
2012-12-09,20.784,0.0,57.07,0.193
2012-12-10,21.867,0.029,71.87,0.761
2012-12-11,21.46,13.717,82.19,0.924
2012-12-12,21.624,2.897,82.13,0.793
2012-12-13,20.364,6.109,86.7,0.334
2012-12-14,20.585,0.615,83.05,0.336
2012-12-15,21.384,0.216,78.7,0.664
2012-12-16,20.245,0.043,77.01,1.277
2012-12-17,19.46,0.0,66.66,1.092
2012-12-18,18.681,0.0,60.4,1.489
2012-12-19,18.886,0.001,57.76,0.757
2012-12-20,18.309,0.002,63.73,0.147
2012-12-21,17.616,0.001,68.74,0.627
2012-12-22,16.813,0.0,65.31,1.419
2012-12-23,15.701,0.0,61.38,1.796
2012-12-24,15.943,0.0,63.16,0.855
2012-12-25,16.453,0.001,65.13,0.862
2012-12-26,15.591,0.001,68.61,1.335
2012-12-27,15.071,0.001,65.55,1.279
2012-12-28,15.638,0.0,66.15,0.664
2012-12-29,16.645,0.0,67.27,0.235
2012-12-30,17.795,0.0,64.68,0.477
