date,temp_c,precip_mm,humidity_pct,wind_speed_ms
2000-01-01,12.146,0.0,74.72,0.554
2000-01-02,12.094,0.002,76.3,0.825
2000-01-03,11.839,0.0,75.27,1.001
2000-01-04,11.886,0.002,74.77,0.76
2000-01-05,11.399,0.003,77.78,1.047
2000-01-06,11.346,0.002,74.94,0.809
2000-01-07,11.982,0.033,75.12,0.513
2000-01-08,12.876,0.002,73.69,0.3
2000-01-09,12.161,0.507,75.63,1.069
2000-01-10,14.053,0.514,72.5,0.33
2000-01-11,13.75,2.384,68.97,2.815
2000-01-12,12.682,52.095,88.37,1.945
2000-01-13,11.225,12.548,89.27,2.116
2000-01-14,8.902,2.079,75.05,1.467
2000-01-15,7.419,0.07,72.52,1.21
2000-01-16,7.742,0.001,70.78,1.521
2000-01-17,8.334,0.001,68.16,1.3
2000-01-18,11.198,0.001,66.08,1.452
2000-01-19,11.825,0.001,73.68,1.432
2000-01-20,10.763,0.0,74.74,0.499
2000-01-21,12.394,0.682,72.36,1.262
2000-01-22,12.403,0.498,75.73,0.813
2000-01-23,12.178,0.002,71.13,1.084
2000-01-24,11.876,0.009,71.91,0.475
2000-01-25,11.344,18.572,85.21,1.786
2000-01-26,11.419,2.366,83.27,0.865
2000-01-27,11.484,0.026,77.77,1.502
2000-01-28,10.792,0.001,69.44,1.543
2000-01-29,10.582,0.0,66.3,0.442
2000-01-30,12.401,0.001,71.52,1.058
2000-01-31,14.773,11.661,71.65,3.093
2000-02-01,11.273,20.696,87.51,2.597
2000-02-02,11.984,0.418,79.36,1.292
2000-02-03,12.66,0.052,69.12,0.943
2000-02-04,12.41,14.035,79.06,0.821
2000-02-05,11.16,15.008,88.0,1.617
2000-02-06,11.6,1.071,82.92,0.503
2000-02-07,11.354,0.017,82.19,1.116
2000-02-08,12.027,0.082,76.81,0.488
2000-02-09,12.994,5.57,74.67,0.876
2000-02-10,12.517,29.912,82.95,2.045
2000-02-11,10.914,2.479,83.17,0.99
2000-02-12,9.743,0.981,81.54,0.759
2000-02-13,10.508,0.001,72.52,1.088
2000-02-14,10.836,0.0,69.44,1.06
2000-02-15,12.578,0.19,65.63,1.122
2000-02-16,11.313,0.36,65.26,1.442
2000-02-17,10.417,0.183,68.34,0.944
2000-02-18,10.263,0.045,65.93,1.114
2000-02-19,10.859,0.012,64.39,0.678
2000-02-20,10.078,1.352,71.4,1.252
2000-02-21,10.833,0.075,68.51,0.734
2000-02-22,11.143,0.007,67.95,0.979
2000-02-23,11.615,0.011,64.71,1.362
2000-02-24,11.497,0.0,62.73,1.353
2000-02-25,11.547,0.001,64.51,0.391
2000-02-26,11.985,0.0,64.95,0.371
2000-02-27,13.142,0.001,64.74,0.93
2000-02-28,15.18,0.002,63.77,1.083
2000-02-29,15.483,0.008,69.92,0.243
2000-03-01,14.93,0.125,68.12,1.031
2000-03-02,15.028,0.007,60.46,1.087
2000-03-03,16.112,0.204,56.01,1.351
2000-03-04,16.65,26.824,65.64,2.824
2000-03-05,14.58,0.004,63.69,1.533
2000-03-06,14.347,0.065,61.77,0.447
2000-03-07,14.457,0.045,61.74,1.012
2000-03-08,14.583,0.003,61.28,1.733
2000-03-09,14.551,0.0,62.41,0.455
2000-03-10,16.551,0.125,62.58,1.001
2000-03-11,18.177,1.685,54.92,2.103
2000-03-12,15.86,2.567,67.64,2.242
2000-03-13,15.643,0.619,67.87,0.564
2000-03-14,16.178,0.012,61.47,1.227
2000-03-15,16.46,0.004,55.81,1.257
2000-03-16,17.57,0.641,56.49,1.05
2000-03-17,17.897,2.489,56.43,2.218
2000-03-18,16.213,0.487,56.79,1.644
2000-03-19,16.205,0.003,47.66,1.701
2000-03-20,18.448,0.288,44.7,0.588
2000-03-21,16.813,2.357,57.72,2.762
2000-03-22,16.394,2.345,66.51,1.751
2000-03-23,16.2,2.203,70.88,0.735
2000-03-24,17.001,0.002,64.6,0.673
2000-03-25,18.18,0.0,57.85,0.819
2000-03-26,20.164,0.0,56.98,0.645
2000-03-27,20.868,0.001,58.15,0.673
2000-03-28,22.762,0.006,58.61,0.877
2000-03-29,23.824,0.001,58.73,0.907
2000-03-30,23.967,0.005,51.42,1.518
2000-03-31,23.522,1.259,46.29,1.945
2000-04-01,22.897,0.005,44.53,2.244
2000-04-02,22.573,0.0,39.73,1.493
2000-04-03,23.107,0.005,38.31,0.826
2000-04-04,24.307,0.239,34.09,1.404
2000-04-05,23.76,0.016,32.49,1.785
2000-04-06,22.899,0.002,34.77,1.129
2000-04-07,23.669,0.018,32.77,2.484
2000-04-08,24.226,0.197,33.35,1.859
2000-04-09,23.816,0.0,36.39,0.904
2000-04-10,24.767,0.001,32.1,1.036
2000-04-11,25.708,0.001,30.11,0.969
2000-04-12,27.18,0.001,31.71,1.024
2000-04-13,27.406,0.004,32.64,1.137
2000-04-14,26.647,1.428,34.75,1.762
2000-04-15,26.607,0.018,34.07,1.337
2000-04-16,26.791,0.009,33.06,0.892
2000-04-17,27.878,0.012,31.32,0.928
2000-04-18,28.689,0.521,31.5,1.673
2000-04-19,29.548,0.628,31.44,1.551
2000-04-20,29.446,0.567,31.91,1.481
2000-04-21,28.85,1.192,36.35,0.639
2000-04-22,26.302,0.199,39.67,3.053
2000-04-23,26.143,1.487,44.29,1.986
2000-04-24,28.15,0.017,35.19,1.343
2000-04-25,29.398,0.003,30.0,0.593
2000-04-26,29.419,0.385,28.45,1.466
2000-04-27,28.857,0.348,29.65,1.45
2000-04-28,28.537,0.161,27.86,0.907
2000-04-29,28.743,0.09,23.0,1.673
2000-04-30,29.223,0.004,22.53,2.001
2000-05-01,29.984,0.001,19.73,1.983
2000-05-02,30.797,0.001,21.27,1.027
2000-05-03,32.871,0.001,22.98,1.926
2000-05-04,31.467,1.85,39.25,2.274
2000-05-05,29.333,1.097,46.5,1.431
2000-05-06,27.408,1.908,54.98,2.667
2000-05-07,28.443,0.097,48.66,1.864
2000-05-08,29.574,0.004,45.24,1.312
2000-05-09,30.999,0.004,44.43,1.517
2000-05-10,32.383,0.011,43.75,1.42
2000-05-11,33.673,0.019,41.92,1.025
2000-05-12,32.611,5.95,49.17,1.889
2000-05-13,29.873,0.567,60.5,1.554
2000-05-14,31.39,0.16,51.88,0.609
2000-05-15,30.576,3.875,49.46,0.635
2000-05-16,31.638,0.013,43.14,0.853
2000-05-17,31.9,1.21,36.98,0.172
2000-05-18,33.077,0.113,31.74,0.673
2000-05-19,32.801,1.103,33.54,0.636
2000-05-20,34.007,0.01,29.4,1.035
2000-05-21,34.219,0.005,34.15,1.293
2000-05-22,33.839,1.246,42.55,2.747
2000-05-23,31.929,3.057,50.81,2.501
2000-05-24,33.056,0.048,44.4,0.699
2000-05-25,33.572,0.281,34.76,0.558
2000-05-26,33.904,0.005,28.72,0.422
2000-05-27,33.269,1.341,29.49,1.165
2000-05-28,34.236,0.079,27.89,1.765
2000-05-29,34.055,0.855,31.88,0.674
2000-05-30,33.578,0.667,32.79,0.477
2000-05-31,31.452,0.19,40.67,0.598
2000-06-01,32.687,0.087,34.61,0.253
2000-06-02,34.244,0.004,28.86,1.155
2000-06-03,31.938,4.175,43.66,0.448
2000-06-04,28.449,6.121,60.32,1.001
2000-06-05,30.68,0.182,45.99,0.593
2000-06-06,32.057,0.025,41.39,0.965
2000-06-07,31.528,0.217,51.68,0.823
2000-06-08,29.919,1.173,57.83,0.543
2000-06-09,28.734,5.886,67.05,0.365
2000-06-10,29.608,0.561,55.96,0.751
2000-06-11,31.118,0.06,45.06,0.195
2000-06-12,32.944,0.012,39.17,0.32
2000-06-13,34.117,0.037,38.6,0.725
2000-06-14,34.373,0.411,44.4,0.671
2000-06-15,35.918,0.01,38.93,0.6
2000-06-16,34.993,0.099,45.22,2.105
2000-06-17,34.206,0.482,50.67,2.414
2000-06-18,33.917,0.416,50.87,2.364
2000-06-19,33.779,0.264,50.72,2.397
2000-06-20,32.657,2.76,55.94,1.755
2000-06-21,32.008,3.988,57.83,1.392
2000-06-22,31.326,3.605,54.37,1.333
2000-06-23,30.21,3.826,58.09,1.174
2000-06-24,30.169,3.865,61.68,0.582
2000-06-25,31.011,5.971,62.9,1.478
2000-06-26,29.445,6.646,70.82,2.118
2000-06-27,29.031,12.447,72.26,2.217
2000-06-28,28.716,8.578,76.12,1.951
2000-06-29,28.806,18.528,77.08,1.708
2000-06-30,28.137,13.162,77.7,1.999
2000-07-01,28.428,5.273,77.28,1.221
2000-07-02,29.127,5.664,74.61,1.098
2000-07-03,27.944,2.909,77.25,1.316
2000-07-04,28.863,2.722,74.96,0.949
2000-07-05,30.802,0.102,68.22,0.354
2000-07-06,32.165,0.079,62.94,0.841
2000-07-07,32.073,2.826,65.26,2.561
2000-07-08,29.701,8.049,72.8,2.302
2000-07-09,28.316,11.184,77.13,1.877
2000-07-10,28.958,3.654,77.86,1.823
2000-07-11,28.21,6.249,80.15,2.045
2000-07-12,28.469,14.32,80.32,1.211
2000-07-13,29.09,5.007,77.38,0.42
2000-07-14,29.141,5.606,79.0,0.292
2000-07-15,28.069,15.91,82.62,0.944
2000-07-16,27.521,8.206,82.78,1.341
2000-07-17,27.558,11.297,82.26,1.064
2000-07-18,28.604,4.148,80.61,0.76
2000-07-19,27.646,3.773,84.71,0.548
2000-07-20,28.857,4.89,79.95,0.832
2000-07-21,27.747,25.786,83.99,0.816
2000-07-22,25.967,13.939,84.82,1.248
2000-07-23,27.564,4.816,79.35,0.402
2000-07-24,26.903,12.137,85.86,0.807
2000-07-25,27.056,5.542,84.1,0.544
2000-07-26,28.386,1.985,80.48,0.314
2000-07-27,28.202,3.599,81.72,1.651
2000-07-28,27.506,6.626,84.17,1.839
2000-07-29,27.512,7.01,81.98,2.072
2000-07-30,27.882,0.76,80.23,2.17
2000-07-31,27.359,5.104,79.59,2.757
2000-08-01,27.261,23.125,81.86,1.926
2000-08-02,25.366,38.333,85.63,1.226
2000-08-03,26.025,7.189,84.07,0.133
2000-08-04,27.086,2.5,81.53,0.251
2000-08-05,28.065,0.443,78.46,0.231
2000-08-06,29.143,0.284,76.48,0.113
2000-08-07,29.765,0.613,78.82,0.243
2000-08-08,30.162,1.611,78.78,0.515
2000-08-09,28.838,8.328,79.83,1.415
2000-08-10,26.726,30.67,84.92,1.692
2000-08-11,26.847,1.79,83.18,0.85
2000-08-12,27.994,2.17,81.15,0.71
2000-08-13,28.457,1.832,81.39,0.539
2000-08-14,28.653,4.114,81.42,0.744
2000-08-15,27.765,6.333,83.09,0.647
2000-08-16,27.092,2.892,83.78,0.721
2000-08-17,27.803,2.679,84.97,0.681
2000-08-18,28.581,6.709,80.56,1.014
2000-08-19,28.034,2.754,81.16,0.784
2000-08-20,28.508,0.708,79.17,0.388
2000-08-21,28.707,0.747,78.16,0.569
2000-08-22,27.797,4.598,82.04,0.641
2000-08-23,27.502,2.715,79.75,0.4
2000-08-24,28.612,0.134,76.52,0.328
2000-08-25,29.254,0.313,76.17,0.619
2000-08-26,28.462,6.737,82.81,1.191
2000-08-27,28.089,4.267,82.48,0.975
2000-08-28,28.731,12.547,80.06,1.393
2000-08-29,27.03,20.381,85.05,1.408
2000-08-30,26.522,21.222,86.88,1.327
2000-08-31,25.874,21.79,86.43,1.212
2000-09-01,26.669,5.386,82.64,1.121
2000-09-02,27.541,0.636,80.7,0.262
2000-09-03,28.705,0.212,78.54,0.273
2000-09-04,29.088,0.521,79.16,0.656
2000-09-05,28.312,2.589,81.21,1.202
2000-09-06,27.621,2.074,83.05,1.611
2000-09-07,27.808,2.451,80.49,1.177
2000-09-08,26.888,8.102,80.9,1.131
2000-09-09,25.779,17.285,81.47,0.646
2000-09-10,25.693,3.242,77.93,0.236
2000-09-11,25.923,0.068,76.83,0.547
2000-09-12,26.503,0.053,76.1,0.423
2000-09-13,27.4,0.276,76.61,0.582
2000-09-14,27.661,0.018,75.83,0.548
2000-09-15,27.493,0.002,74.95,0.676
2000-09-16,27.707,0.051,74.16,0.979
2000-09-17,28.136,0.103,71.19,0.844
2000-09-18,28.152,0.211,69.27,1.36
2000-09-19,27.412,1.342,71.31,1.593
2000-09-20,26.222,1.185,74.01,1.007
2000-09-21,25.798,0.211,74.17,0.639
2000-09-22,25.538,0.192,71.91,1.029
2000-09-23,25.242,0.073,70.28,0.72
2000-09-24,25.524,0.01,67.81,0.989
2000-09-25,24.516,0.406,69.52,0.183
2000-09-26,22.817,0.751,65.64,1.127
2000-09-27,24.226,0.002,56.82,0.956
2000-09-28,24.429,0.003,57.78,0.752
2000-09-29,24.552,0.001,59.05,0.636
2000-09-30,24.958,0.005,59.02,1.097
2000-10-01,25.043,0.011,63.14,0.747
2000-10-02,25.799,0.038,64.25,0.986
2000-10-03,25.56,0.001,64.97,0.444
2000-10-04,26.059,0.0,64.52,0.893
2000-10-05,26.63,0.002,62.72,1.32
2000-10-06,26.919,0.005,63.02,1.082
2000-10-07,26.689,0.021,62.26,0.699
2000-10-08,25.535,1.002,63.94,0.857
2000-10-09,25.386,0.015,57.38,0.892
2000-10-10,24.689,0.002,51.23,1.163
2000-10-11,23.974,0.0,52.12,0.89
2000-10-12,23.532,0.001,52.99,0.969
2000-10-13,23.3,0.031,52.03,1.022
2000-10-14,22.866,0.0,51.81,1.051
2000-10-15,22.55,0.0,52.62,0.646
2000-10-16,22.965,0.001,54.27,0.845
2000-10-17,23.453,0.0,59.48,0.808
2000-10-18,23.695,0.001,61.59,0.684
2000-10-19,24.496,0.0,60.22,0.864
2000-10-20,24.366,0.003,60.82,0.703
2000-10-21,23.74,0.003,57.72,0.567
2000-10-22,24.0,0.004,55.78,1.368
2000-10-23,23.708,0.004,55.31,1.336
2000-10-24,23.355,0.0,54.52,1.127
2000-10-25,22.455,0.001,53.48,0.651
2000-10-26,22.222,0.0,55.64,0.81
2000-10-27,22.094,0.001,54.28,1.288
2000-10-28,22.219,0.002,54.98,1.082
2000-10-29,22.29,0.002,57.74,1.141
2000-10-30,22.004,0.003,60.08,1.007
2000-10-31,21.917,0.0,63.51,0.963
2000-11-01,22.246,0.009,66.11,0.984
2000-11-02,22.136,0.031,67.41,0.803
2000-11-03,21.951,0.002,67.22,0.602
2000-11-04,21.976,0.001,66.3,0.462
2000-11-05,21.775,0.015,67.39,0.601
2000-11-06,21.346,0.005,66.29,0.888
2000-11-07,21.426,0.0,62.86,0.997
2000-11-08,21.853,0.003,54.59,1.556
2000-11-09,21.091,0.001,49.05,1.759
2000-11-10,19.422,0.001,54.73,1.451
2000-11-11,18.435,0.0,57.24,0.771
2000-11-12,18.919,0.292,56.33,0.46
2000-11-13,18.559,0.834,58.45,1.567
2000-11-14,17.7,0.002,45.7,1.646
2000-11-15,16.465,0.001,50.91,0.407
2000-11-16,16.848,0.0,53.67,0.467
2000-11-17,16.301,0.002,57.0,0.577
2000-11-18,16.569,1.205,60.22,2.012
2000-11-19,17.34,0.002,54.23,1.411
2000-11-20,15.99,0.001,55.21,0.55
2000-11-21,17.158,0.245,57.37,0.85
2000-11-22,17.611,0.099,59.34,1.01
2000-11-23,18.698,0.735,61.87,0.965
2000-11-24,17.691,0.109,58.76,1.911
2000-11-25,15.573,0.001,58.82,1.482
2000-11-26,15.64,0.045,59.36,0.411
2000-11-27,15.311,0.103,63.35,0.47
2000-11-28,14.07,0.002,59.41,1.275
2000-11-29,13.103,0.001,52.81,1.203
2000-11-30,12.342,0.002,52.2,1.314
2000-12-01,11.429,0.001,51.17,1.222
2000-12-02,11.681,0.001,50.32,0.687
2000-12-03,12.958,0.0,53.8,1.184
2000-12-04,13.417,0.001,55.36,1.35
2000-12-05,13.41,0.004,60.24,0.981
2000-12-06,13.084,0.0,59.93,0.684
2000-12-07,14.05,0.282,59.82,1.254
2000-12-08,14.898,0.004,58.16,1.38
2000-12-09,13.543,0.002,60.53,1.063
2000-12-10,12.84,0.0,60.22,0.585
2000-12-11,12.381,0.0,56.55,1.089
2000-12-12,9.258,0.001,62.2,0.403
2000-12-13,9.308,0.0,64.24,0.602
2000-12-14,11.035,0.001,68.09,0.333
2000-12-15,12.867,0.001,71.32,0.596
2000-12-16,13.47,0.305,77.25,0.634
2000-12-17,14.862,0.524,73.57,0.838
2000-12-18,13.826,0.297,75.45,1.608
2000-12-19,12.272,0.001,64.8,1.44
2000-12-20,11.701,0.001,60.82,1.13
2000-12-21,11.776,0.001,62.36,0.899
2000-12-22,11.771,0.0,64.25,0.252
2000-12-23,11.783,0.001,68.49,0.471
2000-12-24,12.055,0.001,71.27,0.964
2000-12-25,12.131,0.001,71.2,1.197
2000-12-26,12.21,0.001,71.96,0.27
2000-12-27,11.973,0.003,73.32,0.368
2000-12-28,12.304,0.014,72.31,0.936
2000-12-29,12.644,0.0,67.02,1.136
2000-12-30,12.728,0.001,65.59,0.542
2000-12-31,14.064,6.044,68.24,1.567
2001-01-01,11.993,6.767,85.05,0.57
2001-01-02,10.591,0.101,85.27,0.832
2001-01-03,10.534,0.235,79.11,1.711
2001-01-04,9.749,0.0,78.17,1.331
2001-01-05,8.938,0.004,75.83,1.036
2001-01-06,8.709,0.002,83.26,0.498
2001-01-07,8.344,0.014,80.45,0.665
2001-01-08,8.692,0.002,79.88,1.204
2001-01-09,8.781,0.002,70.35,0.938
2001-01-10,9.08,0.001,67.06,1.007
2001-01-11,9.525,0.002,68.25,0.284
2001-01-12,9.383,0.102,74.82,0.52
2001-01-13,9.976,0.0,74.7,1.53
2001-01-14,9.83,0.002,69.43,0.813
2001-01-15,9.922,0.003,72.48,0.619
2001-01-16,9.979,0.001,73.35,0.883
2001-01-17,10.298,0.0,77.39,0.928
2001-01-18,10.741,0.0,73.1,1.019
2001-01-19,11.147,0.0,72.0,0.77
2001-01-20,11.337,0.0,72.38,0.103
2001-01-21,11.562,0.984,73.39,1.149
2001-01-22,10.701,13.268,82.5,1.667
2001-01-23,9.86,0.264,74.54,1.438
2001-01-24,8.831,0.0,60.58,1.89
2001-01-25,9.482,0.001,62.22,1.272
2001-01-26,10.783,0.0,61.02,1.623
2001-01-27,10.873,0.001,61.43,1.569
2001-01-28,11.154,0.001,65.59,0.225
2001-01-29,12.007,0.001,66.88,1.052
2001-01-30,14.46,0.026,64.63,1.44
2001-01-31,12.326,0.008,60.65,1.533
2001-02-01,10.427,0.003,58.93,1.398
2001-02-02,11.013,-0.0,58.22,1.785
2001-02-03,11.217,0.0,57.65,0.441
2001-02-04,11.834,0.002,56.85,0.146
2001-02-05,12.147,0.003,58.9,0.998
2001-02-06,12.398,0.002,54.91,1.418
2001-02-07,12.926,0.002,54.74,1.333
2001-02-08,13.366,0.0,51.5,1.761
2001-02-09,13.324,0.002,54.01,0.57
2001-02-10,13.126,0.0,50.74,1.241
2001-02-11,12.994,0.001,52.12,0.526
2001-02-12,13.703,0.0,51.08,1.112
2001-02-13,14.863,0.318,47.0,1.525
2001-02-14,16.451,3.186,57.57,2.5
2001-02-15,17.201,0.007,57.19,0.397
2001-02-16,16.195,0.003,69.61,0.285
2001-02-17,16.421,0.035,67.05,0.865
2001-02-18,17.035,0.004,56.15,1.627
2001-02-19,16.882,0.009,52.31,0.981
2001-02-20,13.775,5.602,78.69,1.196
2001-02-21,15.453,0.005,69.77,0.728
2001-02-22,15.501,0.509,66.95,0.992
2001-02-23,18.725,1.398,54.81,1.947
2001-02-24,18.316,0.393,58.42,0.689
2001-02-25,14.889,6.129,72.03,1.332
2001-02-26,14.504,0.008,57.33,0.978
2001-02-27,15.063,0.009,55.44,0.102
2001-02-28,14.413,0.014,52.79,1.087
2001-03-01,14.679,0.002,46.42,1.317
2001-03-02,15.487,0.001,43.33,1.005
2001-03-03,16.268,0.0,48.07,0.445
2001-03-04,16.462,0.0,50.84,0.318
2001-03-05,17.04,0.001,48.67,0.603
2001-03-06,16.986,0.001,50.21,0.391
2001-03-07,17.559,0.017,49.61,0.807
2001-03-08,18.285,0.002,45.32,0.693
2001-03-09,18.665,0.003,46.17,0.386
2001-03-10,19.067,0.002,46.71,0.522
2001-03-11,19.573,0.001,48.27,0.509
2001-03-12,21.675,0.019,41.19,1.417
2001-03-13,20.256,5.814,48.18,2.48
2001-03-14,18.893,1.544,52.83,1.897
2001-03-15,19.031,0.001,46.1,1.189
2001-03-16,18.891,0.0,40.1,1.519
2001-03-17,19.372,0.001,43.56,0.706
2001-03-18,20.75,0.067,40.62,0.846
2001-03-19,22.344,0.741,42.38,3.259
2001-03-20,17.843,4.723,69.95,1.987
2001-03-21,19.513,2.095,61.47,1.235
2001-03-22,18.141,1.999,66.89,1.664
2001-03-23,19.431,0.017,52.32,0.822
2001-03-24,20.494,0.001,43.7,0.685
2001-03-25,21.313,0.011,45.73,0.792
2001-03-26,22.263,0.001,45.11,0.318
2001-03-27,23.735,0.056,40.24,0.843
2001-03-28,20.964,11.015,57.11,3.175
2001-03-29,19.291,10.847,66.28,1.303
2001-03-30,19.341,1.817,63.09,1.182
2001-03-31,19.505,0.159,60.58,0.417
2001-04-01,20.396,0.064,55.93,0.592
2001-04-02,21.637,0.008,52.4,0.618
2001-04-03,21.781,1.741,49.7,1.8
2001-04-04,21.735,0.826,43.72,1.439
2001-04-05,23.09,0.0,37.42,0.988
2001-04-06,24.095,0.001,37.3,1.208
2001-04-07,25.227,0.0,40.76,0.673
2001-04-08,26.045,0.515,39.22,0.975
2001-04-09,27.624,0.473,31.35,2.509
2001-04-10,28.244,0.289,29.35,3.192
2001-04-11,27.521,0.831,31.53,1.855
2001-04-12,25.266,0.67,39.1,1.638
2001-04-13,23.782,10.817,53.57,1.709
2001-04-14,22.06,3.49,64.53,1.888
2001-04-15,22.704,2.909,66.65,0.632
2001-04-16,21.695,12.976,73.8,1.188
2001-04-17,19.711,12.13,78.42,0.999
2001-04-18,20.62,1.027,73.99,0.716
2001-04-19,20.518,16.919,74.94,0.386
2001-04-20,20.482,1.071,68.34,1.269
2001-04-21,22.484,0.018,56.69,1.051
2001-04-22,23.764,0.001,52.77,0.44
2001-04-23,25.187,0.001,47.8,0.347
2001-04-24,26.741,0.034,41.35,1.813
2001-04-25,26.561,0.005,43.64,1.347
2001-04-26,26.604,1.561,43.88,1.631
2001-04-27,28.292,0.03,35.84,1.68
2001-04-28,28.881,0.543,34.24,1.224
2001-04-29,28.569,0.009,36.54,0.665
2001-04-30,29.794,0.001,33.6,1.284
2001-05-01,30.3,0.849,33.25,1.353
2001-05-02,28.913,1.346,38.08,1.729
2001-05-03,29.169,0.009,34.01,1.103
2001-05-04,29.851,0.001,31.78,1.145
2001-05-05,31.053,0.001,35.39,1.134
2001-05-06,31.906,0.88,36.05,1.584
2001-05-07,32.233,0.009,40.38,1.366
2001-05-08,31.345,0.311,33.1,1.405
2001-05-09,31.696,0.049,28.58,2.44
2001-05-10,33.097,0.0,24.85,1.911
2001-05-11,33.546,0.0,28.41,1.208
2001-05-12,33.514,0.085,37.43,2.226
2001-05-13,32.965,0.917,40.02,1.545
2001-05-14,31.465,2.528,44.47,1.75
2001-05-15,30.13,2.78,46.27,1.986
2001-05-16,28.477,2.599,55.74,2.098
2001-05-17,27.239,2.262,58.39,2.154
2001-05-18,27.726,0.618,59.58,1.603
2001-05-19,28.802,1.91,55.49,0.943
2001-05-20,27.409,2.53,63.42,1.066
2001-05-21,29.572,0.242,49.1,0.515
2001-05-22,30.67,0.29,42.47,1.334
2001-05-23,32.028,0.029,34.02,1.835
2001-05-24,32.942,0.029,25.82,1.5
2001-05-25,33.066,0.081,24.75,0.599
2001-05-26,33.499,0.006,23.35,0.554
2001-05-27,32.769,0.677,35.13,1.99
2001-05-28,31.154,2.423,45.86,1.582
2001-05-29,29.382,1.008,55.08,0.892
2001-05-30,30.924,0.452,48.64,0.636
2001-05-31,32.991,0.007,41.89,0.682
2001-06-01,33.81,0.221,44.86,1.961
2001-06-02,32.322,3.043,52.71,2.484
2001-06-03,30.199,13.157,59.94,2.537
2001-06-04,28.064,18.366,67.96,2.316
2001-06-05,26.084,11.014,77.12,1.438
2001-06-06,28.057,0.706,64.13,0.306
2001-06-07,28.886,0.285,59.84,0.45
2001-06-08,29.203,3.662,63.89,0.544
2001-06-09,28.288,6.255,66.97,1.082
2001-06-10,30.393,1.773,59.65,0.75
2001-06-11,31.647,0.349,57.76,1.307
2001-06-12,31.197,2.357,62.43,1.236
2001-06-13,30.442,10.216,66.6,1.387
2001-06-14,27.873,14.463,78.0,1.816
2001-06-15,26.809,22.782,82.25,0.906
2001-06-16,27.391,10.902,78.9,1.002
2001-06-17,26.458,14.331,80.24,0.516
2001-06-18,28.33,1.392,72.11,0.617
2001-06-19,29.701,0.257,65.99,0.267
2001-06-20,30.7,0.269,62.2,1.18
2001-06-21,30.104,6.258,68.47,1.126
2001-06-22,28.318,3.083,77.0,1.682
2001-06-23,26.505,20.175,80.34,1.688
2001-06-24,27.368,14.617,79.59,1.297
2001-06-25,28.517,6.271,76.39,0.264
2001-06-26,28.117,10.298,77.84,0.7
2001-06-27,28.81,2.205,76.54,0.548
2001-06-28,29.992,9.883,75.08,0.938
2001-06-29,28.944,16.19,79.27,1.891
2001-06-30,26.689,13.694,86.15,1.722
2001-07-01,27.84,18.243,84.58,0.282
2001-07-02,28.829,12.377,80.42,0.686
2001-07-03,26.438,17.35,88.31,1.197
2001-07-04,28.471,3.694,82.02,0.431
2001-07-05,29.537,3.851,78.3,0.349
2001-07-06,29.327,10.469,80.1,0.894
2001-07-07,27.812,18.548,84.11,1.9
2001-07-08,25.843,69.526,91.35,0.832
2001-07-09,30.094,0.191,74.32,0.103
2001-07-10,29.115,25.727,81.31,0.579
2001-07-11,26.5,16.012,89.94,1.228
2001-07-12,28.855,7.644,78.16,0.951
2001-07-13,27.899,12.365,85.22,0.898
2001-07-14,28.075,4.383,84.77,0.77
2001-07-15,27.057,22.926,87.92,0.818
2001-07-16,26.189,23.337,88.15,1.97
2001-07-17,26.927,3.713,83.23,1.355
2001-07-18,28.349,1.084,78.81,0.637
2001-07-19,29.585,1.229,77.28,0.58
2001-07-20,29.786,2.827,79.42,1.814
2001-07-21,28.142,8.305,86.16,1.855
2001-07-22,27.504,28.841,87.67,1.989
2001-07-23,26.791,44.065,89.83,1.589
2001-07-24,27.499,3.547,81.18,1.937
2001-07-25,28.227,4.23,81.3,0.579
2001-07-26,27.963,5.234,86.07,0.844
2001-07-27,28.248,4.319,84.66,0.568
2001-07-28,27.755,10.492,85.48,0.402
2001-07-29,26.369,80.448,87.54,0.86
2001-07-30,26.241,0.973,80.63,0.956
2001-07-31,27.804,0.597,80.43,0.911
2001-08-01,28.477,0.17,76.4,1.019
2001-08-02,29.303,0.358,75.37,0.981
2001-08-03,28.577,2.243,80.4,1.838
2001-08-04,27.874,4.688,83.26,1.205
2001-08-05,28.839,0.539,75.29,0.636
2001-08-06,28.538,7.516,78.21,1.204
2001-08-07,27.321,11.53,84.56,0.97
2001-08-08,27.731,10.441,82.85,1.09
2001-08-09,27.55,2.856,85.49,1.012
2001-08-10,28.041,2.617,83.68,0.963
2001-08-11,29.056,0.701,79.79,0.483
2001-08-12,29.408,2.092,79.33,0.313
2001-08-13,28.72,8.617,82.44,1.204
2001-08-14,25.463,19.418,92.85,1.883
2001-08-15,28.055,1.394,83.8,0.131
2001-08-16,28.352,2.529,82.97,0.594
2001-08-17,28.344,0.796,82.1,0.456
2001-08-18,29.148,0.845,78.73,0.366
2001-08-19,29.015,2.416,80.42,1.211
2001-08-20,28.597,2.973,80.0,1.361
2001-08-21,28.402,4.945,82.45,0.809
2001-08-22,27.731,9.348,82.9,1.034
2001-08-23,27.344,10.21,80.89,1.128
2001-08-24,27.118,3.811,81.41,0.904
2001-08-25,27.688,0.964,81.11,0.476
2001-08-26,28.082,0.856,80.72,0.795
2001-08-27,28.393,0.53,78.81,1.038
2001-08-28,28.717,0.207,74.62,1.103
2001-08-29,28.744,1.369,76.86,1.664
2001-08-30,28.183,2.105,78.06,1.51
2001-08-31,27.36,6.451,83.05,0.432
2001-09-01,27.479,0.929,79.82,0.124
2001-09-02,28.293,0.577,78.11,0.512
2001-09-03,27.899,3.39,80.03,0.382
2001-09-04,26.943,2.457,82.1,0.297
2001-09-05,26.875,1.4,80.23,0.613
2001-09-06,26.772,0.481,79.25,0.415
2001-09-07,27.514,0.243,75.73,0.445
2001-09-08,27.636,0.384,77.43,0.594
2001-09-09,27.472,0.724,76.41,0.123
2001-09-10,27.515,0.648,72.62,0.889
2001-09-11,28.228,0.762,66.0,1.058
2001-09-12,26.254,6.284,76.29,0.616
2001-09-13,26.847,0.277,71.19,0.216
2001-09-14,24.617,12.16,81.29,0.585
2001-09-15,25.231,0.018,76.37,1.672
2001-09-16,25.308,0.056,71.83,1.05
2001-09-17,25.601,0.005,69.71,1.124
2001-09-18,25.932,0.008,69.48,0.506
2001-09-19,26.363,0.004,64.65,0.657
2001-09-20,26.661,0.005,61.31,0.726
2001-09-21,26.875,0.003,62.21,0.802
2001-09-22,26.191,0.004,64.39,0.735
2001-09-23,26.03,0.0,62.67,0.775
2001-09-24,25.938,0.002,62.29,0.643
2001-09-25,26.066,0.031,61.18,0.664
2001-09-26,25.87,0.003,58.47,0.947
2001-09-27,25.311,0.001,58.73,0.566
2001-09-28,25.474,0.001,57.02,0.68
2001-09-29,25.476,0.001,56.8,0.752
2001-09-30,26.431,0.004,56.39,0.176
2001-10-01,26.656,0.126,64.98,0.328
2001-10-02,26.169,0.416,70.47,0.295
2001-10-03,26.28,0.601,71.68,0.245
2001-10-04,25.993,0.302,64.75,0.924
2001-10-05,25.678,0.009,58.46,1.114
2001-10-06,25.352,0.004,55.37,0.826
2001-10-07,25.575,0.003,56.46,0.734
2001-10-08,26.132,0.002,58.1,0.641
2001-10-09,25.868,0.009,58.99,0.8
2001-10-10,25.178,0.241,56.2,0.773
2001-10-11,24.397,2.735,51.48,1.758
2001-10-12,23.924,2.021,45.63,2.435
2001-10-13,23.556,0.0,46.38,1.184
2001-10-14,22.615,0.002,49.89,1.211
2001-10-15,22.221,0.003,49.96,0.795
2001-10-16,21.748,0.001,51.94,0.876
2001-10-17,21.645,0.003,53.21,0.761
2001-10-18,22.118,0.002,55.94,0.83
2001-10-19,22.907,0.0,56.28,0.684
2001-10-20,23.214,0.0,57.76,0.703
2001-10-21,23.279,0.001,58.37,0.89
2001-10-22,23.31,0.001,58.55,0.735
2001-10-23,23.384,0.001,57.96,0.737
2001-10-24,22.865,0.002,59.2,0.589
2001-10-25,23.024,0.001,61.15,0.694
2001-10-26,23.082,0.001,57.95,0.836
2001-10-27,23.512,0.002,58.46,0.947
2001-10-28,23.385,0.01,62.26,0.739
2001-10-29,23.059,0.189,63.78,0.861
2001-10-30,23.204,0.003,63.66,0.932
2001-10-31,23.052,0.01,64.76,1.038
2001-11-01,23.859,0.001,56.36,1.108
2001-11-02,24.542,0.028,44.89,2.084
2001-11-03,21.056,4.8,55.16,2.184
2001-11-04,20.818,0.113,53.25,1.989
2001-11-05,20.163,0.275,53.15,1.381
2001-11-06,19.006,0.227,55.05,1.634
2001-11-07,18.338,0.002,52.57,1.23
2001-11-08,17.262,0.0,51.64,1.103
2001-11-09,17.25,0.002,51.2,0.999
2001-11-10,17.291,0.002,54.93,0.847
2001-11-11,17.609,0.001,56.0,1.163
2001-11-12,17.669,0.002,51.64,1.469
2001-11-13,17.575,0.0,55.29,0.561
2001-11-14,17.529,0.002,61.07,0.828
2001-11-15,18.115,0.0,61.9,0.614
2001-11-16,18.534,0.001,66.31,0.817
2001-11-17,18.329,0.0,64.25,1.032
2001-11-18,17.595,0.001,58.89,0.615
2001-11-19,16.848,0.001,61.83,0.367
2001-11-20,17.027,0.0,64.95,0.825
2001-11-21,17.361,0.002,63.97,0.907
2001-11-22,17.113,0.0,62.14,0.934
2001-11-23,16.079,0.0,60.87,0.517
2001-11-24,15.877,0.001,60.98,0.624
2001-11-25,16.15,0.001,62.91,0.88
2001-11-26,16.318,0.004,64.79,0.921
2001-11-27,16.135,0.006,64.33,1.011
2001-11-28,15.669,0.0,62.89,1.13
2001-11-29,15.429,0.002,62.53,1.234
2001-11-30,15.327,0.0,53.87,1.738
2001-12-01,15.028,0.0,55.72,1.476
2001-12-02,14.954,0.0,59.05,1.201
2001-12-03,15.155,0.001,60.85,0.7
2001-12-04,15.595,0.016,59.7,1.071
2001-12-05,15.562,0.001,58.59,1.314
2001-12-06,15.388,0.001,56.98,0.989
2001-12-07,15.335,0.011,57.35,0.846
2001-12-08,14.725,0.007,58.53,1.239
2001-12-09,14.053,0.0,57.77,0.323
2001-12-10,15.193,0.763,57.52,1.74
2001-12-11,14.543,6.272,74.54,1.738
2001-12-12,14.742,0.0,65.2,1.741
2001-12-13,14.208,0.024,59.03,0.699
2001-12-14,14.797,2.16,69.37,0.899
2001-12-15,12.358,9.048,85.46,1.762
2001-12-16,13.243,0.001,71.54,1.247
2001-12-17,12.285,0.071,74.68,1.048
2001-12-18,12.847,5.23,75.66,0.905
2001-12-19,12.563,0.018,74.98,1.327
2001-12-20,11.292,0.0,69.01,1.389
2001-12-21,11.183,0.0,63.12,0.874
2001-12-22,11.237,0.001,67.49,0.541
2001-12-23,11.631,0.001,70.58,0.947
2001-12-24,12.354,0.0,71.8,0.603
2001-12-25,12.487,0.002,74.14,0.427
2001-12-26,12.51,0.002,77.15,0.533
2001-12-27,12.518,0.001,77.07,0.982
2001-12-28,11.521,0.009,79.93,0.369
2001-12-29,10.318,0.046,78.86,0.693
2001-12-30,10.425,0.001,72.94,0.91
2001-12-31,10.431,0.001,70.86,0.86
2002-01-01,10.719,0.001,75.82,0.13
2002-01-02,9.953,0.054,83.95,0.423
2002-01-03,10.082,0.066,83.31,0.414
2002-01-04,10.13,0.064,82.06,0.507
2002-01-05,10.518,0.053,79.74,0.514
2002-01-06,10.846,0.008,79.48,0.718
2002-01-07,11.231,0.005,75.61,0.952
2002-01-08,11.753,0.0,70.16,0.907
2002-01-09,11.961,0.002,70.27,0.829
2002-01-10,12.77,0.008,70.7,1.511
2002-01-11,12.55,0.001,68.13,1.398
2002-01-12,14.496,0.026,66.74,0.293
2002-01-13,14.591,1.536,74.23,2.261
2002-01-14,15.07,3.284,72.4,2.464
2002-01-15,13.271,26.628,87.45,1.583
2002-01-16,11.685,3.874,87.99,1.087
2002-01-17,11.557,0.045,79.28,0.408
2002-01-18,11.422,0.09,78.87,0.081
2002-01-19,11.64,0.78,77.03,0.742
2002-01-20,11.406,0.44,75.99,0.117
2002-01-21,10.666,0.0,74.24,0.78
2002-01-22,10.653,0.001,67.91,1.02
2002-01-23,10.811,0.001,64.72,1.284
2002-01-24,10.329,0.001,65.79,0.452
2002-01-25,10.39,0.262,67.8,1.169
2002-01-26,10.206,0.768,71.69,1.82
2002-01-27,9.606,0.487,76.03,0.839
2002-01-28,9.65,0.002,66.48,0.576
2002-01-29,9.909,0.001,60.26,1.163
2002-01-30,10.13,0.002,58.29,0.667
2002-01-31,11.047,0.001,58.91,0.501
2002-02-01,11.417,0.002,61.63,1.055
2002-02-02,11.321,0.153,64.05,1.27
2002-02-03,10.802,0.001,58.61,1.806
2002-02-04,11.271,0.003,59.58,0.45
2002-02-05,11.398,0.006,65.57,0.959
2002-02-06,12.974,16.367,67.95,1.951
2002-02-07,11.736,14.605,82.44,3.236
2002-02-08,9.795,2.14,79.33,0.74
2002-02-09,8.772,0.327,73.01,1.105
2002-02-10,10.774,0.0,64.9,0.975
2002-02-11,11.281,0.638,74.96,0.596
2002-02-12,11.772,0.444,77.01,1.12
2002-02-13,11.413,0.0,66.13,1.487
2002-02-14,12.834,0.001,63.21,0.638
2002-02-15,14.772,0.002,65.77,0.514
2002-02-16,14.987,0.017,73.54,0.397
2002-02-17,16.114,0.52,72.84,1.406
2002-02-18,16.085,0.002,66.07,1.461
2002-02-19,16.112,0.001,61.54,0.846
2002-02-20,14.956,0.013,71.61,0.724
2002-02-21,16.055,0.302,61.76,1.731
2002-02-22,16.265,19.825,69.51,2.863
2002-02-23,15.573,6.524,72.63,2.642
2002-02-24,14.661,0.789,69.02,1.183
2002-02-25,14.256,0.238,68.54,1.468
2002-02-26,14.289,0.195,68.16,1.436
2002-02-27,14.7,0.002,66.95,1.453
2002-02-28,15.801,0.903,68.94,1.176
2002-03-01,14.937,6.452,85.02,0.561
2002-03-02,13.13,13.34,90.21,0.138
2002-03-03,14.336,0.139,74.33,1.326
2002-03-04,15.12,0.002,65.01,0.948
2002-03-05,15.746,0.001,64.47,0.623
2002-03-06,16.02,0.001,62.6,0.657
2002-03-07,16.99,0.002,65.54,1.273
2002-03-08,17.953,0.845,62.22,1.669
2002-03-09,17.574,6.915,63.73,2.867
2002-03-10,15.57,11.527,79.33,1.172
2002-03-11,17.029,0.001,63.83,1.789
2002-03-12,17.732,0.01,63.82,1.047
2002-03-13,18.211,0.01,63.73,0.796
2002-03-14,18.651,0.0,59.38,0.867
2002-03-15,18.952,0.0,60.21,0.716
2002-03-16,19.583,0.001,60.45,0.875
2002-03-17,20.666,0.001,60.38,0.926
2002-03-18,21.7,0.0,60.79,0.851
2002-03-19,22.289,0.001,60.24,1.02
2002-03-20,22.97,0.01,59.24,1.292
2002-03-21,20.753,0.163,55.55,2.841
2002-03-22,22.565,0.022,50.52,1.336
2002-03-23,23.078,1.057,50.59,0.81
2002-03-24,22.324,3.852,51.06,2.199
2002-03-25,20.878,0.076,50.4,1.471
2002-03-26,21.166,0.001,48.0,1.184
2002-03-27,21.684,0.001,43.28,1.134
2002-03-28,21.939,0.001,41.96,0.933
2002-03-29,23.104,0.001,39.8,0.863
2002-03-30,25.232,0.168,37.38,1.234
2002-03-31,25.378,0.513,37.44,1.302
2002-04-01,23.094,2.694,42.02,2.554
2002-04-02,22.576,0.015,36.72,1.805
2002-04-03,22.943,0.0,37.64,0.694
2002-04-04,24.875,0.002,36.37,0.86
2002-04-05,26.753,0.089,31.82,2.65
2002-04-06,25.49,1.229,36.46,3.054
2002-04-07,23.761,1.706,47.75,1.885
2002-04-08,23.87,0.524,42.99,1.57
2002-04-09,23.236,0.054,40.64,0.899
2002-04-10,23.687,0.026,38.93,0.845
2002-04-11,25.406,0.001,35.77,0.968
2002-04-12,27.044,0.0,31.26,1.268
2002-04-13,28.235,0.052,34.42,0.669
2002-04-14,28.596,0.003,36.6,0.678
2002-04-15,28.83,0.035,32.52,1.152
2002-04-16,28.519,0.001,35.79,0.88
2002-04-17,28.027,0.16,32.81,1.518
2002-04-18,28.834,0.0,24.91,2.005
2002-04-19,28.926,0.001,27.36,0.785
2002-04-20,29.707,0.033,24.87,0.725
2002-04-21,30.02,0.036,25.21,0.948
2002-04-22,31.205,0.468,24.06,2.086
2002-04-23,30.49,2.717,29.29,2.84
2002-04-24,25.078,12.873,57.35,2.899
2002-04-25,21.136,15.82,68.7,2.181
2002-04-26,23.974,0.001,48.38,1.146
2002-04-27,25.904,0.506,37.27,1.864
2002-04-28,23.452,1.05,47.05,3.155
2002-04-29,24.84,0.007,31.19,1.347
2002-04-30,27.095,0.006,29.95,1.392
2002-05-01,29.27,0.097,27.18,1.898
2002-05-02,27.098,1.106,37.14,1.258
2002-05-03,28.483,0.009,33.86,1.421
2002-05-04,30.362,0.007,29.35,1.821
2002-05-05,30.814,0.002,27.38,1.315
2002-05-06,31.577,0.338,24.01,2.173
2002-05-07,31.163,0.192,26.45,1.7
2002-05-08,32.091,0.001,24.23,1.435
2002-05-09,32.768,0.009,23.82,1.505
2002-05-10,32.911,0.0,22.08,1.929
2002-05-11,32.509,0.0,21.77,1.009
2002-05-12,33.708,0.001,20.73,1.924
2002-05-13,33.568,1.01,33.43,2.642
2002-05-14,34.001,1.923,35.33,1.446
2002-05-15,33.253,0.712,38.82,0.872
2002-05-16,33.815,0.001,26.5,1.703
2002-05-17,33.23,0.002,20.04,1.271
2002-05-18,33.262,0.0,18.33,1.131
2002-05-19,32.837,0.001,16.02,0.158
2002-05-20,31.75,0.002,17.09,0.728
2002-05-21,31.31,0.001,19.0,0.91
2002-05-22,32.909,0.007,18.69,1.046
2002-05-23,33.81,0.034,20.56,1.027
2002-05-24,33.978,0.341,22.14,0.926
2002-05-25,31.961,1.438,35.48,2.819
2002-05-26,30.945,0.015,41.17,2.253
2002-05-27,30.374,1.442,44.89,1.375
2002-05-28,27.828,9.894,58.62,1.592
2002-05-29,25.555,10.232,70.63,0.842
2002-05-30,28.265,0.088,57.26,0.222
2002-05-31,29.297,0.663,55.17,0.19
2002-06-01,29.837,0.426,52.58,0.765
2002-06-02,30.442,0.343,47.68,0.72
2002-06-03,30.2,0.499,47.84,0.355
2002-06-04,31.559,0.164,45.43,0.887
2002-06-05,32.463,0.153,38.19,0.756
2002-06-06,33.54,0.021,35.41,0.541
2002-06-07,34.235,0.002,33.95,0.445
2002-06-08,34.735,0.001,35.07,1.154
2002-06-09,34.396,0.671,39.24,2.3
2002-06-10,34.552,0.806,36.72,1.751
2002-06-11,34.128,0.378,37.9,1.246
2002-06-12,32.069,0.994,48.05,1.715
2002-06-13,32.802,0.256,43.16,1.202
2002-06-14,33.559,0.247,40.48,0.759
2002-06-15,33.311,0.985,40.48,0.663
2002-06-16,32.674,1.238,45.77,1.397
2002-06-17,28.805,6.863,60.2,1.687
2002-06-18,31.446,0.014,49.95,0.562
2002-06-19,30.634,0.62,55.25,0.712
2002-06-20,31.277,0.502,50.89,0.848
2002-06-21,32.757,0.041,41.26,0.769
2002-06-22,34.769,0.002,37.11,0.725
2002-06-23,34.705,3.788,48.03,2.468
2002-06-24,31.017,17.018,65.91,2.661
2002-06-25,30.625,4.961,69.79,0.755
2002-06-26,29.115,10.451,77.41,0.931
2002-06-27,30.065,3.065,70.52,1.322
2002-06-28,29.794,3.481,71.72,0.884
2002-06-29,30.888,1.263,68.0,0.459
2002-06-30,32.146,0.339,60.61,0.292
2002-07-01,33.581,0.034,53.33,0.45
2002-07-02,34.427,0.192,52.76,1.287
2002-07-03,32.379,9.142,61.64,1.414
2002-07-04,30.547,5.629,68.71,1.803
2002-07-05,29.754,2.82,70.32,0.85
2002-07-06,30.501,1.065,65.63,0.088
2002-07-07,31.686,0.454,62.28,1.186
2002-07-08,32.712,0.068,56.09,0.672
2002-07-09,33.008,0.495,53.97,0.386
2002-07-10,32.023,0.979,57.84,0.625
2002-07-11,32.799,0.013,49.87,0.707
2002-07-12,32.944,0.515,48.14,0.373
2002-07-13,33.423,0.294,48.2,0.708
2002-07-14,33.511,0.729,48.77,0.727
2002-07-15,33.37,0.256,51.9,0.78
2002-07-16,33.272,1.728,51.96,1.31
2002-07-17,31.801,2.525,61.39,2.151
2002-07-18,31.546,5.076,65.91,1.473
2002-07-19,31.63,3.423,65.02,1.401
2002-07-20,31.061,8.656,66.37,1.904
2002-07-21,29.227,14.939,73.04,1.681
2002-07-22,28.304,18.63,78.67,0.401
2002-07-23,28.265,4.856,79.4,0.28
2002-07-24,29.815,1.341,72.09,0.06
2002-07-25,29.427,4.847,76.62,0.508
2002-07-26,28.863,6.651,78.38,0.671
2002-07-27,29.416,5.173,77.18,0.456
2002-07-28,29.453,6.67,76.0,0.433
2002-07-29,29.509,3.634,75.14,0.213
2002-07-30,29.244,4.707,77.03,0.244
2002-07-31,29.997,0.269,72.76,0.387
2002-08-01,30.573,0.822,72.0,0.408
2002-08-02,30.885,0.99,69.03,0.781
2002-08-03,29.735,9.048,73.53,1.95
2002-08-04,26.713,9.768,82.0,2.435
2002-08-05,29.196,0.777,74.38,1.558
2002-08-06,28.974,1.787,77.31,1.795
2002-08-07,30.005,0.425,70.25,1.146
2002-08-08,30.208,3.837,72.28,1.436
2002-08-09,30.235,6.066,74.55,0.922
2002-08-10,29.554,14.143,78.8,1.219
2002-08-11,27.496,40.09,87.14,1.596
2002-08-12,27.027,34.513,88.95,2.18
2002-08-13,26.391,15.666,86.56,3.018
2002-08-14,26.844,7.403,84.56,1.74
2002-08-15,27.866,0.515,81.77,1.068
2002-08-16,28.564,0.486,79.37,0.436
2002-08-17,29.269,1.35,78.56,0.179
2002-08-18,29.101,2.528,79.85,0.756
2002-08-19,28.093,4.859,83.29,1.02
2002-08-20,28.79,2.081,80.11,1.25
2002-08-21,28.104,8.487,80.13,2.106
2002-08-22,26.861,10.862,83.55,1.704
2002-08-23,27.466,3.214,81.41,1.281
2002-08-24,27.758,2.763,79.44,1.567
2002-08-25,28.09,3.557,78.38,0.936
2002-08-26,27.652,5.892,82.23,0.97
2002-08-27,27.965,3.217,81.73,0.439
2002-08-28,27.736,5.644,84.23,0.686
2002-08-29,27.43,6.589,83.35,1.464
2002-08-30,27.859,1.219,80.01,0.82
2002-08-31,27.634,11.009,81.63,0.673
2002-09-01,26.073,2.409,84.36,1.617
2002-09-02,26.304,4.991,83.76,0.787
2002-09-03,26.561,2.617,83.32,1.132
2002-09-04,26.339,1.103,80.24,0.865
2002-09-05,26.289,1.527,81.39,0.523
2002-09-06,26.488,0.12,75.06,0.168
2002-09-07,26.071,0.957,76.82,0.528
2002-09-08,25.692,0.525,75.31,0.944
2002-09-09,26.321,0.639,73.85,0.64
2002-09-10,26.598,0.236,67.89,0.436
2002-09-11,26.319,0.069,73.06,0.491
2002-09-12,25.292,2.906,76.29,1.526
2002-09-13,22.732,47.833,88.03,1.65
2002-09-14,23.421,3.38,88.73,1.605
2002-09-15,24.808,1.951,83.72,1.112
2002-09-16,25.693,6.138,83.27,0.724
2002-09-17,23.442,13.303,86.7,0.549
2002-09-18,24.502,1.817,79.23,0.279
2002-09-19,24.709,0.419,78.61,0.529
2002-09-20,25.128,0.005,74.3,1.272
2002-09-21,25.432,0.003,72.61,0.79
2002-09-22,25.889,0.004,74.27,0.317
2002-09-23,25.428,0.248,77.88,0.396
2002-09-24,24.771,0.396,75.84,0.361
2002-09-25,24.796,0.002,70.03,1.1
2002-09-26,24.27,0.001,67.53,0.983
2002-09-27,24.479,0.015,67.6,0.623
2002-09-28,24.624,0.003,66.04,0.831
2002-09-29,24.519,0.002,61.85,0.944
2002-09-30,24.241,0.0,59.88,0.956
2002-10-01,23.954,0.001,58.96,0.825
2002-10-02,24.128,0.002,59.64,0.735
2002-10-03,24.745,0.001,58.58,0.91
2002-10-04,25.251,0.001,58.41,0.873
2002-10-05,25.309,0.005,56.16,0.934
2002-10-06,24.889,0.073,51.96,0.426
2002-10-07,24.944,0.008,55.47,0.693
2002-10-08,25.246,0.091,60.17,0.657
2002-10-09,25.453,0.021,61.58,0.777
2002-10-10,24.468,1.187,71.77,1.135
2002-10-11,23.85,1.597,73.72,0.764
2002-10-12,22.914,3.46,75.66,1.348
2002-10-13,23.104,0.077,66.91,0.971
2002-10-14,23.25,0.009,60.52,0.988
2002-10-15,23.782,0.004,59.01,0.943
2002-10-16,23.709,0.009,59.53,0.873
2002-10-17,22.99,0.312,57.41,1.245
2002-10-18,22.705,0.112,58.16,0.828
2002-10-19,23.038,0.1,55.09,1.156
2002-10-20,22.93,0.182,53.38,0.96
2002-10-21,22.522,0.174,50.83,1.453
2002-10-22,21.916,0.005,51.42,1.397
2002-10-23,21.325,0.002,53.48,0.693
2002-10-24,21.332,0.002,55.75,1.124
2002-10-25,21.361,0.001,55.52,1.053
2002-10-26,21.552,0.001,57.1,0.855
2002-10-27,21.374,0.0,57.85,1.024
2002-10-28,21.393,0.002,56.89,0.924
2002-10-29,21.474,0.003,54.94,1.008
2002-10-30,21.646,0.002,52.15,1.035
2002-10-31,21.287,0.001,48.92,0.989
2002-11-01,20.797,0.226,52.89,1.137
2002-11-02,20.545,0.493,58.11,0.754
2002-11-03,20.92,0.001,60.82,1.04
2002-11-04,20.662,0.006,64.61,0.924
2002-11-05,20.333,0.609,66.31,0.946
2002-11-06,20.104,1.1,65.81,0.537
2002-11-07,19.392,0.33,65.29,0.898
2002-11-08,20.13,0.001,54.31,1.159
2002-11-09,20.234,0.002,53.73,1.165
2002-11-10,19.665,0.034,57.08,1.828
2002-11-11,19.338,0.005,58.87,1.777
2002-11-12,18.343,0.085,62.87,1.537
2002-11-13,18.118,0.428,63.92,1.106
2002-11-14,17.725,0.002,58.93,0.857
2002-11-15,18.022,0.002,60.76,0.528
2002-11-16,18.906,0.0,61.52,1.162
2002-11-17,18.639,0.003,61.13,0.673
2002-11-18,18.324,0.0,59.87,0.831
2002-11-19,18.09,0.027,54.3,1.251
2002-11-20,17.032,0.0,52.63,0.65
2002-11-21,16.705,0.002,54.63,0.787
2002-11-22,16.456,0.0,56.32,1.404
2002-11-23,17.007,0.0,53.31,1.274
2002-11-24,16.937,0.001,54.95,1.082
2002-11-25,16.736,0.002,53.71,1.013
2002-11-26,16.347,0.0,54.74,0.642
2002-11-27,16.115,0.003,58.73,0.866
2002-11-28,15.665,0.001,59.25,1.183
2002-11-29,15.06,0.002,59.14,1.304
2002-11-30,14.831,0.001,58.64,0.621
2002-12-01,14.743,0.003,55.89,1.473
2002-12-02,14.53,0.0,58.2,0.28
2002-12-03,14.577,0.0,58.79,0.316
2002-12-04,14.25,0.004,60.27,0.675
2002-12-05,14.028,0.013,65.28,0.834
2002-12-06,14.054,0.004,58.53,1.433
2002-12-07,13.814,0.001,49.14,1.327
2002-12-08,13.548,0.001,52.27,1.545
2002-12-09,13.427,0.001,50.41,1.316
2002-12-10,13.433,0.001,54.55,0.143
2002-12-11,14.027,0.0,59.41,0.2
2002-12-12,14.577,0.002,61.87,1.104
2002-12-13,14.769,0.0,65.44,1.335
2002-12-14,14.973,0.001,64.8,0.988
2002-12-15,16.588,0.0,64.19,0.891
2002-12-16,15.826,0.218,71.01,0.548
2002-12-17,15.49,0.001,66.38,1.269
2002-12-18,15.519,0.15,62.53,0.703
2002-12-19,14.714,0.868,63.56,2.464
2002-12-20,14.223,0.012,61.96,1.648
2002-12-21,13.833,0.002,59.87,1.64
2002-12-22,13.068,0.002,64.22,0.321
2002-12-23,13.507,0.003,67.53,1.209
2002-12-24,13.274,5.277,80.1,1.263
2002-12-25,13.522,0.138,72.98,0.517
2002-12-26,12.727,0.086,77.13,1.089
2002-12-27,12.037,0.001,72.49,1.746
2002-12-28,11.335,0.003,66.98,0.997
2002-12-29,10.866,0.003,66.42,0.323
2002-12-30,11.037,0.194,68.87,0.567
2002-12-31,10.875,0.052,73.7,0.222
2003-01-01,10.2,0.001,76.39,0.219
2003-01-02,10.216,0.023,78.37,0.549
2003-01-03,10.324,0.02,79.13,1.422
2003-01-04,10.297,-0.0,69.98,0.948
2003-01-05,10.851,0.0,68.69,0.206
2003-01-06,10.194,0.0,73.92,0.413
2003-01-07,9.323,0.002,80.36,1.48
2003-01-08,9.229,0.003,75.5,0.862
2003-01-09,9.214,0.001,78.67,0.72
2003-01-10,9.419,0.018,74.43,0.978
2003-01-11,9.59,0.001,69.25,0.73
2003-01-12,9.682,0.003,72.47,1.223
2003-01-13,9.287,0.0,71.12,1.315
2003-01-14,9.809,0.001,70.53,0.551
2003-01-15,10.377,0.001,74.56,0.183
2003-01-16,9.926,0.008,82.49,0.81
2003-01-17,10.181,0.083,87.82,0.468
2003-01-18,10.367,0.146,87.81,0.417
2003-01-19,9.852,0.216,88.46,0.801
2003-01-20,9.614,0.15,88.49,1.024
2003-01-21,9.424,0.099,87.55,0.953
2003-01-22,10.045,0.08,86.3,0.879
2003-01-23,11.357,0.045,82.88,0.61
2003-01-24,11.717,0.001,72.79,0.348
2003-01-25,12.242,0.001,67.19,0.804
2003-01-26,14.09,1.443,61.0,1.847
2003-01-27,15.558,6.566,68.93,0.946
2003-01-28,12.777,14.126,86.37,1.705
2003-01-29,12.995,1.005,79.59,1.119
2003-01-30,11.47,12.871,85.34,1.939
2003-01-31,11.511,16.681,86.94,0.904
2003-02-01,11.148,4.996,85.56,1.274
2003-02-02,11.672,0.017,77.23,1.132
2003-02-03,11.582,0.003,75.4,0.8
2003-02-04,11.846,0.001,70.34,1.131
2003-02-05,12.254,0.0,69.5,0.406
2003-02-06,11.871,0.083,78.19,0.325
2003-02-07,12.155,0.246,78.28,0.606
2003-02-08,12.466,0.013,69.56,1.278
2003-02-09,12.35,0.005,71.41,0.763
2003-02-10,12.951,0.001,71.5,0.813
2003-02-11,13.115,0.002,69.3,0.933
2003-02-12,12.782,0.001,66.04,1.263
2003-02-13,12.551,0.045,66.14,0.735
2003-02-14,13.956,0.001,63.88,0.658
2003-02-15,15.837,0.1,61.07,0.828
2003-02-16,15.436,6.665,68.95,3.521
2003-02-17,15.575,27.559,77.38,4.763
2003-02-18,14.125,77.496,87.36,6.173
2003-02-19,12.09,25.827,88.47,3.475
2003-02-20,12.47,0.022,73.6,0.986
2003-02-21,12.437,0.007,74.34,1.769
2003-02-22,14.357,0.412,74.6,1.168
2003-02-23,14.786,4.653,82.72,1.176
2003-02-24,15.665,0.011,76.19,1.566
2003-02-25,16.177,0.002,75.42,1.303
2003-02-26,16.872,0.235,70.22,1.166
2003-02-27,18.094,0.904,66.38,1.381
2003-02-28,18.807,9.424,70.15,2.168
2003-03-01,16.762,41.967,81.61,3.531
2003-03-02,16.443,37.71,85.03,2.121
2003-03-03,11.767,3.068,62.56,1.327
2003-03-04,10.476,0.002,61.24,2.337
2003-03-05,11.213,0.002,66.89,1.709
2003-03-06,13.094,0.002,66.34,1.53
2003-03-07,13.568,0.012,64.43,1.733
2003-03-08,14.467,0.074,66.5,0.756
2003-03-09,16.073,0.17,69.91,1.707
2003-03-10,15.5,0.633,68.94,1.811
2003-03-11,16.898,0.04,65.88,1.159
2003-03-12,17.677,0.152,63.6,0.886
2003-03-13,17.89,0.001,64.83,0.875
2003-03-14,18.449,0.009,68.63,0.617
2003-03-15,19.68,0.028,61.81,1.334
2003-03-16,18.29,7.223,66.09,1.603
2003-03-17,17.999,0.508,63.93,1.624
2003-03-18,18.297,0.002,64.19,0.754
2003-03-19,18.494,0.067,63.51,1.802
2003-03-20,19.035,0.002,63.01,1.791
2003-03-21,19.654,0.002,64.68,0.36
2003-03-22,20.62,0.003,65.69,1.008
2003-03-23,21.215,0.031,62.83,1.678
2003-03-24,21.583,0.192,62.65,1.377
2003-03-25,20.665,1.548,69.2,0.89
2003-03-26,21.554,0.003,65.51,0.854
2003-03-27,22.124,0.001,62.84,0.311
2003-03-28,21.781,2.711,61.82,1.825
2003-03-29,18.926,24.289,76.98,2.649
2003-03-30,19.313,1.147,73.35,1.11
2003-03-31,20.814,0.007,64.2,1.909
2003-04-01,21.115,0.011,57.3,1.8
2003-04-02,21.124,0.88,52.67,2.156
2003-04-03,21.68,1.105,50.99,1.72
2003-04-04,19.048,7.456,63.33,2.332
2003-04-05,19.959,0.008,61.81,0.793
2003-04-06,21.127,0.003,55.2,1.357
2003-04-07,22.18,0.002,55.04,0.61
2003-04-08,22.893,0.002,56.31,0.626
2003-04-09,24.212,0.0,54.06,0.903
2003-04-10,25.757,0.012,49.13,1.369
2003-04-11,26.394,0.147,43.39,1.492
2003-04-12,26.465,0.4,46.84,0.945
2003-04-13,26.488,0.606,45.71,1.05
2003-04-14,26.868,0.84,38.39,2.225
2003-04-15,26.653,0.813,40.5,2.931
2003-04-16,24.826,0.145,46.02,1.794
2003-04-17,25.618,0.002,42.53,1.338
2003-04-18,27.207,0.26,37.64,1.354
2003-04-19,22.147,17.761,56.3,3.32
2003-04-20,22.41,0.09,46.75,1.805
2003-04-21,23.607,0.002,42.65,1.789
2003-04-22,24.78,0.002,48.07,0.69
2003-04-23,26.83,0.001,46.77,0.885
2003-04-24,28.831,0.001,40.1,1.886
2003-04-25,30.285,0.237,27.25,2.36
2003-04-26,27.224,2.048,37.64,2.597
2003-04-27,24.947,3.198,49.02,2.3
2003-04-28,25.318,0.098,49.54,1.456
2003-04-29,27.003,0.002,41.95,1.312
2003-04-30,28.315,0.014,40.23,1.765
2003-05-01,28.273,3.391,40.42,3.476
2003-05-02,27.527,5.168,41.32,4.456
2003-05-03,23.568,0.244,32.2,0.591
2003-05-04,23.168,0.002,30.51,1.434
2003-05-05,24.601,0.003,25.59,1.945
2003-05-06,25.098,0.216,26.04,1.478
2003-05-07,25.886,0.003,26.7,1.161
2003-05-08,27.004,0.006,27.49,1.124
2003-05-09,27.934,0.176,26.3,1.164
2003-05-10,28.65,0.124,26.14,2.67
2003-05-11,28.896,0.13,25.01,1.948
2003-05-12,29.669,0.233,23.4,2.349
2003-05-13,28.55,1.582,30.51,2.745
2003-05-14,29.192,0.021,26.89,1.349
2003-05-15,28.832,0.005,27.73,1.717
2003-05-16,29.585,0.004,24.32,1.777
2003-05-17,30.361,0.007,23.32,1.132
2003-05-18,31.524,0.078,21.57,1.516
2003-05-19,31.649,0.899,23.45,1.245
2003-05-20,31.369,0.274,24.81,1.753
2003-05-21,31.686,0.141,25.14,1.948
2003-05-22,31.691,1.159,27.98,1.945
2003-05-23,29.077,2.745,41.55,1.604
2003-05-24,29.069,0.46,40.77,1.022
2003-05-25,27.729,1.718,48.33,0.966
2003-05-26,28.583,1.358,41.52,1.319
2003-05-27,30.036,0.667,31.85,1.156
2003-05-28,30.304,0.327,23.99,1.983
2003-05-29,30.634,0.218,24.15,1.357
2003-05-30,31.633,0.0,24.85,2.125
2003-05-31,32.95,0.002,24.92,1.199
2003-06-01,32.33,0.068,27.24,0.94
2003-06-02,33.789,0.001,28.03,0.594
2003-06-03,34.092,1.056,29.36,0.933
2003-06-04,33.953,0.387,27.47,0.528
2003-06-05,34.076,0.001,25.85,1.275
2003-06-06,34.551,0.002,25.13,0.488
2003-06-07,34.662,0.0,23.95,1.277
2003-06-08,34.081,1.131,41.94,3.056
2003-06-09,33.068,2.788,48.3,2.423
2003-06-10,32.266,1.375,45.71,1.527
2003-06-11,32.59,0.196,41.14,1.433
2003-06-12,32.906,0.087,35.49,1.161
2003-06-13,33.253,0.006,30.31,0.858
2003-06-14,34.176,0.0,26.9,0.637
2003-06-15,34.693,0.062,27.14,0.189
2003-06-16,34.645,0.062,32.5,1.431
2003-06-17,33.495,0.621,43.07,1.676
2003-06-18,31.266,3.033,56.23,1.618
2003-06-19,30.828,1.24,58.67,0.767
2003-06-20,31.907,0.768,52.22,0.708
2003-06-21,31.526,0.956,55.95,0.503
2003-06-22,33.042,0.791,49.17,0.543
2003-06-23,30.976,3.785,61.5,1.269
2003-06-24,30.847,6.036,60.62,0.737
2003-06-25,29.228,6.972,69.67,1.439
2003-06-26,29.816,14.019,72.57,1.059
2003-06-27,29.085,14.74,74.97,1.329
2003-06-28,29.724,4.421,71.78,0.611
2003-06-29,29.545,2.588,73.44,0.452
2003-06-30,29.559,1.536,72.87,0.679
2003-07-01,30.672,0.283,67.57,0.139
2003-07-02,30.832,1.55,68.76,1.538
2003-07-03,31.114,1.205,66.5,0.747
2003-07-04,31.135,16.599,66.53,1.485
2003-07-05,26.365,24.309,84.44,2.39
2003-07-06,27.089,16.579,83.04,1.471
2003-07-07,28.104,5.825,81.48,0.054
2003-07-08,28.886,8.627,80.29,0.302
2003-07-09,28.251,5.516,79.31,1.021
2003-07-10,26.7,8.408,82.2,1.083
2003-07-11,27.889,2.261,77.56,0.4
2003-07-12,27.546,8.895,80.94,0.272
2003-07-13,27.053,2.613,81.35,0.727
2003-07-14,28.509,1.832,79.46,0.781
2003-07-15,28.715,2.891,80.06,1.793
2003-07-16,28.987,5.35,79.03,1.104
2003-07-17,28.317,8.079,82.24,0.916
2003-07-18,27.762,4.657,83.9,1.272
2003-07-19,28.632,7.823,82.2,0.425
2003-07-20,27.765,30.398,86.05,1.116
2003-07-21,25.952,23.023,91.26,1.89
2003-07-22,27.927,2.138,81.23,1.625
2003-07-23,28.157,16.246,84.19,1.456
2003-07-24,28.689,3.304,83.49,0.607
2003-07-25,29.174,3.825,82.73,0.151
2003-07-26,28.323,7.443,84.82,1.095
2003-07-27,28.637,18.146,84.02,0.624
2003-07-28,28.452,20.737,84.08,0.505
2003-07-29,28.098,7.227,83.22,0.744
2003-07-30,28.042,6.38,84.76,0.888
2003-07-31,26.993,7.266,89.8,1.053
2003-08-01,26.191,17.346,91.67,1.863
2003-08-02,27.388,11.781,85.65,1.522
2003-08-03,25.793,50.471,90.27,2.226
2003-08-04,27.239,6.605,83.57,1.419
2003-08-05,28.086,3.583,84.14,0.541
2003-08-06,28.643,1.589,81.8,0.92
2003-08-07,29.113,1.562,80.57,0.453
2003-08-08,29.183,11.977,81.84,0.533
2003-08-09,28.287,8.797,83.9,0.365
2003-08-10,27.437,2.898,84.62,0.411
2003-08-11,27.456,2.083,83.64,0.44
2003-08-12,28.359,0.842,81.97,0.482
2003-08-13,28.484,2.384,82.82,0.221
2003-08-14,28.755,1.454,81.89,0.405
2003-08-15,28.602,1.216,82.45,0.947
2003-08-16,27.791,7.154,87.53,0.591
2003-08-17,28.744,2.081,83.39,0.523
2003-08-18,28.32,19.493,83.13,0.838
2003-08-19,26.603,17.774,87.03,1.669
2003-08-20,26.457,5.895,85.88,0.954
2003-08-21,26.989,1.197,82.96,0.299
2003-08-22,27.991,0.382,80.0,0.333
2003-08-23,28.799,0.477,79.0,0.941
2003-08-24,28.483,4.684,84.81,0.546
2003-08-25,27.957,3.046,84.8,0.836
2003-08-26,27.478,10.938,85.64,0.822
2003-08-27,27.081,10.273,85.85,0.816
2003-08-28,27.723,3.188,84.79,0.837
2003-08-29,27.162,15.058,87.94,1.208
2003-08-30,26.285,15.597,89.86,0.733
2003-08-31,27.178,1.993,84.63,0.633
2003-09-01,28.214,2.199,83.79,0.232
2003-09-02,27.635,7.24,85.98,1.133
2003-09-03,26.372,12.364,88.17,1.02
2003-09-04,26.245,11.459,87.78,0.807
2003-09-05,26.109,5.197,85.89,0.303
2003-09-06,26.117,6.868,83.63,0.379
2003-09-07,26.399,3.146,83.98,0.36
2003-09-08,26.189,2.682,84.67,0.642
2003-09-09,26.664,0.458,81.75,0.136
2003-09-10,27.05,0.169,77.59,0.82
2003-09-11,27.052,0.161,80.99,0.691
2003-09-12,27.047,0.722,80.98,0.552
2003-09-13,27.436,1.113,82.5,0.414
2003-09-14,27.312,3.259,84.24,0.338
2003-09-15,27.185,4.877,81.7,0.695
2003-09-16,27.106,1.365,81.65,0.834
2003-09-17,27.213,1.133,81.01,0.522
2003-09-18,27.356,1.903,80.68,0.479
2003-09-19,27.596,1.163,82.43,0.997
2003-09-20,28.193,0.469,79.63,1.224
2003-09-21,28.49,0.367,77.71,0.889
2003-09-22,27.084,9.581,83.05,1.647
2003-09-23,25.841,7.371,82.64,2.186
2003-09-24,25.819,13.204,79.87,1.657
2003-09-25,24.275,6.626,85.48,0.896
2003-09-26,24.505,0.519,80.23,1.12
2003-09-27,24.171,0.046,77.52,0.758
2003-09-28,23.542,0.006,73.93,0.878
2003-09-29,23.093,0.031,71.68,0.717
2003-09-30,22.646,0.001,66.15,1.102
2003-10-01,22.575,0.0,64.61,1.062
2003-10-02,22.479,0.0,67.6,0.712
2003-10-03,22.913,0.002,67.71,0.78
2003-10-04,23.037,0.001,69.38,0.461
2003-10-05,23.627,0.001,71.05,0.777
2003-10-06,23.981,0.009,71.25,1.087
2003-10-07,24.273,0.01,71.52,0.248
2003-10-08,24.758,0.052,70.9,0.757
2003-10-09,23.483,0.018,63.88,1.807
2003-10-10,22.099,0.002,58.72,0.863
2003-10-11,21.89,0.001,52.83,1.29
2003-10-12,21.1,0.0,50.38,1.421
2003-10-13,21.73,0.0,54.4,1.009
2003-10-14,21.868,0.0,60.17,0.689
2003-10-15,22.118,0.001,62.57,0.79
2003-10-16,22.079,0.003,60.4,0.891
2003-10-17,22.113,0.001,58.98,0.604
2003-10-18,22.007,0.0,61.56,0.546
2003-10-19,22.015,0.001,63.34,0.706
2003-10-20,21.968,0.002,61.7,0.989
2003-10-21,21.429,0.003,60.17,0.663
2003-10-22,21.546,0.001,61.08,0.819
2003-10-23,21.603,0.0,62.64,0.838
2003-10-24,21.549,0.001,63.47,0.863
2003-10-25,21.059,0.077,61.75,0.681
2003-10-26,20.806,0.026,62.05,0.986
2003-10-27,21.349,0.001,64.76,0.933
2003-10-28,21.858,0.002,66.61,0.702
2003-10-29,21.668,0.0,65.93,0.604
2003-10-30,21.564,0.001,68.09,0.46
2003-10-31,21.253,0.001,67.65,0.428
2003-11-01,20.966,0.005,66.37,0.627
2003-11-02,20.909,0.0,64.41,0.824
2003-11-03,20.444,0.001,66.61,0.398
2003-11-04,20.387,0.002,68.03,0.764
2003-11-05,21.046,0.002,61.22,1.619
2003-11-06,20.793,0.001,57.24,1.263
2003-11-07,20.272,0.002,54.15,1.4
2003-11-08,19.832,0.321,49.74,1.779
2003-11-09,19.502,0.003,52.27,0.829
2003-11-10,18.005,0.001,57.87,0.828
2003-11-11,17.485,0.001,58.9,0.569
2003-11-12,17.407,0.0,62.71,0.684
2003-11-13,18.051,0.001,65.85,0.539
2003-11-14,18.219,0.008,69.68,0.602
2003-11-15,18.508,0.298,71.99,0.291
2003-11-16,15.826,12.783,76.82,2.224
2003-11-17,14.592,28.277,81.93,2.133
2003-11-18,15.145,1.667,72.44,0.609
2003-11-19,14.907,0.001,70.28,0.981
2003-11-20,14.278,0.0,65.26,1.421
2003-11-21,13.732,0.0,64.27,0.494
2003-11-22,13.838,0.0,65.28,0.929
2003-11-23,13.883,0.0,65.68,0.581
2003-11-24,14.014,0.0,67.54,1.368
2003-11-25,13.328,0.001,64.6,0.969
2003-11-26,13.05,0.0,65.28,0.145
2003-11-27,12.823,0.002,70.08,0.912
2003-11-28,12.673,-0.0,66.66,0.63
2003-11-29,12.353,0.001,66.68,0.953
2003-11-30,12.265,0.002,64.8,0.881
2003-12-01,13.095,0.001,65.01,1.124
2003-12-02,13.722,0.042,66.77,0.887
2003-12-03,14.404,0.001,69.72,0.921
2003-12-04,15.003,0.003,69.71,0.911
2003-12-05,14.522,0.0,69.61,1.0
2003-12-06,14.095,0.001,62.89,1.342
2003-12-07,14.032,0.001,66.83,0.474
2003-12-08,15.485,0.031,69.42,1.843
2003-12-09,16.355,1.349,70.66,1.624
2003-12-10,16.256,0.003,71.66,1.139
2003-12-11,15.24,0.0,71.96,0.663
2003-12-12,15.31,2.148,78.55,1.997
2003-12-13,14.873,31.807,83.3,2.6
2003-12-14,15.747,5.71,78.02,1.43
2003-12-15,14.396,15.644,81.83,1.912
2003-12-16,12.854,1.603,83.83,0.831
2003-12-17,12.73,0.003,74.34,1.13
2003-12-18,12.829,0.001,71.57,0.304
2003-12-19,12.232,0.0,72.28,0.852
2003-12-20,11.502,0.001,69.76,1.002
2003-12-21,11.583,0.001,72.29,0.643
2003-12-22,11.157,0.001,78.26,0.195
2003-12-23,9.846,0.511,85.23,0.688
2003-12-24,10.118,0.001,76.54,1.183
2003-12-25,10.017,0.0,75.09,0.033
2003-12-26,10.313,0.167,77.1,0.173
2003-12-27,9.878,0.194,75.69,1.017
2003-12-28,9.482,0.0,72.88,0.783
2003-12-29,9.967,0.001,67.39,0.341
2003-12-30,10.602,0.335,73.12,0.928
2003-12-31,11.691,1.406,79.02,0.406
2004-01-01,10.949,1.703,85.86,0.069
2004-01-02,10.266,0.013,82.44,1.418
2004-01-03,8.792,0.002,81.63,1.081
2004-01-04,9.25,0.0,75.93,1.041
2004-01-05,9.149,1.533,77.48,0.745
2004-01-06,10.623,0.199,72.89,1.59
2004-01-07,10.095,0.001,74.04,1.269
2004-01-08,11.556,0.002,69.17,1.197
2004-01-09,12.281,0.002,70.3,1.157
2004-01-10,13.019,0.609,74.03,0.067
2004-01-11,13.01,0.002,75.92,0.702
2004-01-12,12.893,1.432,80.47,1.195
2004-01-13,13.412,0.404,79.32,0.827
2004-01-14,12.837,0.002,74.58,0.55
2004-01-15,13.847,0.002,74.62,0.172
2004-01-16,14.529,0.027,78.79,1.52
2004-01-17,13.403,41.782,88.39,1.559
2004-01-18,12.319,0.072,81.21,0.606
2004-01-19,11.439,0.0,82.16,0.512
2004-01-20,11.648,0.936,85.73,0.306
2004-01-21,12.498,17.59,86.33,1.806
2004-01-22,12.792,24.977,83.92,1.083
2004-01-23,11.136,18.313,91.46,1.115
2004-01-24,10.527,0.014,80.19,1.225
2004-01-25,10.405,0.003,80.72,1.103
2004-01-26,10.782,0.002,78.34,1.073
2004-01-27,10.32,0.002,75.84,1.18
2004-01-28,10.841,0.507,75.92,0.742
2004-01-29,10.944,3.688,78.77,1.413
2004-01-30,11.255,25.876,83.53,1.474
2004-01-31,9.393,6.087,85.43,0.242
2004-02-01,9.062,0.005,79.75,1.541
2004-02-02,9.191,0.0,71.06,1.632
2004-02-03,9.263,0.001,69.78,1.224
2004-02-04,9.946,0.0,69.99,0.254
2004-02-05,10.199,0.001,72.59,0.917
2004-02-06,10.515,0.0,71.17,1.21
2004-02-07,10.652,0.001,72.47,0.225
2004-02-08,12.364,1.422,75.84,1.272
2004-02-09,14.965,16.196,75.34,2.712
2004-02-10,14.0,1.14,76.94,1.086
2004-02-11,13.717,0.001,75.47,1.048
2004-02-12,13.821,0.0,74.51,0.992
2004-02-13,14.048,0.001,75.32,0.571
2004-02-14,13.871,0.002,75.69,1.43
2004-02-15,13.342,0.0,75.02,0.332
2004-02-16,14.673,0.0,74.87,0.531
2004-02-17,16.752,0.219,75.48,1.705
2004-02-18,15.03,11.774,77.12,2.864
2004-02-19,15.034,0.008,73.75,1.363
2004-02-20,14.892,0.001,71.08,1.318
2004-02-21,15.234,0.001,70.3,1.137
2004-02-22,15.735,0.002,68.22,2.029
2004-02-23,15.416,0.002,70.75,0.889
2004-02-24,16.292,0.0,70.16,1.068
2004-02-25,16.646,0.0,72.59,0.327
2004-02-26,17.867,0.017,71.74,0.979
2004-02-27,17.606,1.013,66.74,1.882
2004-02-28,17.989,0.031,63.68,0.932
2004-02-29,17.17,0.012,59.5,1.574
2004-03-01,16.177,0.002,56.91,1.851
2004-03-02,16.086,0.002,59.29,1.798
2004-03-03,16.841,0.001,59.45,1.177
2004-03-04,17.443,0.001,60.38,0.803
2004-03-05,17.972,0.001,59.61,0.959
2004-03-06,17.869,0.001,53.25,1.573
2004-03-07,19.097,0.0,53.65,0.859
2004-03-08,20.076,0.001,64.38,2.221
2004-03-09,20.551,0.017,64.14,1.523
2004-03-10,20.706,0.022,64.93,0.947
2004-03-11,20.894,0.113,60.76,1.064
2004-03-12,21.237,0.007,56.89,1.217
2004-03-13,21.831,0.001,55.74,0.712
2004-03-14,22.262,0.003,57.87,1.249
2004-03-15,22.952,0.002,57.73,0.962
2004-03-16,23.994,0.0,53.12,1.473
2004-03-17,23.81,0.001,55.69,0.677
2004-03-18,23.984,0.182,54.27,1.594
2004-03-19,23.809,0.013,47.76,1.682
2004-03-20,23.416,0.001,47.87,0.725
2004-03-21,24.816,0.003,43.43,1.159
2004-03-22,25.267,0.427,47.08,0.99
2004-03-23,24.532,0.185,42.25,0.46
2004-03-24,22.404,0.076,37.38,1.437
2004-03-25,21.985,0.005,40.3,0.714
2004-03-26,22.506,0.003,39.42,0.413
2004-03-27,23.286,0.004,38.5,0.709
2004-03-28,23.416,0.015,36.53,1.348
2004-03-29,23.168,0.008,37.96,0.713
2004-03-30,23.549,0.002,37.24,0.769
2004-03-31,24.303,0.001,39.54,0.466
2004-04-01,24.778,0.005,40.03,1.349
2004-04-02,25.263,0.046,35.07,1.125
2004-04-03,25.804,0.005,33.96,1.305
2004-04-04,26.245,0.001,35.67,1.115
2004-04-05,26.145,0.0,37.68,0.406
2004-04-06,27.287,0.002,37.88,0.489
2004-04-07,26.855,1.531,37.98,1.406
2004-04-08,27.339,0.322,32.14,2.101
2004-04-09,26.88,0.689,31.66,2.544
2004-04-10,26.824,0.497,33.99,1.581
2004-04-11,27.783,0.001,30.37,1.251
2004-04-12,28.514,0.058,26.87,1.694
2004-04-13,28.606,0.021,27.2,1.866
2004-04-14,28.489,0.016,26.59,1.537
2004-04-15,28.213,0.002,26.11,1.059
2004-04-16,29.709,0.094,24.76,1.377
2004-04-17,27.636,1.068,31.49,2.461
2004-04-18,28.717,0.0,30.15,1.087
2004-04-19,29.857,0.001,30.33,0.643
2004-04-20,28.967,1.495,32.7,1.389
2004-04-21,27.832,0.077,33.85,1.835
2004-04-22,25.598,1.013,44.78,2.132
2004-04-23,23.097,3.072,57.14,1.453
2004-04-24,25.514,0.004,42.77,0.925
2004-04-25,26.724,0.001,44.4,1.261
2004-04-26,28.11,0.01,44.18,1.095
2004-04-27,28.03,1.168,45.68,0.943
2004-04-28,27.251,5.474,45.81,2.113
2004-04-29,23.588,17.373,58.24,3.913
2004-04-30,20.047,66.172,79.04,1.803
2004-05-01,20.389,0.775,67.8,0.827
2004-05-02,21.63,0.011,53.39,1.394
2004-05-03,22.742,0.001,53.31,1.07
2004-05-04,24.63,0.004,52.92,0.948
2004-05-05,25.3,0.001,50.45,0.925
2004-05-06,26.535,0.001,48.66,0.711
2004-05-07,28.709,0.005,40.22,1.769
2004-05-08,29.338,0.063,37.62,1.558
2004-05-09,29.063,0.007,37.69,1.892
2004-05-10,28.865,0.001,37.28,1.755
2004-05-11,29.796,0.001,34.32,1.031
2004-05-12,30.243,0.914,32.84,0.704
2004-05-13,31.014,0.001,33.19,0.763
2004-05-14,32.288,0.003,32.15,0.743
2004-05-15,32.942,0.001,31.45,0.585
2004-05-16,33.274,0.0,31.1,0.867
2004-05-17,33.207,0.002,27.53,1.611
2004-05-18,32.725,0.006,29.51,1.665
2004-05-19,33.631,0.001,25.51,1.101
2004-05-20,34.347,0.003,26.29,0.705
2004-05-21,33.954,0.0,23.86,0.915
2004-05-22,34.46,0.067,21.87,1.945
2004-05-23,29.657,5.58,47.37,3.166
2004-05-24,29.66,0.423,40.98,0.866
2004-05-25,29.801,2.309,41.25,0.187
2004-05-26,29.147,0.535,42.86,0.69
2004-05-27,29.023,0.392,45.85,0.692
2004-05-28,29.283,0.102,41.61,1.137
2004-05-29,30.364,0.002,34.67,0.818
2004-05-30,32.013,0.001,29.78,0.181
2004-05-31,33.087,0.058,28.01,0.317
2004-06-01,32.278,1.059,31.29,0.918
2004-06-02,32.07,0.979,30.7,0.757
2004-06-03,32.404,0.002,30.24,0.367
2004-06-04,33.439,0.003,25.94,0.875
2004-06-05,33.219,0.116,34.81,2.238
2004-06-06,32.349,0.784,42.99,1.944
2004-06-07,29.104,3.742,55.59,2.122
2004-06-08,28.392,2.04,56.24,1.024
2004-06-09,28.132,2.345,58.14,0.581
2004-06-10,29.651,0.183,45.64,0.639
2004-06-11,30.998,0.079,43.66,1.339
2004-06-12,31.874,0.014,40.66,0.605
2004-06-13,32.84,0.339,48.27,1.393
2004-06-14,31.342,4.134,57.86,1.794
2004-06-15,29.588,5.844,66.98,0.938
2004-06-16,32.299,2.829,57.95,0.448
2004-06-17,29.676,6.315,69.71,2.025
2004-06-18,29.553,2.48,67.93,1.336
2004-06-19,30.483,5.995,66.37,1.784
2004-06-20,29.666,4.548,71.59,1.041
2004-06-21,29.572,4.329,70.35,0.549
2004-06-22,30.073,0.152,61.25,0.655
2004-06-23,30.493,0.098,55.24,0.24
2004-06-24,29.388,0.805,62.24,0.84
2004-06-25,29.643,0.526,60.53,0.279
2004-06-26,29.091,0.979,59.88,0.526
2004-06-27,29.899,0.042,52.27,1.166
2004-06-28,31.332,0.095,50.37,1.118
2004-06-29,32.669,0.038,47.33,1.158
2004-06-30,33.612,0.157,47.32,0.921
2004-07-01,33.413,0.81,49.16,0.884
2004-07-02,33.712,0.768,49.56,0.668
2004-07-03,32.94,3.494,54.13,1.521
2004-07-04,30.472,7.631,68.32,1.954
2004-07-05,30.182,5.009,71.55,1.204
2004-07-06,30.059,2.222,70.86,0.735
2004-07-07,29.946,12.547,72.61,1.727
2004-07-08,28.776,13.7,75.75,2.459
2004-07-09,27.658,13.233,79.66,0.709
2004-07-10,29.424,0.236,71.57,0.215
2004-07-11,30.117,1.269,65.93,0.778
2004-07-12,29.181,2.977,74.16,0.828
2004-07-13,29.182,6.099,73.56,0.951
2004-07-14,28.655,4.593,75.74,0.631
2004-07-15,30.047,0.598,68.93,0.753
2004-07-16,29.153,1.041,75.22,0.673
2004-07-17,29.859,0.357,69.45,0.086
2004-07-18,30.193,0.247,60.58,1.014
2004-07-19,29.224,2.584,64.82,0.78
2004-07-20,29.612,0.051,59.07,0.75
2004-07-21,30.015,0.504,58.46,0.412
2004-07-22,30.612,0.099,56.48,0.263
2004-07-23,31.292,0.013,52.41,0.384
2004-07-24,32.029,0.013,52.52,0.784
2004-07-25,31.137,4.066,65.02,1.879
2004-07-26,29.272,12.827,75.27,1.975
2004-07-27,28.564,16.106,78.6,2.52
2004-07-28,28.731,6.853,77.29,2.53
2004-07-29,28.342,9.523,78.49,2.367
2004-07-30,28.345,4.028,75.84,1.88
2004-07-31,27.698,6.233,78.67,1.322
2004-08-01,28.23,3.195,79.12,1.019
2004-08-02,27.057,22.518,83.7,0.911
2004-08-03,26.499,7.955,88.55,0.481
2004-08-04,28.948,0.332,78.61,0.412
2004-08-05,29.352,10.767,79.03,0.599
2004-08-06,27.424,17.498,82.77,1.74
2004-08-07,28.459,9.432,77.41,1.331
2004-08-08,27.178,19.298,85.95,1.122
2004-08-09,26.911,4.084,85.67,1.265
2004-08-10,27.585,2.535,83.67,0.957
2004-08-11,28.057,1.218,81.02,0.934
2004-08-12,28.799,0.71,78.8,0.175
2004-08-13,28.695,6.431,80.6,0.217
2004-08-14,27.888,6.543,84.09,0.757
2004-08-15,28.036,12.017,83.96,0.758
2004-08-16,26.761,19.136,87.78,1.521
2004-08-17,26.122,19.556,89.13,1.293
2004-08-18,26.176,12.965,88.95,0.77
2004-08-19,27.249,5.419,84.95,0.282
2004-08-20,26.822,2.981,85.67,0.804
2004-08-21,28.075,1.017,81.6,1.197
2004-08-22,28.443,0.362,78.95,0.856
2004-08-23,27.88,1.31,82.97,0.154
2004-08-24,27.565,5.724,84.89,0.18
2004-08-25,26.975,5.072,84.76,0.639
2004-08-26,27.654,1.382,81.46,0.385
2004-08-27,27.885,1.003,78.71,0.351
2004-08-28,28.433,0.577,77.56,0.403
2004-08-29,28.532,0.981,77.6,0.525
2004-08-30,28.605,0.767,74.78,0.387
2004-08-31,28.682,0.54,74.33,0.123
2004-09-01,28.231,0.329,71.67,0.477
2004-09-02,28.166,0.011,68.61,0.802
2004-09-03,27.757,0.007,69.27,0.339
2004-09-04,28.461,0.194,70.92,0.505
2004-09-05,28.603,0.417,70.07,0.232
2004-09-06,28.939,0.003,69.71,0.328
2004-09-07,29.325,0.03,69.69,0.361
2004-09-08,29.987,0.023,66.7,0.78
2004-09-09,30.135,0.217,65.39,1.041
2004-09-10,29.405,2.135,67.3,1.956
2004-09-11,27.79,2.737,75.48,1.649
2004-09-12,29.178,0.416,71.67,0.952
2004-09-13,28.938,1.758,74.72,0.931
2004-09-14,28.236,3.923,73.58,1.068
2004-09-15,25.662,21.87,83.44,1.856
2004-09-16,25.801,2.358,79.1,0.871
2004-09-17,26.516,1.196,78.96,0.119
2004-09-18,26.573,1.776,79.21,0.359
2004-09-19,26.53,1.041,77.19,0.846
2004-09-20,27.163,0.213,70.44,0.956
2004-09-21,26.994,0.277,71.22,0.533
2004-09-22,26.279,0.577,76.53,0.502
2004-09-23,25.909,0.037,67.67,0.795
2004-09-24,25.674,0.001,60.25,0.93
2004-09-25,25.531,0.0,57.37,1.289
2004-09-26,25.919,0.0,54.57,1.417
2004-09-27,25.782,0.0,58.98,0.632
2004-09-28,26.688,0.014,61.5,0.693
2004-09-29,26.936,0.011,63.17,0.609
2004-09-30,27.048,0.024,66.27,0.534
2004-10-01,27.29,1.226,67.91,0.148
2004-10-02,23.492,17.252,81.72,1.421
2004-10-03,21.703,16.743,82.43,2.075
2004-10-04,23.894,0.005,71.95,0.174
2004-10-05,24.3,0.001,68.98,0.579
2004-10-06,24.996,0.001,69.97,0.515
2004-10-07,25.387,0.026,67.78,0.642
2004-10-08,25.515,0.064,61.93,1.765
2004-10-09,25.856,1.315,54.1,2.945
2004-10-10,21.21,39.124,80.78,2.752
2004-10-11,19.395,16.077,80.05,1.798
2004-10-12,19.225,0.574,78.42,1.127
2004-10-13,19.853,0.014,67.16,1.219
2004-10-14,19.815,0.0,67.84,0.462
2004-10-15,19.857,0.0,66.91,0.95
2004-10-16,20.254,0.002,68.27,0.8
2004-10-17,21.021,0.002,69.72,0.751
2004-10-18,21.47,0.003,69.16,0.893
2004-10-19,21.27,0.002,65.75,1.152
2004-10-20,21.012,0.089,60.25,1.009
2004-10-21,20.767,0.001,57.96,1.587
2004-10-22,19.604,0.002,59.46,0.874
2004-10-23,19.335,0.0,61.03,0.838
2004-10-24,19.626,0.002,65.58,1.099
2004-10-25,19.993,0.001,65.62,0.924
2004-10-26,17.581,4.831,79.22,1.027
2004-10-27,18.828,0.006,62.82,1.021
2004-10-28,18.226,0.063,58.51,1.135
2004-10-29,18.006,0.001,59.86,0.723
2004-10-30,17.856,0.003,60.57,1.209
2004-10-31,17.698,0.001,58.75,0.841
2004-11-01,17.721,0.001,58.41,0.654
2004-11-02,17.485,0.001,61.86,0.696
2004-11-03,17.591,0.002,59.61,0.865
2004-11-04,17.644,0.002,59.68,0.809
2004-11-05,17.597,0.0,64.06,0.984
2004-11-06,17.98,0.002,62.83,0.863
2004-11-07,18.08,0.001,61.36,0.605
2004-11-08,17.878,0.001,62.91,0.76
2004-11-09,17.825,0.001,63.96,0.643
2004-11-10,17.608,0.001,65.92,0.816
2004-11-11,17.784,0.003,65.68,0.863
2004-11-12,17.921,0.005,66.8,0.835
2004-11-13,18.585,0.003,61.1,1.206
2004-11-14,18.458,0.0,59.07,0.804
2004-11-15,18.022,0.0,60.91,0.793
2004-11-16,17.745,0.001,59.41,0.648
2004-11-17,17.295,0.0,66.84,0.657
2004-11-18,17.59,0.001,59.98,1.132
2004-11-19,16.909,0.0,63.74,0.64
2004-11-20,17.798,0.001,67.25,0.835
2004-11-21,18.402,0.001,69.44,0.937
2004-11-22,18.986,0.005,70.47,1.529
2004-11-23,18.998,0.112,71.68,0.869
2004-11-24,18.128,0.035,71.22,1.259
2004-11-25,17.579,0.129,75.75,1.035
2004-11-26,16.347,0.113,78.86,0.685
2004-11-27,16.418,0.091,75.21,0.713
2004-11-28,16.029,0.001,75.63,0.723
2004-11-29,16.795,3.783,76.98,0.281
2004-11-30,16.09,4.213,79.77,0.892
2004-12-01,15.219,1.262,72.55,1.241
2004-12-02,14.961,0.002,68.6,1.175
2004-12-03,14.539,0.0,64.49,1.413
2004-12-04,14.12,0.002,62.42,1.619
2004-12-05,13.849,-0.0,65.5,1.107
2004-12-06,14.094,0.0,64.23,0.3
2004-12-07,13.931,0.0,66.35,0.315
2004-12-08,13.726,0.001,69.19,1.224
2004-12-09,13.546,0.0,65.79,0.529
2004-12-10,13.428,0.001,68.46,0.134
2004-12-11,13.449,0.001,73.47,0.45
2004-12-12,14.162,0.0,73.49,0.799
2004-12-13,14.368,0.001,72.29,1.014
2004-12-14,14.821,0.0,69.43,0.595
2004-12-15,15.267,0.002,68.83,0.7
2004-12-16,15.62,0.0,67.36,0.547
2004-12-17,15.454,0.0,71.16,0.467
2004-12-18,14.472,0.002,74.97,0.727
2004-12-19,15.117,26.884,74.78,2.753
2004-12-20,12.884,2.502,83.32,1.566
2004-12-21,12.38,0.082,79.05,0.809
2004-12-22,13.418,6.864,75.27,0.746
2004-12-23,13.018,1.41,75.56,1.057
2004-12-24,11.59,0.06,76.02,1.105
2004-12-25,10.355,0.008,70.34,1.804
2004-12-26,8.823,0.003,67.3,0.383
2004-12-27,10.073,0.325,69.7,0.401
2004-12-28,11.407,0.001,72.02,0.155
2004-12-29,11.637,0.002,76.23,1.345
2004-12-30,13.025,0.122,75.03,0.947
2004-12-31,14.736,33.246,79.77,2.616
2005-01-01,13.142,11.329,83.52,1.638
2005-01-02,12.939,2.03,81.51,1.027
2005-01-03,11.571,0.327,78.07,0.592
2005-01-04,10.423,0.001,79.98,1.157
2005-01-05,10.112,0.002,81.04,0.418
2005-01-06,10.383,0.002,78.35,1.144
2005-01-07,10.781,-0.0,74.22,1.104
2005-01-08,11.774,0.26,72.31,0.34
2005-01-09,11.784,0.2,73.12,0.962
2005-01-10,10.8,0.012,72.34,0.589
2005-01-11,10.625,0.002,74.01,0.699
2005-01-12,10.594,0.001,69.27,1.027
2005-01-13,10.627,0.054,68.77,1.511
2005-01-14,11.369,0.001,69.32,1.476
2005-01-15,11.165,0.005,69.44,0.761
2005-01-16,10.775,0.219,67.56,0.382
2005-01-17,10.1,1.215,73.34,0.81
2005-01-18,10.128,0.156,73.79,0.536
2005-01-19,9.866,0.0,67.65,1.46
2005-01-20,10.094,0.001,63.36,0.961
2005-01-21,9.419,10.529,81.05,0.874
2005-01-22,9.458,37.224,89.75,2.088
2005-01-23,9.923,0.225,81.22,0.647
2005-01-24,10.216,1.656,81.58,1.272
2005-01-25,9.802,0.0,80.8,1.212
2005-01-26,10.449,0.005,79.8,0.498
2005-01-27,10.995,14.796,81.21,1.502
2005-01-28,9.975,3.113,82.08,0.356
2005-01-29,10.391,0.065,75.26,0.763
2005-01-30,10.081,0.971,80.24,1.277
2005-01-31,11.66,0.002,73.54,1.022
2005-02-01,10.865,0.001,73.03,0.913
2005-02-02,10.962,0.001,70.36,0.641
2005-02-03,10.526,0.479,76.18,0.584
2005-02-04,11.919,1.021,69.62,2.058
2005-02-05,12.318,1.437,70.1,1.985
2005-02-06,12.588,17.34,79.4,2.302
2005-02-07,12.955,49.481,89.17,2.28
2005-02-08,13.569,20.243,84.66,2.123
2005-02-09,13.09,10.594,79.01,2.675
2005-02-10,13.726,9.325,80.37,1.968
2005-02-11,15.172,15.574,79.34,2.331
2005-02-12,14.024,18.721,86.4,1.414
2005-02-13,14.496,0.005,77.17,1.631
2005-02-14,14.073,0.413,78.62,1.193
2005-02-15,11.743,28.628,93.13,1.25
2005-02-16,11.865,0.438,80.0,0.545
2005-02-17,12.239,7.216,75.46,1.363
2005-02-18,12.069,34.959,86.9,2.089
2005-02-19,10.137,17.28,88.45,0.171
2005-02-20,9.201,0.065,72.82,1.823
2005-02-21,9.812,0.01,71.86,1.704
2005-02-22,12.233,0.0,74.11,0.799
2005-02-23,12.923,0.295,78.9,1.026
2005-02-24,13.287,0.371,75.06,1.374
2005-02-25,14.171,0.0,69.27,1.584
2005-02-26,14.719,0.0,70.99,1.408
2005-02-27,14.991,0.563,76.32,0.173
2005-02-28,16.532,0.206,76.29,0.312
2005-03-01,15.695,1.228,82.47,0.191
2005-03-02,16.693,0.019,77.68,1.177
2005-03-03,19.049,0.03,64.82,1.871
2005-03-04,18.473,6.033,71.09,1.116
2005-03-05,16.388,10.21,77.02,2.256
2005-03-06,17.823,0.002,70.71,0.876
2005-03-07,18.158,0.05,74.42,0.724
2005-03-08,18.696,0.01,69.74,0.968
2005-03-09,16.514,16.391,82.35,1.679
2005-03-10,15.036,3.678,82.21,1.194
2005-03-11,16.847,0.003,74.43,0.972
2005-03-12,17.84,0.0,76.74,0.517
2005-03-13,18.674,0.0,78.35,0.279
2005-03-14,19.933,0.006,78.21,0.505
2005-03-15,21.308,0.015,79.08,0.698
2005-03-16,21.874,0.196,77.53,1.266
2005-03-17,21.18,0.234,72.53,1.282
2005-03-18,18.297,13.586,76.61,1.677
2005-03-19,20.068,1.839,70.65,1.372
2005-03-20,20.434,0.427,72.04,0.451
2005-03-21,17.06,14.831,86.95,1.885
2005-03-22,17.038,2.05,81.22,0.525
2005-03-23,16.996,1.253,76.5,0.713
2005-03-24,18.077,0.203,67.06,0.885
2005-03-25,16.818,0.727,75.24,1.209
2005-03-26,18.816,0.149,68.19,1.558
2005-03-27,18.695,2.484,67.41,1.9
2005-03-28,19.292,0.096,55.78,1.206
2005-03-29,18.933,0.008,56.36,0.622
2005-03-30,18.256,0.088,52.71,1.424
2005-03-31,18.905,0.001,55.14,1.62
2005-04-01,20.344,0.001,56.8,0.874
2005-04-02,21.245,0.023,53.88,0.885
2005-04-03,21.859,0.001,50.96,0.811
2005-04-04,22.39,0.002,53.53,0.532
2005-04-05,25.507,0.051,40.89,2.187
2005-04-06,26.607,0.282,31.87,3.772
2005-04-07,26.194,1.559,33.3,5.197
2005-04-08,20.483,0.064,34.13,0.912
2005-04-09,19.282,0.107,32.7,0.858
2005-04-10,18.494,0.102,35.65,1.273
2005-04-11,19.924,0.0,33.27,2.015
2005-04-12,21.347,0.001,34.71,2.054
2005-04-13,24.163,0.016,35.46,1.469
2005-04-14,25.38,0.681,31.09,1.935
2005-04-15,24.564,0.024,34.67,0.701
2005-04-16,24.487,0.008,33.28,1.574
2005-04-17,24.477,0.005,31.69,1.567
2005-04-18,24.879,0.0,31.7,1.053
2005-04-19,25.841,0.001,31.12,0.95
2005-04-20,26.332,0.001,33.3,1.192
2005-04-21,27.423,0.002,35.83,1.193
2005-04-22,26.205,2.325,45.73,1.175
2005-04-23,26.326,0.691,42.65,1.325
2005-04-24,26.022,1.147,43.54,1.415
2005-04-25,24.627,5.379,55.1,1.064
2005-04-26,24.491,0.575,48.72,1.574
2005-04-27,22.024,1.211,53.45,1.544
2005-04-28,23.8,0.039,44.57,0.947
2005-04-29,25.236,0.367,39.84,1.25
2005-04-30,26.531,0.332,35.91,1.089
2005-05-01,26.178,0.678,47.64,1.696
2005-05-02,25.643,3.434,55.69,0.665
2005-05-03,22.133,11.469,79.95,0.809
2005-05-04,24.037,1.195,68.65,0.1
2005-05-05,25.276,0.199,59.44,0.513
2005-05-06,26.713,0.346,49.77,0.599
2005-05-07,27.591,0.251,42.81,1.11
2005-05-08,27.914,0.039,41.23,1.888
2005-05-09,25.79,0.628,39.01,1.62
2005-05-10,26.141,0.011,32.7,1.231
2005-05-11,27.568,0.008,28.04,1.225
2005-05-12,28.959,0.071,24.84,1.134
2005-05-13,27.653,1.22,30.01,2.003
2005-05-14,28.15,0.01,26.99,1.606
2005-05-15,29.171,0.059,24.83,1.348
2005-05-16,29.632,0.257,25.62,2.16
2005-05-17,30.096,0.282,24.46,1.949
2005-05-18,29.617,0.085,26.71,3.304
2005-05-19,30.065,0.106,25.72,2.702
2005-05-20,29.827,0.378,26.63,2.374
2005-05-21,30.147,0.248,27.04,1.995
2005-05-22,30.029,0.06,27.79,0.929
2005-05-23,30.019,0.182,28.49,1.319
2005-05-24,30.593,0.024,23.65,1.377
2005-05-25,31.376,0.119,21.44,1.364
2005-05-26,30.019,3.477,27.44,1.157
2005-05-27,29.296,0.007,25.84,2.278
2005-05-28,31.073,0.096,21.33,2.429
2005-05-29,29.44,0.208,29.32,2.9
2005-05-30,29.817,0.132,32.3,1.474
2005-05-31,30.203,0.034,29.9,1.975
2005-06-01,31.016,0.0,22.84,1.935
2005-06-02,32.105,0.049,21.36,1.092
2005-06-03,32.641,0.002,21.09,0.997
2005-06-04,33.535,0.006,21.65,1.062
2005-06-05,34.618,0.031,21.86,1.321
2005-06-06,32.368,2.298,31.23,1.498
2005-06-07,30.898,1.412,37.89,0.45
2005-06-08,31.168,0.301,33.68,0.797
2005-06-09,31.744,0.024,30.91,0.747
2005-06-10,31.774,0.003,34.86,1.089
2005-06-11,31.728,0.918,32.32,1.131
2005-06-12,31.142,0.005,33.81,0.627
2005-06-13,30.464,0.928,38.05,0.252
2005-06-14,32.004,0.03,33.43,0.729
2005-06-15,32.535,0.026,32.31,0.665
2005-06-16,33.56,0.002,29.55,0.535
2005-06-17,33.617,1.322,30.57,0.863
2005-06-18,33.68,2.409,34.03,0.765
2005-06-19,33.873,0.865,35.29,0.384
2005-06-20,34.752,0.007,31.46,0.142
2005-06-21,35.461,0.006,30.42,0.533
2005-06-22,35.866,0.006,31.21,0.917
2005-06-23,36.155,0.001,36.02,1.253
2005-06-24,35.592,0.003,45.85,2.182
2005-06-25,35.211,0.938,52.19,2.475
2005-06-26,30.472,5.346,67.18,3.314
2005-06-27,30.172,5.591,68.68,2.692
2005-06-28,29.394,26.083,73.47,2.51
2005-06-29,27.517,15.898,82.83,1.685
2005-06-30,29.479,3.032,75.01,1.315
2005-07-01,26.648,17.771,86.6,0.758
2005-07-02,27.652,11.056,83.51,1.292
2005-07-03,28.045,2.245,78.27,0.381
2005-07-04,28.213,7.464,77.81,1.198
2005-07-05,25.943,6.5,77.34,2.266
2005-07-06,26.441,11.937,80.42,1.598
2005-07-07,26.335,3.567,76.83,1.464
2005-07-08,28.609,0.071,73.76,0.095
2005-07-09,30.06,0.235,74.75,0.712
2005-07-10,30.608,1.959,73.75,1.093
2005-07-11,27.63,11.019,83.91,2.353
2005-07-12,26.954,5.648,81.21,2.026
2005-07-13,27.502,7.883,82.85,1.572
2005-07-14,27.169,9.961,85.09,1.438
2005-07-15,27.135,4.191,85.48,0.928
2005-07-16,27.945,3.817,82.33,1.037
2005-07-17,27.901,7.698,81.24,0.917
2005-07-18,27.617,3.817,82.45,0.863
2005-07-19,28.902,1.897,78.98,0.405
2005-07-20,28.909,6.882,79.82,1.008
2005-07-21,28.17,6.863,82.34,1.107
2005-07-22,29.204,2.888,78.97,0.709
2005-07-23,28.748,4.208,81.24,1.528
2005-07-24,28.943,2.139,79.85,0.487
2005-07-25,29.792,1.916,77.81,0.706
2005-07-26,29.325,1.869,78.65,1.459
2005-07-27,29.904,0.573,74.62,0.86
2005-07-28,29.817,1.831,76.07,0.306
2005-07-29,29.075,4.127,78.82,0.273
2005-07-30,29.777,1.199,76.16,0.571
2005-07-31,30.194,1.168,75.85,0.605
2005-08-01,30.476,5.372,74.86,0.91
2005-08-02,29.563,4.364,78.02,0.616
2005-08-03,29.469,3.072,79.21,0.903
2005-08-04,28.873,5.377,82.53,0.833
2005-08-05,28.372,24.406,84.14,0.98
2005-08-06,26.003,17.526,90.1,1.414
2005-08-07,26.102,8.869,85.68,1.657
2005-08-08,26.144,9.036,85.45,0.402
2005-08-09,27.904,0.55,79.22,0.706
2005-08-10,28.094,0.77,80.16,0.431
2005-08-11,28.619,0.889,80.9,0.406
2005-08-12,29.094,1.349,80.03,0.474
2005-08-13,29.358,1.578,81.22,0.554
2005-08-14,30.064,1.339,78.97,0.674
2005-08-15,29.187,6.41,80.58,1.799
2005-08-16,27.857,4.548,83.59,1.633
2005-08-17,27.915,5.347,83.42,0.583
2005-08-18,27.965,3.519,83.55,0.142
2005-08-19,28.9,2.023,78.93,0.295
2005-08-20,28.279,1.957,80.38,0.558
2005-08-21,28.029,0.955,80.53,0.556
2005-08-22,28.906,0.489,75.7,0.477
2005-08-23,28.763,1.95,77.73,0.472
2005-08-24,28.785,1.183,76.4,0.923
2005-08-25,28.422,2.609,73.96,0.871
2005-08-26,28.661,1.775,72.79,0.954
2005-08-27,27.983,2.014,75.68,1.036
2005-08-28,27.44,1.537,75.49,0.621
2005-08-29,28.437,0.08,69.69,1.07
2005-08-30,28.954,0.06,69.47,0.407
2005-08-31,29.633,0.106,69.47,0.214
2005-09-01,30.441,0.084,66.78,0.553
2005-09-02,30.844,0.393,65.35,0.925
2005-09-03,30.817,0.378,62.57,1.221
2005-09-04,30.439,0.269,65.42,1.728
2005-09-05,29.243,5.351,74.76,1.935
2005-09-06,29.337,2.454,75.39,1.52
2005-09-07,28.545,7.308,77.35,1.654
2005-09-08,27.16,6.827,83.19,1.16
2005-09-09,26.788,5.847,84.83,0.474
2005-09-10,27.08,3.841,80.16,0.361
2005-09-11,27.577,1.099,74.95,0.527
2005-09-12,27.064,1.473,73.85,0.896
2005-09-13,25.542,14.849,72.8,2.928
2005-09-14,24.143,20.729,82.14,2.194
2005-09-15,25.048,0.701,78.38,2.162
2005-09-16,27.707,2.292,73.71,0.597
2005-09-17,26.092,6.549,83.1,1.003
2005-09-18,24.961,4.004,83.88,0.462
2005-09-19,26.706,0.001,77.81,1.237
2005-09-20,27.498,0.002,76.23,0.756
2005-09-21,27.952,0.206,76.19,0.798
2005-09-22,25.497,2.748,85.12,1.456
2005-09-23,25.96,0.938,80.51,0.219
2005-09-24,26.377,0.22,76.15,0.592
2005-09-25,26.23,0.856,79.19,0.022
2005-09-26,26.384,0.535,75.55,0.594
2005-09-27,26.232,0.894,72.93,0.444
2005-09-28,26.323,0.401,68.88,0.824
2005-09-29,26.231,0.001,67.23,0.688
2005-09-30,26.402,0.004,62.69,0.694
2005-10-01,26.757,0.0,61.74,0.194
2005-10-02,26.949,0.007,62.64,0.066
2005-10-03,27.143,0.017,62.65,0.321
2005-10-04,26.547,0.063,60.2,0.879
2005-10-05,26.668,0.004,59.57,0.381
2005-10-06,26.738,0.0,60.42,0.141
2005-10-07,26.852,0.013,59.96,0.852
2005-10-08,26.488,0.151,57.36,1.623
2005-10-09,25.76,1.256,55.64,1.124
2005-10-10,25.606,0.931,51.89,1.089
2005-10-11,25.123,1.784,50.69,1.073
2005-10-12,24.183,0.178,53.75,0.926
2005-10-13,23.482,0.002,51.77,0.747
2005-10-14,24.037,0.003,46.72,1.034
2005-10-15,23.975,0.002,47.21,1.024
2005-10-16,23.44,0.001,47.72,0.955
2005-10-17,23.047,0.004,48.09,0.871
2005-10-18,22.704,0.0,46.36,1.049
2005-10-19,21.869,0.003,42.5,0.973
2005-10-20,21.575,0.001,45.07,0.511
2005-10-21,21.288,0.001,48.66,0.273
2005-10-22,21.307,0.0,49.52,0.474
2005-10-23,21.448,0.001,53.65,0.467
2005-10-24,21.729,0.0,56.03,1.039
2005-10-25,22.227,0.003,55.63,1.255
2005-10-26,22.423,0.001,53.23,0.972
2005-10-27,21.502,0.001,50.02,0.834
2005-10-28,20.985,0.001,49.55,0.771
2005-10-29,20.552,0.001,48.15,0.682
2005-10-30,20.178,0.0,49.91,1.24
2005-10-31,20.491,0.007,50.19,1.189
2005-11-01,19.942,0.033,53.08,1.435
2005-11-02,20.074,0.071,50.36,1.43
2005-11-03,18.755,0.552,50.6,1.177
2005-11-04,18.58,0.004,48.79,0.961
2005-11-05,18.409,0.001,52.26,1.144
2005-11-06,18.022,0.002,50.37,1.304
2005-11-07,17.767,0.003,52.56,0.85
2005-11-08,18.317,0.0,58.08,1.131
2005-11-09,18.477,0.001,55.62,0.953
2005-11-10,18.86,0.002,59.15,0.752
2005-11-11,19.359,0.003,55.48,1.325
2005-11-12,19.323,0.002,52.09,1.687
2005-11-13,18.769,0.0,46.09,1.94
2005-11-14,17.644,0.0,48.98,1.391
2005-11-15,17.254,0.0,46.33,1.449
2005-11-16,16.483,0.0,46.22,1.473
2005-11-17,15.527,0.003,45.33,1.363
2005-11-18,15.462,0.001,49.4,0.43
2005-11-19,16.176,0.002,52.75,0.97
2005-11-20,16.691,0.002,52.49,1.051
2005-11-21,17.077,0.002,53.89,0.997
2005-11-22,16.872,0.0,57.98,0.871
2005-11-23,16.748,0.0,58.29,0.834
2005-11-24,16.152,0.0,59.64,0.399
2005-11-25,15.893,0.0,59.86,0.412
2005-11-26,15.411,0.002,60.74,0.769
2005-11-27,15.484,0.258,62.04,1.264
2005-11-28,15.69,0.011,50.65,1.809
2005-11-29,15.275,0.031,54.23,1.376
2005-11-30,13.67,0.021,57.75,1.206
2005-12-01,12.769,0.006,56.85,1.233
2005-12-02,12.916,0.001,56.66,1.263
2005-12-03,12.597,0.002,55.74,1.073
2005-12-04,12.65,0.001,54.2,1.359
2005-12-05,13.096,0.0,54.21,0.747
2005-12-06,13.707,0.001,56.63,0.356
2005-12-07,13.616,0.002,60.71,0.782
2005-12-08,13.359,0.003,59.35,0.69
2005-12-09,13.075,0.003,59.98,0.938
2005-12-10,12.981,0.004,55.38,1.178
2005-12-11,12.123,0.001,54.92,0.864
2005-12-12,11.599,0.001,55.94,1.11
2005-12-13,11.155,0.001,55.55,1.491
2005-12-14,10.908,0.001,57.11,1.006
2005-12-15,11.394,0.0,57.61,0.581
2005-12-16,11.987,0.001,58.83,1.144
2005-12-17,11.943,0.001,61.03,0.867
2005-12-18,12.074,0.001,59.78,0.849
2005-12-19,12.161,0.0,61.85,0.155
2005-12-20,12.168,0.002,68.4,0.635
2005-12-21,12.408,0.008,71.69,0.894
2005-12-22,12.524,0.008,64.08,1.047
2005-12-23,11.702,0.006,65.67,0.513
2005-12-24,11.096,0.002,69.42,1.06
2005-12-25,10.983,0.002,62.0,0.558
2005-12-26,11.946,0.003,64.62,0.112
2005-12-27,12.866,0.007,67.27,0.697
2005-12-28,12.48,0.001,67.25,0.932
2005-12-29,12.179,0.002,67.51,0.117
2005-12-30,12.185,0.002,70.88,0.572
2005-12-31,12.487,0.029,73.43,0.69
2006-01-01,13.984,7.676,67.94,0.817
2006-01-02,12.607,51.884,89.58,1.703
2006-01-03,10.605,2.394,80.71,0.86
2006-01-04,9.544,0.014,76.08,1.437
2006-01-05,9.028,0.0,71.17,1.619
2006-01-06,8.76,0.001,68.8,1.651
2006-01-07,9.119,0.001,71.45,1.08
2006-01-08,9.867,0.0,69.64,1.033
2006-01-09,9.641,0.001,75.39,0.667
2006-01-10,10.37,0.041,72.51,1.066
2006-01-11,11.063,0.001,70.7,1.229
2006-01-12,11.7,0.001,70.57,0.985
2006-01-13,11.373,0.001,72.87,1.104
2006-01-14,13.427,0.127,65.8,0.747
2006-01-15,15.126,3.711,69.23,3.085
2006-01-16,15.813,5.704,68.4,3.844
2006-01-17,14.06,29.519,89.93,1.856
2006-01-18,13.069,0.866,85.13,0.899
2006-01-19,11.465,0.008,67.93,1.782
2006-01-20,11.426,0.012,63.35,1.685
2006-01-21,10.653,0.003,62.0,1.92
2006-01-22,10.371,0.003,67.75,0.755
2006-01-23,10.283,0.013,65.21,1.362
2006-01-24,9.925,0.0,67.57,1.18
2006-01-25,10.436,0.017,65.79,0.671
2006-01-26,10.866,0.0,66.31,0.947
2006-01-27,12.574,0.095,64.82,1.027
2006-01-28,12.498,0.467,75.07,0.729
2006-01-29,13.658,0.001,76.61,1.162
2006-01-30,14.714,0.001,75.09,0.716
2006-01-31,15.247,0.001,72.94,0.522
2006-02-01,14.932,0.002,74.56,1.257
2006-02-02,15.087,0.001,69.98,1.346
2006-02-03,14.52,0.002,68.3,1.407
2006-02-04,14.824,0.001,64.5,0.379
2006-02-05,15.843,0.001,65.93,0.165
2006-02-06,15.241,0.002,75.6,0.582
2006-02-07,15.155,0.0,76.67,0.479
2006-02-08,16.144,0.001,67.59,0.933
2006-02-09,15.938,0.002,65.52,1.028
2006-02-10,16.121,0.003,64.56,0.421
2006-02-11,16.42,0.001,69.08,0.644
2006-02-12,17.611,0.05,72.99,0.856
2006-02-13,19.035,0.045,68.69,1.255
2006-02-14,19.732,2.36,62.84,1.613
2006-02-15,17.295,4.641,72.26,2.186
2006-02-16,17.204,0.003,68.51,1.194
2006-02-17,18.304,0.003,62.45,1.297
2006-02-18,19.006,-0.0,69.16,1.369
2006-02-19,19.571,0.013,71.67,1.104
2006-02-20,19.858,0.052,64.73,1.58
2006-02-21,19.659,0.001,62.32,1.316
2006-02-22,19.831,0.055,59.07,1.459
2006-02-23,19.747,0.057,62.77,1.393
2006-02-24,19.342,0.015,65.82,1.086
2006-02-25,18.376,3.333,72.45,1.352
2006-02-26,16.634,15.426,78.56,1.992
2006-02-27,16.96,0.018,70.62,1.577
2006-02-28,16.946,0.001,62.93,0.95
2006-03-01,17.384,0.0,60.82,0.606
2006-03-02,17.637,0.005,61.45,0.526
2006-03-03,18.291,0.002,59.07,0.579
2006-03-04,17.908,0.019,60.43,1.087
2006-03-05,18.077,0.013,53.37,1.505
2006-03-06,18.037,0.178,50.5,1.667
2006-03-07,19.038,0.003,51.07,1.738
2006-03-08,19.928,0.02,51.54,1.181
2006-03-09,19.425,0.299,50.98,1.691
2006-03-10,19.443,0.527,59.42,0.578
2006-03-11,17.344,0.839,77.36,0.568
2006-03-12,17.956,0.215,72.32,0.287
2006-03-13,17.855,1.328,77.0,0.783
2006-03-14,15.698,45.088,88.42,1.64
2006-03-15,14.819,10.313,82.39,1.271
2006-03-16,15.818,0.207,67.96,1.343
2006-03-17,16.571,0.002,61.16,1.711
2006-03-18,18.168,0.001,61.1,0.877
2006-03-19,19.527,0.755,55.39,2.116
2006-03-20,16.586,4.189,68.72,2.974
2006-03-21,18.174,0.002,65.86,2.054
2006-03-22,18.654,0.003,64.64,0.675
2006-03-23,20.448,0.004,57.97,1.153
2006-03-24,17.732,3.521,67.55,2.22
2006-03-25,19.136,3.227,63.88,1.401
2006-03-26,18.842,2.288,65.21,1.337
2006-03-27,18.003,1.455,67.9,0.676
2006-03-28,18.91,0.016,61.09,1.228
2006-03-29,20.153,0.001,60.53,1.276
2006-03-30,21.877,0.002,60.4,0.448
2006-03-31,23.843,0.009,57.73,0.603
2006-04-01,23.735,1.085,48.22,1.516
2006-04-02,23.272,0.058,41.77,1.917
2006-04-03,22.756,0.001,43.03,1.67
2006-04-04,23.574,0.005,41.95,1.886
2006-04-05,24.238,0.001,40.67,1.538
2006-04-06,24.612,0.004,43.27,1.214
2006-04-07,25.071,0.001,40.23,1.258
2006-04-08,26.846,0.041,35.79,2.085
2006-04-09,24.486,13.534,48.56,4.054
2006-04-10,22.14,0.22,56.66,0.9
2006-04-11,21.493,0.212,44.82,1.785
2006-04-12,20.338,0.004,37.63,1.729
2006-04-13,21.486,0.001,33.4,1.862
2006-04-14,23.356,0.001,31.38,1.644
2006-04-15,24.943,0.685,30.95,2.573
2006-04-16,24.539,1.002,33.11,2.942
2006-04-17,23.447,0.666,38.83,1.624
2006-04-18,23.948,0.047,33.72,1.518
2006-04-19,24.321,0.024,35.55,1.877
2006-04-20,25.294,0.004,35.61,1.39
2006-04-21,25.304,1.182,40.62,1.448
2006-04-22,26.738,0.098,37.87,1.005
2006-04-23,26.667,1.335,35.65,1.676
2006-04-24,27.474,0.001,32.67,1.294
2006-04-25,28.079,0.325,31.5,1.442
2006-04-26,29.642,0.002,26.24,1.509
2006-04-27,29.944,0.001,28.24,1.198
2006-04-28,30.715,0.133,23.08,1.726
2006-04-29,30.48,0.0,28.11,1.023
2006-04-30,28.544,0.373,36.21,2.065
2006-05-01,30.018,0.215,31.93,1.404
2006-05-02,27.772,0.631,38.19,1.63
2006-05-03,27.989,0.078,36.03,1.48
2006-05-04,29.944,0.003,31.27,1.268
2006-05-05,31.685,0.374,29.84,1.387
2006-05-06,32.786,0.004,27.06,1.178
2006-05-07,33.25,1.074,26.65,1.591
2006-05-08,32.573,2.446,36.61,2.07
2006-05-09,31.249,0.111,40.02,0.544
2006-05-10,31.841,0.109,32.3,0.933
2006-05-11,31.611,0.558,30.15,1.792
2006-05-12,32.121,0.004,33.99,0.865
2006-05-13,33.147,0.032,31.92,2.272
2006-05-14,32.666,0.306,40.5,2.259
2006-05-15,31.96,0.76,40.2,1.69
2006-05-16,31.634,1.665,46.92,2.553
2006-05-17,28.801,1.327,55.3,1.19
2006-05-18,29.569,1.934,51.15,0.38
2006-05-19,29.944,1.09,47.9,0.714
2006-05-20,29.341,1.573,56.43,1.017
2006-05-21,30.398,0.312,52.0,1.201
2006-05-22,30.325,0.784,55.4,1.508
2006-05-23,30.481,0.137,54.46,0.589
2006-05-24,32.014,0.02,48.66,0.436
2006-05-25,33.215,0.037,40.64,1.018
2006-05-26,33.24,0.14,38.75,0.519
2006-05-27,34.442,0.007,36.14,1.345
2006-05-28,33.905,0.437,42.85,2.233
2006-05-29,31.573,2.396,54.62,1.539
2006-05-30,32.903,0.081,44.79,0.965
2006-05-31,33.09,0.714,40.31,1.272
2006-06-01,32.767,0.035,35.98,0.774
2006-06-02,33.095,0.013,34.13,1.192
2006-06-03,31.827,0.332,42.14,1.218
2006-06-04,31.134,0.121,41.73,0.243
2006-06-05,31.003,0.476,39.22,0.698
2006-06-06,31.512,0.002,31.39,1.383
2006-06-07,32.642,0.002,27.51,1.279
2006-06-08,32.916,0.001,25.96,1.625
2006-06-09,33.123,0.0,25.87,0.886
2006-06-10,33.672,0.001,22.92,1.053
2006-06-11,33.856,0.022,21.26,1.672
2006-06-12,33.068,0.513,23.56,0.911
2006-06-13,31.232,1.342,30.41,0.183
2006-06-14,32.049,0.742,33.15,0.402
2006-06-15,31.785,0.548,37.08,1.299
2006-06-16,27.127,5.49,60.02,1.601
2006-06-17,28.111,0.371,57.34,0.207
2006-06-18,29.092,0.051,43.72,0.982
2006-06-19,28.562,0.834,45.5,0.261
2006-06-20,30.523,0.015,39.84,0.626
2006-06-21,32.323,0.011,39.51,0.664
2006-06-22,33.385,0.017,38.91,1.02
2006-06-23,33.942,0.108,40.48,1.23
2006-06-24,32.755,5.543,52.86,1.936
2006-06-25,29.543,7.41,67.33,1.975
2006-06-26,30.719,3.504,65.32,1.651
2006-06-27,28.124,11.23,76.7,1.848
2006-06-28,29.276,2.216,68.93,1.183
2006-06-29,29.203,2.202,72.68,1.005
2006-06-30,28.905,0.641,72.27,1.324
2006-07-01,31.631,0.228,60.45,0.079
2006-07-02,32.497,4.981,60.73,0.978
2006-07-03,30.66,4.135,67.43,1.312
2006-07-04,32.562,1.487,60.44,1.134
2006-07-05,31.257,2.096,66.83,1.672
2006-07-06,31.711,1.137,65.38,0.795
2006-07-07,32.847,1.469,62.47,0.711
2006-07-08,31.655,19.558,71.25,1.477
2006-07-09,27.697,35.982,87.92,2.389
2006-07-10,27.443,7.043,88.68,1.838
2006-07-11,27.84,19.014,84.98,1.345
2006-07-12,28.162,7.886,82.62,1.457
2006-07-13,28.254,13.268,79.3,1.658
2006-07-14,27.223,6.441,82.89,0.323
2006-07-15,29.42,0.074,73.84,0.258
2006-07-16,30.018,0.068,71.6,0.247
2006-07-17,30.534,0.121,70.27,0.683
2006-07-18,29.781,2.869,77.76,1.427
2006-07-19,29.104,7.213,80.56,1.289
2006-07-20,28.399,3.178,80.62,1.792
2006-07-21,29.657,2.853,77.46,1.571
2006-07-22,29.116,11.026,81.0,1.036
2006-07-23,27.793,26.335,83.92,1.5
2006-07-24,26.891,17.508,87.11,1.213
2006-07-25,27.511,12.295,85.67,1.359
2006-07-26,25.819,13.345,92.65,2.419
2006-07-27,26.757,7.027,86.52,1.625
2006-07-28,27.732,5.05,82.46,1.406
2006-07-29,27.63,10.995,82.47,1.01
2006-07-30,29.823,1.034,73.7,0.555
2006-07-31,28.585,10.892,82.69,0.097
2006-08-01,28.422,14.116,82.51,1.338
2006-08-02,27.797,13.577,87.12,1.177
2006-08-03,27.341,13.546,83.94,1.754
2006-08-04,26.071,29.707,89.11,1.951
2006-08-05,26.104,7.477,82.66,1.782
2006-08-06,26.185,8.848,85.21,1.346
2006-08-07,27.279,4.119,81.0,0.461
2006-08-08,27.142,15.316,82.82,0.328
2006-08-09,28.135,2.051,81.79,0.083
2006-08-10,28.751,0.696,81.39,0.622
2006-08-11,29.237,0.713,80.13,0.662
2006-08-12,29.676,0.698,80.24,0.555
2006-08-13,28.256,11.994,85.12,0.621
2006-08-14,28.149,18.924,83.9,0.443
2006-08-15,26.944,7.791,87.39,0.872
2006-08-16,28.8,1.039,79.49,0.542
2006-08-17,29.837,0.335,75.18,0.502
2006-08-18,30.464,2.549,76.83,0.221
2006-08-19,28.637,5.289,82.04,1.416
2006-08-20,27.55,4.094,83.62,1.731
2006-08-21,28.283,0.861,78.65,0.857
2006-08-22,28.9,1.668,80.12,0.99
2006-08-23,27.762,6.881,85.39,0.737
2006-08-24,27.965,4.993,84.42,0.338
2006-08-25,27.561,7.749,86.43,0.413
2006-08-26,27.524,6.781,85.94,0.602
2006-08-27,27.234,6.644,83.94,0.89
2006-08-28,24.487,21.576,85.77,0.718
2006-08-29,26.285,1.687,79.85,0.26
2006-08-30,26.661,4.882,82.65,0.728
2006-08-31,25.693,13.956,85.33,0.772
2006-09-01,24.432,13.891,88.38,1.427
2006-09-02,24.193,19.749,87.17,0.862
2006-09-03,23.743,10.57,85.66,0.533
2006-09-04,26.238,0.005,78.24,0.645
2006-09-05,27.725,0.109,78.74,0.225
2006-09-06,27.453,1.695,83.3,0.688
2006-09-07,27.523,3.58,85.8,0.629
2006-09-08,27.917,2.756,83.68,0.363
2006-09-09,27.722,1.985,85.68,0.616
2006-09-10,27.445,3.156,84.75,0.333
2006-09-11,26.691,2.138,84.92,0.7
2006-09-12,26.889,2.854,83.36,0.372
2006-09-13,26.492,1.246,82.15,0.492
2006-09-14,26.683,1.922,81.01,0.526
2006-09-15,26.557,0.87,80.59,0.502
2006-09-16,27.185,0.272,79.58,0.346
2006-09-17,27.558,0.636,80.14,0.546
2006-09-18,27.876,0.537,77.53,1.099
2006-09-19,27.38,0.679,77.47,1.287
2006-09-20,26.505,1.545,79.98,0.671
2006-09-21,26.387,0.909,78.12,0.734
2006-09-22,25.282,1.115,77.16,0.57
2006-09-23,25.024,0.001,73.39,0.611
2006-09-24,25.262,0.002,72.27,0.456
2006-09-25,25.614,0.002,70.1,0.681
2006-09-26,25.688,0.001,66.11,0.8
2006-09-27,25.23,0.008,63.09,0.838
2006-09-28,25.045,0.001,64.53,0.814
2006-09-29,25.285,0.001,65.51,0.986
2006-09-30,25.904,0.0,62.3,0.913
2006-10-01,25.882,0.001,63.35,0.983
2006-10-02,25.645,0.002,64.51,0.87
2006-10-03,25.851,0.094,59.7,0.838
2006-10-04,26.259,0.003,61.53,0.906
2006-10-05,26.214,0.001,62.1,0.989
2006-10-06,26.228,0.002,60.62,1.127
2006-10-07,26.18,0.002,58.04,1.075
2006-10-08,26.513,0.004,62.43,0.991
2006-10-09,26.613,0.039,65.02,0.546
2006-10-10,26.252,0.366,64.3,0.831
2006-10-11,26.365,0.016,61.77,0.569
2006-10-12,26.145,0.109,58.86,0.948
2006-10-13,24.673,1.451,59.36,0.971
2006-10-14,24.854,0.044,57.07,1.229
2006-10-15,24.154,0.283,61.36,0.935
2006-10-16,23.832,0.001,58.73,0.972
2006-10-17,24.157,0.003,59.78,0.934
2006-10-18,24.556,0.085,58.54,1.213
2006-10-19,22.779,7.757,63.29,2.184
2006-10-20,18.586,13.149,83.75,2.137
2006-10-21,20.045,0.475,72.56,0.68
2006-10-22,20.269,0.356,68.07,1.176
2006-10-23,20.401,0.017,67.11,1.062
2006-10-24,20.961,0.008,73.26,0.855
2006-10-25,21.454,0.033,73.67,0.895
2006-10-26,21.26,0.087,71.77,0.923
2006-10-27,21.949,0.008,61.06,0.824
2006-10-28,21.636,0.056,59.05,0.88
2006-10-29,21.44,0.002,63.4,0.775
2006-10-30,21.503,0.001,67.96,0.6
2006-10-31,21.691,0.008,72.11,0.831
2006-11-01,21.961,0.005,69.86,0.976
2006-11-02,22.083,0.001,69.79,0.825
2006-11-03,21.705,0.002,72.07,0.983
2006-11-04,21.439,0.0,71.15,1.006
2006-11-05,21.349,0.0,71.4,0.841
2006-11-06,21.199,0.034,71.98,0.801
2006-11-07,20.996,0.146,67.72,0.837
2006-11-08,21.312,0.004,59.11,1.057
2006-11-09,21.516,0.002,61.48,0.923
2006-11-10,21.159,0.005,66.26,0.924
2006-11-11,20.947,0.001,71.78,0.959
2006-11-12,20.613,0.148,69.12,0.873
2006-11-13,19.771,0.202,61.77,1.444
2006-11-14,18.584,0.002,63.5,0.955
2006-11-15,18.202,0.103,61.0,1.59
2006-11-16,18.44,0.001,61.51,1.451
2006-11-17,18.387,1.391,67.08,1.353
2006-11-18,18.019,0.477,68.38,1.587
2006-11-19,17.477,0.0,66.24,1.844
2006-11-20,16.886,0.001,64.05,1.339
2006-11-21,17.888,2.406,62.83,0.89
2006-11-22,16.215,1.43,79.29,0.8
2006-11-23,16.057,0.441,70.1,0.946
2006-11-24,15.196,0.006,63.05,1.071
2006-11-25,14.564,0.001,61.17,1.0
2006-11-26,13.821,0.001,58.09,1.19
2006-11-27,13.547,0.074,65.39,0.675
2006-11-28,13.746,0.001,63.24,1.033
2006-11-29,13.729,0.0,59.01,1.495
2006-11-30,13.269,0.0,58.29,1.548
2006-12-01,12.961,0.001,58.64,1.576
2006-12-02,13.694,0.002,57.07,1.137
2006-12-03,14.98,1.559,60.53,2.136
2006-12-04,15.561,22.666,76.48,2.44
2006-12-05,15.383,15.618,86.85,2.254
2006-12-06,15.039,1.012,79.99,0.466
2006-12-07,13.203,0.035,80.51,0.676
2006-12-08,12.791,0.002,79.0,0.798
2006-12-09,13.551,0.002,72.88,0.545
2006-12-10,13.106,2.876,78.36,1.471
2006-12-11,11.641,0.943,78.16,0.873
2006-12-12,10.835,0.003,74.82,1.194
2006-12-13,11.112,0.004,70.19,1.443
2006-12-14,12.065,0.001,67.4,1.602
2006-12-15,12.015,0.001,67.43,1.089
2006-12-16,12.996,0.0,66.7,1.582
2006-12-17,12.572,0.002,71.87,0.887
2006-12-18,12.236,0.001,71.75,0.397
2006-12-19,11.956,0.008,75.85,1.206
2006-12-20,14.29,0.343,78.09,1.83
2006-12-21,13.786,2.153,80.56,1.468
2006-12-22,12.676,0.0,70.49,1.472
2006-12-23,12.247,0.002,72.86,0.235
2006-12-24,11.629,0.002,72.69,0.571
2006-12-25,12.95,0.448,71.88,1.351
2006-12-26,12.103,3.36,81.01,1.285
2006-12-27,11.977,0.003,74.99,1.857
2006-12-28,10.89,0.002,76.73,0.161
2006-12-29,11.596,0.001,72.05,0.168
2006-12-30,11.265,0.006,75.91,0.25
2006-12-31,10.539,0.005,79.65,0.132
2007-01-01,10.563,0.004,80.61,1.22
2007-01-02,10.524,0.001,71.26,1.708
2007-01-03,9.369,0.002,66.08,1.617
2007-01-04,8.984,0.008,60.96,1.344
2007-01-05,8.596,0.001,61.06,1.453
2007-01-06,8.075,0.004,65.19,1.071
2007-01-07,8.385,0.001,66.18,1.33
2007-01-08,9.279,0.001,64.71,0.337
2007-01-09,9.791,0.001,66.73,0.369
2007-01-10,9.854,0.002,71.54,1.284
2007-01-11,9.951,0.002,70.15,0.3
2007-01-12,9.942,0.008,67.85,1.16
2007-01-13,9.709,0.0,59.78,1.576
2007-01-14,8.598,0.002,66.13,0.888
2007-01-15,9.852,0.001,63.22,1.164
2007-01-16,10.529,0.001,62.15,1.078
2007-01-17,10.825,0.001,63.06,1.215
2007-01-18,10.646,1.153,71.11,0.975
2007-01-19,11.996,0.01,69.11,1.545
2007-01-20,11.331,0.0,67.76,1.17
2007-01-21,11.108,0.0,62.38,1.561
2007-01-22,10.956,0.0,58.54,1.004
2007-01-23,11.879,0.002,60.64,0.448
2007-01-24,12.87,0.002,64.76,1.45
2007-01-25,15.299,0.025,57.44,1.887
2007-01-26,16.792,0.074,56.06,0.925
2007-01-27,17.015,0.458,62.99,1.595
2007-01-28,16.885,0.129,64.36,1.596
2007-01-29,17.087,0.732,60.19,0.972
2007-01-30,16.853,0.404,66.11,0.935
2007-01-31,15.36,0.001,64.93,1.286
2007-02-01,14.322,0.0,65.75,0.445
2007-02-02,14.7,0.0,69.69,0.829
2007-02-03,15.586,0.409,73.31,0.632
2007-02-04,16.377,0.025,67.57,1.706
2007-02-05,16.565,0.189,67.42,0.797
2007-02-06,15.835,3.059,77.34,0.441
2007-02-07,15.437,0.026,71.62,0.515
2007-02-08,16.143,0.011,72.77,0.374
2007-02-09,15.99,10.08,78.14,2.331
2007-02-10,14.603,27.578,84.97,3.293
2007-02-11,13.57,50.505,89.1,3.77
2007-02-12,12.625,22.912,86.93,2.005
2007-02-13,12.12,13.641,88.91,1.792
2007-02-14,11.607,2.619,87.31,1.008
2007-02-15,11.734,1.846,84.36,0.412
2007-02-16,12.253,0.438,79.88,0.594
2007-02-17,12.144,0.53,77.74,0.682
2007-02-18,12.288,6.539,79.49,0.975
2007-02-19,12.793,0.001,73.11,1.754
2007-02-20,13.341,0.002,73.3,1.391
2007-02-21,13.987,0.971,75.18,1.775
2007-02-22,14.181,0.005,70.94,1.908
2007-02-23,14.391,0.001,74.09,0.573
2007-02-24,15.145,0.007,73.42,0.131
2007-02-25,15.664,0.031,71.84,0.691
2007-02-26,16.704,4.529,71.51,0.579
2007-02-27,14.127,39.048,83.94,3.459
2007-02-28,14.21,16.071,89.85,1.153
2007-03-01,14.356,0.552,79.85,0.536
2007-03-02,14.514,0.041,72.47,1.186
2007-03-03,15.036,0.059,67.49,1.18
2007-03-04,15.816,0.006,66.35,1.918
2007-03-05,14.667,0.002,64.87,1.96
2007-03-06,14.264,0.001,68.86,1.314
2007-03-07,15.463,0.002,68.49,1.304
2007-03-08,16.329,0.001,67.38,0.356
2007-03-09,17.238,9.394,67.86,1.506
2007-03-10,15.221,5.94,75.46,2.769
2007-03-11,16.055,38.067,77.11,3.029
2007-03-12,14.516,51.053,89.54,3.228
2007-03-13,13.33,37.033,90.46,1.012
2007-03-14,13.565,0.848,78.15,0.801
2007-03-15,14.12,0.002,67.84,1.831
2007-03-16,15.243,0.003,66.43,1.542
2007-03-17,17.425,0.0,68.69,1.168
2007-03-18,19.47,0.001,72.97,0.795
2007-03-19,21.209,7.494,71.46,2.181
2007-03-20,19.153,29.596,73.6,3.633
2007-03-21,16.861,19.551,79.01,2.056
2007-03-22,18.713,0.015,71.14,1.291
2007-03-23,18.796,0.004,70.15,1.435
2007-03-24,18.792,0.013,72.2,0.879
2007-03-25,19.147,0.001,64.18,1.945
2007-03-26,19.693,0.002,67.24,1.42
2007-03-27,20.877,0.002,68.2,1.132
2007-03-28,21.937,0.0,70.44,0.72
2007-03-29,23.029,0.0,71.51,0.474
2007-03-30,24.348,0.002,70.41,0.689
2007-03-31,25.75,0.028,57.41,2.385
2007-04-01,23.975,0.744,57.8,0.333
2007-04-02,21.629,0.006,59.46,1.803
2007-04-03,22.033,0.001,54.96,2.32
2007-04-04,22.484,0.001,56.31,1.823
2007-04-05,23.605,0.002,57.08,1.418
2007-04-06,24.486,0.011,53.07,1.594
2007-04-07,23.6,0.566,55.35,1.089
2007-04-08,23.599,0.0,49.48,1.284
2007-04-09,23.809,0.001,49.36,1.246
2007-04-10,24.492,0.0,49.9,0.929
2007-04-11,25.487,0.0,48.52,0.824
2007-04-12,26.538,0.001,48.63,0.745
2007-04-13,27.426,0.001,48.66,1.118
2007-04-14,27.99,0.002,48.25,0.839
2007-04-15,28.653,0.001,47.16,1.119
2007-04-16,28.86,0.001,47.18,0.9
2007-04-17,28.814,1.093,43.86,1.107
2007-04-18,27.368,2.594,51.41,2.027
2007-04-19,26.852,0.465,51.92,0.585
2007-04-20,27.276,0.129,44.69,0.82
2007-04-21,27.125,0.05,40.59,1.298
2007-04-22,28.264,0.189,36.3,1.17
2007-04-23,27.764,0.504,34.82,1.462
2007-04-24,27.906,0.018,30.08,1.363
2007-04-25,27.697,0.196,30.28,1.654
2007-04-26,28.283,0.002,34.93,1.126
2007-04-27,29.043,0.001,35.07,0.858
2007-04-28,29.493,0.123,30.53,1.323
2007-04-29,30.23,0.002,29.89,1.201
2007-04-30,30.34,0.202,34.5,0.946
2007-05-01,30.243,0.369,37.49,1.662
2007-05-02,29.999,0.767,42.84,2.26
2007-05-03,29.244,0.235,48.63,1.792
2007-05-04,29.443,0.683,46.24,0.861
2007-05-05,29.219,1.156,46.41,0.509
2007-05-06,30.03,0.126,35.93,1.393
2007-05-07,30.946,0.003,36.19,1.607
2007-05-08,29.602,1.506,43.44,1.336
2007-05-09,29.935,0.016,34.2,1.263
2007-05-10,30.327,0.097,30.76,1.127
2007-05-11,28.02,0.221,39.17,1.919
2007-05-12,29.733,0.035,37.13,1.506
2007-05-13,30.472,0.003,40.19,1.419
2007-05-14,31.763,0.011,41.65,0.898
2007-05-15,32.541,0.025,36.65,1.243
2007-05-16,32.017,1.544,42.06,1.853
2007-05-17,31.446,0.116,41.49,1.656
2007-05-18,32.482,0.213,39.81,1.718
2007-05-19,31.819,0.472,43.42,0.203
2007-05-20,30.729,1.063,38.11,0.458
2007-05-21,30.949,0.049,31.04,0.563
2007-05-22,30.264,0.382,32.9,1.048
2007-05-23,30.603,0.015,27.74,1.339
2007-05-24,30.782,0.036,24.94,1.233
2007-05-25,31.3,1.733,22.32,2.39
2007-05-26,28.534,0.677,32.4,1.496
2007-05-27,27.545,0.883,39.79,1.183
2007-05-28,27.74,1.175,41.41,0.726
2007-05-29,28.541,0.222,36.92,0.875
2007-05-30,30.2,0.012,30.05,1.088
2007-05-31,31.228,0.034,29.04,0.92
2007-06-01,31.97,0.036,27.98,0.961
2007-06-02,32.732,0.769,27.47,1.096
2007-06-03,32.595,0.693,29.8,1.312
2007-06-04,32.328,0.07,30.96,1.288
2007-06-05,32.403,0.04,32.22,1.551
2007-06-06,33.389,0.006,30.64,0.905
2007-06-07,34.508,0.0,27.68,1.803
2007-06-08,35.443,0.0,31.83,0.643
2007-06-09,36.22,0.002,30.58,0.228
2007-06-10,36.877,0.0,29.16,1.394
2007-06-11,36.776,0.082,40.63,2.603
2007-06-12,34.789,0.801,49.36,3.138
2007-06-13,32.715,6.084,58.7,2.407
2007-06-14,29.145,48.947,74.21,2.317
2007-06-15,26.679,14.24,81.2,2.416
2007-06-16,28.308,0.389,72.96,1.333
2007-06-17,27.304,1.077,77.3,1.157
2007-06-18,28.422,0.194,70.42,0.269
2007-06-19,28.865,0.336,69.54,0.132
2007-06-20,29.63,0.347,66.04,0.883
2007-06-21,30.524,0.311,62.31,0.68
2007-06-22,30.767,0.27,64.13,0.786
2007-06-23,29.438,11.022,73.57,1.05
2007-06-24,31.554,1.275,61.97,0.484
2007-06-25,29.874,12.28,73.26,1.302
2007-06-26,28.215,15.137,83.09,0.221
2007-06-27,29.101,6.076,79.56,0.552
2007-06-28,28.075,29.452,83.87,1.791
2007-06-29,26.418,15.237,86.66,1.541
2007-06-30,29.757,2.292,77.04,0.525
2007-07-01,29.621,4.623,77.26,1.089
2007-07-02,28.87,16.584,77.74,1.249
2007-07-03,28.834,4.373,79.5,0.84
2007-07-04,29.618,1.442,77.77,0.445
2007-07-05,30.185,4.192,77.0,0.414
2007-07-06,29.859,0.831,78.37,0.696
2007-07-07,30.575,7.99,74.78,1.126
2007-07-08,26.103,28.502,89.05,1.405
2007-07-09,29.223,0.877,79.64,0.563
2007-07-10,29.43,6.47,80.63,1.053
2007-07-11,29.269,20.093,79.03,0.697
2007-07-12,29.251,7.57,80.81,0.805
2007-07-13,28.607,12.207,82.23,0.626
2007-07-14,28.526,1.304,79.94,0.774
2007-07-15,27.973,3.047,82.56,0.325
2007-07-16,28.83,0.888,79.42,0.543
2007-07-17,29.54,0.203,75.75,0.367
2007-07-18,30.024,0.737,76.14,0.224
2007-07-19,29.975,7.099,77.94,0.807
2007-07-20,27.938,24.195,83.64,0.912
2007-07-21,28.005,13.218,81.94,1.424
2007-07-22,28.216,4.449,81.65,0.695
2007-07-23,28.262,12.676,82.95,0.946
2007-07-24,27.851,8.777,84.41,0.736
2007-07-25,28.285,4.473,85.16,0.704
2007-07-26,28.891,4.422,82.22,0.863
2007-07-27,28.726,1.919,81.29,1.201
2007-07-28,28.559,3.248,81.65,1.021
2007-07-29,28.356,1.008,81.31,1.092
2007-07-30,29.24,1.374,80.93,0.362
2007-07-31,29.132,2.557,81.92,0.431
2007-08-01,28.628,4.323,82.95,0.729
2007-08-02,27.649,6.415,85.54,1.686
2007-08-03,26.539,7.054,86.68,1.574
2007-08-04,28.301,1.226,82.76,1.028
2007-08-05,28.804,1.898,83.03,0.416
2007-08-06,28.007,4.951,85.5,0.557
2007-08-07,29.841,0.67,78.35,0.34
2007-08-08,30.106,8.718,77.96,0.602
2007-08-09,28.678,12.144,82.28,1.123
2007-08-10,29.755,4.549,80.77,0.302
2007-08-11,28.131,26.488,87.55,1.107
2007-08-12,27.345,14.232,88.46,1.756
2007-08-13,27.902,4.454,86.96,1.214
2007-08-14,28.057,12.474,84.93,0.822
2007-08-15,27.695,5.195,85.96,0.105
2007-08-16,28.397,5.421,83.31,0.241
2007-08-17,28.892,1.363,81.77,0.218
2007-08-18,28.916,2.147,82.02,0.716
2007-08-19,27.783,4.984,83.71,1.888
2007-08-20,27.936,1.035,78.96,1.63
2007-08-21,28.571,0.611,74.95,0.967
2007-08-22,28.299,3.144,81.59,0.797
2007-08-23,27.495,8.057,85.14,1.026
2007-08-24,28.203,2.901,81.54,0.799
2007-08-25,27.961,3.384,83.77,0.465
2007-08-26,28.16,1.109,82.28,0.413
2007-08-27,29.091,0.704,78.58,0.503
2007-08-28,28.889,1.482,78.17,1.42
2007-08-29,28.282,1.206,80.08,1.229
2007-08-30,28.391,0.725,78.84,0.781
2007-08-31,28.466,2.712,80.53,1.537
2007-09-01,28.041,2.115,82.31,1.016
2007-09-02,28.542,1.103,79.1,1.391
2007-09-03,28.783,1.171,79.08,0.668
2007-09-04,28.754,1.019,80.49,0.625
2007-09-05,28.319,2.382,78.86,0.335
2007-09-06,26.507,3.018,83.34,1.208
2007-09-07,26.618,1.448,80.84,0.547
2007-09-08,27.307,0.503,76.56,0.246
2007-09-09,27.514,0.859,75.66,0.421
2007-09-10,27.271,0.825,72.31,0.738
2007-09-11,26.765,0.316,72.72,0.884
2007-09-12,26.871,0.215,72.51,0.165
2007-09-13,27.351,0.235,73.28,0.407
2007-09-14,27.482,0.231,76.09,0.363
2007-09-15,28.205,0.409,75.04,0.417
2007-09-16,28.394,0.511,73.99,0.373
2007-09-17,28.561,0.984,75.55,0.539
2007-09-18,28.871,0.291,74.42,0.579
2007-09-19,28.863,1.447,74.74,0.274
2007-09-20,28.001,1.564,75.31,0.678
2007-09-21,27.913,0.449,71.64,1.21
2007-09-22,25.898,2.878,74.84,1.291
2007-09-23,26.78,3.181,68.23,0.839
2007-09-24,27.807,0.063,57.68,1.349
2007-09-25,26.912,0.208,67.12,0.266
2007-09-26,26.564,0.496,72.19,1.001
2007-09-27,26.025,0.491,72.6,0.038
2007-09-28,24.861,2.998,69.52,0.646
2007-09-29,24.937,0.287,62.52,0.755
2007-09-30,24.544,0.0,55.54,1.362
2007-10-01,23.738,0.001,58.54,0.916
2007-10-02,24.481,0.003,54.61,0.948
2007-10-03,25.05,0.024,52.06,1.111
2007-10-04,24.346,0.244,46.35,1.101
2007-10-05,23.796,0.003,49.05,1.126
2007-10-06,23.576,0.001,46.93,1.463
2007-10-07,23.108,0.0,48.05,1.147
2007-10-08,23.198,0.0,47.74,1.189
2007-10-09,22.72,0.0,49.18,0.774
2007-10-10,22.842,0.001,50.9,0.708
2007-10-11,23.283,0.004,49.44,1.074
2007-10-12,22.878,0.001,49.14,1.251
2007-10-13,22.809,0.003,49.94,0.889
2007-10-14,23.43,0.003,49.9,0.995
2007-10-15,23.399,0.242,50.22,1.027
2007-10-16,23.27,0.123,49.64,1.054
2007-10-17,22.301,0.465,58.95,1.103
2007-10-18,22.783,0.011,56.0,1.065
2007-10-19,22.942,0.001,58.09,0.87
2007-10-20,23.451,0.01,57.9,1.097
2007-10-21,23.621,0.265,46.78,1.963
2007-10-22,23.479,0.02,42.23,1.501
2007-10-23,22.27,0.001,50.77,0.956
2007-10-24,22.399,0.003,57.08,0.921
2007-10-25,22.754,0.002,56.09,0.998
2007-10-26,22.731,0.002,52.53,1.409
2007-10-27,22.537,0.002,49.22,1.33
2007-10-28,21.349,-0.0,51.43,0.807
2007-10-29,21.052,0.0,52.74,0.88
2007-10-30,21.309,0.001,53.97,0.826
2007-10-31,21.034,0.0,55.64,0.728
2007-11-01,20.812,0.002,56.78,0.588
2007-11-02,20.553,0.001,56.21,0.718
2007-11-03,20.833,0.001,56.96,1.023
2007-11-04,21.438,0.003,58.45,0.814
2007-11-05,21.44,0.0,60.1,0.318
2007-11-06,21.808,0.001,60.59,1.223
2007-11-07,22.172,0.013,57.36,1.188
2007-11-08,21.566,0.35,60.19,1.229
2007-11-09,20.76,0.009,60.34,1.163
2007-11-10,20.37,0.214,56.56,0.982
2007-11-11,19.891,0.002,56.02,0.95
2007-11-12,19.503,0.0,61.02,0.966
2007-11-13,19.523,0.049,62.61,0.75
2007-11-14,19.347,0.023,66.51,0.918
2007-11-15,18.897,0.0,64.79,1.223
2007-11-16,18.573,0.003,59.41,1.187
2007-11-17,17.689,0.001,59.67,0.755
2007-11-18,17.332,0.001,63.02,0.785
2007-11-19,17.161,0.001,62.91,1.047
2007-11-20,16.938,0.001,58.41,1.695
2007-11-21,16.237,0.0,62.64,0.488
2007-11-22,16.905,0.003,64.76,0.911
2007-11-23,16.726,0.001,67.79,0.576
2007-11-24,17.151,0.001,69.49,0.612
2007-11-25,17.616,0.0,69.32,0.571
2007-11-26,17.072,0.001,73.0,0.513
2007-11-27,16.469,0.0,72.74,0.493
2007-11-28,15.737,0.002,72.14,0.342
2007-11-29,17.105,0.538,61.12,1.128
2007-11-30,15.38,0.843,64.55,1.753
2007-12-01,15.567,0.0,61.77,1.06
2007-12-02,15.22,0.0,66.84,0.851
2007-12-03,14.555,0.0,63.84,1.186
2007-12-04,13.813,0.001,63.98,0.685
2007-12-05,13.799,0.0,65.2,0.521
2007-12-06,14.698,0.001,66.55,0.808
2007-12-07,14.326,0.002,68.04,0.477
2007-12-08,14.179,0.0,67.91,0.979
2007-12-09,13.966,0.871,73.18,0.433
2007-12-10,13.902,4.752,70.15,1.875
2007-12-11,12.23,2.59,75.53,1.936
2007-12-12,12.489,3.374,76.11,1.578
2007-12-13,11.643,5.683,82.88,1.312
2007-12-14,11.73,0.076,67.91,1.852
2007-12-15,10.82,0.0,62.73,1.131
2007-12-16,10.68,0.0,64.29,0.936
2007-12-17,11.105,0.001,60.84,0.863
2007-12-18,11.644,0.001,67.58,0.293
2007-12-19,11.701,0.0,69.08,0.18
2007-12-20,12.137,0.011,69.01,1.166
2007-12-21,12.936,0.013,66.0,1.657
2007-12-22,12.905,0.003,63.61,1.591
2007-12-23,13.635,0.0,64.48,0.321
2007-12-24,14.041,0.0,69.01,0.595
2007-12-25,13.444,0.001,71.31,0.942
2007-12-26,12.404,0.002,66.45,0.999
2007-12-27,11.973,0.001,61.37,1.612
2007-12-28,11.322,0.001,60.11,1.395
2007-12-29,10.654,0.001,60.69,1.217
2007-12-30,10.461,0.0,59.4,1.466
2007-12-31,10.798,0.0,57.62,1.253
2008-01-01,10.743,0.002,58.65,0.463
2008-01-02,10.446,0.001,62.08,1.055
2008-01-03,11.665,0.001,60.13,0.913
2008-01-04,12.236,0.003,59.25,0.991
2008-01-05,12.298,1.197,66.42,1.108
2008-01-06,13.127,2.319,67.45,2.201
2008-01-07,14.931,0.282,63.39,1.14
2008-01-08,15.251,15.558,70.47,2.326
2008-01-09,14.728,28.885,79.98,2.347
2008-01-10,12.58,12.468,83.19,2.058
2008-01-11,10.774,0.056,75.32,1.175
2008-01-12,10.083,0.001,69.05,1.39
2008-01-13,10.308,0.0,67.36,1.672
2008-01-14,10.306,0.015,71.41,1.484
2008-01-15,12.237,0.09,68.78,1.365
2008-01-16,13.205,1.515,79.71,0.968
2008-01-17,13.243,23.561,89.56,0.881
2008-01-18,11.214,17.506,89.1,0.523
2008-01-19,10.01,0.763,79.99,0.797
2008-01-20,8.953,0.067,71.96,1.322
2008-01-21,8.059,0.002,61.62,1.438
2008-01-22,7.819,0.006,62.7,1.282
2008-01-23,7.744,0.114,64.38,0.455
2008-01-24,7.264,0.011,64.66,0.432
2008-01-25,7.43,0.013,66.41,0.548
2008-01-26,7.719,0.079,67.36,1.105
2008-01-27,8.812,0.002,67.98,1.106
2008-01-28,9.398,0.004,67.32,0.685
2008-01-29,8.937,0.082,70.77,0.679
2008-01-30,8.404,0.19,71.83,0.688
2008-01-31,8.755,0.001,69.58,0.508
2008-02-01,8.418,0.0,65.63,0.478
2008-02-02,9.936,2.877,70.78,0.217
2008-02-03,9.008,11.682,84.02,2.387
2008-02-04,11.677,7.231,75.17,1.746
2008-02-05,9.962,6.755,86.92,1.501
2008-02-06,10.118,3.857,83.35,1.964
2008-02-07,9.602,10.759,82.63,1.398
2008-02-08,9.02,0.888,77.89,0.794
2008-02-09,8.833,-0.0,72.77,1.77
2008-02-10,9.042,0.001,67.81,1.422
2008-02-11,9.272,0.004,62.41,1.261
2008-02-12,9.162,0.004,61.07,1.788
2008-02-13,9.658,0.001,63.68,0.986
2008-02-14,11.84,0.071,65.97,0.717
2008-02-15,13.227,0.002,67.01,1.362
2008-02-16,14.075,0.001,70.0,0.999
2008-02-17,14.49,0.048,69.79,1.142
2008-02-18,14.219,0.001,69.09,0.902
2008-02-19,13.76,0.0,69.39,1.105
2008-02-20,14.429,0.004,66.11,0.933
2008-02-21,16.482,0.189,64.36,2.163
2008-02-22,16.939,7.934,66.93,2.662
2008-02-23,17.056,5.577,70.46,3.239
2008-02-24,15.37,0.2,72.17,0.924
2008-02-25,14.647,0.071,64.01,1.732
2008-02-26,13.635,0.001,65.41,0.436
2008-02-27,15.172,0.001,68.41,0.739
2008-02-28,16.681,0.001,69.22,0.707
2008-02-29,17.838,0.003,70.66,0.855
2008-03-01,18.932,0.002,69.32,1.11
2008-03-02,19.373,0.035,59.16,1.314
2008-03-03,18.946,0.012,55.89,1.715
2008-03-04,18.576,0.085,56.52,2.192
2008-03-05,19.25,0.001,58.33,0.93
2008-03-06,21.083,0.002,53.61,1.27
2008-03-07,20.214,0.443,56.73,1.233
2008-03-08,19.845,0.001,59.16,0.73
2008-03-09,19.968,0.006,57.91,0.739
2008-03-10,19.962,0.002,57.82,1.482
2008-03-11,19.709,0.003,52.27,1.783
2008-03-12,19.479,0.032,55.92,0.661
2008-03-13,20.363,0.041,53.63,1.087
2008-03-14,20.41,0.006,56.07,0.728
2008-03-15,20.764,0.001,56.43,0.482
2008-03-16,22.231,0.004,53.05,0.847
2008-03-17,23.494,0.091,42.02,1.703
2008-03-18,23.17,1.076,36.63,2.278
2008-03-19,21.636,0.515,39.23,2.335
2008-03-20,21.034,0.005,40.8,1.344
2008-03-21,22.708,0.037,39.43,1.694
2008-03-22,21.947,0.593,42.18,1.868
2008-03-23,21.901,0.001,40.82,1.395
2008-03-24,22.51,0.002,39.32,1.042
2008-03-25,22.849,0.008,39.62,0.955
2008-03-26,22.912,0.297,41.1,1.331
2008-03-27,22.272,1.213,45.03,1.004
2008-03-28,22.115,0.345,43.51,1.129
2008-03-29,23.24,0.004,38.25,1.2
2008-03-30,23.622,0.11,40.28,1.193
2008-03-31,23.076,1.492,41.02,1.783
2008-04-01,22.186,1.183,46.44,1.407
2008-04-02,22.871,1.454,44.87,1.779
2008-04-03,19.094,2.682,69.19,1.087
2008-04-04,21.276,8.848,62.09,2.562
2008-04-05,16.852,41.726,85.79,3.34
2008-04-06,19.239,0.022,65.77,1.229
2008-04-07,20.703,0.012,64.11,1.423
2008-04-08,22.294,0.009,60.45,1.962
2008-04-09,23.194,0.035,52.99,1.804
2008-04-10,22.911,0.232,58.69,2.222
2008-04-11,24.224,1.809,62.16,1.191
2008-04-12,23.833,1.783,58.38,1.373
2008-04-13,24.154,0.02,45.57,1.303
2008-04-14,24.985,0.818,46.02,1.47
2008-04-15,23.513,11.096,54.5,2.246
2008-04-16,19.777,7.175,68.07,1.97
2008-04-17,22.185,0.002,52.43,1.475
2008-04-18,23.454,0.002,50.42,1.375
2008-04-19,24.194,0.131,47.74,1.111
2008-04-20,25.263,0.001,44.76,1.71
2008-04-21,26.369,0.007,42.23,1.438
2008-04-22,27.158,0.003,37.4,1.701
2008-04-23,27.387,0.002,38.03,1.658
2008-04-24,27.772,0.001,35.89,1.551
2008-04-25,28.29,0.03,29.28,1.534
2008-04-26,27.4,0.063,29.28,2.187
2008-04-27,27.661,0.006,27.91,1.571
2008-04-28,28.26,0.017,28.15,1.709
2008-04-29,29.104,0.008,27.75,1.759
2008-04-30,29.532,0.136,24.65,1.565
2008-05-01,29.758,0.138,21.6,1.619
2008-05-02,30.342,0.0,24.5,1.244
2008-05-03,31.416,0.002,22.77,1.309
2008-05-04,32.376,0.277,20.91,1.158
2008-05-05,29.905,1.033,29.62,1.669
2008-05-06,29.399,0.052,29.4,1.165
2008-05-07,29.543,0.011,26.15,1.045
2008-05-08,30.714,0.006,24.16,1.028
2008-05-09,27.378,2.065,43.35,0.636
2008-05-10,26.52,1.91,51.99,1.117
2008-05-11,28.564,0.69,42.03,1.134
2008-05-12,29.05,0.79,39.64,1.234
2008-05-13,29.592,0.266,38.51,1.112
2008-05-14,29.71,0.027,37.37,1.029
2008-05-15,31.0,0.086,34.15,0.725
2008-05-16,30.78,0.65,33.91,1.206
2008-05-17,31.099,0.919,31.26,0.823
2008-05-18,32.337,0.194,25.62,1.438
2008-05-19,31.075,1.79,36.68,2.315
2008-05-20,29.695,1.068,45.18,0.765
2008-05-21,28.716,0.021,55.11,1.215
2008-05-22,27.104,8.463,66.85,1.76
2008-05-23,27.376,0.965,65.43,1.692
2008-05-24,27.759,1.008,60.16,0.827
2008-05-25,27.911,0.885,55.46,0.513
2008-05-26,29.236,0.027,43.32,0.653
2008-05-27,27.813,0.195,42.47,1.261
2008-05-28,28.765,0.162,33.93,1.06
2008-05-29,29.838,0.168,31.13,0.614
2008-05-30,31.262,0.008,30.07,0.721
2008-05-31,32.124,0.749,31.29,1.239
2008-06-01,31.721,2.049,40.72,1.494
2008-06-02,30.558,0.307,50.04,0.545
2008-06-03,30.952,1.279,52.62,0.969
2008-06-04,32.184,0.789,47.04,0.12
2008-06-05,31.574,0.542,51.83,1.911
2008-06-06,30.969,0.862,57.81,2.484
2008-06-07,30.604,6.207,61.93,2.226
2008-06-08,28.952,4.747,69.71,2.128
2008-06-09,29.863,1.474,66.06,1.28
2008-06-10,30.661,1.671,63.22,1.195
2008-06-11,30.669,6.195,64.49,1.669
2008-06-12,29.809,9.276,71.2,1.466
2008-06-13,29.048,9.03,75.62,1.613
2008-06-14,27.649,10.421,82.24,1.316
2008-06-15,26.613,13.418,86.89,2.161
2008-06-16,27.824,4.44,77.63,1.437
2008-06-17,29.719,2.097,71.59,1.328
2008-06-18,28.032,16.3,80.37,1.889
2008-06-19,27.142,7.162,83.24,1.499
2008-06-20,27.612,6.139,81.04,1.18
2008-06-21,28.278,2.78,77.17,0.816
2008-06-22,28.667,3.684,74.46,0.667
2008-06-23,29.955,1.053,71.66,0.615
2008-06-24,29.508,4.948,74.77,1.431
2008-06-25,29.37,4.048,77.23,1.535
2008-06-26,29.779,18.19,76.97,1.023
2008-06-27,27.453,68.662,84.02,1.923
2008-06-28,27.431,16.792,81.81,1.578
2008-06-29,27.046,8.517,79.69,1.182
2008-06-30,28.664,0.424,75.18,0.067
2008-07-01,29.382,0.907,74.6,0.172
2008-07-02,29.638,6.343,76.83,0.676
2008-07-03,29.596,8.95,77.32,1.93
2008-07-04,27.768,14.066,83.58,1.774
2008-07-05,27.336,32.259,86.51,1.611
2008-07-06,27.141,19.129,86.82,1.827
2008-07-07,27.201,10.067,87.16,1.36
2008-07-08,28.661,4.803,82.3,1.281
2008-07-09,27.619,8.281,83.48,1.34
2008-07-10,29.158,1.628,76.64,0.321
2008-07-11,28.267,9.891,81.54,0.293
2008-07-12,26.115,19.882,87.88,1.033
2008-07-13,26.871,3.775,84.93,0.726
2008-07-14,27.922,1.458,81.73,0.735
2008-07-15,28.673,1.602,77.99,0.622
2008-07-16,28.115,5.663,83.39,0.87
2008-07-17,28.065,12.28,84.04,1.235
2008-07-18,28.592,6.761,81.37,1.047
2008-07-19,28.184,6.391,83.6,0.961
2008-07-20,28.16,6.24,83.26,1.006
2008-07-21,27.439,12.757,86.61,0.241
2008-07-22,28.487,1.605,82.19,0.074
2008-07-23,29.78,1.09,80.88,0.457
2008-07-24,30.196,1.667,78.04,0.471
2008-07-25,29.655,1.407,78.45,0.977
2008-07-26,29.914,2.374,77.95,0.762
2008-07-27,28.553,3.242,81.58,1.915
2008-07-28,28.855,0.604,80.59,1.425
2008-07-29,29.839,1.009,77.49,0.803
2008-07-30,29.017,28.11,81.9,1.37
2008-07-31,26.065,64.875,92.09,1.97
2008-08-01,28.265,0.423,78.43,1.936
2008-08-02,29.089,7.389,78.24,0.462
2008-08-03,27.266,22.048,86.35,0.764
2008-08-04,26.969,16.592,87.9,1.321
2008-08-05,25.939,4.658,90.71,1.246
2008-08-06,28.005,3.116,83.7,0.326
2008-08-07,27.834,10.266,84.47,0.772
2008-08-08,26.622,11.847,88.54,1.647
2008-08-09,28.254,1.093,81.07,0.177
2008-08-10,29.345,10.975,79.52,0.87
2008-08-11,27.22,18.304,86.15,1.161
2008-08-12,26.654,14.162,88.72,0.66
2008-08-13,26.513,11.387,89.97,0.806
2008-08-14,26.085,30.871,88.84,0.665
2008-08-15,26.136,15.532,88.34,1.102
2008-08-16,26.804,2.068,84.99,1.151
2008-08-17,27.151,3.223,84.04,0.424
2008-08-18,27.818,1.637,82.68,0.38
2008-08-19,28.101,1.86,83.78,0.667
2008-08-20,28.27,2.647,84.53,0.571
2008-08-21,27.772,3.127,83.21,1.143
2008-08-22,26.644,1.532,86.49,1.477
2008-08-23,27.522,2.404,84.59,0.655
2008-08-24,28.385,1.933,82.81,0.278
2008-08-25,28.952,1.625,82.51,0.672
2008-08-26,29.271,2.681,80.82,0.767
2008-08-27,28.476,1.284,81.38,0.568
2008-08-28,28.429,1.941,79.2,0.426
2008-08-29,27.685,6.089,80.35,0.823
2008-08-30,26.476,5.399,82.36,1.192
2008-08-31,25.28,9.816,85.73,0.326
2008-09-01,26.387,0.173,80.32,0.598
2008-09-02,26.643,2.587,82.64,0.536
2008-09-03,27.376,2.654,81.34,0.578
2008-09-04,27.308,3.108,78.4,0.702
2008-09-05,26.807,1.796,75.12,1.147
2008-09-06,23.414,32.407,85.95,1.258
2008-09-07,25.099,4.294,82.17,0.668
2008-09-08,24.995,5.431,73.91,1.038
2008-09-09,26.179,0.002,73.97,0.72
2008-09-10,26.724,0.005,75.91,0.4
2008-09-11,27.369,0.17,76.51,0.065
2008-09-12,27.748,0.264,76.97,0.112
2008-09-13,27.572,0.74,79.11,0.477
2008-09-14,26.752,2.862,80.82,0.712
2008-09-15,27.11,0.577,80.25,0.133
2008-09-16,27.53,0.854,79.13,0.235
2008-09-17,26.771,1.495,79.51,0.482
2008-09-18,26.414,2.201,79.95,0.328
2008-09-19,24.384,4.056,82.48,1.033
2008-09-20,24.991,0.351,80.14,0.343
2008-09-21,25.289,0.539,79.6,0.805
2008-09-22,24.73,0.241,78.34,0.6
2008-09-23,24.3,0.296,74.03,0.929
2008-09-24,24.718,0.0,69.47,1.439
2008-09-25,24.848,0.002,70.68,0.688
2008-09-26,25.425,0.38,70.7,0.247
2008-09-27,26.174,0.244,71.03,0.306
2008-09-28,26.502,0.621,70.5,0.408
2008-09-29,27.484,0.001,68.55,0.332
2008-09-30,27.465,0.84,75.38,1.249
2008-10-01,27.293,0.962,78.44,0.474
2008-10-02,27.319,0.921,77.84,0.875
2008-10-03,27.546,0.991,78.53,0.587
2008-10-04,27.642,1.271,78.03,1.173
2008-10-05,26.721,2.312,78.02,1.276
2008-10-06,25.985,2.601,73.37,1.158
2008-10-07,23.421,9.864,74.85,1.03
2008-10-08,24.75,0.043,64.05,0.612
2008-10-09,24.31,0.071,59.24,0.998
2008-10-10,24.476,0.002,61.56,0.631
2008-10-11,24.488,0.0,65.2,0.695
2008-10-12,25.463,0.002,66.12,0.784
2008-10-13,25.805,0.005,66.49,0.782
2008-10-14,24.644,0.85,63.95,1.83
2008-10-15,21.307,6.079,64.29,2.3
2008-10-16,21.8,0.002,62.62,1.17
2008-10-17,21.879,0.0,61.33,1.047
2008-10-18,22.089,0.0,63.87,0.917
2008-10-19,22.385,0.003,64.18,0.934
2008-10-20,22.508,0.451,65.29,1.033
2008-10-21,22.51,0.0,59.87,0.939
2008-10-22,22.308,0.567,55.43,0.578
2008-10-23,22.336,0.002,58.52,0.824
2008-10-24,22.343,0.003,61.59,0.848
2008-10-25,21.821,0.288,59.94,0.748
2008-10-26,21.496,0.005,58.64,0.898
2008-10-27,21.614,0.0,61.83,0.672
2008-10-28,21.604,0.001,66.56,1.435
2008-10-29,22.204,0.001,62.59,1.241
2008-10-30,21.979,0.163,62.05,1.428
2008-10-31,21.082,0.001,56.33,1.49
2008-11-01,20.343,0.002,61.3,0.543
2008-11-02,21.233,0.0,62.34,0.739
2008-11-03,21.282,0.0,61.66,0.998
2008-11-04,20.48,0.0,57.33,0.617
2008-11-05,19.752,0.0,57.71,0.892
2008-11-06,20.23,0.002,62.48,0.84
2008-11-07,20.477,0.0,68.02,0.584
2008-11-08,20.45,0.001,70.55,0.582
2008-11-09,20.596,0.001,69.45,0.756
2008-11-10,20.501,0.0,67.08,0.781
2008-11-11,19.897,0.002,66.24,0.675
2008-11-12,20.133,0.001,63.41,0.939
2008-11-13,18.755,16.588,67.18,2.559
2008-11-14,17.22,9.778,69.74,2.363
2008-11-15,17.819,0.001,61.79,1.222
2008-11-16,17.885,0.003,64.8,1.171
2008-11-17,17.557,0.0,66.95,1.198
2008-11-18,17.131,0.001,68.85,0.662
2008-11-19,17.118,0.41,68.49,1.154
2008-11-20,14.482,4.176,70.37,1.66
2008-11-21,14.044,0.002,58.81,1.555
2008-11-22,14.377,0.001,60.11,1.144
2008-11-23,15.089,0.002,61.57,1.077
2008-11-24,15.387,0.0,65.26,0.609
2008-11-25,15.629,0.0,69.65,0.856
2008-11-26,15.879,0.001,70.89,0.758
2008-11-27,16.166,0.002,72.09,0.942
2008-11-28,15.945,0.001,66.59,1.171
2008-11-29,16.325,0.001,63.21,0.818
2008-11-30,15.733,0.003,68.21,0.753
2008-12-01,15.91,0.001,73.01,0.804
2008-12-02,16.174,0.001,73.36,0.971
2008-12-03,15.821,0.0,70.14,0.678
2008-12-04,15.632,0.001,68.07,0.493
2008-12-05,15.677,0.003,69.05,0.924
2008-12-06,15.47,0.001,65.77,1.266
2008-12-07,16.06,0.187,61.76,1.114
2008-12-08,17.491,3.851,71.34,0.379
2008-12-09,16.651,4.51,81.2,1.713
2008-12-10,15.857,2.026,74.43,0.736
2008-12-11,15.079,0.011,74.16,1.245
2008-12-12,14.308,0.0,66.21,0.524
2008-12-13,13.809,0.0,68.18,0.584
2008-12-14,13.554,0.002,66.19,1.321
2008-12-15,14.145,0.001,65.81,0.965
2008-12-16,14.343,0.393,69.09,0.422
2008-12-17,15.744,0.021,67.53,1.453
2008-12-18,17.233,0.1,65.13,1.558
2008-12-19,16.533,0.111,74.0,0.698
2008-12-20,15.939,7.193,83.1,1.542
2008-12-21,15.067,1.066,79.64,1.703
2008-12-22,13.479,0.001,74.8,1.078
2008-12-23,12.799,0.001,72.5,1.003
2008-12-24,13.153,0.0,71.55,0.322
2008-12-25,13.092,0.001,74.99,0.542
2008-12-26,12.688,0.001,79.75,0.318
2008-12-27,12.938,0.002,80.23,0.307
2008-12-28,12.001,0.045,85.93,0.525
2008-12-29,11.823,0.092,83.66,0.957
2008-12-30,11.35,0.036,80.96,0.747
2008-12-31,11.728,0.001,73.65,0.912
2009-01-01,11.129,0.0,73.19,0.399
2009-01-02,12.042,0.0,72.24,0.31
2009-01-03,11.656,2.533,81.5,1.061
2009-01-04,12.36,1.788,74.71,1.299
2009-01-05,11.364,0.044,72.89,1.155
2009-01-06,11.57,0.732,76.45,0.823
2009-01-07,11.312,0.28,79.33,0.887
2009-01-08,11.561,0.021,75.89,0.77
2009-01-09,12.088,0.003,74.89,0.726
2009-01-10,11.889,0.004,73.84,1.2
2009-01-11,12.137,0.0,71.03,0.455
2009-01-12,12.519,0.001,71.28,0.698
2009-01-13,12.672,0.0,71.8,0.966
2009-01-14,13.01,0.001,68.69,1.276
2009-01-15,14.522,0.825,69.71,0.654
2009-01-16,15.512,7.414,79.23,1.962
2009-01-17,15.357,1.713,80.91,1.155
2009-01-18,13.978,16.163,87.98,1.505
2009-01-19,13.636,0.01,80.59,1.971
2009-01-20,12.35,-0.0,75.81,1.413
2009-01-21,13.117,0.001,71.84,1.282
2009-01-22,13.592,0.001,75.67,0.635
2009-01-23,15.065,0.002,74.53,1.543
2009-01-24,16.188,0.078,72.82,1.24
2009-01-25,16.395,0.959,75.84,1.872
2009-01-26,15.854,5.438,82.96,1.212
2009-01-27,14.37,0.67,80.18,1.505
2009-01-28,13.685,0.0,75.38,1.1
2009-01-29,14.095,0.004,77.24,0.322
2009-01-30,13.895,0.007,77.97,1.481
2009-01-31,13.564,0.001,73.6,1.425
2009-02-01,13.608,0.001,71.38,0.761
2009-02-02,14.261,0.209,71.04,0.651
2009-02-03,14.933,0.172,73.42,0.725
2009-02-04,15.898,0.258,62.8,1.07
2009-02-05,15.969,23.007,70.13,2.817
2009-02-06,14.673,5.182,74.74,1.641
2009-02-07,13.794,0.0,70.14,1.494
2009-02-08,14.48,0.005,70.85,0.56
2009-02-09,14.29,0.142,76.97,0.773
2009-02-10,13.225,12.02,85.97,0.479
2009-02-11,14.1,1.189,81.39,0.649
2009-02-12,14.516,0.134,79.9,1.06
2009-02-13,15.871,13.743,76.87,1.357
2009-02-14,15.269,1.418,78.38,0.969
2009-02-15,14.086,0.006,76.27,1.503
2009-02-16,14.781,0.0,71.94,1.089
2009-02-17,14.687,0.007,70.96,1.035
2009-02-18,14.935,0.0,66.91,1.815
2009-02-19,15.771,0.565,67.72,1.284
2009-02-20,15.989,2.043,69.08,2.795
2009-02-21,16.384,0.15,61.06,2.247
2009-02-22,17.265,0.724,61.6,1.433
2009-02-23,17.73,0.734,62.87,2.218
2009-02-24,17.557,2.83,67.22,2.268
2009-02-25,16.278,0.019,65.5,1.56
2009-02-26,15.662,0.004,60.22,1.43
2009-02-27,15.409,0.003,56.08,1.727
2009-02-28,15.117,0.002,52.67,1.912
2009-03-01,17.012,0.001,56.14,1.142
2009-03-02,18.942,0.002,57.54,1.096
2009-03-03,21.87,0.084,52.08,2.201
2009-03-04,20.457,0.528,60.37,1.117
2009-03-05,19.401,0.131,59.72,1.875
2009-03-06,18.932,0.028,54.79,0.993
2009-03-07,19.379,0.129,48.25,1.389
2009-03-08,17.927,0.007,57.25,0.615
2009-03-09,18.891,0.029,46.31,1.607
2009-03-10,18.21,0.022,43.63,1.887
2009-03-11,18.075,0.0,44.43,1.574
2009-03-12,19.427,0.001,46.61,1.422
2009-03-13,20.971,0.001,47.52,0.697
2009-03-14,21.143,0.009,50.13,1.067
2009-03-15,21.157,0.001,48.6,0.955
2009-03-16,21.534,0.001,45.08,1.147
2009-03-17,20.91,0.872,50.03,0.989
2009-03-18,21.978,0.002,44.89,1.38
2009-03-19,22.298,0.244,43.76,1.021
2009-03-20,20.886,2.392,52.0,1.253
2009-03-21,19.898,1.103,57.3,1.284
2009-03-22,20.542,0.003,50.32,1.041
2009-03-23,21.711,0.058,50.2,0.461
2009-03-24,21.455,2.261,54.78,1.249
2009-03-25,18.288,7.586,74.13,1.084
2009-03-26,19.713,0.004,61.0,0.938
2009-03-27,19.894,0.422,65.38,0.318
2009-03-28,20.669,0.301,64.53,1.144
2009-03-29,18.982,4.157,72.11,0.787
2009-03-30,20.778,0.267,56.57,1.557
2009-03-31,21.79,0.002,49.83,1.918
2009-04-01,22.888,0.004,49.98,0.652
2009-04-02,24.052,8.819,48.91,1.786
2009-04-03,22.726,2.285,56.27,1.427
2009-04-04,23.453,0.0,44.16,2.438
2009-04-05,22.541,0.041,50.48,0.704
2009-04-06,19.194,19.063,70.56,3.121
2009-04-07,21.585,0.046,51.14,1.386
2009-04-08,20.023,18.052,61.92,2.769
2009-04-09,18.588,2.425,69.87,0.695
2009-04-10,20.567,0.001,59.32,1.682
2009-04-11,23.107,0.002,58.06,1.738
2009-04-12,24.518,0.694,55.96,1.082
2009-04-13,24.786,0.16,51.71,1.381
2009-04-14,26.711,0.32,43.16,1.21
2009-04-15,25.814,1.286,43.21,1.147
2009-04-16,24.792,0.157,43.23,1.676
2009-04-17,25.037,0.005,40.85,2.367
2009-04-18,26.236,0.001,36.83,2.76
2009-04-19,27.386,0.001,36.09,1.998
2009-04-20,28.8,0.557,32.74,1.231
2009-04-21,27.32,0.77,34.09,1.778
2009-04-22,26.246,0.2,28.63,2.261
2009-04-23,25.882,0.013,23.11,2.312
2009-04-24,25.332,0.002,24.04,1.982
2009-04-25,26.058,0.004,22.04,1.766
2009-04-26,28.378,0.016,21.86,1.977
2009-04-27,30.21,0.01,25.44,1.749
2009-04-28,30.589,0.019,28.41,1.585
2009-04-29,30.557,0.302,26.97,1.928
2009-04-30,30.625,0.015,25.03,1.627
2009-05-01,30.996,0.002,23.29,1.422
2009-05-02,31.727,0.176,21.24,1.033
2009-05-03,29.671,0.938,28.49,2.19
2009-05-04,27.56,2.057,39.31,2.167
2009-05-05,24.633,3.982,52.35,0.92
2009-05-06,26.346,0.062,36.19,1.895
2009-05-07,26.627,0.008,33.16,0.754
2009-05-08,28.012,0.32,31.06,1.082
2009-05-09,29.394,0.45,27.93,1.589
2009-05-10,27.489,1.319,34.36,2.128
2009-05-11,27.827,0.07,28.08,1.61
2009-05-12,28.77,0.005,26.34,1.018
2009-05-13,30.613,0.006,25.74,1.276
2009-05-14,31.5,0.009,26.73,1.457
2009-05-15,30.914,0.807,34.99,2.295
2009-05-16,31.791,0.373,31.1,0.476
2009-05-17,32.848,0.0,25.89,0.908
2009-05-18,33.365,0.003,22.56,1.121
2009-05-19,34.648,0.129,22.35,0.568
2009-05-20,33.366,0.395,26.73,0.748
2009-05-21,32.478,0.62,30.33,0.376
2009-05-22,33.241,0.082,24.97,0.678
2009-05-23,31.683,2.081,27.93,1.37
2009-05-24,30.699,1.675,31.26,0.835
2009-05-25,28.8,1.216,37.9,1.012
2009-05-26,30.419,0.016,30.87,1.344
2009-05-27,31.952,0.212,24.77,1.236
2009-05-28,32.497,0.01,23.13,0.907
2009-05-29,31.401,1.601,37.54,2.275
2009-05-30,29.344,0.32,47.85,2.491
2009-05-31,30.824,0.12,40.02,1.114
2009-06-01,30.961,0.03,40.59,0.644
2009-06-02,33.29,0.016,29.23,2.14
2009-06-03,34.386,0.003,23.28,2.68
2009-06-04,34.784,0.003,23.22,1.561
2009-06-05,33.521,0.198,26.26,1.102
2009-06-06,31.764,0.264,25.92,1.665
2009-06-07,31.187,0.001,22.26,1.601
2009-06-08,31.278,0.01,20.51,2.09
2009-06-09,31.563,0.001,22.97,1.218
2009-06-10,33.448,0.014,19.93,1.287
2009-06-11,33.565,0.057,21.84,0.873
2009-06-12,33.267,0.278,22.74,1.146
2009-06-13,32.803,0.624,24.5,1.255
2009-06-14,32.381,0.274,27.38,0.708
2009-06-15,30.66,2.699,35.73,0.23
2009-06-16,27.694,1.429,48.98,1.134
2009-06-17,29.106,0.234,42.55,1.507
2009-06-18,30.619,0.013,32.67,2.197
2009-06-19,31.533,0.001,31.34,1.743
2009-06-20,32.433,0.003,27.24,1.919
2009-06-21,33.487,0.002,20.62,2.049
2009-06-22,34.104,0.0,19.93,2.067
2009-06-23,34.602,0.0,19.71,1.605
2009-06-24,35.12,0.001,22.28,1.387
2009-06-25,34.477,0.002,34.81,0.893
2009-06-26,35.303,0.002,34.16,1.064
2009-06-27,35.773,0.106,34.98,0.776
2009-06-28,36.378,0.011,32.48,0.676
2009-06-29,34.315,1.036,50.21,2.05
2009-06-30,31.796,7.028,59.68,1.486
2009-07-01,30.126,0.895,66.01,0.499
2009-07-02,30.198,0.642,60.92,0.619
2009-07-03,29.395,1.08,59.63,0.697
2009-07-04,30.664,1.342,44.62,1.183
2009-07-05,31.864,0.027,38.44,1.328
2009-07-06,33.055,0.004,37.34,0.796
2009-07-07,34.261,0.004,38.97,1.172
2009-07-08,32.83,5.624,54.13,1.998
2009-07-09,30.82,3.658,65.87,1.578
2009-07-10,31.254,1.904,64.58,0.956
2009-07-11,31.315,3.052,66.73,0.804
2009-07-12,31.043,6.951,68.62,0.792
2009-07-13,31.747,1.874,65.3,1.529
2009-07-14,29.256,2.898,73.86,0.384
2009-07-15,31.264,0.476,64.53,0.676
2009-07-16,32.465,0.036,60.2,0.313
2009-07-17,31.559,17.654,66.54,1.186
2009-07-18,28.785,7.625,77.83,1.406
2009-07-19,30.86,2.066,71.28,0.667
2009-07-20,30.038,11.961,76.51,1.615
2009-07-21,29.003,8.751,79.29,1.602
2009-07-22,28.794,6.591,79.1,1.732
2009-07-23,28.573,4.286,79.74,1.168
2009-07-24,29.269,5.756,78.96,0.15
2009-07-25,29.499,9.937,80.63,0.451
2009-07-26,29.882,12.344,78.38,0.256
2009-07-27,27.698,33.796,85.96,1.195
2009-07-28,26.706,36.999,88.48,1.542
2009-07-29,27.05,9.345,84.85,0.978
2009-07-30,28.15,2.206,83.02,0.456
2009-07-31,28.428,3.023,83.34,0.302
2009-08-01,28.71,7.544,82.99,0.248
2009-08-02,29.065,4.215,81.73,0.637
2009-08-03,29.268,2.981,81.49,1.029
2009-08-04,29.159,3.564,82.95,1.197
2009-08-05,29.0,4.347,84.25,1.067
2009-08-06,29.093,2.227,80.51,1.735
2009-08-07,29.51,3.423,78.37,0.979
2009-08-08,29.558,3.758,78.44,0.418
2009-08-09,30.058,2.747,78.04,0.601
2009-08-10,29.678,2.228,78.9,1.181
2009-08-11,29.73,3.361,78.69,0.965
2009-08-12,29.971,1.784,79.82,0.894
2009-08-13,30.714,4.989,77.84,1.74
2009-08-14,28.663,10.119,81.13,2.375
2009-08-15,27.187,28.495,86.15,1.956
2009-08-16,27.47,7.919,84.74,1.85
2009-08-17,27.59,3.992,84.03,0.456
2009-08-18,27.756,3.49,84.13,0.303
2009-08-19,25.292,23.702,88.03,0.531
2009-08-20,27.457,0.038,76.92,0.44
2009-08-21,27.251,2.533,80.93,0.192
2009-08-22,27.519,4.027,80.13,0.289
2009-08-23,28.226,0.461,76.72,0.385
2009-08-24,28.884,0.77,75.58,0.368
2009-08-25,27.895,4.067,81.06,1.289
2009-08-26,27.261,3.057,81.33,0.767
2009-08-27,28.355,0.498,77.48,0.389
2009-08-28,28.591,1.065,78.76,0.89
2009-08-29,28.483,1.425,79.31,0.933
2009-08-30,27.298,17.708,85.31,1.189
2009-08-31,24.782,82.905,91.24,2.017
2009-09-01,26.345,11.99,86.39,0.525
2009-09-02,27.774,10.584,79.83,0.463
2009-09-03,23.394,20.337,84.19,1.508
2009-09-04,25.197,1.081,80.08,0.419
2009-09-05,26.091,0.02,76.59,0.374
2009-09-06,26.091,0.001,74.49,0.855
2009-09-07,26.284,0.0,75.69,0.494
2009-09-08,26.735,0.005,76.11,0.573
2009-09-09,25.928,1.096,80.58,1.29
2009-09-10,26.318,2.657,78.23,1.417
2009-09-11,24.56,20.884,87.28,0.4
2009-09-12,25.086,1.378,84.55,0.373
2009-09-13,26.838,0.828,81.81,0.235
2009-09-14,26.721,0.319,78.95,0.756
2009-09-15,26.701,0.112,73.47,0.925
2009-09-16,26.748,0.153,71.26,0.589
2009-09-17,26.38,0.001,71.57,0.386
2009-09-18,26.77,0.001,75.21,0.52
2009-09-19,27.618,0.003,74.87,0.956
2009-09-20,27.911,0.304,77.44,1.017
2009-09-21,27.988,1.053,78.87,1.075
2009-09-22,27.67,3.013,79.44,1.46
2009-09-23,27.802,0.801,80.79,1.195
2009-09-24,28.748,0.688,78.0,0.525
2009-09-25,29.222,1.046,75.47,1.401
2009-09-26,27.723,0.957,78.99,1.651
2009-09-27,28.155,0.1,74.73,0.503
2009-09-28,28.209,0.082,70.68,0.133
2009-09-29,28.381,0.009,69.84,0.745
2009-09-30,28.544,0.134,68.33,1.523
2009-10-01,28.105,0.512,72.76,1.238
2009-10-02,28.206,0.566,72.66,0.831
2009-10-03,27.785,2.268,72.88,0.416
2009-10-04,24.936,7.806,82.19,0.52
2009-10-05,25.053,0.185,76.8,0.232
2009-10-06,25.287,0.022,70.54,0.655
2009-10-07,24.995,0.135,66.48,0.521
2009-10-08,24.325,0.539,60.6,1.09
2009-10-09,24.307,0.011,49.4,1.495
2009-10-10,23.707,0.353,48.36,1.036
2009-10-11,23.331,0.005,51.26,1.0
2009-10-12,23.08,0.003,53.78,0.9
2009-10-13,23.311,0.003,54.41,0.852
2009-10-14,23.212,0.011,54.17,0.838
2009-10-15,22.8,0.0,51.94,1.006
2009-10-16,22.36,0.002,48.82,1.13
2009-10-17,21.7,0.0,47.3,0.945
2009-10-18,21.562,0.004,48.03,0.753
2009-10-19,21.274,0.002,48.03,0.924
2009-10-20,21.041,0.001,50.8,0.91
2009-10-21,21.055,0.022,51.84,0.833
2009-10-22,20.729,0.003,48.69,1.197
2009-10-23,20.156,0.001,46.61,1.001
2009-10-24,19.532,0.001,48.48,0.983
2009-10-25,19.36,0.0,48.74,0.989
2009-10-26,19.849,0.002,49.92,0.788
2009-10-27,19.795,0.001,52.24,0.714
2009-10-28,20.015,0.001,53.51,1.078
2009-10-29,20.997,0.002,47.36,1.609
2009-10-30,20.838,0.003,47.6,1.235
2009-10-31,20.457,0.0,55.09,0.846
2009-11-01,20.823,0.0,55.27,1.051
2009-11-02,21.493,0.002,56.93,1.107
2009-11-03,21.498,0.001,56.55,1.095
2009-11-04,21.24,0.002,60.38,1.01
2009-11-05,21.064,0.0,63.59,0.718
2009-11-06,21.037,0.002,66.47,0.882
2009-11-07,20.598,0.002,63.98,0.726
2009-11-08,20.571,0.213,61.51,0.863
2009-11-09,18.367,14.059,66.58,2.825
2009-11-10,17.557,0.18,59.14,1.568
2009-11-11,15.718,0.0,55.48,1.065
2009-11-12,16.796,0.001,58.41,0.859
2009-11-13,17.952,16.417,68.93,1.106
2009-11-14,17.065,21.727,84.76,1.402
2009-11-15,17.866,0.79,81.1,0.749
2009-11-16,16.53,0.903,75.89,1.528
2009-11-17,16.206,0.01,62.33,1.463
2009-11-18,15.057,0.005,57.65,1.523
2009-11-19,13.868,0.001,59.16,1.08
2009-11-20,13.846,0.001,58.75,0.555
2009-11-21,14.746,0.0,60.78,0.452
2009-11-22,14.346,0.001,67.71,0.746
2009-11-23,14.722,0.001,66.23,1.152
2009-11-24,14.467,0.0,68.5,0.383
2009-11-25,15.33,0.0,68.21,0.882
2009-11-26,15.075,0.002,61.07,1.608
2009-11-27,14.0,0.001,65.43,0.676
2009-11-28,14.277,0.029,65.9,0.492
2009-11-29,14.806,0.002,66.6,0.697
2009-11-30,15.155,0.001,71.74,0.531
2009-12-01,15.798,0.001,71.45,0.68
2009-12-02,15.895,0.0,69.9,0.821
2009-12-03,15.769,0.001,70.58,0.424
2009-12-04,15.459,0.001,71.85,0.714
2009-12-05,15.41,0.003,71.96,1.108
2009-12-06,14.845,0.0,69.22,1.247
2009-12-07,13.698,0.001,65.89,1.126
2009-12-08,14.021,0.0,63.91,0.316
2009-12-09,13.458,0.992,75.3,0.464
2009-12-10,15.203,0.551,70.11,1.207
2009-12-11,15.448,0.005,65.95,1.954
2009-12-12,13.965,0.001,70.99,1.151
2009-12-13,14.334,0.02,67.24,0.323
2009-12-14,14.443,0.001,70.41,0.827
2009-12-15,14.109,0.422,71.3,0.835
2009-12-16,14.002,0.014,63.92,0.829
2009-12-17,14.22,0.002,64.27,0.803
2009-12-18,13.644,0.001,62.27,0.766
2009-12-19,13.364,0.001,61.64,0.393
2009-12-20,11.425,0.046,72.07,0.866
2009-12-21,11.506,0.001,65.28,1.177
2009-12-22,11.974,0.001,65.92,0.364
2009-12-23,11.93,0.001,66.62,0.598
2009-12-24,11.551,0.0,63.77,0.876
2009-12-25,11.73,0.002,59.74,0.389
2009-12-26,12.324,0.001,63.33,0.368
2009-12-27,11.685,0.0,68.48,0.484
2009-12-28,11.771,0.001,66.82,1.017
2009-12-29,12.034,0.002,64.95,0.654
2009-12-30,12.085,0.004,66.43,0.486
2009-12-31,11.492,0.0,66.83,0.677
2010-01-01,11.859,0.0,65.89,0.454
2010-01-02,11.877,0.001,72.86,0.715
2010-01-03,11.728,2.597,80.54,0.326
2010-01-04,10.99,0.003,76.24,1.824
2010-01-05,10.583,0.001,77.35,0.119
2010-01-06,11.142,0.012,80.15,0.05
2010-01-07,10.493,0.081,84.91,0.269
2010-01-08,11.187,0.05,83.49,0.763
2010-01-09,11.256,0.011,77.81,0.861
2010-01-10,11.817,0.002,75.2,0.374
2010-01-11,11.391,0.0,70.14,0.556
2010-01-12,10.895,2.453,76.11,0.357
2010-01-13,10.403,4.141,82.31,1.741
2010-01-14,11.398,0.001,74.44,1.5
2010-01-15,11.794,0.002,71.94,0.954
2010-01-16,12.472,0.003,72.2,0.708
2010-01-17,12.609,0.001,77.97,0.223
2010-01-18,11.437,0.059,85.38,0.717
2010-01-19,12.121,0.065,84.45,0.924
2010-01-20,11.916,0.132,83.5,0.185
2010-01-21,12.112,0.087,83.51,0.461
2010-01-22,12.089,0.05,84.67,0.434
2010-01-23,12.911,0.05,83.45,0.222
2010-01-24,12.769,0.045,84.74,0.27
2010-01-25,13.618,0.039,79.74,0.501
2010-01-26,14.161,0.016,74.75,0.183
2010-01-27,14.372,0.001,74.28,0.734
2010-01-28,15.718,0.144,64.98,1.812
2010-01-29,13.033,8.99,76.93,1.926
2010-01-30,12.985,0.003,65.77,1.56
2010-01-31,12.749,0.003,71.03,0.165
2010-02-01,12.413,0.005,71.82,0.564
2010-02-02,12.722,0.005,62.44,1.064
2010-02-03,12.933,0.004,62.03,0.976
2010-02-04,13.441,0.002,60.64,0.998
2010-02-05,14.96,1.187,59.99,1.731
2010-02-06,16.972,0.94,64.72,2.295
2010-02-07,17.767,0.728,65.2,1.927
2010-02-08,15.107,31.909,81.93,4.304
2010-02-09,11.865,12.608,84.09,2.659
2010-02-10,12.429,0.002,66.44,0.888
2010-02-11,13.921,0.001,72.09,0.477
2010-02-12,13.58,0.235,74.74,0.502
2010-02-13,13.951,0.005,75.0,0.822
2010-02-14,13.415,0.241,73.0,0.909
2010-02-15,14.653,0.683,58.12,2.428
2010-02-16,14.176,0.101,60.83,1.416
2010-02-17,13.391,0.006,62.92,1.36
2010-02-18,13.116,0.001,62.76,1.128
2010-02-19,13.905,0.0,65.29,1.103
2010-02-20,15.332,0.001,65.06,1.062
2010-02-21,16.075,0.0,68.39,0.457
2010-02-22,17.993,0.953,69.38,1.134
2010-02-23,16.82,2.904,74.51,1.368
2010-02-24,17.066,0.072,71.07,1.354
2010-02-25,18.111,0.367,67.88,1.642
2010-02-26,18.389,0.229,61.03,1.993
2010-02-27,19.654,0.008,59.14,1.687
2010-02-28,19.964,0.286,64.72,1.188
2010-03-01,19.245,1.514,63.57,2.302
2010-03-02,19.029,0.0,55.25,1.656
2010-03-03,17.595,0.777,62.51,1.354
2010-03-04,16.996,0.675,67.74,1.321
2010-03-05,17.98,0.003,61.65,1.518
2010-03-06,15.925,3.435,73.86,1.361
2010-03-07,17.767,0.008,65.02,1.291
2010-03-08,17.995,0.175,68.32,0.581
2010-03-09,19.068,0.0,62.71,0.884
2010-03-10,19.675,0.0,61.43,1.014
2010-03-11,20.234,0.002,59.14,0.898
2010-03-12,20.859,0.002,58.8,1.211
2010-03-13,21.028,0.151,54.64,1.274
2010-03-14,21.362,0.003,52.59,0.941
2010-03-15,22.322,0.001,51.2,1.088
2010-03-16,22.984,0.0,51.38,1.208
2010-03-17,23.607,0.0,52.19,0.928
2010-03-18,24.278,0.0,56.18,0.89
2010-03-19,24.844,0.0,57.32,0.846
2010-03-20,25.927,0.001,56.48,0.772
2010-03-21,26.692,0.002,57.55,0.919
2010-03-22,27.05,0.307,51.1,1.124
2010-03-23,27.39,0.006,38.16,1.926
2010-03-24,26.789,0.0,41.09,1.103
2010-03-25,26.673,0.0,37.57,0.595
2010-03-26,26.57,0.158,35.65,1.174
2010-03-27,26.059,0.149,33.68,1.533
2010-03-28,26.091,0.001,38.42,1.316
2010-03-29,26.571,1.428,38.4,1.391
2010-03-30,25.755,0.541,36.25,2.234
2010-03-31,25.072,0.273,32.47,1.609
2010-04-01,24.374,0.154,31.41,1.27
2010-04-02,25.117,0.348,29.99,1.349
2010-04-03,25.619,0.014,30.05,1.45
2010-04-04,25.546,0.109,31.33,2.166
2010-04-05,25.351,0.362,29.09,1.992
2010-04-06,25.37,0.001,26.96,1.768
2010-04-07,26.8,0.002,27.66,1.016
2010-04-08,28.193,0.013,29.02,1.285
2010-04-09,28.527,0.049,26.02,2.095
2010-04-10,28.844,0.007,28.67,1.145
2010-04-11,30.244,0.663,27.98,1.475
2010-04-12,27.417,1.146,34.79,3.001
2010-04-13,28.353,0.0,27.6,2.013
2010-04-14,29.125,0.003,22.89,1.198
2010-04-15,30.466,0.001,22.55,1.26
2010-04-16,31.619,0.118,22.75,1.63
2010-04-17,32.665,0.21,22.57,1.663
2010-04-18,31.397,1.366,27.69,2.698
2010-04-19,30.452,0.509,30.54,3.107
2010-04-20,29.768,1.227,30.16,1.966
2010-04-21,28.221,0.874,33.53,2.204
2010-04-22,28.006,0.164,30.77,1.671
2010-04-23,27.733,0.039,27.97,1.7
2010-04-24,27.678,0.048,25.61,1.297
2010-04-25,28.499,0.009,24.43,1.511
2010-04-26,31.082,0.002,21.68,1.631
2010-04-27,30.474,0.596,28.99,1.669
2010-04-28,29.905,0.686,29.12,1.09
2010-04-29,30.875,0.002,24.34,1.489
2010-04-30,30.616,0.259,27.83,1.188
2010-05-01,29.533,1.175,31.25,1.108
2010-05-02,31.266,0.0,25.99,0.433
2010-05-03,31.993,0.007,29.22,1.351
2010-05-04,32.741,0.059,30.6,0.624
2010-05-05,29.172,4.661,46.4,1.796
2010-05-06,29.604,1.952,44.38,0.623
2010-05-07,26.344,5.544,57.71,1.541
2010-05-08,27.125,1.857,50.25,1.452
2010-05-09,29.007,0.045,37.57,1.747
2010-05-10,29.79,0.338,31.76,1.331
2010-05-11,29.281,0.028,30.49,1.343
2010-05-12,30.389,0.369,26.46,1.335
2010-05-13,31.239,0.712,24.52,1.815
2010-05-14,30.535,0.391,25.47,0.95
2010-05-15,31.752,0.001,21.05,1.385
2010-05-16,33.594,0.349,21.0,1.288
2010-05-17,33.813,0.052,22.44,3.17
2010-05-18,31.061,2.021,35.32,2.905
2010-05-19,30.128,0.928,32.5,1.445
2010-05-20,31.218,0.008,22.85,1.632
2010-05-21,32.896,0.001,21.75,0.909
2010-05-22,34.959,0.308,20.46,1.938
2010-05-23,33.118,2.072,29.09,1.597
2010-05-24,33.826,0.004,22.23,1.692
2010-05-25,34.578,0.001,17.71,1.852
2010-05-26,34.514,0.005,16.94,1.284
2010-05-27,34.634,1.759,23.59,3.482
2010-05-28,30.413,8.397,40.48,3.545
2010-05-29,29.593,0.873,39.75,1.58
2010-05-30,30.117,0.013,32.41,1.649
2010-05-31,31.52,0.0,29.65,1.305
2010-06-01,33.715,0.418,23.98,1.324
2010-06-02,34.292,0.031,23.13,0.899
2010-06-03,32.644,0.641,30.59,0.241
2010-06-04,31.817,1.638,33.36,0.628
2010-06-05,30.015,0.71,35.65,1.544
2010-06-06,31.404,0.005,29.14,1.552
2010-06-07,28.557,0.505,49.02,1.43
2010-06-08,27.613,3.165,56.72,0.398
2010-06-09,29.547,0.209,39.78,1.247
2010-06-10,30.575,1.194,34.63,0.483
2010-06-11,32.257,0.017,28.9,1.035
2010-06-12,32.783,0.148,27.79,1.406
2010-06-13,33.188,0.214,26.81,1.377
2010-06-14,31.101,0.268,37.6,0.59
2010-06-15,30.471,0.403,39.83,0.734
2010-06-16,30.448,1.252,39.79,0.841
2010-06-17,32.494,0.087,30.88,0.961
2010-06-18,34.866,0.002,24.33,2.183
2010-06-19,36.071,0.007,22.85,1.032
2010-06-20,36.84,0.013,22.38,0.625
2010-06-21,36.879,0.009,23.64,0.581
2010-06-22,36.242,0.323,28.25,1.188
2010-06-23,35.372,1.042,36.97,1.094
2010-06-24,32.121,2.537,49.67,1.528
2010-06-25,29.586,5.146,63.77,0.599
2010-06-26,33.165,0.014,44.81,0.408
2010-06-27,33.386,1.452,48.16,0.588
2010-06-28,34.058,0.338,42.62,1.274
2010-06-29,33.298,0.251,45.04,0.775
2010-06-30,32.389,0.436,49.14,0.473
2010-07-01,31.543,1.396,58.34,1.273
2010-07-02,30.914,0.523,59.68,0.767
2010-07-03,32.512,0.707,54.52,1.555
2010-07-04,31.025,4.379,64.36,1.661
2010-07-05,29.514,8.225,67.55,1.579
2010-07-06,25.862,23.102,77.68,2.348
2010-07-07,27.984,4.271,76.39,1.318
2010-07-08,30.814,0.615,69.88,0.692
2010-07-09,31.299,2.243,69.84,0.548
2010-07-10,31.22,1.504,70.43,1.41
2010-07-11,30.673,21.471,71.57,1.603
2010-07-12,27.047,12.004,82.68,2.498
2010-07-13,27.087,10.551,81.71,1.055
2010-07-14,30.032,0.126,71.33,0.647
2010-07-15,31.045,0.15,68.85,0.804
2010-07-16,31.192,4.414,73.91,1.432
2010-07-17,28.986,8.421,81.91,2.174
2010-07-18,28.322,26.058,87.76,1.046
2010-07-19,28.463,11.519,84.6,2.357
2010-07-20,26.07,16.599,89.91,2.361
2010-07-21,27.524,6.138,81.62,1.733
2010-07-22,26.84,21.602,86.21,1.489
2010-07-23,28.611,0.81,79.45,0.515
2010-07-24,29.855,1.979,79.16,0.372
2010-07-25,29.234,6.074,83.17,1.315
2010-07-26,29.317,12.474,80.04,1.337
2010-07-27,26.628,29.385,87.96,1.653
2010-07-28,27.409,9.907,84.46,1.958
2010-07-29,28.134,10.037,85.5,0.948
2010-07-30,28.669,10.527,83.24,0.987
2010-07-31,27.481,7.791,85.12,1.917
2010-08-01,27.323,13.496,85.41,2.043
2010-08-02,28.918,13.459,80.9,1.073
2010-08-03,28.533,5.138,82.73,0.988
2010-08-04,29.315,2.59,78.6,0.591
2010-08-05,28.021,22.588,85.71,1.756
2010-08-06,26.533,19.052,88.66,1.232
2010-08-07,29.133,5.949,79.49,0.079
2010-08-08,28.037,14.004,86.43,0.741
2010-08-09,29.535,2.975,79.48,0.254
2010-08-10,28.399,10.467,86.86,0.655
2010-08-11,27.913,11.995,88.5,1.202
2010-08-12,26.663,13.6,91.5,1.4
2010-08-13,27.504,9.344,88.11,0.863
2010-08-14,26.864,8.377,89.79,1.285
2010-08-15,27.712,9.123,87.16,1.416
2010-08-16,27.574,7.433,88.92,1.216
2010-08-17,28.45,9.024,87.05,0.515
2010-08-18,27.829,12.401,88.75,0.977
2010-08-19,27.065,4.22,91.11,1.453
2010-08-20,27.143,3.251,87.72,1.794
2010-08-21,27.598,6.987,87.37,0.663
2010-08-22,27.2,18.676,88.1,0.436
2010-08-23,27.067,16.572,87.89,0.573
2010-08-24,26.712,10.45,87.16,1.286
2010-08-25,26.289,12.084,86.68,0.905
2010-08-26,26.944,2.443,86.11,0.665
2010-08-27,27.605,0.033,80.76,0.899
2010-08-28,28.25,0.214,79.64,0.462
2010-08-29,28.32,0.641,81.28,0.377
2010-08-30,28.386,1.887,81.77,0.607
2010-08-31,28.201,2.454,82.88,0.948
2010-09-01,28.432,2.165,83.06,0.933
2010-09-02,27.488,6.755,87.49,1.41
2010-09-03,27.599,5.5,86.8,0.763
2010-09-04,26.95,4.722,86.48,0.964
2010-09-05,27.297,2.848,84.09,1.277
2010-09-06,27.63,5.03,85.68,0.443
2010-09-07,27.567,7.166,84.33,0.724
2010-09-08,26.176,4.904,84.32,1.283
2010-09-09,27.239,3.965,79.32,0.759
2010-09-10,27.217,2.433,80.91,0.545
2010-09-11,27.042,13.233,84.53,0.324
2010-09-12,25.525,10.058,89.13,0.629
2010-09-13,25.932,1.974,84.55,0.338
2010-09-14,25.657,3.746,86.29,0.55
2010-09-15,25.941,0.166,79.74,0.506
2010-09-16,26.077,0.209,78.09,0.443
2010-09-17,25.84,0.031,77.04,0.077
2010-09-18,25.053,0.222,77.06,0.841
2010-09-19,25.371,0.121,76.95,0.161
2010-09-20,24.077,23.275,87.88,0.752
2010-09-21,26.798,1.776,80.68,0.639
2010-09-22,24.479,25.112,93.09,0.86
2010-09-23,24.342,5.995,87.11,0.636
2010-09-24,25.351,0.471,79.66,0.157
2010-09-25,25.092,0.005,74.72,0.622
2010-09-26,25.087,0.001,72.58,0.589
2010-09-27,25.221,0.001,73.62,0.501
2010-09-28,25.314,0.001,74.24,0.372
2010-09-29,25.302,0.001,72.39,0.639
2010-09-30,25.258,0.001,70.34,0.404
2010-10-01,25.023,0.0,73.32,0.295
2010-10-02,25.349,0.005,73.6,0.529
2010-10-03,24.701,0.857,73.59,0.774
2010-10-04,25.251,0.064,69.5,0.437
2010-10-05,25.629,0.146,73.07,0.646
2010-10-06,25.755,0.524,74.33,0.484
2010-10-07,25.666,0.531,74.89,0.365
2010-10-08,25.094,0.807,75.03,0.257
2010-10-09,24.902,0.79,73.97,0.77
2010-10-10,24.375,0.485,67.55,0.718
2010-10-11,24.185,0.834,63.7,0.331
2010-10-12,24.334,0.153,63.1,0.665
2010-10-13,24.052,0.002,66.51,0.472
2010-10-14,24.665,0.001,68.14,0.654
2010-10-15,25.738,0.0,68.58,0.447
2010-10-16,26.245,0.014,70.08,0.562
2010-10-17,25.593,0.297,73.02,1.514
2010-10-18,25.541,0.253,74.73,0.257
2010-10-19,25.797,0.364,73.76,0.529
2010-10-20,24.689,0.393,72.85,0.518
2010-10-21,24.031,7.609,68.61,0.574
2010-10-22,18.258,52.357,81.35,2.565
2010-10-23,19.878,0.044,68.29,0.813
2010-10-24,19.226,0.0,63.3,1.189
2010-10-25,19.37,0.0,63.7,0.599
2010-10-26,19.669,0.001,67.78,0.635
2010-10-27,19.879,0.001,67.43,1.126
2010-10-28,19.674,0.0,62.41,0.741
2010-10-29,20.292,0.003,67.5,0.514
2010-10-30,20.456,0.091,69.73,0.721
2010-10-31,20.248,0.002,65.56,0.782
2010-11-01,20.107,0.001,66.75,0.713
2010-11-02,19.718,0.001,66.72,0.621
2010-11-03,19.652,0.001,68.9,0.559
2010-11-04,19.898,0.001,73.06,0.713
2010-11-05,20.288,0.002,72.05,0.741
2010-11-06,20.247,0.002,66.85,1.133
2010-11-07,20.385,0.002,65.26,0.645
2010-11-08,20.47,0.001,67.55,0.671
2010-11-09,20.001,0.0,65.84,0.974
2010-11-10,18.997,0.002,63.86,0.548
2010-11-11,18.243,0.0,67.15,0.654
2010-11-12,18.266,0.0,69.86,0.628
2010-11-13,17.928,0.001,68.96,0.528
2010-11-14,18.15,0.001,61.79,0.72
2010-11-15,18.128,0.001,59.57,0.992
2010-11-16,18.595,0.004,60.31,0.836
2010-11-17,18.861,0.011,64.52,0.625
2010-11-18,18.084,0.958,71.47,0.851
2010-11-19,17.091,0.388,69.08,0.523
2010-11-20,16.859,0.001,63.39,1.397
2010-11-21,16.863,0.001,61.36,0.922
2010-11-22,17.159,0.0,67.15,0.368
2010-11-23,17.055,0.019,66.46,1.225
2010-11-24,17.486,0.001,64.79,0.705
2010-11-25,17.798,0.612,70.93,0.286
2010-11-26,18.135,0.006,70.86,0.354
2010-11-27,17.39,0.005,64.1,0.655
2010-11-28,16.571,0.002,62.31,0.493
2010-11-29,16.127,0.0,66.29,0.89
2010-11-30,15.288,0.001,63.41,0.581
2010-12-01,14.596,0.002,64.95,0.287
2010-12-02,14.199,0.001,67.6,0.744
2010-12-03,13.914,0.0,66.27,0.718
2010-12-04,13.801,0.001,67.01,0.603
2010-12-05,14.646,0.003,67.06,0.381
2010-12-06,14.757,0.001,67.1,0.448
2010-12-07,13.994,0.002,68.58,1.335
2010-12-08,13.148,0.003,68.34,0.503
2010-12-09,13.624,0.161,70.39,0.534
2010-12-10,13.784,0.002,72.2,0.465
2010-12-11,12.959,0.002,65.17,0.979
2010-12-12,12.662,0.001,64.68,0.245
2010-12-13,12.449,0.0,67.34,1.042
2010-12-14,13.025,0.0,64.57,1.052
2010-12-15,12.75,0.002,65.65,0.693
2010-12-16,13.054,0.0,68.05,0.29
2010-12-17,12.618,0.0,73.01,0.347
2010-12-18,12.199,0.001,66.2,1.415
2010-12-19,11.783,0.0,62.52,1.059
2010-12-20,11.875,0.0,61.95,0.968
2010-12-21,12.151,0.0,66.57,0.197
2010-12-22,11.873,0.001,70.29,0.577
2010-12-23,12.399,0.006,70.27,1.149
2010-12-24,12.781,0.001,65.09,0.875
2010-12-25,12.063,0.0,64.95,0.298
2010-12-26,11.519,0.001,69.79,0.32
2010-12-27,11.036,0.0,71.3,0.939
2010-12-28,11.653,0.001,70.21,0.697
2010-12-29,13.111,20.096,75.12,0.678
2010-12-30,11.989,29.984,93.53,1.111
2010-12-31,9.853,0.495,89.17,0.659
2011-01-01,9.172,0.015,82.83,1.147
2011-01-02,8.947,0.002,81.81,1.214
2011-01-03,8.283,0.121,89.15,0.903
2011-01-04,8.564,0.048,86.67,1.375
2011-01-05,7.913,0.007,83.81,1.167
2011-01-06,8.136,0.003,79.78,0.952
2011-01-07,8.103,0.039,83.57,0.326
2011-01-08,7.2,0.796,87.08,0.459
2011-01-09,8.486,0.05,84.41,1.059
2011-01-10,9.104,0.004,78.62,0.827
2011-01-11,10.227,0.001,78.38,1.065
2011-01-12,11.263,0.001,77.36,0.365
2011-01-13,11.909,0.753,76.15,1.538
2011-01-14,12.5,31.681,79.05,2.792
2011-01-15,9.369,4.515,87.05,1.1
2011-01-16,8.081,0.02,75.43,1.36
2011-01-17,7.57,0.087,76.53,0.654
2011-01-18,9.429,0.001,71.15,1.446
2011-01-19,8.752,0.002,71.25,0.365
2011-01-20,10.361,0.044,71.9,0.17
2011-01-21,11.117,0.029,70.9,0.897
2011-01-22,11.285,0.002,72.07,0.615
2011-01-23,11.267,0.001,72.91,0.287
2011-01-24,10.865,0.002,72.7,0.08
2011-01-25,10.534,0.153,74.32,1.214
2011-01-26,10.617,0.001,70.21,1.027
2011-01-27,10.443,0.001,66.4,0.676
2011-01-28,10.884,0.009,70.48,0.38
2011-01-29,12.301,0.596,74.57,0.878
2011-01-30,12.789,0.144,69.29,1.231
2011-01-31,12.269,0.0,68.57,1.344
2011-02-01,12.906,0.0,69.66,0.949
2011-02-02,13.372,0.001,72.23,0.327
2011-02-03,15.451,0.025,73.24,0.177
2011-02-04,15.698,0.071,78.09,0.752
2011-02-05,16.461,0.052,74.81,1.177
2011-02-06,17.928,10.159,64.97,3.892
2011-02-07,13.791,34.825,89.19,2.748
2011-02-08,12.168,0.003,76.81,1.574
2011-02-09,12.616,0.002,72.69,1.384
2011-02-10,13.256,0.002,73.43,0.651
2011-02-11,13.472,0.021,76.04,1.287
2011-02-12,15.934,0.26,67.13,1.71
2011-02-13,15.216,5.322,75.99,2.706
2011-02-14,13.808,25.977,86.12,1.782
2011-02-15,12.974,19.773,85.72,1.843
2011-02-16,12.355,4.596,85.75,1.557
2011-02-17,12.285,0.476,78.29,0.393
2011-02-18,13.086,0.021,73.95,0.938
2011-02-19,13.445,0.386,75.02,0.146
2011-02-20,12.53,0.144,78.27,0.91
2011-02-21,12.781,0.006,76.08,1.321
2011-02-22,13.439,0.018,77.36,0.03
2011-02-23,13.388,5.666,82.57,1.162
2011-02-24,13.455,0.731,75.3,1.005
2011-02-25,12.528,6.415,77.28,0.997
2011-02-26,12.091,9.674,78.98,1.67
2011-02-27,12.864,0.026,68.38,1.386
2011-02-28,13.959,2.218,67.49,1.833
2011-03-01,14.747,0.271,73.52,1.491
2011-03-02,14.459,10.604,83.41,1.145
2011-03-03,15.131,23.404,84.96,1.877
2011-03-04,14.187,5.808,86.13,1.059
2011-03-05,14.873,0.002,68.51,1.514
2011-03-06,15.341,0.0,67.29,1.606
2011-03-07,15.723,0.025,70.91,1.596
2011-03-08,16.291,0.27,72.08,0.758
2011-03-09,16.012,0.576,74.54,0.767
2011-03-10,16.708,0.028,70.59,0.546
2011-03-11,17.022,0.001,68.07,0.764
2011-03-12,17.56,0.001,68.64,0.523
2011-03-13,18.295,0.001,69.35,0.475
2011-03-14,19.271,0.0,71.2,0.818
2011-03-15,20.988,0.002,71.18,0.601
2011-03-16,21.75,0.0,73.95,0.719
2011-03-17,22.637,0.002,75.45,0.811
2011-03-18,22.789,7.329,72.49,2.29
2011-03-19,20.618,18.811,68.3,2.896
2011-03-20,18.81,0.602,58.71,1.864
2011-03-21,18.932,0.0,59.35,1.027
2011-03-22,19.239,0.002,63.77,1.008
2011-03-23,20.53,0.003,63.22,1.042
2011-03-24,20.938,0.003,60.2,1.082
2011-03-25,21.305,0.002,62.87,1.013
2011-03-26,21.798,0.001,64.82,1.026
2011-03-27,22.962,0.002,60.24,0.977
2011-03-28,22.633,4.006,57.05,2.294
2011-03-29,21.29,2.023,57.36,2.743
2011-03-30,20.482,0.11,57.3,1.49
2011-03-31,20.857,0.013,53.33,1.516
2011-04-01,20.394,1.189,51.94,1.394
2011-04-02,20.306,0.486,47.08,1.464
2011-04-03,18.394,0.969,52.0,1.899
2011-04-04,20.188,0.145,38.43,2.013
2011-04-05,20.703,0.359,43.56,2.353
2011-04-06,19.196,0.548,49.99,2.656
2011-04-07,20.268,0.004,45.32,1.492
2011-04-08,21.379,0.0,42.51,1.272
2011-04-09,22.154,0.054,46.35,1.158
2011-04-10,21.462,1.572,55.06,2.873
2011-04-11,22.061,4.09,59.32,2.085
2011-04-12,21.753,2.738,63.39,1.922
2011-04-13,22.916,0.502,58.79,1.004
2011-04-14,23.453,0.008,53.25,1.24
2011-04-15,23.987,0.152,52.54,1.114
2011-04-16,24.546,3.466,56.37,1.263
2011-04-17,21.281,27.781,77.85,2.415
2011-04-18,20.943,6.329,70.02,0.746
2011-04-19,20.867,3.493,69.83,0.646
2011-04-20,21.419,1.415,60.97,1.066
2011-04-21,22.104,0.194,52.77,0.912
2011-04-22,23.468,0.002,53.07,1.079
2011-04-23,24.918,0.001,51.84,1.278
2011-04-24,26.724,0.001,50.56,1.213
2011-04-25,27.735,0.0,49.02,1.038
2011-04-26,28.324,0.001,45.34,2.329
2011-04-27,28.54,0.005,47.86,2.066
2011-04-28,28.991,0.256,44.19,1.541
2011-04-29,28.948,0.01,35.49,1.741
2011-04-30,28.72,0.017,33.66,1.396
2011-05-01,28.378,0.357,35.44,1.628
2011-05-02,29.012,0.002,36.99,1.077
2011-05-03,30.162,0.03,35.62,1.613
2011-05-04,31.023,0.353,32.24,2.187
2011-05-05,30.611,1.075,37.04,1.447
2011-05-06,27.005,1.347,52.96,1.333
2011-05-07,27.662,0.15,41.48,1.207
2011-05-08,28.272,0.013,37.83,1.091
2011-05-09,30.435,0.103,30.47,1.309
2011-05-10,30.469,0.038,29.51,1.343
2011-05-11,30.314,0.446,29.36,1.623
2011-05-12,31.418,0.663,27.5,1.75
2011-05-13,30.3,0.086,28.46,1.461
2011-05-14,30.55,0.001,29.28,1.132
2011-05-15,32.27,0.003,27.29,1.283
2011-05-16,32.914,0.179,26.37,1.169
2011-05-17,32.808,0.025,26.48,1.1
2011-05-18,32.899,0.879,28.32,1.608
2011-05-19,33.398,0.284,30.74,2.392
2011-05-20,31.941,1.509,42.66,2.149
2011-05-21,30.674,1.445,48.73,2.228
2011-05-22,29.084,0.746,50.11,0.748
2011-05-23,30.4,0.005,39.41,1.197
2011-05-24,32.366,0.126,34.07,0.982
2011-05-25,33.034,0.163,33.48,0.384
2011-05-26,32.309,1.68,38.55,0.621
2011-05-27,30.343,0.356,48.22,0.406
2011-05-28,31.616,0.088,42.22,0.907
2011-05-29,31.67,0.976,39.87,0.815
2011-05-30,32.102,1.309,37.16,1.287
2011-05-31,31.687,2.267,43.99,1.938
2011-06-01,26.18,16.484,66.6,2.366
2011-06-02,27.063,0.044,52.46,0.939
2011-06-03,29.467,0.006,40.06,1.278
2011-06-04,30.557,0.001,41.4,0.32
2011-06-05,31.468,1.196,39.18,1.181
2011-06-06,32.042,0.258,38.42,1.101
2011-06-07,32.283,0.966,39.57,1.858
2011-06-08,32.038,0.448,42.26,2.044
2011-06-09,31.366,1.539,46.01,1.799
2011-06-10,31.535,0.161,49.63,1.532
2011-06-11,32.319,1.453,46.5,1.131
2011-06-12,32.061,0.578,49.08,0.849
2011-06-13,32.856,0.522,45.78,0.734
2011-06-14,34.014,0.065,38.54,0.466
2011-06-15,33.017,1.374,49.8,2.095
2011-06-16,32.508,1.685,54.29,1.317
2011-06-17,29.718,8.437,69.2,1.637
2011-06-18,28.713,1.942,72.58,0.875
2011-06-19,30.761,0.345,63.62,0.373
2011-06-20,30.216,2.792,68.48,1.273
2011-06-21,32.07,0.077,58.27,0.464
2011-06-22,33.269,0.329,53.72,1.092
2011-06-23,32.243,2.284,60.92,1.608
2011-06-24,31.851,5.496,65.36,1.377
2011-06-25,30.556,13.364,69.95,2.14
2011-06-26,28.428,4.518,77.84,2.149
2011-06-27,29.662,4.626,71.79,1.576
2011-06-28,28.358,4.96,78.06,1.365
2011-06-29,26.917,11.64,82.63,1.29
2011-06-30,28.259,2.62,75.34,0.923
2011-07-01,27.432,2.128,80.47,0.379
2011-07-02,28.988,2.078,73.75,0.428
2011-07-03,28.664,3.464,74.48,0.506
2011-07-04,29.991,0.457,71.03,0.863
2011-07-05,30.998,0.597,66.31,0.316
2011-07-06,29.69,1.311,72.66,1.676
2011-07-07,28.948,9.458,75.15,1.577
2011-07-08,26.54,19.744,85.78,1.377
2011-07-09,27.57,4.818,80.54,1.498
2011-07-10,28.196,2.572,78.4,1.126
2011-07-11,29.416,0.89,73.42,0.287
2011-07-12,30.399,0.411,70.83,0.647
2011-07-13,30.244,7.609,74.88,1.018
2011-07-14,28.172,29.131,81.26,1.45
2011-07-15,26.511,30.332,86.95,1.954
2011-07-16,27.042,5.37,82.96,1.202
2011-07-17,28.26,0.755,77.48,1.097
2011-07-18,28.871,1.373,79.44,0.171
2011-07-19,29.318,1.758,79.0,0.076
2011-07-20,30.526,2.282,75.09,0.908
2011-07-21,29.115,1.441,79.06,1.995
2011-07-22,29.633,0.812,77.26,1.019
2011-07-23,28.688,2.735,80.31,2.256
2011-07-24,27.455,5.498,80.74,2.045
2011-07-25,26.728,15.872,85.75,1.519
2011-07-26,28.579,0.415,76.52,0.317
2011-07-27,29.175,7.782,78.64,0.905
2011-07-28,27.913,4.628,85.51,1.349
2011-07-29,27.749,4.534,85.19,0.496
2011-07-30,28.778,1.347,81.2,0.259
2011-07-31,29.415,1.459,78.88,0.13
2011-08-01,30.295,1.269,77.07,0.227
2011-08-02,30.274,0.888,76.65,0.338
2011-08-03,29.85,3.158,76.46,1.083
2011-08-04,28.091,8.137,83.28,0.949
2011-08-05,28.552,4.886,83.11,0.579
2011-08-06,28.632,11.686,83.17,1.044
2011-08-07,28.181,17.535,84.52,1.671
2011-08-08,26.327,51.183,86.68,2.083
2011-08-09,28.411,4.287,77.42,0.999
2011-08-10,27.876,5.045,83.93,1.149
2011-08-11,27.915,3.768,81.98,0.899
2011-08-12,26.581,10.1,84.01,1.634
2011-08-13,25.176,9.286,86.29,2.01
2011-08-14,26.128,11.896,85.61,0.526
2011-08-15,24.964,18.015,89.06,0.854
2011-08-16,26.168,1.587,82.26,0.384
2011-08-17,26.714,2.96,83.53,0.746
2011-08-18,27.436,2.347,83.88,0.655
2011-08-19,27.331,4.798,83.59,1.348
2011-08-20,26.619,4.963,85.01,0.86
2011-08-21,28.528,0.111,77.06,0.111
2011-08-22,29.219,3.226,80.84,0.13
2011-08-23,28.176,21.905,84.88,0.986
2011-08-24,25.084,7.921,95.0,2.086
2011-08-25,27.689,1.261,82.71,0.633
2011-08-26,27.745,11.478,84.75,0.401
2011-08-27,26.721,6.516,87.57,1.236
2011-08-28,26.723,6.859,86.9,0.434
2011-08-29,27.689,1.455,82.09,0.369
2011-08-30,28.188,1.219,82.28,0.183
2011-08-31,28.564,7.353,80.41,0.482
2011-09-01,27.496,5.17,84.51,0.318
2011-09-02,28.311,1.972,80.99,0.443
2011-09-03,27.767,3.258,83.58,0.534
2011-09-04,28.271,1.937,81.29,0.409
2011-09-05,27.785,1.848,85.17,0.378
2011-09-06,27.956,7.956,83.95,0.222
2011-09-07,27.51,5.712,83.64,0.232
2011-09-08,27.034,14.612,85.83,0.133
2011-09-09,26.12,10.739,88.51,1.548
2011-09-10,27.25,1.966,84.36,0.344
2011-09-11,27.754,1.474,82.7,0.869
2011-09-12,27.376,2.448,82.86,1.082
2011-09-13,27.686,7.235,83.32,0.192
2011-09-14,27.266,8.506,84.71,0.539
2011-09-15,25.588,29.693,89.34,0.703
2011-09-16,24.228,23.125,90.06,1.166
2011-09-17,25.902,1.12,82.59,1.112
2011-09-18,26.303,0.198,80.51,0.462
2011-09-19,25.725,0.733,80.91,0.624
2011-09-20,26.025,0.025,76.88,1.095
2011-09-21,26.155,0.015,76.24,0.451
2011-09-22,26.361,0.216,76.01,0.503
2011-09-23,26.045,0.079,74.71,0.754
2011-09-24,26.113,0.002,74.4,0.16
2011-09-25,26.278,0.139,74.27,0.18
2011-09-26,26.106,0.355,72.6,0.472
2011-09-27,25.929,2.085,78.81,0.451
2011-09-28,25.768,1.867,80.96,0.537
2011-09-29,25.96,1.584,80.92,0.541
2011-09-30,26.178,1.005,77.8,0.339
2011-10-01,25.995,0.769,78.99,0.214
2011-10-02,25.834,1.402,80.36,1.023
2011-10-03,26.305,0.217,76.13,0.92
2011-10-04,26.568,0.492,73.43,0.963
2011-10-05,25.596,1.649,77.1,1.312
2011-10-06,25.247,0.89,77.53,0.466
2011-10-07,24.913,0.49,75.77,0.36
2011-10-08,24.263,0.032,69.6,0.597
2011-10-09,24.528,0.0,62.92,1.015
2011-10-10,24.245,0.002,64.64,0.608
2011-10-11,24.348,0.0,67.26,0.49
2011-10-12,24.264,0.001,66.85,0.531
2011-10-13,24.084,0.005,66.7,0.752
2011-10-14,23.995,0.1,58.61,1.314
2011-10-15,22.596,0.001,54.46,0.648
2011-10-16,22.479,0.004,58.71,0.835
2011-10-17,22.805,0.003,57.74,0.934
2011-10-18,22.914,0.0,55.28,0.965
2011-10-19,22.696,0.001,55.19,0.791
2011-10-20,22.399,0.044,51.05,0.751
2011-10-21,21.947,0.02,51.36,1.0
2011-10-22,21.818,0.088,57.14,1.099
2011-10-23,19.886,2.681,64.48,2.476
2011-10-24,20.912,0.001,54.9,1.522
2011-10-25,20.625,0.001,56.62,0.766
2011-10-26,20.797,0.001,56.89,0.903
2011-10-27,20.214,0.001,59.38,0.411
2011-10-28,20.043,0.001,63.08,0.668
2011-10-29,20.593,0.004,64.68,0.56
2011-10-30,20.684,0.001,63.95,0.437
2011-10-31,20.512,0.15,64.12,0.863
2011-11-01,20.783,0.002,64.04,0.875
2011-11-02,20.862,0.007,64.57,0.866
2011-11-03,20.805,0.001,62.71,0.678
2011-11-04,19.806,1.004,68.3,0.966
2011-11-05,20.282,0.003,55.45,1.286
2011-11-06,19.355,0.0,58.5,0.71
2011-11-07,18.893,0.0,60.84,0.524
2011-11-08,19.333,0.002,59.43,1.098
2011-11-09,21.258,0.001,60.82,1.679
2011-11-10,21.767,0.227,65.76,1.183
2011-11-11,21.933,0.029,60.79,1.271
2011-11-12,20.317,0.001,62.39,0.406
2011-11-13,19.925,0.003,63.9,0.691
2011-11-14,19.225,0.001,64.4,0.515
2011-11-15,19.211,0.003,61.04,1.342
2011-11-16,18.964,0.003,54.63,1.383
2011-11-17,18.444,0.0,57.38,0.59
2011-11-18,18.868,0.002,62.64,0.619
2011-11-19,19.23,0.001,65.66,0.78
2011-11-20,19.042,0.002,69.04,0.27
2011-11-21,18.909,0.0,70.74,0.62
2011-11-22,18.731,0.003,75.11,0.944
2011-11-23,19.594,0.001,74.41,0.337
2011-11-24,19.299,0.005,77.55,0.315
2011-11-25,18.343,0.001,76.66,0.535
2011-11-26,17.72,0.004,72.99,0.233
2011-11-27,16.828,0.006,73.88,0.571
2011-11-28,16.623,0.0,64.69,1.877
2011-11-29,16.142,0.002,60.91,1.497
2011-11-30,15.514,0.0,64.09,0.572
2011-12-01,15.624,0.075,69.79,1.322
2011-12-02,16.444,0.0,68.12,1.007
2011-12-03,16.69,0.001,63.67,1.126
2011-12-04,16.36,0.0,63.31,0.347
2011-12-05,15.859,0.0,62.88,0.669
2011-12-06,16.37,2.053,62.32,0.894
2011-12-07,17.17,0.164,71.45,1.036
2011-12-08,17.648,18.851,76.37,1.233
2011-12-09,15.939,2.283,79.28,0.495
2011-12-10,14.567,0.003,67.44,1.251
2011-12-11,13.305,0.0,65.71,0.191
2011-12-12,13.161,0.002,69.36,0.357
2011-12-13,12.339,0.002,62.12,1.311
2011-12-14,11.832,0.001,65.24,0.107
2011-12-15,11.944,0.001,65.2,0.637
2011-12-16,11.917,0.0,63.39,0.795
2011-12-17,11.913,0.001,64.01,0.408
2011-12-18,11.461,0.0,68.18,0.357
2011-12-19,12.325,0.099,69.3,0.261
2011-12-20,12.361,1.298,70.49,1.546
2011-12-21,12.92,0.095,68.4,0.829
2011-12-22,11.458,0.0,67.02,1.231
2011-12-23,10.354,0.0,63.18,1.069
2011-12-24,10.358,0.001,62.65,0.875
2011-12-25,10.988,0.0,62.04,0.352
2011-12-26,11.24,0.001,65.75,0.19
2011-12-27,11.293,0.0,69.85,0.613
2011-12-28,12.035,0.002,70.97,0.557
2011-12-29,11.892,0.001,71.56,1.032
2011-12-30,11.98,0.001,68.28,0.268
2011-12-31,11.975,0.002,71.12,0.378
2012-01-01,12.149,0.024,72.66,0.168
2012-01-02,12.659,0.057,76.0,0.259
2012-01-03,12.255,0.01,72.25,0.205
2012-01-04,11.737,1.733,78.7,0.942
2012-01-05,12.191,5.16,78.15,1.916
2012-01-06,10.862,30.802,86.98,3.006
2012-01-07,8.812,2.261,85.06,1.672
2012-01-08,9.616,0.268,71.99,0.744
2012-01-09,9.355,0.296,78.24,0.755
2012-01-10,8.47,0.001,73.03,1.233
2012-01-11,8.634,0.001,66.14,0.884
2012-01-12,8.679,0.001,65.35,0.762
2012-01-13,9.203,0.069,62.54,0.624
2012-01-14,11.046,2.168,65.89,0.767
2012-01-15,11.178,31.585,87.04,2.298
2012-01-16,11.004,14.317,92.51,1.411
2012-01-17,10.679,0.384,84.14,0.785
2012-01-18,9.542,3.29,85.99,0.743
2012-01-19,8.355,1.449,83.02,1.187
2012-01-20,8.143,0.032,75.94,1.557
2012-01-21,8.906,0.004,66.44,1.35
2012-01-22,9.548,0.086,69.41,1.602
2012-01-23,10.163,0.001,68.49,1.664
2012-01-24,9.836,0.049,71.52,1.224
2012-01-25,10.831,0.216,69.09,0.836
2012-01-26,10.719,0.005,69.31,1.321
2012-01-27,10.519,0.002,69.16,0.455
2012-01-28,10.509,0.002,70.3,0.461
2012-01-29,10.53,0.0,67.48,1.154
2012-01-30,10.581,0.0,67.03,0.284
2012-01-31,10.626,0.028,70.16,0.789
2012-02-01,11.688,0.001,66.69,1.12
2012-02-02,12.876,0.042,65.33,0.647
2012-02-03,11.786,0.095,76.65,1.282
2012-02-04,12.959,16.464,79.38,0.882
2012-02-05,12.311,12.931,82.53,1.313
2012-02-06,11.95,0.015,71.19,1.85
2012-02-07,9.947,0.133,69.4,1.196
2012-02-08,8.974,0.323,67.53,0.636
2012-02-09,9.168,0.003,66.58,1.587
2012-02-10,9.928,0.002,64.57,1.107
2012-02-11,12.08,1.369,66.33,0.482
2012-02-12,13.08,7.073,71.09,2.608
2012-02-13,12.694,11.741,78.43,2.71
2012-02-14,11.619,1.306,81.58,1.037
2012-02-15,11.009,0.135,72.02,0.783
2012-02-16,10.511,0.01,66.25,0.727
2012-02-17,11.981,0.002,62.97,1.371
2012-02-18,12.019,0.001,65.53,1.676
2012-02-19,12.318,1.327,75.37,1.363
2012-02-20,13.062,3.616,81.16,1.18
2012-02-21,15.186,3.686,77.2,1.683
2012-02-22,15.123,2.987,76.84,1.322
2012-02-23,12.976,0.357,69.56,1.54
2012-02-24,12.881,0.038,59.44,1.677
2012-02-25,12.199,0.008,57.74,1.591
2012-02-26,13.496,0.007,60.34,1.832
2012-02-27,14.861,0.113,63.03,0.69
2012-02-28,14.357,0.337,68.77,0.8
2012-02-29,14.722,0.002,64.85,1.243
2012-03-01,14.872,0.003,61.48,1.405
2012-03-02,15.444,0.003,55.48,1.024
2012-03-03,16.425,0.161,59.04,0.912
2012-03-04,19.217,3.89,57.98,2.731
2012-03-05,18.167,7.811,75.11,2.22
2012-03-06,16.299,0.289,69.61,1.073
2012-03-07,15.822,0.314,49.93,2.108
2012-03-08,13.511,0.313,51.53,1.142
2012-03-09,13.811,0.002,55.57,0.612
2012-03-10,13.937,0.024,56.11,1.485
2012-03-11,15.665,0.002,52.27,1.155
2012-03-12,17.93,0.447,48.33,0.941
2012-03-13,16.146,0.176,60.06,0.944
2012-03-14,15.961,0.015,56.72,1.39
2012-03-15,16.468,0.003,55.06,1.247
2012-03-16,18.015,0.019,56.45,0.797
2012-03-17,20.226,0.005,56.7,0.827
2012-03-18,21.784,0.001,58.16,0.728
2012-03-19,24.973,0.107,49.11,3.471
2012-03-20,19.013,0.848,37.72,1.539
2012-03-21,16.068,0.003,41.67,1.617
2012-03-22,17.839,0.002,47.32,1.657
2012-03-23,19.602,0.001,47.16,1.662
2012-03-24,20.986,0.002,47.65,1.157
2012-03-25,21.075,0.237,52.19,1.723
2012-03-26,21.84,1.496,47.1,1.383
2012-03-27,21.858,0.022,46.53,1.344
2012-03-28,21.827,0.022,46.06,2.091
2012-03-29,21.851,0.001,45.38,1.065
2012-03-30,22.84,0.0,46.52,0.758
2012-03-31,24.764,0.003,48.45,1.272
2012-04-01,25.628,0.015,47.6,1.266
2012-04-02,26.051,0.013,45.16,1.081
2012-04-03,25.207,1.359,46.12,1.2
2012-04-04,25.109,0.035,39.08,0.898
2012-04-05,24.464,1.029,36.37,1.183
2012-04-06,24.306,0.72,38.36,0.956
2012-04-07,24.59,0.035,38.34,1.196
2012-04-08,25.798,0.043,37.15,1.105
2012-04-09,25.525,1.337,41.73,0.568
2012-04-10,24.09,2.881,47.44,2.747
2012-04-11,20.253,11.855,68.32,2.297
2012-04-12,22.482,0.245,48.71,1.304
2012-04-13,21.616,3.851,54.86,0.883
2012-04-14,20.799,2.125,58.34,1.35
2012-04-15,22.14,0.208,48.91,0.845
2012-04-16,22.017,0.463,53.6,1.011
2012-04-17,23.093,0.003,52.1,0.622
2012-04-18,24.411,0.023,49.53,0.784
2012-04-19,26.188,0.015,44.18,1.4
2012-04-20,26.071,5.823,49.43,0.327
2012-04-21,24.12,0.309,52.42,1.369
2012-04-22,23.214,2.169,56.37,0.967
2012-04-23,23.787,1.56,52.62,0.655
2012-04-24,25.138,0.377,45.22,0.424
2012-04-25,24.699,2.502,53.36,0.398
2012-04-26,24.924,1.095,51.68,1.112
2012-04-27,24.36,2.033,53.09,0.954
2012-04-28,23.943,1.659,52.1,0.485
2012-04-29,22.956,2.54,52.53,1.427
2012-04-30,23.445,1.994,45.55,1.058
2012-05-01,23.924,0.262,36.49,1.526
2012-05-02,24.717,0.004,32.67,1.807
2012-05-03,25.659,0.011,31.35,0.932
2012-05-04,26.856,0.037,28.78,1.359
2012-05-05,28.278,0.01,26.62,1.728
2012-05-06,28.018,0.064,32.81,1.349
2012-05-07,28.667,0.355,37.03,1.269
2012-05-08,29.79,0.256,31.77,0.732
2012-05-09,30.666,0.058,27.98,0.804
2012-05-10,30.615,0.495,31.03,0.76
2012-05-11,30.073,1.036,31.81,1.01
2012-05-12,29.644,0.61,30.74,1.693
2012-05-13,28.942,0.212,31.66,0.94
2012-05-14,29.12,0.509,28.47,0.811
2012-05-15,29.259,0.418,27.57,1.249
2012-05-16,30.891,0.004,24.22,1.165
2012-05-17,30.952,0.052,26.23,1.245
2012-05-18,31.051,0.215,26.11,0.97
2012-05-19,30.304,0.51,26.2,0.918
2012-05-20,31.284,0.359,22.83,1.299
2012-05-21,30.903,1.421,23.05,1.936
2012-05-22,30.046,0.042,23.98,1.89
2012-05-23,30.94,0.017,20.49,2.208
2012-05-24,32.265,0.0,19.4,2.771
2012-05-25,33.047,0.022,22.95,2.063
2012-05-26,31.701,0.565,26.28,1.76
2012-05-27,32.162,0.004,22.55,1.704
2012-05-28,32.663,0.004,23.01,0.83
2012-05-29,33.723,0.004,20.55,1.177
2012-05-30,34.455,0.001,19.7,0.93
2012-05-31,34.976,0.575,21.51,1.498
2012-06-01,34.918,0.311,20.16,1.661
2012-06-02,34.641,0.002,17.93,1.042
2012-06-03,34.132,0.004,18.4,1.067
2012-06-04,33.938,0.241,21.69,0.597
2012-06-05,33.815,0.401,27.4,1.44
2012-06-06,29.167,1.99,45.89,1.219
2012-06-07,30.206,1.968,39.69,0.429
2012-06-08,30.946,0.062,36.76,1.003
2012-06-09,32.019,0.03,30.57,1.122
2012-06-10,33.251,0.022,26.47,0.753
2012-06-11,32.479,0.143,29.44,0.681
2012-06-12,33.817,0.004,22.14,1.369
2012-06-13,33.478,0.024,25.65,1.278
2012-06-14,34.009,0.003,23.27,1.629
2012-06-15,34.593,0.002,21.86,1.145
2012-06-16,34.901,0.004,22.11,0.82
2012-06-17,35.485,0.012,23.02,0.54
2012-06-18,34.215,0.295,30.09,0.496
2012-06-19,34.227,0.013,29.56,1.025
2012-06-20,35.338,0.002,25.24,1.022
2012-06-21,35.865,0.001,27.2,0.662
2012-06-22,36.451,0.339,31.28,0.977
2012-06-23,34.811,0.484,41.12,0.874
2012-06-24,34.81,0.407,38.97,0.337
2012-06-25,32.586,0.7,45.32,0.597
2012-06-26,33.677,0.447,37.01,0.767
2012-06-27,32.218,0.685,44.18,0.497
2012-06-28,33.621,0.038,36.66,0.941
2012-06-29,33.503,0.114,37.12,0.611
2012-06-30,34.592,0.013,34.61,0.6
2012-07-01,35.565,0.001,33.37,0.946
2012-07-02,35.428,0.126,40.37,1.607
2012-07-03,35.013,1.598,49.62,2.255
2012-07-04,31.778,24.96,62.64,2.817
2012-07-05,29.744,13.358,71.12,2.374
2012-07-06,30.244,11.407,71.19,2.318
2012-07-07,28.021,4.552,76.54,2.471
2012-07-08,29.062,1.873,72.98,1.074
2012-07-09,30.04,0.696,69.81,1.1
2012-07-10,30.705,1.369,69.88,0.676
2012-07-11,28.838,8.566,77.96,1.24
2012-07-12,29.068,7.676,77.73,0.867
2012-07-13,28.517,8.584,77.85,0.587
2012-07-14,26.75,7.323,82.78,1.27
2012-07-15,27.968,7.522,80.86,0.771
2012-07-16,28.957,0.792,76.18,0.888
2012-07-17,30.756,0.516,71.04,0.302
2012-07-18,31.811,0.109,69.1,0.381
2012-07-19,30.785,2.369,71.69,1.014
2012-07-20,29.592,3.064,72.95,1.465
2012-07-21,29.327,1.067,75.52,1.097
2012-07-22,30.873,0.564,69.19,0.479
2012-07-23,30.828,5.776,71.62,1.329
2012-07-24,29.865,10.905,76.06,1.591
2012-07-25,29.056,6.048,80.18,1.751
2012-07-26,28.58,4.031,80.07,1.105
2012-07-27,29.879,1.916,74.09,0.657
2012-07-28,30.194,4.15,74.65,1.218
2012-07-29,28.631,6.5,80.64,1.569
2012-07-30,27.279,10.769,86.44,2.219
2012-07-31,27.767,8.702,85.84,2.13
2012-08-01,27.995,2.963,83.32,1.665
2012-08-02,29.147,2.337,81.71,1.45
2012-08-03,28.935,15.643,80.52,2.225
2012-08-04,27.549,8.51,79.0,2.755
2012-08-05,27.732,5.934,81.57,0.817
2012-08-06,28.887,0.475,78.23,0.39
2012-08-07,28.843,1.375,80.62,0.897
2012-08-08,28.452,2.759,83.21,0.7
2012-08-09,27.872,4.459,81.98,1.177
2012-08-10,26.964,3.194,84.76,0.661
2012-08-11,28.892,0.394,75.5,0.687
2012-08-12,27.403,6.514,85.27,0.536
2012-08-13,28.138,10.709,80.84,0.331
2012-08-14,27.47,3.783,84.02,0.613
2012-08-15,27.589,13.022,86.02,0.303
2012-08-16,28.276,8.555,84.26,0.56
2012-08-17,29.345,2.054,82.75,0.312
2012-08-18,29.169,3.716,83.08,0.752
2012-08-19,27.649,14.753,88.58,1.523
2012-08-20,26.233,51.428,93.37,1.26
2012-08-21,25.88,40.564,91.6,1.963
2012-08-22,25.44,15.051,90.21,2.014
2012-08-23,27.184,2.62,85.02,1.121
2012-08-24,27.142,11.676,86.64,0.967
2012-08-25,26.074,7.304,89.87,1.307
2012-08-26,27.34,2.379,83.05,1.226
2012-08-27,27.043,3.113,85.51,0.868
2012-08-28,27.247,2.479,83.5,0.5
2012-08-29,28.134,3.222,81.76,0.033
2012-08-30,27.716,8.986,84.29,0.261
2012-08-31,27.124,1.132,83.5,0.342
2012-09-01,28.258,1.015,82.44,0.41
2012-09-02,28.204,5.678,83.45,1.021
2012-09-03,26.003,8.251,87.56,1.402
2012-09-04,26.701,13.294,84.02,1.331
2012-09-05,27.417,4.13,79.55,1.028
2012-09-06,27.517,0.292,76.52,1.147
2012-09-07,27.692,0.947,79.91,0.628
2012-09-08,26.036,11.846,86.72,1.128
2012-09-09,26.865,0.45,80.59,1.122
2012-09-10,27.974,0.464,79.97,0.592
2012-09-11,27.993,7.553,83.08,0.558
2012-09-12,27.64,5.977,82.9,0.346
2012-09-13,27.709,8.452,85.24,0.652
2012-09-14,26.901,7.038,86.37,0.631
2012-09-15,26.542,2.527,85.23,0.544
2012-09-16,26.266,11.244,86.77,0.589
2012-09-17,25.162,21.59,88.53,1.403
2012-09-18,23.82,25.967,90.47,1.098
2012-09-19,24.933,1.312,83.11,0.471
2012-09-20,25.844,0.011,76.85,1.169
2012-09-21,25.796,0.047,77.73,0.523
2012-09-22,26.001,1.457,76.96,0.442
2012-09-23,25.488,0.111,73.79,0.355
2012-09-24,25.212,0.014,73.83,0.348
2012-09-25,25.263,0.013,75.15,0.293
2012-09-26,25.526,0.0,72.44,0.912
2012-09-27,25.362,0.003,72.08,1.047
2012-09-28,25.297,0.001,71.71,0.404
2012-09-29,25.922,0.003,71.26,0.59
2012-09-30,25.632,0.001,69.11,0.344
2012-10-01,25.335,0.002,70.73,0.469
2012-10-02,25.628,0.002,70.23,0.559
2012-10-03,25.492,0.004,67.5,0.507
2012-10-04,24.827,0.007,64.03,0.84
2012-10-05,24.257,0.003,60.86,0.775
2012-10-06,24.513,0.001,63.94,0.85
2012-10-07,23.822,0.002,65.91,0.783
2012-10-08,23.784,0.007,62.81,0.949
2012-10-09,23.674,0.029,60.38,0.643
2012-10-10,22.871,0.761,60.4,1.029
2012-10-11,22.623,0.397,58.18,0.719
2012-10-12,22.601,0.026,58.11,0.756
2012-10-13,22.583,0.541,59.24,1.069
2012-10-14,23.249,0.01,55.08,1.019
2012-10-15,20.913,0.348,68.81,0.976
2012-10-16,21.055,0.44,62.67,1.088
2012-10-17,21.414,0.001,59.18,0.983
2012-10-18,21.59,0.001,58.04,0.881
2012-10-19,21.757,0.001,59.55,0.839
2012-10-20,20.717,0.844,65.86,1.097
2012-10-21,21.019,0.001,58.14,1.253
2012-10-22,20.216,0.491,59.25,0.438
2012-10-23,19.539,1.206,61.35,0.717
2012-10-24,19.267,0.003,59.12,1.119
2012-10-25,18.919,0.0,57.54,0.849
2012-10-26,19.122,0.001,60.6,0.734
2012-10-27,19.396,0.003,62.03,0.837
2012-10-28,20.021,0.002,65.53,0.79
2012-10-29,20.536,0.0,66.96,0.796
2012-10-30,20.96,0.0,66.52,0.644
2012-10-31,20.937,0.001,68.51,0.871
2012-11-01,20.727,0.003,67.45,0.807
2012-11-02,20.43,0.003,66.85,0.785
2012-11-03,20.217,0.0,64.45,0.589
2012-11-04,19.648,0.015,65.76,0.737
2012-11-05,19.286,0.093,65.52,0.851
2012-11-06,19.26,0.0,59.2,0.869
2012-11-07,18.934,0.001,61.76,0.83
2012-11-08,18.627,0.001,63.78,0.664
2012-11-09,18.617,0.001,63.96,0.861
2012-11-10,18.04,0.338,65.11,0.917
2012-11-11,18.177,0.0,62.48,0.903
2012-11-12,18.216,0.003,66.88,0.894
2012-11-13,18.28,0.009,69.84,1.136
2012-11-14,17.604,0.0,68.16,0.665
2012-11-15,17.607,0.0,67.43,0.757
2012-11-16,17.482,0.001,69.64,0.57
2012-11-17,17.607,0.0,67.28,1.132
2012-11-18,17.223,0.058,64.62,1.247
2012-11-19,16.971,0.002,58.76,1.228
2012-11-20,16.466,0.0,58.25,1.1
2012-11-21,15.86,0.0,62.69,0.549
2012-11-22,15.72,0.001,61.88,0.666
2012-11-23,15.476,0.009,63.3,0.508
2012-11-24,15.011,0.389,66.38,0.717
2012-11-25,15.272,0.002,56.81,1.257
2012-11-26,14.808,0.001,60.19,1.157
2012-11-27,14.599,0.003,58.51,0.972
2012-11-28,14.58,0.799,64.97,0.715
2012-11-29,13.604,5.245,77.56,1.925
2012-11-30,13.053,0.0,68.57,1.578
2012-12-01,12.927,0.001,63.01,0.979
2012-12-02,13.153,0.002,66.89,0.552
2012-12-03,13.387,0.002,66.87,1.096
2012-12-04,13.724,0.001,63.56,0.981
2012-12-05,13.962,0.001,63.6,0.661
2012-12-06,14.086,0.001,63.03,1.351
2012-12-07,14.171,0.001,65.37,0.914
2012-12-08,14.981,0.001,65.51,0.623
2012-12-09,15.167,0.0,64.62,0.544
2012-12-10,14.717,0.005,69.81,1.285
2012-12-11,12.709,3.143,76.17,2.183
2012-12-12,13.301,0.002,66.69,0.961
2012-12-13,13.139,25.438,77.25,2.087
2012-12-14,13.323,5.118,78.15,2.254
2012-12-15,13.359,0.253,76.92,1.0
2012-12-16,13.322,0.014,72.67,1.633
2012-12-17,13.734,0.14,64.34,1.532
2012-12-18,14.141,0.129,63.43,2.005
2012-12-19,11.811,0.001,67.54,1.849
2012-12-20,10.923,0.002,67.11,1.439
2012-12-21,11.217,0.001,68.74,1.088
2012-12-22,11.538,0.0,68.06,0.689
2012-12-23,11.127,0.0,74.48,0.876
2012-12-24,11.496,0.001,77.04,1.033
2012-12-25,11.494,0.001,79.67,0.421
2012-12-26,10.464,0.011,81.08,0.454
2012-12-27,11.371,1.78,81.71,1.108
2012-12-28,12.713,14.109,77.82,2.86
2012-12-29,11.135,3.623,82.53,0.329
2012-12-30,9.212,0.019,85.49,0.816
