date,temp_c,precip_mm,humidity_pct,wind_speed_ms
2000-01-01,15.924,0.0,48.6,1.69
2000-01-02,15.968,0.002,47.42,1.304
2000-01-03,16.168,0.0,45.16,0.646
2000-01-04,16.241,0.002,44.14,0.766
2000-01-05,15.903,0.003,44.44,0.769
2000-01-06,16.689,0.0,40.31,0.12
2000-01-07,17.749,0.001,34.21,0.572
2000-01-08,17.685,0.001,35.65,1.264
2000-01-09,17.986,0.002,48.62,1.733
2000-01-10,18.644,0.0,53.07,0.369
2000-01-11,18.512,0.0,44.35,1.243
2000-01-12,17.43,0.0,54.3,2.654
2000-01-13,14.118,0.003,52.82,1.888
2000-01-14,12.861,0.001,32.85,1.413
2000-01-15,11.607,0.0,22.87,2.057
2000-01-16,10.833,0.001,31.16,2.798
2000-01-17,12.049,0.001,35.03,2.184
2000-01-18,16.481,0.001,32.23,0.295
2000-01-19,17.544,0.001,32.62,1.803
2000-01-20,17.569,0.0,28.85,1.452
2000-01-21,18.057,0.002,53.44,2.163
2000-01-22,18.595,0.002,59.62,1.127
2000-01-23,18.502,0.002,43.79,1.064
2000-01-24,18.276,0.001,41.09,0.741
2000-01-25,19.032,0.001,44.18,2.053
2000-01-26,17.486,0.078,54.52,1.589
2000-01-27,14.466,0.0,47.0,2.822
2000-01-28,13.406,0.001,38.47,2.229
2000-01-29,16.363,0.0,26.45,0.752
2000-01-30,18.246,0.001,24.88,1.457
2000-01-31,18.357,0.001,32.04,3.4
2000-02-01,17.129,0.003,36.24,2.352
2000-02-02,17.266,0.001,35.99,1.266
2000-02-03,17.969,0.002,51.99,1.072
2000-02-04,17.663,0.35,52.56,3.202
2000-02-05,13.607,0.005,51.94,2.036
2000-02-06,14.204,0.001,45.51,1.429
2000-02-07,14.186,0.0,46.67,1.595
2000-02-08,15.106,0.002,43.61,0.963
2000-02-09,16.305,0.001,41.96,0.609
2000-02-10,17.977,0.632,50.76,2.981
2000-02-11,14.093,0.008,45.81,2.111
2000-02-12,13.592,0.001,28.68,1.094
2000-02-13,13.016,0.001,36.6,2.424
2000-02-14,12.751,0.0,31.42,2.32
2000-02-15,15.174,0.002,30.66,0.571
2000-02-16,16.665,0.002,29.68,1.567
2000-02-17,16.313,0.001,22.04,2.083
2000-02-18,17.313,0.002,23.96,0.483
2000-02-19,17.256,0.003,28.36,1.803
2000-02-20,17.631,0.0,29.46,0.69
2000-02-21,17.331,0.0,33.11,1.878
2000-02-22,18.16,0.014,40.54,3.209
2000-02-23,18.344,0.002,34.99,2.733
2000-02-24,17.289,0.0,26.32,1.731
2000-02-25,17.886,0.001,19.81,1.025
2000-02-26,18.774,0.0,19.95,1.073
2000-02-27,19.985,0.001,23.44,1.386
2000-02-28,21.641,0.002,27.49,2.182
2000-02-29,23.973,0.0,26.11,3.058
2000-03-01,25.009,0.001,31.09,3.528
2000-03-02,23.749,0.0,30.18,2.567
2000-03-03,23.518,0.001,26.83,3.797
2000-03-04,21.07,0.002,31.38,3.766
2000-03-05,19.162,0.0,11.92,1.499
2000-03-06,19.921,0.001,15.17,1.02
2000-03-07,20.204,0.001,17.64,1.665
2000-03-08,19.015,0.0,23.15,2.647
2000-03-09,19.705,0.0,19.78,1.102
2000-03-10,22.545,0.001,20.24,3.169
2000-03-11,23.776,0.003,36.85,3.504
2000-03-12,22.095,0.0,32.63,3.638
2000-03-13,20.576,0.0,20.58,2.82
2000-03-14,20.443,0.0,17.73,1.689
2000-03-15,21.677,0.002,17.97,0.312
2000-03-16,22.677,0.0,26.84,2.229
2000-03-17,23.13,0.001,34.17,2.756
2000-03-18,22.46,0.0,14.23,2.284
2000-03-19,22.384,0.0,12.68,1.459
2000-03-20,23.348,0.0,15.62,1.417
2000-03-21,24.212,0.002,21.74,2.921
2000-03-22,21.536,0.21,29.24,2.518
2000-03-23,20.411,0.001,25.67,2.112
2000-03-24,21.292,0.002,20.85,2.621
2000-03-25,22.571,0.0,25.5,1.942
2000-03-26,24.287,0.0,23.1,1.483
2000-03-27,25.059,0.001,18.08,2.093
2000-03-28,26.287,0.002,14.2,1.915
2000-03-29,27.038,0.0,15.07,1.236
2000-03-30,28.515,0.0,16.83,1.826
2000-03-31,28.074,0.0,18.36,2.931
2000-04-01,27.564,0.0,19.13,2.333
2000-04-02,27.499,0.0,19.82,1.391
2000-04-03,28.516,0.001,15.24,1.545
2000-04-04,28.484,0.001,13.88,2.333
2000-04-05,27.909,0.0,10.41,2.661
2000-04-06,28.191,0.001,9.48,1.415
2000-04-07,29.011,0.001,11.58,1.566
2000-04-08,28.332,0.0,11.94,3.144
2000-04-09,29.378,0.0,13.61,1.989
2000-04-10,29.986,0.001,13.95,3.066
2000-04-11,31.281,0.001,14.79,2.527
2000-04-12,31.731,0.001,14.47,2.284
2000-04-13,31.794,0.015,16.26,2.825
2000-04-14,31.201,0.001,20.56,3.829
2000-04-15,30.487,0.002,21.18,2.755
2000-04-16,31.009,0.343,21.41,2.108
2000-04-17,31.086,0.008,19.55,2.564
2000-04-18,32.129,0.001,16.86,2.699
2000-04-19,32.132,0.002,12.53,3.604
2000-04-20,31.673,0.002,10.79,4.133
2000-04-21,31.024,0.0,16.58,4.274
2000-04-22,27.007,6.91,50.61,2.761
2000-04-23,29.569,0.432,35.41,2.767
2000-04-24,30.876,0.001,36.05,3.615
2000-04-25,31.754,0.003,32.43,4.538
2000-04-26,32.72,0.0,30.19,4.76
2000-04-27,32.693,0.0,30.19,4.253
2000-04-28,32.672,0.04,29.69,4.638
2000-04-29,32.45,0.0,25.71,3.922
2000-04-30,32.732,0.002,22.47,3.377
2000-05-01,33.241,0.001,22.17,3.866
2000-05-02,33.459,0.001,17.98,3.921
2000-05-03,33.877,0.001,19.53,3.501
2000-05-04,32.999,0.0,19.01,3.507
2000-05-05,32.769,0.001,22.22,2.681
2000-05-06,32.293,2.83,29.38,2.431
2000-05-07,29.961,2.216,40.53,1.533
2000-05-08,29.365,3.38,45.8,2.219
2000-05-09,30.958,0.528,34.31,3.225
2000-05-10,30.271,1.882,44.48,2.972
2000-05-11,30.267,1.727,45.44,2.97
2000-05-12,29.008,1.812,55.0,2.842
2000-05-13,29.389,0.786,47.23,2.73
2000-05-14,29.262,0.264,47.3,3.123
2000-05-15,30.319,0.002,45.47,3.565
2000-05-16,30.442,0.021,48.07,3.56
2000-05-17,30.135,2.11,51.94,2.979
2000-05-18,29.149,7.241,60.03,2.129
2000-05-19,30.119,1.268,56.0,2.34
2000-05-20,30.92,0.012,42.32,3.341
2000-05-21,31.147,0.003,41.0,3.916
2000-05-22,31.59,0.001,38.48,4.268
2000-05-23,31.539,0.0,38.01,4.549
2000-05-24,31.365,0.0,39.26,4.596
2000-05-25,31.159,0.001,40.71,5.133
2000-05-26,31.602,0.001,40.54,5.109
2000-05-27,31.456,0.002,39.21,4.203
2000-05-28,32.021,0.005,33.98,3.64
2000-05-29,32.391,0.071,42.25,4.015
2000-05-30,32.04,0.302,46.63,4.036
2000-05-31,31.54,0.237,49.73,3.739
2000-06-01,32.37,0.125,42.37,3.725
2000-06-02,32.889,0.001,34.76,3.48
2000-06-03,33.42,0.009,35.4,3.007
2000-06-04,33.511,0.001,33.55,2.855
2000-06-05,33.529,0.081,33.69,1.811
2000-06-06,33.491,0.636,38.26,2.847
2000-06-07,31.373,0.2,50.9,1.88
2000-06-08,32.888,0.003,37.98,1.599
2000-06-09,33.09,0.007,32.71,2.994
2000-06-10,31.986,0.0,39.9,4.052
2000-06-11,31.091,0.135,48.12,4.09
2000-06-12,31.061,0.145,48.75,4.179
2000-06-13,30.384,0.043,49.71,4.6
2000-06-14,30.076,0.024,49.37,5.137
2000-06-15,30.448,0.007,47.91,5.326
2000-06-16,30.296,0.003,46.14,5.213
2000-06-17,30.364,0.002,42.83,4.605
2000-06-18,30.858,0.001,39.47,3.631
2000-06-19,32.108,0.001,31.39,3.602
2000-06-20,31.527,0.001,34.72,3.478
2000-06-21,31.024,0.002,39.33,4.311
2000-06-22,30.239,0.003,42.59,4.435
2000-06-23,30.408,0.0,43.15,3.94
2000-06-24,29.913,0.006,46.37,4.844
2000-06-25,29.763,0.01,45.94,5.282
2000-06-26,29.733,0.014,44.35,5.042
2000-06-27,30.054,0.002,41.59,3.994
2000-06-28,31.059,0.0,41.74,3.093
2000-06-29,32.035,0.031,42.02,2.265
2000-06-30,31.015,2.708,51.28,0.88
2000-07-01,29.168,8.195,66.36,0.187
2000-07-02,27.58,20.628,75.37,1.201
2000-07-03,25.527,25.918,86.83,1.399
2000-07-04,26.312,14.929,83.47,0.746
2000-07-05,27.83,1.41,74.99,1.372
2000-07-06,28.472,0.09,69.84,3.075
2000-07-07,27.621,0.15,73.45,3.132
2000-07-08,28.155,0.159,68.61,3.017
2000-07-09,28.172,0.243,69.58,3.245
2000-07-10,28.016,0.086,69.12,3.295
2000-07-11,28.48,0.589,64.14,2.363
2000-07-12,24.885,27.19,88.75,2.484
2000-07-13,25.197,8.206,87.95,1.869
2000-07-14,24.091,40.114,95.78,1.216
2000-07-15,23.523,32.643,94.44,3.703
2000-07-16,23.623,19.322,91.31,4.063
2000-07-17,25.051,2.688,83.11,4.195
2000-07-18,24.956,1.769,80.73,4.134
2000-07-19,24.635,0.598,78.61,3.714
2000-07-20,22.848,43.812,92.42,4.03
2000-07-21,22.326,18.0,93.36,5.015
2000-07-22,22.284,13.707,89.73,4.784
2000-07-23,23.489,2.104,82.57,5.051
2000-07-24,24.636,0.104,72.61,4.514
2000-07-25,25.002,0.025,72.17,3.805
2000-07-26,25.095,0.008,72.08,3.591
2000-07-27,25.08,0.0,72.81,2.9
2000-07-28,25.672,0.0,71.4,2.348
2000-07-29,26.38,0.123,72.03,2.152
2000-07-30,25.183,1.657,75.04,2.456
2000-07-31,25.818,0.003,70.21,3.615
2000-08-01,25.198,0.03,68.87,4.39
2000-08-02,25.312,0.328,70.45,4.173
2000-08-03,25.391,0.533,70.94,3.716
2000-08-04,25.28,0.53,71.68,3.267
2000-08-05,25.709,0.001,67.6,3.264
2000-08-06,25.625,0.001,67.4,2.74
2000-08-07,26.168,0.001,65.21,2.606
2000-08-08,26.652,0.007,65.82,2.801
2000-08-09,26.508,0.012,66.28,2.387
2000-08-10,26.667,1.74,74.06,0.32
2000-08-11,25.896,7.154,82.79,1.447
2000-08-12,26.047,8.782,83.75,0.707
2000-08-13,24.783,11.215,88.15,2.27
2000-08-14,24.512,12.441,87.64,2.87
2000-08-15,23.321,7.335,92.95,2.805
2000-08-16,24.85,0.855,80.5,4.119
2000-08-17,25.233,0.602,77.43,3.815
2000-08-18,25.256,0.187,75.49,2.31
2000-08-19,25.227,3.285,79.84,1.83
2000-08-20,24.34,3.812,86.71,2.368
2000-08-21,24.598,5.503,88.01,1.322
2000-08-22,25.201,8.32,87.65,0.54
2000-08-23,25.573,4.211,85.71,0.744
2000-08-24,26.972,0.63,80.1,1.446
2000-08-25,27.588,0.401,76.18,3.167
2000-08-26,27.439,0.675,77.75,2.282
2000-08-27,26.602,6.481,81.53,1.554
2000-08-28,26.616,0.818,76.77,3.171
2000-08-29,26.202,0.297,74.14,4.319
2000-08-30,25.159,0.709,74.52,4.712
2000-08-31,25.046,0.894,75.47,4.344
2000-09-01,25.123,0.659,73.86,3.312
2000-09-02,25.365,0.156,72.71,2.667
2000-09-03,25.594,0.476,71.91,2.533
2000-09-04,23.79,6.847,84.54,2.694
2000-09-05,24.606,3.552,82.9,2.531
2000-09-06,25.418,0.028,72.03,2.732
2000-09-07,25.095,0.001,68.53,2.817
2000-09-08,24.746,0.0,69.29,2.909
2000-09-09,24.528,0.004,68.58,3.38
2000-09-10,24.399,0.153,69.41,3.278
2000-09-11,24.47,0.017,69.24,3.086
2000-09-12,24.955,0.024,65.24,2.496
2000-09-13,25.056,0.076,63.45,2.191
2000-09-14,25.782,0.129,58.02,2.131
2000-09-15,26.45,0.029,53.57,2.518
2000-09-16,26.574,0.018,50.54,2.688
2000-09-17,26.552,0.001,48.07,2.656
2000-09-18,25.572,0.0,52.05,2.656
2000-09-19,25.716,0.0,53.98,1.562
2000-09-20,26.792,0.001,50.21,0.604
2000-09-21,27.979,0.127,49.05,0.301
2000-09-22,27.362,2.544,61.48,1.055
2000-09-23,26.51,4.358,66.48,0.873
2000-09-24,27.441,0.135,55.52,0.395
2000-09-25,26.967,1.845,57.51,1.318
2000-09-26,27.45,0.778,53.34,1.377
2000-09-27,27.363,0.223,51.46,1.359
2000-09-28,28.473,0.0,37.97,1.468
2000-09-29,28.054,0.0,30.75,0.372
2000-09-30,28.001,0.002,32.6,1.267
2000-10-01,28.803,0.002,29.29,2.092
2000-10-02,28.956,0.002,27.04,1.026
2000-10-03,28.898,0.001,28.49,0.189
2000-10-04,29.418,0.0,27.81,0.733
2000-10-05,29.967,0.0,25.62,1.111
2000-10-06,29.74,0.0,27.58,0.911
2000-10-07,29.05,0.001,34.36,0.861
2000-10-08,28.833,0.004,35.42,1.185
2000-10-09,29.11,0.004,34.6,1.182
2000-10-10,27.878,1.483,40.17,0.03
2000-10-11,27.736,0.604,39.57,0.93
2000-10-12,27.018,0.474,42.21,0.896
2000-10-13,26.803,0.001,35.51,2.38
2000-10-14,26.401,0.0,24.64,2.331
2000-10-15,27.243,0.0,19.54,1.507
2000-10-16,27.606,0.001,18.73,1.354
2000-10-17,27.645,0.0,19.1,1.857
2000-10-18,27.703,0.001,20.83,1.012
2000-10-19,27.902,0.0,20.83,1.253
2000-10-20,26.925,0.0,20.94,2.115
2000-10-21,26.882,0.003,21.42,2.888
2000-10-22,26.902,0.0,23.21,3.011
2000-10-23,26.003,0.002,27.57,2.69
2000-10-24,25.935,0.0,37.13,2.109
2000-10-25,26.707,0.001,30.74,1.53
2000-10-26,26.765,0.0,24.03,1.2
2000-10-27,26.649,0.001,20.49,1.109
2000-10-28,26.759,0.002,17.48,1.552
2000-10-29,26.796,0.002,17.27,1.11
2000-10-30,26.076,0.003,18.94,1.389
2000-10-31,25.43,0.0,20.74,1.676
2000-11-01,24.896,0.003,21.81,1.089
2000-11-02,24.217,-0.0,23.29,1.538
2000-11-03,24.152,0.001,29.05,0.832
2000-11-04,24.359,0.001,30.1,0.405
2000-11-05,24.699,0.0,25.7,0.85
2000-11-06,23.717,0.003,27.15,1.918
2000-11-07,25.187,0.0,31.09,1.336
2000-11-08,25.624,0.0,30.09,0.487
2000-11-09,25.052,0.0,32.55,1.326
2000-11-10,24.092,0.001,29.37,1.679
2000-11-11,23.865,0.0,29.98,1.127
2000-11-12,23.676,0.001,31.4,0.404
2000-11-13,23.523,0.003,31.14,1.024
2000-11-14,23.051,0.002,29.59,1.681
2000-11-15,22.706,0.001,30.26,1.465
2000-11-16,23.366,0.0,33.59,1.095
2000-11-17,23.41,0.002,31.4,0.967
2000-11-18,22.067,0.0,26.12,2.205
2000-11-19,18.635,0.002,30.44,2.342
2000-11-20,19.464,0.001,30.27,1.134
2000-11-21,20.478,0.001,34.18,1.419
2000-11-22,21.104,0.001,35.33,1.28
2000-11-23,21.69,0.0,31.11,0.895
2000-11-24,21.041,0.0,36.02,2.379
2000-11-25,19.452,0.001,34.54,1.718
2000-11-26,19.855,0.0,29.65,0.769
2000-11-27,20.096,0.001,34.21,0.618
2000-11-28,18.049,0.001,39.83,2.668
2000-11-29,16.462,0.0,34.23,1.916
2000-11-30,16.002,0.0,25.59,2.096
2000-12-01,15.453,0.001,24.01,2.061
2000-12-02,15.618,0.001,14.68,1.83
2000-12-03,16.788,0.0,16.96,1.347
2000-12-04,18.751,0.001,15.62,0.694
2000-12-05,19.538,0.004,17.32,1.33
2000-12-06,19.975,0.0,18.55,0.975
2000-12-07,19.776,0.0,24.84,1.033
2000-12-08,20.772,0.0,26.41,1.246
2000-12-09,19.337,0.002,29.96,1.277
2000-12-10,18.592,0.0,30.85,0.648
2000-12-11,18.64,0.0,30.43,1.016
2000-12-12,18.792,0.001,31.05,0.375
2000-12-13,19.806,0.0,28.56,0.314
2000-12-14,20.132,0.001,27.68,0.303
2000-12-15,20.219,0.001,28.06,0.582
2000-12-16,20.467,0.002,29.69,1.132
2000-12-17,20.072,0.0,31.22,1.289
2000-12-18,18.835,0.001,45.46,1.666
2000-12-19,16.7,0.001,36.72,1.744
2000-12-20,16.474,0.001,30.05,1.3
2000-12-21,16.419,0.001,26.7,1.138
2000-12-22,17.564,0.0,26.45,0.643
2000-12-23,17.964,0.001,27.89,0.579
2000-12-24,17.879,0.001,29.36,0.931
2000-12-25,17.551,0.001,29.36,0.847
2000-12-26,17.181,0.001,27.55,1.164
2000-12-27,17.678,0.003,25.34,1.332
2000-12-28,18.044,0.001,25.74,0.673
2000-12-29,17.808,0.0,31.49,1.298
2000-12-30,16.506,0.589,47.55,2.79
2000-12-31,15.939,2.096,64.53,2.572
2001-01-01,13.417,0.003,56.28,2.317
2001-01-02,12.665,0.0,56.45,1.548
2001-01-03,13.706,0.0,52.14,1.04
2001-01-04,13.274,0.0,52.06,1.508
2001-01-05,13.515,0.001,43.96,1.25
2001-01-06,14.59,0.0,43.41,0.537
2001-01-07,14.867,0.003,37.09,1.108
2001-01-08,13.812,0.0,44.32,1.951
2001-01-09,13.16,0.002,41.64,1.598
2001-01-10,13.981,0.001,35.13,1.227
2001-01-11,15.728,0.002,34.79,0.79
2001-01-12,16.2,0.0,27.15,1.204
2001-01-13,15.432,0.0,33.02,1.328
2001-01-14,15.845,0.002,29.07,1.311
2001-01-15,16.753,0.003,33.35,1.928
2001-01-16,15.904,0.001,33.24,1.932
2001-01-17,17.051,0.0,38.95,1.5
2001-01-18,18.361,0.0,38.31,0.691
2001-01-19,19.038,0.0,30.64,1.026
2001-01-20,18.408,0.0,24.39,1.367
2001-01-21,16.852,0.001,30.11,2.305
2001-01-22,16.224,0.001,36.93,2.709
2001-01-23,14.757,0.002,13.6,1.828
2001-01-24,14.564,0.0,17.63,1.644
2001-01-25,16.284,0.001,13.63,0.632
2001-01-26,16.83,0.0,13.84,1.047
2001-01-27,17.608,0.001,16.49,1.353
2001-01-28,18.189,0.001,20.24,1.388
2001-01-29,19.806,0.001,22.26,1.32
2001-01-30,19.322,0.001,26.43,1.83
2001-01-31,17.517,0.0,25.71,1.872
2001-02-01,16.689,0.001,24.28,1.97
2001-02-02,14.62,-0.0,13.34,2.325
2001-02-03,15.423,0.0,12.32,0.673
2001-02-04,16.578,0.001,15.9,0.68
2001-02-05,17.059,0.003,25.94,1.591
2001-02-06,18.567,0.002,23.94,0.386
2001-02-07,19.133,0.002,17.86,0.843
2001-02-08,18.459,0.0,21.4,1.503
2001-02-09,19.718,0.002,20.46,1.226
2001-02-10,20.418,0.0,22.07,1.564
2001-02-11,20.15,0.001,17.64,0.494
2001-02-12,20.171,0.0,18.16,1.228
2001-02-13,21.307,0.001,26.53,2.246
2001-02-14,18.294,0.001,29.84,2.917
2001-02-15,17.175,0.002,39.85,2.277
2001-02-16,18.305,0.003,36.54,1.201
2001-02-17,19.823,0.002,33.84,0.362
2001-02-18,20.683,0.001,35.67,1.207
2001-02-19,21.311,0.001,32.04,0.835
2001-02-20,22.281,0.0,26.43,2.608
2001-02-21,21.524,0.001,19.48,1.2
2001-02-22,21.783,0.0,18.99,1.418
2001-02-23,23.727,0.0,25.68,3.367
2001-02-24,24.917,0.001,28.67,3.727
2001-02-25,21.751,0.002,37.73,2.946
2001-02-26,20.891,0.002,20.79,0.939
2001-02-27,20.6,0.002,15.22,1.335
2001-02-28,20.654,0.001,13.93,2.104
2001-03-01,20.038,0.001,23.44,2.787
2001-03-02,19.202,0.001,18.69,2.49
2001-03-03,21.111,0.0,17.5,1.592
2001-03-04,21.274,0.126,20.5,2.522
2001-03-05,20.299,0.001,13.8,1.979
2001-03-06,21.828,0.001,12.81,0.224
2001-03-07,22.409,0.0,12.96,0.976
2001-03-08,22.741,0.0,13.22,1.278
2001-03-09,23.873,0.001,13.43,0.764
2001-03-10,24.171,0.002,14.84,0.119
2001-03-11,24.521,0.001,15.62,0.867
2001-03-12,24.639,0.18,22.84,1.978
2001-03-13,24.225,1.341,34.41,2.232
2001-03-14,25.051,0.0,24.04,1.838
2001-03-15,24.774,0.0,27.47,1.33
2001-03-16,24.603,0.0,28.21,1.565
2001-03-17,25.219,0.0,16.06,1.063
2001-03-18,26.956,0.0,16.66,0.996
2001-03-19,27.723,0.001,21.43,1.866
2001-03-20,25.79,0.001,31.09,3.06
2001-03-21,24.868,0.002,25.5,2.083
2001-03-22,24.834,0.071,26.03,1.2
2001-03-23,25.359,0.0,23.0,0.694
2001-03-24,26.05,0.001,22.74,0.41
2001-03-25,26.477,0.0,21.65,2.592
2001-03-26,26.63,0.001,20.3,2.459
2001-03-27,27.484,0.0,27.12,3.104
2001-03-28,25.259,0.212,32.91,3.99
2001-03-29,23.77,0.001,24.41,2.942
2001-03-30,22.549,0.002,25.38,2.973
2001-03-31,23.85,0.001,23.94,2.026
2001-04-01,25.116,0.0,19.73,1.607
2001-04-02,25.815,0.001,15.77,0.891
2001-04-03,27.3,0.0,14.86,0.966
2001-04-04,28.59,0.001,13.61,0.938
2001-04-05,27.118,0.0,14.6,3.063
2001-04-06,27.879,0.001,14.63,2.338
2001-04-07,28.927,0.0,13.88,1.557
2001-04-08,29.153,0.001,8.63,2.868
2001-04-09,29.524,0.0,8.91,4.229
2001-04-10,29.053,0.001,14.85,3.465
2001-04-11,28.423,1.188,26.63,3.589
2001-04-12,27.568,2.212,27.65,3.143
2001-04-13,26.528,2.821,35.49,1.411
2001-04-14,26.921,1.222,33.19,0.687
2001-04-15,26.805,0.112,31.23,1.108
2001-04-16,26.672,0.389,31.46,0.655
2001-04-17,26.049,0.397,35.69,0.496
2001-04-18,26.536,0.568,36.13,1.032
2001-04-19,26.208,1.631,38.23,2.144
2001-04-20,26.117,0.0,32.92,1.916
2001-04-21,27.272,0.0,25.83,1.638
2001-04-22,29.101,0.001,17.35,2.32
2001-04-23,30.231,0.001,18.19,2.099
2001-04-24,31.638,0.001,16.78,1.98
2001-04-25,31.752,0.0,17.67,2.748
2001-04-26,32.475,0.0,18.84,3.08
2001-04-27,32.081,0.0,16.48,3.493
2001-04-28,31.545,0.0,16.95,3.681
2001-04-29,32.509,0.002,23.77,2.795
2001-04-30,33.339,0.028,24.71,2.861
2001-05-01,34.267,0.0,17.67,3.328
2001-05-02,33.673,0.002,18.67,2.875
2001-05-03,33.847,0.0,20.62,3.608
2001-05-04,34.789,0.001,22.22,3.628
2001-05-05,35.422,0.001,18.46,3.701
2001-05-06,35.137,0.0,19.53,4.535
2001-05-07,34.151,0.001,16.18,5.106
2001-05-08,32.394,0.001,25.5,4.704
2001-05-09,31.73,0.0,35.07,4.216
2001-05-10,32.222,0.0,32.77,4.928
2001-05-11,32.628,0.0,27.78,4.552
2001-05-12,33.024,0.0,25.01,3.911
2001-05-13,33.184,0.001,26.12,3.883
2001-05-14,32.056,0.002,30.2,3.821
2001-05-15,31.359,0.001,37.9,3.855
2001-05-16,30.811,0.228,43.37,3.592
2001-05-17,30.636,0.425,41.16,3.722
2001-05-18,28.989,0.433,47.45,3.616
2001-05-19,29.82,0.029,44.33,3.421
2001-05-20,30.112,0.212,42.44,3.53
2001-05-21,30.666,0.201,42.75,2.866
2001-05-22,31.845,0.002,40.53,2.365
2001-05-23,33.652,0.001,29.63,1.782
2001-05-24,34.248,0.605,31.35,3.174
2001-05-25,32.525,1.678,43.39,3.714
2001-05-26,30.544,7.212,51.81,2.917
2001-05-27,30.446,1.87,47.82,2.661
2001-05-28,30.539,1.09,46.29,3.41
2001-05-29,28.921,0.324,55.4,4.084
2001-05-30,27.158,5.15,68.45,3.664
2001-05-31,28.767,0.031,57.16,4.207
2001-06-01,30.155,0.005,49.29,4.116
2001-06-02,30.384,0.006,50.89,3.683
2001-06-03,30.916,0.237,49.98,3.799
2001-06-04,30.255,0.58,53.97,3.63
2001-06-05,30.265,1.381,49.78,3.232
2001-06-06,30.391,0.938,49.48,2.126
2001-06-07,29.85,2.635,54.61,1.502
2001-06-08,31.21,0.708,48.07,1.115
2001-06-09,31.443,0.739,48.75,1.818
2001-06-10,30.375,5.001,57.95,2.13
2001-06-11,30.099,3.921,59.8,1.57
2001-06-12,29.483,5.486,65.38,1.898
2001-06-13,27.069,20.957,77.88,1.667
2001-06-14,26.194,15.73,82.7,0.853
2001-06-15,26.405,11.959,81.83,0.269
2001-06-16,25.831,9.408,83.1,0.996
2001-06-17,26.192,6.891,83.81,1.42
2001-06-18,26.849,4.034,79.26,2.326
2001-06-19,27.886,0.361,71.2,3.513
2001-06-20,27.441,0.004,65.75,4.715
2001-06-21,27.243,0.016,63.74,4.55
2001-06-22,27.471,0.013,62.81,3.858
2001-06-23,27.647,0.04,65.4,3.44
2001-06-24,27.986,0.059,61.7,4.071
2001-06-25,27.386,0.586,66.47,4.727
2001-06-26,28.029,0.009,58.9,4.602
2001-06-27,28.079,0.001,58.32,4.265
2001-06-28,27.744,0.012,59.76,4.0
2001-06-29,26.76,3.297,68.32,2.349
2001-06-30,23.915,16.938,88.43,1.945
2001-07-01,23.459,21.558,92.43,2.042
2001-07-02,23.555,52.841,93.92,3.45
2001-07-03,22.954,46.314,96.34,2.886
2001-07-04,23.21,30.385,94.04,2.481
2001-07-05,25.782,1.004,78.64,2.957
2001-07-06,26.388,0.823,76.97,2.099
2001-07-07,26.695,2.822,80.46,1.219
2001-07-08,25.022,8.505,89.87,0.951
2001-07-09,25.789,12.257,85.31,1.153
2001-07-10,25.351,6.614,87.37,0.148
2001-07-11,23.538,140.209,95.66,2.438
2001-07-12,25.173,2.534,81.61,4.077
2001-07-13,25.147,1.022,80.24,4.184
2001-07-14,25.003,1.044,79.17,5.198
2001-07-15,24.518,1.719,82.81,5.508
2001-07-16,24.617,1.803,81.42,4.931
2001-07-17,24.476,3.406,85.2,3.761
2001-07-18,25.019,1.603,83.48,3.433
2001-07-19,26.202,1.103,81.37,2.97
2001-07-20,25.229,0.786,82.95,2.972
2001-07-21,24.942,3.387,83.55,2.873
2001-07-22,24.782,2.507,85.13,1.984
2001-07-23,24.573,8.945,86.92,0.88
2001-07-24,24.38,14.623,89.99,1.602
2001-07-25,25.067,2.163,84.94,2.844
2001-07-26,25.397,0.817,84.15,2.932
2001-07-27,25.677,1.105,84.49,2.767
2001-07-28,25.185,3.98,85.33,3.473
2001-07-29,25.491,0.827,78.24,3.969
2001-07-30,25.33,0.411,76.92,3.044
2001-07-31,25.212,1.304,82.35,2.324
2001-08-01,25.593,0.426,78.21,2.883
2001-08-02,25.078,0.064,76.54,2.872
2001-08-03,25.133,0.028,75.87,1.127
2001-08-04,25.927,6.146,81.22,1.051
2001-08-05,25.572,5.641,87.69,0.389
2001-08-06,25.431,7.21,87.89,0.378
2001-08-07,24.727,7.992,89.52,0.558
2001-08-08,24.898,5.188,88.37,0.208
2001-08-09,25.022,7.266,87.25,1.156
2001-08-10,24.676,13.306,89.64,0.321
2001-08-11,25.486,7.18,86.47,0.808
2001-08-12,25.303,7.986,86.96,0.756
2001-08-13,25.01,6.114,87.1,2.311
2001-08-14,25.465,5.926,84.68,1.612
2001-08-15,24.818,26.456,89.07,0.649
2001-08-16,22.806,35.841,95.28,2.009
2001-08-17,24.276,0.988,85.28,3.388
2001-08-18,24.678,0.016,74.99,3.355
2001-08-19,24.561,0.041,75.82,2.776
2001-08-20,25.107,0.549,76.75,1.713
2001-08-21,25.166,1.026,80.18,1.733
2001-08-22,25.305,1.175,79.72,2.152
2001-08-23,25.092,1.415,81.72,2.181
2001-08-24,24.722,1.553,83.4,1.866
2001-08-25,24.88,0.951,79.38,2.461
2001-08-26,24.85,0.008,74.56,3.327
2001-08-27,24.827,0.014,72.79,3.745
2001-08-28,24.549,0.038,72.51,4.332
2001-08-29,24.452,0.023,72.99,4.149
2001-08-30,24.072,0.087,73.99,3.192
2001-08-31,24.39,0.19,77.11,1.97
2001-09-01,25.307,0.309,76.47,1.986
2001-09-02,25.474,0.095,74.61,2.39
2001-09-03,25.29,0.011,71.91,2.842
2001-09-04,25.254,0.057,71.74,2.683
2001-09-05,24.998,1.036,75.45,2.632
2001-09-06,24.647,0.796,76.06,1.835
2001-09-07,25.063,0.529,76.28,1.298
2001-09-08,25.51,0.116,71.77,1.365
2001-09-09,26.042,0.03,68.47,2.352
2001-09-10,25.532,0.003,68.4,2.812
2001-09-11,25.649,0.008,69.39,2.44
2001-09-12,25.448,0.084,70.7,1.644
2001-09-13,25.46,0.298,72.17,1.549
2001-09-14,25.515,0.847,71.91,1.26
2001-09-15,25.562,2.794,72.84,0.893
2001-09-16,26.18,0.972,67.51,0.853
2001-09-17,26.812,0.116,59.3,1.563
2001-09-18,26.787,0.184,59.62,2.073
2001-09-19,26.453,0.639,64.85,2.055
2001-09-20,26.185,0.494,68.31,1.275
2001-09-21,27.117,0.356,64.35,0.602
2001-09-22,27.373,0.089,57.65,0.782
2001-09-23,27.357,0.001,50.23,1.14
2001-09-24,27.276,0.002,45.16,0.951
2001-09-25,27.276,0.0,44.84,0.988
2001-09-26,27.571,0.002,41.4,1.15
2001-09-27,28.419,0.0,33.5,0.981
2001-09-28,28.492,0.001,30.5,0.601
2001-09-29,28.595,0.001,30.96,0.918
2001-09-30,27.054,0.001,42.31,1.755
2001-10-01,27.542,0.028,56.14,1.978
2001-10-02,27.096,0.858,64.56,1.53
2001-10-03,26.417,1.266,72.63,0.981
2001-10-04,26.906,0.764,65.9,0.483
2001-10-05,27.781,0.002,48.86,0.833
2001-10-06,27.763,0.004,45.36,1.786
2001-10-07,28.038,0.067,46.84,1.623
2001-10-08,28.097,0.001,42.51,1.584
2001-10-09,28.3,0.001,38.62,0.368
2001-10-10,27.772,0.733,55.01,1.721
2001-10-11,26.032,4.797,72.84,1.478
2001-10-12,24.299,13.867,82.86,0.946
2001-10-13,24.531,6.002,79.96,0.961
2001-10-14,25.093,0.081,48.03,1.642
2001-10-15,24.735,0.003,34.91,0.639
2001-10-16,25.115,0.001,37.81,1.295
2001-10-17,24.234,0.003,33.93,1.231
2001-10-18,24.97,0.002,28.29,0.538
2001-10-19,25.554,0.0,26.99,0.161
2001-10-20,25.636,0.0,28.55,0.603
2001-10-21,25.242,0.0,31.08,0.639
2001-10-22,25.31,0.0,31.3,1.028
2001-10-23,25.849,0.001,29.9,1.16
2001-10-24,25.702,0.002,29.39,1.151
2001-10-25,25.121,0.001,30.78,1.437
2001-10-26,24.858,0.001,32.16,2.134
2001-10-27,26.079,0.0,36.01,1.395
2001-10-28,26.177,0.001,37.37,0.709
2001-10-29,25.613,0.0,34.5,1.118
2001-10-30,25.894,0.0,34.5,0.71
2001-10-31,25.508,0.001,35.99,1.293
2001-11-01,25.507,0.0,37.54,1.431
2001-11-02,25.767,0.002,37.6,1.586
2001-11-03,24.638,0.0,33.92,2.901
2001-11-04,23.919,0.002,39.74,1.776
2001-11-05,23.52,0.0,34.48,1.037
2001-11-06,23.04,0.002,33.79,1.424
2001-11-07,22.29,0.001,45.82,1.646
2001-11-08,20.593,0.0,38.49,2.202
2001-11-09,19.783,0.002,29.12,1.811
2001-11-10,19.662,0.002,30.41,1.565
2001-11-11,19.599,0.001,32.41,1.91
2001-11-12,19.891,0.002,35.19,2.068
2001-11-13,20.362,0.0,32.34,1.83
2001-11-14,21.1,0.002,29.6,1.009
2001-11-15,20.95,0.0,31.3,0.994
2001-11-16,20.758,0.001,34.81,0.948
2001-11-17,20.938,0.0,38.24,1.646
2001-11-18,21.553,0.001,38.94,1.037
2001-11-19,21.869,0.001,32.88,0.633
2001-11-20,21.712,0.0,33.65,0.794
2001-11-21,21.804,0.002,36.57,0.475
2001-11-22,21.681,0.0,35.82,0.557
2001-11-23,20.818,0.0,32.05,0.811
2001-11-24,20.266,0.001,32.81,0.882
2001-11-25,19.346,0.001,32.88,0.838
2001-11-26,18.89,0.0,32.54,0.786
2001-11-27,18.002,0.003,33.2,0.96
2001-11-28,17.665,-0.0,30.56,1.198
2001-11-29,17.402,0.001,31.62,1.493
2001-11-30,18.474,0.0,30.94,0.998
2001-12-01,18.525,0.0,30.79,0.823
2001-12-02,19.183,0.0,30.04,0.468
2001-12-03,20.056,0.001,29.36,0.382
2001-12-04,19.883,0.002,32.05,0.574
2001-12-05,19.805,0.001,33.65,0.465
2001-12-06,20.633,0.001,33.63,0.502
2001-12-07,20.765,0.001,36.86,1.003
2001-12-08,20.794,0.003,42.0,1.631
2001-12-09,20.965,0.0,41.13,1.524
2001-12-10,20.675,0.001,48.06,1.485
2001-12-11,20.356,0.0,49.15,1.113
2001-12-12,18.48,0.0,39.59,2.095
2001-12-13,17.252,0.001,39.28,1.355
2001-12-14,17.919,0.001,33.28,0.963
2001-12-15,18.772,0.0,34.38,0.591
2001-12-16,18.076,0.001,45.84,1.134
2001-12-17,18.066,0.003,47.89,1.137
2001-12-18,19.023,0.0,44.47,0.251
2001-12-19,18.01,0.001,47.04,2.164
2001-12-20,15.528,0.0,44.5,2.017
2001-12-21,14.655,0.0,36.91,1.572
2001-12-22,14.451,0.001,35.06,1.476
2001-12-23,14.645,0.001,33.21,1.192
2001-12-24,14.884,0.0,32.08,1.122
2001-12-25,15.742,0.002,34.72,1.23
2001-12-26,16.442,0.001,38.67,0.492
2001-12-27,16.397,0.001,45.9,1.805
2001-12-28,15.691,0.001,39.79,1.685
2001-12-29,15.437,0.002,36.77,1.313
2001-12-30,14.856,0.001,40.01,1.578
2001-12-31,14.766,0.001,30.7,1.415
2002-01-01,15.448,0.0,34.37,1.325
2002-01-02,15.848,0.0,36.51,1.5
2002-01-03,15.219,0.001,38.73,1.511
2002-01-04,14.787,0.001,39.84,1.649
2002-01-05,14.256,0.003,43.04,1.573
2002-01-06,14.837,0.0,42.18,1.107
2002-01-07,15.059,0.003,46.16,1.614
2002-01-08,14.557,0.0,45.45,1.831
2002-01-09,14.228,0.002,44.75,1.71
2002-01-10,16.102,0.001,37.39,0.896
2002-01-11,17.83,0.001,29.9,0.257
2002-01-12,19.199,0.004,27.32,0.441
2002-01-13,18.935,0.0,36.97,2.084
2002-01-14,19.683,0.002,63.69,2.515
2002-01-15,19.634,0.59,50.77,3.228
2002-01-16,16.552,0.002,43.36,1.239
2002-01-17,14.993,0.191,67.53,1.238
2002-01-18,13.04,0.046,57.27,1.85
2002-01-19,13.437,0.0,48.48,1.247
2002-01-20,13.622,0.001,43.54,2.347
2002-01-21,13.436,0.0,49.11,1.742
2002-01-22,13.653,0.001,49.91,1.041
2002-01-23,14.522,-0.0,40.52,1.119
2002-01-24,15.135,0.0,32.05,0.995
2002-01-25,16.196,0.012,51.45,2.247
2002-01-26,15.542,0.007,37.87,1.494
2002-01-27,13.077,0.009,30.84,1.82
2002-01-28,12.42,0.002,28.37,1.731
2002-01-29,12.275,0.001,30.6,1.896
2002-01-30,12.183,0.002,34.75,1.864
2002-01-31,13.817,0.001,31.1,1.588
2002-02-01,15.999,0.001,31.72,0.16
2002-02-02,16.652,0.0,27.43,1.929
2002-02-03,14.669,0.001,25.26,2.087
2002-02-04,16.066,0.003,31.96,1.933
2002-02-05,17.788,0.0,30.91,1.794
2002-02-06,16.639,0.003,25.84,1.428
2002-02-07,14.192,0.0,23.05,1.622
2002-02-08,13.236,0.004,17.89,1.658
2002-02-09,12.717,0.001,16.42,3.345
2002-02-10,11.091,11.745,55.37,3.234
2002-02-11,12.005,0.132,56.8,1.564
2002-02-12,13.725,0.0,38.14,1.773
2002-02-13,14.067,0.0,46.71,2.285
2002-02-14,15.468,0.001,48.7,1.55
2002-02-15,17.524,0.0,43.07,1.13
2002-02-16,18.881,0.003,35.21,1.71
2002-02-17,19.702,0.0,34.64,1.599
2002-02-18,21.2,0.001,33.77,0.942
2002-02-19,21.029,0.001,32.62,1.692
2002-02-20,20.667,0.002,29.58,1.8
2002-02-21,22.364,0.003,30.95,0.243
2002-02-22,21.954,0.002,38.41,1.902
2002-02-23,20.726,0.002,48.73,2.123
2002-02-24,20.238,0.002,42.3,1.523
2002-02-25,19.399,0.001,36.59,1.225
2002-02-26,21.064,0.002,28.93,0.881
2002-02-27,22.02,0.002,30.14,1.19
2002-02-28,22.276,0.0,36.63,0.674
2002-03-01,23.615,0.0,29.22,2.984
2002-03-02,19.29,0.001,47.42,2.379
2002-03-03,18.421,0.002,31.39,1.755
2002-03-04,19.89,0.002,24.89,0.97
2002-03-05,21.793,0.001,21.83,1.041
2002-03-06,22.62,0.001,23.14,1.125
2002-03-07,22.687,0.002,25.43,0.493
2002-03-08,23.071,0.001,33.46,1.778
2002-03-09,22.863,0.003,38.68,2.255
2002-03-10,22.94,0.0,34.4,2.395
2002-03-11,22.875,0.001,24.61,1.746
2002-03-12,24.282,0.001,25.02,0.96
2002-03-13,24.54,0.041,29.41,1.296
2002-03-14,22.689,1.874,46.33,1.109
2002-03-15,23.234,0.002,38.33,1.537
2002-03-16,24.453,0.001,24.5,1.82
2002-03-17,25.443,0.001,20.94,0.419
2002-03-18,26.251,0.0,21.3,0.821
2002-03-19,27.609,0.001,20.05,0.848
2002-03-20,27.777,0.125,22.24,1.639
2002-03-21,25.262,1.704,29.59,1.876
2002-03-22,26.018,0.001,24.74,2.283
2002-03-23,27.206,0.001,22.31,2.554
2002-03-24,27.188,0.001,24.86,3.8
2002-03-25,26.012,0.053,28.52,2.479
2002-03-26,25.675,0.0,21.74,1.908
2002-03-27,26.012,0.02,20.53,2.078
2002-03-28,26.32,0.001,12.91,1.728
2002-03-29,27.309,0.001,10.83,0.908
2002-03-30,27.457,0.0,10.84,1.914
2002-03-31,28.88,0.0,14.44,2.743
2002-04-01,29.691,0.015,24.04,3.207
2002-04-02,27.698,0.0,9.21,2.932
2002-04-03,28.101,0.0,13.19,1.111
2002-04-04,28.67,0.002,13.1,1.095
2002-04-05,29.882,0.002,19.58,2.339
2002-04-06,30.008,0.102,20.97,2.33
2002-04-07,27.157,2.984,37.22,1.451
2002-04-08,26.702,2.316,35.05,0.902
2002-04-09,26.317,0.002,25.83,2.225
2002-04-10,26.57,0.0,21.94,1.955
2002-04-11,27.802,0.0,21.17,2.19
2002-04-12,29.442,0.0,19.81,1.403
2002-04-13,30.263,0.0,21.86,2.027
2002-04-14,29.436,0.003,23.56,2.757
2002-04-15,28.359,0.0,27.3,3.114
2002-04-16,28.747,0.0,24.91,2.897
2002-04-17,29.34,0.001,26.44,2.796
2002-04-18,30.39,0.0,23.56,2.091
2002-04-19,31.703,0.001,21.7,2.445
2002-04-20,31.395,0.002,17.3,2.934
2002-04-21,29.765,0.0,20.45,2.822
2002-04-22,31.327,0.002,21.48,3.656
2002-04-23,31.728,0.0,25.73,3.706
2002-04-24,31.266,0.002,14.34,4.602
2002-04-25,30.116,0.0,14.57,3.375
2002-04-26,30.507,0.001,10.06,2.028
2002-04-27,32.375,0.002,9.89,3.883
2002-04-28,32.146,0.0,11.43,3.88
2002-04-29,32.443,0.001,10.18,2.364
2002-04-30,33.991,0.001,10.21,3.015
2002-05-01,34.373,0.002,10.28,4.536
2002-05-02,34.023,0.0,10.46,3.625
2002-05-03,34.581,0.001,14.31,2.46
2002-05-04,35.785,0.001,13.79,1.58
2002-05-05,35.72,0.0,13.79,3.126
2002-05-06,34.619,0.0,10.49,3.945
2002-05-07,33.135,0.001,15.37,3.848
2002-05-08,32.675,0.001,17.92,4.184
2002-05-09,32.577,0.001,27.84,4.758
2002-05-10,32.372,0.0,36.33,4.995
2002-05-11,33.059,0.0,35.58,4.864
2002-05-12,32.823,0.001,39.84,4.514
2002-05-13,32.861,0.004,40.89,4.34
2002-05-14,32.174,0.002,41.73,4.443
2002-05-15,32.657,0.001,39.56,4.101
2002-05-16,34.212,0.001,36.31,3.783
2002-05-17,35.633,0.002,28.34,4.289
2002-05-18,34.306,-0.0,24.69,5.686
2002-05-19,31.459,0.0,40.28,6.046
2002-05-20,31.728,0.0,33.97,5.126
2002-05-21,32.606,0.001,29.48,4.32
2002-05-22,32.891,0.008,32.69,4.092
2002-05-23,33.008,0.0,31.56,4.051
2002-05-24,33.031,0.001,28.84,4.649
2002-05-25,32.436,0.002,32.65,4.953
2002-05-26,31.032,0.001,39.66,5.252
2002-05-27,30.468,0.002,41.52,5.183
2002-05-28,30.826,0.187,44.79,4.061
2002-05-29,29.695,7.658,50.16,2.483
2002-05-30,30.673,0.184,44.84,2.256
2002-05-31,31.147,0.237,38.75,2.031
2002-06-01,30.677,2.259,42.72,2.075
2002-06-02,30.543,1.67,43.09,2.097
2002-06-03,30.608,2.219,47.98,2.058
2002-06-04,31.179,1.089,47.0,2.561
2002-06-05,31.897,0.081,42.14,3.393
2002-06-06,31.319,0.0,43.44,3.857
2002-06-07,31.17,0.0,45.0,4.016
2002-06-08,31.612,0.001,41.0,3.953
2002-06-09,32.383,0.0,35.74,3.573
2002-06-10,33.287,0.0,33.16,3.317
2002-06-11,33.765,0.062,36.26,3.556
2002-06-12,34.087,0.147,36.0,3.727
2002-06-13,33.864,0.076,37.82,3.882
2002-06-14,32.15,2.693,47.7,3.152
2002-06-15,30.996,4.084,56.89,2.491
2002-06-16,31.733,0.761,50.65,2.221
2002-06-17,30.831,1.886,56.29,2.699
2002-06-18,30.215,4.497,59.19,2.642
2002-06-19,31.246,0.642,51.81,2.855
2002-06-20,30.763,0.835,57.95,3.056
2002-06-21,31.017,0.317,57.21,3.769
2002-06-22,32.053,0.02,47.6,3.8
2002-06-23,32.927,0.025,43.16,3.185
2002-06-24,31.948,0.766,45.2,2.272
2002-06-25,31.423,6.387,53.24,2.318
2002-06-26,30.119,4.985,61.72,1.089
2002-06-27,27.941,9.485,73.02,1.413
2002-06-28,26.329,57.177,83.76,0.873
2002-06-29,25.459,17.308,87.63,2.64
2002-06-30,27.324,0.119,73.56,4.139
2002-07-01,27.391,0.019,70.69,4.216
2002-07-02,27.185,0.045,70.29,4.41
2002-07-03,27.282,0.084,69.23,4.419
2002-07-04,26.722,0.271,71.45,4.141
2002-07-05,27.075,0.018,65.73,4.097
2002-07-06,27.115,0.024,63.7,4.105
2002-07-07,26.966,0.025,63.08,4.24
2002-07-08,27.123,0.023,64.17,4.29
2002-07-09,27.268,0.064,63.0,4.086
2002-07-10,27.469,0.06,61.04,3.895
2002-07-11,27.685,0.026,60.35,3.989
2002-07-12,28.35,0.004,58.22,4.045
2002-07-13,28.286,0.008,57.57,3.923
2002-07-14,28.344,0.011,56.62,4.265
2002-07-15,28.171,0.115,58.47,4.195
2002-07-16,28.114,0.104,58.72,3.939
2002-07-17,29.158,0.114,53.02,3.087
2002-07-18,27.265,2.433,68.93,3.048
2002-07-19,27.906,5.227,65.01,3.805
2002-07-20,25.67,5.458,75.92,4.507
2002-07-21,26.82,0.168,64.23,5.503
2002-07-22,26.807,0.518,65.94,5.02
2002-07-23,27.133,0.575,65.01,4.865
2002-07-24,26.887,0.733,65.11,5.24
2002-07-25,26.323,0.427,67.25,4.992
2002-07-26,26.644,0.281,65.3,4.391
2002-07-27,26.886,0.26,66.64,3.846
2002-07-28,27.335,0.02,62.17,3.746
2002-07-29,27.885,0.007,58.96,3.61
2002-07-30,28.209,0.0,55.42,2.854
2002-07-31,29.514,0.159,53.6,1.814
2002-08-01,28.248,14.169,67.07,1.693
2002-08-02,28.307,6.561,64.91,3.137
2002-08-03,27.032,9.132,73.23,2.552
2002-08-04,25.189,12.828,82.93,2.339
2002-08-05,22.957,30.814,92.62,2.619
2002-08-06,24.677,10.715,86.24,2.209
2002-08-07,24.162,7.052,87.66,2.361
2002-08-08,26.016,2.93,76.13,3.434
2002-08-09,24.162,8.471,87.67,2.768
2002-08-10,25.62,0.693,77.34,3.266
2002-08-11,25.573,0.41,75.46,4.221
2002-08-12,25.145,1.233,77.89,4.52
2002-08-13,25.261,1.8,79.01,3.662
2002-08-14,25.561,1.012,76.59,3.228
2002-08-15,26.035,0.602,72.5,3.163
2002-08-16,25.065,2.068,77.48,3.471
2002-08-17,23.89,8.426,84.41,2.816
2002-08-18,25.733,0.045,73.71,3.147
2002-08-19,26.454,0.114,70.06,3.301
2002-08-20,25.902,0.052,70.31,3.22
2002-08-21,25.595,0.006,69.57,2.434
2002-08-22,26.671,0.255,68.66,1.24
2002-08-23,26.177,10.984,77.78,1.199
2002-08-24,26.841,1.632,75.7,1.833
2002-08-25,25.632,2.035,80.82,2.939
2002-08-26,24.693,0.384,75.62,4.575
2002-08-27,24.817,0.454,72.68,3.478
2002-08-28,25.164,0.733,70.93,3.352
2002-08-29,25.689,1.175,68.07,3.244
2002-08-30,25.377,4.203,74.89,3.076
2002-08-31,25.4,6.317,80.87,2.109
2002-09-01,25.808,6.656,81.56,1.641
2002-09-02,26.191,10.828,80.45,1.278
2002-09-03,25.239,12.412,85.02,1.474
2002-09-04,26.065,1.987,79.84,2.008
2002-09-05,26.425,1.77,74.86,2.611
2002-09-06,26.312,1.611,69.89,3.104
2002-09-07,25.405,0.36,67.63,3.349
2002-09-08,25.109,0.104,64.66,3.096
2002-09-09,25.497,0.097,63.11,3.32
2002-09-10,26.055,0.153,59.83,3.165
2002-09-11,27.12,0.007,49.43,3.35
2002-09-12,27.354,0.087,51.33,3.783
2002-09-13,26.194,0.0,55.99,3.869
2002-09-14,25.753,0.001,47.73,3.463
2002-09-15,25.825,0.001,46.84,3.806
2002-09-16,25.717,0.0,50.98,3.912
2002-09-17,25.321,0.001,54.25,3.373
2002-09-18,25.775,0.013,52.97,2.194
2002-09-19,26.143,0.768,56.1,1.265
2002-09-20,26.765,1.779,57.61,1.299
2002-09-21,27.983,0.09,49.99,2.184
2002-09-22,28.819,0.004,45.26,2.783
2002-09-23,28.914,0.089,45.12,3.56
2002-09-24,28.013,0.041,47.35,3.117
2002-09-25,27.201,0.718,53.54,2.202
2002-09-26,26.574,1.204,58.23,1.598
2002-09-27,27.676,0.018,43.37,2.07
2002-09-28,27.798,0.003,37.8,2.206
2002-09-29,27.99,0.002,33.54,2.15
2002-09-30,28.128,0.0,30.19,1.889
2002-10-01,28.124,0.001,28.79,2.052
2002-10-02,28.345,0.002,24.05,2.464
2002-10-03,27.569,0.001,25.38,2.424
2002-10-04,27.718,0.001,26.17,1.078
2002-10-05,28.223,0.001,28.26,1.101
2002-10-06,28.663,0.001,28.37,0.751
2002-10-07,28.878,0.003,25.05,1.015
2002-10-08,28.858,0.001,25.81,0.379
2002-10-09,28.54,0.002,31.59,1.484
2002-10-10,28.447,0.0,34.61,1.399
2002-10-11,28.305,0.0,30.87,1.056
2002-10-12,28.035,0.004,29.34,1.417
2002-10-13,27.889,0.002,28.84,0.398
2002-10-14,27.328,0.0,31.23,0.925
2002-10-15,26.69,0.0,37.07,1.934
2002-10-16,26.042,0.0,38.64,1.712
2002-10-17,26.841,0.0,32.1,1.284
2002-10-18,26.614,0.0,28.52,1.586
2002-10-19,27.3,0.0,27.52,1.727
2002-10-20,27.143,0.0,30.92,2.38
2002-10-21,26.181,0.0,28.95,2.563
2002-10-22,25.622,0.001,32.74,1.955
2002-10-23,24.345,0.0,28.02,1.322
2002-10-24,24.19,0.001,24.78,1.404
2002-10-25,24.594,0.001,24.83,1.043
2002-10-26,25.179,0.001,21.1,0.569
2002-10-27,24.914,0.0,19.77,0.897
2002-10-28,24.206,0.0,21.52,1.462
2002-10-29,24.489,0.0,25.62,2.162
2002-10-30,24.869,0.001,27.87,2.0
2002-10-31,25.302,0.0,22.41,1.679
2002-11-01,24.306,0.0,22.39,1.49
2002-11-02,24.36,0.001,24.52,1.222
2002-11-03,24.315,0.001,25.81,1.027
2002-11-04,24.131,0.001,26.2,1.048
2002-11-05,24.174,0.038,27.9,1.356
2002-11-06,22.536,1.355,35.28,0.947
2002-11-07,22.715,0.014,31.97,1.868
2002-11-08,22.754,0.001,34.48,2.159
2002-11-09,22.215,0.228,39.49,1.452
2002-11-10,21.496,0.481,42.6,1.444
2002-11-11,19.416,0.842,54.7,1.402
2002-11-12,19.859,0.098,52.57,1.46
2002-11-13,20.395,0.002,44.52,1.375
2002-11-14,20.453,0.002,44.91,1.466
2002-11-15,20.823,0.002,38.73,0.567
2002-11-16,21.841,0.0,34.15,0.874
2002-11-17,22.617,0.003,30.23,1.296
2002-11-18,22.877,0.0,29.58,0.884
2002-11-19,22.338,0.0,28.84,1.271
2002-11-20,21.208,0.0,30.51,1.562
2002-11-21,20.735,0.002,35.26,1.491
2002-11-22,20.795,0.0,35.68,1.383
2002-11-23,22.029,0.0,34.38,0.355
2002-11-24,22.638,0.001,34.43,0.738
2002-11-25,21.564,0.002,29.87,1.556
2002-11-26,21.077,0.0,30.3,0.799
2002-11-27,21.171,0.003,31.95,0.225
2002-11-28,20.903,0.001,28.49,0.975
2002-11-29,20.343,0.002,36.52,1.111
2002-11-30,19.669,0.001,36.75,0.766
2002-12-01,18.591,0.003,31.79,1.696
2002-12-02,17.791,0.0,30.72,1.308
2002-12-03,18.624,0.0,31.44,0.173
2002-12-04,18.319,0.0,34.17,0.351
2002-12-05,18.694,0.003,36.51,0.743
2002-12-06,18.489,0.0,41.89,1.838
2002-12-07,19.348,0.01,51.1,1.064
2002-12-08,20.133,0.001,45.58,0.81
2002-12-09,19.511,0.001,45.95,0.964
2002-12-10,18.856,0.001,39.38,0.426
2002-12-11,19.215,0.0,34.09,0.844
2002-12-12,19.458,0.002,39.42,0.995
2002-12-13,20.079,0.0,42.43,1.241
2002-12-14,21.573,0.001,37.89,0.186
2002-12-15,22.016,0.0,37.26,0.191
2002-12-16,22.312,0.003,36.91,0.692
2002-12-17,21.444,0.001,36.2,1.545
2002-12-18,20.484,0.001,31.76,2.315
2002-12-19,19.854,0.0,44.94,2.175
2002-12-20,19.672,0.0,45.61,2.028
2002-12-21,19.662,0.002,41.13,0.947
2002-12-22,19.119,0.002,39.23,0.886
2002-12-23,18.627,0.003,41.5,1.054
2002-12-24,17.367,0.196,56.46,2.209
2002-12-25,15.975,0.002,52.93,1.211
2002-12-26,15.808,0.001,51.94,1.14
2002-12-27,15.231,0.001,46.01,1.606
2002-12-28,15.322,0.003,39.25,0.703
2002-12-29,15.349,0.003,38.21,1.146
2002-12-30,15.638,3.317,49.84,1.189
2002-12-31,12.418,0.01,65.11,2.902
2003-01-01,12.486,0.001,55.13,2.029
2003-01-02,11.84,0.001,62.73,1.256
2003-01-03,12.321,0.001,61.64,1.959
2003-01-04,12.02,-0.0,55.58,1.843
2003-01-05,14.502,0.0,50.17,0.785
2003-01-06,16.999,0.0,48.11,0.913
2003-01-07,15.656,0.001,38.43,1.96
2003-01-08,13.957,0.002,44.05,1.964
2003-01-09,15.346,0.001,44.18,1.738
2003-01-10,14.668,0.001,41.51,2.259
2003-01-11,15.148,0.001,43.87,1.602
2003-01-12,16.599,0.003,44.3,1.206
2003-01-13,15.041,-0.0,34.19,1.95
2003-01-14,14.992,0.001,20.77,1.599
2003-01-15,15.533,0.001,23.0,1.753
2003-01-16,15.56,0.0,25.69,1.474
2003-01-17,15.687,0.001,25.73,1.77
2003-01-18,15.781,0.001,29.07,1.665
2003-01-19,16.207,0.001,30.05,0.793
2003-01-20,17.093,0.0,29.73,0.689
2003-01-21,18.269,0.001,29.93,0.435
2003-01-22,18.695,0.002,25.05,1.058
2003-01-23,19.291,0.001,26.56,0.949
2003-01-24,19.951,0.001,28.87,1.224
2003-01-25,20.832,0.0,27.15,0.747
2003-01-26,21.149,0.071,30.83,0.999
2003-01-27,19.313,0.296,46.58,2.347
2003-01-28,17.701,0.011,52.1,1.379
2003-01-29,17.647,0.002,44.87,0.692
2003-01-30,19.731,0.082,39.16,2.339
2003-01-31,17.199,10.553,77.65,2.423
2003-02-01,14.592,0.009,53.49,1.999
2003-02-02,14.233,0.002,48.92,2.998
2003-02-03,13.604,0.001,63.26,2.124
2003-02-04,14.448,0.001,55.23,1.809
2003-02-05,15.304,0.0,50.03,1.533
2003-02-06,18.197,0.001,46.09,0.748
2003-02-07,19.313,0.002,33.02,1.427
2003-02-08,17.983,0.0,34.08,1.949
2003-02-09,17.411,0.003,50.16,1.769
2003-02-10,17.978,0.009,45.63,1.817
2003-02-11,17.919,0.0,30.04,2.128
2003-02-12,17.324,0.001,23.34,2.05
2003-02-13,18.745,0.001,25.62,0.694
2003-02-14,20.242,0.001,25.84,0.33
2003-02-15,21.231,0.001,25.02,0.883
2003-02-16,22.571,0.01,26.26,0.968
2003-02-17,21.573,0.671,37.07,3.366
2003-02-18,17.768,6.271,78.08,5.098
2003-02-19,16.071,0.047,40.71,3.587
2003-02-20,16.112,0.001,38.91,0.94
2003-02-21,17.532,0.001,40.8,0.952
2003-02-22,19.896,0.001,39.16,0.048
2003-02-23,21.731,0.003,36.8,0.198
2003-02-24,22.532,0.002,36.75,0.84
2003-02-25,23.439,0.001,36.37,0.59
2003-02-26,24.032,0.002,36.96,1.162
2003-02-27,24.582,0.0,37.03,2.326
2003-02-28,24.398,0.002,31.44,2.191
2003-03-01,25.51,0.002,31.67,3.42
2003-03-02,22.903,0.0,30.23,3.49
2003-03-03,16.075,0.001,10.73,3.35
2003-03-04,15.179,0.0,11.44,2.522
2003-03-05,17.383,0.002,10.6,1.355
2003-03-06,20.241,0.0,13.57,0.924
2003-03-07,21.244,0.001,13.59,1.62
2003-03-08,21.963,0.001,15.22,0.33
2003-03-09,23.331,0.0,15.19,1.506
2003-03-10,23.37,0.0,18.64,2.553
2003-03-11,20.962,0.0,24.58,1.953
2003-03-12,21.09,0.002,20.99,1.946
2003-03-13,22.338,0.001,20.99,1.64
2003-03-14,24.078,0.0,25.55,1.003
2003-03-15,24.698,0.001,20.52,1.502
2003-03-16,24.279,0.002,18.58,2.447
2003-03-17,24.866,0.004,20.23,0.517
2003-03-18,24.924,0.028,25.04,0.78
2003-03-19,24.729,0.0,27.85,1.641
2003-03-20,25.549,0.0,23.49,0.578
2003-03-21,26.798,0.002,19.56,0.715
2003-03-22,27.166,0.0,18.96,1.54
2003-03-23,27.007,0.0,18.94,1.87
2003-03-24,27.826,0.002,22.67,1.236
2003-03-25,27.565,0.018,24.91,1.333
2003-03-26,27.414,0.001,22.11,2.303
2003-03-27,27.853,0.001,23.19,1.567
2003-03-28,28.211,0.001,17.81,2.705
2003-03-29,27.911,0.002,24.09,3.133
2003-03-30,27.457,0.001,32.19,2.849
2003-03-31,27.995,0.001,25.74,1.546
2003-04-01,28.352,0.003,24.22,2.62
2003-04-02,30.143,0.0,19.61,2.81
2003-04-03,30.147,0.068,21.34,3.395
2003-04-04,28.057,0.003,21.61,2.254
2003-04-05,27.593,0.23,21.63,1.234
2003-04-06,28.211,0.038,21.58,1.808
2003-04-07,28.701,0.002,16.15,2.088
2003-04-08,29.646,0.002,11.39,1.167
2003-04-09,30.073,0.0,10.72,1.686
2003-04-10,31.017,0.006,13.74,1.401
2003-04-11,30.794,0.378,19.62,2.114
2003-04-12,30.081,0.1,23.51,2.464
2003-04-13,28.442,0.0,21.93,2.629
2003-04-14,27.723,0.002,31.63,2.485
2003-04-15,29.445,0.009,36.68,3.073
2003-04-16,29.422,0.0,33.65,2.383
2003-04-17,31.135,0.002,24.18,1.226
2003-04-18,30.813,0.066,27.54,3.104
2003-04-19,28.178,0.0,27.35,3.988
2003-04-20,28.777,0.001,26.99,2.043
2003-04-21,29.292,0.0,16.25,2.06
2003-04-22,30.373,0.002,14.4,1.227
2003-04-23,31.371,0.001,12.37,1.842
2003-04-24,30.725,0.001,13.4,2.861
2003-04-25,30.594,0.0,19.26,3.011
2003-04-26,31.124,0.001,20.15,3.105
2003-04-27,30.971,0.0,14.84,1.878
2003-04-28,31.977,0.001,11.03,2.22
2003-04-29,32.312,0.0,11.77,1.701
2003-04-30,33.43,0.0,13.66,2.179
2003-05-01,33.268,0.001,12.92,3.349
2003-05-02,31.712,0.001,17.15,5.184
2003-05-03,28.568,0.0,9.89,4.389
2003-05-04,29.318,0.001,8.18,2.954
2003-05-05,30.004,0.0,13.28,3.413
2003-05-06,30.055,0.0,15.83,3.473
2003-05-07,29.226,0.001,9.42,3.128
2003-05-08,30.52,0.0,9.75,1.368
2003-05-09,31.096,0.001,15.37,1.933
2003-05-10,32.553,0.001,13.0,1.936
2003-05-11,33.265,0.001,13.14,3.08
2003-05-12,33.59,0.001,18.19,3.314
2003-05-13,33.286,0.092,24.03,2.846
2003-05-14,32.471,0.0,12.96,2.833
2003-05-15,33.774,0.001,11.91,2.459
2003-05-16,34.29,0.001,20.78,3.717
2003-05-17,33.874,0.009,24.56,4.22
2003-05-18,32.639,0.001,34.0,4.215
2003-05-19,32.21,0.001,35.03,4.661
2003-05-20,32.29,0.001,34.49,4.664
2003-05-21,31.957,0.003,33.37,4.941
2003-05-22,30.864,0.001,40.63,4.617
2003-05-23,31.759,0.002,40.32,3.623
2003-05-24,32.479,0.001,33.12,3.151
2003-05-25,31.768,0.004,28.94,4.198
2003-05-26,31.281,0.0,32.47,3.831
2003-05-27,31.37,0.017,34.65,3.914
2003-05-28,32.347,0.02,28.09,3.552
2003-05-29,32.952,0.197,28.96,3.152
2003-05-30,33.653,0.0,22.34,3.961
2003-05-31,33.191,0.001,23.46,3.916
2003-06-01,33.743,0.011,27.68,2.982
2003-06-02,34.596,0.001,28.59,3.042
2003-06-03,34.598,0.0,29.13,4.016
2003-06-04,33.781,0.0,31.79,4.461
2003-06-05,32.29,0.0,40.79,4.836
2003-06-06,31.564,0.004,44.54,5.584
2003-06-07,31.765,0.005,44.4,5.289
2003-06-08,31.6,0.008,42.94,5.391
2003-06-09,32.079,0.005,44.84,5.209
2003-06-10,32.189,0.001,39.65,4.8
2003-06-11,32.426,0.0,36.72,4.763
2003-06-12,32.708,0.001,36.67,4.307
2003-06-13,33.072,0.014,37.21,3.096
2003-06-14,31.898,3.354,46.05,2.5
2003-06-15,30.171,7.066,56.56,2.143
2003-06-16,29.889,6.751,59.28,1.327
2003-06-17,28.071,10.968,70.71,1.612
2003-06-18,24.689,30.658,86.68,2.02
2003-06-19,24.151,26.987,90.25,1.076
2003-06-20,24.654,30.508,89.88,1.377
2003-06-21,27.484,1.71,76.69,2.123
2003-06-22,28.329,0.88,73.89,2.372
2003-06-23,28.23,0.798,70.65,2.209
2003-06-24,28.216,0.229,66.75,2.382
2003-06-25,27.815,1.29,68.28,2.781
2003-06-26,28.142,0.066,63.82,3.68
2003-06-27,28.57,0.055,64.79,3.783
2003-06-28,28.173,0.449,69.0,4.079
2003-06-29,27.952,0.359,65.69,4.031
2003-06-30,27.805,0.656,66.0,3.549
2003-07-01,28.838,0.256,62.47,1.604
2003-07-02,29.021,2.411,67.47,0.263
2003-07-03,28.634,2.018,71.92,1.493
2003-07-04,27.766,8.67,76.54,1.862
2003-07-05,25.989,15.24,84.18,0.772
2003-07-06,25.997,6.47,81.64,1.466
2003-07-07,26.158,4.205,78.7,2.089
2003-07-08,25.562,7.927,82.76,2.741
2003-07-09,25.441,5.665,82.18,3.508
2003-07-10,24.722,33.995,86.83,3.873
2003-07-11,25.031,2.456,86.59,3.676
2003-07-12,25.902,6.826,82.61,2.277
2003-07-13,26.364,15.758,83.04,1.754
2003-07-14,26.553,6.891,82.54,1.062
2003-07-15,25.308,33.972,89.46,0.915
2003-07-16,24.412,16.76,92.29,2.016
2003-07-17,25.676,4.656,86.67,2.05
2003-07-18,25.958,4.355,83.28,1.24
2003-07-19,26.354,2.364,82.33,2.721
2003-07-20,26.633,1.034,78.22,3.198
2003-07-21,26.033,2.286,79.28,3.52
2003-07-22,25.538,2.111,78.88,3.379
2003-07-23,24.623,6.503,89.04,2.186
2003-07-24,24.103,35.752,93.62,0.902
2003-07-25,24.872,3.438,87.58,3.207
2003-07-26,26.225,0.817,79.47,2.096
2003-07-27,24.511,19.64,93.42,2.139
2003-07-28,24.94,6.749,88.34,1.527
2003-07-29,25.0,1.146,82.96,3.994
2003-07-30,25.303,1.281,78.25,4.869
2003-07-31,24.882,0.322,76.33,4.617
2003-08-01,24.934,1.307,77.14,3.349
2003-08-02,25.029,0.695,78.91,3.273
2003-08-03,24.143,5.982,86.3,2.984
2003-08-04,23.827,8.397,91.92,2.005
2003-08-05,24.968,5.097,85.44,0.841
2003-08-06,25.955,1.818,83.11,0.205
2003-08-07,25.932,12.368,86.48,0.256
2003-08-08,25.998,6.451,86.31,1.113
2003-08-09,25.634,9.707,86.86,2.151
2003-08-10,25.069,5.93,86.05,2.182
2003-08-11,25.281,4.631,84.23,2.289
2003-08-12,25.622,1.443,82.19,2.564
2003-08-13,25.549,1.721,82.42,2.644
2003-08-14,25.142,1.051,78.58,3.256
2003-08-15,25.009,0.071,77.11,3.441
2003-08-16,25.33,1.381,76.05,4.046
2003-08-17,24.969,1.291,77.3,3.94
2003-08-18,25.147,0.093,74.75,4.056
2003-08-19,25.341,0.94,77.46,3.538
2003-08-20,25.387,1.243,80.0,2.651
2003-08-21,25.89,2.007,80.33,1.307
2003-08-22,26.781,0.81,77.14,1.522
2003-08-23,27.435,5.783,75.94,1.941
2003-08-24,24.803,24.569,90.45,1.796
2003-08-25,24.257,6.15,90.21,2.538
2003-08-26,23.312,3.326,90.72,3.54
2003-08-27,23.47,5.312,87.98,2.913
2003-08-28,23.7,4.898,88.65,2.593
2003-08-29,24.664,5.282,86.18,1.85
2003-08-30,23.406,27.042,93.89,2.388
2003-08-31,24.407,2.102,80.98,3.401
2003-09-01,24.837,0.531,78.68,3.51
2003-09-02,24.9,0.439,77.97,2.725
2003-09-03,24.92,0.372,78.75,2.148
2003-09-04,24.915,0.261,76.41,2.334
2003-09-05,24.619,0.41,76.61,2.291
2003-09-06,24.378,0.536,75.59,2.654
2003-09-07,24.207,0.51,74.72,3.545
2003-09-08,24.256,0.282,73.91,3.615
2003-09-09,24.416,0.041,74.11,2.801
2003-09-10,24.636,0.165,75.01,2.548
2003-09-11,24.48,0.048,74.9,3.139
2003-09-12,24.19,0.259,74.91,2.632
2003-09-13,24.279,0.316,73.52,2.112
2003-09-14,24.709,0.985,73.61,2.057
2003-09-15,24.233,3.116,79.28,2.414
2003-09-16,24.873,0.887,75.74,2.365
2003-09-17,25.506,1.36,76.94,2.302
2003-09-18,25.48,4.356,80.1,2.233
2003-09-19,26.261,1.354,76.8,2.929
2003-09-20,26.423,0.705,75.07,2.523
2003-09-21,26.627,0.569,73.71,2.061
2003-09-22,26.569,1.614,73.16,2.325
2003-09-23,25.894,5.067,74.44,2.192
2003-09-24,25.285,4.362,75.48,1.574
2003-09-25,25.526,2.296,76.38,1.141
2003-09-26,25.764,0.173,70.57,1.754
2003-09-27,25.807,0.058,66.61,1.185
2003-09-28,25.86,0.061,64.77,1.116
2003-09-29,25.904,0.32,68.35,0.615
2003-09-30,25.5,1.492,70.4,0.164
2003-10-01,25.926,0.321,65.31,0.206
2003-10-02,26.035,0.096,56.96,0.447
2003-10-03,25.633,0.002,39.2,1.523
2003-10-04,25.263,0.001,37.46,1.348
2003-10-05,24.652,0.001,40.38,1.455
2003-10-06,24.069,0.0,40.6,1.907
2003-10-07,24.998,0.0,49.59,1.92
2003-10-08,25.969,0.002,46.32,1.686
2003-10-09,26.125,0.001,41.81,1.35
2003-10-10,26.246,0.002,35.38,3.07
2003-10-11,25.095,0.001,34.97,2.748
2003-10-12,24.687,0.0,36.24,1.114
2003-10-13,25.418,0.0,31.91,1.569
2003-10-14,25.555,0.0,29.57,1.277
2003-10-15,25.63,0.001,32.69,0.476
2003-10-16,25.463,0.003,36.22,1.299
2003-10-17,25.437,0.001,35.79,1.392
2003-10-18,25.05,0.0,31.35,1.285
2003-10-19,24.73,0.001,27.09,1.367
2003-10-20,24.856,0.0,29.68,0.871
2003-10-21,24.928,0.003,26.07,0.717
2003-10-22,24.531,0.001,25.11,1.409
2003-10-23,24.172,0.0,26.42,1.448
2003-10-24,24.064,0.001,27.13,0.937
2003-10-25,23.978,0.002,25.28,1.133
2003-10-26,24.018,0.003,25.73,1.132
2003-10-27,23.894,0.0,30.74,1.245
2003-10-28,22.873,0.002,40.41,2.184
2003-10-29,22.612,0.0,41.36,1.905
2003-10-30,23.1,0.001,41.98,1.225
2003-10-31,23.082,0.0,36.61,1.347
2003-11-01,23.497,0.001,36.89,1.895
2003-11-02,24.252,0.0,37.87,2.44
2003-11-03,24.629,0.001,39.89,1.818
2003-11-04,24.789,0.002,43.2,1.227
2003-11-05,24.463,0.002,43.06,1.731
2003-11-06,23.58,0.0,42.6,1.727
2003-11-07,22.955,0.002,42.42,1.989
2003-11-08,24.068,0.005,41.46,0.746
2003-11-09,23.454,0.003,34.74,1.613
2003-11-10,21.852,0.001,28.85,1.556
2003-11-11,20.738,0.001,29.6,1.015
2003-11-12,20.481,0.0,34.07,1.432
2003-11-13,20.921,0.001,39.8,1.043
2003-11-14,21.547,0.0,41.56,0.685
2003-11-15,21.484,0.001,43.88,0.915
2003-11-16,21.156,0.001,48.13,1.961
2003-11-17,20.737,0.002,54.9,1.8
2003-11-18,19.816,0.002,44.7,2.084
2003-11-19,18.846,0.001,41.73,2.114
2003-11-20,18.33,0.0,42.65,2.126
2003-11-21,19.716,0.0,47.33,0.063
2003-11-22,20.342,0.0,46.29,0.494
2003-11-23,19.953,0.0,46.61,0.743
2003-11-24,20.039,0.0,55.99,1.941
2003-11-25,19.111,0.001,46.85,1.786
2003-11-26,19.184,0.0,42.37,0.593
2003-11-27,18.824,0.002,47.67,1.016
2003-11-28,18.486,-0.0,47.47,1.852
2003-11-29,18.658,0.001,44.76,1.842
2003-11-30,18.492,0.002,45.87,1.448
2003-12-01,19.099,0.001,43.81,0.857
2003-12-02,18.964,0.001,42.75,0.495
2003-12-03,19.713,0.001,40.82,0.193
2003-12-04,20.08,0.003,39.33,0.128
2003-12-05,20.768,0.0,35.85,0.786
2003-12-06,20.914,0.001,34.73,1.425
2003-12-07,21.124,0.001,34.46,1.185
2003-12-08,21.698,0.001,36.31,1.691
2003-12-09,20.941,0.001,41.79,2.418
2003-12-10,18.198,0.001,52.08,1.796
2003-12-11,18.433,0.0,48.61,1.174
2003-12-12,19.367,0.002,50.46,0.856
2003-12-13,19.217,0.001,49.96,0.832
2003-12-14,19.087,0.0,51.7,0.776
2003-12-15,17.375,0.057,61.27,1.957
2003-12-16,14.608,0.002,48.47,2.603
2003-12-17,13.621,0.0,44.66,1.943
2003-12-18,13.816,0.001,40.39,1.726
2003-12-19,14.258,0.0,45.03,1.806
2003-12-20,14.389,0.001,48.34,1.121
2003-12-21,14.786,0.001,51.82,1.548
2003-12-22,15.347,0.001,53.11,1.391
2003-12-23,15.739,0.0,53.14,0.477
2003-12-24,15.195,0.001,63.95,1.849
2003-12-25,14.739,0.0,57.9,1.366
2003-12-26,15.439,0.052,59.01,0.963
2003-12-27,13.709,0.075,60.23,2.11
2003-12-28,12.289,0.0,44.96,2.205
2003-12-29,13.653,0.001,39.54,1.763
2003-12-30,14.54,0.0,42.39,1.356
2003-12-31,16.012,0.001,40.38,0.334
2004-01-01,15.85,0.0,39.66,0.847
2004-01-02,15.319,0.0,57.6,1.522
2004-01-03,14.592,0.0,63.69,2.238
2004-01-04,13.741,0.0,55.41,2.614
2004-01-05,13.836,0.004,50.67,2.545
2004-01-06,13.97,0.121,59.19,2.644
2004-01-07,13.845,0.001,41.58,2.342
2004-01-08,14.748,0.002,36.16,1.712
2004-01-09,16.304,0.002,32.31,0.976
2004-01-10,17.604,0.001,30.17,0.732
2004-01-11,18.587,0.002,31.94,0.846
2004-01-12,19.547,0.001,33.9,0.917
2004-01-13,19.7,0.0,36.89,1.671
2004-01-14,19.763,0.002,34.35,1.199
2004-01-15,21.059,0.002,30.43,0.494
2004-01-16,20.522,0.001,33.75,0.964
2004-01-17,18.407,0.003,46.62,2.534
2004-01-18,16.512,0.0,41.94,1.629
2004-01-19,15.682,0.0,43.81,0.719
2004-01-20,16.42,1.055,51.29,1.503
2004-01-21,16.179,0.002,53.4,1.336
2004-01-22,15.109,0.206,60.65,1.109
2004-01-23,13.504,0.117,58.09,1.768
2004-01-24,13.239,0.021,43.68,1.837
2004-01-25,13.701,0.0,43.95,0.972
2004-01-26,14.499,0.001,43.11,1.172
2004-01-27,14.232,0.002,43.97,1.58
2004-01-28,15.481,0.0,41.69,1.131
2004-01-29,16.706,0.013,46.16,0.873
2004-01-30,16.485,0.029,47.0,1.866
2004-01-31,13.664,0.0,44.61,1.634
2004-02-01,12.581,0.001,38.78,2.403
2004-02-02,12.271,0.0,35.59,2.185
2004-02-03,14.031,0.001,28.14,0.823
2004-02-04,15.986,0.0,20.41,1.106
2004-02-05,16.612,0.001,23.04,1.634
2004-02-06,16.464,0.0,22.0,1.374
2004-02-07,17.011,0.001,18.4,0.571
2004-02-08,18.206,0.001,21.37,1.191
2004-02-09,18.488,0.002,35.86,2.042
2004-02-10,16.482,0.001,32.03,2.018
2004-02-11,16.567,0.001,40.91,1.423
2004-02-12,17.68,0.0,36.55,2.089
2004-02-13,18.94,0.001,38.77,1.662
2004-02-14,19.814,0.002,37.95,1.717
2004-02-15,19.843,0.0,26.91,1.195
2004-02-16,20.875,0.0,27.48,0.93
2004-02-17,21.662,0.001,31.16,1.984
2004-02-18,20.472,0.001,38.09,2.128
2004-02-19,20.819,0.001,33.15,1.63
2004-02-20,21.32,0.001,26.61,1.282
2004-02-21,22.154,0.001,26.72,0.901
2004-02-22,22.582,0.002,27.45,1.838
2004-02-23,22.036,0.002,29.85,1.398
2004-02-24,23.265,0.0,26.29,0.909
2004-02-25,24.626,0.0,24.67,0.616
2004-02-26,24.273,0.003,25.56,1.62
2004-02-27,22.895,0.0,25.46,2.9
2004-02-28,22.796,0.001,23.03,2.202
2004-02-29,22.819,0.001,23.65,1.854
2004-03-01,22.87,0.002,17.99,1.788
2004-03-02,22.318,0.002,20.54,1.634
2004-03-03,22.843,0.001,20.19,1.217
2004-03-04,24.517,0.001,19.03,1.125
2004-03-05,24.565,0.0,15.76,1.616
2004-03-06,24.066,0.001,16.68,2.427
2004-03-07,25.319,0.0,16.22,1.701
2004-03-08,25.059,0.001,17.07,1.718
2004-03-09,24.516,0.0,24.67,1.394
2004-03-10,25.222,0.001,20.47,1.098
2004-03-11,25.839,0.0,19.88,2.253
2004-03-12,26.971,0.002,22.9,1.434
2004-03-13,26.949,0.001,18.48,2.328
2004-03-14,27.072,0.001,20.98,2.111
2004-03-15,28.679,0.001,21.2,1.787
2004-03-16,28.774,0.0,16.46,2.373
2004-03-17,28.461,0.001,12.75,2.703
2004-03-18,28.059,0.002,14.21,2.609
2004-03-19,29.132,0.001,16.39,2.229
2004-03-20,29.417,0.001,16.83,2.549
2004-03-21,30.241,0.002,15.53,2.799
2004-03-22,30.473,-0.0,18.78,3.039
2004-03-23,29.059,0.0,18.21,3.324
2004-03-24,26.71,0.001,16.16,2.821
2004-03-25,24.651,0.001,12.28,2.268
2004-03-26,24.14,0.003,13.86,2.111
2004-03-27,25.36,0.0,13.5,1.534
2004-03-28,26.701,0.0,13.66,1.403
2004-03-29,27.747,0.001,11.97,1.345
2004-03-30,28.288,0.002,11.99,1.018
2004-03-31,28.498,0.001,14.1,1.514
2004-04-01,27.06,0.0,27.06,2.443
2004-04-02,27.614,0.0,27.2,3.285
2004-04-03,28.927,0.031,27.24,2.477
2004-04-04,29.483,0.187,23.94,2.095
2004-04-05,30.019,0.039,20.05,2.796
2004-04-06,30.298,0.001,20.26,3.238
2004-04-07,29.917,0.002,24.31,3.192
2004-04-08,29.547,0.002,33.5,2.781
2004-04-09,29.809,0.019,28.47,2.754
2004-04-10,29.942,0.0,28.87,2.428
2004-04-11,30.411,0.0,27.75,2.758
2004-04-12,31.161,0.0,21.53,3.508
2004-04-13,31.867,0.003,21.75,4.005
2004-04-14,32.39,0.002,20.62,4.373
2004-04-15,32.212,0.002,24.39,4.232
2004-04-16,31.729,0.0,22.75,4.759
2004-04-17,29.312,0.001,24.44,4.09
2004-04-18,29.327,0.0,23.01,3.469
2004-04-19,29.766,0.001,27.9,2.619
2004-04-20,31.19,0.003,24.95,2.492
2004-04-21,31.057,0.0,19.49,2.904
2004-04-22,30.428,0.016,22.56,2.447
2004-04-23,30.149,0.0,18.14,1.62
2004-04-24,31.362,0.001,15.34,2.237
2004-04-25,31.106,0.001,15.01,1.887
2004-04-26,32.445,0.0,15.95,2.596
2004-04-27,32.729,0.0,17.14,3.207
2004-04-28,32.3,0.001,19.34,3.592
2004-04-29,31.601,0.02,24.51,3.418
2004-04-30,29.014,0.138,28.05,3.583
2004-05-01,28.129,0.0,11.06,1.004
2004-05-02,29.048,0.001,12.74,1.71
2004-05-03,30.83,0.001,10.68,0.454
2004-05-04,32.405,0.0,10.52,1.43
2004-05-05,33.384,0.001,11.73,1.541
2004-05-06,33.184,0.001,11.11,2.156
2004-05-07,34.402,0.002,14.79,1.349
2004-05-08,31.964,0.163,27.79,0.13
2004-05-09,32.574,0.01,28.86,1.592
2004-05-10,32.026,0.04,33.17,2.475
2004-05-11,30.643,0.376,48.8,2.835
2004-05-12,29.781,1.574,55.43,3.27
2004-05-13,28.803,0.918,62.44,3.741
2004-05-14,30.029,0.002,45.38,3.717
2004-05-15,30.315,-0.0,43.31,3.486
2004-05-16,31.875,0.088,36.39,3.377
2004-05-17,32.631,0.002,25.12,4.084
2004-05-18,32.894,0.003,19.26,4.813
2004-05-19,31.998,0.0,29.03,5.891
2004-05-20,30.487,0.0,43.34,5.982
2004-05-21,30.549,0.0,41.13,5.351
2004-05-22,30.496,0.001,41.34,5.255
2004-05-23,30.842,0.0,41.66,5.031
2004-05-24,31.421,0.016,38.81,3.519
2004-05-25,31.532,0.079,35.97,3.565
2004-05-26,31.4,0.006,36.14,3.674
2004-05-27,31.289,0.001,33.69,3.293
2004-05-28,32.25,0.002,26.88,3.37
2004-05-29,32.534,0.0,23.08,3.516
2004-05-30,33.506,0.001,24.37,3.284
2004-05-31,32.895,0.001,27.23,3.684
2004-06-01,33.343,0.003,32.73,3.855
2004-06-02,33.675,0.015,30.52,3.749
2004-06-03,33.072,0.0,26.5,4.578
2004-06-04,32.038,0.019,37.71,4.42
2004-06-05,32.098,0.002,34.99,4.099
2004-06-06,32.279,0.001,32.17,4.034
2004-06-07,32.83,0.032,35.26,3.206
2004-06-08,30.515,4.143,49.43,1.872
2004-06-09,29.874,3.632,52.56,0.169
2004-06-10,30.822,0.066,46.15,1.197
2004-06-11,32.162,0.001,37.93,1.586
2004-06-12,31.131,0.592,48.32,0.822
2004-06-13,32.39,0.494,41.92,1.279
2004-06-14,30.811,2.061,50.54,0.903
2004-06-15,29.826,4.412,59.24,1.419
2004-06-16,28.451,8.296,69.95,1.167
2004-06-17,28.555,6.339,74.11,2.405
2004-06-18,28.892,0.056,62.33,4.528
2004-06-19,28.257,0.027,59.72,5.259
2004-06-20,28.246,0.035,59.69,5.663
2004-06-21,28.184,0.027,59.51,6.074
2004-06-22,28.275,0.07,58.71,6.157
2004-06-23,28.103,0.121,58.06,6.064
2004-06-24,27.898,0.524,61.01,5.525
2004-06-25,28.342,0.224,60.16,4.44
2004-06-26,28.792,0.366,58.09,4.033
2004-06-27,28.574,1.814,61.31,3.082
2004-06-28,28.284,2.068,62.41,2.911
2004-06-29,28.727,1.888,61.46,3.098
2004-06-30,29.759,0.24,56.41,3.703
2004-07-01,29.968,0.16,52.04,3.371
2004-07-02,30.533,0.171,51.0,2.827
2004-07-03,30.929,0.366,52.54,2.139
2004-07-04,28.761,20.475,67.0,1.316
2004-07-05,26.008,36.531,87.23,1.595
2004-07-06,25.724,11.742,85.88,3.186
2004-07-07,27.024,0.07,70.24,4.547
2004-07-08,26.674,0.223,69.97,4.914
2004-07-09,26.504,0.727,70.07,4.825
2004-07-10,26.628,0.556,67.43,4.451
2004-07-11,26.851,0.111,64.38,4.265
2004-07-12,27.009,0.038,62.32,3.856
2004-07-13,27.195,0.012,62.64,3.722
2004-07-14,27.392,0.018,61.17,3.391
2004-07-15,28.544,0.005,58.59,3.037
2004-07-16,29.376,0.779,59.71,1.856
2004-07-17,27.763,6.991,71.38,2.651
2004-07-18,26.695,8.278,76.65,3.255
2004-07-19,26.819,0.972,72.68,3.995
2004-07-20,27.665,0.047,61.99,3.916
2004-07-21,27.952,0.001,55.47,3.935
2004-07-22,27.954,0.002,51.33,3.312
2004-07-23,28.753,0.002,46.45,2.479
2004-07-24,29.88,0.026,48.83,3.231
2004-07-25,30.189,0.412,50.18,3.615
2004-07-26,26.771,3.576,60.5,3.811
2004-07-27,25.562,3.8,70.98,3.407
2004-07-28,25.542,3.285,73.93,2.743
2004-07-29,26.997,13.052,73.54,1.597
2004-07-30,25.959,15.98,80.51,1.825
2004-07-31,24.039,9.22,90.68,3.213
2004-08-01,23.139,12.991,93.76,2.66
2004-08-02,24.994,4.075,83.5,2.474
2004-08-03,25.535,8.385,84.55,2.091
2004-08-04,26.08,3.113,84.71,0.683
2004-08-05,27.011,3.19,81.27,1.797
2004-08-06,25.87,17.521,85.29,0.882
2004-08-07,24.369,9.614,91.03,1.626
2004-08-08,23.517,51.727,94.91,2.929
2004-08-09,24.894,1.029,82.61,3.504
2004-08-10,24.735,4.979,85.51,2.805
2004-08-11,24.425,39.352,90.5,2.226
2004-08-12,23.071,13.832,95.25,2.748
2004-08-13,23.495,17.531,94.99,1.568
2004-08-14,23.283,11.016,94.07,1.988
2004-08-15,24.363,6.922,87.08,2.843
2004-08-16,22.685,31.857,94.21,3.253
2004-08-17,23.557,8.07,89.13,2.025
2004-08-18,24.573,3.817,84.43,2.768
2004-08-19,25.168,1.007,81.48,3.419
2004-08-20,25.218,1.803,81.98,2.666
2004-08-21,25.312,1.552,83.0,2.403
2004-08-22,25.225,1.681,81.84,3.02
2004-08-23,24.379,10.998,87.52,2.704
2004-08-24,24.887,2.945,83.08,3.521
2004-08-25,24.974,0.282,78.31,4.452
2004-08-26,24.485,0.039,77.02,3.953
2004-08-27,24.485,0.029,77.53,3.837
2004-08-28,24.966,0.013,75.6,3.448
2004-08-29,24.536,0.014,75.58,3.321
2004-08-30,24.343,0.011,75.68,3.148
2004-08-31,24.239,0.008,74.04,3.17
2004-09-01,24.311,0.003,73.4,2.298
2004-09-02,24.803,0.301,74.53,1.531
2004-09-03,25.461,0.189,71.31,1.958
2004-09-04,25.481,0.321,70.97,2.123
2004-09-05,25.374,0.268,71.5,1.248
2004-09-06,26.017,0.275,70.34,1.17
2004-09-07,27.11,0.0,61.23,1.767
2004-09-08,27.5,0.001,56.22,3.163
2004-09-09,26.491,-0.0,62.67,3.622
2004-09-10,25.685,0.002,66.02,3.187
2004-09-11,25.169,0.006,66.84,2.641
2004-09-12,25.941,0.019,65.41,1.849
2004-09-13,26.584,0.103,62.3,1.819
2004-09-14,26.341,0.428,63.87,2.067
2004-09-15,25.801,0.14,63.17,2.395
2004-09-16,25.347,0.234,66.88,1.316
2004-09-17,26.069,0.597,68.26,0.586
2004-09-18,27.213,0.477,63.6,1.43
2004-09-19,27.583,0.441,62.16,1.407
2004-09-20,27.984,0.188,59.28,1.55
2004-09-21,27.951,0.333,60.17,0.836
2004-09-22,27.006,0.044,61.03,0.746
2004-09-23,27.666,0.055,54.47,0.767
2004-09-24,27.929,0.255,53.53,0.5
2004-09-25,28.025,0.275,53.38,0.312
2004-09-26,27.782,0.13,54.35,1.098
2004-09-27,28.127,0.031,50.32,0.194
2004-09-28,27.831,1.216,58.0,1.291
2004-09-29,27.013,3.978,66.04,0.974
2004-09-30,26.251,2.139,67.91,0.38
2004-10-01,26.12,6.179,73.03,0.577
2004-10-02,24.871,15.431,80.61,0.196
2004-10-03,24.914,3.726,80.79,0.349
2004-10-04,24.556,10.475,83.89,0.482
2004-10-05,24.851,2.4,78.45,0.561
2004-10-06,25.045,0.011,58.0,0.434
2004-10-07,25.492,0.009,59.57,2.363
2004-10-08,25.695,0.028,63.92,2.525
2004-10-09,25.037,0.845,75.5,2.749
2004-10-10,24.621,2.68,75.53,2.584
2004-10-11,23.442,0.489,47.16,1.513
2004-10-12,22.072,0.002,41.46,1.403
2004-10-13,22.371,0.001,52.67,0.898
2004-10-14,22.739,0.0,46.55,0.68
2004-10-15,22.716,0.0,43.66,0.389
2004-10-16,23.325,0.002,40.04,0.181
2004-10-17,23.037,0.001,42.05,0.912
2004-10-18,24.224,0.002,42.96,0.229
2004-10-19,24.974,0.0,39.07,0.34
2004-10-20,25.202,0.001,38.44,0.23
2004-10-21,25.061,0.001,36.41,1.211
2004-10-22,24.2,0.002,32.62,1.661
2004-10-23,22.987,0.0,39.44,1.592
2004-10-24,23.147,0.001,34.03,1.528
2004-10-25,22.872,0.0,34.04,1.148
2004-10-26,23.448,0.001,33.28,0.439
2004-10-27,23.301,0.0,33.66,1.209
2004-10-28,22.935,0.003,32.17,0.64
2004-10-29,21.668,0.0,34.06,1.306
2004-10-30,21.046,0.003,37.96,1.202
2004-10-31,21.888,0.001,41.23,0.828
2004-11-01,22.179,0.0,37.4,0.51
2004-11-02,21.727,0.0,35.43,1.411
2004-11-03,20.594,0.002,39.75,1.897
2004-11-04,19.99,0.002,33.39,1.639
2004-11-05,19.307,0.0,33.95,1.592
2004-11-06,19.87,0.003,36.89,1.608
2004-11-07,20.132,0.001,37.72,1.564
2004-11-08,19.837,0.001,39.01,1.57
2004-11-09,20.085,0.001,37.0,1.626
2004-11-10,21.061,0.001,40.85,1.337
2004-11-11,21.705,0.001,42.37,1.173
2004-11-12,22.163,0.001,47.48,1.779
2004-11-13,21.949,0.001,41.66,1.626
2004-11-14,21.902,0.0,33.08,0.683
2004-11-15,22.465,0.0,29.17,0.654
2004-11-16,22.361,0.001,30.73,0.36
2004-11-17,23.201,0.0,33.15,0.394
2004-11-18,23.203,0.001,39.22,1.497
2004-11-19,22.992,0.0,33.96,0.598
2004-11-20,22.835,0.001,33.29,0.308
2004-11-21,22.676,0.001,39.62,0.169
2004-11-22,22.467,0.0,40.08,0.526
2004-11-23,22.099,0.0,41.7,0.75
2004-11-24,21.877,0.0,42.97,0.279
2004-11-25,21.911,0.001,44.24,0.449
2004-11-26,21.983,0.002,43.31,0.383
2004-11-27,21.148,0.001,43.67,1.01
2004-11-28,19.849,0.001,49.71,1.143
2004-11-29,19.644,0.001,42.35,0.639
2004-11-30,19.975,0.002,39.61,0.682
2004-12-01,19.801,0.001,48.36,0.692
2004-12-02,19.334,0.002,48.35,1.049
2004-12-03,19.498,0.0,49.28,0.421
2004-12-04,19.513,0.002,48.68,1.013
2004-12-05,18.955,-0.0,44.81,1.291
2004-12-06,18.788,0.0,41.83,0.914
2004-12-07,18.829,0.0,46.69,1.158
2004-12-08,19.111,0.001,44.04,0.989
2004-12-09,19.313,0.0,38.93,0.519
2004-12-10,18.613,0.001,42.57,1.053
2004-12-11,17.628,0.001,42.1,1.229
2004-12-12,17.614,0.0,44.27,1.654
2004-12-13,17.941,0.001,48.99,1.033
2004-12-14,19.087,0.0,39.8,0.504
2004-12-15,19.355,0.002,34.96,0.551
2004-12-16,19.847,0.0,34.14,0.305
2004-12-17,19.827,0.0,37.3,0.705
2004-12-18,19.152,0.002,39.71,0.892
2004-12-19,18.542,0.0,42.26,2.573
2004-12-20,17.17,0.001,45.2,0.771
2004-12-21,16.009,0.009,48.12,1.459
2004-12-22,16.552,0.001,44.99,0.815
2004-12-23,15.927,0.002,42.35,0.808
2004-12-24,15.466,0.0,61.9,1.679
2004-12-25,14.691,0.003,56.0,1.97
2004-12-26,12.997,0.003,42.84,1.55
2004-12-27,14.449,0.0,44.79,1.699
2004-12-28,16.857,0.001,53.48,1.536
2004-12-29,18.768,0.002,56.78,1.217
2004-12-30,18.781,1.257,61.78,2.121
2004-12-31,17.05,0.07,58.02,3.918
2005-01-01,14.246,0.001,40.29,1.062
2005-01-02,14.459,0.001,45.88,0.711
2005-01-03,13.595,0.001,46.13,2.285
2005-01-04,13.324,0.001,56.05,1.793
2005-01-05,14.986,0.001,53.19,0.431
2005-01-06,14.646,0.001,54.21,2.083
2005-01-07,14.13,-0.0,45.45,1.655
2005-01-08,16.181,0.0,40.07,0.226
2005-01-09,16.862,0.001,42.66,1.251
2005-01-10,15.465,0.0,49.0,2.072
2005-01-11,13.752,0.002,44.37,1.576
2005-01-12,14.187,0.001,43.06,1.296
2005-01-13,15.87,0.002,38.9,0.216
2005-01-14,16.858,0.001,39.43,0.866
2005-01-15,16.466,0.042,46.97,1.626
2005-01-16,15.896,0.016,44.59,1.506
2005-01-17,13.604,0.075,52.52,2.478
2005-01-18,12.726,0.001,40.13,1.698
2005-01-19,12.805,0.0,42.31,1.486
2005-01-20,13.881,0.005,37.48,1.503
2005-01-21,13.551,1.261,52.33,0.773
2005-01-22,14.622,0.0,52.3,1.922
2005-01-23,12.48,0.002,41.96,1.819
2005-01-24,13.888,0.001,42.48,1.244
2005-01-25,11.93,4.117,73.96,1.395
2005-01-26,14.585,0.169,64.65,0.264
2005-01-27,15.116,0.17,55.88,2.17
2005-01-28,12.593,0.0,39.65,1.469
2005-01-29,11.968,0.0,42.77,2.231
2005-01-30,13.306,0.002,56.01,2.225
2005-01-31,13.686,0.015,51.64,2.119
2005-02-01,13.352,0.001,41.4,1.498
2005-02-02,14.386,0.001,35.36,0.445
2005-02-03,15.805,0.001,38.49,1.138
2005-02-04,16.531,0.0,43.35,1.704
2005-02-05,17.897,0.059,55.56,1.351
2005-02-06,18.32,0.002,56.04,2.587
2005-02-07,18.781,0.005,58.65,2.595
2005-02-08,19.606,0.0,53.4,0.592
2005-02-09,19.649,0.057,57.84,1.194
2005-02-10,20.908,0.2,52.45,1.213
2005-02-11,20.173,0.003,49.69,1.379
2005-02-12,20.638,0.001,52.95,1.874
2005-02-13,20.693,0.0,43.58,0.884
2005-02-14,21.403,0.0,39.78,2.484
2005-02-15,20.665,0.031,52.39,5.019
2005-02-16,18.249,0.001,37.83,1.396
2005-02-17,16.613,0.001,32.77,2.931
2005-02-18,15.056,0.003,26.2,2.62
2005-02-19,11.657,0.003,21.76,2.061
2005-02-20,12.168,0.001,23.99,2.515
2005-02-21,12.71,0.0,30.71,2.725
2005-02-22,13.783,0.0,28.42,2.164
2005-02-23,15.338,0.001,28.47,1.331
2005-02-24,18.291,0.001,26.11,0.603
2005-02-25,19.796,0.0,31.09,0.947
2005-02-26,21.474,0.0,33.19,0.668
2005-02-27,23.115,0.004,32.12,0.264
2005-02-28,23.928,0.002,30.01,0.634
2005-03-01,24.122,0.003,30.06,1.463
2005-03-02,24.137,0.006,35.6,0.942
2005-03-03,24.301,0.234,36.67,1.395
2005-03-04,22.496,1.367,40.23,1.677
2005-03-05,21.975,0.003,29.59,1.573
2005-03-06,22.48,0.0,27.88,1.034
2005-03-07,23.124,0.038,35.34,1.502
2005-03-08,22.252,0.679,42.22,1.927
2005-03-09,20.967,1.487,44.87,2.376
2005-03-10,19.927,0.198,41.7,2.12
2005-03-11,20.277,0.002,41.27,1.96
2005-03-12,21.379,0.0,35.98,1.409
2005-03-13,22.749,0.0,31.05,0.764
2005-03-14,24.343,0.002,25.44,0.992
2005-03-15,25.378,0.0,23.81,2.23
2005-03-16,25.904,0.002,27.68,2.121
2005-03-17,26.17,-0.0,23.88,2.12
2005-03-18,25.548,0.0,22.31,3.051
2005-03-19,26.62,0.024,29.82,2.7
2005-03-20,27.567,0.003,31.86,3.149
2005-03-21,26.559,0.001,31.17,3.723
2005-03-22,24.998,0.001,31.73,2.1
2005-03-23,23.872,0.0,22.45,2.039
2005-03-24,23.587,0.0,19.6,1.807
2005-03-25,25.42,0.003,21.28,1.414
2005-03-26,27.331,0.003,29.85,3.441
2005-03-27,25.789,0.001,31.8,2.743
2005-03-28,26.499,0.001,28.28,1.681
2005-03-29,25.646,0.0,16.52,2.305
2005-03-30,24.488,0.001,14.11,2.532
2005-03-31,23.983,0.001,15.56,2.155
2005-04-01,24.478,0.001,12.6,1.426
2005-04-02,26.585,0.002,13.4,0.811
2005-04-03,27.928,0.001,12.08,1.314
2005-04-04,28.852,0.002,12.8,0.55
2005-04-05,28.798,0.0,13.54,1.554
2005-04-06,29.591,0.0,14.7,3.386
2005-04-07,27.804,0.0,17.16,4.102
2005-04-08,24.857,0.001,11.95,2.943
2005-04-09,23.706,0.0,10.71,2.381
2005-04-10,22.693,0.0,10.32,1.882
2005-04-11,23.056,0.0,12.07,2.348
2005-04-12,24.942,0.001,12.18,1.584
2005-04-13,26.936,0.001,12.96,0.276
2005-04-14,28.008,0.0,12.48,2.68
2005-04-15,28.207,0.0,16.42,2.622
2005-04-16,28.684,0.002,14.72,2.381
2005-04-17,29.071,0.0,12.61,1.305
2005-04-18,29.295,0.0,12.67,2.021
2005-04-19,30.028,0.001,14.25,1.805
2005-04-20,31.016,0.001,14.56,0.876
2005-04-21,31.208,0.002,19.78,2.232
2005-04-22,30.541,0.006,23.12,2.587
2005-04-23,29.611,1.526,25.99,2.579
2005-04-24,29.011,0.017,23.61,2.931
2005-04-25,28.57,1.651,28.82,2.651
2005-04-26,29.505,0.011,30.39,2.941
2005-04-27,28.005,4.698,40.05,2.181
2005-04-28,28.506,1.111,34.21,3.066
2005-04-29,25.148,6.659,60.81,1.246
2005-04-30,27.029,0.912,46.1,0.87
2005-05-01,26.934,2.8,47.63,1.031
2005-05-02,27.702,0.012,35.18,2.071
2005-05-03,27.088,1.878,38.15,1.344
2005-05-04,27.446,0.151,36.2,2.169
2005-05-05,28.034,0.103,39.59,2.766
2005-05-06,29.382,0.201,38.41,2.986
2005-05-07,29.936,0.127,36.95,3.622
2005-05-08,29.648,0.0,35.0,3.282
2005-05-09,29.325,0.0,22.25,3.447
2005-05-10,30.025,0.001,17.65,3.113
2005-05-11,30.092,0.001,20.29,3.43
2005-05-12,30.65,0.0,17.56,3.479
2005-05-13,31.651,0.0,22.85,3.947
2005-05-14,32.32,0.002,23.09,3.406
2005-05-15,32.597,-0.0,22.37,3.58
2005-05-16,33.318,0.001,22.41,3.921
2005-05-17,31.872,0.001,23.1,4.031
2005-05-18,31.646,0.003,32.65,3.026
2005-05-19,33.168,0.036,25.7,3.008
2005-05-20,34.419,0.001,20.53,3.32
2005-05-21,34.255,0.003,20.64,3.737
2005-05-22,33.021,0.0,23.85,4.12
2005-05-23,32.673,0.003,27.93,3.368
2005-05-24,32.979,0.068,22.49,2.166
2005-05-25,32.877,0.002,19.14,2.83
2005-05-26,32.184,0.091,22.81,2.98
2005-05-27,32.166,0.449,24.56,2.075
2005-05-28,31.114,1.141,27.11,1.358
2005-05-29,30.877,0.735,26.14,1.996
2005-05-30,30.954,0.015,26.09,2.059
2005-05-31,32.276,0.0,20.31,2.16
2005-06-01,33.507,0.0,19.83,2.631
2005-06-02,32.664,0.055,27.6,3.868
2005-06-03,32.175,0.001,28.81,3.936
2005-06-04,32.913,0.001,31.43,4.09
2005-06-05,33.438,0.001,27.72,3.865
2005-06-06,32.737,0.0,27.8,3.763
2005-06-07,31.958,0.031,34.36,3.072
2005-06-08,32.547,0.121,36.31,2.051
2005-06-09,32.945,0.008,32.98,3.109
2005-06-10,33.178,0.0,26.7,3.851
2005-06-11,33.071,0.0,26.25,4.208
2005-06-12,32.588,0.025,28.8,4.139
2005-06-13,30.48,2.645,44.83,2.257
2005-06-14,31.348,0.629,41.74,2.602
2005-06-15,32.14,0.008,33.22,3.365
2005-06-16,32.205,0.001,31.75,3.487
2005-06-17,32.385,0.001,29.02,3.449
2005-06-18,32.967,0.016,31.55,2.272
2005-06-19,33.033,1.032,39.84,1.394
2005-06-20,32.325,2.181,48.06,0.847
2005-06-21,32.243,0.694,48.31,2.02
2005-06-22,31.627,1.148,51.01,2.525
2005-06-23,30.035,2.241,59.99,3.151
2005-06-24,29.211,7.324,67.53,3.191
2005-06-25,29.746,0.57,64.49,3.143
2005-06-26,28.655,2.806,68.36,3.259
2005-06-27,27.818,5.63,73.93,1.855
2005-06-28,27.112,8.868,79.42,0.957
2005-06-29,27.096,8.752,79.51,0.591
2005-06-30,26.455,10.384,82.61,0.9
2005-07-01,26.393,6.304,81.65,1.815
2005-07-02,25.755,1.045,78.05,3.273
2005-07-03,26.38,0.905,74.41,3.622
2005-07-04,27.329,0.404,70.97,3.552
2005-07-05,27.181,1.848,72.08,2.809
2005-07-06,26.898,3.037,74.65,3.671
2005-07-07,27.342,0.976,71.98,3.755
2005-07-08,27.462,0.579,68.65,3.314
2005-07-09,28.167,0.692,64.18,3.387
2005-07-10,28.672,0.213,62.75,3.366
2005-07-11,28.319,0.003,61.03,3.719
2005-07-12,28.217,0.31,63.89,4.07
2005-07-13,28.003,0.457,65.46,4.166
2005-07-14,27.736,0.218,66.82,4.199
2005-07-15,27.499,3.725,70.29,4.064
2005-07-16,26.782,5.958,71.96,3.747
2005-07-17,25.027,7.599,83.54,3.038
2005-07-18,26.876,0.749,70.52,3.061
2005-07-19,28.481,0.018,60.15,3.885
2005-07-20,28.017,0.007,61.19,4.221
2005-07-21,27.637,0.119,63.12,4.302
2005-07-22,28.118,0.05,60.35,4.054
2005-07-23,28.658,0.003,56.33,3.8
2005-07-24,29.755,0.02,52.97,3.567
2005-07-25,30.079,0.043,53.44,3.628
2005-07-26,28.676,8.674,66.28,1.866
2005-07-27,26.387,16.955,80.19,1.845
2005-07-28,24.433,15.082,92.99,1.389
2005-07-29,24.86,5.93,88.9,1.719
2005-07-30,25.167,9.803,86.8,1.378
2005-07-31,25.383,17.12,88.44,1.319
2005-08-01,25.909,26.872,86.53,2.235
2005-08-02,25.466,9.537,88.64,0.708
2005-08-03,25.828,2.701,86.82,1.078
2005-08-04,25.988,7.388,85.85,1.596
2005-08-05,25.749,0.282,79.82,3.804
2005-08-06,25.557,0.147,75.13,4.705
2005-08-07,25.374,1.104,76.98,4.078
2005-08-08,25.225,0.657,75.48,3.157
2005-08-09,25.419,0.705,75.11,2.816
2005-08-10,25.288,0.619,75.3,3.449
2005-08-11,25.205,0.485,75.75,3.281
2005-08-12,25.582,0.106,72.59,2.539
2005-08-13,26.198,0.16,71.99,1.67
2005-08-14,26.637,0.716,72.27,2.574
2005-08-15,26.242,0.264,71.97,2.543
2005-08-16,26.515,4.072,71.5,1.9
2005-08-17,23.545,15.371,91.65,2.376
2005-08-18,25.496,1.849,76.19,2.597
2005-08-19,26.159,0.398,74.41,3.064
2005-08-20,25.704,0.31,75.58,3.036
2005-08-21,25.675,0.017,70.41,3.036
2005-08-22,25.625,0.001,67.86,2.932
2005-08-23,25.59,0.0,66.59,3.307
2005-08-24,25.309,0.007,66.48,3.997
2005-08-25,25.105,0.016,65.7,3.829
2005-08-26,25.625,0.012,65.63,3.265
2005-08-27,26.424,0.004,63.62,2.649
2005-08-28,26.475,0.241,66.35,1.985
2005-08-29,27.074,0.458,65.24,1.948
2005-08-30,27.74,0.121,59.1,2.659
2005-08-31,27.588,0.001,56.51,2.601
2005-09-01,27.951,0.004,52.91,2.083
2005-09-02,29.078,0.012,48.5,2.426
2005-09-03,29.921,0.018,46.47,2.583
2005-09-04,30.574,0.002,42.6,2.095
2005-09-05,30.908,0.001,44.94,1.147
2005-09-06,30.584,0.758,54.07,1.768
2005-09-07,27.555,8.667,67.68,1.067
2005-09-08,26.101,7.695,79.38,0.844
2005-09-09,27.032,4.333,77.48,0.743
2005-09-10,27.038,2.555,74.09,1.866
2005-09-11,26.088,3.19,77.83,2.516
2005-09-12,25.396,6.143,83.07,2.761
2005-09-13,25.806,10.781,81.32,2.999
2005-09-14,24.548,13.598,86.97,2.238
2005-09-15,24.363,16.593,88.58,0.784
2005-09-16,23.687,7.671,90.1,2.758
2005-09-17,24.346,2.334,85.4,1.875
2005-09-18,24.324,7.435,89.48,1.962
2005-09-19,25.284,4.822,83.87,1.694
2005-09-20,26.249,1.185,78.6,1.712
2005-09-21,27.107,0.437,73.37,2.24
2005-09-22,26.345,0.873,77.28,2.453
2005-09-23,24.009,52.679,91.28,1.032
2005-09-24,23.848,12.285,89.5,3.464
2005-09-25,23.894,0.024,76.3,3.496
2005-09-26,23.457,0.006,74.52,2.723
2005-09-27,23.33,0.05,73.14,1.614
2005-09-28,23.287,0.267,74.04,1.377
2005-09-29,24.014,0.532,75.04,1.56
2005-09-30,24.212,0.205,72.32,1.939
2005-10-01,24.377,0.0,69.95,1.926
2005-10-02,24.185,0.002,67.11,1.998
2005-10-03,23.907,0.001,64.89,2.014
2005-10-04,24.163,0.002,61.61,1.418
2005-10-05,24.386,0.0,58.14,1.321
2005-10-06,24.421,0.0,51.88,1.559
2005-10-07,24.545,0.0,48.82,1.183
2005-10-08,24.627,0.003,48.01,1.149
2005-10-09,25.158,0.002,47.1,1.04
2005-10-10,25.508,0.002,45.19,0.539
2005-10-11,26.122,0.002,43.71,0.867
2005-10-12,26.089,0.003,40.66,0.937
2005-10-13,26.796,0.0,37.73,0.525
2005-10-14,26.706,0.003,39.19,0.369
2005-10-15,25.963,0.002,39.32,1.225
2005-10-16,25.822,0.001,36.8,0.905
2005-10-17,26.396,0.0,35.28,0.8
2005-10-18,26.497,0.0,31.78,0.69
2005-10-19,26.024,0.003,30.02,0.852
2005-10-20,24.825,0.0,30.39,1.04
2005-10-21,24.101,0.001,33.84,1.093
2005-10-22,23.404,0.0,37.48,1.371
2005-10-23,23.521,0.001,31.28,1.398
2005-10-24,22.898,0.0,29.33,1.626
2005-10-25,23.775,0.001,30.84,1.007
2005-10-26,23.954,0.0,30.15,1.175
2005-10-27,24.358,0.001,30.06,1.049
2005-10-28,23.933,0.001,32.01,1.448
2005-10-29,23.639,0.001,26.62,1.265
2005-10-30,23.014,0.0,28.96,0.939
2005-10-31,22.638,0.0,33.29,1.132
2005-11-01,23.059,0.0,35.63,0.868
2005-11-02,23.265,0.001,35.63,0.873
2005-11-03,23.111,0.005,38.52,0.755
2005-11-04,23.574,0.003,32.97,1.098
2005-11-05,23.236,0.0,34.96,0.796
2005-11-06,22.916,0.002,37.0,1.047
2005-11-07,21.985,0.003,36.98,1.043
2005-11-08,21.471,0.0,32.6,1.158
2005-11-09,21.802,0.001,27.6,1.105
2005-11-10,22.014,0.001,30.91,0.683
2005-11-11,22.118,-0.0,32.32,0.739
2005-11-12,22.269,0.001,33.66,0.484
2005-11-13,22.582,0.0,30.51,1.54
2005-11-14,22.692,0.0,31.71,1.19
2005-11-15,22.648,0.0,34.07,1.228
2005-11-16,22.717,0.0,36.69,1.685
2005-11-17,22.056,0.003,31.48,1.588
2005-11-18,22.392,0.001,26.79,0.587
2005-11-19,22.899,0.002,28.87,0.404
2005-11-20,23.109,0.002,27.63,0.543
2005-11-21,22.83,0.001,29.19,0.17
2005-11-22,22.425,0.0,31.59,0.917
2005-11-23,21.853,0.0,33.77,1.095
2005-11-24,21.141,0.0,36.76,1.736
2005-11-25,20.821,0.0,39.88,0.935
2005-11-26,21.108,0.002,41.7,0.239
2005-11-27,21.022,0.0,37.89,0.745
2005-11-28,20.066,0.002,33.75,1.095
2005-11-29,18.227,0.002,42.56,1.663
2005-11-30,17.014,0.001,41.3,2.109
2005-12-01,16.481,0.001,35.32,2.705
2005-12-02,16.391,0.001,35.08,2.465
2005-12-03,16.766,0.002,37.61,1.524
2005-12-04,16.042,0.001,27.87,1.681
2005-12-05,17.402,0.0,22.61,0.883
2005-12-06,18.018,0.001,25.65,0.863
2005-12-07,18.547,0.002,28.3,0.393
2005-12-08,18.49,0.003,29.82,0.573
2005-12-09,17.987,0.003,32.27,0.629
2005-12-10,17.297,0.0,31.22,1.098
2005-12-11,16.167,0.001,31.2,1.193
2005-12-12,16.183,0.001,36.02,0.963
2005-12-13,16.295,0.001,38.42,1.039
2005-12-14,15.763,0.001,40.4,1.184
2005-12-15,16.026,0.0,38.59,1.593
2005-12-16,15.844,0.001,38.37,1.301
2005-12-17,15.253,0.001,35.55,1.425
2005-12-18,14.778,0.001,38.2,0.928
2005-12-19,14.994,0.0,44.45,0.978
2005-12-20,15.55,0.0,48.33,0.786
2005-12-21,15.486,0.001,48.73,1.745
2005-12-22,14.911,0.002,52.4,2.053
2005-12-23,13.409,0.001,44.25,2.103
2005-12-24,12.874,0.002,42.18,1.779
2005-12-25,14.491,0.002,36.49,1.297
2005-12-26,16.686,0.001,31.92,0.636
2005-12-27,17.432,0.001,34.05,1.039
2005-12-28,17.184,0.0,42.68,1.108
2005-12-29,17.055,0.002,39.62,1.419
2005-12-30,17.212,0.001,44.54,0.089
2005-12-31,16.682,0.0,47.02,0.868
2006-01-01,17.67,0.001,42.93,1.655
2006-01-02,16.154,0.001,51.82,1.898
2006-01-03,13.282,0.002,47.59,2.012
2006-01-04,12.999,0.0,43.11,2.087
2006-01-05,13.367,0.0,42.48,1.75
2006-01-06,13.758,0.001,40.83,1.885
2006-01-07,13.524,0.001,37.14,1.706
2006-01-08,14.069,0.0,39.65,1.116
2006-01-09,15.552,0.001,42.3,0.984
2006-01-10,16.581,0.001,41.55,0.433
2006-01-11,17.237,0.001,43.2,0.17
2006-01-12,17.846,0.001,45.57,0.563
2006-01-13,18.703,0.0,41.14,0.555
2006-01-14,19.063,0.0,34.0,1.09
2006-01-15,19.87,0.001,35.13,1.887
2006-01-16,20.615,0.002,35.91,2.428
2006-01-17,19.868,0.001,39.97,3.199
2006-01-18,18.13,0.001,45.34,2.635
2006-01-19,18.168,0.0,44.41,2.09
2006-01-20,16.829,0.001,39.46,2.299
2006-01-21,14.784,0.0,36.78,1.903
2006-01-22,15.105,0.0,35.19,0.82
2006-01-23,14.706,0.0,32.43,1.274
2006-01-24,14.113,0.0,34.71,1.237
2006-01-25,14.376,0.0,32.07,1.311
2006-01-26,15.807,0.0,31.07,1.355
2006-01-27,17.402,0.001,32.15,0.878
2006-01-28,19.303,0.002,31.51,0.305
2006-01-29,19.581,0.001,33.95,0.121
2006-01-30,20.462,0.001,32.98,1.021
2006-01-31,20.932,0.001,33.16,0.338
2006-02-01,21.399,0.002,35.08,0.591
2006-02-02,21.339,0.001,34.74,0.596
2006-02-03,20.956,0.002,32.27,1.449
2006-02-04,20.743,0.001,25.83,0.607
2006-02-05,21.341,0.001,22.72,1.004
2006-02-06,21.264,0.001,26.05,0.793
2006-02-07,20.603,0.0,30.98,0.98
2006-02-08,20.876,0.0,32.66,0.904
2006-02-09,21.158,0.002,31.64,1.637
2006-02-10,21.589,0.003,28.59,0.964
2006-02-11,22.346,0.001,23.82,0.312
2006-02-12,23.336,0.0,25.72,0.435
2006-02-13,23.339,0.001,28.79,1.204
2006-02-14,22.637,0.0,25.5,2.911
2006-02-15,22.076,0.002,27.94,3.558
2006-02-16,22.747,0.001,39.0,2.268
2006-02-17,22.758,0.003,51.24,2.194
2006-02-18,24.179,-0.0,45.16,1.093
2006-02-19,25.274,0.002,39.72,0.793
2006-02-20,25.319,0.0,35.46,0.89
2006-02-21,25.217,0.0,29.62,0.792
2006-02-22,24.444,0.003,26.04,1.423
2006-02-23,25.011,0.0,27.43,1.45
2006-02-24,24.931,0.0,25.02,1.981
2006-02-25,25.452,0.014,27.02,2.466
2006-02-26,24.497,0.017,30.97,1.737
2006-02-27,22.956,0.005,33.42,1.783
2006-02-28,21.391,0.001,22.68,1.815
2006-03-01,21.948,0.0,22.98,0.921
2006-03-02,22.299,0.001,23.84,1.686
2006-03-03,23.365,0.036,33.31,1.067
2006-03-04,23.801,0.03,26.56,1.73
2006-03-05,22.901,0.001,18.41,2.127
2006-03-06,22.443,0.003,24.98,2.274
2006-03-07,23.429,0.0,22.48,0.919
2006-03-08,23.73,0.042,26.35,0.842
2006-03-09,19.429,5.564,52.16,1.016
2006-03-10,16.867,10.346,77.97,0.346
2006-03-11,18.513,0.208,61.15,1.914
2006-03-12,20.686,0.001,47.75,1.104
2006-03-13,21.484,0.149,44.17,1.283
2006-03-14,21.253,0.301,48.87,1.597
2006-03-15,21.177,0.878,47.84,0.285
2006-03-16,21.074,0.852,44.51,1.144
2006-03-17,21.689,0.001,34.54,1.667
2006-03-18,22.729,0.001,28.32,1.284
2006-03-19,24.307,0.002,28.27,0.279
2006-03-20,25.415,0.0,27.82,2.722
2006-03-21,23.891,0.0,26.94,2.244
2006-03-22,24.462,0.003,27.55,1.666
2006-03-23,25.798,0.002,28.38,2.883
2006-03-24,25.785,0.001,28.07,3.279
2006-03-25,25.188,0.012,27.16,2.732
2006-03-26,23.16,0.001,25.6,2.649
2006-03-27,23.693,0.001,20.65,1.512
2006-03-28,24.579,0.001,16.19,1.763
2006-03-29,23.89,0.001,18.35,1.756
2006-03-30,25.942,0.002,16.5,0.471
2006-03-31,26.709,0.001,14.47,2.007
2006-04-01,26.572,0.003,26.13,2.794
2006-04-02,27.741,0.0,18.39,3.062
2006-04-03,27.961,0.001,17.85,2.734
2006-04-04,28.42,0.001,21.59,2.243
2006-04-05,29.367,0.0,25.37,2.079
2006-04-06,30.57,0.007,25.44,2.06
2006-04-07,31.21,0.0,22.45,2.991
2006-04-08,31.052,0.002,23.58,2.521
2006-04-09,30.206,0.001,22.12,4.46
2006-04-10,28.027,0.001,17.24,2.522
2006-04-11,27.873,0.003,12.47,1.792
2006-04-12,27.228,0.001,12.8,1.687
2006-04-13,27.058,0.0,10.27,1.377
2006-04-14,28.537,0.001,15.97,1.119
2006-04-15,28.434,0.002,19.68,3.218
2006-04-16,28.313,0.094,18.61,2.226
2006-04-17,26.269,0.746,23.41,2.883
2006-04-18,26.661,0.001,19.51,1.669
2006-04-19,28.506,0.0,19.71,3.555
2006-04-20,29.388,0.0,17.5,3.298
2006-04-21,29.685,0.008,22.62,3.278
2006-04-22,29.927,0.467,23.68,2.732
2006-04-23,29.59,0.001,26.44,2.93
2006-04-24,30.327,0.02,26.93,2.448
2006-04-25,29.55,1.712,31.83,2.252
2006-04-26,30.261,0.005,25.0,3.071
2006-04-27,30.183,0.006,27.82,2.621
2006-04-28,31.145,0.002,28.6,1.88
2006-04-29,31.769,0.309,27.79,1.589
2006-04-30,31.885,1.121,28.37,2.088
2006-05-01,32.15,0.271,22.52,2.65
2006-05-02,31.405,0.0,17.69,3.168
2006-05-03,31.166,0.002,21.83,2.385
2006-05-04,32.926,0.003,20.03,2.658
2006-05-05,34.36,0.028,17.2,3.141
2006-05-06,33.618,0.002,13.3,3.852
2006-05-07,33.406,0.001,15.13,4.011
2006-05-08,33.379,0.0,18.75,4.206
2006-05-09,33.181,0.003,22.56,4.551
2006-05-10,33.563,0.007,23.92,3.705
2006-05-11,33.199,0.013,20.68,3.774
2006-05-12,33.287,0.001,21.74,3.859
2006-05-13,33.094,0.013,28.11,3.046
2006-05-14,32.699,0.042,31.8,2.691
2006-05-15,32.528,0.002,34.0,2.429
2006-05-16,32.821,0.043,34.09,1.856
2006-05-17,32.518,1.772,35.74,1.507
2006-05-18,32.002,0.9,33.25,2.449
2006-05-19,31.318,1.274,34.66,3.328
2006-05-20,29.454,0.981,48.34,3.867
2006-05-21,30.098,0.087,47.42,3.864
2006-05-22,30.241,0.255,48.53,3.226
2006-05-23,30.86,0.307,46.38,3.155
2006-05-24,31.024,0.004,44.12,3.53
2006-05-25,31.533,0.0,41.26,3.528
2006-05-26,32.246,0.002,36.75,3.374
2006-05-27,32.632,0.0,38.2,3.565
2006-05-28,33.534,0.0,34.29,3.862
2006-05-29,33.935,0.001,30.9,4.077
2006-05-30,33.944,0.002,30.59,3.031
2006-05-31,34.191,0.003,33.19,1.648
2006-06-01,30.223,11.946,57.63,0.478
2006-06-02,22.941,74.767,94.21,0.463
2006-06-03,27.087,0.218,68.01,2.887
2006-06-04,27.198,0.034,66.01,3.249
2006-06-05,27.12,0.001,62.99,3.557
2006-06-06,27.203,0.0,60.31,3.547
2006-06-07,27.267,0.002,60.45,3.269
2006-06-08,27.905,0.001,55.65,3.411
2006-06-09,28.726,0.028,55.4,3.19
2006-06-10,29.024,0.0,53.41,3.821
2006-06-11,28.523,0.003,50.85,4.368
2006-06-12,28.369,0.001,52.88,4.524
2006-06-13,28.283,0.027,53.36,3.919
2006-06-14,28.846,0.003,51.17,3.443
2006-06-15,29.189,0.0,46.66,3.477
2006-06-16,29.191,0.0,43.16,3.727
2006-06-17,29.171,0.0,37.98,3.142
2006-06-18,30.206,0.099,40.17,2.705
2006-06-19,30.759,0.083,38.32,2.412
2006-06-20,30.915,0.009,37.99,2.34
2006-06-21,31.848,0.01,33.08,2.288
2006-06-22,33.19,0.002,27.86,1.062
2006-06-23,33.914,0.005,28.77,0.829
2006-06-24,33.497,0.161,38.93,1.02
2006-06-25,29.677,9.201,65.93,0.783
2006-06-26,28.03,9.947,75.25,0.946
2006-06-27,27.831,9.363,75.75,1.613
2006-06-28,26.826,14.324,80.95,1.734
2006-06-29,27.24,6.348,78.92,2.056
2006-06-30,27.14,2.674,79.38,1.984
2006-07-01,28.258,1.43,73.69,1.43
2006-07-02,28.872,5.342,72.48,1.091
2006-07-03,29.291,3.392,73.4,1.4
2006-07-04,30.694,0.613,59.5,2.397
2006-07-05,29.794,0.497,64.4,2.37
2006-07-06,25.951,3.844,80.71,2.182
2006-07-07,25.681,3.712,81.31,4.193
2006-07-08,26.782,0.471,73.71,4.699
2006-07-09,26.232,1.145,75.78,4.725
2006-07-10,25.856,2.176,77.75,4.694
2006-07-11,25.194,2.009,81.55,4.897
2006-07-12,26.578,0.899,73.36,4.42
2006-07-13,26.764,0.274,69.2,4.262
2006-07-14,26.719,0.29,68.74,3.921
2006-07-15,27.418,0.562,67.6,3.367
2006-07-16,27.827,0.332,64.73,2.708
2006-07-17,27.997,0.597,66.23,2.743
2006-07-18,27.969,1.033,67.46,3.164
2006-07-19,26.737,7.071,70.53,3.3
2006-07-20,24.116,22.751,89.19,2.603
2006-07-21,23.654,32.417,94.86,1.994
2006-07-22,25.411,6.081,87.0,0.851
2006-07-23,25.564,5.48,84.68,1.571
2006-07-24,25.465,5.292,83.21,3.351
2006-07-25,25.717,4.947,83.57,2.996
2006-07-26,25.93,1.05,76.31,3.848
2006-07-27,24.905,1.772,82.94,4.084
2006-07-28,24.814,10.164,86.14,2.3
2006-07-29,24.248,15.795,91.67,1.378
2006-07-30,25.842,2.114,83.05,2.907
2006-07-31,24.767,33.997,89.28,1.651
2006-08-01,22.704,27.388,95.61,3.393
2006-08-02,23.825,4.454,86.46,2.94
2006-08-03,24.64,2.484,82.64,1.388
2006-08-04,24.199,12.914,90.4,1.354
2006-08-05,25.164,12.026,86.89,1.563
2006-08-06,24.954,5.316,85.92,1.259
2006-08-07,24.832,7.802,86.31,1.618
2006-08-08,24.245,7.998,89.11,2.488
2006-08-09,23.622,16.835,93.4,2.904
2006-08-10,23.829,27.707,93.87,2.508
2006-08-11,24.919,5.787,86.38,2.76
2006-08-12,24.708,2.898,91.11,2.339
2006-08-13,25.411,2.757,85.46,1.438
2006-08-14,24.974,27.039,88.66,0.23
2006-08-15,24.382,6.978,91.18,1.535
2006-08-16,25.078,6.49,90.52,2.002
2006-08-17,25.89,2.314,85.22,1.289
2006-08-18,24.962,38.158,90.33,1.146
2006-08-19,23.394,60.11,93.25,1.764
2006-08-20,22.976,13.589,95.11,3.876
2006-08-21,24.339,4.43,84.4,4.371
2006-08-22,23.887,2.823,85.55,3.645
2006-08-23,23.929,0.656,80.93,2.727
2006-08-24,23.489,1.222,82.59,2.751
2006-08-25,24.013,1.097,82.02,3.114
2006-08-26,24.332,0.785,78.82,4.633
2006-08-27,24.026,0.501,79.0,4.201
2006-08-28,23.986,0.729,79.09,3.224
2006-08-29,24.303,0.262,76.65,2.268
2006-08-30,24.872,0.193,74.02,2.456
2006-08-31,23.508,18.304,87.49,3.433
2006-09-01,23.033,24.118,91.78,4.641
2006-09-02,24.183,0.768,82.05,3.444
2006-09-03,24.153,0.205,79.03,2.02
2006-09-04,24.841,0.154,75.7,1.444
2006-09-05,25.442,0.454,76.87,2.179
2006-09-06,24.394,23.667,87.94,3.476
2006-09-07,22.718,6.69,92.03,3.64
2006-09-08,24.346,0.408,79.6,3.209
2006-09-09,24.34,0.141,79.1,2.219
2006-09-10,24.705,0.003,77.54,1.732
2006-09-11,25.015,0.006,77.0,2.167
2006-09-12,24.825,0.004,75.91,2.095
2006-09-13,24.776,0.001,75.58,1.383
2006-09-14,25.032,0.002,75.21,0.523
2006-09-15,25.97,0.037,73.2,0.92
2006-09-16,26.72,0.387,71.95,1.109
2006-09-17,26.718,0.002,68.24,0.76
2006-09-18,26.852,0.128,70.0,0.527
2006-09-19,26.584,0.834,78.41,1.103
2006-09-20,26.347,1.594,79.97,1.604
2006-09-21,26.516,0.358,78.13,2.57
2006-09-22,25.903,1.079,78.45,2.103
2006-09-23,25.295,5.879,81.34,1.365
2006-09-24,24.898,10.19,85.48,1.608
2006-09-25,24.952,0.498,79.86,1.632
2006-09-26,25.248,0.612,78.63,1.843
2006-09-27,25.13,0.737,77.92,2.088
2006-09-28,25.65,0.38,76.56,1.837
2006-09-29,26.145,0.434,73.4,2.023
2006-09-30,26.101,0.001,61.41,2.116
2006-10-01,26.306,0.001,57.18,1.262
2006-10-02,26.841,0.0,52.42,0.654
2006-10-03,26.622,0.0,50.89,0.719
2006-10-04,26.359,0.002,52.93,1.895
2006-10-05,26.022,0.001,55.41,2.885
2006-10-06,25.073,0.0,60.24,2.877
2006-10-07,24.498,0.002,66.99,2.182
2006-10-08,24.617,0.0,68.62,1.675
2006-10-09,24.309,0.002,64.14,1.525
2006-10-10,24.583,0.0,59.5,1.32
2006-10-11,24.534,0.001,58.04,1.611
2006-10-12,24.106,0.0,58.64,1.551
2006-10-13,24.377,0.008,55.14,1.632
2006-10-14,24.971,0.001,52.1,1.004
2006-10-15,25.413,0.001,48.6,1.021
2006-10-16,26.15,0.001,43.99,1.177
2006-10-17,26.07,0.069,45.34,1.482
2006-10-18,25.357,0.096,48.84,1.816
2006-10-19,25.549,0.104,44.29,2.462
2006-10-20,24.968,0.462,49.79,1.263
2006-10-21,24.15,0.773,55.3,0.872
2006-10-22,24.123,0.29,54.67,0.87
2006-10-23,24.381,0.001,45.37,1.172
2006-10-24,23.836,0.001,42.25,0.756
2006-10-25,24.041,0.001,42.3,0.473
2006-10-26,24.281,0.002,44.96,0.28
2006-10-27,24.119,0.035,44.81,1.095
2006-10-28,23.237,0.019,45.58,1.469
2006-10-29,22.881,0.031,45.7,1.564
2006-10-30,23.409,0.0,44.29,0.518
2006-10-31,23.79,0.003,40.34,0.55
2006-11-01,23.649,0.019,40.62,0.57
2006-11-02,22.499,0.0,44.54,1.303
2006-11-03,22.429,0.001,46.6,1.257
2006-11-04,22.686,0.0,42.53,0.518
2006-11-05,22.479,0.0,39.5,0.079
2006-11-06,22.905,0.0,38.81,0.227
2006-11-07,22.975,0.004,37.37,0.618
2006-11-08,22.903,0.008,37.56,1.013
2006-11-09,23.184,0.002,37.28,0.84
2006-11-10,22.745,0.002,41.29,0.693
2006-11-11,22.231,0.001,46.64,0.556
2006-11-12,22.206,0.0,45.01,0.871
2006-11-13,22.214,0.002,46.02,0.67
2006-11-14,22.076,0.002,42.17,1.067
2006-11-15,21.994,0.002,44.24,1.163
2006-11-16,21.633,0.0,45.04,1.082
2006-11-17,21.828,0.001,45.82,0.345
2006-11-18,22.038,0.0,47.3,0.271
2006-11-19,22.118,0.0,48.47,0.657
2006-11-20,21.648,0.001,52.36,0.692
2006-11-21,21.478,0.0,51.79,0.971
2006-11-22,21.033,0.002,54.87,1.876
2006-11-23,20.215,0.001,53.67,1.817
2006-11-24,17.869,0.001,46.89,1.571
2006-11-25,17.274,0.001,45.92,1.361
2006-11-26,16.734,0.001,41.45,1.393
2006-11-27,17.217,0.001,43.89,0.424
2006-11-28,18.119,0.001,44.86,1.351
2006-11-29,18.223,0.0,47.57,1.87
2006-11-30,17.971,0.0,43.59,1.892
2006-12-01,18.034,0.001,43.5,1.819
2006-12-02,18.245,0.002,49.72,1.958
2006-12-03,19.879,-0.0,53.77,0.821
2006-12-04,20.441,0.0,49.02,2.061
2006-12-05,19.798,0.142,67.08,1.677
2006-12-06,18.52,0.411,69.87,1.008
2006-12-07,17.75,0.003,60.13,0.719
2006-12-08,17.257,0.002,52.93,1.717
2006-12-09,17.997,0.001,59.82,0.113
2006-12-10,16.778,0.001,46.92,2.116
2006-12-11,15.2,0.0,40.97,1.547
2006-12-12,15.035,0.003,45.46,1.525
2006-12-13,15.687,0.004,47.71,1.345
2006-12-14,16.304,0.001,45.51,1.376
2006-12-15,17.567,0.001,43.65,0.342
2006-12-16,18.141,0.0,40.25,1.433
2006-12-17,18.019,0.002,41.06,1.281
2006-12-18,18.522,0.001,39.56,0.475
2006-12-19,17.9,0.001,44.16,1.484
2006-12-20,18.06,0.001,47.51,1.23
2006-12-21,17.717,0.001,50.0,1.116
2006-12-22,16.849,0.0,50.14,1.974
2006-12-23,16.643,0.002,55.35,1.608
2006-12-24,17.476,0.002,59.36,2.126
2006-12-25,18.259,0.01,60.61,1.371
2006-12-26,18.126,0.384,66.61,1.643
2006-12-27,15.84,0.003,64.06,2.077
2006-12-28,15.252,0.001,53.0,0.788
2006-12-29,17.061,0.001,57.37,0.203
2006-12-30,16.737,0.001,54.46,1.313
2006-12-31,16.133,0.001,53.27,1.412
2007-01-01,17.281,0.001,57.94,0.863
2007-01-02,16.336,0.001,52.94,1.15
2007-01-03,15.067,0.0,51.99,1.102
2007-01-04,15.322,0.001,50.02,0.684
2007-01-05,14.828,0.0,47.04,2.017
2007-01-06,14.352,0.002,46.83,2.497
2007-01-07,13.571,0.001,50.14,2.183
2007-01-08,14.727,0.001,50.52,0.909
2007-01-09,15.815,0.0,52.13,0.659
2007-01-10,14.75,0.002,36.89,1.986
2007-01-11,13.485,0.0,37.01,1.245
2007-01-12,13.357,0.001,37.04,1.471
2007-01-13,13.768,0.0,36.49,1.244
2007-01-14,15.512,0.002,33.57,0.429
2007-01-15,16.466,0.001,35.11,0.568
2007-01-16,16.074,0.0,36.49,1.116
2007-01-17,15.725,0.001,36.86,1.49
2007-01-18,17.628,0.001,32.64,0.464
2007-01-19,18.032,0.0,35.22,1.227
2007-01-20,16.994,0.0,46.22,1.364
2007-01-21,14.742,0.0,36.85,1.825
2007-01-22,14.217,0.0,30.52,1.315
2007-01-23,15.018,0.002,34.43,1.494
2007-01-24,16.085,0.001,38.3,1.97
2007-01-25,17.716,0.002,36.29,1.496
2007-01-26,18.975,0.0,42.31,1.453
2007-01-27,20.034,0.002,36.54,1.009
2007-01-28,21.144,0.001,38.3,0.723
2007-01-29,20.209,5.521,60.24,0.626
2007-01-30,19.605,0.381,63.17,0.816
2007-01-31,19.438,0.001,44.05,0.875
2007-02-01,19.055,0.0,43.29,1.012
2007-02-02,19.51,0.0,44.58,1.161
2007-02-03,19.879,0.001,46.82,0.324
2007-02-04,20.305,0.002,39.44,1.647
2007-02-05,20.431,0.006,38.36,1.491
2007-02-06,20.616,0.001,56.83,2.548
2007-02-07,20.267,0.001,48.4,1.55
2007-02-08,19.43,0.0,51.73,2.037
2007-02-09,18.623,1.397,60.23,0.775
2007-02-10,18.074,5.876,72.08,2.259
2007-02-11,17.035,0.001,55.33,2.208
2007-02-12,16.879,0.645,52.38,1.665
2007-02-13,15.849,1.227,56.39,2.329
2007-02-14,16.474,0.002,42.31,0.917
2007-02-15,16.867,0.001,41.96,1.876
2007-02-16,17.375,0.0,42.13,1.589
2007-02-17,18.014,0.002,44.06,0.495
2007-02-18,19.257,0.002,43.02,0.841
2007-02-19,19.951,-0.0,43.98,0.882
2007-02-20,19.922,0.002,46.52,0.617
2007-02-21,21.586,0.0,40.19,1.452
2007-02-22,22.184,0.001,34.81,0.992
2007-02-23,20.563,0.858,51.75,1.434
2007-02-24,19.069,3.105,61.72,1.101
2007-02-25,20.63,0.002,47.81,1.336
2007-02-26,20.704,-0.0,41.69,0.609
2007-02-27,21.71,0.001,40.94,2.803
2007-02-28,21.326,0.671,47.27,2.349
2007-03-01,18.077,0.735,59.32,2.089
2007-03-02,17.393,0.002,42.24,1.583
2007-03-03,19.179,0.001,33.34,0.413
2007-03-04,20.633,0.003,34.28,0.837
2007-03-05,21.12,0.002,32.19,1.115
2007-03-06,20.645,0.001,28.24,1.673
2007-03-07,21.131,0.002,22.61,1.303
2007-03-08,21.141,0.001,24.04,0.482
2007-03-09,22.599,0.0,31.35,2.792
2007-03-10,22.629,0.146,39.25,1.289
2007-03-11,22.348,0.934,41.94,1.203
2007-03-12,21.88,2.221,52.84,2.733
2007-03-13,20.33,0.353,57.88,2.331
2007-03-14,19.392,0.002,35.86,1.878
2007-03-15,20.221,0.0,32.56,1.434
2007-03-16,22.906,0.003,26.84,1.048
2007-03-17,25.096,0.0,27.16,1.087
2007-03-18,26.911,0.001,27.86,1.422
2007-03-19,26.02,0.032,30.99,2.567
2007-03-20,24.875,0.765,46.52,2.692
2007-03-21,23.101,0.0,30.56,3.006
2007-03-22,23.474,0.0,25.66,1.373
2007-03-23,23.492,0.001,29.76,2.054
2007-03-24,24.059,0.0,25.56,1.859
2007-03-25,24.802,0.001,21.15,1.949
2007-03-26,26.234,0.002,20.36,1.683
2007-03-27,27.704,0.002,19.78,1.047
2007-03-28,28.631,0.0,20.04,0.774
2007-03-29,28.762,0.0,22.0,0.113
2007-03-30,29.104,0.002,21.4,1.971
2007-03-31,29.198,0.002,19.97,2.906
2007-04-01,27.808,0.002,23.4,3.408
2007-04-02,25.817,0.001,21.57,2.257
2007-04-03,26.639,0.001,16.21,1.837
2007-04-04,27.621,0.001,18.39,1.122
2007-04-05,28.932,0.0,21.28,2.227
2007-04-06,29.918,0.112,23.2,2.071
2007-04-07,29.595,0.013,21.21,2.351
2007-04-08,28.447,0.002,22.33,2.024
2007-04-09,27.908,0.001,27.28,1.65
2007-04-10,28.895,0.0,22.91,1.996
2007-04-11,29.431,0.0,19.71,2.518
2007-04-12,29.789,0.001,23.12,1.978
2007-04-13,29.788,0.001,24.24,1.365
2007-04-14,30.311,0.002,24.68,1.418
2007-04-15,31.271,0.006,22.38,2.294
2007-04-16,32.246,0.0,19.97,3.117
2007-04-17,31.834,0.003,20.39,3.064
2007-04-18,31.704,0.019,20.88,2.579
2007-04-19,31.538,0.153,20.09,2.647
2007-04-20,30.482,0.215,23.22,2.566
2007-04-21,29.613,1.388,28.73,2.805
2007-04-22,30.299,0.0,24.76,3.809
2007-04-23,29.73,0.007,26.01,3.601
2007-04-24,30.384,0.006,27.9,3.286
2007-04-25,31.556,0.0,20.75,3.659
2007-04-26,31.839,0.002,17.84,3.322
2007-04-27,32.195,0.001,17.92,3.169
2007-04-28,31.563,0.001,18.1,3.117
2007-04-29,32.22,0.002,16.35,3.326
2007-04-30,32.436,0.001,18.96,2.961
2007-05-01,33.069,0.005,20.33,3.109
2007-05-02,33.219,0.001,18.32,2.867
2007-05-03,32.72,0.013,18.82,2.627
2007-05-04,32.699,0.2,23.17,1.661
2007-05-05,32.965,0.689,24.82,1.827
2007-05-06,33.696,0.137,24.58,3.171
2007-05-07,33.187,0.368,28.66,3.396
2007-05-08,32.281,0.164,34.69,2.924
2007-05-09,32.903,0.002,31.5,2.835
2007-05-10,33.263,0.006,28.52,3.42
2007-05-11,33.166,0.001,24.41,4.139
2007-05-12,32.126,0.026,30.94,3.735
2007-05-13,31.346,0.001,35.22,3.58
2007-05-14,31.418,0.0,37.94,3.916
2007-05-15,30.454,0.002,42.15,4.536
2007-05-16,30.866,0.022,39.73,3.817
2007-05-17,31.789,0.02,33.24,3.152
2007-05-18,32.225,0.004,30.07,3.592
2007-05-19,31.541,0.335,36.35,3.669
2007-05-20,31.038,0.563,41.41,3.791
2007-05-21,30.85,0.002,36.56,4.042
2007-05-22,30.544,0.003,28.06,3.756
2007-05-23,31.342,0.0,23.2,3.555
2007-05-24,31.822,0.003,23.34,3.888
2007-05-25,31.92,0.001,25.82,3.959
2007-05-26,31.484,0.0,25.07,3.577
2007-05-27,31.124,0.022,25.71,2.489
2007-05-28,29.184,3.318,37.47,2.04
2007-05-29,27.947,1.44,43.09,1.668
2007-05-30,29.552,0.054,34.24,1.975
2007-05-31,31.126,0.724,33.01,1.387
2007-06-01,32.938,0.122,25.01,2.292
2007-06-02,33.276,0.077,28.08,3.119
2007-06-03,31.268,1.449,42.51,2.742
2007-06-04,29.125,0.386,50.49,1.487
2007-06-05,30.035,1.427,53.18,3.171
2007-06-06,30.87,0.56,53.83,3.639
2007-06-07,31.918,0.004,45.94,4.125
2007-06-08,32.487,0.0,43.28,4.324
2007-06-09,32.213,0.002,40.4,4.885
2007-06-10,31.616,0.0,44.27,5.648
2007-06-11,31.832,0.0,45.5,4.851
2007-06-12,31.956,0.01,46.7,3.729
2007-06-13,32.834,-0.0,42.9,3.463
2007-06-14,32.771,0.115,45.05,3.96
2007-06-15,30.632,2.765,58.71,3.087
2007-06-16,30.138,1.741,60.35,2.326
2007-06-17,30.724,3.318,57.24,2.487
2007-06-18,30.082,2.431,60.7,2.848
2007-06-19,29.289,5.584,66.34,1.964
2007-06-20,28.21,11.451,73.93,0.649
2007-06-21,29.201,2.929,66.3,1.143
2007-06-22,30.425,2.569,60.48,3.306
2007-06-23,31.575,0.15,52.41,5.258
2007-06-24,28.723,0.264,61.65,5.164
2007-06-25,26.096,1.6,76.64,4.246
2007-06-26,27.926,0.173,64.51,3.648
2007-06-27,27.636,3.843,69.42,3.849
2007-06-28,27.188,3.39,69.12,1.508
2007-06-29,27.228,3.893,72.82,0.309
2007-06-30,28.011,23.67,75.87,1.3
2007-07-01,29.579,0.994,65.37,2.761
2007-07-02,28.514,1.576,66.58,2.693
2007-07-03,25.293,59.656,89.84,2.035
2007-07-04,23.702,48.748,95.26,5.449
2007-07-05,24.844,13.11,90.8,4.689
2007-07-06,26.135,2.067,82.37,4.667
2007-07-07,26.909,0.958,78.93,3.524
2007-07-08,25.376,21.327,86.93,2.839
2007-07-09,25.278,27.232,89.16,2.635
2007-07-10,24.607,22.449,92.72,2.302
2007-07-11,24.29,1.833,91.02,2.636
2007-07-12,26.126,2.706,82.68,2.97
2007-07-13,26.875,0.375,77.08,3.428
2007-07-14,27.006,0.865,77.28,2.708
2007-07-15,26.988,1.434,78.22,2.195
2007-07-16,26.486,1.711,78.09,1.686
2007-07-17,27.003,0.367,74.24,2.453
2007-07-18,27.192,0.046,71.82,2.74
2007-07-19,26.751,0.132,72.27,3.664
2007-07-20,26.134,0.126,72.34,4.095
2007-07-21,26.238,0.06,69.75,3.71
2007-07-22,26.685,0.149,70.72,3.087
2007-07-23,27.101,0.259,70.45,2.05
2007-07-24,27.677,1.405,70.03,1.623
2007-07-25,27.186,1.814,75.8,2.334
2007-07-26,26.63,0.836,76.07,3.493
2007-07-27,27.072,1.541,78.19,3.614
2007-07-28,25.832,10.706,81.72,2.833
2007-07-29,25.27,20.743,86.1,1.894
2007-07-30,25.858,11.254,83.65,1.585
2007-07-31,26.439,3.819,82.22,1.823
2007-08-01,26.19,4.625,81.67,2.974
2007-08-02,26.207,4.018,81.67,2.559
2007-08-03,25.492,5.532,86.3,1.748
2007-08-04,25.101,19.015,89.14,1.8
2007-08-05,24.651,37.005,90.73,0.78
2007-08-06,24.804,12.679,90.92,0.561
2007-08-07,25.657,14.199,86.9,1.477
2007-08-08,25.065,29.612,89.67,3.266
2007-08-09,24.407,1.709,89.04,3.635
2007-08-10,25.111,0.636,80.17,3.177
2007-08-11,25.057,0.975,81.61,3.697
2007-08-12,25.567,1.99,81.73,4.692
2007-08-13,25.774,0.367,77.26,4.915
2007-08-14,25.299,1.449,79.41,4.856
2007-08-15,25.352,0.768,77.66,4.558
2007-08-16,25.337,0.488,75.31,4.407
2007-08-17,25.243,0.596,76.49,4.17
2007-08-18,25.066,0.113,74.07,4.034
2007-08-19,25.546,0.043,72.86,3.12
2007-08-20,24.634,13.71,82.04,2.261
2007-08-21,23.544,10.546,90.56,2.394
2007-08-22,23.799,4.342,87.86,2.168
2007-08-23,25.196,1.355,80.61,2.835
2007-08-24,25.672,0.318,77.22,1.75
2007-08-25,26.299,0.272,76.75,1.076
2007-08-26,26.814,1.941,78.75,1.101
2007-08-27,26.437,9.186,84.0,1.024
2007-08-28,25.359,26.208,89.46,0.848
2007-08-29,24.778,24.619,89.58,0.334
2007-08-30,24.781,14.978,89.19,0.657
2007-08-31,25.383,4.924,86.89,0.887
2007-09-01,25.454,15.613,86.91,0.982
2007-09-02,25.568,6.755,87.04,0.513
2007-09-03,25.496,14.954,87.37,0.874
2007-09-04,25.658,3.844,86.7,2.203
2007-09-05,26.128,1.536,83.75,2.882
2007-09-06,24.913,6.843,87.89,2.522
2007-09-07,25.293,0.262,77.91,2.716
2007-09-08,24.875,0.319,77.5,2.363
2007-09-09,24.626,1.159,79.73,2.493
2007-09-10,24.81,0.457,76.6,2.399
2007-09-11,24.599,0.636,78.56,2.057
2007-09-12,24.818,0.314,75.77,2.366
2007-09-13,25.07,0.067,74.2,2.694
2007-09-14,25.273,0.028,72.89,2.876
2007-09-15,25.048,0.093,74.29,2.638
2007-09-16,25.182,0.195,74.96,1.73
2007-09-17,25.609,0.204,74.24,1.235
2007-09-18,26.359,0.222,72.63,1.181
2007-09-19,27.639,0.077,67.93,1.552
2007-09-20,27.445,1.144,73.35,1.659
2007-09-21,26.804,1.16,77.91,0.062
2007-09-22,26.663,0.807,78.55,0.85
2007-09-23,26.211,0.435,70.08,1.979
2007-09-24,26.025,0.414,66.02,2.505
2007-09-25,23.909,2.587,76.0,2.006
2007-09-26,24.746,0.543,77.13,1.132
2007-09-27,25.748,0.104,64.93,0.571
2007-09-28,25.692,0.036,58.46,1.725
2007-09-29,26.244,0.002,54.76,2.082
2007-09-30,26.108,0.0,53.58,0.82
2007-10-01,25.716,0.001,49.73,0.875
2007-10-02,25.691,0.001,40.79,2.558
2007-10-03,25.159,0.001,37.1,3.108
2007-10-04,24.712,0.0,41.23,1.965
2007-10-05,25.01,0.002,41.79,1.651
2007-10-06,24.908,0.001,34.99,2.307
2007-10-07,24.966,0.0,37.12,2.044
2007-10-08,24.907,0.0,38.97,2.941
2007-10-09,23.968,0.0,41.98,2.45
2007-10-10,23.914,0.001,46.1,2.083
2007-10-11,24.478,0.0,43.77,1.365
2007-10-12,25.013,0.0,36.71,1.623
2007-10-13,25.375,0.003,34.57,1.077
2007-10-14,25.523,0.002,32.6,0.413
2007-10-15,25.215,0.001,28.23,1.21
2007-10-16,24.017,0.002,25.92,1.887
2007-10-17,25.035,0.002,23.32,1.464
2007-10-18,25.286,0.001,24.62,1.09
2007-10-19,24.702,0.0,24.96,1.357
2007-10-20,23.543,0.0,28.91,2.014
2007-10-21,23.16,0.0,33.17,2.152
2007-10-22,23.163,0.003,39.89,1.297
2007-10-23,24.314,0.0,38.68,0.356
2007-10-24,25.304,0.003,36.52,1.008
2007-10-25,24.685,0.0,34.66,1.218
2007-10-26,24.825,0.002,32.24,1.086
2007-10-27,25.812,0.002,30.7,0.666
2007-10-28,25.651,-0.0,29.89,0.908
2007-10-29,24.408,0.0,32.68,1.396
2007-10-30,23.033,0.001,31.81,2.698
2007-10-31,22.337,0.0,37.74,2.413
2007-11-01,22.385,0.002,41.63,2.161
2007-11-02,22.917,0.001,32.78,1.093
2007-11-03,23.676,0.001,35.08,1.046
2007-11-04,24.765,0.003,37.75,0.335
2007-11-05,24.591,0.0,30.47,1.039
2007-11-06,24.861,0.001,32.08,0.593
2007-11-07,24.84,0.0,40.43,0.733
2007-11-08,24.879,0.001,46.02,1.265
2007-11-09,24.051,1.002,53.56,1.079
2007-11-10,24.561,0.0,41.41,0.482
2007-11-11,24.64,0.001,32.05,0.741
2007-11-12,24.22,0.0,29.64,0.979
2007-11-13,23.406,0.0,33.16,0.907
2007-11-14,23.524,0.0,33.96,0.687
2007-11-15,23.455,0.0,32.99,0.447
2007-11-16,22.625,0.003,29.51,1.714
2007-11-17,21.136,0.001,31.86,1.083
2007-11-18,21.223,0.001,27.64,0.163
2007-11-19,20.216,0.0,32.55,0.761
2007-11-20,20.554,0.001,30.85,1.103
2007-11-21,20.953,0.0,31.76,1.291
2007-11-22,21.823,0.003,28.19,1.003
2007-11-23,22.102,0.001,29.86,1.122
2007-11-24,22.375,0.001,29.43,1.027
2007-11-25,22.267,0.0,29.47,0.97
2007-11-26,21.749,0.001,29.89,0.421
2007-11-27,20.704,0.0,32.22,0.563
2007-11-28,19.696,0.001,38.47,1.235
2007-11-29,19.147,0.0,46.87,1.885
2007-11-30,19.287,0.0,49.46,0.97
2007-12-01,19.817,0.001,44.09,0.795
2007-12-02,18.798,0.007,50.47,1.276
2007-12-03,17.741,0.0,54.31,1.894
2007-12-04,16.807,0.001,55.83,1.602
2007-12-05,17.113,0.0,53.99,1.545
2007-12-06,16.886,0.001,55.85,1.222
2007-12-07,17.228,0.0,52.68,0.486
2007-12-08,16.847,0.0,48.63,1.141
2007-12-09,17.539,0.0,44.19,0.547
2007-12-10,17.843,0.001,49.29,1.166
2007-12-11,16.979,0.131,61.78,1.637
2007-12-12,14.754,0.0,61.56,2.231
2007-12-13,14.006,0.0,52.98,2.142
2007-12-14,13.583,0.001,45.24,2.73
2007-12-15,12.516,0.0,43.66,2.237
2007-12-16,12.875,0.0,40.55,1.958
2007-12-17,13.519,0.001,35.7,1.696
2007-12-18,15.708,0.001,45.01,0.455
2007-12-19,17.048,0.0,49.73,0.655
2007-12-20,17.464,0.001,50.89,0.636
2007-12-21,18.545,0.001,43.31,0.934
2007-12-22,19.348,0.003,33.55,0.761
2007-12-23,20.042,0.0,38.34,0.734
2007-12-24,19.709,0.088,56.32,1.528
2007-12-25,18.785,0.017,50.63,1.462
2007-12-26,17.392,0.001,44.33,1.118
2007-12-27,16.807,0.0,48.32,1.531
2007-12-28,16.508,0.001,41.73,0.549
2007-12-29,15.819,0.001,32.71,1.393
2007-12-30,14.918,0.0,44.13,1.61
2007-12-31,14.512,0.0,43.98,1.657
2008-01-01,14.597,0.001,41.1,1.479
2008-01-02,14.019,0.0,34.51,2.169
2008-01-03,13.302,0.001,29.37,2.275
2008-01-04,14.686,0.003,38.8,1.71
2008-01-05,17.374,0.007,47.37,0.568
2008-01-06,18.973,0.052,43.08,0.613
2008-01-07,19.656,0.025,47.96,1.701
2008-01-08,20.347,0.002,47.7,1.925
2008-01-09,19.054,0.001,53.9,2.011
2008-01-10,16.091,0.0,51.89,2.271
2008-01-11,14.413,0.001,39.74,2.048
2008-01-12,14.397,0.001,37.99,1.701
2008-01-13,15.49,0.0,29.52,1.466
2008-01-14,16.31,0.0,33.76,1.392
2008-01-15,17.761,0.0,33.9,0.779
2008-01-16,19.404,0.001,36.03,0.881
2008-01-17,19.945,0.002,39.15,1.997
2008-01-18,16.027,0.001,44.65,2.298
2008-01-19,13.709,0.001,23.13,1.145
2008-01-20,12.616,0.0,32.66,1.87
2008-01-21,12.353,0.002,35.12,1.903
2008-01-22,12.677,0.009,37.74,1.529
2008-01-23,12.329,0.001,34.27,1.205
2008-01-24,12.544,0.001,32.78,1.848
2008-01-25,13.283,0.002,36.68,0.72
2008-01-26,12.871,0.014,45.07,1.427
2008-01-27,13.1,0.002,48.41,0.974
2008-01-28,14.72,0.006,41.38,1.235
2008-01-29,14.433,0.28,47.36,1.752
2008-01-30,14.155,0.0,37.57,1.198
2008-01-31,13.893,0.0,29.89,0.921
2008-02-01,14.495,0.0,31.45,0.959
2008-02-02,15.828,0.954,39.0,2.308
2008-02-03,12.962,0.02,61.47,2.371
2008-02-04,11.833,0.0,53.26,1.828
2008-02-05,11.603,0.001,44.2,0.958
2008-02-06,11.841,0.001,38.59,2.443
2008-02-07,10.029,0.001,46.68,2.184
2008-02-08,11.033,0.002,38.92,2.31
2008-02-09,11.302,0.0,38.85,2.098
2008-02-10,11.868,0.001,35.66,1.505
2008-02-11,12.982,0.0,27.79,1.721
2008-02-12,13.685,0.004,23.55,2.391
2008-02-13,14.131,0.001,22.88,1.447
2008-02-14,16.761,0.0,20.9,0.948
2008-02-15,18.735,0.001,22.94,0.736
2008-02-16,20.247,0.001,24.27,0.879
2008-02-17,20.478,0.002,23.22,1.873
2008-02-18,20.922,0.001,26.7,2.095
2008-02-19,20.058,0.0,20.37,1.036
2008-02-20,20.533,0.002,22.85,1.234
2008-02-21,21.297,0.0,25.33,2.074
2008-02-22,22.182,0.001,26.0,3.295
2008-02-23,21.344,0.003,39.16,1.543
2008-02-24,20.047,0.001,28.25,1.426
2008-02-25,19.606,0.0,21.63,1.488
2008-02-26,19.307,0.001,17.63,1.624
2008-02-27,21.364,0.001,17.58,0.607
2008-02-28,23.111,0.001,17.8,0.316
2008-02-29,23.528,0.003,18.67,1.118
2008-03-01,22.729,0.002,21.14,1.973
2008-03-02,22.877,0.001,21.38,2.208
2008-03-03,24.334,0.001,25.87,1.311
2008-03-04,24.836,0.0,25.67,1.621
2008-03-05,24.787,0.001,23.09,2.13
2008-03-06,23.961,0.002,21.03,2.037
2008-03-07,23.008,0.002,26.26,2.395
2008-03-08,24.043,0.001,22.44,1.741
2008-03-09,24.749,0.0,23.75,1.362
2008-03-10,24.266,0.069,32.24,1.65
2008-03-11,24.119,1.225,34.64,2.726
2008-03-12,22.124,3.36,50.57,1.19
2008-03-13,21.78,1.845,52.96,0.493
2008-03-14,23.288,0.0,40.86,0.828
2008-03-15,25.017,0.002,28.84,0.378
2008-03-16,26.174,0.0,20.76,0.449
2008-03-17,26.195,0.001,22.67,1.747
2008-03-18,26.189,0.001,19.48,2.895
2008-03-19,26.223,0.003,24.55,2.877
2008-03-20,26.6,0.001,19.1,1.924
2008-03-21,26.164,0.002,21.06,1.068
2008-03-22,26.504,0.001,21.49,1.412
2008-03-23,26.272,0.013,26.35,1.638
2008-03-24,25.973,0.264,34.84,0.962
2008-03-25,25.429,1.506,33.09,0.75
2008-03-26,26.261,0.038,26.29,1.268
2008-03-27,26.801,0.004,23.64,2.055
2008-03-28,28.215,0.001,19.15,3.085
2008-03-29,28.492,0.001,19.46,3.214
2008-03-30,26.974,1.111,29.51,1.881
2008-03-31,26.409,0.075,27.61,2.744
2008-04-01,26.313,0.021,35.76,2.3
2008-04-02,26.279,0.386,35.9,2.574
2008-04-03,24.012,1.921,43.79,1.929
2008-04-04,21.688,5.594,58.5,2.392
2008-04-05,22.777,0.683,53.06,0.534
2008-04-06,24.224,0.017,39.29,1.702
2008-04-07,25.077,0.273,36.38,1.044
2008-04-08,26.465,0.151,28.73,0.697
2008-04-09,27.959,0.001,25.56,1.165
2008-04-10,28.714,0.001,25.06,3.03
2008-04-11,29.31,0.0,19.41,3.159
2008-04-12,29.7,0.348,30.06,2.538
2008-04-13,30.222,0.03,26.18,3.036
2008-04-14,29.881,0.001,21.13,3.206
2008-04-15,29.157,0.001,21.21,3.467
2008-04-16,29.29,0.0,25.78,2.733
2008-04-17,27.715,0.0,18.0,1.689
2008-04-18,28.375,0.001,14.22,1.108
2008-04-19,29.469,0.001,12.86,1.371
2008-04-20,29.421,0.0,18.04,2.617
2008-04-21,30.221,0.0,22.97,2.949
2008-04-22,30.453,0.002,17.42,2.895
2008-04-23,29.954,0.002,15.24,2.096
2008-04-24,30.366,0.001,13.33,1.761
2008-04-25,31.142,0.001,13.38,2.288
2008-04-26,32.469,0.001,14.02,3.017
2008-04-27,32.372,0.002,13.3,2.557
2008-04-28,32.438,0.002,12.64,3.05
2008-04-29,31.84,0.002,13.67,3.259
2008-04-30,31.564,0.001,14.66,3.614
2008-05-01,30.708,0.001,16.47,3.808
2008-05-02,31.013,0.002,24.52,3.099
2008-05-03,31.917,0.002,24.34,4.324
2008-05-04,30.978,0.002,29.46,3.958
2008-05-05,30.727,0.0,29.66,3.845
2008-05-06,29.829,1.272,38.17,2.432
2008-05-07,29.678,1.639,36.8,2.296
2008-05-08,30.194,2.169,32.33,3.297
2008-05-09,29.596,0.814,39.36,3.529
2008-05-10,29.325,0.305,39.75,2.761
2008-05-11,30.688,0.016,34.59,3.448
2008-05-12,30.34,0.452,40.51,3.469
2008-05-13,30.704,0.157,37.06,3.536
2008-05-14,30.221,0.017,39.99,3.736
2008-05-15,30.47,0.011,37.56,4.203
2008-05-16,30.397,0.0,39.4,4.424
2008-05-17,30.828,0.0,37.33,5.957
2008-05-18,30.113,0.001,40.28,6.084
2008-05-19,29.914,0.001,41.69,4.224
2008-05-20,29.849,0.001,41.04,4.346
2008-05-21,29.244,0.016,45.38,4.392
2008-05-22,29.514,0.005,46.66,3.735
2008-05-23,29.793,0.596,47.36,2.317
2008-05-24,30.904,0.72,33.52,3.226
2008-05-25,31.16,0.0,24.86,4.055
2008-05-26,31.224,0.042,26.65,3.62
2008-05-27,32.208,0.004,29.96,3.793
2008-05-28,31.931,1.069,32.25,3.601
2008-05-29,31.272,0.148,38.99,3.077
2008-05-30,31.01,0.372,41.46,3.186
2008-05-31,31.353,0.236,40.96,3.422
2008-06-01,30.289,0.7,48.12,2.708
2008-06-02,30.336,1.348,48.67,1.814
2008-06-03,28.804,4.965,61.39,1.132
2008-06-04,29.367,4.31,55.22,2.146
2008-06-05,30.023,0.137,52.72,4.137
2008-06-06,29.598,0.237,58.97,3.841
2008-06-07,29.583,1.738,60.62,2.188
2008-06-08,29.394,2.523,63.25,0.939
2008-06-09,29.65,1.617,61.22,2.198
2008-06-10,28.643,2.416,65.63,2.423
2008-06-11,26.65,21.079,79.03,1.913
2008-06-12,25.801,25.54,84.88,2.734
2008-06-13,26.014,2.216,74.98,3.218
2008-06-14,25.936,4.932,79.76,3.201
2008-06-15,27.426,0.003,61.31,4.1
2008-06-16,27.429,0.011,61.8,3.766
2008-06-17,27.334,0.116,63.84,4.121
2008-06-18,27.735,0.005,61.13,4.355
2008-06-19,27.503,0.015,61.51,4.219
2008-06-20,27.266,0.086,64.19,4.118
2008-06-21,27.848,0.065,60.7,3.67
2008-06-22,28.108,0.009,58.66,3.856
2008-06-23,28.991,0.002,54.84,3.585
2008-06-24,29.081,0.003,55.43,3.54
2008-06-25,29.897,0.006,52.7,2.968
2008-06-26,30.025,0.655,55.71,2.684
2008-06-27,28.613,3.023,63.72,3.195
2008-06-28,26.108,3.688,75.24,3.093
2008-06-29,27.796,4.159,71.68,1.859
2008-06-30,28.12,5.737,72.63,1.714
2008-07-01,27.622,9.534,76.05,2.221
2008-07-02,27.573,1.642,75.83,3.022
2008-07-03,27.779,1.898,72.21,3.886
2008-07-04,27.992,0.003,62.39,4.263
2008-07-05,27.505,0.044,63.8,4.192
2008-07-06,27.071,0.142,64.17,3.795
2008-07-07,26.387,3.628,71.72,3.696
2008-07-08,25.414,10.004,77.16,3.369
2008-07-09,25.676,9.359,79.19,3.042
2008-07-10,24.282,16.052,90.33,3.02
2008-07-11,23.989,6.247,91.22,3.485
2008-07-12,23.679,6.945,91.12,3.366
2008-07-13,25.47,1.145,79.28,3.599
2008-07-14,26.754,0.028,70.75,3.825
2008-07-15,27.031,0.046,67.64,3.878
2008-07-16,26.667,0.028,67.63,3.835
2008-07-17,26.855,0.024,66.67,3.622
2008-07-18,26.97,0.181,67.01,3.239
2008-07-19,27.118,0.475,66.68,3.069
2008-07-20,27.371,0.194,64.88,3.114
2008-07-21,27.366,0.824,69.08,2.975
2008-07-22,27.282,1.674,69.94,2.81
2008-07-23,27.568,1.548,69.3,2.73
2008-07-24,28.002,0.997,66.56,3.076
2008-07-25,28.096,2.086,66.05,2.941
2008-07-26,27.214,12.663,74.79,1.657
2008-07-27,25.227,15.687,86.87,2.216
2008-07-28,25.237,6.219,85.97,1.179
2008-07-29,26.199,8.731,83.7,1.432
2008-07-30,26.262,10.898,83.44,0.839
2008-07-31,26.004,5.713,83.91,1.779
2008-08-01,24.149,28.948,93.24,1.836
2008-08-02,23.25,35.049,95.88,1.966
2008-08-03,24.967,7.978,87.93,1.898
2008-08-04,24.992,7.766,88.95,1.717
2008-08-05,24.379,9.781,90.67,2.039
2008-08-06,24.764,2.097,86.69,3.521
2008-08-07,24.719,1.881,81.3,4.536
2008-08-08,25.228,2.045,81.76,3.988
2008-08-09,24.971,1.088,82.16,2.951
2008-08-10,25.631,2.04,82.42,1.736
2008-08-11,25.225,17.64,88.52,1.456
2008-08-12,24.891,15.145,91.25,1.209
2008-08-13,24.448,13.734,92.83,1.595
2008-08-14,24.26,11.14,92.4,3.798
2008-08-15,25.488,0.22,81.44,3.674
2008-08-16,25.49,0.219,79.28,3.0
2008-08-17,25.282,0.155,75.64,3.231
2008-08-18,24.641,0.082,75.67,3.258
2008-08-19,24.433,0.079,74.77,3.084
2008-08-20,24.099,0.019,74.8,2.999
2008-08-21,24.351,0.037,74.08,3.059
2008-08-22,24.67,0.046,71.23,2.483
2008-08-23,25.6,0.479,74.11,1.955
2008-08-24,26.0,2.187,75.43,2.083
2008-08-25,26.068,3.408,78.01,2.278
2008-08-26,25.456,4.725,82.65,2.4
2008-08-27,25.192,3.239,78.46,2.668
2008-08-28,25.286,0.047,73.17,3.272
2008-08-29,25.172,0.034,70.69,3.309
2008-08-30,25.363,0.14,71.26,3.011
2008-08-31,25.137,1.221,73.87,1.852
2008-09-01,25.655,0.057,68.54,1.138
2008-09-02,26.85,0.061,66.36,0.967
2008-09-03,27.695,0.375,64.35,1.13
2008-09-04,27.628,2.76,69.19,1.778
2008-09-05,26.692,3.882,70.99,2.681
2008-09-06,25.451,4.411,76.12,1.987
2008-09-07,25.346,1.858,73.45,1.369
2008-09-08,26.509,0.004,56.14,1.0
2008-09-09,26.612,0.007,60.02,0.899
2008-09-10,27.007,0.484,65.78,1.95
2008-09-11,25.902,6.64,78.18,2.436
2008-09-12,26.412,5.98,80.9,2.333
2008-09-13,26.772,1.847,78.75,2.603
2008-09-14,26.127,2.603,79.84,2.73
2008-09-15,25.652,4.934,81.85,1.777
2008-09-16,24.915,5.724,83.77,1.332
2008-09-17,25.065,4.466,83.92,1.466
2008-09-18,24.401,8.6,87.23,1.38
2008-09-19,24.125,2.587,86.17,1.033
2008-09-20,26.297,0.063,69.97,1.767
2008-09-21,25.706,1.28,73.06,2.16
2008-09-22,24.768,0.753,72.06,2.143
2008-09-23,24.423,0.045,66.01,1.727
2008-09-24,25.28,0.13,64.32,1.987
2008-09-25,25.41,0.001,61.01,2.957
2008-09-26,24.61,0.001,64.14,3.633
2008-09-27,24.682,0.0,64.93,3.446
2008-09-28,24.853,0.001,64.66,3.31
2008-09-29,25.294,0.0,62.37,3.008
2008-09-30,26.69,0.012,61.21,1.534
2008-10-01,27.489,0.13,59.07,1.126
2008-10-02,27.695,0.478,59.37,1.647
2008-10-03,28.346,0.039,52.31,1.084
2008-10-04,28.701,0.0,40.1,1.421
2008-10-05,28.726,0.004,44.56,2.298
2008-10-06,28.198,0.118,49.31,2.786
2008-10-07,27.336,0.756,53.18,2.454
2008-10-08,26.769,0.001,46.45,2.25
2008-10-09,27.186,0.003,44.83,1.672
2008-10-10,28.091,0.002,38.48,1.605
2008-10-11,28.642,0.0,30.93,1.675
2008-10-12,29.08,0.002,27.48,1.498
2008-10-13,27.686,0.001,31.18,2.008
2008-10-14,27.62,0.0,30.39,1.878
2008-10-15,28.136,0.001,28.92,0.911
2008-10-16,26.947,0.012,35.93,1.425
2008-10-17,25.835,0.003,41.92,1.205
2008-10-18,25.648,0.0,32.38,1.352
2008-10-19,26.527,0.003,27.94,1.173
2008-10-20,26.617,0.001,26.03,1.009
2008-10-21,26.285,0.0,27.63,0.587
2008-10-22,26.369,0.0,27.93,0.737
2008-10-23,26.438,0.002,28.4,0.585
2008-10-24,26.152,0.003,26.48,0.961
2008-10-25,25.405,0.001,27.09,1.793
2008-10-26,25.453,0.0,25.42,1.827
2008-10-27,25.524,0.0,26.34,2.221
2008-10-28,25.231,0.001,33.77,2.46
2008-10-29,24.951,0.0,39.77,1.645
2008-10-30,24.429,0.002,37.9,1.862
2008-10-31,24.507,0.001,34.35,1.56
2008-11-01,24.658,0.002,34.31,1.857
2008-11-02,24.582,0.0,36.32,1.991
2008-11-03,24.518,0.0,31.99,2.41
2008-11-04,24.125,0.0,27.77,2.425
2008-11-05,24.741,0.0,28.49,1.223
2008-11-06,25.078,0.002,30.43,0.639
2008-11-07,25.313,0.0,34.31,0.611
2008-11-08,25.642,0.001,32.31,1.286
2008-11-09,24.723,0.001,29.4,1.034
2008-11-10,23.674,0.0,31.82,0.883
2008-11-11,23.034,0.002,33.36,0.427
2008-11-12,22.995,0.0,33.43,0.306
2008-11-13,23.214,0.0,30.31,0.263
2008-11-14,23.147,0.0,31.54,0.779
2008-11-15,22.549,0.001,40.47,0.491
2008-11-16,22.108,0.003,43.26,1.201
2008-11-17,21.63,0.004,40.16,1.717
2008-11-18,20.794,2.201,54.36,2.167
2008-11-19,21.05,0.371,64.69,0.564
2008-11-20,18.912,0.003,31.22,2.157
2008-11-21,17.196,0.002,36.93,2.318
2008-11-22,17.498,0.001,42.52,1.564
2008-11-23,18.352,0.002,40.35,1.202
2008-11-24,19.844,0.0,32.44,0.545
2008-11-25,20.678,0.0,33.41,0.945
2008-11-26,20.358,0.001,36.42,1.387
2008-11-27,19.449,0.002,37.34,1.916
2008-11-28,18.597,0.001,38.0,2.316
2008-11-29,19.609,0.001,37.79,1.659
2008-11-30,19.644,0.538,40.62,0.563
2008-12-01,18.73,0.132,53.76,1.445
2008-12-02,20.474,0.001,41.7,1.143
2008-12-03,21.689,0.0,40.79,0.803
2008-12-04,22.874,0.001,42.99,0.262
2008-12-05,23.374,0.003,39.17,1.096
2008-12-06,23.049,0.001,47.68,0.873
2008-12-07,22.477,0.001,50.5,1.469
2008-12-08,22.439,0.0,47.8,1.374
2008-12-09,21.516,0.001,49.58,0.324
2008-12-10,20.42,0.0,60.17,1.907
2008-12-11,19.442,0.0,58.08,2.12
2008-12-12,18.392,0.0,57.79,1.596
2008-12-13,18.903,0.0,62.4,1.537
2008-12-14,19.328,0.002,61.1,1.683
2008-12-15,20.473,0.001,54.08,0.959
2008-12-16,20.622,0.138,50.83,0.892
2008-12-17,20.248,0.0,50.69,2.128
2008-12-18,20.404,0.001,50.29,1.7
2008-12-19,20.694,0.002,44.78,1.951
2008-12-20,20.627,0.002,52.43,0.89
2008-12-21,18.519,0.003,71.27,2.226
2008-12-22,16.855,0.0,57.49,1.68
2008-12-23,16.907,0.001,44.84,0.504
2008-12-24,18.574,0.0,36.09,0.193
2008-12-25,18.932,0.001,37.39,0.861
2008-12-26,18.451,0.0,39.21,1.223
2008-12-27,17.682,0.001,47.2,1.231
2008-12-28,18.333,0.0,46.15,0.736
2008-12-29,18.917,0.0,42.49,0.47
2008-12-30,18.262,0.0,42.21,1.315
2008-12-31,16.52,0.001,45.68,1.895
2009-01-01,16.119,0.0,37.8,1.28
2009-01-02,16.769,0.0,35.02,1.33
2009-01-03,17.967,0.001,37.24,0.933
2009-01-04,17.744,0.001,51.36,1.772
2009-01-05,16.001,0.0,58.71,1.699
2009-01-06,15.079,0.003,46.26,1.465
2009-01-07,14.731,0.0,48.72,2.168
2009-01-08,15.186,0.002,53.86,2.679
2009-01-09,15.546,0.032,63.31,2.152
2009-01-10,15.562,0.02,67.92,2.254
2009-01-11,15.427,0.0,66.1,1.801
2009-01-12,16.774,0.059,65.85,1.947
2009-01-13,18.49,0.164,67.41,1.36
2009-01-14,19.6,0.118,63.51,0.427
2009-01-15,20.465,0.012,61.1,1.674
2009-01-16,20.767,0.004,55.9,1.122
2009-01-17,19.642,1.395,63.54,0.558
2009-01-18,18.466,0.001,64.48,1.565
2009-01-19,18.42,0.002,59.9,1.535
2009-01-20,18.258,0.0,55.14,0.606
2009-01-21,18.705,0.001,40.99,0.845
2009-01-22,19.199,0.001,36.84,0.54
2009-01-23,19.573,0.001,34.68,1.427
2009-01-24,19.472,0.003,39.5,1.517
2009-01-25,19.327,0.002,45.95,2.526
2009-01-26,17.631,0.003,39.77,1.914
2009-01-27,17.412,0.002,37.04,1.54
2009-01-28,17.85,0.0,39.34,0.999
2009-01-29,18.849,0.003,36.64,0.583
2009-01-30,19.041,0.001,28.66,1.827
2009-01-31,17.443,0.0,36.5,2.229
2009-02-01,17.972,0.001,30.16,0.898
2009-02-02,19.794,0.001,29.71,0.376
2009-02-03,20.549,0.001,29.86,0.256
2009-02-04,20.231,0.0,36.01,1.375
2009-02-05,18.789,0.001,46.61,2.111
2009-02-06,18.517,0.001,41.2,1.57
2009-02-07,18.434,0.0,44.36,1.847
2009-02-08,19.17,0.005,41.33,1.371
2009-02-09,20.199,0.0,39.8,1.069
2009-02-10,17.776,0.255,43.58,2.952
2009-02-11,16.134,0.001,44.9,2.15
2009-02-12,17.752,0.0,39.34,0.578
2009-02-13,19.815,0.003,39.26,1.712
2009-02-14,19.721,0.003,47.12,1.745
2009-02-15,18.893,0.001,35.17,2.139
2009-02-16,18.758,0.0,37.8,1.618
2009-02-17,20.162,0.002,34.88,1.264
2009-02-18,20.358,0.0,31.29,2.081
2009-02-19,20.653,0.0,26.15,1.35
2009-02-20,22.611,0.0,25.71,1.294
2009-02-21,23.401,0.001,28.23,0.541
2009-02-22,23.881,0.0,25.48,1.501
2009-02-23,23.369,0.001,26.52,2.981
2009-02-24,23.728,0.001,35.09,2.843
2009-02-25,23.532,0.001,35.45,2.343
2009-02-26,24.788,0.002,34.98,2.646
2009-02-27,24.805,0.001,30.68,0.839
2009-02-28,24.163,0.001,28.8,1.145
2009-03-01,26.346,0.001,29.76,2.372
2009-03-02,26.231,0.002,22.69,2.28
2009-03-03,26.36,0.0,21.4,3.136
2009-03-04,24.834,0.002,28.93,3.395
2009-03-05,24.195,0.001,21.23,2.011
2009-03-06,24.181,0.0,22.85,2.692
2009-03-07,22.522,0.002,25.66,1.955
2009-03-08,23.037,0.001,27.71,1.061
2009-03-09,23.849,0.002,27.33,1.873
2009-03-10,24.682,0.0,25.32,2.167
2009-03-11,24.418,0.0,20.9,2.597
2009-03-12,24.561,0.001,15.85,0.721
2009-03-13,25.664,0.001,15.84,0.869
2009-03-14,25.642,0.003,18.23,1.712
2009-03-15,25.566,0.001,14.78,2.036
2009-03-16,25.897,0.001,17.84,1.018
2009-03-17,25.925,0.004,22.1,1.324
2009-03-18,25.385,0.001,20.81,1.949
2009-03-19,26.082,0.154,27.83,2.477
2009-03-20,24.925,1.799,37.06,1.784
2009-03-21,25.633,0.004,24.0,1.331
2009-03-22,24.752,0.926,29.17,0.494
2009-03-23,25.218,0.005,27.87,0.779
2009-03-24,26.2,0.134,26.02,1.919
2009-03-25,24.271,0.0,31.79,2.307
2009-03-26,25.608,0.0,28.59,1.117
2009-03-27,26.212,0.152,37.92,2.377
2009-03-28,26.138,0.082,39.45,1.174
2009-03-29,26.897,0.001,28.83,2.785
2009-03-30,26.211,0.003,35.11,2.098
2009-03-31,27.265,0.002,30.4,1.931
2009-04-01,28.239,-0.0,24.05,2.621
2009-04-02,28.008,0.029,25.39,2.247
2009-04-03,27.638,0.001,20.81,3.227
2009-04-04,28.092,0.0,21.17,2.07
2009-04-05,27.495,0.021,26.62,2.863
2009-04-06,27.748,0.141,24.6,4.049
2009-04-07,26.855,0.052,26.11,3.417
2009-04-08,24.615,0.078,30.7,2.99
2009-04-09,24.83,0.0,25.81,2.152
2009-04-10,25.188,0.001,22.54,1.996
2009-04-11,27.538,0.001,17.57,1.111
2009-04-12,29.518,0.0,15.21,0.76
2009-04-13,29.926,0.0,14.0,1.053
2009-04-14,30.049,0.001,17.78,2.816
2009-04-15,29.061,0.001,22.19,2.954
2009-04-16,29.056,0.001,18.26,2.25
2009-04-17,28.818,0.001,15.71,2.73
2009-04-18,29.899,0.001,11.2,2.07
2009-04-19,31.718,0.001,12.51,2.606
2009-04-20,32.255,0.0,15.62,3.809
2009-04-21,30.059,0.003,14.61,3.928
2009-04-22,28.831,0.0,10.14,2.736
2009-04-23,29.973,0.0,10.33,2.485
2009-04-24,29.453,0.001,14.86,2.692
2009-04-25,29.549,0.003,11.18,1.621
2009-04-26,31.126,0.003,8.64,1.128
2009-04-27,32.226,0.003,9.05,1.781
2009-04-28,33.162,0.003,10.57,3.044
2009-04-29,33.897,0.001,12.43,3.226
2009-04-30,33.204,0.001,14.2,3.014
2009-05-01,33.121,0.0,16.22,3.986
2009-05-02,32.932,0.007,15.72,3.467
2009-05-03,32.724,0.05,17.65,3.333
2009-05-04,32.138,0.002,20.77,3.587
2009-05-05,30.872,0.025,21.41,2.811
2009-05-06,31.093,0.001,19.93,1.493
2009-05-07,31.88,0.055,18.77,3.073
2009-05-08,32.265,0.001,17.86,3.42
2009-05-09,32.608,0.0,17.81,4.284
2009-05-10,32.606,0.003,25.93,4.985
2009-05-11,31.968,0.001,37.24,4.608
2009-05-12,33.116,0.001,33.36,3.309
2009-05-13,34.113,0.142,30.43,4.061
2009-05-14,34.455,0.031,26.01,4.011
2009-05-15,33.72,0.001,31.02,3.401
2009-05-16,33.558,0.015,32.84,3.058
2009-05-17,34.238,1.036,32.27,2.505
2009-05-18,33.841,0.082,34.33,3.145
2009-05-19,33.749,0.017,30.64,2.955
2009-05-20,34.176,0.002,26.74,3.155
2009-05-21,34.441,0.02,22.68,3.1
2009-05-22,34.342,0.291,21.74,3.193
2009-05-23,32.792,1.144,32.77,2.38
2009-05-24,32.075,0.9,28.38,2.41
2009-05-25,32.715,0.0,30.31,3.899
2009-05-26,32.649,0.0,33.51,3.606
2009-05-27,32.828,0.001,33.11,3.564
2009-05-28,33.109,0.002,34.54,3.656
2009-05-29,32.362,0.024,39.55,3.786
2009-05-30,31.094,0.322,44.02,2.781
2009-05-31,31.531,0.034,43.36,2.734
2009-06-01,31.156,0.412,44.7,3.728
2009-06-02,30.636,0.0,45.92,4.461
2009-06-03,31.229,0.003,45.96,4.409
2009-06-04,31.592,0.007,43.04,4.491
2009-06-05,31.403,0.001,37.26,4.071
2009-06-06,31.573,0.035,33.46,3.607
2009-06-07,32.232,0.0,24.58,3.597
2009-06-08,32.444,0.002,30.18,3.934
2009-06-09,32.919,0.0,32.32,3.295
2009-06-10,32.986,0.001,33.79,3.37
2009-06-11,32.473,0.032,36.84,3.707
2009-06-12,32.424,0.003,37.72,3.557
2009-06-13,32.539,0.028,36.34,3.252
2009-06-14,32.275,1.097,38.58,3.32
2009-06-15,30.744,2.702,43.94,3.364
2009-06-16,31.004,0.281,41.74,2.34
2009-06-17,30.413,1.189,44.31,1.528
2009-06-18,31.11,1.203,40.12,1.615
2009-06-19,32.442,0.039,34.0,2.54
2009-06-20,32.993,0.006,28.96,3.32
2009-06-21,32.769,0.097,32.99,3.438
2009-06-22,31.386,0.225,43.28,3.159
2009-06-23,30.038,4.372,54.24,2.033
2009-06-24,30.075,3.972,59.41,1.487
2009-06-25,30.242,2.306,58.28,1.783
2009-06-26,30.339,2.309,56.19,2.231
2009-06-27,30.874,1.539,56.07,2.791
2009-06-28,30.883,1.09,57.2,2.756
2009-06-29,29.252,4.166,65.98,2.891
2009-06-30,30.248,0.23,57.52,3.909
2009-07-01,30.464,0.019,55.13,3.59
2009-07-02,28.995,4.553,66.04,2.679
2009-07-03,28.053,12.068,73.03,1.159
2009-07-04,29.94,0.47,57.54,0.886
2009-07-05,31.666,0.04,48.33,1.387
2009-07-06,32.561,0.004,41.49,1.903
2009-07-07,33.169,0.097,41.01,3.395
2009-07-08,32.06,0.151,48.67,3.216
2009-07-09,28.587,16.296,68.84,2.015
2009-07-10,25.342,33.881,89.88,1.41
2009-07-11,25.718,23.309,84.42,2.237
2009-07-12,27.029,5.058,78.53,3.463
2009-07-13,27.168,3.135,78.11,3.067
2009-07-14,25.47,20.429,89.53,1.112
2009-07-15,27.112,6.919,82.6,1.117
2009-07-16,26.76,24.694,84.41,0.852
2009-07-17,24.638,28.114,93.78,0.703
2009-07-18,25.547,3.388,83.72,3.38
2009-07-19,26.166,1.162,77.56,3.222
2009-07-20,26.496,0.758,77.26,3.436
2009-07-21,25.76,3.075,80.84,3.053
2009-07-22,25.954,10.527,86.19,1.686
2009-07-23,25.34,16.694,88.85,1.384
2009-07-24,24.382,3.507,90.15,2.944
2009-07-25,25.071,1.835,88.4,2.926
2009-07-26,25.497,0.837,84.51,4.481
2009-07-27,25.676,0.53,76.25,5.1
2009-07-28,25.616,0.41,76.55,4.607
2009-07-29,26.105,0.404,75.16,4.146
2009-07-30,25.894,0.336,74.35,3.812
2009-07-31,25.5,0.279,73.34,3.898
2009-08-01,25.677,0.316,75.24,3.547
2009-08-02,25.736,0.292,75.18,3.187
2009-08-03,26.194,0.125,70.66,3.203
2009-08-04,25.987,0.181,71.6,3.317
2009-08-05,25.267,0.85,75.83,3.517
2009-08-06,25.501,0.774,75.67,3.476
2009-08-07,25.977,0.205,72.38,3.187
2009-08-08,26.342,0.112,70.51,2.937
2009-08-09,26.388,0.525,71.96,2.772
2009-08-10,26.676,0.243,70.25,2.529
2009-08-11,27.643,1.648,70.47,1.727
2009-08-12,26.231,10.511,79.41,2.819
2009-08-13,24.597,12.319,86.62,3.208
2009-08-14,25.445,2.231,73.68,3.667
2009-08-15,24.957,5.566,77.84,3.545
2009-08-16,24.459,7.46,83.23,3.281
2009-08-17,25.91,0.305,74.34,3.498
2009-08-18,26.423,0.107,71.52,3.23
2009-08-19,26.758,0.133,69.33,3.23
2009-08-20,27.134,0.05,66.61,3.331
2009-08-21,26.491,0.16,69.31,3.255
2009-08-22,26.239,0.261,69.14,2.923
2009-08-23,27.114,0.148,65.63,2.696
2009-08-24,27.732,0.531,66.02,2.045
2009-08-25,26.83,11.34,74.73,1.866
2009-08-26,25.823,9.798,79.93,2.669
2009-08-27,26.073,6.769,79.69,1.494
2009-08-28,25.029,16.61,86.81,1.092
2009-08-29,24.233,20.78,90.98,1.118
2009-08-30,24.674,3.7,87.51,3.071
2009-08-31,25.949,0.854,78.66,2.919
2009-09-01,26.48,0.827,77.18,1.382
2009-09-02,26.997,1.978,79.79,2.233
2009-09-03,26.431,4.168,80.71,2.182
2009-09-04,25.944,3.719,80.37,2.328
2009-09-05,26.32,1.771,76.95,2.035
2009-09-06,26.142,1.486,78.5,2.013
2009-09-07,26.581,1.425,73.46,2.615
2009-09-08,27.394,0.102,61.9,2.893
2009-09-09,27.349,0.006,63.73,2.4
2009-09-10,26.045,0.033,71.48,4.17
2009-09-11,26.236,0.004,66.5,3.764
2009-09-12,26.802,0.119,62.03,2.975
2009-09-13,27.68,0.0,53.47,3.034
2009-09-14,27.237,0.0,55.96,3.126
2009-09-15,26.58,0.002,56.48,3.262
2009-09-16,26.518,-0.0,56.87,2.966
2009-09-17,27.814,0.001,50.35,2.876
2009-09-18,29.053,0.042,44.33,2.871
2009-09-19,29.294,0.004,42.68,3.341
2009-09-20,28.938,0.001,42.88,3.214
2009-09-21,29.47,0.0,44.32,3.026
2009-09-22,30.045,0.002,38.56,3.057
2009-09-23,29.737,0.0,35.98,3.505
2009-09-24,29.684,0.0,40.34,3.99
2009-09-25,29.137,0.002,45.63,3.78
2009-09-26,28.944,-0.0,48.63,3.093
2009-09-27,29.344,0.0,42.55,2.526
2009-09-28,30.12,0.0,38.59,2.996
2009-09-29,30.822,0.0,30.52,2.811
2009-09-30,30.934,0.0,28.9,2.04
2009-10-01,30.729,0.0,30.63,2.161
2009-10-02,30.337,0.003,44.43,2.896
2009-10-03,27.762,0.269,63.19,3.32
2009-10-04,25.932,3.838,74.23,2.27
2009-10-05,26.484,0.064,65.99,1.789
2009-10-06,27.949,0.001,42.9,1.964
2009-10-07,27.99,0.002,38.14,3.414
2009-10-08,26.718,0.001,48.64,3.055
2009-10-09,26.266,0.0,48.98,2.747
2009-10-10,26.788,0.002,45.12,2.4
2009-10-11,27.02,0.068,43.68,1.954
2009-10-12,27.688,0.034,39.1,1.799
2009-10-13,27.616,0.007,36.5,1.69
2009-10-14,27.635,0.001,31.22,2.312
2009-10-15,28.037,0.0,26.61,1.775
2009-10-16,27.58,0.0,26.75,1.321
2009-10-17,26.528,0.002,26.33,1.002
2009-10-18,25.99,0.0,26.8,2.37
2009-10-19,25.678,0.0,27.53,2.766
2009-10-20,25.387,0.0,23.01,2.609
2009-10-21,24.918,0.0,24.43,2.032
2009-10-22,25.505,0.003,19.98,2.063
2009-10-23,25.023,0.001,15.64,2.04
2009-10-24,24.748,0.001,17.12,1.109
2009-10-25,24.99,0.0,19.66,0.61
2009-10-26,24.445,0.002,24.45,1.236
2009-10-27,24.822,0.001,24.71,1.393
2009-10-28,25.303,0.001,22.88,0.429
2009-10-29,25.473,0.001,26.05,1.038
2009-10-30,25.879,0.003,23.55,0.97
2009-10-31,25.035,0.0,23.76,1.823
2009-11-01,25.165,0.0,24.47,1.54
2009-11-02,25.493,0.002,23.17,1.042
2009-11-03,24.795,0.001,25.46,1.176
2009-11-04,24.079,0.001,32.5,1.363
2009-11-05,22.97,0.0,39.01,1.486
2009-11-06,23.132,0.002,34.74,1.008
2009-11-07,24.01,0.002,35.47,0.371
2009-11-08,24.469,0.0,35.42,0.625
2009-11-09,24.372,0.001,31.48,0.626
2009-11-10,23.34,0.0,29.29,2.551
2009-11-11,21.399,0.052,31.74,3.369
2009-11-12,17.592,0.949,78.16,3.737
2009-11-13,20.024,0.047,74.58,0.857
2009-11-14,21.106,0.221,70.67,1.059
2009-11-15,21.233,0.002,61.86,1.133
2009-11-16,21.239,0.0,49.76,1.112
2009-11-17,20.43,0.001,40.2,2.062
2009-11-18,20.399,0.012,53.59,1.245
2009-11-19,19.357,0.001,35.78,0.939
2009-11-20,19.446,0.001,32.88,0.179
2009-11-21,19.428,0.0,34.83,0.594
2009-11-22,18.872,0.001,33.85,1.518
2009-11-23,19.021,0.001,35.54,1.422
2009-11-24,19.824,0.0,36.26,0.717
2009-11-25,20.841,0.0,28.92,1.469
2009-11-26,20.95,0.002,29.07,1.311
2009-11-27,20.188,0.001,35.52,0.982
2009-11-28,20.169,0.0,37.82,0.511
2009-11-29,20.372,0.002,37.49,0.512
2009-11-30,20.266,0.001,38.43,0.371
2009-12-01,19.817,0.001,39.89,0.494
2009-12-02,19.366,0.0,34.69,1.273
2009-12-03,19.339,0.0,42.24,1.106
2009-12-04,19.942,0.001,42.9,1.12
2009-12-05,19.926,0.002,40.4,1.303
2009-12-06,19.451,0.0,34.81,1.561
2009-12-07,19.0,0.001,43.06,1.965
2009-12-08,19.619,0.0,51.3,1.373
2009-12-09,20.276,0.0,42.91,0.678
2009-12-10,20.338,0.002,45.8,0.931
2009-12-11,20.055,0.003,52.31,1.293
2009-12-12,20.639,0.001,55.34,0.052
2009-12-13,20.307,0.003,51.09,0.634
2009-12-14,20.365,0.002,51.97,0.669
2009-12-15,20.191,0.0,49.29,1.14
2009-12-16,18.587,0.748,65.87,1.26
2009-12-17,17.493,0.828,67.68,1.79
2009-12-18,17.448,0.032,51.45,1.855
2009-12-19,16.905,0.001,51.13,1.72
2009-12-20,17.803,0.009,53.65,0.423
2009-12-21,17.854,0.002,53.69,1.764
2009-12-22,17.99,0.503,53.83,0.344
2009-12-23,18.482,0.072,45.21,1.027
2009-12-24,17.634,0.0,31.21,1.6
2009-12-25,17.054,0.002,37.75,0.199
2009-12-26,16.869,0.001,32.62,1.118
2009-12-27,16.693,0.0,37.58,0.402
2009-12-28,16.813,0.001,47.0,1.07
2009-12-29,17.588,0.167,57.41,1.532
2009-12-30,16.721,0.009,51.94,1.468
2009-12-31,16.358,0.0,44.65,0.452
2010-01-01,16.293,0.0,41.18,1.985
2010-01-02,18.218,0.458,43.07,1.237
2010-01-03,16.106,3.607,72.67,1.008
2010-01-04,15.006,0.0,60.9,1.92
2010-01-05,14.898,0.0,47.0,0.937
2010-01-06,14.965,0.0,49.36,1.568
2010-01-07,15.228,0.001,48.05,1.442
2010-01-08,15.356,0.0,47.1,0.352
2010-01-09,14.631,0.0,54.23,0.727
2010-01-10,15.083,0.001,54.38,1.413
2010-01-11,16.287,0.0,54.73,1.318
2010-01-12,16.803,0.653,61.86,1.135
2010-01-13,13.517,0.0,55.15,2.24
2010-01-14,13.603,0.001,53.97,1.918
2010-01-15,14.759,0.002,52.13,1.755
2010-01-16,15.615,0.003,47.48,1.383
2010-01-17,16.95,0.001,42.08,1.079
2010-01-18,18.024,0.0,38.52,0.24
2010-01-19,18.511,0.001,35.54,0.264
2010-01-20,18.388,0.001,33.61,0.374
2010-01-21,18.987,0.0,30.13,0.313
2010-01-22,19.787,0.001,27.37,0.923
2010-01-23,19.526,0.001,28.38,0.761
2010-01-24,18.957,0.001,28.99,1.41
2010-01-25,18.664,0.0,39.32,1.351
2010-01-26,18.929,0.001,35.75,1.17
2010-01-27,19.912,0.001,32.12,1.003
2010-01-28,19.964,0.001,31.91,1.157
2010-01-29,19.87,0.098,40.59,1.482
2010-01-30,20.441,0.003,37.85,0.858
2010-01-31,18.844,0.003,34.46,0.448
2010-02-01,18.727,0.002,33.25,0.707
2010-02-02,19.035,0.021,36.64,1.373
2010-02-03,19.22,0.004,32.39,1.824
2010-02-04,19.219,0.002,32.63,1.77
2010-02-05,20.954,0.002,32.92,0.871
2010-02-06,22.017,0.002,31.89,0.939
2010-02-07,22.546,0.002,37.06,2.016
2010-02-08,22.169,0.849,48.58,3.293
2010-02-09,17.794,0.003,39.23,2.821
2010-02-10,16.126,0.001,20.33,1.987
2010-02-11,17.973,0.264,51.12,1.983
2010-02-12,19.267,0.018,49.02,1.223
2010-02-13,19.878,0.196,53.86,0.778
2010-02-14,19.728,0.012,46.55,1.206
2010-02-15,19.542,0.001,26.89,1.786
2010-02-16,18.891,0.0,24.3,1.636
2010-02-17,16.571,0.003,26.49,2.387
2010-02-18,17.306,0.001,21.65,1.167
2010-02-19,19.476,0.0,23.97,0.913
2010-02-20,21.223,0.001,25.18,0.634
2010-02-21,22.744,0.0,25.44,1.463
2010-02-22,22.303,0.674,33.2,1.757
2010-02-23,20.505,0.0,37.84,2.472
2010-02-24,21.394,0.0,35.65,1.557
2010-02-25,22.257,0.002,34.06,0.591
2010-02-26,23.2,0.003,32.51,0.529
2010-02-27,23.933,0.0,29.04,1.815
2010-02-28,24.28,0.001,19.15,2.643
2010-03-01,24.561,0.002,20.75,3.097
2010-03-02,25.526,0.0,33.78,2.366
2010-03-03,24.862,0.002,35.69,3.22
2010-03-04,24.3,0.0,40.03,3.354
2010-03-05,24.542,0.0,38.58,2.14
2010-03-06,23.437,0.192,45.32,2.489
2010-03-07,22.709,0.0,32.03,2.052
2010-03-08,22.941,0.001,27.25,1.705
2010-03-09,23.259,0.0,23.17,0.989
2010-03-10,23.693,0.0,21.56,1.504
2010-03-11,25.18,0.002,24.36,1.396
2010-03-12,26.187,0.0,18.5,1.239
2010-03-13,26.715,0.001,17.49,2.22
2010-03-14,27.701,0.003,18.58,3.551
2010-03-15,27.85,0.001,22.67,2.541
2010-03-16,28.446,0.002,25.49,1.166
2010-03-17,29.023,0.0,22.09,0.972
2010-03-18,29.24,0.0,21.98,1.396
2010-03-19,29.397,0.0,19.54,0.962
2010-03-20,29.696,0.001,16.55,1.294
2010-03-21,29.697,0.0,18.18,2.406
2010-03-22,28.807,0.0,15.61,3.443
2010-03-23,27.683,0.001,18.79,3.231
2010-03-24,28.031,0.0,19.89,2.511
2010-03-25,28.585,0.0,28.72,2.66
2010-03-26,28.293,0.002,23.54,2.747
2010-03-27,27.784,0.001,21.41,2.259
2010-03-28,28.803,0.0,19.96,2.041
2010-03-29,29.167,0.0,18.62,3.133
2010-03-30,30.051,0.001,25.16,4.05
2010-03-31,28.42,0.001,21.8,4.218
2010-04-01,28.922,0.003,29.69,3.198
2010-04-02,28.854,0.002,26.01,3.544
2010-04-03,28.225,0.001,21.48,1.516
2010-04-04,29.818,0.0,19.66,2.482
2010-04-05,30.543,0.0,14.88,2.634
2010-04-06,30.538,0.001,12.91,1.708
2010-04-07,30.868,0.002,11.26,0.287
2010-04-08,32.119,0.005,13.91,1.354
2010-04-09,30.919,0.0,14.75,3.285
2010-04-10,30.512,0.002,15.6,3.644
2010-04-11,30.623,-0.0,24.13,3.226
2010-04-12,30.843,0.003,23.61,3.226
2010-04-13,32.46,0.0,11.82,1.797
2010-04-14,32.698,0.003,12.72,1.561
2010-04-15,33.31,0.001,15.83,2.093
2010-04-16,34.012,0.001,17.61,2.446
2010-04-17,33.472,0.001,18.08,3.541
2010-04-18,33.1,0.0,21.29,4.589
2010-04-19,31.963,0.001,21.6,5.383
2010-04-20,31.349,0.0,25.77,4.977
2010-04-21,30.698,0.002,25.14,4.546
2010-04-22,30.417,0.002,21.4,3.234
2010-04-23,31.272,0.001,14.58,2.762
2010-04-24,31.027,0.004,15.48,3.379
2010-04-25,31.116,0.718,24.6,2.949
2010-04-26,32.514,0.064,21.39,2.403
2010-04-27,33.097,0.027,22.97,2.604
2010-04-28,33.242,0.0,18.13,2.885
2010-04-29,32.527,0.734,20.07,2.277
2010-04-30,31.782,0.001,17.97,3.22
2010-05-01,31.678,0.027,18.14,2.659
2010-05-02,32.291,0.0,17.06,2.182
2010-05-03,33.473,0.022,17.8,4.048
2010-05-04,33.4,0.025,22.48,4.544
2010-05-05,33.149,0.0,22.38,3.969
2010-05-06,32.537,0.176,30.05,3.549
2010-05-07,32.498,0.0,24.79,3.816
2010-05-08,32.798,0.038,23.5,2.756
2010-05-09,32.762,0.0,21.76,3.595
2010-05-10,31.964,0.0,16.33,3.479
2010-05-11,33.189,0.002,20.36,3.417
2010-05-12,34.084,0.0,17.25,3.391
2010-05-13,34.929,0.001,14.93,3.798
2010-05-14,34.532,0.0,17.35,4.017
2010-05-15,34.037,0.0,23.69,3.233
2010-05-16,34.681,0.001,25.07,3.242
2010-05-17,34.388,0.001,20.94,3.695
2010-05-18,33.734,0.002,16.28,3.422
2010-05-19,34.839,0.001,20.1,2.69
2010-05-20,35.86,0.001,15.44,1.783
2010-05-21,36.254,0.001,10.94,1.553
2010-05-22,36.731,0.003,14.72,3.205
2010-05-23,36.537,0.002,18.24,4.223
2010-05-24,35.548,0.001,24.37,5.352
2010-05-25,34.269,0.0,29.87,6.073
2010-05-26,33.18,0.001,39.22,5.686
2010-05-27,33.192,0.0,38.32,6.117
2010-05-28,32.881,0.0,39.19,5.737
2010-05-29,32.586,0.0,36.57,4.783
2010-05-30,33.424,0.0,28.29,3.632
2010-05-31,33.779,0.0,26.36,3.903
2010-06-01,33.006,0.001,25.92,4.018
2010-06-02,31.963,0.598,44.76,4.212
2010-06-03,30.76,3.202,49.13,4.125
2010-06-04,31.581,0.101,42.67,5.368
2010-06-05,31.382,0.071,41.68,5.684
2010-06-06,30.618,0.145,44.66,3.836
2010-06-07,26.232,6.401,67.63,4.626
2010-06-08,28.198,0.238,57.01,2.611
2010-06-09,30.38,0.02,40.74,2.074
2010-06-10,32.573,0.0,30.99,1.483
2010-06-11,34.631,0.001,20.32,1.628
2010-06-12,35.971,0.01,16.98,1.782
2010-06-13,36.632,0.008,16.49,0.903
2010-06-14,34.946,0.546,27.28,2.451
2010-06-15,30.939,1.95,49.3,2.711
2010-06-16,29.722,1.621,54.13,1.38
2010-06-17,31.556,0.844,46.59,2.803
2010-06-18,33.823,0.0,31.07,2.538
2010-06-19,35.864,0.0,21.18,1.668
2010-06-20,35.821,0.001,25.78,3.044
2010-06-21,33.882,0.001,32.77,4.889
2010-06-22,33.345,0.001,36.25,5.18
2010-06-23,32.723,0.047,42.76,4.824
2010-06-24,31.843,0.192,46.5,4.045
2010-06-25,32.813,0.28,43.79,2.681
2010-06-26,33.765,0.243,42.81,2.471
2010-06-27,33.376,2.453,48.53,3.078
2010-06-28,32.727,0.282,52.36,4.152
2010-06-29,32.144,0.009,48.86,4.415
2010-06-30,32.075,0.075,44.97,3.845
2010-07-01,32.158,0.092,44.93,2.654
2010-07-02,30.991,4.041,54.46,1.93
2010-07-03,30.409,3.718,59.16,1.1
2010-07-04,27.362,12.812,77.98,1.509
2010-07-05,24.742,13.214,89.95,1.448
2010-07-06,26.022,6.666,81.05,2.227
2010-07-07,27.021,5.005,77.46,1.757
2010-07-08,26.838,5.528,78.85,1.383
2010-07-09,27.933,0.784,71.83,2.278
2010-07-10,28.073,0.847,71.66,3.851
2010-07-11,27.734,0.616,69.81,5.219
2010-07-12,27.106,0.702,68.95,5.13
2010-07-13,27.203,1.359,71.54,4.204
2010-07-14,27.724,0.78,69.67,3.446
2010-07-15,28.365,3.785,70.58,2.274
2010-07-16,27.764,10.231,76.89,2.144
2010-07-17,27.66,18.728,79.92,0.978
2010-07-18,27.517,2.805,79.6,2.284
2010-07-19,27.693,0.501,75.33,2.871
2010-07-20,28.08,1.114,73.37,2.308
2010-07-21,27.226,8.819,80.04,1.779
2010-07-22,26.774,11.58,81.16,0.996
2010-07-23,26.002,9.323,84.38,1.429
2010-07-24,25.83,9.808,85.34,1.906
2010-07-25,25.762,7.816,85.66,1.02
2010-07-26,24.364,16.496,93.37,0.565
2010-07-27,25.304,2.365,83.38,2.84
2010-07-28,26.227,0.486,76.26,2.832
2010-07-29,26.844,2.221,77.0,1.656
2010-07-30,26.339,22.512,83.52,1.454
2010-07-31,25.215,21.189,89.58,0.426
2010-08-01,24.35,15.223,93.05,0.233
2010-08-02,24.461,14.711,90.72,0.454
2010-08-03,25.417,13.405,86.6,0.899
2010-08-04,24.965,37.547,88.52,1.047
2010-08-05,24.96,28.621,86.39,2.809
2010-08-06,25.392,6.926,85.92,1.911
2010-08-07,25.708,9.701,86.85,1.654
2010-08-08,25.994,5.391,84.47,1.333
2010-08-09,25.705,1.789,81.34,2.214
2010-08-10,25.867,10.714,83.06,1.828
2010-08-11,26.047,6.99,83.55,1.955
2010-08-12,26.019,11.048,83.84,1.12
2010-08-13,24.473,32.882,93.33,1.584
2010-08-14,24.084,16.819,93.88,1.747
2010-08-15,25.217,13.926,87.23,1.373
2010-08-16,25.61,7.447,85.66,1.371
2010-08-17,26.444,0.987,82.6,1.923
2010-08-18,25.867,10.199,85.8,2.129
2010-08-19,24.904,9.817,88.23,2.785
2010-08-20,24.278,2.98,89.49,2.749
2010-08-21,24.781,1.066,85.37,3.296
2010-08-22,25.402,0.52,79.99,3.9
2010-08-23,25.611,0.483,80.12,3.509
2010-08-24,25.792,0.413,79.58,2.51
2010-08-25,25.406,3.621,83.57,0.829
2010-08-26,25.59,8.877,85.65,0.746
2010-08-27,26.317,7.048,84.98,0.56
2010-08-28,26.38,7.784,85.7,0.249
2010-08-29,25.983,13.394,88.57,0.615
2010-08-30,26.701,1.704,83.97,0.292
2010-08-31,25.638,12.832,88.42,1.216
2010-09-01,25.547,3.116,85.77,1.902
2010-09-02,25.687,2.406,82.79,2.277
2010-09-03,25.726,4.084,82.98,1.667
2010-09-04,25.263,21.153,88.73,1.509
2010-09-05,24.601,13.807,90.58,2.097
2010-09-06,25.091,8.758,91.95,2.357
2010-09-07,25.362,9.097,90.86,1.617
2010-09-08,24.868,9.757,90.12,1.01
2010-09-09,25.093,5.097,89.22,2.01
2010-09-10,24.211,9.46,90.24,2.299
2010-09-11,24.147,0.974,82.9,3.016
2010-09-12,25.061,1.419,81.38,2.723
2010-09-13,23.368,41.016,94.14,2.174
2010-09-14,23.845,4.024,89.54,2.086
2010-09-15,24.762,0.974,83.49,1.842
2010-09-16,24.984,1.373,82.74,1.765
2010-09-17,25.043,0.234,75.41,1.654
2010-09-18,24.86,0.04,73.54,1.379
2010-09-19,24.564,0.08,73.91,2.719
2010-09-20,23.726,0.02,72.18,2.383
2010-09-21,24.512,0.002,59.96,2.905
2010-09-22,24.647,0.0,60.84,3.462
2010-09-23,23.433,0.002,62.25,2.414
2010-09-24,23.081,0.001,62.71,1.561
2010-09-25,23.888,0.001,61.61,0.982
2010-09-26,25.613,0.0,54.01,0.455
2010-09-27,25.5,0.0,48.69,0.729
2010-09-28,25.575,0.001,50.56,0.602
2010-09-29,25.943,0.0,48.1,0.564
2010-09-30,25.755,0.001,50.37,0.542
2010-10-01,26.624,0.0,54.26,0.591
2010-10-02,26.424,0.003,59.01,1.129
2010-10-03,26.271,0.002,56.21,0.836
2010-10-04,26.029,0.028,54.72,1.284
2010-10-05,26.731,0.002,48.55,1.005
2010-10-06,26.182,0.002,49.3,1.114
2010-10-07,26.221,0.001,49.26,0.804
2010-10-08,26.099,0.001,45.49,0.643
2010-10-09,25.617,0.0,44.47,2.398
2010-10-10,25.692,0.001,49.55,2.774
2010-10-11,24.763,0.066,60.63,1.584
2010-10-12,24.449,1.358,68.79,0.805
2010-10-13,25.212,0.016,60.57,0.874
2010-10-14,25.843,0.001,51.41,1.583
2010-10-15,26.2,0.0,45.22,2.256
2010-10-16,26.584,0.002,39.4,1.792
2010-10-17,26.488,0.008,54.5,2.346
2010-10-18,26.533,0.061,63.01,2.53
2010-10-19,26.358,0.002,59.17,1.962
2010-10-20,26.398,0.005,52.42,1.172
2010-10-21,26.06,0.001,44.14,0.738
2010-10-22,25.528,0.001,44.44,2.263
2010-10-23,25.507,0.001,46.3,1.668
2010-10-24,24.897,0.0,44.7,0.853
2010-10-25,25.079,0.001,42.44,0.316
2010-10-26,24.993,0.0,40.37,1.326
2010-10-27,25.069,0.001,36.66,1.262
2010-10-28,24.371,0.0,35.94,0.61
2010-10-29,23.92,0.001,39.96,0.745
2010-10-30,23.352,0.547,41.88,1.521
2010-10-31,22.627,0.002,45.02,1.532
2010-11-01,22.092,0.0,44.17,1.248
2010-11-02,21.405,0.001,44.63,1.808
2010-11-03,21.205,0.001,44.45,1.728
2010-11-04,21.64,0.001,40.36,1.473
2010-11-05,22.271,0.002,39.76,1.048
2010-11-06,21.949,0.002,42.58,1.577
2010-11-07,21.084,0.002,46.87,2.363
2010-11-08,22.133,0.506,51.94,2.617
2010-11-09,21.747,17.527,83.98,2.477
2010-11-10,23.2,1.677,82.15,0.47
2010-11-11,22.734,2.63,83.47,0.641
2010-11-12,22.442,3.446,81.02,1.233
2010-11-13,21.791,10.656,86.08,0.18
2010-11-14,22.018,6.992,85.94,0.263
2010-11-15,21.935,12.166,85.82,0.362
2010-11-16,21.486,3.82,87.01,0.331
2010-11-17,20.184,28.748,90.72,0.483
2010-11-18,19.658,2.112,88.58,0.587
2010-11-19,18.857,0.077,68.03,1.348
2010-11-20,18.34,0.001,53.98,0.832
2010-11-21,18.872,0.168,58.2,1.141
2010-11-22,16.067,26.719,88.23,1.78
2010-11-23,14.843,15.728,93.21,2.754
2010-11-24,16.972,7.337,92.92,1.26
2010-11-25,18.7,0.305,82.77,0.429
2010-11-26,18.246,0.576,82.83,1.418
2010-11-27,17.581,0.15,74.84,1.683
2010-11-28,16.649,0.0,70.72,1.813
2010-11-29,16.399,0.0,72.85,1.61
2010-11-30,15.792,0.001,63.49,1.32
2010-12-01,16.448,0.002,71.15,1.433
2010-12-02,16.054,0.001,73.22,2.15
2010-12-03,14.929,0.0,70.05,1.965
2010-12-04,14.806,0.001,71.68,1.593
2010-12-05,15.297,0.005,73.92,1.846
2010-12-06,15.427,0.001,73.76,1.524
2010-12-07,14.188,0.002,68.97,1.656
2010-12-08,14.094,0.001,69.78,1.052
2010-12-09,14.433,0.001,66.51,1.413
2010-12-10,13.195,0.001,56.83,1.753
2010-12-11,13.337,0.002,44.75,0.988
2010-12-12,13.774,0.001,53.61,0.899
2010-12-13,14.617,0.0,52.58,0.267
2010-12-14,14.592,0.0,55.14,0.885
2010-12-15,14.945,0.002,53.22,0.309
2010-12-16,16.068,0.0,50.98,0.182
2010-12-17,16.02,0.0,49.41,0.437
2010-12-18,15.331,0.0,43.23,1.017
2010-12-19,13.412,0.0,54.58,1.716
2010-12-20,14.277,0.0,50.73,0.523
2010-12-21,15.109,0.0,47.63,1.22
2010-12-22,14.354,0.001,50.66,1.564
2010-12-23,15.812,0.001,59.25,0.933
2010-12-24,14.981,0.001,51.04,1.476
2010-12-25,13.912,0.0,59.59,1.235
2010-12-26,14.498,0.001,63.43,1.188
2010-12-27,15.775,0.275,71.79,1.534
2010-12-28,16.826,1.044,71.36,1.242
2010-12-29,15.529,5.905,85.04,1.093
2010-12-30,14.477,0.463,74.65,1.755
2010-12-31,13.054,0.0,45.48,1.428
2011-01-01,12.656,0.0,44.96,1.251
2011-01-02,11.72,0.001,52.53,0.733
2011-01-03,11.15,0.001,58.18,1.358
2011-01-04,11.412,0.001,57.72,0.885
2011-01-05,11.866,0.0,53.22,1.137
2011-01-06,12.5,0.001,55.33,1.047
2011-01-07,14.699,0.002,46.05,0.339
2011-01-08,14.231,0.0,44.79,1.01
2011-01-09,12.243,0.001,46.36,1.936
2011-01-10,12.646,0.002,43.6,0.858
2011-01-11,15.385,0.001,32.2,1.124
2011-01-12,16.314,0.001,35.7,1.186
2011-01-13,16.996,0.012,57.65,2.093
2011-01-14,15.797,0.001,48.36,2.955
2011-01-15,12.662,0.002,31.79,1.904
2011-01-16,12.143,0.003,27.9,0.923
2011-01-17,15.125,0.001,27.82,2.212
2011-01-18,15.988,0.0,39.06,2.065
2011-01-19,14.254,0.002,35.8,1.142
2011-01-20,15.938,0.0,38.06,0.693
2011-01-21,17.575,0.002,38.68,0.81
2011-01-22,18.288,0.002,41.11,1.26
2011-01-23,17.69,0.0,49.3,1.075
2011-01-24,16.899,0.0,58.9,1.101
2011-01-25,16.062,0.001,44.63,1.183
2011-01-26,14.324,0.0,35.67,2.307
2011-01-27,13.828,0.001,50.83,2.083
2011-01-28,15.108,0.001,55.0,1.328
2011-01-29,16.256,0.001,50.53,0.684
2011-01-30,16.83,0.0,42.54,1.715
2011-01-31,15.82,0.0,57.38,1.729
2011-02-01,16.322,0.0,51.88,1.119
2011-02-02,17.526,0.001,46.99,1.118
2011-02-03,19.244,0.0,42.08,1.144
2011-02-04,19.627,0.002,43.97,1.419
2011-02-05,19.398,0.001,44.97,1.676
2011-02-06,19.705,0.0,45.33,2.829
2011-02-07,19.401,0.002,56.16,3.221
2011-02-08,17.97,0.01,42.73,1.166
2011-02-09,17.407,0.002,41.84,1.197
2011-02-10,17.842,0.002,44.62,1.662
2011-02-11,19.481,0.003,46.75,1.724
2011-02-12,20.898,0.003,44.53,1.972
2011-02-13,19.858,0.0,41.57,2.693
2011-02-14,18.743,0.593,60.95,1.542
2011-02-15,16.96,2.558,70.21,1.406
2011-02-16,16.667,0.02,54.31,1.206
2011-02-17,16.349,0.004,49.34,1.767
2011-02-18,16.948,0.002,46.43,0.496
2011-02-19,17.5,0.0,46.48,0.695
2011-02-20,17.39,0.182,48.78,1.179
2011-02-21,15.396,0.0,49.53,1.914
2011-02-22,17.198,0.001,51.52,1.141
2011-02-23,18.992,0.001,38.89,1.135
2011-02-24,19.029,0.0,35.33,1.963
2011-02-25,18.413,0.008,39.15,0.988
2011-02-26,18.552,0.016,44.37,1.168
2011-02-27,18.605,0.0,43.12,2.36
2011-02-28,19.35,0.001,50.44,2.317
2011-03-01,20.389,0.006,44.22,0.864
2011-03-02,21.557,0.016,42.25,1.238
2011-03-03,21.475,0.311,49.99,0.476
2011-03-04,21.31,0.085,55.22,1.119
2011-03-05,21.129,0.016,53.5,1.343
2011-03-06,21.919,0.003,48.35,2.175
2011-03-07,23.232,0.001,41.99,0.229
2011-03-08,22.577,0.003,36.83,2.478
2011-03-09,20.571,0.002,30.34,1.983
2011-03-10,20.123,0.0,25.25,2.307
2011-03-11,20.339,0.0,28.92,2.021
2011-03-12,22.276,0.001,28.59,0.51
2011-03-13,23.542,0.001,24.67,1.547
2011-03-14,25.532,0.0,25.44,1.577
2011-03-15,25.162,0.002,31.47,1.643
2011-03-16,25.938,0.0,29.99,0.356
2011-03-17,27.608,0.0,25.56,2.54
2011-03-18,27.811,0.0,18.95,3.724
2011-03-19,26.474,0.0,20.39,4.211
2011-03-20,25.257,0.001,32.15,2.87
2011-03-21,24.841,0.0,26.85,1.081
2011-03-22,24.669,0.0,24.22,2.756
2011-03-23,24.609,0.028,28.22,2.052
2011-03-24,25.164,0.009,25.88,1.308
2011-03-25,26.043,0.002,20.73,0.934
2011-03-26,26.022,0.0,20.11,1.054
2011-03-27,27.063,0.001,19.14,2.349
2011-03-28,27.657,0.001,18.35,3.588
2011-03-29,27.193,0.0,25.97,3.441
2011-03-30,26.841,0.001,20.89,2.256
2011-03-31,25.623,0.001,22.76,2.814
2011-04-01,26.674,0.0,25.6,2.425
2011-04-02,25.993,0.002,16.58,2.668
2011-04-03,24.636,-0.0,15.46,2.495
2011-04-04,24.679,0.003,18.25,1.49
2011-04-05,25.529,0.002,17.76,0.667
2011-04-06,27.372,0.0,17.64,0.65
2011-04-07,27.609,0.002,20.29,1.258
2011-04-08,26.918,0.024,23.97,1.123
2011-04-09,27.879,0.0,22.68,0.993
2011-04-10,28.655,0.007,22.9,1.084
2011-04-11,29.033,0.002,25.38,2.345
2011-04-12,27.381,0.07,34.49,2.015
2011-04-13,27.371,0.092,34.76,1.517
2011-04-14,28.3,0.001,25.77,1.344
2011-04-15,29.513,0.002,23.79,0.317
2011-04-16,29.868,0.126,27.1,2.156
2011-04-17,28.167,0.431,33.8,2.434
2011-04-18,27.088,0.0,20.82,2.009
2011-04-19,27.461,0.0,14.22,1.303
2011-04-20,27.71,0.0,18.45,0.478
2011-04-21,27.744,0.0,16.82,1.098
2011-04-22,28.553,0.0,13.16,1.098
2011-04-23,29.782,0.001,12.66,1.305
2011-04-24,30.353,0.001,12.91,2.045
2011-04-25,30.227,0.0,13.67,2.581
2011-04-26,31.036,0.0,14.74,2.834
2011-04-27,31.531,0.001,16.41,2.334
2011-04-28,31.88,0.022,19.76,2.938
2011-04-29,31.312,0.001,24.59,3.263
2011-04-30,30.712,0.513,25.39,2.664
2011-05-01,31.012,0.075,24.93,2.841
2011-05-02,30.543,0.001,31.98,3.918
2011-05-03,30.263,0.238,32.38,3.759
2011-05-04,29.721,0.001,36.67,3.477
2011-05-05,30.219,0.0,35.0,3.419
2011-05-06,29.926,0.003,23.82,2.652
2011-05-07,30.553,0.0,25.19,1.956
2011-05-08,32.27,0.023,22.76,3.112
2011-05-09,32.449,0.003,19.74,3.889
2011-05-10,31.753,0.004,25.29,3.86
2011-05-11,31.627,0.034,31.71,3.592
2011-05-12,31.764,0.067,33.72,3.431
2011-05-13,32.11,0.0,29.84,2.982
2011-05-14,32.374,0.002,28.36,2.676
2011-05-15,32.432,1.092,26.62,2.171
2011-05-16,32.09,0.303,31.13,1.579
2011-05-17,32.647,0.27,30.36,1.493
2011-05-18,33.041,1.078,29.03,3.086
2011-05-19,32.937,0.003,30.6,4.075
2011-05-20,32.271,0.0,37.9,4.429
2011-05-21,31.218,0.0,44.03,4.331
2011-05-22,31.559,0.095,42.34,3.8
2011-05-23,31.903,0.046,41.07,3.498
2011-05-24,32.004,0.005,39.95,3.869
2011-05-25,32.095,0.114,37.15,3.581
2011-05-26,32.395,0.34,34.53,3.434
2011-05-27,32.875,0.018,29.15,3.201
2011-05-28,32.743,0.0,33.79,3.342
2011-05-29,32.791,0.113,32.4,3.634
2011-05-30,32.641,0.002,28.44,4.289
2011-05-31,31.777,0.001,37.19,4.62
2011-06-01,31.336,0.0,39.04,4.122
2011-06-02,31.78,0.007,34.42,1.897
2011-06-03,32.886,0.019,29.19,0.079
2011-06-04,34.041,0.001,22.62,0.944
2011-06-05,35.255,0.0,17.16,0.402
2011-06-06,35.623,0.001,20.38,0.909
2011-06-07,35.996,0.0,24.13,3.065
2011-06-08,34.025,0.335,39.44,4.27
2011-06-09,33.021,0.833,44.3,3.604
2011-06-10,32.74,0.223,44.48,3.75
2011-06-11,32.946,0.015,42.43,3.882
2011-06-12,32.369,0.146,46.29,3.239
2011-06-13,31.669,1.163,47.19,3.099
2011-06-14,31.473,2.351,52.63,3.478
2011-06-15,30.519,0.01,51.78,4.835
2011-06-16,30.282,0.018,51.07,4.699
2011-06-17,30.01,0.244,51.05,4.288
2011-06-18,29.931,0.079,52.43,3.937
2011-06-19,30.547,0.069,49.92,3.774
2011-06-20,30.513,0.032,50.09,4.0
2011-06-21,30.51,0.419,52.34,4.207
2011-06-22,28.997,8.372,59.05,4.0
2011-06-23,24.41,26.324,84.82,4.719
2011-06-24,26.616,3.982,69.02,4.733
2011-06-25,28.068,0.001,60.75,4.076
2011-06-26,27.957,0.358,62.83,3.378
2011-06-27,27.57,0.216,65.75,3.679
2011-06-28,28.205,0.131,64.69,4.397
2011-06-29,27.927,0.149,63.2,4.427
2011-06-30,27.63,0.797,63.69,4.668
2011-07-01,27.658,0.408,60.38,4.047
2011-07-02,28.014,0.057,54.87,3.619
2011-07-03,28.642,0.014,55.85,3.455
2011-07-04,28.882,1.162,57.5,2.111
2011-07-05,28.831,10.769,61.62,1.14
2011-07-06,26.866,8.725,76.64,1.446
2011-07-07,27.676,7.694,71.57,1.321
2011-07-08,26.85,8.298,77.34,1.921
2011-07-09,25.125,7.342,81.86,3.074
2011-07-10,24.553,8.039,87.23,3.359
2011-07-11,26.096,2.663,79.57,3.693
2011-07-12,27.572,0.34,70.55,3.185
2011-07-13,27.591,4.213,73.56,2.317
2011-07-14,27.512,2.219,74.46,1.933
2011-07-15,26.685,9.819,79.94,1.737
2011-07-16,25.87,3.939,84.58,0.591
2011-07-17,26.877,3.26,79.44,0.662
2011-07-18,27.678,2.209,76.63,1.962
2011-07-19,26.88,0.357,77.0,4.766
2011-07-20,26.983,0.017,68.22,4.968
2011-07-21,26.517,0.321,69.98,4.437
2011-07-22,25.553,1.287,72.4,3.659
2011-07-23,24.449,9.031,85.68,3.701
2011-07-24,25.071,5.814,84.82,2.206
2011-07-25,25.265,4.719,88.71,1.007
2011-07-26,27.027,2.07,79.62,1.611
2011-07-27,27.116,4.313,78.52,1.979
2011-07-28,26.595,11.231,81.3,2.429
2011-07-29,25.81,10.016,85.49,2.433
2011-07-30,25.839,6.209,86.72,2.316
2011-07-31,25.949,6.556,84.27,2.324
2011-08-01,25.584,0.915,82.84,2.587
2011-08-02,26.594,0.329,76.4,2.211
2011-08-03,26.555,8.187,79.3,2.208
2011-08-04,26.307,2.095,79.54,2.371
2011-08-05,26.533,1.602,78.98,2.755
2011-08-06,26.453,1.108,76.86,3.228
2011-08-07,25.851,4.569,80.53,3.118
2011-08-08,25.012,32.673,89.84,2.356
2011-08-09,23.847,32.964,96.48,2.171
2011-08-10,23.851,44.551,92.16,2.965
2011-08-11,24.343,1.579,84.73,3.411
2011-08-12,23.893,5.853,90.78,1.487
2011-08-13,24.572,15.669,90.58,0.675
2011-08-14,24.563,29.838,90.57,0.997
2011-08-15,23.686,41.454,95.11,2.579
2011-08-16,24.27,12.439,87.6,3.292
2011-08-17,25.127,0.268,79.84,2.83
2011-08-18,25.403,1.753,82.52,2.042
2011-08-19,25.272,2.675,83.6,1.154
2011-08-20,23.906,11.103,91.92,1.399
2011-08-21,24.65,10.243,89.07,0.44
2011-08-22,26.21,1.648,82.1,0.725
2011-08-23,26.179,1.858,82.4,1.697
2011-08-24,24.76,8.873,88.58,1.412
2011-08-25,24.053,6.825,89.84,1.704
2011-08-26,24.642,7.184,87.08,1.499
2011-08-27,25.427,5.395,85.8,0.613
2011-08-28,25.932,1.893,83.38,1.43
2011-08-29,25.189,10.9,86.97,2.672
2011-08-30,24.981,8.671,88.69,2.711
2011-08-31,25.171,9.492,87.44,1.621
2011-09-01,25.237,4.199,85.38,1.708
2011-09-02,25.175,8.882,83.95,1.645
2011-09-03,24.134,13.839,89.77,1.442
2011-09-04,24.133,11.249,92.29,2.24
2011-09-05,24.4,9.459,90.89,3.166
2011-09-06,23.567,1.552,91.99,4.542
2011-09-07,23.5,0.269,84.22,4.383
2011-09-08,24.314,1.28,83.32,3.461
2011-09-09,24.704,0.761,81.0,2.468
2011-09-10,24.593,13.623,85.49,0.653
2011-09-11,23.75,29.363,92.51,1.418
2011-09-12,23.548,10.456,92.08,1.797
2011-09-13,24.632,1.312,83.52,2.734
2011-09-14,25.063,0.82,83.21,1.487
2011-09-15,25.333,1.038,81.11,1.822
2011-09-16,24.847,3.268,81.45,1.83
2011-09-17,23.186,9.714,87.45,3.068
2011-09-18,23.723,1.227,83.62,2.643
2011-09-19,23.726,0.755,80.51,2.259
2011-09-20,23.253,1.218,80.24,2.046
2011-09-21,23.163,0.508,79.04,1.984
2011-09-22,23.437,0.634,80.66,1.617
2011-09-23,23.759,0.95,79.51,1.886
2011-09-24,23.696,0.865,81.11,2.04
2011-09-25,23.823,0.615,77.26,2.427
2011-09-26,23.372,0.008,74.25,2.919
2011-09-27,23.354,0.001,73.7,2.783
2011-09-28,23.463,0.081,73.56,2.507
2011-09-29,23.322,0.479,75.52,2.138
2011-09-30,23.478,0.007,71.93,2.077
2011-10-01,23.616,0.007,70.97,2.649
2011-10-02,23.227,0.001,65.23,3.018
2011-10-03,22.636,0.0,67.8,2.732
2011-10-04,22.358,0.0,69.51,1.897
2011-10-05,23.215,0.002,65.8,1.304
2011-10-06,24.329,0.0,64.02,1.024
2011-10-07,24.545,0.012,61.05,1.153
2011-10-08,24.632,0.008,58.36,1.082
2011-10-09,24.975,0.105,55.38,1.279
2011-10-10,25.606,0.002,51.48,0.6
2011-10-11,25.66,0.0,50.81,0.616
2011-10-12,25.686,0.001,51.6,0.899
2011-10-13,26.162,0.001,52.17,1.034
2011-10-14,26.471,0.001,47.6,1.444
2011-10-15,26.083,0.001,39.04,1.387
2011-10-16,25.973,0.001,42.59,1.271
2011-10-17,26.287,0.003,41.65,1.206
2011-10-18,25.232,0.0,35.04,0.89
2011-10-19,24.456,0.001,33.36,0.959
2011-10-20,24.309,0.015,38.64,0.645
2011-10-21,24.084,0.047,42.96,1.119
2011-10-22,24.721,0.001,41.66,0.222
2011-10-23,24.396,0.001,43.58,0.969
2011-10-24,24.429,0.001,42.54,1.286
2011-10-25,24.581,0.0,39.94,0.992
2011-10-26,23.272,0.001,42.03,1.758
2011-10-27,22.966,0.001,43.91,1.058
2011-10-28,23.511,0.001,41.34,0.742
2011-10-29,23.221,0.002,42.51,1.097
2011-10-30,22.512,0.001,42.9,1.097
2011-10-31,22.215,0.0,39.19,1.188
2011-11-01,22.071,0.002,37.8,1.507
2011-11-02,22.978,0.002,37.36,1.326
2011-11-03,24.279,0.105,44.13,0.66
2011-11-04,24.351,0.029,52.79,0.576
2011-11-05,24.199,0.007,54.58,1.113
2011-11-06,24.062,0.0,44.89,1.155
2011-11-07,24.35,0.0,42.11,0.444
2011-11-08,24.473,0.002,43.52,0.266
2011-11-09,24.28,0.001,45.57,0.427
2011-11-10,24.448,0.0,49.02,0.935
2011-11-11,24.025,0.001,46.54,1.509
2011-11-12,23.946,0.0,50.61,1.042
2011-11-13,24.297,0.0,42.57,0.729
2011-11-14,23.788,0.001,39.69,0.575
2011-11-15,23.007,0.0,40.47,0.577
2011-11-16,22.612,0.003,44.45,1.292
2011-11-17,22.435,0.0,45.97,1.194
2011-11-18,22.328,0.002,45.13,1.248
2011-11-19,22.832,0.001,44.89,0.943
2011-11-20,23.454,0.002,41.23,0.715
2011-11-21,22.916,0.0,42.66,1.332
2011-11-22,21.56,0.003,48.89,1.241
2011-11-23,20.278,0.001,57.88,2.148
2011-11-24,19.591,0.001,58.15,1.629
2011-11-25,19.674,0.0,57.09,1.633
2011-11-26,19.782,0.001,57.16,1.556
2011-11-27,19.952,0.001,57.31,1.497
2011-11-28,20.404,0.0,56.78,1.257
2011-11-29,19.367,0.002,47.44,1.707
2011-11-30,19.956,0.0,40.41,0.68
2011-12-01,20.567,0.001,39.01,0.923
2011-12-02,21.188,0.0,39.82,0.819
2011-12-03,22.333,0.001,41.62,0.986
2011-12-04,23.051,0.0,49.9,0.583
2011-12-05,22.41,0.0,57.05,0.945
2011-12-06,21.63,0.0,54.71,0.696
2011-12-07,21.332,0.0,49.43,0.591
2011-12-08,20.595,0.002,47.03,1.468
2011-12-09,18.64,0.001,46.48,1.53
2011-12-10,16.5,0.0,24.76,1.887
2011-12-11,16.02,0.0,28.56,0.893
2011-12-12,15.342,0.002,37.27,1.604
2011-12-13,15.581,0.002,42.37,1.282
2011-12-14,16.647,0.001,40.93,0.968
2011-12-15,17.149,0.001,38.68,0.405
2011-12-16,16.636,0.0,41.06,0.947
2011-12-17,17.132,0.001,42.11,0.98
2011-12-18,17.068,0.0,45.07,0.237
2011-12-19,17.262,0.0,48.03,0.639
2011-12-20,17.182,0.001,42.3,0.957
2011-12-21,16.222,0.001,50.01,1.302
2011-12-22,16.188,0.0,57.65,1.545
2011-12-23,16.173,0.0,56.89,1.077
2011-12-24,16.54,0.001,53.67,0.887
2011-12-25,16.911,0.0,50.59,0.282
2011-12-26,17.095,0.001,53.46,0.944
2011-12-27,16.219,0.0,53.99,1.76
2011-12-28,15.359,0.002,45.71,1.457
2011-12-29,14.683,0.0,42.98,1.554
2011-12-30,13.6,0.001,54.64,1.886
2011-12-31,14.87,0.003,58.09,1.505
2012-01-01,14.29,0.002,59.66,2.482
2012-01-02,13.807,0.001,53.19,1.427
2012-01-03,14.622,0.001,54.6,1.201
2012-01-04,15.412,0.001,50.47,1.194
2012-01-05,16.684,0.189,65.85,1.949
2012-01-06,15.718,0.299,64.66,2.136
2012-01-07,13.942,0.001,29.53,1.176
2012-01-08,12.274,0.001,33.38,1.898
2012-01-09,11.696,0.0,41.68,1.552
2012-01-10,11.593,0.0,44.45,1.578
2012-01-11,12.417,0.001,40.24,0.918
2012-01-12,13.583,0.001,36.78,0.977
2012-01-13,14.275,0.0,31.05,0.796
2012-01-14,15.534,0.0,32.29,1.456
2012-01-15,17.803,0.001,38.33,2.623
2012-01-16,16.497,0.458,65.63,2.332
2012-01-17,14.325,0.001,43.47,0.842
2012-01-18,12.923,0.0,35.07,0.561
2012-01-19,12.132,0.001,41.38,0.714
2012-01-20,11.958,0.0,48.57,1.531
2012-01-21,12.195,0.002,41.03,2.291
2012-01-22,14.001,0.0,44.64,1.412
2012-01-23,15.024,0.001,47.62,1.55
2012-01-24,15.764,0.0,44.36,1.882
2012-01-25,16.307,0.041,46.3,0.867
2012-01-26,15.433,0.055,47.82,1.593
2012-01-27,15.708,0.002,47.5,0.464
2012-01-28,15.106,0.022,45.92,1.562
2012-01-29,13.776,0.0,41.55,2.488
2012-01-30,14.178,0.0,40.64,1.502
2012-01-31,14.646,0.001,32.23,1.302
2012-02-01,14.561,0.001,31.83,1.771
2012-02-02,15.74,0.001,34.86,1.465
2012-02-03,17.254,0.0,44.31,1.658
2012-02-04,17.608,0.001,47.97,2.822
2012-02-05,15.852,0.001,42.02,1.731
2012-02-06,16.038,0.001,42.73,1.879
2012-02-07,14.076,0.002,36.87,2.036
2012-02-08,10.394,0.002,21.56,2.46
2012-02-09,11.544,0.003,24.88,1.526
2012-02-10,14.131,0.002,24.77,0.912
2012-02-11,16.599,0.001,30.16,1.569
2012-02-12,18.118,0.001,37.69,1.653
2012-02-13,17.567,0.002,47.19,2.277
2012-02-14,17.256,0.001,33.65,1.504
2012-02-15,16.45,0.006,35.6,1.921
2012-02-16,15.778,0.0,35.99,1.976
2012-02-17,15.729,0.001,35.69,2.297
2012-02-18,16.852,0.001,34.57,1.38
2012-02-19,19.525,0.001,33.33,0.426
2012-02-20,21.684,0.0,30.25,2.196
2012-02-21,22.7,0.001,33.28,3.643
2012-02-22,20.985,0.001,38.63,2.772
2012-02-23,19.439,0.002,37.44,2.348
2012-02-24,17.626,0.001,22.21,1.587
2012-02-25,18.107,0.0,27.59,1.746
2012-02-26,18.172,0.002,25.86,1.825
2012-02-27,20.144,0.002,24.95,0.592
2012-02-28,20.105,0.0,23.28,2.177
2012-02-29,19.72,0.001,26.28,1.878
2012-03-01,19.892,0.0,33.51,1.982
2012-03-02,20.642,0.0,39.85,1.751
2012-03-03,22.449,0.001,40.78,2.53
2012-03-04,24.813,0.0,32.3,3.918
2012-03-05,24.119,0.001,26.59,4.131
2012-03-06,20.953,0.003,33.09,3.016
2012-03-07,20.213,0.003,21.15,2.976
2012-03-08,17.016,0.002,11.86,3.471
2012-03-09,17.608,0.0,15.39,1.679
2012-03-10,18.713,0.001,17.91,2.384
2012-03-11,19.714,0.002,23.2,2.543
2012-03-12,20.749,0.0,27.36,1.931
2012-03-13,19.267,0.004,25.78,2.331
2012-03-14,21.553,0.002,21.0,0.358
2012-03-15,23.71,0.002,21.98,1.088
2012-03-16,25.188,0.0,24.5,2.359
2012-03-17,24.821,0.003,25.92,2.938
2012-03-18,25.747,0.0,28.34,2.375
2012-03-19,27.09,0.0,22.19,3.219
2012-03-20,24.27,0.0,16.84,3.037
2012-03-21,21.659,0.0,9.52,1.773
2012-03-22,21.918,0.002,11.97,1.75
2012-03-23,24.095,0.001,14.17,0.825
2012-03-24,25.678,0.002,14.87,0.403
2012-03-25,26.104,0.003,16.57,1.323
2012-03-26,26.695,0.0,20.9,2.228
2012-03-27,27.585,0.002,26.29,1.716
2012-03-28,27.267,0.014,26.25,0.754
2012-03-29,27.231,0.001,24.11,1.37
2012-03-30,28.017,0.0,25.36,2.325
2012-03-31,29.963,0.0,22.88,2.029
2012-04-01,29.824,0.002,18.77,2.278
2012-04-02,29.81,0.002,19.77,2.081
2012-04-03,29.514,0.047,23.76,2.772
2012-04-04,29.745,0.041,22.44,1.976
2012-04-05,29.108,0.004,24.38,1.441
2012-04-06,29.437,0.012,23.33,2.795
2012-04-07,29.715,0.0,24.1,2.817
2012-04-08,29.803,0.023,23.95,2.428
2012-04-09,29.756,0.001,20.36,2.671
2012-04-10,30.335,0.124,21.66,3.234
2012-04-11,29.833,0.063,24.05,3.463
2012-04-12,27.857,2.639,30.75,2.502
2012-04-13,27.023,2.114,37.47,2.101
2012-04-14,26.035,1.039,45.25,1.623
2012-04-15,26.393,0.001,38.2,1.399
2012-04-16,28.386,0.078,30.17,1.882
2012-04-17,29.074,0.005,27.59,3.179
2012-04-18,28.122,0.002,30.93,2.964
2012-04-19,27.985,0.309,32.36,2.92
2012-04-20,24.756,0.669,42.94,2.177
2012-04-21,26.193,0.135,36.88,2.234
2012-04-22,26.577,-0.0,31.5,2.962
2012-04-23,27.042,0.154,31.66,1.884
2012-04-24,26.931,0.129,33.4,1.958
2012-04-25,27.776,0.025,30.31,1.141
2012-04-26,28.125,0.066,29.38,1.246
2012-04-27,27.315,0.002,30.69,1.857
2012-04-28,29.021,0.0,25.02,3.467
2012-04-29,29.146,0.0,19.48,3.167
2012-04-30,28.957,0.0,17.71,3.079
2012-05-01,28.99,0.002,12.59,1.956
2012-05-02,29.098,0.001,14.58,2.476
2012-05-03,30.27,0.06,23.07,2.855
2012-05-04,30.543,0.049,24.47,2.564
2012-05-05,29.975,0.268,29.46,2.283
2012-05-06,29.845,2.285,39.06,2.796
2012-05-07,28.822,2.363,46.24,2.3
2012-05-08,28.996,1.938,43.46,1.676
2012-05-09,30.199,1.172,39.64,1.884
2012-05-10,29.959,2.26,41.72,2.373
2012-05-11,30.383,0.013,38.42,2.682
2012-05-12,29.527,0.167,37.6,2.768
2012-05-13,28.907,0.248,42.65,2.453
2012-05-14,29.581,0.03,36.58,3.24
2012-05-15,30.726,0.002,31.82,2.948
2012-05-16,31.577,0.001,29.92,3.72
2012-05-17,30.682,0.35,35.94,3.432
2012-05-18,31.464,0.033,32.13,2.947
2012-05-19,31.82,0.147,29.69,2.51
2012-05-20,32.206,0.087,27.41,2.547
2012-05-21,32.386,0.001,25.52,2.7
2012-05-22,32.555,0.008,27.2,2.998
2012-05-23,32.984,0.003,25.79,3.608
2012-05-24,33.463,0.002,28.35,3.532
2012-05-25,33.007,0.001,26.54,4.216
2012-05-26,31.928,0.0,26.06,3.766
2012-05-27,32.672,0.007,29.97,3.292
2012-05-28,32.858,0.036,29.41,3.144
2012-05-29,33.662,0.001,27.35,3.333
2012-05-30,33.558,0.025,29.77,3.7
2012-05-31,33.359,0.002,31.25,3.87
2012-06-01,32.05,0.001,36.8,3.917
2012-06-02,31.336,0.0,37.98,3.842
2012-06-03,30.603,0.003,40.86,4.243
2012-06-04,30.603,0.006,42.31,3.835
2012-06-05,31.196,0.001,37.75,3.699
2012-06-06,31.138,0.0,37.48,2.877
2012-06-07,30.821,0.015,38.18,3.044
2012-06-08,30.888,0.41,41.23,3.606
2012-06-09,31.116,0.008,39.44,4.019
2012-06-10,30.768,0.032,42.12,3.81
2012-06-11,28.76,4.337,58.7,2.121
2012-06-12,29.567,2.497,56.17,0.687
2012-06-13,29.994,5.811,58.97,0.913
2012-06-14,29.29,2.843,64.83,1.956
2012-06-15,30.302,2.004,56.29,3.239
2012-06-16,29.068,1.846,65.36,3.858
2012-06-17,30.027,0.121,54.18,3.703
2012-06-18,30.637,0.001,47.53,3.708
2012-06-19,30.717,0.063,47.25,4.572
2012-06-20,30.271,0.123,50.11,5.043
2012-06-21,30.059,0.007,49.58,4.83
2012-06-22,30.364,0.005,47.2,4.261
2012-06-23,30.416,0.003,48.9,4.355
2012-06-24,30.67,0.006,47.29,4.549
2012-06-25,30.532,0.004,46.77,5.212
2012-06-26,29.744,0.048,48.48,5.562
2012-06-27,29.901,0.025,46.54,4.495
2012-06-28,30.469,0.0,43.81,3.454
2012-06-29,31.522,0.019,41.92,3.081
2012-06-30,32.164,0.064,42.33,3.147
2012-07-01,32.602,0.737,43.93,2.751
2012-07-02,32.346,0.525,47.02,2.449
2012-07-03,32.73,0.497,46.81,3.336
2012-07-04,29.989,2.732,60.23,3.359
2012-07-05,26.896,3.44,73.8,3.694
2012-07-06,28.573,0.037,60.44,4.475
2012-07-07,27.909,0.298,64.31,4.279
2012-07-08,29.432,0.011,54.82,3.444
2012-07-09,28.916,10.932,64.71,2.85
2012-07-10,24.329,19.947,90.03,2.849
2012-07-11,23.966,14.625,84.82,2.757
2012-07-12,25.399,5.035,79.02,3.341
2012-07-13,26.519,3.943,76.89,4.256
2012-07-14,26.646,0.199,72.0,4.166
2012-07-15,26.126,1.037,73.36,3.684
2012-07-16,26.506,0.474,70.57,2.822
2012-07-17,27.029,1.462,72.0,2.9
2012-07-18,27.738,0.221,68.34,4.055
2012-07-19,27.388,0.209,67.93,4.225
2012-07-20,27.94,0.085,66.34,3.117
2012-07-21,28.618,3.41,65.14,1.881
2012-07-22,27.64,5.111,72.38,3.318
2012-07-23,27.012,0.917,75.06,4.261
2012-07-24,27.306,0.041,68.3,4.409
2012-07-25,27.168,0.124,68.13,3.885
2012-07-26,27.29,0.027,64.7,3.899
2012-07-27,28.43,1.216,63.41,3.498
2012-07-28,26.274,8.873,74.4,3.971
2012-07-29,24.653,11.46,82.39,4.315
2012-07-30,23.409,24.608,89.59,3.387
2012-07-31,25.043,2.463,80.76,3.232
2012-08-01,25.799,0.867,76.53,3.541
2012-08-02,26.023,0.316,71.98,4.757
2012-08-03,25.948,0.309,72.41,4.77
2012-08-04,26.281,0.248,71.69,3.558
2012-08-05,26.51,0.465,72.16,2.824
2012-08-06,27.115,9.553,72.53,2.021
2012-08-07,25.135,27.379,85.38,2.359
2012-08-08,23.525,19.817,93.28,3.245
2012-08-09,23.217,6.607,90.01,3.024
2012-08-10,25.529,4.194,81.07,1.976
2012-08-11,23.531,20.093,93.0,2.053
2012-08-12,23.734,23.621,93.73,2.192
2012-08-13,23.051,27.499,95.62,3.01
2012-08-14,22.426,55.62,96.41,3.799
2012-08-15,23.711,5.601,85.11,4.44
2012-08-16,24.371,0.499,79.35,3.617
2012-08-17,24.768,0.55,78.84,3.03
2012-08-18,25.075,1.118,80.22,2.571
2012-08-19,25.795,1.747,80.76,1.362
2012-08-20,25.54,10.526,85.47,0.958
2012-08-21,24.738,9.744,87.34,2.517
2012-08-22,23.869,3.657,87.84,2.801
2012-08-23,23.475,7.446,91.47,2.834
2012-08-24,24.296,9.922,88.54,3.074
2012-08-25,24.446,4.376,85.11,2.761
2012-08-26,24.729,14.161,87.37,1.966
2012-08-27,24.642,9.341,88.5,1.974
2012-08-28,24.652,13.284,89.72,1.468
2012-08-29,24.915,3.671,88.64,0.635
2012-08-30,25.586,6.474,88.42,0.497
2012-08-31,25.561,10.073,87.87,0.483
2012-09-01,25.869,7.96,86.46,0.772
2012-09-02,25.723,12.015,87.63,0.568
2012-09-03,25.064,15.655,89.91,0.461
2012-09-04,25.053,3.602,87.63,1.93
2012-09-05,25.474,6.035,84.68,2.344
2012-09-06,24.623,4.3,88.11,2.747
2012-09-07,23.875,32.498,92.2,0.883
2012-09-08,24.349,1.301,87.18,4.402
2012-09-09,24.957,0.81,83.7,3.88
2012-09-10,25.397,2.47,82.52,1.944
2012-09-11,23.876,31.127,92.93,0.651
2012-09-12,23.31,26.791,91.77,1.146
2012-09-13,25.082,0.736,80.34,2.712
2012-09-14,24.673,3.651,86.6,3.084
2012-09-15,24.512,0.928,82.0,2.939
2012-09-16,24.539,0.31,77.56,2.421
2012-09-17,24.1,0.63,77.19,2.117
2012-09-18,23.997,0.568,76.49,1.283
2012-09-19,23.909,0.999,80.31,1.154
2012-09-20,24.593,0.776,79.95,1.326
2012-09-21,24.943,1.916,81.36,1.368
2012-09-22,24.643,2.903,81.49,1.566
2012-09-23,24.186,0.245,77.24,2.188
2012-09-24,23.196,0.652,77.98,2.326
2012-09-25,23.002,0.0,72.55,1.963
2012-09-26,23.165,0.045,72.09,1.406
2012-09-27,23.781,0.006,66.83,0.661
2012-09-28,24.054,0.002,64.66,1.19
2012-09-29,24.725,0.002,59.67,1.423
2012-09-30,26.068,0.001,54.92,1.034
2012-10-01,26.28,0.002,55.07,0.59
2012-10-02,26.069,0.002,55.76,0.088
2012-10-03,26.012,0.004,52.0,1.072
2012-10-04,25.282,0.0,55.45,1.831
2012-10-05,25.07,0.001,60.12,1.759
2012-10-06,25.579,0.001,59.54,0.838
2012-10-07,25.948,0.255,55.58,0.291
2012-10-08,25.401,0.071,53.33,0.389
2012-10-09,24.842,0.0,41.96,1.019
2012-10-10,25.05,0.001,41.75,0.331
2012-10-11,25.128,0.0,41.29,0.217
2012-10-12,24.247,0.089,46.64,1.47
2012-10-13,24.514,0.001,45.91,1.041
2012-10-14,24.48,0.0,47.91,0.915
2012-10-15,24.272,0.002,48.47,1.454
2012-10-16,23.969,0.002,49.23,1.342
2012-10-17,23.797,0.001,54.35,1.579
2012-10-18,24.597,0.001,48.27,0.773
2012-10-19,24.97,0.001,42.41,0.455
2012-10-20,23.961,0.0,44.26,0.872
2012-10-21,23.46,0.065,46.83,1.367
2012-10-22,24.268,0.002,45.78,0.519
2012-10-23,23.664,0.023,48.05,0.903
2012-10-24,22.494,-0.0,40.1,1.855
2012-10-25,21.118,0.0,37.17,1.336
2012-10-26,20.969,0.0,38.44,1.477
2012-10-27,21.154,0.0,37.81,1.787
2012-10-28,22.55,0.002,34.66,0.851
2012-10-29,22.589,0.0,37.16,0.943
2012-10-30,22.284,0.0,39.16,1.278
2012-10-31,21.536,0.001,46.5,2.017
2012-11-01,21.147,0.003,47.21,2.421
2012-11-02,20.631,0.001,45.8,2.338
2012-11-03,20.54,0.0,45.42,1.775
2012-11-04,21.022,0.0,42.88,1.258
2012-11-05,20.794,0.001,44.48,1.138
2012-11-06,21.119,0.0,43.27,1.166
2012-11-07,20.975,0.001,41.33,0.745
2012-11-08,21.258,0.0,38.54,1.206
2012-11-09,21.229,0.001,40.9,1.093
2012-11-10,22.275,0.001,42.12,0.595
2012-11-11,22.211,0.012,46.05,0.748
2012-11-12,21.685,0.003,45.13,0.832
2012-11-13,21.426,0.001,44.31,1.321
2012-11-14,20.693,0.0,41.05,0.826
2012-11-15,20.504,0.0,37.56,0.777
2012-11-16,20.496,0.001,36.3,0.618
2012-11-17,20.6,0.0,36.75,0.545
2012-11-18,21.452,0.001,38.52,1.124
2012-11-19,20.683,0.002,44.82,1.056
2012-11-20,19.602,0.0,53.03,1.265
2012-11-21,19.714,0.0,49.0,0.749
2012-11-22,19.778,0.001,47.0,0.334
2012-11-23,19.544,0.0,42.99,1.007
2012-11-24,19.835,0.0,43.83,1.297
2012-11-25,19.663,0.001,41.93,1.197
2012-11-26,19.067,0.001,43.22,1.158
2012-11-27,19.134,0.003,46.66,0.673
2012-11-28,19.757,0.001,43.62,0.365
2012-11-29,19.598,0.001,44.19,1.697
2012-11-30,16.243,0.0,40.77,2.264
2012-12-01,15.982,0.001,47.58,1.728
2012-12-02,17.554,0.002,50.86,1.822
2012-12-03,18.728,0.002,56.83,1.709
2012-12-04,19.519,0.001,55.19,0.958
2012-12-05,19.777,0.001,47.26,0.932
2012-12-06,20.451,0.001,46.42,0.827
2012-12-07,21.005,0.001,47.55,0.699
2012-12-08,20.388,0.001,43.14,0.8
2012-12-09,19.51,0.0,48.66,0.266
2012-12-10,19.164,0.003,50.71,1.181
2012-12-11,18.489,0.001,48.14,1.988
2012-12-12,18.293,0.0,39.15,0.566
2012-12-13,17.936,0.051,46.69,1.692
2012-12-14,18.607,0.032,61.27,0.588
2012-12-15,18.331,0.014,64.05,0.811
2012-12-16,18.65,0.052,66.02,1.545
2012-12-17,18.277,0.0,66.44,1.644
2012-12-18,18.396,0.0,54.55,1.611
2012-12-19,15.783,0.001,43.8,1.949
2012-12-20,15.373,0.002,31.54,1.207
2012-12-21,15.643,0.001,28.9,1.372
2012-12-22,15.937,0.0,33.03,1.207
2012-12-23,15.812,0.0,35.47,1.527
2012-12-24,16.315,0.0,35.65,0.828
2012-12-25,16.669,0.001,37.6,0.977
2012-12-26,16.909,0.001,38.03,0.672
2012-12-27,16.877,0.001,37.83,0.949
2012-12-28,16.002,0.0,45.37,1.659
2012-12-29,14.75,0.0,43.78,1.543
2012-12-30,14.782,0.0,52.63,1.924
