date,temp_c,precip_mm,humidity_pct,wind_speed_ms
2000-01-01,18.295,0.0,46.0,1.242
2000-01-02,18.489,0.002,43.68,1.04
2000-01-03,18.209,0.0,43.37,0.706
2000-01-04,18.101,0.002,42.4,0.679
2000-01-05,17.959,0.003,41.72,0.69
2000-01-06,17.799,0.0,40.58,0.717
2000-01-07,18.489,0.001,37.84,0.97
2000-01-08,18.69,0.001,39.08,0.652
2000-01-09,19.228,0.002,48.51,0.782
2000-01-10,19.452,0.0,56.3,0.571
2000-01-11,19.842,0.0,45.67,1.023
2000-01-12,18.477,0.001,56.69,1.913
2000-01-13,15.986,0.003,49.64,0.976
2000-01-14,13.915,0.001,35.18,1.699
2000-01-15,12.805,0.0,24.28,2.499
2000-01-16,12.828,0.001,26.98,3.027
2000-01-17,13.946,0.001,31.91,2.423
2000-01-18,17.735,0.001,39.65,1.127
2000-01-19,18.475,0.001,37.09,0.542
2000-01-20,19.03,0.0,31.6,1.427
2000-01-21,18.406,0.044,68.28,2.13
2000-01-22,19.231,0.001,63.52,0.812
2000-01-23,19.63,0.002,49.4,1.057
2000-01-24,20.281,0.001,41.99,0.79
2000-01-25,20.306,0.001,48.72,1.512
2000-01-26,18.659,0.002,53.91,1.977
2000-01-27,15.966,0.0,44.43,3.179
2000-01-28,15.102,0.001,36.31,2.67
2000-01-29,16.704,0.0,30.83,1.161
2000-01-30,18.826,0.001,31.36,1.47
2000-01-31,18.714,0.001,45.41,2.96
2000-02-01,18.298,0.003,42.77,1.34
2000-02-02,18.636,0.001,50.93,1.689
2000-02-03,18.922,0.002,58.42,1.69
2000-02-04,18.654,0.422,54.39,1.932
2000-02-05,14.803,0.005,52.79,1.266
2000-02-06,15.826,0.001,42.75,1.512
2000-02-07,16.352,0.0,43.25,1.56
2000-02-08,16.888,0.002,41.29,1.135
2000-02-09,18.847,0.001,38.93,0.814
2000-02-10,18.458,0.624,61.39,1.965
2000-02-11,15.159,0.001,42.61,0.939
2000-02-12,14.878,0.001,27.17,1.529
2000-02-13,15.071,0.001,31.09,2.495
2000-02-14,14.947,0.0,28.29,2.498
2000-02-15,16.493,0.002,31.01,0.591
2000-02-16,18.387,0.002,30.3,0.933
2000-02-17,18.198,0.001,24.7,0.493
2000-02-18,19.293,0.002,30.21,0.914
2000-02-19,19.523,0.002,32.83,0.979
2000-02-20,19.919,0.0,29.28,0.717
2000-02-21,18.753,0.0,32.97,1.741
2000-02-22,20.254,0.007,38.29,2.704
2000-02-23,21.068,0.001,33.79,2.327
2000-02-24,19.772,0.0,28.03,1.855
2000-02-25,19.181,0.001,21.95,0.822
2000-02-26,19.888,0.0,22.68,0.744
2000-02-27,21.358,0.001,25.3,1.33
2000-02-28,23.46,0.002,27.99,1.011
2000-02-29,24.887,0.0,28.43,2.128
2000-03-01,24.882,0.001,35.88,2.649
2000-03-02,24.384,0.0,35.22,1.901
2000-03-03,24.152,0.001,31.75,3.379
2000-03-04,21.477,0.002,35.78,2.393
2000-03-05,19.717,0.0,15.54,1.206
2000-03-06,20.9,0.001,18.5,0.636
2000-03-07,20.183,0.001,18.88,1.496
2000-03-08,19.548,0.0,26.81,2.41
2000-03-09,21.451,0.0,20.25,0.419
2000-03-10,23.105,0.001,24.36,2.885
2000-03-11,23.728,0.003,47.77,2.988
2000-03-12,22.555,0.0,41.05,3.15
2000-03-13,21.746,0.0,25.76,1.238
2000-03-14,22.266,0.0,18.6,1.311
2000-03-15,23.578,0.002,20.1,0.901
2000-03-16,23.929,0.0,31.04,1.429
2000-03-17,24.286,0.001,37.43,1.66
2000-03-18,24.282,0.0,16.63,1.056
2000-03-19,23.496,0.0,13.56,1.367
2000-03-20,24.986,0.0,14.88,1.865
2000-03-21,25.158,0.002,26.39,1.778
2000-03-22,22.979,0.195,30.31,1.836
2000-03-23,22.067,0.001,25.94,1.87
2000-03-24,23.685,0.002,18.22,2.531
2000-03-25,24.829,0.0,21.8,1.992
2000-03-26,26.195,0.0,21.72,1.465
2000-03-27,26.536,0.001,19.21,1.403
2000-03-28,27.756,0.002,15.71,1.443
2000-03-29,28.625,0.0,16.65,1.622
2000-03-30,29.649,0.0,18.47,1.096
2000-03-31,29.796,0.0,19.4,1.042
2000-04-01,29.432,0.0,18.75,1.082
2000-04-02,28.524,0.0,21.8,1.223
2000-04-03,29.517,0.001,18.2,0.377
2000-04-04,30.07,0.001,16.01,0.706
2000-04-05,30.01,0.0,11.7,0.85
2000-04-06,28.942,0.001,11.16,0.758
2000-04-07,30.023,0.001,12.76,1.632
2000-04-08,29.542,0.0,13.93,1.444
2000-04-09,30.691,0.0,15.15,0.689
2000-04-10,30.826,0.001,16.2,1.872
2000-04-11,31.489,0.001,18.52,1.856
2000-04-12,31.888,0.001,17.61,1.919
2000-04-13,31.509,0.002,20.97,2.309
2000-04-14,30.263,0.001,31.77,3.084
2000-04-15,30.527,0.002,32.14,2.05
2000-04-16,30.825,0.0,28.33,2.415
2000-04-17,31.139,0.001,26.55,2.025
2000-04-18,31.659,0.001,24.09,2.426
2000-04-19,31.716,0.002,16.13,2.698
2000-04-20,31.318,0.002,16.24,3.057
2000-04-21,30.643,0.0,24.24,3.355
2000-04-22,29.188,1.91,46.84,2.377
2000-04-23,30.767,0.002,38.78,3.437
2000-04-24,30.765,0.002,41.81,3.986
2000-04-25,31.692,0.003,39.01,4.349
2000-04-26,32.362,0.0,38.58,4.27
2000-04-27,32.457,0.0,37.66,3.6
2000-04-28,32.217,0.001,39.84,3.799
2000-04-29,32.127,0.0,36.26,3.08
2000-04-30,32.446,0.002,35.16,2.618
2000-05-01,32.406,0.001,28.57,2.683
2000-05-02,32.359,0.001,25.12,2.686
2000-05-03,32.622,0.001,27.11,2.628
2000-05-04,31.704,0.0,27.84,2.358
2000-05-05,32.409,0.001,28.41,1.855
2000-05-06,33.004,0.242,33.29,2.359
2000-05-07,31.531,1.26,44.43,1.91
2000-05-08,31.68,0.515,40.44,2.855
2000-05-09,31.784,0.008,36.9,3.225
2000-05-10,31.672,0.017,41.76,3.163
2000-05-11,31.301,0.18,45.47,3.26
2000-05-12,30.569,0.134,50.58,3.217
2000-05-13,30.742,0.142,46.64,3.232
2000-05-14,30.676,0.043,46.06,2.968
2000-05-15,31.327,0.0,46.96,3.641
2000-05-16,31.17,0.038,50.52,3.887
2000-05-17,30.881,0.131,53.78,3.586
2000-05-18,30.401,1.136,61.04,2.915
2000-05-19,32.033,0.192,45.48,3.294
2000-05-20,31.352,0.003,44.36,3.643
2000-05-21,31.645,0.002,43.58,3.684
2000-05-22,31.623,0.004,45.21,4.454
2000-05-23,31.427,0.008,45.33,4.636
2000-05-24,31.342,0.006,45.54,4.44
2000-05-25,31.134,0.011,46.94,5.008
2000-05-26,31.698,0.021,46.31,5.172
2000-05-27,31.654,0.02,45.36,4.373
2000-05-28,32.146,0.005,40.04,3.46
2000-05-29,32.801,0.039,47.01,3.868
2000-05-30,32.504,0.087,49.78,4.086
2000-05-31,31.933,0.14,52.63,3.679
2000-06-01,32.583,0.002,46.55,3.671
2000-06-02,32.918,0.001,40.77,3.121
2000-06-03,33.158,0.002,40.57,2.896
2000-06-04,33.286,0.001,39.17,2.707
2000-06-05,33.925,0.214,40.67,1.265
2000-06-06,35.504,0.039,31.87,1.606
2000-06-07,35.061,0.029,38.1,1.484
2000-06-08,34.009,0.193,43.77,1.498
2000-06-09,33.202,0.001,39.51,3.761
2000-06-10,32.126,0.021,48.07,4.325
2000-06-11,31.81,0.14,50.03,4.35
2000-06-12,31.271,0.242,52.62,4.543
2000-06-13,30.568,0.439,54.29,4.992
2000-06-14,30.61,0.387,52.65,5.524
2000-06-15,30.903,0.143,51.26,5.468
2000-06-16,30.741,0.053,50.16,5.095
2000-06-17,30.851,0.029,47.34,4.568
2000-06-18,30.912,0.003,46.55,3.745
2000-06-19,31.373,0.007,43.65,3.383
2000-06-20,31.317,0.004,44.38,3.465
2000-06-21,31.082,0.006,46.49,4.105
2000-06-22,30.689,0.055,47.44,4.707
2000-06-23,30.622,0.084,49.16,4.249
2000-06-24,30.473,0.125,50.06,4.98
2000-06-25,30.33,0.232,50.08,5.421
2000-06-26,30.223,0.259,48.93,5.056
2000-06-27,30.534,0.048,46.67,4.245
2000-06-28,31.301,0.001,45.67,3.201
2000-06-29,32.186,0.0,46.14,1.919
2000-06-30,30.981,8.087,57.79,1.42
2000-07-01,29.597,11.463,67.51,1.228
2000-07-02,27.438,9.013,79.81,2.05
2000-07-03,26.776,17.796,85.27,1.688
2000-07-04,26.851,15.89,84.9,0.984
2000-07-05,28.255,0.692,75.61,2.085
2000-07-06,28.748,0.854,73.89,3.119
2000-07-07,28.387,0.767,74.36,3.13
2000-07-08,28.7,0.293,70.66,3.052
2000-07-09,28.727,0.571,71.19,3.343
2000-07-10,28.502,0.572,70.39,3.506
2000-07-11,28.808,0.115,65.38,2.756
2000-07-12,28.015,6.211,71.54,2.027
2000-07-13,25.855,15.335,89.57,1.337
2000-07-14,24.96,67.085,97.0,1.682
2000-07-15,24.163,32.743,96.51,3.459
2000-07-16,25.087,9.747,90.08,3.848
2000-07-17,26.622,1.755,80.49,3.921
2000-07-18,26.458,1.318,78.84,3.689
2000-07-19,25.93,0.842,78.84,3.449
2000-07-20,25.194,14.206,82.94,3.492
2000-07-21,23.528,40.463,95.23,3.975
2000-07-22,23.846,21.752,91.88,3.957
2000-07-23,24.712,4.231,84.24,4.097
2000-07-24,25.71,0.956,75.08,4.385
2000-07-25,25.973,0.47,73.26,3.868
2000-07-26,26.032,0.256,72.89,3.634
2000-07-27,25.878,0.183,73.49,3.111
2000-07-28,26.208,0.064,72.7,2.774
2000-07-29,26.938,0.142,71.2,2.603
2000-07-30,26.13,0.612,76.69,2.815
2000-07-31,26.593,0.253,71.25,4.083
2000-08-01,26.551,0.729,69.98,4.792
2000-08-02,26.649,1.263,71.23,4.478
2000-08-03,26.72,1.407,71.11,3.786
2000-08-04,26.535,1.372,71.89,3.061
2000-08-05,26.238,0.151,70.23,2.587
2000-08-06,26.109,0.102,68.47,2.823
2000-08-07,26.206,0.105,70.34,2.491
2000-08-08,26.873,0.248,69.88,2.799
2000-08-09,26.777,0.409,70.47,2.478
2000-08-10,27.771,0.969,68.82,1.54
2000-08-11,27.582,0.882,75.25,0.697
2000-08-12,26.876,21.765,83.13,1.108
2000-08-13,25.285,5.631,89.88,2.334
2000-08-14,25.345,10.671,88.32,2.937
2000-08-15,24.502,11.109,92.0,2.987
2000-08-16,25.652,2.03,82.84,3.935
2000-08-17,26.091,1.856,79.49,3.951
2000-08-18,26.0,1.296,78.46,2.833
2000-08-19,26.235,0.867,77.88,1.81
2000-08-20,25.542,2.344,83.35,1.861
2000-08-21,25.504,6.273,89.33,1.447
2000-08-22,26.42,5.256,85.1,0.238
2000-08-23,26.999,6.915,83.18,0.549
2000-08-24,28.288,1.163,78.73,0.581
2000-08-25,29.42,0.388,71.41,1.855
2000-08-26,28.976,0.984,74.97,1.691
2000-08-27,27.748,0.994,77.08,2.347
2000-08-28,27.63,0.152,73.96,3.415
2000-08-29,27.208,0.892,72.5,4.222
2000-08-30,26.407,1.44,73.85,4.87
2000-08-31,26.329,1.555,74.66,4.484
2000-09-01,26.55,1.336,72.46,3.653
2000-09-02,26.484,1.008,73.31,2.542
2000-09-03,26.391,0.207,72.55,2.55
2000-09-04,25.627,0.767,76.68,2.296
2000-09-05,26.075,0.987,76.45,2.678
2000-09-06,26.165,0.107,70.06,2.791
2000-09-07,25.954,0.102,67.86,3.045
2000-09-08,25.699,0.103,68.62,3.073
2000-09-09,25.675,0.347,68.43,3.496
2000-09-10,25.71,0.948,70.24,3.293
2000-09-11,25.456,0.863,72.36,2.637
2000-09-12,25.604,0.341,69.18,2.296
2000-09-13,25.99,0.059,66.11,1.66
2000-09-14,26.797,0.001,61.44,1.387
2000-09-15,26.851,0.0,56.25,1.532
2000-09-16,26.43,0.0,56.09,2.007
2000-09-17,26.117,0.001,54.97,2.183
2000-09-18,25.7,0.0,59.25,2.329
2000-09-19,26.088,0.015,61.93,1.75
2000-09-20,27.128,0.0,56.69,1.218
2000-09-21,28.974,0.057,52.13,0.505
2000-09-22,29.271,0.537,56.44,1.266
2000-09-23,29.13,0.783,59.42,1.178
2000-09-24,29.597,0.251,55.87,0.797
2000-09-25,28.998,1.403,58.0,1.399
2000-09-26,29.394,0.001,50.92,1.706
2000-09-27,29.456,0.007,47.27,1.2
2000-09-28,29.698,0.0,42.39,0.743
2000-09-29,29.68,0.0,38.99,1.494
2000-09-30,29.595,0.002,39.33,1.864
2000-10-01,29.36,0.002,36.91,0.444
2000-10-02,30.054,0.002,30.48,0.93
2000-10-03,29.718,0.001,32.04,0.573
2000-10-04,30.009,0.0,31.45,0.284
2000-10-05,29.923,0.0,31.57,0.568
2000-10-06,30.47,0.0,32.78,0.367
2000-10-07,29.886,0.001,39.9,1.389
2000-10-08,29.717,0.058,43.65,1.78
2000-10-09,29.036,0.001,47.3,1.743
2000-10-10,28.81,1.455,48.58,0.291
2000-10-11,28.953,0.333,44.89,0.215
2000-10-12,28.637,0.136,46.65,0.482
2000-10-13,28.606,0.001,38.51,1.06
2000-10-14,27.428,0.0,29.37,0.465
2000-10-15,27.212,0.0,24.53,0.768
2000-10-16,27.038,0.001,24.11,1.101
2000-10-17,27.117,0.0,25.22,1.311
2000-10-18,27.255,0.001,26.96,0.764
2000-10-19,28.175,0.0,25.9,0.09
2000-10-20,28.34,0.0,24.42,0.485
2000-10-21,27.946,0.003,24.94,1.53
2000-10-22,26.915,0.0,30.19,2.256
2000-10-23,25.811,0.003,43.08,1.999
2000-10-24,26.435,0.0,43.83,1.39
2000-10-25,26.919,0.001,37.27,0.305
2000-10-26,26.904,0.0,31.89,0.784
2000-10-27,26.551,0.001,26.64,0.766
2000-10-28,26.448,0.002,23.45,0.731
2000-10-29,26.417,0.002,24.04,0.382
2000-10-30,26.5,0.003,24.35,0.243
2000-10-31,25.651,0.0,26.9,0.581
2000-11-01,25.202,0.003,28.23,1.049
2000-11-02,25.193,-0.0,25.32,1.635
2000-11-03,24.874,0.001,27.89,1.38
2000-11-04,25.269,0.001,33.12,0.549
2000-11-05,25.248,0.0,29.26,0.168
2000-11-06,25.091,0.003,29.54,1.466
2000-11-07,25.661,0.0,35.65,0.687
2000-11-08,25.792,0.0,38.36,0.355
2000-11-09,25.633,0.0,38.23,0.908
2000-11-10,25.602,0.001,31.49,1.489
2000-11-11,25.425,0.0,31.79,1.256
2000-11-12,25.191,0.001,30.9,0.344
2000-11-13,24.565,0.003,30.18,1.192
2000-11-14,24.077,0.002,30.79,2.128
2000-11-15,24.484,0.001,32.63,0.755
2000-11-16,24.718,0.0,34.86,0.576
2000-11-17,24.682,0.002,33.46,0.082
2000-11-18,22.681,0.0,29.28,1.142
2000-11-19,19.247,0.002,31.37,2.479
2000-11-20,20.13,0.001,30.74,1.493
2000-11-21,21.591,0.001,33.28,0.742
2000-11-22,22.534,0.001,33.41,0.571
2000-11-23,23.055,0.0,30.44,0.453
2000-11-24,22.004,0.0,37.38,2.044
2000-11-25,20.921,0.001,35.3,1.656
2000-11-26,21.516,0.0,32.22,0.594
2000-11-27,20.621,0.325,49.51,0.682
2000-11-28,19.934,0.001,33.97,2.56
2000-11-29,18.512,0.0,32.44,1.982
2000-11-30,17.798,0.0,24.98,2.26
2000-12-01,17.307,0.001,23.46,2.14
2000-12-02,16.813,0.001,21.65,1.575
2000-12-03,18.022,0.0,19.93,0.879
2000-12-04,19.36,0.001,20.95,0.34
2000-12-05,20.203,0.004,20.5,0.782
2000-12-06,20.532,0.0,23.48,1.213
2000-12-07,21.24,0.0,28.85,1.006
2000-12-08,21.384,0.0,31.5,0.65
2000-12-09,20.162,0.002,34.17,1.027
2000-12-10,19.603,0.0,35.12,0.617
2000-12-11,19.467,0.0,32.56,1.431
2000-12-12,19.705,0.001,33.98,0.712
2000-12-13,20.079,0.0,33.82,0.557
2000-12-14,20.197,0.001,34.49,0.436
2000-12-15,20.412,0.001,35.9,0.602
2000-12-16,20.342,0.002,37.52,0.833
2000-12-17,20.331,0.0,40.36,0.197
2000-12-18,18.995,0.001,53.39,1.913
2000-12-19,17.845,0.001,42.71,2.133
2000-12-20,17.787,0.001,36.05,1.526
2000-12-21,18.164,0.001,33.67,1.131
2000-12-22,18.712,0.0,33.7,0.706
2000-12-23,18.718,0.001,34.98,0.513
2000-12-24,19.107,0.001,31.22,0.719
2000-12-25,18.811,0.001,29.61,1.103
2000-12-26,18.839,0.001,29.48,0.976
2000-12-27,19.558,0.003,27.53,0.901
2000-12-28,19.618,0.001,28.57,0.468
2000-12-29,18.944,0.0,32.37,0.901
2000-12-30,17.851,0.247,45.18,2.234
2000-12-31,17.173,0.498,60.93,1.803
2001-01-01,14.673,0.003,54.87,1.661
2001-01-02,14.381,0.0,52.02,1.888
2001-01-03,15.235,0.0,46.56,1.672
2001-01-04,15.468,0.0,42.23,1.75
2001-01-05,15.867,0.001,38.33,0.999
2001-01-06,16.875,0.0,37.04,0.178
2001-01-07,16.005,0.003,33.97,1.485
2001-01-08,14.509,0.0,45.47,2.572
2001-01-09,15.194,0.002,36.62,1.828
2001-01-10,15.989,0.001,30.78,1.229
2001-01-11,17.861,0.002,30.17,0.274
2001-01-12,17.831,0.0,22.24,1.32
2001-01-13,17.478,0.0,23.94,1.789
2001-01-14,17.654,0.002,24.92,1.265
2001-01-15,18.279,0.003,27.31,1.209
2001-01-16,18.465,0.001,28.11,1.828
2001-01-17,19.402,0.0,32.15,1.029
2001-01-18,20.163,0.0,34.97,0.151
2001-01-19,20.318,0.0,27.92,0.622
2001-01-20,19.701,0.0,25.41,0.758
2001-01-21,18.585,0.001,32.71,1.352
2001-01-22,17.737,0.001,39.76,1.375
2001-01-23,15.755,0.002,15.56,1.691
2001-01-24,16.037,0.0,14.76,1.925
2001-01-25,17.11,0.001,15.4,0.444
2001-01-26,18.051,0.0,14.59,1.184
2001-01-27,18.938,0.001,17.35,1.336
2001-01-28,20.507,0.001,20.92,0.988
2001-01-29,21.378,0.001,21.75,0.883
2001-01-30,19.575,0.001,27.99,1.222
2001-01-31,16.901,0.0,22.99,2.346
2001-02-01,17.012,0.001,24.19,2.65
2001-02-02,16.262,-0.0,14.21,2.586
2001-02-03,16.828,0.0,15.04,0.85
2001-02-04,18.18,0.001,14.74,0.399
2001-02-05,18.973,0.003,18.1,0.158
2001-02-06,19.321,0.002,20.36,0.115
2001-02-07,19.95,0.002,19.15,0.595
2001-02-08,19.985,0.0,20.33,1.544
2001-02-09,20.748,0.002,22.6,0.465
2001-02-10,21.148,0.0,25.57,0.291
2001-02-11,21.081,0.001,20.27,0.145
2001-02-12,21.247,0.0,17.43,1.249
2001-02-13,22.475,0.001,25.22,2.018
2001-02-14,18.805,0.001,30.19,1.546
2001-02-15,18.399,0.002,39.7,1.773
2001-02-16,20.411,0.003,31.77,0.448
2001-02-17,21.36,0.002,27.78,0.574
2001-02-18,22.494,0.001,28.09,1.177
2001-02-19,22.771,0.001,30.46,0.953
2001-02-20,23.827,0.0,26.94,1.723
2001-02-21,21.984,0.001,21.22,1.152
2001-02-22,23.345,0.0,20.68,1.337
2001-02-23,24.422,0.0,29.58,2.443
2001-02-24,24.261,0.001,37.18,2.814
2001-02-25,22.931,0.002,40.58,1.423
2001-02-26,22.508,0.002,21.01,0.767
2001-02-27,22.108,0.002,16.13,0.997
2001-02-28,22.056,0.001,13.52,2.177
2001-03-01,22.044,0.001,19.51,2.607
2001-03-02,21.604,0.001,16.62,2.484
2001-03-03,23.008,0.0,15.78,1.662
2001-03-04,23.397,0.0,16.89,2.653
2001-03-05,21.989,0.001,13.96,1.928
2001-03-06,23.099,0.001,13.85,0.423
2001-03-07,23.417,0.0,16.8,0.8
2001-03-08,23.908,0.0,13.99,1.447
2001-03-09,24.7,0.001,14.78,1.2
2001-03-10,25.735,0.002,16.56,0.558
2001-03-11,26.177,0.001,18.01,1.034
2001-03-12,25.685,0.077,32.23,1.77
2001-03-13,25.65,0.023,35.52,2.229
2001-03-14,26.485,0.0,24.94,1.562
2001-03-15,26.668,0.0,23.72,0.447
2001-03-16,26.357,0.0,26.18,1.688
2001-03-17,27.06,0.0,17.36,0.882
2001-03-18,28.059,0.0,19.89,0.293
2001-03-19,27.992,0.001,25.51,1.7
2001-03-20,26.518,0.001,33.69,1.523
2001-03-21,25.844,0.002,26.36,0.841
2001-03-22,26.16,0.098,28.72,1.51
2001-03-23,27.308,0.0,24.11,0.671
2001-03-24,27.481,0.001,22.82,0.947
2001-03-25,27.385,0.0,25.55,1.684
2001-03-26,27.548,0.001,25.37,1.707
2001-03-27,27.929,0.0,36.34,2.396
2001-03-28,25.588,0.0,35.53,3.571
2001-03-29,24.289,0.001,27.2,2.731
2001-03-30,23.831,0.002,25.81,1.593
2001-03-31,25.299,0.001,21.81,1.116
2001-04-01,26.571,0.0,17.14,0.765
2001-04-02,27.602,0.001,14.66,0.391
2001-04-03,29.113,0.0,14.36,0.751
2001-04-04,29.337,0.001,13.54,0.976
2001-04-05,27.943,0.0,15.93,2.034
2001-04-06,28.923,0.001,16.08,1.108
2001-04-07,30.339,0.0,12.7,0.784
2001-04-08,30.005,0.001,9.2,2.031
2001-04-09,29.493,0.0,13.72,3.624
2001-04-10,28.748,0.001,23.6,3.071
2001-04-11,28.98,0.55,31.94,3.235
2001-04-12,28.799,1.084,30.41,2.155
2001-04-13,28.771,0.358,31.67,1.078
2001-04-14,28.298,0.607,32.69,1.043
2001-04-15,28.518,0.014,29.45,0.22
2001-04-16,28.328,0.072,29.58,0.547
2001-04-17,27.696,0.01,32.61,1.683
2001-04-18,28.205,0.287,38.0,1.039
2001-04-19,27.765,0.122,37.68,1.896
2001-04-20,27.881,0.0,30.35,1.696
2001-04-21,29.702,0.0,23.06,0.428
2001-04-22,31.196,0.001,19.05,1.231
2001-04-23,31.601,0.001,19.61,1.057
2001-04-24,32.049,0.001,20.43,1.748
2001-04-25,31.983,0.0,18.97,1.739
2001-04-26,32.141,0.0,22.79,2.337
2001-04-27,31.32,0.0,20.1,2.554
2001-04-28,30.702,0.0,26.29,3.158
2001-04-29,31.434,0.001,37.07,2.986
2001-04-30,32.506,0.001,33.02,2.877
2001-05-01,33.703,0.0,23.71,2.478
2001-05-02,33.221,0.002,26.24,2.44
2001-05-03,33.496,0.0,25.8,2.555
2001-05-04,34.475,0.001,29.51,2.779
2001-05-05,34.841,0.001,24.05,3.139
2001-05-06,34.205,0.0,26.79,3.807
2001-05-07,33.457,0.001,24.58,4.254
2001-05-08,31.846,0.001,36.9,3.814
2001-05-09,31.589,0.004,44.18,3.971
2001-05-10,31.82,0.006,39.94,4.356
2001-05-11,31.971,0.004,38.08,3.942
2001-05-12,32.412,0.0,35.13,3.424
2001-05-13,32.097,0.001,37.75,3.556
2001-05-14,31.237,0.002,42.01,4.027
2001-05-15,30.953,0.016,47.68,3.994
2001-05-16,31.072,0.049,47.87,4.011
2001-05-17,30.967,0.081,48.13,4.308
2001-05-18,30.107,0.446,49.71,4.213
2001-05-19,30.328,0.498,47.92,3.452
2001-05-20,30.804,0.045,45.97,4.241
2001-05-21,31.103,0.139,47.44,3.512
2001-05-22,31.967,0.011,44.99,2.42
2001-05-23,34.292,0.0,35.41,1.572
2001-05-24,34.674,0.057,35.87,3.233
2001-05-25,33.395,0.028,45.9,3.971
2001-05-26,32.017,0.866,49.74,3.896
2001-05-27,32.007,0.692,45.94,3.493
2001-05-28,31.349,0.462,49.79,4.158
2001-05-29,28.865,2.772,64.36,4.2
2001-05-30,27.951,1.882,69.08,3.54
2001-05-31,29.746,0.022,56.56,3.786
2001-06-01,30.887,0.118,52.19,4.09
2001-06-02,30.992,0.196,54.14,3.843
2001-06-03,31.636,0.03,50.83,3.996
2001-06-04,31.239,0.097,51.97,4.061
2001-06-05,31.48,0.043,47.34,3.612
2001-06-06,31.45,0.091,48.83,2.728
2001-06-07,32.457,0.177,45.48,2.026
2001-06-08,32.852,0.143,45.4,1.55
2001-06-09,32.606,2.642,48.99,2.059
2001-06-10,31.58,0.957,58.48,2.191
2001-06-11,31.698,2.68,57.84,1.493
2001-06-12,30.236,6.304,65.38,2.694
2001-06-13,30.085,6.048,63.91,2.607
2001-06-14,28.066,9.988,76.54,0.896
2001-06-15,27.086,12.111,82.09,0.606
2001-06-16,26.36,8.449,85.79,1.51
2001-06-17,28.088,1.182,75.99,2.544
2001-06-18,28.72,0.41,71.63,2.757
2001-06-19,28.619,0.134,70.0,3.719
2001-06-20,28.35,0.183,66.54,5.267
2001-06-21,28.411,0.253,64.17,5.378
2001-06-22,28.705,0.356,63.47,4.85
2001-06-23,28.798,0.344,65.26,4.605
2001-06-24,29.01,0.258,62.84,4.58
2001-06-25,28.406,0.922,64.46,4.212
2001-06-26,29.033,0.423,59.52,4.37
2001-06-27,28.911,0.259,58.83,4.2
2001-06-28,28.318,0.414,62.06,3.9
2001-06-29,28.697,0.264,60.82,3.294
2001-06-30,26.946,4.601,72.58,2.079
2001-07-01,26.157,6.226,81.05,1.927
2001-07-02,24.805,18.728,94.09,2.7
2001-07-03,24.281,32.084,96.94,2.145
2001-07-04,24.027,97.179,96.7,2.097
2001-07-05,25.161,10.729,88.9,3.049
2001-07-06,27.147,0.717,78.66,2.53
2001-07-07,27.518,2.741,81.82,1.994
2001-07-08,26.35,11.621,89.63,0.183
2001-07-09,26.572,12.959,87.5,0.238
2001-07-10,26.056,11.013,89.32,1.309
2001-07-11,24.46,64.618,96.71,3.18
2001-07-12,25.719,3.687,83.69,4.166
2001-07-13,25.912,2.71,82.84,3.899
2001-07-14,25.819,3.34,82.21,4.525
2001-07-15,25.224,3.995,85.44,5.033
2001-07-16,25.321,3.676,84.14,5.129
2001-07-17,25.352,4.787,86.55,4.268
2001-07-18,25.918,3.873,84.97,2.98
2001-07-19,26.907,1.704,80.51,2.87
2001-07-20,26.073,0.966,82.95,3.212
2001-07-21,25.946,2.548,83.19,3.212
2001-07-22,25.807,2.221,83.37,2.612
2001-07-23,25.943,5.469,85.15,1.696
2001-07-24,25.562,19.411,88.7,1.945
2001-07-25,26.007,2.724,85.62,2.773
2001-07-26,26.214,2.075,84.89,2.766
2001-07-27,26.493,2.311,85.03,2.893
2001-07-28,25.776,3.299,86.65,3.46
2001-07-29,26.357,1.542,78.79,4.259
2001-07-30,26.321,1.591,78.3,3.302
2001-07-31,26.607,0.825,77.72,2.315
2001-08-01,26.613,0.984,78.56,2.415
2001-08-02,26.056,0.22,74.79,2.872
2001-08-03,25.879,0.248,75.22,1.613
2001-08-04,27.588,12.6,76.27,0.282
2001-08-05,26.154,10.052,87.0,0.641
2001-08-06,26.303,7.584,86.98,1.011
2001-08-07,25.664,5.323,87.84,0.773
2001-08-08,25.811,11.099,89.72,0.903
2001-08-09,25.984,4.497,86.88,1.753
2001-08-10,25.752,7.606,89.43,1.121
2001-08-11,26.183,13.111,87.8,0.814
2001-08-12,25.837,6.139,88.7,1.388
2001-08-13,26.216,7.325,86.82,2.264
2001-08-14,26.929,0.975,81.32,2.261
2001-08-15,26.16,17.644,88.16,1.035
2001-08-16,25.26,11.9,86.97,2.342
2001-08-17,25.703,0.669,80.17,3.22
2001-08-18,25.564,0.282,75.33,3.538
2001-08-19,25.567,0.791,77.5,3.102
2001-08-20,25.891,0.253,75.55,2.246
2001-08-21,26.029,0.435,79.28,1.896
2001-08-22,26.194,0.751,78.27,2.53
2001-08-23,26.361,0.796,78.74,2.646
2001-08-24,25.77,1.069,82.79,2.015
2001-08-25,25.994,0.401,77.01,2.492
2001-08-26,25.836,0.26,74.49,3.102
2001-08-27,26.047,0.386,71.78,3.747
2001-08-28,25.939,0.665,71.88,4.311
2001-08-29,25.759,0.426,71.71,4.552
2001-08-30,25.699,0.429,72.33,3.714
2001-08-31,25.591,0.752,75.5,2.495
2001-09-01,26.057,0.247,76.45,2.132
2001-09-02,26.273,0.597,75.39,2.406
2001-09-03,26.127,0.191,72.36,2.8
2001-09-04,26.108,0.449,72.91,2.81
2001-09-05,25.695,1.202,77.59,2.837
2001-09-06,25.654,0.939,76.97,2.219
2001-09-07,26.01,1.458,80.24,1.721
2001-09-08,26.533,0.442,76.62,1.722
2001-09-09,26.707,0.124,73.08,2.234
2001-09-10,26.294,0.091,68.88,2.88
2001-09-11,26.222,0.479,73.79,2.515
2001-09-12,26.235,0.296,73.81,2.027
2001-09-13,26.323,0.562,75.74,1.576
2001-09-14,26.569,0.556,74.71,1.354
2001-09-15,26.965,0.26,69.02,0.45
2001-09-16,28.172,0.134,60.15,0.53
2001-09-17,28.692,0.056,56.41,0.744
2001-09-18,28.439,0.195,61.32,1.357
2001-09-19,27.788,0.227,66.26,1.632
2001-09-20,27.442,0.087,66.48,1.438
2001-09-21,27.654,0.963,68.4,0.335
2001-09-22,29.08,0.086,58.54,0.441
2001-09-23,29.295,0.0,50.76,0.689
2001-09-24,28.713,0.002,51.29,1.054
2001-09-25,28.48,0.07,55.5,1.232
2001-09-26,29.335,0.006,47.69,0.861
2001-09-27,28.932,0.0,42.03,0.318
2001-09-28,28.593,0.001,37.81,0.522
2001-09-29,28.743,0.001,39.62,0.174
2001-09-30,28.857,0.001,35.32,1.137
2001-10-01,28.972,0.0,42.79,0.905
2001-10-02,29.077,0.0,49.21,0.998
2001-10-03,29.048,0.089,59.4,0.325
2001-10-04,29.301,0.018,55.14,0.296
2001-10-05,29.363,0.019,51.94,0.268
2001-10-06,29.378,0.035,49.71,0.731
2001-10-07,29.927,0.038,44.52,1.369
2001-10-08,29.976,0.002,42.27,1.409
2001-10-09,29.882,0.004,43.51,0.898
2001-10-10,27.92,3.001,70.07,1.946
2001-10-11,26.234,4.924,80.87,2.065
2001-10-12,25.287,7.58,83.26,0.723
2001-10-13,25.81,4.205,79.78,0.317
2001-10-14,26.45,0.055,55.56,1.191
2001-10-15,26.118,0.003,37.66,0.932
2001-10-16,26.984,0.001,40.91,0.503
2001-10-17,26.166,0.003,32.0,1.443
2001-10-18,26.247,0.002,30.85,0.698
2001-10-19,27.063,0.0,30.57,0.175
2001-10-20,26.949,0.0,32.59,0.192
2001-10-21,26.8,0.0,34.92,0.316
2001-10-22,26.367,0.0,35.0,0.927
2001-10-23,26.954,0.001,30.24,1.432
2001-10-24,26.725,0.002,30.69,0.784
2001-10-25,26.828,0.001,31.53,0.428
2001-10-26,26.948,0.001,32.26,1.087
2001-10-27,28.015,0.0,35.25,0.999
2001-10-28,27.709,0.001,39.21,0.528
2001-10-29,27.208,0.0,39.8,0.799
2001-10-30,27.157,0.0,39.6,1.122
2001-10-31,27.375,0.001,42.33,1.09
2001-11-01,27.73,0.0,39.73,0.912
2001-11-02,27.343,0.002,36.66,1.44
2001-11-03,25.868,0.0,35.57,2.065
2001-11-04,25.414,0.002,39.17,1.192
2001-11-05,24.957,0.0,36.82,0.637
2001-11-06,24.12,0.002,34.99,1.086
2001-11-07,23.73,0.001,35.06,2.037
2001-11-08,22.684,0.0,34.04,2.475
2001-11-09,21.639,0.002,28.1,2.157
2001-11-10,21.114,0.002,30.69,1.657
2001-11-11,21.282,0.001,31.13,1.721
2001-11-12,21.797,0.002,32.43,2.059
2001-11-13,21.975,0.0,33.14,1.8
2001-11-14,21.852,0.002,32.8,1.11
2001-11-15,22.177,0.0,32.82,0.907
2001-11-16,22.489,0.001,32.76,0.863
2001-11-17,22.94,0.0,36.3,1.465
2001-11-18,23.635,0.001,39.25,0.968
2001-11-19,23.891,0.001,33.2,1.224
2001-11-20,24.242,0.0,34.38,1.124
2001-11-21,23.958,0.002,39.55,0.395
2001-11-22,23.755,0.0,42.3,0.548
2001-11-23,22.839,0.0,34.28,1.146
2001-11-24,21.804,0.001,29.93,0.83
2001-11-25,21.126,0.001,33.69,0.864
2001-11-26,20.509,0.0,34.29,1.008
2001-11-27,19.864,0.003,34.34,1.337
2001-11-28,19.222,-0.0,31.49,1.572
2001-11-29,18.935,0.001,32.87,1.361
2001-11-30,19.124,0.0,32.62,1.371
2001-12-01,19.291,0.0,32.73,1.073
2001-12-02,19.554,0.0,34.18,0.838
2001-12-03,20.467,0.001,34.72,0.494
2001-12-04,19.983,0.002,37.19,0.871
2001-12-05,20.39,0.001,37.47,0.758
2001-12-06,21.011,0.001,37.26,0.716
2001-12-07,21.687,0.001,39.9,0.236
2001-12-08,22.156,0.003,42.76,0.184
2001-12-09,22.371,0.0,45.04,1.048
2001-12-10,21.93,0.001,52.21,1.389
2001-12-11,21.176,0.0,55.82,0.649
2001-12-12,19.607,0.0,38.44,2.301
2001-12-13,18.993,0.001,36.85,1.649
2001-12-14,19.784,0.001,32.23,0.451
2001-12-15,20.096,0.0,35.75,0.595
2001-12-16,20.139,0.001,43.34,1.694
2001-12-17,19.969,0.003,46.21,0.927
2001-12-18,20.375,0.0,43.46,0.593
2001-12-19,19.391,0.001,42.21,2.53
2001-12-20,18.249,0.0,40.44,1.924
2001-12-21,17.238,0.0,35.98,1.279
2001-12-22,16.992,0.001,32.95,1.007
2001-12-23,16.792,0.001,32.53,0.744
2001-12-24,16.907,0.0,31.33,0.889
2001-12-25,18.104,0.002,32.07,0.617
2001-12-26,18.111,0.001,34.18,0.637
2001-12-27,18.609,0.001,37.13,1.964
2001-12-28,18.161,0.001,33.69,2.083
2001-12-29,17.683,0.002,32.41,1.978
2001-12-30,17.292,0.001,30.49,1.577
2001-12-31,16.905,0.001,29.28,1.266
2002-01-01,17.486,0.0,32.01,0.961
2002-01-02,18.267,0.0,36.56,1.011
2002-01-03,17.933,0.001,37.5,1.211
2002-01-04,17.179,0.001,37.44,1.213
2002-01-05,16.51,0.003,36.8,1.222
2002-01-06,17.03,0.0,36.42,1.364
2002-01-07,17.552,0.003,38.88,1.564
2002-01-08,17.082,0.0,39.39,1.535
2002-01-09,17.305,0.002,40.03,0.899
2002-01-10,18.26,0.001,37.5,0.752
2002-01-11,18.976,0.001,35.37,0.724
2002-01-12,20.146,0.004,35.29,0.545
2002-01-13,19.784,0.0,42.97,1.981
2002-01-14,20.977,0.002,65.6,2.099
2002-01-15,20.627,0.116,44.77,2.404
2002-01-16,17.503,0.002,41.67,0.901
2002-01-17,15.655,0.0,52.45,1.626
2002-01-18,13.912,0.0,49.07,2.196
2002-01-19,14.506,0.0,44.15,1.724
2002-01-20,14.659,0.001,35.22,2.714
2002-01-21,15.187,0.0,41.0,2.195
2002-01-22,15.402,0.001,43.7,1.346
2002-01-23,16.32,-0.0,35.9,1.503
2002-01-24,17.198,0.0,31.72,0.268
2002-01-25,18.552,0.007,53.53,1.944
2002-01-26,17.542,0.001,37.51,0.707
2002-01-27,15.269,0.001,30.03,1.818
2002-01-28,14.376,0.002,25.56,1.544
2002-01-29,14.516,0.001,26.82,2.006
2002-01-30,14.421,0.002,30.26,1.717
2002-01-31,15.665,0.001,29.99,1.094
2002-02-01,17.492,0.001,29.27,0.119
2002-02-02,17.759,0.0,26.62,1.861
2002-02-03,16.552,0.001,24.43,2.489
2002-02-04,18.187,0.003,32.41,1.215
2002-02-05,19.432,0.0,28.7,1.096
2002-02-06,18.138,0.003,24.21,0.673
2002-02-07,15.276,0.0,21.99,0.746
2002-02-08,14.018,0.004,18.94,1.704
2002-02-09,14.456,0.001,15.49,3.425
2002-02-10,13.746,7.729,50.85,3.139
2002-02-11,13.711,0.065,52.06,1.841
2002-02-12,15.393,0.0,33.84,1.916
2002-02-13,16.46,0.0,37.78,2.309
2002-02-14,17.786,0.001,38.27,1.209
2002-02-15,19.838,0.0,36.41,0.544
2002-02-16,21.022,0.003,31.93,1.205
2002-02-17,21.155,0.0,35.47,0.374
2002-02-18,22.31,0.001,35.84,0.798
2002-02-19,22.369,0.001,33.38,1.116
2002-02-20,21.992,0.002,31.59,0.261
2002-02-21,23.638,0.002,32.62,0.668
2002-02-22,23.093,0.002,40.42,1.425
2002-02-23,22.163,0.002,50.29,1.097
2002-02-24,21.855,0.002,39.52,0.975
2002-02-25,21.405,0.001,32.03,1.526
2002-02-26,23.166,0.002,27.9,0.738
2002-02-27,23.996,0.002,28.86,0.583
2002-02-28,24.899,0.0,32.52,0.836
2002-03-01,24.911,0.0,29.38,2.093
2002-03-02,20.755,0.001,48.66,1.741
2002-03-03,20.508,0.002,30.31,1.769
2002-03-04,21.487,0.002,23.52,0.814
2002-03-05,23.259,0.001,22.19,0.196
2002-03-06,24.305,0.001,24.64,0.198
2002-03-07,24.44,0.002,27.82,1.311
2002-03-08,23.782,0.001,42.15,2.172
2002-03-09,23.953,0.003,39.84,1.771
2002-03-10,24.071,0.0,36.49,2.312
2002-03-11,24.74,0.001,25.43,2.011
2002-03-12,25.597,0.001,26.64,0.875
2002-03-13,25.865,0.004,30.91,0.299
2002-03-14,24.451,1.024,45.67,1.391
2002-03-15,24.745,0.0,43.28,0.839
2002-03-16,25.81,0.001,31.79,0.393
2002-03-17,26.668,0.001,26.67,0.075
2002-03-18,28.097,0.0,21.91,0.934
2002-03-19,28.718,0.001,21.12,0.65
2002-03-20,28.7,0.25,25.44,0.848
2002-03-21,27.411,0.117,26.64,1.534
2002-03-22,27.769,0.001,25.59,0.961
2002-03-23,28.172,0.001,24.02,2.014
2002-03-24,27.056,0.001,31.56,3.102
2002-03-25,26.282,0.0,36.6,1.687
2002-03-26,26.958,0.0,22.95,1.341
2002-03-27,26.572,0.017,20.13,1.939
2002-03-28,27.171,0.001,12.59,1.36
2002-03-29,28.016,0.001,12.18,0.415
2002-03-30,28.834,0.0,12.0,1.112
2002-03-31,29.466,0.0,19.11,2.43
2002-04-01,29.867,0.001,31.23,1.802
2002-04-02,30.176,0.0,9.82,1.139
2002-04-03,29.146,0.0,11.87,0.356
2002-04-04,29.929,0.002,15.02,1.453
2002-04-05,30.971,0.002,23.01,1.704
2002-04-06,31.152,0.057,24.73,1.511
2002-04-07,29.136,1.503,35.7,0.806
2002-04-08,28.606,0.238,32.99,1.195
2002-04-09,28.554,0.002,22.6,1.945
2002-04-10,28.812,0.0,21.21,0.961
2002-04-11,29.571,0.0,21.75,1.454
2002-04-12,30.028,0.0,24.45,1.387
2002-04-13,29.908,0.0,26.21,1.619
2002-04-14,28.869,0.003,30.64,2.082
2002-04-15,28.523,0.0,33.03,2.317
2002-04-16,28.301,0.0,31.79,2.155
2002-04-17,29.299,0.001,29.27,1.762
2002-04-18,30.522,0.0,27.78,1.41
2002-04-19,31.644,0.001,25.86,1.617
2002-04-20,30.979,0.002,20.66,2.029
2002-04-21,29.541,0.0,27.32,2.422
2002-04-22,30.718,0.002,31.35,2.998
2002-04-23,31.425,0.0,31.12,3.17
2002-04-24,31.276,0.002,17.16,3.62
2002-04-25,30.31,0.0,19.26,2.06
2002-04-26,31.602,0.001,10.48,1.007
2002-04-27,32.565,0.002,12.02,2.682
2002-04-28,32.655,0.0,13.89,2.228
2002-04-29,33.709,0.001,12.5,1.069
2002-04-30,34.108,0.001,13.05,2.727
2002-05-01,33.384,0.002,16.3,3.167
2002-05-02,33.613,0.0,13.9,2.314
2002-05-03,35.268,0.001,17.2,1.642
2002-05-04,36.432,0.001,16.02,1.664
2002-05-05,35.517,0.0,15.1,2.241
2002-05-06,34.071,0.0,14.55,3.146
2002-05-07,32.326,0.001,24.96,2.882
2002-05-08,32.144,0.001,28.2,3.03
2002-05-09,32.517,0.008,40.54,3.658
2002-05-10,32.566,0.013,44.73,4.41
2002-05-11,32.613,0.006,47.36,4.516
2002-05-12,32.512,0.01,49.91,4.808
2002-05-13,32.414,0.04,48.7,4.604
2002-05-14,32.199,0.053,47.91,4.32
2002-05-15,32.664,0.006,46.49,3.796
2002-05-16,34.115,0.001,41.79,2.963
2002-05-17,35.036,0.002,35.76,3.171
2002-05-18,33.634,-0.0,32.57,4.88
2002-05-19,31.453,0.009,48.32,5.779
2002-05-20,31.902,0.039,41.54,4.845
2002-05-21,32.106,0.002,41.69,4.335
2002-05-22,32.171,0.002,41.65,3.982
2002-05-23,32.119,0.005,40.41,3.94
2002-05-24,32.405,0.001,38.74,3.975
2002-05-25,31.727,0.003,42.91,4.711
2002-05-26,30.996,0.017,45.69,5.449
2002-05-27,30.657,0.026,47.36,5.548
2002-05-28,31.157,0.148,49.3,4.647
2002-05-29,31.496,0.23,48.58,3.593
2002-05-30,32.223,0.015,44.63,3.031
2002-05-31,32.122,0.175,41.64,2.457
2002-06-01,31.802,1.409,45.22,2.033
2002-06-02,32.018,0.703,44.57,2.024
2002-06-03,32.799,0.297,44.21,2.672
2002-06-04,32.389,0.014,45.83,3.342
2002-06-05,31.893,0.002,47.22,4.021
2002-06-06,31.599,0.019,48.08,4.376
2002-06-07,31.597,0.018,48.32,4.156
2002-06-08,31.578,0.013,46.5,3.927
2002-06-09,32.045,0.001,43.31,3.468
2002-06-10,33.276,0.029,40.34,2.919
2002-06-11,34.044,0.043,41.64,2.702
2002-06-12,34.481,0.039,41.09,3.195
2002-06-13,34.296,0.032,42.35,3.484
2002-06-14,33.975,0.362,44.74,3.388
2002-06-15,32.272,1.294,55.65,2.782
2002-06-16,32.66,0.717,53.35,3.044
2002-06-17,31.836,0.713,56.89,3.712
2002-06-18,32.228,0.323,52.86,3.511
2002-06-19,32.986,0.018,47.46,3.595
2002-06-20,31.794,0.765,59.15,3.371
2002-06-21,32.314,0.472,56.3,3.87
2002-06-22,32.612,0.172,49.54,3.915
2002-06-23,33.181,0.001,46.2,3.715
2002-06-24,32.7,0.003,45.07,3.941
2002-06-25,32.759,0.941,50.35,2.297
2002-06-26,31.323,18.161,62.72,1.369
2002-06-27,28.36,24.264,79.01,0.481
2002-06-28,27.349,10.739,84.42,1.131
2002-06-29,27.294,2.307,81.26,3.151
2002-06-30,28.017,0.561,73.98,4.092
2002-07-01,27.925,1.063,73.43,4.362
2002-07-02,27.835,1.19,73.36,4.833
2002-07-03,27.885,1.33,72.31,4.916
2002-07-04,27.897,1.035,70.74,5.116
2002-07-05,28.061,0.836,67.98,4.728
2002-07-06,27.947,0.92,66.05,4.412
2002-07-07,27.727,0.884,66.62,4.285
2002-07-08,27.697,0.715,68.27,4.501
2002-07-09,27.941,0.888,66.13,4.198
2002-07-10,28.083,0.684,65.11,4.122
2002-07-11,28.215,0.477,63.94,4.115
2002-07-12,28.955,0.226,60.82,4.193
2002-07-13,28.693,0.725,62.38,4.03
2002-07-14,28.648,0.638,62.06,4.243
2002-07-15,28.42,1.379,64.9,4.029
2002-07-16,28.201,1.136,64.32,3.824
2002-07-17,28.424,0.434,61.82,3.23
2002-07-18,28.79,0.208,62.85,2.245
2002-07-19,27.9,1.746,69.35,3.045
2002-07-20,27.402,1.384,69.8,4.559
2002-07-21,27.834,0.984,65.26,5.617
2002-07-22,27.801,1.377,67.8,5.389
2002-07-23,27.981,1.616,67.4,4.964
2002-07-24,27.809,1.89,67.74,4.972
2002-07-25,27.036,1.959,70.33,4.943
2002-07-26,27.276,1.495,68.86,4.55
2002-07-27,27.523,1.265,69.33,4.203
2002-07-28,27.906,0.497,64.81,3.846
2002-07-29,27.953,0.283,63.46,3.743
2002-07-30,28.0,0.142,60.25,3.175
2002-07-31,29.128,0.007,58.95,2.708
2002-08-01,29.876,3.094,61.26,1.894
2002-08-02,28.149,4.695,69.16,2.461
2002-08-03,27.369,4.278,72.43,2.466
2002-08-04,25.588,10.694,83.63,1.921
2002-08-05,24.604,18.002,88.32,2.345
2002-08-06,25.673,5.212,85.22,2.299
2002-08-07,25.751,5.646,86.44,2.07
2002-08-08,26.867,4.246,75.14,3.237
2002-08-09,25.686,3.779,82.75,2.835
2002-08-10,26.249,0.583,77.9,3.194
2002-08-11,26.652,1.372,75.81,4.49
2002-08-12,25.998,3.334,80.56,4.944
2002-08-13,26.243,3.293,80.55,4.411
2002-08-14,26.618,2.077,77.52,3.599
2002-08-15,26.559,1.049,76.03,2.773
2002-08-16,25.977,0.275,76.44,2.713
2002-08-17,26.461,0.122,70.94,2.984
2002-08-18,26.293,0.052,72.98,2.995
2002-08-19,26.813,0.091,71.02,3.025
2002-08-20,26.063,0.222,71.54,3.196
2002-08-21,25.473,0.076,71.62,2.667
2002-08-22,27.136,0.197,69.12,2.245
2002-08-23,27.747,8.16,71.48,0.905
2002-08-24,27.653,9.963,77.26,0.618
2002-08-25,27.777,4.042,76.83,1.309
2002-08-26,25.746,0.818,75.53,4.459
2002-08-27,25.47,1.412,75.86,3.495
2002-08-28,25.731,1.065,73.96,2.749
2002-08-29,26.561,0.516,71.11,2.513
2002-08-30,25.785,3.104,77.13,2.384
2002-08-31,26.275,4.838,78.82,2.026
2002-09-01,26.565,4.412,80.23,1.388
2002-09-02,26.933,7.379,81.49,1.024
2002-09-03,26.178,3.313,84.14,1.279
2002-09-04,26.867,0.695,77.63,2.241
2002-09-05,27.156,0.203,71.52,2.216
2002-09-06,26.75,0.02,68.01,2.716
2002-09-07,25.279,0.003,68.31,2.895
2002-09-08,25.179,0.009,65.08,2.857
2002-09-09,25.587,0.0,65.69,2.7
2002-09-10,26.071,0.0,63.89,2.451
2002-09-11,26.978,0.001,57.3,2.349
2002-09-12,27.375,0.0,57.6,2.926
2002-09-13,26.225,0.009,61.39,3.63
2002-09-14,25.858,0.008,57.5,3.371
2002-09-15,26.216,0.002,54.98,3.36
2002-09-16,26.319,0.003,57.23,3.616
2002-09-17,26.158,0.054,58.55,3.541
2002-09-18,26.299,0.019,56.88,2.413
2002-09-19,26.864,1.578,62.02,0.85
2002-09-20,28.531,0.413,54.8,0.756
2002-09-21,29.035,0.485,54.29,1.162
2002-09-22,29.722,0.119,50.28,1.584
2002-09-23,29.475,0.11,49.89,2.335
2002-09-24,28.096,0.002,53.67,2.575
2002-09-25,27.616,0.199,57.54,2.229
2002-09-26,28.336,0.171,56.12,1.165
2002-09-27,29.427,0.044,45.16,1.096
2002-09-28,29.406,0.001,41.18,1.132
2002-09-29,29.9,0.002,36.94,1.052
2002-09-30,30.278,0.0,31.74,0.79
2002-10-01,30.467,0.001,29.67,0.894
2002-10-02,30.281,0.002,25.1,0.865
2002-10-03,29.266,0.001,25.26,1.327
2002-10-04,29.244,0.001,30.64,1.296
2002-10-05,29.784,0.001,31.41,1.114
2002-10-06,30.224,0.001,29.52,0.604
2002-10-07,30.773,0.003,26.91,0.277
2002-10-08,30.389,0.001,24.04,0.33
2002-10-09,30.354,0.002,26.3,0.746
2002-10-10,30.126,0.0,33.58,1.472
2002-10-11,29.928,0.0,31.07,1.375
2002-10-12,29.727,0.103,30.39,1.425
2002-10-13,29.525,0.002,29.68,0.731
2002-10-14,29.18,0.0,29.94,0.344
2002-10-15,29.125,0.0,29.04,1.506
2002-10-16,28.398,0.0,29.91,1.91
2002-10-17,28.429,0.0,29.78,0.785
2002-10-18,28.487,0.0,27.33,1.294
2002-10-19,28.191,0.0,37.06,1.859
2002-10-20,27.669,0.0,36.91,2.333
2002-10-21,27.192,0.0,37.39,2.0
2002-10-22,27.55,0.001,34.4,0.649
2002-10-23,26.101,0.0,27.83,1.077
2002-10-24,26.1,0.001,22.13,1.35
2002-10-25,26.307,0.001,23.61,1.12
2002-10-26,26.188,0.001,22.77,0.678
2002-10-27,26.185,0.0,21.69,0.348
2002-10-28,26.368,0.0,22.12,1.392
2002-10-29,26.707,0.0,24.98,1.643
2002-10-30,26.965,0.001,27.77,1.346
2002-10-31,26.828,0.0,25.5,0.078
2002-11-01,26.337,0.0,20.46,1.019
2002-11-02,26.237,0.001,19.32,1.071
2002-11-03,26.012,0.001,22.87,1.08
2002-11-04,26.292,0.001,24.61,0.813
2002-11-05,26.298,0.019,25.76,0.595
2002-11-06,24.459,1.875,34.3,1.342
2002-11-07,24.499,0.013,32.82,0.887
2002-11-08,24.734,0.001,32.91,1.498
2002-11-09,23.874,1.361,42.01,1.51
2002-11-10,23.877,0.092,39.11,0.992
2002-11-11,20.746,0.311,55.02,1.976
2002-11-12,21.231,0.0,50.54,1.574
2002-11-13,21.872,0.002,42.82,1.693
2002-11-14,21.906,0.002,43.51,1.492
2002-11-15,22.399,0.002,39.54,0.484
2002-11-16,23.113,0.0,34.01,1.204
2002-11-17,23.168,0.003,30.77,1.311
2002-11-18,23.298,0.0,30.02,0.994
2002-11-19,23.94,0.0,28.87,0.406
2002-11-20,22.723,0.0,30.14,1.268
2002-11-21,23.055,0.002,30.83,0.541
2002-11-22,23.142,0.0,32.13,0.683
2002-11-23,23.685,0.0,34.49,0.193
2002-11-24,23.456,0.001,37.09,0.304
2002-11-25,22.654,0.002,33.28,1.426
2002-11-26,22.877,0.0,28.23,0.587
2002-11-27,22.547,0.003,26.33,0.172
2002-11-28,22.309,0.001,24.08,0.342
2002-11-29,22.057,0.002,29.73,1.031
2002-11-30,21.243,0.001,34.53,0.765
2002-12-01,20.655,0.003,31.42,1.693
2002-12-02,20.026,0.0,31.25,1.151
2002-12-03,20.521,0.0,29.2,0.331
2002-12-04,19.987,0.0,27.7,0.939
2002-12-05,20.328,0.003,28.55,0.685
2002-12-06,20.454,0.0,33.3,1.595
2002-12-07,20.521,0.001,43.1,1.157
2002-12-08,20.749,0.001,41.27,1.218
2002-12-09,19.794,0.001,42.62,1.4
2002-12-10,19.671,0.001,38.18,0.391
2002-12-11,19.405,0.0,33.66,0.63
2002-12-12,20.556,0.002,33.73,1.178
2002-12-13,21.453,0.0,37.08,1.171
2002-12-14,22.236,0.001,37.36,0.719
2002-12-15,22.777,0.0,38.49,0.566
2002-12-16,23.258,0.003,39.79,0.232
2002-12-17,23.052,0.001,36.03,0.747
2002-12-18,21.943,0.001,33.42,1.627
2002-12-19,21.419,0.0,50.54,1.352
2002-12-20,21.333,0.0,49.11,1.344
2002-12-21,21.08,0.002,48.33,0.04
2002-12-22,20.853,0.002,41.6,0.401
2002-12-23,20.379,0.003,40.49,1.169
2002-12-24,19.073,0.303,59.49,1.038
2002-12-25,17.313,0.002,52.57,1.487
2002-12-26,16.664,0.001,46.85,1.647
2002-12-27,17.016,0.001,41.92,1.981
2002-12-28,17.287,0.003,35.31,0.592
2002-12-29,17.384,0.003,33.55,0.703
2002-12-30,17.373,2.258,51.21,0.554
2002-12-31,14.057,0.0,64.0,1.951
2003-01-01,14.023,0.001,47.06,1.833
2003-01-02,14.18,0.001,52.58,0.83
2003-01-03,15.108,0.001,50.79,2.384
2003-01-04,15.099,-0.0,45.05,2.044
2003-01-05,17.164,0.0,46.43,0.317
2003-01-06,18.521,0.0,44.3,0.894
2003-01-07,17.077,0.001,31.89,2.51
2003-01-08,16.804,0.002,29.4,1.883
2003-01-09,17.801,0.001,31.23,1.438
2003-01-10,18.031,0.001,35.86,2.412
2003-01-11,18.12,0.001,31.6,1.404
2003-01-12,18.729,0.003,35.78,1.567
2003-01-13,18.037,-0.0,29.98,2.043
2003-01-14,17.313,0.001,19.42,1.31
2003-01-15,18.0,0.001,20.13,1.129
2003-01-16,18.055,0.0,21.37,1.162
2003-01-17,18.146,0.001,21.57,0.94
2003-01-18,18.151,0.001,21.67,1.213
2003-01-19,18.548,0.001,23.7,0.592
2003-01-20,18.927,0.0,24.68,1.353
2003-01-21,19.905,0.001,26.87,0.932
2003-01-22,20.118,0.002,23.26,1.406
2003-01-23,20.386,0.001,27.31,0.987
2003-01-24,20.721,0.001,32.34,0.277
2003-01-25,22.197,0.0,33.31,0.374
2003-01-26,23.258,0.002,31.85,0.592
2003-01-27,21.294,0.021,44.34,3.013
2003-01-28,19.002,0.003,49.96,1.351
2003-01-29,19.37,0.002,39.5,0.96
2003-01-30,20.767,0.08,40.79,2.02
2003-01-31,18.117,13.377,82.74,1.521
2003-02-01,16.308,0.002,48.11,1.788
2003-02-02,16.638,0.002,41.11,2.947
2003-02-03,16.047,0.001,49.24,2.709
2003-02-04,16.223,0.001,49.46,2.249
2003-02-05,17.347,0.0,45.12,1.249
2003-02-06,19.7,0.001,44.91,0.414
2003-02-07,20.55,0.002,33.61,0.573
2003-02-08,19.393,0.0,33.48,1.857
2003-02-09,18.785,0.001,31.36,2.108
2003-02-10,19.773,0.0,38.84,1.865
2003-02-11,19.884,0.0,25.77,2.487
2003-02-12,19.788,0.001,20.66,1.995
2003-02-13,20.08,0.001,24.4,0.918
2003-02-14,21.236,0.001,27.33,0.717
2003-02-15,22.656,0.001,25.95,0.816
2003-02-16,24.147,0.005,27.48,1.414
2003-02-17,21.698,11.308,49.16,2.949
2003-02-18,19.363,14.146,75.29,4.496
2003-02-19,17.414,0.006,46.26,2.969
2003-02-20,17.739,0.001,46.15,0.522
2003-02-21,18.756,0.001,46.78,0.99
2003-02-22,20.526,0.001,46.83,0.174
2003-02-23,22.16,0.003,44.04,0.38
2003-02-24,23.074,0.002,40.04,0.998
2003-02-25,24.075,0.001,42.63,0.725
2003-02-26,24.738,0.002,44.23,0.774
2003-02-27,25.076,0.0,43.84,1.989
2003-02-28,25.514,0.002,38.6,1.562
2003-03-01,25.587,0.002,41.2,2.499
2003-03-02,22.462,0.0,38.54,2.104
2003-03-03,16.483,0.001,13.03,2.647
2003-03-04,16.489,0.0,13.8,2.47
2003-03-05,18.46,0.002,13.4,1.611
2003-03-06,20.767,0.0,16.04,1.19
2003-03-07,22.019,0.001,16.15,1.549
2003-03-08,23.169,0.001,18.0,0.356
2003-03-09,24.992,0.0,16.24,1.595
2003-03-10,24.421,0.0,20.22,1.649
2003-03-11,22.444,0.0,23.32,1.806
2003-03-12,22.624,0.002,19.25,1.753
2003-03-13,23.915,0.001,19.56,1.754
2003-03-14,25.727,0.0,21.82,0.636
2003-03-15,25.821,0.001,18.99,1.434
2003-03-16,25.782,0.002,22.08,0.927
2003-03-17,26.348,0.007,27.38,1.129
2003-03-18,26.316,0.021,30.35,1.532
2003-03-19,26.134,0.0,28.09,0.699
2003-03-20,27.462,0.0,25.48,0.74
2003-03-21,28.326,0.002,22.07,0.882
2003-03-22,28.645,0.0,20.1,0.802
2003-03-23,28.348,0.0,21.54,1.066
2003-03-24,28.669,0.001,25.98,1.115
2003-03-25,28.653,0.002,25.86,1.378
2003-03-26,28.345,0.001,22.68,1.693
2003-03-27,29.41,0.001,24.04,0.712
2003-03-28,28.773,0.001,17.92,2.103
2003-03-29,27.242,0.002,36.44,2.44
2003-03-30,27.626,0.001,36.23,1.738
2003-03-31,29.528,0.001,24.31,1.532
2003-04-01,29.724,0.003,25.18,1.356
2003-04-02,30.986,0.0,21.69,2.336
2003-04-03,30.104,0.0,29.62,2.495
2003-04-04,28.627,0.002,30.36,2.008
2003-04-05,28.536,0.499,31.67,0.963
2003-04-06,29.575,0.002,20.48,1.143
2003-04-07,30.328,0.002,16.68,2.045
2003-04-08,30.923,0.002,13.55,0.137
2003-04-09,31.224,0.0,14.94,0.462
2003-04-10,32.226,0.003,16.42,0.577
2003-04-11,31.731,0.23,21.61,1.289
2003-04-12,30.089,0.004,26.6,2.412
2003-04-13,27.94,0.0,26.69,2.278
2003-04-14,28.067,0.002,43.21,2.25
2003-04-15,29.572,0.0,42.71,2.691
2003-04-16,29.342,0.0,38.83,1.49
2003-04-17,31.9,0.002,27.56,0.948
2003-04-18,31.161,0.002,32.32,2.861
2003-04-19,28.573,0.0,32.97,3.207
2003-04-20,29.307,0.001,34.21,1.438
2003-04-21,30.07,0.0,19.26,1.482
2003-04-22,31.494,0.002,15.55,0.507
2003-04-23,32.096,0.001,14.55,1.23
2003-04-24,30.393,0.001,17.4,2.43
2003-04-25,30.525,0.0,31.77,2.989
2003-04-26,31.491,0.001,24.59,2.504
2003-04-27,32.202,0.0,17.98,0.92
2003-04-28,32.862,0.001,13.57,1.994
2003-04-29,33.282,0.0,15.64,1.817
2003-04-30,33.74,0.0,16.92,1.788
2003-05-01,32.799,0.001,16.21,3.085
2003-05-02,30.973,0.001,29.26,4.231
2003-05-03,29.322,0.0,11.53,2.739
2003-05-04,29.552,0.001,12.9,2.529
2003-05-05,29.73,0.0,21.32,2.61
2003-05-06,30.044,0.0,23.79,2.623
2003-05-07,29.992,0.001,15.42,1.772
2003-05-08,31.055,0.0,17.76,1.44
2003-05-09,32.341,0.001,21.0,1.043
2003-05-10,33.831,0.001,15.69,1.045
2003-05-11,33.85,0.001,15.48,1.899
2003-05-12,33.599,0.001,24.51,2.366
2003-05-13,33.651,0.004,28.38,1.915
2003-05-14,34.101,-0.0,12.99,1.396
2003-05-15,33.852,0.001,18.36,1.748
2003-05-16,33.891,0.001,28.45,2.739
2003-05-17,33.319,0.012,34.45,3.631
2003-05-18,32.011,0.004,44.32,4.232
2003-05-19,31.707,0.006,44.37,4.699
2003-05-20,31.754,0.004,42.98,4.518
2003-05-21,31.467,0.012,42.35,4.642
2003-05-22,31.03,0.017,47.92,4.879
2003-05-23,31.712,0.036,47.06,4.162
2003-05-24,32.077,0.003,40.79,3.34
2003-05-25,31.321,0.004,37.24,3.411
2003-05-26,31.537,0.0,41.15,3.309
2003-05-27,31.61,0.002,39.11,3.601
2003-05-28,32.307,0.013,36.49,3.272
2003-05-29,33.261,0.003,34.79,2.814
2003-05-30,33.272,0.0,29.38,3.065
2003-05-31,32.569,0.001,35.23,3.122
2003-06-01,33.139,0.001,38.37,2.668
2003-06-02,34.102,0.0,36.61,2.826
2003-06-03,33.495,0.0,37.34,3.69
2003-06-04,32.487,0.001,44.54,4.567
2003-06-05,31.766,0.02,48.49,5.134
2003-06-06,31.679,0.173,50.09,5.849
2003-06-07,31.847,0.103,49.44,5.416
2003-06-08,31.909,0.069,47.43,5.594
2003-06-09,32.286,0.242,49.72,5.058
2003-06-10,32.218,0.036,45.92,4.846
2003-06-11,32.355,0.03,43.69,4.956
2003-06-12,32.693,0.005,44.57,4.522
2003-06-13,32.783,0.008,46.18,3.326
2003-06-14,33.329,0.51,44.28,2.758
2003-06-15,31.198,8.48,57.39,1.922
2003-06-16,30.208,7.306,64.95,1.778
2003-06-17,28.331,8.406,73.71,2.039
2003-06-18,25.068,69.818,90.27,1.537
2003-06-19,24.353,41.636,93.74,2.162
2003-06-20,26.365,5.621,83.94,1.311
2003-06-21,28.926,0.283,73.87,2.292
2003-06-22,29.18,0.194,70.01,2.899
2003-06-23,28.799,0.053,67.55,3.111
2003-06-24,28.942,0.023,64.75,2.985
2003-06-25,29.104,0.019,64.1,3.044
2003-06-26,29.111,0.184,64.57,3.712
2003-06-27,29.582,0.658,66.04,3.859
2003-06-28,29.437,0.867,65.99,4.152
2003-06-29,29.15,0.958,65.6,4.296
2003-06-30,29.025,0.994,65.62,3.857
2003-07-01,29.238,0.403,63.86,2.192
2003-07-02,28.793,9.27,75.57,1.529
2003-07-03,29.026,1.232,75.61,1.912
2003-07-04,28.439,4.184,76.83,2.465
2003-07-05,26.968,12.975,84.23,1.271
2003-07-06,27.117,8.916,82.01,1.523
2003-07-07,26.665,3.886,82.29,2.486
2003-07-08,25.71,8.305,88.7,2.736
2003-07-09,25.533,15.3,87.63,3.311
2003-07-10,25.705,11.524,87.4,3.219
2003-07-11,26.119,2.082,85.97,2.842
2003-07-12,27.405,1.805,80.69,2.714
2003-07-13,27.526,2.402,80.09,2.385
2003-07-14,28.037,3.748,79.46,1.446
2003-07-15,26.907,28.902,86.69,0.572
2003-07-16,25.317,53.076,92.7,0.481
2003-07-17,26.823,4.706,84.13,2.148
2003-07-18,26.919,2.901,84.09,1.778
2003-07-19,27.29,2.184,83.51,2.608
2003-07-20,27.526,1.549,78.66,3.087
2003-07-21,26.729,3.701,82.24,3.641
2003-07-22,26.087,4.802,84.84,3.254
2003-07-23,25.409,15.983,90.46,2.326
2003-07-24,24.958,28.757,94.42,1.699
2003-07-25,25.375,26.984,89.92,3.32
2003-07-26,26.643,1.29,82.36,3.155
2003-07-27,25.961,16.544,90.27,0.951
2003-07-28,26.205,18.628,86.82,1.319
2003-07-29,25.851,2.75,84.95,3.981
2003-07-30,26.141,2.976,81.32,4.311
2003-07-31,25.848,2.162,79.92,4.277
2003-08-01,25.689,2.668,82.52,3.12
2003-08-02,25.671,3.121,82.87,3.138
2003-08-03,25.035,6.625,88.45,3.208
2003-08-04,24.34,8.459,93.08,2.275
2003-08-05,25.471,5.805,87.67,1.254
2003-08-06,26.662,2.416,84.77,0.969
2003-08-07,26.633,22.265,87.27,0.768
2003-08-08,26.933,7.284,86.38,1.416
2003-08-09,26.731,6.28,86.51,2.15
2003-08-10,26.8,1.552,80.93,2.604
2003-08-11,26.549,2.177,83.28,2.496
2003-08-12,26.538,1.754,83.48,2.639
2003-08-13,26.507,2.418,84.06,2.451
2003-08-14,25.998,0.794,78.12,2.664
2003-08-15,26.189,0.457,77.05,2.663
2003-08-16,26.031,0.138,77.0,2.906
2003-08-17,26.034,0.476,76.62,3.331
2003-08-18,26.02,1.676,77.87,4.082
2003-08-19,26.107,2.617,81.16,3.97
2003-08-20,25.903,2.751,83.89,2.955
2003-08-21,26.654,0.728,77.71,2.077
2003-08-22,27.509,0.87,79.33,1.084
2003-08-23,28.907,0.904,72.56,1.659
2003-08-24,26.821,33.121,85.39,0.618
2003-08-25,24.476,37.465,94.57,2.583
2003-08-26,24.077,5.147,91.2,3.315
2003-08-27,24.458,2.099,86.99,3.186
2003-08-28,24.934,4.713,86.63,2.547
2003-08-29,25.887,3.052,82.06,2.27
2003-08-30,25.024,8.311,86.95,2.44
2003-08-31,25.675,1.45,80.39,3.007
2003-09-01,25.678,1.63,80.88,3.184
2003-09-02,25.765,1.451,80.48,2.816
2003-09-03,25.718,0.869,80.04,2.499
2003-09-04,25.73,0.817,79.24,2.471
2003-09-05,25.019,1.064,80.13,2.141
2003-09-06,24.909,0.625,77.49,2.042
2003-09-07,24.927,0.405,76.43,2.364
2003-09-08,24.326,0.12,77.42,2.456
2003-09-09,24.625,0.12,78.57,2.254
2003-09-10,25.029,0.367,78.86,2.271
2003-09-11,25.152,0.68,79.18,2.573
2003-09-12,24.806,0.802,78.39,2.49
2003-09-13,24.701,0.38,77.66,2.073
2003-09-14,25.203,0.664,75.43,1.86
2003-09-15,25.109,0.334,75.75,1.756
2003-09-16,25.683,0.212,75.17,1.731
2003-09-17,26.282,0.473,77.66,1.728
2003-09-18,26.336,6.264,82.32,1.371
2003-09-19,26.982,0.651,79.73,1.802
2003-09-20,27.025,0.262,76.59,1.472
2003-09-21,27.043,0.997,77.03,1.108
2003-09-22,27.007,0.397,75.77,1.597
2003-09-23,26.35,0.462,73.93,1.783
2003-09-24,26.004,0.018,71.05,1.67
2003-09-25,26.645,0.814,74.53,0.423
2003-09-26,27.78,0.148,70.17,1.643
2003-09-27,27.778,0.2,69.73,0.783
2003-09-28,27.331,0.697,71.4,1.198
2003-09-29,27.154,0.639,73.85,1.141
2003-09-30,26.889,1.274,74.91,0.49
2003-10-01,27.34,0.542,69.58,0.472
2003-10-02,27.82,0.0,57.08,0.341
2003-10-03,27.092,0.002,45.96,0.913
2003-10-04,26.421,0.001,39.05,1.022
2003-10-05,26.355,0.001,42.07,1.113
2003-10-06,25.585,0.0,43.92,1.439
2003-10-07,25.702,0.0,45.21,1.365
2003-10-08,27.279,0.002,47.0,1.145
2003-10-09,27.426,0.001,46.08,0.88
2003-10-10,26.935,0.002,42.69,2.108
2003-10-11,25.697,0.001,48.47,1.839
2003-10-12,26.637,0.0,42.96,0.781
2003-10-13,26.896,0.0,38.08,0.462
2003-10-14,26.392,0.0,36.38,0.433
2003-10-15,26.714,0.001,36.34,0.458
2003-10-16,26.977,0.003,41.81,0.494
2003-10-17,26.671,0.001,43.31,0.503
2003-10-18,26.066,0.0,33.6,1.03
2003-10-19,25.561,0.001,29.63,1.088
2003-10-20,25.565,0.0,32.47,0.453
2003-10-21,25.389,0.003,34.15,0.339
2003-10-22,25.252,0.001,32.23,0.843
2003-10-23,24.801,0.0,29.46,1.28
2003-10-24,24.396,0.001,31.58,0.603
2003-10-25,24.646,0.002,31.55,0.19
2003-10-26,24.791,0.003,32.1,0.474
2003-10-27,24.774,0.0,33.87,1.251
2003-10-28,24.304,0.002,39.96,1.892
2003-10-29,23.886,0.0,42.14,1.806
2003-10-30,24.031,0.001,42.9,0.934
2003-10-31,24.075,0.0,39.61,0.87
2003-11-01,24.166,0.001,35.79,1.47
2003-11-02,25.269,0.0,45.5,1.353
2003-11-03,26.706,0.001,46.33,1.028
2003-11-04,26.42,0.002,49.44,1.304
2003-11-05,25.825,0.002,49.8,0.895
2003-11-06,25.039,0.0,48.74,0.545
2003-11-07,24.78,0.002,46.21,0.754
2003-11-08,25.375,0.0,45.03,0.43
2003-11-09,24.393,0.003,40.17,1.134
2003-11-10,22.409,0.001,32.85,1.664
2003-11-11,21.77,0.001,31.58,1.194
2003-11-12,22.313,0.0,36.39,0.82
2003-11-13,22.776,0.001,41.68,0.856
2003-11-14,23.053,0.0,43.38,0.819
2003-11-15,22.841,0.001,44.87,0.862
2003-11-16,22.72,0.001,48.61,1.162
2003-11-17,22.178,0.002,56.85,0.558
2003-11-18,21.013,0.002,48.49,2.308
2003-11-19,19.901,0.001,40.71,2.684
2003-11-20,19.463,0.0,42.61,2.622
2003-11-21,20.655,0.0,53.89,0.521
2003-11-22,20.752,0.0,48.61,0.89
2003-11-23,20.487,0.0,47.07,1.225
2003-11-24,20.988,0.0,51.23,1.605
2003-11-25,20.906,0.001,51.88,1.969
2003-11-26,20.643,0.0,51.98,0.723
2003-11-27,20.384,0.002,48.37,0.804
2003-11-28,20.252,-0.0,47.22,0.587
2003-11-29,20.269,0.001,47.79,0.855
2003-11-30,20.545,0.002,50.0,0.863
2003-12-01,20.698,0.001,48.32,0.475
2003-12-02,20.201,0.001,45.89,0.817
2003-12-03,20.666,0.001,43.6,0.465
2003-12-04,21.042,0.003,41.6,0.519
2003-12-05,21.47,0.0,39.09,0.624
2003-12-06,21.515,0.001,36.53,1.476
2003-12-07,21.883,0.001,38.17,0.356
2003-12-08,22.855,0.001,39.07,1.711
2003-12-09,21.986,0.001,49.29,1.342
2003-12-10,19.219,0.001,53.64,2.133
2003-12-11,19.526,0.0,51.22,0.608
2003-12-12,19.974,0.002,50.58,0.283
2003-12-13,19.107,0.001,53.28,0.995
2003-12-14,18.431,0.0,54.67,1.37
2003-12-15,16.991,0.003,62.43,2.489
2003-12-16,15.234,0.002,47.96,2.879
2003-12-17,15.085,0.0,40.67,2.056
2003-12-18,15.624,0.001,36.25,1.687
2003-12-19,16.273,0.0,39.15,1.841
2003-12-20,16.195,0.001,43.27,1.645
2003-12-21,16.493,0.001,47.21,0.983
2003-12-22,17.582,0.001,47.09,0.52
2003-12-23,17.391,0.0,46.35,0.681
2003-12-24,17.033,0.001,53.19,1.853
2003-12-25,16.374,0.0,53.0,1.102
2003-12-26,16.767,0.002,47.82,0.453
2003-12-27,15.341,0.001,51.55,2.226
2003-12-28,14.213,0.0,37.9,2.168
2003-12-29,14.971,0.001,36.79,1.096
2003-12-30,16.265,0.0,37.14,0.715
2003-12-31,17.465,0.001,38.29,0.096
2004-01-01,17.3,0.0,38.36,0.749
2004-01-02,16.969,0.0,41.66,1.558
2004-01-03,16.594,0.0,55.58,1.811
2004-01-04,16.707,0.0,49.62,1.921
2004-01-05,17.414,0.012,53.79,1.214
2004-01-06,17.504,0.168,58.08,1.908
2004-01-07,16.745,0.001,43.46,2.138
2004-01-08,16.802,0.002,33.06,1.598
2004-01-09,17.615,0.002,32.41,1.157
2004-01-10,19.242,0.001,31.34,0.551
2004-01-11,19.719,0.002,32.69,1.1
2004-01-12,20.535,0.001,38.15,0.835
2004-01-13,20.665,0.0,42.37,0.556
2004-01-14,20.365,0.002,42.13,0.569
2004-01-15,21.289,0.002,38.31,0.436
2004-01-16,21.653,0.001,42.17,0.967
2004-01-17,19.9,0.003,53.36,1.566
2004-01-18,17.634,0.0,40.31,1.661
2004-01-19,17.082,0.0,41.42,0.838
2004-01-20,17.191,0.128,47.09,0.262
2004-01-21,16.871,0.001,54.2,1.006
2004-01-22,16.338,0.227,58.16,1.115
2004-01-23,14.795,0.004,55.98,1.194
2004-01-24,15.005,0.009,38.66,1.874
2004-01-25,15.298,0.0,39.39,1.164
2004-01-26,16.102,0.001,38.65,1.455
2004-01-27,16.556,0.002,36.98,1.269
2004-01-28,17.395,0.0,36.14,0.603
2004-01-29,19.058,0.003,35.54,0.694
2004-01-30,17.559,0.01,47.65,1.158
2004-01-31,15.18,0.0,42.04,1.707
2004-02-01,14.661,0.001,33.74,2.546
2004-02-02,14.239,0.0,31.86,2.446
2004-02-03,15.364,0.001,27.93,1.342
2004-02-04,16.982,0.0,23.95,0.824
2004-02-05,17.699,0.001,26.76,0.597
2004-02-06,17.412,0.0,25.16,1.235
2004-02-07,17.927,0.001,22.87,0.795
2004-02-08,19.625,0.001,25.8,1.133
2004-02-09,19.23,0.002,43.25,1.252
2004-02-10,17.797,0.001,32.15,2.133
2004-02-11,17.453,0.001,44.36,1.744
2004-02-12,19.219,0.0,33.62,1.423
2004-02-13,20.879,0.001,34.18,1.119
2004-02-14,21.723,0.002,34.54,1.396
2004-02-15,21.773,0.0,29.6,1.166
2004-02-16,22.978,0.0,31.58,0.851
2004-02-17,22.634,0.001,35.56,1.857
2004-02-18,20.741,0.001,49.36,1.219
2004-02-19,22.042,0.001,39.44,1.089
2004-02-20,23.37,0.001,28.03,0.624
2004-02-21,23.66,0.001,29.8,0.732
2004-02-22,23.852,0.002,31.67,1.265
2004-02-23,23.118,0.002,31.07,1.143
2004-02-24,23.872,0.0,29.56,0.803
2004-02-25,24.827,0.0,29.71,0.023
2004-02-26,24.657,0.003,30.79,1.451
2004-02-27,24.102,0.0,29.63,1.767
2004-02-28,24.231,0.001,24.79,1.363
2004-02-29,23.946,0.001,26.31,1.35
2004-03-01,23.702,0.002,18.62,1.568
2004-03-02,23.476,0.002,19.97,1.428
2004-03-03,23.728,0.001,22.74,1.098
2004-03-04,25.077,0.001,20.53,0.957
2004-03-05,25.636,0.0,18.11,1.24
2004-03-06,26.077,0.001,18.28,0.976
2004-03-07,25.428,0.0,20.42,0.993
2004-03-08,26.586,0.001,20.35,0.878
2004-03-09,26.512,0.0,20.97,0.446
2004-03-10,26.988,0.001,20.35,0.575
2004-03-11,27.368,0.0,22.6,0.538
2004-03-12,28.228,0.002,24.03,0.76
2004-03-13,27.906,0.001,21.92,1.251
2004-03-14,28.407,0.001,26.94,0.613
2004-03-15,29.678,0.001,26.33,0.486
2004-03-16,30.157,0.0,18.96,0.932
2004-03-17,30.255,0.001,15.22,0.916
2004-03-18,29.763,0.002,16.95,1.013
2004-03-19,30.522,0.001,19.2,1.079
2004-03-20,30.631,0.001,18.55,1.289
2004-03-21,30.705,0.002,19.63,2.032
2004-03-22,30.256,-0.0,24.32,2.439
2004-03-23,29.837,0.0,21.29,2.25
2004-03-24,27.533,0.001,18.54,1.812
2004-03-25,25.677,0.001,14.85,1.179
2004-03-26,25.0,0.003,18.74,1.449
2004-03-27,26.276,0.0,16.7,0.466
2004-03-28,27.159,0.0,16.11,0.808
2004-03-29,28.003,0.001,16.73,0.355
2004-03-30,28.713,0.002,17.03,0.708
2004-03-31,29.067,0.001,20.33,1.528
2004-04-01,26.865,0.0,34.87,1.977
2004-04-02,27.9,0.0,34.35,2.406
2004-04-03,29.076,0.003,33.2,1.629
2004-04-04,29.964,0.001,30.0,1.379
2004-04-05,30.354,0.0,24.05,1.975
2004-04-06,29.58,0.001,27.28,2.341
2004-04-07,29.139,0.015,37.79,2.786
2004-04-08,28.613,0.002,47.03,2.458
2004-04-09,28.594,0.0,38.24,2.826
2004-04-10,28.902,0.0,39.12,1.947
2004-04-11,29.944,0.0,36.21,2.053
2004-04-12,30.544,0.0,26.67,2.39
2004-04-13,31.315,0.003,29.65,2.759
2004-04-14,31.612,0.002,28.39,3.224
2004-04-15,31.283,0.002,32.25,3.3
2004-04-16,30.749,0.0,29.49,4.047
2004-04-17,29.102,0.001,34.5,3.172
2004-04-18,28.655,0.0,31.22,2.799
2004-04-19,29.125,0.001,41.48,2.559
2004-04-20,30.326,0.003,33.71,2.671
2004-04-21,30.185,0.0,26.88,2.69
2004-04-22,30.678,0.171,31.03,1.903
2004-04-23,31.527,0.0,19.62,1.091
2004-04-24,32.048,0.001,20.66,2.011
2004-04-25,32.479,0.001,19.63,1.887
2004-04-26,32.695,0.0,20.84,2.048
2004-04-27,31.861,0.0,24.33,2.677
2004-04-28,31.138,0.001,31.53,2.998
2004-04-29,30.873,0.005,37.82,3.459
2004-04-30,29.262,0.041,32.32,2.934
2004-05-01,29.321,0.0,11.16,0.083
2004-05-02,30.213,0.001,11.94,1.145
2004-05-03,31.657,0.001,12.65,0.093
2004-05-04,33.551,0.0,13.09,0.594
2004-05-05,34.444,0.001,14.42,0.706
2004-05-06,34.393,0.001,13.45,1.277
2004-05-07,35.345,0.002,16.58,1.831
2004-05-08,32.71,0.017,31.69,0.17
2004-05-09,32.979,0.108,33.95,0.817
2004-05-10,30.571,0.042,47.41,1.568
2004-05-11,30.161,0.107,61.28,2.379
2004-05-12,29.568,1.171,64.32,3.125
2004-05-13,29.032,1.137,66.24,3.404
2004-05-14,29.795,0.014,53.11,3.552
2004-05-15,30.138,0.017,52.8,3.492
2004-05-16,31.344,0.001,44.12,2.936
2004-05-17,32.129,0.002,31.35,2.499
2004-05-18,31.957,0.003,30.49,3.673
2004-05-19,31.097,0.002,41.86,5.148
2004-05-20,30.313,0.018,50.81,5.679
2004-05-21,30.306,0.015,49.73,5.124
2004-05-22,30.291,0.034,50.15,5.274
2004-05-23,30.69,0.049,49.62,5.118
2004-05-24,30.827,0.015,46.48,3.746
2004-05-25,30.914,0.0,45.62,3.636
2004-05-26,30.652,0.002,45.71,3.661
2004-05-27,30.656,0.001,43.7,3.043
2004-05-28,31.595,0.002,35.72,2.599
2004-05-29,32.068,0.0,31.95,2.67
2004-05-30,32.443,0.001,35.39,2.94
2004-05-31,32.139,0.005,38.59,3.127
2004-06-01,32.703,0.003,43.2,3.413
2004-06-02,33.21,0.0,35.86,3.181
2004-06-03,32.509,0.001,36.82,4.05
2004-06-04,31.915,0.008,45.29,4.479
2004-06-05,31.951,0.018,43.97,4.066
2004-06-06,31.964,0.007,40.83,3.84
2004-06-07,32.607,0.001,41.66,3.336
2004-06-08,31.826,1.927,49.88,1.824
2004-06-09,31.499,2.445,50.7,0.703
2004-06-10,32.451,0.027,46.06,0.578
2004-06-11,32.956,0.02,44.47,1.257
2004-06-12,31.471,2.401,55.88,1.664
2004-06-13,31.877,1.17,55.52,1.431
2004-06-14,31.496,2.488,57.62,0.828
2004-06-15,30.094,15.828,67.02,0.186
2004-06-16,28.269,30.442,80.71,0.465
2004-06-17,28.767,0.442,79.85,2.956
2004-06-18,28.654,0.331,70.29,5.076
2004-06-19,28.421,0.522,68.1,5.592
2004-06-20,28.289,0.594,67.83,6.061
2004-06-21,28.288,0.452,67.44,6.314
2004-06-22,28.368,0.726,66.43,6.251
2004-06-23,28.315,1.057,65.54,5.916
2004-06-24,28.008,1.634,69.33,5.343
2004-06-25,28.4,1.52,68.14,4.301
2004-06-26,28.82,1.261,66.09,3.846
2004-06-27,28.937,1.817,65.3,3.144
2004-06-28,28.638,0.458,66.08,2.85
2004-06-29,29.163,0.383,64.72,3.125
2004-06-30,29.391,0.2,62.87,3.622
2004-07-01,29.273,0.057,59.42,3.514
2004-07-02,29.801,0.013,57.88,3.132
2004-07-03,30.236,0.007,58.89,2.76
2004-07-04,30.139,3.12,64.1,2.106
2004-07-05,27.635,14.261,82.81,1.992
2004-07-06,26.927,4.782,82.33,3.025
2004-07-07,28.212,0.513,69.4,4.388
2004-07-08,27.979,1.054,69.41,5.022
2004-07-09,27.853,1.666,68.93,4.968
2004-07-10,28.077,1.18,65.9,4.445
2004-07-11,28.324,0.692,62.8,4.226
2004-07-12,28.368,0.635,61.51,3.968
2004-07-13,28.342,0.579,62.64,3.564
2004-07-14,28.307,0.375,62.57,3.236
2004-07-15,28.838,0.307,62.74,2.727
2004-07-16,30.153,0.008,58.61,2.421
2004-07-17,29.463,0.688,66.23,2.605
2004-07-18,28.308,2.7,72.8,3.352
2004-07-19,28.118,0.73,70.09,4.042
2004-07-20,29.347,0.216,57.37,3.989
2004-07-21,29.575,0.039,51.93,4.104
2004-07-22,29.53,0.059,50.57,3.431
2004-07-23,29.643,0.003,49.36,2.512
2004-07-24,30.89,0.06,49.66,2.468
2004-07-25,31.297,0.056,47.95,3.273
2004-07-26,28.318,0.842,58.25,3.355
2004-07-27,25.937,4.621,77.86,2.783
2004-07-28,26.219,7.606,79.75,2.163
2004-07-29,28.413,7.697,70.13,1.758
2004-07-30,27.395,2.686,74.63,2.116
2004-07-31,25.841,3.173,83.83,2.477
2004-08-01,24.59,14.709,94.12,2.077
2004-08-02,26.249,0.722,78.93,2.245
2004-08-03,27.312,3.204,77.95,1.591
2004-08-04,27.694,4.067,81.46,0.39
2004-08-05,27.921,8.399,81.5,0.387
2004-08-06,26.699,19.946,86.22,0.849
2004-08-07,24.999,14.898,92.31,1.918
2004-08-08,24.843,9.102,91.87,3.019
2004-08-09,25.252,2.578,86.7,3.331
2004-08-10,25.556,3.105,85.52,2.602
2004-08-11,26.346,13.306,82.8,2.361
2004-08-12,23.789,19.157,97.06,1.932
2004-08-13,25.133,11.395,89.54,1.625
2004-08-14,23.995,13.226,94.67,1.894
2004-08-15,25.163,2.594,86.56,2.436
2004-08-16,23.925,18.802,94.96,2.433
2004-08-17,24.45,8.178,92.55,1.926
2004-08-18,25.967,1.422,82.21,2.854
2004-08-19,25.772,3.27,83.91,3.327
2004-08-20,25.855,2.156,82.77,2.917
2004-08-21,26.072,1.24,82.23,2.191
2004-08-22,26.48,0.637,78.4,2.324
2004-08-23,26.538,1.014,75.77,3.308
2004-08-24,26.105,0.678,77.72,3.707
2004-08-25,25.714,0.144,77.09,4.012
2004-08-26,25.265,0.524,78.39,3.76
2004-08-27,25.243,0.856,78.8,4.196
2004-08-28,25.739,0.462,76.49,3.931
2004-08-29,25.339,0.468,76.01,3.478
2004-08-30,25.297,0.337,75.15,3.412
2004-08-31,25.038,0.69,76.05,3.238
2004-09-01,25.249,0.251,73.36,2.606
2004-09-02,25.713,0.264,73.22,1.698
2004-09-03,26.417,0.025,69.79,2.027
2004-09-04,26.165,0.033,68.7,2.165
2004-09-05,26.102,0.001,65.94,1.652
2004-09-06,27.901,0.074,65.28,0.725
2004-09-07,29.35,0.0,55.58,0.935
2004-09-08,28.684,0.001,56.28,2.517
2004-09-09,27.52,-0.0,62.7,3.524
2004-09-10,26.801,0.076,65.2,3.487
2004-09-11,26.314,0.222,67.68,2.644
2004-09-12,26.522,0.167,65.94,2.247
2004-09-13,27.488,0.018,61.57,2.191
2004-09-14,27.351,0.058,61.47,2.459
2004-09-15,26.871,0.08,63.93,2.791
2004-09-16,26.338,1.223,72.74,2.009
2004-09-17,27.884,0.239,64.34,1.148
2004-09-18,28.94,0.8,61.58,0.856
2004-09-19,29.109,0.866,63.67,0.99
2004-09-20,30.015,0.613,56.42,1.225
2004-09-21,30.67,0.123,49.25,1.186
2004-09-22,30.042,0.014,50.69,0.404
2004-09-23,29.951,0.007,50.22,0.611
2004-09-24,30.111,0.06,51.71,0.561
2004-09-25,28.373,5.075,65.75,0.723
2004-09-26,27.984,3.075,65.45,0.687
2004-09-27,29.361,0.191,58.14,0.736
2004-09-28,29.168,0.908,59.9,1.049
2004-09-29,29.176,0.438,61.48,1.152
2004-09-30,28.707,0.787,61.96,0.199
2004-10-01,28.137,0.436,65.6,0.757
2004-10-02,25.919,15.603,81.46,0.731
2004-10-03,25.993,4.472,81.22,0.524
2004-10-04,26.531,1.301,76.98,0.353
2004-10-05,26.945,1.166,74.43,0.556
2004-10-06,27.174,0.153,63.95,0.878
2004-10-07,27.129,0.03,64.57,1.366
2004-10-08,26.858,0.532,72.44,2.455
2004-10-09,26.377,1.272,76.64,2.943
2004-10-10,25.265,2.33,80.14,2.555
2004-10-11,25.353,0.006,49.2,0.708
2004-10-12,24.209,0.002,34.39,0.989
2004-10-13,24.609,0.001,42.04,0.639
2004-10-14,25.088,0.0,38.75,0.202
2004-10-15,25.065,0.0,35.07,0.819
2004-10-16,24.952,0.002,34.84,0.609
2004-10-17,25.234,0.001,37.42,0.272
2004-10-18,26.117,0.002,39.26,0.144
2004-10-19,26.47,0.0,37.31,0.164
2004-10-20,26.741,0.001,37.38,0.371
2004-10-21,26.603,0.001,35.38,1.285
2004-10-22,26.014,0.002,30.5,1.388
2004-10-23,24.873,0.0,30.84,1.453
2004-10-24,24.812,0.001,29.05,1.703
2004-10-25,24.567,0.0,31.04,1.573
2004-10-26,24.904,0.001,33.51,0.242
2004-10-27,24.365,0.0,34.84,0.481
2004-10-28,23.845,0.009,34.55,0.324
2004-10-29,23.296,0.0,33.01,1.531
2004-10-30,23.099,0.003,33.09,1.418
2004-10-31,23.681,0.001,38.05,0.797
2004-11-01,23.977,0.0,37.02,0.69
2004-11-02,23.736,0.0,32.08,1.378
2004-11-03,23.267,0.002,39.92,1.57
2004-11-04,22.426,0.002,37.59,1.41
2004-11-05,21.881,0.0,35.76,1.279
2004-11-06,22.238,0.002,35.59,1.015
2004-11-07,22.384,0.001,35.57,1.43
2004-11-08,22.28,0.001,38.01,1.272
2004-11-09,22.588,0.001,39.27,1.269
2004-11-10,23.574,0.001,42.21,0.609
2004-11-11,23.819,0.001,39.38,0.078
2004-11-12,24.274,0.001,40.89,0.436
2004-11-13,24.03,0.001,46.89,1.289
2004-11-14,23.843,0.0,34.97,1.243
2004-11-15,23.487,0.0,31.4,1.011
2004-11-16,23.754,0.001,33.28,0.929
2004-11-17,24.812,0.0,35.03,0.256
2004-11-18,24.748,0.001,41.67,0.613
2004-11-19,23.487,0.0,38.1,0.603
2004-11-20,23.332,0.001,37.02,0.394
2004-11-21,23.188,0.001,42.83,0.644
2004-11-22,23.259,0.0,45.06,0.525
2004-11-23,22.812,0.0,45.71,0.164
2004-11-24,22.601,0.0,45.81,0.458
2004-11-25,22.967,0.001,45.44,0.409
2004-11-26,23.317,0.002,43.74,0.472
2004-11-27,22.693,0.001,42.13,1.166
2004-11-28,21.88,0.001,40.11,1.076
2004-11-29,21.549,0.001,40.16,0.66
2004-11-30,21.342,0.002,41.3,0.924
2004-12-01,20.72,0.035,53.71,0.485
2004-12-02,20.538,0.002,51.71,1.485
2004-12-03,21.155,0.0,48.76,0.622
2004-12-04,20.647,0.002,50.29,1.307
2004-12-05,20.711,0.001,45.98,1.321
2004-12-06,20.919,0.0,44.01,0.918
2004-12-07,21.415,0.0,50.67,0.641
2004-12-08,21.354,0.001,45.63,1.165
2004-12-09,20.583,0.0,39.92,0.986
2004-12-10,20.52,0.001,44.03,0.8
2004-12-11,20.509,0.001,44.2,0.897
2004-12-12,19.801,0.0,38.18,1.061
2004-12-13,19.573,0.001,41.0,0.872
2004-12-14,19.641,0.0,43.44,0.872
2004-12-15,20.072,0.002,40.31,0.795
2004-12-16,20.313,0.0,38.88,0.849
2004-12-17,20.634,0.0,40.91,0.596
2004-12-18,20.691,0.002,41.22,0.738
2004-12-19,20.017,0.0,45.73,2.063
2004-12-20,18.708,0.001,45.24,0.3
2004-12-21,18.373,0.001,44.13,0.441
2004-12-22,18.049,0.001,39.52,0.459
2004-12-23,16.952,0.002,34.89,1.441
2004-12-24,17.512,0.0,47.0,1.513
2004-12-25,17.073,0.003,47.22,2.271
2004-12-26,15.579,0.003,38.77,1.867
2004-12-27,16.879,0.0,47.02,1.262
2004-12-28,19.615,0.001,52.53,1.42
2004-12-29,21.107,0.002,55.88,1.023
2004-12-30,20.664,0.28,59.98,2.081
2004-12-31,17.485,0.084,52.34,4.079
2005-01-01,14.66,0.001,58.84,1.734
2005-01-02,15.831,0.001,54.93,0.12
2005-01-03,14.801,0.001,45.61,2.602
2005-01-04,15.492,0.001,45.37,1.496
2005-01-05,16.08,0.001,48.59,1.028
2005-01-06,16.444,0.001,46.2,2.273
2005-01-07,16.507,-0.0,39.05,1.897
2005-01-08,17.28,0.0,38.69,0.621
2005-01-09,18.602,0.001,42.61,0.192
2005-01-10,17.746,0.0,45.78,1.006
2005-01-11,16.103,0.002,37.15,1.063
2005-01-12,16.145,0.001,40.74,0.777
2005-01-13,16.847,0.002,41.12,0.413
2005-01-14,18.038,0.001,38.14,0.99
2005-01-15,18.579,0.004,42.48,0.198
2005-01-16,17.561,0.001,40.84,1.582
2005-01-17,15.03,0.002,46.43,1.553
2005-01-18,14.543,0.001,38.3,1.528
2005-01-19,14.947,0.0,36.73,1.493
2005-01-20,16.071,0.001,35.91,1.149
2005-01-21,15.387,0.885,49.49,0.829
2005-01-22,16.476,0.0,51.59,1.142
2005-01-23,14.588,0.002,38.23,2.172
2005-01-24,16.317,0.0,35.65,1.103
2005-01-25,14.914,0.555,61.44,1.58
2005-01-26,16.746,0.0,60.5,0.636
2005-01-27,16.472,0.001,52.6,1.404
2005-01-28,14.389,0.0,31.09,1.986
2005-01-29,13.954,0.0,36.58,2.41
2005-01-30,15.563,0.001,42.59,2.052
2005-01-31,15.776,0.006,44.21,2.476
2005-02-01,15.531,0.001,36.88,1.742
2005-02-02,16.156,0.001,34.83,0.635
2005-02-03,17.665,0.001,35.82,1.169
2005-02-04,18.132,0.0,49.49,0.962
2005-02-05,19.93,0.0,59.1,1.588
2005-02-06,19.748,0.002,57.26,2.018
2005-02-07,19.975,0.001,61.48,2.394
2005-02-08,21.587,0.0,54.15,0.357
2005-02-09,21.502,0.0,49.6,0.792
2005-02-10,23.362,0.001,42.42,1.844
2005-02-11,21.746,0.0,47.75,0.698
2005-02-12,22.172,0.001,54.83,0.786
2005-02-13,22.322,0.0,44.0,0.843
2005-02-14,22.559,0.0,40.88,2.048
2005-02-15,21.272,0.039,55.2,3.725
2005-02-16,19.438,0.001,36.43,1.521
2005-02-17,17.734,0.001,34.56,2.516
2005-02-18,15.837,0.003,26.29,1.799
2005-02-19,13.056,0.003,21.49,1.065
2005-02-20,13.463,0.001,19.98,2.482
2005-02-21,14.375,0.0,27.83,2.807
2005-02-22,15.67,0.0,24.68,2.317
2005-02-23,17.575,0.001,24.34,0.973
2005-02-24,20.08,0.001,23.57,0.783
2005-02-25,21.848,0.0,27.02,0.874
2005-02-26,23.274,0.0,29.44,0.649
2005-02-27,24.477,0.003,30.65,0.193
2005-02-28,25.042,0.001,30.89,0.464
2005-03-01,25.328,0.001,30.43,0.725
2005-03-02,26.504,0.005,30.37,0.779
2005-03-03,24.862,0.017,38.18,1.485
2005-03-04,24.501,0.029,32.84,1.292
2005-03-05,23.824,0.003,26.92,0.879
2005-03-06,24.104,0.0,26.54,0.62
2005-03-07,24.362,0.0,34.56,1.465
2005-03-08,24.179,0.04,39.9,1.981
2005-03-09,22.95,0.211,39.98,1.713
2005-03-10,21.95,0.136,39.42,1.389
2005-03-11,22.053,0.002,37.96,1.313
2005-03-12,23.38,0.0,33.09,1.169
2005-03-13,24.49,0.0,23.02,1.078
2005-03-14,26.173,0.002,22.59,0.571
2005-03-15,26.969,0.0,23.32,1.469
2005-03-16,26.939,0.002,25.9,1.697
2005-03-17,27.096,-0.0,25.91,1.656
2005-03-18,26.382,0.0,27.19,2.163
2005-03-19,27.222,0.001,34.17,2.086
2005-03-20,27.857,0.001,36.37,2.378
2005-03-21,26.184,0.001,41.96,3.035
2005-03-22,25.341,0.001,34.44,1.975
2005-03-23,24.909,0.0,23.6,1.057
2005-03-24,24.687,0.0,20.91,1.071
2005-03-25,26.473,0.003,22.58,1.606
2005-03-26,27.298,0.003,37.66,2.628
2005-03-27,25.661,0.001,43.04,1.74
2005-03-28,27.653,0.001,28.22,1.173
2005-03-29,26.523,0.0,17.83,1.722
2005-03-30,25.432,0.001,14.16,1.911
2005-03-31,25.447,0.001,15.44,2.134
2005-04-01,25.805,0.001,13.4,1.266
2005-04-02,27.052,0.002,13.76,1.137
2005-04-03,28.3,0.001,13.36,0.988
2005-04-04,29.106,0.002,14.09,0.481
2005-04-05,30.172,0.0,14.58,1.089
2005-04-06,30.419,0.0,15.17,2.758
2005-04-07,27.618,0.0,22.87,2.957
2005-04-08,25.814,0.001,13.84,1.655
2005-04-09,24.656,0.0,12.72,1.343
2005-04-10,23.276,0.0,12.09,1.225
2005-04-11,24.714,0.0,12.73,1.793
2005-04-12,26.397,0.001,13.08,1.439
2005-04-13,28.642,0.001,13.93,0.884
2005-04-14,29.088,0.0,15.24,1.115
2005-04-15,29.839,0.0,18.92,1.062
2005-04-16,30.126,0.002,16.09,1.31
2005-04-17,30.299,0.0,14.44,0.451
2005-04-18,30.569,0.0,15.25,1.226
2005-04-19,30.822,0.001,16.71,1.106
2005-04-20,31.537,0.001,19.82,0.978
2005-04-21,30.945,0.002,25.91,1.749
2005-04-22,30.478,0.0,32.11,2.115
2005-04-23,30.521,0.15,28.81,2.125
2005-04-24,30.179,0.013,28.43,1.729
2005-04-25,30.019,0.962,32.79,2.224
2005-04-26,29.806,0.0,37.08,2.32
2005-04-27,30.138,0.598,37.68,2.606
2005-04-28,29.418,0.584,39.12,2.804
2005-04-29,28.765,1.216,45.27,1.594
2005-04-30,29.212,0.71,47.08,1.209
2005-05-01,29.511,0.277,40.32,2.107
2005-05-02,29.716,0.0,33.14,2.235
2005-05-03,30.194,0.146,28.32,1.619
2005-05-04,29.321,0.202,38.72,2.111
2005-05-05,29.662,0.001,39.07,2.256
2005-05-06,30.253,0.107,43.9,2.659
2005-05-07,30.27,0.011,44.85,3.244
2005-05-08,30.062,0.0,39.27,2.76
2005-05-09,29.673,0.0,26.36,2.235
2005-05-10,30.483,0.001,24.26,2.224
2005-05-11,29.846,0.001,26.36,2.598
2005-05-12,30.173,0.0,24.97,2.897
2005-05-13,30.514,0.0,33.78,3.287
2005-05-14,31.604,0.002,34.37,2.858
2005-05-15,32.281,0.0,32.93,2.443
2005-05-16,32.447,0.001,29.22,3.168
2005-05-17,30.819,0.001,34.91,3.148
2005-05-18,30.913,0.003,44.95,2.768
2005-05-19,32.672,0.05,39.08,2.339
2005-05-20,33.795,0.001,30.82,2.437
2005-05-21,33.805,-0.0,26.71,2.876
2005-05-22,32.875,0.0,33.18,3.186
2005-05-23,33.223,0.002,33.42,2.488
2005-05-24,33.662,0.009,26.96,2.02
2005-05-25,33.275,0.001,22.83,2.572
2005-05-26,32.394,0.002,30.17,2.244
2005-05-27,32.185,0.543,33.55,1.18
2005-05-28,32.677,0.624,28.11,1.44
2005-05-29,31.784,0.387,31.17,1.579
2005-05-30,32.147,0.002,27.59,0.892
2005-05-31,33.465,0.0,22.31,0.909
2005-06-01,33.516,0.013,27.42,2.253
2005-06-02,32.389,0.018,33.98,2.998
2005-06-03,31.839,0.001,39.77,3.364
2005-06-04,32.301,0.001,41.12,3.701
2005-06-05,32.608,0.001,35.78,3.681
2005-06-06,32.061,0.001,38.43,4.096
2005-06-07,31.555,0.022,45.22,3.523
2005-06-08,32.263,0.001,45.72,3.009
2005-06-09,32.289,0.002,41.45,3.042
2005-06-10,32.453,0.0,36.15,3.261
2005-06-11,32.478,0.0,36.33,3.392
2005-06-12,32.599,0.021,36.86,3.33
2005-06-13,31.954,0.867,45.68,2.38
2005-06-14,32.346,0.078,41.48,2.525
2005-06-15,32.544,0.0,37.55,2.607
2005-06-16,32.42,0.001,37.58,3.062
2005-06-17,32.45,0.001,34.41,2.975
2005-06-18,33.293,0.005,35.3,2.203
2005-06-19,32.074,3.905,53.09,1.39
2005-06-20,31.307,2.369,62.28,1.661
2005-06-21,32.093,0.455,52.4,3.014
2005-06-22,31.445,0.087,57.3,3.602
2005-06-23,29.887,1.802,66.9,3.425
2005-06-24,29.43,1.503,72.06,3.514
2005-06-25,29.613,0.732,68.82,3.583
2005-06-26,29.09,1.231,71.12,3.823
2005-06-27,28.532,0.985,73.91,3.196
2005-06-28,29.382,1.776,70.64,1.652
2005-06-29,27.644,20.059,80.43,1.679
2005-06-30,27.045,13.971,83.85,1.08
2005-07-01,26.062,4.063,86.24,2.918
2005-07-02,25.16,24.146,87.92,3.404
2005-07-03,26.452,1.462,81.44,3.435
2005-07-04,27.745,1.281,76.57,3.45
2005-07-05,27.704,0.901,74.72,3.348
2005-07-06,28.179,1.082,73.76,3.542
2005-07-07,28.191,0.36,71.62,3.406
2005-07-08,27.937,0.074,68.97,3.221
2005-07-09,28.05,0.087,68.38,3.562
2005-07-10,28.273,0.139,68.02,3.5
2005-07-11,28.491,0.371,67.93,3.715
2005-07-12,28.365,1.334,70.84,3.995
2005-07-13,27.873,1.664,73.91,3.666
2005-07-14,27.904,1.156,72.81,3.589
2005-07-15,27.831,2.269,74.57,3.657
2005-07-16,28.062,1.394,70.31,3.471
2005-07-17,26.783,4.024,77.62,2.858
2005-07-18,27.834,0.431,70.21,2.899
2005-07-19,28.994,0.127,62.83,3.413
2005-07-20,28.524,0.421,64.86,4.159
2005-07-21,28.194,1.219,67.4,4.174
2005-07-22,28.273,0.892,66.53,3.867
2005-07-23,28.69,0.459,63.24,3.523
2005-07-24,29.266,0.129,60.21,3.125
2005-07-25,29.497,0.073,60.06,3.074
2005-07-26,29.701,0.851,62.5,2.579
2005-07-27,27.618,6.135,75.08,2.127
2005-07-28,25.232,34.209,91.78,1.948
2005-07-29,25.03,8.295,90.32,2.015
2005-07-30,26.237,4.516,85.61,2.029
2005-07-31,26.278,18.858,88.66,1.14
2005-08-01,26.438,30.621,88.47,1.35
2005-08-02,25.833,21.203,90.2,0.632
2005-08-03,26.566,13.29,87.84,0.951
2005-08-04,26.022,4.164,89.39,2.156
2005-08-05,26.182,1.002,81.65,3.693
2005-08-06,26.009,1.83,80.36,4.886
2005-08-07,25.849,2.621,81.34,4.668
2005-08-08,25.912,1.988,80.01,3.332
2005-08-09,25.611,2.32,81.31,2.854
2005-08-10,25.651,2.598,80.92,3.237
2005-08-11,25.605,1.96,81.07,3.423
2005-08-12,25.839,1.264,80.31,2.772
2005-08-13,26.372,0.709,80.13,2.161
2005-08-14,26.717,0.563,77.98,2.683
2005-08-15,26.23,0.767,79.14,2.729
2005-08-16,26.547,1.467,78.42,2.235
2005-08-17,24.925,9.074,90.7,1.798
2005-08-18,26.607,0.932,77.38,2.704
2005-08-19,26.666,1.111,78.67,3.075
2005-08-20,26.06,0.832,78.44,2.999
2005-08-21,25.847,0.763,76.04,2.946
2005-08-22,25.648,0.229,74.08,2.825
2005-08-23,25.65,0.194,73.03,3.189
2005-08-24,25.677,0.521,72.59,3.719
2005-08-25,25.374,0.581,73.04,3.596
2005-08-26,25.852,0.8,73.53,3.022
2005-08-27,26.112,0.212,73.57,2.658
2005-08-28,26.173,0.543,75.54,2.079
2005-08-29,26.604,0.636,74.24,1.816
2005-08-30,26.893,0.001,69.97,2.212
2005-08-31,26.654,0.003,68.35,2.016
2005-09-01,27.273,0.0,66.2,1.345
2005-09-02,28.17,0.001,63.47,1.436
2005-09-03,28.605,0.0,61.13,1.623
2005-09-04,29.22,0.016,59.37,1.526
2005-09-05,29.343,0.028,63.68,1.438
2005-09-06,29.843,0.37,66.33,1.681
2005-09-07,29.1,17.85,71.46,0.907
2005-09-08,26.57,7.154,84.61,0.339
2005-09-09,26.468,23.504,86.75,0.483
2005-09-10,27.441,10.702,81.88,0.634
2005-09-11,27.497,4.657,79.2,1.193
2005-09-12,27.261,3.306,79.47,1.863
2005-09-13,26.795,11.544,82.92,1.397
2005-09-14,26.361,10.01,84.74,0.927
2005-09-15,25.458,11.185,89.44,0.871
2005-09-16,25.24,2.381,86.55,2.375
2005-09-17,25.445,4.868,85.39,1.281
2005-09-18,24.828,4.239,89.58,1.718
2005-09-19,26.744,3.309,81.77,1.202
2005-09-20,27.911,0.237,74.5,1.034
2005-09-21,28.668,0.256,70.84,1.5
2005-09-22,28.364,0.917,73.27,1.188
2005-09-23,25.777,31.273,90.84,0.721
2005-09-24,25.539,3.085,83.61,3.326
2005-09-25,24.782,0.818,78.9,3.34
2005-09-26,24.404,1.046,79.5,2.75
2005-09-27,24.209,0.193,76.1,1.863
2005-09-28,24.48,0.026,74.29,1.042
2005-09-29,25.006,0.174,76.11,1.42
2005-09-30,25.276,0.13,74.69,1.344
2005-10-01,25.458,0.008,75.59,1.177
2005-10-02,25.519,0.002,73.39,1.241
2005-10-03,25.139,0.001,70.41,1.295
2005-10-04,25.243,0.001,67.01,0.758
2005-10-05,25.532,0.0,64.0,0.504
2005-10-06,25.87,0.0,59.99,0.427
2005-10-07,25.922,0.0,58.07,0.515
2005-10-08,26.077,0.003,55.36,0.43
2005-10-09,26.144,0.002,53.19,0.351
2005-10-10,26.409,0.002,50.51,0.364
2005-10-11,26.882,0.002,50.24,0.506
2005-10-12,26.874,0.003,47.89,1.089
2005-10-13,27.057,0.0,45.68,0.733
2005-10-14,26.663,0.003,46.71,0.903
2005-10-15,26.644,0.002,45.07,1.001
2005-10-16,26.392,0.001,43.78,0.758
2005-10-17,26.818,0.0,42.55,0.357
2005-10-18,26.971,0.0,40.19,0.604
2005-10-19,26.499,0.003,36.26,0.987
2005-10-20,25.267,0.0,34.43,1.018
2005-10-21,24.496,0.001,34.15,1.224
2005-10-22,24.254,0.0,39.99,1.46
2005-10-23,24.237,0.001,37.04,1.382
2005-10-24,23.738,0.0,36.72,1.256
2005-10-25,24.097,0.001,38.55,1.066
2005-10-26,24.421,0.0,37.65,1.416
2005-10-27,24.516,0.001,36.46,1.427
2005-10-28,24.69,0.001,35.12,1.346
2005-10-29,23.969,0.001,35.27,1.02
2005-10-30,24.011,0.0,38.14,1.227
2005-10-31,23.574,0.0,41.85,1.605
2005-11-01,23.747,0.0,43.64,1.09
2005-11-02,23.816,0.001,42.8,1.032
2005-11-03,23.618,0.001,45.18,0.751
2005-11-04,24.443,0.003,42.32,0.902
2005-11-05,24.48,0.0,38.55,1.022
2005-11-06,23.93,0.002,36.7,1.181
2005-11-07,23.182,0.003,34.63,1.247
2005-11-08,22.526,0.0,34.85,1.471
2005-11-09,21.965,0.001,33.26,1.294
2005-11-10,22.431,0.001,35.33,0.686
2005-11-11,22.817,-0.0,38.28,0.594
2005-11-12,22.4,0.001,38.99,0.886
2005-11-13,22.263,0.0,37.05,1.186
2005-11-14,22.235,0.0,37.17,1.033
2005-11-15,22.583,0.0,38.68,0.614
2005-11-16,23.319,0.0,40.55,0.621
2005-11-17,22.792,0.003,38.93,1.01
2005-11-18,22.494,0.001,34.9,0.461
2005-11-19,22.467,0.002,38.99,0.713
2005-11-20,22.864,0.002,38.29,0.876
2005-11-21,22.577,0.001,39.11,0.791
2005-11-22,22.777,0.0,39.44,0.481
2005-11-23,22.197,0.0,40.11,0.806
2005-11-24,22.608,0.0,40.19,1.069
2005-11-25,22.208,0.0,44.27,0.891
2005-11-26,21.895,0.002,44.29,0.329
2005-11-27,21.476,0.0,38.3,0.208
2005-11-28,20.157,0.002,37.9,0.981
2005-11-29,18.296,0.002,47.36,2.033
2005-11-30,17.43,0.001,44.28,2.478
2005-12-01,17.313,0.001,34.35,2.909
2005-12-02,17.898,0.001,41.19,2.365
2005-12-03,18.251,0.002,45.8,1.937
2005-12-04,17.879,0.001,39.95,1.505
2005-12-05,17.857,0.0,34.98,1.056
2005-12-06,18.58,0.001,36.2,0.894
2005-12-07,18.966,0.002,36.12,0.983
2005-12-08,18.843,0.003,36.46,0.973
2005-12-09,18.563,0.003,37.65,0.952
2005-12-10,18.377,0.0,36.31,1.396
2005-12-11,17.334,0.001,34.22,1.616
2005-12-12,17.126,0.001,38.21,0.927
2005-12-13,17.397,0.001,40.48,0.955
2005-12-14,17.234,0.001,44.36,0.908
2005-12-15,17.539,0.0,45.3,0.948
2005-12-16,17.411,0.001,43.47,1.466
2005-12-17,16.187,0.001,39.14,1.899
2005-12-18,15.718,0.001,41.12,1.333
2005-12-19,16.143,0.0,44.81,0.685
2005-12-20,16.856,0.0,45.69,0.793
2005-12-21,16.803,0.001,46.07,1.961
2005-12-22,15.975,0.002,48.78,2.203
2005-12-23,14.512,0.001,43.98,2.391
2005-12-24,14.257,0.002,36.66,2.084
2005-12-25,15.598,0.002,36.95,1.17
2005-12-26,17.172,0.001,37.84,0.604
2005-12-27,17.905,0.001,40.28,1.043
2005-12-28,18.264,0.0,54.5,0.852
2005-12-29,18.708,0.002,45.01,0.653
2005-12-30,18.682,0.001,47.63,0.54
2005-12-31,18.278,0.0,44.03,1.122
2006-01-01,18.824,0.001,46.13,1.445
2006-01-02,16.6,0.001,53.19,1.256
2006-01-03,14.213,0.002,48.46,2.341
2006-01-04,14.529,0.0,42.49,2.618
2006-01-05,15.176,0.0,44.3,2.341
2006-01-06,15.833,0.001,43.49,2.358
2006-01-07,15.726,0.001,43.03,2.091
2006-01-08,15.856,0.0,43.87,1.445
2006-01-09,16.912,0.001,45.09,0.638
2006-01-10,17.303,0.001,45.6,0.917
2006-01-11,17.899,0.001,46.32,0.863
2006-01-12,18.37,0.001,44.01,1.318
2006-01-13,18.959,0.0,43.47,0.776
2006-01-14,20.181,0.0,38.29,0.757
2006-01-15,21.137,0.001,39.96,1.434
2006-01-16,21.299,0.002,44.54,1.865
2006-01-17,20.141,0.001,50.94,2.287
2006-01-18,18.92,0.001,50.98,1.879
2006-01-19,19.47,0.0,46.38,1.381
2006-01-20,17.935,0.001,42.28,1.009
2006-01-21,15.97,0.0,38.02,2.046
2006-01-22,16.266,0.0,34.01,0.529
2006-01-23,15.93,0.0,36.16,0.553
2006-01-24,16.049,0.0,34.44,1.423
2006-01-25,16.369,0.0,31.82,1.451
2006-01-26,17.183,0.0,33.12,1.289
2006-01-27,18.461,0.001,35.73,0.642
2006-01-28,19.959,0.002,36.06,0.642
2006-01-29,19.622,0.001,39.08,0.551
2006-01-30,20.535,0.001,38.95,0.757
2006-01-31,21.246,0.001,38.12,0.541
2006-02-01,22.33,0.002,38.68,0.859
2006-02-02,22.605,0.001,37.35,0.918
2006-02-03,22.203,0.002,34.83,1.795
2006-02-04,21.756,0.001,32.37,0.676
2006-02-05,21.57,0.001,28.24,0.331
2006-02-06,21.963,0.001,30.09,0.636
2006-02-07,21.311,0.0,33.68,0.909
2006-02-08,21.583,0.0,38.48,0.569
2006-02-09,22.554,0.002,33.3,1.884
2006-02-10,22.198,0.003,30.56,1.131
2006-02-11,22.578,0.001,28.78,0.54
2006-02-12,23.373,0.0,31.39,0.463
2006-02-13,24.075,0.001,31.49,0.466
2006-02-14,23.557,0.0,26.39,2.137
2006-02-15,22.306,0.002,37.26,2.848
2006-02-16,22.744,0.001,46.52,2.056
2006-02-17,23.347,0.003,52.55,1.133
2006-02-18,24.511,-0.0,49.44,0.384
2006-02-19,25.612,0.002,42.45,0.495
2006-02-20,25.421,0.0,37.45,0.426
2006-02-21,25.365,0.0,30.84,0.146
2006-02-22,25.385,0.003,29.9,0.747
2006-02-23,25.713,0.0,28.76,0.559
2006-02-24,26.415,0.0,27.0,1.263
2006-02-25,26.368,0.002,30.31,1.27
2006-02-26,25.387,0.0,32.23,1.042
2006-02-27,23.682,0.004,36.2,1.99
2006-02-28,22.684,0.001,24.73,1.927
2006-03-01,23.409,0.0,22.1,0.486
2006-03-02,23.857,0.001,22.87,1.331
2006-03-03,24.958,0.002,35.23,1.339
2006-03-04,25.327,0.0,22.81,1.485
2006-03-05,24.353,0.001,20.17,1.319
2006-03-06,24.137,0.003,25.93,1.347
2006-03-07,24.901,0.0,25.13,0.264
2006-03-08,24.741,0.018,27.88,1.121
2006-03-09,21.418,4.871,49.74,2.084
2006-03-10,18.649,9.303,73.32,0.51
2006-03-11,21.177,0.006,54.61,0.959
2006-03-12,22.514,0.001,46.1,0.775
2006-03-13,22.701,0.036,43.4,1.669
2006-03-14,22.736,0.225,49.75,1.006
2006-03-15,23.638,0.009,42.19,0.586
2006-03-16,23.24,0.0,32.29,0.687
2006-03-17,23.599,0.001,30.03,1.682
2006-03-18,25.057,0.001,28.7,1.109
2006-03-19,26.411,0.002,29.15,0.641
2006-03-20,26.779,0.0,27.56,1.664
2006-03-21,25.389,0.0,27.15,1.382
2006-03-22,26.484,0.003,27.98,1.205
2006-03-23,26.723,0.002,31.22,2.364
2006-03-24,26.153,0.001,33.78,2.269
2006-03-25,25.788,0.002,28.2,2.088
2006-03-26,24.514,0.001,27.99,1.115
2006-03-27,25.293,0.001,19.93,0.614
2006-03-28,25.485,0.001,17.11,1.327
2006-03-29,25.233,0.001,18.24,1.891
2006-03-30,26.798,0.002,18.21,0.257
2006-03-31,27.263,0.001,15.92,1.487
2006-04-01,26.666,0.003,36.11,2.32
2006-04-02,28.032,0.0,22.69,1.723
2006-04-03,28.225,0.001,21.4,1.959
2006-04-04,28.398,0.001,29.21,1.615
2006-04-05,29.58,0.0,31.95,1.385
2006-04-06,30.601,0.001,30.57,1.732
2006-04-07,30.644,0.0,27.91,2.189
2006-04-08,30.043,0.002,28.86,2.569
2006-04-09,29.809,0.001,27.77,3.773
2006-04-10,28.44,0.001,23.31,1.097
2006-04-11,29.12,0.003,18.48,0.586
2006-04-12,28.396,0.001,16.25,0.729
2006-04-13,28.851,0.0,15.75,0.672
2006-04-14,29.389,0.001,22.48,1.871
2006-04-15,29.538,0.002,21.98,2.467
2006-04-16,29.787,0.02,21.49,1.107
2006-04-17,27.555,0.031,24.25,1.164
2006-04-18,28.387,0.001,22.94,1.302
2006-04-19,28.917,0.0,26.35,2.894
2006-04-20,29.567,0.0,22.82,2.076
2006-04-21,29.95,0.001,24.8,1.995
2006-04-22,30.297,0.078,30.1,1.997
2006-04-23,29.294,0.001,33.43,2.281
2006-04-24,30.154,0.001,36.27,2.384
2006-04-25,30.561,0.005,30.57,2.457
2006-04-26,29.906,0.002,32.3,2.541
2006-04-27,29.779,0.001,37.84,2.33
2006-04-28,30.749,0.002,38.33,1.891
2006-04-29,31.587,0.024,35.79,1.97
2006-04-30,31.637,0.002,34.01,2.214
2006-05-01,31.791,0.0,25.53,2.214
2006-05-02,31.647,0.0,20.36,1.973
2006-05-03,32.109,0.0,27.19,1.571
2006-05-04,33.539,0.003,25.33,1.715
2006-05-05,33.812,0.002,22.31,2.418
2006-05-06,33.001,0.002,19.5,3.02
2006-05-07,32.488,0.001,26.65,3.435
2006-05-08,32.596,0.0,30.34,3.854
2006-05-09,32.884,0.003,30.86,3.964
2006-05-10,33.287,0.001,28.65,3.57
2006-05-11,32.817,0.002,27.11,3.161
2006-05-12,32.429,0.001,32.12,3.339
2006-05-13,31.934,0.002,41.01,3.249
2006-05-14,31.539,0.0,45.28,3.115
2006-05-15,31.625,0.002,46.81,2.762
2006-05-16,31.75,0.001,45.43,2.608
2006-05-17,32.612,0.015,36.54,2.109
2006-05-18,32.606,0.0,33.63,2.417
2006-05-19,31.69,0.024,39.57,3.682
2006-05-20,30.574,0.187,50.42,4.5
2006-05-21,30.814,0.244,50.47,4.176
2006-05-22,30.899,0.142,51.15,3.809
2006-05-23,31.177,0.025,49.89,3.496
2006-05-24,31.254,0.021,48.35,3.541
2006-05-25,31.626,0.003,47.63,3.314
2006-05-26,32.082,0.006,43.96,3.079
2006-05-27,32.022,0.001,44.8,3.071
2006-05-28,32.691,0.0,42.65,3.379
2006-05-29,32.895,0.001,41.12,3.513
2006-05-30,33.011,0.002,41.54,2.96
2006-05-31,33.91,0.001,42.44,2.419
2006-06-01,30.525,23.278,63.04,1.049
2006-06-02,25.255,63.549,88.82,0.566
2006-06-03,28.185,0.054,68.46,2.797
2006-06-04,27.875,0.006,66.56,3.423
2006-06-05,27.957,0.082,65.23,3.396
2006-06-06,27.957,0.016,63.4,3.357
2006-06-07,28.24,0.004,61.16,2.993
2006-06-08,28.61,0.004,59.54,2.873
2006-06-09,29.17,0.0,59.19,2.995
2006-06-10,29.527,0.002,55.93,3.826
2006-06-11,29.36,0.034,54.54,4.481
2006-06-12,29.456,0.114,54.36,4.732
2006-06-13,29.63,0.277,53.8,4.131
2006-06-14,29.581,0.17,54.89,3.509
2006-06-15,29.528,0.0,51.24,3.412
2006-06-16,29.453,0.005,49.82,3.94
2006-06-17,29.539,0.019,46.32,3.012
2006-06-18,30.362,0.0,46.9,2.293
2006-06-19,31.271,0.007,42.83,2.24
2006-06-20,32.102,0.0,41.54,1.562
2006-06-21,32.953,0.078,38.97,1.52
2006-06-22,34.429,0.002,30.05,1.135
2006-06-23,34.614,0.001,31.73,1.568
2006-06-24,34.121,0.191,41.04,2.242
2006-06-25,30.899,16.752,63.71,1.773
2006-06-26,28.393,8.553,79.09,1.386
2006-06-27,28.895,2.154,74.39,2.53
2006-06-28,28.466,4.049,77.08,2.277
2006-06-29,28.527,1.67,76.58,2.6
2006-06-30,28.588,1.065,75.2,2.702
2006-07-01,29.501,0.537,70.06,2.069
2006-07-02,30.916,0.343,66.72,1.918
2006-07-03,30.832,1.618,69.12,0.64
2006-07-04,31.847,0.361,62.19,0.677
2006-07-05,30.846,12.381,68.16,0.35
2006-07-06,26.832,8.619,83.41,2.025
2006-07-07,26.407,1.829,83.97,4.068
2006-07-08,27.223,2.754,78.51,4.685
2006-07-09,26.947,3.129,79.05,5.1
2006-07-10,26.984,3.799,78.46,4.947
2006-07-11,26.174,4.028,82.77,4.303
2006-07-12,27.443,1.693,74.69,4.528
2006-07-13,27.502,1.25,72.18,4.668
2006-07-14,27.28,1.541,73.71,4.298
2006-07-15,28.139,0.253,68.71,3.647
2006-07-16,27.874,0.135,69.13,2.736
2006-07-17,28.607,0.103,67.23,2.438
2006-07-18,28.034,1.018,72.22,3.018
2006-07-19,27.054,0.751,73.36,3.471
2006-07-20,26.011,9.593,84.42,2.506
2006-07-21,24.942,19.295,95.41,1.681
2006-07-22,26.738,8.172,84.54,0.531
2006-07-23,26.518,5.574,84.43,1.35
2006-07-24,25.829,3.579,87.11,3.183
2006-07-25,26.999,2.22,80.51,3.129
2006-07-26,26.451,6.34,81.53,3.839
2006-07-27,25.188,3.819,88.09,3.754
2006-07-28,25.44,10.436,87.12,2.699
2006-07-29,25.105,18.788,92.16,1.104
2006-07-30,26.716,3.83,86.15,0.878
2006-07-31,25.245,10.784,89.12,2.953
2006-08-01,23.497,46.514,98.76,2.734
2006-08-02,23.99,3.615,89.31,3.432
2006-08-03,25.049,1.646,84.56,2.569
2006-08-04,25.32,6.466,87.95,0.732
2006-08-05,26.117,20.823,88.3,1.196
2006-08-06,25.96,18.618,87.79,1.5
2006-08-07,25.175,16.999,91.38,1.92
2006-08-08,24.773,22.047,92.54,1.998
2006-08-09,24.71,21.102,92.54,1.916
2006-08-10,24.887,42.219,93.59,1.32
2006-08-11,25.438,33.547,93.26,1.447
2006-08-12,26.726,4.78,84.95,0.725
2006-08-13,26.238,5.002,85.98,1.892
2006-08-14,26.731,1.895,81.91,1.469
2006-08-15,25.295,10.012,93.7,0.668
2006-08-16,26.129,6.496,89.74,1.175
2006-08-17,26.705,1.093,82.17,1.373
2006-08-18,25.797,40.656,90.23,0.659
2006-08-19,24.013,84.473,95.05,1.63
2006-08-20,23.692,63.569,97.72,2.839
2006-08-21,24.312,11.937,91.25,4.564
2006-08-22,24.06,9.236,91.51,3.831
2006-08-23,24.137,6.231,86.89,3.199
2006-08-24,24.111,4.003,87.9,3.002
2006-08-25,25.135,1.426,82.6,3.335
2006-08-26,25.2,2.457,82.29,4.476
2006-08-27,25.082,2.423,80.92,4.602
2006-08-28,25.096,2.18,81.45,3.611
2006-08-29,25.091,1.314,80.52,2.276
2006-08-30,25.243,0.431,77.34,1.604
2006-08-31,24.775,10.34,85.75,2.027
2006-09-01,24.659,6.311,88.82,3.125
2006-09-02,25.138,0.516,81.06,2.985
2006-09-03,25.144,0.213,78.56,1.544
2006-09-04,25.508,0.144,78.34,1.099
2006-09-05,26.612,0.149,77.61,1.11
2006-09-06,26.161,28.122,85.2,1.835
2006-09-07,23.818,36.329,94.76,1.959
2006-09-08,25.257,0.5,78.84,3.583
2006-09-09,25.309,0.151,78.4,2.574
2006-09-10,25.515,0.118,79.19,1.818
2006-09-11,25.537,0.109,79.43,2.236
2006-09-12,25.385,0.042,77.31,2.194
2006-09-13,25.383,0.007,77.11,1.58
2006-09-14,25.876,0.005,74.8,0.672
2006-09-15,26.972,0.389,76.07,0.837
2006-09-16,27.924,0.293,72.71,1.134
2006-09-17,28.351,0.04,68.65,0.573
2006-09-18,27.696,0.2,77.94,1.299
2006-09-19,27.393,0.572,79.82,1.144
2006-09-20,27.174,1.808,82.42,1.293
2006-09-21,27.346,0.69,80.76,2.019
2006-09-22,26.702,0.589,81.43,1.913
2006-09-23,26.892,0.277,77.04,1.459
2006-09-24,26.032,2.685,84.07,1.394
2006-09-25,26.225,0.272,79.11,1.666
2006-09-26,26.315,0.435,78.93,1.771
2006-09-27,26.222,0.903,79.99,1.462
2006-09-28,26.824,0.437,78.28,1.104
2006-09-29,27.508,0.424,74.16,0.628
2006-09-30,28.171,0.029,65.69,1.099
2006-10-01,28.306,0.001,56.4,0.951
2006-10-02,27.677,0.0,53.94,0.779
2006-10-03,27.376,0.0,57.73,0.382
2006-10-04,28.017,0.002,58.76,1.172
2006-10-05,26.78,0.001,64.09,2.103
2006-10-06,25.369,0.011,70.32,2.819
2006-10-07,25.123,0.041,72.08,2.32
2006-10-08,25.3,0.0,70.4,1.896
2006-10-09,25.578,0.002,66.41,1.069
2006-10-10,25.763,0.0,63.09,0.909
2006-10-11,25.809,0.001,61.05,1.152
2006-10-12,25.195,0.0,59.8,1.599
2006-10-13,25.703,0.001,62.33,1.629
2006-10-14,26.427,0.01,55.68,0.251
2006-10-15,26.501,0.0,53.53,0.288
2006-10-16,27.284,0.001,49.67,0.255
2006-10-17,27.787,0.003,48.92,0.228
2006-10-18,27.275,0.0,49.04,1.041
2006-10-19,26.551,0.001,44.17,2.308
2006-10-20,25.617,0.001,50.09,1.373
2006-10-21,25.891,0.278,55.83,0.549
2006-10-22,25.739,0.01,55.2,0.39
2006-10-23,25.323,0.001,48.43,1.137
2006-10-24,24.846,0.001,43.75,1.077
2006-10-25,24.997,0.001,44.47,0.852
2006-10-26,25.154,0.002,47.83,0.644
2006-10-27,25.066,0.055,46.17,1.054
2006-10-28,24.643,0.059,45.0,1.557
2006-10-29,24.293,0.002,45.76,1.579
2006-10-30,24.362,0.0,44.59,1.338
2006-10-31,24.428,0.003,43.95,1.206
2006-11-01,24.189,0.001,43.95,0.955
2006-11-02,23.817,0.0,44.53,1.104
2006-11-03,23.64,0.001,45.74,1.247
2006-11-04,23.637,0.0,43.56,1.287
2006-11-05,23.236,0.0,41.76,0.921
2006-11-06,23.43,0.0,42.15,0.662
2006-11-07,23.875,0.003,43.49,0.547
2006-11-08,23.467,0.002,44.83,1.062
2006-11-09,23.526,0.002,42.89,1.254
2006-11-10,23.254,0.002,44.09,1.094
2006-11-11,22.985,0.001,47.75,0.981
2006-11-12,23.021,0.0,47.98,0.727
2006-11-13,22.837,0.002,49.23,0.782
2006-11-14,22.565,0.002,48.97,1.108
2006-11-15,23.311,0.002,47.18,1.064
2006-11-16,22.93,0.0,50.33,0.591
2006-11-17,22.535,0.001,50.9,0.586
2006-11-18,22.549,0.0,52.36,0.478
2006-11-19,22.532,0.0,53.87,0.544
2006-11-20,22.307,0.001,54.19,0.55
2006-11-21,22.746,0.0,54.66,1.004
2006-11-22,22.788,0.002,55.88,1.51
2006-11-23,21.62,0.001,54.12,0.565
2006-11-24,19.491,0.001,48.04,1.581
2006-11-25,18.824,0.001,47.43,1.505
2006-11-26,18.569,0.001,43.46,1.568
2006-11-27,18.727,0.001,48.58,0.414
2006-11-28,20.173,0.001,46.06,0.3
2006-11-29,19.824,0.0,43.42,1.092
2006-11-30,19.68,0.0,53.48,0.563
2006-12-01,19.486,0.001,53.76,0.78
2006-12-02,20.015,0.002,51.95,0.581
2006-12-03,20.493,-0.0,55.8,0.93
2006-12-04,21.392,0.0,52.56,1.876
2006-12-05,20.117,0.446,73.36,0.826
2006-12-06,18.834,0.005,64.86,1.519
2006-12-07,17.588,0.003,59.35,1.423
2006-12-08,17.706,0.002,52.42,2.192
2006-12-09,18.674,0.001,61.06,0.848
2006-12-10,17.556,0.001,48.31,0.577
2006-12-11,16.431,0.0,44.4,1.347
2006-12-12,16.58,0.003,44.27,1.533
2006-12-13,17.066,0.004,48.32,1.41
2006-12-14,17.778,0.001,49.77,1.28
2006-12-15,18.391,0.001,51.46,0.937
2006-12-16,19.046,0.0,45.69,1.665
2006-12-17,18.641,0.002,44.42,1.661
2006-12-18,18.533,0.001,45.74,0.994
2006-12-19,19.278,0.001,46.66,0.813
2006-12-20,19.569,0.001,50.71,0.556
2006-12-21,19.068,0.001,50.49,1.462
2006-12-22,18.579,0.0,47.85,1.632
2006-12-23,18.499,0.002,54.89,1.338
2006-12-24,19.804,0.002,59.41,1.328
2006-12-25,20.727,0.01,58.91,1.484
2006-12-26,19.718,0.183,62.86,1.181
2006-12-27,17.094,0.003,63.79,2.514
2006-12-28,16.999,0.001,55.02,1.129
2006-12-29,18.242,0.001,60.68,0.451
2006-12-30,17.89,0.001,52.3,0.723
2006-12-31,17.534,0.001,57.5,0.503
2007-01-01,18.69,0.001,61.25,1.026
2007-01-02,17.561,0.001,54.83,0.49
2007-01-03,16.772,0.0,52.33,0.969
2007-01-04,16.445,0.001,51.39,1.074
2007-01-05,16.295,0.0,50.13,1.5
2007-01-06,16.11,0.002,46.93,2.108
2007-01-07,15.735,0.001,47.84,1.912
2007-01-08,16.27,0.001,52.93,0.559
2007-01-09,16.87,0.0,51.89,0.57
2007-01-10,15.703,0.002,39.8,2.381
2007-01-11,14.822,0.0,36.64,1.666
2007-01-12,15.084,0.001,35.22,1.792
2007-01-13,15.243,0.0,35.46,1.718
2007-01-14,16.182,0.002,36.93,0.6
2007-01-15,17.393,0.001,37.55,0.072
2007-01-16,17.182,0.0,36.79,1.389
2007-01-17,17.165,0.001,36.3,1.458
2007-01-18,18.321,0.001,36.53,0.515
2007-01-19,18.863,0.0,38.17,0.811
2007-01-20,17.879,0.0,48.06,1.137
2007-01-21,16.584,0.0,39.3,2.083
2007-01-22,15.545,0.0,32.15,1.761
2007-01-23,16.533,0.002,33.79,1.344
2007-01-24,17.996,0.001,36.99,1.286
2007-01-25,18.517,0.002,38.59,0.755
2007-01-26,19.554,0.0,41.24,0.16
2007-01-27,19.622,0.002,41.08,1.137
2007-01-28,20.767,0.001,41.96,1.193
2007-01-29,21.594,2.281,54.5,0.838
2007-01-30,20.886,0.001,59.23,1.071
2007-01-31,20.472,0.001,42.5,0.908
2007-02-01,20.133,0.0,41.83,1.192
2007-02-02,21.044,0.0,44.63,0.611
2007-02-03,21.143,0.001,45.58,0.528
2007-02-04,21.457,0.002,40.73,0.429
2007-02-05,21.836,0.006,39.86,1.512
2007-02-06,21.754,0.001,60.27,2.059
2007-02-07,21.706,0.0,50.74,0.839
2007-02-08,22.0,0.0,43.83,0.944
2007-02-09,21.24,0.652,50.38,0.588
2007-02-10,20.027,3.862,66.95,2.285
2007-02-11,18.117,0.001,57.72,2.238
2007-02-12,18.341,0.345,55.01,1.887
2007-02-13,17.806,0.571,54.85,0.958
2007-02-14,18.131,0.002,42.49,0.128
2007-02-15,19.131,0.001,38.58,1.901
2007-02-16,19.485,0.0,44.02,0.289
2007-02-17,20.275,0.002,41.86,1.149
2007-02-18,21.463,0.002,43.25,1.339
2007-02-19,21.118,-0.0,43.22,1.028
2007-02-20,21.512,0.002,41.89,0.328
2007-02-21,23.683,0.0,38.37,0.724
2007-02-22,22.886,0.001,38.85,0.728
2007-02-23,22.52,0.002,42.74,1.499
2007-02-24,22.094,1.376,48.77,1.39
2007-02-25,22.568,0.002,45.05,0.551
2007-02-26,22.359,-0.0,40.73,0.322
2007-02-27,22.742,0.001,42.73,2.44
2007-02-28,22.436,0.438,52.23,1.833
2007-03-01,19.67,0.2,57.39,1.95
2007-03-02,19.364,0.002,36.4,1.723
2007-03-03,20.911,0.001,32.44,0.336
2007-03-04,22.531,0.003,31.18,0.761
2007-03-05,22.615,0.002,28.73,1.597
2007-03-06,21.87,0.001,29.06,1.477
2007-03-07,21.879,0.002,26.64,0.831
2007-03-08,22.884,0.001,26.96,0.917
2007-03-09,23.639,0.0,37.72,2.396
2007-03-10,23.646,0.001,46.59,1.2
2007-03-11,23.799,1.066,46.65,1.515
2007-03-12,22.28,4.232,62.11,2.616
2007-03-13,21.085,0.059,59.72,1.105
2007-03-14,20.725,0.002,39.61,2.106
2007-03-15,22.185,0.0,29.55,1.443
2007-03-16,23.638,0.003,30.34,0.274
2007-03-17,25.824,0.0,30.64,0.064
2007-03-18,27.651,0.001,29.47,1.355
2007-03-19,26.313,0.0,34.43,1.925
2007-03-20,25.254,0.104,51.72,2.411
2007-03-21,23.366,0.0,31.58,2.046
2007-03-22,24.439,0.0,28.58,0.453
2007-03-23,24.627,0.001,30.52,1.81
2007-03-24,25.293,0.0,27.84,0.728
2007-03-25,26.222,0.001,23.07,0.965
2007-03-26,26.704,0.002,24.41,0.341
2007-03-27,27.606,0.002,25.15,0.446
2007-03-28,28.637,0.0,24.48,0.537
2007-03-29,30.102,0.0,23.14,0.519
2007-03-30,29.885,0.002,22.49,1.544
2007-03-31,29.618,0.002,22.86,1.863
2007-04-01,28.25,0.002,26.35,1.85
2007-04-02,26.675,0.001,20.12,1.073
2007-04-03,27.305,0.001,18.76,0.715
2007-04-04,28.363,0.001,21.58,0.775
2007-04-05,30.212,0.0,23.63,0.477
2007-04-06,31.223,0.029,24.45,1.317
2007-04-07,30.577,0.004,24.94,1.808
2007-04-08,29.219,0.012,26.55,1.259
2007-04-09,28.989,0.001,28.62,0.614
2007-04-10,30.102,0.0,24.94,1.464
2007-04-11,29.65,0.0,22.96,1.687
2007-04-12,28.939,0.001,29.74,1.653
2007-04-13,29.317,0.001,34.54,1.56
2007-04-14,30.588,0.002,30.04,1.014
2007-04-15,31.757,0.005,26.49,0.933
2007-04-16,31.993,0.0,25.83,1.452
2007-04-17,32.0,0.002,26.27,1.518
2007-04-18,31.508,0.47,30.36,1.323
2007-04-19,31.329,0.043,29.54,1.492
2007-04-20,30.505,0.208,32.32,1.979
2007-04-21,29.686,0.001,31.75,2.445
2007-04-22,29.542,0.0,34.26,3.232
2007-04-23,29.048,0.001,40.06,2.935
2007-04-24,29.602,0.003,36.8,2.509
2007-04-25,30.801,0.0,26.63,2.525
2007-04-26,31.552,0.002,23.95,1.989
2007-04-27,31.829,0.001,24.75,2.193
2007-04-28,31.203,0.001,24.1,1.898
2007-04-29,31.534,0.002,22.43,2.129
2007-04-30,31.72,0.001,23.18,1.795
2007-05-01,32.644,0.002,27.06,1.674
2007-05-02,32.855,0.0,23.11,1.586
2007-05-03,32.52,0.0,28.05,1.813
2007-05-04,32.545,0.001,29.5,1.842
2007-05-05,33.043,0.444,34.14,1.218
2007-05-06,33.741,0.009,31.19,1.729
2007-05-07,32.682,0.205,40.4,2.634
2007-05-08,31.645,0.0,42.99,3.053
2007-05-09,31.96,0.001,41.62,2.841
2007-05-10,32.639,0.023,36.13,2.734
2007-05-11,32.16,0.001,35.97,3.354
2007-05-12,31.078,0.001,43.14,3.274
2007-05-13,30.663,0.003,46.3,3.181
2007-05-14,30.678,0.004,48.11,3.707
2007-05-15,30.372,0.012,47.76,4.351
2007-05-16,30.701,0.012,46.46,3.758
2007-05-17,30.976,0.002,43.92,2.714
2007-05-18,31.595,0.003,39.44,3.062
2007-05-19,31.242,0.0,44.5,3.27
2007-05-20,30.968,0.025,47.78,3.471
2007-05-21,30.76,0.002,43.37,3.742
2007-05-22,30.504,0.005,38.34,3.361
2007-05-23,30.84,0.0,36.47,2.951
2007-05-24,31.551,0.003,34.4,3.274
2007-05-25,31.397,0.001,39.16,3.975
2007-05-26,31.163,0.001,35.34,2.959
2007-05-27,31.077,0.028,35.33,2.427
2007-05-28,29.959,2.284,41.75,1.539
2007-05-29,29.078,2.123,53.31,1.449
2007-05-30,30.996,0.061,40.54,0.876
2007-05-31,32.472,0.096,35.28,0.647
2007-06-01,33.874,0.018,28.52,1.721
2007-06-02,33.454,0.151,32.22,2.475
2007-06-03,31.73,1.397,47.2,2.429
2007-06-04,29.083,0.462,58.17,1.588
2007-06-05,30.921,0.294,56.42,2.565
2007-06-06,31.86,0.388,55.16,2.827
2007-06-07,32.594,0.0,46.72,3.112
2007-06-08,32.816,0.0,46.58,3.537
2007-06-09,31.956,0.002,48.39,4.482
2007-06-10,31.752,0.007,49.43,5.44
2007-06-11,31.897,0.013,52.12,5.156
2007-06-12,32.113,0.022,52.22,4.153
2007-06-13,32.764,0.0,49.31,3.301
2007-06-14,32.861,0.001,49.17,3.708
2007-06-15,31.255,0.383,59.57,3.467
2007-06-16,31.185,0.649,59.8,3.028
2007-06-17,31.371,0.246,58.39,3.631
2007-06-18,31.191,0.686,60.42,3.562
2007-06-19,30.72,1.854,63.61,2.577
2007-06-20,30.056,8.098,69.8,0.76
2007-06-21,29.822,9.656,72.27,0.397
2007-06-22,32.091,0.499,57.83,2.265
2007-06-23,34.068,0.11,46.56,3.594
2007-06-24,30.16,0.109,60.02,4.507
2007-06-25,25.914,6.946,85.08,3.732
2007-06-26,27.67,1.966,72.41,3.804
2007-06-27,28.226,1.863,71.87,3.532
2007-06-28,28.726,2.001,67.61,2.386
2007-06-29,28.223,22.227,77.85,0.911
2007-06-30,28.438,12.684,79.76,0.959
2007-07-01,29.564,6.878,76.45,1.195
2007-07-02,29.642,6.935,75.05,0.651
2007-07-03,25.828,94.442,93.08,3.059
2007-07-04,25.209,23.579,94.34,3.787
2007-07-05,26.181,9.32,90.18,3.773
2007-07-06,27.125,3.835,85.35,3.997
2007-07-07,27.58,2.024,81.22,3.397
2007-07-08,27.021,3.601,81.77,2.736
2007-07-09,26.279,26.386,90.1,2.537
2007-07-10,25.574,50.641,93.33,1.73
2007-07-11,24.936,19.205,94.16,1.902
2007-07-12,27.15,1.323,81.48,3.086
2007-07-13,27.612,0.959,78.99,3.307
2007-07-14,27.739,0.937,77.34,2.96
2007-07-15,27.714,0.664,77.16,2.732
2007-07-16,27.107,2.307,80.89,1.967
2007-07-17,27.482,0.858,76.69,2.451
2007-07-18,27.617,0.784,76.94,2.608
2007-07-19,27.39,0.466,74.89,3.389
2007-07-20,26.918,0.686,73.57,3.899
2007-07-21,26.837,0.84,73.75,3.656
2007-07-22,27.321,0.51,74.7,3.138
2007-07-23,27.699,0.163,74.83,2.489
2007-07-24,28.489,0.416,73.27,2.097
2007-07-25,28.152,1.595,76.72,2.626
2007-07-26,27.568,0.766,78.12,3.478
2007-07-27,27.556,2.397,82.1,3.435
2007-07-28,26.483,8.245,83.25,3.066
2007-07-29,26.48,5.665,84.31,2.31
2007-07-30,26.64,6.961,85.61,2.156
2007-07-31,27.511,3.508,82.89,2.021
2007-08-01,26.92,6.339,84.67,2.912
2007-08-02,26.695,10.808,85.53,2.828
2007-08-03,26.173,6.178,88.14,2.175
2007-08-04,26.478,18.279,89.65,1.719
2007-08-05,25.759,29.763,91.49,0.987
2007-08-06,25.51,23.602,92.9,1.024
2007-08-07,26.5,11.368,87.46,0.746
2007-08-08,26.465,28.972,88.27,1.705
2007-08-09,26.255,1.725,84.03,3.145
2007-08-10,25.787,1.262,80.23,3.307
2007-08-11,25.003,3.078,87.91,3.705
2007-08-12,25.897,4.054,86.38,4.672
2007-08-13,26.445,1.689,80.76,4.948
2007-08-14,26.107,2.519,82.71,4.858
2007-08-15,26.336,2.429,80.5,4.428
2007-08-16,26.219,1.776,79.35,4.31
2007-08-17,26.312,1.858,78.76,4.164
2007-08-18,26.074,0.98,76.59,3.83
2007-08-19,26.284,0.534,75.69,2.854
2007-08-20,26.107,7.159,77.5,2.089
2007-08-21,24.087,11.019,88.02,2.439
2007-08-22,25.15,3.041,83.01,2.164
2007-08-23,26.155,1.598,80.8,2.92
2007-08-24,26.519,0.776,78.66,2.187
2007-08-25,27.392,0.218,76.64,1.218
2007-08-26,27.985,0.928,78.99,1.189
2007-08-27,27.413,10.311,85.32,1.161
2007-08-28,26.49,14.874,89.18,1.005
2007-08-29,26.47,19.3,87.86,0.916
2007-08-30,25.775,9.962,89.29,1.181
2007-08-31,26.474,4.131,87.74,1.153
2007-09-01,26.519,5.778,85.94,1.35
2007-09-02,26.848,6.338,85.35,0.983
2007-09-03,26.119,16.838,89.05,1.171
2007-09-04,26.73,2.882,87.0,2.226
2007-09-05,26.9,2.993,85.69,2.81
2007-09-06,26.2,5.61,87.79,2.92
2007-09-07,26.068,0.589,79.87,2.75
2007-09-08,25.996,0.275,77.64,2.513
2007-09-09,25.553,0.123,76.47,2.616
2007-09-10,25.759,0.027,76.47,2.517
2007-09-11,25.561,0.017,75.96,2.411
2007-09-12,25.691,0.015,75.74,2.5
2007-09-13,25.625,0.012,74.95,2.715
2007-09-14,25.622,0.065,74.8,2.773
2007-09-15,25.519,0.011,75.24,2.464
2007-09-16,25.682,0.027,74.92,1.96
2007-09-17,26.414,0.018,73.1,1.352
2007-09-18,27.752,0.166,73.25,0.869
2007-09-19,28.745,0.111,70.26,1.071
2007-09-20,28.085,3.474,77.42,1.081
2007-09-21,27.578,6.158,81.07,1.142
2007-09-22,27.045,7.42,83.18,0.757
2007-09-23,26.852,1.898,80.73,0.817
2007-09-24,27.325,0.722,70.26,1.334
2007-09-25,25.998,1.23,73.52,1.48
2007-09-26,26.487,0.278,74.3,1.016
2007-09-27,27.007,0.046,67.69,0.372
2007-09-28,27.027,0.113,67.72,1.582
2007-09-29,26.781,0.01,64.66,1.939
2007-09-30,26.586,-0.0,61.1,1.572
2007-10-01,27.331,0.001,52.67,0.78
2007-10-02,26.881,0.001,48.59,1.332
2007-10-03,26.066,0.001,44.63,1.798
2007-10-04,25.112,0.0,54.18,1.828
2007-10-05,25.565,0.002,47.42,1.346
2007-10-06,25.458,0.001,39.73,1.459
2007-10-07,25.42,0.0,45.29,1.971
2007-10-08,25.415,0.0,48.37,1.694
2007-10-09,24.989,0.0,51.82,1.881
2007-10-10,25.425,0.001,56.32,1.476
2007-10-11,26.142,0.0,51.99,0.761
2007-10-12,26.873,0.0,42.81,0.159
2007-10-13,26.751,0.003,40.5,0.472
2007-10-14,26.441,0.002,36.22,0.405
2007-10-15,26.46,0.001,30.8,0.211
2007-10-16,26.098,0.002,28.68,0.464
2007-10-17,25.258,0.002,32.0,0.245
2007-10-18,25.131,0.001,30.67,0.538
2007-10-19,25.729,0.0,29.64,0.287
2007-10-20,25.447,0.0,31.09,1.059
2007-10-21,24.513,0.0,35.68,1.546
2007-10-22,24.718,0.003,41.26,0.693
2007-10-23,25.692,0.0,40.8,0.311
2007-10-24,25.7,0.003,40.96,1.371
2007-10-25,25.866,0.0,39.33,1.278
2007-10-26,25.567,0.002,35.63,1.407
2007-10-27,25.864,0.002,35.38,1.242
2007-10-28,26.013,-0.0,33.91,1.184
2007-10-29,25.647,0.0,33.77,1.317
2007-10-30,24.917,0.001,34.15,2.231
2007-10-31,24.077,0.0,35.93,2.145
2007-11-01,24.36,0.002,44.76,1.206
2007-11-02,24.778,0.001,41.57,0.915
2007-11-03,25.434,0.001,44.94,0.81
2007-11-04,25.839,0.003,43.51,0.874
2007-11-05,25.735,0.0,34.56,0.59
2007-11-06,26.094,0.001,39.29,1.031
2007-11-07,25.779,0.0,46.12,1.304
2007-11-08,26.132,0.001,55.9,0.841
2007-11-09,25.93,0.083,54.78,0.756
2007-11-10,25.508,0.0,46.42,0.478
2007-11-11,25.101,0.001,38.4,0.244
2007-11-12,24.855,0.0,38.76,0.585
2007-11-13,24.592,0.0,37.36,0.468
2007-11-14,23.952,0.0,38.08,0.634
2007-11-15,23.773,0.0,39.18,0.772
2007-11-16,23.568,0.003,35.34,0.985
2007-11-17,22.143,0.001,32.17,1.228
2007-11-18,21.53,0.001,33.49,0.889
2007-11-19,21.121,0.0,34.18,0.856
2007-11-20,21.353,0.001,35.0,0.67
2007-11-21,21.822,0.0,37.47,0.175
2007-11-22,21.581,0.003,36.65,0.495
2007-11-23,21.902,0.001,36.94,0.523
2007-11-24,21.969,0.001,37.37,0.436
2007-11-25,21.491,0.0,38.7,0.917
2007-11-26,21.314,0.001,38.52,0.859
2007-11-27,21.356,0.0,40.03,0.821
2007-11-28,20.849,0.001,43.44,1.039
2007-11-29,20.222,0.0,53.94,1.409
2007-11-30,20.327,0.0,53.17,1.109
2007-12-01,20.877,0.0,47.66,0.724
2007-12-02,19.826,0.0,52.1,1.163
2007-12-03,18.443,0.0,51.11,2.201
2007-12-04,18.506,0.001,52.56,1.475
2007-12-05,18.903,0.0,54.88,1.159
2007-12-06,19.005,0.001,56.68,1.011
2007-12-07,18.475,0.0,55.33,0.765
2007-12-08,18.479,0.0,53.65,0.956
2007-12-09,18.818,0.0,52.35,0.643
2007-12-10,19.613,0.001,52.73,1.122
2007-12-11,17.737,0.06,62.37,1.572
2007-12-12,15.474,0.0,62.27,2.473
2007-12-13,15.045,0.0,52.99,2.4
2007-12-14,14.832,0.001,43.29,2.888
2007-12-15,14.061,0.0,42.54,2.472
2007-12-16,14.535,0.0,40.63,1.927
2007-12-17,15.535,0.001,45.32,1.556
2007-12-18,16.999,0.001,52.03,0.732
2007-12-19,17.903,0.0,54.99,0.691
2007-12-20,18.282,0.001,54.93,1.077
2007-12-21,19.165,0.001,50.64,1.378
2007-12-22,19.487,0.003,44.85,1.131
2007-12-23,20.269,0.001,45.65,0.338
2007-12-24,19.938,0.296,65.43,0.783
2007-12-25,19.442,0.033,53.23,1.494
2007-12-26,18.736,0.001,40.91,1.106
2007-12-27,18.163,0.0,48.36,1.335
2007-12-28,17.843,0.001,47.0,1.008
2007-12-29,16.446,0.001,33.3,1.662
2007-12-30,16.281,0.0,41.65,1.602
2007-12-31,16.187,0.0,44.63,1.645
2008-01-01,15.855,0.001,43.08,1.623
2008-01-02,15.862,0.0,36.67,2.122
2008-01-03,15.402,0.001,32.17,1.897
2008-01-04,16.001,0.003,37.46,1.524
2008-01-05,18.242,0.013,51.52,0.748
2008-01-06,19.408,0.001,44.88,1.317
2008-01-07,21.15,0.008,49.12,1.563
2008-01-08,21.466,0.002,51.61,1.558
2008-01-09,20.042,0.001,55.33,0.978
2008-01-10,17.627,0.0,49.59,1.052
2008-01-11,15.426,0.001,42.23,2.383
2008-01-12,15.978,0.001,37.54,2.041
2008-01-13,16.72,0.0,33.99,1.808
2008-01-14,17.651,0.0,35.87,1.436
2008-01-15,18.674,0.0,38.28,1.138
2008-01-16,20.461,0.001,40.67,0.721
2008-01-17,20.875,0.002,44.3,1.504
2008-01-18,17.116,0.001,44.66,1.367
2008-01-19,14.252,0.001,25.42,1.382
2008-01-20,13.931,0.0,31.04,2.096
2008-01-21,14.198,0.002,34.02,1.418
2008-01-22,14.58,0.004,36.63,1.351
2008-01-23,13.989,0.001,35.73,1.582
2008-01-24,14.921,0.0,30.71,0.801
2008-01-25,13.946,0.002,33.3,1.427
2008-01-26,12.882,0.001,40.78,1.995
2008-01-27,13.908,0.002,46.53,1.348
2008-01-28,16.181,0.003,39.47,0.516
2008-01-29,16.459,0.154,49.55,1.032
2008-01-30,15.791,0.0,40.35,0.716
2008-01-31,15.141,0.0,30.26,0.982
2008-02-01,15.415,0.0,34.08,0.685
2008-02-02,17.254,2.964,44.12,2.07
2008-02-03,13.461,0.017,65.14,1.598
2008-02-04,12.394,0.0,55.91,1.576
2008-02-05,12.48,0.001,44.76,0.718
2008-02-06,11.971,0.001,34.57,2.197
2008-02-07,11.051,0.001,50.24,0.992
2008-02-08,11.908,0.002,39.61,2.115
2008-02-09,12.547,0.0,38.57,2.028
2008-02-10,13.113,0.001,35.53,1.764
2008-02-11,14.281,0.0,29.01,1.953
2008-02-12,15.046,0.004,25.48,2.509
2008-02-13,15.168,0.001,26.49,1.557
2008-02-14,17.114,0.0,28.59,0.638
2008-02-15,18.855,0.001,29.39,0.986
2008-02-16,20.63,0.001,31.16,0.128
2008-02-17,21.81,0.002,28.66,0.331
2008-02-18,23.25,0.001,30.22,0.552
2008-02-19,21.102,0.0,24.83,0.85
2008-02-20,21.885,0.002,26.0,0.808
2008-02-21,22.598,0.0,29.51,1.983
2008-02-22,22.554,0.001,33.64,2.719
2008-02-23,22.294,0.003,43.94,0.961
2008-02-24,21.338,0.001,30.41,1.272
2008-02-25,21.051,0.0,25.66,0.999
2008-02-26,20.044,0.001,20.48,1.785
2008-02-27,21.453,0.001,22.81,0.897
2008-02-28,23.194,0.001,24.55,0.502
2008-02-29,24.156,0.003,25.27,0.55
2008-03-01,23.791,0.002,24.67,1.258
2008-03-02,23.978,0.001,25.26,1.718
2008-03-03,25.51,0.001,31.64,0.622
2008-03-04,25.684,0.0,29.34,1.409
2008-03-05,25.182,0.001,27.83,1.595
2008-03-06,24.807,0.002,28.87,1.413
2008-03-07,24.177,0.002,29.12,1.151
2008-03-08,24.779,0.001,28.5,0.252
2008-03-09,25.248,0.0,26.03,1.183
2008-03-10,25.439,0.134,28.67,1.582
2008-03-11,25.984,1.239,36.98,2.003
2008-03-12,24.541,1.778,43.59,1.163
2008-03-13,24.431,0.312,42.2,0.702
2008-03-14,25.319,0.0,37.59,0.713
2008-03-15,26.059,0.001,30.2,0.943
2008-03-16,27.27,0.0,26.49,0.249
2008-03-17,27.501,0.001,24.31,1.104
2008-03-18,26.774,0.001,22.43,2.034
2008-03-19,26.492,0.001,32.98,1.751
2008-03-20,27.601,0.001,20.68,0.777
2008-03-21,28.037,0.002,18.76,0.426
2008-03-22,28.51,0.001,19.51,0.23
2008-03-23,28.107,0.0,22.04,0.873
2008-03-24,27.469,0.116,32.38,0.815
2008-03-25,27.506,0.087,29.87,0.69
2008-03-26,28.045,0.062,28.01,0.972
2008-03-27,28.749,0.006,24.14,1.34
2008-03-28,29.258,0.001,21.51,1.722
2008-03-29,29.196,0.012,23.69,1.789
2008-03-30,28.005,0.067,30.67,1.865
2008-03-31,26.394,0.001,32.88,2.874
2008-04-01,26.133,0.001,44.96,2.908
2008-04-02,25.981,0.0,44.98,2.717
2008-04-03,25.561,0.093,41.31,2.301
2008-04-04,22.73,7.229,63.03,2.225
2008-04-05,24.886,0.066,53.75,1.169
2008-04-06,26.485,0.0,36.21,1.123
2008-04-07,27.307,0.279,33.37,1.245
2008-04-08,28.305,0.093,27.49,1.174
2008-04-09,29.764,0.003,26.39,1.533
2008-04-10,29.848,0.001,25.53,1.559
2008-04-11,29.804,0.0,22.52,2.208
2008-04-12,30.146,0.004,36.64,2.123
2008-04-13,30.222,0.008,31.31,2.331
2008-04-14,29.529,0.001,28.98,2.85
2008-04-15,28.848,0.001,30.68,2.619
2008-04-16,29.529,0.0,30.42,1.658
2008-04-17,28.765,0.0,18.91,1.346
2008-04-18,29.239,0.001,15.44,0.658
2008-04-19,29.923,0.001,16.34,1.584
2008-04-20,30.277,0.0,20.51,1.671
2008-04-21,30.906,0.0,27.52,1.902
2008-04-22,31.268,0.002,19.54,1.802
2008-04-23,30.71,0.002,16.72,1.237
2008-04-24,31.056,0.001,18.59,1.215
2008-04-25,32.44,0.001,17.9,0.912
2008-04-26,33.28,0.001,18.13,1.537
2008-04-27,32.924,0.002,16.45,2.071
2008-04-28,31.979,0.002,17.39,2.375
2008-04-29,30.895,0.002,19.11,2.409
2008-04-30,31.338,0.001,21.34,2.78
2008-05-01,30.78,0.001,22.5,3.022
2008-05-02,30.571,0.0,36.5,2.657
2008-05-03,30.99,0.002,36.56,3.885
2008-05-04,30.486,0.0,41.83,4.012
2008-05-05,30.215,0.0,44.2,3.77
2008-05-06,30.001,0.171,48.66,3.105
2008-05-07,30.145,0.007,44.37,3.011
2008-05-08,30.576,0.471,39.62,3.034
2008-05-09,30.147,0.941,47.55,3.379
2008-05-10,29.753,0.0,45.98,3.13
2008-05-11,30.268,0.0,43.54,3.369
2008-05-12,30.137,0.002,49.15,3.677
2008-05-13,30.467,0.002,46.19,3.662
2008-05-14,30.246,0.002,45.58,4.046
2008-05-15,30.571,0.002,43.04,4.031
2008-05-16,30.646,0.001,45.31,4.297
2008-05-17,30.529,0.007,45.84,5.087
2008-05-18,29.968,0.017,49.09,5.651
2008-05-19,30.006,0.013,49.07,4.743
2008-05-20,30.171,0.018,47.86,4.668
2008-05-21,29.889,0.053,49.7,4.945
2008-05-22,30.334,0.058,50.44,4.347
2008-05-23,30.95,0.089,45.84,3.457
2008-05-24,30.878,0.0,38.05,3.18
2008-05-25,31.229,0.0,32.36,3.522
2008-05-26,31.887,0.0,31.26,3.162
2008-05-27,32.456,0.001,36.48,3.218
2008-05-28,31.896,0.264,42.25,3.979
2008-05-29,31.414,0.004,47.76,3.745
2008-05-30,31.046,0.008,49.58,3.551
2008-05-31,31.102,0.007,49.61,3.865
2008-06-01,31.245,0.118,50.84,3.751
2008-06-02,31.306,0.088,49.94,2.765
2008-06-03,31.251,0.654,51.54,1.541
2008-06-04,31.964,0.054,45.02,2.665
2008-06-05,31.622,0.074,51.55,3.816
2008-06-06,31.134,0.178,57.11,4.087
2008-06-07,31.059,0.7,59.16,3.192
2008-06-08,29.904,6.936,67.23,1.233
2008-06-09,30.386,0.802,62.87,2.507
2008-06-10,29.542,0.664,65.95,3.163
2008-06-11,28.845,8.826,72.51,2.369
2008-06-12,27.89,13.004,77.89,2.626
2008-06-13,26.848,3.733,75.1,3.545
2008-06-14,26.644,3.038,80.44,3.407
2008-06-15,28.947,0.133,60.48,4.758
2008-06-16,29.05,0.255,59.46,4.516
2008-06-17,29.083,0.644,60.64,4.635
2008-06-18,29.055,0.389,60.0,4.852
2008-06-19,29.075,0.485,60.17,4.549
2008-06-20,28.646,0.594,63.37,4.351
2008-06-21,29.704,0.39,57.05,4.244
2008-06-22,29.417,0.439,58.04,3.721
2008-06-23,30.067,0.123,55.65,3.823
2008-06-24,29.903,0.211,57.01,3.61
2008-06-25,30.725,0.033,53.19,3.247
2008-06-26,31.314,0.016,52.32,3.316
2008-06-27,29.93,0.189,60.64,3.782
2008-06-28,28.572,0.567,66.62,3.393
2008-06-29,29.975,1.6,63.84,2.711
2008-06-30,29.52,5.406,70.45,2.153
2008-07-01,28.37,6.922,78.13,1.973
2008-07-02,28.364,1.978,75.43,2.901
2008-07-03,29.178,0.269,67.66,4.246
2008-07-04,28.899,0.357,62.49,4.691
2008-07-05,28.546,0.849,64.19,4.525
2008-07-06,28.477,0.897,63.99,4.535
2008-07-07,28.367,1.99,66.16,4.41
2008-07-08,27.826,3.423,67.97,3.287
2008-07-09,28.154,4.128,68.05,3.195
2008-07-10,26.033,9.812,85.52,2.034
2008-07-11,24.881,11.952,91.55,2.579
2008-07-12,25.225,8.068,88.53,2.746
2008-07-13,27.106,1.429,76.09,3.645
2008-07-14,27.874,0.779,70.46,3.805
2008-07-15,28.138,0.477,65.58,3.942
2008-07-16,27.816,1.006,67.43,4.01
2008-07-17,27.596,0.745,68.59,3.712
2008-07-18,27.713,0.512,67.52,3.346
2008-07-19,28.226,0.3,65.0,3.272
2008-07-20,28.37,0.236,64.29,3.318
2008-07-21,28.81,0.419,64.9,3.24
2008-07-22,28.568,0.63,66.77,3.085
2008-07-23,28.872,1.014,65.51,3.014
2008-07-24,28.989,0.8,65.53,3.008
2008-07-25,29.578,0.262,62.05,3.217
2008-07-26,29.855,0.983,62.29,2.51
2008-07-27,27.043,10.259,80.61,1.546
2008-07-28,26.99,5.284,81.31,0.748
2008-07-29,27.335,18.7,82.15,0.562
2008-07-30,27.064,6.251,82.97,1.449
2008-07-31,27.687,0.834,75.76,2.755
2008-08-01,25.57,23.204,89.16,2.143
2008-08-02,24.205,22.187,95.96,1.924
2008-08-03,25.329,5.58,89.52,2.423
2008-08-04,26.256,6.914,84.82,1.862
2008-08-05,26.056,7.772,84.99,1.976
2008-08-06,25.976,3.501,83.03,3.311
2008-08-07,25.346,2.605,84.35,4.311
2008-08-08,26.13,3.872,83.74,4.117
2008-08-09,25.599,3.061,86.36,2.771
2008-08-10,26.544,2.997,81.27,1.571
2008-08-11,26.157,28.717,90.63,1.001
2008-08-12,25.79,43.987,91.44,0.969
2008-08-13,24.946,26.719,96.42,1.539
2008-08-14,25.34,12.093,91.36,3.019
2008-08-15,26.224,0.987,81.98,3.239
2008-08-16,26.034,0.823,80.18,2.897
2008-08-17,25.905,0.535,78.48,3.154
2008-08-18,25.333,0.506,77.61,3.124
2008-08-19,24.924,0.494,77.91,3.007
2008-08-20,24.675,0.256,77.12,2.955
2008-08-21,24.782,0.513,77.45,3.09
2008-08-22,25.277,0.732,76.95,2.489
2008-08-23,26.05,0.544,77.39,2.037
2008-08-24,26.658,1.212,78.39,1.49
2008-08-25,26.807,4.476,80.77,1.449
2008-08-26,25.689,7.269,86.03,1.926
2008-08-27,25.665,0.173,77.78,2.554
2008-08-28,25.907,0.163,75.41,2.854
2008-08-29,25.956,0.224,74.22,3.147
2008-08-30,26.248,0.365,73.98,2.921
2008-08-31,26.025,0.662,73.83,2.201
2008-09-01,26.498,0.803,73.73,1.186
2008-09-02,28.055,0.091,68.8,0.838
2008-09-03,28.644,0.134,67.91,1.235
2008-09-04,28.496,0.328,69.12,2.028
2008-09-05,27.599,0.301,69.47,2.867
2008-09-06,26.878,0.162,69.87,2.66
2008-09-07,26.945,0.248,69.03,1.568
2008-09-08,28.111,0.004,56.95,0.488
2008-09-09,28.242,0.001,52.39,0.929
2008-09-10,28.667,0.671,60.26,1.168
2008-09-11,28.072,5.437,70.76,1.769
2008-09-12,28.473,2.218,73.25,1.267
2008-09-13,28.297,3.483,75.73,1.05
2008-09-14,27.827,5.338,78.21,1.366
2008-09-15,26.76,9.502,82.02,1.224
2008-09-16,26.35,2.519,81.46,0.918
2008-09-17,26.169,18.222,85.96,0.367
2008-09-18,26.12,8.988,85.93,0.569
2008-09-19,26.297,1.442,82.73,0.685
2008-09-20,27.399,1.101,80.8,1.954
2008-09-21,25.491,0.035,77.91,2.375
2008-09-22,24.722,0.072,76.1,2.396
2008-09-23,24.641,0.09,72.99,1.739
2008-09-24,25.023,0.001,73.7,1.801
2008-09-25,24.695,0.001,74.51,2.606
2008-09-26,24.34,0.024,73.8,3.492
2008-09-27,24.504,0.044,73.18,3.441
2008-09-28,24.698,0.052,73.01,3.206
2008-09-29,24.717,0.032,73.52,2.832
2008-09-30,25.397,0.004,74.39,2.291
2008-10-01,26.934,0.69,74.26,1.433
2008-10-02,27.584,0.997,72.91,1.116
2008-10-03,28.919,0.032,65.39,1.249
2008-10-04,29.207,0.001,53.77,0.903
2008-10-05,28.858,0.056,58.38,1.917
2008-10-06,27.91,0.005,60.4,2.229
2008-10-07,26.972,0.033,61.32,2.418
2008-10-08,26.363,0.001,58.63,2.135
2008-10-09,27.463,0.062,60.78,1.273
2008-10-10,28.653,0.017,50.11,0.717
2008-10-11,29.387,0.0,38.27,0.883
2008-10-12,29.376,0.002,35.48,0.459
2008-10-13,29.164,0.001,35.69,0.737
2008-10-14,28.527,0.0,34.33,0.87
2008-10-15,28.264,0.001,34.42,0.234
2008-10-16,27.973,0.0,36.01,1.489
2008-10-17,26.913,0.0,41.28,1.289
2008-10-18,26.986,0.0,35.1,1.17
2008-10-19,26.836,0.003,31.58,1.027
2008-10-20,26.701,0.001,32.82,0.462
2008-10-21,26.606,0.0,32.58,0.506
2008-10-22,26.79,0.0,30.95,0.99
2008-10-23,26.689,0.002,33.08,0.773
2008-10-24,26.838,0.003,32.58,0.184
2008-10-25,26.982,0.001,30.88,1.137
2008-10-26,26.991,0.0,33.71,1.065
2008-10-27,26.786,0.0,33.37,1.611
2008-10-28,25.832,0.001,38.4,1.415
2008-10-29,25.365,0.0,46.89,1.281
2008-10-30,25.029,0.002,46.65,0.757
2008-10-31,24.957,0.001,42.8,0.244
2008-11-01,25.885,0.002,40.11,0.49
2008-11-02,26.118,0.0,38.43,0.477
2008-11-03,26.568,0.0,33.89,0.953
2008-11-04,26.07,0.0,33.15,0.804
2008-11-05,25.481,0.0,38.56,0.477
2008-11-06,25.108,0.002,41.88,0.696
2008-11-07,25.282,0.0,39.55,1.009
2008-11-08,25.816,0.001,37.8,0.773
2008-11-09,25.482,0.001,33.29,1.116
2008-11-10,24.602,0.0,32.75,1.238
2008-11-11,23.838,0.002,33.22,0.801
2008-11-12,23.498,0.0,30.57,0.183
2008-11-13,23.419,0.0,31.28,0.427
2008-11-14,23.323,0.0,32.98,0.816
2008-11-15,22.329,0.001,40.62,1.381
2008-11-16,22.514,0.003,49.56,0.793
2008-11-17,23.092,0.002,42.98,1.423
2008-11-18,23.162,0.272,52.31,1.165
2008-11-19,23.224,0.004,52.45,0.582
2008-11-20,19.734,0.003,28.85,2.186
2008-11-21,19.099,0.002,32.04,2.2
2008-11-22,18.908,0.001,40.14,1.46
2008-11-23,19.577,0.002,40.54,1.113
2008-11-24,20.352,0.0,39.48,0.639
2008-11-25,21.214,0.0,39.65,0.796
2008-11-26,21.64,0.001,38.17,0.932
2008-11-27,21.039,0.002,36.85,1.64
2008-11-28,20.232,0.001,35.75,1.912
2008-11-29,20.672,0.01,38.5,1.541
2008-11-30,19.806,2.014,50.15,0.768
2008-12-01,19.598,1.937,69.62,1.056
2008-12-02,22.009,0.001,54.1,0.772
2008-12-03,23.33,0.0,55.82,0.558
2008-12-04,24.183,0.001,55.76,0.533
2008-12-05,24.721,0.003,50.13,0.807
2008-12-06,23.871,0.001,52.61,1.317
2008-12-07,23.859,0.001,54.49,1.081
2008-12-08,23.81,0.0,48.01,1.025
2008-12-09,22.553,0.001,52.74,1.177
2008-12-10,20.48,0.0,61.32,2.395
2008-12-11,19.687,0.0,58.27,2.497
2008-12-12,19.378,0.0,55.82,1.728
2008-12-13,20.03,0.0,56.83,1.191
2008-12-14,20.986,0.002,56.92,1.154
2008-12-15,22.334,0.001,53.69,0.863
2008-12-16,22.189,0.002,55.81,1.167
2008-12-17,22.924,0.0,50.16,1.615
2008-12-18,23.038,0.001,50.36,1.201
2008-12-19,22.45,0.001,47.48,0.971
2008-12-20,21.544,0.002,58.12,1.005
2008-12-21,19.206,0.003,72.95,2.763
2008-12-22,18.164,0.0,60.24,2.359
2008-12-23,18.202,0.001,53.85,0.853
2008-12-24,18.831,0.0,48.42,0.251
2008-12-25,19.503,0.001,48.17,0.488
2008-12-26,19.051,0.0,46.58,0.715
2008-12-27,18.6,0.001,54.21,0.619
2008-12-28,18.649,0.0,50.75,0.089
2008-12-29,19.003,0.0,48.79,0.166
2008-12-30,18.626,0.0,45.4,1.012
2008-12-31,18.103,0.001,42.19,2.188
2009-01-01,17.723,0.0,33.19,1.666
2009-01-02,18.575,0.0,34.05,0.764
2009-01-03,19.422,0.001,38.02,0.826
2009-01-04,19.38,0.001,56.58,0.87
2009-01-05,17.243,0.003,62.19,1.559
2009-01-06,16.26,0.003,42.62,1.349
2009-01-07,16.252,0.0,38.1,2.267
2009-01-08,16.809,0.001,45.99,2.415
2009-01-09,17.416,0.001,53.49,1.621
2009-01-10,17.68,0.001,59.73,2.11
2009-01-11,17.384,0.0,57.17,1.808
2009-01-12,18.611,0.037,61.76,1.4
2009-01-13,20.117,0.002,63.21,0.724
2009-01-14,21.162,0.007,61.14,0.342
2009-01-15,22.036,0.0,57.9,1.896
2009-01-16,21.805,0.003,57.57,0.302
2009-01-17,20.898,0.373,63.83,0.673
2009-01-18,19.103,0.001,64.77,1.679
2009-01-19,19.401,0.002,58.51,2.042
2009-01-20,19.405,0.0,58.18,1.357
2009-01-21,19.473,0.001,45.43,1.398
2009-01-22,19.937,0.001,44.19,0.932
2009-01-23,20.709,0.002,39.56,1.308
2009-01-24,21.361,0.003,39.9,1.333
2009-01-25,19.829,0.002,49.74,1.835
2009-01-26,18.609,0.003,41.68,1.071
2009-01-27,18.456,0.002,39.3,0.955
2009-01-28,18.964,0.0,37.53,1.095
2009-01-29,19.757,0.003,34.44,0.811
2009-01-30,19.076,0.001,29.58,2.064
2009-01-31,18.895,0.0,32.63,2.445
2009-02-01,19.297,0.001,31.38,1.064
2009-02-02,20.589,0.001,33.79,0.49
2009-02-03,21.005,0.001,34.62,0.225
2009-02-04,21.009,0.0,43.62,1.427
2009-02-05,20.053,0.001,48.5,1.412
2009-02-06,19.462,0.001,43.66,1.168
2009-02-07,19.576,0.0,42.48,2.155
2009-02-08,20.511,0.005,40.78,1.169
2009-02-09,20.924,0.0,40.37,0.892
2009-02-10,18.623,0.016,47.42,1.755
2009-02-11,17.974,0.001,41.95,1.792
2009-02-12,19.29,0.0,36.85,0.778
2009-02-13,20.742,0.003,46.12,1.481
2009-02-14,20.644,0.002,51.63,1.131
2009-02-15,19.94,0.001,33.61,2.337
2009-02-16,20.647,0.0,33.72,1.865
2009-02-17,21.493,0.002,34.34,1.511
2009-02-18,22.229,0.0,30.09,2.061
2009-02-19,22.648,0.0,26.37,1.153
2009-02-20,23.52,0.0,28.86,0.756
2009-02-21,24.256,0.001,29.8,0.541
2009-02-22,24.949,0.0,27.61,0.97
2009-02-23,24.274,0.001,28.61,1.811
2009-02-24,23.876,0.001,43.65,1.911
2009-02-25,25.264,0.001,38.75,0.444
2009-02-26,26.262,0.002,36.71,1.716
2009-02-27,26.392,0.001,29.95,1.534
2009-02-28,26.053,0.001,31.45,0.459
2009-03-01,27.343,0.001,32.88,1.978
2009-03-02,27.133,0.002,26.54,1.481
2009-03-03,26.792,0.0,26.55,2.02
2009-03-04,25.035,0.002,32.9,2.254
2009-03-05,24.984,0.001,29.13,0.68
2009-03-06,24.09,0.0,29.5,2.568
2009-03-07,22.835,0.002,40.53,0.904
2009-03-08,24.066,0.001,36.17,0.287
2009-03-09,25.696,0.002,27.06,1.23
2009-03-10,26.156,0.0,24.12,1.366
2009-03-11,26.339,0.0,23.32,2.223
2009-03-12,25.712,0.001,20.37,0.731
2009-03-13,26.621,0.001,18.41,1.036
2009-03-14,27.194,0.001,21.23,0.934
2009-03-15,26.911,0.001,18.73,0.803
2009-03-16,26.906,0.001,21.91,1.692
2009-03-17,26.766,0.002,23.73,1.323
2009-03-18,26.092,0.001,26.43,1.441
2009-03-19,26.873,0.009,33.71,1.397
2009-03-20,25.623,2.299,45.07,0.825
2009-03-21,26.447,0.032,32.42,0.361
2009-03-22,26.043,0.249,31.73,0.239
2009-03-23,26.5,0.002,30.88,0.601
2009-03-24,27.149,0.133,29.79,1.29
2009-03-25,25.793,0.0,34.38,1.062
2009-03-26,27.445,0.014,31.91,1.581
2009-03-27,27.106,0.067,42.06,2.323
2009-03-28,27.557,0.123,42.35,1.445
2009-03-29,27.637,0.0,32.25,1.597
2009-03-30,27.685,0.0,35.08,1.68
2009-03-31,29.035,0.002,30.01,0.769
2009-04-01,29.972,-0.0,24.78,0.919
2009-04-02,30.296,0.041,23.91,1.259
2009-04-03,29.29,0.001,21.34,1.807
2009-04-04,29.805,0.0,21.27,1.024
2009-04-05,28.358,0.087,28.07,1.629
2009-04-06,28.575,0.015,25.9,2.673
2009-04-07,27.395,0.066,29.18,2.926
2009-04-08,25.421,0.0,36.54,1.908
2009-04-09,26.16,0.0,24.38,2.078
2009-04-10,26.938,0.001,21.93,2.12
2009-04-11,28.312,0.001,19.3,0.836
2009-04-12,29.812,0.0,17.95,0.211
2009-04-13,30.58,0.0,16.77,0.958
2009-04-14,29.872,0.001,24.35,2.066
2009-04-15,28.975,0.0,28.46,1.677
2009-04-16,29.522,0.001,19.85,1.258
2009-04-17,29.329,0.001,19.02,2.425
2009-04-18,30.857,0.001,12.42,0.94
2009-04-19,32.487,0.001,14.68,1.43
2009-04-20,31.925,0.0,19.88,3.015
2009-04-21,29.602,0.003,23.32,2.615
2009-04-22,29.587,0.0,13.58,1.194
2009-04-23,30.576,0.0,14.28,1.896
2009-04-24,30.497,0.001,16.24,1.807
2009-04-25,31.435,0.003,12.47,0.49
2009-04-26,31.492,0.003,11.45,1.096
2009-04-27,32.976,0.003,11.78,0.718
2009-04-28,33.395,0.003,13.55,1.79
2009-04-29,33.204,0.001,16.04,2.021
2009-04-30,32.104,0.001,19.48,2.156
2009-05-01,32.203,0.07,24.01,2.599
2009-05-02,32.438,0.001,20.03,2.517
2009-05-03,31.857,0.001,27.77,2.882
2009-05-04,31.242,0.002,30.95,2.882
2009-05-05,30.46,0.0,31.79,2.009
2009-05-06,31.479,0.038,26.86,1.666
2009-05-07,32.175,0.002,22.83,2.245
2009-05-08,31.965,0.0,21.66,2.312
2009-05-09,31.878,0.0,25.12,3.049
2009-05-10,31.655,0.002,36.99,4.122
2009-05-11,31.315,0.0,47.62,3.825
2009-05-12,32.625,0.001,44.9,2.925
2009-05-13,33.572,0.002,39.52,3.226
2009-05-14,33.35,0.001,36.77,3.841
2009-05-15,32.506,0.001,41.08,3.708
2009-05-16,32.08,0.002,45.63,3.169
2009-05-17,32.823,0.0,46.11,2.62
2009-05-18,32.747,0.003,45.16,2.857
2009-05-19,32.515,0.001,41.32,2.856
2009-05-20,32.646,0.0,38.06,2.792
2009-05-21,33.623,0.003,28.75,2.074
2009-05-22,33.843,0.066,28.05,2.47
2009-05-23,33.163,0.067,34.29,2.493
2009-05-24,32.695,0.027,34.28,2.566
2009-05-25,32.198,0.0,37.99,3.618
2009-05-26,31.544,0.001,45.25,3.337
2009-05-27,31.745,0.004,45.87,3.477
2009-05-28,32.035,0.001,45.17,3.733
2009-05-29,31.62,0.017,49.65,4.201
2009-05-30,31.148,0.144,50.0,3.593
2009-05-31,31.462,0.004,49.69,3.328
2009-06-01,31.026,0.002,49.77,3.68
2009-06-02,30.498,0.053,51.4,4.019
2009-06-03,31.047,0.257,51.85,3.891
2009-06-04,31.413,0.01,49.04,4.181
2009-06-05,31.334,0.013,44.69,3.85
2009-06-06,31.842,0.035,41.83,3.362
2009-06-07,32.336,0.0,33.05,3.162
2009-06-08,32.054,0.002,42.79,3.878
2009-06-09,32.559,0.001,42.65,3.424
2009-06-10,32.657,0.001,43.71,3.675
2009-06-11,32.146,0.001,45.69,4.12
2009-06-12,31.89,0.002,47.87,4.081
2009-06-13,32.079,0.002,47.05,3.734
2009-06-14,32.182,0.004,47.63,3.946
2009-06-15,31.788,0.533,48.37,3.735
2009-06-16,31.933,0.064,45.85,2.578
2009-06-17,32.262,0.849,44.31,1.687
2009-06-18,32.713,0.09,42.12,1.848
2009-06-19,33.089,0.048,40.08,2.413
2009-06-20,33.246,0.003,34.16,2.726
2009-06-21,32.797,0.006,38.93,3.218
2009-06-22,31.612,0.154,49.67,2.996
2009-06-23,30.777,5.129,58.26,2.056
2009-06-24,30.802,1.339,59.04,1.973
2009-06-25,31.113,0.276,57.93,2.803
2009-06-26,31.194,0.913,56.58,2.792
2009-06-27,31.699,0.117,56.47,3.366
2009-06-28,31.849,1.481,56.22,3.465
2009-06-29,30.637,0.909,62.19,3.632
2009-06-30,31.359,0.09,56.61,4.123
2009-07-01,31.386,0.07,56.26,3.939
2009-07-02,31.059,1.757,60.65,3.342
2009-07-03,30.008,3.742,66.96,1.801
2009-07-04,32.422,0.126,52.53,1.067
2009-07-05,33.879,0.066,44.7,1.324
2009-07-06,34.585,0.017,42.13,2.114
2009-07-07,34.356,0.002,41.11,3.51
2009-07-08,32.903,0.004,50.17,3.858
2009-07-09,31.306,8.406,57.98,2.661
2009-07-10,26.68,35.618,86.65,2.397
2009-07-11,27.143,11.362,79.55,2.826
2009-07-12,27.997,2.251,79.24,3.607
2009-07-13,27.627,3.649,80.32,3.032
2009-07-14,27.323,10.193,84.86,1.731
2009-07-15,27.78,24.813,85.13,0.31
2009-07-16,26.838,33.663,87.73,0.803
2009-07-17,25.481,26.01,93.31,0.706
2009-07-18,26.345,4.251,84.88,3.207
2009-07-19,26.802,1.351,78.48,3.182
2009-07-20,26.885,2.414,80.9,3.459
2009-07-21,26.84,1.495,81.18,2.623
2009-07-22,26.889,10.313,85.56,0.677
2009-07-23,26.574,14.872,87.89,0.476
2009-07-24,25.714,14.457,90.16,1.855
2009-07-25,25.759,9.726,91.68,2.597
2009-07-26,26.27,2.782,85.34,4.153
2009-07-27,26.268,2.243,80.38,5.14
2009-07-28,26.401,1.713,79.62,5.137
2009-07-29,26.738,1.602,78.76,4.547
2009-07-30,26.538,1.411,77.84,4.163
2009-07-31,26.129,1.36,77.33,4.237
2009-08-01,26.365,1.333,78.73,3.741
2009-08-02,26.48,1.462,78.01,3.582
2009-08-03,26.636,0.93,75.86,3.592
2009-08-04,26.309,1.453,77.49,3.862
2009-08-05,25.563,2.525,81.96,4.076
2009-08-06,25.876,1.948,81.22,4.018
2009-08-07,26.252,1.686,78.91,3.513
2009-08-08,26.624,1.001,76.55,3.107
2009-08-09,26.61,0.691,75.21,2.964
2009-08-10,26.577,0.522,75.97,2.612
2009-08-11,27.448,0.624,75.9,1.991
2009-08-12,26.739,6.811,82.68,2.259
2009-08-13,25.612,8.379,85.17,2.712
2009-08-14,26.073,0.757,77.49,3.696
2009-08-15,25.735,1.651,80.29,3.372
2009-08-16,25.445,5.004,83.83,2.991
2009-08-17,26.673,1.746,77.35,3.094
2009-08-18,27.116,0.598,74.34,2.933
2009-08-19,27.355,0.482,73.71,2.685
2009-08-20,27.637,0.319,70.6,2.739
2009-08-21,27.117,0.912,72.3,3.021
2009-08-22,26.881,0.971,73.05,2.484
2009-08-23,27.492,0.286,70.27,2.447
2009-08-24,28.044,0.616,71.26,2.053
2009-08-25,28.381,0.568,69.19,2.093
2009-08-26,27.604,3.609,71.87,2.333
2009-08-27,27.451,1.789,76.5,1.804
2009-08-28,26.088,25.094,85.83,1.135
2009-08-29,26.252,32.459,87.16,0.159
2009-08-30,25.807,6.001,85.64,2.491
2009-08-31,26.696,1.062,79.54,3.207
2009-09-01,27.112,1.063,81.13,1.743
2009-09-02,27.739,1.547,80.72,1.938
2009-09-03,27.395,1.228,80.09,2.397
2009-09-04,26.762,0.32,78.63,1.907
2009-09-05,27.051,3.455,83.22,1.424
2009-09-06,26.716,1.906,83.41,1.793
2009-09-07,27.3,0.717,76.04,1.856
2009-09-08,27.965,0.001,73.51,2.386
2009-09-09,27.514,0.02,75.12,2.619
2009-09-10,26.42,0.068,75.64,3.626
2009-09-11,25.992,0.025,73.11,3.032
2009-09-12,26.532,0.002,71.75,2.191
2009-09-13,27.366,0.0,67.55,2.185
2009-09-14,26.699,0.0,68.43,2.614
2009-09-15,26.294,0.002,67.48,2.767
2009-09-16,26.357,0.0,65.54,2.338
2009-09-17,27.422,0.001,61.39,1.852
2009-09-18,28.377,0.0,54.84,1.944
2009-09-19,28.075,0.003,52.1,2.222
2009-09-20,27.253,0.001,60.89,2.564
2009-09-21,27.744,0.001,60.36,2.301
2009-09-22,28.559,0.002,53.98,2.108
2009-09-23,28.558,0.0,47.82,2.297
2009-09-24,28.5,0.0,52.24,2.703
2009-09-25,28.166,0.002,57.37,2.582
2009-09-26,28.051,-0.0,60.98,2.214
2009-09-27,28.385,0.0,58.13,1.69
2009-09-28,29.333,0.002,51.23,1.764
2009-09-29,30.351,-0.0,39.67,1.965
2009-09-30,31.231,0.0,34.09,1.498
2009-10-01,31.352,0.0,31.0,1.638
2009-10-02,31.438,0.0,39.35,2.05
2009-10-03,30.721,0.027,51.91,1.803
2009-10-04,28.963,0.55,64.52,0.998
2009-10-05,29.343,0.045,55.12,1.626
2009-10-06,29.874,0.002,42.87,0.776
2009-10-07,27.991,0.002,52.61,2.792
2009-10-08,26.146,0.005,59.32,2.715
2009-10-09,25.997,0.001,58.3,2.61
2009-10-10,26.635,0.002,55.43,2.115
2009-10-11,27.291,0.005,50.13,1.694
2009-10-12,27.816,0.002,46.43,1.178
2009-10-13,28.085,0.002,42.19,1.414
2009-10-14,28.08,0.001,34.77,1.662
2009-10-15,28.035,0.0,31.47,1.499
2009-10-16,27.83,0.0,32.0,1.661
2009-10-17,27.262,0.0,29.09,1.529
2009-10-18,26.875,0.0,32.8,1.649
2009-10-19,26.411,0.0,33.76,1.907
2009-10-20,26.409,0.0,27.28,1.698
2009-10-21,26.373,0.0,30.38,0.823
2009-10-22,26.988,0.003,25.01,0.758
2009-10-23,25.747,0.001,19.54,0.967
2009-10-24,24.683,0.001,20.73,0.937
2009-10-25,25.344,0.0,26.26,0.764
2009-10-26,26.052,0.002,28.88,0.796
2009-10-27,26.137,0.001,29.69,0.874
2009-10-28,26.139,0.001,30.1,0.376
2009-10-29,26.076,0.001,32.52,1.074
2009-10-30,26.053,0.003,28.79,1.083
2009-10-31,26.225,0.0,28.94,0.676
2009-11-01,26.379,0.0,29.87,0.677
2009-11-02,25.916,0.002,31.5,0.508
2009-11-03,25.763,0.001,29.98,1.04
2009-11-04,25.425,0.001,32.45,1.438
2009-11-05,24.472,0.0,38.86,0.955
2009-11-06,24.452,0.002,36.5,1.1
2009-11-07,24.879,0.002,37.22,0.714
2009-11-08,25.2,0.0,38.45,0.644
2009-11-09,25.01,0.001,37.17,0.307
2009-11-10,24.488,0.0,32.2,2.67
2009-11-11,23.288,0.0,31.1,2.989
2009-11-12,21.472,0.629,59.49,2.522
2009-11-13,22.075,0.004,68.48,0.424
2009-11-14,22.35,0.056,67.95,0.294
2009-11-15,22.095,0.0,63.54,0.606
2009-11-16,21.519,0.0,49.86,1.002
2009-11-17,20.843,0.001,34.84,1.954
2009-11-18,21.618,0.0,48.77,1.514
2009-11-19,21.37,0.001,45.09,1.143
2009-11-20,20.778,0.001,44.57,0.443
2009-11-21,20.604,0.0,40.7,0.6
2009-11-22,20.533,0.001,40.67,0.751
2009-11-23,20.518,0.001,38.66,0.903
2009-11-24,21.538,0.0,42.12,0.547
2009-11-25,21.766,0.0,35.21,0.392
2009-11-26,21.175,0.002,36.75,0.948
2009-11-27,21.022,0.001,39.01,1.254
2009-11-28,21.095,0.0,39.92,0.778
2009-11-29,20.842,0.002,39.89,0.739
2009-11-30,21.253,0.001,41.12,0.302
2009-12-01,20.753,0.001,43.38,0.683
2009-12-02,20.426,0.0,42.72,0.974
2009-12-03,20.997,0.0,45.1,0.907
2009-12-04,21.112,0.001,46.06,0.757
2009-12-05,20.812,0.002,43.2,0.351
2009-12-06,19.645,0.0,38.59,1.593
2009-12-07,18.821,0.001,45.09,2.352
2009-12-08,19.819,0.0,53.31,1.392
2009-12-09,20.702,0.0,49.64,0.34
2009-12-10,20.061,0.002,52.92,0.933
2009-12-11,20.208,0.003,54.43,1.673
2009-12-12,20.876,0.001,57.36,0.279
2009-12-13,20.428,0.003,54.55,1.139
2009-12-14,21.459,0.001,51.58,0.415
2009-12-15,20.946,0.0,50.32,1.448
2009-12-16,20.076,0.005,57.39,1.737
2009-12-17,19.281,0.025,57.65,1.763
2009-12-18,19.081,0.002,51.64,1.768
2009-12-19,18.794,0.001,51.34,1.2
2009-12-20,19.191,0.001,53.34,0.989
2009-12-21,19.831,0.001,52.95,1.035
2009-12-22,19.117,1.74,68.42,0.825
2009-12-23,19.339,0.001,53.74,0.693
2009-12-24,18.408,0.0,35.38,1.46
2009-12-25,18.153,0.002,37.11,0.242
2009-12-26,17.252,0.001,35.57,0.739
2009-12-27,17.44,0.0,35.71,0.367
2009-12-28,17.763,0.001,39.68,1.497
2009-12-29,19.091,0.002,50.5,0.515
2009-12-30,18.16,0.003,50.23,1.3
2009-12-31,17.465,0.0,44.13,0.997
2010-01-01,17.636,0.0,43.43,1.451
2010-01-02,19.114,2.221,48.51,0.692
2010-01-03,17.718,2.046,72.45,0.834
2010-01-04,16.36,0.0,60.83,2.241
2010-01-05,15.837,0.0,47.14,1.297
2010-01-06,16.524,0.0,46.35,0.974
2010-01-07,17.006,0.001,44.73,0.988
2010-01-08,17.273,0.0,45.1,0.797
2010-01-09,15.771,0.0,49.75,1.272
2010-01-10,15.948,0.001,50.72,1.188
2010-01-11,17.514,0.0,45.92,0.804
2010-01-12,17.073,0.019,56.08,1.487
2010-01-13,14.714,0.0,55.66,1.865
2010-01-14,15.362,0.001,46.97,2.117
2010-01-15,16.153,0.002,48.67,1.486
2010-01-16,17.002,0.003,45.29,0.908
2010-01-17,18.297,0.001,43.16,0.561
2010-01-18,18.911,0.0,40.75,0.507
2010-01-19,19.066,0.001,37.82,0.71
2010-01-20,19.56,0.001,36.07,0.513
2010-01-21,19.987,0.0,32.85,0.884
2010-01-22,20.341,0.001,31.5,0.582
2010-01-23,20.176,0.001,30.61,0.816
2010-01-24,19.852,0.001,32.56,0.58
2010-01-25,19.363,0.0,39.49,1.65
2010-01-26,20.669,0.001,34.72,1.1
2010-01-27,20.608,0.001,34.77,0.556
2010-01-28,21.223,0.001,35.08,1.068
2010-01-29,21.08,0.001,43.9,0.445
2010-01-30,21.14,0.003,42.4,0.336
2010-01-31,20.344,0.003,34.02,0.585
2010-02-01,20.319,0.002,30.97,0.202
2010-02-02,20.321,0.004,33.12,1.428
2010-02-03,21.043,0.004,31.25,1.89
2010-02-04,21.16,0.002,35.5,1.425
2010-02-05,22.01,0.002,39.89,0.848
2010-02-06,22.994,0.002,38.32,0.916
2010-02-07,24.013,0.002,40.52,1.347
2010-02-08,23.241,0.185,50.43,2.553
2010-02-09,18.412,0.001,42.25,1.439
2010-02-10,17.306,0.001,22.84,1.927
2010-02-11,19.213,0.001,34.45,1.481
2010-02-12,18.925,0.001,37.19,1.817
2010-02-13,19.392,0.001,42.29,1.843
2010-02-14,19.405,0.001,42.37,1.901
2010-02-15,19.913,0.0,26.2,0.974
2010-02-16,19.905,0.0,26.05,1.162
2010-02-17,17.587,0.003,26.96,2.653
2010-02-18,18.401,0.001,23.89,1.471
2010-02-19,20.588,0.0,25.26,1.18
2010-02-20,22.568,0.001,26.88,0.894
2010-02-21,23.985,0.0,28.38,1.463
2010-02-22,23.321,0.255,32.14,1.685
2010-02-23,21.64,0.0,43.09,1.477
2010-02-24,22.339,0.0,39.5,0.415
2010-02-25,23.376,0.002,36.29,0.231
2010-02-26,24.298,0.003,36.51,0.224
2010-02-27,25.335,0.0,33.33,0.559
2010-02-28,25.658,0.001,21.12,1.3
2010-03-01,25.611,0.002,24.51,1.943
2010-03-02,26.067,0.0,37.41,1.487
2010-03-03,25.105,0.002,42.33,2.418
2010-03-04,24.309,0.001,50.85,2.36
2010-03-05,25.252,0.0,44.69,1.161
2010-03-06,23.765,0.018,48.16,2.014
2010-03-07,23.777,0.0,36.54,1.061
2010-03-08,23.916,0.001,28.59,1.615
2010-03-09,24.529,0.0,23.05,1.24
2010-03-10,25.601,0.0,19.37,1.634
2010-03-11,26.835,0.002,21.48,0.892
2010-03-12,26.9,0.0,19.23,0.573
2010-03-13,28.03,0.001,19.42,1.101
2010-03-14,28.115,0.003,22.03,2.149
2010-03-15,28.058,0.001,28.04,1.972
2010-03-16,28.977,0.0,33.11,1.657
2010-03-17,29.933,0.0,28.2,0.314
2010-03-18,30.517,0.0,22.74,0.92
2010-03-19,30.165,0.0,20.47,0.981
2010-03-20,30.774,0.001,19.44,0.884
2010-03-21,30.677,0.0,19.99,1.578
2010-03-22,28.304,0.0,22.36,2.403
2010-03-23,26.815,0.001,29.27,2.522
2010-03-24,27.213,0.0,30.83,1.99
2010-03-25,28.303,0.0,35.87,1.804
2010-03-26,28.088,0.002,29.53,2.138
2010-03-27,28.37,0.001,26.73,1.224
2010-03-28,29.337,0.0,24.14,1.291
2010-03-29,28.766,0.0,24.24,2.118
2010-03-30,28.889,0.001,36.54,3.297
2010-03-31,27.546,0.001,33.35,3.26
2010-04-01,28.386,0.003,41.06,2.63
2010-04-02,28.156,0.002,33.86,3.353
2010-04-03,27.628,0.001,34.51,2.119
2010-04-04,29.642,0.0,24.74,2.044
2010-04-05,30.614,0.0,18.43,1.428
2010-04-06,31.288,0.001,17.44,0.837
2010-04-07,31.482,0.002,17.08,0.524
2010-04-08,31.874,0.005,19.92,0.938
2010-04-09,30.344,0.0,19.88,1.743
2010-04-10,29.593,0.002,23.22,2.458
2010-04-11,29.674,-0.0,36.24,2.82
2010-04-12,30.413,0.003,32.2,2.239
2010-04-13,32.401,0.0,19.38,0.367
2010-04-14,32.995,0.003,18.8,1.202
2010-04-15,33.463,0.001,21.52,1.223
2010-04-16,33.566,0.001,23.07,1.407
2010-04-17,32.526,0.001,26.12,2.711
2010-04-18,32.281,0.0,30.56,3.801
2010-04-19,31.791,0.001,28.15,4.538
2010-04-20,31.303,0.0,32.58,4.062
2010-04-21,30.291,0.002,36.73,3.407
2010-04-22,30.319,0.002,27.75,1.976
2010-04-23,31.664,0.001,18.78,1.734
2010-04-24,31.091,0.004,20.42,2.643
2010-04-25,31.04,0.004,33.17,2.355
2010-04-26,31.83,0.002,30.1,2.274
2010-04-27,32.837,0.001,29.27,2.044
2010-04-28,33.137,0.0,22.4,1.802
2010-04-29,32.751,0.039,24.15,1.87
2010-04-30,31.902,0.001,22.24,1.873
2010-05-01,32.58,0.002,21.56,1.508
2010-05-02,33.628,0.0,18.61,1.206
2010-05-03,32.93,0.008,26.18,2.565
2010-05-04,32.653,-0.0,30.68,3.029
2010-05-05,32.396,0.0,32.02,3.113
2010-05-06,32.572,0.009,34.16,2.762
2010-05-07,32.519,0.0,28.79,2.782
2010-05-08,32.976,0.002,26.97,2.255
2010-05-09,32.894,0.0,27.38,2.336
2010-05-10,32.044,0.0,19.96,2.56
2010-05-11,33.285,0.002,26.1,2.085
2010-05-12,34.452,0.0,21.46,1.989
2010-05-13,34.57,0.001,21.08,2.669
2010-05-14,33.876,0.0,25.99,3.273
2010-05-15,33.199,0.0,34.87,2.843
2010-05-16,33.583,0.001,37.34,3.168
2010-05-17,33.484,0.001,28.27,2.992
2010-05-18,33.742,0.002,22.57,2.133
2010-05-19,35.398,0.0,25.09,1.922
2010-05-20,36.748,0.001,19.17,1.51
2010-05-21,36.843,0.001,17.19,1.554
2010-05-22,36.299,0.003,22.13,2.543
2010-05-23,35.52,0.002,26.41,3.304
2010-05-24,34.941,0.001,31.67,4.357
2010-05-25,33.723,0.001,37.76,5.441
2010-05-26,32.92,0.003,45.59,5.58
2010-05-27,33.252,0.006,44.03,5.806
2010-05-28,33.1,0.012,44.09,5.396
2010-05-29,32.791,0.004,42.94,4.476
2010-05-30,33.318,0.001,36.83,3.224
2010-05-31,33.273,0.001,32.87,3.686
2010-06-01,33.172,0.002,35.77,3.481
2010-06-02,31.814,0.573,53.07,3.87
2010-06-03,31.921,0.611,51.09,4.053
2010-06-04,32.367,0.071,46.66,4.827
2010-06-05,32.385,0.184,44.97,4.996
2010-06-06,30.652,0.788,51.61,3.989
2010-06-07,26.7,12.936,75.66,3.502
2010-06-08,28.97,0.154,55.75,1.951
2010-06-09,30.693,0.008,50.82,1.453
2010-06-10,32.641,0.012,41.27,1.188
2010-06-11,35.19,0.001,26.3,0.916
2010-06-12,36.714,0.003,19.86,0.998
2010-06-13,36.412,0.002,23.18,1.988
2010-06-14,34.682,0.008,33.54,2.849
2010-06-15,31.263,0.249,53.81,2.64
2010-06-16,31.296,1.031,54.88,2.087
2010-06-17,32.734,0.087,48.28,2.397
2010-06-18,34.561,0.004,38.5,2.004
2010-06-19,36.498,0.0,26.16,1.428
2010-06-20,35.477,0.014,36.37,3.23
2010-06-21,33.572,0.001,38.56,4.553
2010-06-22,33.364,0.001,43.27,4.896
2010-06-23,32.672,0.003,48.88,4.932
2010-06-24,31.867,0.028,52.87,4.11
2010-06-25,32.967,0.116,48.5,3.155
2010-06-26,34.163,0.212,47.93,2.198
2010-06-27,34.344,0.489,48.96,3.138
2010-06-28,33.77,0.006,49.76,4.468
2010-06-29,32.882,0.002,47.03,4.564
2010-06-30,32.632,0.011,45.6,4.126
2010-07-01,32.446,0.016,46.65,3.29
2010-07-02,31.906,2.165,54.56,1.929
2010-07-03,31.859,2.659,56.84,1.424
2010-07-04,28.353,14.942,76.16,1.469
2010-07-05,25.135,32.275,92.82,1.41
2010-07-06,26.243,48.97,85.7,1.641
2010-07-07,27.71,1.956,78.53,2.127
2010-07-08,27.271,4.347,81.64,1.887
2010-07-09,28.234,0.463,74.65,2.635
2010-07-10,27.794,2.984,79.99,3.668
2010-07-11,27.811,1.649,75.48,5.01
2010-07-12,27.423,2.638,76.16,5.216
2010-07-13,26.708,4.941,82.57,3.874
2010-07-14,27.259,1.69,80.72,2.709
2010-07-15,28.093,2.871,78.98,2.122
2010-07-16,28.349,9.667,79.31,1.839
2010-07-17,27.718,11.623,83.45,1.747
2010-07-18,28.443,1.31,78.07,2.581
2010-07-19,28.185,1.008,78.62,3.119
2010-07-20,28.527,0.887,77.2,2.671
2010-07-21,27.949,6.495,81.28,2.43
2010-07-22,27.469,8.374,83.19,1.269
2010-07-23,25.598,40.09,92.65,0.781
2010-07-24,25.703,48.661,90.93,1.922
2010-07-25,25.514,39.499,90.2,1.733
2010-07-26,25.307,9.583,92.38,0.633
2010-07-27,26.234,1.809,83.21,3.04
2010-07-28,26.926,1.337,78.84,3.372
2010-07-29,27.467,0.468,77.08,2.351
2010-07-30,27.264,7.904,83.51,1.184
2010-07-31,26.495,17.701,87.74,0.631
2010-08-01,25.272,28.917,93.3,0.371
2010-08-02,24.786,40.832,94.99,0.86
2010-08-03,24.679,72.02,95.66,1.474
2010-08-04,24.667,57.461,96.3,2.769
2010-08-05,26.096,6.979,87.89,2.463
2010-08-06,26.417,0.722,81.64,1.761
2010-08-07,26.73,7.908,86.34,0.896
2010-08-08,26.727,9.265,85.85,0.929
2010-08-09,26.391,1.188,80.43,2.852
2010-08-10,26.881,1.202,81.08,2.535
2010-08-11,26.809,5.531,85.34,2.143
2010-08-12,26.874,4.62,85.44,1.871
2010-08-13,25.817,34.448,91.73,1.495
2010-08-14,25.798,10.299,88.69,1.72
2010-08-15,26.217,8.499,87.24,1.545
2010-08-16,26.736,7.934,85.08,1.59
2010-08-17,27.319,1.429,83.39,1.997
2010-08-18,26.927,3.888,85.71,2.67
2010-08-19,26.118,2.576,85.78,2.738
2010-08-20,25.181,3.819,90.83,2.557
2010-08-21,25.737,1.976,86.19,3.055
2010-08-22,26.169,1.857,82.99,3.454
2010-08-23,26.515,1.556,82.31,3.274
2010-08-24,26.721,1.856,80.36,2.883
2010-08-25,26.717,0.887,79.63,1.881
2010-08-26,26.821,11.967,85.45,0.3
2010-08-27,27.358,7.712,85.49,0.588
2010-08-28,27.401,7.208,86.7,0.616
2010-08-29,26.993,9.929,88.94,1.038
2010-08-30,27.653,3.858,83.48,0.883
2010-08-31,26.315,14.659,89.26,0.479
2010-09-01,26.071,7.67,89.09,1.549
2010-09-02,26.634,0.974,82.08,2.707
2010-09-03,26.792,2.707,82.5,2.261
2010-09-04,25.972,6.794,88.54,2.106
2010-09-05,25.476,10.44,91.36,1.973
2010-09-06,26.127,3.614,92.13,1.861
2010-09-07,26.312,6.559,88.72,1.674
2010-09-08,26.641,13.554,86.84,0.725
2010-09-09,26.346,10.591,87.72,1.148
2010-09-10,25.374,18.97,90.13,1.896
2010-09-11,25.396,0.357,80.77,3.251
2010-09-12,25.212,13.342,86.2,3.074
2010-09-13,25.295,14.769,88.86,2.171
2010-09-14,25.478,1.05,82.82,1.863
2010-09-15,25.951,1.243,84.66,1.033
2010-09-16,26.221,1.4,84.79,1.079
2010-09-17,26.343,0.987,81.67,1.214
2010-09-18,25.778,0.063,78.18,1.075
2010-09-19,26.279,0.087,73.6,1.435
2010-09-20,26.285,0.007,68.73,0.774
2010-09-21,26.042,0.07,68.96,2.114
2010-09-22,25.453,0.0,65.55,2.432
2010-09-23,24.695,0.002,66.91,1.83
2010-09-24,24.47,0.001,63.43,1.21
2010-09-25,25.187,0.001,66.67,0.785
2010-09-26,26.525,0.0,60.97,0.026
2010-09-27,26.536,0.0,57.47,0.792
2010-09-28,26.944,0.001,55.0,0.689
2010-09-29,26.704,0.0,51.81,1.088
2010-09-30,26.653,0.001,53.85,0.997
2010-10-01,27.238,0.0,57.26,0.834
2010-10-02,27.789,0.003,58.07,0.803
2010-10-03,27.843,0.002,57.91,0.43
2010-10-04,28.295,0.001,54.81,0.671
2010-10-05,28.329,0.002,51.45,0.552
2010-10-06,28.078,0.002,47.19,0.534
2010-10-07,27.528,0.001,49.61,0.557
2010-10-08,27.418,0.001,48.49,0.554
2010-10-09,26.542,0.0,54.08,1.661
2010-10-10,25.57,0.001,64.53,2.334
2010-10-11,25.315,1.419,74.8,1.642
2010-10-12,24.739,3.382,79.53,1.088
2010-10-13,26.087,0.244,71.7,0.334
2010-10-14,26.94,0.002,61.04,0.577
2010-10-15,27.702,0.0,50.22,0.66
2010-10-16,27.84,0.002,42.87,0.986
2010-10-17,27.166,0.003,49.56,1.367
2010-10-18,27.545,0.023,62.63,1.616
2010-10-19,27.603,0.002,57.86,1.432
2010-10-20,27.764,0.0,50.16,1.126
2010-10-21,27.192,0.001,51.47,0.652
2010-10-22,26.548,0.001,55.06,1.98
2010-10-23,25.816,0.001,55.61,1.298
2010-10-24,25.586,0.0,48.57,0.738
2010-10-25,25.717,0.0,47.68,0.343
2010-10-26,26.003,0.0,45.73,0.604
2010-10-27,25.906,0.001,42.62,0.192
2010-10-28,25.183,0.0,43.05,0.595
2010-10-29,24.662,0.02,46.85,1.413
2010-10-30,24.292,0.257,47.63,1.981
2010-10-31,23.982,0.002,47.02,1.963
2010-11-01,23.364,0.0,43.52,1.504
2010-11-02,22.891,0.001,45.39,1.68
2010-11-03,22.396,0.001,46.16,1.444
2010-11-04,22.652,0.001,45.65,1.141
2010-11-05,23.431,0.002,46.75,0.902
2010-11-06,23.526,0.002,44.16,1.502
2010-11-07,22.718,0.002,43.12,2.276
2010-11-08,23.244,0.079,50.25,2.317
2010-11-09,24.645,2.208,72.59,1.981
2010-11-10,25.145,2.17,76.51,0.567
2010-11-11,24.635,0.182,74.61,0.952
2010-11-12,23.714,4.929,81.01,0.483
2010-11-13,23.225,6.136,84.93,0.347
2010-11-14,23.772,2.075,82.62,0.267
2010-11-15,23.678,5.861,82.36,0.41
2010-11-16,23.066,2.718,82.82,0.797
2010-11-17,21.995,10.092,84.67,1.284
2010-11-18,21.559,0.129,76.05,1.561
2010-11-19,20.39,0.001,61.03,1.866
2010-11-20,19.521,0.001,51.71,1.429
2010-11-21,21.065,0.18,56.46,0.854
2010-11-22,18.284,20.739,85.96,1.774
2010-11-23,17.878,15.519,88.59,1.629
2010-11-24,19.658,3.849,89.17,0.563
2010-11-25,19.8,0.444,80.73,0.729
2010-11-26,19.576,0.024,76.94,1.786
2010-11-27,19.434,0.045,72.6,1.524
2010-11-28,18.942,0.0,67.89,1.681
2010-11-29,18.609,0.0,69.97,1.535
2010-11-30,18.468,0.001,69.09,1.215
2010-12-01,19.029,0.002,71.65,0.902
2010-12-02,18.602,0.001,71.56,1.913
2010-12-03,17.876,0.0,70.4,1.456
2010-12-04,17.443,0.001,68.41,1.293
2010-12-05,18.114,0.003,70.58,1.203
2010-12-06,18.29,0.001,67.8,1.042
2010-12-07,16.983,0.002,65.63,1.445
2010-12-08,15.574,0.001,60.87,1.434
2010-12-09,15.355,0.001,60.86,1.92
2010-12-10,14.721,0.001,52.42,2.064
2010-12-11,14.601,0.002,45.72,1.209
2010-12-12,14.897,0.001,50.64,0.928
2010-12-13,15.571,0.0,56.25,0.693
2010-12-14,15.85,0.0,53.29,1.096
2010-12-15,16.026,0.002,55.27,0.491
2010-12-16,16.257,0.0,53.54,0.687
2010-12-17,16.597,0.0,52.37,0.663
2010-12-18,16.163,0.0,45.82,1.057
2010-12-19,15.742,0.0,46.24,1.564
2010-12-20,15.758,0.0,47.04,0.752
2010-12-21,16.971,0.0,46.14,0.488
2010-12-22,16.391,0.001,51.85,1.257
2010-12-23,17.203,0.001,65.41,0.334
2010-12-24,16.06,0.001,52.59,1.772
2010-12-25,15.906,0.0,51.74,1.481
2010-12-26,16.54,0.001,54.1,0.768
2010-12-27,18.071,0.173,60.97,1.008
2010-12-28,18.612,0.819,69.84,1.126
2010-12-29,18.468,1.324,76.55,0.872
2010-12-30,16.472,0.118,67.01,0.888
2010-12-31,14.519,0.0,44.13,0.823
2011-01-01,13.866,0.0,41.78,1.581
2011-01-02,13.314,0.001,42.95,1.196
2011-01-03,13.129,0.001,46.21,1.24
2011-01-04,13.417,0.001,47.1,1.244
2011-01-05,13.6,0.0,46.71,1.406
2011-01-06,14.354,0.001,45.58,0.995
2011-01-07,15.639,0.002,45.69,0.407
2011-01-08,15.32,0.0,44.63,1.162
2011-01-09,14.409,0.001,37.99,2.44
2011-01-10,14.461,0.002,33.98,1.37
2011-01-11,16.81,0.001,32.57,0.237
2011-01-12,18.216,0.001,35.34,0.674
2011-01-13,19.133,0.001,57.57,1.708
2011-01-14,17.677,0.001,45.43,1.96
2011-01-15,14.256,0.002,33.3,1.661
2011-01-16,14.313,0.003,22.1,1.668
2011-01-17,17.142,0.001,27.58,1.702
2011-01-18,17.629,0.0,41.23,1.032
2011-01-19,15.838,0.002,32.11,1.534
2011-01-20,17.411,0.0,35.06,0.672
2011-01-21,18.758,0.002,40.09,0.207
2011-01-22,19.976,0.002,42.05,0.155
2011-01-23,19.428,0.0,47.05,1.089
2011-01-24,19.217,0.0,47.0,1.087
2011-01-25,17.937,0.001,38.6,1.202
2011-01-26,15.656,0.0,33.62,2.618
2011-01-27,15.891,0.001,42.91,1.934
2011-01-28,17.3,0.001,51.14,0.733
2011-01-29,18.434,0.001,41.66,0.992
2011-01-30,18.128,0.0,45.76,1.831
2011-01-31,18.003,0.0,49.9,1.92
2011-02-01,18.383,0.0,48.74,1.468
2011-02-02,19.545,0.001,47.92,1.018
2011-02-03,20.622,0.0,45.59,0.943
2011-02-04,21.489,0.002,45.06,1.385
2011-02-05,21.069,0.001,47.53,1.52
2011-02-06,20.469,0.0,50.53,2.402
2011-02-07,20.45,0.005,61.72,2.426
2011-02-08,19.805,0.002,40.58,1.296
2011-02-09,19.138,0.002,39.88,0.899
2011-02-10,19.82,0.002,44.45,1.217
2011-02-11,21.625,0.003,44.46,1.106
2011-02-12,22.355,0.003,46.06,1.832
2011-02-13,20.493,0.0,51.78,1.696
2011-02-14,19.698,2.043,66.6,0.872
2011-02-15,18.455,0.347,66.25,0.926
2011-02-16,18.066,0.01,57.58,1.089
2011-02-17,18.496,0.0,46.19,1.647
2011-02-18,18.905,0.001,46.14,0.263
2011-02-19,19.221,0.0,47.35,0.731
2011-02-20,19.352,0.01,47.4,1.701
2011-02-21,17.485,0.0,45.32,2.178
2011-02-22,19.468,0.001,44.28,0.473
2011-02-23,20.153,0.001,41.11,0.305
2011-02-24,20.273,0.0,36.97,1.73
2011-02-25,21.035,0.002,35.18,0.741
2011-02-26,20.418,0.001,42.82,1.37
2011-02-27,20.089,0.0,33.4,2.44
2011-02-28,21.572,0.001,43.99,1.011
2011-03-01,22.456,0.001,41.6,0.163
2011-03-02,23.326,0.002,41.2,0.894
2011-03-03,23.313,0.045,46.08,0.797
2011-03-04,23.063,0.001,49.49,0.772
2011-03-05,23.313,0.002,40.33,0.204
2011-03-06,23.943,0.0,43.45,0.579
2011-03-07,25.063,0.0,39.07,0.924
2011-03-08,23.985,0.002,35.95,1.636
2011-03-09,21.678,0.002,30.93,1.093
2011-03-10,21.733,0.0,23.4,2.219
2011-03-11,21.926,0.0,25.84,2.217
2011-03-12,22.942,0.001,27.51,1.175
2011-03-13,25.074,0.001,26.34,0.395
2011-03-14,26.896,0.0,27.19,0.382
2011-03-15,27.392,0.002,30.25,0.88
2011-03-16,28.044,0.0,29.25,0.56
2011-03-17,29.254,0.0,27.25,1.5
2011-03-18,28.272,0.0,20.05,2.547
2011-03-19,26.359,0.0,26.98,3.254
2011-03-20,25.446,0.001,37.97,1.804
2011-03-21,25.803,0.0,30.14,1.78
2011-03-22,25.223,0.0,29.47,2.098
2011-03-23,25.215,0.0,33.43,1.664
2011-03-24,26.359,0.002,29.64,0.82
2011-03-25,27.061,0.002,23.92,0.413
2011-03-26,27.745,0.0,21.8,0.748
2011-03-27,28.446,0.001,20.74,1.616
2011-03-28,27.905,0.001,23.88,2.873
2011-03-29,26.906,0.0,33.39,2.835
2011-03-30,26.998,0.001,26.89,1.764
2011-03-31,25.805,0.001,31.78,1.817
2011-04-01,27.062,0.0,32.91,1.946
2011-04-02,27.044,0.002,20.01,1.036
2011-04-03,25.172,-0.0,17.93,1.974
2011-04-04,25.924,0.003,19.06,1.266
2011-04-05,27.14,0.002,18.67,0.261
2011-04-06,28.162,0.0,20.67,0.613
2011-04-07,28.777,0.002,21.77,0.926
2011-04-08,28.233,0.011,24.66,0.305
2011-04-09,29.023,0.0,26.25,0.53
2011-04-10,29.996,0.001,27.01,1.401
2011-04-11,29.662,0.001,29.42,1.572
2011-04-12,28.083,0.0,38.83,1.265
2011-04-13,28.806,0.035,36.99,1.037
2011-04-14,29.412,0.001,29.01,0.819
2011-04-15,30.676,0.005,27.9,1.428
2011-04-16,30.451,0.028,33.6,1.977
2011-04-17,29.148,0.294,37.84,1.513
2011-04-18,28.168,0.0,23.11,0.914
2011-04-19,28.584,0.0,16.26,0.329
2011-04-20,29.075,0.0,20.51,0.567
2011-04-21,29.32,0.0,18.26,0.962
2011-04-22,30.341,0.0,14.43,0.728
2011-04-23,30.792,0.001,15.02,0.213
2011-04-24,31.524,0.001,14.84,1.51
2011-04-25,31.522,0.0,16.27,1.675
2011-04-26,31.468,0.0,20.26,1.375
2011-04-27,31.878,0.001,22.21,1.372
2011-04-28,31.606,0.001,26.51,1.618
2011-04-29,30.745,0.0,33.41,2.182
2011-04-30,30.803,0.125,34.49,1.632
2011-05-01,30.986,0.0,32.06,1.981
2011-05-02,30.451,0.001,39.33,3.096
2011-05-03,29.78,0.001,39.96,3.427
2011-05-04,29.432,0.005,46.76,3.408
2011-05-05,29.806,0.001,43.84,3.098
2011-05-06,28.904,0.003,37.39,2.004
2011-05-07,30.937,0.0,34.92,1.536
2011-05-08,31.691,0.002,30.22,2.509
2011-05-09,31.583,0.003,29.49,3.216
2011-05-10,30.521,0.001,41.9,3.589
2011-05-11,30.584,0.004,43.97,3.552
2011-05-12,30.542,0.002,47.29,3.37
2011-05-13,30.891,0.001,43.28,2.959
2011-05-14,31.033,0.001,46.15,2.294
2011-05-15,31.994,0.916,36.24,2.139
2011-05-16,32.314,0.435,39.57,1.434
2011-05-17,33.213,0.373,36.42,1.436
2011-05-18,33.052,0.09,37.61,2.711
2011-05-19,32.357,0.003,41.37,4.181
2011-05-20,31.729,0.0,48.01,5.089
2011-05-21,31.657,0.029,49.36,4.922
2011-05-22,31.767,0.081,48.22,4.051
2011-05-23,31.89,0.007,48.21,3.275
2011-05-24,31.549,0.0,47.65,3.564
2011-05-25,31.433,0.005,46.58,3.598
2011-05-26,31.584,0.002,43.64,3.169
2011-05-27,32.036,0.0,37.06,2.933
2011-05-28,32.104,0.0,42.69,2.831
2011-05-29,32.156,0.0,39.41,2.946
2011-05-30,31.855,0.002,40.22,3.655
2011-05-31,31.377,0.007,47.75,4.634
2011-06-01,31.407,0.04,46.67,4.466
2011-06-02,31.974,0.001,40.71,2.092
2011-06-03,33.142,0.036,36.18,0.803
2011-06-04,34.244,0.001,31.67,0.604
2011-06-05,35.347,0.0,24.65,0.504
2011-06-06,35.265,0.001,31.87,1.503
2011-06-07,35.471,0.005,35.65,2.67
2011-06-08,33.66,0.001,47.31,4.241
2011-06-09,33.377,0.036,49.32,3.851
2011-06-10,32.767,0.0,48.99,3.762
2011-06-11,32.753,0.004,50.16,4.038
2011-06-12,31.911,0.012,53.67,3.725
2011-06-13,31.581,0.089,53.07,3.539
2011-06-14,32.112,0.347,54.4,3.717
2011-06-15,31.015,0.178,54.22,4.99
2011-06-16,30.478,0.218,55.96,4.932
2011-06-17,30.064,0.344,57.61,4.744
2011-06-18,29.868,0.562,59.4,4.163
2011-06-19,30.263,0.473,57.57,3.838
2011-06-20,30.648,0.347,55.54,4.206
2011-06-21,30.723,0.61,56.07,4.152
2011-06-22,30.703,0.277,55.07,4.249
2011-06-23,27.834,1.181,67.69,4.291
2011-06-24,28.674,0.361,62.84,4.653
2011-06-25,29.601,0.233,56.58,4.47
2011-06-26,29.29,0.443,60.71,3.933
2011-06-27,28.641,1.285,65.83,3.952
2011-06-28,29.198,0.72,63.97,4.418
2011-06-29,29.126,1.229,63.16,4.722
2011-06-30,28.78,1.681,64.58,4.843
2011-07-01,28.981,1.097,60.18,4.54
2011-07-02,29.113,0.717,57.02,3.682
2011-07-03,29.47,0.668,58.15,3.432
2011-07-04,30.263,0.336,54.2,2.534
2011-07-05,30.012,3.44,61.62,1.057
2011-07-06,27.157,6.793,77.87,1.341
2011-07-07,28.827,6.283,71.4,1.906
2011-07-08,27.871,9.184,74.11,2.619
2011-07-09,25.504,6.907,86.14,2.821
2011-07-10,25.384,13.536,89.2,2.996
2011-07-11,27.171,1.127,78.13,3.179
2011-07-12,28.083,0.47,71.04,2.936
2011-07-13,28.607,0.769,69.71,2.659
2011-07-14,28.017,0.45,72.32,2.683
2011-07-15,28.367,2.114,73.51,2.47
2011-07-16,27.552,6.293,80.29,1.378
2011-07-17,28.287,3.819,77.47,0.48
2011-07-18,28.46,18.493,79.1,1.783
2011-07-19,27.241,6.966,79.33,3.729
2011-07-20,27.513,0.694,72.24,4.666
2011-07-21,27.231,1.471,74.09,4.402
2011-07-22,26.716,1.342,74.42,3.444
2011-07-23,25.904,4.391,84.19,2.982
2011-07-24,26.101,7.311,82.25,2.152
2011-07-25,25.904,5.877,88.01,1.053
2011-07-26,27.662,2.657,80.82,1.786
2011-07-27,27.56,3.196,80.79,2.608
2011-07-28,27.123,5.551,83.97,2.525
2011-07-29,26.667,4.492,85.43,2.628
2011-07-30,26.332,7.806,88.5,2.32
2011-07-31,26.078,6.486,86.6,2.581
2011-08-01,26.005,1.464,85.41,2.477
2011-08-02,27.375,0.283,75.73,2.471
2011-08-03,27.453,1.704,78.2,2.532
2011-08-04,27.418,1.955,79.08,2.699
2011-08-05,27.501,0.87,77.27,3.137
2011-08-06,27.434,1.223,76.32,3.519
2011-08-07,27.185,0.7,77.55,3.268
2011-08-08,27.056,4.078,79.08,2.758
2011-08-09,24.793,54.136,96.7,2.543
2011-08-10,24.636,40.652,92.3,3.921
2011-08-11,25.185,4.301,86.22,3.865
2011-08-12,24.883,15.683,92.4,1.529
2011-08-13,24.911,27.995,93.98,0.803
2011-08-14,25.122,25.808,92.78,1.13
2011-08-15,24.458,41.289,97.51,2.185
2011-08-16,25.302,6.133,87.9,2.697
2011-08-17,26.347,1.187,80.15,2.933
2011-08-18,26.483,1.396,80.67,2.342
2011-08-19,26.197,1.318,83.09,1.631
2011-08-20,25.333,11.857,90.3,0.568
2011-08-21,25.451,13.77,89.02,0.249
2011-08-22,26.532,4.385,85.22,1.185
2011-08-23,27.058,1.7,82.82,2.1
2011-08-24,26.122,3.688,85.19,1.975
2011-08-25,25.315,3.913,88.06,1.518
2011-08-26,25.877,3.242,85.99,1.546
2011-08-27,26.117,5.36,86.32,0.315
2011-08-28,26.945,3.257,83.5,0.827
2011-08-29,26.842,11.768,84.46,1.595
2011-08-30,26.559,11.541,84.68,1.841
2011-08-31,26.374,13.467,85.99,1.184
2011-09-01,26.497,3.855,85.18,0.575
2011-09-02,26.456,8.288,84.7,0.365
2011-09-03,26.163,8.644,86.51,0.8
2011-09-04,25.773,8.362,88.89,1.762
2011-09-05,26.312,4.287,84.95,2.461
2011-09-06,25.186,7.218,88.56,2.709
2011-09-07,24.082,10.063,88.82,4.276
2011-09-08,24.755,10.052,88.96,3.759
2011-09-09,25.132,4.739,85.8,2.994
2011-09-10,25.688,2.723,87.13,1.258
2011-09-11,25.155,22.986,91.08,0.531
2011-09-12,24.619,9.961,91.05,1.721
2011-09-13,25.264,1.231,86.14,2.727
2011-09-14,26.194,1.084,84.52,1.546
2011-09-15,26.076,1.143,81.72,1.813
2011-09-16,26.249,0.419,77.32,2.897
2011-09-17,23.794,21.408,90.9,2.416
2011-09-18,24.773,1.636,82.34,2.685
2011-09-19,24.526,0.412,78.95,2.262
2011-09-20,24.224,0.273,78.05,1.827
2011-09-21,24.082,0.203,78.21,1.785
2011-09-22,24.558,0.566,79.8,1.384
2011-09-23,24.823,0.566,77.36,1.174
2011-09-24,24.694,0.342,79.25,1.86
2011-09-25,24.423,0.177,77.97,2.176
2011-09-26,24.046,0.004,75.08,2.347
2011-09-27,23.928,0.001,75.15,2.3
2011-09-28,24.085,0.001,74.56,2.231
2011-09-29,24.377,0.02,73.66,1.854
2011-09-30,24.71,0.058,74.27,1.588
2011-10-01,24.577,0.0,73.25,1.966
2011-10-02,23.951,0.001,71.81,2.311
2011-10-03,23.304,0.001,73.45,2.255
2011-10-04,23.238,0.0,70.36,1.605
2011-10-05,24.503,0.002,70.46,0.752
2011-10-06,25.334,0.001,67.89,0.635
2011-10-07,26.145,0.008,63.39,0.796
2011-10-08,26.349,0.088,62.8,0.453
2011-10-09,26.75,0.101,58.13,0.373
2011-10-10,27.13,0.002,54.05,0.424
2011-10-11,27.536,0.0,50.39,0.529
2011-10-12,27.57,0.001,51.42,0.511
2011-10-13,27.995,0.004,52.34,0.247
2011-10-14,27.64,0.022,51.01,0.698
2011-10-15,27.256,0.001,44.62,0.409
2011-10-16,27.079,0.001,48.63,0.34
2011-10-17,27.094,0.001,51.86,0.371
2011-10-18,26.493,0.0,39.17,1.22
2011-10-19,25.714,0.001,37.66,0.313
2011-10-20,25.562,0.029,45.39,0.276
2011-10-21,25.812,0.001,46.87,0.301
2011-10-22,25.804,0.001,46.37,0.444
2011-10-23,25.847,0.001,46.73,0.326
2011-10-24,25.652,0.001,45.93,0.447
2011-10-25,25.08,0.0,45.35,0.653
2011-10-26,24.892,0.001,44.24,1.779
2011-10-27,24.641,0.001,44.44,1.31
2011-10-28,24.617,0.001,44.66,0.829
2011-10-29,24.46,0.002,46.36,1.039
2011-10-30,24.498,0.001,43.92,0.646
2011-10-31,23.743,0.0,46.39,0.85
2011-11-01,23.018,0.002,45.49,1.294
2011-11-02,24.234,0.0,45.53,0.819
2011-11-03,25.181,0.04,52.56,0.303
2011-11-04,25.272,0.007,59.33,0.313
2011-11-05,25.388,0.001,59.2,0.522
2011-11-06,24.732,0.0,51.51,0.777
2011-11-07,24.84,0.0,47.89,0.466
2011-11-08,25.168,0.002,48.5,0.426
2011-11-09,25.195,0.001,51.93,0.501
2011-11-10,25.188,0.0,51.58,0.28
2011-11-11,25.127,0.001,49.99,0.22
2011-11-12,24.833,0.0,55.82,0.526
2011-11-13,24.739,0.0,51.15,0.861
2011-11-14,24.386,0.001,47.0,0.585
2011-11-15,23.721,0.0,47.56,0.435
2011-11-16,23.384,0.003,50.23,0.409
2011-11-17,23.289,0.0,51.71,0.297
2011-11-18,23.276,0.002,52.65,0.402
2011-11-19,22.824,0.001,56.24,0.164
2011-11-20,22.798,0.002,51.79,0.871
2011-11-21,23.301,0.0,49.25,1.5
2011-11-22,22.62,0.003,47.08,1.336
2011-11-23,21.545,0.001,52.83,1.622
2011-11-24,21.032,0.001,57.12,0.899
2011-11-25,21.197,0.0,57.75,1.294
2011-11-26,21.442,0.001,56.72,0.976
2011-11-27,21.465,0.001,55.47,0.803
2011-11-28,22.291,0.0,53.36,1.529
2011-11-29,22.136,0.002,49.58,1.972
2011-11-30,21.604,0.0,44.98,1.108
2011-12-01,21.89,0.001,41.95,1.033
2011-12-02,22.817,0.0,38.69,1.198
2011-12-03,23.452,0.001,46.63,0.612
2011-12-04,24.126,0.0,53.99,0.165
2011-12-05,23.336,0.0,61.52,0.606
2011-12-06,22.25,0.0,54.88,0.662
2011-12-07,21.274,0.0,53.68,0.487
2011-12-08,21.111,0.002,50.68,0.45
2011-12-09,19.216,0.001,53.89,1.699
2011-12-10,16.881,0.0,32.09,2.024
2011-12-11,16.034,0.0,34.38,1.235
2011-12-12,16.07,0.002,40.52,1.048
2011-12-13,16.529,0.002,43.64,1.272
2011-12-14,17.477,0.001,44.53,1.096
2011-12-15,17.544,0.001,45.6,0.965
2011-12-16,17.681,0.0,45.0,0.995
2011-12-17,18.215,0.001,48.29,0.753
2011-12-18,17.984,0.0,50.05,0.698
2011-12-19,18.194,0.0,51.29,0.536
2011-12-20,17.52,0.001,45.9,0.672
2011-12-21,16.508,0.001,48.88,2.183
2011-12-22,16.696,0.0,59.02,2.047
2011-12-23,16.956,0.0,60.91,1.52
2011-12-24,17.353,0.001,56.74,0.764
2011-12-25,17.39,0.0,54.35,0.628
2011-12-26,18.186,0.001,53.19,0.053
2011-12-27,17.632,0.0,56.41,0.766
2011-12-28,17.672,0.002,49.51,1.413
2011-12-29,16.258,0.0,42.6,1.812
2011-12-30,15.373,0.001,48.02,1.735
2011-12-31,15.519,0.001,49.37,2.039
2012-01-01,14.438,0.001,55.8,2.633
2012-01-02,14.872,0.001,49.47,1.666
2012-01-03,16.079,0.001,53.19,0.464
2012-01-04,17.168,0.001,48.68,1.093
2012-01-05,18.472,0.427,66.62,1.303
2012-01-06,17.991,0.243,60.78,0.82
2012-01-07,15.206,0.001,37.75,1.087
2012-01-08,13.039,0.001,35.82,2.456
2012-01-09,13.228,0.0,39.95,1.873
2012-01-10,13.426,0.0,40.68,1.674
2012-01-11,14.156,0.001,40.07,1.123
2012-01-12,14.782,0.001,41.02,1.441
2012-01-13,15.692,0.0,38.82,0.814
2012-01-14,16.745,0.0,35.74,1.338
2012-01-15,18.186,0.001,43.82,2.237
2012-01-16,17.712,0.865,75.56,1.108
2012-01-17,15.771,-0.0,49.94,0.994
2012-01-18,14.197,0.0,38.57,0.552
2012-01-19,13.717,0.001,37.26,1.213
2012-01-20,13.969,0.0,38.46,1.325
2012-01-21,14.478,0.002,41.64,1.66
2012-01-22,15.962,0.0,43.25,0.62
2012-01-23,16.759,0.001,46.15,1.013
2012-01-24,17.689,0.0,48.81,0.17
2012-01-25,18.024,0.002,48.95,0.558
2012-01-26,16.98,0.001,46.92,1.566
2012-01-27,16.984,0.002,49.35,0.422
2012-01-28,15.881,0.001,38.46,2.06
2012-01-29,15.551,0.0,40.82,2.196
2012-01-30,15.848,0.0,36.16,1.438
2012-01-31,16.089,0.001,34.72,1.593
2012-02-01,15.937,0.001,33.53,1.629
2012-02-02,16.779,0.001,38.07,1.007
2012-02-03,18.732,0.0,45.8,1.383
2012-02-04,18.117,0.001,53.91,1.801
2012-02-05,16.433,0.001,44.93,2.058
2012-02-06,16.465,0.001,42.17,2.456
2012-02-07,13.967,0.0,32.28,2.095
2012-02-08,11.302,0.002,23.41,1.245
2012-02-09,13.161,0.003,26.77,1.449
2012-02-10,14.86,0.002,30.51,1.308
2012-02-11,18.051,0.001,35.88,0.591
2012-02-12,19.112,0.001,42.44,1.621
2012-02-13,18.485,0.002,51.33,1.056
2012-02-14,17.865,0.001,41.0,1.604
2012-02-15,16.554,0.001,36.37,2.13
2012-02-16,16.422,0.0,36.15,2.201
2012-02-17,17.666,0.001,40.13,1.596
2012-02-18,18.536,0.001,40.44,1.523
2012-02-19,20.178,0.001,42.59,0.342
2012-02-20,21.945,0.0,34.96,1.782
2012-02-21,22.448,0.001,44.94,2.514
2012-02-22,21.248,0.001,45.8,1.486
2012-02-23,19.638,0.002,37.66,1.222
2012-02-24,17.389,0.001,26.39,1.631
2012-02-25,18.195,0.0,29.49,1.97
2012-02-26,19.556,0.002,30.6,1.811
2012-02-27,21.317,0.002,33.42,0.291
2012-02-28,21.817,0.0,27.0,0.545
2012-02-29,21.006,0.001,30.94,1.525
2012-03-01,20.373,0.0,38.91,1.526
2012-03-02,21.543,0.0,52.39,1.426
2012-03-03,22.7,0.001,46.84,2.389
2012-03-04,24.162,0.0,41.21,2.767
2012-03-05,23.229,0.001,39.0,2.974
2012-03-06,21.008,0.003,39.89,1.799
2012-03-07,20.874,0.003,25.78,1.875
2012-03-08,18.885,0.002,14.28,1.735
2012-03-09,18.409,0.0,18.35,1.273
2012-03-10,19.603,0.001,22.29,1.134
2012-03-11,21.503,0.002,24.98,1.381
2012-03-12,21.366,0.0,31.46,1.638
2012-03-13,20.153,0.004,28.28,1.744
2012-03-14,22.181,0.002,25.25,0.536
2012-03-15,23.793,0.002,28.46,0.276
2012-03-16,25.33,0.0,30.48,1.789
2012-03-17,25.088,0.003,31.57,2.053
2012-03-18,26.141,0.0,33.64,1.856
2012-03-19,26.372,0.0,30.95,2.329
2012-03-20,23.889,0.0,21.02,1.439
2012-03-21,21.989,0.0,13.96,1.813
2012-03-22,23.041,0.002,15.68,1.851
2012-03-23,24.645,0.001,20.94,0.577
2012-03-24,26.257,0.002,20.44,0.336
2012-03-25,26.79,0.003,21.01,0.968
2012-03-26,27.431,0.0,27.42,1.448
2012-03-27,28.308,0.001,31.67,1.217
2012-03-28,28.941,0.001,29.58,0.67
2012-03-29,28.813,0.001,26.44,0.863
2012-03-30,29.245,0.0,28.4,1.053
2012-03-31,29.962,0.0,29.72,1.706
2012-04-01,30.148,0.002,21.05,1.115
2012-04-02,30.115,0.002,25.06,1.445
2012-04-03,30.445,0.001,30.89,1.453
2012-04-04,30.645,0.0,26.45,0.286
2012-04-05,29.675,0.0,30.14,1.611
2012-04-06,29.403,0.007,33.64,1.807
2012-04-07,29.825,0.0,33.04,1.775
2012-04-08,29.703,0.0,30.02,1.531
2012-04-09,29.961,0.001,28.39,1.927
2012-04-10,29.773,0.002,31.52,2.158
2012-04-11,29.43,0.079,31.64,2.831
2012-04-12,28.604,0.879,36.43,2.066
2012-04-13,27.538,1.27,44.72,2.189
2012-04-14,26.96,0.314,51.19,0.97
2012-04-15,27.815,0.001,42.79,0.757
2012-04-16,29.406,0.002,33.91,1.679
2012-04-17,29.106,0.186,35.2,2.144
2012-04-18,28.711,0.002,35.47,1.803
2012-04-19,28.353,0.047,36.05,1.687
2012-04-20,26.115,0.418,43.49,1.308
2012-04-21,27.188,0.132,41.36,1.495
2012-04-22,27.334,-0.0,35.39,1.76
2012-04-23,27.526,0.001,38.06,1.634
2012-04-24,27.862,0.001,40.5,1.361
2012-04-25,28.827,0.006,34.79,1.089
2012-04-26,28.638,0.0,34.95,0.757
2012-04-27,29.009,0.002,31.55,0.49
2012-04-28,29.63,0.0,28.18,2.238
2012-04-29,29.73,0.0,27.12,2.306
2012-04-30,29.866,0.0,24.06,1.71
2012-05-01,29.94,0.002,16.82,0.945
2012-05-02,30.154,0.001,20.99,1.147
2012-05-03,30.819,0.106,32.78,2.391
2012-05-04,30.482,0.0,36.07,2.454
2012-05-05,30.353,0.002,41.88,2.778
2012-05-06,30.061,0.072,48.14,2.556
2012-05-07,29.704,1.345,50.06,1.831
2012-05-08,30.28,0.545,45.62,1.184
2012-05-09,31.173,0.545,44.33,1.361
2012-05-10,31.153,0.263,43.51,1.956
2012-05-11,30.117,0.004,45.85,2.382
2012-05-12,29.35,0.906,47.28,2.807
2012-05-13,29.234,0.01,51.26,2.387
2012-05-14,30.23,0.002,43.67,2.275
2012-05-15,30.705,0.001,41.77,2.398
2012-05-16,30.963,0.001,38.99,3.4
2012-05-17,30.505,0.001,41.87,3.13
2012-05-18,30.892,0.0,39.22,2.596
2012-05-19,31.717,0.013,40.73,2.233
2012-05-20,31.854,0.005,37.3,2.279
2012-05-21,31.948,0.0,37.04,2.633
2012-05-22,32.428,0.011,40.81,2.275
2012-05-23,32.601,0.003,36.41,2.7
2012-05-24,32.834,0.0,38.72,2.91
2012-05-25,32.401,0.001,35.7,3.397
2012-05-26,31.582,0.0,37.99,2.851
2012-05-27,32.294,0.002,39.54,2.452
2012-05-28,32.312,0.001,37.1,2.657
2012-05-29,32.287,0.001,38.83,2.669
2012-05-30,32.379,0.001,40.83,3.168
2012-05-31,32.09,0.002,42.67,3.88
2012-06-01,31.125,0.004,46.78,4.212
2012-06-02,31.016,0.009,47.22,4.268
2012-06-03,30.63,0.041,49.6,4.531
2012-06-04,30.797,0.114,49.37,4.251
2012-06-05,31.028,0.057,47.69,4.109
2012-06-06,31.356,0.003,44.03,3.293
2012-06-07,31.391,0.015,43.29,2.849
2012-06-08,31.662,0.091,44.49,2.979
2012-06-09,31.271,0.002,46.22,3.551
2012-06-10,30.935,0.005,48.64,3.629
2012-06-11,31.383,0.327,49.63,2.568
2012-06-12,31.496,1.06,53.18,0.834
2012-06-13,30.915,6.866,60.04,1.517
2012-06-14,30.601,1.424,63.89,2.249
2012-06-15,31.55,0.14,54.95,3.497
2012-06-16,29.64,3.031,67.78,3.677
2012-06-17,30.558,0.012,55.77,3.873
2012-06-18,31.137,0.058,52.23,3.933
2012-06-19,31.369,0.067,50.8,4.394
2012-06-20,30.824,0.273,53.34,4.973
2012-06-21,30.633,0.318,52.72,4.846
2012-06-22,30.669,0.217,52.08,4.462
2012-06-23,30.683,0.234,53.53,4.458
2012-06-24,30.829,0.161,52.79,4.787
2012-06-25,30.808,0.221,53.75,5.385
2012-06-26,30.373,0.436,52.53,5.532
2012-06-27,30.439,0.315,50.5,4.708
2012-06-28,30.801,0.052,48.53,3.441
2012-06-29,31.258,0.006,48.25,3.048
2012-06-30,32.157,0.0,46.97,3.074
2012-07-01,32.568,0.017,47.7,2.952
2012-07-02,33.083,0.232,48.0,2.502
2012-07-03,32.905,0.571,49.95,3.005
2012-07-04,29.429,0.835,66.27,3.466
2012-07-05,27.118,6.876,79.38,3.2
2012-07-06,29.013,0.487,64.68,4.351
2012-07-07,28.34,1.314,68.93,4.124
2012-07-08,29.096,0.764,64.22,3.008
2012-07-09,31.296,1.416,55.24,2.466
2012-07-10,25.538,32.889,88.69,2.451
2012-07-11,24.325,94.224,88.61,2.923
2012-07-12,26.2,6.569,84.62,2.822
2012-07-13,27.432,1.39,77.86,4.174
2012-07-14,27.112,1.057,76.14,4.033
2012-07-15,26.847,1.842,77.13,3.586
2012-07-16,26.745,2.33,78.12,2.799
2012-07-17,27.3,1.748,76.95,2.494
2012-07-18,27.594,1.239,75.59,3.573
2012-07-19,27.348,1.04,75.69,4.288
2012-07-20,27.969,0.817,74.33,3.21
2012-07-21,27.936,0.382,72.71,2.308
2012-07-22,28.234,1.099,73.57,2.779
2012-07-23,27.043,5.852,78.4,3.626
2012-07-24,27.285,1.024,75.17,4.15
2012-07-25,27.552,0.865,73.27,3.968
2012-07-26,27.613,0.783,70.64,3.3
2012-07-27,28.091,0.226,70.15,3.191
2012-07-28,27.6,2.467,70.66,3.523
2012-07-29,25.923,7.76,82.78,3.501
2012-07-30,25.548,7.698,84.59,3.057
2012-07-31,25.453,6.766,87.99,3.066
2012-08-01,26.578,1.804,78.89,3.527
2012-08-02,26.825,2.061,74.89,4.665
2012-08-03,26.945,1.611,74.12,5.056
2012-08-04,26.943,1.239,74.83,4.265
2012-08-05,26.879,2.122,78.64,2.952
2012-08-06,27.134,1.74,77.85,1.954
2012-08-07,26.256,17.966,87.21,1.781
2012-08-08,24.358,28.675,94.58,2.459
2012-08-09,24.651,20.202,89.6,2.393
2012-08-10,26.511,0.15,76.73,2.32
2012-08-11,25.259,27.138,86.62,1.485
2012-08-12,24.991,30.336,90.06,1.618
2012-08-13,23.707,39.477,96.73,2.81
2012-08-14,23.666,56.824,95.01,3.231
2012-08-15,25.49,2.069,79.94,3.626
2012-08-16,25.863,0.768,77.21,3.056
2012-08-17,26.104,0.453,76.31,2.857
2012-08-18,26.283,0.597,77.17,2.464
2012-08-19,26.737,0.141,76.93,1.914
2012-08-20,27.074,2.731,80.63,1.697
2012-08-21,26.597,0.965,79.03,2.842
2012-08-22,25.45,4.505,84.55,3.102
2012-08-23,25.064,7.786,89.18,2.811
2012-08-24,25.767,3.123,85.68,2.903
2012-08-25,25.278,2.551,85.91,2.774
2012-08-26,25.638,5.252,87.3,2.022
2012-08-27,26.011,6.202,87.72,1.653
2012-08-28,25.901,16.343,89.5,1.522
2012-08-29,25.758,8.236,89.79,1.335
2012-08-30,26.693,7.399,87.57,0.81
2012-08-31,26.431,11.48,88.44,0.7
2012-09-01,26.734,6.437,87.0,1.08
2012-09-02,26.919,9.427,86.11,1.088
2012-09-03,26.114,26.855,90.09,0.469
2012-09-04,25.945,10.022,88.6,0.355
2012-09-05,27.004,6.06,83.38,0.715
2012-09-06,26.407,4.561,85.72,0.911
2012-09-07,25.22,24.628,90.56,1.055
2012-09-08,25.544,4.853,87.11,3.873
2012-09-09,25.747,1.724,85.1,3.55
2012-09-10,25.193,3.374,89.0,2.287
2012-09-11,24.733,27.688,94.87,1.126
2012-09-12,23.932,23.127,93.6,1.878
2012-09-13,25.972,1.333,81.35,3.135
2012-09-14,24.756,3.607,92.02,2.986
2012-09-15,25.585,1.124,81.26,3.189
2012-09-16,25.4,1.329,79.79,2.865
2012-09-17,24.865,0.532,78.49,2.5
2012-09-18,24.877,0.297,75.41,1.621
2012-09-19,25.324,0.673,78.31,0.876
2012-09-20,26.035,1.283,81.1,1.025
2012-09-21,26.347,0.898,81.14,1.081
2012-09-22,25.915,0.681,81.86,1.83
2012-09-23,25.098,0.54,79.38,2.149
2012-09-24,24.176,0.074,77.44,2.125
2012-09-25,24.041,0.046,74.43,1.969
2012-09-26,24.651,0.627,75.91,1.189
2012-09-27,25.266,0.345,72.61,0.479
2012-09-28,25.776,0.002,66.24,0.103
2012-09-29,26.297,0.002,62.64,0.472
2012-09-30,26.668,0.001,58.82,1.07
2012-10-01,26.821,0.002,57.1,1.362
2012-10-02,27.029,0.002,57.21,0.76
2012-10-03,27.621,0.0,52.74,0.332
2012-10-04,27.017,0.0,61.89,1.406
2012-10-05,26.666,0.003,67.41,1.291
2012-10-06,26.983,0.261,68.87,0.804
2012-10-07,27.272,0.401,62.82,0.244
2012-10-08,27.15,0.0,54.75,0.264
2012-10-09,25.989,0.0,42.7,0.148
2012-10-10,25.563,0.001,39.27,0.385
2012-10-11,25.786,0.0,46.98,0.679
2012-10-12,25.516,0.0,49.25,1.508
2012-10-13,25.367,0.001,51.31,1.517
2012-10-14,25.924,0.0,53.66,1.156
2012-10-15,25.916,0.002,53.61,1.514
2012-10-16,25.507,0.002,51.11,1.173
2012-10-17,25.767,0.009,56.17,0.366
2012-10-18,25.86,0.033,54.37,0.33
2012-10-19,25.688,0.001,48.58,0.474
2012-10-20,25.642,0.0,45.35,0.814
2012-10-21,25.279,0.059,46.61,0.912
2012-10-22,25.322,0.09,47.78,0.543
2012-10-23,25.675,0.019,47.5,0.208
2012-10-24,23.832,-0.0,45.88,1.663
2012-10-25,22.354,0.0,37.13,1.271
2012-10-26,22.628,0.0,39.77,1.266
2012-10-27,22.622,0.0,38.72,1.662
2012-10-28,22.957,0.002,39.18,1.156
2012-10-29,23.429,0.0,39.43,1.423
2012-10-30,23.22,0.0,39.35,1.68
2012-10-31,23.05,0.001,43.69,1.778
2012-11-01,22.441,0.003,46.9,2.008
2012-11-02,22.163,0.001,45.5,2.003
2012-11-03,21.762,0.0,45.43,1.755
2012-11-04,21.884,0.0,45.07,1.536
2012-11-05,21.8,0.001,45.13,1.292
2012-11-06,22.13,0.0,45.43,1.125
2012-11-07,22.373,0.001,44.14,0.376
2012-11-08,22.628,0.0,42.97,0.894
2012-11-09,22.695,0.001,45.28,0.99
2012-11-10,23.342,0.001,46.58,0.774
2012-11-11,23.1,0.009,53.17,0.504
2012-11-12,23.182,0.003,48.44,0.875
2012-11-13,23.082,0.001,44.28,1.46
2012-11-14,22.515,0.0,43.25,1.285
2012-11-15,22.123,0.0,39.76,1.193
2012-11-16,21.434,0.001,40.56,0.952
2012-11-17,21.149,0.0,41.07,0.827
2012-11-18,21.673,0.001,44.56,0.321
2012-11-19,21.758,0.002,46.34,1.152
2012-11-20,21.222,0.0,49.41,1.382
2012-11-21,21.268,0.0,49.33,0.695
2012-11-22,20.746,0.001,50.14,0.561
2012-11-23,20.901,0.0,44.71,0.336
2012-11-24,20.939,0.0,48.99,0.358
2012-11-25,20.156,0.001,49.15,1.331
2012-11-26,20.317,0.001,46.97,1.094
2012-11-27,20.629,0.003,49.47,0.783
2012-11-28,20.742,0.001,44.46,0.36
2012-11-29,20.89,0.001,50.77,0.817
2012-11-30,17.44,0.0,43.38,2.374
2012-12-01,17.511,0.001,46.26,1.453
2012-12-02,19.068,0.002,54.54,1.138
2012-12-03,20.452,0.002,58.89,1.195
2012-12-04,21.537,0.001,57.95,1.121
2012-12-05,21.346,0.001,54.53,1.325
2012-12-06,21.586,0.001,50.77,1.143
2012-12-07,21.253,0.001,53.54,0.832
2012-12-08,20.681,0.001,47.89,1.022
2012-12-09,20.262,0.0,47.11,0.407
2012-12-10,20.729,0.003,53.6,0.901
2012-12-11,20.131,0.001,48.09,0.651
2012-12-12,19.335,0.0,45.74,1.199
2012-12-13,19.603,0.009,49.87,1.986
2012-12-14,19.487,0.251,67.21,0.815
2012-12-15,19.255,0.009,66.69,1.041
2012-12-16,19.183,0.001,67.49,2.025
2012-12-17,20.17,0.0,64.12,1.276
2012-12-18,19.531,0.0,57.32,1.892
2012-12-19,17.12,0.001,48.43,2.269
2012-12-20,16.513,0.002,41.47,1.173
2012-12-21,16.915,0.001,37.14,1.202
2012-12-22,17.201,0.0,37.73,1.132
2012-12-23,17.723,0.0,41.59,1.023
2012-12-24,17.693,0.0,41.3,1.156
2012-12-25,17.631,0.001,40.03,1.423
2012-12-26,17.719,0.001,42.11,0.698
2012-12-27,18.286,0.001,40.33,0.809
2012-12-28,17.182,0.0,48.12,0.818
2012-12-29,15.486,0.0,43.04,2.031
2012-12-30,15.624,0.0,51.07,2.608
