date,temp_c,precip_mm,humidity_pct,wind_speed_ms
2000-01-01,21.384,0.315,72.0,1.985
2000-01-02,21.452,0.002,67.27,1.679
2000-01-03,22.019,0.0,67.41,1.67
2000-01-04,22.079,0.002,66.59,1.71
2000-01-05,22.57,0.248,74.64,1.719
2000-01-06,22.785,0.284,76.34,1.704
2000-01-07,22.856,0.006,65.82,1.905
2000-01-08,22.42,0.274,73.55,2.018
2000-01-09,23.109,1.854,76.35,1.687
2000-01-10,22.108,3.181,82.77,1.466
2000-01-11,22.293,0.57,83.19,1.438
2000-01-12,23.272,0.135,74.28,1.105
2000-01-13,23.188,0.014,71.23,0.871
2000-01-14,23.64,0.003,69.12,0.669
2000-01-15,24.206,0.039,69.15,0.901
2000-01-16,23.994,0.046,69.97,1.485
2000-01-17,22.855,0.016,68.35,1.743
2000-01-18,22.2,0.003,64.08,1.697
2000-01-19,23.047,0.001,63.75,1.316
2000-01-20,23.794,0.0,59.11,0.82
2000-01-21,23.728,0.002,60.66,0.611
2000-01-22,23.282,0.001,54.96,0.9
2000-01-23,23.319,0.006,54.71,0.735
2000-01-24,23.642,0.001,55.93,1.03
2000-01-25,23.257,0.017,62.69,1.684
2000-01-26,22.788,0.004,57.79,1.865
2000-01-27,22.646,0.002,62.11,2.034
2000-01-28,23.163,0.01,64.7,1.854
2000-01-29,24.103,0.062,61.47,1.673
2000-01-30,23.536,0.002,50.22,1.736
2000-01-31,22.733,0.001,48.54,1.635
2000-02-01,22.3,0.003,50.59,1.195
2000-02-02,23.177,0.002,57.96,1.068
2000-02-03,25.087,0.748,70.33,1.71
2000-02-04,24.032,3.625,81.99,0.734
2000-02-05,25.391,0.649,72.25,1.027
2000-02-06,25.399,1.032,72.15,1.186
2000-02-07,25.476,0.831,73.8,0.635
2000-02-08,24.924,3.862,78.29,1.066
2000-02-09,24.513,2.023,77.27,1.033
2000-02-10,25.206,0.281,72.39,1.188
2000-02-11,25.054,0.66,72.69,1.306
2000-02-12,25.644,0.406,64.07,1.25
2000-02-13,25.046,0.008,58.54,1.369
2000-02-14,24.005,0.001,57.53,1.522
2000-02-15,23.927,0.016,58.2,1.789
2000-02-16,24.612,0.018,56.77,1.451
2000-02-17,25.851,0.001,53.55,1.018
2000-02-18,26.252,0.002,50.1,0.838
2000-02-19,26.212,0.087,58.1,0.959
2000-02-20,26.29,0.358,60.05,1.373
2000-02-21,26.518,1.193,61.03,1.184
2000-02-22,25.57,1.664,68.24,1.054
2000-02-23,25.793,1.735,69.72,1.438
2000-02-24,24.669,4.542,79.22,0.682
2000-02-25,24.991,4.077,77.29,0.452
2000-02-26,24.506,5.071,79.58,0.802
2000-02-27,23.122,10.574,88.48,1.135
2000-02-28,24.136,1.936,80.31,1.877
2000-02-29,24.452,0.007,63.33,2.177
2000-03-01,24.236,0.001,49.15,1.602
2000-03-02,24.419,0.0,40.09,0.957
2000-03-03,25.475,0.001,39.71,0.668
2000-03-04,26.169,0.002,38.19,0.741
2000-03-05,26.368,0.001,38.11,1.117
2000-03-06,26.175,0.001,39.22,0.731
2000-03-07,26.676,0.01,45.35,0.835
2000-03-08,27.966,0.17,56.09,0.787
2000-03-09,27.906,0.82,61.55,0.592
2000-03-10,27.982,0.227,57.14,1.133
2000-03-11,28.088,0.004,50.9,1.03
2000-03-12,28.503,0.001,50.09,0.996
2000-03-13,29.13,0.005,48.01,0.81
2000-03-14,29.221,0.014,48.12,1.205
2000-03-15,29.028,0.021,50.62,0.776
2000-03-16,28.72,0.184,53.68,0.79
2000-03-17,28.752,0.001,46.09,1.14
2000-03-18,29.007,0.0,45.55,1.225
2000-03-19,29.048,0.0,43.48,1.12
2000-03-20,29.259,0.0,38.76,1.249
2000-03-21,28.212,0.002,42.56,1.395
2000-03-22,27.248,0.001,47.09,1.545
2000-03-23,27.737,0.044,54.39,1.511
2000-03-24,27.97,0.05,52.67,1.777
2000-03-25,28.235,0.003,45.75,1.654
2000-03-26,27.781,0.155,49.54,1.822
2000-03-27,28.013,0.136,55.7,1.884
2000-03-28,27.956,0.115,55.81,1.685
2000-03-29,28.678,0.04,49.53,1.755
2000-03-30,29.268,0.0,38.62,0.951
2000-03-31,29.945,0.005,37.64,0.486
2000-04-01,27.829,2.463,54.11,0.512
2000-04-02,27.368,2.102,67.11,0.761
2000-04-03,27.875,3.305,66.39,0.765
2000-04-04,28.305,2.485,65.52,0.58
2000-04-05,28.592,0.5,61.28,0.79
2000-04-06,29.05,0.071,57.31,1.197
2000-04-07,27.966,2.284,65.89,1.048
2000-04-08,28.753,0.182,56.25,1.048
2000-04-09,30.141,0.001,47.16,1.013
2000-04-10,30.709,0.01,46.9,0.559
2000-04-11,30.632,0.222,48.62,0.765
2000-04-12,30.572,0.102,48.13,0.58
2000-04-13,30.673,0.647,48.74,0.642
2000-04-14,29.21,5.293,62.13,0.783
2000-04-15,29.727,1.534,59.11,0.373
2000-04-16,29.249,3.644,62.47,0.343
2000-04-17,29.252,3.228,63.07,0.308
2000-04-18,29.124,0.475,61.01,0.871
2000-04-19,28.774,0.304,55.92,1.105
2000-04-20,29.217,0.023,50.6,0.863
2000-04-21,29.821,0.065,52.97,0.518
2000-04-22,30.524,0.057,49.69,0.401
2000-04-23,30.984,0.014,46.72,0.307
2000-04-24,28.597,9.851,66.7,1.233
2000-04-25,29.856,0.5,57.38,1.309
2000-04-26,30.525,0.186,49.61,1.202
2000-04-27,30.778,0.116,49.88,0.992
2000-04-28,31.159,0.334,51.86,1.073
2000-04-29,30.377,1.975,57.9,1.109
2000-04-30,30.615,1.282,56.12,0.822
2000-05-01,30.186,1.386,58.42,0.652
2000-05-02,29.71,7.054,62.16,0.624
2000-05-03,29.198,2.782,63.88,0.732
2000-05-04,29.283,0.978,61.49,0.169
2000-05-05,28.795,4.82,63.65,0.283
2000-05-06,29.07,0.316,61.96,0.256
2000-05-07,28.155,8.742,66.92,0.682
2000-05-08,28.009,4.591,69.09,0.774
2000-05-09,28.541,2.713,67.48,0.214
2000-05-10,28.254,6.793,70.88,0.771
2000-05-11,28.29,4.426,69.4,1.136
2000-05-12,29.332,1.167,60.87,1.43
2000-05-13,29.91,0.078,54.24,1.708
2000-05-14,30.394,0.005,46.5,1.615
2000-05-15,30.674,0.0,45.13,1.834
2000-05-16,30.251,0.347,49.92,1.824
2000-05-17,28.563,3.964,62.37,1.901
2000-05-18,29.309,0.036,51.5,1.898
2000-05-19,29.268,0.54,52.8,2.153
2000-05-20,29.517,0.1,50.63,2.138
2000-05-21,30.289,0.004,45.91,2.144
2000-05-22,31.144,0.026,44.68,1.79
2000-05-23,31.033,0.311,47.59,1.276
2000-05-24,29.727,3.557,58.1,1.053
2000-05-25,28.494,7.464,67.65,1.126
2000-05-26,27.838,6.86,70.13,1.181
2000-05-27,27.996,1.089,65.71,1.669
2000-05-28,28.067,2.204,64.94,1.525
2000-05-29,28.401,3.164,62.73,1.316
2000-05-30,28.358,3.757,62.72,1.522
2000-05-31,27.468,3.117,68.83,1.607
2000-06-01,27.226,4.012,68.79,1.943
2000-06-02,26.372,1.304,71.65,2.011
2000-06-03,26.905,2.608,68.87,2.143
2000-06-04,26.848,2.791,68.19,2.285
2000-06-05,25.86,2.065,72.81,2.663
2000-06-06,24.865,3.865,81.16,2.893
2000-06-07,24.422,8.877,84.64,3.238
2000-06-08,25.613,2.123,78.27,2.18
2000-06-09,26.469,1.244,73.83,1.965
2000-06-10,26.437,5.821,75.11,1.774
2000-06-11,26.744,2.321,71.34,2.262
2000-06-12,25.951,1.149,71.07,2.226
2000-06-13,26.704,0.04,64.15,2.429
2000-06-14,27.015,0.751,65.28,2.47
2000-06-15,27.888,0.043,59.12,2.326
2000-06-16,28.035,0.064,58.31,2.565
2000-06-17,28.238,0.073,54.29,3.095
2000-06-18,27.664,0.24,59.77,2.599
2000-06-19,27.21,1.542,63.7,2.358
2000-06-20,27.974,0.226,59.88,2.251
2000-06-21,27.008,5.351,70.49,1.679
2000-06-22,26.945,2.41,71.12,1.583
2000-06-23,27.799,0.366,62.75,1.812
2000-06-24,28.678,0.086,54.11,2.002
2000-06-25,29.214,0.036,49.56,2.198
2000-06-26,28.804,0.057,51.99,2.426
2000-06-27,26.552,5.197,68.73,2.063
2000-06-28,26.499,3.516,66.44,2.322
2000-06-29,25.77,1.881,68.45,2.287
2000-06-30,25.282,0.915,73.02,2.185
2000-07-01,26.5,0.529,64.82,2.253
2000-07-02,26.866,0.715,60.87,2.495
2000-07-03,26.56,1.874,61.15,2.757
2000-07-04,23.626,10.184,87.73,1.704
2000-07-05,25.918,2.277,69.27,3.051
2000-07-06,25.779,1.625,69.49,2.902
2000-07-07,26.268,0.353,64.38,3.221
2000-07-08,26.063,0.088,58.94,3.176
2000-07-09,27.049,0.004,54.43,2.952
2000-07-10,27.52,0.065,55.37,2.778
2000-07-11,25.567,2.644,73.13,2.369
2000-07-12,25.952,0.251,67.42,2.524
2000-07-13,27.306,0.143,54.55,2.792
2000-07-14,27.635,0.121,54.37,2.818
2000-07-15,28.541,0.091,51.07,2.918
2000-07-16,28.598,0.119,50.76,2.953
2000-07-17,27.73,0.189,54.01,2.979
2000-07-18,27.958,0.002,52.97,2.81
2000-07-19,28.313,0.021,51.64,2.738
2000-07-20,29.136,0.038,48.08,2.156
2000-07-21,29.646,0.446,47.8,1.464
2000-07-22,29.422,0.907,50.58,0.862
2000-07-23,29.723,0.11,47.98,1.245
2000-07-24,30.145,0.062,43.57,1.053
2000-07-25,29.313,0.055,46.91,1.182
2000-07-26,29.541,0.026,45.31,1.844
2000-07-27,29.162,0.26,49.31,2.122
2000-07-28,29.399,0.01,46.89,2.082
2000-07-29,29.742,0.154,47.66,1.522
2000-07-30,28.644,2.821,56.56,1.089
2000-07-31,27.304,7.744,69.15,0.861
2000-08-01,26.875,7.85,71.4,0.717
2000-08-02,26.953,5.638,70.99,0.496
2000-08-03,26.372,19.635,75.76,0.642
2000-08-04,25.921,15.13,79.83,0.445
2000-08-05,26.021,5.041,78.59,0.571
2000-08-06,25.998,7.41,78.27,1.421
2000-08-07,25.881,3.143,73.19,2.308
2000-08-08,25.346,3.508,75.61,2.189
2000-08-09,25.311,0.625,70.75,2.643
2000-08-10,25.473,0.548,68.89,2.498
2000-08-11,25.892,0.067,66.01,2.189
2000-08-12,26.934,0.107,62.78,1.598
2000-08-13,26.633,6.138,69.91,0.674
2000-08-14,26.023,11.48,77.05,0.272
2000-08-15,25.109,3.677,81.87,0.939
2000-08-16,25.457,6.68,78.38,1.173
2000-08-17,25.463,4.188,77.86,1.465
2000-08-18,25.133,5.528,79.54,1.717
2000-08-19,25.819,2.275,71.38,2.126
2000-08-20,25.555,0.477,69.5,2.289
2000-08-21,24.778,6.423,74.66,2.452
2000-08-22,23.375,4.491,86.34,2.396
2000-08-23,23.926,7.631,82.82,2.654
2000-08-24,23.981,13.563,86.55,2.24
2000-08-25,23.51,24.694,91.48,1.882
2000-08-26,23.271,16.277,91.15,1.544
2000-08-27,23.595,7.06,86.94,1.913
2000-08-28,25.042,2.638,78.62,2.169
2000-08-29,25.675,0.481,72.47,2.212
2000-08-30,25.894,0.036,68.82,2.07
2000-08-31,25.652,0.947,73.39,1.866
2000-09-01,26.305,0.01,66.3,2.077
2000-09-02,26.156,0.017,64.28,2.181
2000-09-03,26.01,0.876,70.16,1.805
2000-09-04,26.013,1.269,73.49,1.419
2000-09-05,25.81,3.501,78.26,1.234
2000-09-06,25.944,1.397,76.07,1.1
2000-09-07,25.995,3.144,75.89,0.989
2000-09-08,26.471,0.672,72.64,1.123
2000-09-09,26.944,0.161,67.05,1.425
2000-09-10,27.346,0.084,60.6,1.672
2000-09-11,26.993,0.241,62.32,1.683
2000-09-12,26.291,7.89,70.37,1.111
2000-09-13,25.857,21.54,77.87,0.639
2000-09-14,25.573,16.236,80.25,0.694
2000-09-15,26.697,2.573,74.83,0.913
2000-09-16,26.497,9.153,77.09,0.897
2000-09-17,26.413,8.427,78.16,0.566
2000-09-18,25.656,11.438,82.28,0.816
2000-09-19,25.589,11.065,81.91,0.525
2000-09-20,25.211,19.055,82.92,0.277
2000-09-21,24.303,19.523,87.08,0.015
2000-09-22,24.947,9.399,84.0,0.296
2000-09-23,24.956,5.342,83.38,0.795
2000-09-24,24.725,6.406,84.52,0.983
2000-09-25,24.349,9.389,86.24,0.564
2000-09-26,24.435,8.278,85.05,0.694
2000-09-27,24.861,3.121,82.9,1.015
2000-09-28,25.634,0.489,78.19,1.167
2000-09-29,25.548,14.876,82.68,0.647
2000-09-30,24.293,15.453,89.16,0.869
2000-10-01,23.928,13.374,88.53,1.009
2000-10-02,24.168,9.556,86.01,1.216
2000-10-03,24.391,0.65,81.62,1.493
2000-10-04,24.953,0.689,80.93,1.105
2000-10-05,25.219,10.511,82.48,0.705
2000-10-06,24.517,21.072,84.92,0.586
2000-10-07,24.327,9.587,85.71,0.361
2000-10-08,24.674,17.403,85.2,0.525
2000-10-09,24.647,7.386,84.91,1.008
2000-10-10,25.653,2.49,77.17,0.856
2000-10-11,26.079,0.267,74.5,0.923
2000-10-12,26.324,0.517,72.36,1.133
2000-10-13,25.457,2.374,78.04,1.402
2000-10-14,25.66,0.033,75.39,1.12
2000-10-15,26.496,0.426,72.29,0.913
2000-10-16,26.424,0.097,67.31,1.12
2000-10-17,25.997,0.014,63.81,1.499
2000-10-18,26.266,0.002,67.56,1.379
2000-10-19,26.661,0.279,69.8,1.066
2000-10-20,25.872,1.485,77.38,0.978
2000-10-21,25.614,4.657,78.64,0.818
2000-10-22,24.766,11.829,83.33,0.944
2000-10-23,25.053,8.271,80.62,0.465
2000-10-24,25.125,0.005,65.64,0.929
2000-10-25,24.885,0.001,53.44,0.972
2000-10-26,25.868,0.0,52.9,0.652
2000-10-27,25.983,0.001,57.87,0.302
2000-10-28,26.224,0.038,62.01,0.516
2000-10-29,26.554,0.079,60.08,0.41
2000-10-30,25.794,0.217,60.0,0.64
2000-10-31,25.0,1.531,70.22,0.675
2000-11-01,24.207,0.809,75.49,0.677
2000-11-02,24.298,0.718,78.27,1.231
2000-11-03,25.226,0.641,73.6,1.184
2000-11-04,25.221,1.416,78.35,1.593
2000-11-05,25.402,0.034,68.01,1.438
2000-11-06,25.57,0.013,65.86,1.325
2000-11-07,24.869,0.059,68.84,1.667
2000-11-08,24.386,0.091,69.56,1.651
2000-11-09,24.352,0.941,73.26,1.659
2000-11-10,24.4,0.406,69.84,2.029
2000-11-11,23.975,1.416,77.37,1.77
2000-11-12,24.509,0.869,73.58,1.68
2000-11-13,24.156,0.732,71.68,1.807
2000-11-14,23.94,0.007,63.89,1.819
2000-11-15,24.025,0.555,68.91,2.195
2000-11-16,23.66,0.008,64.74,2.123
2000-11-17,23.647,0.05,67.18,2.009
2000-11-18,24.008,0.427,73.3,1.612
2000-11-19,23.309,2.034,83.0,1.538
2000-11-20,24.023,0.118,72.99,1.264
2000-11-21,24.435,1.802,76.7,1.536
2000-11-22,24.126,4.875,82.86,1.796
2000-11-23,23.205,8.685,88.66,1.454
2000-11-24,24.006,0.957,74.21,1.386
2000-11-25,23.482,0.001,64.04,1.26
2000-11-26,22.892,0.0,58.2,1.565
2000-11-27,23.153,0.001,59.81,1.29
2000-11-28,24.512,0.79,58.05,1.183
2000-11-29,23.068,32.109,81.66,1.904
2000-11-30,21.847,17.419,95.87,0.831
2000-12-01,23.56,2.761,83.41,0.95
2000-12-02,23.693,1.905,84.12,1.334
2000-12-03,24.093,1.242,78.85,1.7
2000-12-04,23.848,1.686,83.94,1.695
2000-12-05,23.126,0.291,79.68,1.558
2000-12-06,21.098,0.001,71.38,1.574
2000-12-07,20.646,0.0,71.28,1.627
2000-12-08,20.487,0.0,71.53,1.731
2000-12-09,20.713,0.002,70.79,1.527
2000-12-10,20.629,0.012,71.3,1.557
2000-12-11,20.574,0.0,68.61,1.549
2000-12-12,20.544,0.001,66.31,1.383
2000-12-13,20.869,0.0,54.11,1.467
2000-12-14,21.28,0.001,57.33,1.281
2000-12-15,20.933,0.001,63.42,1.66
2000-12-16,20.645,0.002,65.81,1.883
2000-12-17,21.042,0.0,65.06,1.746
2000-12-18,21.662,0.001,63.18,1.538
2000-12-19,21.697,0.001,57.26,1.576
2000-12-20,21.134,0.013,65.68,1.753
2000-12-21,21.318,0.006,66.82,1.804
2000-12-22,21.682,0.001,64.71,1.748
2000-12-23,22.336,0.002,68.12,1.748
2000-12-24,22.202,0.001,64.02,1.814
2000-12-25,22.165,0.001,51.37,1.885
2000-12-26,23.272,1.617,54.85,2.321
2000-12-27,22.305,4.117,70.71,2.77
2000-12-28,21.329,12.57,83.66,2.556
2000-12-29,22.325,3.622,88.14,1.278
2000-12-30,23.476,2.069,82.83,1.215
2000-12-31,23.725,1.586,80.18,0.832
2001-01-01,23.922,3.048,82.66,0.53
2001-01-02,23.455,2.265,83.78,0.668
2001-01-03,23.198,0.046,72.57,1.339
2001-01-04,22.77,0.002,70.14,1.655
2001-01-05,22.958,0.176,72.28,1.674
2001-01-06,22.521,0.022,68.16,1.715
2001-01-07,22.401,0.01,64.16,1.389
2001-01-08,22.728,0.008,62.02,1.353
2001-01-09,22.341,0.002,67.57,1.046
2001-01-10,23.465,0.002,67.27,1.384
2001-01-11,23.417,0.005,67.32,1.502
2001-01-12,23.265,0.027,69.72,1.485
2001-01-13,23.303,0.062,66.85,1.339
2001-01-14,22.944,0.002,58.53,1.481
2001-01-15,23.076,0.003,62.65,1.409
2001-01-16,22.674,0.016,65.41,1.716
2001-01-17,21.806,0.014,63.23,1.908
2001-01-18,22.779,0.024,64.06,2.004
2001-01-19,23.528,0.0,58.24,2.194
2001-01-20,23.096,0.0,55.57,1.969
2001-01-21,22.899,0.001,52.68,1.523
2001-01-22,23.59,0.001,56.03,1.057
2001-01-23,24.972,0.007,61.57,1.404
2001-01-24,24.97,0.743,71.45,1.407
2001-01-25,25.458,0.139,65.66,1.501
2001-01-26,24.655,0.001,58.83,1.578
2001-01-27,23.406,0.002,54.69,1.574
2001-01-28,23.073,0.001,51.0,1.606
2001-01-29,22.728,0.001,57.55,1.462
2001-01-30,23.609,0.001,59.93,1.687
2001-01-31,24.29,0.61,70.14,1.2
2001-02-01,24.843,0.282,68.17,1.259
2001-02-02,25.383,0.297,66.79,1.09
2001-02-03,26.316,0.157,62.28,0.825
2001-02-04,26.089,0.442,66.9,1.007
2001-02-05,25.95,0.449,61.97,1.017
2001-02-06,25.902,0.003,48.42,1.178
2001-02-07,25.747,0.002,39.25,1.554
2001-02-08,25.273,0.0,37.18,1.346
2001-02-09,24.972,0.002,38.8,1.056
2001-02-10,25.259,0.0,38.07,0.543
2001-02-11,25.885,0.001,40.4,0.495
2001-02-12,25.434,0.0,43.34,1.297
2001-02-13,24.517,0.001,47.78,1.243
2001-02-14,24.326,0.001,52.08,1.538
2001-02-15,24.612,0.002,51.33,1.038
2001-02-16,25.672,0.003,52.92,0.822
2001-02-17,26.226,0.083,56.24,0.992
2001-02-18,26.584,0.37,63.24,1.182
2001-02-19,27.25,0.177,59.56,1.019
2001-02-20,27.417,0.17,58.36,0.773
2001-02-21,27.88,0.011,51.96,0.96
2001-02-22,28.245,0.0,43.42,0.867
2001-02-23,27.913,0.0,42.43,1.17
2001-02-24,27.466,0.001,43.13,0.695
2001-02-25,28.048,0.001,42.86,0.807
2001-02-26,28.866,0.002,42.7,0.698
2001-02-27,28.385,0.025,45.2,1.419
2001-02-28,26.781,0.057,54.42,1.577
2001-03-01,26.055,0.004,51.26,1.46
2001-03-02,25.796,0.001,50.09,1.522
2001-03-03,25.684,0.009,55.21,1.635
2001-03-04,26.952,0.0,49.44,1.381
2001-03-05,27.345,0.002,47.72,0.998
2001-03-06,27.791,0.001,47.52,1.008
2001-03-07,27.995,0.0,46.22,0.949
2001-03-08,27.298,0.025,50.21,1.467
2001-03-09,27.589,0.04,49.36,1.428
2001-03-10,28.028,0.103,47.85,0.9
2001-03-11,26.947,2.277,58.82,0.521
2001-03-12,26.721,0.106,52.17,0.736
2001-03-13,27.768,0.026,46.46,0.589
2001-03-14,28.38,0.0,42.03,1.063
2001-03-15,28.488,0.0,38.48,1.169
2001-03-16,28.404,0.0,43.55,0.848
2001-03-17,28.849,0.0,43.09,1.035
2001-03-18,28.673,0.0,43.73,1.498
2001-03-19,28.572,0.001,43.6,1.274
2001-03-20,29.171,0.001,42.89,0.934
2001-03-21,29.997,0.002,40.48,0.586
2001-03-22,30.351,0.029,44.03,0.355
2001-03-23,30.107,0.339,51.14,0.182
2001-03-24,30.216,1.012,52.15,0.596
2001-03-25,30.04,0.679,53.94,0.796
2001-03-26,30.666,0.008,43.48,1.16
2001-03-27,30.963,0.001,42.99,0.757
2001-03-28,30.94,0.24,46.73,0.532
2001-03-29,30.449,0.69,51.8,1.319
2001-03-30,28.956,2.051,59.36,0.523
2001-03-31,29.373,0.848,57.22,0.474
2001-04-01,29.493,0.031,51.59,1.279
2001-04-02,29.355,0.006,49.07,1.373
2001-04-03,29.193,0.001,48.77,1.41
2001-04-04,29.267,0.072,52.9,1.467
2001-04-05,28.61,1.168,60.7,1.325
2001-04-06,29.839,0.152,50.18,1.492
2001-04-07,29.446,0.297,55.46,1.17
2001-04-08,28.09,5.772,66.24,0.662
2001-04-09,28.616,2.784,61.86,0.66
2001-04-10,28.262,1.805,63.82,1.519
2001-04-11,27.049,4.205,69.64,1.168
2001-04-12,25.007,21.561,80.28,1.007
2001-04-13,24.256,20.834,87.88,0.671
2001-04-14,25.705,4.889,77.43,0.808
2001-04-15,26.156,5.742,76.35,0.417
2001-04-16,25.88,12.502,80.47,0.228
2001-04-17,26.234,6.692,77.33,0.321
2001-04-18,26.375,8.167,75.8,0.702
2001-04-19,26.925,1.743,73.3,0.806
2001-04-20,27.781,0.38,70.91,0.903
2001-04-21,28.581,0.099,66.29,0.513
2001-04-22,28.991,0.176,63.55,0.931
2001-04-23,28.785,0.103,60.7,1.002
2001-04-24,28.548,0.022,55.5,1.144
2001-04-25,28.128,0.002,53.55,0.786
2001-04-26,28.743,0.001,55.75,0.806
2001-04-27,29.171,0.124,59.46,1.035
2001-04-28,29.126,0.007,60.29,0.903
2001-04-29,29.995,0.012,55.82,0.796
2001-04-30,30.206,0.14,58.58,0.708
2001-05-01,30.214,0.071,58.05,1.282
2001-05-02,30.469,0.011,53.23,0.918
2001-05-03,30.876,0.023,51.35,1.043
2001-05-04,31.578,0.183,49.72,0.54
2001-05-05,30.593,1.466,56.74,0.628
2001-05-06,30.295,2.365,60.02,0.502
2001-05-07,29.07,14.287,65.97,0.856
2001-05-08,29.21,0.99,63.22,1.298
2001-05-09,30.227,0.119,57.63,1.575
2001-05-10,30.956,0.01,48.38,1.508
2001-05-11,31.266,0.212,49.55,0.923
2001-05-12,29.922,1.866,59.48,1.264
2001-05-13,30.479,0.169,53.51,1.7
2001-05-14,30.746,0.016,47.35,1.529
2001-05-15,31.105,0.146,47.92,1.343
2001-05-16,30.408,2.42,53.27,1.128
2001-05-17,29.646,0.78,56.1,1.372
2001-05-18,30.279,0.216,51.21,1.555
2001-05-19,30.458,0.052,49.01,1.667
2001-05-20,29.972,0.701,51.47,1.476
2001-05-21,30.333,0.184,50.38,1.476
2001-05-22,29.296,1.139,58.07,1.92
2001-05-23,28.756,1.039,61.39,2.38
2001-05-24,28.916,0.13,57.52,2.39
2001-05-25,29.25,0.223,55.73,2.025
2001-05-26,28.564,2.59,61.9,1.849
2001-05-27,28.367,3.632,62.86,1.566
2001-05-28,28.259,1.398,62.27,1.847
2001-05-29,28.036,2.589,63.47,2.093
2001-05-30,28.844,0.222,54.47,2.592
2001-05-31,29.775,0.015,49.37,2.355
2001-06-01,30.592,0.088,45.64,1.703
2001-06-02,29.151,2.015,53.33,1.456
2001-06-03,27.602,2.047,65.72,1.117
2001-06-04,26.691,1.656,59.55,1.884
2001-06-05,26.124,6.019,72.6,1.658
2001-06-06,26.557,3.343,72.31,1.909
2001-06-07,26.103,1.071,71.84,2.354
2001-06-08,26.56,0.851,67.88,2.077
2001-06-09,27.103,0.526,65.82,2.034
2001-06-10,27.06,0.3,66.78,2.196
2001-06-11,25.421,7.279,78.91,2.257
2001-06-12,25.189,4.75,81.13,1.916
2001-06-13,24.113,9.969,89.13,1.801
2001-06-14,24.335,2.92,82.36,2.394
2001-06-15,25.04,2.196,77.58,1.921
2001-06-16,26.342,0.248,67.84,1.917
2001-06-17,26.977,0.124,66.34,1.999
2001-06-18,27.293,0.109,64.35,1.997
2001-06-19,27.163,1.286,67.16,2.081
2001-06-20,27.707,0.203,62.82,2.412
2001-06-21,27.365,0.323,63.34,2.513
2001-06-22,27.121,0.537,64.3,2.665
2001-06-23,27.524,0.291,62.0,2.855
2001-06-24,27.974,0.047,57.8,2.862
2001-06-25,28.374,0.471,57.25,2.984
2001-06-26,28.096,0.64,56.95,3.041
2001-06-27,28.314,0.357,55.86,3.217
2001-06-28,27.453,0.315,59.36,2.954
2001-06-29,27.263,0.648,63.74,2.559
2001-06-30,26.026,3.578,73.23,2.011
2001-07-01,27.098,0.407,65.85,2.343
2001-07-02,27.042,1.419,66.17,2.456
2001-07-03,27.548,0.357,60.39,3.019
2001-07-04,26.791,1.74,64.4,2.781
2001-07-05,27.466,0.391,60.39,2.908
2001-07-06,26.937,0.908,64.06,3.001
2001-07-07,27.688,0.72,59.68,3.371
2001-07-08,25.396,8.362,76.23,2.605
2001-07-09,26.3,1.538,68.38,2.377
2001-07-10,25.986,5.429,74.0,2.199
2001-07-11,25.812,1.654,73.82,2.066
2001-07-12,26.171,2.725,72.83,1.611
2001-07-13,26.597,3.195,70.06,1.657
2001-07-14,27.458,0.18,62.51,1.806
2001-07-15,27.344,0.535,63.45,1.913
2001-07-16,26.153,1.419,70.97,1.753
2001-07-17,26.332,1.497,68.29,1.875
2001-07-18,27.402,0.202,60.73,2.305
2001-07-19,27.836,0.049,57.24,2.531
2001-07-20,28.528,0.001,51.57,2.362
2001-07-21,28.354,0.003,50.32,2.188
2001-07-22,28.365,0.041,54.58,2.115
2001-07-23,28.148,2.651,59.56,1.662
2001-07-24,27.181,7.187,70.06,1.476
2001-07-25,26.603,11.493,73.9,1.487
2001-07-26,25.694,8.628,77.16,1.459
2001-07-27,26.015,1.93,74.19,1.635
2001-07-28,26.036,10.481,76.02,1.376
2001-07-29,26.352,2.032,69.56,2.148
2001-07-30,25.752,4.022,74.43,1.464
2001-07-31,25.26,12.821,81.08,1.097
2001-08-01,24.001,11.706,86.99,1.53
2001-08-02,24.646,5.719,82.19,1.966
2001-08-03,23.745,3.851,86.84,1.765
2001-08-04,24.536,1.532,81.39,1.93
2001-08-05,25.859,0.542,70.5,2.309
2001-08-06,25.944,0.378,70.16,2.098
2001-08-07,26.204,0.115,69.11,1.824
2001-08-08,26.072,1.687,74.25,1.648
2001-08-09,27.274,0.078,65.65,1.877
2001-08-10,27.246,0.505,69.44,1.591
2001-08-11,26.767,1.065,72.77,1.429
2001-08-12,26.777,0.122,68.28,1.645
2001-08-13,26.646,2.315,72.01,1.661
2001-08-14,26.621,0.077,68.3,1.898
2001-08-15,26.776,0.127,68.13,1.86
2001-08-16,27.296,0.38,66.54,2.113
2001-08-17,27.122,0.267,65.1,2.327
2001-08-18,26.776,1.764,67.82,2.207
2001-08-19,25.784,4.23,73.63,2.244
2001-08-20,26.85,0.361,63.52,2.529
2001-08-21,27.279,0.399,60.57,2.754
2001-08-22,27.364,0.227,61.21,2.59
2001-08-23,27.879,0.307,59.71,2.521
2001-08-24,28.132,0.354,58.87,2.412
2001-08-25,27.853,0.889,61.98,2.141
2001-08-26,27.506,1.553,65.17,2.016
2001-08-27,27.111,0.624,65.48,2.018
2001-08-28,27.746,0.061,56.41,3.139
2001-08-29,27.665,0.133,55.99,2.965
2001-08-30,27.988,0.024,53.56,3.069
2001-08-31,27.889,0.065,53.05,2.515
2001-09-01,28.326,0.037,50.86,1.962
2001-09-02,28.513,0.058,53.29,1.475
2001-09-03,29.138,0.045,50.34,1.319
2001-09-04,29.176,0.006,50.48,1.593
2001-09-05,28.886,0.0,44.98,1.732
2001-09-06,29.152,0.0,45.37,1.49
2001-09-07,29.251,0.01,48.24,1.028
2001-09-08,28.658,1.165,56.66,0.465
2001-09-09,27.44,11.4,68.19,0.738
2001-09-10,26.993,9.14,72.65,0.687
2001-09-11,25.983,3.648,72.56,0.923
2001-09-12,26.526,6.478,73.44,0.841
2001-09-13,26.49,6.872,75.38,0.625
2001-09-14,26.093,15.858,78.96,0.43
2001-09-15,26.017,14.306,78.18,0.398
2001-09-16,26.17,3.944,78.25,0.586
2001-09-17,25.976,13.18,81.64,0.563
2001-09-18,26.05,5.501,79.88,0.643
2001-09-19,25.734,12.15,81.24,0.566
2001-09-20,25.451,4.942,82.1,0.74
2001-09-21,25.623,2.155,78.93,0.65
2001-09-22,26.024,2.41,75.42,1.158
2001-09-23,25.806,5.139,77.95,1.076
2001-09-24,25.643,5.732,80.26,1.132
2001-09-25,25.318,7.015,79.8,1.151
2001-09-26,25.279,1.337,74.63,1.725
2001-09-27,25.27,1.41,75.73,1.603
2001-09-28,25.775,0.184,72.46,1.565
2001-09-29,26.245,0.943,72.58,1.68
2001-09-30,25.411,5.954,80.89,1.683
2001-10-01,26.468,0.404,71.75,1.869
2001-10-02,27.083,0.071,65.71,1.522
2001-10-03,27.088,0.036,61.39,0.966
2001-10-04,25.208,3.224,72.55,0.987
2001-10-05,24.395,21.881,85.9,1.256
2001-10-06,23.868,7.064,83.55,1.638
2001-10-07,25.703,2.617,76.92,1.354
2001-10-08,25.371,8.295,81.44,0.147
2001-10-09,25.337,6.303,81.77,0.246
2001-10-10,25.598,9.162,80.55,0.39
2001-10-11,25.435,10.66,83.37,0.662
2001-10-12,25.598,1.971,80.8,0.935
2001-10-13,25.759,0.903,76.21,1.181
2001-10-14,24.58,8.058,86.32,1.254
2001-10-15,25.254,4.232,82.76,1.205
2001-10-16,24.524,3.762,68.89,2.839
2001-10-17,25.441,0.087,69.22,1.022
2001-10-18,25.536,4.305,77.63,0.391
2001-10-19,25.351,9.822,81.99,0.278
2001-10-20,25.161,5.149,83.37,0.795
2001-10-21,24.718,6.508,84.19,0.981
2001-10-22,25.318,0.14,71.91,1.669
2001-10-23,24.66,2.826,77.28,0.971
2001-10-24,24.588,5.532,84.12,0.884
2001-10-25,24.204,7.95,87.32,0.637
2001-10-26,24.159,11.402,86.8,0.796
2001-10-27,24.364,3.248,83.62,0.649
2001-10-28,24.735,13.767,83.97,0.414
2001-10-29,24.943,2.861,81.57,0.175
2001-10-30,25.607,0.18,71.16,0.112
2001-10-31,25.41,0.732,72.39,0.121
2001-11-01,25.266,0.096,69.04,0.788
2001-11-02,24.138,3.689,80.16,1.071
2001-11-03,24.778,0.018,71.44,1.352
2001-11-04,25.239,1.444,71.33,1.045
2001-11-05,24.251,6.953,84.87,0.551
2001-11-06,23.917,9.34,87.82,0.236
2001-11-07,23.957,16.011,88.59,0.543
2001-11-08,24.041,8.841,87.3,0.88
2001-11-09,25.323,0.307,77.47,1.339
2001-11-10,25.622,0.05,71.61,1.218
2001-11-11,25.462,0.086,65.12,0.795
2001-11-12,25.023,0.962,74.34,0.699
2001-11-13,24.902,1.189,76.72,0.388
2001-11-14,24.679,3.118,81.4,0.33
2001-11-15,24.434,4.189,83.76,0.621
2001-11-16,23.248,5.096,88.65,0.621
2001-11-17,23.693,2.274,82.68,1.256
2001-11-18,22.507,9.415,92.66,0.925
2001-11-19,23.598,1.741,83.58,1.333
2001-11-20,23.678,0.172,74.81,1.701
2001-11-21,23.455,4.835,82.96,1.84
2001-11-22,23.017,7.161,86.79,1.429
2001-11-23,23.301,1.471,81.61,1.399
2001-11-24,23.148,0.347,76.44,1.56
2001-11-25,23.042,0.462,75.81,1.528
2001-11-26,22.988,0.166,74.61,1.282
2001-11-27,23.348,0.11,74.38,1.111
2001-11-28,23.195,0.409,74.77,1.336
2001-11-29,23.149,0.021,70.35,1.438
2001-11-30,22.949,0.024,72.2,1.799
2001-12-01,23.743,1.238,76.2,1.618
2001-12-02,23.203,0.463,72.94,2.045
2001-12-03,23.102,0.224,72.96,1.877
2001-12-04,23.173,0.119,74.74,1.616
2001-12-05,22.978,0.009,71.32,1.368
2001-12-06,21.826,0.002,61.07,1.491
2001-12-07,21.494,0.001,64.62,1.467
2001-12-08,21.704,0.003,59.27,1.509
2001-12-09,21.415,0.0,58.77,1.57
2001-12-10,21.627,0.002,62.45,1.5
2001-12-11,21.598,0.0,64.41,1.666
2001-12-12,21.789,0.0,61.23,1.664
2001-12-13,21.72,0.001,60.76,1.676
2001-12-14,22.121,0.001,62.36,1.826
2001-12-15,22.125,0.0,60.56,1.807
2001-12-16,22.533,0.001,60.79,1.62
2001-12-17,23.052,1.288,70.88,2.171
2001-12-18,23.047,2.999,82.55,1.965
2001-12-19,23.325,0.775,72.98,2.464
2001-12-20,22.772,2.596,71.03,2.572
2001-12-21,21.812,11.204,89.27,1.888
2001-12-22,22.202,8.956,87.51,1.995
2001-12-23,21.628,11.436,89.87,1.333
2001-12-24,22.153,4.542,87.61,1.246
2001-12-25,22.384,3.075,83.85,1.263
2001-12-26,23.146,1.54,81.02,1.727
2001-12-27,23.126,0.163,73.01,2.016
2001-12-28,22.563,0.7,78.7,1.974
2001-12-29,22.929,0.087,70.25,1.742
2001-12-30,22.959,0.004,68.1,1.802
2001-12-31,22.856,0.003,65.27,1.86
2002-01-01,22.853,0.002,66.71,2.257
2002-01-02,22.33,0.041,66.46,2.663
2002-01-03,21.879,0.059,66.21,2.184
2002-01-04,22.943,0.382,71.79,1.708
2002-01-05,23.363,1.314,77.16,1.557
2002-01-06,23.938,0.976,73.99,1.424
2002-01-07,23.935,1.758,77.56,1.492
2002-01-08,23.667,1.541,78.05,1.667
2002-01-09,23.279,1.633,78.29,1.928
2002-01-10,23.143,1.145,74.46,2.307
2002-01-11,22.596,0.004,63.75,2.048
2002-01-12,22.217,0.005,62.45,1.607
2002-01-13,21.113,0.0,57.79,1.631
2002-01-14,21.351,0.002,59.28,1.311
2002-01-15,21.845,0.004,58.16,1.135
2002-01-16,21.919,0.002,63.18,1.131
2002-01-17,22.078,0.001,61.7,1.052
2002-01-18,22.798,0.0,59.98,0.826
2002-01-19,23.779,0.008,62.72,0.86
2002-01-20,24.338,1.156,73.16,1.044
2002-01-21,25.157,0.832,73.3,1.176
2002-01-22,25.642,0.498,71.01,1.149
2002-01-23,25.558,0.137,63.91,0.992
2002-01-24,26.091,0.001,58.64,0.635
2002-01-25,26.665,0.026,60.57,0.663
2002-01-26,26.491,0.006,58.21,0.897
2002-01-27,25.492,0.026,64.89,1.324
2002-01-28,25.011,0.048,63.26,1.141
2002-01-29,24.749,0.005,61.78,1.064
2002-01-30,24.034,0.002,59.55,1.88
2002-01-31,23.315,1.072,73.58,2.429
2002-02-01,23.122,5.397,78.59,2.463
2002-02-02,22.263,6.689,84.2,2.172
2002-02-03,22.757,1.173,75.56,1.281
2002-02-04,23.673,0.063,68.39,1.589
2002-02-05,23.948,0.017,67.4,1.602
2002-02-06,24.152,0.004,67.77,1.184
2002-02-07,23.812,0.394,73.78,0.966
2002-02-08,23.923,1.028,73.61,1.407
2002-02-09,23.355,0.33,64.93,1.517
2002-02-10,23.146,0.0,59.4,1.324
2002-02-11,24.4,0.023,64.19,1.109
2002-02-12,24.262,0.054,65.44,1.671
2002-02-13,24.112,0.011,60.84,2.028
2002-02-14,24.583,0.051,60.88,1.99
2002-02-15,25.202,0.001,50.8,1.714
2002-02-16,25.502,0.004,49.72,1.478
2002-02-17,25.297,0.002,50.52,1.417
2002-02-18,24.961,0.002,53.74,1.354
2002-02-19,25.901,0.001,52.99,1.066
2002-02-20,26.032,0.002,51.73,1.27
2002-02-21,25.502,0.003,41.26,1.444
2002-02-22,25.105,0.002,46.46,1.523
2002-02-23,24.791,0.002,42.35,1.742
2002-02-24,25.013,0.002,37.31,1.6
2002-02-25,25.091,0.001,35.97,1.495
2002-02-26,25.878,0.002,51.09,1.336
2002-02-27,26.485,0.005,56.8,1.387
2002-02-28,26.848,0.01,50.01,1.314
2002-03-01,26.732,0.0,43.15,1.299
2002-03-02,26.481,0.002,38.79,1.154
2002-03-03,27.181,0.002,35.13,1.076
2002-03-04,27.153,0.002,36.79,1.129
2002-03-05,27.121,0.001,37.02,1.279
2002-03-06,26.776,0.001,38.32,1.158
2002-03-07,27.636,0.036,43.24,1.196
2002-03-08,27.695,0.085,56.28,1.643
2002-03-09,26.969,0.125,52.54,1.733
2002-03-10,27.348,0.0,47.09,1.362
2002-03-11,28.496,0.001,40.41,1.433
2002-03-12,28.366,0.001,37.92,1.591
2002-03-13,27.486,0.002,40.28,1.407
2002-03-14,27.412,0.002,48.04,1.25
2002-03-15,28.115,0.36,52.82,1.254
2002-03-16,28.098,0.487,59.79,0.796
2002-03-17,27.94,0.125,44.37,1.676
2002-03-18,27.07,0.001,45.09,1.825
2002-03-19,27.237,0.001,45.88,1.819
2002-03-20,27.593,0.0,44.37,1.528
2002-03-21,28.084,0.0,45.43,1.065
2002-03-22,29.412,0.008,42.93,0.646
2002-03-23,30.205,0.001,44.09,0.712
2002-03-24,29.775,0.094,49.89,0.85
2002-03-25,30.767,0.032,46.06,1.224
2002-03-26,29.644,0.046,48.97,1.747
2002-03-27,29.544,0.005,51.5,1.509
2002-03-28,30.062,0.144,52.98,1.419
2002-03-29,29.528,1.366,59.32,0.636
2002-03-30,29.639,0.439,55.95,1.396
2002-03-31,29.902,0.187,52.34,1.482
2002-04-01,30.073,0.22,51.23,1.09
2002-04-02,29.247,3.291,58.68,0.93
2002-04-03,30.391,0.906,49.8,0.756
2002-04-04,29.637,2.695,56.55,0.659
2002-04-05,29.652,0.166,54.3,1.359
2002-04-06,28.867,0.07,50.81,1.485
2002-04-07,29.074,0.004,46.45,1.416
2002-04-08,29.409,0.308,53.59,0.996
2002-04-09,30.056,0.255,52.27,0.883
2002-04-10,29.764,0.327,55.37,1.454
2002-04-11,30.607,0.143,48.84,1.519
2002-04-12,29.898,2.033,55.0,1.338
2002-04-13,29.389,1.047,55.34,1.139
2002-04-14,29.201,0.606,57.65,0.858
2002-04-15,30.146,0.024,48.37,1.323
2002-04-16,30.302,0.01,44.99,1.403
2002-04-17,30.436,0.001,44.66,1.392
2002-04-18,30.411,0.013,45.37,1.537
2002-04-19,30.307,0.049,50.88,1.877
2002-04-20,30.44,0.137,50.86,1.548
2002-04-21,30.343,0.404,51.3,1.625
2002-04-22,30.955,0.032,47.23,1.119
2002-04-23,31.297,0.012,46.61,1.484
2002-04-24,31.27,0.01,44.29,1.661
2002-04-25,30.893,0.006,46.07,1.727
2002-04-26,30.962,0.004,48.36,1.557
2002-04-27,31.306,0.007,46.87,1.627
2002-04-28,31.266,0.0,46.78,1.549
2002-04-29,31.652,0.006,44.14,1.512
2002-04-30,31.435,0.005,45.21,1.513
2002-05-01,30.898,0.007,41.3,1.442
2002-05-02,30.43,0.369,52.66,2.048
2002-05-03,28.304,3.314,67.43,1.34
2002-05-04,26.354,2.547,78.32,1.117
2002-05-05,28.569,0.111,62.64,1.403
2002-05-06,30.691,0.078,51.26,1.774
2002-05-07,31.187,0.26,49.6,1.226
2002-05-08,32.097,0.114,45.34,1.195
2002-05-09,30.045,7.807,59.24,1.539
2002-05-10,29.328,7.727,62.31,1.925
2002-05-11,29.19,2.434,65.46,2.033
2002-05-12,30.304,1.239,56.66,2.088
2002-05-13,29.758,1.024,58.43,2.122
2002-05-14,30.579,0.839,53.47,1.804
2002-05-15,29.795,3.899,60.3,1.332
2002-05-16,29.499,4.615,63.67,1.615
2002-05-17,28.544,5.026,67.78,2.02
2002-05-18,27.886,3.846,68.76,2.339
2002-05-19,28.142,0.433,62.77,2.623
2002-05-20,28.679,1.056,61.24,2.105
2002-05-21,28.203,5.935,67.97,1.709
2002-05-22,28.665,2.648,66.25,1.155
2002-05-23,28.962,1.797,64.61,0.844
2002-05-24,30.336,0.009,53.99,0.947
2002-05-25,30.098,0.451,56.13,0.84
2002-05-26,29.615,1.84,58.87,1.201
2002-05-27,28.913,5.754,64.21,1.277
2002-05-28,27.782,9.791,71.94,1.218
2002-05-29,27.837,3.95,71.68,1.451
2002-05-30,27.933,8.169,71.69,1.057
2002-05-31,28.226,2.939,70.59,0.893
2002-06-01,28.009,2.227,68.03,1.208
2002-06-02,27.881,2.141,65.06,2.022
2002-06-03,27.441,3.3,68.75,1.505
2002-06-04,28.724,0.363,60.11,1.756
2002-06-05,29.626,0.266,54.68,1.451
2002-06-06,28.473,4.528,64.66,1.299
2002-06-07,28.665,2.664,64.51,1.327
2002-06-08,29.392,0.415,58.11,1.773
2002-06-09,28.248,5.136,67.03,1.324
2002-06-10,27.663,7.387,72.03,1.24
2002-06-11,27.071,6.016,74.7,1.132
2002-06-12,27.066,5.897,73.97,1.257
2002-06-13,26.865,3.73,74.53,1.808
2002-06-14,27.57,1.437,66.14,2.381
2002-06-15,26.828,0.652,67.1,2.701
2002-06-16,27.047,1.794,66.69,2.212
2002-06-17,27.388,0.913,64.0,1.915
2002-06-18,27.146,1.31,66.21,2.251
2002-06-19,25.386,4.479,79.71,1.936
2002-06-20,26.907,0.237,66.55,2.536
2002-06-21,27.385,0.715,63.66,2.426
2002-06-22,27.425,1.156,64.45,2.174
2002-06-23,27.084,2.671,69.97,2.038
2002-06-24,27.679,0.476,64.07,2.863
2002-06-25,28.157,0.194,59.71,2.838
2002-06-26,28.315,0.059,59.63,2.175
2002-06-27,29.105,0.116,57.33,1.744
2002-06-28,29.623,0.097,54.96,1.719
2002-06-29,29.705,0.079,54.51,1.581
2002-06-30,29.997,0.017,51.28,1.94
2002-07-01,28.796,1.313,59.02,2.15
2002-07-02,27.836,4.399,65.31,2.425
2002-07-03,28.093,1.934,62.49,2.357
2002-07-04,28.875,0.088,57.79,2.371
2002-07-05,29.149,0.131,54.76,2.349
2002-07-06,29.147,0.263,55.64,2.386
2002-07-07,29.865,0.089,50.98,2.311
2002-07-08,29.563,0.112,49.04,2.288
2002-07-09,29.411,0.02,44.76,2.234
2002-07-10,28.905,0.048,50.05,2.676
2002-07-11,28.049,5.018,60.16,2.843
2002-07-12,28.048,0.421,57.95,3.017
2002-07-13,28.623,0.103,53.89,3.098
2002-07-14,27.907,1.176,57.62,2.934
2002-07-15,28.915,0.225,52.86,3.338
2002-07-16,28.25,0.506,53.9,3.367
2002-07-17,27.532,0.341,56.74,2.413
2002-07-18,27.974,0.83,58.12,2.109
2002-07-19,27.679,1.64,63.09,1.867
2002-07-20,27.668,1.875,64.88,1.687
2002-07-21,27.115,5.461,68.19,1.736
2002-07-22,26.098,9.06,76.1,1.318
2002-07-23,26.514,5.501,73.12,1.532
2002-07-24,27.335,0.194,64.44,1.749
2002-07-25,26.632,3.15,67.53,2.076
2002-07-26,27.939,0.0,52.64,2.259
2002-07-27,28.246,0.065,55.5,2.245
2002-07-28,27.305,1.897,65.54,2.073
2002-07-29,27.751,1.632,63.32,2.342
2002-07-30,27.299,2.529,66.32,2.181
2002-07-31,26.257,12.96,75.17,1.494
2002-08-01,26.392,3.839,75.29,1.688
2002-08-02,26.233,5.331,74.58,1.937
2002-08-03,26.173,4.535,74.4,1.855
2002-08-04,25.817,1.996,75.03,2.125
2002-08-05,25.345,1.691,76.45,2.209
2002-08-06,25.852,0.628,71.35,2.217
2002-08-07,26.108,0.218,66.86,2.255
2002-08-08,24.779,6.769,78.07,2.11
2002-08-09,24.475,2.379,78.49,2.047
2002-08-10,24.508,4.671,79.37,1.975
2002-08-11,24.714,1.79,77.07,2.086
2002-08-12,26.324,0.021,62.42,2.426
2002-08-13,26.946,0.082,60.57,2.457
2002-08-14,26.94,0.505,62.99,2.258
2002-08-15,27.087,0.593,63.62,2.555
2002-08-16,26.102,5.74,72.48,2.494
2002-08-17,24.277,3.872,82.29,2.277
2002-08-18,26.522,0.337,62.17,2.684
2002-08-19,27.394,0.173,58.35,2.76
2002-08-20,27.226,0.182,61.11,2.617
2002-08-21,27.468,0.159,60.12,2.225
2002-08-22,27.551,0.461,60.87,2.281
2002-08-23,27.877,0.223,57.53,2.318
2002-08-24,28.098,0.098,56.64,1.842
2002-08-25,28.422,0.012,52.86,1.362
2002-08-26,29.073,0.695,52.58,0.499
2002-08-27,27.508,10.924,67.92,0.455
2002-08-28,27.638,2.813,68.0,0.903
2002-08-29,27.163,2.301,69.88,1.19
2002-08-30,28.519,0.028,58.43,1.468
2002-08-31,28.704,0.315,56.82,1.654
2002-09-01,28.998,0.159,54.57,1.831
2002-09-02,29.033,0.198,54.13,1.793
2002-09-03,28.607,0.314,57.5,1.794
2002-09-04,28.695,0.589,59.02,1.631
2002-09-05,28.519,0.085,58.46,1.814
2002-09-06,27.771,1.505,62.63,2.065
2002-09-07,27.313,3.023,65.56,2.107
2002-09-08,27.654,0.054,59.55,2.338
2002-09-09,25.789,5.93,72.68,2.08
2002-09-10,27.118,0.214,59.89,2.027
2002-09-11,27.321,0.016,51.8,1.886
2002-09-12,27.98,0.019,51.68,1.729
2002-09-13,28.999,0.016,50.2,0.94
2002-09-14,28.175,3.255,60.41,0.641
2002-09-15,26.842,10.487,72.06,0.959
2002-09-16,26.057,5.138,76.15,1.142
2002-09-17,27.349,0.049,61.56,1.366
2002-09-18,27.533,0.773,62.56,0.818
2002-09-19,26.929,6.43,67.57,0.787
2002-09-20,26.799,6.546,70.63,0.936
2002-09-21,28.061,0.446,59.21,1.098
2002-09-22,28.25,-0.0,49.94,1.217
2002-09-23,28.283,0.0,49.08,1.069
2002-09-24,28.717,0.002,51.1,1.071
2002-09-25,28.969,0.013,50.57,0.979
2002-09-26,29.05,0.261,54.65,0.773
2002-09-27,28.642,1.223,58.42,0.559
2002-09-28,27.868,2.445,63.46,0.131
2002-09-29,28.429,0.314,58.27,0.77
2002-09-30,28.738,0.121,53.69,0.843
2002-10-01,28.102,0.159,59.01,1.448
2002-10-02,28.229,0.218,59.3,1.113
2002-10-03,28.644,1.879,59.6,0.637
2002-10-04,27.171,3.93,68.68,0.709
2002-10-05,26.952,4.129,70.16,0.882
2002-10-06,25.992,5.257,74.98,0.784
2002-10-07,25.78,5.758,76.47,0.991
2002-10-08,24.932,9.413,81.98,1.103
2002-10-09,24.164,9.923,86.64,0.587
2002-10-10,25.322,4.464,80.75,0.673
2002-10-11,25.771,0.418,75.61,1.201
2002-10-12,25.151,6.842,79.98,1.585
2002-10-13,24.879,3.557,79.27,1.624
2002-10-14,25.38,5.078,80.07,1.432
2002-10-15,25.411,1.618,80.38,1.351
2002-10-16,26.051,1.719,74.08,1.509
2002-10-17,26.251,1.235,74.17,1.169
2002-10-18,26.81,1.105,69.23,1.155
2002-10-19,25.6,17.697,79.55,1.058
2002-10-20,26.479,0.12,67.15,0.397
2002-10-21,24.858,0.233,67.42,0.752
2002-10-22,25.761,0.056,62.48,0.809
2002-10-23,26.62,0.053,58.27,0.901
2002-10-24,26.825,0.036,58.55,0.895
2002-10-25,26.548,1.604,65.06,0.857
2002-10-26,25.425,19.616,78.91,0.178
2002-10-27,24.718,14.85,83.61,0.562
2002-10-28,23.615,18.805,89.0,0.186
2002-10-29,24.671,16.198,82.28,0.727
2002-10-30,24.161,8.614,83.51,1.23
2002-10-31,22.717,5.305,84.03,1.517
2002-11-01,22.745,6.923,87.27,1.212
2002-11-02,23.512,4.467,85.42,1.242
2002-11-03,24.457,1.015,78.66,1.764
2002-11-04,24.612,1.061,76.03,1.629
2002-11-05,23.841,6.611,83.51,1.207
2002-11-06,24.145,9.075,83.77,0.875
2002-11-07,23.922,10.829,85.74,0.879
2002-11-08,23.858,4.125,85.1,1.347
2002-11-09,23.595,8.842,88.11,1.29
2002-11-10,24.929,0.666,77.26,1.24
2002-11-11,25.351,0.466,74.91,0.546
2002-11-12,25.651,0.709,76.08,0.406
2002-11-13,25.305,1.531,79.05,0.5
2002-11-14,25.213,1.282,78.19,0.897
2002-11-15,24.888,0.257,73.27,1.857
2002-11-16,25.184,0.02,71.04,2.146
2002-11-17,24.293,0.007,70.92,1.937
2002-11-18,23.22,2.443,80.56,1.446
2002-11-19,23.266,0.461,81.24,1.229
2002-11-20,23.631,2.344,79.77,1.111
2002-11-21,23.976,0.218,73.31,1.719
2002-11-22,23.156,0.0,65.67,1.676
2002-11-23,23.335,0.004,59.67,1.07
2002-11-24,25.047,0.011,58.85,0.345
2002-11-25,25.822,0.004,58.9,0.199
2002-11-26,26.262,0.003,59.93,0.33
2002-11-27,25.568,0.015,56.54,0.627
2002-11-28,25.394,0.001,52.23,0.951
2002-11-29,24.877,0.002,51.25,1.118
2002-11-30,24.388,0.001,46.69,0.915
2002-12-01,24.085,0.003,49.73,1.044
2002-12-02,24.162,0.0,48.42,1.14
2002-12-03,25.386,0.012,58.72,1.135
2002-12-04,25.226,0.001,51.58,1.614
2002-12-05,25.03,0.003,53.07,1.821
2002-12-06,23.978,1.989,75.59,2.125
2002-12-07,23.659,3.653,83.92,1.656
2002-12-08,24.309,0.54,71.76,2.351
2002-12-09,24.386,0.002,58.4,2.346
2002-12-10,23.83,0.078,63.8,1.859
2002-12-11,24.166,0.0,57.65,2.108
2002-12-12,23.637,0.002,57.22,2.225
2002-12-13,22.97,0.0,54.51,2.126
2002-12-14,22.513,0.001,52.18,1.882
2002-12-15,23.843,0.026,63.12,1.985
2002-12-16,23.424,0.317,68.71,1.873
2002-12-17,23.19,0.001,47.01,1.834
2002-12-18,22.533,0.001,49.64,1.669
2002-12-19,22.798,0.0,47.51,1.713
2002-12-20,22.813,0.0,48.12,1.353
2002-12-21,23.155,0.002,40.65,1.549
2002-12-22,23.134,0.002,51.63,1.518
2002-12-23,23.016,0.003,55.96,1.723
2002-12-24,23.098,0.001,54.66,1.52
2002-12-25,23.71,0.002,46.76,1.239
2002-12-26,24.484,0.001,44.67,0.829
2002-12-27,24.842,0.001,48.77,0.757
2002-12-28,24.757,0.004,51.08,0.721
2002-12-29,24.234,0.041,55.26,0.891
2002-12-30,23.901,0.056,57.46,0.673
2002-12-31,24.019,0.002,55.21,0.561
2003-01-01,24.363,0.01,55.18,0.344
2003-01-02,24.281,0.083,58.73,1.728
2003-01-03,23.614,0.049,60.21,1.768
2003-01-04,24.785,0.056,59.42,1.688
2003-01-05,25.234,0.0,55.77,2.18
2003-01-06,24.979,0.0,53.59,2.152
2003-01-07,24.732,0.008,58.67,1.883
2003-01-08,24.933,0.002,57.44,1.748
2003-01-09,24.502,0.284,60.51,1.864
2003-01-10,24.39,0.015,59.27,1.958
2003-01-11,24.282,0.001,55.61,1.948
2003-01-12,23.682,0.003,56.01,2.186
2003-01-13,23.178,0.0,57.3,1.861
2003-01-14,23.13,0.003,54.97,2.347
2003-01-15,23.339,0.006,56.55,2.304
2003-01-16,23.951,0.001,55.42,2.225
2003-01-17,23.139,0.001,55.09,2.177
2003-01-18,23.961,0.003,58.45,2.065
2003-01-19,24.634,0.091,65.41,1.658
2003-01-20,24.391,0.457,70.58,1.803
2003-01-21,25.33,0.105,60.34,1.612
2003-01-22,24.802,0.01,46.26,1.455
2003-01-23,24.922,0.001,41.3,0.758
2003-01-24,25.728,0.001,48.72,0.7
2003-01-25,25.447,0.001,46.61,1.37
2003-01-26,24.241,0.008,54.82,1.446
2003-01-27,24.533,0.001,51.69,1.466
2003-01-28,24.199,0.003,52.34,1.504
2003-01-29,24.023,0.002,49.39,1.306
2003-01-30,24.314,0.001,49.71,1.005
2003-01-31,25.376,0.004,50.05,1.054
2003-02-01,24.62,3.386,73.53,0.803
2003-02-02,24.3,0.676,74.34,1.191
2003-02-03,25.112,0.022,60.75,1.544
2003-02-04,25.258,0.024,57.88,1.347
2003-02-05,25.937,0.075,60.32,1.851
2003-02-06,25.711,0.272,60.45,1.998
2003-02-07,26.07,0.031,57.93,1.541
2003-02-08,25.867,0.013,53.35,1.282
2003-02-09,26.088,0.001,49.79,1.418
2003-02-10,25.958,0.003,54.66,1.739
2003-02-11,26.205,0.011,55.26,1.776
2003-02-12,25.848,0.843,67.98,1.364
2003-02-13,27.162,0.854,64.94,0.926
2003-02-14,27.443,0.077,58.36,1.671
2003-02-15,27.131,0.058,57.58,1.487
2003-02-16,27.051,0.164,57.54,1.607
2003-02-17,26.758,0.047,54.39,1.521
2003-02-18,26.837,0.003,47.87,1.136
2003-02-19,26.808,0.006,50.42,0.993
2003-02-20,27.793,0.001,44.45,1.057
2003-02-21,27.566,0.001,41.45,1.272
2003-02-22,27.316,0.001,45.35,1.391
2003-02-23,26.677,0.003,49.66,1.721
2003-02-24,27.061,0.003,47.77,1.168
2003-02-25,27.15,0.077,53.93,1.003
2003-02-26,28.037,0.178,52.96,0.952
2003-02-27,27.726,0.0,48.87,1.422
2003-02-28,27.045,0.002,48.18,1.57
2003-03-01,27.027,0.002,47.05,0.991
2003-03-02,27.409,0.0,43.72,1.195
2003-03-03,27.42,0.001,40.83,1.008
2003-03-04,27.736,0.0,43.6,1.026
2003-03-05,28.167,0.002,43.52,1.392
2003-03-06,27.933,0.004,44.47,1.618
2003-03-07,28.044,0.002,45.34,1.693
2003-03-08,27.7,0.007,48.82,1.713
2003-03-09,27.321,0.007,49.16,1.704
2003-03-10,27.03,0.001,42.64,1.396
2003-03-11,27.636,0.0,47.19,1.254
2003-03-12,28.349,0.085,49.3,1.599
2003-03-13,28.067,0.91,60.5,1.595
2003-03-14,28.294,0.383,59.28,1.62
2003-03-15,28.527,5.064,57.09,1.299
2003-03-16,27.912,1.335,60.35,1.167
2003-03-17,27.588,11.036,62.82,1.088
2003-03-18,25.843,8.15,75.26,0.777
2003-03-19,25.854,4.53,74.74,0.67
2003-03-20,26.273,4.694,74.44,0.487
2003-03-21,27.222,0.122,64.93,1.387
2003-03-22,26.872,0.008,57.02,1.65
2003-03-23,26.94,0.0,44.05,1.421
2003-03-24,27.545,0.001,33.19,1.249
2003-03-25,27.915,0.002,36.35,1.112
2003-03-26,27.676,0.001,41.19,1.349
2003-03-27,28.627,0.011,47.22,0.911
2003-03-28,29.116,0.005,46.73,0.75
2003-03-29,30.012,0.003,47.84,1.144
2003-03-30,30.459,0.006,47.93,1.162
2003-03-31,30.648,0.042,48.14,0.686
2003-04-01,31.383,0.022,45.02,0.455
2003-04-02,31.338,0.098,46.59,1.319
2003-04-03,28.925,3.936,60.98,1.239
2003-04-04,28.426,5.271,65.11,0.811
2003-04-05,28.252,5.845,66.37,0.372
2003-04-06,28.388,0.316,58.04,1.319
2003-04-07,28.176,0.002,47.58,1.511
2003-04-08,28.235,0.003,52.61,1.056
2003-04-09,28.867,0.063,56.37,0.923
2003-04-10,29.216,0.477,57.73,1.344
2003-04-11,29.093,1.359,59.74,1.35
2003-04-12,29.8,0.142,54.24,0.947
2003-04-13,30.45,0.013,45.5,1.34
2003-04-14,30.425,0.003,38.97,1.371
2003-04-15,30.712,0.009,46.64,1.474
2003-04-16,30.722,0.144,49.62,1.691
2003-04-17,30.667,0.008,46.13,1.549
2003-04-18,31.273,0.012,45.28,1.134
2003-04-19,31.818,0.031,43.91,0.865
2003-04-20,31.767,0.004,44.93,1.704
2003-04-21,31.246,0.119,48.94,1.772
2003-04-22,30.856,0.022,48.67,1.837
2003-04-23,30.949,0.021,45.06,1.254
2003-04-24,31.293,0.002,44.0,0.814
2003-04-25,31.159,0.0,40.09,1.668
2003-04-26,30.59,0.034,40.26,1.535
2003-04-27,29.952,0.661,52.72,1.614
2003-04-28,27.822,12.743,70.53,0.743
2003-04-29,26.973,3.744,74.04,0.714
2003-04-30,26.755,2.15,72.48,0.967
2003-05-01,27.697,0.849,67.5,1.381
2003-05-02,28.931,0.271,62.32,1.469
2003-05-03,30.223,0.089,57.42,1.468
2003-05-04,30.236,1.334,59.22,1.055
2003-05-05,30.506,1.297,59.03,1.179
2003-05-06,29.523,1.95,61.43,1.854
2003-05-07,31.027,0.279,47.6,1.07
2003-05-08,31.448,0.033,47.0,0.453
2003-05-09,31.471,0.156,46.95,0.633
2003-05-10,31.275,0.007,42.9,0.954
2003-05-11,30.726,0.002,46.98,0.318
2003-05-12,29.903,0.001,54.4,0.985
2003-05-13,28.567,2.244,62.49,1.262
2003-05-14,29.93,0.499,55.31,1.955
2003-05-15,30.689,1.821,51.78,2.102
2003-05-16,28.875,8.898,65.13,1.761
2003-05-17,29.726,1.184,58.21,2.17
2003-05-18,30.228,0.512,53.2,2.227
2003-05-19,30.873,0.03,47.76,1.947
2003-05-20,31.128,0.002,46.86,1.64
2003-05-21,31.421,0.114,48.21,1.616
2003-05-22,31.484,0.323,46.51,1.69
2003-05-23,31.17,1.028,49.01,1.429
2003-05-24,31.386,1.488,49.75,1.168
2003-05-25,30.242,6.648,59.33,1.293
2003-05-26,30.458,2.212,59.92,1.425
2003-05-27,30.535,1.368,56.52,1.742
2003-05-28,31.331,0.213,49.0,1.555
2003-05-29,30.976,1.584,52.4,1.597
2003-05-30,31.491,0.032,47.18,1.926
2003-05-31,30.997,0.78,47.39,1.762
2003-06-01,31.369,1.3,49.25,1.442
2003-06-02,30.04,3.058,58.89,1.501
2003-06-03,29.11,11.551,66.74,1.648
2003-06-04,29.387,0.927,63.24,1.792
2003-06-05,29.46,3.279,60.93,1.61
2003-06-06,29.466,3.024,62.6,1.595
2003-06-07,29.489,2.814,61.94,1.46
2003-06-08,28.754,4.293,66.07,1.423
2003-06-09,29.217,1.014,62.61,1.341
2003-06-10,29.852,0.22,57.96,1.481
2003-06-11,30.182,0.346,56.67,1.505
2003-06-12,29.783,1.056,58.67,1.48
2003-06-13,28.705,2.414,64.93,1.909
2003-06-14,27.875,0.313,63.62,2.518
2003-06-15,27.345,1.165,65.54,2.397
2003-06-16,26.107,7.596,77.66,2.093
2003-06-17,27.454,4.383,69.03,2.262
2003-06-18,27.036,5.852,71.05,2.281
2003-06-19,26.265,1.648,70.66,2.74
2003-06-20,24.846,7.296,85.95,1.99
2003-06-21,25.253,4.436,81.98,2.454
2003-06-22,24.154,20.232,91.27,1.691
2003-06-23,25.568,2.483,80.28,1.86
2003-06-24,26.42,1.458,73.72,2.057
2003-06-25,27.103,0.144,67.32,2.079
2003-06-26,27.301,0.267,66.46,1.872
2003-06-27,27.712,1.063,65.63,1.906
2003-06-28,27.807,0.918,65.17,1.995
2003-06-29,27.685,0.333,64.34,2.115
2003-06-30,27.317,0.675,66.36,2.169
2003-07-01,26.759,1.749,69.92,2.018
2003-07-02,26.457,0.883,69.03,2.042
2003-07-03,25.181,5.017,76.51,1.762
2003-07-04,24.697,8.033,80.79,1.607
2003-07-05,23.906,9.2,88.07,1.661
2003-07-06,25.332,2.979,73.96,1.84
2003-07-07,26.802,0.041,63.15,2.425
2003-07-08,26.22,0.495,70.24,1.899
2003-07-09,26.34,1.536,73.14,1.617
2003-07-10,26.369,1.59,72.17,1.8
2003-07-11,26.113,0.292,71.38,2.02
2003-07-12,26.876,0.369,66.69,2.214
2003-07-13,26.344,7.881,76.22,1.877
2003-07-14,26.462,0.894,73.25,2.227
2003-07-15,25.599,1.223,77.02,1.958
2003-07-16,24.672,3.793,82.3,1.789
2003-07-17,26.234,1.563,74.58,1.612
2003-07-18,27.09,0.589,70.28,1.905
2003-07-19,27.589,0.894,67.66,1.873
2003-07-20,28.154,0.386,65.83,1.49
2003-07-21,27.715,1.909,71.11,1.567
2003-07-22,27.399,3.212,70.61,1.933
2003-07-23,27.409,1.175,67.24,2.605
2003-07-24,26.943,0.468,66.28,2.671
2003-07-25,27.666,0.242,58.62,3.03
2003-07-26,27.391,0.314,60.85,2.688
2003-07-27,27.699,0.573,61.7,2.452
2003-07-28,27.548,0.565,65.36,1.892
2003-07-29,27.643,5.04,67.66,1.557
2003-07-30,27.042,11.137,71.78,1.291
2003-07-31,26.283,11.601,78.71,1.072
2003-08-01,25.666,14.741,82.12,1.07
2003-08-02,26.213,3.949,78.26,1.147
2003-08-03,26.794,1.011,72.27,1.561
2003-08-04,27.076,0.721,68.68,2.099
2003-08-05,27.174,0.374,64.57,2.764
2003-08-06,27.355,0.114,61.89,2.705
2003-08-07,27.581,0.122,61.19,2.745
2003-08-08,27.551,0.132,63.38,2.251
2003-08-09,27.944,1.469,66.11,1.911
2003-08-10,28.869,0.091,59.88,1.78
2003-08-11,28.624,1.397,63.21,1.492
2003-08-12,28.704,1.55,61.86,1.46
2003-08-13,27.88,3.063,65.09,1.739
2003-08-14,27.389,3.294,67.2,1.939
2003-08-15,26.876,5.71,70.5,1.91
2003-08-16,26.768,4.744,70.03,1.909
2003-08-17,25.626,8.046,77.46,1.786
2003-08-18,25.997,0.729,71.96,2.026
2003-08-19,25.949,0.734,67.9,2.244
2003-08-20,26.807,0.396,62.03,2.587
2003-08-21,26.259,1.482,67.65,2.335
2003-08-22,23.825,13.277,89.64,2.075
2003-08-23,24.635,1.998,83.19,1.938
2003-08-24,26.336,2.153,74.4,1.77
2003-08-25,26.209,2.517,73.65,1.791
2003-08-26,25.862,5.406,75.14,1.53
2003-08-27,25.628,2.357,76.72,1.531
2003-08-28,26.322,1.376,71.52,1.486
2003-08-29,26.977,1.396,68.43,1.518
2003-08-30,26.921,2.089,70.71,1.388
2003-08-31,26.312,3.807,74.03,1.651
2003-09-01,25.876,5.011,73.42,1.986
2003-09-02,25.697,0.712,73.0,1.95
2003-09-03,27.031,0.698,66.58,2.133
2003-09-04,27.349,0.578,62.83,2.104
2003-09-05,27.406,0.037,59.45,1.98
2003-09-06,26.466,4.307,70.0,1.83
2003-09-07,27.293,0.191,63.58,2.265
2003-09-08,28.381,0.03,56.7,2.161
2003-09-09,28.308,0.063,57.16,2.334
2003-09-10,28.187,0.009,51.28,2.435
2003-09-11,28.053,0.01,50.59,2.543
2003-09-12,28.299,0.001,47.29,2.371
2003-09-13,28.907,0.017,45.72,2.49
2003-09-14,28.848,0.002,45.61,2.267
2003-09-15,28.045,2.011,56.85,1.91
2003-09-16,28.015,2.415,61.42,1.76
2003-09-17,27.49,2.903,65.66,1.703
2003-09-18,27.979,0.79,61.32,1.684
2003-09-19,28.569,0.008,52.04,1.52
2003-09-20,29.243,0.001,46.49,1.227
2003-09-21,29.126,0.199,50.57,1.199
2003-09-22,29.596,0.008,47.5,1.429
2003-09-23,29.398,0.015,49.24,1.884
2003-09-24,29.496,0.017,47.46,2.018
2003-09-25,29.143,3.504,53.6,1.339
2003-09-26,28.518,2.805,60.2,0.88
2003-09-27,27.447,7.736,68.19,0.825
2003-09-28,27.654,11.875,67.67,0.44
2003-09-29,27.751,3.053,67.26,0.229
2003-09-30,27.075,6.044,71.97,0.661
2003-10-01,26.319,6.077,75.94,0.296
2003-10-02,25.956,8.37,77.12,0.528
2003-10-03,24.758,19.371,84.89,0.473
2003-10-04,25.262,6.906,84.21,0.777
2003-10-05,25.426,6.106,81.56,1.326
2003-10-06,25.55,3.307,80.31,1.767
2003-10-07,24.578,3.944,86.17,1.787
2003-10-08,25.78,3.0,79.38,1.626
2003-10-09,26.576,0.107,68.79,1.607
2003-10-10,27.039,0.037,60.23,1.277
2003-10-11,26.011,1.51,72.74,1.055
2003-10-12,25.199,21.84,79.48,0.272
2003-10-13,24.793,13.145,82.84,0.179
2003-10-14,25.189,12.07,83.11,0.256
2003-10-15,25.924,0.211,73.78,0.476
2003-10-16,26.094,1.778,71.19,0.15
2003-10-17,25.959,5.412,77.09,0.474
2003-10-18,25.211,15.477,85.06,0.802
2003-10-19,24.292,10.518,89.8,0.923
2003-10-20,24.181,9.964,88.8,1.127
2003-10-21,24.137,5.152,86.6,1.336
2003-10-22,24.576,6.96,86.4,1.069
2003-10-23,24.869,12.163,86.01,1.033
2003-10-24,25.086,0.436,81.31,1.235
2003-10-25,26.125,0.121,67.66,0.734
2003-10-26,25.813,0.711,70.61,0.491
2003-10-27,24.76,1.444,78.37,0.059
2003-10-28,25.096,0.956,75.11,0.486
2003-10-29,25.271,0.931,74.76,0.697
2003-10-30,24.736,1.22,80.14,1.15
2003-10-31,24.915,0.934,78.98,0.838
2003-11-01,24.9,1.979,79.25,1.069
2003-11-02,24.539,2.114,79.68,1.305
2003-11-03,24.936,1.517,77.78,1.61
2003-11-04,25.106,0.618,71.42,1.657
2003-11-05,24.497,2.073,79.42,1.05
2003-11-06,24.735,6.651,76.9,1.279
2003-11-07,22.747,15.052,92.58,0.88
2003-11-08,22.837,14.023,92.32,0.999
2003-11-09,23.385,2.076,86.62,1.301
2003-11-10,23.679,0.422,71.14,1.894
2003-11-11,24.018,0.012,70.13,1.641
2003-11-12,24.233,0.326,72.58,2.009
2003-11-13,23.947,2.032,78.74,1.888
2003-11-14,24.393,1.734,79.09,1.816
2003-11-15,23.996,1.685,81.65,1.349
2003-11-16,24.474,0.016,71.49,1.573
2003-11-17,24.613,0.006,71.27,1.35
2003-11-18,23.952,0.018,71.1,1.38
2003-11-19,23.296,0.003,65.67,1.784
2003-11-20,23.551,0.076,69.45,1.804
2003-11-21,21.523,39.243,85.49,1.315
2003-11-22,21.123,58.587,93.11,1.107
2003-11-23,22.032,0.157,77.29,1.883
2003-11-24,22.34,0.09,73.2,1.904
2003-11-25,22.229,0.001,71.04,1.714
2003-11-26,22.623,0.016,75.34,1.54
2003-11-27,22.141,0.027,70.25,1.566
2003-11-28,21.291,13.306,89.39,1.102
2003-11-29,22.379,3.481,89.88,1.7
2003-11-30,22.773,2.395,86.28,1.531
2003-12-01,22.721,0.604,79.6,1.74
2003-12-02,21.953,0.001,72.34,1.457
2003-12-03,22.001,0.002,73.68,1.562
2003-12-04,21.752,0.003,70.94,1.587
2003-12-05,22.198,0.01,73.49,1.687
2003-12-06,21.322,0.001,69.75,1.648
2003-12-07,21.505,0.001,60.69,1.508
2003-12-08,21.697,0.001,62.27,1.303
2003-12-09,21.328,0.001,67.51,1.473
2003-12-10,21.388,0.001,66.34,1.441
2003-12-11,22.238,0.029,68.37,1.318
2003-12-12,23.09,0.135,72.67,1.792
2003-12-13,22.554,0.005,65.92,2.04
2003-12-14,22.062,0.003,61.26,1.521
2003-12-15,24.781,0.154,58.78,0.794
2003-12-16,25.937,0.039,61.36,0.437
2003-12-17,24.785,2.215,74.11,0.506
2003-12-18,23.516,4.014,81.22,0.784
2003-12-19,23.682,0.563,69.9,0.903
2003-12-20,23.056,0.019,62.8,1.643
2003-12-21,21.916,0.001,58.39,1.724
2003-12-22,21.994,0.001,60.29,1.36
2003-12-23,23.002,0.051,68.98,1.305
2003-12-24,23.261,1.222,79.46,1.014
2003-12-25,23.93,2.56,80.35,1.305
2003-12-26,24.198,1.121,74.15,1.452
2003-12-27,23.652,1.71,78.54,1.503
2003-12-28,24.178,1.308,76.14,1.606
2003-12-29,23.849,0.429,71.68,2.229
2003-12-30,23.711,0.042,65.91,2.098
2003-12-31,23.529,0.158,68.98,1.795
2004-01-01,23.234,0.694,72.4,1.575
2004-01-02,23.479,0.023,65.73,1.6
2004-01-03,22.734,0.005,62.79,1.685
2004-01-04,22.576,0.063,65.38,1.765
2004-01-05,23.412,0.053,64.97,1.437
2004-01-06,23.481,0.248,68.18,1.733
2004-01-07,23.008,0.119,66.9,1.884
2004-01-08,22.94,0.008,60.73,2.322
2004-01-09,22.34,0.005,58.49,2.377
2004-01-10,21.977,0.006,63.52,2.114
2004-01-11,22.235,0.002,55.59,1.739
2004-01-12,22.312,0.001,59.1,1.48
2004-01-13,22.321,0.001,55.17,1.443
2004-01-14,22.857,0.002,53.42,1.233
2004-01-15,22.931,0.002,55.76,1.216
2004-01-16,23.043,0.001,50.61,1.317
2004-01-17,22.565,0.003,54.17,1.074
2004-01-18,23.271,0.0,58.87,0.872
2004-01-19,23.764,0.0,57.85,1.208
2004-01-20,23.605,0.002,59.84,1.243
2004-01-21,24.165,0.001,59.44,1.235
2004-01-22,24.479,0.009,58.96,1.009
2004-01-23,25.099,0.126,63.27,1.121
2004-01-24,25.265,0.692,68.63,1.271
2004-01-25,25.428,0.512,66.53,0.955
2004-01-26,25.7,1.078,63.91,0.759
2004-01-27,24.971,2.049,73.4,1.362
2004-01-28,24.717,1.71,71.17,1.4
2004-01-29,24.819,0.323,67.14,1.338
2004-01-30,25.577,0.227,63.46,1.169
2004-01-31,25.505,0.661,64.91,1.122
2004-02-01,25.284,0.228,62.61,1.142
2004-02-02,24.517,0.047,59.27,1.537
2004-02-03,24.878,0.002,57.75,1.474
2004-02-04,25.397,0.005,56.25,1.289
2004-02-05,25.366,0.069,61.6,1.211
2004-02-06,26.309,0.003,57.81,1.145
2004-02-07,26.483,0.74,59.57,1.213
2004-02-08,23.61,4.896,76.44,1.423
2004-02-09,24.982,0.015,58.16,1.666
2004-02-10,24.054,0.04,58.1,1.588
2004-02-11,24.796,0.002,55.07,1.432
2004-02-12,25.128,0.002,49.02,1.791
2004-02-13,24.433,0.001,49.28,2.184
2004-02-14,24.214,0.002,43.82,2.091
2004-02-15,24.574,0.0,40.08,1.666
2004-02-16,24.833,0.0,38.24,1.785
2004-02-17,24.65,0.001,45.59,1.781
2004-02-18,25.086,0.001,48.39,1.342
2004-02-19,26.252,0.001,46.1,0.781
2004-02-20,26.638,0.001,42.51,1.469
2004-02-21,25.873,0.001,44.18,1.966
2004-02-22,25.325,0.002,38.54,1.921
2004-02-23,25.754,0.002,34.31,1.451
2004-02-24,25.867,0.0,38.36,1.404
2004-02-25,26.186,0.0,36.33,1.354
2004-02-26,26.431,0.003,33.81,1.307
2004-02-27,26.488,0.0,36.86,0.959
2004-02-28,26.918,0.001,40.42,0.821
2004-02-29,26.822,0.001,37.13,1.196
2004-03-01,26.938,0.002,36.8,1.032
2004-03-02,27.638,0.002,36.53,1.434
2004-03-03,27.753,0.001,39.14,1.327
2004-03-04,27.14,0.001,39.36,1.213
2004-03-05,26.872,0.0,34.5,1.174
2004-03-06,27.233,0.001,29.27,1.118
2004-03-07,27.583,0.0,35.96,1.223
2004-03-08,26.52,0.014,49.37,1.703
2004-03-09,26.757,0.014,52.85,2.108
2004-03-10,27.122,0.019,50.23,1.53
2004-03-11,27.587,0.036,48.1,1.347
2004-03-12,27.846,0.041,45.27,1.453
2004-03-13,28.24,0.001,44.71,1.391
2004-03-14,28.515,0.001,37.66,1.974
2004-03-15,28.728,0.001,24.5,1.495
2004-03-16,29.093,0.0,24.47,1.449
2004-03-17,29.046,0.001,24.9,1.028
2004-03-18,29.664,0.002,34.04,1.083
2004-03-19,30.386,0.001,30.81,0.982
2004-03-20,30.446,0.001,30.88,0.905
2004-03-21,30.604,0.002,33.44,0.719
2004-03-22,30.502,-0.0,37.91,1.209
2004-03-23,31.43,0.0,40.74,0.675
2004-03-24,31.231,0.003,43.38,0.358
2004-03-25,31.007,0.026,45.36,0.527
2004-03-26,30.752,0.508,46.56,0.911
2004-03-27,29.295,0.681,54.02,1.275
2004-03-28,27.993,3.307,64.88,0.973
2004-03-29,29.113,1.132,60.53,1.195
2004-03-30,30.022,0.339,54.07,1.268
2004-03-31,29.382,7.194,56.84,0.876
2004-04-01,29.427,0.514,57.49,0.947
2004-04-02,28.707,3.804,63.12,0.555
2004-04-03,28.4,7.423,66.4,0.379
2004-04-04,28.127,3.557,63.82,0.943
2004-04-05,28.159,1.739,64.56,0.689
2004-04-06,27.454,1.259,68.07,0.694
2004-04-07,28.498,2.945,60.38,0.507
2004-04-08,28.267,4.369,63.97,0.681
2004-04-09,29.051,0.936,59.92,0.573
2004-04-10,29.555,0.018,54.61,1.243
2004-04-11,29.741,0.008,52.02,1.594
2004-04-12,30.777,0.056,50.59,1.557
2004-04-13,31.348,0.012,47.61,1.364
2004-04-14,32.324,0.002,43.43,1.221
2004-04-15,32.303,0.034,46.82,1.276
2004-04-16,30.963,2.421,54.2,1.094
2004-04-17,32.61,0.243,44.45,1.131
2004-04-18,30.527,5.112,55.03,0.924
2004-04-19,31.082,1.482,54.46,0.646
2004-04-20,31.449,0.003,46.35,1.391
2004-04-21,31.001,0.085,49.35,1.04
2004-04-22,31.182,0.039,45.69,1.535
2004-04-23,31.422,0.366,45.48,1.29
2004-04-24,30.181,1.32,52.9,1.201
2004-04-25,28.746,4.564,63.4,1.124
2004-04-26,29.909,0.815,55.6,1.228
2004-04-27,29.831,1.318,55.09,0.303
2004-04-28,30.547,1.786,51.9,0.059
2004-04-29,29.818,1.758,57.35,0.899
2004-04-30,29.699,0.696,56.16,0.968
2004-05-01,29.451,0.355,57.35,1.433
2004-05-02,27.454,18.409,71.31,1.352
2004-05-03,23.802,41.751,94.27,1.92
2004-05-04,23.936,19.948,92.26,1.741
2004-05-05,24.763,8.244,87.93,1.435
2004-05-06,24.891,17.614,89.33,0.873
2004-05-07,25.597,9.711,82.8,1.107
2004-05-08,26.534,0.588,72.78,1.602
2004-05-09,26.364,4.11,77.59,0.696
2004-05-10,26.924,5.15,78.73,0.903
2004-05-11,27.307,1.533,72.71,1.158
2004-05-12,27.909,0.009,61.95,1.351
2004-05-13,28.528,0.418,66.93,1.256
2004-05-14,27.728,4.819,74.28,0.956
2004-05-15,27.268,4.052,77.08,1.372
2004-05-16,26.77,6.579,77.57,1.63
2004-05-17,26.015,6.61,80.32,1.66
2004-05-18,26.46,3.48,76.11,2.277
2004-05-19,27.481,0.145,65.96,2.601
2004-05-20,26.624,1.926,75.15,2.22
2004-05-21,27.385,0.977,69.36,2.266
2004-05-22,26.912,6.278,75.24,1.833
2004-05-23,26.227,11.381,81.19,1.613
2004-05-24,26.313,7.667,79.39,1.546
2004-05-25,25.401,20.791,84.61,1.17
2004-05-26,25.313,11.935,85.36,1.037
2004-05-27,25.79,13.758,83.17,1.267
2004-05-28,25.659,5.33,82.81,0.812
2004-05-29,25.896,12.843,81.99,0.945
2004-05-30,25.383,4.561,84.82,0.848
2004-05-31,25.977,5.091,82.68,1.042
2004-06-01,25.668,2.89,82.96,1.056
2004-06-02,26.142,4.612,80.91,1.216
2004-06-03,26.206,1.731,78.15,1.664
2004-06-04,26.895,2.593,74.74,1.276
2004-06-05,26.348,4.875,78.34,1.586
2004-06-06,26.569,0.866,73.14,1.844
2004-06-07,26.061,5.602,76.93,1.729
2004-06-08,25.648,5.06,77.53,2.123
2004-06-09,23.868,16.321,91.17,1.644
2004-06-10,24.795,1.842,82.91,2.076
2004-06-11,25.386,0.545,78.8,2.065
2004-06-12,24.991,2.017,81.86,2.02
2004-06-13,25.62,1.211,78.22,2.496
2004-06-14,25.821,0.951,78.21,2.292
2004-06-15,25.808,1.167,78.24,2.426
2004-06-16,25.643,3.19,79.12,2.349
2004-06-17,26.177,0.413,72.06,2.587
2004-06-18,26.043,0.388,70.86,2.605
2004-06-19,26.452,0.057,67.79,2.343
2004-06-20,26.902,0.001,64.88,2.165
2004-06-21,26.647,0.0,65.43,1.899
2004-06-22,26.607,0.001,64.93,1.789
2004-06-23,27.056,0.001,61.35,1.775
2004-06-24,27.117,0.079,59.57,2.046
2004-06-25,27.454,0.11,59.36,2.185
2004-06-26,27.065,1.961,64.78,2.302
2004-06-27,25.894,3.569,74.69,2.104
2004-06-28,26.482,1.82,72.2,2.042
2004-06-29,26.691,1.579,69.28,2.23
2004-06-30,27.299,0.37,63.49,2.599
2004-07-01,27.55,0.163,59.52,2.821
2004-07-02,27.355,0.783,62.21,2.579
2004-07-03,26.936,2.269,67.44,2.131
2004-07-04,27.464,0.516,64.83,2.137
2004-07-05,27.772,0.099,60.74,1.855
2004-07-06,27.47,4.613,64.18,1.397
2004-07-07,27.253,4.262,66.66,0.935
2004-07-08,26.864,7.511,71.8,0.752
2004-07-09,26.052,16.259,79.15,1.026
2004-07-10,25.937,6.868,77.84,1.279
2004-07-11,25.287,12.966,81.71,1.496
2004-07-12,24.54,7.777,82.88,1.766
2004-07-13,25.189,1.679,74.25,1.912
2004-07-14,25.724,0.288,70.5,2.356
2004-07-15,24.834,3.943,80.34,2.086
2004-07-16,25.853,1.912,75.71,1.792
2004-07-17,26.87,0.793,71.13,1.511
2004-07-18,26.694,2.578,73.57,1.383
2004-07-19,26.593,2.2,71.56,1.59
2004-07-20,26.147,4.494,74.25,1.887
2004-07-21,26.313,0.437,70.86,2.247
2004-07-22,26.263,2.018,70.5,2.148
2004-07-23,25.619,1.961,73.19,2.216
2004-07-24,26.292,0.613,68.76,2.209
2004-07-25,26.574,0.471,66.64,2.485
2004-07-26,26.322,0.37,67.66,2.449
2004-07-27,26.39,0.065,66.79,2.386
2004-07-28,27.019,0.121,61.38,2.435
2004-07-29,26.058,0.652,69.69,2.027
2004-07-30,26.629,0.707,68.36,1.737
2004-07-31,26.423,1.81,68.88,1.922
2004-08-01,26.384,0.542,67.02,2.262
2004-08-02,27.237,1.674,57.9,3.18
2004-08-03,24.705,12.066,77.2,2.644
2004-08-04,23.681,13.877,89.0,2.011
2004-08-05,25.188,3.036,78.62,2.125
2004-08-06,25.624,3.069,77.14,1.974
2004-08-07,25.755,1.681,74.17,2.201
2004-08-08,25.674,2.719,72.9,2.224
2004-08-09,26.694,0.017,64.56,1.987
2004-08-10,26.945,0.05,63.34,2.076
2004-08-11,26.717,0.001,62.65,2.159
2004-08-12,26.98,0.15,63.12,2.348
2004-08-13,26.466,0.65,67.74,2.275
2004-08-14,26.18,0.675,69.27,2.2
2004-08-15,26.816,0.279,62.91,2.436
2004-08-16,26.257,2.958,69.91,2.206
2004-08-17,27.381,0.342,63.24,2.204
2004-08-18,27.38,1.896,63.94,2.235
2004-08-19,27.227,0.498,62.16,2.711
2004-08-20,26.992,0.34,60.9,2.797
2004-08-21,27.759,0.059,55.65,2.94
2004-08-22,28.112,0.057,53.31,2.88
2004-08-23,28.155,0.176,56.74,2.505
2004-08-24,28.212,0.024,55.49,2.476
2004-08-25,28.583,0.002,51.61,1.979
2004-08-26,28.554,0.028,52.03,2.346
2004-08-27,28.883,0.0,49.34,2.577
2004-08-28,28.633,0.025,50.89,1.84
2004-08-29,28.567,0.025,51.59,1.907
2004-08-30,28.758,0.071,52.13,1.716
2004-08-31,28.747,0.02,49.79,1.977
2004-09-01,28.76,0.015,48.07,1.533
2004-09-02,29.218,0.124,50.03,0.956
2004-09-03,27.179,13.529,68.62,0.896
2004-09-04,25.986,11.056,78.54,1.082
2004-09-05,25.629,7.686,79.28,1.152
2004-09-06,24.363,4.152,82.94,1.106
2004-09-07,25.477,3.434,76.96,1.315
2004-09-08,25.839,2.02,74.48,1.546
2004-09-09,25.712,5.971,76.95,1.575
2004-09-10,24.988,6.328,80.35,1.602
2004-09-11,24.977,4.735,80.31,1.678
2004-09-12,26.05,0.444,71.67,1.525
2004-09-13,27.109,0.174,65.82,1.082
2004-09-14,26.528,7.45,74.73,1.017
2004-09-15,25.697,10.602,81.26,1.092
2004-09-16,26.7,2.465,72.58,0.842
2004-09-17,27.067,1.441,70.46,0.792
2004-09-18,26.604,5.164,75.49,1.115
2004-09-19,26.382,5.898,77.4,1.049
2004-09-20,27.006,0.106,67.06,1.256
2004-09-21,27.033,0.241,66.34,0.88
2004-09-22,27.071,0.374,65.92,0.63
2004-09-23,25.429,6.16,78.11,0.498
2004-09-24,24.788,11.566,84.32,0.607
2004-09-25,24.12,10.721,86.64,0.709
2004-09-26,24.101,11.582,85.29,0.974
2004-09-27,23.296,23.689,90.06,0.63
2004-09-28,22.91,28.009,93.34,0.376
2004-09-29,25.507,0.424,76.98,0.465
2004-09-30,25.447,8.033,80.62,0.126
2004-10-01,24.748,11.284,84.14,0.656
2004-10-02,24.083,10.256,85.41,1.169
2004-10-03,24.206,4.083,85.0,1.599
2004-10-04,24.542,2.696,83.43,1.871
2004-10-05,25.235,0.218,75.05,1.585
2004-10-06,25.148,0.0,65.16,1.202
2004-10-07,25.247,0.003,58.27,0.987
2004-10-08,26.194,0.0,60.17,0.65
2004-10-09,26.725,0.007,64.01,0.552
2004-10-10,26.748,0.572,68.84,0.332
2004-10-11,25.82,9.575,77.87,0.189
2004-10-12,25.673,6.909,79.96,0.242
2004-10-13,25.347,6.438,82.13,0.115
2004-10-14,25.6,12.885,80.85,0.293
2004-10-15,25.584,13.608,79.96,0.334
2004-10-16,25.098,9.775,82.28,0.468
2004-10-17,24.78,5.807,83.84,0.603
2004-10-18,23.802,9.51,87.1,0.962
2004-10-19,24.17,5.749,85.12,1.506
2004-10-20,24.116,7.296,85.17,1.251
2004-10-21,24.322,2.287,83.56,1.067
2004-10-22,24.563,2.208,84.39,1.539
2004-10-23,23.545,6.386,87.27,1.245
2004-10-24,24.562,0.994,77.81,1.491
2004-10-25,23.929,2.522,83.22,1.571
2004-10-26,24.164,1.988,82.09,1.497
2004-10-27,23.828,4.941,83.87,1.51
2004-10-28,23.658,16.167,85.36,1.356
2004-10-29,22.194,21.947,94.49,1.468
2004-10-30,21.942,31.943,95.69,0.986
2004-10-31,22.604,14.759,92.58,0.862
2004-11-01,23.603,5.942,84.92,0.783
2004-11-02,24.08,1.565,83.19,1.131
2004-11-03,24.142,0.025,75.33,1.777
2004-11-04,23.863,0.573,74.02,1.984
2004-11-05,20.917,28.655,88.02,1.258
2004-11-06,21.952,11.084,91.29,1.162
2004-11-07,23.137,5.228,91.14,1.055
2004-11-08,22.657,4.545,92.47,0.996
2004-11-09,23.638,3.353,87.01,0.895
2004-11-10,23.902,5.316,86.14,1.115
2004-11-11,23.782,4.427,85.95,1.084
2004-11-12,22.806,12.615,92.42,1.28
2004-11-13,23.909,2.15,83.76,1.514
2004-11-14,23.688,0.939,82.17,1.633
2004-11-15,22.845,1.583,87.59,1.138
2004-11-16,23.456,0.025,77.57,1.091
2004-11-17,23.984,0.094,78.77,1.229
2004-11-18,23.695,0.007,75.39,1.449
2004-11-19,22.175,0.001,70.35,1.569
2004-11-20,22.885,0.008,70.46,1.424
2004-11-21,23.139,0.004,73.13,1.88
2004-11-22,23.439,0.725,75.77,1.387
2004-11-23,23.128,0.31,77.55,1.525
2004-11-24,23.013,0.622,79.79,1.444
2004-11-25,22.638,0.481,77.46,1.851
2004-11-26,23.322,1.255,82.76,1.926
2004-11-27,23.235,1.386,82.0,2.17
2004-11-28,22.454,0.001,71.01,2.051
2004-11-29,22.095,0.001,65.42,1.852
2004-11-30,21.845,0.002,65.23,1.568
2004-12-01,22.404,0.001,68.7,1.418
2004-12-02,23.785,0.01,70.25,1.803
2004-12-03,23.574,0.072,73.61,1.999
2004-12-04,22.65,0.002,68.59,1.855
2004-12-05,22.48,-0.0,68.39,1.661
2004-12-06,21.751,0.001,65.92,1.615
2004-12-07,21.793,0.0,66.33,1.88
2004-12-08,22.901,0.265,75.42,1.83
2004-12-09,22.987,0.513,74.88,1.818
2004-12-10,21.966,0.002,68.81,2.001
2004-12-11,23.017,0.018,68.77,1.968
2004-12-12,23.182,0.129,72.62,1.994
2004-12-13,23.525,0.137,71.43,2.133
2004-12-14,23.502,0.233,72.95,2.046
2004-12-15,22.48,0.002,64.95,1.89
2004-12-16,21.755,0.001,66.05,1.778
2004-12-17,21.838,0.001,65.48,1.743
2004-12-18,21.754,0.005,64.28,1.486
2004-12-19,22.504,0.0,62.63,1.028
2004-12-20,22.795,0.004,64.38,0.538
2004-12-21,22.814,0.002,63.7,0.811
2004-12-22,22.935,0.001,60.35,1.075
2004-12-23,23.097,0.089,55.79,1.269
2004-12-24,23.907,0.016,65.93,1.913
2004-12-25,22.874,0.012,61.81,2.23
2004-12-26,22.406,0.003,58.57,1.821
2004-12-27,23.437,0.084,68.41,1.955
2004-12-28,23.156,0.014,63.55,2.187
2004-12-29,22.693,0.423,70.27,1.788
2004-12-30,23.173,0.02,61.98,1.766
2004-12-31,24.63,0.489,66.73,0.944
2005-01-01,23.777,0.285,68.53,1.184
2005-01-02,23.638,0.005,63.62,1.296
2005-01-03,24.043,0.005,62.15,1.212
2005-01-04,23.653,0.001,60.26,1.754
2005-01-05,22.745,0.001,57.02,1.663
2005-01-06,22.386,0.002,60.63,1.838
2005-01-07,23.058,-0.0,61.83,1.754
2005-01-08,23.014,0.001,60.25,1.69
2005-01-09,22.656,0.001,55.59,1.577
2005-01-10,23.284,0.0,54.67,0.822
2005-01-11,24.0,0.002,54.61,0.57
2005-01-12,24.228,0.001,51.77,1.278
2005-01-13,23.699,0.002,54.96,1.577
2005-01-14,23.402,0.004,62.34,1.735
2005-01-15,22.896,0.006,57.37,1.747
2005-01-16,22.843,0.001,56.31,1.187
2005-01-17,23.998,0.002,62.41,0.752
2005-01-18,25.212,0.037,62.09,0.627
2005-01-19,25.415,0.125,64.6,1.421
2005-01-20,24.95,0.015,58.97,2.14
2005-01-21,24.131,0.169,67.4,2.12
2005-01-22,24.539,0.139,68.21,1.652
2005-01-23,24.303,0.127,67.68,1.258
2005-01-24,25.28,0.015,62.93,1.315
2005-01-25,24.956,0.01,61.81,1.188
2005-01-26,25.292,0.057,59.59,1.023
2005-01-27,25.043,0.106,61.88,0.992
2005-01-28,25.176,0.03,59.64,1.117
2005-01-29,24.388,0.099,60.69,1.546
2005-01-30,24.983,0.019,58.06,1.372
2005-01-31,24.934,1.342,67.25,1.014
2005-02-01,24.3,8.958,77.43,0.748
2005-02-02,24.441,3.548,75.38,1.37
2005-02-03,24.415,2.215,75.85,1.499
2005-02-04,24.434,0.599,69.49,1.556
2005-02-05,24.429,0.144,65.03,1.034
2005-02-06,24.865,0.002,60.5,1.308
2005-02-07,23.657,0.003,53.12,1.603
2005-02-08,23.384,0.002,60.57,1.903
2005-02-09,23.719,0.0,54.05,1.957
2005-02-10,24.147,0.001,51.48,1.979
2005-02-11,24.55,0.0,45.12,1.837
2005-02-12,24.589,0.001,38.73,1.886
2005-02-13,25.038,0.0,30.75,1.546
2005-02-14,26.315,0.0,26.35,1.231
2005-02-15,27.51,0.001,26.87,0.692
2005-02-16,27.985,0.001,30.48,0.828
2005-02-17,27.9,0.001,33.93,1.021
2005-02-18,27.566,0.003,36.4,1.067
2005-02-19,26.68,0.003,41.16,1.177
2005-02-20,26.015,0.002,43.22,1.276
2005-02-21,26.318,0.105,48.56,1.38
2005-02-22,26.301,1.761,67.54,1.192
2005-02-23,27.014,0.821,62.11,1.221
2005-02-24,27.439,0.005,51.26,1.151
2005-02-25,27.54,0.0,41.54,1.289
2005-02-26,27.39,0.0,37.69,1.356
2005-02-27,26.751,0.003,30.78,1.386
2005-02-28,26.576,0.001,34.53,1.451
2005-03-01,26.628,0.001,42.5,1.607
2005-03-02,26.829,0.0,43.92,1.169
2005-03-03,26.98,0.004,46.65,1.315
2005-03-04,27.462,0.001,48.22,1.171
2005-03-05,28.217,0.166,53.77,1.438
2005-03-06,27.872,1.101,61.03,1.279
2005-03-07,27.774,0.46,59.19,1.649
2005-03-08,28.037,0.091,54.38,1.675
2005-03-09,27.551,0.509,59.66,1.25
2005-03-10,27.959,1.138,59.0,0.463
2005-03-11,27.767,3.114,63.04,0.954
2005-03-12,27.884,4.116,62.06,0.749
2005-03-13,27.115,16.463,65.84,0.39
2005-03-14,26.524,3.616,70.38,0.922
2005-03-15,27.233,0.141,58.13,1.155
2005-03-16,27.054,0.002,52.59,1.262
2005-03-17,26.384,0.006,50.88,1.553
2005-03-18,26.97,0.002,45.33,1.073
2005-03-19,27.434,0.01,44.18,1.109
2005-03-20,27.891,0.015,49.18,0.923
2005-03-21,28.737,0.087,51.65,1.065
2005-03-22,29.455,0.004,47.13,1.108
2005-03-23,30.385,0.0,44.74,1.371
2005-03-24,30.693,0.101,47.36,1.068
2005-03-25,30.652,0.385,48.2,1.007
2005-03-26,30.223,0.133,49.46,0.914
2005-03-27,30.072,0.056,51.97,1.036
2005-03-28,30.626,0.026,47.08,1.044
2005-03-29,30.29,0.28,50.76,0.871
2005-03-30,30.968,0.265,49.9,0.878
2005-03-31,29.938,1.251,53.49,0.434
2005-04-01,30.294,0.014,49.98,1.264
2005-04-02,29.455,0.056,53.36,1.76
2005-04-03,26.389,9.249,75.54,0.854
2005-04-04,23.974,24.52,91.58,1.255
2005-04-05,23.454,20.643,94.3,1.022
2005-04-06,24.843,13.708,85.52,0.376
2005-04-07,25.552,12.304,83.23,0.622
2005-04-08,26.336,0.676,79.29,0.961
2005-04-09,26.125,7.539,81.77,0.398
2005-04-10,26.785,4.742,78.37,0.396
2005-04-11,26.033,14.081,82.25,0.371
2005-04-12,26.798,2.469,77.61,0.755
2005-04-13,27.128,1.401,75.84,0.892
2005-04-14,27.706,0.435,71.22,0.8
2005-04-15,28.107,0.034,66.95,1.047
2005-04-16,28.242,0.047,61.91,0.747
2005-04-17,28.088,0.004,57.78,1.011
2005-04-18,28.241,0.0,56.06,1.059
2005-04-19,28.326,0.009,61.15,1.162
2005-04-20,26.818,3.485,72.32,1.062
2005-04-21,27.96,0.543,64.26,0.983
2005-04-22,28.678,0.127,61.3,1.132
2005-04-23,28.854,0.276,61.81,0.997
2005-04-24,29.217,0.354,60.38,1.197
2005-04-25,28.839,0.846,63.99,1.066
2005-04-26,29.571,0.305,59.08,0.944
2005-04-27,28.367,10.242,69.69,0.283
2005-04-28,28.732,4.502,67.18,0.347
2005-04-29,29.316,3.51,64.49,0.453
2005-04-30,29.073,1.29,67.07,0.929
2005-05-01,28.554,4.492,69.12,0.666
2005-05-02,27.826,6.86,73.24,0.922
2005-05-03,27.439,4.439,72.7,0.425
2005-05-04,26.985,14.016,75.18,0.329
2005-05-05,27.011,1.468,73.36,0.958
2005-05-06,28.379,0.998,63.69,0.557
2005-05-07,29.282,1.271,60.86,0.627
2005-05-08,29.386,0.798,59.24,0.801
2005-05-09,29.187,0.956,61.77,1.471
2005-05-10,28.956,3.792,65.83,1.506
2005-05-11,29.573,0.88,62.5,1.24
2005-05-12,29.761,1.656,62.67,1.048
2005-05-13,29.713,1.145,62.16,1.187
2005-05-14,30.212,1.509,58.99,1.173
2005-05-15,30.499,0.198,54.6,1.376
2005-05-16,30.624,0.049,51.95,1.279
2005-05-17,31.005,0.001,48.87,1.152
2005-05-18,31.207,0.016,50.3,0.76
2005-05-19,31.518,0.003,50.64,0.59
2005-05-20,31.63,0.003,50.59,0.939
2005-05-21,31.683,0.015,50.04,0.863
2005-05-22,32.167,0.004,47.57,0.257
2005-05-23,32.013,0.093,49.59,0.706
2005-05-24,32.019,0.053,47.62,1.009
2005-05-25,31.039,2.637,54.11,0.72
2005-05-26,30.154,3.838,59.13,0.783
2005-05-27,28.938,9.92,66.88,0.876
2005-05-28,28.558,4.733,67.55,0.706
2005-05-29,27.96,9.376,69.46,0.594
2005-05-30,27.827,5.632,70.97,1.026
2005-05-31,28.353,0.658,65.03,1.527
2005-06-01,28.394,3.917,66.36,1.703
2005-06-02,28.396,5.533,68.39,1.711
2005-06-03,28.206,7.798,71.69,1.332
2005-06-04,29.062,3.675,67.39,0.974
2005-06-05,28.289,6.032,73.9,0.826
2005-06-06,28.223,2.333,69.57,1.522
2005-06-07,28.763,1.576,67.61,1.405
2005-06-08,28.085,8.857,69.58,1.4
2005-06-09,27.299,10.546,75.74,1.649
2005-06-10,27.651,3.692,72.95,1.891
2005-06-11,27.882,4.817,70.32,1.85
2005-06-12,28.752,0.434,63.15,2.087
2005-06-13,28.138,3.596,68.15,1.717
2005-06-14,28.588,1.328,65.4,1.856
2005-06-15,29.083,0.283,60.29,1.868
2005-06-16,29.0,0.45,60.84,2.011
2005-06-17,27.645,0.49,68.31,2.721
2005-06-18,26.538,3.349,74.47,2.418
2005-06-19,27.476,0.405,65.74,2.516
2005-06-20,27.034,1.976,69.08,2.421
2005-06-21,24.886,7.55,81.18,1.759
2005-06-22,25.442,0.435,75.45,1.853
2005-06-23,26.81,0.122,65.26,2.447
2005-06-24,27.944,0.078,60.24,2.639
2005-06-25,27.43,0.254,63.78,2.089
2005-06-26,27.801,0.133,61.0,2.361
2005-06-27,27.448,0.079,61.61,2.394
2005-06-28,27.417,0.485,62.25,2.297
2005-06-29,27.544,0.091,60.55,2.268
2005-06-30,27.708,1.589,62.31,2.089
2005-07-01,27.24,3.118,66.7,2.171
2005-07-02,27.741,1.263,61.33,2.204
2005-07-03,27.764,2.079,61.58,2.239
2005-07-04,27.882,0.762,61.05,2.445
2005-07-05,27.296,1.131,63.99,2.509
2005-07-06,27.659,1.573,61.54,2.396
2005-07-07,28.633,0.167,55.24,2.686
2005-07-08,29.239,0.058,52.68,2.579
2005-07-09,28.559,0.275,57.18,2.541
2005-07-10,28.257,1.433,60.86,2.133
2005-07-11,28.324,2.199,59.82,2.413
2005-07-12,27.966,4.032,60.98,2.353
2005-07-13,27.357,9.363,65.73,1.262
2005-07-14,26.615,26.457,74.63,0.801
2005-07-15,25.728,20.717,80.13,0.697
2005-07-16,25.98,7.09,78.75,0.842
2005-07-17,25.519,7.149,80.52,1.084
2005-07-18,26.197,4.611,77.08,1.141
2005-07-19,26.196,4.776,78.04,1.334
2005-07-20,26.122,2.881,77.71,1.655
2005-07-21,26.379,0.963,71.81,2.073
2005-07-22,26.114,6.116,75.17,1.895
2005-07-23,25.597,4.649,79.24,1.785
2005-07-24,25.119,4.38,77.89,2.093
2005-07-25,25.894,0.443,68.06,2.908
2005-07-26,25.74,1.092,72.03,2.636
2005-07-27,26.058,0.636,71.18,2.502
2005-07-28,26.209,1.977,71.26,2.461
2005-07-29,26.091,2.338,70.04,2.63
2005-07-30,25.458,4.348,74.77,2.194
2005-07-31,26.3,1.749,68.5,2.843
2005-08-01,24.846,6.813,78.91,2.5
2005-08-02,26.142,0.988,68.73,2.563
2005-08-03,26.153,0.09,65.54,2.188
2005-08-04,26.3,0.514,66.27,2.203
2005-08-05,26.745,0.064,62.16,2.546
2005-08-06,27.234,0.004,56.71,2.816
2005-08-07,27.279,0.022,56.75,2.578
2005-08-08,27.465,0.195,57.7,2.179
2005-08-09,26.522,4.08,67.6,1.62
2005-08-10,26.264,3.35,71.58,2.149
2005-08-11,27.238,0.486,62.45,2.765
2005-08-12,27.244,0.607,60.65,2.793
2005-08-13,27.651,0.146,58.97,2.527
2005-08-14,28.034,0.368,58.14,2.416
2005-08-15,27.387,0.049,59.93,2.363
2005-08-16,26.595,1.04,60.19,2.389
2005-08-17,27.288,0.765,59.51,2.421
2005-08-18,28.133,0.013,53.69,2.383
2005-08-19,28.309,0.023,53.67,2.298
2005-08-20,28.411,0.005,47.04,2.08
2005-08-21,28.615,0.005,48.33,1.264
2005-08-22,29.194,0.184,51.62,0.679
2005-08-23,28.349,1.336,59.27,0.74
2005-08-24,27.022,8.058,69.97,0.823
2005-08-25,26.906,7.309,70.75,1.116
2005-08-26,27.077,8.532,68.48,0.928
2005-08-27,26.069,18.328,76.41,0.718
2005-08-28,26.347,7.032,77.01,0.305
2005-08-29,26.675,2.259,76.01,0.555
2005-08-30,27.469,0.635,69.81,0.842
2005-08-31,26.471,17.398,78.13,1.075
2005-09-01,26.433,11.737,79.89,0.785
2005-09-02,26.264,13.236,81.9,0.822
2005-09-03,26.069,11.164,82.85,0.778
2005-09-04,25.921,10.586,82.86,0.828
2005-09-05,25.051,11.932,86.07,1.224
2005-09-06,25.104,3.885,83.05,1.209
2005-09-07,24.801,2.066,82.74,1.228
2005-09-08,25.584,2.214,81.19,1.405
2005-09-09,25.65,10.123,82.99,1.484
2005-09-10,25.446,8.382,82.08,1.653
2005-09-11,25.405,1.279,78.36,1.971
2005-09-12,25.223,0.501,77.24,2.044
2005-09-13,25.284,3.271,79.48,1.735
2005-09-14,25.82,2.388,78.3,1.513
2005-09-15,25.403,7.006,81.23,0.96
2005-09-16,26.402,0.94,73.56,1.252
2005-09-17,26.628,0.042,66.87,1.612
2005-09-18,26.773,0.023,61.73,2.223
2005-09-19,26.143,0.001,60.9,2.82
2005-09-20,25.214,0.256,71.38,2.327
2005-09-21,26.075,0.399,69.97,1.79
2005-09-22,26.867,0.558,68.93,1.185
2005-09-23,27.32,0.26,65.26,0.921
2005-09-24,27.575,0.472,61.7,1.249
2005-09-25,27.944,0.073,60.46,1.087
2005-09-26,27.817,0.035,57.96,1.097
2005-09-27,27.672,0.252,61.04,1.109
2005-09-28,27.716,0.675,61.96,1.045
2005-09-29,28.039,0.337,61.1,1.05
2005-09-30,26.651,1.673,71.62,0.781
2005-10-01,27.788,0.938,60.08,0.797
2005-10-02,26.524,12.596,72.55,0.719
2005-10-03,25.648,20.727,79.48,0.628
2005-10-04,25.774,19.61,80.32,0.26
2005-10-05,25.579,18.273,82.6,0.425
2005-10-06,25.868,7.234,80.02,0.322
2005-10-07,25.491,7.027,82.17,0.191
2005-10-08,25.094,14.724,83.46,0.28
2005-10-09,25.578,1.601,79.55,0.622
2005-10-10,24.841,14.961,81.72,1.07
2005-10-11,24.196,17.719,87.65,0.69
2005-10-12,23.62,24.285,90.85,0.386
2005-10-13,23.813,34.887,90.45,0.826
2005-10-14,24.71,1.915,82.92,1.151
2005-10-15,25.623,1.067,78.09,0.807
2005-10-16,25.245,6.831,80.91,0.513
2005-10-17,25.321,1.44,78.98,0.15
2005-10-18,24.665,29.777,85.13,0.5
2005-10-19,24.56,16.432,87.24,0.699
2005-10-20,25.012,13.745,84.71,0.608
2005-10-21,25.435,10.416,81.77,0.249
2005-10-22,24.749,23.415,86.85,0.139
2005-10-23,24.61,19.176,86.06,0.322
2005-10-24,23.919,15.73,90.25,0.449
2005-10-25,23.541,57.045,91.01,0.628
2005-10-26,23.362,20.833,92.7,1.101
2005-10-27,23.2,6.747,90.73,1.395
2005-10-28,24.629,1.441,77.17,1.679
2005-10-29,25.579,0.207,77.28,1.428
2005-10-30,25.624,0.78,79.23,0.976
2005-10-31,24.887,6.459,85.51,0.09
2005-11-01,24.786,13.679,86.33,0.277
2005-11-02,23.746,12.17,89.6,0.355
2005-11-03,23.828,5.674,88.06,0.733
2005-11-04,23.757,4.582,87.23,0.831
2005-11-05,23.51,4.021,89.19,1.288
2005-11-06,23.142,12.126,87.59,1.902
2005-11-07,22.802,0.662,82.31,2.142
2005-11-08,22.526,13.623,88.88,1.497
2005-11-09,23.024,5.694,89.51,1.239
2005-11-10,23.612,2.489,84.56,1.204
2005-11-11,23.939,1.627,83.13,1.461
2005-11-12,23.11,2.976,83.35,1.198
2005-11-13,22.981,0.004,74.35,0.921
2005-11-14,22.649,0.002,71.58,1.246
2005-11-15,22.689,0.0,72.08,1.227
2005-11-16,22.105,0.0,66.86,1.352
2005-11-17,21.649,0.003,66.47,1.423
2005-11-18,21.429,0.001,67.24,1.415
2005-11-19,21.737,0.002,71.62,1.534
2005-11-20,22.622,0.745,72.48,1.601
2005-11-21,22.161,13.168,87.3,1.735
2005-11-22,21.877,19.23,95.43,1.826
2005-11-23,22.008,44.263,95.23,2.481
2005-11-24,22.003,13.637,91.05,1.967
2005-11-25,22.453,4.459,89.89,1.206
2005-11-26,22.982,1.554,82.53,1.584
2005-11-27,22.873,2.091,83.61,1.604
2005-11-28,22.086,0.006,76.24,1.69
2005-11-29,21.64,0.002,73.55,1.29
2005-11-30,22.482,0.001,64.34,1.021
2005-12-01,23.217,0.001,69.85,0.852
2005-12-02,24.024,3.608,78.0,1.224
2005-12-03,22.515,29.693,93.2,0.142
2005-12-04,22.408,5.845,93.2,0.837
2005-12-05,23.107,1.926,84.29,1.47
2005-12-06,22.631,0.002,75.49,1.533
2005-12-07,22.565,0.002,76.64,1.451
2005-12-08,21.613,0.004,65.85,1.46
2005-12-09,22.987,0.171,69.55,1.401
2005-12-10,23.089,3.326,80.8,2.199
2005-12-11,22.866,3.215,88.6,1.664
2005-12-12,22.775,1.775,85.18,1.651
2005-12-13,22.646,1.16,83.63,1.716
2005-12-14,22.87,0.299,80.08,1.478
2005-12-15,22.007,0.033,76.66,1.873
2005-12-16,21.094,0.001,73.86,1.78
2005-12-17,22.351,0.661,76.38,1.581
2005-12-18,22.795,1.41,82.89,1.59
2005-12-19,23.578,0.619,79.42,1.611
2005-12-20,24.024,0.321,77.96,1.44
2005-12-21,24.151,0.685,79.23,1.174
2005-12-22,24.389,0.832,77.87,0.15
2005-12-23,24.187,1.144,77.32,0.267
2005-12-24,23.732,2.255,80.12,0.882
2005-12-25,22.918,0.659,77.32,1.624
2005-12-26,21.659,0.009,72.42,1.387
2005-12-27,21.188,0.005,70.05,1.256
2005-12-28,21.513,0.263,76.17,1.313
2005-12-29,21.489,0.1,72.66,1.154
2005-12-30,20.704,0.002,70.51,1.618
2005-12-31,21.171,0.162,71.94,1.794
2006-01-01,20.86,0.002,70.87,1.716
2006-01-02,20.644,0.021,71.8,1.691
2006-01-03,21.054,0.002,70.84,1.556
2006-01-04,21.938,0.001,71.68,1.347
2006-01-05,22.653,0.345,76.7,1.305
2006-01-06,22.193,0.004,68.58,1.858
2006-01-07,23.321,0.396,74.98,1.651
2006-01-08,23.338,2.04,83.5,1.508
2006-01-09,24.1,1.119,77.21,1.732
2006-01-10,22.923,0.003,66.54,1.964
2006-01-11,21.865,0.002,66.45,1.742
2006-01-12,23.162,0.002,69.98,1.791
2006-01-13,22.882,0.001,65.83,1.618
2006-01-14,23.653,0.233,72.83,1.127
2006-01-15,24.463,0.585,76.93,1.279
2006-01-16,24.371,0.3,74.48,1.267
2006-01-17,24.109,0.07,69.92,0.956
2006-01-18,23.569,0.001,57.76,1.347
2006-01-19,22.712,0.001,49.51,1.161
2006-01-20,23.26,0.001,48.63,1.347
2006-01-21,23.756,0.0,49.24,1.309
2006-01-22,23.93,0.0,46.05,0.934
2006-01-23,24.36,0.0,46.23,0.458
2006-01-24,24.914,0.0,48.03,0.579
2006-01-25,23.926,0.0,55.24,1.504
2006-01-26,23.186,0.0,55.22,1.809
2006-01-27,22.91,0.678,68.64,2.285
2006-01-28,23.19,0.002,57.71,2.087
2006-01-29,22.293,0.001,51.47,1.864
2006-01-30,22.086,0.001,52.28,1.587
2006-01-31,22.275,0.001,56.18,1.71
2006-02-01,22.511,0.002,60.94,1.83
2006-02-02,22.532,0.001,61.12,1.864
2006-02-03,23.772,0.05,64.24,1.723
2006-02-04,24.58,0.199,67.8,1.723
2006-02-05,24.842,0.002,56.75,1.982
2006-02-06,23.677,0.001,41.52,1.811
2006-02-07,23.197,0.0,44.68,1.756
2006-02-08,22.742,0.0,48.64,1.601
2006-02-09,23.362,0.002,49.04,1.333
2006-02-10,24.241,0.005,55.11,1.487
2006-02-11,23.973,0.003,53.09,1.85
2006-02-12,23.495,0.0,49.16,1.825
2006-02-13,23.147,0.001,43.3,1.533
2006-02-14,23.789,0.0,33.88,1.14
2006-02-15,24.87,0.002,37.8,0.587
2006-02-16,25.225,0.001,44.27,0.718
2006-02-17,25.774,0.003,46.14,0.693
2006-02-18,25.811,0.0,46.29,1.276
2006-02-19,25.77,0.002,40.85,1.219
2006-02-20,26.234,0.0,38.14,1.418
2006-02-21,25.584,0.0,37.67,1.441
2006-02-22,25.129,0.003,35.97,1.405
2006-02-23,25.267,0.0,33.84,1.493
2006-02-24,25.631,0.0,34.13,1.191
2006-02-25,26.444,0.002,38.55,0.854
2006-02-26,26.55,0.0,43.7,0.894
2006-02-27,26.692,0.02,51.74,0.809
2006-02-28,27.386,0.12,57.68,0.905
2006-03-01,27.751,0.169,58.37,1.097
2006-03-02,27.643,0.072,56.4,1.478
2006-03-03,25.437,12.467,79.39,0.968
2006-03-04,25.484,2.238,77.02,1.021
2006-03-05,26.949,0.828,68.46,0.693
2006-03-06,26.801,0.964,63.4,0.893
2006-03-07,26.718,0.149,58.04,1.084
2006-03-08,27.166,0.007,53.31,1.435
2006-03-09,26.141,2.995,68.29,1.002
2006-03-10,25.31,13.316,76.23,0.6
2006-03-11,25.311,6.908,77.42,0.555
2006-03-12,26.786,1.141,64.98,0.363
2006-03-13,26.254,3.086,71.59,1.115
2006-03-14,26.136,2.042,72.17,0.898
2006-03-15,26.579,0.285,66.15,1.124
2006-03-16,27.014,1.003,65.13,0.43
2006-03-17,26.219,4.33,71.59,0.339
2006-03-18,27.505,0.028,59.66,1.297
2006-03-19,27.082,0.019,58.75,1.723
2006-03-20,27.47,0.0,52.1,1.268
2006-03-21,27.783,0.0,41.03,1.047
2006-03-22,28.012,0.003,37.19,0.641
2006-03-23,29.056,0.002,39.07,0.992
2006-03-24,29.1,0.001,43.38,0.88
2006-03-25,29.164,0.002,44.75,0.822
2006-03-26,29.752,0.001,42.88,0.499
2006-03-27,29.685,0.001,41.35,0.337
2006-03-28,29.054,0.004,41.38,1.319
2006-03-29,28.523,0.06,51.09,1.307
2006-03-30,27.549,3.046,67.29,0.714
2006-03-31,28.993,0.04,51.92,0.885
2006-04-01,29.393,0.003,44.73,1.131
2006-04-02,29.52,0.002,44.27,1.102
2006-04-03,29.821,0.001,43.09,0.989
2006-04-04,30.029,0.001,45.58,1.236
2006-04-05,30.523,0.0,42.38,1.23
2006-04-06,30.444,0.008,44.94,0.61
2006-04-07,31.08,0.015,41.41,0.383
2006-04-08,31.056,0.011,42.57,0.647
2006-04-09,30.65,0.001,43.48,1.128
2006-04-10,30.419,0.001,44.68,1.225
2006-04-11,30.878,0.003,44.69,0.91
2006-04-12,31.29,0.001,44.51,0.735
2006-04-13,30.989,0.01,45.17,1.47
2006-04-14,29.81,0.505,53.64,1.474
2006-04-15,27.316,18.267,72.11,0.658
2006-04-16,26.482,7.377,76.66,0.758
2006-04-17,26.194,22.989,78.5,0.381
2006-04-18,26.135,18.083,79.13,0.29
2006-04-19,26.677,7.888,77.88,0.133
2006-04-20,27.248,1.159,71.58,0.404
2006-04-21,27.397,0.217,65.54,0.476
2006-04-22,27.309,0.005,63.76,0.465
2006-04-23,28.266,0.003,59.65,0.305
2006-04-24,28.557,0.001,57.62,0.767
2006-04-25,29.393,0.007,53.66,0.53
2006-04-26,29.57,0.714,59.19,0.988
2006-04-27,29.454,1.284,61.59,0.882
2006-04-28,30.094,0.06,59.08,1.387
2006-04-29,29.912,0.216,56.79,1.598
2006-04-30,30.476,0.005,51.64,1.299
2006-05-01,30.768,0.187,52.09,1.166
2006-05-02,29.968,1.824,59.48,0.424
2006-05-03,28.768,2.593,66.37,0.681
2006-05-04,28.817,0.782,64.91,1.014
2006-05-05,28.3,1.285,68.31,1.123
2006-05-06,29.678,0.244,59.52,1.013
2006-05-07,29.69,0.385,59.92,0.929
2006-05-08,30.039,0.258,59.89,1.18
2006-05-09,30.537,0.229,55.19,1.165
2006-05-10,30.872,0.445,53.76,0.6
2006-05-11,31.007,0.98,54.66,0.662
2006-05-12,30.257,2.168,58.97,0.981
2006-05-13,30.554,0.608,55.51,1.261
2006-05-14,29.888,2.017,58.02,0.975
2006-05-15,30.642,1.407,54.4,1.057
2006-05-16,30.788,0.729,54.78,1.163
2006-05-17,30.421,1.031,57.06,1.453
2006-05-18,28.889,5.406,67.62,1.445
2006-05-19,28.995,0.257,58.6,1.824
2006-05-20,29.454,0.02,51.76,1.935
2006-05-21,28.438,0.164,56.09,1.83
2006-05-22,29.558,0.184,54.19,1.745
2006-05-23,29.397,0.482,56.63,1.801
2006-05-24,28.98,1.708,58.71,1.786
2006-05-25,28.056,1.576,62.68,2.019
2006-05-26,27.324,2.738,66.84,1.875
2006-05-27,26.184,5.404,76.71,1.976
2006-05-28,25.404,8.659,81.94,2.426
2006-05-29,25.519,6.48,79.97,2.303
2006-05-30,25.267,9.851,80.56,2.44
2006-05-31,24.182,17.92,88.8,1.623
2006-06-01,26.037,0.729,74.74,1.854
2006-06-02,26.132,1.755,75.52,1.686
2006-06-03,26.678,2.027,74.09,1.703
2006-06-04,26.412,1.368,76.05,1.581
2006-06-05,26.742,1.167,74.48,1.713
2006-06-06,26.925,1.322,74.41,1.501
2006-06-07,26.774,0.547,72.65,1.681
2006-06-08,27.583,0.248,65.87,1.696
2006-06-09,27.948,0.028,61.74,1.763
2006-06-10,27.872,0.114,61.41,1.756
2006-06-11,28.092,0.025,58.7,1.59
2006-06-12,28.816,0.0,54.37,1.497
2006-06-13,29.137,0.044,52.9,1.432
2006-06-14,28.763,0.376,58.78,1.079
2006-06-15,28.208,6.446,67.61,1.168
2006-06-16,27.227,14.519,73.83,1.114
2006-06-17,27.427,4.058,72.26,1.091
2006-06-18,27.68,4.601,72.55,0.577
2006-06-19,27.905,5.979,72.76,0.984
2006-06-20,26.808,9.319,78.45,1.047
2006-06-21,26.584,3.704,76.4,1.332
2006-06-22,26.576,4.671,74.44,1.642
2006-06-23,25.769,2.859,77.52,2.868
2006-06-24,26.579,1.029,73.85,1.948
2006-06-25,26.011,1.945,76.28,1.793
2006-06-26,25.75,6.52,77.54,1.656
2006-06-27,26.892,3.072,72.1,1.964
2006-06-28,26.574,0.985,71.72,2.208
2006-06-29,26.756,1.343,70.4,2.543
2006-06-30,26.802,0.774,69.04,2.521
2006-07-01,27.598,0.011,61.01,3.168
2006-07-02,27.439,0.026,62.17,3.084
2006-07-03,27.676,0.287,60.28,3.319
2006-07-04,27.809,0.068,58.45,3.168
2006-07-05,27.955,0.009,56.79,2.808
2006-07-06,28.326,0.005,54.17,2.686
2006-07-07,28.602,0.071,54.51,2.837
2006-07-08,28.824,0.176,55.34,2.843
2006-07-09,29.222,0.021,52.12,2.949
2006-07-10,28.91,0.346,53.3,2.946
2006-07-11,28.363,0.345,55.61,3.191
2006-07-12,27.079,2.24,64.05,2.58
2006-07-13,26.349,4.805,71.3,2.493
2006-07-14,27.412,0.993,62.53,3.043
2006-07-15,27.55,0.435,61.44,3.286
2006-07-16,27.883,0.189,58.29,3.21
2006-07-17,27.921,0.298,56.53,3.04
2006-07-18,28.069,0.258,57.53,2.479
2006-07-19,27.97,0.877,57.59,2.359
2006-07-20,28.07,0.782,57.79,2.446
2006-07-21,28.3,0.309,54.56,2.538
2006-07-22,28.665,0.271,53.34,1.909
2006-07-23,28.76,0.143,52.81,1.856
2006-07-24,29.374,0.092,47.45,1.984
2006-07-25,27.579,2.129,61.6,1.173
2006-07-26,26.423,4.74,73.02,1.432
2006-07-27,26.741,0.269,64.15,2.307
2006-07-28,27.182,0.711,59.82,2.411
2006-07-29,27.267,0.032,56.78,2.451
2006-07-30,28.0,0.087,53.62,2.393
2006-07-31,28.273,0.762,54.07,2.483
2006-08-01,28.129,0.206,53.96,2.578
2006-08-02,27.997,0.224,52.97,2.846
2006-08-03,27.734,0.047,53.74,3.154
2006-08-04,26.676,1.689,64.58,1.922
2006-08-05,27.135,3.297,66.0,1.396
2006-08-06,27.293,2.888,66.98,1.223
2006-08-07,27.976,1.197,61.27,1.53
2006-08-08,28.448,0.11,55.3,1.797
2006-08-09,27.713,1.771,60.27,2.066
2006-08-10,27.037,1.115,62.72,2.458
2006-08-11,25.983,4.306,71.27,2.193
2006-08-12,25.123,10.446,80.14,2.006
2006-08-13,25.998,3.851,73.8,2.207
2006-08-14,26.833,1.148,66.01,2.532
2006-08-15,26.155,2.066,70.27,2.553
2006-08-16,26.8,0.76,64.12,3.053
2006-08-17,26.75,0.594,63.9,2.494
2006-08-18,26.508,8.732,72.42,1.707
2006-08-19,26.287,13.576,76.82,1.267
2006-08-20,25.92,19.156,80.07,1.011
2006-08-21,25.892,1.991,80.08,1.141
2006-08-22,26.407,0.264,73.72,1.12
2006-08-23,27.121,0.023,66.53,1.187
2006-08-24,27.355,0.009,64.88,1.083
2006-08-25,26.919,2.214,72.79,1.019
2006-08-26,27.324,0.199,64.01,1.564
2006-08-27,27.06,0.02,58.25,1.86
2006-08-28,26.997,0.036,59.33,2.294
2006-08-29,26.645,0.573,62.6,2.159
2006-08-30,27.319,0.385,61.72,1.816
2006-08-31,27.193,2.787,65.97,1.233
2006-09-01,27.151,4.831,68.38,1.023
2006-09-02,26.726,17.751,74.23,0.71
2006-09-03,26.329,14.978,78.63,0.819
2006-09-04,26.185,4.369,79.46,1.031
2006-09-05,27.227,0.119,68.3,0.812
2006-09-06,26.609,14.566,75.77,0.267
2006-09-07,25.672,5.345,80.83,0.407
2006-09-08,25.605,8.638,81.28,0.535
2006-09-09,24.719,13.347,85.88,0.37
2006-09-10,25.614,1.527,77.18,1.471
2006-09-11,25.76,0.89,74.51,1.607
2006-09-12,25.701,3.967,76.73,1.686
2006-09-13,25.883,1.466,76.44,1.632
2006-09-14,24.644,11.135,84.01,1.606
2006-09-15,23.813,6.589,87.54,1.835
2006-09-16,23.889,4.085,86.31,2.151
2006-09-17,24.848,2.761,81.08,2.069
2006-09-18,25.233,1.071,78.29,1.826
2006-09-19,25.48,1.773,78.17,1.712
2006-09-20,25.057,3.618,80.47,1.725
2006-09-21,24.904,5.208,81.86,1.628
2006-09-22,25.549,0.885,78.26,1.484
2006-09-23,26.588,1.006,72.88,1.06
2006-09-24,25.814,4.45,79.17,1.198
2006-09-25,25.207,5.444,82.72,1.171
2006-09-26,25.757,2.629,75.18,1.757
2006-09-27,26.908,0.2,65.59,1.448
2006-09-28,26.178,6.903,73.67,1.281
2006-09-29,26.395,1.227,71.56,1.521
2006-09-30,26.351,0.395,70.26,1.705
2006-10-01,26.472,0.909,71.0,1.583
2006-10-02,26.833,0.936,70.16,1.189
2006-10-03,27.255,0.183,65.68,0.965
2006-10-04,27.069,2.003,69.28,1.408
2006-10-05,26.839,3.69,72.19,1.39
2006-10-06,26.54,7.558,75.75,1.182
2006-10-07,25.855,16.088,80.54,1.11
2006-10-08,25.221,15.328,83.7,1.156
2006-10-09,24.873,10.902,83.07,1.187
2006-10-10,25.104,14.103,82.69,0.525
2006-10-11,25.613,7.672,80.07,0.397
2006-10-12,26.278,1.693,75.64,0.089
2006-10-13,26.204,0.284,71.68,0.916
2006-10-14,25.752,2.352,73.84,0.812
2006-10-15,25.793,1.703,73.6,0.985
2006-10-16,25.417,3.173,78.68,0.914
2006-10-17,24.954,4.67,81.66,0.601
2006-10-18,25.206,3.4,79.92,0.882
2006-10-19,24.652,7.629,84.11,0.585
2006-10-20,24.791,5.967,83.03,0.611
2006-10-21,24.474,4.592,84.04,0.802
2006-10-22,25.146,1.647,79.58,1.138
2006-10-23,24.451,4.292,82.95,1.1
2006-10-24,24.264,1.994,81.96,1.385
2006-10-25,24.355,7.016,83.52,1.373
2006-10-26,23.115,11.463,89.67,1.374
2006-10-27,22.755,18.372,92.17,1.273
2006-10-28,22.923,19.589,91.76,0.028
2006-10-29,23.77,5.774,87.6,0.778
2006-10-30,23.956,15.031,88.27,0.188
2006-10-31,23.625,20.365,90.37,0.274
2006-11-01,23.793,15.237,89.28,0.398
2006-11-02,24.033,5.873,86.24,0.924
2006-11-03,23.435,20.203,90.52,1.044
2006-11-04,23.278,10.694,89.29,0.829
2006-11-05,24.053,4.771,85.18,0.792
2006-11-06,23.807,9.153,86.15,0.702
2006-11-07,23.195,12.186,89.97,0.402
2006-11-08,23.165,7.48,87.74,0.896
2006-11-09,23.354,9.827,86.56,0.801
2006-11-10,24.091,3.111,82.98,1.223
2006-11-11,23.751,3.082,83.74,1.316
2006-11-12,23.676,2.235,83.24,1.43
2006-11-13,23.717,7.347,84.16,1.314
2006-11-14,23.501,3.831,85.38,1.32
2006-11-15,23.262,5.628,87.28,1.452
2006-11-16,23.536,5.508,86.01,1.624
2006-11-17,23.676,9.917,85.99,1.932
2006-11-18,22.691,36.052,93.73,0.762
2006-11-19,23.604,8.494,88.76,0.957
2006-11-20,23.506,8.593,88.92,0.987
2006-11-21,23.037,7.52,89.17,0.933
2006-11-22,23.847,0.046,79.42,0.804
2006-11-23,24.234,1.152,81.34,0.378
2006-11-24,23.787,0.152,77.13,0.939
2006-11-25,24.058,0.121,76.94,0.78
2006-11-26,24.534,1.363,81.28,0.91
2006-11-27,23.885,2.935,87.63,0.632
2006-11-28,24.072,1.805,83.42,1.427
2006-11-29,23.369,1.525,83.04,1.646
2006-11-30,22.994,0.414,78.97,1.85
2006-12-01,22.358,0.297,78.96,1.68
2006-12-02,22.091,0.135,76.3,1.571
2006-12-03,22.849,0.822,80.78,1.675
2006-12-04,22.727,0.199,75.96,2.051
2006-12-05,22.569,0.011,74.89,1.702
2006-12-06,21.871,0.001,73.95,1.592
2006-12-07,21.688,0.004,73.17,1.64
2006-12-08,22.282,0.01,73.14,1.834
2006-12-09,22.336,0.013,70.52,1.721
2006-12-10,22.622,10.686,84.88,1.461
2006-12-11,23.615,9.647,87.99,0.941
2006-12-12,23.954,1.885,83.87,1.324
2006-12-13,23.251,0.296,78.38,1.846
2006-12-14,22.594,0.074,74.93,2.128
2006-12-15,21.83,0.01,73.52,1.9
2006-12-16,21.296,0.034,72.63,1.913
2006-12-17,21.058,0.044,75.12,1.771
2006-12-18,21.475,0.001,74.17,1.665
2006-12-19,21.469,0.001,73.55,1.765
2006-12-20,21.522,0.007,71.99,2.004
2006-12-21,22.506,0.518,77.15,1.922
2006-12-22,22.63,0.402,75.71,2.228
2006-12-23,22.732,0.251,73.44,2.054
2006-12-24,21.769,0.023,74.28,1.823
2006-12-25,21.917,0.152,72.73,1.858
2006-12-26,22.083,0.088,72.98,1.577
2006-12-27,22.236,0.107,71.06,1.582
2006-12-28,21.467,0.004,69.47,1.21
2006-12-29,21.218,0.001,65.12,1.32
2006-12-30,21.497,0.001,62.72,1.283
2006-12-31,21.651,0.001,63.45,1.39
2007-01-01,21.508,0.002,63.13,1.437
2007-01-02,22.152,0.001,60.5,1.363
2007-01-03,22.026,0.0,62.5,1.142
2007-01-04,22.222,0.001,62.1,1.163
2007-01-05,22.428,0.036,67.07,1.396
2007-01-06,21.934,0.03,66.34,1.69
2007-01-07,21.784,0.01,64.68,1.985
2007-01-08,22.471,0.017,65.54,1.878
2007-01-09,23.45,0.088,68.99,1.982
2007-01-10,23.136,0.051,68.97,1.949
2007-01-11,23.166,0.02,69.08,1.673
2007-01-12,22.809,0.001,66.68,1.647
2007-01-13,22.01,0.0,58.77,1.601
2007-01-14,22.498,0.002,61.8,1.413
2007-01-15,23.454,0.008,66.57,1.39
2007-01-16,23.633,0.012,59.03,1.263
2007-01-17,23.622,0.004,58.13,1.251
2007-01-18,22.455,0.002,56.05,1.606
2007-01-19,22.583,0.0,60.31,1.533
2007-01-20,23.251,0.0,62.25,1.498
2007-01-21,22.754,0.006,63.01,1.349
2007-01-22,23.285,0.0,48.4,1.179
2007-01-23,23.446,0.002,52.57,1.54
2007-01-24,23.352,0.006,61.58,1.636
2007-01-25,23.496,0.043,65.99,1.976
2007-01-26,24.129,0.002,61.23,1.823
2007-01-27,24.15,2.312,73.51,1.788
2007-01-28,22.859,1.189,81.26,1.541
2007-01-29,23.953,0.155,67.85,1.865
2007-01-30,23.82,0.114,64.92,1.641
2007-01-31,23.467,0.02,59.23,1.422
2007-02-01,23.386,0.001,54.4,1.56
2007-02-02,22.933,0.001,60.95,1.493
2007-02-03,23.755,0.001,56.05,1.249
2007-02-04,24.413,0.002,59.13,0.76
2007-02-05,24.748,0.006,52.49,1.007
2007-02-06,24.462,0.001,49.46,1.122
2007-02-07,24.497,0.0,49.09,1.239
2007-02-08,24.242,0.0,49.21,1.31
2007-02-09,23.888,0.097,56.73,1.659
2007-02-10,23.758,0.529,67.69,1.649
2007-02-11,24.711,0.647,66.67,0.972
2007-02-12,25.257,0.701,66.41,0.888
2007-02-13,25.845,0.612,64.19,1.036
2007-02-14,26.89,0.009,48.19,0.854
2007-02-15,26.803,0.001,46.8,0.818
2007-02-16,26.799,0.211,51.51,0.742
2007-02-17,25.897,2.324,61.57,0.796
2007-02-18,24.904,1.761,71.4,1.166
2007-02-19,24.42,1.071,72.2,1.941
2007-02-20,24.435,0.023,59.93,2.323
2007-02-21,23.968,0.0,53.16,1.827
2007-02-22,23.862,0.001,49.44,1.886
2007-02-23,23.43,0.0,50.96,1.634
2007-02-24,24.262,0.003,57.31,1.249
2007-02-25,26.321,0.006,56.83,0.948
2007-02-26,27.356,0.001,54.8,1.128
2007-02-27,27.654,0.023,52.1,1.345
2007-02-28,26.84,0.018,50.49,1.457
2007-03-01,27.315,0.006,52.33,0.905
2007-03-02,28.192,0.136,54.43,1.097
2007-03-03,28.02,0.184,55.61,1.336
2007-03-04,27.187,0.159,53.68,1.728
2007-03-05,26.85,0.003,49.55,1.253
2007-03-06,27.179,0.002,49.71,1.354
2007-03-07,27.193,0.002,45.91,1.28
2007-03-08,27.408,0.001,46.76,1.289
2007-03-09,27.466,0.001,47.66,1.604
2007-03-10,27.241,0.0,51.12,1.442
2007-03-11,27.021,0.001,50.24,1.405
2007-03-12,26.313,0.005,44.83,1.325
2007-03-13,27.037,0.054,54.91,1.34
2007-03-14,27.23,0.045,53.88,1.318
2007-03-15,27.313,0.006,50.63,1.229
2007-03-16,27.885,0.1,55.02,1.529
2007-03-17,28.218,0.016,49.23,1.533
2007-03-18,28.139,0.009,39.47,1.141
2007-03-19,28.545,0.0,35.6,0.877
2007-03-20,29.018,0.002,32.31,1.004
2007-03-21,29.278,0.0,34.88,1.299
2007-03-22,29.236,0.0,39.93,0.854
2007-03-23,28.808,0.001,43.56,1.257
2007-03-24,29.712,0.0,41.54,0.697
2007-03-25,30.262,0.001,40.48,0.981
2007-03-26,30.569,0.002,35.75,1.267
2007-03-27,30.153,0.002,39.19,1.521
2007-03-28,29.811,0.0,39.89,1.094
2007-03-29,29.111,0.0,41.88,1.374
2007-03-30,28.235,0.002,39.93,1.471
2007-03-31,28.252,0.002,48.67,1.227
2007-04-01,29.417,0.047,54.99,1.163
2007-04-02,30.181,0.014,47.46,0.927
2007-04-03,30.211,0.002,42.69,1.24
2007-04-04,29.583,0.006,46.43,1.676
2007-04-05,28.848,0.01,46.45,1.544
2007-04-06,29.112,0.005,47.51,1.248
2007-04-07,28.784,0.051,49.07,1.215
2007-04-08,28.676,0.347,58.36,1.493
2007-04-09,28.228,0.767,61.48,1.39
2007-04-10,28.056,1.17,64.39,1.257
2007-04-11,29.117,0.363,59.08,1.017
2007-04-12,29.751,1.964,55.71,1.05
2007-04-13,28.894,4.252,62.47,1.048
2007-04-14,27.778,5.004,65.5,0.575
2007-04-15,26.679,3.573,70.03,0.686
2007-04-16,27.952,0.319,60.85,0.895
2007-04-17,28.35,4.189,62.95,0.453
2007-04-18,28.564,1.97,63.6,0.214
2007-04-19,28.593,2.675,64.68,0.854
2007-04-20,27.833,5.202,69.77,0.413
2007-04-21,27.009,22.489,76.07,0.238
2007-04-22,28.03,2.347,69.98,0.515
2007-04-23,27.989,8.886,72.47,0.608
2007-04-24,28.356,3.189,71.31,0.447
2007-04-25,29.523,0.054,60.58,0.618
2007-04-26,29.419,0.072,59.79,1.227
2007-04-27,29.466,0.247,61.61,1.346
2007-04-28,29.774,0.012,57.21,1.072
2007-04-29,30.222,0.163,57.38,0.923
2007-04-30,30.839,0.007,49.18,0.859
2007-05-01,31.315,0.003,47.15,0.256
2007-05-02,29.455,9.758,63.25,0.737
2007-05-03,28.307,18.015,72.41,0.85
2007-05-04,28.378,12.56,71.07,0.502
2007-05-05,28.991,2.564,68.93,0.61
2007-05-06,28.987,2.988,68.82,0.63
2007-05-07,28.853,2.826,69.6,1.162
2007-05-08,28.698,0.703,67.74,1.607
2007-05-09,27.696,7.534,75.33,1.653
2007-05-10,29.385,0.09,62.34,1.864
2007-05-11,29.967,0.324,59.52,1.455
2007-05-12,29.108,0.799,63.11,1.942
2007-05-13,28.969,3.578,65.23,1.691
2007-05-14,30.183,0.197,57.63,1.919
2007-05-15,30.379,0.005,52.09,1.778
2007-05-16,30.579,0.071,50.81,1.317
2007-05-17,30.275,0.773,52.74,1.326
2007-05-18,30.641,0.485,51.27,1.245
2007-05-19,30.856,0.434,51.07,1.007
2007-05-20,31.006,0.697,51.24,1.265
2007-05-21,31.221,0.287,50.27,1.13
2007-05-22,30.881,1.415,53.48,0.759
2007-05-23,29.947,2.929,61.22,0.697
2007-05-24,28.69,2.614,70.19,0.726
2007-05-25,28.764,3.676,67.49,1.031
2007-05-26,28.759,3.551,66.31,1.257
2007-05-27,28.248,4.01,68.77,1.444
2007-05-28,27.532,3.709,68.98,1.983
2007-05-29,27.384,0.317,63.47,1.765
2007-05-30,27.457,1.923,66.37,1.771
2007-05-31,29.217,0.251,56.98,1.709
2007-06-01,30.162,0.012,51.7,1.543
2007-06-02,30.423,0.624,53.38,1.243
2007-06-03,29.823,2.237,57.63,1.018
2007-06-04,30.373,1.34,55.62,0.807
2007-06-05,29.064,10.914,64.89,0.91
2007-06-06,27.288,29.371,78.97,0.891
2007-06-07,27.076,3.098,76.57,0.792
2007-06-08,27.158,2.345,75.83,1.305
2007-06-09,27.34,1.287,73.54,1.63
2007-06-10,27.823,4.206,72.71,1.431
2007-06-11,27.864,6.021,72.26,1.341
2007-06-12,27.323,6.08,76.63,1.304
2007-06-13,27.431,7.813,75.95,1.211
2007-06-14,27.002,4.099,75.81,1.148
2007-06-15,27.037,2.087,74.02,1.425
2007-06-16,27.162,3.21,73.43,1.481
2007-06-17,26.121,5.194,78.41,1.591
2007-06-18,25.609,12.31,83.73,1.718
2007-06-19,25.904,2.153,77.94,1.844
2007-06-20,25.493,10.887,78.75,1.968
2007-06-21,23.789,18.529,92.16,1.91
2007-06-22,23.279,18.737,93.15,3.111
2007-06-23,23.227,17.503,94.48,1.729
2007-06-24,25.562,1.978,80.52,1.237
2007-06-25,26.433,1.228,73.0,1.974
2007-06-26,26.513,0.944,70.86,2.393
2007-06-27,25.081,2.129,78.31,2.05
2007-06-28,25.12,2.239,80.03,2.195
2007-06-29,25.755,1.128,76.99,2.179
2007-06-30,25.459,4.0,80.49,2.284
2007-07-01,25.142,6.882,84.14,2.3
2007-07-02,25.194,10.211,84.98,1.923
2007-07-03,25.533,10.384,83.49,1.999
2007-07-04,25.007,4.978,83.95,1.992
2007-07-05,25.925,1.45,74.37,2.517
2007-07-06,26.219,0.754,70.75,2.728
2007-07-07,26.534,0.313,68.55,2.899
2007-07-08,26.16,0.215,70.6,2.463
2007-07-09,26.218,0.774,71.83,2.207
2007-07-10,25.797,2.879,76.61,2.125
2007-07-11,25.88,4.566,78.23,1.814
2007-07-12,26.446,1.666,74.51,2.198
2007-07-13,26.437,1.722,72.92,2.505
2007-07-14,26.832,0.455,69.08,2.634
2007-07-15,26.488,0.366,71.6,2.312
2007-07-16,25.846,4.251,78.48,2.134
2007-07-17,25.472,2.01,77.09,2.52
2007-07-18,26.408,5.197,74.58,1.75
2007-07-19,25.995,15.135,80.59,1.01
2007-07-20,25.632,4.942,80.98,1.439
2007-07-21,25.912,0.474,75.65,1.769
2007-07-22,25.221,3.503,79.43,1.561
2007-07-23,25.512,4.813,79.3,0.931
2007-07-24,25.025,5.689,82.74,0.996
2007-07-25,24.943,6.178,80.66,1.549
2007-07-26,25.008,7.16,83.01,1.191
2007-07-27,25.563,1.648,79.19,1.671
2007-07-28,25.441,1.061,79.79,1.489
2007-07-29,25.001,3.958,82.24,1.37
2007-07-30,24.369,4.529,85.89,1.135
2007-07-31,23.917,12.46,89.45,1.317
2007-08-01,24.846,4.668,83.41,1.749
2007-08-02,23.585,16.173,90.8,1.666
2007-08-03,24.532,3.889,84.04,1.742
2007-08-04,24.967,3.139,80.62,2.017
2007-08-05,24.675,4.409,82.14,2.014
2007-08-06,23.398,7.986,91.4,1.761
2007-08-07,25.132,1.328,77.82,2.201
2007-08-08,25.373,1.862,77.52,2.155
2007-08-09,25.599,1.24,76.2,2.364
2007-08-10,24.534,3.414,82.71,2.167
2007-08-11,25.833,0.113,72.24,2.42
2007-08-12,26.065,0.051,71.14,2.24
2007-08-13,26.424,0.254,69.0,2.05
2007-08-14,26.609,0.008,65.02,1.653
2007-08-15,27.023,0.034,64.56,1.153
2007-08-16,27.266,0.218,68.02,1.211
2007-08-17,26.525,6.616,76.56,1.08
2007-08-18,26.585,0.416,72.15,1.512
2007-08-19,26.903,0.027,68.05,1.691
2007-08-20,26.62,8.09,73.29,1.645
2007-08-21,25.023,8.012,82.87,1.678
2007-08-22,25.254,8.162,80.22,1.642
2007-08-23,25.396,9.116,79.45,1.445
2007-08-24,25.013,20.089,84.03,0.874
2007-08-25,25.08,16.766,85.54,0.909
2007-08-26,25.743,0.947,77.89,1.451
2007-08-27,25.483,2.546,80.89,1.387
2007-08-28,25.725,4.121,81.25,1.095
2007-08-29,25.609,7.558,83.39,1.268
2007-08-30,24.837,6.676,84.76,1.446
2007-08-31,25.072,4.109,80.44,1.875
2007-09-01,25.174,0.362,77.19,1.891
2007-09-02,24.96,3.782,81.63,1.614
2007-09-03,25.289,0.245,79.57,1.666
2007-09-04,26.209,1.358,76.94,1.53
2007-09-05,25.841,4.246,79.33,1.758
2007-09-06,25.864,0.424,76.36,1.84
2007-09-07,26.471,0.82,75.5,1.459
2007-09-08,26.204,9.646,78.66,0.652
2007-09-09,25.618,10.638,82.02,0.407
2007-09-10,25.931,3.546,80.31,0.485
2007-09-11,26.213,4.093,79.08,0.773
2007-09-12,26.173,6.728,80.68,0.686
2007-09-13,26.242,16.055,81.85,0.945
2007-09-14,24.798,2.415,85.55,1.366
2007-09-15,25.203,1.949,80.19,1.675
2007-09-16,25.312,2.914,81.74,1.569
2007-09-17,25.313,7.39,82.22,1.739
2007-09-18,24.196,3.321,86.89,2.033
2007-09-19,25.018,2.07,79.96,1.968
2007-09-20,25.267,0.77,77.2,2.034
2007-09-21,25.89,0.055,72.64,2.281
2007-09-22,25.656,0.608,75.2,2.214
2007-09-23,25.551,0.616,76.46,2.204
2007-09-24,25.318,1.298,77.87,2.386
2007-09-25,25.212,0.755,80.06,2.079
2007-09-26,26.234,1.864,75.7,1.165
2007-09-27,26.263,5.701,78.63,0.875
2007-09-28,26.187,1.084,75.14,1.303
2007-09-29,26.542,1.223,73.57,1.41
2007-09-30,26.178,4.186,76.55,1.507
2007-10-01,25.999,1.844,75.18,1.763
2007-10-02,26.554,0.23,69.09,1.751
2007-10-03,26.643,0.634,69.15,1.615
2007-10-04,26.75,0.577,69.55,1.62
2007-10-05,26.68,0.035,63.41,1.871
2007-10-06,26.602,0.008,61.15,1.896
2007-10-07,26.717,0.018,60.51,1.898
2007-10-08,27.108,0.082,57.71,1.528
2007-10-09,27.611,0.89,62.05,0.332
2007-10-10,28.532,0.182,56.59,0.589
2007-10-11,27.439,1.783,63.87,0.646
2007-10-12,27.467,3.506,63.47,0.619
2007-10-13,26.667,7.313,71.19,0.043
2007-10-14,26.828,1.056,65.33,0.253
2007-10-15,27.302,0.245,62.61,0.412
2007-10-16,26.977,3.211,65.9,0.445
2007-10-17,25.9,18.318,74.8,0.435
2007-10-18,24.215,23.443,85.97,0.195
2007-10-19,23.729,12.117,87.12,0.432
2007-10-20,23.694,19.485,88.12,0.093
2007-10-21,23.983,12.664,85.73,0.409
2007-10-22,23.147,35.274,91.2,0.6
2007-10-23,22.535,26.664,95.55,1.082
2007-10-24,22.868,13.896,91.64,1.63
2007-10-25,23.47,5.43,88.53,1.623
2007-10-26,22.891,13.411,92.72,1.017
2007-10-27,23.552,33.14,88.18,0.692
2007-10-28,22.344,20.289,93.13,1.042
2007-10-29,22.389,9.342,90.84,1.113
2007-10-30,24.591,4.78,82.03,0.681
2007-10-31,25.994,0.721,75.5,0.786
2007-11-01,24.91,5.668,81.59,0.375
2007-11-02,24.082,3.709,85.76,0.74
2007-11-03,24.252,11.683,84.76,0.911
2007-11-04,23.731,7.109,89.5,0.704
2007-11-05,24.243,2.248,86.42,0.521
2007-11-06,24.108,8.246,87.46,0.053
2007-11-07,24.604,1.244,82.62,0.085
2007-11-08,24.705,0.865,77.48,0.925
2007-11-09,24.497,0.309,75.53,0.516
2007-11-10,24.418,0.163,71.58,0.923
2007-11-11,23.897,0.037,71.6,1.47
2007-11-12,23.884,0.006,71.63,1.466
2007-11-13,23.88,0.0,63.27,1.204
2007-11-14,23.38,0.0,57.04,1.312
2007-11-15,23.308,0.0,52.16,0.598
2007-11-16,23.04,0.003,55.68,0.916
2007-11-17,22.371,0.001,62.73,1.264
2007-11-18,23.485,0.04,67.15,1.161
2007-11-19,23.797,4.079,82.6,1.537
2007-11-20,22.26,13.127,92.8,1.407
2007-11-21,23.825,0.065,76.71,1.778
2007-11-22,24.129,0.186,75.03,1.669
2007-11-23,23.725,0.019,69.71,1.324
2007-11-24,22.481,0.001,58.71,1.35
2007-11-25,21.737,0.0,58.69,1.36
2007-11-26,22.95,0.042,72.34,1.396
2007-11-27,23.984,0.261,73.74,1.034
2007-11-28,24.123,1.835,78.03,1.299
2007-11-29,23.931,0.439,75.06,1.419
2007-11-30,22.856,0.07,68.95,1.577
2007-12-01,22.911,0.104,72.59,1.427
2007-12-02,22.922,0.803,75.66,1.682
2007-12-03,22.711,1.307,79.29,1.818
2007-12-04,23.239,0.175,71.34,2.338
2007-12-05,22.52,2.042,78.27,2.583
2007-12-06,22.393,2.257,80.18,2.136
2007-12-07,22.765,1.268,77.59,1.945
2007-12-08,23.466,0.041,72.13,1.35
2007-12-09,23.66,0.127,72.81,1.416
2007-12-10,23.59,0.104,71.08,1.404
2007-12-11,23.492,0.063,69.97,1.446
2007-12-12,23.627,0.019,70.01,1.567
2007-12-13,22.195,12.228,73.61,2.004
2007-12-14,19.124,32.553,90.42,1.582
2007-12-15,22.342,0.036,80.66,1.768
2007-12-16,22.794,0.232,75.97,2.489
2007-12-17,23.505,0.132,69.45,2.623
2007-12-18,21.605,54.597,91.42,2.209
2007-12-19,21.663,19.089,97.35,1.235
2007-12-20,22.451,5.563,92.24,1.295
2007-12-21,23.539,1.314,88.01,1.289
2007-12-22,23.337,0.004,73.26,1.252
2007-12-23,23.271,0.0,69.78,0.968
2007-12-24,22.966,0.0,63.18,0.851
2007-12-25,22.824,0.001,59.47,0.611
2007-12-26,22.738,0.001,63.01,1.096
2007-12-27,22.583,0.0,71.36,0.724
2007-12-28,23.534,0.006,71.91,0.547
2007-12-29,23.909,0.008,73.52,0.507
2007-12-30,23.61,0.003,73.85,1.048
2007-12-31,22.627,0.11,73.39,1.585
2008-01-01,22.485,0.003,67.03,1.609
2008-01-02,22.232,0.009,64.71,1.702
2008-01-03,22.221,0.039,61.97,1.711
2008-01-04,23.442,0.981,74.37,1.922
2008-01-05,22.031,1.573,79.92,1.898
2008-01-06,21.597,0.008,66.99,2.061
2008-01-07,21.52,0.006,65.42,1.949
2008-01-08,21.575,0.002,64.31,1.858
2008-01-09,22.13,0.001,62.55,1.491
2008-01-10,22.821,0.001,64.3,1.342
2008-01-11,22.732,0.002,63.72,1.469
2008-01-12,22.188,0.002,63.82,1.544
2008-01-13,22.552,0.002,58.68,1.442
2008-01-14,23.074,0.0,55.86,1.338
2008-01-15,22.771,0.0,52.59,1.481
2008-01-16,22.886,0.001,56.99,1.647
2008-01-17,22.519,0.005,53.56,1.47
2008-01-18,22.414,0.001,52.21,1.131
2008-01-19,22.024,0.001,56.71,0.94
2008-01-20,22.9,0.001,57.03,0.775
2008-01-21,24.06,0.041,61.89,1.013
2008-01-22,24.334,0.052,63.63,1.121
2008-01-23,24.241,0.042,63.72,1.092
2008-01-24,24.46,0.038,61.61,0.843
2008-01-25,24.813,0.003,57.0,0.978
2008-01-26,25.905,0.004,59.44,1.126
2008-01-27,26.159,0.535,60.61,0.8
2008-01-28,24.948,1.999,70.39,0.848
2008-01-29,25.355,0.181,64.98,0.511
2008-01-30,25.889,0.035,61.54,0.982
2008-01-31,26.62,0.04,60.08,0.794
2008-02-01,26.541,0.302,61.07,1.11
2008-02-02,25.573,1.002,68.18,0.927
2008-02-03,25.023,0.968,69.45,1.443
2008-02-04,25.153,0.052,64.11,1.095
2008-02-05,25.258,0.046,62.82,1.347
2008-02-06,25.421,0.005,57.38,1.158
2008-02-07,26.081,0.37,60.82,1.14
2008-02-08,25.624,2.682,72.95,1.151
2008-02-09,24.89,6.512,79.87,0.917
2008-02-10,25.423,3.699,78.28,0.963
2008-02-11,25.25,2.071,78.42,1.125
2008-02-12,25.667,0.844,69.95,1.28
2008-02-13,25.567,0.828,68.91,1.145
2008-02-14,26.082,0.179,64.32,1.631
2008-02-15,25.729,0.702,65.94,1.961
2008-02-16,26.053,0.892,65.93,1.823
2008-02-17,25.844,0.191,55.82,1.476
2008-02-18,25.322,0.001,37.95,1.271
2008-02-19,25.599,0.0,45.23,0.866
2008-02-20,26.493,0.002,45.98,1.029
2008-02-21,26.734,0.001,45.5,1.239
2008-02-22,26.487,0.003,49.38,1.408
2008-02-23,26.051,0.009,51.34,1.244
2008-02-24,26.126,0.002,41.53,1.342
2008-02-25,26.29,0.0,41.96,1.18
2008-02-26,26.262,0.001,38.98,1.775
2008-02-27,25.576,0.001,38.57,2.141
2008-02-28,25.786,0.001,42.9,2.064
2008-02-29,26.628,0.003,41.64,1.921
2008-03-01,26.361,0.671,58.24,1.263
2008-03-02,27.627,0.113,48.71,1.338
2008-03-03,26.923,0.011,32.75,1.468
2008-03-04,26.177,0.0,26.69,1.205
2008-03-05,26.708,0.001,33.17,1.385
2008-03-06,26.725,0.005,36.43,1.718
2008-03-07,25.998,0.002,30.97,1.798
2008-03-08,25.936,0.001,25.08,2.043
2008-03-09,26.945,0.0,34.76,1.667
2008-03-10,27.607,0.038,33.1,1.796
2008-03-11,26.224,0.078,51.39,1.631
2008-03-12,24.213,3.908,76.13,1.282
2008-03-13,24.456,15.974,82.55,0.938
2008-03-14,23.984,9.224,84.99,0.76
2008-03-15,25.009,6.018,80.09,0.621
2008-03-16,25.258,4.157,77.47,0.614
2008-03-17,25.185,1.416,76.49,0.852
2008-03-18,25.25,1.744,77.06,1.033
2008-03-19,25.112,3.594,77.6,1.365
2008-03-20,23.246,32.655,90.39,1.126
2008-03-21,22.251,12.795,96.21,1.004
2008-03-22,23.624,13.081,88.81,1.576
2008-03-23,23.803,8.118,89.22,0.87
2008-03-24,25.052,4.543,80.2,0.858
2008-03-25,25.496,1.77,77.02,0.209
2008-03-26,26.013,1.171,73.52,0.09
2008-03-27,26.547,3.046,73.59,0.166
2008-03-28,25.546,15.172,81.45,0.397
2008-03-29,25.893,6.005,78.99,0.174
2008-03-30,25.561,10.431,81.96,0.414
2008-03-31,25.893,6.148,78.4,0.578
2008-04-01,26.03,3.831,77.78,0.361
2008-04-02,26.22,2.436,77.31,0.09
2008-04-03,26.075,4.112,77.72,0.328
2008-04-04,26.143,2.322,77.57,0.6
2008-04-05,26.212,2.587,74.65,0.929
2008-04-06,26.129,0.901,71.63,1.107
2008-04-07,26.252,0.419,69.6,1.089
2008-04-08,26.58,0.228,66.32,1.037
2008-04-09,27.205,0.016,59.63,1.04
2008-04-10,27.223,0.018,57.84,0.95
2008-04-11,27.695,0.075,54.27,0.715
2008-04-12,28.116,0.005,55.27,0.864
2008-04-13,28.585,0.003,56.52,0.816
2008-04-14,28.698,0.104,59.79,1.299
2008-04-15,28.908,0.399,58.86,1.387
2008-04-16,28.955,0.073,57.41,1.146
2008-04-17,29.175,0.0,53.11,1.104
2008-04-18,29.403,0.001,49.49,0.861
2008-04-19,30.461,0.001,44.77,0.706
2008-04-20,30.479,0.0,39.7,0.711
2008-04-21,30.621,0.0,36.69,0.814
2008-04-22,30.77,0.002,38.82,0.756
2008-04-23,30.789,0.005,40.39,0.666
2008-04-24,30.355,0.008,45.2,1.022
2008-04-25,30.139,0.144,48.52,1.189
2008-04-26,29.098,1.582,60.83,0.792
2008-04-27,30.385,0.003,51.5,1.022
2008-04-28,28.428,16.305,69.37,1.516
2008-04-29,28.81,3.053,68.27,1.272
2008-04-30,29.866,0.985,61.15,0.877
2008-05-01,30.186,0.272,56.7,1.591
2008-05-02,29.709,1.625,52.77,1.385
2008-05-03,29.546,1.575,58.29,1.494
2008-05-04,30.074,0.042,53.13,1.514
2008-05-05,30.102,0.003,46.87,1.571
2008-05-06,30.217,0.22,46.3,1.217
2008-05-07,28.683,5.324,59.66,0.868
2008-05-08,28.593,3.49,60.63,1.069
2008-05-09,28.078,12.913,66.02,1.237
2008-05-10,28.117,9.49,68.59,1.417
2008-05-11,28.252,1.065,65.63,1.283
2008-05-12,28.353,1.633,64.81,1.444
2008-05-13,28.357,1.362,63.5,1.523
2008-05-14,29.101,0.351,56.17,1.626
2008-05-15,28.964,1.242,59.13,1.776
2008-05-16,30.022,0.346,51.35,1.945
2008-05-17,29.658,1.14,55.17,2.027
2008-05-18,29.965,0.915,54.24,1.683
2008-05-19,29.138,1.711,59.49,1.284
2008-05-20,30.075,0.287,54.59,1.489
2008-05-21,29.248,2.352,59.32,1.367
2008-05-22,28.21,6.379,67.22,1.131
2008-05-23,27.795,10.135,70.06,1.318
2008-05-24,28.453,2.58,64.04,1.196
2008-05-25,27.844,7.136,71.56,1.05
2008-05-26,27.943,6.945,72.3,0.984
2008-05-27,28.589,2.243,66.17,0.97
2008-05-28,28.309,6.463,70.14,0.861
2008-05-29,28.5,2.485,67.33,1.465
2008-05-30,28.071,3.942,67.69,1.305
2008-05-31,27.083,3.902,73.82,1.541
2008-06-01,27.066,4.774,74.21,1.278
2008-06-02,27.307,5.768,73.6,0.737
2008-06-03,28.392,0.267,63.21,1.777
2008-06-04,28.169,4.557,65.01,1.467
2008-06-05,28.255,1.73,63.54,1.641
2008-06-06,28.159,2.089,63.55,1.947
2008-06-07,27.279,12.534,72.54,1.553
2008-06-08,26.688,3.831,74.05,1.673
2008-06-09,25.803,2.801,78.54,1.838
2008-06-10,26.295,0.5,73.72,1.67
2008-06-11,27.149,0.395,66.4,2.033
2008-06-12,26.147,4.164,74.79,1.702
2008-06-13,26.965,0.948,68.82,2.148
2008-06-14,27.448,0.313,63.47,2.318
2008-06-15,27.864,0.17,58.98,2.502
2008-06-16,27.609,0.207,61.99,2.316
2008-06-17,26.496,0.998,69.16,1.945
2008-06-18,26.812,2.752,71.56,1.94
2008-06-19,26.927,4.183,71.46,1.821
2008-06-20,27.752,2.379,67.51,1.564
2008-06-21,27.506,5.201,69.47,1.657
2008-06-22,26.409,7.575,77.04,1.563
2008-06-23,26.928,0.412,68.32,2.118
2008-06-24,27.8,0.027,57.79,2.381
2008-06-25,26.871,2.315,66.68,2.324
2008-06-26,27.845,0.033,60.0,2.166
2008-06-27,27.224,2.377,67.76,2.152
2008-06-28,25.83,9.655,77.95,1.944
2008-06-29,25.282,7.381,81.35,1.86
2008-06-30,25.836,5.645,76.08,2.011
2008-07-01,25.135,5.214,80.1,1.867
2008-07-02,27.272,0.034,60.9,2.378
2008-07-03,27.544,0.223,64.84,1.738
2008-07-04,27.516,0.064,64.56,1.699
2008-07-05,28.029,0.203,61.42,1.985
2008-07-06,26.986,2.409,68.64,2.022
2008-07-07,27.15,0.787,62.48,2.645
2008-07-08,28.033,0.14,55.62,2.805
2008-07-09,27.483,1.038,64.14,2.27
2008-07-10,27.09,0.752,67.32,2.033
2008-07-11,27.639,0.567,63.65,2.122
2008-07-12,28.095,0.379,60.82,1.921
2008-07-13,28.421,1.282,60.08,1.4
2008-07-14,27.571,6.535,69.3,0.741
2008-07-15,27.451,3.803,71.52,0.907
2008-07-16,27.418,5.605,71.34,1.473
2008-07-17,27.695,0.342,64.54,1.756
2008-07-18,27.248,6.373,70.55,1.499
2008-07-19,26.447,9.622,76.42,1.521
2008-07-20,26.624,10.407,75.24,0.93
2008-07-21,26.143,9.319,79.53,1.016
2008-07-22,26.069,8.382,79.25,1.068
2008-07-23,26.597,1.819,74.54,1.502
2008-07-24,26.504,1.163,71.41,2.288
2008-07-25,24.813,3.474,80.12,2.17
2008-07-26,25.774,0.649,72.07,2.435
2008-07-27,24.412,8.286,82.76,2.349
2008-07-28,24.232,3.402,82.6,2.306
2008-07-29,25.242,2.086,76.89,2.28
2008-07-30,25.072,5.001,78.91,1.925
2008-07-31,26.126,1.211,71.81,2.395
2008-08-01,26.32,3.09,73.26,2.198
2008-08-02,26.728,0.157,67.94,2.094
2008-08-03,26.578,2.422,71.36,1.768
2008-08-04,26.691,0.372,68.0,1.816
2008-08-05,27.233,0.278,66.94,1.781
2008-08-06,27.151,1.142,65.8,2.174
2008-08-07,27.709,0.109,58.83,2.64
2008-08-08,25.569,0.349,70.07,2.347
2008-08-09,25.529,0.495,69.76,2.768
2008-08-10,25.883,1.064,66.55,2.692
2008-08-11,26.587,0.456,66.48,2.546
2008-08-12,25.756,10.578,76.5,1.9
2008-08-13,25.162,9.186,80.92,1.925
2008-08-14,24.713,7.073,82.42,1.775
2008-08-15,24.218,1.307,76.18,1.815
2008-08-16,25.859,1.17,71.88,1.529
2008-08-17,25.697,11.973,79.04,0.995
2008-08-18,24.992,5.198,81.96,1.079
2008-08-19,25.579,5.45,79.83,1.15
2008-08-20,25.97,5.194,75.77,1.193
2008-08-21,25.762,1.737,77.48,1.499
2008-08-22,26.83,0.065,67.82,1.685
2008-08-23,26.989,0.064,64.52,1.672
2008-08-24,27.432,0.774,62.82,1.027
2008-08-25,26.357,17.215,74.11,0.547
2008-08-26,25.579,24.005,79.64,0.429
2008-08-27,25.39,20.584,81.38,0.281
2008-08-28,25.478,6.664,80.93,0.139
2008-08-29,25.934,13.226,79.42,0.439
2008-08-30,25.637,11.184,81.86,0.43
2008-08-31,25.042,18.688,85.69,0.435
2008-09-01,25.773,5.143,80.47,0.526
2008-09-02,26.41,1.772,75.87,0.771
2008-09-03,25.75,7.185,81.5,0.425
2008-09-04,25.817,3.797,80.65,0.645
2008-09-05,26.366,3.498,77.04,1.069
2008-09-06,26.025,5.873,79.89,0.912
2008-09-07,24.812,6.384,83.68,1.305
2008-09-08,24.156,8.573,84.51,1.506
2008-09-09,24.456,3.066,81.92,1.886
2008-09-10,25.031,2.792,78.82,1.899
2008-09-11,25.754,0.223,71.9,2.155
2008-09-12,25.424,0.257,72.06,1.91
2008-09-13,25.413,0.177,73.78,1.61
2008-09-14,25.768,2.744,75.39,1.504
2008-09-15,25.928,0.116,70.71,1.728
2008-09-16,26.018,0.158,68.65,2.028
2008-09-17,25.993,0.019,64.38,2.171
2008-09-18,26.501,0.001,62.41,1.734
2008-09-19,27.294,0.109,62.4,1.338
2008-09-20,26.378,5.751,75.38,1.029
2008-09-21,26.844,1.0,70.06,1.207
2008-09-22,27.188,0.204,66.17,1.317
2008-09-23,27.438,0.029,60.29,1.133
2008-09-24,27.739,0.079,59.21,1.521
2008-09-25,27.394,0.01,58.89,1.628
2008-09-26,28.269,0.02,54.62,1.494
2008-09-27,28.185,0.008,54.1,1.197
2008-09-28,27.89,0.004,50.68,0.817
2008-09-29,27.989,0.009,51.21,0.856
2008-09-30,28.279,0.088,52.63,0.451
2008-10-01,28.356,0.071,52.73,0.826
2008-10-02,28.781,0.24,50.47,0.63
2008-10-03,28.537,1.236,55.89,0.656
2008-10-04,27.448,3.681,64.21,0.759
2008-10-05,26.561,8.731,72.66,0.337
2008-10-06,26.66,5.081,73.22,0.216
2008-10-07,26.72,4.141,72.55,0.455
2008-10-08,26.881,3.7,72.46,0.405
2008-10-09,27.136,4.745,70.37,0.453
2008-10-10,27.329,1.233,68.3,0.715
2008-10-11,25.84,9.942,76.09,0.92
2008-10-12,24.476,2.987,83.44,1.087
2008-10-13,24.042,6.614,88.95,1.158
2008-10-14,23.754,5.639,89.38,1.193
2008-10-15,24.708,7.485,84.11,1.203
2008-10-16,24.476,3.781,84.44,1.109
2008-10-17,24.871,6.64,84.28,1.038
2008-10-18,24.854,6.985,84.86,1.033
2008-10-19,25.125,3.912,81.98,1.264
2008-10-20,24.032,12.331,88.94,0.709
2008-10-21,23.877,24.517,90.22,0.8
2008-10-22,23.124,33.831,94.25,0.099
2008-10-23,24.245,7.549,87.07,0.654
2008-10-24,24.604,2.532,83.15,1.223
2008-10-25,25.087,1.884,80.13,1.262
2008-10-26,24.203,7.624,88.69,0.963
2008-10-27,25.361,0.001,60.99,0.778
2008-10-28,24.709,0.001,58.6,0.882
2008-10-29,24.671,0.001,60.18,0.517
2008-10-30,25.131,0.008,62.11,0.436
2008-10-31,25.45,0.001,58.08,0.788
2008-11-01,24.738,0.003,60.1,0.747
2008-11-02,24.946,0.0,51.72,0.58
2008-11-03,25.182,0.0,51.91,0.546
2008-11-04,25.033,0.0,55.16,0.621
2008-11-05,25.086,0.0,61.18,0.566
2008-11-06,24.787,0.002,61.58,1.142
2008-11-07,24.865,0.0,61.19,1.393
2008-11-08,25.431,0.001,60.99,1.415
2008-11-09,26.06,0.004,60.01,1.415
2008-11-10,25.7,0.602,71.45,1.773
2008-11-11,25.734,0.006,61.87,1.851
2008-11-12,25.368,0.0,54.77,1.61
2008-11-13,25.639,0.005,58.44,1.242
2008-11-14,26.101,0.023,57.21,1.185
2008-11-15,27.551,0.001,50.01,0.911
2008-11-16,26.859,0.047,57.55,0.563
2008-11-17,26.62,0.237,65.47,1.479
2008-11-18,26.223,1.761,70.51,1.753
2008-11-19,25.233,0.824,75.68,1.819
2008-11-20,24.613,2.884,80.95,1.3
2008-11-21,25.912,1.324,68.28,1.884
2008-11-22,22.785,17.436,93.01,1.446
2008-11-23,22.647,13.421,93.31,1.496
2008-11-24,23.738,5.125,83.06,1.828
2008-11-25,22.29,18.717,83.79,2.373
2008-11-26,22.041,43.7,87.2,2.568
2008-11-27,21.447,47.131,92.81,1.81
2008-11-28,22.482,11.084,92.74,0.995
2008-11-29,23.685,6.5,90.35,0.906
2008-11-30,23.403,4.997,89.05,0.954
2008-12-01,23.863,1.881,86.15,0.999
2008-12-02,23.654,0.979,83.34,0.903
2008-12-03,22.976,0.027,75.1,1.225
2008-12-04,22.185,0.001,71.73,1.215
2008-12-05,22.572,0.073,74.15,1.627
2008-12-06,22.824,0.014,74.51,1.64
2008-12-07,23.174,0.001,74.52,1.634
2008-12-08,22.517,1.887,87.1,1.451
2008-12-09,22.549,28.003,88.83,1.65
2008-12-10,23.265,1.744,88.71,0.869
2008-12-11,23.05,0.043,75.26,1.284
2008-12-12,23.012,0.279,76.72,1.196
2008-12-13,23.388,1.043,77.37,1.72
2008-12-14,23.291,0.356,75.52,1.844
2008-12-15,22.054,2.516,83.29,1.701
2008-12-16,22.5,0.765,80.97,1.832
2008-12-17,22.508,0.044,73.19,2.38
2008-12-18,22.493,0.236,73.02,2.394
2008-12-19,21.773,0.12,78.15,1.937
2008-12-20,21.912,0.003,73.67,1.361
2008-12-21,22.128,0.013,71.95,1.264
2008-12-22,21.427,0.0,69.68,1.516
2008-12-23,21.825,0.002,68.65,1.576
2008-12-24,22.016,1.152,81.98,1.449
2008-12-25,22.821,0.003,70.68,1.564
2008-12-26,22.906,0.01,68.96,0.969
2008-12-27,22.834,0.002,66.52,1.059
2008-12-28,21.915,0.001,57.41,1.184
2008-12-29,21.404,0.0,58.71,1.5
2008-12-30,21.001,0.0,63.74,1.342
2008-12-31,21.152,0.001,60.56,1.322
2009-01-01,21.952,0.002,62.66,1.329
2009-01-02,22.346,0.015,65.97,1.395
2009-01-03,22.366,0.007,61.3,1.539
2009-01-04,22.376,0.001,62.55,1.55
2009-01-05,22.149,0.0,63.02,1.349
2009-01-06,22.412,0.003,59.68,1.141
2009-01-07,21.403,1.745,70.31,1.353
2009-01-08,23.247,0.897,74.37,1.547
2009-01-09,23.315,0.027,67.18,1.938
2009-01-10,22.653,0.066,66.12,2.103
2009-01-11,22.701,0.133,68.95,1.847
2009-01-12,22.281,0.002,63.71,2.058
2009-01-13,22.272,0.227,63.49,2.567
2009-01-14,22.038,1.403,69.48,2.419
2009-01-15,22.455,1.084,72.37,2.163
2009-01-16,22.179,0.962,68.36,2.089
2009-01-17,22.066,0.263,69.35,1.681
2009-01-18,21.659,0.159,73.99,1.369
2009-01-19,22.182,0.002,54.91,1.693
2009-01-20,21.971,0.0,61.05,1.573
2009-01-21,22.416,0.002,54.7,1.437
2009-01-22,22.652,0.001,55.95,1.337
2009-01-23,23.025,0.001,53.24,1.447
2009-01-24,22.707,0.003,55.56,1.377
2009-01-25,23.056,0.002,54.36,1.28
2009-01-26,24.033,0.007,65.93,1.138
2009-01-27,24.386,1.057,75.86,0.705
2009-01-28,25.344,0.322,69.55,0.911
2009-01-29,25.303,0.065,59.82,1.136
2009-01-30,24.672,0.007,39.97,1.012
2009-01-31,24.578,0.0,42.68,1.293
2009-02-01,24.575,0.001,45.65,1.246
2009-02-02,24.657,0.001,49.27,1.161
2009-02-03,25.272,0.001,48.56,1.213
2009-02-04,25.369,0.001,51.7,0.993
2009-02-05,25.444,0.001,47.18,1.023
2009-02-06,25.304,0.001,45.4,1.44
2009-02-07,24.883,0.0,49.84,1.579
2009-02-08,24.742,0.005,50.43,1.777
2009-02-09,24.367,0.0,49.33,1.826
2009-02-10,24.339,0.0,43.99,1.4
2009-02-11,24.815,0.001,41.38,0.7
2009-02-12,25.627,0.0,45.21,0.631
2009-02-13,26.393,0.003,43.17,0.646
2009-02-14,26.035,0.002,40.94,1.01
2009-02-15,25.771,0.001,38.11,1.119
2009-02-16,24.996,0.0,41.44,1.485
2009-02-17,23.975,0.002,52.12,1.873
2009-02-18,24.868,0.0,49.02,1.594
2009-02-19,25.436,0.0,41.86,1.815
2009-02-20,25.049,0.026,56.58,1.878
2009-02-21,26.205,0.007,58.02,1.659
2009-02-22,26.98,0.002,55.86,1.537
2009-02-23,27.507,0.001,51.17,1.186
2009-02-24,28.45,0.001,45.78,0.764
2009-02-25,29.364,0.001,42.66,0.919
2009-02-26,29.199,0.002,40.43,1.172
2009-02-27,28.322,0.001,36.01,1.173
2009-02-28,28.488,0.001,26.45,0.634
2009-03-01,29.47,0.001,27.31,0.938
2009-03-02,28.812,0.002,32.03,1.1
2009-03-03,28.575,0.0,32.82,0.913
2009-03-04,28.546,0.002,32.58,0.634
2009-03-05,29.036,0.001,28.76,0.706
2009-03-06,29.358,0.0,26.86,0.896
2009-03-07,28.872,0.002,30.46,1.37
2009-03-08,27.585,0.001,35.21,1.089
2009-03-09,24.207,1.959,59.2,1.652
2009-03-10,23.009,11.262,75.9,1.763
2009-03-11,25.276,2.143,72.84,0.897
2009-03-12,26.846,2.34,68.18,0.575
2009-03-13,27.459,0.226,59.15,0.952
2009-03-14,27.527,0.213,58.93,1.272
2009-03-15,27.815,0.046,54.43,0.892
2009-03-16,27.985,0.144,48.8,1.052
2009-03-17,27.627,0.002,46.36,1.185
2009-03-18,28.173,0.001,44.42,1.008
2009-03-19,28.481,0.001,41.69,1.263
2009-03-20,28.844,0.001,40.47,1.201
2009-03-21,29.204,0.185,48.12,1.044
2009-03-22,28.911,0.294,50.44,1.499
2009-03-23,28.18,0.003,47.17,1.568
2009-03-24,28.163,0.062,50.52,1.067
2009-03-25,28.298,0.014,45.96,1.074
2009-03-26,28.675,0.552,50.21,0.756
2009-03-27,28.561,2.336,58.07,0.683
2009-03-28,29.107,0.084,51.68,1.348
2009-03-29,28.874,0.017,46.93,1.462
2009-03-30,29.057,0.004,43.57,1.246
2009-03-31,29.519,0.004,39.7,1.329
2009-04-01,29.576,0.0,40.81,1.32
2009-04-02,29.532,0.003,38.93,1.395
2009-04-03,29.401,0.001,39.28,1.332
2009-04-04,29.4,0.0,40.2,1.312
2009-04-05,29.783,0.001,46.5,1.17
2009-04-06,30.537,0.006,46.43,1.366
2009-04-07,30.4,0.001,45.28,1.648
2009-04-08,30.234,0.039,45.98,1.429
2009-04-09,29.124,0.168,54.71,1.919
2009-04-10,27.405,0.789,65.11,1.246
2009-04-11,28.092,0.252,53.68,0.891
2009-04-12,27.514,0.295,54.06,0.782
2009-04-13,29.901,0.0,42.09,0.315
2009-04-14,31.067,0.002,40.73,0.419
2009-04-15,31.839,0.013,41.97,0.522
2009-04-16,31.959,0.001,43.39,1.162
2009-04-17,31.092,1.531,49.14,1.204
2009-04-18,31.764,0.089,47.36,1.521
2009-04-19,31.769,0.026,47.5,1.414
2009-04-20,29.797,8.273,61.27,1.039
2009-04-21,29.718,2.143,60.33,0.976
2009-04-22,29.032,5.353,64.84,0.908
2009-04-23,29.611,1.459,60.5,0.706
2009-04-24,30.788,0.668,51.27,0.245
2009-04-25,29.48,5.597,60.87,0.086
2009-04-26,30.407,0.45,53.37,0.779
2009-04-27,30.778,0.003,45.97,0.917
2009-04-28,30.857,0.003,44.79,0.976
2009-04-29,31.068,0.001,41.81,0.733
2009-04-30,31.376,0.001,41.81,0.781
2009-05-01,31.689,0.0,41.18,0.648
2009-05-02,32.517,0.001,38.29,0.329
2009-05-03,32.333,0.289,42.56,0.521
2009-05-04,31.128,2.067,48.56,0.802
2009-05-05,29.631,4.325,57.22,1.087
2009-05-06,30.715,0.658,50.46,0.867
2009-05-07,31.835,0.246,45.4,0.573
2009-05-08,32.024,0.214,45.09,0.621
2009-05-09,30.054,5.825,57.56,1.121
2009-05-10,29.989,4.003,59.28,0.984
2009-05-11,31.557,0.044,47.69,0.726
2009-05-12,32.344,0.004,45.06,0.625
2009-05-13,31.807,0.189,48.07,1.658
2009-05-14,31.81,0.107,42.82,1.591
2009-05-15,29.422,12.27,60.54,1.18
2009-05-16,29.131,0.115,60.46,0.794
2009-05-17,29.25,3.567,63.24,0.411
2009-05-18,28.756,5.564,66.23,0.594
2009-05-19,27.367,9.382,75.91,1.061
2009-05-20,27.323,18.396,76.89,1.258
2009-05-21,27.021,3.527,76.43,1.09
2009-05-22,28.021,1.678,67.69,1.473
2009-05-23,28.593,1.301,67.75,1.886
2009-05-24,27.311,9.166,74.84,2.03
2009-05-25,28.308,0.133,68.47,1.799
2009-05-26,28.505,0.777,65.63,1.453
2009-05-27,28.493,1.458,64.66,1.277
2009-05-28,28.556,5.514,66.57,1.157
2009-05-29,28.369,7.106,70.97,1.355
2009-05-30,27.686,6.543,75.6,1.039
2009-05-31,26.784,14.532,82.03,1.143
2009-06-01,27.597,1.901,71.37,1.526
2009-06-02,28.394,0.159,63.74,1.721
2009-06-03,28.866,0.005,60.63,2.054
2009-06-04,29.135,0.002,57.04,2.358
2009-06-05,27.62,3.315,67.17,2.47
2009-06-06,24.466,7.353,85.52,2.652
2009-06-07,26.002,3.642,75.31,2.367
2009-06-08,26.908,1.13,70.7,2.247
2009-06-09,28.171,0.156,63.41,1.886
2009-06-10,29.132,0.562,59.92,1.707
2009-06-11,26.999,23.316,73.63,1.082
2009-06-12,27.321,3.098,72.38,1.266
2009-06-13,27.293,3.458,71.16,1.773
2009-06-14,27.236,2.837,71.7,1.72
2009-06-15,27.279,1.519,69.58,2.043
2009-06-16,27.672,0.739,65.9,2.052
2009-06-17,27.545,5.11,71.07,1.836
2009-06-18,27.796,4.358,69.89,1.708
2009-06-19,27.456,2.447,69.13,2.03
2009-06-20,27.655,1.777,66.97,2.167
2009-06-21,27.662,1.765,67.1,1.852
2009-06-22,27.256,4.251,71.46,1.831
2009-06-23,27.69,4.826,68.64,1.946
2009-06-24,27.574,2.978,68.16,1.899
2009-06-25,27.65,3.162,67.87,2.205
2009-06-26,26.715,2.93,68.47,2.317
2009-06-27,26.706,0.836,68.46,2.037
2009-06-28,27.509,1.523,67.15,1.967
2009-06-29,27.37,6.187,70.31,1.689
2009-06-30,26.737,12.11,75.67,1.879
2009-07-01,26.547,0.355,70.2,2.548
2009-07-02,25.961,3.099,74.31,2.371
2009-07-03,25.667,1.472,75.7,2.269
2009-07-04,25.455,6.243,79.01,2.376
2009-07-05,24.284,7.796,88.0,1.723
2009-07-06,23.905,7.812,90.38,1.995
2009-07-07,24.609,9.122,84.75,2.007
2009-07-08,24.856,7.369,83.28,1.931
2009-07-09,24.564,4.639,84.08,2.003
2009-07-10,25.619,1.06,77.27,1.757
2009-07-11,26.275,1.144,73.04,2.062
2009-07-12,27.115,0.044,64.27,2.871
2009-07-13,26.809,0.436,64.82,3.186
2009-07-14,26.118,0.648,71.04,2.54
2009-07-15,25.248,8.383,80.55,2.307
2009-07-16,25.125,8.227,82.07,2.03
2009-07-17,24.101,7.818,87.17,2.103
2009-07-18,24.912,4.649,80.76,1.88
2009-07-19,24.909,6.757,80.27,2.386
2009-07-20,25.169,1.972,74.59,2.496
2009-07-21,26.392,0.09,66.39,2.702
2009-07-22,26.498,0.072,65.29,2.359
2009-07-23,26.848,0.029,65.63,2.05
2009-07-24,27.418,0.015,61.68,2.046
2009-07-25,27.794,0.034,60.28,2.099
2009-07-26,27.934,0.039,57.87,2.151
2009-07-27,27.287,1.377,66.6,2.133
2009-07-28,27.115,0.732,67.08,2.031
2009-07-29,26.435,13.188,75.67,1.571
2009-07-30,26.637,2.13,72.46,1.862
2009-07-31,25.982,5.877,78.29,1.846
2009-08-01,26.138,2.992,75.78,2.041
2009-08-02,27.209,0.147,65.13,2.395
2009-08-03,27.36,0.067,62.29,2.195
2009-08-04,27.264,0.184,63.7,2.257
2009-08-05,27.518,0.049,60.16,2.471
2009-08-06,27.832,0.37,60.62,2.5
2009-08-07,28.196,0.059,57.71,2.383
2009-08-08,28.399,0.222,58.19,2.273
2009-08-09,28.633,0.286,58.28,2.308
2009-08-10,28.012,1.434,62.85,2.28
2009-08-11,28.698,0.155,58.0,2.234
2009-08-12,28.548,1.729,61.63,1.85
2009-08-13,29.413,0.358,55.37,1.888
2009-08-14,28.175,27.389,65.82,1.134
2009-08-15,25.819,13.417,81.92,0.994
2009-08-16,26.136,65.104,78.97,0.868
2009-08-17,24.006,19.892,90.97,0.801
2009-08-18,25.653,4.426,81.41,0.441
2009-08-19,26.097,4.022,78.55,0.963
2009-08-20,25.788,3.672,78.93,0.992
2009-08-21,25.3,5.272,81.57,1.313
2009-08-22,25.615,0.587,74.42,2.233
2009-08-23,25.447,5.095,78.56,1.948
2009-08-24,25.117,0.728,77.64,1.812
2009-08-25,25.307,0.769,76.17,1.935
2009-08-26,25.57,1.556,76.25,2.062
2009-08-27,26.202,0.249,70.44,1.994
2009-08-28,26.679,0.09,68.27,1.992
2009-08-29,26.939,0.06,66.31,1.846
2009-08-30,26.823,0.867,69.7,1.574
2009-08-31,25.877,3.193,75.71,1.623
2009-09-01,24.697,18.476,86.23,1.581
2009-09-02,24.658,6.045,82.05,2.055
2009-09-03,25.669,0.76,74.55,2.374
2009-09-04,25.851,0.967,74.48,2.52
2009-09-05,25.515,1.878,76.47,2.563
2009-09-06,25.414,2.019,77.9,2.297
2009-09-07,26.213,0.672,72.34,2.241
2009-09-08,26.432,0.071,67.93,2.07
2009-09-09,26.82,0.019,68.0,1.739
2009-09-10,27.4,0.041,63.58,1.43
2009-09-11,28.135,0.193,60.96,0.707
2009-09-12,27.94,6.485,67.66,0.631
2009-09-13,27.109,22.134,76.01,0.537
2009-09-14,26.65,5.117,78.29,1.201
2009-09-15,26.742,3.495,77.33,1.261
2009-09-16,26.078,17.967,81.74,0.895
2009-09-17,26.089,19.057,80.97,0.777
2009-09-18,25.773,22.831,82.91,0.516
2009-09-19,25.883,6.31,82.31,1.206
2009-09-20,25.848,10.292,82.89,0.719
2009-09-21,25.954,10.643,82.17,0.443
2009-09-22,25.653,5.458,83.2,0.805
2009-09-23,26.02,4.052,82.15,0.974
2009-09-24,26.411,2.016,77.25,1.449
2009-09-25,26.705,1.122,73.63,1.737
2009-09-26,26.828,0.132,71.98,1.554
2009-09-27,26.154,2.9,77.71,1.438
2009-09-28,26.468,0.793,74.43,1.813
2009-09-29,26.569,0.42,70.02,2.323
2009-09-30,26.494,0.036,66.07,2.536
2009-10-01,25.707,0.147,71.82,2.51
2009-10-02,25.222,0.293,76.77,2.658
2009-10-03,24.996,1.677,80.01,2.452
2009-10-04,26.319,0.24,67.86,2.299
2009-10-05,26.436,0.026,64.9,2.219
2009-10-06,26.941,0.048,64.1,1.794
2009-10-07,27.138,0.019,61.42,1.737
2009-10-08,27.562,0.038,59.56,1.325
2009-10-09,27.546,0.483,63.74,0.441
2009-10-10,27.764,1.359,64.58,0.256
2009-10-11,26.384,10.649,74.68,0.292
2009-10-12,25.112,11.102,80.86,0.281
2009-10-13,25.999,5.246,74.51,0.191
2009-10-14,26.485,3.504,72.72,0.219
2009-10-15,26.729,0.376,66.73,0.516
2009-10-16,27.243,0.012,55.36,0.44
2009-10-17,27.392,0.015,56.71,0.151
2009-10-18,28.018,0.006,57.16,0.633
2009-10-19,27.956,0.011,55.17,0.855
2009-10-20,28.566,0.002,46.69,0.985
2009-10-21,28.52,0.0,44.94,1.079
2009-10-22,27.838,0.003,40.42,1.038
2009-10-23,27.773,0.001,38.24,0.686
2009-10-24,27.677,0.001,46.67,0.452
2009-10-25,27.647,0.043,54.86,0.786
2009-10-26,28.068,0.002,51.74,1.462
2009-10-27,27.453,0.43,61.14,1.605
2009-10-28,25.364,12.527,79.46,1.393
2009-10-29,24.279,6.908,86.3,1.202
2009-10-30,25.606,1.192,76.97,1.646
2009-10-31,24.849,2.379,79.81,1.25
2009-11-01,25.297,1.217,74.51,1.723
2009-11-02,24.974,0.863,74.43,2.011
2009-11-03,24.794,1.595,75.62,2.018
2009-11-04,24.475,8.363,80.31,1.863
2009-11-05,23.37,12.126,89.6,1.604
2009-11-06,23.641,11.022,90.27,1.387
2009-11-07,22.65,26.335,97.38,1.379
2009-11-08,22.912,28.336,95.58,1.623
2009-11-09,23.083,10.9,93.08,1.337
2009-11-10,22.568,28.315,95.28,0.684
2009-11-11,24.295,2.848,85.25,0.441
2009-11-12,25.325,4.288,83.99,0.339
2009-11-13,24.592,5.324,87.47,0.68
2009-11-14,23.259,12.837,92.3,0.955
2009-11-15,22.933,10.426,94.08,0.598
2009-11-16,23.898,6.423,86.89,0.622
2009-11-17,24.413,6.312,85.15,0.382
2009-11-18,24.546,5.067,86.13,0.219
2009-11-19,24.523,5.164,86.41,0.298
2009-11-20,24.417,3.441,85.42,0.554
2009-11-21,23.661,5.721,87.98,0.806
2009-11-22,24.169,2.853,84.95,0.848
2009-11-23,24.255,1.678,84.51,1.042
2009-11-24,23.833,6.613,86.47,0.665
2009-11-25,24.744,1.126,79.67,1.156
2009-11-26,24.327,0.071,74.89,1.181
2009-11-27,23.312,0.01,72.46,1.557
2009-11-28,23.148,0.045,73.23,1.547
2009-11-29,23.691,0.004,71.97,1.441
2009-11-30,23.335,1.154,77.68,1.188
2009-12-01,23.639,4.453,76.8,1.325
2009-12-02,23.577,5.851,86.14,1.102
2009-12-03,24.037,6.352,86.18,0.986
2009-12-04,23.943,4.138,85.71,1.062
2009-12-05,23.263,0.17,73.25,1.562
2009-12-06,22.04,0.003,73.41,1.231
2009-12-07,22.29,0.004,71.45,1.269
2009-12-08,22.761,0.002,72.67,1.339
2009-12-09,22.606,0.018,71.65,1.944
2009-12-10,22.141,0.002,70.47,1.932
2009-12-11,23.389,0.013,67.69,2.074
2009-12-12,23.679,1.095,77.01,1.94
2009-12-13,23.868,1.375,78.29,2.026
2009-12-14,23.289,2.14,79.82,1.943
2009-12-15,23.215,8.604,84.52,2.084
2009-12-16,22.652,9.028,90.36,1.221
2009-12-17,20.976,47.29,93.24,0.989
2009-12-18,22.907,0.681,84.27,1.066
2009-12-19,23.74,0.722,79.02,1.766
2009-12-20,23.467,1.624,80.67,2.029
2009-12-21,23.095,4.13,85.09,1.915
2009-12-22,22.798,2.667,85.96,1.734
2009-12-23,23.157,0.243,76.96,1.889
2009-12-24,23.176,0.01,74.44,1.96
2009-12-25,22.953,0.004,72.86,1.545
2009-12-26,22.963,0.012,75.74,1.263
2009-12-27,23.057,0.046,75.92,1.044
2009-12-28,22.698,0.921,79.3,0.919
2009-12-29,22.685,0.17,77.5,1.271
2009-12-30,22.839,0.007,73.97,0.891
2009-12-31,23.119,0.067,79.0,0.988
2010-01-01,23.488,0.01,70.88,1.798
2010-01-02,22.801,0.017,69.52,1.715
2010-01-03,23.346,0.268,71.47,1.106
2010-01-04,23.249,0.025,64.37,0.914
2010-01-05,22.998,0.001,61.57,0.905
2010-01-06,22.871,0.004,66.39,1.612
2010-01-07,22.567,0.043,67.49,1.708
2010-01-08,23.076,2.943,72.6,1.382
2010-01-09,23.615,1.213,80.73,1.134
2010-01-10,24.201,1.118,79.32,1.108
2010-01-11,24.851,0.277,73.06,1.004
2010-01-12,25.374,0.355,71.86,0.725
2010-01-13,25.132,1.424,78.54,0.857
2010-01-14,24.992,0.476,73.52,1.673
2010-01-15,23.748,0.058,67.7,2.15
2010-01-16,23.012,0.139,70.69,2.09
2010-01-17,23.224,0.003,64.9,1.786
2010-01-18,24.428,0.186,67.59,1.33
2010-01-19,24.428,0.425,69.76,1.558
2010-01-20,23.606,0.053,67.05,1.626
2010-01-21,23.342,0.003,60.51,1.639
2010-01-22,22.808,0.001,55.82,1.624
2010-01-23,22.587,0.001,56.12,1.731
2010-01-24,23.26,0.018,58.62,1.259
2010-01-25,23.926,0.017,60.38,1.273
2010-01-26,24.288,0.054,62.86,1.667
2010-01-27,24.511,0.066,64.42,1.772
2010-01-28,24.361,0.077,61.66,2.024
2010-01-29,24.023,0.006,60.75,1.862
2010-01-30,24.324,0.003,56.6,1.658
2010-01-31,24.223,0.003,58.21,1.512
2010-02-01,24.041,0.002,59.38,1.535
2010-02-02,23.627,0.004,54.66,1.915
2010-02-03,23.713,0.004,48.75,1.665
2010-02-04,23.275,0.002,52.4,1.56
2010-02-05,23.043,0.002,55.32,1.761
2010-02-06,23.266,0.002,53.67,1.933
2010-02-07,23.678,0.004,56.65,1.748
2010-02-08,24.418,0.0,44.83,1.513
2010-02-09,25.08,0.001,48.09,0.929
2010-02-10,25.597,0.002,56.46,1.147
2010-02-11,25.364,0.001,59.71,1.073
2010-02-12,26.484,0.043,59.8,1.531
2010-02-13,26.565,0.025,59.64,1.403
2010-02-14,26.855,0.003,56.3,1.082
2010-02-15,26.085,0.004,56.92,1.308
2010-02-16,25.902,0.008,54.15,1.307
2010-02-17,26.479,0.013,57.74,1.197
2010-02-18,27.184,0.004,52.68,1.128
2010-02-19,26.635,0.0,55.43,1.144
2010-02-20,26.799,0.001,50.27,1.182
2010-02-21,27.09,0.0,55.39,1.173
2010-02-22,27.655,0.004,52.85,1.342
2010-02-23,27.746,0.006,48.62,1.066
2010-02-24,28.378,0.002,49.28,1.137
2010-02-25,28.773,0.004,46.27,1.245
2010-02-26,28.643,0.021,52.98,1.228
2010-02-27,28.567,0.0,47.44,1.358
2010-02-28,28.019,0.001,39.58,1.205
2010-03-01,27.412,0.004,38.18,1.197
2010-03-02,27.263,0.0,33.14,0.902
2010-03-03,27.873,0.002,31.62,0.754
2010-03-04,28.117,0.0,35.87,0.913
2010-03-05,29.238,0.0,41.07,1.054
2010-03-06,30.163,0.004,47.56,1.114
2010-03-07,30.824,0.031,48.54,0.728
2010-03-08,29.546,0.001,48.81,1.518
2010-03-09,28.28,0.007,44.86,1.568
2010-03-10,28.165,0.009,50.34,1.577
2010-03-11,28.151,0.003,53.42,2.036
2010-03-12,27.732,0.022,51.81,1.72
2010-03-13,28.264,0.004,50.48,1.445
2010-03-14,29.17,0.003,45.09,0.8
2010-03-15,30.271,0.077,41.84,1.162
2010-03-16,29.765,0.041,42.4,1.399
2010-03-17,28.55,0.0,44.24,1.706
2010-03-18,27.612,0.009,47.53,1.856
2010-03-19,28.69,0.0,41.03,1.367
2010-03-20,29.537,0.001,32.66,0.947
2010-03-21,29.698,0.0,29.0,1.104
2010-03-22,29.325,0.0,29.42,0.804
2010-03-23,29.584,0.001,32.96,1.16
2010-03-24,29.466,0.001,40.24,1.115
2010-03-25,29.639,0.006,46.09,1.35
2010-03-26,30.136,0.029,50.09,1.381
2010-03-27,31.009,0.004,47.17,1.132
2010-03-28,30.698,0.07,50.24,1.519
2010-03-29,31.146,0.001,45.69,1.224
2010-03-30,31.32,0.276,49.1,0.898
2010-03-31,30.398,1.445,53.63,0.785
2010-04-01,31.94,0.03,44.21,0.387
2010-04-02,32.218,0.005,43.22,0.879
2010-04-03,31.456,0.189,44.53,1.666
2010-04-04,30.853,0.001,42.93,1.631
2010-04-05,31.015,0.037,45.44,1.345
2010-04-06,31.443,0.037,46.11,1.358
2010-04-07,31.334,0.067,48.11,1.739
2010-04-08,29.381,0.608,63.04,1.417
2010-04-09,31.281,0.065,46.08,1.097
2010-04-10,32.124,0.003,39.54,1.062
2010-04-11,32.494,-0.0,41.61,1.403
2010-04-12,32.787,0.003,42.16,0.965
2010-04-13,32.411,0.976,46.97,0.486
2010-04-14,31.641,0.668,51.21,0.232
2010-04-15,31.599,0.19,52.36,1.256
2010-04-16,31.498,0.276,47.81,1.402
2010-04-17,30.038,3.267,60.95,1.052
2010-04-18,30.551,0.201,56.31,0.907
2010-04-19,31.504,0.081,50.03,0.877
2010-04-20,31.143,1.318,54.26,0.722
2010-04-21,31.35,1.098,55.0,0.502
2010-04-22,31.084,1.631,56.41,0.513
2010-04-23,31.996,0.011,48.23,1.291
2010-04-24,31.936,0.051,48.18,0.816
2010-04-25,31.323,1.338,53.33,0.864
2010-04-26,31.111,0.68,54.47,1.55
2010-04-27,31.487,0.451,51.38,1.363
2010-04-28,31.3,0.122,51.97,1.437
2010-04-29,31.167,0.394,51.35,1.926
2010-04-30,28.576,25.755,67.21,0.684
2010-05-01,27.578,7.523,75.36,0.552
2010-05-02,28.478,17.101,69.97,0.242
2010-05-03,28.149,3.618,71.63,0.464
2010-05-04,28.861,1.9,68.76,0.756
2010-05-05,29.198,1.743,67.72,0.803
2010-05-06,30.816,0.74,59.56,0.414
2010-05-07,30.333,0.794,64.69,0.789
2010-05-08,28.96,17.53,70.87,0.18
2010-05-09,29.724,1.004,65.99,0.874
2010-05-10,30.728,0.01,61.02,0.882
2010-05-11,30.954,0.105,61.02,0.984
2010-05-12,31.332,0.344,58.2,0.736
2010-05-13,31.243,0.112,57.71,0.626
2010-05-14,31.052,0.618,58.85,0.777
2010-05-15,31.344,3.311,57.09,0.267
2010-05-16,30.376,2.925,62.53,0.657
2010-05-17,29.618,7.592,67.84,1.098
2010-05-18,28.795,6.993,71.26,1.283
2010-05-19,26.914,4.796,82.38,1.844
2010-05-20,26.432,1.503,83.99,1.832
2010-05-21,27.829,1.078,75.52,1.729
2010-05-22,28.831,1.388,68.18,1.366
2010-05-23,29.055,4.236,67.02,1.548
2010-05-24,29.573,0.555,65.54,1.967
2010-05-25,30.172,0.303,61.62,2.219
2010-05-26,29.883,1.434,62.32,2.1
2010-05-27,30.78,0.169,56.27,2.093
2010-05-28,30.594,0.72,57.74,1.78
2010-05-29,30.432,1.068,59.31,1.757
2010-05-30,29.323,5.933,65.44,1.568
2010-05-31,29.018,1.309,64.19,1.89
2010-06-01,30.582,1.766,54.16,1.22
2010-06-02,29.703,7.056,62.85,1.277
2010-06-03,29.914,5.74,64.02,1.159
2010-06-04,29.676,5.296,65.58,1.248
2010-06-05,27.906,12.286,76.7,1.507
2010-06-06,27.347,3.559,73.51,2.036
2010-06-07,26.667,3.854,76.8,1.916
2010-06-08,27.224,3.015,73.31,1.888
2010-06-09,27.021,2.37,74.08,1.299
2010-06-10,26.88,9.589,75.98,1.262
2010-06-11,25.403,3.323,80.82,1.989
2010-06-12,25.505,7.239,83.44,2.603
2010-06-13,25.32,7.13,85.67,2.338
2010-06-14,24.996,17.962,86.94,1.842
2010-06-15,26.644,0.201,76.22,1.562
2010-06-16,26.762,3.966,78.76,1.141
2010-06-17,26.519,12.776,81.84,1.261
2010-06-18,26.529,6.376,80.29,1.302
2010-06-19,26.377,4.927,78.87,1.594
2010-06-20,27.231,1.063,75.03,1.431
2010-06-21,27.591,1.194,72.52,1.364
2010-06-22,27.327,3.316,74.48,1.579
2010-06-23,27.103,2.104,73.92,1.988
2010-06-24,26.687,1.403,71.75,2.399
2010-06-25,25.979,3.745,75.79,2.461
2010-06-26,26.895,0.557,71.52,2.337
2010-06-27,27.122,2.014,74.91,1.594
2010-06-28,27.184,5.14,75.77,1.529
2010-06-29,27.282,6.145,74.53,1.58
2010-06-30,26.695,3.388,74.98,2.049
2010-07-01,25.003,9.419,83.82,2.003
2010-07-02,24.78,2.893,82.0,1.653
2010-07-03,25.465,7.38,82.35,1.722
2010-07-04,25.482,7.951,83.93,1.476
2010-07-05,24.986,6.119,85.98,1.43
2010-07-06,25.438,5.424,81.52,1.451
2010-07-07,26.198,2.5,77.67,1.162
2010-07-08,25.75,6.296,80.64,0.678
2010-07-09,26.086,9.902,81.05,0.33
2010-07-10,26.551,10.098,79.81,0.574
2010-07-11,26.97,3.576,76.75,1.085
2010-07-12,26.549,8.264,78.25,1.219
2010-07-13,26.396,2.494,77.48,1.436
2010-07-14,26.816,0.977,72.25,1.795
2010-07-15,26.837,0.498,71.88,1.717
2010-07-16,25.753,6.444,78.82,1.757
2010-07-17,24.735,6.185,85.66,1.734
2010-07-18,25.387,2.201,81.75,1.905
2010-07-19,24.719,12.088,85.53,2.012
2010-07-20,23.535,7.836,92.14,1.242
2010-07-21,25.137,4.501,82.73,1.517
2010-07-22,24.713,3.445,82.6,1.645
2010-07-23,26.312,0.17,71.44,2.098
2010-07-24,26.46,0.115,67.79,2.511
2010-07-25,26.079,0.092,67.67,2.688
2010-07-26,26.078,0.049,69.29,2.31
2010-07-27,26.424,0.084,68.48,2.444
2010-07-28,26.03,0.593,70.03,2.532
2010-07-29,24.924,3.352,80.76,2.174
2010-07-30,24.071,9.069,87.74,1.708
2010-07-31,25.89,0.848,73.12,2.152
2010-08-01,26.392,0.089,69.08,2.081
2010-08-02,26.983,0.203,67.2,2.097
2010-08-03,26.089,1.806,73.68,2.15
2010-08-04,24.765,3.696,82.91,1.898
2010-08-05,26.819,0.108,68.54,1.995
2010-08-06,26.84,0.371,70.59,1.768
2010-08-07,26.864,2.883,72.55,1.621
2010-08-08,26.883,3.025,73.71,1.782
2010-08-09,26.927,2.28,70.94,1.986
2010-08-10,28.094,0.019,60.64,2.151
2010-08-11,28.279,0.088,61.13,2.2
2010-08-12,27.461,3.804,70.93,1.513
2010-08-13,27.091,5.867,74.75,1.269
2010-08-14,27.029,7.713,75.74,1.263
2010-08-15,25.721,5.61,81.8,1.275
2010-08-16,25.384,7.583,82.41,1.47
2010-08-17,25.848,0.989,75.97,2.187
2010-08-18,26.176,0.765,71.39,2.095
2010-08-19,27.121,2.252,69.18,1.431
2010-08-20,26.153,20.104,79.43,0.62
2010-08-21,23.955,24.775,91.81,0.966
2010-08-22,24.096,10.864,87.19,1.424
2010-08-23,25.714,3.291,77.8,1.916
2010-08-24,24.664,22.713,86.58,1.784
2010-08-25,24.262,12.302,87.29,1.729
2010-08-26,24.985,2.413,82.86,1.819
2010-08-27,25.441,0.5,79.76,1.862
2010-08-28,25.722,3.226,82.39,1.557
2010-08-29,25.283,5.838,83.39,1.473
2010-08-30,24.213,17.405,87.97,1.778
2010-08-31,25.011,1.172,76.72,1.909
2010-09-01,25.991,0.043,69.22,1.946
2010-09-02,26.409,0.074,69.03,2.116
2010-09-03,26.005,0.243,73.69,1.789
2010-09-04,25.878,0.168,75.32,1.709
2010-09-05,25.791,1.575,77.23,1.499
2010-09-06,26.075,0.209,72.98,1.774
2010-09-07,25.909,1.277,75.34,1.952
2010-09-08,25.437,0.994,79.82,1.76
2010-09-09,25.983,4.458,79.01,1.27
2010-09-10,25.51,7.26,80.74,1.232
2010-09-11,25.718,2.494,77.9,1.352
2010-09-12,25.71,5.979,80.23,1.057
2010-09-13,24.846,12.337,85.37,1.277
2010-09-14,24.942,4.762,83.43,1.271
2010-09-15,25.042,8.181,84.09,1.457
2010-09-16,25.667,1.299,79.39,1.556
2010-09-17,25.682,0.377,78.37,1.632
2010-09-18,25.585,0.321,74.97,1.601
2010-09-19,26.162,0.278,72.93,1.068
2010-09-20,26.378,3.072,73.54,0.155
2010-09-21,25.44,15.978,83.25,0.269
2010-09-22,25.571,24.118,83.03,0.145
2010-09-23,25.832,2.373,79.83,0.6
2010-09-24,26.171,2.841,80.61,0.932
2010-09-25,25.951,4.401,81.66,0.2
2010-09-26,25.385,9.491,83.34,0.551
2010-09-27,25.036,4.855,82.1,1.166
2010-09-28,24.928,7.457,84.56,1.011
2010-09-29,24.755,11.384,85.71,0.577
2010-09-30,25.288,7.173,83.33,0.383
2010-10-01,25.203,9.764,83.38,0.312
2010-10-02,24.743,18.948,84.88,0.476
2010-10-03,24.443,15.699,88.24,0.163
2010-10-04,25.862,3.913,81.18,0.334
2010-10-05,25.779,2.337,82.7,1.064
2010-10-06,25.608,5.734,82.99,1.516
2010-10-07,25.243,4.799,84.23,1.383
2010-10-08,26.133,4.435,81.6,0.895
2010-10-09,25.183,3.966,87.29,1.037
2010-10-10,26.074,1.954,79.23,0.919
2010-10-11,26.408,0.033,72.33,1.27
2010-10-12,26.292,1.116,72.31,1.068
2010-10-13,25.672,1.669,78.88,1.269
2010-10-14,25.688,5.069,79.07,1.338
2010-10-15,24.608,2.353,82.42,1.74
2010-10-16,25.27,0.036,71.17,1.916
2010-10-17,25.425,0.063,69.51,1.428
2010-10-18,25.614,2.14,76.91,0.885
2010-10-19,26.218,0.698,75.52,0.756
2010-10-20,26.045,4.713,80.15,0.736
2010-10-21,25.799,3.536,80.34,1.09
2010-10-22,25.144,5.201,81.31,1.491
2010-10-23,25.073,3.968,83.38,1.177
2010-10-24,26.179,0.137,72.85,1.357
2010-10-25,26.78,0.311,70.27,0.589
2010-10-26,26.101,6.005,77.86,0.29
2010-10-27,24.531,9.546,84.88,0.5
2010-10-28,24.158,12.372,85.88,0.837
2010-10-29,24.419,3.651,83.38,1.223
2010-10-30,23.794,11.167,88.31,0.612
2010-10-31,23.873,8.355,88.85,0.644
2010-11-01,23.881,15.201,89.25,0.617
2010-11-02,24.727,3.347,84.41,0.203
2010-11-03,24.773,6.446,85.45,0.374
2010-11-04,24.399,9.435,84.62,0.661
2010-11-05,24.011,15.012,87.43,0.487
2010-11-06,24.406,0.631,81.97,0.573
2010-11-07,22.389,34.501,88.06,1.367
2010-11-08,24.411,0.622,80.39,0.955
2010-11-09,24.379,5.998,86.86,0.829
2010-11-10,24.134,10.832,86.18,0.314
2010-11-11,23.551,15.71,89.61,0.219
2010-11-12,25.146,0.831,81.35,0.136
2010-11-13,24.951,2.862,83.32,0.402
2010-11-14,24.741,1.838,83.31,0.862
2010-11-15,23.685,13.408,86.79,0.735
2010-11-16,23.693,27.548,86.52,1.379
2010-11-17,23.012,16.383,90.82,0.804
2010-11-18,23.666,5.515,88.03,0.886
2010-11-19,23.788,4.813,86.56,0.779
2010-11-20,23.76,8.692,84.87,0.879
2010-11-21,23.497,6.41,87.96,0.277
2010-11-22,23.696,2.271,84.85,0.592
2010-11-23,24.117,1.648,83.32,0.611
2010-11-24,23.63,1.56,85.96,1.085
2010-11-25,22.681,8.017,86.11,1.122
2010-11-26,22.316,11.016,88.15,1.049
2010-11-27,22.119,20.383,94.77,1.35
2010-11-28,22.506,2.486,87.45,1.624
2010-11-29,22.946,1.002,80.65,1.824
2010-11-30,23.566,0.464,78.84,1.818
2010-12-01,22.112,24.427,92.96,1.643
2010-12-02,22.831,7.096,90.44,1.218
2010-12-03,23.049,1.842,84.11,1.562
2010-12-04,21.5,4.2,80.39,1.511
2010-12-05,21.537,9.339,79.97,1.284
2010-12-06,22.343,0.399,76.77,1.471
2010-12-07,22.903,0.022,77.47,0.67
2010-12-08,24.364,0.128,78.98,0.81
2010-12-09,24.121,0.383,80.24,0.975
2010-12-10,24.182,0.262,77.72,0.604
2010-12-11,24.157,0.539,78.46,0.738
2010-12-12,23.74,0.945,79.74,0.426
2010-12-13,23.633,0.569,78.29,0.284
2010-12-14,23.304,2.701,83.43,0.604
2010-12-15,23.207,4.109,86.13,0.783
2010-12-16,22.435,2.757,87.6,1.053
2010-12-17,22.948,1.12,82.45,1.219
2010-12-18,22.807,0.651,77.71,1.703
2010-12-19,22.263,0.536,74.13,1.96
2010-12-20,22.695,2.685,83.25,2.005
2010-12-21,21.835,0.006,73.16,1.744
2010-12-22,20.65,0.001,66.34,1.217
2010-12-23,20.405,0.001,71.34,1.255
2010-12-24,20.648,0.001,72.44,1.326
2010-12-25,21.257,0.0,73.65,1.305
2010-12-26,21.31,0.001,71.51,1.467
2010-12-27,21.032,0.002,71.75,1.347
2010-12-28,20.571,7.698,83.61,1.209
2010-12-29,21.829,1.944,84.59,1.227
2010-12-30,22.33,0.212,79.99,1.159
2010-12-31,22.775,0.613,78.13,0.56
2011-01-01,23.56,0.028,74.13,0.509
2011-01-02,23.675,0.137,74.66,0.912
2011-01-03,23.101,1.938,80.18,1.685
2011-01-04,22.637,1.707,79.78,1.828
2011-01-05,21.925,2.743,81.45,1.512
2011-01-06,22.746,0.001,70.0,1.795
2011-01-07,23.306,0.06,72.67,1.52
2011-01-08,23.834,0.003,72.36,1.361
2011-01-09,23.629,0.001,67.05,1.196
2011-01-10,23.617,0.002,62.81,1.061
2011-01-11,22.459,0.001,56.15,1.333
2011-01-12,21.74,0.001,57.83,1.268
2011-01-13,21.492,0.001,59.74,1.51
2011-01-14,21.437,0.001,59.58,1.778
2011-01-15,23.045,0.037,68.96,1.665
2011-01-16,23.556,0.004,70.28,1.112
2011-01-17,23.789,0.002,67.81,0.843
2011-01-18,23.279,0.002,58.0,1.145
2011-01-19,22.875,0.002,52.76,0.951
2011-01-20,22.963,0.0,56.48,1.093
2011-01-21,23.105,0.004,61.33,1.602
2011-01-22,22.596,0.01,64.25,1.815
2011-01-23,22.208,0.002,63.98,1.945
2011-01-24,21.91,0.007,63.66,1.983
2011-01-25,21.954,0.055,65.64,1.902
2011-01-26,22.128,0.184,72.85,2.015
2011-01-27,22.773,0.002,60.69,1.797
2011-01-28,23.083,0.001,62.75,1.59
2011-01-29,23.489,0.001,60.32,1.829
2011-01-30,23.632,0.001,60.68,1.88
2011-01-31,23.673,0.0,58.43,1.853
2011-02-01,23.625,0.0,54.56,1.981
2011-02-02,23.46,0.001,50.91,2.22
2011-02-03,23.562,0.0,50.79,2.095
2011-02-04,23.214,0.002,46.69,1.861
2011-02-05,23.314,0.001,48.56,1.867
2011-02-06,23.282,0.0,54.73,1.749
2011-02-07,24.032,0.002,52.37,1.51
2011-02-08,24.337,0.002,44.49,1.283
2011-02-09,23.686,0.002,40.47,1.426
2011-02-10,23.466,0.002,36.88,1.487
2011-02-11,23.163,0.003,47.88,1.697
2011-02-12,23.341,0.003,40.1,1.51
2011-02-13,23.464,0.0,37.42,1.381
2011-02-14,23.635,0.0,45.96,1.102
2011-02-15,24.824,0.0,53.49,0.67
2011-02-16,25.951,0.001,56.07,0.771
2011-02-17,26.715,0.01,56.92,0.881
2011-02-18,26.925,0.019,58.17,1.163
2011-02-19,26.654,0.33,63.68,1.516
2011-02-20,27.101,0.575,61.71,1.544
2011-02-21,25.944,5.944,71.44,0.826
2011-02-22,24.443,4.276,78.5,0.931
2011-02-23,24.402,4.114,76.44,1.172
2011-02-24,24.638,3.888,75.44,0.754
2011-02-25,25.447,1.347,69.33,0.37
2011-02-26,25.011,9.012,75.26,0.647
2011-02-27,25.215,0.041,62.44,1.576
2011-02-28,24.774,0.006,61.95,1.797
2011-03-01,24.374,0.005,58.11,1.778
2011-03-02,24.493,0.001,47.45,1.703
2011-03-03,24.801,0.001,41.91,1.487
2011-03-04,25.937,0.001,48.42,1.12
2011-03-05,26.784,0.022,53.19,1.091
2011-03-06,26.675,0.0,45.24,1.286
2011-03-07,27.033,0.0,35.8,1.44
2011-03-08,28.596,0.002,33.75,1.02
2011-03-09,28.873,0.002,33.37,0.8
2011-03-10,28.114,0.0,32.39,1.051
2011-03-11,27.424,0.002,35.97,1.072
2011-03-12,27.288,0.015,49.81,1.591
2011-03-13,27.815,0.006,52.01,1.845
2011-03-14,27.6,0.001,45.53,1.905
2011-03-15,27.745,0.002,44.09,1.947
2011-03-16,27.535,0.002,43.81,1.85
2011-03-17,26.286,0.001,41.87,1.86
2011-03-18,26.344,0.0,39.63,1.493
2011-03-19,27.147,0.0,41.53,0.718
2011-03-20,28.398,0.001,47.72,1.126
2011-03-21,29.39,0.0,46.06,0.402
2011-03-22,29.761,0.0,43.65,0.976
2011-03-23,29.315,0.001,41.06,1.163
2011-03-24,29.393,0.019,43.04,0.802
2011-03-25,29.233,0.338,50.12,1.064
2011-03-26,28.898,0.635,54.75,0.43
2011-03-27,28.473,1.01,57.23,0.529
2011-03-28,29.448,0.075,50.23,0.868
2011-03-29,29.769,0.002,42.49,0.915
2011-03-30,29.662,0.001,37.45,1.053
2011-03-31,29.723,0.001,40.96,0.657
2011-04-01,30.481,0.0,38.44,0.482
2011-04-02,30.116,0.023,43.87,0.973
2011-04-03,29.515,0.366,51.11,1.071
2011-04-04,29.972,0.196,48.63,0.778
2011-04-05,30.102,0.013,44.73,0.98
2011-04-06,29.076,0.013,43.86,1.816
2011-04-07,28.209,0.002,46.78,1.369
2011-04-08,28.837,0.001,46.08,1.163
2011-04-09,29.236,0.077,51.62,1.479
2011-04-10,29.157,0.109,52.48,1.663
2011-04-11,29.189,0.129,53.67,1.487
2011-04-12,29.613,0.52,51.33,1.42
2011-04-13,30.247,0.973,49.78,1.411
2011-04-14,29.497,0.899,53.89,0.63
2011-04-15,29.629,1.086,52.83,0.549
2011-04-16,29.866,0.012,48.87,1.375
2011-04-17,29.994,0.248,49.67,1.268
2011-04-18,29.953,0.452,53.67,1.108
2011-04-19,28.671,9.38,63.72,0.408
2011-04-20,28.101,8.837,67.76,0.36
2011-04-21,26.395,31.077,78.84,0.749
2011-04-22,25.728,37.78,80.82,0.137
2011-04-23,24.036,46.637,89.18,0.264
2011-04-24,25.39,10.157,84.21,0.358
2011-04-25,26.173,3.807,79.38,0.188
2011-04-26,26.463,2.345,78.9,0.27
2011-04-27,27.247,0.591,72.9,0.522
2011-04-28,28.214,0.17,67.83,0.822
2011-04-29,28.074,3.738,71.36,0.835
2011-04-30,28.173,3.888,73.01,0.336
2011-05-01,28.286,3.206,69.68,0.476
2011-05-02,28.84,0.259,65.17,0.89
2011-05-03,28.357,13.223,71.17,1.057
2011-05-04,28.332,1.911,70.86,1.503
2011-05-05,29.443,0.583,62.73,1.253
2011-05-06,29.453,0.187,60.02,1.398
2011-05-07,29.385,0.014,54.56,1.827
2011-05-08,28.095,0.002,48.88,1.463
2011-05-09,28.239,0.003,54.88,1.388
2011-05-10,28.579,0.001,55.53,1.111
2011-05-11,28.966,0.002,53.64,1.051
2011-05-12,29.273,0.001,53.95,0.748
2011-05-13,29.766,0.02,52.85,0.831
2011-05-14,29.782,1.235,58.1,0.563
2011-05-15,30.476,0.016,51.94,0.695
2011-05-16,30.912,0.019,47.31,0.94
2011-05-17,30.199,0.052,49.83,1.166
2011-05-18,30.034,0.291,55.2,0.884
2011-05-19,30.495,0.095,53.12,0.867
2011-05-20,29.148,5.068,62.78,0.877
2011-05-21,28.974,1.302,58.52,1.636
2011-05-22,29.213,0.89,55.52,1.137
2011-05-23,29.692,2.58,59.3,0.796
2011-05-24,30.052,1.502,60.24,0.873
2011-05-25,30.107,0.775,60.41,0.664
2011-05-26,29.435,4.62,61.7,0.52
2011-05-27,28.894,8.331,65.84,1.449
2011-05-28,27.775,4.239,71.03,1.621
2011-05-29,28.512,3.325,67.91,1.664
2011-05-30,29.517,0.206,61.28,1.547
2011-05-31,29.078,2.963,63.84,1.602
2011-06-01,28.349,3.874,65.05,2.229
2011-06-02,24.905,11.326,85.98,2.384
2011-06-03,25.751,5.34,79.82,2.138
2011-06-04,27.117,0.339,71.64,2.047
2011-06-05,27.364,1.816,72.2,2.07
2011-06-06,26.604,10.947,79.01,1.45
2011-06-07,27.139,0.8,72.63,1.824
2011-06-08,27.381,2.055,71.09,1.617
2011-06-09,27.844,0.688,68.04,1.957
2011-06-10,27.39,3.095,70.89,1.953
2011-06-11,27.409,1.912,69.28,1.829
2011-06-12,27.811,1.761,65.31,2.211
2011-06-13,27.286,1.593,67.51,2.375
2011-06-14,26.191,7.332,75.67,2.377
2011-06-15,25.433,0.577,75.3,1.993
2011-06-16,26.848,0.692,66.15,2.734
2011-06-17,26.114,5.071,74.56,2.453
2011-06-18,26.975,0.255,64.95,2.768
2011-06-19,27.68,0.144,59.12,2.725
2011-06-20,28.035,0.2,57.19,2.458
2011-06-21,28.587,0.0,51.31,2.654
2011-06-22,28.481,0.05,52.92,2.546
2011-06-23,27.9,0.521,61.64,2.249
2011-06-24,28.33,1.957,62.75,2.271
2011-06-25,26.836,7.334,72.34,2.28
2011-06-26,26.887,1.659,67.39,2.445
2011-06-27,26.913,4.724,67.63,2.628
2011-06-28,27.19,1.862,63.6,2.455
2011-06-29,28.273,0.021,56.28,1.892
2011-06-30,28.784,0.128,56.63,1.698
2011-07-01,27.214,6.11,71.16,1.563
2011-07-02,26.534,2.334,70.79,1.551
2011-07-03,27.254,3.78,69.03,1.465
2011-07-04,26.748,8.562,74.36,1.71
2011-07-05,25.408,7.685,82.45,1.494
2011-07-06,25.601,8.133,79.79,1.797
2011-07-07,26.663,0.5,71.17,1.663
2011-07-08,27.42,1.556,68.61,1.718
2011-07-09,28.061,0.558,63.31,1.744
2011-07-10,28.333,0.106,60.08,2.097
2011-07-11,26.769,7.035,70.47,2.234
2011-07-12,26.38,2.48,71.67,2.419
2011-07-13,26.903,0.193,64.43,2.501
2011-07-14,25.994,0.599,69.64,2.735
2011-07-15,25.355,1.532,76.42,2.334
2011-07-16,24.592,17.2,84.39,2.292
2011-07-17,24.439,15.386,87.57,1.931
2011-07-18,25.075,10.018,82.96,1.806
2011-07-19,25.599,5.006,79.9,2.072
2011-07-20,25.978,1.048,73.64,2.211
2011-07-21,26.459,0.402,68.76,2.452
2011-07-22,26.179,0.245,72.03,2.126
2011-07-23,25.76,3.046,74.42,2.093
2011-07-24,25.625,4.415,77.4,1.948
2011-07-25,25.507,9.453,81.68,1.608
2011-07-26,25.619,10.813,81.59,1.282
2011-07-27,26.066,2.126,75.36,1.927
2011-07-28,26.005,0.422,72.54,2.258
2011-07-29,25.414,0.705,76.56,2.015
2011-07-30,25.107,7.817,81.94,1.84
2011-07-31,25.951,0.576,73.2,2.098
2011-08-01,26.676,0.017,64.44,2.444
2011-08-02,25.517,5.364,76.13,1.83
2011-08-03,24.827,4.352,82.41,2.015
2011-08-04,25.292,2.568,78.0,2.027
2011-08-05,25.523,1.803,80.01,1.806
2011-08-06,25.849,0.66,74.87,2.178
2011-08-07,26.083,0.374,71.79,2.202
2011-08-08,26.301,1.184,73.32,1.928
2011-08-09,26.656,4.796,74.69,1.75
2011-08-10,26.917,2.079,72.91,1.615
2011-08-11,26.909,2.388,72.31,2.012
2011-08-12,26.382,1.027,71.27,2.118
2011-08-13,27.113,0.258,66.37,2.031
2011-08-14,27.453,0.214,63.72,1.476
2011-08-15,26.838,8.338,71.16,0.782
2011-08-16,25.723,8.221,79.99,1.127
2011-08-17,25.562,33.852,79.82,1.007
2011-08-18,23.913,12.824,88.81,1.394
2011-08-19,24.547,1.852,82.61,1.513
2011-08-20,24.727,4.447,84.11,1.552
2011-08-21,24.145,16.564,89.06,0.984
2011-08-22,25.447,4.676,81.53,1.237
2011-08-23,25.797,5.559,80.31,1.295
2011-08-24,25.468,3.94,81.24,1.554
2011-08-25,25.305,7.78,81.46,1.36
2011-08-26,25.674,0.661,78.97,1.685
2011-08-27,25.508,0.719,76.14,2.036
2011-08-28,26.07,0.3,70.18,2.439
2011-08-29,25.332,0.512,74.55,2.149
2011-08-30,24.88,1.584,81.85,1.946
2011-08-31,24.104,8.284,87.18,1.968
2011-09-01,23.843,7.229,90.14,1.945
2011-09-02,24.581,12.055,86.72,1.704
2011-09-03,24.523,6.861,84.57,1.748
2011-09-04,25.327,2.747,81.36,1.449
2011-09-05,26.079,0.233,75.07,1.675
2011-09-06,25.676,7.234,80.63,1.355
2011-09-07,26.085,1.155,75.15,1.849
2011-09-08,26.37,0.952,73.58,1.756
2011-09-09,26.168,3.934,78.19,1.466
2011-09-10,25.721,8.826,80.69,1.357
2011-09-11,25.848,2.349,79.15,1.638
2011-09-12,25.888,7.398,78.09,1.463
2011-09-13,25.123,8.458,83.27,1.525
2011-09-14,25.359,7.472,81.08,1.653
2011-09-15,25.01,4.765,83.83,1.756
2011-09-16,25.734,1.883,79.28,1.649
2011-09-17,25.926,2.753,78.52,1.397
2011-09-18,26.306,0.54,73.69,1.566
2011-09-19,26.367,3.056,77.16,1.28
2011-09-20,24.934,11.317,83.86,1.347
2011-09-21,25.929,0.775,74.97,1.744
2011-09-22,26.102,0.076,69.9,1.739
2011-09-23,25.735,0.003,64.96,1.48
2011-09-24,26.507,0.008,63.43,1.358
2011-09-25,27.064,0.041,65.24,1.213
2011-09-26,27.276,0.113,65.69,1.196
2011-09-27,27.605,0.186,64.22,1.117
2011-09-28,27.792,0.152,62.66,1.234
2011-09-29,27.944,0.281,61.68,0.925
2011-09-30,27.363,3.386,68.21,0.741
2011-10-01,26.681,2.995,71.65,0.525
2011-10-02,26.481,6.85,76.22,0.787
2011-10-03,26.124,10.948,79.43,0.45
2011-10-04,26.887,0.441,68.01,0.611
2011-10-05,27.29,0.262,64.01,0.621
2011-10-06,27.86,0.152,62.29,0.667
2011-10-07,27.531,0.271,64.96,0.793
2011-10-08,27.414,0.466,66.6,0.886
2011-10-09,26.397,14.054,75.67,0.805
2011-10-10,25.652,17.158,81.35,0.487
2011-10-11,25.059,19.265,83.78,0.281
2011-10-12,24.989,16.504,84.87,0.211
2011-10-13,25.062,7.496,84.41,0.09
2011-10-14,25.376,6.529,83.45,0.133
2011-10-15,24.993,23.669,85.82,0.218
2011-10-16,25.154,13.923,84.77,0.093
2011-10-17,25.231,4.697,83.24,0.163
2011-10-18,25.859,3.099,79.37,0.123
2011-10-19,26.758,0.169,69.7,0.195
2011-10-20,26.407,2.29,74.85,0.3
2011-10-21,25.598,7.61,80.57,0.247
2011-10-22,25.685,0.768,75.07,0.945
2011-10-23,24.57,13.157,85.35,0.613
2011-10-24,24.164,7.27,87.02,0.984
2011-10-25,23.33,11.886,92.01,1.062
2011-10-26,23.167,9.477,91.58,1.31
2011-10-27,23.226,6.198,91.38,0.785
2011-10-28,24.284,3.511,84.07,1.299
2011-10-29,23.802,5.834,87.07,1.264
2011-10-30,23.637,5.692,87.86,1.093
2011-10-31,23.271,8.411,91.25,1.16
2011-11-01,22.821,11.913,93.55,1.025
2011-11-02,22.956,15.071,92.51,0.729
2011-11-03,23.064,12.16,90.45,0.524
2011-11-04,23.3,9.122,90.46,0.874
2011-11-05,23.555,6.777,89.19,1.014
2011-11-06,23.999,6.222,86.08,0.73
2011-11-07,24.037,0.039,70.35,1.27
2011-11-08,23.426,0.002,58.62,1.17
2011-11-09,23.612,0.001,62.36,0.636
2011-11-10,23.498,0.0,60.32,1.154
2011-11-11,23.938,0.001,67.37,0.768
2011-11-12,24.215,0.017,71.04,0.639
2011-11-13,24.162,0.0,69.09,1.057
2011-11-14,23.713,0.004,69.14,1.421
2011-11-15,23.33,0.0,65.62,1.502
2011-11-16,23.966,0.005,62.34,1.772
2011-11-17,22.77,4.652,85.83,1.272
2011-11-18,23.101,8.734,83.62,1.589
2011-11-19,22.307,0.001,60.68,1.96
2011-11-20,22.132,0.003,68.72,1.853
2011-11-21,22.653,0.002,69.64,1.949
2011-11-22,22.457,0.003,68.06,1.935
2011-11-23,23.09,0.095,73.5,1.95
2011-11-24,23.287,2.896,79.95,2.157
2011-11-25,22.49,28.006,92.76,2.055
2011-11-26,22.245,24.921,95.8,1.795
2011-11-27,22.769,18.569,93.81,0.889
2011-11-28,23.368,2.9,90.11,0.758
2011-11-29,23.987,6.33,87.31,0.913
2011-11-30,24.076,1.274,86.75,0.916
2011-12-01,24.269,0.931,81.6,0.693
2011-12-02,24.352,0.103,78.04,0.366
2011-12-03,24.337,0.562,79.64,0.572
2011-12-04,23.813,2.785,83.47,0.591
2011-12-05,23.38,0.403,75.7,1.26
2011-12-06,22.829,0.002,68.88,1.275
2011-12-07,22.142,0.003,72.01,1.847
2011-12-08,22.251,0.108,75.72,1.37
2011-12-09,23.54,1.655,83.01,1.442
2011-12-10,24.312,2.067,82.76,1.21
2011-12-11,23.94,0.055,75.84,1.56
2011-12-12,23.187,0.004,72.32,1.696
2011-12-13,23.359,0.007,68.89,1.683
2011-12-14,23.591,0.004,70.5,1.722
2011-12-15,22.877,1.565,80.71,1.792
2011-12-16,21.78,0.006,70.7,2.12
2011-12-17,20.764,0.002,69.16,1.869
2011-12-18,21.273,0.001,70.6,1.927
2011-12-19,22.071,0.002,72.49,1.687
2011-12-20,21.256,0.001,68.99,1.71
2011-12-21,21.714,0.003,68.85,1.936
2011-12-22,21.22,0.0,67.86,1.704
2011-12-23,20.83,0.138,70.5,1.498
2011-12-24,21.011,0.001,63.1,1.598
2011-12-25,21.06,0.001,59.72,1.483
2011-12-26,21.98,0.001,54.9,0.914
2011-12-27,22.713,0.0,52.99,0.529
2011-12-28,23.251,0.002,48.26,1.111
2011-12-29,24.489,2.891,57.56,2.413
2011-12-30,21.567,39.634,91.37,2.488
2011-12-31,22.1,0.635,79.15,1.316
2012-01-01,23.205,0.304,76.64,0.847
2012-01-02,23.573,0.368,75.62,0.652
2012-01-03,23.818,0.078,75.47,0.879
2012-01-04,24.261,0.283,78.25,1.183
2012-01-05,23.858,0.075,75.88,1.088
2012-01-06,23.491,0.013,74.14,0.983
2012-01-07,22.481,0.016,71.18,1.106
2012-01-08,23.302,0.055,75.07,0.947
2012-01-09,23.99,0.223,76.77,0.751
2012-01-10,24.294,0.692,72.0,0.991
2012-01-11,23.367,2.442,79.35,0.654
2012-01-12,22.997,1.888,76.97,1.401
2012-01-13,22.728,0.189,70.91,1.866
2012-01-14,21.833,0.003,64.71,1.834
2012-01-15,20.285,0.001,58.9,1.671
2012-01-16,20.191,0.001,57.2,1.088
2012-01-17,20.964,0.0,55.97,0.646
2012-01-18,22.025,0.0,56.54,0.549
2012-01-19,22.361,0.001,60.76,0.768
2012-01-20,22.849,0.0,59.22,0.708
2012-01-21,22.455,0.003,59.59,1.155
2012-01-22,21.893,0.002,57.8,1.397
2012-01-23,21.636,0.002,62.01,1.396
2012-01-24,21.701,0.0,60.48,1.399
2012-01-25,21.277,0.002,60.48,1.371
2012-01-26,22.229,0.001,59.66,1.401
2012-01-27,22.937,0.003,62.88,1.104
2012-01-28,23.13,0.059,63.12,1.283
2012-01-29,23.191,0.002,61.51,1.275
2012-01-30,23.279,0.022,60.7,1.76
2012-01-31,22.502,0.51,66.34,1.773
2012-02-01,22.222,0.001,57.06,1.961
2012-02-02,22.804,0.002,58.59,2.188
2012-02-03,23.204,0.007,61.36,2.116
2012-02-04,23.536,0.001,58.56,1.377
2012-02-05,24.128,0.001,57.44,1.224
2012-02-06,24.538,0.01,63.75,1.16
2012-02-07,25.176,0.009,62.59,1.293
2012-02-08,25.562,0.003,57.46,1.029
2012-02-09,25.868,0.003,60.86,1.139
2012-02-10,26.048,0.046,62.67,1.194
2012-02-11,25.546,0.303,65.67,1.471
2012-02-12,25.075,0.008,60.62,1.347
2012-02-13,24.904,0.002,57.6,1.278
2012-02-14,25.084,0.001,53.72,0.965
2012-02-15,25.476,0.002,51.84,0.811
2012-02-16,26.161,0.0,54.07,0.938
2012-02-17,25.853,0.002,56.83,1.383
2012-02-18,25.08,0.007,47.96,1.683
2012-02-19,25.221,0.001,41.94,1.539
2012-02-20,26.083,0.0,34.45,1.304
2012-02-21,26.487,0.001,36.43,1.324
2012-02-22,25.793,0.001,39.43,1.575
2012-02-23,25.741,0.002,33.12,1.728
2012-02-24,25.51,0.001,29.7,1.501
2012-02-25,25.398,0.0,27.1,1.697
2012-02-26,25.45,0.002,27.29,1.817
2012-02-27,25.968,0.002,30.35,1.438
2012-02-28,26.973,0.002,39.43,0.716
2012-02-29,28.463,0.005,47.03,0.688
2012-03-01,28.807,0.006,49.52,1.292
2012-03-02,29.255,0.005,48.14,1.158
2012-03-03,29.531,0.001,43.89,0.91
2012-03-04,29.727,0.001,41.34,0.821
2012-03-05,28.696,0.002,48.66,1.426
2012-03-06,28.581,0.014,46.99,0.577
2012-03-07,28.995,0.003,40.27,1.121
2012-03-08,29.335,0.014,46.64,1.174
2012-03-09,29.444,0.001,41.7,0.443
2012-03-10,28.553,0.003,47.07,1.316
2012-03-11,27.613,0.007,45.14,1.928
2012-03-12,26.857,0.714,59.91,1.649
2012-03-13,27.542,0.599,62.59,1.884
2012-03-14,28.061,0.319,55.02,1.77
2012-03-15,28.137,0.219,58.17,1.517
2012-03-16,28.637,0.099,53.21,1.312
2012-03-17,29.123,0.008,46.36,1.221
2012-03-18,29.422,0.0,38.35,1.189
2012-03-19,30.074,0.0,35.7,1.11
2012-03-20,30.416,0.0,34.45,1.089
2012-03-21,30.179,0.0,35.61,1.018
2012-03-22,29.727,0.002,36.1,1.033
2012-03-23,29.567,0.001,34.43,1.36
2012-03-24,28.931,0.002,27.64,1.498
2012-03-25,28.634,0.003,26.93,1.272
2012-03-26,27.77,0.0,36.22,1.379
2012-03-27,28.176,0.057,46.97,1.365
2012-03-28,28.749,0.293,55.66,1.291
2012-03-29,30.06,0.01,43.51,0.823
2012-03-30,30.609,0.002,40.65,0.479
2012-03-31,29.633,0.839,47.55,0.987
2012-04-01,28.9,0.027,49.26,1.524
2012-04-02,28.71,0.005,46.8,1.441
2012-04-03,29.303,0.004,40.79,1.153
2012-04-04,30.132,0.0,37.28,0.995
2012-04-05,30.847,0.0,36.77,0.693
2012-04-06,30.934,0.004,38.13,1.265
2012-04-07,30.946,0.007,41.19,1.687
2012-04-08,30.602,0.072,46.33,1.823
2012-04-09,30.708,0.038,45.96,1.633
2012-04-10,30.772,0.052,46.49,1.508
2012-04-11,30.981,0.005,42.54,1.699
2012-04-12,30.961,0.016,44.59,1.451
2012-04-13,30.942,0.032,43.92,1.537
2012-04-14,30.059,0.016,48.22,1.849
2012-04-15,30.423,0.028,47.59,1.509
2012-04-16,31.459,0.003,42.3,1.275
2012-04-17,32.016,0.174,41.94,0.659
2012-04-18,32.455,0.447,39.66,0.657
2012-04-19,32.159,0.029,40.25,1.207
2012-04-20,31.731,0.043,43.22,1.331
2012-04-21,32.768,0.003,38.62,0.936
2012-04-22,32.28,0.0,37.32,1.114
2012-04-23,31.542,1.427,44.9,1.093
2012-04-24,30.102,1.15,53.28,0.746
2012-04-25,27.383,19.233,73.3,0.173
2012-04-26,26.096,21.319,80.24,0.547
2012-04-27,25.997,8.184,82.71,0.501
2012-04-28,27.219,1.122,74.24,1.352
2012-04-29,28.091,2.141,71.96,0.789
2012-04-30,27.963,2.784,72.77,0.998
2012-05-01,27.826,3.386,73.38,1.214
2012-05-02,28.334,1.623,70.51,1.339
2012-05-03,28.476,2.387,70.43,1.303
2012-05-04,29.196,0.472,63.21,1.397
2012-05-05,28.807,0.844,62.59,1.719
2012-05-06,29.204,0.001,52.85,1.448
2012-05-07,30.005,0.001,48.77,0.411
2012-05-08,29.495,1.333,56.24,0.77
2012-05-09,29.021,2.803,60.78,0.851
2012-05-10,29.454,1.125,58.11,0.969
2012-05-11,27.791,8.132,71.16,0.865
2012-05-12,27.825,4.224,71.77,1.216
2012-05-13,28.403,2.896,68.1,0.681
2012-05-14,28.74,2.109,67.79,0.885
2012-05-15,29.451,1.428,63.14,1.346
2012-05-16,29.805,0.986,61.38,1.414
2012-05-17,29.887,0.97,62.32,1.445
2012-05-18,31.175,0.013,50.98,0.794
2012-05-19,30.461,1.883,57.46,1.436
2012-05-20,31.026,1.155,53.74,1.496
2012-05-21,30.415,2.395,54.78,1.459
2012-05-22,30.433,1.188,55.5,1.439
2012-05-23,30.524,0.742,53.26,1.787
2012-05-24,29.504,1.754,57.87,1.882
2012-05-25,29.976,0.413,53.6,2.173
2012-05-26,29.319,0.976,56.85,2.224
2012-05-27,30.164,0.877,54.51,1.979
2012-05-28,29.631,3.981,59.35,1.735
2012-05-29,30.761,0.537,52.24,1.854
2012-05-30,29.986,3.53,59.54,2.073
2012-05-31,30.091,1.394,55.0,1.98
2012-06-01,30.368,0.312,49.47,2.149
2012-06-02,31.402,0.042,47.56,2.129
2012-06-03,29.992,1.47,56.38,2.22
2012-06-04,30.414,0.286,54.2,2.304
2012-06-05,29.454,1.743,58.9,2.405
2012-06-06,28.458,1.251,61.92,2.508
2012-06-07,28.345,1.703,63.37,2.29
2012-06-08,28.379,2.854,63.4,2.221
2012-06-09,29.676,0.137,51.92,2.989
2012-06-10,30.023,0.074,46.69,2.852
2012-06-11,29.964,0.0,42.75,2.285
2012-06-12,28.966,0.592,54.31,2.3
2012-06-13,27.796,8.432,68.11,1.725
2012-06-14,27.876,2.275,67.35,1.875
2012-06-15,27.993,4.239,67.14,1.931
2012-06-16,27.323,7.996,71.71,2.043
2012-06-17,26.657,2.672,70.94,2.497
2012-06-18,23.812,12.038,89.93,1.88
2012-06-19,26.368,0.304,69.97,2.727
2012-06-20,27.068,0.291,63.94,2.691
2012-06-21,27.147,0.401,63.32,2.27
2012-06-22,27.026,2.51,68.76,2.079
2012-06-23,28.26,0.239,61.37,2.07
2012-06-24,28.652,0.079,57.27,2.046
2012-06-25,28.656,0.12,58.07,1.808
2012-06-26,27.403,8.203,68.68,1.536
2012-06-27,26.999,1.783,69.15,1.657
2012-06-28,26.725,0.295,68.39,2.224
2012-06-29,27.12,0.986,66.34,2.293
2012-06-30,27.067,0.444,60.61,2.431
2012-07-01,26.096,4.938,70.52,2.397
2012-07-02,24.247,10.692,84.04,1.871
2012-07-03,26.56,0.482,66.0,2.495
2012-07-04,27.545,0.093,59.26,2.496
2012-07-05,28.616,0.041,55.74,2.449
2012-07-06,28.875,0.081,55.22,2.39
2012-07-07,28.583,0.722,59.18,2.145
2012-07-08,28.192,2.493,62.75,2.091
2012-07-09,27.268,8.337,70.15,1.637
2012-07-10,26.952,7.556,72.34,1.681
2012-07-11,27.715,0.325,62.61,2.456
2012-07-12,28.459,0.167,58.83,2.364
2012-07-13,28.345,2.418,61.99,2.141
2012-07-14,27.552,3.599,67.01,1.725
2012-07-15,26.701,5.568,73.21,1.242
2012-07-16,27.33,3.644,68.31,1.048
2012-07-17,27.484,4.348,70.59,1.223
2012-07-18,26.737,3.285,71.54,1.922
2012-07-19,27.116,0.069,63.87,2.358
2012-07-20,26.927,0.043,62.7,2.527
2012-07-21,26.895,0.237,62.27,2.603
2012-07-22,27.464,0.225,61.78,2.53
2012-07-23,27.794,0.852,62.79,2.339
2012-07-24,28.25,0.348,59.93,2.366
2012-07-25,28.066,1.629,60.31,2.564
2012-07-26,27.967,0.179,56.98,2.864
2012-07-27,27.756,1.501,60.64,2.261
2012-07-28,27.794,0.645,60.72,2.113
2012-07-29,28.258,0.329,57.15,2.164
2012-07-30,28.578,0.045,52.18,2.368
2012-07-31,28.581,0.119,50.29,2.534
2012-08-01,28.774,0.057,47.69,2.577
2012-08-02,29.094,0.092,49.0,2.958
2012-08-03,28.745,0.16,50.94,2.943
2012-08-04,28.307,0.923,53.31,2.778
2012-08-05,29.035,0.03,50.31,2.997
2012-08-06,28.365,0.7,55.66,2.475
2012-08-07,27.011,5.668,68.24,1.737
2012-08-08,26.33,8.803,74.89,1.921
2012-08-09,24.706,4.822,83.88,1.964
2012-08-10,24.945,1.528,79.54,2.143
2012-08-11,25.741,4.563,76.66,1.95
2012-08-12,25.06,4.245,78.9,1.373
2012-08-13,26.222,2.779,74.02,1.537
2012-08-14,26.764,2.958,72.81,1.337
2012-08-15,26.999,4.406,71.96,1.502
2012-08-16,27.019,2.498,69.87,1.701
2012-08-17,26.335,4.284,72.58,2.175
2012-08-18,26.645,0.534,64.85,2.713
2012-08-19,27.964,0.009,55.07,2.485
2012-08-20,27.872,0.019,55.27,1.749
2012-08-21,28.564,0.325,55.79,1.308
2012-08-22,27.385,3.491,66.4,0.886
2012-08-23,27.268,6.842,70.84,0.78
2012-08-24,26.788,5.73,73.12,1.115
2012-08-25,26.252,7.407,76.78,1.667
2012-08-26,25.345,7.155,77.79,1.965
2012-08-27,25.333,2.707,76.29,1.954
2012-08-28,25.681,2.504,73.75,2.086
2012-08-29,24.787,10.737,85.08,1.638
2012-08-30,24.465,15.107,88.0,1.5
2012-08-31,24.634,7.945,84.51,1.579
2012-09-01,25.43,3.816,78.74,1.807
2012-09-02,25.15,4.754,83.99,1.707
2012-09-03,25.2,5.207,83.2,2.01
2012-09-04,25.308,0.471,77.36,2.029
2012-09-05,26.308,0.468,73.66,1.555
2012-09-06,26.969,1.124,71.95,1.379
2012-09-07,26.431,5.202,75.33,1.394
2012-09-08,25.121,7.514,82.97,1.055
2012-09-09,24.998,9.052,83.73,1.448
2012-09-10,25.007,1.381,80.17,1.621
2012-09-11,26.631,0.136,69.74,1.8
2012-09-12,26.46,3.514,73.03,1.433
2012-09-13,26.362,4.399,75.37,1.436
2012-09-14,26.719,1.574,73.25,1.505
2012-09-15,25.988,7.001,77.8,1.544
2012-09-16,26.869,0.067,65.59,1.984
2012-09-17,27.031,0.014,63.07,1.534
2012-09-18,27.201,0.015,59.73,1.556
2012-09-19,27.459,0.063,60.52,1.146
2012-09-20,27.802,0.033,58.31,0.865
2012-09-21,28.223,0.012,57.24,0.945
2012-09-22,28.185,1.232,59.64,1.3
2012-09-23,28.56,0.329,55.07,1.124
2012-09-24,28.402,1.32,55.76,1.207
2012-09-25,28.924,0.004,46.92,1.304
2012-09-26,29.592,0.301,48.37,0.786
2012-09-27,27.179,13.696,67.99,0.815
2012-09-28,25.814,11.153,78.29,1.057
2012-09-29,25.876,14.025,79.87,0.472
2012-09-30,25.088,10.983,81.58,1.312
2012-10-01,26.097,1.435,73.72,1.311
2012-10-02,26.619,0.009,64.16,1.745
2012-10-03,26.912,0.0,57.62,1.331
2012-10-04,27.305,0.0,56.17,0.945
2012-10-05,28.32,0.005,52.03,0.496
2012-10-06,28.697,0.168,56.34,0.517
2012-10-07,27.469,4.439,66.91,0.373
2012-10-08,27.037,21.896,72.08,0.34
2012-10-09,25.107,21.778,82.65,0.563
2012-10-10,26.714,0.078,64.75,0.174
2012-10-11,26.85,0.74,69.15,0.185
2012-10-12,26.462,7.127,73.18,0.407
2012-10-13,25.548,9.17,79.53,0.268
2012-10-14,25.33,22.137,82.03,0.09
2012-10-15,24.893,15.229,84.23,0.251
2012-10-16,24.751,17.757,84.15,0.441
2012-10-17,24.887,1.902,80.03,1.032
2012-10-18,24.336,5.06,83.24,1.367
2012-10-19,23.363,18.411,90.02,1.505
2012-10-20,22.718,16.01,94.02,1.184
2012-10-21,23.578,6.082,88.79,1.131
2012-10-22,23.514,6.993,88.22,0.94
2012-10-23,24.018,6.044,84.93,1.316
2012-10-24,23.739,3.148,88.63,0.753
2012-10-25,24.825,1.393,80.98,1.09
2012-10-26,24.97,0.31,74.95,1.407
2012-10-27,24.538,0.006,72.42,1.778
2012-10-28,24.394,0.675,74.5,2.021
2012-10-29,24.611,0.843,72.36,1.657
2012-10-30,22.143,14.835,82.99,1.642
2012-10-31,21.488,79.975,93.4,2.271
2012-11-01,23.694,1.412,81.87,2.228
2012-11-02,24.509,0.109,79.35,1.458
2012-11-03,24.9,0.13,75.96,1.131
2012-11-04,25.606,0.049,70.7,0.141
2012-11-05,25.311,0.003,71.39,0.676
2012-11-06,25.381,0.08,73.65,0.769
2012-11-07,25.154,3.674,79.21,0.5
2012-11-08,25.467,0.143,74.35,0.604
2012-11-09,25.464,0.09,71.81,1.049
2012-11-10,25.28,0.008,71.31,1.249
2012-11-11,25.125,0.131,69.98,1.252
2012-11-12,24.362,0.003,66.45,1.363
2012-11-13,23.621,0.001,65.27,1.63
2012-11-14,22.872,0.0,58.2,1.729
2012-11-15,22.642,0.0,54.93,1.528
2012-11-16,23.012,0.001,56.96,1.374
2012-11-17,23.777,0.0,61.6,0.59
2012-11-18,24.514,0.001,58.98,0.296
2012-11-19,25.178,0.002,55.49,0.162
2012-11-20,26.22,0.0,55.08,0.346
2012-11-21,26.584,0.078,62.67,0.196
2012-11-22,26.809,0.889,69.29,0.492
2012-11-23,25.412,3.754,77.88,1.079
2012-11-24,25.216,0.22,71.63,1.579
2012-11-25,25.499,0.017,66.52,1.689
2012-11-26,24.843,0.052,67.66,1.973
2012-11-27,24.886,0.003,62.54,1.802
2012-11-28,24.071,0.001,56.16,1.783
2012-11-29,23.404,0.001,47.84,1.249
2012-11-30,24.25,0.0,50.67,0.88
2012-12-01,24.416,0.001,54.7,1.109
2012-12-02,24.98,1.104,45.99,1.614
2012-12-03,24.918,22.105,68.41,1.664
2012-12-04,24.621,9.957,75.86,1.299
2012-12-05,25.074,0.689,74.18,1.967
2012-12-06,24.982,0.863,73.84,2.012
2012-12-07,24.189,0.006,70.38,1.32
2012-12-08,24.486,0.001,66.45,1.048
2012-12-09,24.225,0.0,62.14,0.909
2012-12-10,24.035,0.003,57.32,0.899
2012-12-11,24.181,0.001,59.38,0.989
2012-12-12,24.659,0.0,61.15,0.747
2012-12-13,24.471,0.002,60.37,1.13
2012-12-14,23.477,0.001,63.27,1.603
2012-12-15,23.224,0.002,64.31,2.049
2012-12-16,23.118,0.001,62.69,2.37
2012-12-17,23.407,0.003,62.58,2.713
2012-12-18,23.257,0.005,61.89,2.33
2012-12-19,22.998,0.043,68.27,2.122
2012-12-20,23.566,0.002,66.17,1.991
2012-12-21,23.602,0.002,64.76,1.823
2012-12-22,23.306,0.0,59.13,1.983
2012-12-23,23.358,0.001,61.96,2.044
2012-12-24,23.648,0.002,59.52,1.947
2012-12-25,23.945,0.014,63.9,1.954
2012-12-26,24.805,0.005,60.59,2.151
2012-12-27,24.946,0.084,60.81,2.259
2012-12-28,22.465,7.157,73.85,1.596
2012-12-29,23.61,2.693,84.41,1.524
2012-12-30,25.037,1.848,81.13,1.214
