date,temp_c,precip_mm,humidity_pct,wind_speed_ms
2000-01-01,20.984,0.0,48.48,0.655
2000-01-02,20.521,0.002,48.7,1.272
2000-01-03,20.209,0.0,43.58,1.391
2000-01-04,19.827,0.002,45.61,1.231
2000-01-05,20.107,0.003,44.52,1.34
2000-01-06,19.595,0.0,40.02,1.845
2000-01-07,18.899,0.001,36.24,1.39
2000-01-08,20.114,0.001,37.12,0.45
2000-01-09,20.84,0.002,45.51,0.796
2000-01-10,21.868,0.0,54.78,0.987
2000-01-11,22.298,0.0,55.98,1.755
2000-01-12,22.034,0.0,46.08,2.035
2000-01-13,23.828,0.017,57.86,0.639
2000-01-14,24.771,0.07,57.85,1.379
2000-01-15,24.804,0.128,60.2,0.657
2000-01-16,24.426,0.137,61.17,1.381
2000-01-17,23.883,0.001,60.23,1.729
2000-01-18,23.899,0.001,51.18,1.619
2000-01-19,22.85,0.001,41.11,1.396
2000-01-20,23.845,0.0,42.22,1.005
2000-01-21,24.28,0.002,43.76,0.517
2000-01-22,24.286,0.001,50.46,0.817
2000-01-23,22.781,0.002,45.33,1.182
2000-01-24,22.185,0.001,40.58,1.582
2000-01-25,22.585,0.001,43.6,0.984
2000-01-26,22.833,0.014,53.04,0.958
2000-01-27,23.272,0.001,50.91,1.332
2000-01-28,23.065,0.001,52.04,0.768
2000-01-29,21.475,0.0,38.23,1.981
2000-01-30,21.265,0.001,34.51,1.128
2000-01-31,22.42,0.001,37.27,1.635
2000-02-01,23.612,0.003,50.03,2.645
2000-02-02,23.755,0.001,52.09,2.142
2000-02-03,24.596,0.002,51.74,1.123
2000-02-04,25.511,0.001,52.42,1.997
2000-02-05,24.754,0.043,48.71,1.158
2000-02-06,23.334,0.202,50.76,1.188
2000-02-07,23.165,0.0,44.4,1.458
2000-02-08,24.275,0.585,53.97,1.118
2000-02-09,23.577,2.259,67.3,0.961
2000-02-10,25.327,0.241,61.86,1.783
2000-02-11,25.442,0.593,51.67,1.354
2000-02-12,24.014,1.019,45.44,1.419
2000-02-13,24.286,0.71,54.14,0.777
2000-02-14,23.489,1.085,73.7,1.233
2000-02-15,24.314,0.737,70.25,0.845
2000-02-16,24.794,1.383,68.95,0.974
2000-02-17,24.879,0.261,50.07,0.66
2000-02-18,23.207,0.002,29.13,1.868
2000-02-19,24.278,0.2,36.78,1.528
2000-02-20,23.924,2.263,66.95,2.684
2000-02-21,24.106,2.477,70.82,1.627
2000-02-22,24.076,1.698,72.93,1.785
2000-02-23,23.389,1.959,74.65,1.574
2000-02-24,21.642,3.551,76.14,1.974
2000-02-25,20.081,5.901,84.03,1.563
2000-02-26,22.183,0.187,68.23,0.988
2000-02-27,23.298,0.002,52.97,1.024
2000-02-28,24.039,0.002,36.53,1.441
2000-02-29,24.883,0.0,32.65,0.215
2000-03-01,25.796,0.001,36.43,1.633
2000-03-02,26.693,0.0,34.86,1.91
2000-03-03,26.781,0.001,31.81,0.879
2000-03-04,27.316,0.002,32.77,0.593
2000-03-05,27.334,0.0,34.65,0.344
2000-03-06,27.911,0.001,38.11,2.219
2000-03-07,27.422,0.001,34.34,1.3
2000-03-08,26.607,0.001,35.92,1.413
2000-03-09,26.152,0.0,28.37,1.567
2000-03-10,26.511,0.001,27.58,0.689
2000-03-11,27.333,0.003,28.77,1.514
2000-03-12,27.875,0.0,26.22,1.637
2000-03-13,27.253,0.009,28.04,1.269
2000-03-14,26.6,0.024,32.6,1.35
2000-03-15,26.826,0.002,27.92,1.332
2000-03-16,27.421,0.0,27.28,0.882
2000-03-17,28.784,0.001,30.68,1.174
2000-03-18,28.688,0.0,35.6,0.625
2000-03-19,28.646,0.0,28.51,0.984
2000-03-20,28.347,0.0,23.09,1.191
2000-03-21,29.833,0.014,32.57,1.834
2000-03-22,29.774,0.066,40.25,2.952
2000-03-23,29.436,0.001,31.68,0.46
2000-03-24,29.044,0.002,23.33,2.265
2000-03-25,28.53,0.0,23.96,1.661
2000-03-26,29.231,0.0,29.05,0.54
2000-03-27,28.948,0.009,38.85,1.151
2000-03-28,30.017,0.002,32.61,0.071
2000-03-29,29.802,0.0,32.72,0.342
2000-03-30,30.441,0.0,23.9,0.953
2000-03-31,30.334,0.0,25.24,0.832
2000-04-01,30.488,0.0,31.38,1.2
2000-04-02,31.298,0.0,40.04,2.031
2000-04-03,32.215,0.001,37.73,1.95
2000-04-04,32.803,0.001,35.08,1.774
2000-04-05,33.267,0.001,32.65,1.843
2000-04-06,32.974,0.068,34.88,1.967
2000-04-07,32.812,0.277,37.74,2.063
2000-04-08,33.115,0.534,36.3,1.755
2000-04-09,33.282,0.0,20.23,1.833
2000-04-10,32.463,0.001,21.42,0.414
2000-04-11,32.797,0.001,27.65,1.061
2000-04-12,32.692,0.049,39.07,1.361
2000-04-13,33.054,0.274,37.79,1.638
2000-04-14,33.637,0.019,31.22,0.914
2000-04-15,33.264,0.013,29.76,1.341
2000-04-16,33.249,0.0,30.13,0.822
2000-04-17,33.074,0.079,33.89,1.433
2000-04-18,32.287,1.034,43.76,2.135
2000-04-19,32.568,0.631,37.71,1.465
2000-04-20,33.14,0.024,31.27,1.808
2000-04-21,33.87,0.001,26.37,1.613
2000-04-22,34.383,0.022,23.34,1.231
2000-04-23,33.699,0.124,25.54,1.528
2000-04-24,33.691,0.001,25.12,1.986
2000-04-25,34.284,0.005,24.98,2.286
2000-04-26,34.842,0.0,24.81,2.016
2000-04-27,35.631,0.0,22.46,2.272
2000-04-28,36.014,0.001,20.98,2.432
2000-04-29,35.962,0.0,19.22,2.347
2000-04-30,35.723,0.002,20.26,1.896
2000-05-01,35.807,0.001,21.74,0.994
2000-05-02,36.02,0.002,23.43,0.692
2000-05-03,35.688,0.149,27.06,1.29
2000-05-04,35.643,0.018,27.61,1.383
2000-05-05,34.53,0.941,35.57,2.046
2000-05-06,32.622,1.824,44.0,1.209
2000-05-07,31.068,5.47,48.94,1.284
2000-05-08,30.241,0.283,55.26,1.381
2000-05-09,31.931,0.666,47.7,0.987
2000-05-10,32.85,0.083,42.58,0.778
2000-05-11,33.19,0.035,38.87,1.285
2000-05-12,33.462,0.02,33.67,2.186
2000-05-13,33.666,0.0,28.48,3.092
2000-05-14,34.246,0.001,27.54,3.061
2000-05-15,34.238,0.002,29.75,2.922
2000-05-16,33.375,1.218,40.03,2.804
2000-05-17,33.337,0.829,39.59,2.554
2000-05-18,32.461,0.163,43.23,3.809
2000-05-19,30.563,0.546,53.62,3.659
2000-05-20,31.027,0.455,50.6,3.179
2000-05-21,29.797,4.469,55.63,2.014
2000-05-22,32.434,0.071,46.62,1.859
2000-05-23,33.67,0.164,43.36,2.013
2000-05-24,33.305,0.976,46.23,2.117
2000-05-25,33.731,0.544,45.72,2.182
2000-05-26,34.074,0.103,42.58,2.23
2000-05-27,33.237,1.831,48.51,1.835
2000-05-28,32.776,1.844,52.29,2.062
2000-05-29,31.934,8.41,55.94,1.694
2000-05-30,30.331,7.784,63.06,2.11
2000-05-31,29.302,11.563,67.61,1.986
2000-06-01,29.222,17.507,70.19,1.684
2000-06-02,29.228,25.842,73.31,1.052
2000-06-03,29.799,15.689,70.3,1.138
2000-06-04,28.314,27.418,78.6,1.322
2000-06-05,27.107,45.018,86.19,1.254
2000-06-06,25.512,30.211,91.54,1.116
2000-06-07,25.631,16.597,85.97,3.423
2000-06-08,27.306,2.269,74.42,3.331
2000-06-09,27.36,7.115,79.32,2.134
2000-06-10,27.374,19.115,82.52,1.796
2000-06-11,27.769,6.394,78.93,2.171
2000-06-12,28.609,0.859,69.21,2.928
2000-06-13,28.506,0.472,66.8,3.684
2000-06-14,28.602,0.305,66.11,3.704
2000-06-15,28.613,0.238,63.77,3.651
2000-06-16,28.638,0.704,64.78,3.446
2000-06-17,28.368,3.477,67.54,3.345
2000-06-18,25.268,68.49,82.66,3.08
2000-06-19,24.895,55.924,88.63,3.086
2000-06-20,25.515,20.285,81.33,2.698
2000-06-21,27.575,3.242,73.65,2.833
2000-06-22,27.937,0.264,71.11,1.707
2000-06-23,28.441,0.894,70.14,1.994
2000-06-24,28.693,0.137,64.89,2.607
2000-06-25,28.795,0.297,65.05,2.746
2000-06-26,29.086,0.086,62.29,2.755
2000-06-27,29.292,0.556,63.0,2.74
2000-06-28,25.257,29.149,85.75,2.313
2000-06-29,25.176,34.252,90.01,1.364
2000-06-30,25.633,11.248,86.61,1.044
2000-07-01,25.752,3.743,78.8,2.592
2000-07-02,25.873,6.015,80.51,2.6
2000-07-03,25.873,7.823,84.28,1.935
2000-07-04,26.968,2.06,81.1,1.387
2000-07-05,27.875,6.072,79.24,1.711
2000-07-06,28.019,3.987,77.51,2.092
2000-07-07,26.386,8.221,84.87,1.973
2000-07-08,25.362,12.272,87.87,2.533
2000-07-09,25.627,6.531,82.16,3.518
2000-07-10,25.348,12.809,85.38,3.128
2000-07-11,24.544,19.543,89.56,3.75
2000-07-12,23.921,57.244,90.9,4.407
2000-07-13,24.621,21.685,85.23,3.956
2000-07-14,26.565,0.878,72.7,3.52
2000-07-15,26.708,3.086,72.53,3.688
2000-07-16,26.389,5.024,75.24,3.708
2000-07-17,25.144,12.149,81.32,3.679
2000-07-18,25.272,8.419,81.17,4.128
2000-07-19,25.78,1.49,78.29,3.744
2000-07-20,26.234,0.562,73.73,3.149
2000-07-21,26.241,0.159,71.92,2.598
2000-07-22,26.406,0.301,72.82,2.53
2000-07-23,26.877,0.356,70.07,2.512
2000-07-24,26.705,0.217,70.67,2.405
2000-07-25,26.698,1.291,72.52,2.111
2000-07-26,26.944,0.347,69.89,2.533
2000-07-27,26.645,0.676,73.69,1.826
2000-07-28,26.021,0.561,77.2,1.867
2000-07-29,26.29,0.89,77.41,1.397
2000-07-30,27.191,0.758,74.47,1.738
2000-07-31,27.558,0.366,71.59,1.648
2000-08-01,27.248,0.902,75.55,1.375
2000-08-02,27.669,0.687,71.28,1.547
2000-08-03,27.871,0.103,68.05,1.288
2000-08-04,27.976,0.414,70.71,1.397
2000-08-05,28.065,0.531,69.91,1.492
2000-08-06,28.118,0.696,71.34,1.146
2000-08-07,27.41,2.695,76.92,1.317
2000-08-08,25.754,9.258,86.39,2.164
2000-08-09,25.066,24.847,89.03,2.905
2000-08-10,23.794,26.298,93.34,3.384
2000-08-11,24.136,6.517,88.57,2.872
2000-08-12,27.02,0.694,76.19,2.598
2000-08-13,27.189,1.602,75.38,2.366
2000-08-14,26.793,0.595,77.94,1.999
2000-08-15,27.123,0.496,73.79,2.091
2000-08-16,26.779,0.138,71.87,2.821
2000-08-17,26.138,5.943,78.65,3.067
2000-08-18,24.805,16.089,86.47,2.877
2000-08-19,24.849,11.981,83.8,3.864
2000-08-20,24.235,14.457,87.84,3.591
2000-08-21,24.906,13.184,86.92,2.82
2000-08-22,25.164,9.808,88.89,2.399
2000-08-23,26.272,26.579,84.72,2.252
2000-08-24,25.935,18.319,87.43,1.819
2000-08-25,26.026,7.454,84.29,2.167
2000-08-26,25.767,22.186,86.46,1.967
2000-08-27,24.284,47.262,91.35,3.67
2000-08-28,23.853,39.153,93.15,3.823
2000-08-29,24.901,8.95,86.98,3.534
2000-08-30,24.505,6.745,85.39,3.296
2000-08-31,26.086,0.562,75.38,3.52
2000-09-01,26.244,0.9,74.78,3.544
2000-09-02,25.997,1.114,76.79,3.189
2000-09-03,26.243,0.848,77.19,2.817
2000-09-04,26.211,0.866,74.49,2.737
2000-09-05,26.294,0.365,73.81,2.671
2000-09-06,26.098,0.5,74.67,2.76
2000-09-07,24.959,2.794,76.64,2.298
2000-09-08,24.886,3.183,79.0,2.017
2000-09-09,26.263,0.063,70.65,2.571
2000-09-10,25.919,0.008,69.23,2.577
2000-09-11,25.924,0.048,69.41,2.559
2000-09-12,25.985,0.067,69.6,2.257
2000-09-13,26.752,0.246,69.77,2.029
2000-09-14,27.541,2.019,72.55,1.779
2000-09-15,27.505,1.383,74.74,1.515
2000-09-16,28.276,0.226,69.46,1.65
2000-09-17,28.223,1.936,72.74,1.089
2000-09-18,27.293,4.027,78.24,0.565
2000-09-19,27.987,0.035,69.41,1.206
2000-09-20,28.365,0.06,67.4,0.902
2000-09-21,27.507,5.644,76.5,0.949
2000-09-22,26.975,1.29,80.01,0.977
2000-09-23,27.361,0.674,76.16,1.1
2000-09-24,26.784,3.467,79.81,0.659
2000-09-25,27.097,1.354,78.29,0.625
2000-09-26,27.258,1.082,76.28,0.99
2000-09-27,26.554,5.783,81.19,0.91
2000-09-28,26.283,5.683,84.04,0.455
2000-09-29,27.708,0.314,72.0,0.151
2000-09-30,28.054,0.131,66.94,0.178
2000-10-01,27.762,0.005,62.33,0.111
2000-10-02,27.554,0.002,61.14,0.463
2000-10-03,27.675,0.017,62.23,0.466
2000-10-04,27.548,0.078,65.06,0.71
2000-10-05,27.685,0.29,68.6,0.938
2000-10-06,27.864,0.921,70.16,0.842
2000-10-07,27.229,1.394,75.25,0.949
2000-10-08,27.402,4.144,75.5,0.648
2000-10-09,27.546,1.294,75.16,0.401
2000-10-10,28.254,0.419,71.07,0.494
2000-10-11,29.049,0.006,60.55,0.658
2000-10-12,29.238,0.135,60.35,0.969
2000-10-13,28.395,0.479,63.84,1.058
2000-10-14,28.236,0.065,57.14,1.751
2000-10-15,27.543,0.0,46.42,1.945
2000-10-16,25.905,0.001,41.15,2.499
2000-10-17,27.065,0.109,52.16,2.045
2000-10-18,27.71,0.876,69.06,1.691
2000-10-19,28.57,0.094,64.66,1.438
2000-10-20,28.511,0.21,62.35,0.423
2000-10-21,28.606,0.003,51.13,0.065
2000-10-22,28.253,0.0,46.71,0.612
2000-10-23,28.313,0.002,46.88,0.739
2000-10-24,27.884,0.0,43.85,0.934
2000-10-25,27.712,0.001,41.24,1.45
2000-10-26,27.072,0.0,40.73,1.77
2000-10-27,25.795,0.001,40.13,1.843
2000-10-28,25.255,0.002,42.6,1.804
2000-10-29,25.951,0.002,45.86,1.364
2000-10-30,26.308,0.003,50.75,0.837
2000-10-31,26.533,0.001,53.52,0.459
2000-11-01,26.055,0.021,54.88,0.771
2000-11-02,25.872,0.003,53.39,1.096
2000-11-03,26.149,0.001,51.2,1.289
2000-11-04,26.626,0.006,49.34,0.881
2000-11-05,26.468,0.0,48.69,0.936
2000-11-06,26.049,0.003,46.69,1.116
2000-11-07,25.415,0.0,43.52,1.453
2000-11-08,24.695,0.0,44.34,1.106
2000-11-09,24.797,0.0,42.41,1.194
2000-11-10,24.809,0.001,41.88,0.675
2000-11-11,25.069,0.0,44.98,0.488
2000-11-12,24.898,0.001,47.48,0.339
2000-11-13,24.803,0.003,48.31,0.367
2000-11-14,24.6,0.002,48.54,0.867
2000-11-15,23.78,0.001,45.25,1.342
2000-11-16,23.197,0.0,45.95,1.123
2000-11-17,23.134,0.002,42.05,1.184
2000-11-18,23.481,0.0,44.29,0.508
2000-11-19,23.589,0.002,45.41,0.436
2000-11-20,23.878,0.001,46.66,0.949
2000-11-21,24.36,0.001,49.19,0.699
2000-11-22,24.694,0.001,49.79,0.741
2000-11-23,24.904,0.0,49.98,0.546
2000-11-24,24.685,0.0,42.22,1.09
2000-11-25,24.842,0.001,43.66,0.597
2000-11-26,24.636,0.0,46.03,0.525
2000-11-27,24.274,0.001,46.75,0.754
2000-11-28,24.022,0.001,44.92,1.587
2000-11-29,24.307,0.0,41.55,2.008
2000-11-30,25.073,0.027,49.95,1.461
2000-12-01,23.847,0.001,43.2,2.697
2000-12-02,21.677,0.001,37.47,2.358
2000-12-03,20.515,0.0,39.09,1.766
2000-12-04,19.925,0.001,35.56,1.524
2000-12-05,20.648,0.004,34.44,1.281
2000-12-06,21.247,0.0,36.15,1.048
2000-12-07,21.448,0.0,37.15,1.307
2000-12-08,21.191,0.0,38.53,1.532
2000-12-09,21.509,0.002,39.74,0.632
2000-12-10,22.259,0.0,38.99,0.516
2000-12-11,22.358,0.0,39.23,0.654
2000-12-12,22.01,0.001,40.07,0.954
2000-12-13,21.691,0.0,38.97,1.515
2000-12-14,21.337,0.001,38.7,1.316
2000-12-15,21.485,0.001,38.71,0.939
2000-12-16,21.39,0.002,34.68,1.433
2000-12-17,20.89,0.0,38.66,1.263
2000-12-18,20.75,0.001,39.29,1.02
2000-12-19,21.616,0.001,39.28,1.256
2000-12-20,22.059,0.001,41.31,1.149
2000-12-21,21.87,0.001,43.66,1.182
2000-12-22,21.273,0.0,37.99,1.398
2000-12-23,20.977,0.001,36.2,1.15
2000-12-24,21.098,0.001,35.66,1.113
2000-12-25,20.456,0.001,33.1,1.509
2000-12-26,20.252,0.001,35.75,1.64
2000-12-27,20.503,0.003,41.43,1.233
2000-12-28,20.349,0.001,41.6,0.96
2000-12-29,20.552,0.0,41.9,1.056
2000-12-30,21.838,0.001,46.79,1.276
2000-12-31,23.317,1.645,63.05,1.509
2001-01-01,20.881,6.988,82.83,0.533
2001-01-02,19.913,0.816,67.56,1.484
2001-01-03,19.87,0.0,55.43,1.803
2001-01-04,19.469,0.0,52.93,1.716
2001-01-05,18.95,0.001,51.74,1.56
2001-01-06,19.639,0.0,44.84,0.913
2001-01-07,21.305,0.003,45.89,1.385
2001-01-08,22.501,0.001,54.99,1.003
2001-01-09,22.49,0.002,55.95,0.878
2001-01-10,22.429,0.001,52.26,1.257
2001-01-11,23.572,0.002,50.64,1.488
2001-01-12,24.383,0.009,55.76,1.973
2001-01-13,24.689,0.009,58.41,1.492
2001-01-14,24.721,0.088,58.18,1.082
2001-01-15,25.005,0.008,55.96,1.701
2001-01-16,24.112,0.046,60.5,1.628
2001-01-17,24.185,0.083,61.08,1.11
2001-01-18,24.748,0.057,56.69,0.636
2001-01-19,24.836,0.003,53.61,0.702
2001-01-20,23.908,0.0,45.91,0.918
2001-01-21,23.641,0.001,40.54,1.088
2001-01-22,23.378,0.001,41.28,1.217
2001-01-23,23.322,0.002,42.58,1.048
2001-01-24,21.479,0.0,29.32,2.124
2001-01-25,20.377,0.001,28.65,1.446
2001-01-26,20.764,0.0,29.82,1.324
2001-01-27,21.12,0.001,29.56,1.08
2001-01-28,22.058,0.001,29.06,0.802
2001-01-29,22.559,0.001,33.15,0.991
2001-01-30,22.998,0.001,42.35,0.91
2001-01-31,23.288,0.0,39.36,1.159
2001-02-01,23.404,0.001,41.56,1.181
2001-02-02,24.672,0.0,40.16,0.962
2001-02-03,24.94,0.0,44.04,1.111
2001-02-04,26.188,0.001,38.77,2.213
2001-02-05,25.997,0.003,40.65,0.741
2001-02-06,25.146,0.002,32.87,1.395
2001-02-07,24.044,0.002,25.88,1.759
2001-02-08,23.737,0.0,23.33,1.346
2001-02-09,24.083,0.002,26.68,0.967
2001-02-10,24.241,0.0,27.0,1.121
2001-02-11,24.767,0.001,26.38,0.809
2001-02-12,25.248,0.0,29.89,0.559
2001-02-13,25.322,0.001,36.8,0.986
2001-02-14,26.174,0.001,45.72,2.669
2001-02-15,26.147,0.002,40.77,1.222
2001-02-16,25.786,0.003,40.98,0.972
2001-02-17,26.517,0.002,42.14,1.743
2001-02-18,27.148,0.001,41.87,1.602
2001-02-19,28.035,0.001,38.51,0.771
2001-02-20,28.382,0.0,36.83,0.451
2001-02-21,27.852,0.001,28.27,1.847
2001-02-22,26.112,0.0,19.7,1.494
2001-02-23,26.844,0.0,20.27,0.465
2001-02-24,27.523,0.001,23.25,0.752
2001-02-25,27.897,0.001,23.06,1.78
2001-02-26,27.25,0.002,31.44,1.301
2001-02-27,28.109,0.002,34.71,1.069
2001-02-28,28.722,0.011,42.63,2.896
2001-03-01,28.48,0.215,44.05,2.384
2001-03-02,27.531,0.006,41.07,1.676
2001-03-03,27.619,0.0,31.75,2.442
2001-03-04,27.77,0.024,37.32,1.893
2001-03-05,27.227,0.302,43.33,0.223
2001-03-06,27.107,0.062,46.25,1.127
2001-03-07,27.259,0.637,50.27,1.744
2001-03-08,27.126,0.677,49.4,2.06
2001-03-09,25.351,1.572,64.86,1.737
2001-03-10,26.096,1.307,51.51,1.736
2001-03-11,26.71,0.572,51.0,1.145
2001-03-12,26.42,1.507,57.61,0.997
2001-03-13,26.346,1.587,58.04,0.833
2001-03-14,27.856,0.123,49.69,1.473
2001-03-15,28.76,0.001,41.43,1.807
2001-03-16,29.124,0.019,40.94,1.261
2001-03-17,29.688,0.004,37.35,1.009
2001-03-18,29.753,0.0,37.79,1.335
2001-03-19,29.895,0.001,38.69,1.512
2001-03-20,29.346,0.092,43.48,1.579
2001-03-21,30.077,0.287,43.02,1.594
2001-03-22,30.452,0.111,38.76,0.658
2001-03-23,30.983,0.004,33.2,0.915
2001-03-24,30.885,0.013,38.24,1.185
2001-03-25,31.351,0.0,34.07,0.891
2001-03-26,31.109,0.001,26.42,1.373
2001-03-27,31.386,0.0,23.37,1.695
2001-03-28,31.76,0.0,24.21,1.049
2001-03-29,31.285,0.28,37.77,1.299
2001-03-30,30.239,1.001,36.42,0.918
2001-03-31,30.036,0.025,26.32,0.64
2001-04-01,30.365,0.009,27.81,0.129
2001-04-02,31.32,0.013,35.93,1.12
2001-04-03,31.58,1.034,40.8,1.388
2001-04-04,30.564,1.539,49.43,0.68
2001-04-05,31.105,1.063,42.03,0.808
2001-04-06,32.302,0.021,34.06,0.933
2001-04-07,32.508,0.0,28.34,0.691
2001-04-08,33.073,0.002,23.04,0.383
2001-04-09,32.752,0.013,21.66,0.815
2001-04-10,32.699,0.085,28.38,1.158
2001-04-11,32.049,0.823,40.86,1.315
2001-04-12,28.235,4.607,59.15,0.763
2001-04-13,27.48,2.055,63.03,1.33
2001-04-14,28.53,0.73,57.25,1.421
2001-04-15,28.902,2.209,59.73,0.846
2001-04-16,28.822,6.267,62.23,1.803
2001-04-17,27.053,8.926,71.21,0.679
2001-04-18,28.897,0.22,60.46,1.772
2001-04-19,29.742,0.939,59.13,1.368
2001-04-20,30.172,0.317,54.95,0.643
2001-04-21,30.539,0.094,49.06,0.251
2001-04-22,31.336,0.001,37.84,0.605
2001-04-23,31.986,0.001,33.96,0.92
2001-04-24,32.317,0.001,31.93,1.776
2001-04-25,33.19,0.0,32.57,2.301
2001-04-26,34.08,0.001,30.47,2.491
2001-04-27,34.398,0.04,30.23,1.631
2001-04-28,34.426,0.0,28.93,1.392
2001-04-29,35.227,0.001,28.17,1.11
2001-04-30,35.451,0.129,28.33,1.371
2001-05-01,35.981,0.004,27.69,1.851
2001-05-02,35.805,0.014,27.43,2.038
2001-05-03,35.52,0.013,27.08,1.456
2001-05-04,35.523,0.001,24.14,1.148
2001-05-05,35.368,0.002,25.63,1.13
2001-05-06,35.427,0.008,28.58,1.246
2001-05-07,35.585,0.012,28.33,0.903
2001-05-08,35.796,0.001,22.8,2.057
2001-05-09,35.953,0.0,20.8,3.143
2001-05-10,35.402,0.0,23.02,3.311
2001-05-11,35.53,0.001,27.22,2.373
2001-05-12,36.453,0.009,22.97,3.034
2001-05-13,36.431,0.025,23.24,3.184
2001-05-14,35.92,0.059,27.76,2.765
2001-05-15,35.432,0.453,31.37,2.03
2001-05-16,34.152,1.056,36.54,1.738
2001-05-17,34.089,0.176,32.58,2.001
2001-05-18,33.881,0.101,33.39,2.072
2001-05-19,33.721,0.081,34.01,2.114
2001-05-20,33.538,0.121,34.74,1.959
2001-05-21,33.739,0.014,34.15,1.583
2001-05-22,34.492,0.051,35.41,1.702
2001-05-23,34.581,1.518,39.26,2.213
2001-05-24,34.119,0.877,39.17,3.143
2001-05-25,34.654,0.241,37.04,3.221
2001-05-26,34.881,0.207,35.5,2.805
2001-05-27,34.358,0.578,36.74,2.096
2001-05-28,34.024,0.968,37.82,2.254
2001-05-29,34.35,0.483,35.34,2.803
2001-05-30,34.602,0.0,31.39,3.412
2001-05-31,34.051,0.001,32.15,3.272
2001-06-01,34.699,0.021,34.7,2.728
2001-06-02,33.405,1.163,43.88,1.111
2001-06-03,30.6,4.815,59.89,1.004
2001-06-04,28.314,9.977,72.48,1.578
2001-06-05,28.923,9.406,69.36,1.041
2001-06-06,29.47,12.21,68.3,1.154
2001-06-07,29.215,6.408,72.22,0.728
2001-06-08,28.567,4.573,76.21,1.02
2001-06-09,28.458,5.915,74.58,1.455
2001-06-10,27.535,12.718,79.74,1.98
2001-06-11,28.117,2.462,74.72,2.263
2001-06-12,26.753,8.469,81.34,3.266
2001-06-13,24.364,68.644,89.56,5.134
2001-06-14,24.029,50.748,86.34,5.062
2001-06-15,26.357,0.519,66.26,4.354
2001-06-16,27.305,0.257,63.4,3.821
2001-06-17,27.289,2.364,66.91,4.322
2001-06-18,26.406,6.241,77.41,3.773
2001-06-19,25.967,16.112,83.1,3.082
2001-06-20,27.183,0.355,72.57,3.178
2001-06-21,28.134,0.208,63.96,3.616
2001-06-22,28.279,0.169,62.61,3.418
2001-06-23,28.506,0.056,61.88,3.544
2001-06-24,28.908,0.126,60.55,3.718
2001-06-25,28.937,0.16,60.92,3.82
2001-06-26,28.99,0.066,59.47,3.836
2001-06-27,28.558,0.088,61.31,4.048
2001-06-28,29.216,0.182,59.65,3.77
2001-06-29,28.746,0.499,60.82,3.231
2001-06-30,28.074,0.942,66.05,2.697
2001-07-01,29.044,0.349,62.52,3.086
2001-07-02,29.517,0.38,59.26,3.263
2001-07-03,29.303,0.904,59.1,3.069
2001-07-04,28.182,9.911,67.63,3.311
2001-07-05,27.329,4.396,71.01,2.977
2001-07-06,27.599,2.122,68.93,2.932
2001-07-07,26.773,6.928,77.1,2.652
2001-07-08,26.912,8.103,77.08,2.978
2001-07-09,25.29,12.938,83.54,4.019
2001-07-10,27.868,1.268,68.76,3.508
2001-07-11,28.405,0.388,61.67,3.243
2001-07-12,27.451,0.292,67.53,2.551
2001-07-13,27.011,1.796,69.94,2.806
2001-07-14,26.606,7.682,73.08,3.263
2001-07-15,25.657,5.822,79.08,3.363
2001-07-16,25.992,7.175,72.2,3.194
2001-07-17,25.089,9.568,80.48,3.563
2001-07-18,25.365,9.894,81.92,3.213
2001-07-19,24.515,10.162,87.55,3.137
2001-07-20,25.772,3.653,79.8,2.942
2001-07-21,26.766,1.543,74.75,2.399
2001-07-22,26.303,3.918,78.87,2.117
2001-07-23,26.104,12.143,83.35,1.854
2001-07-24,25.626,8.977,86.42,1.844
2001-07-25,26.934,0.76,75.22,2.338
2001-07-26,27.226,0.926,74.44,2.076
2001-07-27,27.416,0.656,75.01,1.682
2001-07-28,27.835,5.834,75.84,1.731
2001-07-29,27.245,1.84,76.72,1.71
2001-07-30,27.747,0.882,74.94,1.167
2001-07-31,28.006,1.359,75.81,0.988
2001-08-01,27.369,8.468,78.88,1.2
2001-08-02,26.341,15.048,84.12,1.561
2001-08-03,24.874,19.082,91.54,1.515
2001-08-04,24.396,32.046,91.95,1.775
2001-08-05,24.244,16.164,90.56,2.669
2001-08-06,24.12,7.697,90.05,2.598
2001-08-07,24.677,9.826,88.79,2.055
2001-08-08,24.999,13.336,89.46,1.594
2001-08-09,25.224,13.459,88.23,1.993
2001-08-10,24.575,12.254,92.51,1.456
2001-08-11,24.723,12.912,90.36,2.033
2001-08-12,25.533,11.677,85.95,2.513
2001-08-13,25.13,11.333,86.07,2.881
2001-08-14,24.293,29.327,91.41,3.399
2001-08-15,25.83,3.906,79.9,3.705
2001-08-16,26.487,3.372,76.68,3.745
2001-08-17,26.911,1.63,71.36,3.726
2001-08-18,26.21,2.553,75.92,3.54
2001-08-19,25.608,2.727,75.93,2.942
2001-08-20,23.748,37.3,84.35,3.631
2001-08-21,23.253,22.333,85.58,3.868
2001-08-22,24.164,19.197,87.43,3.256
2001-08-23,24.333,16.543,91.29,2.347
2001-08-24,25.743,6.601,86.3,2.401
2001-08-25,26.338,4.33,82.09,2.439
2001-08-26,27.141,1.288,75.31,2.848
2001-08-27,26.812,0.3,73.75,3.041
2001-08-28,26.443,0.913,74.72,3.143
2001-08-29,26.299,0.601,71.86,3.201
2001-08-30,26.069,0.252,69.94,3.221
2001-08-31,25.893,1.144,71.79,2.762
2001-09-01,26.008,1.146,74.48,2.404
2001-09-02,26.012,9.92,83.8,2.002
2001-09-03,26.426,7.786,83.46,1.663
2001-09-04,26.57,4.402,80.94,1.978
2001-09-05,26.325,0.365,73.73,2.254
2001-09-06,25.71,0.924,74.9,2.15
2001-09-07,26.342,0.492,77.39,1.442
2001-09-08,27.228,0.245,76.85,1.188
2001-09-09,27.717,0.349,74.53,1.608
2001-09-10,27.592,2.47,77.73,1.704
2001-09-11,27.288,1.253,76.97,1.508
2001-09-12,27.216,1.157,77.58,1.366
2001-09-13,27.694,0.554,75.33,0.886
2001-09-14,27.799,2.519,76.59,0.463
2001-09-15,26.77,5.472,82.33,0.773
2001-09-16,27.391,4.252,79.2,0.706
2001-09-17,27.23,2.379,79.91,0.622
2001-09-18,27.695,1.428,77.3,0.477
2001-09-19,27.258,5.633,80.41,0.387
2001-09-20,26.651,5.724,83.4,0.311
2001-09-21,27.645,0.815,78.73,0.231
2001-09-22,28.217,0.274,73.01,0.194
2001-09-23,28.051,0.232,72.61,0.853
2001-09-24,28.448,0.029,66.51,0.706
2001-09-25,28.703,0.26,66.99,0.244
2001-09-26,27.391,4.165,77.18,0.374
2001-09-27,26.967,6.768,82.34,0.276
2001-09-28,27.853,2.272,75.65,1.16
2001-09-29,27.647,6.162,76.02,1.993
2001-09-30,25.328,27.794,88.94,1.503
2001-10-01,24.627,16.795,92.09,0.373
2001-10-02,24.793,11.544,89.84,1.831
2001-10-03,24.976,10.207,89.17,1.582
2001-10-04,25.523,11.33,87.26,0.763
2001-10-05,25.444,10.647,85.43,0.939
2001-10-06,25.391,13.497,85.97,1.006
2001-10-07,25.69,7.16,86.2,1.557
2001-10-08,25.83,1.5,82.86,2.314
2001-10-09,26.152,1.143,81.49,1.401
2001-10-10,26.469,9.78,81.59,0.752
2001-10-11,25.435,5.471,87.26,0.67
2001-10-12,26.018,3.934,85.39,0.847
2001-10-13,26.491,0.599,77.34,1.325
2001-10-14,27.022,0.391,76.08,1.688
2001-10-15,27.226,0.149,71.16,2.235
2001-10-16,26.725,0.991,65.33,2.749
2001-10-17,24.84,1.866,79.5,1.44
2001-10-18,25.602,1.584,83.13,0.887
2001-10-19,26.141,0.754,80.03,0.84
2001-10-20,25.292,0.004,64.88,1.567
2001-10-21,24.874,0.0,60.84,1.532
2001-10-22,24.711,0.0,60.73,1.581
2001-10-23,24.416,0.001,62.99,1.591
2001-10-24,24.711,0.002,60.73,1.473
2001-10-25,24.798,0.001,58.65,1.113
2001-10-26,25.0,0.001,57.37,1.059
2001-10-27,25.055,0.0,59.14,0.186
2001-10-28,25.861,0.001,56.48,0.732
2001-10-29,25.489,0.0,56.06,1.014
2001-10-30,25.346,0.001,60.1,1.3
2001-10-31,25.872,0.192,65.93,1.036
2001-11-01,26.051,0.02,62.43,1.574
2001-11-02,25.384,0.002,54.11,0.8
2001-11-03,25.149,0.0,53.98,0.928
2001-11-04,25.102,0.002,53.82,1.086
2001-11-05,25.829,0.0,52.45,0.677
2001-11-06,25.697,0.024,67.93,0.893
2001-11-07,25.622,0.002,59.32,1.201
2001-11-08,25.617,0.0,56.18,2.421
2001-11-09,25.398,0.003,56.45,2.816
2001-11-10,25.509,0.025,55.59,2.771
2001-11-11,24.975,0.001,56.48,2.844
2001-11-12,23.504,0.002,52.85,2.64
2001-11-13,24.335,0.0,55.55,2.07
2001-11-14,26.094,0.067,62.93,1.263
2001-11-15,25.316,3.409,76.8,1.04
2001-11-16,24.939,0.666,78.92,1.321
2001-11-17,25.755,0.279,71.03,1.1
2001-11-18,25.764,0.461,73.03,0.655
2001-11-19,25.494,0.089,66.07,1.148
2001-11-20,24.036,0.0,53.23,1.416
2001-11-21,23.176,0.002,46.43,1.019
2001-11-22,23.139,0.0,46.66,1.074
2001-11-23,22.983,0.0,48.37,0.975
2001-11-24,22.732,0.001,47.36,1.053
2001-11-25,22.947,0.001,49.7,1.428
2001-11-26,22.968,0.0,50.88,1.346
2001-11-27,22.988,0.049,54.23,0.849
2001-11-28,22.349,0.0,49.96,1.398
2001-11-29,21.393,0.001,46.57,1.824
2001-11-30,21.386,0.0,45.24,1.994
2001-12-01,20.812,0.0,43.79,1.593
2001-12-02,20.968,0.0,43.25,1.133
2001-12-03,21.631,0.001,42.26,0.586
2001-12-04,21.883,0.002,44.25,0.358
2001-12-05,21.847,0.001,47.44,0.42
2001-12-06,21.968,0.001,48.24,0.806
2001-12-07,22.013,0.001,47.23,0.449
2001-12-08,22.261,0.003,47.81,0.244
2001-12-09,22.536,0.0,49.48,0.34
2001-12-10,22.757,0.001,49.27,0.997
2001-12-11,22.59,0.0,54.69,0.626
2001-12-12,23.441,0.0,52.16,0.214
2001-12-13,23.8,0.001,49.94,0.721
2001-12-14,23.059,0.001,53.74,0.829
2001-12-15,22.974,0.001,54.86,0.524
2001-12-16,23.061,0.001,53.81,0.691
2001-12-17,22.598,0.003,53.64,1.298
2001-12-18,21.621,0.0,44.58,1.478
2001-12-19,21.207,0.001,44.73,1.72
2001-12-20,21.017,0.0,45.53,2.008
2001-12-21,19.938,0.0,47.04,2.192
2001-12-22,19.661,0.001,46.29,1.937
2001-12-23,19.69,0.001,43.67,1.524
2001-12-24,19.796,0.0,38.38,1.041
2001-12-25,20.465,0.002,39.67,0.698
2001-12-26,21.347,0.001,45.35,0.628
2001-12-27,21.487,0.001,47.22,0.657
2001-12-28,21.617,0.001,48.33,0.788
2001-12-29,21.428,0.002,47.48,0.837
2001-12-30,21.44,0.001,48.53,0.774
2001-12-31,21.262,0.001,50.81,0.755
2002-01-01,20.667,0.0,47.22,1.58
2002-01-02,19.318,0.0,39.03,1.743
2002-01-03,18.57,0.001,38.8,1.377
2002-01-04,18.926,0.001,40.96,0.96
2002-01-05,20.609,0.287,47.28,0.961
2002-01-06,18.399,10.411,83.72,0.878
2002-01-07,19.075,2.244,83.37,0.964
2002-01-08,20.274,0.474,75.64,0.704
2002-01-09,20.498,0.006,62.81,1.261
2002-01-10,20.216,0.001,51.67,1.22
2002-01-11,20.037,0.001,45.99,0.645
2002-01-12,20.38,0.004,47.03,0.636
2002-01-13,20.818,0.0,47.98,0.332
2002-01-14,21.28,0.002,51.33,1.127
2002-01-15,22.051,0.004,54.62,1.973
2002-01-16,22.587,0.002,54.32,1.69
2002-01-17,22.626,0.0,55.62,2.242
2002-01-18,22.442,0.0,57.29,2.506
2002-01-19,23.434,0.0,57.44,2.59
2002-01-20,24.239,0.016,60.38,1.483
2002-01-21,24.702,0.474,66.58,1.79
2002-01-22,24.642,1.147,73.92,1.579
2002-01-23,25.238,0.291,63.43,0.503
2002-01-24,24.029,0.015,52.71,1.475
2002-01-25,22.246,0.001,42.4,1.562
2002-01-26,22.596,0.001,38.78,0.592
2002-01-27,22.608,0.037,43.47,1.308
2002-01-28,21.368,0.002,42.4,2.182
2002-01-29,22.284,0.019,44.82,1.836
2002-01-30,21.839,0.02,54.53,1.84
2002-01-31,23.016,0.002,50.24,1.306
2002-02-01,23.61,0.001,42.0,1.362
2002-02-02,23.661,0.0,43.28,0.845
2002-02-03,23.031,0.001,39.44,1.296
2002-02-04,23.789,0.003,44.21,1.877
2002-02-05,24.898,0.0,49.95,2.538
2002-02-06,25.748,0.025,52.63,2.282
2002-02-07,25.427,0.29,52.11,2.003
2002-02-08,23.365,1.304,66.11,2.266
2002-02-09,23.648,0.024,59.01,1.608
2002-02-10,24.738,0.0,54.62,2.334
2002-02-11,24.701,0.038,56.1,1.533
2002-02-12,24.809,0.119,57.72,1.104
2002-02-13,25.511,0.0,49.24,0.913
2002-02-14,26.097,0.001,45.8,0.781
2002-02-15,26.466,0.0,45.08,0.412
2002-02-16,26.676,0.003,41.12,0.894
2002-02-17,26.894,0.0,39.18,1.681
2002-02-18,26.638,0.01,48.49,0.954
2002-02-19,26.658,0.088,46.86,0.606
2002-02-20,26.987,0.009,43.68,1.317
2002-02-21,27.862,0.002,39.32,1.682
2002-02-22,27.905,0.002,37.93,1.654
2002-02-23,27.888,0.006,38.98,1.308
2002-02-24,28.219,0.002,35.53,1.652
2002-02-25,28.091,0.001,30.8,1.071
2002-02-26,27.112,0.002,35.58,0.713
2002-02-27,27.611,0.002,37.65,0.805
2002-02-28,28.241,0.0,36.72,1.438
2002-03-01,28.649,0.0,35.96,1.892
2002-03-02,28.539,0.001,37.55,1.709
2002-03-03,28.356,0.002,31.63,1.591
2002-03-04,27.25,0.002,34.42,1.706
2002-03-05,27.725,0.001,32.21,0.855
2002-03-06,28.65,0.005,41.33,1.254
2002-03-07,29.079,0.017,42.84,2.341
2002-03-08,28.567,0.068,48.59,2.696
2002-03-09,28.691,0.008,50.44,2.012
2002-03-10,29.214,0.0,44.06,0.741
2002-03-11,29.829,0.001,27.91,1.662
2002-03-12,29.448,0.001,26.98,1.9
2002-03-13,29.402,0.002,30.5,1.279
2002-03-14,28.838,0.006,35.1,0.632
2002-03-15,27.769,0.022,40.52,1.752
2002-03-16,28.656,0.011,40.82,0.509
2002-03-17,29.168,0.001,34.31,0.157
2002-03-18,29.153,0.0,30.88,0.473
2002-03-19,29.328,0.001,25.07,0.356
2002-03-20,29.128,0.0,25.45,0.893
2002-03-21,29.657,0.009,24.46,1.06
2002-03-22,30.0,0.017,24.45,0.702
2002-03-23,30.148,0.001,26.88,1.091
2002-03-24,30.731,0.001,26.29,1.319
2002-03-25,31.172,0.0,30.33,0.565
2002-03-26,30.614,0.712,42.74,1.657
2002-03-27,31.107,0.385,40.84,2.327
2002-03-28,31.3,0.115,38.91,1.649
2002-03-29,30.599,0.645,47.7,1.862
2002-03-30,30.736,0.439,48.35,1.585
2002-03-31,31.549,0.024,40.75,1.963
2002-04-01,31.989,0.247,41.48,2.509
2002-04-02,32.351,0.002,33.34,1.708
2002-04-03,32.352,0.0,27.4,0.616
2002-04-04,32.01,0.492,40.42,1.658
2002-04-05,31.561,1.37,47.11,1.85
2002-04-06,31.649,1.296,43.58,1.324
2002-04-07,31.242,1.128,43.23,1.028
2002-04-08,29.906,1.113,47.57,0.865
2002-04-09,30.974,0.552,40.62,1.008
2002-04-10,32.307,0.01,31.06,0.879
2002-04-11,32.423,0.0,28.93,0.854
2002-04-12,32.278,0.036,35.4,1.691
2002-04-13,32.651,0.033,34.43,1.92
2002-04-14,33.081,0.003,33.53,2.276
2002-04-15,33.804,0.0,30.53,2.05
2002-04-16,34.376,0.0,29.27,1.491
2002-04-17,34.846,0.003,28.96,1.198
2002-04-18,35.266,0.016,27.64,1.398
2002-04-19,35.324,0.049,28.56,2.158
2002-04-20,34.547,0.862,32.67,1.209
2002-04-21,34.686,0.297,29.2,1.167
2002-04-22,34.269,0.097,27.39,1.479
2002-04-23,34.215,0.0,23.62,0.66
2002-04-24,33.939,0.002,30.33,1.708
2002-04-25,34.22,0.0,32.34,2.221
2002-04-26,34.447,0.015,28.12,0.714
2002-04-27,34.569,0.002,28.26,1.332
2002-04-28,35.164,0.005,28.85,2.267
2002-04-29,35.146,0.001,24.55,1.6
2002-04-30,35.162,0.001,26.57,1.828
2002-05-01,35.041,0.008,30.56,2.354
2002-05-02,35.192,0.006,28.72,2.336
2002-05-03,34.736,0.002,30.8,2.56
2002-05-04,34.871,0.001,30.52,2.583
2002-05-05,35.437,0.011,31.19,2.499
2002-05-06,35.157,0.619,35.8,2.365
2002-05-07,35.455,0.069,33.84,1.717
2002-05-08,36.365,0.001,23.86,2.718
2002-05-09,37.151,0.001,20.9,3.772
2002-05-10,36.699,0.0,27.54,4.172
2002-05-11,36.109,0.003,31.06,4.061
2002-05-12,35.851,0.013,32.51,3.28
2002-05-13,36.28,0.018,31.62,2.853
2002-05-14,35.347,4.424,38.74,2.398
2002-05-15,33.653,0.389,45.85,1.843
2002-05-16,35.63,0.08,37.4,3.33
2002-05-17,34.995,1.127,40.35,3.663
2002-05-18,35.384,0.02,38.53,4.114
2002-05-19,34.86,0.0,34.33,4.058
2002-05-20,33.508,0.0,32.98,3.497
2002-05-21,33.839,0.001,30.55,3.088
2002-05-22,34.914,0.001,28.62,2.519
2002-05-23,35.746,0.011,27.43,1.902
2002-05-24,34.405,2.05,38.99,1.419
2002-05-25,34.176,0.419,40.98,1.734
2002-05-26,34.523,0.039,35.96,2.362
2002-05-27,33.927,0.001,34.33,2.466
2002-05-28,33.713,0.0,34.75,2.257
2002-05-29,34.507,0.311,34.45,2.169
2002-05-30,33.969,0.658,40.37,1.379
2002-05-31,33.42,0.405,41.25,0.936
2002-06-01,34.485,0.409,37.37,1.042
2002-06-02,33.775,0.45,41.22,1.392
2002-06-03,32.551,5.543,49.37,1.491
2002-06-04,30.799,4.159,59.98,1.234
2002-06-05,29.994,10.876,66.17,1.228
2002-06-06,30.291,3.305,63.45,1.225
2002-06-07,31.445,1.989,55.58,1.441
2002-06-08,33.187,0.254,46.03,1.616
2002-06-09,33.478,0.987,45.88,1.306
2002-06-10,32.949,0.66,49.01,1.624
2002-06-11,33.275,2.706,52.24,1.699
2002-06-12,31.856,1.843,59.87,2.072
2002-06-13,31.136,16.261,66.01,1.668
2002-06-14,30.393,1.451,68.63,1.743
2002-06-15,30.945,1.534,62.67,2.626
2002-06-16,31.249,0.209,55.45,3.013
2002-06-17,30.531,3.438,60.59,3.18
2002-06-18,29.866,5.305,64.93,3.117
2002-06-19,28.867,12.5,69.14,3.256
2002-06-20,27.982,10.138,74.28,3.031
2002-06-21,26.886,10.404,80.59,2.968
2002-06-22,28.286,6.193,70.64,2.982
2002-06-23,27.647,12.389,77.5,3.101
2002-06-24,24.926,42.717,89.19,4.608
2002-06-25,23.14,127.895,86.38,5.782
2002-06-26,24.619,23.949,83.63,3.881
2002-06-27,27.847,0.168,68.83,3.607
2002-06-28,28.508,0.033,65.22,3.353
2002-06-29,28.765,0.13,64.78,3.235
2002-06-30,28.309,1.367,71.27,3.153
2002-07-01,28.782,0.129,65.73,3.264
2002-07-02,28.714,0.215,64.89,3.493
2002-07-03,28.574,0.499,65.53,3.392
2002-07-04,28.562,0.29,64.62,3.32
2002-07-05,28.616,0.147,62.78,3.441
2002-07-06,28.821,0.12,61.95,3.599
2002-07-07,28.73,0.098,60.03,3.647
2002-07-08,28.999,0.175,59.41,3.575
2002-07-09,28.869,0.549,62.69,3.189
2002-07-10,28.981,0.494,63.09,3.155
2002-07-11,29.009,0.916,62.82,3.176
2002-07-12,28.949,0.991,64.09,3.077
2002-07-13,29.204,0.501,61.78,3.545
2002-07-14,29.449,0.247,59.61,3.815
2002-07-15,29.199,0.527,61.35,3.577
2002-07-16,28.115,1.146,66.78,3.503
2002-07-17,26.351,14.156,79.68,3.301
2002-07-18,24.291,70.108,91.46,4.049
2002-07-19,25.673,4.641,82.67,3.128
2002-07-20,26.658,1.393,75.86,2.938
2002-07-21,27.193,0.243,69.51,3.116
2002-07-22,27.016,3.269,73.07,3.444
2002-07-23,26.584,5.133,78.48,3.334
2002-07-24,27.129,1.474,71.4,3.666
2002-07-25,26.918,1.328,71.99,3.675
2002-07-26,26.929,0.794,72.8,3.199
2002-07-27,27.226,1.536,73.64,2.67
2002-07-28,27.577,1.089,73.26,2.44
2002-07-29,28.227,0.164,66.73,2.694
2002-07-30,27.925,0.756,70.28,2.228
2002-07-31,27.396,2.511,75.79,1.553
2002-08-01,26.505,6.259,82.72,1.226
2002-08-02,26.671,11.42,83.61,0.898
2002-08-03,25.948,10.162,85.83,1.285
2002-08-04,25.844,11.534,86.27,1.561
2002-08-05,24.699,13.021,90.83,2.37
2002-08-06,25.146,6.684,84.69,2.865
2002-08-07,24.946,14.999,85.3,3.567
2002-08-08,25.306,6.309,82.93,3.837
2002-08-09,24.223,7.746,88.24,3.322
2002-08-10,25.106,2.778,82.44,3.376
2002-08-11,25.239,22.869,83.83,3.405
2002-08-12,24.706,15.701,86.04,3.262
2002-08-13,25.906,5.477,78.77,3.62
2002-08-14,26.625,3.527,76.01,3.608
2002-08-15,26.772,1.235,73.12,4.137
2002-08-16,25.408,3.356,80.58,3.206
2002-08-17,24.817,4.028,78.4,3.619
2002-08-18,25.336,2.429,79.86,3.73
2002-08-19,25.392,3.705,81.63,3.258
2002-08-20,26.133,8.617,77.63,2.967
2002-08-21,25.306,10.397,82.6,2.756
2002-08-22,24.376,47.915,89.55,3.413
2002-08-23,23.452,42.83,93.76,3.703
2002-08-24,23.096,48.938,91.54,3.755
2002-08-25,25.713,0.741,78.29,2.829
2002-08-26,26.529,0.129,74.92,1.939
2002-08-27,26.903,0.783,77.32,1.979
2002-08-28,27.029,1.689,73.34,2.708
2002-08-29,25.132,14.844,84.11,2.825
2002-08-30,24.497,18.023,87.1,3.308
2002-08-31,24.047,27.012,88.05,3.255
2002-09-01,23.253,23.507,94.64,2.44
2002-09-02,23.855,15.441,92.17,2.557
2002-09-03,24.677,4.667,87.34,2.534
2002-09-04,25.569,1.685,81.65,2.736
2002-09-05,24.364,31.714,87.85,3.374
2002-09-06,24.65,14.624,86.23,3.405
2002-09-07,25.467,4.168,77.14,3.499
2002-09-08,25.504,0.042,68.88,3.597
2002-09-09,25.805,0.202,71.22,3.501
2002-09-10,26.121,0.409,71.96,3.259
2002-09-11,26.122,0.447,73.61,3.15
2002-09-12,26.504,0.392,75.69,2.343
2002-09-13,26.637,0.03,72.98,2.032
2002-09-14,26.954,0.11,72.42,2.083
2002-09-15,27.028,0.014,69.2,1.976
2002-09-16,26.981,0.012,68.68,1.861
2002-09-17,26.508,1.022,74.29,1.795
2002-09-18,26.628,0.497,73.3,1.736
2002-09-19,26.976,0.547,73.49,1.773
2002-09-20,27.459,0.579,71.87,1.679
2002-09-21,27.765,0.145,66.11,1.953
2002-09-22,27.872,0.121,65.97,1.982
2002-09-23,28.485,0.093,65.67,2.539
2002-09-24,28.413,0.349,68.25,2.616
2002-09-25,28.374,0.401,67.88,2.518
2002-09-26,28.377,0.114,62.87,2.333
2002-09-27,28.014,0.014,57.94,1.7
2002-09-28,28.005,0.134,60.5,1.234
2002-09-29,28.271,0.002,53.38,1.271
2002-09-30,28.258,0.0,49.33,0.618
2002-10-01,28.088,0.01,59.37,0.945
2002-10-02,28.479,0.002,61.56,0.607
2002-10-03,29.001,0.001,55.98,0.732
2002-10-04,28.963,0.001,55.49,0.493
2002-10-05,29.19,0.002,54.9,0.395
2002-10-06,28.611,0.001,54.56,0.874
2002-10-07,28.197,0.003,56.07,0.742
2002-10-08,27.894,1.425,65.22,1.053
2002-10-09,28.0,0.472,69.59,0.977
2002-10-10,28.079,1.565,70.04,0.857
2002-10-11,27.578,1.253,72.96,0.578
2002-10-12,26.508,5.361,78.49,0.461
2002-10-13,26.206,7.743,81.17,1.115
2002-10-14,26.359,0.638,75.34,1.589
2002-10-15,25.306,10.245,85.96,1.328
2002-10-16,25.188,8.17,88.04,1.789
2002-10-17,25.145,8.509,87.67,1.135
2002-10-18,25.173,0.454,70.91,1.975
2002-10-19,25.973,0.001,64.68,1.158
2002-10-20,27.007,0.0,60.59,0.713
2002-10-21,26.498,0.0,60.64,0.94
2002-10-22,26.216,0.001,59.19,1.095
2002-10-23,26.45,0.0,55.63,1.246
2002-10-24,26.57,0.001,55.79,1.997
2002-10-25,26.292,0.001,56.02,2.278
2002-10-26,25.626,0.001,54.86,1.952
2002-10-27,24.444,0.013,51.0,1.58
2002-10-28,24.282,0.0,41.52,1.149
2002-10-29,24.451,0.0,41.58,0.749
2002-10-30,24.364,0.001,45.78,0.564
2002-10-31,24.678,0.0,47.98,0.547
2002-11-01,24.925,0.0,51.62,0.923
2002-11-02,24.263,0.001,55.27,0.806
2002-11-03,24.939,0.001,51.08,1.198
2002-11-04,24.809,0.001,46.52,1.281
2002-11-05,24.783,0.001,45.51,0.961
2002-11-06,24.569,0.0,45.47,0.967
2002-11-07,24.165,0.001,48.75,1.263
2002-11-08,24.509,0.0,50.65,1.629
2002-11-09,24.319,0.333,65.33,1.085
2002-11-10,25.882,0.046,59.04,2.174
2002-11-11,25.856,0.02,59.27,1.841
2002-11-12,25.345,0.103,58.45,1.717
2002-11-13,24.823,0.024,57.29,1.856
2002-11-14,24.722,0.002,50.29,1.698
2002-11-15,24.333,0.002,47.83,1.061
2002-11-16,24.26,0.0,45.07,1.524
2002-11-17,23.453,0.003,46.35,1.826
2002-11-18,22.508,0.0,46.83,1.312
2002-11-19,22.617,0.0,44.12,0.963
2002-11-20,22.862,0.0,41.9,0.731
2002-11-21,22.925,0.002,44.8,0.598
2002-11-22,22.897,0.0,46.05,0.757
2002-11-23,23.325,0.0,46.23,1.122
2002-11-24,23.395,0.001,47.61,1.647
2002-11-25,23.353,0.002,44.82,1.696
2002-11-26,23.605,0.0,42.48,1.717
2002-11-27,23.759,0.003,42.3,1.357
2002-11-28,23.651,0.001,40.22,1.345
2002-11-29,23.135,0.002,45.09,0.872
2002-11-30,23.628,0.001,48.11,0.529
2002-12-01,24.08,0.003,51.57,0.585
2002-12-02,23.502,0.0,51.79,0.905
2002-12-03,23.419,0.0,51.0,0.805
2002-12-04,23.471,0.0,51.48,0.704
2002-12-05,23.462,0.003,51.22,0.745
2002-12-06,23.281,0.0,52.96,0.713
2002-12-07,23.373,0.001,55.62,0.581
2002-12-08,23.477,0.001,50.16,0.685
2002-12-09,23.805,0.001,49.77,1.004
2002-12-10,23.696,0.001,49.95,0.274
2002-12-11,23.983,0.0,51.72,0.388
2002-12-12,23.71,0.002,53.65,0.591
2002-12-13,23.736,0.0,54.52,0.912
2002-12-14,23.633,0.001,50.41,1.66
2002-12-15,23.142,0.0,47.78,1.057
2002-12-16,23.087,0.003,49.14,0.759
2002-12-17,23.304,0.001,46.77,0.65
2002-12-18,23.468,0.001,45.39,0.736
2002-12-19,23.611,0.0,48.03,0.625
2002-12-20,23.76,0.0,48.16,0.569
2002-12-21,23.398,0.002,46.49,0.484
2002-12-22,23.725,0.002,46.21,0.759
2002-12-23,23.33,0.003,52.31,1.538
2002-12-24,23.292,0.014,55.84,1.704
2002-12-25,23.062,0.023,55.36,0.337
2002-12-26,22.468,0.001,50.24,1.111
2002-12-27,22.075,0.001,48.21,1.377
2002-12-28,21.697,0.003,48.83,1.244
2002-12-29,22.427,0.003,48.21,1.319
2002-12-30,23.818,0.02,52.73,2.472
2002-12-31,23.06,0.213,53.03,1.26
2003-01-01,20.727,0.001,46.93,2.156
2003-01-02,21.858,0.066,51.14,1.537
2003-01-03,21.63,0.923,74.65,0.968
2003-01-04,22.757,0.535,73.08,0.644
2003-01-05,22.782,0.021,59.15,1.204
2003-01-06,22.348,0.0,50.96,1.312
2003-01-07,22.307,0.001,47.6,1.252
2003-01-08,22.74,0.002,48.16,1.264
2003-01-09,22.486,0.002,57.98,1.421
2003-01-10,22.844,0.001,57.74,1.157
2003-01-11,23.221,0.001,51.8,0.921
2003-01-12,23.483,0.003,54.83,1.055
2003-01-13,23.336,0.008,57.02,0.728
2003-01-14,22.628,0.001,51.56,1.806
2003-01-15,21.109,0.001,39.25,1.698
2003-01-16,20.077,0.0,31.99,1.749
2003-01-17,19.24,0.001,31.7,1.439
2003-01-18,19.983,0.001,35.53,0.965
2003-01-19,21.399,0.001,37.77,0.783
2003-01-20,22.589,0.0,41.28,0.842
2003-01-21,23.47,0.001,51.03,0.88
2003-01-22,24.354,0.002,48.47,0.564
2003-01-23,25.473,0.001,46.24,0.954
2003-01-24,25.854,0.001,47.33,0.096
2003-01-25,26.037,0.0,47.29,0.591
2003-01-26,25.559,0.001,49.44,0.782
2003-01-27,24.997,0.001,41.92,0.991
2003-01-28,25.532,0.003,46.71,2.014
2003-01-29,25.638,0.002,47.75,0.528
2003-01-30,24.97,0.001,49.15,0.424
2003-01-31,25.799,0.002,48.05,1.612
2003-02-01,26.354,0.001,46.28,2.476
2003-02-02,25.813,0.027,49.84,1.986
2003-02-03,24.974,0.001,45.82,2.21
2003-02-04,24.56,0.046,54.65,0.997
2003-02-05,24.208,0.156,59.65,0.918
2003-02-06,24.626,0.004,53.11,0.891
2003-02-07,25.391,0.035,45.49,1.511
2003-02-08,25.301,1.096,52.22,1.445
2003-02-09,24.434,0.224,55.6,2.071
2003-02-10,25.322,0.007,51.69,1.775
2003-02-11,25.811,0.004,52.08,1.627
2003-02-12,26.365,0.001,47.54,1.143
2003-02-13,27.219,0.001,45.27,0.717
2003-02-14,27.012,0.001,44.34,1.466
2003-02-15,26.272,0.513,58.8,1.341
2003-02-16,26.354,1.464,61.42,1.669
2003-02-17,26.226,1.765,60.46,2.336
2003-02-18,26.222,1.061,58.04,2.738
2003-02-19,26.577,0.012,47.78,1.036
2003-02-20,26.138,0.002,45.33,1.93
2003-02-21,25.339,0.001,40.92,1.658
2003-02-22,25.678,0.001,37.46,1.073
2003-02-23,26.386,0.003,45.96,1.24
2003-02-24,26.831,0.025,50.9,1.319
2003-02-25,27.427,0.095,48.1,1.266
2003-02-26,27.394,0.113,48.11,0.948
2003-02-27,28.017,0.03,47.42,1.842
2003-02-28,29.001,0.009,41.95,1.413
2003-03-01,29.139,0.004,40.38,1.466
2003-03-02,29.498,0.0,38.54,1.639
2003-03-03,29.657,0.002,38.04,1.216
2003-03-04,28.512,0.0,24.54,2.73
2003-03-05,24.718,0.002,17.89,2.284
2003-03-06,24.724,0.0,20.72,1.938
2003-03-07,25.285,0.001,21.77,1.466
2003-03-08,26.156,0.001,25.17,1.06
2003-03-09,27.995,0.004,36.38,1.737
2003-03-10,28.652,0.005,41.76,2.734
2003-03-11,29.06,0.0,36.38,2.346
2003-03-12,28.183,0.528,45.08,1.946
2003-03-13,27.619,0.994,57.77,1.892
2003-03-14,28.222,0.393,60.54,1.139
2003-03-15,28.707,0.241,55.64,1.448
2003-03-16,26.632,9.21,70.13,2.011
2003-03-17,26.035,4.755,70.69,1.702
2003-03-18,26.808,0.821,68.32,1.859
2003-03-19,26.712,2.309,67.86,0.955
2003-03-20,27.408,0.336,60.89,0.753
2003-03-21,28.388,0.002,50.23,0.926
2003-03-22,29.031,0.0,48.79,1.39
2003-03-23,29.21,0.065,45.99,1.12
2003-03-24,29.831,0.003,38.17,1.147
2003-03-25,30.51,0.097,35.1,1.629
2003-03-26,30.266,0.68,36.22,2.074
2003-03-27,30.453,0.001,33.73,1.766
2003-03-28,30.353,0.001,35.31,1.994
2003-03-29,30.492,0.002,34.54,1.302
2003-03-30,30.703,0.001,29.26,1.269
2003-03-31,30.78,0.001,28.97,1.484
2003-04-01,31.397,0.003,27.19,0.733
2003-04-02,32.37,0.0,28.72,0.9
2003-04-03,32.525,0.01,31.72,1.223
2003-04-04,31.834,0.007,30.04,1.326
2003-04-05,31.724,0.008,31.51,0.4
2003-04-06,29.521,3.593,53.58,0.974
2003-04-07,29.294,2.224,56.92,0.452
2003-04-08,30.247,0.433,49.25,0.247
2003-04-09,30.846,0.742,48.05,1.141
2003-04-10,30.514,0.85,52.77,1.434
2003-04-11,30.58,0.76,49.62,0.773
2003-04-12,32.05,0.09,42.61,1.206
2003-04-13,32.71,0.123,38.91,1.014
2003-04-14,33.175,0.348,36.77,1.226
2003-04-15,33.262,0.007,33.5,0.839
2003-04-16,34.08,0.15,32.17,1.235
2003-04-17,34.024,0.008,32.73,1.566
2003-04-18,33.895,0.193,33.39,1.581
2003-04-19,34.063,0.245,30.6,0.977
2003-04-20,33.479,0.157,31.77,0.761
2003-04-21,33.747,1.255,36.43,1.614
2003-04-22,33.944,1.261,34.37,1.619
2003-04-23,35.013,0.007,25.73,1.151
2003-04-24,35.004,0.001,22.84,0.922
2003-04-25,34.664,0.027,23.62,1.148
2003-04-26,34.102,0.592,29.29,2.208
2003-04-27,33.826,0.086,26.94,1.458
2003-04-28,33.427,0.28,26.88,1.657
2003-04-29,33.277,0.325,28.22,2.3
2003-04-30,33.385,0.035,31.17,2.661
2003-05-01,33.916,0.001,30.95,2.493
2003-05-02,34.702,0.001,31.85,2.577
2003-05-03,34.961,0.0,27.39,1.202
2003-05-04,34.405,0.001,23.25,1.411
2003-05-05,33.983,0.0,20.53,1.577
2003-05-06,33.956,0.0,19.67,1.763
2003-05-07,33.991,0.001,21.5,1.795
2003-05-08,34.571,0.0,20.88,0.957
2003-05-09,35.0,0.001,20.05,0.173
2003-05-10,34.768,0.001,20.51,0.625
2003-05-11,34.142,0.001,20.32,0.232
2003-05-12,33.888,0.001,26.11,1.276
2003-05-13,34.853,0.002,25.28,0.668
2003-05-14,34.365,0.0,30.7,0.429
2003-05-15,35.982,0.001,23.52,1.377
2003-05-16,36.2,0.001,19.3,1.936
2003-05-17,36.582,0.001,20.04,2.266
2003-05-18,36.248,0.001,21.29,3.463
2003-05-19,35.414,0.0,26.87,3.512
2003-05-20,35.705,0.001,25.19,3.261
2003-05-21,36.126,0.009,26.4,2.896
2003-05-22,36.128,0.0,23.62,3.472
2003-05-23,35.419,0.002,23.09,3.084
2003-05-24,36.086,0.001,25.64,2.987
2003-05-25,36.437,0.005,23.71,2.706
2003-05-26,36.699,-0.0,19.14,3.399
2003-05-27,36.133,0.002,22.19,3.593
2003-05-28,35.975,0.003,20.91,3.115
2003-05-29,36.425,0.002,21.88,2.731
2003-05-30,37.397,0.01,22.93,2.907
2003-05-31,37.915,0.002,19.92,3.449
2003-06-01,38.338,0.001,15.92,3.06
2003-06-02,37.811,0.0,18.16,2.903
2003-06-03,37.835,0.004,23.29,3.022
2003-06-04,38.282,0.407,24.47,3.292
2003-06-05,37.397,0.001,22.71,3.474
2003-06-06,36.451,0.0,25.51,3.814
2003-06-07,35.928,0.0,27.82,3.4
2003-06-08,36.168,0.003,26.28,2.94
2003-06-09,36.953,0.001,27.19,2.697
2003-06-10,35.464,1.048,36.69,3.104
2003-06-11,33.625,1.836,48.65,2.364
2003-06-12,32.587,2.922,53.65,2.068
2003-06-13,30.778,8.518,61.6,1.743
2003-06-14,27.183,17.984,81.46,1.988
2003-06-15,28.391,2.664,71.7,2.489
2003-06-16,29.527,1.248,63.97,2.496
2003-06-17,30.22,0.332,59.78,2.695
2003-06-18,30.43,1.48,58.88,3.028
2003-06-19,29.781,1.287,60.36,3.851
2003-06-20,29.424,2.717,64.22,3.721
2003-06-21,29.724,1.409,61.63,3.654
2003-06-22,27.869,14.108,74.95,2.752
2003-06-23,26.679,12.475,80.68,3.029
2003-06-24,25.467,33.326,90.52,2.368
2003-06-25,26.768,10.92,80.94,2.695
2003-06-26,27.355,2.84,78.2,2.548
2003-06-27,28.217,2.482,72.99,2.233
2003-06-28,27.191,3.783,78.85,2.781
2003-06-29,27.161,6.972,77.91,3.076
2003-06-30,26.492,10.043,80.88,2.932
2003-07-01,25.604,16.565,87.68,1.777
2003-07-02,27.023,9.116,81.67,1.261
2003-07-03,27.78,1.233,71.88,2.256
2003-07-04,27.069,3.789,76.48,2.084
2003-07-05,26.551,15.878,81.98,1.12
2003-07-06,25.664,21.319,86.26,2.023
2003-07-07,26.837,6.406,77.66,3.332
2003-07-08,27.708,3.189,72.26,3.061
2003-07-09,26.744,15.122,80.1,2.544
2003-07-10,25.782,12.42,85.94,2.706
2003-07-11,26.905,6.946,79.53,2.041
2003-07-12,27.145,5.836,79.98,1.83
2003-07-13,27.939,0.796,75.38,1.789
2003-07-14,27.397,14.848,79.59,1.668
2003-07-15,25.916,19.959,88.15,1.661
2003-07-16,24.866,13.768,91.02,2.233
2003-07-17,25.698,15.575,85.72,1.859
2003-07-18,25.35,33.239,89.5,2.452
2003-07-19,24.769,36.398,92.36,3.19
2003-07-20,25.269,14.884,88.89,2.711
2003-07-21,26.688,6.127,82.7,2.58
2003-07-22,26.389,8.384,84.04,2.738
2003-07-23,26.245,8.322,84.16,2.994
2003-07-24,25.071,28.584,89.04,3.227
2003-07-25,24.633,26.239,88.4,3.575
2003-07-26,24.995,15.269,87.15,4.138
2003-07-27,24.876,18.953,85.28,4.328
2003-07-28,27.208,0.405,73.22,2.728
2003-07-29,27.822,1.108,72.38,2.493
2003-07-30,27.642,0.986,74.64,2.503
2003-07-31,27.154,0.373,74.98,2.364
2003-08-01,25.801,12.665,84.71,1.947
2003-08-02,25.29,6.327,87.08,2.388
2003-08-03,25.931,4.586,81.92,2.745
2003-08-04,25.721,12.475,82.88,3.198
2003-08-05,25.304,15.026,86.64,2.892
2003-08-06,25.441,17.076,87.09,2.192
2003-08-07,24.441,37.101,94.17,1.88
2003-08-08,25.438,9.369,88.94,1.306
2003-08-09,25.604,12.781,87.84,1.894
2003-08-10,26.501,6.48,83.72,2.134
2003-08-11,26.551,3.89,82.07,1.968
2003-08-12,27.207,1.15,77.26,2.322
2003-08-13,26.549,1.059,77.8,2.594
2003-08-14,26.534,1.38,78.83,2.981
2003-08-15,26.289,3.904,80.9,2.223
2003-08-16,27.095,0.839,75.68,2.55
2003-08-17,27.46,1.511,73.9,2.776
2003-08-18,26.807,3.968,76.33,2.69
2003-08-19,25.523,6.779,83.3,2.756
2003-08-20,25.87,4.934,82.08,2.633
2003-08-21,25.672,21.866,87.26,2.327
2003-08-22,25.129,35.625,92.08,2.645
2003-08-23,23.628,31.467,94.87,3.256
2003-08-24,25.648,0.903,79.74,2.433
2003-08-25,26.457,1.364,75.93,2.613
2003-08-26,25.958,9.934,80.01,2.515
2003-08-27,24.972,23.251,86.17,2.649
2003-08-28,24.227,13.373,89.19,2.965
2003-08-29,24.664,7.47,87.44,2.975
2003-08-30,26.463,1.171,78.48,2.714
2003-08-31,26.392,3.929,80.33,2.478
2003-09-01,25.765,5.867,79.18,2.846
2003-09-02,24.318,9.053,86.55,2.282
2003-09-03,25.215,8.883,86.26,2.699
2003-09-04,26.308,0.803,78.63,3.054
2003-09-05,26.778,0.941,74.36,3.117
2003-09-06,26.381,2.166,78.69,2.861
2003-09-07,26.683,0.536,73.32,3.319
2003-09-08,26.278,0.36,73.06,3.321
2003-09-09,25.871,0.477,73.15,3.247
2003-09-10,26.184,0.46,73.95,3.019
2003-09-11,26.479,0.635,74.2,3.199
2003-09-12,26.582,0.305,72.04,2.931
2003-09-13,26.811,0.474,70.65,2.878
2003-09-14,26.256,0.08,70.7,2.808
2003-09-15,26.463,0.019,69.83,2.649
2003-09-16,26.542,0.873,75.93,1.836
2003-09-17,26.922,0.662,73.54,1.813
2003-09-18,26.8,0.976,75.45,1.947
2003-09-19,25.843,8.459,83.61,2.07
2003-09-20,25.7,3.682,84.67,1.817
2003-09-21,26.116,3.291,84.28,1.323
2003-09-22,26.185,6.445,84.06,1.086
2003-09-23,25.695,7.19,86.19,1.084
2003-09-24,24.908,8.312,89.43,1.093
2003-09-25,25.3,10.493,89.3,0.36
2003-09-26,24.742,13.108,90.65,0.415
2003-09-27,25.091,10.872,88.13,1.416
2003-09-28,26.089,1.979,82.04,1.817
2003-09-29,26.136,2.24,83.61,1.616
2003-09-30,26.919,3.137,80.29,0.939
2003-10-01,26.356,4.538,83.91,0.415
2003-10-02,26.597,1.401,80.95,1.315
2003-10-03,26.538,1.285,77.73,1.762
2003-10-04,26.593,0.553,72.71,2.15
2003-10-05,26.133,2.863,80.53,2.477
2003-10-06,24.954,14.063,85.53,3.277
2003-10-07,24.256,12.018,88.01,2.624
2003-10-08,25.172,2.86,84.69,2.047
2003-10-09,26.179,0.649,79.85,1.961
2003-10-10,25.815,0.196,76.0,1.555
2003-10-11,26.653,0.001,66.67,1.098
2003-10-12,26.776,0.0,65.0,0.658
2003-10-13,26.589,0.0,63.96,1.004
2003-10-14,25.753,0.0,61.91,1.615
2003-10-15,24.241,0.001,56.57,1.696
2003-10-16,24.39,0.003,61.22,1.508
2003-10-17,25.385,0.946,75.11,1.333
2003-10-18,26.605,0.216,75.1,1.936
2003-10-19,26.111,0.919,79.6,1.854
2003-10-20,26.452,1.719,80.46,1.468
2003-10-21,25.824,4.16,83.21,1.364
2003-10-22,24.882,18.537,86.88,1.312
2003-10-23,23.055,9.251,93.38,1.451
2003-10-24,23.26,0.748,76.15,2.197
2003-10-25,23.17,0.002,64.35,1.645
2003-10-26,23.517,0.003,63.77,1.472
2003-10-27,23.459,0.002,70.89,1.52
2003-10-28,25.006,1.026,74.65,2.1
2003-10-29,23.791,2.374,85.78,1.793
2003-10-30,24.977,0.052,76.47,1.23
2003-10-31,25.816,0.28,76.79,0.819
2003-11-01,25.282,0.96,81.62,0.703
2003-11-02,25.674,0.728,81.09,0.876
2003-11-03,25.46,0.308,74.66,1.49
2003-11-04,24.252,0.002,60.62,1.487
2003-11-05,23.355,0.002,54.71,1.037
2003-11-06,23.262,0.0,57.77,0.435
2003-11-07,23.432,0.002,60.25,0.469
2003-11-08,24.081,0.0,60.82,0.432
2003-11-09,24.53,0.003,61.5,0.896
2003-11-10,24.463,0.001,58.91,1.354
2003-11-11,23.261,0.001,56.02,1.393
2003-11-12,22.594,0.0,56.89,1.44
2003-11-13,22.364,0.001,54.51,1.252
2003-11-14,22.909,0.0,57.55,0.99
2003-11-15,22.996,0.001,53.99,1.047
2003-11-16,23.366,0.001,52.3,0.639
2003-11-17,23.906,0.002,55.12,0.861
2003-11-18,23.622,0.002,59.94,0.879
2003-11-19,23.91,0.001,58.16,0.672
2003-11-20,23.784,0.0,59.22,0.437
2003-11-21,23.718,0.0,58.52,0.198
2003-11-22,24.16,0.0,59.73,0.456
2003-11-23,23.947,0.0,58.71,1.162
2003-11-24,23.412,0.0,56.96,1.317
2003-11-25,23.186,0.001,55.54,1.249
2003-11-26,23.203,0.0,57.63,0.357
2003-11-27,23.807,0.002,61.48,0.454
2003-11-28,23.983,-0.0,64.57,0.979
2003-11-29,24.486,0.001,62.01,0.622
2003-11-30,24.297,0.002,62.99,0.512
2003-12-01,24.358,0.001,61.01,0.853
2003-12-02,23.764,0.001,51.75,1.003
2003-12-03,22.92,0.001,49.32,1.169
2003-12-04,22.047,0.003,46.86,0.941
2003-12-05,21.913,0.0,43.8,1.082
2003-12-06,22.163,0.001,42.94,1.242
2003-12-07,22.109,0.001,46.51,1.398
2003-12-08,21.661,0.001,45.97,0.666
2003-12-09,22.437,0.001,46.8,0.424
2003-12-10,22.691,0.001,50.83,0.622
2003-12-11,22.669,0.0,58.72,0.917
2003-12-12,22.784,0.002,64.06,0.682
2003-12-13,22.206,0.001,51.8,1.558
2003-12-14,21.705,0.0,48.42,2.157
2003-12-15,21.758,0.28,54.87,2.52
2003-12-16,21.682,0.105,66.59,2.549
2003-12-17,20.893,0.0,59.92,1.645
2003-12-18,20.948,0.001,53.75,1.282
2003-12-19,21.02,0.0,51.67,1.324
2003-12-20,20.84,0.001,48.86,1.524
2003-12-21,20.353,0.001,47.51,1.463
2003-12-22,20.195,0.001,47.92,1.026
2003-12-23,20.316,0.0,47.95,0.692
2003-12-24,21.128,0.001,47.52,1.28
2003-12-25,22.273,0.0,49.44,1.292
2003-12-26,22.19,0.143,65.27,2.013
2003-12-27,21.123,4.154,81.4,1.633
2003-12-28,20.784,2.326,76.78,1.635
2003-12-29,18.561,0.001,55.33,1.951
2003-12-30,18.211,0.0,52.49,1.249
2003-12-31,19.308,0.001,50.36,0.692
2004-01-01,20.274,0.0,48.7,0.631
2004-01-02,20.607,0.0,53.13,1.091
2004-01-03,21.162,0.0,61.5,1.301
2004-01-04,21.253,0.0,62.24,1.728
2004-01-05,20.997,0.001,60.39,2.188
2004-01-06,20.712,0.064,62.86,1.107
2004-01-07,20.731,0.047,59.98,1.153
2004-01-08,20.408,0.002,50.45,1.907
2004-01-09,19.728,0.002,45.84,1.304
2004-01-10,19.749,0.001,41.42,1.141
2004-01-11,20.384,0.002,43.74,0.744
2004-01-12,21.345,0.001,40.82,0.434
2004-01-13,21.617,0.0,42.72,0.495
2004-01-14,22.036,0.002,46.16,1.211
2004-01-15,22.709,0.002,50.67,1.312
2004-01-16,22.901,0.001,52.05,1.164
2004-01-17,23.493,0.003,49.02,1.7
2004-01-18,23.965,0.0,49.94,1.792
2004-01-19,24.127,0.0,48.41,1.725
2004-01-20,23.866,0.001,50.13,2.703
2004-01-21,23.21,0.001,52.95,3.045
2004-01-22,23.775,0.151,57.88,2.728
2004-01-23,21.606,9.217,76.28,1.174
2004-01-24,20.894,1.244,79.52,1.255
2004-01-25,20.558,5.02,81.06,0.659
2004-01-26,20.251,6.735,86.21,0.848
2004-01-27,20.528,0.037,62.62,1.989
2004-01-28,21.526,1.204,68.25,1.2
2004-01-29,20.866,10.861,88.49,0.874
2004-01-30,21.892,4.416,83.47,1.874
2004-01-31,22.559,1.197,77.51,1.031
2004-02-01,21.448,1.015,82.3,1.211
2004-02-02,21.737,0.332,69.19,1.945
2004-02-03,20.507,0.006,59.21,0.954
2004-02-04,22.822,0.0,54.06,0.974
2004-02-05,23.858,0.659,61.41,1.123
2004-02-06,20.551,0.008,40.3,2.258
2004-02-07,18.949,0.001,38.02,1.818
2004-02-08,19.71,0.001,39.07,1.07
2004-02-09,20.773,0.002,40.38,1.107
2004-02-10,21.964,0.001,52.32,1.423
2004-02-11,22.991,0.001,57.89,1.525
2004-02-12,23.927,0.0,55.9,1.484
2004-02-13,23.532,0.001,54.43,1.081
2004-02-14,23.663,0.002,47.79,1.106
2004-02-15,24.108,0.0,46.03,1.191
2004-02-16,24.651,0.0,46.81,0.37
2004-02-17,24.29,0.001,39.99,0.626
2004-02-18,24.249,0.001,47.0,1.736
2004-02-19,25.61,0.001,50.17,1.34
2004-02-20,26.419,0.001,45.04,0.298
2004-02-21,26.03,0.001,41.44,0.84
2004-02-22,25.728,0.002,33.72,0.671
2004-02-23,26.217,0.002,33.79,0.654
2004-02-24,26.592,0.0,38.76,0.552
2004-02-25,26.571,0.0,40.81,0.085
2004-02-26,26.875,0.003,36.71,0.775
2004-02-27,26.917,0.0,40.31,1.563
2004-02-28,27.679,0.001,40.44,1.994
2004-02-29,28.148,0.001,39.75,1.238
2004-03-01,28.454,0.002,38.02,0.17
2004-03-02,28.6,0.002,35.33,0.738
2004-03-03,28.252,0.001,30.98,0.999
2004-03-04,28.577,0.001,30.21,0.695
2004-03-05,29.011,0.0,36.17,1.45
2004-03-06,30.074,0.001,36.26,1.105
2004-03-07,28.982,0.0,25.35,1.103
2004-03-08,27.657,0.001,32.46,1.654
2004-03-09,27.128,0.009,42.66,2.022
2004-03-10,27.108,0.001,42.71,1.687
2004-03-11,28.254,0.0,39.05,1.824
2004-03-12,28.561,0.002,41.0,1.042
2004-03-13,29.028,0.001,35.47,0.774
2004-03-14,29.439,0.001,31.32,0.469
2004-03-15,29.991,0.001,28.58,0.844
2004-03-16,30.063,0.0,26.92,0.522
2004-03-17,30.801,0.001,24.98,1.005
2004-03-18,30.9,0.002,22.51,0.838
2004-03-19,30.741,0.001,21.3,1.183
2004-03-20,30.677,0.001,22.29,0.343
2004-03-21,31.011,0.002,27.87,0.679
2004-03-22,31.776,-0.0,32.41,1.396
2004-03-23,32.064,0.0,32.29,1.041
2004-03-24,31.931,0.001,33.64,0.837
2004-03-25,32.252,0.037,34.13,1.044
2004-03-26,31.8,0.306,36.59,1.455
2004-03-27,31.228,0.08,42.02,2.035
2004-03-28,31.256,0.003,41.22,1.943
2004-03-29,31.379,0.432,43.93,1.585
2004-03-30,30.701,1.286,52.8,2.21
2004-03-31,30.404,1.732,53.14,1.969
2004-04-01,30.513,1.11,55.11,1.781
2004-04-02,31.449,0.686,46.9,1.24
2004-04-03,31.806,0.418,44.27,1.592
2004-04-04,31.247,2.001,48.89,1.568
2004-04-05,32.16,0.481,37.39,1.898
2004-04-06,31.875,0.959,36.21,1.645
2004-04-07,32.299,0.02,29.64,1.036
2004-04-08,31.822,0.002,26.49,0.941
2004-04-09,31.644,0.001,33.02,1.094
2004-04-10,32.434,0.002,36.7,2.138
2004-04-11,33.287,0.001,36.08,1.998
2004-04-12,34.077,0.0,32.27,1.352
2004-04-13,34.808,0.003,27.39,1.462
2004-04-14,34.782,0.002,22.58,1.472
2004-04-15,34.44,0.002,23.46,1.688
2004-04-16,34.182,0.0,21.96,1.782
2004-04-17,34.484,0.001,23.15,1.929
2004-04-18,33.931,0.0,20.92,2.187
2004-04-19,33.931,0.001,24.6,0.704
2004-04-20,34.184,0.092,34.52,1.79
2004-04-21,34.176,0.62,37.22,1.935
2004-04-22,33.057,1.39,42.34,2.396
2004-04-23,32.036,2.048,46.91,1.641
2004-04-24,30.326,2.712,52.55,2.183
2004-04-25,30.434,1.099,50.55,1.88
2004-04-26,31.372,1.122,46.55,2.245
2004-04-27,33.02,0.008,34.75,1.602
2004-04-28,33.426,0.057,33.86,1.471
2004-04-29,32.257,0.642,45.81,2.158
2004-04-30,32.518,0.42,44.16,2.212
2004-05-01,32.843,0.036,42.72,1.824
2004-05-02,33.008,0.05,44.32,1.592
2004-05-03,32.463,0.336,47.82,1.9
2004-05-04,31.219,0.595,52.14,2.3
2004-05-05,30.358,0.002,54.09,1.968
2004-05-06,30.088,0.069,60.55,2.595
2004-05-07,31.102,0.315,56.03,3.271
2004-05-08,31.867,0.196,50.89,2.894
2004-05-09,33.252,0.051,44.4,2.371
2004-05-10,33.872,0.935,44.45,1.327
2004-05-11,34.199,2.076,42.75,1.22
2004-05-12,33.211,3.576,50.15,2.004
2004-05-13,33.637,0.947,43.65,2.174
2004-05-14,33.624,0.612,44.02,2.028
2004-05-15,32.671,4.07,50.84,2.029
2004-05-16,30.144,16.971,65.67,1.678
2004-05-17,30.22,1.615,62.57,2.578
2004-05-18,32.563,0.14,49.79,4.223
2004-05-19,32.873,0.006,45.49,4.112
2004-05-20,32.762,0.0,38.88,3.839
2004-05-21,32.796,0.0,36.37,3.311
2004-05-22,33.2,0.0,31.2,3.065
2004-05-23,33.99,0.0,30.07,2.774
2004-05-24,34.189,0.001,30.59,2.164
2004-05-25,34.878,0.019,28.01,1.233
2004-05-26,34.774,0.065,31.0,0.476
2004-05-27,34.767,0.019,32.37,0.718
2004-05-28,34.463,0.128,35.57,0.849
2004-05-29,34.569,0.008,35.47,1.011
2004-05-30,34.508,0.155,38.11,1.848
2004-05-31,34.901,0.257,36.02,1.477
2004-06-01,35.59,0.377,34.09,1.65
2004-06-02,35.886,0.38,32.4,1.314
2004-06-03,36.424,0.119,30.96,2.392
2004-06-04,34.631,0.405,38.49,2.057
2004-06-05,34.354,0.397,38.96,1.365
2004-06-06,32.81,1.928,48.34,1.648
2004-06-07,30.941,7.251,59.03,0.812
2004-06-08,29.874,3.952,66.39,1.716
2004-06-09,30.315,2.43,60.15,1.865
2004-06-10,30.235,3.054,61.39,1.861
2004-06-11,29.185,11.611,66.37,1.865
2004-06-12,27.34,15.664,78.61,2.492
2004-06-13,26.441,15.467,80.8,4.045
2004-06-14,27.144,7.557,76.45,4.373
2004-06-15,28.098,2.591,67.6,4.62
2004-06-16,28.256,3.304,66.8,4.548
2004-06-17,27.803,3.815,66.63,4.461
2004-06-18,27.001,4.41,66.78,4.467
2004-06-19,28.54,0.296,60.57,4.586
2004-06-20,29.002,0.102,58.42,4.155
2004-06-21,29.759,0.017,55.04,3.884
2004-06-22,30.335,0.004,52.39,3.709
2004-06-23,30.682,0.001,49.82,3.591
2004-06-24,30.906,0.025,47.63,3.671
2004-06-25,30.85,0.423,50.25,3.038
2004-06-26,30.287,2.006,56.27,2.498
2004-06-27,30.646,1.632,55.03,2.351
2004-06-28,29.939,4.471,61.04,2.226
2004-06-29,29.692,2.411,61.73,2.115
2004-06-30,29.314,2.058,60.47,2.359
2004-07-01,28.683,16.986,68.11,2.887
2004-07-02,27.917,3.951,73.95,2.465
2004-07-03,27.076,24.807,82.46,1.833
2004-07-04,26.251,15.913,86.92,1.444
2004-07-05,27.871,2.829,76.52,1.991
2004-07-06,28.955,2.952,67.68,2.43
2004-07-07,28.728,1.597,70.72,1.416
2004-07-08,28.724,1.662,71.07,1.058
2004-07-09,28.869,2.449,69.33,1.148
2004-07-10,28.464,2.971,71.65,1.297
2004-07-11,28.079,3.687,72.22,1.602
2004-07-12,27.343,6.96,76.24,1.897
2004-07-13,27.249,9.052,75.72,2.504
2004-07-14,27.242,5.0,74.17,2.257
2004-07-15,27.055,14.461,77.99,2.219
2004-07-16,24.792,30.082,92.8,1.55
2004-07-17,26.906,4.537,81.37,1.8
2004-07-18,28.24,3.343,74.13,1.885
2004-07-19,29.078,0.818,69.58,1.719
2004-07-20,29.355,1.181,67.91,2.075
2004-07-21,28.098,4.687,75.05,2.397
2004-07-22,25.24,15.722,87.15,2.635
2004-07-23,27.046,9.039,77.85,1.857
2004-07-24,25.221,32.749,89.21,2.218
2004-07-25,24.034,36.397,91.34,3.012
2004-07-26,24.379,8.258,84.92,3.337
2004-07-27,23.909,14.53,88.13,3.57
2004-07-28,23.897,12.933,91.52,2.888
2004-07-29,24.042,15.692,90.33,3.431
2004-07-30,23.624,34.597,91.16,3.656
2004-07-31,25.784,4.407,78.24,3.767
2004-08-01,25.992,7.372,78.07,3.687
2004-08-02,25.841,7.943,78.85,3.145
2004-08-03,25.369,9.993,85.02,3.012
2004-08-04,25.429,29.878,87.33,3.488
2004-08-05,24.646,16.546,89.14,3.431
2004-08-06,27.134,0.435,72.39,3.437
2004-08-07,27.104,0.374,70.9,3.826
2004-08-08,26.794,0.912,71.52,4.11
2004-08-09,25.566,7.432,80.33,3.743
2004-08-10,25.292,3.459,80.97,3.482
2004-08-11,25.31,6.051,79.55,3.728
2004-08-12,24.329,17.925,89.35,3.383
2004-08-13,26.028,5.697,80.92,3.298
2004-08-14,25.192,10.623,84.58,3.467
2004-08-15,25.873,2.663,78.01,3.368
2004-08-16,26.283,2.38,75.93,3.158
2004-08-17,26.875,0.674,74.74,3.1
2004-08-18,27.186,0.592,72.18,3.427
2004-08-19,26.397,5.241,76.69,3.871
2004-08-20,25.071,11.747,83.93,3.456
2004-08-21,24.259,13.41,87.87,4.005
2004-08-22,25.259,2.941,80.15,4.181
2004-08-23,25.905,1.348,76.43,2.922
2004-08-24,26.511,0.786,76.53,2.642
2004-08-25,26.697,1.366,77.52,2.55
2004-08-26,26.662,0.194,71.51,2.873
2004-08-27,26.332,0.148,70.72,3.038
2004-08-28,26.196,0.612,72.79,2.606
2004-08-29,26.297,0.441,72.21,2.691
2004-08-30,26.288,0.156,69.63,2.787
2004-08-31,26.017,0.645,71.85,2.836
2004-09-01,26.311,0.666,74.75,2.284
2004-09-02,27.316,0.542,73.35,1.817
2004-09-03,27.502,1.484,76.66,1.722
2004-09-04,25.53,12.646,89.19,1.391
2004-09-05,25.416,11.854,88.71,1.279
2004-09-06,24.832,17.163,90.36,0.131
2004-09-07,26.391,0.636,78.24,0.935
2004-09-08,27.077,4.007,80.39,1.413
2004-09-09,26.328,9.615,86.16,1.912
2004-09-10,25.555,12.722,86.69,2.12
2004-09-11,26.291,0.847,75.82,3.023
2004-09-12,26.517,0.431,73.88,2.574
2004-09-13,27.225,0.22,74.41,2.295
2004-09-14,27.152,1.992,77.45,1.94
2004-09-15,27.14,0.517,72.71,2.102
2004-09-16,27.027,0.352,70.84,2.217
2004-09-17,27.046,2.235,77.8,2.05
2004-09-18,27.258,6.973,80.86,1.471
2004-09-19,27.136,4.204,80.38,1.339
2004-09-20,27.142,8.594,81.1,0.577
2004-09-21,25.889,13.83,86.32,0.922
2004-09-22,25.659,3.789,84.31,1.441
2004-09-23,26.33,3.516,81.36,1.038
2004-09-24,26.352,2.718,82.44,1.047
2004-09-25,26.257,5.211,81.98,1.708
2004-09-26,26.625,1.391,81.51,1.052
2004-09-27,26.369,5.166,83.27,0.764
2004-09-28,26.585,4.544,82.93,0.522
2004-09-29,26.961,0.451,77.16,1.278
2004-09-30,27.477,0.343,73.59,0.832
2004-10-01,27.441,5.35,76.46,0.214
2004-10-02,26.08,5.948,83.74,0.788
2004-10-03,26.175,5.795,82.71,1.494
2004-10-04,25.896,7.717,83.9,1.853
2004-10-05,26.572,1.238,78.77,2.431
2004-10-06,26.915,3.469,78.86,2.112
2004-10-07,26.562,2.26,80.7,1.761
2004-10-08,26.41,2.599,80.46,1.059
2004-10-09,26.922,0.218,72.89,0.433
2004-10-10,27.177,0.05,66.12,0.353
2004-10-11,26.798,0.023,67.48,0.519
2004-10-12,26.9,0.857,74.39,0.59
2004-10-13,26.227,6.198,78.37,0.738
2004-10-14,25.249,0.393,79.97,1.691
2004-10-15,24.389,0.001,59.81,2.031
2004-10-16,23.685,0.002,59.33,1.601
2004-10-17,23.722,0.001,58.18,1.706
2004-10-18,23.576,0.002,57.6,1.384
2004-10-19,23.594,0.0,56.39,1.155
2004-10-20,23.415,0.001,57.88,1.299
2004-10-21,24.183,0.001,60.92,1.356
2004-10-22,25.265,0.064,65.5,1.384
2004-10-23,25.313,0.123,62.68,1.391
2004-10-24,24.864,0.087,58.41,1.497
2004-10-25,24.576,0.008,55.55,1.841
2004-10-26,24.801,0.039,58.12,1.527
2004-10-27,24.888,0.001,52.29,1.467
2004-10-28,24.653,0.013,49.69,1.366
2004-10-29,24.759,0.003,53.51,1.378
2004-10-30,24.689,0.057,61.58,1.41
2004-10-31,25.112,0.017,61.2,1.357
2004-11-01,25.235,0.032,59.22,1.493
2004-11-02,24.562,0.001,50.59,1.849
2004-11-03,24.041,0.002,40.75,1.842
2004-11-04,23.385,0.002,46.43,1.796
2004-11-05,22.351,0.0,50.01,1.639
2004-11-06,23.902,0.045,48.5,0.726
2004-11-07,25.512,0.002,53.2,0.618
2004-11-08,25.627,1.516,69.17,1.094
2004-11-09,25.028,9.978,79.95,0.553
2004-11-10,25.01,6.324,79.28,0.733
2004-11-11,24.949,3.787,79.97,0.926
2004-11-12,25.391,1.166,75.88,1.045
2004-11-13,25.735,0.095,72.31,0.849
2004-11-14,26.19,0.223,71.32,0.756
2004-11-15,26.071,0.552,73.3,0.255
2004-11-16,25.678,0.023,63.7,1.089
2004-11-17,24.744,0.0,50.99,1.258
2004-11-18,24.337,0.001,47.04,0.957
2004-11-19,23.837,0.0,46.79,1.329
2004-11-20,23.392,0.001,44.94,1.212
2004-11-21,23.05,0.001,45.76,1.117
2004-11-22,23.019,0.0,45.16,0.757
2004-11-23,23.157,0.0,47.85,0.735
2004-11-24,23.173,0.0,49.53,1.048
2004-11-25,22.818,0.001,51.62,1.019
2004-11-26,22.634,0.002,49.62,1.312
2004-11-27,22.547,0.001,45.96,1.589
2004-11-28,22.856,0.001,48.66,1.684
2004-11-29,22.249,0.001,46.59,1.506
2004-11-30,21.913,0.002,47.23,1.212
2004-12-01,21.919,0.001,48.64,1.105
2004-12-02,21.631,0.002,48.26,1.566
2004-12-03,21.582,0.0,49.17,1.911
2004-12-04,21.227,0.002,47.66,1.765
2004-12-05,21.258,-0.0,47.32,1.49
2004-12-06,21.531,0.0,46.93,1.557
2004-12-07,21.636,0.0,47.94,1.441
2004-12-08,21.634,0.001,49.22,1.304
2004-12-09,21.626,0.0,45.81,1.482
2004-12-10,21.432,0.001,46.95,1.569
2004-12-11,21.476,0.001,51.65,1.249
2004-12-12,21.864,0.0,54.95,1.201
2004-12-13,21.889,0.001,54.64,1.174
2004-12-14,22.029,0.0,53.89,1.242
2004-12-15,22.408,0.002,51.17,1.32
2004-12-16,22.094,0.0,41.16,1.485
2004-12-17,21.83,0.0,42.64,1.312
2004-12-18,21.289,0.002,41.74,1.127
2004-12-19,21.302,0.0,43.61,0.483
2004-12-20,21.892,0.001,47.0,1.556
2004-12-21,22.607,0.001,51.38,1.509
2004-12-22,23.409,0.001,54.42,1.82
2004-12-23,23.759,0.002,54.24,1.063
2004-12-24,24.072,0.0,53.39,0.924
2004-12-25,23.567,0.003,56.84,1.604
2004-12-26,22.41,0.003,55.47,1.672
2004-12-27,22.187,0.0,51.72,1.396
2004-12-28,22.043,0.001,49.22,1.203
2004-12-29,21.784,0.002,45.56,1.38
2004-12-30,21.853,0.003,40.09,0.964
2004-12-31,22.292,0.001,51.17,1.69
2005-01-01,23.194,0.001,58.47,1.945
2005-01-02,23.565,0.053,60.31,1.325
2005-01-03,23.311,0.509,60.81,0.987
2005-01-04,23.233,0.001,55.85,1.346
2005-01-05,23.577,0.001,47.41,1.036
2005-01-06,23.89,0.001,48.15,0.949
2005-01-07,24.163,-0.0,51.57,0.506
2005-01-08,23.26,0.0,52.07,1.014
2005-01-09,23.344,0.001,48.56,0.427
2005-01-10,24.039,0.0,43.73,1.282
2005-01-11,22.11,0.002,42.85,1.136
2005-01-12,21.342,0.001,42.1,1.773
2005-01-13,21.439,0.002,39.88,1.118
2005-01-14,21.966,0.001,36.35,0.837
2005-01-15,22.618,0.002,41.49,1.507
2005-01-16,23.424,0.001,50.66,2.586
2005-01-17,24.094,0.041,47.81,1.489
2005-01-18,21.868,0.064,39.52,1.383
2005-01-19,20.889,0.0,37.59,2.263
2005-01-20,20.547,0.001,38.2,1.78
2005-01-21,22.116,0.001,41.81,1.175
2005-01-22,24.082,0.081,56.2,2.502
2005-01-23,23.528,0.74,67.81,1.655
2005-01-24,23.853,0.212,55.29,1.29
2005-01-25,23.788,2.333,62.52,0.621
2005-01-26,23.858,8.826,72.17,1.088
2005-01-27,23.002,6.025,75.87,1.684
2005-01-28,21.665,5.351,76.63,0.804
2005-01-29,20.353,15.133,87.25,0.961
2005-01-30,21.422,8.648,81.04,1.155
2005-01-31,19.286,24.449,88.76,0.584
2005-02-01,18.799,0.117,69.11,2.234
2005-02-02,18.252,0.001,59.9,1.647
2005-02-03,19.244,0.001,57.07,1.13
2005-02-04,21.483,0.0,62.04,1.309
2005-02-05,23.086,0.078,67.99,1.569
2005-02-06,23.933,1.25,70.37,1.636
2005-02-07,24.487,0.185,59.43,2.279
2005-02-08,23.839,0.0,53.7,1.576
2005-02-09,24.022,0.0,56.8,1.187
2005-02-10,25.198,0.001,52.2,0.601
2005-02-11,25.498,0.0,50.83,0.552
2005-02-12,25.931,0.001,48.28,0.972
2005-02-13,25.993,0.0,47.15,0.925
2005-02-14,25.923,0.0,43.07,0.63
2005-02-15,26.102,0.001,37.94,1.831
2005-02-16,25.803,0.001,41.31,1.251
2005-02-17,26.199,0.001,41.53,0.982
2005-02-18,26.003,0.003,45.3,0.423
2005-02-19,25.997,0.006,47.14,0.345
2005-02-20,26.247,0.001,44.39,0.626
2005-02-21,26.255,0.004,40.15,1.893
2005-02-22,25.948,0.013,49.55,1.264
2005-02-23,26.393,0.047,55.34,0.806
2005-02-24,27.257,0.021,49.47,0.584
2005-02-25,27.802,0.0,39.97,0.809
2005-02-26,28.117,0.014,38.36,0.875
2005-02-27,28.406,0.009,36.24,0.756
2005-02-28,28.322,0.001,36.96,0.9
2005-03-01,28.045,0.002,41.41,1.274
2005-03-02,28.4,0.0,34.27,1.681
2005-03-03,28.622,0.003,32.52,1.977
2005-03-04,28.527,0.001,27.61,2.423
2005-03-05,28.383,0.003,34.76,1.897
2005-03-06,28.683,0.006,38.54,1.877
2005-03-07,27.895,1.436,49.41,1.762
2005-03-08,26.215,1.944,59.53,0.305
2005-03-09,26.873,2.276,54.23,1.178
2005-03-10,26.385,1.391,61.33,0.646
2005-03-11,26.512,0.488,50.72,1.137
2005-03-12,26.238,0.0,37.99,1.959
2005-03-13,26.361,0.0,32.76,1.621
2005-03-14,26.923,0.002,36.1,0.738
2005-03-15,28.058,0.0,32.2,0.576
2005-03-16,28.917,0.002,33.99,0.736
2005-03-17,29.256,-0.0,38.79,0.961
2005-03-18,30.0,0.0,39.02,1.461
2005-03-19,30.449,0.001,38.1,1.362
2005-03-20,30.857,0.001,34.39,1.554
2005-03-21,31.652,0.001,31.79,1.617
2005-03-22,31.386,0.001,29.18,1.371
2005-03-23,30.001,0.0,27.1,1.404
2005-03-24,28.042,0.0,26.38,1.753
2005-03-25,28.501,0.003,24.93,1.325
2005-03-26,29.262,0.003,24.95,0.658
2005-03-27,30.516,0.001,25.62,1.072
2005-03-28,30.696,0.001,28.07,1.421
2005-03-29,30.855,0.0,33.57,1.0
2005-03-30,31.13,0.001,28.24,1.065
2005-03-31,30.96,0.005,30.7,0.6
2005-04-01,31.092,0.001,39.9,0.695
2005-04-02,31.574,0.129,42.27,0.982
2005-04-03,31.749,0.001,34.25,0.725
2005-04-04,31.613,0.002,28.69,0.621
2005-04-05,31.293,0.0,36.46,1.766
2005-04-06,31.666,0.0,39.32,2.433
2005-04-07,31.927,0.0,38.42,2.173
2005-04-08,32.466,0.005,37.67,1.783
2005-04-09,32.375,0.001,23.28,0.854
2005-04-10,32.053,0.029,27.69,0.242
2005-04-11,31.789,0.001,28.7,0.858
2005-04-12,31.853,0.003,35.52,0.9
2005-04-13,32.751,0.455,40.01,1.012
2005-04-14,31.422,0.137,45.53,0.334
2005-04-15,31.699,1.344,46.52,1.294
2005-04-16,32.128,0.767,45.41,1.275
2005-04-17,33.709,0.131,30.91,0.391
2005-04-18,33.843,0.718,27.57,1.021
2005-04-19,32.206,1.537,34.38,2.238
2005-04-20,31.842,0.546,39.0,2.212
2005-04-21,32.778,0.015,33.77,1.397
2005-04-22,33.068,0.016,30.2,1.597
2005-04-23,33.701,0.109,28.89,1.066
2005-04-24,33.168,0.217,30.84,0.758
2005-04-25,31.617,0.444,37.18,0.181
2005-04-26,32.184,0.206,35.44,0.731
2005-04-27,32.874,0.001,28.2,1.462
2005-04-28,33.084,0.004,26.06,0.516
2005-04-29,32.618,0.031,30.18,0.611
2005-04-30,31.12,1.24,47.2,1.703
2005-05-01,30.016,4.904,57.63,2.041
2005-05-02,30.39,3.205,54.25,1.766
2005-05-03,29.481,3.756,56.36,1.034
2005-05-04,30.45,0.142,43.74,0.457
2005-05-05,30.137,0.047,42.58,0.989
2005-05-06,31.979,0.006,36.09,0.636
2005-05-07,32.558,0.004,35.49,1.055
2005-05-08,34.103,0.0,31.22,1.872
2005-05-09,34.819,0.0,25.85,2.435
2005-05-10,34.797,0.001,25.2,2.978
2005-05-11,34.646,0.001,23.72,2.52
2005-05-12,34.477,0.0,19.64,2.235
2005-05-13,34.322,0.0,15.42,2.372
2005-05-14,34.317,0.002,15.82,1.433
2005-05-15,35.056,0.0,20.24,1.143
2005-05-16,35.995,0.001,20.52,1.11
2005-05-17,36.447,0.001,22.71,1.132
2005-05-18,36.282,0.004,23.0,0.817
2005-05-19,36.314,0.002,24.32,0.734
2005-05-20,36.377,0.004,27.62,1.569
2005-05-21,36.21,0.449,31.37,1.778
2005-05-22,36.797,0.009,26.89,1.154
2005-05-23,36.884,0.002,22.99,0.898
2005-05-24,36.769,0.289,25.59,0.986
2005-05-25,37.102,0.022,22.19,1.872
2005-05-26,36.121,0.025,24.1,2.027
2005-05-27,35.778,0.012,26.47,0.583
2005-05-28,35.821,0.11,28.12,0.68
2005-05-29,34.726,0.084,32.81,1.017
2005-05-30,32.961,0.357,43.78,0.439
2005-05-31,34.817,0.109,38.38,0.908
2005-06-01,35.754,0.356,33.19,1.216
2005-06-02,35.913,0.012,30.85,1.3
2005-06-03,36.585,0.002,26.73,2.594
2005-06-04,35.849,0.022,28.53,1.816
2005-06-05,35.609,0.066,31.21,1.357
2005-06-06,36.268,0.454,31.37,1.892
2005-06-07,35.942,0.394,31.3,1.177
2005-06-08,36.008,0.102,29.47,1.531
2005-06-09,35.825,0.169,30.91,1.796
2005-06-10,34.809,1.196,38.13,2.531
2005-06-11,35.81,0.135,33.16,2.859
2005-06-12,36.46,0.093,29.8,3.161
2005-06-13,36.588,0.026,29.35,2.82
2005-06-14,35.524,0.571,38.1,2.939
2005-06-15,35.336,0.613,38.73,2.278
2005-06-16,34.743,0.911,41.62,1.978
2005-06-17,33.278,7.33,49.26,1.626
2005-06-18,32.678,0.582,51.53,1.971
2005-06-19,32.774,0.077,47.35,2.73
2005-06-20,32.805,0.063,47.12,3.114
2005-06-21,32.38,0.798,49.44,2.174
2005-06-22,30.308,1.869,60.31,2.106
2005-06-23,31.546,2.037,51.4,2.769
2005-06-24,28.897,6.719,67.48,2.68
2005-06-25,27.193,8.43,77.33,3.11
2005-06-26,25.718,13.667,84.05,3.732
2005-06-27,25.876,11.147,82.32,3.678
2005-06-28,25.247,12.309,84.69,3.846
2005-06-29,26.982,4.305,72.56,4.097
2005-06-30,27.342,2.061,71.49,4.205
2005-07-01,27.326,2.711,71.17,4.241
2005-07-02,28.434,0.466,62.19,4.679
2005-07-03,27.424,0.968,68.88,3.935
2005-07-04,27.152,3.091,71.61,4.068
2005-07-05,26.908,3.619,72.5,3.362
2005-07-06,28.011,1.289,65.33,2.974
2005-07-07,26.939,7.889,76.25,2.491
2005-07-08,24.66,45.932,91.28,2.628
2005-07-09,24.766,38.716,90.82,3.53
2005-07-10,24.383,88.976,91.39,3.337
2005-07-11,25.326,12.932,86.67,2.838
2005-07-12,26.11,2.646,83.19,1.689
2005-07-13,26.99,2.979,81.14,1.263
2005-07-14,27.322,6.937,81.33,0.659
2005-07-15,26.663,16.015,84.02,0.804
2005-07-16,26.868,3.388,81.32,1.505
2005-07-17,27.517,1.742,78.41,1.503
2005-07-18,28.152,2.664,76.52,1.068
2005-07-19,27.691,10.592,81.94,0.845
2005-07-20,27.432,6.532,82.24,1.239
2005-07-21,26.512,7.436,83.32,2.348
2005-07-22,26.421,7.077,82.31,2.715
2005-07-23,26.419,4.4,79.71,2.671
2005-07-24,24.743,27.018,88.49,3.511
2005-07-25,24.362,84.931,87.68,3.966
2005-07-26,24.169,23.016,92.25,3.462
2005-07-27,24.116,22.829,89.63,4.094
2005-07-28,26.263,1.921,76.75,4.085
2005-07-29,27.092,1.617,72.58,3.72
2005-07-30,26.522,3.893,77.99,3.533
2005-07-31,24.55,25.648,89.01,3.976
2005-08-01,25.087,5.575,83.07,4.076
2005-08-02,25.268,6.03,82.84,3.099
2005-08-03,25.211,18.223,84.54,3.663
2005-08-04,24.469,14.949,89.18,3.591
2005-08-05,24.343,9.066,88.14,3.886
2005-08-06,25.181,2.915,81.35,3.584
2005-08-07,25.218,1.473,81.16,2.956
2005-08-08,26.449,1.042,76.05,3.01
2005-08-09,26.632,0.968,77.63,2.673
2005-08-10,26.711,1.137,74.91,2.992
2005-08-11,26.699,0.493,72.0,3.216
2005-08-12,26.356,1.587,76.0,2.837
2005-08-13,26.793,0.927,76.68,2.54
2005-08-14,26.516,6.755,81.64,2.35
2005-08-15,24.65,17.755,90.75,2.379
2005-08-16,24.586,17.164,88.48,2.581
2005-08-17,26.807,0.721,76.58,3.003
2005-08-18,27.277,0.357,72.65,3.249
2005-08-19,25.607,10.53,79.75,3.294
2005-08-20,24.625,5.161,85.95,3.013
2005-08-21,25.596,3.013,81.5,2.694
2005-08-22,26.356,0.208,75.47,2.366
2005-08-23,26.58,0.746,76.56,1.89
2005-08-24,26.543,0.312,76.48,2.004
2005-08-25,26.492,0.616,75.44,2.039
2005-08-26,26.472,0.546,76.31,2.067
2005-08-27,27.033,0.772,77.41,1.64
2005-08-28,27.484,0.52,77.66,1.259
2005-08-29,27.945,1.834,77.25,1.129
2005-08-30,28.352,0.844,77.26,1.378
2005-08-31,28.428,0.986,74.92,1.598
2005-09-01,29.043,2.657,71.84,1.108
2005-09-02,28.433,3.832,78.22,0.405
2005-09-03,26.841,20.153,84.07,0.409
2005-09-04,26.594,6.904,84.1,1.192
2005-09-05,27.176,2.783,79.23,1.566
2005-09-06,27.185,6.363,81.45,0.737
2005-09-07,26.936,12.894,84.31,0.303
2005-09-08,26.018,18.651,88.48,0.54
2005-09-09,25.837,16.559,89.1,0.35
2005-09-10,25.667,12.412,87.12,0.644
2005-09-11,25.491,9.287,86.11,2.162
2005-09-12,25.758,15.403,83.85,2.783
2005-09-13,24.747,18.067,88.83,3.347
2005-09-14,26.036,3.049,78.4,3.309
2005-09-15,26.413,0.149,73.7,2.652
2005-09-16,26.679,0.065,72.56,2.782
2005-09-17,26.786,0.222,70.15,3.079
2005-09-18,26.198,1.85,73.67,3.728
2005-09-19,24.969,12.663,81.85,4.891
2005-09-20,24.562,33.281,90.89,2.97
2005-09-21,24.581,10.958,89.05,1.235
2005-09-22,25.931,1.238,80.27,3.236
2005-09-23,25.812,3.533,81.38,2.891
2005-09-24,26.179,0.504,77.18,2.383
2005-09-25,26.207,0.064,73.99,2.529
2005-09-26,25.735,0.158,73.01,2.364
2005-09-27,25.774,0.102,72.62,2.142
2005-09-28,26.268,0.275,72.29,2.11
2005-09-29,26.41,0.127,71.75,1.903
2005-09-30,26.808,0.007,68.45,1.911
2005-10-01,27.275,0.019,68.09,1.873
2005-10-02,26.922,0.019,66.03,1.791
2005-10-03,26.554,0.002,62.82,1.844
2005-10-04,26.663,0.001,63.91,1.749
2005-10-05,27.039,0.119,65.45,1.384
2005-10-06,27.471,0.263,66.87,1.022
2005-10-07,27.183,0.006,60.34,1.288
2005-10-08,26.849,0.01,57.23,1.075
2005-10-09,26.7,0.002,56.95,1.517
2005-10-10,27.033,0.088,62.09,1.559
2005-10-11,26.834,2.011,74.08,1.45
2005-10-12,26.602,4.889,77.84,1.165
2005-10-13,26.175,5.018,82.14,1.06
2005-10-14,24.444,13.97,90.2,1.484
2005-10-15,24.234,22.262,90.33,1.519
2005-10-16,24.292,15.376,90.76,1.235
2005-10-17,24.765,11.704,88.12,0.305
2005-10-18,24.508,3.376,86.67,0.532
2005-10-19,24.879,1.504,84.1,1.521
2005-10-20,25.186,0.728,81.08,1.864
2005-10-21,24.874,0.588,77.55,1.956
2005-10-22,24.129,0.026,70.29,1.838
2005-10-23,24.551,0.005,69.45,1.306
2005-10-24,24.844,6.584,83.25,0.693
2005-10-25,24.76,5.407,85.75,0.787
2005-10-26,25.173,0.242,73.12,2.328
2005-10-27,25.338,0.087,66.52,2.94
2005-10-28,25.268,2.687,72.8,3.078
2005-10-29,25.651,0.954,74.8,2.331
2005-10-30,25.073,0.228,69.28,1.595
2005-10-31,24.675,0.019,63.98,1.37
2005-11-01,23.721,0.011,55.28,1.466
2005-11-02,22.994,0.001,54.2,1.659
2005-11-03,22.618,0.001,54.64,1.468
2005-11-04,22.766,0.003,56.08,1.672
2005-11-05,23.523,0.009,63.22,1.911
2005-11-06,23.218,0.002,58.11,1.967
2005-11-07,21.813,0.003,52.2,1.768
2005-11-08,21.337,0.0,52.78,1.821
2005-11-09,21.183,0.001,52.42,1.873
2005-11-10,21.056,0.001,53.48,1.646
2005-11-11,21.278,-0.0,52.95,1.462
2005-11-12,21.563,0.001,53.84,1.482
2005-11-13,21.856,0.0,52.21,1.616
2005-11-14,22.072,0.0,51.2,1.521
2005-11-15,22.209,0.0,51.49,1.649
2005-11-16,22.382,0.0,53.15,1.642
2005-11-17,22.791,0.003,53.48,1.663
2005-11-18,22.936,0.001,51.44,1.082
2005-11-19,22.646,0.002,51.42,1.279
2005-11-20,22.373,0.002,49.34,1.919
2005-11-21,21.892,0.001,48.56,1.866
2005-11-22,22.297,0.0,49.41,1.632
2005-11-23,22.63,0.0,51.95,1.022
2005-11-24,22.783,0.0,50.35,0.732
2005-11-25,22.695,0.0,51.85,0.569
2005-11-26,22.821,0.002,53.85,0.354
2005-11-27,22.406,0.0,56.92,0.971
2005-11-28,22.332,0.002,54.85,1.431
2005-11-29,22.272,0.002,56.46,1.618
2005-11-30,22.467,0.001,54.99,1.219
2005-12-01,22.671,0.001,54.86,1.353
2005-12-02,23.739,0.002,53.81,1.504
2005-12-03,24.384,0.428,55.94,1.285
2005-12-04,24.172,0.009,55.87,1.824
2005-12-05,23.306,0.0,53.0,1.915
2005-12-06,21.78,0.001,44.01,1.972
2005-12-07,20.593,0.002,42.23,1.664
2005-12-08,20.695,0.003,45.78,1.429
2005-12-09,20.591,0.003,47.2,1.496
2005-12-10,20.738,0.0,45.76,1.67
2005-12-11,20.521,0.001,45.26,1.809
2005-12-12,20.404,0.001,47.6,1.666
2005-12-13,20.052,0.001,46.44,1.805
2005-12-14,19.681,0.001,47.08,1.63
2005-12-15,19.576,0.0,46.24,1.663
2005-12-16,19.423,0.001,45.17,1.84
2005-12-17,19.404,0.001,48.06,1.893
2005-12-18,19.9,0.001,49.69,1.739
2005-12-19,20.695,0.0,52.84,1.297
2005-12-20,22.958,0.001,57.38,0.631
2005-12-21,23.686,0.646,69.01,0.82
2005-12-22,22.63,1.362,76.5,0.978
2005-12-23,21.977,0.417,71.07,1.423
2005-12-24,21.817,0.003,59.07,1.969
2005-12-25,19.377,0.002,48.3,2.188
2005-12-26,18.262,0.001,45.28,1.362
2005-12-27,19.273,0.001,46.97,0.691
2005-12-28,20.142,0.0,48.96,0.393
2005-12-29,20.697,0.002,49.56,0.296
2005-12-30,21.084,0.001,50.25,0.876
2005-12-31,21.161,0.0,52.74,0.811
2006-01-01,21.114,0.001,57.02,0.714
2006-01-02,21.044,0.001,54.98,0.785
2006-01-03,21.275,0.002,54.08,0.649
2006-01-04,21.051,0.0,48.55,1.363
2006-01-05,20.881,0.0,50.36,1.578
2006-01-06,21.295,0.001,50.37,1.688
2006-01-07,21.18,0.001,49.28,1.456
2006-01-08,21.771,0.0,46.43,1.408
2006-01-09,22.222,0.001,46.51,1.574
2006-01-10,22.212,0.001,43.14,1.312
2006-01-11,22.38,0.001,42.65,0.638
2006-01-12,22.725,0.001,46.7,0.382
2006-01-13,23.117,0.0,51.23,0.584
2006-01-14,23.661,0.0,53.15,0.602
2006-01-15,23.821,0.001,53.22,0.705
2006-01-16,23.751,0.002,55.92,1.377
2006-01-17,24.549,0.001,49.9,1.212
2006-01-18,25.425,0.001,48.37,0.252
2006-01-19,25.306,0.0,47.14,1.469
2006-01-20,24.976,0.001,39.25,1.488
2006-01-21,24.993,0.0,41.69,1.197
2006-01-22,25.001,0.0,43.24,0.679
2006-01-23,23.648,0.0,30.25,2.166
2006-01-24,20.495,0.0,32.83,2.698
2006-01-25,18.839,0.0,31.54,2.255
2006-01-26,19.321,0.0,33.53,1.769
2006-01-27,19.707,0.001,33.77,1.78
2006-01-28,20.682,0.002,32.76,1.357
2006-01-29,21.969,0.001,36.25,1.001
2006-01-30,23.017,0.001,38.69,0.74
2006-01-31,23.767,0.001,41.22,0.592
2006-02-01,24.111,0.002,41.33,0.406
2006-02-02,24.476,0.001,40.72,0.651
2006-02-03,24.665,0.002,36.52,1.179
2006-02-04,23.989,0.001,34.64,1.09
2006-02-05,23.739,0.001,31.85,1.393
2006-02-06,23.713,0.001,31.62,1.025
2006-02-07,23.909,0.0,31.76,0.657
2006-02-08,24.016,0.0,37.68,0.833
2006-02-09,24.272,0.002,43.13,0.591
2006-02-10,24.32,0.003,34.11,0.401
2006-02-11,24.519,0.001,31.4,0.449
2006-02-12,24.779,0.0,34.82,0.386
2006-02-13,25.278,0.001,37.91,0.857
2006-02-14,26.005,0.0,37.04,1.079
2006-02-15,26.91,0.002,38.02,1.328
2006-02-16,27.026,0.001,38.39,0.422
2006-02-17,27.148,0.003,35.02,0.944
2006-02-18,27.143,-0.0,31.5,0.493
2006-02-19,27.739,0.002,34.4,0.582
2006-02-20,28.246,0.0,34.35,0.695
2006-02-21,28.152,0.0,33.36,0.372
2006-02-22,28.351,0.003,33.03,0.561
2006-02-23,28.719,0.0,32.02,0.247
2006-02-24,28.586,0.0,31.92,0.547
2006-02-25,28.611,0.002,30.94,0.825
2006-02-26,28.82,0.0,28.12,1.43
2006-02-27,28.86,0.004,27.88,1.863
2006-02-28,29.177,0.001,30.56,2.004
2006-03-01,28.821,0.0,40.69,1.763
2006-03-02,28.751,0.034,44.72,1.677
2006-03-03,27.327,1.78,54.74,1.628
2006-03-04,26.441,4.877,69.59,0.8
2006-03-05,25.927,1.8,69.89,0.443
2006-03-06,27.031,0.229,62.01,1.652
2006-03-07,26.545,2.703,65.06,1.375
2006-03-08,27.52,0.519,54.05,1.861
2006-03-09,27.5,1.502,50.5,1.974
2006-03-10,21.548,17.908,82.39,0.191
2006-03-11,22.59,2.571,63.47,0.972
2006-03-12,24.406,0.058,55.28,0.658
2006-03-13,26.109,0.001,48.24,0.351
2006-03-14,26.135,0.798,61.29,2.301
2006-03-15,25.636,2.667,67.76,1.058
2006-03-16,24.445,3.58,74.72,1.028
2006-03-17,25.258,0.038,57.7,1.281
2006-03-18,26.197,0.001,43.43,1.766
2006-03-19,26.73,0.002,39.9,1.376
2006-03-20,27.886,0.0,37.33,0.37
2006-03-21,29.261,0.0,37.5,1.223
2006-03-22,28.906,0.003,32.24,1.418
2006-03-23,28.68,0.002,29.07,1.769
2006-03-24,29.783,0.001,27.67,0.745
2006-03-25,30.071,0.002,31.54,1.065
2006-03-26,30.8,0.001,32.99,0.755
2006-03-27,29.97,0.023,30.97,1.26
2006-03-28,30.265,0.037,31.71,0.601
2006-03-29,30.188,0.011,36.17,0.979
2006-03-30,30.453,0.002,36.42,0.468
2006-03-31,30.668,0.001,34.35,0.424
2006-04-01,31.17,0.003,34.09,0.944
2006-04-02,31.195,0.066,36.49,1.332
2006-04-03,31.572,0.001,33.06,0.703
2006-04-04,31.272,0.001,29.4,0.573
2006-04-05,31.765,0.0,26.64,0.431
2006-04-06,32.654,0.001,26.34,0.658
2006-04-07,32.854,0.0,29.2,0.385
2006-04-08,33.218,0.002,29.09,0.801
2006-04-09,33.217,0.001,32.48,1.537
2006-04-10,33.3,0.001,36.15,1.613
2006-04-11,33.615,0.018,35.24,1.891
2006-04-12,33.162,0.524,35.5,1.466
2006-04-13,33.124,0.253,35.92,1.601
2006-04-14,32.613,0.456,39.64,1.642
2006-04-15,31.481,0.803,42.98,1.411
2006-04-16,28.813,19.592,59.48,1.571
2006-04-17,25.976,13.074,76.7,1.38
2006-04-18,27.804,1.356,53.65,0.426
2006-04-19,28.341,0.0,43.83,0.399
2006-04-20,29.159,0.0,43.03,1.391
2006-04-21,29.685,0.012,46.8,1.776
2006-04-22,30.78,0.002,41.02,1.877
2006-04-23,31.542,0.001,36.97,0.47
2006-04-24,31.88,0.002,36.52,0.432
2006-04-25,32.35,0.006,35.95,0.92
2006-04-26,33.012,0.011,34.66,0.74
2006-04-27,33.591,0.001,27.52,1.137
2006-04-28,34.008,0.002,25.83,1.322
2006-04-29,34.269,0.0,25.7,1.391
2006-04-30,33.925,0.002,29.23,1.416
2006-05-01,34.389,0.016,28.93,1.497
2006-05-02,32.983,1.227,42.53,1.222
2006-05-03,32.145,0.948,51.35,1.606
2006-05-04,32.441,0.624,48.34,1.918
2006-05-05,33.007,0.046,43.8,2.108
2006-05-06,33.604,0.016,38.97,2.046
2006-05-07,34.165,0.24,34.92,2.02
2006-05-08,34.471,0.262,35.16,1.862
2006-05-09,34.944,0.072,30.67,0.969
2006-05-10,35.207,0.001,24.69,1.585
2006-05-11,34.914,0.0,24.63,1.08
2006-05-12,34.698,0.001,25.34,1.035
2006-05-13,34.766,0.002,25.48,0.872
2006-05-14,35.015,0.0,26.42,0.636
2006-05-15,35.193,0.0,25.82,1.198
2006-05-16,35.335,0.001,28.58,0.962
2006-05-17,33.565,1.692,44.06,0.347
2006-05-18,32.839,1.883,47.45,0.485
2006-05-19,31.827,2.055,50.29,0.8
2006-05-20,32.497,0.829,45.18,1.416
2006-05-21,33.203,0.049,36.05,2.492
2006-05-22,33.454,0.269,37.7,2.525
2006-05-23,32.423,2.512,44.96,1.857
2006-05-24,29.937,8.962,61.75,2.217
2006-05-25,29.604,13.09,64.79,2.059
2006-05-26,28.966,14.393,69.65,1.735
2006-05-27,29.234,6.741,71.56,0.91
2006-05-28,29.604,2.167,70.51,0.924
2006-05-29,30.527,0.384,67.12,1.826
2006-05-30,31.001,0.094,60.86,2.544
2006-05-31,30.67,0.103,58.99,2.721
2006-06-01,30.389,0.062,55.81,3.806
2006-06-02,29.368,1.82,61.81,3.715
2006-06-03,29.411,2.454,60.31,3.299
2006-06-04,30.243,0.737,57.72,2.696
2006-06-05,30.948,0.073,51.39,2.647
2006-06-06,31.5,0.001,41.94,3.05
2006-06-07,31.966,0.002,40.82,2.898
2006-06-08,32.427,0.074,42.62,2.617
2006-06-09,32.252,0.485,45.42,1.381
2006-06-10,31.949,0.523,47.15,1.956
2006-06-11,32.931,0.234,43.94,1.704
2006-06-12,33.353,0.024,38.02,2.449
2006-06-13,33.153,0.0,35.23,2.422
2006-06-14,33.402,0.004,34.38,2.118
2006-06-15,33.976,0.01,35.76,1.992
2006-06-16,33.481,0.346,41.47,2.145
2006-06-17,32.819,1.004,46.79,1.743
2006-06-18,32.783,0.164,47.1,1.788
2006-06-19,31.956,2.495,53.97,1.263
2006-06-20,31.892,1.374,52.44,1.097
2006-06-21,29.932,10.412,64.0,0.343
2006-06-22,28.616,7.697,73.14,0.59
2006-06-23,27.586,13.295,79.87,0.789
2006-06-24,27.904,4.935,77.82,1.72
2006-06-25,28.239,5.503,74.34,2.231
2006-06-26,29.234,0.619,65.12,2.778
2006-06-27,29.141,1.71,66.59,3.071
2006-06-28,28.256,10.55,73.13,3.065
2006-06-29,26.541,18.957,83.68,3.041
2006-06-30,25.425,31.008,89.26,2.734
2006-07-01,26.772,8.496,79.02,3.382
2006-07-02,26.677,5.227,79.38,3.843
2006-07-03,25.018,54.593,86.18,4.637
2006-07-04,23.476,127.337,89.9,5.289
2006-07-05,26.604,4.007,70.49,4.027
2006-07-06,27.508,0.215,68.58,3.292
2006-07-07,27.839,0.047,66.56,3.411
2006-07-08,28.533,0.148,65.37,3.853
2006-07-09,27.747,0.178,67.45,3.486
2006-07-10,27.886,0.571,66.69,3.762
2006-07-11,27.81,0.559,68.73,3.602
2006-07-12,27.725,1.365,69.92,3.409
2006-07-13,28.06,2.917,69.29,3.274
2006-07-14,28.271,0.536,66.1,3.676
2006-07-15,27.879,0.694,66.88,4.077
2006-07-16,28.356,0.589,65.5,3.763
2006-07-17,27.299,0.997,70.32,3.305
2006-07-18,27.004,1.233,73.03,2.91
2006-07-19,27.617,1.387,71.04,3.001
2006-07-20,27.677,2.461,68.82,3.077
2006-07-21,25.234,18.549,86.67,3.091
2006-07-22,25.39,4.027,82.82,3.325
2006-07-23,26.018,4.597,81.02,2.803
2006-07-24,26.573,9.092,79.03,2.491
2006-07-25,27.015,6.077,76.78,2.318
2006-07-26,26.291,12.981,82.69,2.729
2006-07-27,24.591,11.865,87.99,3.396
2006-07-28,24.392,14.139,85.74,4.105
2006-07-29,23.708,16.031,87.15,4.038
2006-07-30,24.354,32.234,87.61,3.341
2006-07-31,26.421,3.651,75.33,3.533
2006-08-01,26.529,1.765,72.91,3.383
2006-08-02,25.502,9.625,80.58,3.787
2006-08-03,23.931,31.331,89.68,5.234
2006-08-04,23.601,89.708,92.95,4.642
2006-08-05,23.132,114.935,90.04,5.379
2006-08-06,24.092,18.098,85.04,4.251
2006-08-07,24.912,5.404,81.05,4.145
2006-08-08,26.196,0.838,74.09,3.989
2006-08-09,26.367,6.795,76.72,3.533
2006-08-10,25.584,10.072,80.52,2.982
2006-08-11,26.268,5.424,79.38,2.851
2006-08-12,26.304,8.011,82.49,2.739
2006-08-13,25.999,2.161,79.75,3.502
2006-08-14,26.697,2.659,76.25,3.639
2006-08-15,27.101,2.188,73.31,3.684
2006-08-16,25.988,11.16,81.04,3.233
2006-08-17,25.827,4.251,81.49,3.692
2006-08-18,27.128,0.251,72.57,3.041
2006-08-19,27.504,0.201,73.44,2.251
2006-08-20,27.942,0.303,72.31,2.245
2006-08-21,26.962,5.685,79.4,2.291
2006-08-22,26.928,0.778,73.2,3.127
2006-08-23,26.48,1.086,75.86,2.92
2006-08-24,26.534,0.608,74.93,2.689
2006-08-25,27.183,0.598,73.37,2.691
2006-08-26,27.271,0.303,70.81,3.208
2006-08-27,26.277,2.838,76.48,3.306
2006-08-28,26.286,1.391,75.68,3.496
2006-08-29,26.164,1.478,75.51,3.626
2006-08-30,25.168,6.539,80.01,3.536
2006-08-31,25.608,0.126,73.77,2.26
2006-09-01,26.603,0.339,73.36,1.856
2006-09-02,27.068,0.145,71.84,1.758
2006-09-03,27.435,0.361,73.55,2.374
2006-09-04,26.694,7.448,79.94,2.483
2006-09-05,25.136,11.436,88.35,1.663
2006-09-06,26.697,2.655,81.76,1.817
2006-09-07,26.95,4.535,82.86,1.412
2006-09-08,27.92,0.791,75.94,0.877
2006-09-09,28.248,3.745,75.47,0.387
2006-09-10,27.355,6.011,82.93,0.297
2006-09-11,27.248,4.848,83.46,0.498
2006-09-12,27.091,8.133,84.73,0.258
2006-09-13,26.449,13.456,87.14,0.205
2006-09-14,26.616,11.334,85.14,0.084
2006-09-15,25.997,14.494,85.77,0.163
2006-09-16,25.289,18.509,89.69,0.43
2006-09-17,25.266,11.014,88.68,1.305
2006-09-18,24.784,27.923,91.21,2.459
2006-09-19,25.448,19.224,88.04,2.341
2006-09-20,25.599,22.875,87.55,2.384
2006-09-21,25.206,14.558,87.5,2.632
2006-09-22,25.562,2.941,83.82,2.553
2006-09-23,26.546,3.412,83.35,2.209
2006-09-24,26.475,3.302,82.76,1.85
2006-09-25,26.293,6.895,83.83,2.03
2006-09-26,27.108,0.935,78.58,2.407
2006-09-27,26.963,0.492,75.61,2.547
2006-09-28,27.162,0.309,73.9,2.319
2006-09-29,27.595,1.526,69.15,2.399
2006-09-30,24.033,36.562,88.85,2.994
2006-10-01,24.218,2.124,88.38,0.785
2006-10-02,25.214,1.65,85.83,1.132
2006-10-03,26.207,1.19,82.83,1.037
2006-10-04,26.819,1.832,81.76,0.863
2006-10-05,27.386,1.178,82.85,1.52
2006-10-06,27.812,0.425,77.78,1.481
2006-10-07,27.629,0.299,75.56,1.234
2006-10-08,27.367,0.379,75.45,0.952
2006-10-09,26.943,0.032,69.74,1.08
2006-10-10,27.14,0.0,64.88,1.089
2006-10-11,26.968,0.001,65.69,1.415
2006-10-12,27.107,0.016,66.06,1.107
2006-10-13,27.13,0.001,61.55,0.911
2006-10-14,26.656,0.001,61.83,0.62
2006-10-15,26.731,0.002,63.17,1.172
2006-10-16,26.95,0.108,65.86,1.16
2006-10-17,27.016,0.004,62.52,0.985
2006-10-18,26.844,0.056,61.79,0.704
2006-10-19,27.125,0.185,60.68,0.378
2006-10-20,26.67,0.244,65.14,0.817
2006-10-21,26.473,0.188,65.52,0.818
2006-10-22,26.573,0.068,63.89,0.874
2006-10-23,26.08,0.042,66.45,1.105
2006-10-24,25.77,0.147,65.68,1.566
2006-10-25,25.541,0.006,59.79,1.582
2006-10-26,25.512,0.002,58.47,1.494
2006-10-27,25.802,0.045,61.52,1.212
2006-10-28,24.593,1.835,77.16,1.333
2006-10-29,24.569,3.039,79.22,1.368
2006-10-30,24.66,4.456,80.65,1.071
2006-10-31,24.308,3.025,81.22,0.749
2006-11-01,22.458,4.708,90.12,1.027
2006-11-02,23.137,4.828,89.15,0.844
2006-11-03,22.732,7.02,91.41,0.937
2006-11-04,23.503,3.645,88.02,0.786
2006-11-05,24.074,3.039,85.7,0.443
2006-11-06,24.365,0.703,82.48,0.797
2006-11-07,24.277,0.707,76.78,0.614
2006-11-08,24.122,0.582,73.02,0.82
2006-11-09,23.234,1.631,77.23,1.084
2006-11-10,23.184,0.242,74.72,1.636
2006-11-11,23.755,0.001,68.28,1.736
2006-11-12,23.71,0.0,66.06,1.529
2006-11-13,24.151,0.002,64.61,1.458
2006-11-14,23.83,0.002,61.68,1.542
2006-11-15,23.362,0.002,62.86,1.261
2006-11-16,23.42,0.0,60.4,1.338
2006-11-17,23.402,0.002,62.41,1.288
2006-11-18,23.535,0.0,59.42,1.186
2006-11-19,23.334,0.0,54.56,1.164
2006-11-20,23.166,0.001,51.51,0.86
2006-11-21,23.01,0.0,54.12,0.438
2006-11-22,23.218,0.002,55.38,0.821
2006-11-23,23.325,0.031,62.52,0.571
2006-11-24,24.341,0.02,67.72,1.386
2006-11-25,25.006,0.972,71.54,0.692
2006-11-26,25.068,0.639,73.54,0.034
2006-11-27,24.992,0.555,74.55,0.836
2006-11-28,24.938,0.402,72.86,1.202
2006-11-29,25.066,0.058,69.05,1.083
2006-11-30,25.141,0.003,67.64,0.684
2006-12-01,25.042,0.038,66.76,0.619
2006-12-02,24.927,0.041,66.84,0.871
2006-12-03,25.096,0.028,66.1,0.758
2006-12-04,25.237,0.036,64.46,0.579
2006-12-05,25.153,0.003,55.53,0.576
2006-12-06,24.434,0.0,56.02,0.966
2006-12-07,24.093,0.003,55.55,0.657
2006-12-08,23.917,0.002,57.66,0.447
2006-12-09,23.699,0.001,57.61,0.275
2006-12-10,23.203,0.001,57.11,0.818
2006-12-11,24.087,0.0,55.66,0.364
2006-12-12,23.509,0.003,61.06,0.767
2006-12-13,23.031,0.004,58.25,1.596
2006-12-14,21.994,0.001,51.19,1.812
2006-12-15,21.19,0.001,47.24,1.69
2006-12-16,21.238,0.0,44.02,2.218
2006-12-17,20.308,0.002,45.59,1.782
2006-12-18,20.467,0.001,49.37,1.531
2006-12-19,20.686,0.001,48.23,1.334
2006-12-20,20.884,0.001,51.75,0.703
2006-12-21,21.746,0.001,58.71,0.626
2006-12-22,22.206,0.0,57.1,1.191
2006-12-23,22.35,0.002,57.8,0.988
2006-12-24,22.061,0.002,61.46,0.622
2006-12-25,22.233,0.0,59.31,0.769
2006-12-26,22.885,0.001,58.28,0.763
2006-12-27,23.489,0.003,59.79,0.756
2006-12-28,23.635,0.001,53.23,0.798
2006-12-29,22.8,0.001,51.34,0.977
2006-12-30,22.569,0.001,52.99,0.698
2006-12-31,22.925,0.001,52.41,0.589
2007-01-01,22.649,0.001,53.57,0.596
2007-01-02,21.59,0.001,48.57,1.587
2007-01-03,21.056,0.0,46.08,1.405
2007-01-04,21.123,0.001,49.51,1.241
2007-01-05,20.897,0.0,49.14,1.249
2007-01-06,21.09,0.002,50.01,1.184
2007-01-07,21.139,0.001,48.96,0.875
2007-01-08,21.253,0.001,47.21,0.833
2007-01-09,21.654,0.0,52.26,0.648
2007-01-10,22.149,0.002,52.52,0.486
2007-01-11,22.301,0.0,54.59,0.593
2007-01-12,22.659,0.001,56.38,1.232
2007-01-13,23.129,0.0,57.3,1.205
2007-01-14,23.44,0.002,56.83,1.076
2007-01-15,23.77,0.001,54.02,1.531
2007-01-16,24.578,0.0,48.31,1.287
2007-01-17,24.139,0.001,48.37,1.358
2007-01-18,22.546,0.001,39.14,1.734
2007-01-19,22.505,0.0,37.62,0.668
2007-01-20,23.929,0.0,39.59,0.421
2007-01-21,24.447,0.0,46.54,0.181
2007-01-22,24.325,0.0,48.87,0.778
2007-01-23,24.769,0.002,46.93,1.394
2007-01-24,23.784,0.001,50.25,1.129
2007-01-25,23.141,0.002,39.18,1.052
2007-01-26,23.703,0.0,49.02,1.132
2007-01-27,24.231,0.002,51.86,1.506
2007-01-28,24.356,0.001,52.71,1.533
2007-01-29,24.397,0.0,47.58,1.573
2007-01-30,23.973,0.002,43.6,1.41
2007-01-31,24.885,0.001,41.49,0.561
2007-02-01,25.445,0.0,45.74,0.577
2007-02-02,25.626,0.0,46.08,1.251
2007-02-03,25.806,0.001,42.1,2.133
2007-02-04,25.556,0.002,41.3,2.034
2007-02-05,25.899,0.006,41.27,0.815
2007-02-06,26.166,0.001,40.73,0.393
2007-02-07,26.327,0.0,42.76,0.53
2007-02-08,26.055,0.001,46.47,1.664
2007-02-09,26.003,0.0,44.83,2.558
2007-02-10,25.485,0.001,45.72,3.433
2007-02-11,24.92,0.001,45.79,2.64
2007-02-12,25.494,0.084,53.79,2.396
2007-02-13,24.596,0.556,41.48,2.104
2007-02-14,23.142,0.002,40.2,1.245
2007-02-15,24.316,0.001,37.91,0.283
2007-02-16,24.173,0.011,39.44,1.23
2007-02-17,24.473,0.007,34.93,0.976
2007-02-18,24.723,0.002,35.02,1.495
2007-02-19,24.586,-0.0,36.31,1.549
2007-02-20,24.673,0.002,33.66,1.18
2007-02-21,24.96,0.0,31.6,0.776
2007-02-22,25.355,0.001,31.92,0.766
2007-02-23,25.441,0.0,32.34,1.432
2007-02-24,25.636,0.003,34.51,2.39
2007-02-25,26.083,0.002,31.73,1.878
2007-02-26,26.796,-0.0,32.87,0.7
2007-02-27,27.271,0.001,35.54,1.522
2007-02-28,28.161,0.001,37.22,2.769
2007-03-01,27.502,0.001,33.09,1.632
2007-03-02,26.208,0.002,39.46,1.782
2007-03-03,26.359,0.001,37.84,1.395
2007-03-04,26.933,0.003,33.92,1.198
2007-03-05,27.273,0.002,31.61,1.176
2007-03-06,27.953,0.001,33.68,0.977
2007-03-07,27.867,0.095,46.81,1.27
2007-03-08,29.213,0.001,41.86,1.552
2007-03-09,28.542,0.005,44.1,1.234
2007-03-10,28.23,0.221,50.08,1.57
2007-03-11,28.117,0.71,51.35,1.698
2007-03-12,28.62,0.069,43.62,2.432
2007-03-13,28.526,0.004,39.64,2.253
2007-03-14,28.613,0.002,38.23,0.385
2007-03-15,27.834,0.0,36.68,2.456
2007-03-16,26.941,0.003,26.36,1.497
2007-03-17,28.283,0.0,24.74,0.63
2007-03-18,28.947,0.001,28.05,0.45
2007-03-19,29.972,0.0,29.98,0.551
2007-03-20,30.906,0.002,30.46,0.523
2007-03-21,31.436,0.024,32.67,1.262
2007-03-22,30.853,0.018,38.92,1.289
2007-03-23,31.909,0.001,35.21,0.532
2007-03-24,31.869,0.0,33.86,0.542
2007-03-25,31.552,0.001,26.73,1.882
2007-03-26,31.16,0.002,23.25,1.632
2007-03-27,30.984,0.002,23.25,1.059
2007-03-28,31.136,0.0,23.79,0.561
2007-03-29,31.097,0.0,29.47,1.191
2007-03-30,31.255,0.002,31.76,1.518
2007-03-31,31.652,0.002,32.59,1.857
2007-04-01,32.107,0.002,31.08,1.789
2007-04-02,32.961,0.001,28.23,0.912
2007-04-03,33.187,0.001,27.94,0.184
2007-04-04,32.799,0.001,26.81,0.197
2007-04-05,32.493,0.0,31.84,1.405
2007-04-06,32.758,0.003,32.38,2.161
2007-04-07,32.896,0.206,32.95,2.374
2007-04-08,32.461,0.469,35.41,2.358
2007-04-09,32.429,0.153,38.74,2.113
2007-04-10,32.141,0.308,40.25,2.204
2007-04-11,31.942,0.359,40.72,1.978
2007-04-12,31.452,0.971,42.14,1.859
2007-04-13,32.129,0.344,34.48,1.68
2007-04-14,31.137,0.764,40.09,1.965
2007-04-15,30.606,0.909,43.06,1.613
2007-04-16,30.773,0.487,41.52,1.767
2007-04-17,30.825,0.976,42.94,2.077
2007-04-18,30.222,1.298,50.07,1.66
2007-04-19,29.451,2.609,55.93,1.051
2007-04-20,29.463,1.918,55.86,0.696
2007-04-21,30.355,0.293,45.69,1.043
2007-04-22,31.282,0.003,33.4,1.517
2007-04-23,31.848,0.001,26.91,1.907
2007-04-24,32.53,0.003,24.72,1.418
2007-04-25,33.204,0.0,24.99,0.396
2007-04-26,33.677,0.002,30.92,1.342
2007-04-27,34.057,0.001,29.35,1.383
2007-04-28,34.352,0.007,29.82,1.453
2007-04-29,34.558,0.016,29.57,1.596
2007-04-30,34.39,0.089,34.02,1.695
2007-05-01,34.281,0.476,36.63,1.352
2007-05-02,34.234,0.367,36.67,1.268
2007-05-03,34.103,0.205,37.99,1.316
2007-05-04,34.383,0.021,35.19,0.97
2007-05-05,33.967,0.047,38.56,0.942
2007-05-06,34.981,0.028,31.18,0.766
2007-05-07,35.105,0.093,29.4,1.006
2007-05-08,34.863,0.354,31.08,2.11
2007-05-09,35.334,0.002,29.05,2.505
2007-05-10,35.987,0.106,29.78,2.754
2007-05-11,35.834,0.019,29.2,2.368
2007-05-12,36.075,0.001,20.22,3.093
2007-05-13,35.457,0.001,23.38,2.866
2007-05-14,35.354,0.009,26.64,3.159
2007-05-15,35.052,0.002,27.54,2.871
2007-05-16,34.576,0.002,26.86,2.536
2007-05-17,35.17,0.003,27.54,2.28
2007-05-18,36.007,0.035,26.41,2.248
2007-05-19,35.49,0.321,31.15,2.669
2007-05-20,35.718,0.092,30.78,3.17
2007-05-21,34.757,0.007,30.24,2.964
2007-05-22,34.383,0.02,33.29,2.644
2007-05-23,35.038,0.441,33.01,2.172
2007-05-24,34.587,0.052,33.25,1.929
2007-05-25,35.067,0.001,26.54,1.239
2007-05-26,35.497,0.0,25.47,0.661
2007-05-27,35.405,0.01,27.44,0.724
2007-05-28,34.467,0.742,33.97,0.782
2007-05-29,33.059,0.529,40.43,0.621
2007-05-30,33.078,1.136,43.75,0.222
2007-05-31,33.703,1.086,44.37,0.918
2007-06-01,33.496,1.547,45.97,1.163
2007-06-02,34.355,0.501,41.26,1.918
2007-06-03,33.996,0.467,44.12,2.317
2007-06-04,34.302,1.528,44.33,2.361
2007-06-05,33.217,1.209,46.09,2.045
2007-06-06,34.267,1.171,44.64,2.074
2007-06-07,32.364,5.91,55.51,2.362
2007-06-08,32.122,11.517,60.74,1.391
2007-06-09,32.006,3.471,60.12,2.379
2007-06-10,32.5,2.009,53.25,2.917
2007-06-11,32.705,0.024,51.03,2.416
2007-06-12,31.872,11.372,57.06,1.559
2007-06-13,29.714,9.314,72.12,1.201
2007-06-14,28.476,9.739,78.5,1.785
2007-06-15,28.261,2.89,77.18,1.884
2007-06-16,30.397,0.925,63.0,2.679
2007-06-17,31.27,0.036,56.7,2.669
2007-06-18,30.886,2.779,60.37,1.973
2007-06-19,27.353,17.385,83.16,0.825
2007-06-20,27.604,17.229,80.79,0.493
2007-06-21,28.139,13.283,78.8,1.765
2007-06-22,28.393,8.003,73.25,4.038
2007-06-23,25.699,9.965,85.64,4.143
2007-06-24,25.387,5.71,85.84,3.187
2007-06-25,26.337,4.624,79.9,3.142
2007-06-26,26.538,12.716,79.8,3.509
2007-06-27,27.728,6.567,73.58,4.12
2007-06-28,25.638,20.251,85.02,3.838
2007-06-29,25.823,14.994,85.32,4.019
2007-06-30,24.789,27.965,89.46,4.142
2007-07-01,26.448,4.462,77.98,4.123
2007-07-02,28.691,0.073,65.76,4.304
2007-07-03,28.605,0.051,64.95,4.1
2007-07-04,28.657,0.292,64.15,4.2
2007-07-05,28.02,2.747,69.19,4.232
2007-07-06,28.607,0.912,64.85,4.631
2007-07-07,25.286,15.497,82.71,4.594
2007-07-08,26.142,1.976,75.02,3.9
2007-07-09,26.884,4.741,76.6,3.287
2007-07-10,27.299,5.649,75.29,3.041
2007-07-11,27.183,12.589,77.74,2.458
2007-07-12,27.761,1.141,72.1,3.096
2007-07-13,27.623,3.107,72.68,3.397
2007-07-14,26.213,16.999,84.94,2.619
2007-07-15,25.677,17.968,87.31,2.836
2007-07-16,25.452,11.594,89.87,1.854
2007-07-17,27.305,1.78,79.06,1.899
2007-07-18,28.487,0.742,74.19,1.719
2007-07-19,28.702,2.155,74.83,1.371
2007-07-20,28.135,3.408,76.78,0.978
2007-07-21,27.7,9.807,79.3,0.9
2007-07-22,27.349,11.196,81.73,0.893
2007-07-23,27.523,2.359,78.16,1.353
2007-07-24,27.298,3.205,79.52,2.091
2007-07-25,27.659,1.514,75.93,1.975
2007-07-26,27.39,6.85,79.97,1.43
2007-07-27,27.064,8.904,83.29,1.251
2007-07-28,26.95,10.908,82.91,1.183
2007-07-29,26.42,17.751,85.11,1.331
2007-07-30,26.888,5.898,82.87,0.595
2007-07-31,26.991,5.68,81.55,1.11
2007-08-01,27.073,10.398,82.07,1.227
2007-08-02,26.615,13.285,85.29,1.532
2007-08-03,25.596,11.221,87.82,2.328
2007-08-04,26.309,5.327,79.35,3.453
2007-08-05,26.441,8.091,78.71,3.705
2007-08-06,24.527,32.411,89.43,4.494
2007-08-07,24.11,44.4,88.21,4.748
2007-08-08,26.711,2.312,74.11,3.83
2007-08-09,27.261,0.396,71.76,2.924
2007-08-10,27.536,1.728,72.93,2.899
2007-08-11,26.457,7.089,77.92,3.256
2007-08-12,25.093,7.818,85.16,3.37
2007-08-13,26.459,0.512,75.16,3.286
2007-08-14,26.656,0.142,71.89,3.176
2007-08-15,26.969,0.523,72.84,2.83
2007-08-16,27.127,0.213,70.9,2.869
2007-08-17,27.442,0.285,69.72,2.923
2007-08-18,26.822,1.542,73.87,3.128
2007-08-19,26.837,0.517,73.69,3.056
2007-08-20,26.586,2.246,77.1,2.595
2007-08-21,26.87,1.962,79.43,1.463
2007-08-22,27.096,4.849,80.14,0.816
2007-08-23,27.246,10.097,80.33,1.211
2007-08-24,26.246,15.527,86.33,0.911
2007-08-25,26.12,9.919,86.51,0.196
2007-08-26,26.708,8.426,83.61,1.034
2007-08-27,26.154,11.889,86.45,0.868
2007-08-28,25.771,15.941,88.48,1.198
2007-08-29,26.116,10.542,87.72,1.228
2007-08-30,26.642,6.678,83.0,1.621
2007-08-31,26.503,3.804,81.88,1.936
2007-09-01,26.31,15.524,83.16,1.934
2007-09-02,25.422,20.555,89.35,1.397
2007-09-03,25.909,7.775,85.65,2.128
2007-09-04,26.883,4.4,80.21,2.081
2007-09-05,25.758,30.009,88.28,2.524
2007-09-06,25.026,10.449,88.8,2.727
2007-09-07,26.84,0.734,77.9,2.673
2007-09-08,26.592,4.756,82.67,1.234
2007-09-09,27.059,3.397,80.4,0.78
2007-09-10,26.761,2.629,83.05,0.739
2007-09-11,27.224,5.345,82.63,0.951
2007-09-12,26.707,8.302,85.11,0.949
2007-09-13,26.935,5.98,84.14,1.533
2007-09-14,27.189,4.854,80.46,2.185
2007-09-15,26.136,9.633,84.83,2.105
2007-09-16,26.498,14.05,83.74,1.75
2007-09-17,25.562,21.614,89.0,1.666
2007-09-18,26.119,14.74,86.84,0.856
2007-09-19,26.223,11.755,85.99,1.268
2007-09-20,25.346,15.289,90.0,1.472
2007-09-21,25.559,7.082,87.52,1.853
2007-09-22,26.182,10.018,84.93,2.201
2007-09-23,26.91,3.717,79.88,3.378
2007-09-24,27.205,0.806,76.45,2.938
2007-09-25,26.827,5.285,81.56,2.024
2007-09-26,26.822,0.672,76.9,1.655
2007-09-27,27.049,0.053,71.44,2.089
2007-09-28,26.183,10.239,82.83,1.356
2007-09-29,25.132,17.351,89.26,0.74
2007-09-30,24.831,9.798,89.7,1.221
2007-10-01,26.408,1.783,75.85,1.554
2007-10-02,26.8,0.058,63.15,2.181
2007-10-03,26.543,0.003,64.28,2.082
2007-10-04,26.763,0.758,67.31,1.819
2007-10-05,25.166,14.576,81.2,1.705
2007-10-06,24.405,17.151,84.55,1.741
2007-10-07,25.56,0.34,71.5,1.585
2007-10-08,26.046,0.0,62.87,2.185
2007-10-09,25.693,0.0,65.68,1.894
2007-10-10,26.432,0.001,62.02,1.009
2007-10-11,26.67,0.0,61.33,0.522
2007-10-12,26.033,0.0,61.0,0.947
2007-10-13,25.388,0.003,59.51,1.061
2007-10-14,25.442,0.002,58.88,0.527
2007-10-15,25.521,0.001,59.34,0.725
2007-10-16,26.085,0.002,58.82,0.38
2007-10-17,25.647,0.007,65.51,0.608
2007-10-18,25.987,0.112,70.26,0.617
2007-10-19,26.051,0.053,68.31,1.221
2007-10-20,26.003,0.068,62.6,1.079
2007-10-21,25.265,0.0,54.92,1.456
2007-10-22,24.678,0.003,54.2,1.658
2007-10-23,24.204,0.0,56.2,1.659
2007-10-24,24.264,0.003,55.32,1.725
2007-10-25,23.953,0.0,55.25,1.674
2007-10-26,24.131,0.002,54.25,1.252
2007-10-27,24.514,0.002,55.24,1.447
2007-10-28,24.74,-0.0,56.88,1.476
2007-10-29,24.738,0.002,59.7,1.744
2007-10-30,24.698,6.312,69.09,1.851
2007-10-31,25.049,5.651,83.83,0.635
2007-11-01,26.02,1.183,80.04,0.818
2007-11-02,25.581,0.22,74.88,0.748
2007-11-03,26.336,0.102,70.68,0.801
2007-11-04,26.394,0.767,77.08,0.733
2007-11-05,26.316,0.078,63.44,0.906
2007-11-06,26.024,0.001,56.9,0.825
2007-11-07,25.818,0.0,54.46,1.156
2007-11-08,25.072,0.001,54.68,0.907
2007-11-09,24.965,0.001,54.5,0.714
2007-11-10,24.859,0.0,52.07,1.12
2007-11-11,25.035,0.001,53.14,1.233
2007-11-12,25.276,0.0,51.32,1.192
2007-11-13,24.584,0.0,50.51,1.486
2007-11-14,24.041,0.0,48.39,1.705
2007-11-15,23.374,0.0,49.45,1.594
2007-11-16,22.451,0.003,45.19,1.953
2007-11-17,22.318,0.001,52.47,1.282
2007-11-18,23.147,0.001,53.79,0.9
2007-11-19,23.535,0.0,53.22,1.444
2007-11-20,22.65,0.001,48.63,1.967
2007-11-21,21.286,0.0,39.45,1.993
2007-11-22,21.065,0.003,41.32,2.012
2007-11-23,20.694,0.001,43.32,1.769
2007-11-24,20.844,0.001,46.4,1.619
2007-11-25,21.063,0.0,50.89,1.442
2007-11-26,21.822,0.001,52.63,1.34
2007-11-27,22.159,0.0,49.58,1.275
2007-11-28,22.009,0.001,45.23,1.148
2007-11-29,21.903,0.0,44.25,1.245
2007-11-30,22.139,0.0,46.37,1.009
2007-12-01,22.577,0.0,50.82,0.671
2007-12-02,23.137,0.001,56.24,0.507
2007-12-03,22.827,0.037,56.16,1.042
2007-12-04,22.379,0.001,49.54,1.946
2007-12-05,21.972,0.001,52.74,1.648
2007-12-06,21.601,0.001,52.46,1.406
2007-12-07,21.277,0.0,53.2,1.121
2007-12-08,21.217,0.0,53.66,1.092
2007-12-09,21.331,0.0,53.46,0.861
2007-12-10,22.174,0.001,54.38,0.331
2007-12-11,22.823,0.002,59.53,1.41
2007-12-12,23.122,0.001,61.67,1.501
2007-12-13,23.163,0.0,59.3,0.711
2007-12-14,23.737,0.001,56.66,1.257
2007-12-15,23.591,0.01,58.77,1.846
2007-12-16,23.691,0.003,57.34,2.053
2007-12-17,22.937,0.001,53.62,2.495
2007-12-18,21.517,0.001,47.52,2.094
2007-12-19,22.986,0.004,46.45,1.379
2007-12-20,24.636,0.001,51.99,1.231
2007-12-21,24.94,0.001,49.95,1.514
2007-12-22,23.634,0.003,46.42,1.63
2007-12-23,22.934,0.0,40.14,1.332
2007-12-24,22.967,0.0,39.62,1.386
2007-12-25,24.038,0.001,43.02,1.251
2007-12-26,24.829,0.001,48.71,0.636
2007-12-27,25.507,0.0,52.85,0.626
2007-12-28,25.467,0.001,55.13,1.006
2007-12-29,25.25,0.001,52.0,1.492
2007-12-30,24.434,0.0,50.68,1.399
2007-12-31,23.768,0.0,46.97,1.562
2008-01-01,23.813,0.001,49.71,1.636
2008-01-02,23.826,0.016,56.16,1.171
2008-01-03,23.306,0.001,51.09,1.017
2008-01-04,23.401,0.003,43.38,0.775
2008-01-05,23.258,0.001,46.5,0.534
2008-01-06,23.354,0.0,48.22,0.713
2008-01-07,22.886,0.001,49.72,0.994
2008-01-08,22.946,0.002,46.11,0.833
2008-01-09,23.496,0.001,44.55,0.387
2008-01-10,23.943,0.0,47.21,0.407
2008-01-11,24.359,0.001,46.44,0.568
2008-01-12,23.942,0.001,46.7,1.1
2008-01-13,23.669,0.0,49.3,1.383
2008-01-14,23.358,0.0,47.22,1.624
2008-01-15,23.169,0.0,42.67,1.677
2008-01-16,22.726,0.001,39.79,1.375
2008-01-17,22.771,0.002,34.8,0.784
2008-01-18,23.005,0.001,41.08,1.529
2008-01-19,23.685,0.001,48.31,1.671
2008-01-20,24.085,0.0,47.56,1.396
2008-01-21,24.161,0.002,50.77,1.436
2008-01-22,25.342,0.003,49.75,2.504
2008-01-23,24.968,0.003,51.86,1.41
2008-01-24,23.567,0.077,55.75,0.742
2008-01-25,23.549,1.1,61.65,0.132
2008-01-26,21.362,0.102,38.21,2.484
2008-01-27,20.133,0.002,42.11,1.962
2008-01-28,20.522,0.003,44.87,0.626
2008-01-29,22.653,0.003,44.01,1.047
2008-01-30,22.885,0.0,44.36,1.497
2008-01-31,21.844,0.0,39.92,2.039
2008-02-01,20.155,0.0,34.55,1.952
2008-02-02,21.366,0.0,37.75,1.04
2008-02-03,23.787,0.367,54.11,1.754
2008-02-04,23.114,0.881,64.42,1.003
2008-02-05,23.472,1.718,67.5,0.92
2008-02-06,22.241,1.601,70.29,0.256
2008-02-07,23.063,1.09,64.29,0.218
2008-02-08,22.958,1.437,59.21,0.751
2008-02-09,23.264,0.093,49.13,2.026
2008-02-10,23.577,0.095,48.44,1.689
2008-02-11,23.93,2.87,68.13,0.881
2008-02-12,23.838,3.09,71.64,1.265
2008-02-13,23.35,0.001,53.77,1.335
2008-02-14,23.664,0.0,41.65,1.483
2008-02-15,24.436,0.002,39.15,0.886
2008-02-16,25.067,0.001,43.9,0.477
2008-02-17,26.063,0.002,43.83,0.435
2008-02-18,27.154,0.001,45.21,0.894
2008-02-19,26.954,0.0,41.62,0.692
2008-02-20,25.94,0.003,38.15,0.969
2008-02-21,25.055,0.0,28.63,1.484
2008-02-22,25.412,0.001,35.87,1.157
2008-02-23,26.392,0.003,45.21,1.624
2008-02-24,27.412,0.001,46.6,0.887
2008-02-25,26.83,0.0,32.08,1.717
2008-02-26,25.784,0.001,31.66,1.938
2008-02-27,25.361,0.001,24.22,1.538
2008-02-28,25.44,0.001,24.65,0.848
2008-02-29,26.297,0.003,24.53,0.416
2008-03-01,26.509,0.002,24.23,0.848
2008-03-02,27.136,0.001,25.38,1.187
2008-03-03,27.834,0.001,27.71,1.2
2008-03-04,28.042,0.0,28.16,1.09
2008-03-05,28.18,0.001,28.58,1.499
2008-03-06,28.406,0.002,29.16,1.268
2008-03-07,28.736,0.002,27.86,1.025
2008-03-08,28.904,0.001,27.69,0.919
2008-03-09,28.923,0.0,27.04,0.795
2008-03-10,28.731,0.001,26.84,0.453
2008-03-11,28.943,0.001,27.75,1.35
2008-03-12,29.06,0.001,29.31,1.915
2008-03-13,28.465,0.0,30.01,1.98
2008-03-14,27.585,0.013,33.38,2.361
2008-03-15,28.834,0.002,39.63,1.545
2008-03-16,29.994,0.034,42.59,0.908
2008-03-17,30.43,0.001,39.45,0.984
2008-03-18,30.815,0.008,39.3,2.03
2008-03-19,30.035,0.645,45.12,1.895
2008-03-20,29.661,0.17,47.22,1.8
2008-03-21,29.163,0.733,53.85,1.861
2008-03-22,27.567,5.219,64.67,2.402
2008-03-23,22.399,76.851,93.5,1.515
2008-03-24,25.043,2.251,74.33,1.138
2008-03-25,26.81,0.34,70.28,0.508
2008-03-26,27.179,2.56,73.0,0.732
2008-03-27,27.316,3.653,71.8,0.702
2008-03-28,28.132,1.259,65.93,1.048
2008-03-29,27.832,1.134,69.86,1.277
2008-03-30,28.133,6.392,64.85,1.14
2008-03-31,26.687,0.985,68.08,1.651
2008-04-01,27.288,0.605,62.08,1.204
2008-04-02,28.046,0.018,50.03,1.581
2008-04-03,28.51,0.0,45.89,2.051
2008-04-04,28.309,0.269,42.43,1.619
2008-04-05,27.026,1.319,62.98,2.071
2008-04-06,26.845,0.67,68.2,0.863
2008-04-07,26.996,1.868,66.01,0.608
2008-04-08,28.225,0.542,54.26,0.672
2008-04-09,29.044,0.0,43.28,0.529
2008-04-10,29.654,0.001,38.28,1.007
2008-04-11,30.523,0.0,34.4,1.577
2008-04-12,31.115,0.006,34.19,1.948
2008-04-13,31.732,0.0,33.93,2.097
2008-04-14,32.29,0.001,35.45,1.775
2008-04-15,32.072,0.001,39.46,2.106
2008-04-16,32.018,0.016,41.22,1.814
2008-04-17,33.112,0.0,33.58,1.229
2008-04-18,33.601,0.001,28.84,0.979
2008-04-19,33.345,0.001,23.0,1.133
2008-04-20,33.137,0.0,21.37,0.664
2008-04-21,33.626,0.0,22.82,0.697
2008-04-22,34.107,0.002,20.9,0.616
2008-04-23,33.684,0.002,24.4,0.589
2008-04-24,33.301,0.001,35.75,2.33
2008-04-25,33.114,0.001,35.17,2.284
2008-04-26,32.969,0.008,36.51,1.928
2008-04-27,33.972,0.002,29.84,1.553
2008-04-28,34.358,0.002,26.71,0.19
2008-04-29,34.565,0.002,26.79,0.342
2008-04-30,34.867,0.001,23.44,0.939
2008-05-01,35.43,0.001,17.44,2.54
2008-05-02,34.348,0.005,17.1,2.949
2008-05-03,33.251,0.002,25.53,2.625
2008-05-04,34.415,0.007,25.29,2.211
2008-05-05,34.169,0.0,22.3,2.931
2008-05-06,33.763,0.001,22.14,2.877
2008-05-07,33.86,0.001,24.58,2.522
2008-05-08,34.07,0.0,23.9,2.329
2008-05-09,34.298,0.001,23.48,2.867
2008-05-10,34.614,0.003,22.67,3.03
2008-05-11,34.385,0.002,22.67,2.676
2008-05-12,33.997,0.011,27.32,2.367
2008-05-13,34.663,0.015,25.15,2.582
2008-05-14,34.945,0.06,25.39,3.045
2008-05-15,35.089,0.006,24.21,3.595
2008-05-16,35.206,0.0,21.55,3.871
2008-05-17,34.906,0.0,23.71,3.879
2008-05-18,34.447,0.001,23.36,3.177
2008-05-19,34.469,0.001,25.13,2.461
2008-05-20,35.028,0.019,26.06,2.739
2008-05-21,34.786,0.496,30.04,2.799
2008-05-22,34.569,0.012,31.09,1.956
2008-05-23,35.194,0.006,28.28,1.329
2008-05-24,35.101,0.006,29.02,1.675
2008-05-25,34.396,0.325,33.24,1.084
2008-05-26,35.4,0.001,26.52,0.83
2008-05-27,35.707,0.001,23.12,2.179
2008-05-28,35.344,0.001,24.74,2.041
2008-05-29,35.102,0.006,28.44,1.409
2008-05-30,35.366,0.025,29.21,1.704
2008-05-31,35.086,0.018,28.16,1.872
2008-06-01,34.701,0.415,33.15,1.609
2008-06-02,34.168,0.104,37.24,0.637
2008-06-03,34.25,0.435,38.93,1.786
2008-06-04,31.163,0.543,52.92,0.775
2008-06-05,31.418,13.897,55.57,2.473
2008-06-06,29.382,10.169,67.37,2.078
2008-06-07,29.021,8.165,70.99,2.017
2008-06-08,28.321,4.106,71.27,2.444
2008-06-09,28.362,4.624,69.0,2.805
2008-06-10,27.76,10.94,71.45,2.54
2008-06-11,25.632,26.546,89.29,1.903
2008-06-12,25.977,12.605,85.17,2.354
2008-06-13,26.979,4.061,71.66,3.094
2008-06-14,28.184,1.465,60.94,3.868
2008-06-15,29.493,0.206,56.08,3.874
2008-06-16,29.924,0.1,53.67,4.055
2008-06-17,30.044,0.057,51.47,3.81
2008-06-18,30.149,0.054,51.81,3.741
2008-06-19,30.229,0.001,50.77,3.178
2008-06-20,30.852,0.015,49.65,2.542
2008-06-21,29.856,0.376,54.8,2.747
2008-06-22,28.13,2.743,64.4,1.994
2008-06-23,29.83,1.319,57.05,1.936
2008-06-24,28.089,8.697,70.27,1.799
2008-06-25,25.507,19.65,87.49,2.581
2008-06-26,26.392,16.178,79.84,2.878
2008-06-27,26.677,10.891,81.06,2.693
2008-06-28,26.158,4.281,81.16,2.56
2008-06-29,26.713,3.723,77.21,2.851
2008-06-30,26.858,9.852,79.43,2.931
2008-07-01,26.554,4.939,79.1,2.545
2008-07-02,28.124,0.126,66.97,3.022
2008-07-03,28.247,0.604,67.92,2.628
2008-07-04,27.678,5.023,72.26,2.823
2008-07-05,27.999,0.357,66.8,2.734
2008-07-06,28.376,0.69,64.62,2.633
2008-07-07,28.143,0.674,63.95,3.174
2008-07-08,26.829,9.093,73.99,2.998
2008-07-09,26.291,5.723,77.89,2.6
2008-07-10,27.275,0.796,72.07,2.194
2008-07-11,28.538,0.229,63.8,2.793
2008-07-12,29.167,0.671,62.09,2.381
2008-07-13,29.427,0.319,61.22,2.195
2008-07-14,29.678,0.228,63.77,1.005
2008-07-15,29.172,3.001,68.02,0.714
2008-07-16,28.223,10.315,75.49,0.622
2008-07-17,27.478,9.614,79.67,0.854
2008-07-18,27.286,5.072,80.45,0.566
2008-07-19,27.635,10.206,78.16,0.957
2008-07-20,26.854,10.335,83.07,0.819
2008-07-21,27.046,10.191,82.9,0.867
2008-07-22,27.319,7.118,81.07,1.215
2008-07-23,27.561,8.714,80.94,0.923
2008-07-24,25.867,8.242,88.22,1.491
2008-07-25,26.251,11.825,85.13,2.082
2008-07-26,25.081,14.567,87.12,2.798
2008-07-27,24.08,41.181,91.7,2.61
2008-07-28,24.042,63.949,92.67,3.37
2008-07-29,24.536,28.077,86.57,3.751
2008-07-30,26.174,6.192,79.64,2.893
2008-07-31,26.05,7.509,80.53,2.919
2008-08-01,25.705,5.223,82.57,2.599
2008-08-02,26.581,5.525,78.79,2.818
2008-08-03,25.791,13.361,84.23,2.837
2008-08-04,24.289,37.671,91.93,2.807
2008-08-05,24.313,78.359,91.71,3.146
2008-08-06,24.526,37.283,88.76,3.541
2008-08-07,24.523,14.018,88.52,3.302
2008-08-08,24.654,37.231,87.15,3.326
2008-08-09,23.619,131.726,92.4,4.044
2008-08-10,23.594,38.175,92.21,3.94
2008-08-11,25.15,4.63,82.11,3.793
2008-08-12,27.025,0.221,71.99,3.235
2008-08-13,27.214,1.875,75.63,2.89
2008-08-14,26.852,6.007,79.63,2.391
2008-08-15,26.347,4.705,79.77,2.419
2008-08-16,26.203,11.113,82.98,1.823
2008-08-17,26.297,3.496,81.81,1.828
2008-08-18,26.021,4.351,81.83,1.834
2008-08-19,26.237,1.436,78.72,1.924
2008-08-20,26.237,0.532,77.2,1.969
2008-08-21,25.931,0.64,78.78,2.041
2008-08-22,26.071,0.256,71.81,2.578
2008-08-23,26.719,0.191,70.48,2.404
2008-08-24,27.293,4.78,77.1,1.573
2008-08-25,25.695,19.95,88.43,0.709
2008-08-26,26.178,5.492,84.48,1.362
2008-08-27,26.874,2.587,81.88,1.123
2008-08-28,27.233,1.839,81.38,0.891
2008-08-29,27.081,7.77,82.98,0.758
2008-08-30,26.433,12.123,86.53,0.694
2008-08-31,26.199,12.751,86.84,0.256
2008-09-01,26.676,5.468,83.57,0.194
2008-09-02,27.416,3.159,81.55,0.393
2008-09-03,27.614,2.895,81.32,1.075
2008-09-04,27.147,5.58,83.12,0.673
2008-09-05,26.515,5.872,85.35,0.651
2008-09-06,25.823,6.342,88.07,0.856
2008-09-07,25.885,7.709,86.72,0.734
2008-09-08,25.622,15.918,89.11,0.394
2008-09-09,25.482,23.346,89.74,0.416
2008-09-10,25.22,10.995,89.4,0.867
2008-09-11,25.229,16.095,89.64,0.884
2008-09-12,24.524,21.584,90.89,0.647
2008-09-13,25.919,0.336,76.34,2.532
2008-09-14,26.822,0.15,72.35,2.622
2008-09-15,26.436,0.799,73.68,3.045
2008-09-16,26.004,3.676,78.25,3.232
2008-09-17,26.34,1.82,76.23,3.693
2008-09-18,25.657,0.777,74.22,3.1
2008-09-19,26.524,0.161,71.92,2.839
2008-09-20,26.164,6.949,79.85,2.272
2008-09-21,24.991,8.25,88.32,1.906
2008-09-22,26.309,1.873,82.38,1.871
2008-09-23,26.711,0.747,77.26,2.032
2008-09-24,26.972,0.481,74.78,1.798
2008-09-25,27.262,0.162,71.53,2.21
2008-09-26,26.444,0.326,72.96,2.58
2008-09-27,25.625,0.0,69.68,2.236
2008-09-28,25.297,0.002,71.15,2.279
2008-09-29,25.709,0.029,69.95,1.921
2008-09-30,26.369,0.595,73.92,1.353
2008-10-01,26.918,0.771,75.97,0.814
2008-10-02,27.098,2.15,78.92,0.187
2008-10-03,26.38,4.433,82.62,0.906
2008-10-04,26.714,0.744,79.38,1.346
2008-10-05,27.378,0.695,74.8,0.932
2008-10-06,27.121,4.126,79.13,0.757
2008-10-07,26.142,8.117,84.79,1.04
2008-10-08,26.042,7.689,83.5,0.78
2008-10-09,26.826,4.195,80.05,0.463
2008-10-10,27.124,1.102,77.78,1.056
2008-10-11,27.718,0.299,70.75,1.15
2008-10-12,27.532,0.002,63.15,0.689
2008-10-13,27.472,0.001,57.57,0.448
2008-10-14,27.52,0.0,59.04,0.313
2008-10-15,26.999,0.001,58.74,1.171
2008-10-16,26.922,0.033,63.76,1.04
2008-10-17,26.713,0.689,72.9,1.071
2008-10-18,26.789,0.743,69.63,1.346
2008-10-19,26.447,0.003,55.27,2.155
2008-10-20,25.659,0.001,49.14,1.754
2008-10-21,25.87,0.0,51.12,1.753
2008-10-22,26.738,0.014,55.42,1.878
2008-10-23,26.566,0.01,53.5,2.446
2008-10-24,25.586,0.003,48.21,2.371
2008-10-25,24.699,0.001,46.52,2.12
2008-10-26,24.754,0.0,46.56,1.928
2008-10-27,25.26,0.0,46.63,0.484
2008-10-28,25.762,0.001,46.06,0.489
2008-10-29,25.905,0.0,48.87,0.374
2008-10-30,25.536,0.002,49.79,1.391
2008-10-31,25.447,0.001,47.78,1.402
2008-11-01,25.453,0.002,49.38,1.519
2008-11-02,25.19,0.0,46.07,1.586
2008-11-03,24.976,0.0,44.48,1.583
2008-11-04,24.942,0.0,45.84,1.271
2008-11-05,25.634,0.0,48.0,0.314
2008-11-06,25.535,0.002,50.62,0.561
2008-11-07,25.129,0.0,50.86,0.703
2008-11-08,25.062,0.001,53.06,0.872
2008-11-09,25.549,0.001,54.83,0.765
2008-11-10,25.385,0.0,56.57,0.888
2008-11-11,25.424,0.002,55.73,0.647
2008-11-12,25.704,0.0,54.12,0.992
2008-11-13,25.407,0.0,53.99,0.83
2008-11-14,25.082,0.0,51.05,2.161
2008-11-15,25.214,0.277,52.91,2.916
2008-11-16,24.786,2.245,72.14,1.703
2008-11-17,25.544,1.518,77.43,1.461
2008-11-18,25.922,1.9,78.03,0.677
2008-11-19,25.715,2.986,80.21,0.698
2008-11-20,25.423,4.234,81.67,0.171
2008-11-21,25.416,0.98,77.88,1.522
2008-11-22,25.34,0.059,64.23,2.049
2008-11-23,24.178,0.002,57.14,1.904
2008-11-24,22.53,0.0,47.41,1.769
2008-11-25,22.105,0.0,45.58,1.865
2008-11-26,22.039,0.001,43.43,2.222
2008-11-27,22.709,0.011,45.4,2.407
2008-11-28,21.845,4.239,67.41,1.74
2008-11-29,21.266,13.318,93.03,0.826
2008-11-30,24.06,0.801,79.1,0.225
2008-12-01,24.802,0.452,67.08,0.523
2008-12-02,24.279,0.003,55.61,0.584
2008-12-03,23.465,0.0,54.2,0.983
2008-12-04,22.979,0.001,52.58,1.352
2008-12-05,22.408,0.003,55.0,0.867
2008-12-06,22.323,0.001,50.08,1.298
2008-12-07,22.487,0.001,48.52,0.794
2008-12-08,22.693,0.0,49.44,0.353
2008-12-09,23.161,0.001,55.01,0.229
2008-12-10,22.992,0.0,58.79,0.09
2008-12-11,23.526,0.0,60.08,0.294
2008-12-12,23.661,0.0,65.64,0.931
2008-12-13,24.233,0.0,65.4,0.43
2008-12-14,24.584,0.002,59.6,0.963
2008-12-15,24.144,0.001,58.11,0.861
2008-12-16,23.866,0.002,60.08,0.879
2008-12-17,23.016,0.0,52.51,1.446
2008-12-18,22.167,0.001,44.61,0.899
2008-12-19,22.351,0.001,47.75,0.517
2008-12-20,22.596,0.002,52.83,0.354
2008-12-21,22.763,0.003,49.4,1.005
2008-12-22,23.219,0.0,52.77,0.788
2008-12-23,23.45,0.001,58.08,1.148
2008-12-24,23.271,0.0,54.42,1.115
2008-12-25,22.43,0.001,49.67,1.187
2008-12-26,22.284,0.0,39.78,0.395
2008-12-27,23.038,0.001,39.25,0.071
2008-12-28,22.815,0.0,41.4,0.083
2008-12-29,22.084,0.0,44.02,0.399
2008-12-30,22.429,0.0,45.33,0.415
2008-12-31,22.308,0.001,48.97,0.221
2009-01-01,22.139,0.0,48.37,0.601
2009-01-02,22.059,0.0,54.68,0.981
2009-01-03,22.191,0.001,59.27,1.177
2009-01-04,22.713,0.001,54.79,1.153
2009-01-05,23.624,0.0,54.68,1.598
2009-01-06,23.89,0.031,56.53,1.972
2009-01-07,23.259,0.001,54.22,2.278
2009-01-08,22.568,0.001,56.7,2.068
2009-01-09,22.688,0.021,62.07,1.629
2009-01-10,23.441,0.002,60.54,1.332
2009-01-11,23.915,0.0,58.68,0.875
2009-01-12,24.179,0.001,54.8,0.733
2009-01-13,23.881,0.0,54.56,0.527
2009-01-14,23.743,0.001,53.43,0.981
2009-01-15,23.613,0.0,53.4,0.823
2009-01-16,23.615,0.002,53.32,0.605
2009-01-17,23.643,0.002,46.69,0.809
2009-01-18,23.624,0.001,44.68,0.948
2009-01-19,23.682,0.002,44.05,1.006
2009-01-20,23.534,0.0,43.59,1.288
2009-01-21,23.59,0.001,46.25,1.531
2009-01-22,23.407,0.001,41.08,1.351
2009-01-23,23.826,0.001,36.09,1.204
2009-01-24,24.779,0.003,37.47,0.26
2009-01-25,25.074,0.002,46.4,1.02
2009-01-26,25.584,0.003,49.19,1.448
2009-01-27,25.802,0.002,45.43,1.238
2009-01-28,25.85,0.0,40.97,0.647
2009-01-29,26.318,0.003,39.57,0.545
2009-01-30,26.494,0.001,41.33,0.667
2009-01-31,26.76,0.0,42.11,1.056
2009-02-01,27.143,0.001,44.06,0.567
2009-02-02,26.784,0.001,46.28,0.491
2009-02-03,27.213,0.001,44.59,0.934
2009-02-04,27.279,0.0,47.83,1.928
2009-02-05,27.41,0.001,46.94,1.366
2009-02-06,27.395,0.001,47.58,0.156
2009-02-07,26.692,0.0,35.47,1.012
2009-02-08,26.081,0.005,34.52,0.681
2009-02-09,26.055,0.0,36.91,0.944
2009-02-10,26.554,0.26,43.89,1.816
2009-02-11,25.673,0.001,41.61,0.913
2009-02-12,24.928,0.0,35.08,1.427
2009-02-13,26.21,0.003,35.19,0.662
2009-02-14,27.134,0.002,37.63,0.716
2009-02-15,27.257,0.001,36.07,0.625
2009-02-16,27.465,0.0,35.7,0.697
2009-02-17,26.877,0.002,40.08,0.813
2009-02-18,27.43,0.0,36.25,0.481
2009-02-19,27.745,0.0,35.43,0.837
2009-02-20,27.804,0.0,37.09,0.973
2009-02-21,28.104,0.001,36.44,0.301
2009-02-22,28.654,0.0,34.97,0.942
2009-02-23,29.356,0.001,34.62,1.708
2009-02-24,29.26,0.001,30.7,1.656
2009-02-25,28.332,0.001,26.9,1.75
2009-02-26,28.972,0.002,27.78,0.758
2009-02-27,29.458,0.001,27.71,0.895
2009-02-28,29.269,0.001,25.85,1.627
2009-03-01,28.93,0.001,26.65,1.78
2009-03-02,29.325,0.002,25.68,0.545
2009-03-03,29.496,0.0,27.57,0.071
2009-03-04,29.866,0.002,27.03,0.799
2009-03-05,29.813,0.001,22.85,1.099
2009-03-06,30.175,0.0,22.55,0.708
2009-03-07,29.954,0.002,23.76,0.476
2009-03-08,30.174,0.004,29.92,1.884
2009-03-09,29.827,0.002,29.8,2.302
2009-03-10,28.697,0.0,30.67,2.036
2009-03-11,28.719,0.0,32.54,1.663
2009-03-12,29.647,0.001,32.23,0.496
2009-03-13,29.998,0.004,27.55,0.957
2009-03-14,28.798,0.743,36.14,1.179
2009-03-15,26.967,1.523,43.99,0.255
2009-03-16,28.001,0.028,35.52,0.144
2009-03-17,28.46,0.002,33.29,1.061
2009-03-18,28.83,0.002,33.05,0.87
2009-03-19,29.453,0.006,30.87,1.164
2009-03-20,29.599,0.278,33.9,1.447
2009-03-21,28.624,0.666,41.1,1.47
2009-03-22,28.584,0.075,38.36,0.702
2009-03-23,28.106,0.733,46.68,0.831
2009-03-24,27.874,1.307,48.63,1.027
2009-03-25,28.749,0.509,42.01,1.101
2009-03-26,29.462,0.0,30.92,0.837
2009-03-27,29.788,0.0,29.18,0.715
2009-03-28,30.527,0.001,32.72,1.747
2009-03-29,30.9,0.005,33.61,1.244
2009-03-30,31.575,0.0,29.14,0.694
2009-03-31,31.518,0.002,27.7,0.201
2009-04-01,31.974,-0.0,28.33,0.136
2009-04-02,31.909,0.003,30.18,0.789
2009-04-03,32.129,0.034,31.64,1.013
2009-04-04,32.589,0.0,30.7,1.281
2009-04-05,32.608,0.001,28.8,0.842
2009-04-06,32.77,0.015,25.07,1.024
2009-04-07,32.52,0.397,27.66,0.383
2009-04-08,29.523,1.783,47.37,1.468
2009-04-09,30.784,0.055,44.19,0.882
2009-04-10,30.768,0.001,41.25,0.505
2009-04-11,31.447,0.001,31.51,0.485
2009-04-12,31.73,0.0,28.02,0.171
2009-04-13,32.21,0.0,23.04,0.332
2009-04-14,32.494,0.001,25.19,0.579
2009-04-15,32.999,0.0,26.15,0.737
2009-04-16,33.832,0.001,23.66,0.956
2009-04-17,34.489,0.001,23.22,0.626
2009-04-18,34.064,0.023,33.08,0.693
2009-04-19,34.238,0.001,31.48,0.984
2009-04-20,34.637,0.0,24.1,1.604
2009-04-21,34.718,0.003,21.52,2.199
2009-04-22,34.358,0.0,18.2,2.616
2009-04-23,34.266,0.0,16.93,2.0
2009-04-24,33.906,0.001,15.36,0.948
2009-04-25,32.799,0.376,31.32,1.398
2009-04-26,33.371,0.021,29.15,0.734
2009-04-27,33.78,0.004,24.63,0.4
2009-04-28,34.298,0.003,21.74,0.891
2009-04-29,34.981,0.001,23.91,1.835
2009-04-30,35.807,0.034,21.64,1.604
2009-05-01,36.355,0.0,18.63,1.081
2009-05-02,36.363,0.004,17.82,1.972
2009-05-03,35.701,0.014,18.26,1.025
2009-05-04,35.016,0.133,23.29,0.868
2009-05-05,34.511,0.284,28.09,1.104
2009-05-06,35.126,0.018,20.34,1.581
2009-05-07,35.421,0.03,18.64,1.814
2009-05-08,35.422,0.001,18.47,1.817
2009-05-09,35.842,0.0,18.1,1.384
2009-05-10,35.732,0.002,16.9,1.65
2009-05-11,35.33,0.0,17.39,2.181
2009-05-12,35.855,0.001,19.52,1.632
2009-05-13,35.971,0.149,26.12,0.813
2009-05-14,35.059,1.527,31.15,1.329
2009-05-15,35.679,0.332,29.82,1.112
2009-05-16,35.691,0.384,31.11,1.124
2009-05-17,35.344,0.728,35.15,0.762
2009-05-18,34.378,0.239,41.93,0.321
2009-05-19,34.841,0.896,41.37,1.093
2009-05-20,33.813,1.047,46.51,1.098
2009-05-21,33.842,0.535,46.15,0.681
2009-05-22,34.205,0.544,43.82,1.104
2009-05-23,34.757,0.836,38.8,1.1
2009-05-24,35.387,0.096,31.33,2.888
2009-05-25,35.0,0.021,27.76,3.424
2009-05-26,35.192,0.014,28.69,1.978
2009-05-27,35.634,0.001,25.91,1.593
2009-05-28,36.056,0.0,26.36,1.231
2009-05-29,35.874,0.055,28.22,1.533
2009-05-30,34.675,0.003,32.11,1.162
2009-05-31,34.62,0.014,32.98,1.649
2009-06-01,34.553,0.012,34.6,2.553
2009-06-02,34.605,0.0,33.57,2.798
2009-06-03,34.705,0.003,34.23,3.597
2009-06-04,34.974,0.026,33.58,3.514
2009-06-05,34.489,0.728,38.46,2.368
2009-06-06,31.937,1.712,50.96,2.262
2009-06-07,32.005,0.731,49.76,1.907
2009-06-08,33.946,0.002,35.36,3.205
2009-06-09,34.428,0.0,33.05,2.569
2009-06-10,35.406,0.265,31.77,2.274
2009-06-11,34.427,0.718,38.62,2.357
2009-06-12,33.267,0.338,42.2,2.314
2009-06-13,34.317,0.003,35.69,1.764
2009-06-14,34.919,0.005,31.85,2.096
2009-06-15,34.617,0.003,31.2,2.311
2009-06-16,34.656,0.02,32.92,2.282
2009-06-17,35.547,0.002,29.8,2.028
2009-06-18,35.771,0.026,31.71,2.193
2009-06-19,34.049,0.869,41.46,2.548
2009-06-20,31.887,4.519,55.29,2.337
2009-06-21,31.501,0.087,54.74,2.656
2009-06-22,31.542,2.315,57.14,2.795
2009-06-23,32.342,0.524,49.81,2.899
2009-06-24,32.703,0.365,47.33,3.005
2009-06-25,31.208,4.402,57.06,2.853
2009-06-26,29.072,8.215,69.8,2.433
2009-06-27,29.223,10.184,68.56,2.179
2009-06-28,26.475,9.806,84.35,2.203
2009-06-29,28.674,5.444,72.27,1.925
2009-06-30,28.777,7.782,74.94,1.547
2009-07-01,28.909,9.709,74.18,1.33
2009-07-02,27.548,14.521,79.81,1.992
2009-07-03,28.048,6.662,74.52,2.645
2009-07-04,28.175,9.631,70.89,2.493
2009-07-05,26.491,7.846,82.23,1.974
2009-07-06,27.315,1.494,74.43,2.483
2009-07-07,26.763,9.414,77.98,3.107
2009-07-08,25.595,19.122,85.41,2.508
2009-07-09,25.317,23.062,85.91,2.889
2009-07-10,26.372,9.021,81.31,3.242
2009-07-11,27.469,1.192,73.42,3.57
2009-07-12,27.018,4.735,76.1,3.393
2009-07-13,25.145,42.236,87.96,3.635
2009-07-14,24.549,73.202,90.01,4.558
2009-07-15,24.216,58.137,90.15,4.479
2009-07-16,26.171,3.943,80.92,3.36
2009-07-17,28.13,0.461,69.43,3.509
2009-07-18,28.321,0.203,66.56,3.75
2009-07-19,26.457,15.88,78.69,3.548
2009-07-20,24.357,35.141,90.24,3.981
2009-07-21,24.148,45.509,89.84,4.804
2009-07-22,24.228,38.122,87.36,4.542
2009-07-23,27.269,0.763,70.15,3.705
2009-07-24,27.708,0.135,68.52,3.174
2009-07-25,27.842,0.841,69.88,3.595
2009-07-26,26.965,3.466,73.01,3.782
2009-07-27,25.783,7.523,80.76,3.215
2009-07-28,27.252,0.699,70.58,3.546
2009-07-29,27.418,0.593,71.76,2.968
2009-07-30,27.592,0.359,71.84,2.915
2009-07-31,27.582,0.193,69.96,2.93
2009-08-01,27.484,0.195,68.52,3.037
2009-08-02,27.492,0.494,68.45,3.054
2009-08-03,27.738,0.59,69.43,2.825
2009-08-04,27.761,0.341,67.84,3.134
2009-08-05,27.572,0.106,64.57,3.373
2009-08-06,27.825,0.136,63.96,3.27
2009-08-07,27.847,0.579,66.79,3.04
2009-08-08,28.018,0.596,66.86,2.825
2009-08-09,27.907,1.652,69.71,2.877
2009-08-10,26.059,8.913,81.56,2.152
2009-08-11,25.72,8.824,86.81,2.459
2009-08-12,26.282,3.758,85.21,2.414
2009-08-13,27.838,0.51,72.63,2.636
2009-08-14,27.891,0.134,69.9,2.501
2009-08-15,27.572,0.894,73.3,1.839
2009-08-16,27.615,1.228,76.86,1.047
2009-08-17,27.558,3.852,78.38,0.361
2009-08-18,27.447,3.872,80.76,0.968
2009-08-19,27.626,8.458,80.27,1.191
2009-08-20,25.213,13.698,91.01,1.419
2009-08-21,25.697,10.627,86.83,1.189
2009-08-22,25.882,8.981,86.73,0.994
2009-08-23,26.068,11.907,86.29,0.756
2009-08-24,26.003,13.873,86.67,1.201
2009-08-25,25.039,30.167,90.11,2.105
2009-08-26,24.219,29.709,90.07,3.473
2009-08-27,24.728,11.82,86.81,3.524
2009-08-28,25.519,1.11,79.92,2.842
2009-08-29,27.038,0.651,77.13,2.227
2009-08-30,27.497,4.411,77.39,1.885
2009-08-31,26.048,16.221,86.97,1.681
2009-09-01,25.823,11.26,88.55,1.491
2009-09-02,25.156,18.987,90.69,1.657
2009-09-03,25.019,6.689,88.64,2.256
2009-09-04,24.942,14.736,89.3,2.735
2009-09-05,25.298,11.545,87.2,3.003
2009-09-06,25.381,11.012,86.15,3.392
2009-09-07,27.192,0.69,77.12,3.623
2009-09-08,27.464,0.226,72.79,3.66
2009-09-09,26.77,1.13,75.86,2.888
2009-09-10,27.194,0.15,75.08,2.147
2009-09-11,27.703,0.892,77.78,0.732
2009-09-12,28.109,0.841,78.12,0.852
2009-09-13,28.384,0.523,75.42,1.421
2009-09-14,28.692,0.009,66.94,1.825
2009-09-15,28.432,0.006,64.91,2.204
2009-09-16,28.037,0.038,66.03,2.068
2009-09-17,27.97,0.04,68.19,1.899
2009-09-18,28.279,0.443,71.5,1.186
2009-09-19,28.683,0.397,72.42,0.963
2009-09-20,29.051,0.124,69.38,0.426
2009-09-21,29.157,0.85,71.29,0.502
2009-09-22,28.912,0.677,73.68,1.099
2009-09-23,29.657,0.112,67.25,1.298
2009-09-24,30.095,0.069,58.86,2.406
2009-09-25,29.983,0.046,57.92,2.938
2009-09-26,29.224,0.956,61.38,2.558
2009-09-27,27.35,7.682,76.75,1.833
2009-09-28,27.49,13.036,79.73,1.669
2009-09-29,26.274,18.858,86.43,2.057
2009-09-30,26.578,26.967,86.52,2.045
2009-10-01,26.658,14.485,83.2,2.737
2009-10-02,25.459,12.359,89.76,1.398
2009-10-03,25.618,6.821,88.01,1.498
2009-10-04,25.609,6.145,88.35,1.233
2009-10-05,25.63,3.826,84.64,2.985
2009-10-06,25.998,5.466,83.85,2.827
2009-10-07,27.112,0.56,76.22,2.594
2009-10-08,26.554,0.135,73.87,2.128
2009-10-09,26.134,0.004,68.89,1.692
2009-10-10,26.288,0.007,65.29,1.368
2009-10-11,26.592,0.03,67.14,0.727
2009-10-12,26.429,0.006,66.01,0.743
2009-10-13,26.669,0.003,63.85,0.799
2009-10-14,26.596,0.022,66.37,1.062
2009-10-15,26.983,0.16,67.78,0.896
2009-10-16,26.97,0.036,66.48,0.946
2009-10-17,26.798,0.008,62.74,1.383
2009-10-18,26.759,0.0,59.12,1.208
2009-10-19,26.244,0.0,52.17,1.339
2009-10-20,26.015,0.0,49.47,1.384
2009-10-21,25.957,0.0,50.34,1.295
2009-10-22,25.817,0.003,47.71,1.527
2009-10-23,25.562,0.001,48.95,0.646
2009-10-24,25.177,0.001,49.03,0.518
2009-10-25,25.24,0.0,47.55,0.878
2009-10-26,24.525,0.002,50.97,1.471
2009-10-27,24.136,0.001,47.15,1.442
2009-10-28,24.558,0.001,49.04,1.525
2009-10-29,25.091,0.001,49.28,1.33
2009-10-30,24.886,0.003,50.47,1.569
2009-10-31,24.954,0.002,45.8,1.618
2009-11-01,24.553,0.0,44.9,1.631
2009-11-02,24.413,0.002,44.74,1.898
2009-11-03,24.193,0.001,51.13,1.476
2009-11-04,25.434,0.036,57.89,1.692
2009-11-05,25.823,0.112,64.19,1.507
2009-11-06,26.14,0.022,65.09,1.352
2009-11-07,25.889,3.059,73.19,1.266
2009-11-08,25.634,2.502,77.85,0.891
2009-11-09,25.533,0.531,76.54,0.639
2009-11-10,25.506,1.146,76.19,1.145
2009-11-11,25.773,0.745,70.2,3.079
2009-11-12,26.261,2.147,76.66,3.113
2009-11-13,26.313,2.007,77.12,1.824
2009-11-14,26.804,0.502,72.55,0.882
2009-11-15,27.129,0.246,67.14,1.532
2009-11-16,25.922,5.591,75.15,1.819
2009-11-17,24.215,14.786,88.78,0.856
2009-11-18,23.621,4.7,89.54,0.442
2009-11-19,23.674,0.12,67.64,2.098
2009-11-20,22.497,0.001,61.87,1.851
2009-11-21,21.723,0.0,56.7,1.774
2009-11-22,21.297,0.001,57.98,1.521
2009-11-23,21.624,0.001,58.15,1.388
2009-11-24,22.333,0.0,56.16,0.998
2009-11-25,23.067,0.0,50.95,0.944
2009-11-26,23.084,0.002,53.84,1.639
2009-11-27,21.826,0.001,48.96,1.553
2009-11-28,21.24,0.0,48.8,1.252
2009-11-29,21.024,0.002,50.56,1.151
2009-11-30,21.017,0.001,51.95,1.056
2009-12-01,21.158,0.001,51.4,1.039
2009-12-02,21.582,0.0,50.91,1.073
2009-12-03,22.179,0.005,52.6,0.773
2009-12-04,22.429,0.001,53.97,0.743
2009-12-05,22.42,0.002,53.43,0.61
2009-12-06,22.888,0.0,58.77,1.055
2009-12-07,23.225,0.001,63.25,1.118
2009-12-08,23.62,0.0,61.41,1.222
2009-12-09,23.617,0.0,59.89,0.716
2009-12-10,24.101,0.002,56.19,0.665
2009-12-11,23.639,0.003,57.01,1.187
2009-12-12,23.466,0.001,54.0,0.994
2009-12-13,23.533,0.003,54.63,0.814
2009-12-14,23.627,0.001,56.76,0.732
2009-12-15,24.256,0.0,57.64,0.702
2009-12-16,24.124,0.007,60.53,1.647
2009-12-17,24.152,0.01,56.76,1.746
2009-12-18,23.285,0.059,62.97,0.715
2009-12-19,23.651,0.054,62.88,1.268
2009-12-20,23.816,0.102,63.8,1.405
2009-12-21,23.503,0.016,57.3,1.525
2009-12-22,22.012,0.001,50.95,1.958
2009-12-23,20.84,0.001,41.01,1.569
2009-12-24,20.687,0.0,39.71,1.187
2009-12-25,20.911,0.002,42.71,0.84
2009-12-26,21.187,0.001,46.94,1.194
2009-12-27,21.961,0.0,49.66,1.632
2009-12-28,22.716,0.019,55.45,1.712
2009-12-29,23.291,2.526,63.55,1.736
2009-12-30,21.398,5.466,80.94,1.263
2009-12-31,21.628,0.034,64.32,1.766
2010-01-01,20.489,0.0,48.58,1.856
2010-01-02,20.412,0.001,47.32,1.449
2010-01-03,21.392,0.001,41.64,1.233
2010-01-04,22.835,0.0,45.86,1.746
2010-01-05,22.103,0.0,52.46,2.015
2010-01-06,20.718,0.0,44.45,1.667
2010-01-07,20.525,0.001,41.9,1.209
2010-01-08,21.559,0.0,43.1,1.073
2010-01-09,23.088,0.0,42.09,1.168
2010-01-10,24.298,0.001,46.69,1.11
2010-01-11,25.044,0.007,56.97,1.27
2010-01-12,24.666,8.29,75.29,0.864
2010-01-13,23.382,5.114,79.44,0.483
2010-01-14,22.788,0.415,70.12,1.682
2010-01-15,22.431,0.004,57.4,1.812
2010-01-16,21.487,0.003,54.21,1.453
2010-01-17,21.799,0.001,51.89,1.269
2010-01-18,21.926,0.0,45.25,1.228
2010-01-19,21.36,0.001,40.69,1.463
2010-01-20,21.019,0.001,35.89,1.573
2010-01-21,20.879,0.0,33.55,1.458
2010-01-22,21.342,0.001,33.86,0.995
2010-01-23,21.885,0.001,33.85,0.807
2010-01-24,22.015,0.001,47.1,1.237
2010-01-25,22.575,0.0,46.41,0.776
2010-01-26,22.819,0.001,36.12,1.152
2010-01-27,22.674,0.001,36.86,1.341
2010-01-28,22.899,0.001,38.67,0.969
2010-01-29,22.918,0.001,37.27,1.141
2010-01-30,22.859,0.003,34.34,1.642
2010-01-31,23.438,0.003,34.68,0.76
2010-02-01,23.714,0.002,43.34,1.619
2010-02-02,24.764,0.005,45.53,1.721
2010-02-03,24.842,0.004,46.7,1.725
2010-02-04,24.506,0.006,47.62,1.195
2010-02-05,24.588,0.002,50.18,1.076
2010-02-06,25.07,0.002,47.29,1.158
2010-02-07,24.817,0.002,43.84,0.809
2010-02-08,25.091,0.0,40.86,1.228
2010-02-09,25.845,0.001,38.55,1.91
2010-02-10,25.908,0.001,39.58,1.631
2010-02-11,26.019,0.001,41.26,2.236
2010-02-12,26.48,0.001,39.23,2.055
2010-02-13,27.639,0.102,39.98,1.764
2010-02-14,27.627,1.345,45.46,1.613
2010-02-15,27.567,0.939,47.44,0.837
2010-02-16,27.292,0.129,46.91,1.611
2010-02-17,27.49,0.146,51.52,0.668
2010-02-18,27.838,0.002,46.32,1.148
2010-02-19,28.33,0.422,46.04,1.059
2010-02-20,28.239,0.012,45.45,1.238
2010-02-21,28.734,0.031,45.47,1.456
2010-02-22,26.785,3.238,59.27,0.279
2010-02-23,27.083,2.768,59.53,1.251
2010-02-24,26.643,0.002,40.97,1.244
2010-02-25,27.443,0.024,40.64,0.583
2010-02-26,28.221,0.117,48.87,0.497
2010-02-27,28.386,0.0,35.62,1.215
2010-02-28,28.747,0.001,26.08,0.168
2010-03-01,29.048,0.002,29.19,0.99
2010-03-02,29.892,0.0,32.63,1.438
2010-03-03,30.714,0.002,31.13,1.32
2010-03-04,30.641,0.0,33.33,0.583
2010-03-05,30.345,0.0,34.31,0.661
2010-03-06,31.374,0.002,33.01,0.862
2010-03-07,30.534,-0.0,31.56,1.963
2010-03-08,30.501,0.001,29.44,1.196
2010-03-09,31.184,0.003,33.55,1.023
2010-03-10,30.918,1.346,44.22,0.853
2010-03-11,30.872,1.021,45.53,0.554
2010-03-12,30.441,0.995,49.45,0.448
2010-03-13,29.795,2.016,50.53,1.012
2010-03-14,30.417,0.003,31.55,1.603
2010-03-15,30.218,0.001,24.74,0.855
2010-03-16,30.603,0.0,26.12,1.086
2010-03-17,30.973,0.0,31.64,1.561
2010-03-18,30.724,0.011,33.4,1.272
2010-03-19,30.922,0.0,32.57,0.764
2010-03-20,31.59,0.001,27.59,0.18
2010-03-21,31.904,0.0,24.5,0.224
2010-03-22,32.304,0.0,23.98,0.687
2010-03-23,33.011,0.001,25.44,1.291
2010-03-24,33.063,0.0,28.91,1.689
2010-03-25,32.822,0.0,32.32,1.916
2010-03-26,32.954,0.007,32.7,1.873
2010-03-27,32.59,0.005,34.55,1.937
2010-03-28,32.813,0.02,38.36,1.792
2010-03-29,32.57,0.39,42.63,1.779
2010-03-30,32.893,0.034,32.87,0.974
2010-03-31,32.255,0.001,24.38,1.645
2010-04-01,31.535,0.003,21.81,2.145
2010-04-02,31.959,0.002,26.32,1.631
2010-04-03,32.543,0.001,24.21,0.824
2010-04-04,32.82,0.0,22.87,0.656
2010-04-05,33.554,0.0,23.26,0.331
2010-04-06,34.355,0.001,21.63,0.22
2010-04-07,34.533,0.002,26.02,1.238
2010-04-08,34.467,0.005,28.66,1.84
2010-04-09,34.474,0.001,27.09,1.888
2010-04-10,34.851,0.004,24.26,1.924
2010-04-11,35.361,0.039,25.25,0.888
2010-04-12,35.148,0.142,25.28,0.606
2010-04-13,35.31,0.0,23.1,0.564
2010-04-14,35.483,0.012,25.73,0.571
2010-04-15,35.682,0.001,28.77,1.027
2010-04-16,35.452,0.204,32.03,2.123
2010-04-17,35.549,0.004,29.25,2.132
2010-04-18,35.781,0.014,27.69,1.706
2010-04-19,35.907,0.256,26.54,1.007
2010-04-20,35.19,0.0,24.16,1.706
2010-04-21,35.351,0.002,23.3,1.465
2010-04-22,35.988,0.004,21.02,1.051
2010-04-23,35.847,0.015,22.91,0.621
2010-04-24,35.333,0.025,22.59,1.178
2010-04-25,35.147,0.003,22.36,0.648
2010-04-26,34.582,0.619,30.65,1.7
2010-04-27,35.198,0.012,29.46,2.1
2010-04-28,35.611,0.061,27.63,2.074
2010-04-29,33.926,1.139,39.24,2.194
2010-04-30,32.744,0.203,40.88,1.32
2010-05-01,33.072,0.265,39.3,0.766
2010-05-02,32.757,1.052,39.44,0.985
2010-05-03,32.595,1.09,36.3,1.707
2010-05-04,33.131,0.952,34.3,1.541
2010-05-05,34.062,0.047,31.06,1.297
2010-05-06,34.936,0.014,28.21,0.468
2010-05-07,35.116,0.006,32.17,1.574
2010-05-08,35.354,0.062,31.27,1.142
2010-05-09,36.392,0.0,24.11,0.532
2010-05-10,36.963,0.0,22.31,0.753
2010-05-11,37.001,0.002,20.17,0.451
2010-05-12,37.286,0.0,21.88,0.86
2010-05-13,37.323,0.01,25.66,1.633
2010-05-14,36.974,0.438,29.78,1.437
2010-05-15,36.715,0.035,28.42,1.217
2010-05-16,36.865,0.015,27.67,1.557
2010-05-17,37.552,0.002,27.67,1.249
2010-05-18,36.672,0.381,34.08,1.619
2010-05-19,34.246,0.691,44.57,1.913
2010-05-20,32.828,0.456,49.87,1.798
2010-05-21,31.697,0.606,53.35,1.453
2010-05-22,31.89,0.494,51.22,0.616
2010-05-23,36.146,0.002,31.76,0.428
2010-05-24,37.939,0.002,23.44,2.267
2010-05-25,38.327,0.0,18.55,4.133
2010-05-26,37.217,0.001,23.3,4.563
2010-05-27,36.247,0.0,28.61,3.532
2010-05-28,37.011,0.0,26.89,3.122
2010-05-29,37.129,0.0,22.95,3.206
2010-05-30,37.28,0.0,20.46,3.173
2010-05-31,37.05,0.0,19.28,2.608
2010-06-01,37.279,0.001,23.1,2.859
2010-06-02,36.342,0.053,32.3,3.733
2010-06-03,35.851,0.632,35.04,2.7
2010-06-04,36.613,0.118,32.87,3.273
2010-06-05,36.5,0.008,31.01,4.005
2010-06-06,36.155,0.019,29.92,3.697
2010-06-07,35.962,0.013,31.07,3.321
2010-06-08,35.748,0.067,32.98,3.076
2010-06-09,35.158,1.0,37.01,0.602
2010-06-10,33.476,1.87,46.24,0.391
2010-06-11,33.604,1.91,49.75,1.049
2010-06-12,34.214,0.312,46.28,0.94
2010-06-13,32.305,0.885,55.49,1.706
2010-06-14,30.585,1.187,62.64,2.245
2010-06-15,28.714,6.749,70.48,3.243
2010-06-16,29.261,5.544,66.38,3.805
2010-06-17,29.169,7.27,66.22,3.701
2010-06-18,29.508,3.518,67.04,2.102
2010-06-19,28.77,3.225,74.82,2.138
2010-06-20,28.132,5.127,76.9,1.688
2010-06-21,28.779,1.642,69.35,2.575
2010-06-22,31.604,0.952,59.39,2.795
2010-06-23,30.642,3.56,64.52,2.774
2010-06-24,29.361,3.923,70.06,2.628
2010-06-25,30.322,3.562,63.42,1.945
2010-06-26,30.287,2.613,66.05,1.417
2010-06-27,30.971,3.136,63.05,1.399
2010-06-28,30.021,8.701,69.46,1.65
2010-06-29,29.806,4.433,69.26,1.708
2010-06-30,27.687,9.842,82.28,1.704
2010-07-01,25.921,39.376,86.97,1.96
2010-07-02,24.847,26.842,91.61,1.124
2010-07-03,25.161,7.684,84.62,2.704
2010-07-04,27.446,2.285,72.02,2.44
2010-07-05,27.499,7.917,78.61,1.822
2010-07-06,25.727,19.172,88.38,2.009
2010-07-07,24.532,34.11,92.99,2.456
2010-07-08,25.61,15.301,86.18,2.681
2010-07-09,26.926,7.843,79.37,2.346
2010-07-10,28.142,3.635,76.5,2.249
2010-07-11,27.469,8.5,79.05,2.474
2010-07-12,26.908,6.412,79.28,2.416
2010-07-13,27.907,1.327,71.49,3.144
2010-07-14,27.722,2.899,75.46,2.769
2010-07-15,26.926,15.757,83.37,1.963
2010-07-16,26.439,20.002,87.42,1.143
2010-07-17,26.561,15.252,86.52,1.609
2010-07-18,27.861,5.883,80.79,1.529
2010-07-19,28.471,4.264,78.02,1.406
2010-07-20,28.22,5.201,78.9,1.535
2010-07-21,27.164,13.021,83.43,1.9
2010-07-22,26.022,11.11,84.69,2.857
2010-07-23,25.865,19.238,85.8,2.807
2010-07-24,25.127,30.02,88.79,3.663
2010-07-25,23.99,34.082,90.16,4.433
2010-07-26,25.012,15.951,82.69,3.735
2010-07-27,25.658,12.012,84.08,2.468
2010-07-28,25.793,13.189,84.76,2.389
2010-07-29,25.155,48.992,90.77,2.549
2010-07-30,24.404,28.746,92.26,2.697
2010-07-31,26.289,9.69,82.38,2.811
2010-08-01,27.162,1.029,74.21,3.237
2010-08-02,27.194,1.037,72.66,3.149
2010-08-03,26.403,8.701,80.33,2.669
2010-08-04,26.286,6.8,79.37,2.32
2010-08-05,24.847,44.913,87.05,3.17
2010-08-06,23.42,132.285,91.35,4.661
2010-08-07,24.915,4.811,78.93,2.849
2010-08-08,25.994,1.826,79.53,1.842
2010-08-09,26.942,0.69,75.94,2.312
2010-08-10,27.307,2.747,76.59,2.243
2010-08-11,26.911,13.053,84.01,1.867
2010-08-12,26.765,23.793,86.09,1.23
2010-08-13,25.004,45.241,94.17,1.567
2010-08-14,25.76,12.254,88.54,1.425
2010-08-15,26.071,23.295,88.8,0.616
2010-08-16,26.322,16.402,87.85,0.904
2010-08-17,27.126,8.524,84.03,1.154
2010-08-18,26.998,8.649,84.88,1.296
2010-08-19,27.059,10.924,84.3,1.048
2010-08-20,25.781,10.279,89.92,0.306
2010-08-21,26.538,8.392,84.12,0.808
2010-08-22,27.161,4.208,79.56,1.032
2010-08-23,27.77,6.138,79.48,1.474
2010-08-24,27.215,11.198,83.04,0.95
2010-08-25,26.442,18.33,87.33,0.992
2010-08-26,26.018,17.285,88.86,0.442
2010-08-27,26.346,5.962,85.31,1.049
2010-08-28,27.117,4.399,81.18,1.96
2010-08-29,25.691,22.83,88.08,2.151
2010-08-30,24.502,82.675,89.76,3.876
2010-08-31,24.632,21.644,85.79,3.797
2010-09-01,26.289,4.689,79.94,3.098
2010-09-02,26.486,3.806,79.28,2.91
2010-09-03,26.163,10.24,82.97,2.7
2010-09-04,24.752,98.277,90.63,3.525
2010-09-05,24.347,45.944,91.06,3.546
2010-09-06,25.274,34.201,86.3,3.344
2010-09-07,24.19,137.433,92.77,3.829
2010-09-08,24.579,42.071,88.55,3.635
2010-09-09,25.696,10.87,84.75,2.503
2010-09-10,26.675,0.216,76.68,1.784
2010-09-11,27.109,1.355,78.52,1.316
2010-09-12,27.511,0.327,75.19,1.397
2010-09-13,27.12,1.951,78.7,1.191
2010-09-14,26.692,11.505,84.34,0.97
2010-09-15,26.272,10.195,86.04,1.744
2010-09-16,25.578,9.275,86.62,2.154
2010-09-17,26.102,5.146,84.44,2.087
2010-09-18,25.548,8.426,86.58,1.592
2010-09-19,26.351,1.201,81.58,1.721
2010-09-20,26.511,15.639,83.55,1.436
2010-09-21,26.779,4.185,83.3,0.561
2010-09-22,26.83,4.581,83.32,0.584
2010-09-23,27.064,3.812,82.9,0.582
2010-09-24,26.937,6.076,83.01,0.855
2010-09-25,27.23,4.098,81.4,0.666
2010-09-26,27.13,5.546,82.12,0.288
2010-09-27,27.124,2.995,82.2,0.737
2010-09-28,27.423,2.381,81.51,0.538
2010-09-29,27.222,1.984,79.23,0.497
2010-09-30,26.736,0.001,66.49,1.653
2010-10-01,26.841,0.0,65.39,1.163
2010-10-02,26.664,2.741,78.12,0.594
2010-10-03,26.283,4.696,85.1,0.578
2010-10-04,26.384,7.147,85.61,0.921
2010-10-05,27.127,4.021,83.09,1.131
2010-10-06,27.556,0.114,71.62,2.154
2010-10-07,26.8,1.655,75.5,1.78
2010-10-08,27.05,0.764,77.57,1.003
2010-10-09,27.019,0.148,71.17,1.265
2010-10-10,27.324,0.08,66.36,1.59
2010-10-11,27.548,0.288,67.63,0.952
2010-10-12,27.273,0.141,64.94,1.122
2010-10-13,26.91,0.002,59.32,1.747
2010-10-14,26.521,0.002,59.57,1.882
2010-10-15,26.075,8.193,63.39,2.305
2010-10-16,24.128,16.178,86.18,2.373
2010-10-17,24.647,4.533,88.17,1.942
2010-10-18,24.733,3.311,88.91,2.324
2010-10-19,25.348,1.32,86.22,1.757
2010-10-20,26.391,1.107,82.69,1.055
2010-10-21,26.365,6.062,83.82,0.776
2010-10-22,25.286,6.307,87.34,1.103
2010-10-23,25.194,6.759,87.89,0.532
2010-10-24,26.052,0.411,78.16,0.934
2010-10-25,26.02,0.149,72.64,1.4
2010-10-26,25.438,0.014,66.83,1.59
2010-10-27,24.697,0.001,60.27,1.558
2010-10-28,24.277,0.0,59.44,1.747
2010-10-29,24.284,0.111,58.2,1.994
2010-10-30,22.492,4.313,78.72,2.409
2010-10-31,22.752,1.05,73.87,3.121
2010-11-01,22.745,1.329,78.09,2.314
2010-11-02,23.713,1.552,80.06,2.039
2010-11-03,24.439,1.49,83.84,0.901
2010-11-04,25.141,2.178,82.81,0.612
2010-11-05,24.884,0.418,76.27,1.127
2010-11-06,23.864,0.002,63.23,1.929
2010-11-07,23.982,1.423,71.88,2.684
2010-11-08,24.359,5.949,86.0,2.462
2010-11-09,25.432,0.564,79.81,1.941
2010-11-10,26.039,1.445,79.37,0.691
2010-11-11,25.75,6.821,82.35,0.4
2010-11-12,25.123,1.06,83.33,0.261
2010-11-13,25.783,1.665,80.97,0.4
2010-11-14,26.203,1.554,78.35,0.857
2010-11-15,25.802,0.648,77.69,0.782
2010-11-16,25.505,0.036,70.92,0.849
2010-11-17,24.824,4.324,81.09,1.433
2010-11-18,25.447,0.283,78.54,0.909
2010-11-19,25.49,3.775,79.9,0.081
2010-11-20,25.582,1.41,79.47,0.516
2010-11-21,25.331,0.73,74.83,0.81
2010-11-22,25.184,0.643,75.94,1.27
2010-11-23,24.94,0.016,71.47,1.96
2010-11-24,25.417,0.073,73.07,1.245
2010-11-25,25.919,0.38,73.17,0.571
2010-11-26,25.786,0.002,66.94,0.331
2010-11-27,25.379,0.002,65.94,1.062
2010-11-28,25.522,0.015,65.85,1.226
2010-11-29,25.599,0.018,65.21,0.333
2010-11-30,25.447,0.001,64.06,0.697
2010-12-01,25.405,0.004,64.24,0.945
2010-12-02,25.263,0.201,67.74,0.827
2010-12-03,24.552,0.058,64.9,1.397
2010-12-04,23.742,0.051,62.19,1.941
2010-12-05,23.009,0.003,51.44,2.364
2010-12-06,21.694,0.301,52.73,3.073
2010-12-07,21.675,3.185,75.25,2.926
2010-12-08,22.092,4.678,82.18,2.562
2010-12-09,22.226,0.159,78.32,1.563
2010-12-10,23.05,0.333,76.54,0.409
2010-12-11,23.594,0.419,73.09,0.491
2010-12-12,23.216,0.146,60.86,0.955
2010-12-13,22.379,0.016,58.74,1.165
2010-12-14,21.408,0.0,56.1,1.644
2010-12-15,19.973,0.002,49.29,1.817
2010-12-16,19.543,0.0,47.64,1.468
2010-12-17,19.382,0.0,46.61,1.436
2010-12-18,18.926,0.0,45.28,1.635
2010-12-19,18.929,0.0,45.41,2.031
2010-12-20,18.865,0.0,46.19,1.805
2010-12-21,18.938,0.0,42.57,1.336
2010-12-22,19.537,0.001,42.47,0.428
2010-12-23,20.27,0.001,50.64,1.546
2010-12-24,20.613,0.001,56.81,1.187
2010-12-25,21.455,0.0,55.07,0.844
2010-12-26,21.667,0.001,54.16,1.069
2010-12-27,21.518,0.0,59.42,1.253
2010-12-28,21.523,0.001,59.07,1.082
2010-12-29,21.639,0.048,63.2,1.037
2010-12-30,22.941,0.002,60.19,1.694
2010-12-31,23.323,0.009,57.24,0.416
2011-01-01,22.168,0.007,58.86,1.986
2011-01-02,21.744,0.001,47.59,1.987
2011-01-03,22.293,0.001,47.83,1.88
2011-01-04,21.248,0.001,49.36,1.561
2011-01-05,19.582,0.0,41.21,2.015
2011-01-06,18.247,0.001,37.51,1.948
2011-01-07,18.436,0.002,38.94,1.655
2011-01-08,19.193,0.0,39.29,1.342
2011-01-09,19.861,0.001,37.39,1.562
2011-01-10,19.035,0.002,36.73,2.037
2011-01-11,18.928,0.001,37.42,1.577
2011-01-12,20.708,0.001,35.3,1.023
2011-01-13,22.49,0.001,34.18,0.447
2011-01-14,22.55,0.001,36.93,1.337
2011-01-15,22.791,0.002,45.99,1.491
2011-01-16,22.045,0.003,46.35,1.515
2011-01-17,21.186,0.001,36.59,1.188
2011-01-18,22.801,0.0,33.43,0.451
2011-01-19,23.126,0.002,37.82,0.992
2011-01-20,22.464,0.0,40.11,1.848
2011-01-21,21.483,0.002,31.93,1.883
2011-01-22,22.484,0.002,33.01,0.936
2011-01-23,23.318,0.0,39.9,0.97
2011-01-24,23.449,0.0,49.58,1.122
2011-01-25,24.205,0.001,49.48,1.492
2011-01-26,24.452,0.0,44.82,1.203
2011-01-27,24.395,0.001,44.1,0.566
2011-01-28,24.72,0.001,42.3,1.838
2011-01-29,24.969,0.001,44.72,2.142
2011-01-30,24.894,0.001,46.53,1.428
2011-01-31,25.006,0.0,45.41,0.66
2011-02-01,24.81,0.0,41.05,1.397
2011-02-02,24.33,0.001,40.65,1.313
2011-02-03,23.967,0.0,38.5,1.317
2011-02-04,23.723,0.002,33.45,1.35
2011-02-05,24.275,0.001,31.17,1.002
2011-02-06,24.588,0.0,36.71,1.08
2011-02-07,24.921,0.002,38.68,1.1
2011-02-08,25.189,0.002,37.0,0.827
2011-02-09,25.56,0.002,35.63,1.096
2011-02-10,25.928,0.002,34.23,0.881
2011-02-11,25.36,0.003,36.2,0.341
2011-02-12,25.405,0.003,35.34,0.251
2011-02-13,25.751,0.0,35.25,1.052
2011-02-14,26.29,0.0,31.17,2.139
2011-02-15,25.886,0.0,26.57,2.76
2011-02-16,25.299,0.001,43.47,1.243
2011-02-17,25.433,0.001,44.93,0.653
2011-02-18,26.014,0.006,45.48,0.683
2011-02-19,25.898,0.641,56.14,1.13
2011-02-20,24.058,8.856,70.72,0.893
2011-02-21,23.351,0.972,63.6,1.789
2011-02-22,23.786,0.001,47.53,1.427
2011-02-23,24.636,0.003,49.06,1.008
2011-02-24,25.421,0.3,54.18,0.556
2011-02-25,24.931,0.628,62.18,0.514
2011-02-26,25.307,0.303,60.17,0.993
2011-02-27,26.105,0.002,48.81,1.074
2011-02-28,26.137,0.074,51.7,0.94
2011-03-01,26.483,0.019,49.53,1.083
2011-03-02,27.465,0.039,49.59,0.418
2011-03-03,28.16,0.001,45.86,1.066
2011-03-04,28.612,0.001,41.09,1.317
2011-03-05,29.093,0.013,39.77,0.766
2011-03-06,29.99,0.0,36.01,0.337
2011-03-07,30.033,0.001,34.56,1.387
2011-03-08,29.974,0.002,31.33,1.09
2011-03-09,29.758,0.002,32.75,0.885
2011-03-10,29.858,0.002,33.15,1.172
2011-03-11,29.268,0.0,30.28,0.279
2011-03-12,28.308,0.001,32.62,1.046
2011-03-13,28.179,0.001,28.35,1.15
2011-03-14,28.505,0.0,28.24,0.326
2011-03-15,28.63,0.002,25.64,1.134
2011-03-16,28.289,0.0,24.47,1.517
2011-03-17,28.974,0.0,31.04,1.661
2011-03-18,29.586,0.0,30.49,1.558
2011-03-19,30.218,0.0,29.54,1.798
2011-03-20,30.22,0.001,29.98,1.467
2011-03-21,30.324,0.0,29.09,0.639
2011-03-22,30.95,0.0,29.51,0.741
2011-03-23,31.029,0.098,34.78,1.454
2011-03-24,30.242,0.483,40.36,0.943
2011-03-25,28.82,1.55,51.05,1.023
2011-03-26,29.194,0.043,42.36,0.569
2011-03-27,29.787,0.001,29.07,0.733
2011-03-28,30.298,0.001,24.01,0.861
2011-03-29,30.39,0.0,25.22,1.283
2011-03-30,30.692,0.001,21.23,1.383
2011-03-31,30.535,0.001,19.68,1.998
2011-04-01,30.393,0.0,19.95,1.555
2011-04-02,30.669,0.002,22.91,1.052
2011-04-03,31.014,0.0,31.53,1.322
2011-04-04,30.958,0.006,28.02,0.786
2011-04-05,30.321,0.346,41.2,1.236
2011-04-06,29.239,0.944,56.49,1.908
2011-04-07,30.089,0.166,47.59,1.119
2011-04-08,29.539,1.934,49.21,0.76
2011-04-09,30.302,0.604,43.06,1.636
2011-04-10,30.764,0.087,43.07,1.647
2011-04-11,31.415,0.061,39.58,0.983
2011-04-12,31.846,0.323,38.64,1.554
2011-04-13,31.665,1.656,40.53,1.454
2011-04-14,31.15,0.76,41.75,2.445
2011-04-15,31.463,0.814,43.23,1.965
2011-04-16,31.751,0.423,43.51,1.764
2011-04-17,31.607,0.635,46.17,1.573
2011-04-18,32.835,0.134,35.08,0.939
2011-04-19,32.634,0.618,38.63,1.899
2011-04-20,32.196,0.412,41.73,2.52
2011-04-21,30.74,5.271,52.74,1.73
2011-04-22,28.188,6.225,66.7,1.479
2011-04-23,29.467,0.153,54.39,1.392
2011-04-24,29.842,0.54,52.68,1.483
2011-04-25,30.282,0.756,52.89,1.455
2011-04-26,31.518,0.052,43.56,1.982
2011-04-27,31.713,0.003,40.31,1.952
2011-04-28,32.585,0.001,34.57,0.435
2011-04-29,32.482,0.002,40.89,1.355
2011-04-30,32.258,0.57,48.99,1.85
2011-05-01,32.641,0.589,46.05,0.939
2011-05-02,33.68,0.015,34.71,1.469
2011-05-03,34.376,0.001,24.77,2.288
2011-05-04,33.977,0.001,22.38,2.98
2011-05-05,33.726,0.0,25.84,2.419
2011-05-06,34.75,0.003,26.83,2.245
2011-05-07,34.53,0.0,22.84,2.29
2011-05-08,34.542,0.002,23.64,1.648
2011-05-09,35.121,0.069,24.29,1.809
2011-05-10,34.525,0.01,25.64,1.754
2011-05-11,34.149,0.003,25.46,2.069
2011-05-12,34.409,0.001,22.05,1.409
2011-05-13,34.463,0.0,23.89,0.946
2011-05-14,35.17,0.009,24.6,0.846
2011-05-15,35.522,0.004,24.43,0.444
2011-05-16,35.014,0.401,30.71,1.292
2011-05-17,34.514,0.663,38.46,1.555
2011-05-18,34.366,0.468,38.71,1.679
2011-05-19,35.499,0.266,32.24,1.191
2011-05-20,35.18,0.004,30.63,1.738
2011-05-21,34.553,0.0,29.62,2.651
2011-05-22,34.243,0.0,31.88,2.51
2011-05-23,34.649,0.004,33.84,2.156
2011-05-24,35.275,0.01,30.38,1.743
2011-05-25,34.748,0.654,34.08,1.13
2011-05-26,33.811,0.3,39.45,1.573
2011-05-27,34.513,0.774,37.9,1.431
2011-05-28,34.912,0.021,36.1,1.495
2011-05-29,35.505,0.052,32.68,2.029
2011-05-30,36.27,0.02,28.94,2.644
2011-05-31,35.42,0.112,31.9,2.463
2011-06-01,34.875,0.066,33.65,1.941
2011-06-02,33.734,3.594,42.87,1.202
2011-06-03,30.978,2.901,59.85,1.209
2011-06-04,30.762,0.863,59.55,2.236
2011-06-05,31.27,2.545,57.29,1.809
2011-06-06,31.141,3.906,59.13,1.534
2011-06-07,30.484,5.932,64.24,1.704
2011-06-08,29.856,2.364,64.74,2.147
2011-06-09,30.177,2.673,61.28,3.278
2011-06-10,29.531,0.875,63.64,3.451
2011-06-11,30.916,0.279,56.64,3.525
2011-06-12,32.284,0.025,47.03,3.577
2011-06-13,32.293,0.1,48.33,3.92
2011-06-14,31.07,3.362,55.66,3.194
2011-06-15,28.328,5.412,65.98,3.525
2011-06-16,29.794,1.948,57.1,4.03
2011-06-17,31.165,0.136,53.27,4.259
2011-06-18,31.959,0.051,45.23,4.556
2011-06-19,31.248,0.234,49.44,4.167
2011-06-20,28.161,5.322,66.72,3.106
2011-06-21,29.377,0.689,59.82,3.9
2011-06-22,30.952,0.256,52.71,3.379
2011-06-23,31.616,0.025,48.79,3.166
2011-06-24,30.63,0.576,51.97,3.445
2011-06-25,28.499,0.907,61.0,2.995
2011-06-26,26.785,12.623,76.1,2.674
2011-06-27,28.151,5.142,67.08,2.658
2011-06-28,28.657,1.954,65.34,3.05
2011-06-29,29.893,0.411,58.46,2.933
2011-06-30,30.771,0.023,52.96,1.957
2011-07-01,31.383,0.093,50.35,1.65
2011-07-02,29.828,2.15,59.52,1.832
2011-07-03,29.349,2.581,62.76,1.643
2011-07-04,28.193,6.741,71.2,1.58
2011-07-05,25.751,17.892,86.02,1.433
2011-07-06,24.157,65.578,94.49,1.731
2011-07-07,25.18,27.77,88.19,1.683
2011-07-08,26.791,2.138,77.96,2.408
2011-07-09,27.822,0.598,69.43,3.315
2011-07-10,28.299,0.635,66.41,3.264
2011-07-11,28.147,0.299,64.84,3.593
2011-07-12,25.849,14.871,82.98,2.751
2011-07-13,25.044,12.493,89.32,2.623
2011-07-14,25.598,3.654,81.45,3.556
2011-07-15,26.225,3.705,81.64,2.208
2011-07-16,27.299,1.197,76.87,2.393
2011-07-17,27.203,9.183,80.5,2.552
2011-07-18,27.681,3.633,74.69,3.433
2011-07-19,27.266,5.712,76.05,3.879
2011-07-20,25.413,6.262,84.34,3.62
2011-07-21,26.312,2.367,75.13,3.666
2011-07-22,25.679,4.633,78.28,3.103
2011-07-23,26.731,2.185,74.39,2.495
2011-07-24,26.904,2.269,77.37,1.251
2011-07-25,26.485,10.946,85.34,0.316
2011-07-26,26.831,9.48,83.17,1.031
2011-07-27,27.21,10.948,81.1,1.259
2011-07-28,26.883,12.496,81.2,1.903
2011-07-29,26.663,15.46,83.23,1.905
2011-07-30,26.756,6.82,82.48,1.992
2011-07-31,26.994,8.418,79.34,2.788
2011-08-01,26.725,3.446,77.96,3.248
2011-08-02,27.149,2.569,76.59,2.6
2011-08-03,25.908,10.948,85.89,2.383
2011-08-04,26.063,4.627,82.61,2.684
2011-08-05,27.19,1.403,75.57,2.991
2011-08-06,26.084,6.984,79.55,3.174
2011-08-07,26.607,2.384,78.03,3.018
2011-08-08,27.207,1.267,73.52,3.012
2011-08-09,27.114,0.54,73.67,3.007
2011-08-10,27.611,0.252,69.18,3.025
2011-08-11,27.74,0.535,69.42,3.051
2011-08-12,26.184,4.192,78.29,2.72
2011-08-13,25.426,2.523,84.81,2.293
2011-08-14,26.978,1.863,76.62,2.718
2011-08-15,27.443,2.399,74.59,1.955
2011-08-16,27.154,1.734,77.39,1.642
2011-08-17,27.29,5.708,79.7,1.258
2011-08-18,25.916,12.657,86.57,0.912
2011-08-19,25.309,24.571,89.46,0.626
2011-08-20,25.466,7.767,88.42,0.717
2011-08-21,26.151,8.203,85.11,1.007
2011-08-22,25.997,6.743,85.58,0.675
2011-08-23,26.271,8.543,85.58,0.755
2011-08-24,25.545,16.806,89.46,1.161
2011-08-25,24.759,12.363,89.82,2.26
2011-08-26,23.613,24.511,90.89,3.177
2011-08-27,23.339,23.819,92.25,3.457
2011-08-28,24.516,11.057,87.12,3.132
2011-08-29,24.748,18.102,90.75,1.776
2011-08-30,25.224,26.059,89.44,1.798
2011-08-31,24.659,17.772,92.06,1.846
2011-09-01,24.53,27.848,92.31,2.26
2011-09-02,25.08,20.855,88.95,2.803
2011-09-03,25.76,11.002,85.0,2.744
2011-09-04,26.527,2.948,79.18,2.611
2011-09-05,26.951,1.1,75.6,2.582
2011-09-06,26.299,3.676,77.68,2.957
2011-09-07,24.802,19.596,89.47,2.639
2011-09-08,26.091,2.685,78.83,2.15
2011-09-09,25.96,2.784,82.27,1.541
2011-09-10,26.421,1.225,77.03,2.213
2011-09-11,26.527,1.821,80.46,1.378
2011-09-12,27.258,1.491,78.3,1.212
2011-09-13,26.704,14.688,83.97,0.946
2011-09-14,25.679,19.63,89.33,0.995
2011-09-15,25.967,15.764,87.76,0.846
2011-09-16,25.776,10.425,86.63,1.839
2011-09-17,26.012,8.743,82.75,2.273
2011-09-18,26.341,1.718,79.95,2.129
2011-09-19,26.402,0.114,71.64,2.515
2011-09-20,26.471,1.927,74.72,2.66
2011-09-21,26.466,0.668,75.58,2.725
2011-09-22,26.348,0.817,75.48,2.609
2011-09-23,25.712,1.366,79.25,2.484
2011-09-24,26.539,0.434,75.24,2.481
2011-09-25,26.681,0.299,73.64,2.074
2011-09-26,26.677,0.885,76.49,2.006
2011-09-27,26.499,1.96,78.18,1.869
2011-09-28,26.933,0.3,73.92,1.661
2011-09-29,26.87,0.044,67.85,1.779
2011-09-30,26.808,0.028,65.37,1.653
2011-10-01,26.664,0.06,67.99,1.385
2011-10-02,27.029,0.065,67.49,1.443
2011-10-03,26.866,0.502,70.85,1.21
2011-10-04,26.114,0.213,71.86,1.028
2011-10-05,26.657,0.002,62.3,1.157
2011-10-06,26.825,0.227,67.21,1.156
2011-10-07,27.171,0.243,72.03,1.1
2011-10-08,27.413,0.394,73.04,1.019
2011-10-09,27.649,0.245,71.18,1.406
2011-10-10,26.867,2.844,77.49,0.905
2011-10-11,26.753,4.349,80.8,0.613
2011-10-12,27.15,1.789,78.33,0.305
2011-10-13,27.626,1.137,77.71,0.226
2011-10-14,28.072,0.573,74.94,0.135
2011-10-15,28.193,0.096,66.11,0.189
2011-10-16,28.088,0.003,61.45,0.753
2011-10-17,28.0,0.156,60.29,0.944
2011-10-18,27.306,0.041,61.97,1.149
2011-10-19,27.38,0.001,54.75,0.997
2011-10-20,27.22,0.006,55.96,0.646
2011-10-21,26.909,0.001,55.62,0.847
2011-10-22,26.702,0.001,50.37,1.253
2011-10-23,26.264,0.001,49.53,1.635
2011-10-24,25.805,0.001,46.88,1.75
2011-10-25,25.505,0.0,47.35,1.601
2011-10-26,25.7,0.001,50.17,1.631
2011-10-27,26.08,0.002,54.45,1.12
2011-10-28,26.186,0.002,51.77,1.179
2011-10-29,25.915,0.003,53.95,0.867
2011-10-30,25.434,0.001,47.32,1.173
2011-10-31,25.6,0.0,48.42,0.595
2011-11-01,25.105,0.004,49.7,1.206
2011-11-02,24.822,0.03,56.58,1.13
2011-11-03,24.936,0.08,59.16,0.731
2011-11-04,25.562,0.004,54.71,0.625
2011-11-05,25.509,0.001,49.42,0.698
2011-11-06,25.609,0.0,45.7,0.477
2011-11-07,25.691,0.0,45.99,0.347
2011-11-08,25.715,0.002,46.69,1.371
2011-11-09,25.025,0.001,47.72,1.401
2011-11-10,24.843,0.0,45.8,0.581
2011-11-11,25.658,0.001,50.92,0.765
2011-11-12,26.053,0.0,52.08,0.941
2011-11-13,26.29,0.0,51.28,0.876
2011-11-14,25.883,0.014,56.13,0.941
2011-11-15,25.241,0.001,49.82,1.331
2011-11-16,23.947,0.003,41.38,1.608
2011-11-17,23.714,0.0,40.7,1.19
2011-11-18,23.909,0.002,43.58,0.787
2011-11-19,24.299,0.001,46.77,1.053
2011-11-20,24.337,0.002,47.91,1.504
2011-11-21,23.915,0.0,51.1,1.446
2011-11-22,23.602,0.003,55.05,1.315
2011-11-23,23.413,0.001,53.94,1.38
2011-11-24,23.514,0.001,54.71,1.345
2011-11-25,23.914,0.0,54.3,1.603
2011-11-26,25.327,0.001,55.26,1.347
2011-11-27,25.825,0.001,59.13,1.004
2011-11-28,26.064,0.001,61.22,0.797
2011-11-29,25.668,0.002,57.99,0.852
2011-11-30,24.88,0.0,54.79,1.313
2011-12-01,24.044,0.001,49.4,1.158
2011-12-02,23.499,0.0,47.89,1.402
2011-12-03,23.248,0.001,51.47,1.259
2011-12-04,24.37,0.0,51.94,0.421
2011-12-05,24.942,0.0,52.03,0.446
2011-12-06,24.764,0.0,50.26,1.021
2011-12-07,23.588,0.0,49.7,1.064
2011-12-08,23.201,0.002,45.32,0.959
2011-12-09,23.62,0.001,45.93,0.95
2011-12-10,24.119,0.0,43.08,0.937
2011-12-11,23.388,0.0,48.04,0.992
2011-12-12,23.108,0.002,52.37,1.175
2011-12-13,22.435,0.002,46.92,1.507
2011-12-14,22.035,0.001,46.27,1.029
2011-12-15,22.083,0.001,45.99,1.076
2011-12-16,22.021,0.0,44.45,0.938
2011-12-17,21.896,0.001,44.84,0.991
2011-12-18,22.112,0.0,41.08,1.111
2011-12-19,21.701,0.0,42.97,1.061
2011-12-20,21.333,0.001,42.71,1.461
2011-12-21,21.088,0.001,40.04,1.481
2011-12-22,20.824,0.0,38.76,1.214
2011-12-23,21.114,0.0,38.1,0.838
2011-12-24,21.384,0.001,38.56,1.507
2011-12-25,21.245,0.0,42.38,1.593
2011-12-26,21.364,0.001,42.12,1.614
2011-12-27,21.198,0.0,40.41,1.688
2011-12-28,21.108,0.002,38.54,2.215
2011-12-29,22.874,0.0,49.68,1.988
2011-12-30,24.848,0.002,59.46,0.912
2011-12-31,23.917,2.193,77.17,2.086
2012-01-01,23.358,4.558,82.77,2.499
2012-01-02,23.907,1.157,77.97,0.758
2012-01-03,23.497,0.629,75.44,0.947
2012-01-04,24.58,0.206,68.12,1.286
2012-01-05,25.183,0.025,61.36,0.706
2012-01-06,25.721,0.027,56.17,1.555
2012-01-07,25.152,0.024,52.52,0.298
2012-01-08,24.723,0.087,52.75,0.12
2012-01-09,22.472,0.481,61.69,1.745
2012-01-10,21.094,0.168,53.65,2.192
2012-01-11,20.279,0.002,43.0,2.125
2012-01-12,19.28,0.001,40.43,2.008
2012-01-13,18.671,0.0,34.32,2.216
2012-01-14,18.096,0.0,29.86,1.514
2012-01-15,19.812,0.001,26.18,0.567
2012-01-16,20.945,0.001,31.31,1.174
2012-01-17,22.393,0.0,34.94,1.007
2012-01-18,22.374,0.0,41.05,0.706
2012-01-19,21.864,0.001,39.49,0.679
2012-01-20,21.058,0.0,39.5,1.662
2012-01-21,20.281,0.002,38.74,1.881
2012-01-22,22.054,0.0,41.93,1.418
2012-01-23,23.503,0.001,52.52,1.588
2012-01-24,24.281,0.005,52.88,1.858
2012-01-25,25.069,0.007,50.34,2.225
2012-01-26,24.782,0.001,45.57,0.457
2012-01-27,24.281,0.003,48.34,1.069
2012-01-28,24.85,0.015,43.26,1.941
2012-01-29,23.961,0.041,52.45,1.415
2012-01-30,23.543,0.035,55.57,1.883
2012-01-31,23.526,0.128,57.79,1.057
2012-02-01,23.095,0.074,56.28,2.063
2012-02-02,23.016,0.001,40.21,1.892
2012-02-03,22.91,0.0,36.55,1.425
2012-02-04,23.746,0.001,37.42,1.181
2012-02-05,24.814,0.001,45.91,1.394
2012-02-06,25.121,0.001,41.42,1.987
2012-02-07,26.143,0.0,37.84,2.512
2012-02-08,25.26,0.002,29.5,1.61
2012-02-09,22.839,0.003,27.87,2.211
2012-02-10,22.753,0.002,32.24,2.002
2012-02-11,23.684,0.001,33.9,1.46
2012-02-12,25.688,0.087,49.53,2.165
2012-02-13,26.762,0.006,50.18,2.526
2012-02-14,27.235,0.001,45.17,2.096
2012-02-15,27.983,0.002,36.61,1.549
2012-02-16,27.079,0.0,33.45,0.457
2012-02-17,26.377,0.002,42.45,1.251
2012-02-18,26.97,0.001,38.15,1.193
2012-02-19,27.44,0.001,36.12,0.905
2012-02-20,27.175,0.0,32.14,1.343
2012-02-21,28.149,0.001,26.08,0.591
2012-02-22,28.153,0.001,26.82,0.408
2012-02-23,28.498,0.002,27.45,0.213
2012-02-24,28.599,0.001,26.74,0.872
2012-02-25,28.496,0.0,26.8,1.131
2012-02-26,28.395,0.002,27.71,0.211
2012-02-27,28.608,0.002,27.56,0.881
2012-02-28,29.063,0.0,23.02,1.983
2012-02-29,27.294,0.001,20.82,1.196
2012-03-01,27.253,0.0,20.71,1.049
2012-03-02,26.864,0.001,23.62,1.003
2012-03-03,26.652,0.001,25.36,1.676
2012-03-04,27.773,0.0,22.13,1.675
2012-03-05,28.541,0.001,22.14,0.512
2012-03-06,28.954,0.003,22.89,1.415
2012-03-07,27.779,0.003,21.45,1.732
2012-03-08,27.249,0.002,19.93,1.86
2012-03-09,26.1,0.0,18.27,2.043
2012-03-10,26.369,0.001,17.08,1.645
2012-03-11,28.692,0.002,28.33,2.516
2012-03-12,29.434,0.0,30.58,2.43
2012-03-13,29.082,0.011,26.94,1.403
2012-03-14,27.957,0.002,20.7,2.046
2012-03-15,28.397,0.002,20.34,0.983
2012-03-16,29.62,0.0,21.61,0.066
2012-03-17,30.62,0.003,23.1,0.467
2012-03-18,30.796,0.0,22.74,0.718
2012-03-19,30.936,0.0,18.2,1.193
2012-03-20,31.459,0.0,19.02,0.701
2012-03-21,31.362,0.0,18.55,0.735
2012-03-22,30.914,0.002,15.98,1.617
2012-03-23,29.95,0.001,13.43,1.788
2012-03-24,30.363,0.002,14.27,1.266
2012-03-25,30.569,0.003,16.47,0.586
2012-03-26,30.619,0.0,20.7,1.028
2012-03-27,30.964,0.001,24.3,1.246
2012-03-28,31.067,0.001,27.07,1.191
2012-03-29,32.134,0.001,24.0,1.01
2012-03-30,32.107,0.653,25.8,1.181
2012-03-31,31.605,0.274,29.8,2.037
2012-04-01,31.519,0.127,31.05,2.009
2012-04-02,31.907,0.107,28.17,1.77
2012-04-03,32.339,0.221,27.44,1.697
2012-04-04,33.084,0.42,24.18,1.743
2012-04-05,33.173,0.14,23.27,0.648
2012-04-06,32.483,0.013,28.23,1.334
2012-04-07,32.291,0.144,34.98,2.024
2012-04-08,32.906,0.014,34.06,2.237
2012-04-09,32.879,0.649,37.2,2.181
2012-04-10,32.975,0.806,35.7,2.207
2012-04-11,31.966,1.106,39.57,2.134
2012-04-12,32.68,0.834,33.16,1.906
2012-04-13,32.684,0.237,29.56,1.394
2012-04-14,32.642,0.339,34.0,2.012
2012-04-15,32.606,0.638,36.07,1.282
2012-04-16,33.454,0.003,30.34,1.359
2012-04-17,34.067,0.077,27.13,0.564
2012-04-18,34.556,0.133,26.16,0.524
2012-04-19,34.895,0.207,26.39,0.518
2012-04-20,35.21,0.042,23.73,1.113
2012-04-21,34.312,0.069,26.95,2.794
2012-04-22,34.141,0.462,32.25,0.222
2012-04-23,33.027,1.021,38.6,1.462
2012-04-24,33.521,0.102,36.77,1.777
2012-04-25,33.628,0.16,35.4,1.205
2012-04-26,32.818,0.374,42.38,2.176
2012-04-27,33.24,0.497,40.62,1.839
2012-04-28,34.112,0.021,34.11,1.401
2012-04-29,34.121,0.129,34.77,1.221
2012-04-30,33.825,0.231,37.35,1.501
2012-05-01,34.649,0.002,27.62,0.732
2012-05-02,34.477,0.001,19.91,1.052
2012-05-03,34.597,0.0,18.26,0.896
2012-05-04,34.656,0.001,18.99,1.364
2012-05-05,34.024,0.038,26.99,0.235
2012-05-06,32.838,1.394,37.29,0.132
2012-05-07,33.754,0.533,29.59,0.875
2012-05-08,33.309,1.151,33.65,1.337
2012-05-09,34.755,0.169,27.48,0.587
2012-05-10,33.959,0.656,32.57,0.299
2012-05-11,34.115,0.539,35.22,0.777
2012-05-12,33.955,0.631,34.4,0.953
2012-05-13,34.383,0.288,32.22,1.464
2012-05-14,34.646,0.075,28.11,2.015
2012-05-15,34.986,0.001,24.14,1.594
2012-05-16,35.258,0.001,19.52,1.867
2012-05-17,35.896,0.001,17.41,2.67
2012-05-18,36.625,0.0,19.07,2.864
2012-05-19,37.2,0.009,17.9,2.585
2012-05-20,36.468,0.001,19.0,1.654
2012-05-21,36.364,0.0,19.51,0.809
2012-05-22,36.515,0.001,20.43,1.52
2012-05-23,36.839,0.003,20.73,2.46
2012-05-24,37.32,0.0,21.97,2.988
2012-05-25,37.646,0.001,21.94,3.491
2012-05-26,38.018,0.0,19.61,3.638
2012-05-27,37.691,0.002,18.58,3.797
2012-05-28,37.634,0.001,20.05,3.605
2012-05-29,38.005,0.001,18.96,3.492
2012-05-30,37.867,0.001,20.7,3.706
2012-05-31,37.417,0.002,22.99,3.246
2012-06-01,36.823,0.008,24.33,3.591
2012-06-02,36.446,0.0,21.34,3.488
2012-06-03,35.486,0.002,25.72,3.498
2012-06-04,35.943,0.004,23.43,2.641
2012-06-05,36.081,0.002,27.6,2.524
2012-06-06,34.001,1.426,42.79,2.497
2012-06-07,34.343,0.07,37.7,2.71
2012-06-08,35.33,0.067,33.62,2.857
2012-06-09,33.807,1.654,41.96,3.09
2012-06-10,32.126,0.546,48.36,2.351
2012-06-11,31.827,2.041,50.24,1.138
2012-06-12,32.373,1.869,47.99,1.131
2012-06-13,31.934,2.235,51.91,1.575
2012-06-14,32.098,6.312,54.2,1.175
2012-06-15,31.217,3.248,62.56,2.357
2012-06-16,30.636,4.285,59.18,2.618
2012-06-17,26.968,20.65,81.49,2.524
2012-06-18,25.635,20.829,87.44,3.002
2012-06-19,27.483,4.395,71.94,3.332
2012-06-20,27.673,3.714,65.84,3.163
2012-06-21,26.714,4.949,72.73,2.196
2012-06-22,27.759,1.839,66.64,2.051
2012-06-23,29.873,0.0,55.16,2.213
2012-06-24,30.595,0.031,54.17,2.812
2012-06-25,29.823,3.87,62.18,2.751
2012-06-26,30.186,0.113,57.72,2.715
2012-06-27,30.474,0.157,55.42,3.135
2012-06-28,29.755,1.907,60.06,2.462
2012-06-29,29.913,2.885,62.29,2.239
2012-06-30,29.518,4.74,66.27,2.341
2012-07-01,27.031,12.103,82.59,1.526
2012-07-02,28.242,3.915,73.68,1.886
2012-07-03,27.307,10.084,77.28,2.319
2012-07-04,28.924,0.292,63.81,2.833
2012-07-05,28.774,10.565,66.27,3.117
2012-07-06,25.805,18.411,87.6,2.483
2012-07-07,26.111,6.249,83.83,2.32
2012-07-08,27.106,5.874,76.37,2.38
2012-07-09,26.65,4.978,81.17,2.031
2012-07-10,27.843,1.272,75.49,1.977
2012-07-11,28.957,0.467,68.56,1.824
2012-07-12,29.308,2.757,67.85,1.762
2012-07-13,28.404,11.883,75.14,1.746
2012-07-14,27.165,10.667,78.86,2.094
2012-07-15,26.454,6.643,80.02,1.997
2012-07-16,25.991,8.012,83.88,1.663
2012-07-17,27.447,10.4,79.71,1.492
2012-07-18,26.301,10.47,83.4,2.925
2012-07-19,25.447,9.344,85.64,3.049
2012-07-20,25.442,14.744,85.78,2.506
2012-07-21,25.825,12.091,84.14,2.689
2012-07-22,24.758,22.449,86.96,3.556
2012-07-23,26.416,2.863,77.72,2.584
2012-07-24,26.421,8.259,79.54,2.793
2012-07-25,25.678,13.96,84.86,2.678
2012-07-26,25.053,12.578,87.02,3.312
2012-07-27,24.404,13.919,89.72,2.614
2012-07-28,25.881,2.685,76.25,3.592
2012-07-29,25.761,4.264,78.79,3.112
2012-07-30,25.234,11.382,80.2,3.273
2012-07-31,23.717,23.56,90.66,3.254
2012-08-01,25.949,4.082,76.76,3.328
2012-08-02,25.64,7.059,80.0,3.647
2012-08-03,24.701,23.138,86.15,3.149
2012-08-04,25.516,3.5,82.01,3.44
2012-08-05,25.323,14.123,85.05,3.595
2012-08-06,25.745,10.047,80.78,3.718
2012-08-07,26.907,2.266,76.74,2.864
2012-08-08,27.466,0.952,73.65,2.923
2012-08-09,26.556,5.421,76.71,3.189
2012-08-10,25.956,9.693,81.36,3.087
2012-08-11,25.607,9.504,81.99,2.659
2012-08-12,26.023,6.195,82.2,2.428
2012-08-13,26.9,0.926,76.48,2.077
2012-08-14,27.222,0.167,72.41,2.178
2012-08-15,26.919,0.221,72.95,2.32
2012-08-16,26.887,0.213,71.16,2.265
2012-08-17,26.959,1.81,71.45,2.865
2012-08-18,24.635,61.661,87.96,2.993
2012-08-19,23.613,67.372,91.1,3.968
2012-08-20,26.609,2.272,77.83,2.542
2012-08-21,26.325,1.508,80.12,1.764
2012-08-22,26.993,0.738,76.24,0.898
2012-08-23,27.793,1.763,76.28,0.724
2012-08-24,27.047,2.596,80.84,1.438
2012-08-25,27.53,1.309,77.55,1.845
2012-08-26,25.814,15.181,85.17,1.953
2012-08-27,25.173,5.527,86.11,2.46
2012-08-28,25.812,8.893,84.3,1.888
2012-08-29,26.617,14.27,85.12,0.958
2012-08-30,25.77,21.332,89.65,0.833
2012-08-31,25.508,7.262,88.67,1.383
2012-09-01,26.837,6.535,82.21,1.805
2012-09-02,26.437,16.69,86.38,1.498
2012-09-03,24.985,41.425,92.49,2.318
2012-09-04,24.18,36.549,93.32,3.38
2012-09-05,25.551,4.056,80.74,3.677
2012-09-06,26.734,0.676,74.89,2.727
2012-09-07,27.152,0.047,73.43,2.043
2012-09-08,27.162,2.491,79.43,1.572
2012-09-09,26.996,5.505,79.13,2.103
2012-09-10,24.969,17.879,89.39,2.541
2012-09-11,25.45,2.163,83.0,2.365
2012-09-12,26.497,0.451,78.08,1.973
2012-09-13,26.932,0.455,75.19,1.866
2012-09-14,27.146,0.228,72.07,2.47
2012-09-15,26.86,0.941,72.16,2.882
2012-09-16,26.355,0.404,74.85,2.336
2012-09-17,26.524,2.394,78.65,1.261
2012-09-18,26.477,3.308,80.45,1.216
2012-09-19,26.865,3.069,79.94,1.034
2012-09-20,26.342,9.776,85.14,0.901
2012-09-21,26.329,8.061,85.49,0.838
2012-09-22,26.003,15.971,87.33,1.231
2012-09-23,25.946,7.333,86.28,1.496
2012-09-24,26.388,5.489,81.75,1.959
2012-09-25,26.098,2.538,81.82,1.762
2012-09-26,26.192,1.1,80.21,1.479
2012-09-27,26.517,0.678,76.25,1.357
2012-09-28,26.723,0.048,69.81,1.666
2012-09-29,26.873,6.279,74.05,1.168
2012-09-30,26.297,24.478,86.26,1.024
2012-10-01,26.711,8.782,82.68,0.81
2012-10-02,24.813,16.021,89.86,1.069
2012-10-03,23.586,32.279,94.21,2.299
2012-10-04,25.978,5.432,83.1,2.037
2012-10-05,26.909,1.113,80.29,1.509
2012-10-06,26.962,0.307,79.41,0.446
2012-10-07,26.984,0.102,71.14,0.585
2012-10-08,26.06,0.0,65.6,1.243
2012-10-09,25.388,0.0,62.38,1.737
2012-10-10,25.1,0.001,65.92,1.845
2012-10-11,25.316,0.0,62.69,1.377
2012-10-12,25.312,0.0,59.97,1.089
2012-10-13,25.48,0.001,57.24,0.917
2012-10-14,25.412,0.0,58.34,1.141
2012-10-15,25.699,0.002,59.46,1.059
2012-10-16,25.651,0.002,58.7,0.867
2012-10-17,25.689,0.001,59.18,1.03
2012-10-18,25.806,0.001,60.35,1.348
2012-10-19,25.18,0.001,59.11,1.472
2012-10-20,25.612,1.468,67.29,0.983
2012-10-21,24.746,1.4,66.38,1.985
2012-10-22,25.493,0.133,69.37,1.043
2012-10-23,26.43,0.203,68.73,0.535
2012-10-24,26.164,0.305,71.08,0.146
2012-10-25,26.614,0.167,65.76,0.444
2012-10-26,26.247,0.517,68.4,0.295
2012-10-27,26.006,0.126,65.0,0.792
2012-10-28,25.24,0.002,57.15,1.858
2012-10-29,23.781,0.0,47.41,1.94
2012-10-30,22.994,0.0,49.74,2.028
2012-10-31,24.898,0.062,51.05,2.48
2012-11-01,23.676,14.061,80.01,1.805
2012-11-02,22.632,22.355,95.21,1.564
2012-11-03,22.971,8.592,93.92,1.5
2012-11-04,24.168,1.018,82.8,2.324
2012-11-05,24.406,0.297,75.39,1.702
2012-11-06,24.112,0.122,72.12,1.167
2012-11-07,23.915,0.001,67.21,1.184
2012-11-08,23.568,0.002,62.72,0.991
2012-11-09,23.213,0.001,59.78,0.798
2012-11-10,22.87,0.001,59.64,1.128
2012-11-11,22.805,0.0,59.28,1.081
2012-11-12,22.497,0.003,56.19,1.252
2012-11-13,22.186,0.001,56.08,0.946
2012-11-14,22.754,0.0,57.25,1.042
2012-11-15,21.375,0.0,57.15,1.832
2012-11-16,20.277,0.001,55.1,1.899
2012-11-17,20.094,0.0,57.02,1.663
2012-11-18,20.363,0.001,56.77,1.809
2012-11-19,21.248,0.002,62.96,1.935
2012-11-20,22.364,0.0,65.61,1.978
2012-11-21,23.55,0.001,69.45,1.726
2012-11-22,24.214,0.001,61.34,1.317
2012-11-23,24.98,0.0,57.86,0.924
2012-11-24,25.064,0.002,60.07,0.576
2012-11-25,25.24,0.007,63.08,0.458
2012-11-26,24.575,0.077,64.98,0.65
2012-11-27,24.07,0.003,60.83,0.496
2012-11-28,24.342,0.001,61.36,0.231
2012-11-29,25.061,0.001,59.09,0.191
2012-11-30,24.335,0.0,56.72,1.003
2012-12-01,23.602,0.001,55.83,0.845
2012-12-02,23.091,0.002,59.19,1.179
2012-12-03,22.57,0.002,53.34,1.637
2012-12-04,22.649,0.035,52.35,1.494
2012-12-05,23.753,0.426,57.91,0.827
2012-12-06,24.296,0.001,58.87,0.982
2012-12-07,25.176,0.001,54.49,0.561
2012-12-08,25.566,0.001,56.94,0.264
2012-12-09,25.663,0.033,61.74,1.106
2012-12-10,25.802,0.003,50.83,2.06
2012-12-11,25.451,0.001,50.25,1.582
2012-12-12,24.405,0.0,58.74,0.43
2012-12-13,24.701,0.002,57.92,1.871
2012-12-14,24.632,0.001,57.32,1.882
2012-12-15,24.381,0.001,58.45,0.684
2012-12-16,24.583,0.001,56.04,1.542
2012-12-17,23.526,0.0,53.89,2.027
2012-12-18,22.411,0.0,51.52,2.164
2012-12-19,21.55,0.001,45.65,1.665
2012-12-20,20.994,0.002,49.62,1.209
2012-12-21,21.235,0.001,53.22,0.914
2012-12-22,21.122,0.0,48.3,1.58
2012-12-23,20.7,0.0,48.27,1.303
2012-12-24,20.802,0.0,49.37,0.782
2012-12-25,20.263,0.001,45.67,1.713
2012-12-26,19.457,0.001,39.84,1.748
2012-12-27,19.559,0.001,43.39,1.371
2012-12-28,19.919,0.0,45.05,0.756
2012-12-29,21.497,0.0,47.78,0.949
2012-12-30,22.925,0.0,56.81,1.248
