date,temp_c,precip_mm,humidity_pct,wind_speed_ms
2000-01-01,21.184,0.0,53.28,1.525
2000-01-02,20.977,0.002,50.15,1.527
2000-01-03,20.39,0.0,42.76,1.739
2000-01-04,20.34,0.002,40.75,1.439
2000-01-05,20.541,0.003,43.65,1.453
2000-01-06,20.154,0.0,39.11,1.855
2000-01-07,19.442,0.001,34.94,1.797
2000-01-08,19.911,0.001,36.73,1.367
2000-01-09,20.918,0.002,45.87,1.249
2000-01-10,21.934,0.0,50.31,1.563
2000-01-11,22.441,0.0,45.76,2.3
2000-01-12,22.89,0.0,40.41,2.057
2000-01-13,24.278,0.017,55.74,0.6
2000-01-14,24.938,0.072,54.57,1.502
2000-01-15,25.083,0.085,54.76,0.853
2000-01-16,24.387,0.515,60.26,1.404
2000-01-17,24.281,0.001,56.98,1.965
2000-01-18,24.213,0.001,54.06,1.718
2000-01-19,24.014,0.001,43.47,0.985
2000-01-20,23.733,0.0,43.31,0.691
2000-01-21,24.747,0.002,41.81,0.55
2000-01-22,24.253,0.001,43.43,1.102
2000-01-23,22.478,0.002,43.84,1.235
2000-01-24,22.556,0.001,39.4,1.699
2000-01-25,22.635,0.001,40.24,1.39
2000-01-26,22.669,0.002,52.6,1.489
2000-01-27,23.31,0.0,46.38,1.631
2000-01-28,23.169,0.001,49.84,0.945
2000-01-29,21.974,0.0,45.64,1.687
2000-01-30,21.845,0.001,31.94,1.138
2000-01-31,22.423,0.001,33.02,1.599
2000-02-01,23.895,0.003,44.34,2.577
2000-02-02,23.894,0.001,47.14,1.997
2000-02-03,24.698,0.002,46.15,0.892
2000-02-04,25.516,0.0,47.4,2.059
2000-02-05,24.521,0.005,44.57,1.35
2000-02-06,23.12,0.001,46.28,1.692
2000-02-07,23.186,0.0,42.41,1.341
2000-02-08,24.691,0.042,51.1,1.173
2000-02-09,24.361,0.495,66.05,0.637
2000-02-10,25.76,0.206,56.92,1.394
2000-02-11,25.409,0.001,42.47,1.413
2000-02-12,23.787,0.001,43.11,1.526
2000-02-13,24.344,0.15,52.06,0.908
2000-02-14,23.782,1.222,69.56,1.582
2000-02-15,24.349,0.322,63.97,1.762
2000-02-16,24.977,0.233,61.08,1.372
2000-02-17,25.321,0.054,42.54,1.282
2000-02-18,23.604,0.002,28.79,1.891
2000-02-19,24.904,0.223,36.05,2.34
2000-02-20,25.06,0.106,45.19,2.768
2000-02-21,24.849,0.194,54.89,1.863
2000-02-22,24.878,0.478,62.22,2.552
2000-02-23,24.42,1.604,67.57,2.059
2000-02-24,23.105,3.331,72.73,1.33
2000-02-25,21.678,3.455,79.09,1.547
2000-02-26,22.804,0.12,67.26,1.623
2000-02-27,23.312,0.002,53.29,1.602
2000-02-28,24.118,0.002,40.17,1.453
2000-02-29,24.567,0.0,33.59,0.945
2000-03-01,25.956,0.001,34.36,1.592
2000-03-02,26.881,0.0,32.46,1.791
2000-03-03,26.88,0.001,28.92,0.789
2000-03-04,27.033,0.002,30.35,0.288
2000-03-05,26.97,0.0,32.33,0.297
2000-03-06,28.08,0.001,32.27,2.239
2000-03-07,26.964,0.001,29.92,1.002
2000-03-08,26.346,0.0,33.82,1.854
2000-03-09,26.336,0.0,28.27,1.206
2000-03-10,26.484,0.001,29.36,0.244
2000-03-11,27.151,0.003,28.95,1.365
2000-03-12,27.393,0.0,25.75,1.452
2000-03-13,26.93,0.0,26.16,1.503
2000-03-14,26.322,0.0,32.53,1.738
2000-03-15,27.109,0.002,27.19,0.868
2000-03-16,27.316,0.0,28.34,0.308
2000-03-17,28.271,0.001,31.55,0.834
2000-03-18,27.998,0.0,33.8,0.889
2000-03-19,28.564,0.0,28.16,0.807
2000-03-20,28.419,0.0,26.36,0.632
2000-03-21,29.885,0.002,34.09,1.797
2000-03-22,29.724,0.021,35.47,2.77
2000-03-23,29.326,0.001,31.7,0.675
2000-03-24,29.006,0.002,27.49,2.127
2000-03-25,28.386,0.0,24.78,1.675
2000-03-26,29.099,0.0,28.61,1.016
2000-03-27,28.754,0.049,37.5,1.259
2000-03-28,29.164,0.002,37.97,0.516
2000-03-29,29.175,0.0,34.65,0.696
2000-03-30,29.999,0.0,26.52,0.472
2000-03-31,30.273,0.0,23.43,1.245
2000-04-01,30.035,0.0,30.65,1.542
2000-04-02,30.816,0.0,40.01,1.215
2000-04-03,31.989,0.001,35.42,1.525
2000-04-04,32.506,0.001,32.61,1.481
2000-04-05,32.559,0.001,31.88,1.805
2000-04-06,32.576,0.069,35.06,1.759
2000-04-07,32.429,0.031,35.27,1.509
2000-04-08,32.486,0.142,34.75,1.729
2000-04-09,32.558,0.0,23.41,1.568
2000-04-10,31.79,0.001,21.09,0.365
2000-04-11,32.221,0.001,26.61,0.666
2000-04-12,32.616,0.016,34.23,1.309
2000-04-13,32.56,0.772,36.59,1.697
2000-04-14,33.04,0.006,31.67,1.09
2000-04-15,32.467,0.023,29.99,1.518
2000-04-16,32.296,0.004,30.28,0.444
2000-04-17,32.46,0.009,31.78,0.729
2000-04-18,31.484,1.275,43.1,1.688
2000-04-19,31.876,0.185,36.19,1.096
2000-04-20,32.31,0.054,31.76,1.302
2000-04-21,33.121,0.001,27.8,1.465
2000-04-22,33.454,0.01,25.04,1.553
2000-04-23,32.933,0.048,26.38,1.578
2000-04-24,33.152,0.001,23.61,2.467
2000-04-25,33.38,0.003,23.16,2.933
2000-04-26,33.647,0.0,24.37,2.304
2000-04-27,34.514,0.0,22.06,2.481
2000-04-28,34.774,0.001,20.64,2.684
2000-04-29,34.88,0.0,18.62,2.563
2000-04-30,34.25,0.002,21.18,1.432
2000-05-01,34.17,0.001,22.32,0.945
2000-05-02,35.169,0.018,21.31,0.302
2000-05-03,35.11,0.015,25.15,1.153
2000-05-04,34.73,0.001,25.62,0.626
2000-05-05,33.849,1.293,33.39,1.036
2000-05-06,32.197,1.322,44.44,1.026
2000-05-07,30.542,1.613,48.59,1.303
2000-05-08,29.633,0.495,53.58,0.945
2000-05-09,30.992,0.798,48.91,0.786
2000-05-10,31.95,0.001,40.31,1.075
2000-05-11,32.235,0.0,38.03,1.548
2000-05-12,32.099,0.018,36.5,2.192
2000-05-13,32.072,0.0,31.81,2.918
2000-05-14,32.747,0.006,30.13,2.864
2000-05-15,32.861,0.002,33.65,3.115
2000-05-16,31.316,0.951,46.58,3.048
2000-05-17,32.066,0.027,40.02,3.355
2000-05-18,30.033,0.325,50.64,4.064
2000-05-19,28.364,4.238,62.46,3.287
2000-05-20,30.501,0.002,47.09,3.142
2000-05-21,30.595,0.253,43.0,2.501
2000-05-22,32.205,0.004,40.58,2.397
2000-05-23,32.712,0.213,42.9,2.407
2000-05-24,31.101,3.326,54.95,2.123
2000-05-25,31.557,0.422,53.27,2.663
2000-05-26,31.605,0.519,53.0,2.551
2000-05-27,30.606,6.581,60.02,1.964
2000-05-28,30.301,1.43,61.4,2.529
2000-05-29,30.685,1.122,57.35,2.24
2000-05-30,30.023,3.112,58.71,2.412
2000-05-31,28.473,13.448,66.32,2.406
2000-06-01,27.718,14.474,74.58,1.844
2000-06-02,27.768,17.949,77.62,1.342
2000-06-03,28.08,23.059,76.06,1.949
2000-06-04,26.289,38.716,85.13,2.135
2000-06-05,25.752,20.955,87.33,1.948
2000-06-06,24.356,40.176,92.87,2.536
2000-06-07,24.807,10.004,86.15,3.993
2000-06-08,26.685,1.591,73.54,4.189
2000-06-09,26.176,7.917,81.12,2.585
2000-06-10,25.936,31.363,84.34,2.133
2000-06-11,26.928,3.47,78.34,2.612
2000-06-12,27.428,0.312,69.25,3.699
2000-06-13,27.023,0.743,68.41,3.982
2000-06-14,27.225,0.295,66.81,4.094
2000-06-15,27.313,0.286,66.75,3.953
2000-06-16,27.437,0.426,65.21,3.874
2000-06-17,27.862,0.496,62.87,4.118
2000-06-18,25.236,16.545,78.71,2.796
2000-06-19,24.671,16.296,83.97,3.685
2000-06-20,25.21,3.05,78.77,2.903
2000-06-21,26.771,1.003,72.15,3.041
2000-06-22,27.316,0.197,68.85,2.432
2000-06-23,27.858,0.085,65.41,2.723
2000-06-24,27.8,0.138,62.24,3.02
2000-06-25,28.058,0.167,62.29,3.056
2000-06-26,27.933,0.312,64.97,2.973
2000-06-27,27.977,0.272,65.04,3.117
2000-06-28,24.723,30.261,83.98,2.353
2000-06-29,23.68,25.832,92.58,1.625
2000-06-30,24.073,12.837,86.5,2.475
2000-07-01,25.115,1.509,75.66,3.365
2000-07-02,25.019,7.055,80.97,3.17
2000-07-03,24.82,10.459,83.75,2.779
2000-07-04,25.702,1.343,81.86,2.065
2000-07-05,26.477,3.611,79.23,2.644
2000-07-06,26.365,3.831,77.75,3.072
2000-07-07,25.13,9.263,85.09,2.562
2000-07-08,23.976,10.045,88.93,3.374
2000-07-09,24.879,5.345,80.07,4.488
2000-07-10,24.907,12.957,81.99,4.14
2000-07-11,23.824,14.987,89.04,3.987
2000-07-12,23.181,23.54,91.61,4.818
2000-07-13,23.823,6.448,85.5,4.637
2000-07-14,25.743,1.334,72.58,4.518
2000-07-15,26.027,1.159,70.76,4.351
2000-07-16,25.789,0.534,72.37,4.538
2000-07-17,25.048,4.252,76.18,4.496
2000-07-18,24.986,3.054,77.34,4.877
2000-07-19,25.322,0.296,75.03,4.208
2000-07-20,25.513,0.738,73.12,3.789
2000-07-21,25.741,0.21,70.29,3.207
2000-07-22,25.993,0.148,70.61,2.692
2000-07-23,26.172,0.173,67.37,2.732
2000-07-24,25.896,0.307,68.72,2.672
2000-07-25,26.22,0.406,67.9,2.54
2000-07-26,26.402,0.16,66.46,2.865
2000-07-27,26.348,0.421,70.66,2.383
2000-07-28,26.399,0.258,71.73,2.285
2000-07-29,26.359,1.066,75.32,1.503
2000-07-30,26.785,0.577,71.11,1.998
2000-07-31,26.976,0.174,67.47,1.71
2000-08-01,26.85,0.659,69.47,1.61
2000-08-02,27.131,0.295,65.16,1.595
2000-08-03,27.273,0.156,64.9,1.105
2000-08-04,27.329,0.826,70.28,1.092
2000-08-05,27.528,0.786,69.77,1.094
2000-08-06,27.635,0.823,69.57,1.127
2000-08-07,26.58,2.705,77.03,1.522
2000-08-08,25.437,2.947,81.37,2.6
2000-08-09,23.978,28.951,89.2,3.344
2000-08-10,22.598,49.731,93.07,4.144
2000-08-11,23.775,8.0,85.31,4.094
2000-08-12,26.473,0.522,73.49,3.435
2000-08-13,26.56,0.244,73.73,2.721
2000-08-14,26.448,0.233,73.64,2.33
2000-08-15,26.69,0.297,70.49,2.537
2000-08-16,26.091,0.177,70.52,2.988
2000-08-17,25.248,4.447,76.83,3.316
2000-08-18,24.109,10.513,84.78,3.084
2000-08-19,24.716,4.003,79.88,3.971
2000-08-20,23.977,6.899,84.61,3.823
2000-08-21,24.239,10.589,85.65,3.414
2000-08-22,24.133,17.852,87.85,2.982
2000-08-23,24.382,32.552,90.7,2.493
2000-08-24,24.313,28.806,92.68,1.378
2000-08-25,25.283,4.781,84.21,1.824
2000-08-26,24.855,10.582,84.01,3.217
2000-08-27,23.547,29.635,89.74,4.102
2000-08-28,23.04,56.662,92.7,4.092
2000-08-29,23.982,12.134,86.03,3.983
2000-08-30,24.463,3.733,80.47,3.758
2000-08-31,24.956,2.302,77.58,3.841
2000-09-01,25.225,1.899,76.17,3.85
2000-09-02,24.82,2.194,79.41,3.337
2000-09-03,25.09,1.735,76.76,2.999
2000-09-04,25.363,0.48,73.33,2.973
2000-09-05,25.509,0.349,71.91,2.982
2000-09-06,25.266,0.408,73.31,2.894
2000-09-07,25.256,0.017,69.04,2.432
2000-09-08,25.183,0.02,68.96,2.312
2000-09-09,25.671,0.077,67.9,2.849
2000-09-10,25.232,0.002,66.68,2.641
2000-09-11,25.221,0.014,69.16,2.583
2000-09-12,25.331,0.143,71.53,2.029
2000-09-13,25.865,0.227,69.35,2.082
2000-09-14,26.584,0.764,71.97,1.852
2000-09-15,27.016,0.559,72.86,1.645
2000-09-16,27.625,0.162,69.79,1.801
2000-09-17,27.743,0.279,69.95,1.757
2000-09-18,26.83,1.005,75.3,1.447
2000-09-19,27.482,0.182,69.26,1.433
2000-09-20,27.719,0.16,66.88,0.818
2000-09-21,27.243,6.637,72.88,0.758
2000-09-22,26.452,1.277,77.72,1.199
2000-09-23,27.076,0.104,70.34,1.763
2000-09-24,27.159,0.363,71.61,0.994
2000-09-25,26.751,0.906,74.56,0.615
2000-09-26,26.842,0.674,72.03,1.125
2000-09-27,26.096,2.474,76.8,1.216
2000-09-28,25.797,3.135,81.07,0.575
2000-09-29,26.844,0.634,73.42,0.354
2000-09-30,27.258,0.104,67.21,0.49
2000-10-01,27.149,0.002,60.7,0.633
2000-10-02,27.089,0.002,56.86,0.94
2000-10-03,27.014,0.007,59.09,0.852
2000-10-04,27.099,0.039,61.49,1.14
2000-10-05,27.234,1.601,65.24,1.312
2000-10-06,27.078,3.094,69.54,0.987
2000-10-07,26.397,2.777,75.59,0.721
2000-10-08,26.849,5.122,72.41,0.414
2000-10-09,26.578,1.817,75.26,0.311
2000-10-10,27.053,2.159,73.22,0.529
2000-10-11,27.967,0.032,63.03,0.192
2000-10-12,28.573,0.08,59.83,0.634
2000-10-13,27.527,1.962,66.13,1.149
2000-10-14,27.862,0.177,58.86,1.441
2000-10-15,27.348,0.0,49.43,1.861
2000-10-16,25.793,0.001,40.78,2.632
2000-10-17,26.545,0.27,47.35,2.145
2000-10-18,26.657,1.599,67.97,1.496
2000-10-19,27.891,0.314,67.35,1.32
2000-10-20,27.351,0.296,67.35,0.813
2000-10-21,27.726,0.005,55.24,0.454
2000-10-22,27.725,0.0,46.22,1.001
2000-10-23,28.275,0.002,46.7,0.676
2000-10-24,27.955,0.0,44.44,0.043
2000-10-25,27.687,0.001,40.02,0.986
2000-10-26,27.159,0.0,38.2,1.615
2000-10-27,26.723,0.001,35.02,1.602
2000-10-28,25.926,0.002,35.64,1.725
2000-10-29,25.899,0.002,40.03,1.449
2000-10-30,25.573,0.003,45.81,1.317
2000-10-31,25.981,0.0,48.72,1.153
2000-11-01,25.646,0.017,52.87,1.268
2000-11-02,25.61,0.096,57.14,1.262
2000-11-03,26.327,0.001,50.89,1.408
2000-11-04,26.52,0.219,57.92,0.722
2000-11-05,26.474,0.001,49.34,0.801
2000-11-06,26.207,0.003,45.05,1.065
2000-11-07,25.627,0.0,42.71,1.427
2000-11-08,24.959,0.0,41.88,1.794
2000-11-09,25.132,0.0,42.21,1.482
2000-11-10,24.906,0.001,38.88,1.678
2000-11-11,24.782,0.0,43.87,1.261
2000-11-12,24.661,0.001,44.71,1.004
2000-11-13,24.559,0.003,46.69,1.309
2000-11-14,24.509,0.002,46.91,1.319
2000-11-15,24.323,0.001,43.95,1.727
2000-11-16,23.795,0.0,46.46,1.721
2000-11-17,23.7,0.002,41.15,1.672
2000-11-18,23.515,0.0,42.14,1.12
2000-11-19,23.275,0.002,43.76,0.854
2000-11-20,24.105,0.001,42.36,1.175
2000-11-21,24.211,0.001,44.83,1.421
2000-11-22,24.588,0.001,48.86,1.545
2000-11-23,25.068,0.0,54.68,1.171
2000-11-24,24.612,0.0,44.69,0.764
2000-11-25,24.671,0.001,40.49,0.976
2000-11-26,24.852,0.0,41.4,1.012
2000-11-27,24.498,0.001,42.39,1.161
2000-11-28,24.303,0.001,42.73,1.733
2000-11-29,24.453,0.0,37.19,2.276
2000-11-30,24.759,0.051,48.53,1.575
2000-12-01,23.982,0.001,47.44,2.582
2000-12-02,22.641,0.001,40.42,2.414
2000-12-03,21.528,0.0,40.29,1.872
2000-12-04,21.1,0.001,33.74,1.319
2000-12-05,21.35,0.004,31.61,1.174
2000-12-06,21.487,0.0,32.66,1.072
2000-12-07,21.912,0.0,33.87,1.592
2000-12-08,21.866,0.0,35.8,1.608
2000-12-09,21.623,0.002,37.44,0.905
2000-12-10,21.687,0.0,36.63,1.219
2000-12-11,21.962,0.0,36.42,1.236
2000-12-12,22.25,0.001,38.8,0.877
2000-12-13,22.283,0.0,36.77,1.328
2000-12-14,21.791,0.001,36.57,1.375
2000-12-15,21.771,0.001,35.3,1.543
2000-12-16,21.781,0.002,32.48,1.53
2000-12-17,21.111,0.0,35.52,1.528
2000-12-18,21.182,0.001,37.82,0.957
2000-12-19,21.749,0.001,37.4,1.241
2000-12-20,22.388,0.001,39.25,1.513
2000-12-21,22.236,0.001,41.75,1.274
2000-12-22,22.018,0.0,37.76,1.243
2000-12-23,21.702,0.001,34.94,1.359
2000-12-24,21.621,0.001,35.76,1.034
2000-12-25,21.276,0.001,31.81,1.56
2000-12-26,20.922,0.001,30.94,1.875
2000-12-27,21.095,0.003,37.8,1.62
2000-12-28,20.907,0.001,38.42,1.664
2000-12-29,21.253,0.0,37.93,1.721
2000-12-30,22.942,0.001,48.89,1.977
2000-12-31,23.54,2.344,66.22,1.694
2001-01-01,21.62,4.39,80.6,0.779
2001-01-02,20.204,0.659,70.09,1.673
2001-01-03,20.652,0.001,59.87,1.751
2001-01-04,20.493,0.0,52.55,1.775
2001-01-05,20.325,0.001,49.92,1.676
2001-01-06,20.51,0.0,44.16,1.456
2001-01-07,22.36,0.003,42.66,1.714
2001-01-08,23.363,0.0,47.02,0.925
2001-01-09,23.303,0.002,48.22,0.624
2001-01-10,23.804,0.001,48.77,1.66
2001-01-11,24.815,0.002,45.93,1.924
2001-01-12,24.874,0.0,50.76,1.687
2001-01-13,25.467,0.0,50.07,1.38
2001-01-14,25.372,0.006,49.48,1.295
2001-01-15,25.712,0.003,46.2,2.026
2001-01-16,24.87,0.002,51.23,1.682
2001-01-17,24.568,0.001,52.9,1.874
2001-01-18,24.736,0.001,51.05,1.298
2001-01-19,24.817,0.0,49.61,1.147
2001-01-20,24.148,0.0,42.51,1.872
2001-01-21,24.114,0.001,36.24,1.429
2001-01-22,23.963,0.001,36.24,1.092
2001-01-23,23.702,0.002,39.74,0.997
2001-01-24,22.237,0.0,32.17,2.014
2001-01-25,21.587,0.001,24.74,1.474
2001-01-26,21.59,0.0,26.32,1.476
2001-01-27,21.617,0.001,26.28,1.573
2001-01-28,22.191,0.001,26.46,1.513
2001-01-29,23.057,0.001,30.77,1.482
2001-01-30,23.396,0.001,35.96,1.487
2001-01-31,23.43,0.0,32.23,1.559
2001-02-01,23.776,0.001,33.79,1.388
2001-02-02,25.202,-0.0,32.72,1.423
2001-02-03,26.376,0.0,31.56,1.675
2001-02-04,27.442,0.001,33.66,2.069
2001-02-05,26.767,0.003,32.75,0.158
2001-02-06,25.852,0.002,28.12,1.359
2001-02-07,25.168,0.002,24.35,1.548
2001-02-08,24.525,0.0,20.71,1.405
2001-02-09,24.703,0.002,21.99,0.099
2001-02-10,25.176,0.0,22.53,0.385
2001-02-11,25.198,0.001,21.06,0.391
2001-02-12,25.613,0.0,25.63,0.914
2001-02-13,25.987,0.001,35.28,1.432
2001-02-14,26.988,0.001,38.05,2.63
2001-02-15,26.694,0.002,36.76,0.988
2001-02-16,26.582,0.003,38.15,1.103
2001-02-17,27.355,0.002,35.49,1.838
2001-02-18,27.977,0.001,35.96,1.466
2001-02-19,28.429,0.001,33.42,1.09
2001-02-20,28.047,0.0,32.22,0.717
2001-02-21,27.746,0.001,26.98,2.017
2001-02-22,26.466,0.0,20.26,1.661
2001-02-23,27.071,0.0,17.26,0.807
2001-02-24,27.742,0.001,20.53,1.216
2001-02-25,28.1,0.001,20.65,2.24
2001-02-26,27.161,0.002,27.06,1.659
2001-02-27,28.079,0.002,28.56,0.544
2001-02-28,28.704,0.002,36.99,2.66
2001-03-01,28.745,0.097,38.87,2.125
2001-03-02,27.832,0.001,37.18,2.185
2001-03-03,27.986,0.0,26.83,2.879
2001-03-04,27.901,0.04,34.34,1.945
2001-03-05,27.857,0.015,35.41,0.318
2001-03-06,27.489,0.021,40.39,1.397
2001-03-07,28.078,0.057,38.44,1.827
2001-03-08,27.256,0.266,44.61,2.333
2001-03-09,25.694,3.095,61.76,2.382
2001-03-10,27.31,0.065,44.72,1.54
2001-03-11,26.665,0.806,51.71,2.018
2001-03-12,26.676,0.67,50.61,1.688
2001-03-13,26.338,0.543,50.35,1.708
2001-03-14,27.326,0.207,48.46,1.622
2001-03-15,28.889,0.0,37.63,1.658
2001-03-16,29.259,0.0,37.12,1.252
2001-03-17,29.498,0.0,35.54,1.079
2001-03-18,29.885,0.001,35.21,1.395
2001-03-19,30.149,0.001,34.03,1.702
2001-03-20,29.912,0.108,39.03,1.608
2001-03-21,29.987,0.871,42.33,1.475
2001-03-22,30.195,0.005,35.32,0.249
2001-03-23,30.273,0.0,33.06,0.552
2001-03-24,30.811,0.001,33.62,0.706
2001-03-25,30.762,0.0,30.2,1.449
2001-03-26,30.435,0.001,26.48,1.582
2001-03-27,30.763,0.0,23.79,2.266
2001-03-28,30.991,0.0,25.29,1.205
2001-03-29,31.107,0.001,31.73,0.293
2001-03-30,30.419,0.008,24.55,1.444
2001-03-31,29.416,0.001,23.66,1.006
2001-04-01,29.876,0.001,28.35,0.434
2001-04-02,31.015,0.113,38.34,1.212
2001-04-03,31.389,0.195,38.27,1.641
2001-04-04,30.404,0.22,44.25,0.605
2001-04-05,31.028,0.104,36.85,0.384
2001-04-06,32.049,0.002,28.69,0.661
2001-04-07,32.513,0.0,26.84,0.617
2001-04-08,32.603,0.178,26.21,0.731
2001-04-09,32.426,0.052,23.21,1.245
2001-04-10,31.775,0.001,23.28,0.478
2001-04-11,31.605,0.152,36.55,1.137
2001-04-12,26.725,14.169,65.52,0.657
2001-04-13,27.059,0.68,60.9,1.284
2001-04-14,27.799,0.267,59.51,1.312
2001-04-15,27.937,2.772,61.8,0.277
2001-04-16,27.604,11.493,65.27,1.741
2001-04-17,27.348,0.372,64.16,0.281
2001-04-18,29.052,0.015,53.99,1.637
2001-04-19,30.223,0.002,46.75,1.191
2001-04-20,29.667,0.089,53.25,0.648
2001-04-21,30.445,0.012,48.29,0.636
2001-04-22,31.163,0.001,39.87,1.046
2001-04-23,31.992,0.001,35.74,1.306
2001-04-24,32.343,0.001,31.39,1.601
2001-04-25,33.008,0.0,31.24,2.097
2001-04-26,33.491,0.049,31.17,2.249
2001-04-27,34.093,0.003,30.48,1.516
2001-04-28,34.284,0.0,27.55,1.274
2001-04-29,34.741,0.001,25.77,0.444
2001-04-30,34.91,0.001,25.77,0.934
2001-05-01,35.301,0.001,27.16,1.552
2001-05-02,35.322,0.002,25.97,1.755
2001-05-03,35.425,0.001,25.07,1.088
2001-05-04,34.956,0.001,22.33,1.152
2001-05-05,34.847,0.001,22.83,0.812
2001-05-06,35.039,0.0,24.67,0.897
2001-05-07,35.334,0.001,23.32,1.075
2001-05-08,35.193,0.001,19.68,2.387
2001-05-09,35.18,0.0,19.46,3.367
2001-05-10,34.51,0.0,22.52,3.42
2001-05-11,34.603,0.0,26.05,2.96
2001-05-12,34.975,0.0,23.27,2.817
2001-05-13,34.914,0.001,25.05,3.063
2001-05-14,34.083,0.102,31.29,2.385
2001-05-15,34.186,0.293,32.62,1.775
2001-05-16,33.02,0.956,38.41,1.572
2001-05-17,33.026,0.408,33.8,1.966
2001-05-18,32.784,0.037,33.41,2.313
2001-05-19,32.857,0.065,33.72,2.333
2001-05-20,32.831,0.058,32.95,2.132
2001-05-21,32.941,0.016,36.51,1.619
2001-05-22,32.592,0.637,42.1,2.022
2001-05-23,33.229,0.043,41.15,3.017
2001-05-24,32.465,0.643,42.34,3.656
2001-05-25,32.625,0.181,41.87,3.797
2001-05-26,33.126,0.023,37.1,3.434
2001-05-27,33.337,0.198,35.01,3.044
2001-05-28,33.488,0.017,34.36,3.71
2001-05-29,33.312,0.021,34.52,3.577
2001-05-30,33.217,0.0,30.84,3.931
2001-05-31,32.815,0.001,32.28,3.651
2001-06-01,33.531,0.02,35.23,3.065
2001-06-02,33.261,0.225,39.02,1.328
2001-06-03,29.956,8.855,58.67,0.333
2001-06-04,27.107,10.444,74.53,1.502
2001-06-05,27.975,6.001,68.86,1.475
2001-06-06,28.432,16.587,69.96,1.422
2001-06-07,27.629,9.029,76.86,0.835
2001-06-08,27.679,3.674,75.88,1.223
2001-06-09,27.892,3.048,69.88,2.22
2001-06-10,27.115,14.763,75.45,2.629
2001-06-11,26.839,4.377,75.38,2.932
2001-06-12,25.435,6.931,83.16,3.919
2001-06-13,23.904,25.817,88.97,4.738
2001-06-14,23.313,20.523,86.74,5.195
2001-06-15,25.557,0.481,68.11,4.909
2001-06-16,26.854,0.301,62.06,5.11
2001-06-17,26.545,4.758,67.35,5.025
2001-06-18,25.582,7.331,78.04,3.989
2001-06-19,26.422,4.221,74.43,3.623
2001-06-20,26.622,0.525,70.34,3.98
2001-06-21,27.551,0.057,62.48,3.945
2001-06-22,27.967,0.266,59.79,3.862
2001-06-23,28.296,0.099,58.23,4.206
2001-06-24,28.782,0.114,56.4,4.362
2001-06-25,28.618,0.051,57.0,4.515
2001-06-26,28.335,0.023,57.25,4.526
2001-06-27,28.285,0.094,57.79,4.643
2001-06-28,28.506,0.253,58.08,4.267
2001-06-29,27.842,1.051,61.08,3.47
2001-06-30,28.342,0.21,58.1,3.408
2001-07-01,28.54,0.4,59.54,3.641
2001-07-02,28.869,0.236,57.03,3.941
2001-07-03,28.878,0.147,55.86,4.034
2001-07-04,27.598,5.26,65.18,3.87
2001-07-05,26.874,1.516,69.23,3.59
2001-07-06,27.639,0.389,62.78,3.942
2001-07-07,26.216,3.243,73.31,3.391
2001-07-08,26.641,4.527,71.83,4.022
2001-07-09,24.28,6.787,83.82,4.55
2001-07-10,27.494,0.88,64.84,4.502
2001-07-11,27.839,0.109,59.81,4.167
2001-07-12,27.287,0.135,63.14,3.768
2001-07-13,27.19,0.079,62.02,3.712
2001-07-14,26.937,2.842,65.57,3.884
2001-07-15,24.673,7.316,80.68,3.664
2001-07-16,26.945,0.557,60.94,4.548
2001-07-17,24.795,13.636,77.25,4.335
2001-07-18,25.525,4.008,74.76,3.813
2001-07-19,24.447,8.644,83.33,3.176
2001-07-20,25.879,0.295,72.15,3.345
2001-07-21,26.749,0.548,66.82,3.072
2001-07-22,26.653,0.563,69.75,2.673
2001-07-23,26.052,4.562,77.4,2.444
2001-07-24,26.206,1.869,74.6,2.559
2001-07-25,27.066,1.304,68.95,2.49
2001-07-26,27.187,0.359,70.19,2.31
2001-07-27,27.498,0.081,68.13,1.989
2001-07-28,27.079,12.531,74.88,1.937
2001-07-29,27.105,0.274,69.9,2.44
2001-07-30,27.769,0.294,66.77,1.639
2001-07-31,27.649,1.552,71.02,1.343
2001-08-01,26.573,16.743,78.45,1.31
2001-08-02,25.541,11.758,82.86,2.16
2001-08-03,23.757,14.52,92.93,2.135
2001-08-04,23.701,28.105,90.64,2.755
2001-08-05,23.629,20.345,87.18,3.776
2001-08-06,22.993,23.287,90.49,3.569
2001-08-07,23.393,9.572,89.5,3.072
2001-08-08,24.334,11.618,86.37,2.501
2001-08-09,24.473,8.97,86.33,2.753
2001-08-10,23.938,11.291,90.98,2.185
2001-08-11,23.937,16.643,89.97,2.48
2001-08-12,24.775,8.939,85.01,2.999
2001-08-13,24.65,6.195,83.52,3.348
2001-08-14,23.846,22.929,90.88,3.319
2001-08-15,25.135,1.454,78.64,4.323
2001-08-16,25.91,1.969,74.62,4.448
2001-08-17,26.078,1.034,71.32,4.458
2001-08-18,25.479,1.197,74.77,3.912
2001-08-19,25.324,2.507,72.1,3.542
2001-08-20,23.905,6.884,78.96,3.584
2001-08-21,22.438,26.29,84.51,3.427
2001-08-22,23.206,20.665,87.28,3.182
2001-08-23,23.695,24.228,91.52,2.725
2001-08-24,25.173,4.846,84.42,2.911
2001-08-25,25.818,1.318,79.21,2.806
2001-08-26,26.339,0.482,73.34,3.152
2001-08-27,25.958,0.286,74.03,3.275
2001-08-28,25.706,0.863,74.14,3.644
2001-08-29,25.522,0.789,71.81,3.511
2001-08-30,25.252,0.559,69.66,3.54
2001-08-31,25.384,1.216,69.17,3.254
2001-09-01,25.319,0.758,73.11,2.618
2001-09-02,25.301,2.267,81.96,2.276
2001-09-03,25.87,3.181,80.76,1.902
2001-09-04,25.463,6.153,83.03,1.868
2001-09-05,25.217,3.916,79.97,1.989
2001-09-06,25.097,0.519,72.91,2.182
2001-09-07,25.312,1.058,78.65,1.388
2001-09-08,26.491,0.341,76.83,1.124
2001-09-09,27.03,0.426,76.14,1.77
2001-09-10,26.497,1.788,78.66,1.725
2001-09-11,26.306,3.168,79.11,1.905
2001-09-12,26.436,1.223,77.28,1.521
2001-09-13,26.967,0.629,75.23,0.972
2001-09-14,27.13,1.725,75.46,0.325
2001-09-15,26.093,2.938,81.16,0.862
2001-09-16,26.833,4.372,78.43,0.498
2001-09-17,26.211,3.674,82.63,0.921
2001-09-18,26.62,1.566,78.52,0.655
2001-09-19,26.537,3.252,77.97,0.688
2001-09-20,25.585,8.485,84.67,0.222
2001-09-21,26.276,1.749,80.46,0.309
2001-09-22,26.772,4.556,78.18,0.364
2001-09-23,27.224,0.276,73.13,0.77
2001-09-24,27.463,0.179,69.61,0.809
2001-09-25,27.774,1.119,67.96,1.269
2001-09-26,26.823,3.545,75.26,0.401
2001-09-27,25.622,8.097,83.84,0.218
2001-09-28,26.956,1.409,77.38,0.896
2001-09-29,26.963,3.776,76.29,1.625
2001-09-30,24.723,49.064,89.44,1.646
2001-10-01,23.361,52.542,94.32,2.54
2001-10-02,24.21,11.905,89.13,2.504
2001-10-03,25.247,4.25,81.69,2.161
2001-10-04,25.636,5.773,81.06,1.206
2001-10-05,24.759,8.241,85.02,1.429
2001-10-06,24.256,11.96,88.12,1.089
2001-10-07,24.594,4.861,87.31,2.164
2001-10-08,24.882,2.501,83.95,2.69
2001-10-09,25.697,1.784,78.27,1.411
2001-10-10,25.65,15.097,81.47,0.862
2001-10-11,24.797,2.373,84.55,1.068
2001-10-12,25.43,3.288,82.16,0.815
2001-10-13,25.31,1.345,83.78,0.979
2001-10-14,26.319,0.132,75.35,1.672
2001-10-15,26.567,0.351,74.73,2.253
2001-10-16,26.171,0.886,64.23,3.052
2001-10-17,23.747,2.197,81.32,1.916
2001-10-18,24.789,1.449,85.05,1.643
2001-10-19,25.308,1.536,83.65,1.159
2001-10-20,24.943,0.35,69.83,1.692
2001-10-21,24.568,0.0,61.11,1.624
2001-10-22,24.636,0.0,59.9,1.608
2001-10-23,24.071,0.001,60.86,1.568
2001-10-24,24.144,0.002,63.33,1.647
2001-10-25,24.519,0.001,56.61,0.911
2001-10-26,24.105,0.001,58.34,0.818
2001-10-27,24.223,0.0,58.53,0.711
2001-10-28,24.73,0.001,56.61,0.301
2001-10-29,25.013,0.0,54.6,0.531
2001-10-30,25.107,0.0,52.87,0.999
2001-10-31,25.14,0.012,62.35,1.063
2001-11-01,25.535,0.452,66.64,1.225
2001-11-02,25.017,0.002,52.67,1.322
2001-11-03,24.42,0.0,53.94,0.611
2001-11-04,24.835,0.002,52.15,1.073
2001-11-05,25.581,0.0,52.22,1.402
2001-11-06,25.077,0.297,71.47,1.546
2001-11-07,25.158,0.009,64.27,1.232
2001-11-08,24.806,0.0,57.45,2.404
2001-11-09,24.562,0.004,57.37,2.804
2001-11-10,24.883,0.005,56.57,2.844
2001-11-11,24.34,0.001,55.59,2.777
2001-11-12,23.169,0.002,55.24,2.65
2001-11-13,23.244,0.0,57.82,1.977
2001-11-14,24.969,0.028,63.36,1.638
2001-11-15,24.963,1.948,73.91,1.414
2001-11-16,24.7,1.189,77.17,1.733
2001-11-17,25.426,0.065,65.14,1.63
2001-11-18,25.189,0.352,69.89,1.395
2001-11-19,25.11,0.035,64.82,1.66
2001-11-20,24.412,0.0,54.01,1.644
2001-11-21,23.097,0.002,47.06,1.538
2001-11-22,22.889,0.0,46.19,1.463
2001-11-23,22.919,0.0,49.25,0.979
2001-11-24,22.56,0.001,49.64,1.44
2001-11-25,22.424,0.001,50.16,1.654
2001-11-26,22.505,0.0,50.23,1.412
2001-11-27,22.864,0.027,61.0,1.122
2001-11-28,22.498,0.0,52.2,1.411
2001-11-29,21.557,0.001,45.18,1.903
2001-11-30,21.622,0.0,47.74,2.123
2001-12-01,21.62,0.0,47.46,1.806
2001-12-02,21.128,0.0,42.53,1.484
2001-12-03,21.435,0.001,41.82,1.193
2001-12-04,21.453,0.002,44.43,0.878
2001-12-05,21.379,0.001,46.23,1.01
2001-12-06,21.604,0.001,45.25,1.212
2001-12-07,21.608,0.001,44.69,1.268
2001-12-08,21.633,0.003,47.18,0.874
2001-12-09,21.986,0.0,47.73,1.267
2001-12-10,22.197,0.001,48.43,1.235
2001-12-11,22.218,0.0,51.02,1.108
2001-12-12,22.75,0.0,50.11,0.915
2001-12-13,23.321,0.001,47.53,1.183
2001-12-14,23.016,0.001,49.27,1.589
2001-12-15,22.325,0.0,54.54,1.006
2001-12-16,22.521,0.001,52.39,1.329
2001-12-17,22.655,0.003,50.63,1.673
2001-12-18,21.997,0.0,45.09,2.055
2001-12-19,21.183,0.001,45.46,2.059
2001-12-20,20.904,0.0,44.25,2.217
2001-12-21,19.925,0.0,48.24,2.374
2001-12-22,20.024,0.001,48.46,2.163
2001-12-23,20.498,0.001,48.75,1.499
2001-12-24,20.609,0.0,45.75,1.317
2001-12-25,21.185,0.002,41.52,1.563
2001-12-26,21.906,0.015,54.07,1.518
2001-12-27,21.797,0.001,53.49,1.643
2001-12-28,21.656,0.001,54.86,1.654
2001-12-29,21.656,0.002,52.58,1.598
2001-12-30,21.459,0.001,51.1,1.51
2001-12-31,21.348,0.001,54.52,1.559
2002-01-01,21.022,0.0,45.14,2.06
2002-01-02,19.814,0.0,39.87,2.236
2002-01-03,19.117,0.001,36.01,2.16
2002-01-04,19.672,0.001,41.69,1.905
2002-01-05,21.193,1.16,51.53,1.894
2002-01-06,18.615,8.729,90.76,1.347
2002-01-07,18.84,4.951,87.05,1.25
2002-01-08,19.882,2.413,82.41,1.561
2002-01-09,20.553,0.241,68.95,1.606
2002-01-10,20.234,0.001,58.16,1.732
2002-01-11,19.507,0.001,51.8,1.072
2002-01-12,20.438,0.004,48.94,0.276
2002-01-13,20.48,0.0,48.77,0.999
2002-01-14,20.885,0.002,49.85,1.313
2002-01-15,22.018,0.004,50.23,1.93
2002-01-16,22.649,0.002,48.12,1.23
2002-01-17,22.71,0.0,48.94,2.004
2002-01-18,22.539,0.0,53.86,2.201
2002-01-19,23.501,0.0,54.25,2.435
2002-01-20,24.409,0.009,57.89,1.285
2002-01-21,24.975,0.073,61.47,1.97
2002-01-22,24.818,0.656,68.57,1.634
2002-01-23,25.366,0.02,55.02,1.064
2002-01-24,23.975,0.0,45.77,1.74
2002-01-25,22.079,0.001,40.6,1.638
2002-01-26,22.244,0.001,40.56,0.179
2002-01-27,21.595,0.001,43.82,1.525
2002-01-28,21.217,0.002,43.79,1.844
2002-01-29,22.476,0.021,43.73,1.711
2002-01-30,22.035,0.095,60.37,2.155
2002-01-31,23.064,0.198,59.59,1.896
2002-02-01,23.636,0.001,47.17,1.616
2002-02-02,23.627,0.0,46.32,1.703
2002-02-03,23.615,0.001,44.77,1.893
2002-02-04,24.274,0.003,45.35,2.377
2002-02-05,25.297,0.0,45.96,2.396
2002-02-06,25.87,0.003,47.47,2.04
2002-02-07,26.029,0.262,44.56,1.894
2002-02-08,23.292,2.701,69.63,2.197
2002-02-09,23.618,0.061,57.81,2.28
2002-02-10,24.469,0.0,51.72,2.846
2002-02-11,24.497,0.014,56.13,1.183
2002-02-12,24.432,0.144,57.46,1.729
2002-02-13,25.351,0.0,48.88,1.548
2002-02-14,25.851,0.001,45.48,1.155
2002-02-15,25.908,0.0,46.9,0.638
2002-02-16,26.739,0.003,41.84,1.284
2002-02-17,27.017,0.0,38.16,2.068
2002-02-18,26.453,0.001,45.62,1.238
2002-02-19,26.042,0.065,48.62,0.449
2002-02-20,26.651,0.002,42.98,1.056
2002-02-21,27.767,0.002,35.11,1.736
2002-02-22,27.825,0.002,33.41,2.013
2002-02-23,27.881,0.002,34.03,1.316
2002-02-24,28.301,0.002,30.58,1.648
2002-02-25,27.678,0.001,28.11,0.753
2002-02-26,27.501,0.002,29.2,1.008
2002-02-27,27.483,0.002,33.88,1.069
2002-02-28,28.782,0.0,30.97,1.497
2002-03-01,28.795,0.0,31.06,1.691
2002-03-02,28.486,0.001,33.05,1.627
2002-03-03,27.839,0.002,31.29,1.597
2002-03-04,27.493,0.002,34.28,1.612
2002-03-05,28.481,0.001,33.74,1.215
2002-03-06,28.989,0.001,39.31,1.172
2002-03-07,29.385,0.002,38.27,1.61
2002-03-08,28.591,0.001,40.12,1.574
2002-03-09,28.573,0.009,46.54,1.9
2002-03-10,28.768,0.0,43.6,0.487
2002-03-11,29.678,0.001,31.27,1.07
2002-03-12,29.016,0.001,29.03,2.002
2002-03-13,29.609,0.002,29.01,1.441
2002-03-14,28.716,0.058,37.31,0.857
2002-03-15,27.431,0.003,41.06,1.403
2002-03-16,28.154,0.008,42.51,0.242
2002-03-17,28.499,0.001,37.02,0.971
2002-03-18,28.868,0.0,29.96,1.446
2002-03-19,28.879,0.001,25.49,1.093
2002-03-20,29.096,0.0,24.94,1.013
2002-03-21,29.67,0.008,22.87,1.029
2002-03-22,29.508,0.001,24.52,0.817
2002-03-23,29.399,0.001,26.58,0.904
2002-03-24,30.116,0.001,26.8,0.955
2002-03-25,30.559,0.0,28.92,0.58
2002-03-26,30.836,0.0,33.55,0.674
2002-03-27,31.576,0.001,30.37,1.659
2002-03-28,31.371,0.001,27.89,0.745
2002-03-29,31.157,0.001,32.89,0.69
2002-03-30,30.196,0.903,50.05,1.742
2002-03-31,30.89,0.197,43.81,1.956
2002-04-01,31.626,0.357,41.5,2.221
2002-04-02,31.968,0.0,28.38,1.314
2002-04-03,31.868,0.0,25.08,0.312
2002-04-04,31.956,0.094,36.68,1.63
2002-04-05,30.535,1.527,48.72,1.903
2002-04-06,30.847,1.4,44.35,1.26
2002-04-07,29.668,1.779,48.83,0.392
2002-04-08,28.851,1.194,50.18,1.048
2002-04-09,30.074,0.46,44.45,0.518
2002-04-10,31.332,0.018,35.79,0.844
2002-04-11,31.58,0.002,33.3,0.922
2002-04-12,31.705,0.001,35.87,1.354
2002-04-13,31.943,0.001,34.24,1.592
2002-04-14,32.238,0.003,33.86,2.036
2002-04-15,33.002,0.014,31.85,1.987
2002-04-16,33.644,0.002,29.67,1.421
2002-04-17,34.159,0.007,27.98,1.129
2002-04-18,34.321,0.007,28.51,1.358
2002-04-19,34.63,0.039,27.65,1.663
2002-04-20,34.211,0.214,29.67,0.984
2002-04-21,33.848,0.262,31.13,1.15
2002-04-22,33.472,0.29,31.15,1.575
2002-04-23,33.564,0.0,24.37,0.668
2002-04-24,33.497,0.002,31.22,1.576
2002-04-25,33.313,0.009,34.92,1.798
2002-04-26,33.772,0.001,27.02,0.255
2002-04-27,34.107,0.002,26.06,0.883
2002-04-28,34.849,0.0,27.85,1.899
2002-04-29,34.791,0.001,23.47,1.353
2002-04-30,34.682,0.001,23.4,0.893
2002-05-01,34.724,0.006,28.98,1.879
2002-05-02,34.481,0.0,27.72,1.547
2002-05-03,34.299,0.001,27.42,2.032
2002-05-04,34.15,0.001,29.55,1.906
2002-05-05,34.742,0.073,29.81,1.803
2002-05-06,34.029,1.083,38.62,2.459
2002-05-07,33.744,0.964,40.64,1.756
2002-05-08,34.554,0.003,31.15,2.609
2002-05-09,35.241,0.001,26.18,3.677
2002-05-10,34.977,0.001,31.59,3.995
2002-05-11,34.362,0.016,34.64,4.245
2002-05-12,34.127,0.015,35.41,3.119
2002-05-13,34.541,0.116,36.05,2.88
2002-05-14,33.971,1.343,41.26,2.281
2002-05-15,32.623,0.649,46.91,2.154
2002-05-16,33.819,0.122,40.92,3.33
2002-05-17,33.569,0.599,41.98,3.618
2002-05-18,33.277,0.091,44.23,4.336
2002-05-19,33.309,0.0,37.34,4.468
2002-05-20,32.347,0.0,35.75,3.763
2002-05-21,32.354,0.001,33.42,3.055
2002-05-22,33.496,0.001,32.46,2.395
2002-05-23,34.251,0.008,31.13,1.851
2002-05-24,32.842,3.229,43.02,1.475
2002-05-25,32.599,0.418,46.47,1.919
2002-05-26,33.574,0.019,36.14,2.973
2002-05-27,32.854,0.005,36.19,2.923
2002-05-28,32.51,0.0,37.32,2.177
2002-05-29,33.544,0.031,34.92,2.421
2002-05-30,32.998,0.466,41.02,1.474
2002-05-31,32.491,0.432,43.35,1.221
2002-06-01,32.75,0.578,42.37,1.458
2002-06-02,32.006,0.204,45.92,1.616
2002-06-03,30.411,6.029,57.44,1.684
2002-06-04,28.83,7.119,66.75,1.89
2002-06-05,28.264,8.671,71.16,1.657
2002-06-06,29.217,1.575,62.35,1.779
2002-06-07,30.796,0.123,50.38,2.372
2002-06-08,32.078,0.176,45.07,2.559
2002-06-09,32.063,1.062,48.87,1.908
2002-06-10,30.938,1.244,57.71,2.354
2002-06-11,30.57,10.463,63.71,1.708
2002-06-12,29.658,0.77,68.34,2.19
2002-06-13,29.592,14.767,69.37,1.639
2002-06-14,28.709,1.425,73.55,2.086
2002-06-15,28.955,1.105,67.91,3.16
2002-06-16,28.84,0.172,61.68,3.741
2002-06-17,28.459,1.735,66.18,3.778
2002-06-18,28.679,2.682,65.06,3.774
2002-06-19,27.423,8.698,71.89,3.533
2002-06-20,26.578,8.428,76.98,3.6
2002-06-21,25.567,11.203,82.71,3.555
2002-06-22,27.004,1.897,72.19,3.843
2002-06-23,26.592,10.538,76.81,3.754
2002-06-24,24.749,15.922,85.0,4.82
2002-06-25,22.46,128.978,85.95,6.843
2002-06-26,23.931,40.671,83.8,4.725
2002-06-27,27.0,0.311,69.26,4.23
2002-06-28,27.465,0.08,66.36,4.016
2002-06-29,27.881,0.077,64.33,3.821
2002-06-30,27.51,0.486,69.82,3.531
2002-07-01,27.77,0.077,65.25,3.682
2002-07-02,27.598,0.311,65.42,3.94
2002-07-03,27.69,0.615,65.36,4.043
2002-07-04,27.56,0.622,65.23,3.884
2002-07-05,27.612,0.246,63.84,3.98
2002-07-06,27.592,0.174,63.37,3.703
2002-07-07,27.506,0.169,62.41,3.769
2002-07-08,27.471,0.402,63.41,3.732
2002-07-09,27.589,0.618,64.69,3.48
2002-07-10,27.87,0.373,64.66,3.458
2002-07-11,27.771,0.627,64.17,3.55
2002-07-12,27.857,1.392,63.59,3.544
2002-07-13,27.892,0.732,63.44,3.818
2002-07-14,27.913,0.422,63.0,4.084
2002-07-15,28.013,0.563,62.79,3.877
2002-07-16,27.3,1.891,66.88,3.92
2002-07-17,25.524,5.752,77.04,3.835
2002-07-18,23.57,24.097,90.93,3.827
2002-07-19,25.725,1.455,77.31,3.713
2002-07-20,26.708,0.06,67.77,3.701
2002-07-21,26.552,0.261,68.24,3.685
2002-07-22,25.912,3.369,74.42,3.888
2002-07-23,25.428,11.172,79.4,3.742
2002-07-24,25.866,1.304,72.98,4.028
2002-07-25,25.723,1.523,73.6,3.859
2002-07-26,25.98,0.694,72.58,3.43
2002-07-27,26.142,2.273,74.3,2.817
2002-07-28,26.722,0.835,72.4,2.682
2002-07-29,27.186,0.38,66.58,2.864
2002-07-30,26.968,0.825,70.17,2.327
2002-07-31,26.447,0.601,75.12,1.522
2002-08-01,26.009,5.797,80.64,1.56
2002-08-02,25.935,7.749,83.08,1.364
2002-08-03,25.146,9.756,85.57,1.891
2002-08-04,25.137,14.926,86.19,2.049
2002-08-05,24.068,8.474,88.47,3.173
2002-08-06,23.978,12.273,88.09,3.337
2002-08-07,24.463,9.797,82.42,4.493
2002-08-08,24.084,8.64,84.27,4.555
2002-08-09,22.945,15.306,90.79,3.795
2002-08-10,24.165,2.288,82.96,3.861
2002-08-11,24.452,15.051,83.17,4.194
2002-08-12,24.188,10.842,83.57,4.164
2002-08-13,25.256,4.601,76.55,4.535
2002-08-14,26.239,1.751,72.03,4.544
2002-08-15,26.078,1.164,72.56,4.558
2002-08-16,25.331,2.166,77.28,3.817
2002-08-17,24.906,3.043,76.9,4.191
2002-08-18,25.191,2.026,75.83,4.083
2002-08-19,25.298,1.589,76.44,3.876
2002-08-20,26.133,0.715,71.81,3.808
2002-08-21,25.324,4.506,75.47,3.02
2002-08-22,24.597,13.678,81.85,3.201
2002-08-23,22.805,79.712,92.64,3.987
2002-08-24,22.386,51.752,91.18,4.285
2002-08-25,24.898,0.559,78.29,3.392
2002-08-26,25.701,0.024,71.76,2.528
2002-08-27,26.177,0.518,76.41,2.078
2002-08-28,26.234,0.909,75.11,2.571
2002-08-29,25.121,2.214,77.97,3.077
2002-08-30,24.556,5.407,81.23,3.462
2002-08-31,23.781,29.636,84.51,3.965
2002-09-01,22.412,61.272,93.93,3.294
2002-09-02,22.926,33.514,92.91,3.244
2002-09-03,24.352,4.7,84.6,3.153
2002-09-04,24.858,2.842,80.84,3.222
2002-09-05,24.05,19.052,85.97,3.548
2002-09-06,24.768,2.544,81.64,3.535
2002-09-07,25.081,0.927,74.87,3.495
2002-09-08,24.925,0.0,67.88,3.503
2002-09-09,24.777,0.003,67.42,3.429
2002-09-10,25.056,0.196,69.08,3.245
2002-09-11,25.332,0.457,73.01,3.241
2002-09-12,25.961,0.184,71.56,2.647
2002-09-13,25.934,0.022,70.68,2.128
2002-09-14,26.02,0.017,71.06,2.079
2002-09-15,26.305,0.003,68.22,1.812
2002-09-16,26.41,0.019,69.6,1.849
2002-09-17,25.175,8.182,80.95,1.392
2002-09-18,25.588,0.424,76.43,1.589
2002-09-19,25.834,0.772,76.2,1.791
2002-09-20,26.161,0.987,76.64,1.626
2002-09-21,26.583,0.502,73.64,1.899
2002-09-22,26.872,0.219,72.23,1.878
2002-09-23,27.604,0.126,67.79,2.505
2002-09-24,27.308,0.477,71.94,2.474
2002-09-25,27.245,0.458,72.14,2.304
2002-09-26,27.343,0.564,70.48,2.183
2002-09-27,27.159,0.127,65.51,1.355
2002-09-28,27.481,0.399,65.06,0.995
2002-09-29,27.332,0.002,60.53,0.219
2002-09-30,27.392,0.0,51.68,0.904
2002-10-01,27.227,0.001,58.29,1.226
2002-10-02,27.74,0.008,61.05,0.597
2002-10-03,27.98,0.001,57.57,0.221
2002-10-04,28.238,0.001,54.94,0.433
2002-10-05,28.27,0.021,54.65,0.852
2002-10-06,27.949,0.001,53.81,1.453
2002-10-07,27.682,0.004,55.0,1.19
2002-10-08,27.519,0.379,64.54,1.432
2002-10-09,27.224,1.352,70.35,1.527
2002-10-10,27.304,0.459,68.35,1.423
2002-10-11,26.109,5.612,77.32,0.536
2002-10-12,24.621,6.847,85.16,0.206
2002-10-13,24.744,8.87,84.77,1.294
2002-10-14,25.01,1.078,80.66,1.97
2002-10-15,23.977,15.774,89.01,1.842
2002-10-16,24.659,10.143,87.21,1.978
2002-10-17,25.154,1.314,80.68,2.047
2002-10-18,25.133,0.141,67.29,2.238
2002-10-19,25.87,0.0,62.24,1.167
2002-10-20,26.211,0.0,60.53,0.589
2002-10-21,26.353,0.0,60.45,0.737
2002-10-22,25.965,0.001,58.01,0.75
2002-10-23,25.803,0.0,55.93,1.089
2002-10-24,25.76,0.001,56.84,1.923
2002-10-25,25.347,0.001,58.23,2.382
2002-10-26,24.924,0.004,60.5,2.263
2002-10-27,24.455,0.0,56.05,1.739
2002-10-28,23.808,0.0,43.62,1.153
2002-10-29,23.802,0.0,41.53,1.389
2002-10-30,24.011,0.001,45.11,1.556
2002-10-31,24.056,0.0,46.3,1.765
2002-11-01,24.164,0.0,52.75,1.664
2002-11-02,23.578,0.001,54.23,1.668
2002-11-03,24.467,0.001,49.99,1.354
2002-11-04,24.53,0.001,45.88,1.741
2002-11-05,24.106,0.001,43.6,1.823
2002-11-06,24.421,0.0,42.72,1.884
2002-11-07,24.12,0.001,50.65,1.558
2002-11-08,24.359,0.001,52.52,1.809
2002-11-09,23.52,0.355,64.11,1.5
2002-11-10,25.025,0.128,62.24,2.015
2002-11-11,24.99,0.084,61.69,1.571
2002-11-12,24.504,0.187,63.77,1.44
2002-11-13,24.397,0.068,59.85,1.803
2002-11-14,24.768,0.002,52.18,1.663
2002-11-15,24.403,0.002,48.5,1.341
2002-11-16,23.985,0.0,45.21,1.699
2002-11-17,23.594,0.003,46.72,1.705
2002-11-18,22.482,0.0,45.03,1.7
2002-11-19,22.444,0.0,45.65,1.505
2002-11-20,22.599,0.0,40.96,1.491
2002-11-21,22.693,0.002,43.63,1.456
2002-11-22,22.972,0.0,44.06,1.263
2002-11-23,23.247,0.0,45.07,0.476
2002-11-24,23.527,0.001,47.08,1.199
2002-11-25,23.633,0.002,45.33,1.165
2002-11-26,23.846,0.0,43.46,1.277
2002-11-27,24.279,0.003,39.68,1.315
2002-11-28,23.916,0.001,38.9,1.41
2002-11-29,23.223,0.002,43.6,1.106
2002-11-30,23.421,0.001,44.42,1.405
2002-12-01,23.847,0.003,47.46,1.261
2002-12-02,23.46,0.0,50.53,1.59
2002-12-03,23.283,0.0,48.61,1.495
2002-12-04,23.385,0.0,49.78,1.617
2002-12-05,23.212,0.003,50.29,1.701
2002-12-06,23.168,0.0,55.13,1.708
2002-12-07,23.201,0.001,55.71,1.565
2002-12-08,23.306,0.001,51.11,1.363
2002-12-09,23.739,0.001,47.33,1.067
2002-12-10,23.405,0.001,47.66,0.977
2002-12-11,23.618,0.0,48.13,1.278
2002-12-12,23.235,0.002,53.16,1.265
2002-12-13,23.533,0.0,52.29,1.483
2002-12-14,23.654,0.001,53.03,1.388
2002-12-15,23.282,0.0,49.53,1.408
2002-12-16,22.858,0.003,51.6,1.143
2002-12-17,23.079,0.001,45.8,1.044
2002-12-18,22.925,0.001,42.95,0.947
2002-12-19,23.207,0.0,44.6,0.945
2002-12-20,23.286,0.0,44.61,0.28
2002-12-21,23.086,0.002,45.49,1.018
2002-12-22,23.665,0.002,42.14,1.47
2002-12-23,23.901,0.003,45.09,1.662
2002-12-24,23.734,0.001,48.05,1.338
2002-12-25,22.92,0.002,52.23,0.635
2002-12-26,23.075,0.001,48.97,0.981
2002-12-27,22.651,0.001,46.11,1.107
2002-12-28,22.511,0.003,44.24,1.291
2002-12-29,23.343,0.003,42.3,1.853
2002-12-30,24.188,0.031,50.26,2.584
2002-12-31,23.055,0.004,47.9,1.588
2003-01-01,20.873,0.001,45.42,2.032
2003-01-02,22.29,0.187,51.87,2.127
2003-01-03,22.056,0.781,73.76,1.796
2003-01-04,22.398,0.622,72.26,1.428
2003-01-05,23.134,0.032,59.4,1.664
2003-01-06,23.016,0.0,49.1,1.831
2003-01-07,22.851,0.001,45.84,1.751
2003-01-08,22.988,0.002,46.55,1.883
2003-01-09,22.92,0.001,55.53,2.058
2003-01-10,22.936,0.001,54.72,1.85
2003-01-11,23.501,0.001,50.3,1.69
2003-01-12,23.573,0.003,54.38,1.754
2003-01-13,23.524,0.002,55.65,1.274
2003-01-14,22.983,0.001,53.29,2.039
2003-01-15,21.45,0.001,41.83,1.996
2003-01-16,20.626,0.0,32.67,2.098
2003-01-17,20.038,0.001,28.99,1.878
2003-01-18,20.714,0.001,39.27,1.79
2003-01-19,21.971,0.001,41.22,1.596
2003-01-20,22.996,0.0,45.95,1.942
2003-01-21,23.916,0.001,47.2,1.464
2003-01-22,24.718,0.002,43.45,1.201
2003-01-23,25.515,0.001,43.1,1.149
2003-01-24,25.433,0.001,45.53,0.145
2003-01-25,26.193,0.0,43.56,0.623
2003-01-26,26.022,0.002,46.63,1.307
2003-01-27,25.364,0.001,40.6,1.496
2003-01-28,25.939,0.003,40.21,1.891
2003-01-29,25.535,0.002,43.82,0.597
2003-01-30,25.125,0.001,44.62,0.298
2003-01-31,25.836,0.002,42.72,1.708
2003-02-01,26.618,0.001,40.46,2.49
2003-02-02,26.042,0.008,53.34,1.947
2003-02-03,25.43,0.001,40.48,2.87
2003-02-04,24.686,0.001,49.23,1.648
2003-02-05,24.477,0.087,56.94,1.672
2003-02-06,24.892,0.001,49.4,1.625
2003-02-07,25.51,0.005,44.97,1.26
2003-02-08,25.592,0.516,48.57,1.177
2003-02-09,25.139,0.165,49.16,2.264
2003-02-10,25.137,0.0,47.4,2.171
2003-02-11,26.189,0.0,44.77,1.869
2003-02-12,26.977,0.001,40.1,1.349
2003-02-13,28.222,0.001,38.53,0.244
2003-02-14,27.649,0.001,42.75,1.714
2003-02-15,26.783,0.195,54.93,1.763
2003-02-16,26.736,0.741,57.03,1.895
2003-02-17,26.802,1.383,56.25,2.319
2003-02-18,27.151,0.251,52.38,2.903
2003-02-19,26.612,0.002,42.58,0.852
2003-02-20,26.349,0.001,46.49,1.865
2003-02-21,26.011,0.001,41.57,1.534
2003-02-22,26.5,0.001,36.17,1.307
2003-02-23,27.093,0.003,44.61,1.242
2003-02-24,27.004,0.069,46.85,1.255
2003-02-25,27.467,0.001,42.96,0.852
2003-02-26,27.342,0.004,41.05,0.705
2003-02-27,27.929,0.013,43.0,1.689
2003-02-28,29.149,0.012,37.6,1.243
2003-03-01,29.196,0.002,37.58,1.448
2003-03-02,29.42,0.0,36.92,1.589
2003-03-03,29.7,0.001,36.13,0.687
2003-03-04,28.417,0.0,27.27,2.46
2003-03-05,25.846,0.002,20.61,2.264
2003-03-06,25.901,0.0,20.43,1.878
2003-03-07,26.096,0.001,20.17,1.848
2003-03-08,27.133,0.001,24.98,1.689
2003-03-09,28.795,0.002,38.33,1.552
2003-03-10,28.974,0.0,37.55,2.666
2003-03-11,29.119,0.0,35.64,1.79
2003-03-12,28.884,0.02,38.19,1.065
2003-03-13,27.344,1.935,58.03,1.951
2003-03-14,27.735,0.573,59.41,1.085
2003-03-15,27.126,5.104,64.19,1.389
2003-03-16,25.819,7.798,71.85,1.699
2003-03-17,25.789,3.424,68.88,1.477
2003-03-18,26.238,1.745,68.38,1.968
2003-03-19,26.725,2.042,64.69,1.309
2003-03-20,27.257,0.12,58.07,1.085
2003-03-21,28.133,0.002,47.64,1.542
2003-03-22,28.785,0.0,46.77,1.621
2003-03-23,28.652,0.075,45.23,0.929
2003-03-24,29.292,0.011,38.97,1.015
2003-03-25,29.746,0.355,38.08,1.452
2003-03-26,29.741,1.083,37.29,2.081
2003-03-27,30.131,0.001,32.89,1.456
2003-03-28,29.878,0.001,35.02,1.62
2003-03-29,29.77,0.002,33.42,0.419
2003-03-30,30.249,0.001,29.22,0.998
2003-03-31,29.959,0.001,30.6,1.619
2003-04-01,30.697,0.003,27.11,0.944
2003-04-02,31.687,0.0,27.63,0.463
2003-04-03,32.149,0.0,26.65,1.195
2003-04-04,30.963,0.002,28.46,1.969
2003-04-05,30.875,0.002,31.02,1.086
2003-04-06,29.038,2.5,52.68,1.288
2003-04-07,28.305,4.213,58.32,0.408
2003-04-08,29.077,0.114,52.72,0.063
2003-04-09,30.424,0.207,46.58,1.167
2003-04-10,29.377,2.127,55.21,1.1
2003-04-11,30.225,0.031,45.66,1.125
2003-04-12,30.895,0.895,46.65,0.927
2003-04-13,31.803,0.029,42.34,0.755
2003-04-14,32.196,0.607,41.11,0.996
2003-04-15,32.558,0.0,35.04,0.633
2003-04-16,33.35,0.007,33.34,0.909
2003-04-17,33.317,0.028,33.96,1.18
2003-04-18,33.165,0.485,35.99,1.607
2003-04-19,33.362,0.069,30.98,1.044
2003-04-20,32.597,0.004,31.35,0.44
2003-04-21,33.114,0.412,35.93,1.393
2003-04-22,32.864,1.183,36.87,1.157
2003-04-23,34.171,0.008,26.81,1.075
2003-04-24,34.2,0.002,24.74,0.704
2003-04-25,33.832,0.02,25.65,0.948
2003-04-26,33.254,0.471,31.09,1.824
2003-04-27,33.307,0.003,26.12,1.422
2003-04-28,33.243,0.004,24.49,1.831
2003-04-29,32.948,0.047,26.85,1.979
2003-04-30,32.827,0.0,29.59,2.201
2003-05-01,33.497,0.001,30.16,2.056
2003-05-02,34.893,0.001,27.86,2.354
2003-05-03,34.886,0.0,21.34,2.123
2003-05-04,33.79,0.001,21.87,1.631
2003-05-05,33.341,0.0,19.47,1.484
2003-05-06,32.919,0.0,17.81,2.213
2003-05-07,33.331,0.001,22.27,1.515
2003-05-08,33.75,0.0,22.16,1.135
2003-05-09,34.239,0.001,21.76,0.744
2003-05-10,33.932,0.001,25.83,0.507
2003-05-11,33.457,0.001,21.79,0.509
2003-05-12,33.882,0.001,22.97,0.737
2003-05-13,34.417,0.002,24.39,0.323
2003-05-14,34.362,-0.0,25.38,0.731
2003-05-15,35.155,0.001,21.27,2.489
2003-05-16,35.183,0.001,19.43,2.592
2003-05-17,35.668,0.001,21.11,3.04
2003-05-18,34.843,0.001,21.43,3.526
2003-05-19,33.861,0.0,29.42,3.55
2003-05-20,34.466,0.001,25.39,3.288
2003-05-21,34.849,0.003,25.95,2.875
2003-05-22,34.94,0.0,24.62,3.506
2003-05-23,34.336,0.002,23.06,3.26
2003-05-24,34.883,0.001,25.58,3.149
2003-05-25,35.202,0.004,23.19,2.932
2003-05-26,35.691,-0.0,20.73,3.446
2003-05-27,34.822,0.002,22.98,3.548
2003-05-28,34.672,0.003,21.45,3.005
2003-05-29,35.238,0.002,21.4,2.797
2003-05-30,35.843,0.008,25.38,2.655
2003-05-31,36.131,0.015,24.65,3.446
2003-06-01,36.868,0.001,18.42,3.3
2003-06-02,36.222,0.0,20.02,2.728
2003-06-03,35.96,0.001,24.12,3.014
2003-06-04,36.524,0.158,26.1,3.139
2003-06-05,35.773,0.0,23.32,3.779
2003-06-06,34.829,0.0,27.47,4.042
2003-06-07,34.428,0.0,29.25,3.45
2003-06-08,34.802,0.003,28.95,2.944
2003-06-09,35.589,0.003,32.1,2.853
2003-06-10,33.104,2.547,46.32,2.709
2003-06-11,31.765,4.037,53.79,2.212
2003-06-12,30.959,3.263,57.69,2.245
2003-06-13,29.609,10.333,62.91,2.248
2003-06-14,27.133,16.663,77.54,2.222
2003-06-15,28.108,0.551,66.25,3.163
2003-06-16,27.959,3.38,66.38,3.196
2003-06-17,27.98,2.914,68.12,2.9
2003-06-18,28.795,1.663,61.96,3.814
2003-06-19,28.178,2.489,64.43,4.516
2003-06-20,27.775,3.376,69.26,4.042
2003-06-21,27.957,2.849,67.21,4.085
2003-06-22,26.579,12.556,78.41,3.09
2003-06-23,25.815,17.658,81.44,3.382
2003-06-24,25.118,13.964,87.63,2.612
2003-06-25,26.247,8.57,80.22,2.855
2003-06-26,26.304,5.111,79.73,2.773
2003-06-27,27.035,5.588,74.42,2.854
2003-06-28,26.26,7.199,79.09,3.294
2003-06-29,26.418,7.566,76.85,3.5
2003-06-30,25.78,11.464,79.3,3.387
2003-07-01,25.203,12.89,84.06,2.452
2003-07-02,26.481,4.226,77.43,2.033
2003-07-03,26.747,0.963,71.07,3.004
2003-07-04,25.698,1.747,78.05,2.664
2003-07-05,25.609,13.777,81.31,2.078
2003-07-06,24.885,10.706,84.32,3.046
2003-07-07,25.994,3.501,77.16,3.893
2003-07-08,26.796,0.51,70.66,3.744
2003-07-09,26.038,11.007,77.82,3.151
2003-07-10,24.432,11.787,89.24,2.995
2003-07-11,26.589,1.004,74.64,3.124
2003-07-12,26.555,2.769,77.19,2.655
2003-07-13,27.486,0.216,70.45,2.806
2003-07-14,26.782,6.485,75.62,2.73
2003-07-15,25.091,11.469,86.12,2.694
2003-07-16,24.095,12.131,90.45,2.89
2003-07-17,25.033,15.281,84.21,2.571
2003-07-18,24.864,29.726,88.22,2.9
2003-07-19,24.009,21.953,92.06,3.456
2003-07-20,24.617,9.187,86.3,3.052
2003-07-21,26.262,2.257,79.57,2.871
2003-07-22,26.03,6.303,81.62,2.965
2003-07-23,25.733,12.761,82.38,3.403
2003-07-24,24.588,17.077,86.88,3.837
2003-07-25,24.442,9.469,84.81,4.162
2003-07-26,24.624,6.814,83.8,4.561
2003-07-27,24.231,8.991,85.35,4.808
2003-07-28,26.659,0.294,71.02,3.543
2003-07-29,27.26,0.178,69.68,3.071
2003-07-30,26.96,0.253,71.46,3.016
2003-07-31,26.567,0.715,72.95,2.534
2003-08-01,25.604,8.844,82.11,2.353
2003-08-02,24.769,3.408,85.2,2.804
2003-08-03,25.236,3.591,80.5,3.169
2003-08-04,25.024,9.094,82.49,3.49
2003-08-05,24.72,12.697,85.33,3.384
2003-08-06,24.803,11.229,86.49,2.83
2003-08-07,23.696,57.058,94.08,2.987
2003-08-08,23.334,47.073,93.98,2.959
2003-08-09,23.678,44.408,92.6,2.573
2003-08-10,25.819,1.006,82.41,2.447
2003-08-11,26.407,0.3,75.83,2.482
2003-08-12,26.753,0.28,72.92,2.837
2003-08-13,26.243,0.234,72.67,3.117
2003-08-14,25.735,1.703,77.26,3.419
2003-08-15,26.281,0.752,75.12,2.826
2003-08-16,26.468,0.494,72.81,2.713
2003-08-17,26.869,0.495,70.84,2.974
2003-08-18,26.645,0.789,69.98,3.135
2003-08-19,24.783,7.779,82.48,3.148
2003-08-20,25.133,4.249,80.73,3.222
2003-08-21,24.796,9.938,86.74,2.704
2003-08-22,23.805,38.302,93.38,3.262
2003-08-23,22.63,46.346,95.36,3.519
2003-08-24,25.398,0.924,78.08,3.256
2003-08-25,25.735,0.163,74.56,3.173
2003-08-26,25.934,0.752,72.31,3.263
2003-08-27,25.66,0.869,73.36,3.569
2003-08-28,24.137,6.136,84.57,3.292
2003-08-29,24.165,3.04,85.39,3.298
2003-08-30,25.961,0.969,74.88,3.323
2003-08-31,25.744,5.652,76.1,3.045
2003-09-01,25.479,0.828,73.61,3.258
2003-09-02,24.796,1.463,77.71,2.841
2003-09-03,25.46,3.396,80.37,3.161
2003-09-04,25.785,0.337,74.25,3.31
2003-09-05,25.958,0.885,72.18,3.393
2003-09-06,26.002,1.259,74.53,3.153
2003-09-07,26.154,0.296,70.57,3.586
2003-09-08,25.381,0.117,72.5,3.268
2003-09-09,25.301,0.063,69.81,3.361
2003-09-10,25.628,0.5,71.6,3.332
2003-09-11,25.599,0.685,73.54,3.372
2003-09-12,25.614,0.686,72.46,3.008
2003-09-13,25.776,0.765,72.36,2.959
2003-09-14,25.992,0.105,67.23,2.936
2003-09-15,26.055,0.115,68.59,2.54
2003-09-16,26.122,1.038,76.25,1.506
2003-09-17,26.281,0.805,76.11,1.275
2003-09-18,26.621,0.27,70.12,1.885
2003-09-19,26.328,1.053,74.83,2.399
2003-09-20,25.491,4.965,82.31,2.049
2003-09-21,25.487,4.511,84.67,1.792
2003-09-22,25.898,4.758,81.27,1.718
2003-09-23,25.272,5.496,83.07,2.064
2003-09-24,23.661,11.141,90.61,2.125
2003-09-25,24.439,7.213,88.8,0.869
2003-09-26,24.19,11.223,89.56,0.43
2003-09-27,24.633,10.075,86.4,1.055
2003-09-28,25.79,0.869,77.59,2.074
2003-09-29,25.899,0.678,77.77,1.777
2003-09-30,26.332,5.133,78.02,1.144
2003-10-01,25.971,1.862,81.78,0.342
2003-10-02,25.997,3.759,83.54,1.106
2003-10-03,25.672,6.042,82.87,1.329
2003-10-04,25.81,0.726,74.68,2.069
2003-10-05,25.173,5.833,81.65,2.051
2003-10-06,24.482,12.407,87.34,2.672
2003-10-07,24.087,17.448,87.56,2.196
2003-10-08,25.361,1.746,80.65,2.287
2003-10-09,25.971,0.863,77.23,2.135
2003-10-10,25.94,0.6,72.43,1.331
2003-10-11,26.255,0.001,64.91,0.662
2003-10-12,26.298,0.0,63.82,1.195
2003-10-13,26.339,0.001,63.23,0.962
2003-10-14,25.915,0.0,60.71,1.521
2003-10-15,24.273,0.001,55.54,1.862
2003-10-16,24.241,0.003,58.94,1.461
2003-10-17,25.02,0.069,70.46,1.414
2003-10-18,26.29,0.273,73.9,1.878
2003-10-19,26.09,0.944,77.13,1.9
2003-10-20,25.704,3.94,80.14,1.383
2003-10-21,24.693,8.368,84.61,1.066
2003-10-22,23.908,16.88,88.67,1.41
2003-10-23,22.784,10.836,92.2,1.751
2003-10-24,23.136,0.077,67.85,2.325
2003-10-25,23.007,0.002,55.27,1.276
2003-10-26,23.247,0.003,54.82,1.322
2003-10-27,22.888,0.001,66.95,1.374
2003-10-28,24.046,2.262,73.49,1.658
2003-10-29,22.509,13.433,90.99,1.181
2003-10-30,24.431,0.015,76.07,1.772
2003-10-31,25.219,0.325,76.3,1.157
2003-11-01,25.135,0.66,77.93,0.95
2003-11-02,24.847,0.696,79.93,1.28
2003-11-03,24.965,0.21,77.09,1.446
2003-11-04,24.079,0.064,69.29,1.621
2003-11-05,22.815,0.002,54.54,1.327
2003-11-06,22.498,0.0,55.69,1.19
2003-11-07,22.538,0.002,57.89,1.465
2003-11-08,23.113,0.0,61.74,1.401
2003-11-09,23.584,0.003,62.64,1.38
2003-11-10,23.63,0.001,61.81,1.32
2003-11-11,23.038,0.001,57.36,1.578
2003-11-12,22.562,0.001,58.5,1.629
2003-11-13,22.676,0.001,56.84,1.941
2003-11-14,23.245,0.0,59.28,1.506
2003-11-15,23.358,0.001,59.76,1.257
2003-11-16,22.999,0.001,54.25,1.371
2003-11-17,23.587,0.002,55.05,1.718
2003-11-18,23.175,0.002,58.6,1.742
2003-11-19,22.943,0.001,60.14,1.502
2003-11-20,22.818,0.0,61.6,1.178
2003-11-21,22.761,0.0,62.1,1.256
2003-11-22,22.999,0.0,59.78,1.242
2003-11-23,23.305,0.0,60.51,1.326
2003-11-24,23.318,0.0,61.86,1.332
2003-11-25,22.708,0.001,56.56,1.525
2003-11-26,22.233,0.0,55.2,1.076
2003-11-27,22.715,0.002,61.29,1.015
2003-11-28,23.093,-0.0,64.0,1.475
2003-11-29,23.49,0.001,62.43,1.402
2003-11-30,23.655,0.002,64.6,1.137
2003-12-01,23.545,0.001,62.36,1.536
2003-12-02,22.814,0.001,51.92,1.249
2003-12-03,22.216,0.001,51.35,1.148
2003-12-04,21.711,0.003,47.84,1.359
2003-12-05,21.713,0.0,45.18,1.235
2003-12-06,22.022,0.001,43.3,1.077
2003-12-07,21.951,0.001,46.92,1.178
2003-12-08,21.2,0.001,45.82,1.373
2003-12-09,21.213,0.001,48.75,1.168
2003-12-10,21.924,0.001,49.9,1.4
2003-12-11,22.399,0.0,58.97,1.516
2003-12-12,22.494,0.002,63.79,1.63
2003-12-13,21.958,0.001,55.46,1.366
2003-12-14,21.417,0.0,47.67,2.391
2003-12-15,21.683,0.003,53.6,2.47
2003-12-16,21.724,0.011,63.83,2.227
2003-12-17,20.65,0.0,56.98,1.743
2003-12-18,20.572,0.001,51.34,1.447
2003-12-19,20.793,0.0,50.21,1.635
2003-12-20,20.668,0.001,45.38,1.966
2003-12-21,20.363,0.001,44.52,1.855
2003-12-22,19.873,0.001,47.21,1.892
2003-12-23,20.295,0.0,49.07,1.321
2003-12-24,21.614,0.001,46.78,1.409
2003-12-25,22.75,0.029,44.84,1.996
2003-12-26,22.152,0.317,62.75,2.888
2003-12-27,21.049,3.23,81.83,1.766
2003-12-28,21.403,1.059,78.93,1.216
2003-12-29,19.986,0.001,60.6,2.048
2003-12-30,19.212,0.0,51.23,1.393
2003-12-31,19.869,0.001,49.71,1.108
2004-01-01,20.361,0.0,49.48,1.28
2004-01-02,21.103,0.0,50.73,1.664
2004-01-03,21.594,0.0,56.19,1.743
2004-01-04,21.546,0.0,56.34,2.13
2004-01-05,21.233,0.001,54.41,2.574
2004-01-06,21.28,0.0,56.09,2.102
2004-01-07,20.908,0.004,59.45,1.589
2004-01-08,20.62,0.002,51.4,2.24
2004-01-09,20.083,0.002,41.77,1.875
2004-01-10,19.891,0.001,41.41,1.569
2004-01-11,20.379,0.002,43.02,1.263
2004-01-12,20.552,0.001,42.53,1.221
2004-01-13,20.998,0.0,42.88,1.161
2004-01-14,22.28,0.002,42.62,1.1
2004-01-15,23.028,0.002,45.28,1.256
2004-01-16,23.093,0.001,46.93,1.541
2004-01-17,23.547,0.003,42.94,1.731
2004-01-18,23.98,0.0,44.29,1.554
2004-01-19,24.101,0.0,43.75,1.485
2004-01-20,24.022,0.001,42.34,3.029
2004-01-21,23.449,0.001,49.85,2.868
2004-01-22,23.583,0.07,57.17,2.48
2004-01-23,21.574,5.842,75.4,1.314
2004-01-24,21.29,1.858,78.94,1.572
2004-01-25,20.36,5.35,84.6,1.072
2004-01-26,20.779,5.585,83.84,1.302
2004-01-27,20.467,0.575,73.38,2.324
2004-01-28,21.324,1.104,73.6,1.824
2004-01-29,21.664,3.881,81.75,2.147
2004-01-30,22.765,1.829,75.6,2.364
2004-01-31,22.77,0.792,67.92,1.025
2004-02-01,21.756,0.866,79.93,1.596
2004-02-02,21.402,1.924,77.47,1.923
2004-02-03,19.473,0.843,76.43,1.162
2004-02-04,22.994,0.0,53.88,1.674
2004-02-05,24.448,0.164,56.12,1.38
2004-02-06,21.129,0.0,36.91,1.988
2004-02-07,19.473,0.001,35.4,2.168
2004-02-08,19.747,0.001,38.0,1.85
2004-02-09,20.839,0.002,40.96,1.684
2004-02-10,22.524,0.001,48.46,1.809
2004-02-11,23.467,0.001,51.95,1.976
2004-02-12,24.454,0.0,49.75,2.359
2004-02-13,23.807,0.001,49.89,2.009
2004-02-14,23.844,0.002,43.84,1.854
2004-02-15,24.304,0.0,40.7,1.404
2004-02-16,24.429,0.0,44.37,0.696
2004-02-17,24.241,0.001,41.01,1.4
2004-02-18,24.889,0.001,42.32,1.549
2004-02-19,26.028,0.001,44.39,1.509
2004-02-20,26.219,0.001,44.1,0.65
2004-02-21,26.41,0.001,40.12,1.339
2004-02-22,25.698,0.002,31.9,1.483
2004-02-23,26.257,0.002,30.12,1.158
2004-02-24,26.712,0.0,35.4,0.827
2004-02-25,26.664,0.0,35.84,0.734
2004-02-26,27.054,0.003,32.5,1.249
2004-02-27,27.78,0.0,33.94,1.752
2004-02-28,28.163,0.001,34.22,2.233
2004-02-29,28.515,0.001,33.63,1.308
2004-03-01,28.495,0.002,35.17,0.566
2004-03-02,28.644,0.002,34.57,0.397
2004-03-03,28.506,0.001,30.22,1.246
2004-03-04,28.554,0.001,27.03,1.629
2004-03-05,29.577,0.0,33.24,1.55
2004-03-06,30.132,0.001,30.52,1.49
2004-03-07,28.779,0.0,26.41,1.16
2004-03-08,27.855,0.001,33.39,1.999
2004-03-09,26.987,0.0,38.21,1.936
2004-03-10,27.331,0.001,38.49,1.521
2004-03-11,28.502,0.0,33.85,1.504
2004-03-12,28.951,0.002,34.52,1.219
2004-03-13,29.157,0.001,31.36,1.225
2004-03-14,29.58,0.001,27.18,1.065
2004-03-15,29.995,0.001,25.01,0.794
2004-03-16,30.0,0.0,23.23,0.962
2004-03-17,30.325,0.001,22.65,0.972
2004-03-18,30.59,0.002,21.32,0.428
2004-03-19,30.18,0.001,21.78,0.592
2004-03-20,30.262,0.001,20.51,0.212
2004-03-21,30.684,0.002,23.68,0.958
2004-03-22,31.75,-0.0,29.47,1.325
2004-03-23,31.843,0.0,28.76,0.819
2004-03-24,31.848,0.001,29.67,0.34
2004-03-25,31.863,0.032,31.61,0.957
2004-03-26,31.58,0.264,34.53,1.008
2004-03-27,30.899,0.105,38.99,1.718
2004-03-28,30.77,0.0,37.46,1.839
2004-03-29,31.267,0.104,40.55,0.91
2004-03-30,29.816,2.367,52.35,2.119
2004-03-31,29.86,2.29,52.87,1.409
2004-04-01,29.084,3.509,58.88,1.439
2004-04-02,30.256,0.829,49.85,0.933
2004-04-03,30.629,0.169,47.13,1.292
2004-04-04,29.769,2.101,54.01,1.35
2004-04-05,30.641,0.488,40.84,1.678
2004-04-06,31.019,0.21,37.79,1.644
2004-04-07,31.087,0.001,30.4,1.331
2004-04-08,30.598,0.002,27.19,1.097
2004-04-09,30.829,0.0,30.23,0.379
2004-04-10,31.976,0.0,29.0,1.442
2004-04-11,32.878,0.0,32.71,1.789
2004-04-12,33.474,0.0,31.73,1.149
2004-04-13,34.356,0.003,27.07,1.46
2004-04-14,34.207,0.002,21.52,1.534
2004-04-15,33.953,0.002,21.08,1.809
2004-04-16,33.558,0.0,19.72,1.888
2004-04-17,33.855,0.001,22.28,1.879
2004-04-18,33.066,0.0,19.35,2.442
2004-04-19,32.911,0.001,24.86,0.221
2004-04-20,33.423,0.015,34.54,1.354
2004-04-21,33.427,0.12,37.96,1.723
2004-04-22,32.352,1.054,42.71,2.208
2004-04-23,32.153,0.258,40.46,1.001
2004-04-24,30.925,1.092,46.35,2.183
2004-04-25,30.637,0.507,47.29,2.259
2004-04-26,31.431,0.876,42.76,2.061
2004-04-27,33.111,0.0,30.04,1.227
2004-04-28,33.282,0.002,28.97,0.906
2004-04-29,31.289,1.733,47.83,1.762
2004-04-30,31.742,0.354,45.66,1.687
2004-05-01,32.125,0.039,41.7,1.561
2004-05-02,32.181,0.065,43.9,1.869
2004-05-03,31.45,0.354,49.34,2.135
2004-05-04,29.602,0.736,54.6,2.149
2004-05-05,29.196,0.032,53.47,2.292
2004-05-06,28.285,1.15,66.16,2.877
2004-05-07,29.107,0.307,62.51,3.719
2004-05-08,30.378,0.154,54.13,3.286
2004-05-09,32.092,0.015,46.44,2.448
2004-05-10,32.773,0.618,44.71,1.622
2004-05-11,33.021,1.452,43.98,1.661
2004-05-12,31.261,7.622,56.24,2.058
2004-05-13,31.647,0.863,50.94,1.941
2004-05-14,31.586,0.034,48.1,2.145
2004-05-15,30.938,5.507,55.96,2.135
2004-05-16,28.228,15.006,73.48,1.846
2004-05-17,27.989,4.696,73.36,2.951
2004-05-18,29.437,0.67,63.97,4.526
2004-05-19,30.117,0.067,57.04,4.404
2004-05-20,30.428,0.0,48.15,4.356
2004-05-21,30.703,0.0,42.89,3.893
2004-05-22,31.194,0.0,37.38,3.519
2004-05-23,31.869,0.0,35.34,2.847
2004-05-24,32.548,0.001,32.56,2.316
2004-05-25,33.134,0.02,31.79,1.377
2004-05-26,33.391,0.127,32.04,0.695
2004-05-27,33.17,0.023,34.13,0.197
2004-05-28,33.193,0.011,34.95,0.322
2004-05-29,33.362,0.004,35.25,0.497
2004-05-30,33.214,0.006,38.24,1.033
2004-05-31,33.531,0.182,37.87,0.548
2004-06-01,33.984,0.289,37.05,1.337
2004-06-02,33.999,0.862,38.14,1.709
2004-06-03,33.482,0.585,41.11,2.708
2004-06-04,32.213,1.176,46.47,2.408
2004-06-05,32.36,0.784,45.46,2.006
2004-06-06,30.926,4.223,56.58,2.072
2004-06-07,29.483,13.723,64.5,1.232
2004-06-08,28.422,3.829,68.33,2.006
2004-06-09,28.565,1.389,64.46,2.869
2004-06-10,28.882,0.974,62.13,3.314
2004-06-11,28.254,8.622,66.71,2.694
2004-06-12,26.846,5.518,72.09,3.295
2004-06-13,25.766,7.105,79.21,4.425
2004-06-14,26.323,4.768,75.75,4.999
2004-06-15,27.212,3.856,67.96,5.529
2004-06-16,27.224,3.309,67.25,5.65
2004-06-17,27.244,0.58,64.68,5.768
2004-06-18,26.533,0.574,62.63,5.221
2004-06-19,26.928,0.886,66.0,4.596
2004-06-20,27.748,0.075,60.71,4.621
2004-06-21,28.921,0.011,54.8,4.68
2004-06-22,29.458,0.003,51.4,4.28
2004-06-23,29.687,0.001,49.35,4.24
2004-06-24,29.533,0.105,49.2,4.234
2004-06-25,29.579,0.465,51.3,3.463
2004-06-26,29.366,0.437,56.33,3.058
2004-06-27,29.48,2.474,56.99,3.034
2004-06-28,28.591,4.652,63.36,2.474
2004-06-29,29.262,1.793,58.52,2.799
2004-06-30,29.032,0.075,55.99,3.437
2004-07-01,27.488,14.108,69.44,3.3
2004-07-02,26.314,12.127,78.61,2.833
2004-07-03,26.187,10.199,81.53,2.605
2004-07-04,25.265,15.774,86.84,2.308
2004-07-05,27.067,2.006,72.75,2.923
2004-07-06,28.306,0.526,63.95,2.971
2004-07-07,28.596,0.058,62.32,2.118
2004-07-08,28.557,0.48,64.11,1.532
2004-07-09,28.645,1.674,64.39,1.685
2004-07-10,27.968,2.702,67.81,1.813
2004-07-11,27.504,4.801,68.59,2.165
2004-07-12,26.844,3.496,73.0,2.688
2004-07-13,26.466,3.482,72.74,3.277
2004-07-14,26.384,3.015,70.78,2.562
2004-07-15,26.314,4.018,74.3,2.746
2004-07-16,25.081,10.446,86.3,1.799
2004-07-17,26.938,0.915,73.25,2.519
2004-07-18,28.361,0.291,65.53,2.799
2004-07-19,28.951,0.107,61.94,2.663
2004-07-20,29.129,0.154,60.5,2.834
2004-07-21,27.55,10.003,69.83,2.958
2004-07-22,24.337,10.715,86.54,3.152
2004-07-23,26.779,1.594,71.68,2.812
2004-07-24,25.372,12.037,81.41,2.846
2004-07-25,23.447,20.477,90.43,3.583
2004-07-26,23.477,8.876,86.44,3.554
2004-07-27,23.113,16.44,88.7,3.764
2004-07-28,23.564,14.555,88.67,3.643
2004-07-29,22.723,32.952,92.3,3.857
2004-07-30,23.19,17.909,90.04,4.04
2004-07-31,25.352,0.638,75.25,4.512
2004-08-01,25.616,0.95,72.88,4.878
2004-08-02,25.076,2.887,75.94,4.532
2004-08-03,23.264,40.342,92.34,3.73
2004-08-04,24.537,10.074,85.73,4.45
2004-08-05,24.309,10.05,85.78,4.069
2004-08-06,26.383,0.728,71.55,4.278
2004-08-07,26.22,0.426,70.57,4.445
2004-08-08,25.995,0.744,71.65,4.622
2004-08-09,25.593,2.242,73.69,4.508
2004-08-10,25.061,2.289,75.79,4.16
2004-08-11,24.588,5.072,77.6,4.581
2004-08-12,24.187,9.413,85.07,3.711
2004-08-13,25.756,1.643,74.84,3.821
2004-08-14,25.13,4.383,77.68,4.223
2004-08-15,25.606,0.906,72.95,4.174
2004-08-16,25.803,1.018,72.9,3.817
2004-08-17,26.099,0.809,73.06,3.544
2004-08-18,26.215,0.382,71.15,3.897
2004-08-19,25.868,2.24,72.87,4.264
2004-08-20,25.225,3.889,75.81,4.191
2004-08-21,23.72,10.726,85.83,4.036
2004-08-22,24.217,3.404,81.88,4.213
2004-08-23,25.548,0.517,72.22,3.618
2004-08-24,25.922,0.966,74.41,3.199
2004-08-25,25.798,1.387,75.93,2.815
2004-08-26,25.924,0.075,69.02,3.064
2004-08-27,25.726,0.089,68.3,3.413
2004-08-28,25.358,0.491,70.22,2.958
2004-08-29,25.535,0.283,69.13,2.926
2004-08-30,25.76,0.108,67.2,3.026
2004-08-31,25.567,0.238,67.36,3.066
2004-09-01,25.522,0.473,70.73,2.486
2004-09-02,26.441,0.219,69.27,2.063
2004-09-03,27.184,0.338,71.03,2.212
2004-09-04,25.444,2.699,82.59,1.659
2004-09-05,24.13,7.184,90.33,1.898
2004-09-06,23.106,32.598,94.79,0.694
2004-09-07,25.682,0.266,76.0,0.944
2004-09-08,26.13,2.591,79.14,2.058
2004-09-09,25.337,8.645,85.81,2.249
2004-09-10,24.155,13.948,89.18,2.347
2004-09-11,25.085,0.239,74.44,3.298
2004-09-12,25.478,0.151,72.72,2.741
2004-09-13,26.205,0.17,75.39,2.312
2004-09-14,26.675,0.208,70.97,2.453
2004-09-15,26.117,0.186,69.24,2.36
2004-09-16,26.071,0.431,70.9,2.335
2004-09-17,26.558,0.448,72.62,2.155
2004-09-18,26.129,6.57,80.58,1.893
2004-09-19,25.916,3.712,81.18,1.973
2004-09-20,26.326,3.541,80.05,1.323
2004-09-21,25.065,14.768,87.12,0.424
2004-09-22,24.698,6.736,85.5,1.049
2004-09-23,25.366,7.442,82.54,1.15
2004-09-24,25.509,5.898,82.35,1.168
2004-09-25,25.752,8.076,80.41,1.848
2004-09-26,26.275,2.131,79.53,1.419
2004-09-27,25.564,6.702,83.29,0.918
2004-09-28,25.938,4.581,79.73,0.434
2004-09-29,26.516,0.277,71.33,1.386
2004-09-30,26.702,0.362,72.85,0.831
2004-10-01,26.463,5.124,75.06,0.503
2004-10-02,25.33,5.143,83.56,0.982
2004-10-03,25.016,9.799,84.7,1.382
2004-10-04,24.843,11.639,86.2,1.966
2004-10-05,25.337,3.074,82.0,2.79
2004-10-06,25.557,7.224,82.25,2.293
2004-10-07,25.168,3.118,82.99,1.997
2004-10-08,25.288,4.137,81.24,1.411
2004-10-09,25.662,0.914,78.91,0.603
2004-10-10,26.034,0.313,70.6,0.046
2004-10-11,26.492,0.002,65.68,0.19
2004-10-12,25.701,2.134,78.07,0.368
2004-10-13,25.489,3.382,78.99,0.752
2004-10-14,24.795,0.418,80.21,1.387
2004-10-15,24.347,0.0,58.03,1.987
2004-10-16,23.601,0.002,56.69,1.462
2004-10-17,23.398,0.001,57.68,1.781
2004-10-18,23.172,0.002,57.23,1.645
2004-10-19,23.13,0.0,55.98,1.494
2004-10-20,23.156,0.001,55.5,1.419
2004-10-21,23.823,0.001,59.01,1.473
2004-10-22,25.128,0.004,63.19,1.442
2004-10-23,25.361,0.15,68.09,1.364
2004-10-24,25.046,0.18,65.66,1.678
2004-10-25,24.638,0.029,58.46,1.938
2004-10-26,24.905,0.012,58.93,1.582
2004-10-27,24.824,0.001,53.29,1.688
2004-10-28,24.918,0.003,51.4,1.472
2004-10-29,24.851,0.039,58.35,1.621
2004-10-30,24.21,0.525,68.68,1.832
2004-10-31,24.843,0.183,65.02,1.717
2004-11-01,25.084,0.383,65.77,1.298
2004-11-02,24.978,0.015,58.19,1.788
2004-11-03,23.874,0.002,41.17,2.317
2004-11-04,23.2,0.002,44.54,2.052
2004-11-05,22.602,0.007,47.0,2.094
2004-11-06,22.721,0.908,53.64,1.643
2004-11-07,24.926,0.205,64.88,1.513
2004-11-08,24.753,6.973,75.04,1.649
2004-11-09,24.924,1.345,74.23,0.794
2004-11-10,24.914,1.157,72.36,1.144
2004-11-11,25.137,2.249,72.07,1.356
2004-11-12,25.576,0.339,67.21,1.589
2004-11-13,25.618,0.02,66.65,1.46
2004-11-14,25.958,0.023,63.64,1.43
2004-11-15,25.934,0.158,64.62,1.034
2004-11-16,26.025,0.02,60.53,1.499
2004-11-17,25.407,0.0,53.89,1.379
2004-11-18,24.418,0.001,45.28,1.257
2004-11-19,24.379,0.0,41.4,1.543
2004-11-20,23.956,0.001,39.81,1.921
2004-11-21,23.182,0.001,41.69,1.72
2004-11-22,22.85,0.0,39.85,1.593
2004-11-23,22.75,0.0,44.63,1.506
2004-11-24,23.104,0.0,44.67,1.927
2004-11-25,22.895,0.001,48.21,1.969
2004-11-26,23.113,0.002,47.57,1.702
2004-11-27,22.847,0.001,40.7,2.165
2004-11-28,22.87,0.001,44.06,2.225
2004-11-29,22.35,0.001,42.46,1.902
2004-11-30,21.848,0.002,43.25,1.559
2004-12-01,21.978,0.001,44.59,1.532
2004-12-02,22.044,0.002,45.56,1.738
2004-12-03,21.592,0.0,46.29,2.18
2004-12-04,21.5,0.002,44.14,2.198
2004-12-05,21.752,-0.0,41.99,1.537
2004-12-06,22.032,0.0,42.7,1.538
2004-12-07,22.359,0.0,43.22,1.83
2004-12-08,22.149,0.001,45.19,1.459
2004-12-09,22.392,0.0,43.37,1.293
2004-12-10,22.174,0.001,41.19,1.734
2004-12-11,21.896,0.001,48.54,1.449
2004-12-12,22.22,0.0,51.99,1.586
2004-12-13,22.184,0.001,51.99,1.457
2004-12-14,22.138,0.0,51.45,1.346
2004-12-15,22.539,0.002,51.65,1.346
2004-12-16,22.49,0.0,40.23,1.23
2004-12-17,22.222,0.0,39.11,1.296
2004-12-18,21.558,0.002,39.68,1.008
2004-12-19,21.169,0.0,40.38,0.807
2004-12-20,22.071,0.001,41.95,1.35
2004-12-21,22.484,0.001,44.05,1.193
2004-12-22,23.433,0.001,50.49,1.438
2004-12-23,23.66,0.002,49.41,0.572
2004-12-24,23.595,0.0,48.99,1.059
2004-12-25,23.343,0.003,52.46,1.287
2004-12-26,22.661,0.003,54.03,1.661
2004-12-27,22.731,0.0,50.96,1.979
2004-12-28,22.348,0.001,52.8,1.764
2004-12-29,22.396,0.002,44.33,1.904
2004-12-30,22.191,0.003,41.29,1.706
2004-12-31,22.929,0.001,49.32,1.828
2005-01-01,23.928,0.001,52.66,1.836
2005-01-02,23.686,0.167,56.87,1.555
2005-01-03,23.357,0.803,57.43,1.365
2005-01-04,23.379,0.001,54.18,1.812
2005-01-05,23.58,0.001,45.5,1.337
2005-01-06,23.838,0.001,48.28,1.367
2005-01-07,23.946,-0.0,50.45,0.873
2005-01-08,23.6,0.0,51.08,1.064
2005-01-09,23.419,0.001,50.67,0.606
2005-01-10,24.251,0.0,41.22,1.811
2005-01-11,22.014,0.002,41.69,1.173
2005-01-12,21.684,0.001,40.93,1.653
2005-01-13,21.803,0.002,39.09,0.974
2005-01-14,21.923,0.001,38.03,1.317
2005-01-15,22.934,0.002,42.67,1.806
2005-01-16,23.62,0.001,46.76,2.542
2005-01-17,23.836,0.002,46.11,1.304
2005-01-18,21.949,0.001,37.14,1.849
2005-01-19,21.242,0.0,36.17,2.006
2005-01-20,21.5,0.001,39.44,1.968
2005-01-21,23.088,0.001,43.51,1.666
2005-01-22,24.459,0.034,56.58,2.479
2005-01-23,23.379,0.648,70.67,1.317
2005-01-24,24.248,0.654,62.27,1.13
2005-01-25,22.955,10.93,76.03,0.996
2005-01-26,23.048,6.781,73.9,1.207
2005-01-27,23.181,1.18,71.13,2.265
2005-01-28,22.423,0.486,70.78,0.81
2005-01-29,20.687,14.946,84.22,1.754
2005-01-30,21.161,9.669,81.97,1.497
2005-01-31,18.645,27.732,91.9,0.95
2005-02-01,18.655,0.009,69.56,2.202
2005-02-02,18.524,0.001,59.47,1.78
2005-02-03,19.937,0.001,59.06,1.39
2005-02-04,21.639,0.194,68.69,1.756
2005-02-05,23.375,0.022,65.96,1.272
2005-02-06,23.899,0.563,66.58,1.869
2005-02-07,24.534,0.003,55.38,2.229
2005-02-08,23.51,0.0,48.48,1.586
2005-02-09,23.413,0.0,50.01,1.983
2005-02-10,23.752,0.001,51.23,1.536
2005-02-11,24.152,0.0,51.87,0.737
2005-02-12,24.897,0.001,48.56,0.953
2005-02-13,25.392,0.0,47.5,0.46
2005-02-14,25.492,0.0,43.74,0.454
2005-02-15,25.683,0.001,41.17,1.58
2005-02-16,24.803,0.001,40.93,1.142
2005-02-17,25.284,0.001,43.34,1.254
2005-02-18,25.059,0.003,46.69,0.849
2005-02-19,25.073,0.003,48.9,0.513
2005-02-20,25.638,0.001,43.12,0.619
2005-02-21,25.868,0.0,37.98,2.115
2005-02-22,25.711,0.001,44.96,0.54
2005-02-23,26.452,0.001,49.21,0.785
2005-02-24,26.488,0.028,53.66,0.971
2005-02-25,27.015,0.002,50.01,0.336
2005-02-26,27.71,0.029,41.96,0.765
2005-02-27,27.781,0.005,40.27,0.843
2005-02-28,27.538,0.012,40.77,0.871
2005-03-01,27.449,0.001,40.91,0.844
2005-03-02,28.11,0.0,27.77,2.038
2005-03-03,28.125,0.003,28.29,2.348
2005-03-04,27.964,0.001,25.73,2.369
2005-03-05,28.155,0.003,34.71,1.522
2005-03-06,28.642,0.0,37.16,1.507
2005-03-07,26.859,2.33,57.54,1.42
2005-03-08,24.321,13.559,72.25,0.613
2005-03-09,25.025,2.165,68.21,0.821
2005-03-10,25.241,0.766,69.66,0.498
2005-03-11,25.927,0.722,56.89,1.133
2005-03-12,25.43,0.0,45.51,1.735
2005-03-13,25.107,0.0,38.42,1.627
2005-03-14,25.777,0.002,39.8,0.705
2005-03-15,26.901,0.0,37.29,0.468
2005-03-16,27.61,0.002,38.85,0.609
2005-03-17,28.357,-0.0,40.96,0.997
2005-03-18,29.051,0.0,41.72,0.863
2005-03-19,29.743,0.001,39.52,0.697
2005-03-20,30.127,0.001,35.44,0.916
2005-03-21,30.423,0.001,34.52,1.465
2005-03-22,30.137,0.001,33.32,0.835
2005-03-23,28.449,0.0,30.55,1.487
2005-03-24,26.655,0.0,28.12,2.127
2005-03-25,27.718,0.003,25.98,1.403
2005-03-26,28.564,0.003,27.15,0.496
2005-03-27,29.573,0.001,26.68,1.013
2005-03-28,29.635,0.001,29.74,0.701
2005-03-29,29.739,0.0,32.7,0.591
2005-03-30,29.991,0.001,28.83,1.087
2005-03-31,30.363,0.001,28.28,0.615
2005-04-01,30.036,0.578,47.71,1.361
2005-04-02,30.533,0.385,45.88,1.226
2005-04-03,30.785,0.001,39.32,1.246
2005-04-04,30.614,0.002,36.02,1.137
2005-04-05,30.565,0.0,38.57,1.66
2005-04-06,30.788,0.0,39.96,2.335
2005-04-07,31.119,0.0,37.94,1.648
2005-04-08,31.757,0.001,34.69,1.536
2005-04-09,31.295,0.0,19.96,1.814
2005-04-10,30.636,0.0,23.51,0.516
2005-04-11,30.627,0.011,41.64,1.087
2005-04-12,31.343,0.295,44.33,1.382
2005-04-13,31.234,0.636,46.55,0.573
2005-04-14,30.571,0.403,48.71,0.721
2005-04-15,30.406,1.544,51.51,1.013
2005-04-16,30.79,1.113,51.82,1.385
2005-04-17,32.462,0.058,36.55,0.783
2005-04-18,33.22,0.006,26.88,0.654
2005-04-19,31.631,1.259,34.3,2.209
2005-04-20,31.409,0.182,37.75,2.06
2005-04-21,31.86,0.007,33.16,1.159
2005-04-22,32.439,0.028,30.47,1.454
2005-04-23,32.569,0.165,33.03,0.628
2005-04-24,31.983,0.791,35.0,0.802
2005-04-25,30.569,0.779,41.7,0.14
2005-04-26,31.431,0.03,37.81,0.786
2005-04-27,31.941,0.017,32.7,1.541
2005-04-28,32.128,0.014,28.71,0.738
2005-04-29,32.099,0.0,27.44,0.376
2005-04-30,31.633,0.069,37.91,1.427
2005-05-01,30.916,1.179,49.5,1.826
2005-05-02,30.94,1.155,47.79,1.54
2005-05-03,28.977,1.517,55.69,0.916
2005-05-04,30.603,0.255,41.06,0.53
2005-05-05,30.162,0.088,40.55,0.531
2005-05-06,31.586,0.001,34.72,0.753
2005-05-07,32.229,0.001,33.42,1.062
2005-05-08,33.692,0.0,29.76,2.274
2005-05-09,34.02,0.0,27.59,2.182
2005-05-10,34.023,0.001,26.85,2.754
2005-05-11,33.845,0.016,26.77,2.072
2005-05-12,33.74,0.0,22.57,1.776
2005-05-13,33.732,0.0,15.49,2.678
2005-05-14,33.17,0.002,16.46,1.214
2005-05-15,34.069,0.0,18.53,0.681
2005-05-16,34.923,0.001,19.55,0.993
2005-05-17,35.386,0.001,21.84,0.842
2005-05-18,35.336,0.003,22.1,1.115
2005-05-19,35.526,0.002,23.1,0.32
2005-05-20,35.72,0.001,25.86,1.006
2005-05-21,35.953,0.025,28.72,1.644
2005-05-22,36.182,0.044,25.74,1.429
2005-05-23,36.065,0.036,22.94,1.133
2005-05-24,36.01,0.272,25.35,1.56
2005-05-25,35.976,0.057,24.41,2.325
2005-05-26,34.836,0.013,26.99,1.735
2005-05-27,34.67,0.03,27.79,1.447
2005-05-28,34.692,0.062,28.95,1.295
2005-05-29,33.197,0.215,35.89,1.327
2005-05-30,32.624,0.337,39.49,0.251
2005-05-31,33.939,0.187,37.0,0.257
2005-06-01,34.606,0.095,34.54,1.715
2005-06-02,34.63,0.115,34.83,2.037
2005-06-03,35.264,0.01,29.88,2.633
2005-06-04,34.626,0.096,31.17,1.509
2005-06-05,34.542,0.025,33.02,1.48
2005-06-06,34.743,0.248,34.43,2.046
2005-06-07,34.884,0.065,31.78,1.634
2005-06-08,34.527,0.154,32.62,1.739
2005-06-09,34.235,0.045,33.26,1.732
2005-06-10,32.395,3.625,46.12,2.723
2005-06-11,32.726,0.415,45.03,2.978
2005-06-12,33.577,0.138,39.21,3.018
2005-06-13,33.753,0.189,39.81,2.794
2005-06-14,32.426,1.108,50.34,2.559
2005-06-15,33.408,0.134,44.27,2.478
2005-06-16,33.343,0.56,44.65,2.521
2005-06-17,32.242,2.912,51.51,1.765
2005-06-18,31.535,0.118,50.72,3.298
2005-06-19,31.209,0.203,49.2,3.901
2005-06-20,30.348,0.29,53.9,3.767
2005-06-21,30.676,0.039,52.22,3.377
2005-06-22,29.188,3.953,60.13,3.251
2005-06-23,29.873,0.191,54.15,3.817
2005-06-24,28.163,5.525,65.96,3.713
2005-06-25,26.827,11.209,73.57,3.772
2005-06-26,24.619,10.808,85.85,4.057
2005-06-27,25.5,7.141,79.14,4.473
2005-06-28,25.431,4.64,77.39,4.901
2005-06-29,26.538,0.53,69.84,5.293
2005-06-30,25.882,4.835,76.2,4.665
2005-07-01,26.26,2.985,72.19,4.96
2005-07-02,27.033,0.423,65.94,5.169
2005-07-03,26.664,1.621,68.51,4.843
2005-07-04,26.716,1.807,69.15,4.918
2005-07-05,26.726,0.783,68.26,4.482
2005-07-06,27.735,0.852,62.2,4.175
2005-07-07,26.877,6.122,68.49,3.367
2005-07-08,23.88,38.112,88.32,4.21
2005-07-09,23.403,36.898,90.49,4.008
2005-07-10,23.391,56.696,88.41,3.735
2005-07-11,25.146,11.34,79.61,3.034
2005-07-12,26.204,1.958,76.95,2.263
2005-07-13,26.789,0.526,75.67,1.699
2005-07-14,27.358,1.861,74.51,1.046
2005-07-15,26.33,10.394,81.19,0.719
2005-07-16,25.893,4.684,81.97,1.133
2005-07-17,26.685,4.839,78.41,1.322
2005-07-18,27.414,1.814,74.67,0.984
2005-07-19,27.099,9.958,79.09,1.201
2005-07-20,26.442,9.448,81.95,1.484
2005-07-21,24.75,14.81,88.64,2.84
2005-07-22,25.555,2.045,81.6,3.213
2005-07-23,25.728,3.494,77.1,3.382
2005-07-24,23.673,17.658,88.6,3.949
2005-07-25,23.442,26.136,91.62,4.623
2005-07-26,23.306,49.795,91.81,4.241
2005-07-27,23.508,19.958,88.83,4.713
2005-07-28,25.081,4.185,79.2,4.467
2005-07-29,26.125,1.034,72.26,4.6
2005-07-30,25.41,10.874,81.12,3.863
2005-07-31,24.604,15.931,84.3,4.432
2005-08-01,23.767,10.352,86.36,5.009
2005-08-02,24.603,11.667,80.66,4.385
2005-08-03,24.565,11.521,83.33,4.339
2005-08-04,24.098,14.095,87.09,3.994
2005-08-05,23.551,12.94,88.81,4.126
2005-08-06,24.08,0.63,82.36,4.197
2005-08-07,24.771,1.163,78.82,3.765
2005-08-08,25.178,2.173,78.77,3.262
2005-08-09,25.732,0.93,77.38,2.841
2005-08-10,25.732,1.31,75.36,3.292
2005-08-11,25.924,0.534,71.31,3.675
2005-08-12,25.404,1.904,76.17,3.252
2005-08-13,25.675,1.146,77.17,3.007
2005-08-14,25.527,6.728,80.98,2.809
2005-08-15,23.668,22.048,91.45,2.452
2005-08-16,24.307,5.886,84.36,3.059
2005-08-17,25.873,0.693,76.16,3.479
2005-08-18,26.091,0.38,73.32,3.555
2005-08-19,25.209,6.696,76.63,3.597
2005-08-20,24.134,3.476,83.93,3.471
2005-08-21,24.974,3.763,81.08,2.963
2005-08-22,25.605,0.233,73.39,2.534
2005-08-23,25.754,0.541,76.76,1.83
2005-08-24,25.749,0.6,76.73,1.953
2005-08-25,25.801,0.45,73.69,2.239
2005-08-26,25.843,0.342,72.95,2.236
2005-08-27,26.044,0.496,78.56,1.698
2005-08-28,26.489,1.253,78.16,1.217
2005-08-29,26.948,2.068,78.36,1.371
2005-08-30,27.045,1.84,80.42,1.406
2005-08-31,27.166,0.945,78.08,1.699
2005-09-01,27.715,2.694,75.38,1.339
2005-09-02,26.974,8.339,83.2,0.825
2005-09-03,26.437,14.171,82.38,0.716
2005-09-04,25.915,7.222,82.67,0.518
2005-09-05,26.388,3.97,79.87,1.321
2005-09-06,26.379,5.638,80.2,0.687
2005-09-07,26.022,12.696,85.66,0.441
2005-09-08,24.856,18.18,91.42,0.489
2005-09-09,25.402,10.895,87.13,0.24
2005-09-10,25.235,9.317,84.82,2.074
2005-09-11,25.337,3.742,78.91,3.265
2005-09-12,25.275,6.071,80.81,3.752
2005-09-13,24.91,3.73,80.88,3.948
2005-09-14,25.919,0.487,73.37,4.258
2005-09-15,25.811,0.132,72.41,3.578
2005-09-16,25.942,0.062,70.77,3.596
2005-09-17,25.962,0.018,68.28,3.778
2005-09-18,25.55,0.321,70.3,4.093
2005-09-19,24.385,6.862,79.04,4.701
2005-09-20,23.621,94.987,90.0,4.088
2005-09-21,23.651,43.867,91.55,2.901
2005-09-22,25.21,1.604,79.59,4.066
2005-09-23,25.178,4.423,80.16,3.464
2005-09-24,25.699,0.148,73.56,2.796
2005-09-25,25.507,0.027,72.91,2.547
2005-09-26,25.12,0.57,75.76,2.058
2005-09-27,25.055,0.087,72.75,2.08
2005-09-28,25.351,0.173,72.06,2.067
2005-09-29,25.632,0.205,72.89,1.778
2005-09-30,26.168,0.054,68.44,1.809
2005-10-01,26.655,0.178,70.68,1.817
2005-10-02,26.427,0.267,70.91,1.587
2005-10-03,26.14,0.002,64.86,1.443
2005-10-04,26.21,0.006,63.94,1.447
2005-10-05,26.475,0.044,62.14,1.55
2005-10-06,26.814,0.194,64.45,1.071
2005-10-07,26.88,0.02,62.6,1.352
2005-10-08,26.736,0.003,55.86,1.294
2005-10-09,26.286,0.002,55.1,1.688
2005-10-10,26.427,0.002,60.93,2.024
2005-10-11,25.676,5.52,78.06,1.626
2005-10-12,25.029,14.276,84.79,1.024
2005-10-13,25.08,4.964,83.03,1.399
2005-10-14,23.395,16.043,92.48,2.232
2005-10-15,23.377,17.305,91.26,2.099
2005-10-16,23.683,19.785,91.16,1.68
2005-10-17,24.414,6.687,85.94,0.508
2005-10-18,24.205,1.693,85.02,0.52
2005-10-19,24.473,1.334,83.79,1.347
2005-10-20,24.589,0.954,81.32,1.852
2005-10-21,24.244,0.531,75.93,1.958
2005-10-22,23.998,0.0,65.94,1.808
2005-10-23,23.754,0.001,65.11,1.129
2005-10-24,24.74,0.225,74.6,1.247
2005-10-25,24.123,6.308,85.84,0.827
2005-10-26,24.585,0.755,76.48,2.124
2005-10-27,24.591,0.14,67.17,2.825
2005-10-28,24.306,6.312,75.48,3.118
2005-10-29,24.28,2.642,80.31,2.384
2005-10-30,24.188,0.228,70.81,1.757
2005-10-31,24.508,0.036,67.77,1.276
2005-11-01,23.648,0.0,56.28,1.492
2005-11-02,22.865,0.001,54.87,1.678
2005-11-03,22.448,0.001,54.46,1.673
2005-11-04,22.048,0.003,55.26,1.881
2005-11-05,22.663,0.0,64.51,1.959
2005-11-06,23.013,0.015,62.49,2.136
2005-11-07,21.632,0.003,53.32,1.913
2005-11-08,21.219,0.0,53.44,1.82
2005-11-09,20.813,0.001,53.85,1.961
2005-11-10,21.171,0.001,52.32,1.261
2005-11-11,21.208,-0.0,53.85,1.165
2005-11-12,21.644,0.001,53.48,1.193
2005-11-13,21.756,0.0,52.77,1.449
2005-11-14,22.257,0.0,50.4,1.124
2005-11-15,22.143,0.0,50.92,1.3
2005-11-16,22.433,0.0,52.56,1.388
2005-11-17,22.642,0.003,53.5,1.362
2005-11-18,22.546,0.001,51.31,0.946
2005-11-19,22.337,0.002,51.57,1.1
2005-11-20,22.057,0.002,51.2,2.002
2005-11-21,21.833,0.001,48.18,2.033
2005-11-22,22.334,0.0,47.19,1.524
2005-11-23,22.552,0.0,51.31,1.483
2005-11-24,22.621,0.0,58.27,1.504
2005-11-25,22.336,0.0,61.41,1.424
2005-11-26,22.374,0.002,62.6,1.255
2005-11-27,22.437,0.0,60.17,1.142
2005-11-28,22.502,0.002,55.39,1.289
2005-11-29,22.302,0.002,55.25,1.495
2005-11-30,22.183,0.001,54.99,1.261
2005-12-01,22.582,0.001,53.24,1.487
2005-12-02,23.716,0.001,55.26,1.85
2005-12-03,23.99,0.651,58.58,1.823
2005-12-04,24.186,0.001,59.06,1.826
2005-12-05,23.598,0.0,56.18,1.988
2005-12-06,22.435,0.001,47.21,1.97
2005-12-07,21.157,0.002,41.31,1.626
2005-12-08,20.936,0.003,42.93,1.327
2005-12-09,20.964,0.003,46.37,1.44
2005-12-10,20.889,0.0,46.45,1.633
2005-12-11,20.851,0.001,46.8,1.84
2005-12-12,20.714,0.001,48.6,1.749
2005-12-13,20.242,0.001,45.91,1.787
2005-12-14,20.238,0.001,45.72,1.456
2005-12-15,19.993,0.0,45.5,1.609
2005-12-16,19.441,0.001,44.92,1.893
2005-12-17,19.446,0.001,48.16,1.844
2005-12-18,19.997,0.001,51.27,1.609
2005-12-19,20.722,0.0,51.94,1.128
2005-12-20,22.977,0.012,61.49,1.46
2005-12-21,23.301,0.669,71.42,1.439
2005-12-22,22.508,1.763,76.59,0.527
2005-12-23,22.094,0.503,71.75,1.297
2005-12-24,22.068,0.002,60.06,1.799
2005-12-25,19.576,0.002,52.74,2.145
2005-12-26,18.307,0.001,43.61,1.551
2005-12-27,18.659,0.001,46.37,1.24
2005-12-28,19.363,0.0,51.49,1.168
2005-12-29,20.222,0.002,52.55,1.22
2005-12-30,20.752,0.001,51.81,1.579
2005-12-31,20.735,0.0,54.56,1.94
2006-01-01,20.839,0.001,59.23,1.668
2006-01-02,20.914,0.001,56.91,1.639
2006-01-03,21.03,0.002,54.39,1.191
2006-01-04,21.387,0.0,48.1,1.472
2006-01-05,21.35,0.0,46.39,1.716
2006-01-06,21.39,0.001,49.86,1.897
2006-01-07,21.623,0.001,50.92,1.743
2006-01-08,22.417,0.0,52.16,1.447
2006-01-09,22.907,0.001,49.59,1.633
2006-01-10,22.692,0.001,46.37,1.487
2006-01-11,22.503,0.001,47.07,1.094
2006-01-12,22.828,0.001,52.56,1.083
2006-01-13,23.382,0.0,50.55,1.194
2006-01-14,23.607,0.0,51.08,1.223
2006-01-15,23.662,0.001,52.11,1.685
2006-01-16,23.768,0.002,49.5,1.395
2006-01-17,24.498,0.001,46.12,1.138
2006-01-18,24.807,0.001,49.15,0.248
2006-01-19,25.326,0.0,48.45,0.599
2006-01-20,25.202,0.001,40.19,1.228
2006-01-21,25.031,0.0,37.53,0.864
2006-01-22,25.0,0.0,40.53,1.15
2006-01-23,23.202,0.0,30.35,2.178
2006-01-24,20.527,0.0,33.38,2.447
2006-01-25,18.746,0.0,32.42,2.342
2006-01-26,19.271,0.0,35.26,1.885
2006-01-27,19.72,0.001,32.69,1.941
2006-01-28,20.657,0.002,31.93,1.401
2006-01-29,21.496,0.001,36.1,1.161
2006-01-30,22.557,0.001,39.24,1.499
2006-01-31,23.209,0.001,46.73,1.485
2006-02-01,23.588,0.002,47.57,1.248
2006-02-02,24.152,0.001,44.79,1.517
2006-02-03,24.46,0.002,38.92,1.485
2006-02-04,23.824,0.001,38.46,1.102
2006-02-05,23.531,0.001,33.86,1.021
2006-02-06,23.376,0.001,30.72,1.038
2006-02-07,23.329,0.0,32.44,1.346
2006-02-08,23.797,0.0,39.74,1.43
2006-02-09,23.785,0.002,43.2,1.169
2006-02-10,23.658,0.003,36.61,1.232
2006-02-11,23.739,0.001,31.92,1.419
2006-02-12,23.925,0.0,37.87,1.103
2006-02-13,24.569,0.001,38.93,1.142
2006-02-14,25.523,0.0,37.21,1.06
2006-02-15,26.438,0.002,37.75,1.034
2006-02-16,26.181,0.001,40.17,0.797
2006-02-17,26.851,0.003,34.59,0.792
2006-02-18,26.699,-0.0,32.1,0.523
2006-02-19,26.746,0.002,34.43,0.628
2006-02-20,27.458,0.0,33.37,1.275
2006-02-21,27.566,0.0,32.21,1.072
2006-02-22,28.086,0.003,31.08,1.107
2006-02-23,28.216,0.0,30.28,1.058
2006-02-24,28.262,0.0,30.52,1.178
2006-02-25,28.518,0.002,28.79,1.32
2006-02-26,28.792,0.0,25.43,1.919
2006-02-27,28.771,0.004,25.98,1.701
2006-02-28,28.825,0.001,29.23,1.681
2006-03-01,28.561,0.0,39.83,1.775
2006-03-02,28.438,0.293,46.85,1.531
2006-03-03,26.391,8.074,63.07,1.452
2006-03-04,26.065,1.904,70.5,1.01
2006-03-05,25.603,3.304,70.19,0.253
2006-03-06,26.424,0.224,64.1,1.699
2006-03-07,25.551,4.966,67.03,1.692
2006-03-08,26.463,0.668,57.46,1.795
2006-03-09,26.215,3.913,53.43,1.787
2006-03-10,20.676,28.453,87.68,0.84
2006-03-11,22.579,0.718,56.8,1.322
2006-03-12,23.585,0.004,56.7,0.752
2006-03-13,25.33,0.001,52.82,1.532
2006-03-14,25.587,0.592,65.03,2.547
2006-03-15,25.874,0.03,56.95,1.029
2006-03-16,25.096,0.236,63.89,0.669
2006-03-17,24.957,0.371,63.08,1.614
2006-03-18,25.755,0.001,48.72,1.82
2006-03-19,26.316,0.002,41.9,1.801
2006-03-20,26.939,0.0,43.81,0.907
2006-03-21,28.446,0.0,41.1,1.003
2006-03-22,28.189,0.003,33.43,1.753
2006-03-23,27.93,0.002,30.92,1.386
2006-03-24,28.648,0.001,30.74,0.874
2006-03-25,29.49,0.002,31.86,1.079
2006-03-26,30.14,0.001,33.62,1.3
2006-03-27,29.434,0.003,31.16,1.316
2006-03-28,29.422,0.184,36.35,0.91
2006-03-29,29.626,0.05,39.73,1.199
2006-03-30,29.552,0.002,37.73,0.864
2006-03-31,29.583,0.001,38.06,1.021
2006-04-01,30.287,0.003,37.16,1.343
2006-04-02,30.639,0.009,37.6,1.184
2006-04-03,30.623,0.001,32.75,0.956
2006-04-04,30.643,0.001,28.86,0.54
2006-04-05,30.697,0.0,28.16,0.611
2006-04-06,31.275,0.001,27.13,0.902
2006-04-07,31.724,0.0,29.44,0.588
2006-04-08,32.237,0.002,28.04,0.169
2006-04-09,32.486,0.001,31.08,1.093
2006-04-10,32.264,0.002,38.38,1.297
2006-04-11,32.596,0.039,37.58,1.54
2006-04-12,32.695,0.226,34.19,1.127
2006-04-13,32.306,0.109,35.81,1.264
2006-04-14,32.019,0.413,39.45,1.433
2006-04-15,31.349,0.164,39.71,1.227
2006-04-16,28.022,26.016,61.23,1.331
2006-04-17,25.483,11.534,76.27,0.757
2006-04-18,27.272,0.533,52.03,0.209
2006-04-19,27.288,0.0,51.88,1.244
2006-04-20,28.394,0.0,44.18,1.748
2006-04-21,29.228,0.001,44.8,1.618
2006-04-22,30.159,0.002,41.25,1.648
2006-04-23,30.801,0.001,37.55,0.542
2006-04-24,31.047,0.001,37.38,0.567
2006-04-25,31.403,0.001,37.03,0.673
2006-04-26,31.846,0.002,37.12,0.172
2006-04-27,32.502,0.001,30.11,0.754
2006-04-28,32.696,0.002,28.36,0.906
2006-04-29,32.636,0.0,29.37,1.373
2006-04-30,33.028,0.002,30.09,2.388
2006-05-01,33.318,0.001,32.02,1.367
2006-05-02,32.394,1.169,39.32,1.145
2006-05-03,31.706,0.833,50.19,1.347
2006-05-04,32.301,0.232,43.93,1.544
2006-05-05,32.364,0.059,41.88,1.6
2006-05-06,32.843,0.027,37.26,1.621
2006-05-07,33.557,0.025,33.91,1.571
2006-05-08,34.087,0.143,32.14,1.401
2006-05-09,34.336,0.058,29.86,1.15
2006-05-10,34.352,0.002,26.49,1.568
2006-05-11,34.022,0.0,23.53,1.144
2006-05-12,33.764,0.001,22.85,1.277
2006-05-13,33.845,0.002,22.76,0.412
2006-05-14,33.946,0.0,24.8,0.797
2006-05-15,34.046,0.0,25.37,1.234
2006-05-16,34.185,0.001,28.05,0.696
2006-05-17,33.873,0.165,36.61,0.957
2006-05-18,32.348,2.243,45.86,0.907
2006-05-19,31.247,1.439,48.48,1.493
2006-05-20,31.958,0.307,42.03,2.049
2006-05-21,32.371,0.001,33.16,2.934
2006-05-22,32.438,0.166,36.49,2.7
2006-05-23,31.745,3.272,42.65,2.433
2006-05-24,29.362,5.46,60.16,2.081
2006-05-25,28.393,11.424,66.11,2.41
2006-05-26,27.876,17.107,70.61,1.98
2006-05-27,27.686,3.275,72.95,1.699
2006-05-28,28.731,2.726,70.85,0.895
2006-05-29,28.894,1.293,71.91,2.202
2006-05-30,29.734,0.281,60.03,2.603
2006-05-31,28.818,0.078,62.05,3.184
2006-06-01,28.254,0.324,61.89,4.655
2006-06-02,27.503,0.919,67.93,4.4
2006-06-03,27.557,3.042,66.86,3.946
2006-06-04,28.676,0.317,61.88,3.64
2006-06-05,29.176,0.401,57.45,3.253
2006-06-06,30.083,0.001,46.17,3.159
2006-06-07,30.695,0.012,44.41,3.107
2006-06-08,31.168,0.013,43.0,2.826
2006-06-09,31.698,0.171,43.6,2.132
2006-06-10,30.547,0.751,50.3,2.606
2006-06-11,31.765,0.152,45.69,2.575
2006-06-12,32.17,0.31,41.34,2.248
2006-06-13,32.259,0.049,37.97,2.096
2006-06-14,31.802,0.016,40.22,1.738
2006-06-15,31.686,0.79,45.56,1.947
2006-06-16,30.99,0.588,51.02,2.16
2006-06-17,30.636,3.108,55.19,1.57
2006-06-18,30.517,0.646,57.44,1.508
2006-06-19,29.788,9.234,63.96,1.229
2006-06-20,28.953,5.445,66.55,1.548
2006-06-21,28.538,12.7,68.3,0.679
2006-06-22,27.434,9.065,76.18,0.906
2006-06-23,26.201,12.884,84.13,0.611
2006-06-24,27.323,2.603,75.01,1.669
2006-06-25,27.118,3.455,75.26,2.723
2006-06-26,27.54,1.69,70.08,3.658
2006-06-27,27.25,1.611,72.69,3.59
2006-06-28,26.892,5.316,75.72,3.559
2006-06-29,25.911,6.203,80.95,3.892
2006-06-30,26.026,10.922,78.16,3.902
2006-07-01,26.163,6.65,76.61,4.139
2006-07-02,24.938,14.369,85.59,4.288
2006-07-03,25.067,8.576,79.01,4.948
2006-07-04,22.888,90.675,89.59,5.761
2006-07-05,26.116,4.313,69.24,5.388
2006-07-06,26.732,0.241,67.83,4.252
2006-07-07,27.196,0.002,64.95,4.009
2006-07-08,27.44,0.182,67.04,4.297
2006-07-09,26.908,0.102,67.49,4.082
2006-07-10,27.005,0.34,67.09,4.318
2006-07-11,26.788,1.139,70.0,4.266
2006-07-12,27.069,0.7,68.37,3.976
2006-07-13,27.311,1.186,67.59,3.974
2006-07-14,27.425,0.851,66.14,4.27
2006-07-15,27.312,0.422,64.67,4.692
2006-07-16,27.173,1.298,67.42,4.06
2006-07-17,26.765,0.768,67.33,3.77
2006-07-18,26.466,0.917,70.74,3.488
2006-07-19,27.255,0.507,66.1,3.99
2006-07-20,27.235,1.222,66.03,3.904
2006-07-21,24.792,10.791,82.68,3.874
2006-07-22,24.837,3.415,80.44,4.195
2006-07-23,25.417,8.197,78.87,3.676
2006-07-24,26.173,2.245,74.75,3.263
2006-07-25,26.337,3.581,73.46,3.046
2006-07-26,25.392,7.97,80.87,3.353
2006-07-27,24.146,11.732,85.82,3.922
2006-07-28,23.707,13.852,84.15,4.855
2006-07-29,22.627,20.314,88.28,4.917
2006-07-30,24.429,6.774,81.41,4.252
2006-07-31,25.668,3.017,73.84,4.434
2006-08-01,25.537,1.206,72.38,4.157
2006-08-02,24.819,5.948,78.63,4.303
2006-08-03,22.776,33.96,91.57,5.111
2006-08-04,22.676,98.861,91.41,5.605
2006-08-05,22.456,131.939,89.95,5.879
2006-08-06,23.264,15.184,86.58,5.246
2006-08-07,24.091,3.539,81.71,4.868
2006-08-08,25.076,2.524,75.86,4.536
2006-08-09,25.809,2.63,73.83,4.433
2006-08-10,25.209,8.096,77.22,4.205
2006-08-11,25.473,4.656,78.11,3.807
2006-08-12,25.698,3.406,79.41,3.437
2006-08-13,25.416,2.063,78.53,4.023
2006-08-14,26.112,1.147,73.73,4.46
2006-08-15,26.32,1.239,73.19,4.35
2006-08-16,25.81,2.963,75.66,4.188
2006-08-17,25.03,12.443,82.14,4.026
2006-08-18,26.445,0.292,71.27,3.603
2006-08-19,26.663,0.101,71.85,2.916
2006-08-20,27.005,0.174,71.22,2.793
2006-08-21,26.626,1.278,73.94,2.945
2006-08-22,26.193,0.422,70.76,3.453
2006-08-23,25.665,2.123,76.68,3.11
2006-08-24,25.885,0.376,72.34,3.092
2006-08-25,26.349,0.994,72.59,2.722
2006-08-26,26.571,0.139,69.42,3.282
2006-08-27,25.568,2.12,75.0,3.728
2006-08-28,25.285,2.887,76.44,3.693
2006-08-29,25.405,0.68,75.51,3.557
2006-08-30,24.729,1.207,77.12,3.587
2006-08-31,25.341,0.055,70.39,2.684
2006-09-01,26.062,0.334,71.03,2.359
2006-09-02,26.418,0.061,69.51,1.977
2006-09-03,26.716,0.406,72.75,2.458
2006-09-04,26.235,5.277,78.04,2.64
2006-09-05,24.581,10.058,86.43,1.927
2006-09-06,26.268,1.895,79.27,1.358
2006-09-07,26.581,5.947,79.57,1.214
2006-09-08,27.291,0.476,73.68,0.663
2006-09-09,27.842,1.122,72.25,0.534
2006-09-10,27.17,1.636,77.27,0.857
2006-09-11,26.97,6.337,80.34,0.602
2006-09-12,26.867,7.74,79.94,0.169
2006-09-13,26.335,4.953,82.25,0.24
2006-09-14,25.61,12.035,84.78,0.308
2006-09-15,25.046,21.63,86.0,0.384
2006-09-16,24.157,18.194,91.34,1.134
2006-09-17,24.299,13.002,88.16,2.3
2006-09-18,23.885,15.793,91.01,2.659
2006-09-19,24.747,6.606,84.86,2.834
2006-09-20,25.057,8.89,83.2,3.037
2006-09-21,25.358,3.461,80.76,3.608
2006-09-22,23.992,5.073,89.19,2.695
2006-09-23,25.215,6.395,86.17,2.363
2006-09-24,25.55,2.931,83.05,2.036
2006-09-25,25.372,6.595,83.24,2.155
2006-09-26,25.433,3.635,82.77,2.497
2006-09-27,25.808,0.92,82.17,2.631
2006-09-28,26.238,1.031,79.77,2.414
2006-09-29,27.165,0.187,70.39,2.813
2006-09-30,25.236,13.261,80.87,3.36
2006-10-01,23.404,3.016,89.78,1.416
2006-10-02,24.417,2.662,87.91,0.675
2006-10-03,25.565,1.413,80.95,1.094
2006-10-04,25.861,2.87,81.76,1.42
2006-10-05,26.255,2.092,82.37,1.823
2006-10-06,26.418,0.634,81.25,1.587
2006-10-07,26.508,0.845,79.72,1.263
2006-10-08,26.69,0.473,77.07,0.796
2006-10-09,26.556,0.305,71.6,0.691
2006-10-10,26.641,0.0,64.14,0.377
2006-10-11,26.543,0.004,64.56,1.025
2006-10-12,26.368,0.076,66.68,1.089
2006-10-13,26.218,0.116,65.71,0.934
2006-10-14,25.922,0.001,62.96,0.794
2006-10-15,26.358,0.026,62.39,1.175
2006-10-16,26.516,0.203,65.05,1.296
2006-10-17,26.475,0.004,62.34,1.221
2006-10-18,26.143,0.059,60.74,0.868
2006-10-19,25.729,0.001,60.06,0.881
2006-10-20,25.849,0.109,62.82,1.278
2006-10-21,25.889,0.228,66.44,0.921
2006-10-22,25.733,0.064,64.29,1.116
2006-10-23,25.442,0.238,68.01,1.107
2006-10-24,25.362,0.115,64.36,1.748
2006-10-25,25.076,0.035,60.14,1.73
2006-10-26,25.021,0.004,58.51,1.589
2006-10-27,25.09,0.415,65.02,1.2
2006-10-28,23.492,6.791,82.36,1.447
2006-10-29,23.691,1.682,81.35,1.79
2006-10-30,24.042,1.387,80.36,1.688
2006-10-31,23.217,4.545,84.04,1.714
2006-11-01,22.333,2.33,88.65,1.579
2006-11-02,22.507,8.141,89.84,1.481
2006-11-03,21.964,10.832,92.82,1.104
2006-11-04,23.075,5.287,86.98,1.262
2006-11-05,23.418,5.688,86.29,0.654
2006-11-06,23.235,1.701,85.37,0.365
2006-11-07,22.934,3.799,84.24,0.271
2006-11-08,22.692,3.631,83.21,0.568
2006-11-09,22.799,0.558,77.51,1.257
2006-11-10,22.595,0.26,75.74,1.748
2006-11-11,22.996,0.001,69.75,1.928
2006-11-12,23.016,0.0,66.05,1.628
2006-11-13,23.13,0.002,64.64,1.471
2006-11-14,23.323,0.002,65.19,1.712
2006-11-15,23.085,0.002,66.36,1.465
2006-11-16,23.12,0.0,62.76,1.412
2006-11-17,23.208,0.001,65.07,1.614
2006-11-18,23.402,0.0,64.2,1.552
2006-11-19,23.311,0.0,59.86,1.381
2006-11-20,22.695,0.001,55.39,1.214
2006-11-21,22.077,0.0,55.2,1.231
2006-11-22,22.616,0.002,53.64,1.339
2006-11-23,23.184,0.001,62.27,1.156
2006-11-24,23.329,0.27,69.86,1.367
2006-11-25,24.631,0.53,69.42,0.967
2006-11-26,24.772,0.307,69.98,0.625
2006-11-27,24.658,0.229,69.66,1.209
2006-11-28,24.683,0.06,66.24,1.329
2006-11-29,24.616,0.009,66.68,1.49
2006-11-30,24.441,0.0,65.85,1.403
2006-12-01,24.053,0.001,63.56,1.159
2006-12-02,24.077,0.002,65.23,1.328
2006-12-03,23.999,-0.0,66.46,1.594
2006-12-04,23.99,0.002,66.71,1.241
2006-12-05,23.994,0.003,59.56,1.234
2006-12-06,23.728,0.0,54.68,1.332
2006-12-07,23.287,0.003,55.93,1.385
2006-12-08,23.022,0.002,59.6,1.332
2006-12-09,22.825,0.001,60.63,1.286
2006-12-10,22.478,0.001,58.16,1.049
2006-12-11,23.506,0.0,58.19,0.82
2006-12-12,23.574,0.003,58.36,0.842
2006-12-13,23.328,0.004,59.92,1.544
2006-12-14,22.095,0.001,52.39,1.98
2006-12-15,21.542,0.001,47.15,1.723
2006-12-16,21.328,0.0,44.06,2.229
2006-12-17,20.507,0.002,46.14,1.828
2006-12-18,20.765,0.001,46.81,1.346
2006-12-19,20.932,0.001,46.78,1.556
2006-12-20,20.963,0.001,55.33,1.742
2006-12-21,21.785,0.001,58.29,1.575
2006-12-22,21.937,0.0,56.55,1.693
2006-12-23,22.139,0.002,58.8,1.702
2006-12-24,22.05,0.003,63.15,1.642
2006-12-25,22.213,0.0,61.3,1.307
2006-12-26,22.673,0.001,61.1,1.243
2006-12-27,23.179,0.003,59.43,1.309
2006-12-28,23.346,0.001,52.07,1.346
2006-12-29,22.592,0.001,51.85,1.219
2006-12-30,21.989,0.001,53.65,1.056
2006-12-31,22.307,0.001,53.16,1.078
2007-01-01,22.498,0.001,52.13,0.76
2007-01-02,21.909,0.001,50.18,1.143
2007-01-03,21.305,0.0,46.37,1.095
2007-01-04,20.979,0.001,47.94,1.223
2007-01-05,20.967,0.0,48.91,1.385
2007-01-06,21.599,0.002,50.77,1.522
2007-01-07,21.48,0.001,58.7,1.453
2007-01-08,21.463,0.001,54.65,1.565
2007-01-09,21.634,0.0,57.64,1.478
2007-01-10,21.966,0.002,56.42,1.29
2007-01-11,22.251,0.0,55.51,1.217
2007-01-12,22.728,0.001,53.33,1.557
2007-01-13,23.383,0.0,54.06,1.447
2007-01-14,23.9,0.002,51.41,1.404
2007-01-15,24.077,0.001,49.14,1.608
2007-01-16,24.46,0.0,44.92,1.357
2007-01-17,24.054,0.001,48.75,1.118
2007-01-18,23.009,0.001,44.91,1.972
2007-01-19,22.728,0.0,39.79,1.025
2007-01-20,23.586,0.0,41.42,0.92
2007-01-21,24.236,0.0,46.92,0.268
2007-01-22,24.386,0.0,46.03,0.28
2007-01-23,25.474,0.002,46.59,1.35
2007-01-24,24.663,0.001,51.28,1.61
2007-01-25,23.838,0.002,42.39,1.69
2007-01-26,23.94,0.0,49.92,1.636
2007-01-27,24.259,0.002,45.84,1.734
2007-01-28,24.576,0.001,44.58,2.064
2007-01-29,24.387,0.0,36.6,2.244
2007-01-30,24.212,0.001,34.66,1.923
2007-01-31,24.32,0.001,37.14,1.06
2007-02-01,25.269,0.0,41.37,0.976
2007-02-02,25.8,0.0,41.61,1.524
2007-02-03,25.963,0.001,38.43,2.17
2007-02-04,25.267,0.002,39.7,2.068
2007-02-05,25.385,0.006,39.73,0.758
2007-02-06,25.59,0.001,40.97,0.834
2007-02-07,25.6,0.0,42.8,0.319
2007-02-08,26.11,0.0,41.23,1.495
2007-02-09,26.226,0.0,39.4,2.946
2007-02-10,25.184,0.001,40.75,3.57
2007-02-11,24.813,0.001,45.76,2.346
2007-02-12,25.254,0.15,50.32,2.251
2007-02-13,24.103,0.014,40.6,2.416
2007-02-14,22.586,0.002,39.47,0.933
2007-02-15,23.834,0.001,37.69,0.238
2007-02-16,23.869,0.0,37.22,1.773
2007-02-17,24.281,0.003,38.31,1.036
2007-02-18,24.78,0.004,42.09,1.594
2007-02-19,24.82,0.0,40.84,2.062
2007-02-20,24.524,0.002,33.08,2.025
2007-02-21,24.517,0.0,31.32,1.489
2007-02-22,24.812,0.001,30.51,1.551
2007-02-23,25.368,0.0,30.91,1.676
2007-02-24,25.4,0.003,31.93,2.687
2007-02-25,25.852,0.002,30.83,1.233
2007-02-26,26.257,-0.0,32.3,0.921
2007-02-27,27.15,0.001,33.41,1.599
2007-02-28,28.02,0.001,33.47,2.765
2007-03-01,27.205,0.001,31.62,2.028
2007-03-02,25.268,0.002,39.76,1.938
2007-03-03,25.995,0.001,38.05,1.415
2007-03-04,26.714,0.003,34.39,1.374
2007-03-05,27.817,0.002,34.64,1.067
2007-03-06,28.662,0.001,38.4,0.891
2007-03-07,28.523,0.01,43.54,1.568
2007-03-08,28.87,0.001,35.11,2.063
2007-03-09,28.456,0.001,39.32,0.819
2007-03-10,28.496,0.016,44.56,1.293
2007-03-11,27.978,0.189,48.16,1.791
2007-03-12,28.612,0.003,38.86,2.715
2007-03-13,28.236,0.002,37.11,1.972
2007-03-14,28.733,0.002,36.0,0.16
2007-03-15,28.21,0.0,36.5,2.307
2007-03-16,27.101,0.003,31.31,1.637
2007-03-17,28.19,0.0,25.21,1.399
2007-03-18,28.652,0.001,26.57,0.901
2007-03-19,29.7,0.0,28.62,0.938
2007-03-20,31.15,0.002,27.26,0.93
2007-03-21,31.422,0.0,30.26,1.278
2007-03-22,30.58,0.002,36.52,1.014
2007-03-23,31.314,0.001,34.91,0.63
2007-03-24,31.229,0.0,32.87,1.023
2007-03-25,31.33,0.001,27.95,1.686
2007-03-26,30.931,0.002,24.71,1.579
2007-03-27,30.944,0.002,26.22,1.27
2007-03-28,30.614,0.0,26.2,0.533
2007-03-29,30.943,0.0,29.36,1.044
2007-03-30,31.084,0.002,30.27,1.474
2007-03-31,31.435,0.002,29.42,2.062
2007-04-01,31.721,0.002,29.33,1.178
2007-04-02,32.199,0.001,27.93,1.208
2007-04-03,32.547,0.001,25.62,0.777
2007-04-04,32.366,0.001,28.01,0.499
2007-04-05,32.181,0.0,31.72,1.225
2007-04-06,32.686,0.003,28.9,1.659
2007-04-07,32.485,0.005,30.73,2.07
2007-04-08,31.998,0.319,34.52,2.066
2007-04-09,31.908,0.02,37.52,1.576
2007-04-10,32.016,0.006,36.68,2.028
2007-04-11,31.71,0.131,37.85,1.641
2007-04-12,30.994,1.151,40.91,1.822
2007-04-13,31.363,0.822,35.26,1.393
2007-04-14,30.564,0.313,38.25,1.413
2007-04-15,30.579,0.173,37.58,1.347
2007-04-16,30.262,0.662,40.09,1.447
2007-04-17,30.179,1.311,42.07,1.685
2007-04-18,29.808,1.147,47.25,1.575
2007-04-19,29.241,1.592,53.07,0.965
2007-04-20,28.589,2.309,56.77,0.655
2007-04-21,29.957,0.098,44.92,1.305
2007-04-22,30.762,0.014,33.28,1.849
2007-04-23,30.905,0.001,25.87,2.24
2007-04-24,31.733,0.003,23.91,1.4
2007-04-25,32.354,0.0,24.65,0.155
2007-04-26,33.07,0.002,30.0,1.154
2007-04-27,33.282,0.001,30.9,1.25
2007-04-28,33.707,0.001,29.13,1.247
2007-04-29,33.867,0.002,28.85,1.132
2007-04-30,33.777,0.011,31.76,1.099
2007-05-01,33.948,0.327,32.87,1.032
2007-05-02,34.073,0.044,32.09,0.829
2007-05-03,33.471,0.712,36.81,1.382
2007-05-04,33.63,0.054,34.1,0.788
2007-05-05,33.629,0.016,34.95,0.725
2007-05-06,34.182,0.016,31.76,0.978
2007-05-07,33.995,0.385,32.73,2.011
2007-05-08,33.691,0.13,33.27,2.244
2007-05-09,33.91,0.012,33.04,2.456
2007-05-10,34.448,0.347,34.35,2.485
2007-05-11,34.451,0.041,32.22,2.052
2007-05-12,34.862,0.001,21.26,3.185
2007-05-13,34.086,0.001,23.62,2.939
2007-05-14,34.012,0.0,28.09,3.203
2007-05-15,33.816,0.002,25.43,3.25
2007-05-16,33.007,0.002,26.27,2.461
2007-05-17,33.578,0.001,28.87,2.12
2007-05-18,34.267,0.043,29.84,2.374
2007-05-19,33.818,0.547,35.6,2.344
2007-05-20,34.295,0.063,32.8,3.173
2007-05-21,33.693,0.002,30.86,3.127
2007-05-22,33.46,0.019,33.95,2.655
2007-05-23,32.627,1.605,43.21,1.655
2007-05-24,32.998,0.03,39.41,2.122
2007-05-25,33.916,0.001,30.78,1.514
2007-05-26,34.358,0.0,25.43,1.639
2007-05-27,34.161,0.01,28.51,2.133
2007-05-28,33.137,0.84,35.31,2.154
2007-05-29,31.424,1.168,45.47,1.159
2007-05-30,31.494,1.716,48.59,0.386
2007-05-31,31.972,1.671,50.28,0.901
2007-06-01,32.384,1.61,47.34,0.588
2007-06-02,32.0,1.649,49.94,2.034
2007-06-03,31.206,1.427,55.0,2.293
2007-06-04,31.576,7.693,54.5,2.2
2007-06-05,30.483,2.348,59.67,1.871
2007-06-06,30.542,11.825,61.85,2.489
2007-06-07,29.361,6.272,68.18,2.641
2007-06-08,29.986,10.312,68.24,1.87
2007-06-09,30.117,1.523,66.97,2.704
2007-06-10,30.318,0.478,60.99,3.358
2007-06-11,30.705,0.031,58.21,2.824
2007-06-12,29.738,7.102,66.36,1.723
2007-06-13,28.907,5.433,72.56,1.302
2007-06-14,27.751,10.02,79.4,1.724
2007-06-15,28.13,2.04,72.61,2.019
2007-06-16,29.587,0.373,60.7,3.004
2007-06-17,29.438,0.002,59.7,3.488
2007-06-18,29.972,0.059,57.58,3.409
2007-06-19,27.658,3.755,71.12,2.204
2007-06-20,26.346,17.762,83.33,1.422
2007-06-21,26.767,14.281,81.19,1.866
2007-06-22,26.245,22.727,83.82,3.633
2007-06-23,24.478,12.952,89.73,3.575
2007-06-24,24.309,16.595,87.32,4.235
2007-06-25,24.967,11.119,83.72,3.503
2007-06-26,25.714,6.984,79.33,3.69
2007-06-27,26.619,3.883,73.32,4.722
2007-06-28,24.921,12.479,84.13,3.825
2007-06-29,24.513,11.845,87.83,4.219
2007-06-30,24.676,8.364,86.16,4.92
2007-07-01,25.985,1.06,76.17,5.091
2007-07-02,27.572,0.083,67.34,5.448
2007-07-03,27.633,0.09,66.16,5.419
2007-07-04,27.464,0.472,67.04,4.908
2007-07-05,26.95,1.752,71.12,4.878
2007-07-06,27.57,0.784,66.37,5.227
2007-07-07,25.819,3.466,74.33,5.135
2007-07-08,25.998,1.506,73.63,4.667
2007-07-09,26.104,4.391,75.72,4.024
2007-07-10,26.547,3.841,74.91,3.786
2007-07-11,26.799,4.452,75.15,3.323
2007-07-12,26.945,1.345,71.02,3.823
2007-07-13,26.878,0.678,71.56,4.031
2007-07-14,26.069,8.894,78.56,3.661
2007-07-15,24.874,13.812,86.04,3.198
2007-07-16,25.62,4.867,81.71,2.618
2007-07-17,27.119,0.757,74.0,2.74
2007-07-18,28.024,0.226,67.63,2.431
2007-07-19,28.183,0.444,68.14,2.118
2007-07-20,28.094,0.839,68.51,1.858
2007-07-21,27.603,3.828,72.87,1.604
2007-07-22,26.711,9.783,77.92,1.205
2007-07-23,26.935,2.59,76.53,1.282
2007-07-24,26.685,5.689,77.89,1.797
2007-07-25,26.996,2.608,76.1,1.67
2007-07-26,26.807,8.677,80.14,1.209
2007-07-27,26.57,6.557,80.1,1.643
2007-07-28,26.152,9.546,81.36,1.875
2007-07-29,25.498,14.84,84.26,1.993
2007-07-30,25.992,9.07,82.33,0.875
2007-07-31,26.028,7.652,82.66,0.808
2007-08-01,26.16,13.851,82.33,1.766
2007-08-02,25.805,12.371,84.11,2.236
2007-08-03,24.579,16.822,87.8,3.202
2007-08-04,25.426,6.074,78.44,4.317
2007-08-05,25.184,6.334,80.18,4.376
2007-08-06,24.706,8.996,82.63,4.587
2007-08-07,23.562,20.55,87.61,5.173
2007-08-08,25.812,4.827,74.6,4.792
2007-08-09,26.555,0.256,69.47,4.05
2007-08-10,26.961,0.196,68.98,3.63
2007-08-11,25.754,7.091,75.72,3.749
2007-08-12,24.273,6.471,84.02,3.611
2007-08-13,25.838,0.299,72.13,3.978
2007-08-14,25.741,0.107,71.68,3.664
2007-08-15,26.097,0.645,72.77,3.173
2007-08-16,26.121,0.123,71.08,2.932
2007-08-17,26.544,0.251,69.15,3.092
2007-08-18,26.165,0.732,71.77,3.371
2007-08-19,25.938,0.814,73.63,3.413
2007-08-20,26.098,0.92,73.53,3.234
2007-08-21,26.469,0.984,74.25,2.258
2007-08-22,26.952,0.565,70.83,1.877
2007-08-23,26.775,2.661,74.79,1.791
2007-08-24,25.333,16.417,85.34,1.208
2007-08-25,25.065,12.155,87.95,0.649
2007-08-26,25.751,10.342,85.06,0.527
2007-08-27,25.594,10.543,85.42,1.439
2007-08-28,25.434,14.713,86.75,1.694
2007-08-29,25.584,10.036,85.56,1.7
2007-08-30,25.788,6.511,80.22,2.669
2007-08-31,25.269,6.493,82.53,2.72
2007-09-01,24.976,14.139,84.58,2.583
2007-09-02,24.809,9.773,84.99,2.281
2007-09-03,25.353,4.782,82.43,2.941
2007-09-04,26.164,1.756,77.61,3.144
2007-09-05,25.345,24.593,84.68,3.263
2007-09-06,25.222,3.148,80.62,3.588
2007-09-07,25.922,0.996,77.43,3.116
2007-09-08,26.368,0.526,76.78,1.82
2007-09-09,26.366,2.559,77.83,0.921
2007-09-10,26.018,2.721,81.85,0.781
2007-09-11,26.33,6.177,82.24,0.716
2007-09-12,26.272,4.432,83.09,1.158
2007-09-13,25.704,7.956,85.21,1.552
2007-09-14,25.926,4.366,81.18,2.135
2007-09-15,25.329,4.967,84.92,2.166
2007-09-16,25.978,10.34,82.73,1.993
2007-09-17,24.645,30.544,89.83,2.049
2007-09-18,24.736,18.785,90.1,1.084
2007-09-19,25.115,6.243,86.15,1.647
2007-09-20,24.09,11.883,91.1,2.531
2007-09-21,23.986,4.236,88.0,2.48
2007-09-22,25.624,4.539,80.76,3.03
2007-09-23,26.268,0.394,75.2,4.021
2007-09-24,26.143,0.818,76.22,3.442
2007-09-25,26.384,2.746,77.94,2.78
2007-09-26,26.167,0.005,68.62,2.549
2007-09-27,26.111,0.075,70.49,2.665
2007-09-28,25.29,7.522,82.75,2.08
2007-09-29,24.185,19.259,89.33,1.529
2007-09-30,23.179,14.603,89.55,1.662
2007-10-01,25.054,3.148,78.74,1.981
2007-10-02,25.979,0.001,62.84,2.292
2007-10-03,26.073,0.001,63.67,2.188
2007-10-04,26.354,0.0,64.15,2.049
2007-10-05,25.296,1.888,71.65,1.719
2007-10-06,24.964,1.88,74.98,1.784
2007-10-07,25.255,0.05,71.02,1.409
2007-10-08,25.669,0.0,62.04,2.035
2007-10-09,25.715,0.0,63.06,1.695
2007-10-10,26.094,0.001,61.52,0.704
2007-10-11,26.19,0.0,61.55,0.912
2007-10-12,26.128,0.0,59.22,0.868
2007-10-13,25.258,0.003,56.73,0.852
2007-10-14,24.781,0.002,57.21,0.719
2007-10-15,24.957,0.001,57.25,0.39
2007-10-16,25.269,0.002,57.11,0.365
2007-10-17,25.272,0.002,61.45,1.07
2007-10-18,25.255,0.021,69.02,1.142
2007-10-19,25.57,0.189,68.99,1.448
2007-10-20,25.743,0.142,66.38,1.175
2007-10-21,25.565,0.001,55.86,1.745
2007-10-22,24.796,0.003,54.4,1.935
2007-10-23,24.589,0.004,55.01,1.832
2007-10-24,24.729,0.004,54.32,1.986
2007-10-25,24.443,0.0,53.71,2.003
2007-10-26,24.236,0.002,52.22,1.767
2007-10-27,24.873,0.002,52.72,1.421
2007-10-28,24.724,-0.0,52.4,1.636
2007-10-29,24.9,0.038,56.28,1.923
2007-10-30,24.296,9.765,68.04,1.513
2007-10-31,23.532,9.493,86.91,0.686
2007-11-01,24.971,1.115,82.01,1.813
2007-11-02,24.669,0.016,72.69,1.437
2007-11-03,25.395,0.014,69.92,1.423
2007-11-04,25.681,0.734,75.74,1.037
2007-11-05,25.38,0.695,73.58,0.719
2007-11-06,25.564,0.007,63.63,0.89
2007-11-07,25.178,0.0,55.82,1.175
2007-11-08,24.548,0.001,52.48,1.418
2007-11-09,24.11,0.001,55.21,1.045
2007-11-10,24.275,0.0,51.96,1.181
2007-11-11,24.753,0.001,50.28,1.115
2007-11-12,24.846,0.0,49.07,1.306
2007-11-13,24.394,0.0,49.4,1.679
2007-11-14,24.124,0.0,45.63,1.864
2007-11-15,23.682,0.0,45.43,1.648
2007-11-16,22.719,0.003,41.94,1.865
2007-11-17,22.209,0.001,46.25,1.572
2007-11-18,22.516,0.001,52.19,1.393
2007-11-19,23.172,0.0,53.01,1.174
2007-11-20,22.7,0.001,48.57,2.07
2007-11-21,21.447,0.0,39.63,2.017
2007-11-22,20.966,0.003,39.2,2.15
2007-11-23,20.879,0.001,39.32,1.96
2007-11-24,21.047,0.001,42.47,1.761
2007-11-25,21.046,0.0,45.28,1.711
2007-11-26,21.724,0.001,50.02,1.481
2007-11-27,22.397,0.0,50.39,0.987
2007-11-28,22.245,0.001,46.63,0.956
2007-11-29,22.217,0.0,43.11,1.582
2007-11-30,22.171,0.0,42.51,1.699
2007-12-01,22.379,0.0,55.05,1.262
2007-12-02,22.814,0.165,64.0,1.222
2007-12-03,22.856,0.196,63.96,1.166
2007-12-04,22.5,0.001,47.62,2.384
2007-12-05,21.962,0.001,54.1,2.077
2007-12-06,21.827,0.001,49.91,1.676
2007-12-07,21.3,0.0,51.93,1.098
2007-12-08,21.309,0.0,54.35,0.888
2007-12-09,21.434,0.0,55.16,1.006
2007-12-10,22.326,0.001,54.26,1.007
2007-12-11,23.388,0.001,56.02,1.334
2007-12-12,23.305,0.001,56.27,1.617
2007-12-13,23.062,0.0,54.93,1.615
2007-12-14,23.8,0.012,58.39,1.181
2007-12-15,23.686,0.018,57.03,1.773
2007-12-16,23.742,0.013,56.78,2.074
2007-12-17,23.091,0.001,52.9,2.716
2007-12-18,21.968,0.001,49.37,2.383
2007-12-19,23.363,0.004,48.19,1.681
2007-12-20,24.656,0.001,56.1,1.316
2007-12-21,25.542,0.001,54.16,1.37
2007-12-22,24.993,0.003,45.61,1.28
2007-12-23,24.199,0.0,36.23,0.792
2007-12-24,24.148,0.0,35.36,0.971
2007-12-25,24.123,0.001,41.6,0.677
2007-12-26,24.479,0.001,45.97,0.817
2007-12-27,24.924,0.0,49.39,0.31
2007-12-28,25.256,0.001,51.56,0.252
2007-12-29,25.188,0.001,51.46,0.973
2007-12-30,24.965,0.0,48.36,1.523
2007-12-31,24.584,0.0,42.31,1.982
2008-01-01,24.648,0.001,46.0,1.782
2008-01-02,24.466,0.001,50.13,1.67
2008-01-03,23.662,0.001,45.95,1.834
2008-01-04,23.249,0.003,41.43,1.45
2008-01-05,22.919,0.001,42.75,1.62
2008-01-06,23.109,0.0,45.14,1.424
2008-01-07,23.142,0.001,46.24,1.424
2008-01-08,23.029,0.002,45.6,1.453
2008-01-09,23.194,0.001,46.51,0.877
2008-01-10,23.904,0.0,47.29,0.954
2008-01-11,24.35,0.001,45.32,1.329
2008-01-12,24.024,0.001,44.7,1.108
2008-01-13,24.002,0.0,45.79,1.36
2008-01-14,24.05,0.0,45.94,1.559
2008-01-15,24.339,0.0,41.44,1.628
2008-01-16,23.6,0.001,36.03,1.49
2008-01-17,22.943,0.002,32.25,1.186
2008-01-18,23.307,0.001,37.22,1.336
2008-01-19,24.184,0.001,41.15,1.4
2008-01-20,24.293,0.0,40.42,1.234
2008-01-21,24.743,0.002,42.26,1.456
2008-01-22,25.76,0.003,45.67,2.402
2008-01-23,24.89,0.002,46.77,1.484
2008-01-24,23.67,0.0,49.25,0.931
2008-01-25,24.471,0.1,52.19,0.981
2008-01-26,21.121,0.002,31.42,2.69
2008-01-27,19.808,0.002,36.81,1.991
2008-01-28,20.867,0.003,42.04,0.595
2008-01-29,22.906,0.003,39.85,1.043
2008-01-30,22.691,0.0,43.13,1.643
2008-01-31,21.635,0.0,40.59,1.845
2008-02-01,20.724,0.0,36.38,1.695
2008-02-02,22.398,0.0,37.88,1.43
2008-02-03,24.027,0.05,52.39,2.026
2008-02-04,22.099,1.115,63.32,0.595
2008-02-05,22.82,1.715,70.46,0.878
2008-02-06,21.265,2.082,78.41,0.338
2008-02-07,22.35,0.801,69.48,0.382
2008-02-08,22.599,0.19,54.75,1.448
2008-02-09,22.849,-0.0,46.63,1.894
2008-02-10,23.933,0.09,54.72,1.441
2008-02-11,23.546,4.706,79.73,1.137
2008-02-12,23.614,3.762,81.67,1.308
2008-02-13,23.465,0.384,71.05,1.89
2008-02-14,24.269,0.0,53.34,1.923
2008-02-15,24.325,0.001,42.77,1.741
2008-02-16,24.625,0.001,44.36,0.977
2008-02-17,25.87,0.002,45.13,0.797
2008-02-18,26.719,0.001,45.51,1.384
2008-02-19,26.46,0.0,41.77,0.747
2008-02-20,25.972,0.002,39.37,0.799
2008-02-21,25.646,0.0,36.25,1.436
2008-02-22,25.664,0.001,35.81,1.472
2008-02-23,26.546,0.003,44.74,1.552
2008-02-24,27.251,0.001,46.51,0.607
2008-02-25,26.525,0.0,34.58,1.666
2008-02-26,25.578,0.001,33.63,1.921
2008-02-27,25.566,0.001,27.51,1.546
2008-02-28,25.318,0.001,25.99,1.211
2008-02-29,25.395,0.003,26.85,0.763
2008-03-01,26.091,0.002,26.01,1.123
2008-03-02,27.148,0.001,24.82,1.25
2008-03-03,27.441,0.001,28.21,1.013
2008-03-04,27.704,0.0,27.89,0.963
2008-03-05,28.034,0.001,28.24,1.198
2008-03-06,28.319,0.002,27.09,1.149
2008-03-07,28.546,0.002,26.77,1.004
2008-03-08,28.689,0.001,25.46,0.909
2008-03-09,28.663,0.0,24.44,1.048
2008-03-10,28.537,0.001,24.56,0.942
2008-03-11,28.819,0.001,25.34,1.795
2008-03-12,28.572,0.001,27.14,2.568
2008-03-13,28.336,0.0,27.81,2.328
2008-03-14,27.573,0.003,37.34,2.244
2008-03-15,28.867,0.063,46.17,1.276
2008-03-16,29.77,0.075,42.86,0.836
2008-03-17,30.136,0.011,39.02,1.018
2008-03-18,30.466,0.004,36.45,1.549
2008-03-19,28.915,1.277,48.35,1.554
2008-03-20,28.529,1.558,51.5,1.176
2008-03-21,28.502,1.07,54.43,1.624
2008-03-22,26.025,12.346,69.77,2.105
2008-03-23,22.025,57.454,95.17,1.725
2008-03-24,24.71,0.639,74.62,0.752
2008-03-25,26.003,0.604,71.07,0.53
2008-03-26,26.208,4.531,73.78,0.834
2008-03-27,26.485,1.577,71.58,0.695
2008-03-28,27.673,0.429,64.03,0.922
2008-03-29,27.217,0.984,67.78,0.855
2008-03-30,27.458,2.984,65.59,1.386
2008-03-31,26.133,2.622,70.3,1.372
2008-04-01,26.858,0.025,55.39,1.294
2008-04-02,27.143,0.0,44.2,1.39
2008-04-03,27.585,0.0,43.72,2.011
2008-04-04,27.347,0.004,42.78,1.359
2008-04-05,27.303,0.084,53.96,1.536
2008-04-06,26.174,2.837,70.03,1.227
2008-04-07,25.812,6.225,71.9,0.464
2008-04-08,26.772,1.037,62.18,0.449
2008-04-09,27.756,0.015,50.19,0.634
2008-04-10,28.798,0.001,40.88,0.864
2008-04-11,29.668,0.0,36.49,1.4
2008-04-12,30.241,0.001,35.85,1.735
2008-04-13,30.728,0.0,34.99,2.123
2008-04-14,31.259,0.001,36.22,1.669
2008-04-15,31.346,0.001,39.14,1.927
2008-04-16,31.442,0.009,40.46,1.553
2008-04-17,32.266,0.001,36.38,0.969
2008-04-18,32.746,0.001,32.32,1.063
2008-04-19,32.658,0.001,25.19,0.631
2008-04-20,31.988,0.0,23.96,0.221
2008-04-21,32.68,0.0,24.87,0.124
2008-04-22,33.062,0.002,23.62,0.207
2008-04-23,33.472,0.002,24.38,0.606
2008-04-24,32.91,0.001,33.59,1.88
2008-04-25,32.424,0.001,36.99,1.72
2008-04-26,32.29,0.001,36.28,1.299
2008-04-27,33.536,0.002,28.49,1.516
2008-04-28,33.674,0.002,25.7,0.475
2008-04-29,33.512,0.002,25.78,0.594
2008-04-30,33.609,0.001,22.78,1.091
2008-05-01,34.431,0.001,18.14,2.784
2008-05-02,33.227,0.0,18.09,2.931
2008-05-03,32.168,0.002,23.53,2.835
2008-05-04,32.905,0.0,26.03,1.989
2008-05-05,32.942,0.0,22.81,2.688
2008-05-06,32.384,0.001,23.12,2.617
2008-05-07,32.462,0.001,26.81,2.22
2008-05-08,32.54,0.0,27.72,2.024
2008-05-09,32.935,0.001,24.75,2.734
2008-05-10,33.271,0.003,24.1,2.997
2008-05-11,33.096,0.0,24.26,2.959
2008-05-12,32.77,0.0,29.46,2.213
2008-05-13,33.433,0.004,26.56,2.201
2008-05-14,33.522,0.02,26.24,2.543
2008-05-15,33.725,0.003,24.45,3.548
2008-05-16,33.579,0.0,22.59,3.732
2008-05-17,33.566,0.0,24.28,3.808
2008-05-18,33.251,0.001,25.7,3.2
2008-05-19,33.449,0.001,27.78,2.623
2008-05-20,32.893,0.353,37.74,2.617
2008-05-21,32.69,1.578,39.71,2.712
2008-05-22,32.687,0.493,38.56,2.06
2008-05-23,33.436,0.004,34.94,1.653
2008-05-24,33.819,0.005,30.87,1.838
2008-05-25,33.648,0.065,31.98,1.05
2008-05-26,34.437,0.0,25.98,0.99
2008-05-27,34.514,0.001,24.88,2.509
2008-05-28,33.911,0.001,28.14,1.589
2008-05-29,33.994,0.005,28.92,1.877
2008-05-30,34.059,0.01,30.4,1.949
2008-05-31,33.681,0.0,29.71,2.157
2008-06-01,33.479,0.032,32.92,1.808
2008-06-02,33.295,0.063,37.26,0.323
2008-06-03,32.917,0.601,42.24,1.434
2008-06-04,30.693,1.157,53.7,1.091
2008-06-05,30.189,4.762,57.96,2.736
2008-06-06,29.248,5.9,62.46,2.462
2008-06-07,28.114,13.257,70.09,2.826
2008-06-08,27.202,5.717,71.03,3.43
2008-06-09,27.745,2.977,67.45,3.925
2008-06-10,27.699,1.687,65.12,4.141
2008-06-11,26.264,15.445,78.3,2.548
2008-06-12,25.766,12.54,80.2,3.634
2008-06-13,26.382,0.998,68.06,4.182
2008-06-14,27.349,1.159,60.31,4.636
2008-06-15,28.274,0.078,58.45,5.07
2008-06-16,28.384,0.086,57.46,4.905
2008-06-17,29.198,0.02,52.29,5.047
2008-06-18,29.5,0.018,50.1,4.724
2008-06-19,29.931,0.001,46.91,3.888
2008-06-20,30.642,0.0,44.84,3.539
2008-06-21,29.976,0.047,48.51,3.297
2008-06-22,28.695,0.86,56.05,2.377
2008-06-23,30.7,0.262,46.86,3.468
2008-06-24,28.601,3.094,58.74,2.688
2008-06-25,25.356,10.536,81.33,2.596
2008-06-26,25.487,11.89,80.89,3.012
2008-06-27,26.278,6.59,76.15,2.755
2008-06-28,25.963,5.412,75.35,3.044
2008-06-29,26.599,2.993,70.78,3.597
2008-06-30,27.167,4.0,69.84,4.136
2008-07-01,26.612,3.621,71.73,3.279
2008-07-02,28.159,0.058,60.14,3.954
2008-07-03,28.528,0.177,58.53,3.529
2008-07-04,27.551,4.168,65.75,3.393
2008-07-05,27.566,1.261,63.57,3.32
2008-07-06,28.551,0.517,56.96,3.733
2008-07-07,27.845,0.987,59.55,4.065
2008-07-08,27.197,4.625,65.67,3.308
2008-07-09,26.935,1.889,65.92,3.146
2008-07-10,28.069,0.138,58.44,3.457
2008-07-11,28.819,0.145,55.32,3.876
2008-07-12,29.356,0.613,53.92,3.443
2008-07-13,29.549,0.218,52.96,2.817
2008-07-14,30.272,0.045,52.68,1.734
2008-07-15,30.026,0.65,55.57,1.077
2008-07-16,28.956,2.797,63.67,0.836
2008-07-17,28.376,1.785,67.45,0.723
2008-07-18,27.482,4.833,75.99,0.226
2008-07-19,27.665,6.788,73.35,0.63
2008-07-20,27.02,1.885,75.47,1.033
2008-07-21,27.087,13.679,77.57,0.839
2008-07-22,26.656,11.159,79.29,1.29
2008-07-23,27.007,13.46,78.84,1.084
2008-07-24,25.459,4.082,84.77,1.87
2008-07-25,25.549,10.961,82.74,2.895
2008-07-26,23.788,10.099,88.31,3.557
2008-07-27,23.322,102.159,91.69,3.69
2008-07-28,23.238,36.563,90.99,4.512
2008-07-29,24.228,13.576,83.41,4.319
2008-07-30,26.065,1.139,74.01,4.019
2008-07-31,26.196,3.501,73.42,3.468
2008-08-01,25.799,1.791,76.04,3.262
2008-08-02,25.909,5.263,77.29,3.308
2008-08-03,24.925,22.507,84.02,3.151
2008-08-04,23.222,53.841,92.12,3.617
2008-08-05,23.212,46.884,91.83,4.145
2008-08-06,24.611,9.321,82.43,3.953
2008-08-07,24.082,12.172,85.39,3.697
2008-08-08,24.408,33.375,83.15,4.239
2008-08-09,22.832,71.066,90.98,5.253
2008-08-10,22.882,41.963,91.39,4.425
2008-08-11,24.545,4.917,81.55,4.641
2008-08-12,26.215,0.345,71.2,4.155
2008-08-13,26.114,4.155,76.59,3.69
2008-08-14,25.953,7.462,78.56,3.118
2008-08-15,25.83,1.271,75.71,3.136
2008-08-16,25.592,4.403,79.2,2.465
2008-08-17,25.72,0.827,77.66,2.584
2008-08-18,25.261,2.506,80.99,1.922
2008-08-19,25.456,1.015,79.62,1.711
2008-08-20,25.771,0.691,74.28,2.276
2008-08-21,25.36,0.741,75.78,2.255
2008-08-22,25.437,0.378,71.53,2.571
2008-08-23,25.905,0.38,70.9,2.331
2008-08-24,26.704,0.894,72.15,2.102
2008-08-25,25.623,13.85,84.51,0.951
2008-08-26,25.676,5.026,81.84,1.436
2008-08-27,26.32,3.519,79.34,0.894
2008-08-28,26.703,2.171,79.81,0.599
2008-08-29,26.495,7.875,81.74,0.677
2008-08-30,25.98,10.415,84.31,0.359
2008-08-31,25.678,8.056,85.51,0.01
2008-09-01,26.029,4.235,82.87,0.324
2008-09-02,26.47,3.945,81.84,0.406
2008-09-03,26.724,3.919,81.17,0.94
2008-09-04,26.425,9.532,81.9,0.712
2008-09-05,26.015,8.749,84.0,0.766
2008-09-06,25.209,4.27,85.47,1.481
2008-09-07,25.026,7.189,85.56,1.577
2008-09-08,24.383,14.537,89.07,1.049
2008-09-09,24.937,5.717,85.7,0.765
2008-09-10,24.621,4.763,87.83,0.975
2008-09-11,24.438,22.416,90.71,0.632
2008-09-12,23.245,79.729,92.96,2.84
2008-09-13,25.438,0.324,73.51,3.752
2008-09-14,25.922,0.141,70.94,3.68
2008-09-15,25.361,0.541,73.78,3.841
2008-09-16,24.864,4.68,78.7,3.671
2008-09-17,25.618,2.517,75.93,3.844
2008-09-18,25.518,0.058,70.99,3.722
2008-09-19,25.864,0.148,72.01,3.264
2008-09-20,24.718,14.891,83.93,2.724
2008-09-21,24.286,6.006,87.31,2.206
2008-09-22,25.548,1.18,82.59,2.104
2008-09-23,25.798,0.581,78.28,1.965
2008-09-24,25.807,0.813,77.38,1.711
2008-09-25,26.025,0.163,72.51,2.116
2008-09-26,25.388,0.142,72.96,2.514
2008-09-27,24.766,0.0,70.8,2.159
2008-09-28,24.435,0.0,72.05,2.009
2008-09-29,24.912,0.0,68.16,1.935
2008-09-30,25.506,0.055,68.69,1.473
2008-10-01,26.308,0.55,73.3,0.923
2008-10-02,26.325,1.59,78.5,0.672
2008-10-03,25.598,3.842,82.37,0.629
2008-10-04,26.262,0.477,76.03,1.415
2008-10-05,26.597,1.496,74.43,0.857
2008-10-06,26.323,3.869,78.78,0.809
2008-10-07,25.177,13.754,85.13,1.032
2008-10-08,25.107,6.263,83.72,0.624
2008-10-09,25.96,5.616,81.1,0.21
2008-10-10,26.056,3.362,81.54,0.783
2008-10-11,26.608,0.655,75.53,1.291
2008-10-12,26.395,0.024,67.33,1.075
2008-10-13,26.386,0.001,59.66,0.693
2008-10-14,26.209,0.0,58.39,1.141
2008-10-15,26.181,0.001,58.89,1.356
2008-10-16,25.979,0.061,68.29,1.216
2008-10-17,25.406,4.947,80.24,0.692
2008-10-18,25.693,1.963,76.83,1.298
2008-10-19,25.614,0.053,64.08,2.213
2008-10-20,25.078,0.001,51.63,2.049
2008-10-21,25.3,0.0,52.13,1.858
2008-10-22,25.89,0.109,61.62,1.826
2008-10-23,25.93,0.005,56.35,2.555
2008-10-24,24.739,0.003,51.23,2.367
2008-10-25,24.403,0.001,46.99,2.006
2008-10-26,24.626,0.0,46.31,1.68
2008-10-27,24.329,0.0,49.09,0.148
2008-10-28,24.792,0.001,46.06,0.456
2008-10-29,24.586,0.0,51.32,0.619
2008-10-30,25.289,0.002,50.26,1.032
2008-10-31,25.39,0.001,46.63,1.477
2008-11-01,25.818,0.002,45.68,1.187
2008-11-02,25.439,0.0,43.62,1.275
2008-11-03,25.069,0.0,44.43,1.313
2008-11-04,25.154,0.0,44.65,1.2
2008-11-05,24.654,0.0,47.86,0.792
2008-11-06,24.846,0.002,48.88,1.269
2008-11-07,24.821,0.0,49.4,1.318
2008-11-08,24.623,0.001,51.31,1.012
2008-11-09,25.166,0.001,53.27,1.44
2008-11-10,25.133,0.0,53.11,1.523
2008-11-11,25.359,0.002,54.01,1.367
2008-11-12,25.202,0.0,51.02,1.284
2008-11-13,24.857,0.0,52.28,1.43
2008-11-14,24.597,0.0,51.21,2.14
2008-11-15,24.84,0.08,52.42,3.109
2008-11-16,23.574,4.625,77.17,2.602
2008-11-17,24.795,0.607,78.09,2.104
2008-11-18,25.41,0.629,76.05,1.49
2008-11-19,24.757,5.097,81.57,1.065
2008-11-20,24.838,2.545,79.41,0.591
2008-11-21,24.525,1.531,80.84,1.272
2008-11-22,24.864,0.318,72.36,2.025
2008-11-23,24.188,0.002,63.91,1.986
2008-11-24,22.935,0.0,50.01,1.723
2008-11-25,22.212,0.0,47.79,1.921
2008-11-26,21.748,0.001,44.68,2.409
2008-11-27,22.343,0.007,45.69,2.48
2008-11-28,20.491,10.516,77.52,2.372
2008-11-29,21.359,8.201,93.53,1.798
2008-11-30,23.084,3.331,86.59,1.221
2008-12-01,23.504,5.377,84.85,0.536
2008-12-02,24.003,0.055,71.81,0.434
2008-12-03,23.281,0.0,60.08,0.81
2008-12-04,23.379,0.001,53.06,0.971
2008-12-05,22.425,0.003,54.33,1.526
2008-12-06,22.163,0.001,54.54,0.89
2008-12-07,21.822,0.001,52.58,0.924
2008-12-08,21.979,0.0,56.35,1.413
2008-12-09,22.367,0.001,65.74,1.129
2008-12-10,22.612,0.0,65.61,0.917
2008-12-11,22.975,0.0,65.61,0.884
2008-12-12,23.422,0.0,64.43,1.323
2008-12-13,23.385,0.0,63.92,1.25
2008-12-14,23.932,0.002,61.86,1.186
2008-12-15,23.704,0.001,60.64,1.044
2008-12-16,23.557,0.002,61.95,1.264
2008-12-17,23.399,0.0,59.8,1.699
2008-12-18,22.398,0.001,48.78,1.409
2008-12-19,22.3,0.001,55.1,1.221
2008-12-20,22.519,0.002,58.9,0.808
2008-12-21,22.625,0.003,49.83,0.872
2008-12-22,22.701,0.0,49.83,0.911
2008-12-23,23.25,0.001,54.6,0.919
2008-12-24,23.325,0.0,56.02,0.781
2008-12-25,22.909,0.001,51.8,1.004
2008-12-26,21.911,0.0,42.17,0.769
2008-12-27,22.025,0.001,39.55,0.349
2008-12-28,21.717,0.0,41.75,0.261
2008-12-29,21.335,0.0,43.89,0.887
2008-12-30,21.449,0.0,47.2,0.854
2008-12-31,21.593,0.001,50.77,0.737
2009-01-01,21.822,0.0,49.92,1.098
2009-01-02,21.928,0.0,53.47,1.445
2009-01-03,21.888,0.001,55.5,1.55
2009-01-04,22.488,0.001,53.37,1.178
2009-01-05,23.486,0.0,52.63,1.488
2009-01-06,23.972,0.003,52.71,1.651
2009-01-07,23.328,0.0,49.32,2.542
2009-01-08,22.692,0.001,54.1,2.507
2009-01-09,23.218,0.001,57.28,2.026
2009-01-10,23.249,0.003,59.12,1.796
2009-01-11,23.636,0.0,55.13,1.517
2009-01-12,23.889,0.001,52.36,1.507
2009-01-13,23.646,0.0,51.38,1.619
2009-01-14,23.505,0.001,51.68,1.417
2009-01-15,23.16,0.0,53.18,1.429
2009-01-16,23.293,0.002,53.66,1.204
2009-01-17,23.542,0.002,48.24,1.416
2009-01-18,23.627,0.001,45.23,1.308
2009-01-19,23.534,0.002,44.66,1.392
2009-01-20,23.735,0.0,42.31,1.232
2009-01-21,23.804,0.001,44.74,1.37
2009-01-22,23.833,0.001,40.15,1.188
2009-01-23,24.005,0.001,35.76,0.988
2009-01-24,24.536,0.003,36.29,1.15
2009-01-25,25.321,0.002,42.9,1.208
2009-01-26,25.719,0.003,42.77,1.739
2009-01-27,25.623,0.002,37.93,1.243
2009-01-28,25.752,0.0,32.56,1.007
2009-01-29,26.02,0.003,32.77,1.262
2009-01-30,26.257,0.001,37.31,0.986
2009-01-31,26.925,0.0,37.46,1.069
2009-02-01,27.197,0.001,39.46,0.859
2009-02-02,26.762,0.001,40.12,0.333
2009-02-03,27.246,0.001,40.26,1.107
2009-02-04,27.439,0.0,43.08,1.941
2009-02-05,27.311,0.001,43.81,1.218
2009-02-06,26.966,0.001,46.81,0.193
2009-02-07,26.861,0.0,41.76,1.126
2009-02-08,26.234,0.005,35.17,1.178
2009-02-09,26.13,0.0,35.1,1.275
2009-02-10,26.898,0.08,40.67,1.624
2009-02-11,25.438,0.001,39.51,1.25
2009-02-12,25.126,0.0,34.96,1.138
2009-02-13,26.703,0.003,36.94,0.913
2009-02-14,27.374,0.002,38.18,1.182
2009-02-15,27.046,0.001,37.75,0.592
2009-02-16,27.157,0.0,36.29,1.092
2009-02-17,26.78,0.002,37.95,1.526
2009-02-18,26.979,0.0,36.6,0.792
2009-02-19,27.387,0.0,33.83,1.376
2009-02-20,27.243,0.0,35.45,1.701
2009-02-21,27.366,0.001,35.33,1.038
2009-02-22,28.576,0.0,33.62,1.283
2009-02-23,29.196,0.001,32.6,1.746
2009-02-24,28.523,0.001,33.81,1.547
2009-02-25,27.789,0.001,29.39,1.862
2009-02-26,28.504,0.002,27.08,0.482
2009-02-27,28.94,0.001,27.17,0.948
2009-02-28,28.786,0.001,26.35,1.56
2009-03-01,28.614,0.001,26.49,1.576
2009-03-02,28.738,0.002,26.54,0.51
2009-03-03,29.066,0.0,25.98,0.294
2009-03-04,29.351,0.002,28.29,0.751
2009-03-05,29.2,0.001,24.97,1.005
2009-03-06,29.64,0.0,23.53,0.495
2009-03-07,29.476,0.002,24.92,0.409
2009-03-08,29.665,0.001,29.93,1.587
2009-03-09,29.524,0.002,26.23,2.678
2009-03-10,28.436,0.0,29.22,2.486
2009-03-11,28.384,0.0,32.72,1.874
2009-03-12,28.906,0.001,34.54,0.963
2009-03-13,29.788,0.001,27.88,1.363
2009-03-14,27.544,1.22,41.35,1.622
2009-03-15,26.08,1.389,46.6,1.203
2009-03-16,27.2,0.006,36.35,0.625
2009-03-17,28.255,0.002,29.75,1.118
2009-03-18,28.697,0.001,32.49,0.804
2009-03-19,29.508,0.035,30.76,1.306
2009-03-20,29.262,1.219,34.17,1.491
2009-03-21,28.741,0.219,36.22,1.068
2009-03-22,28.069,0.01,36.2,0.735
2009-03-23,27.514,1.187,47.38,1.042
2009-03-24,27.655,0.455,43.82,0.971
2009-03-25,28.078,0.429,40.45,1.069
2009-03-26,28.74,0.0,32.36,0.52
2009-03-27,29.119,0.0,30.98,0.646
2009-03-28,30.209,0.001,32.69,1.505
2009-03-29,30.112,0.0,33.9,0.8
2009-03-30,30.549,0.0,31.44,0.509
2009-03-31,31.351,0.002,26.9,0.63
2009-04-01,31.121,0.01,31.58,0.701
2009-04-02,31.295,0.027,30.87,0.759
2009-04-03,31.743,0.005,30.88,0.981
2009-04-04,31.864,0.009,31.62,1.287
2009-04-05,32.305,0.001,28.23,1.072
2009-04-06,31.799,0.039,30.49,0.239
2009-04-07,32.112,0.095,28.36,0.363
2009-04-08,28.795,2.657,48.23,1.187
2009-04-09,30.015,0.193,45.13,0.916
2009-04-10,30.097,0.005,41.69,0.95
2009-04-11,30.506,0.001,37.6,0.807
2009-04-12,31.037,0.0,32.88,0.761
2009-04-13,31.263,0.0,27.77,0.396
2009-04-14,32.219,0.001,23.52,0.542
2009-04-15,32.632,0.0,25.33,0.106
2009-04-16,32.981,0.001,24.19,1.091
2009-04-17,33.367,0.001,22.98,1.358
2009-04-18,33.484,0.002,28.79,0.942
2009-04-19,33.734,0.001,32.72,1.054
2009-04-20,33.95,0.0,23.73,1.913
2009-04-21,33.75,0.003,22.57,2.415
2009-04-22,33.232,0.0,19.65,2.602
2009-04-23,33.226,0.0,18.83,2.28
2009-04-24,33.466,0.001,17.95,1.147
2009-04-25,32.597,0.098,30.38,0.985
2009-04-26,32.723,0.085,30.1,0.845
2009-04-27,33.286,0.003,26.93,0.732
2009-04-28,33.982,0.003,23.03,0.849
2009-04-29,34.495,0.001,23.13,1.476
2009-04-30,34.923,0.001,19.26,1.502
2009-05-01,34.824,0.0,18.98,1.449
2009-05-02,35.017,0.001,18.83,2.273
2009-05-03,34.592,0.001,19.09,1.332
2009-05-04,34.156,0.002,20.65,0.319
2009-05-05,34.025,0.02,23.9,0.899
2009-05-06,33.989,0.042,22.63,1.547
2009-05-07,34.336,0.042,21.63,1.641
2009-05-08,34.659,0.002,20.95,1.953
2009-05-09,34.965,0.0,19.5,1.695
2009-05-10,34.424,0.002,17.9,1.424
2009-05-11,34.119,0.0,17.92,2.034
2009-05-12,34.343,0.001,19.16,1.659
2009-05-13,34.778,0.021,26.46,1.04
2009-05-14,33.985,1.021,33.31,1.455
2009-05-15,33.978,1.557,34.33,1.547
2009-05-16,34.155,0.123,35.08,1.508
2009-05-17,34.181,0.745,35.65,0.876
2009-05-18,33.117,0.637,43.42,0.8
2009-05-19,32.606,2.638,47.2,1.239
2009-05-20,31.372,1.953,55.51,1.731
2009-05-21,31.38,2.142,55.72,1.035
2009-05-22,31.986,1.439,51.83,2.014
2009-05-23,33.157,1.291,42.29,2.042
2009-05-24,33.434,0.041,35.93,3.391
2009-05-25,32.851,0.001,31.34,3.387
2009-05-26,33.466,0.056,34.74,1.928
2009-05-27,34.222,0.012,31.69,1.539
2009-05-28,34.613,0.005,29.77,1.276
2009-05-29,34.509,0.017,29.35,2.189
2009-05-30,33.445,0.001,31.5,1.639
2009-05-31,33.536,0.014,32.11,2.173
2009-06-01,33.443,0.002,32.97,3.072
2009-06-02,33.528,0.003,35.78,2.982
2009-06-03,33.469,0.01,38.65,3.507
2009-06-04,33.5,0.002,37.16,3.592
2009-06-05,32.935,0.031,42.04,3.56
2009-06-06,30.404,5.852,57.32,2.338
2009-06-07,29.171,5.204,63.51,2.483
2009-06-08,31.259,0.011,45.73,3.494
2009-06-09,32.34,0.0,40.7,2.842
2009-06-10,32.981,0.362,40.37,2.384
2009-06-11,32.086,0.167,47.06,2.639
2009-06-12,31.571,0.176,47.43,2.635
2009-06-13,32.607,0.013,40.8,2.396
2009-06-14,33.072,0.02,37.24,2.598
2009-06-15,32.957,0.01,37.05,2.703
2009-06-16,32.845,0.009,39.01,2.036
2009-06-17,33.62,0.01,36.51,1.905
2009-06-18,33.265,0.149,40.79,2.223
2009-06-19,31.433,1.714,52.13,2.115
2009-06-20,29.751,4.391,64.66,2.237
2009-06-21,28.498,1.432,67.74,2.717
2009-06-22,29.795,1.594,59.71,2.978
2009-06-23,30.817,0.115,51.61,3.371
2009-06-24,30.267,0.847,53.75,3.155
2009-06-25,29.248,5.963,62.57,3.177
2009-06-26,28.323,7.589,66.7,3.088
2009-06-27,28.731,3.311,64.06,3.03
2009-06-28,26.596,3.689,77.34,2.327
2009-06-29,28.551,1.077,65.82,2.458
2009-06-30,28.774,6.624,67.76,2.109
2009-07-01,29.168,1.649,64.29,2.747
2009-07-02,27.723,5.871,70.84,3.494
2009-07-03,27.821,3.673,67.32,3.872
2009-07-04,27.268,3.381,70.43,3.438
2009-07-05,27.029,2.475,70.2,2.813
2009-07-06,26.605,0.963,71.15,3.827
2009-07-07,25.686,3.486,77.31,4.067
2009-07-08,24.269,38.76,88.11,3.334
2009-07-09,24.886,9.769,82.96,3.907
2009-07-10,25.637,9.225,79.08,4.246
2009-07-11,26.523,3.7,73.62,4.195
2009-07-12,27.165,0.603,67.78,4.497
2009-07-13,24.941,22.851,83.3,4.331
2009-07-14,24.001,28.115,87.5,5.216
2009-07-15,23.552,17.622,90.71,4.659
2009-07-16,26.146,0.824,75.32,4.71
2009-07-17,27.293,0.424,68.41,4.472
2009-07-18,27.365,0.228,66.14,4.743
2009-07-19,26.376,5.836,72.7,4.542
2009-07-20,23.856,23.229,88.08,4.462
2009-07-21,23.343,31.227,90.41,4.899
2009-07-22,23.846,9.953,84.96,5.01
2009-07-23,26.585,0.517,68.91,4.958
2009-07-24,27.021,0.224,68.09,4.137
2009-07-25,27.081,0.22,68.04,4.323
2009-07-26,26.365,1.407,70.48,4.462
2009-07-27,26.187,0.706,70.51,4.529
2009-07-28,26.567,0.759,69.59,4.202
2009-07-29,26.903,0.474,69.92,3.552
2009-07-30,27.043,0.541,70.07,3.148
2009-07-31,26.873,0.331,68.68,3.159
2009-08-01,26.86,0.156,66.07,3.319
2009-08-02,26.956,0.301,64.65,3.464
2009-08-03,27.242,0.394,65.58,3.416
2009-08-04,27.191,0.347,64.15,3.781
2009-08-05,27.45,0.172,59.96,4.056
2009-08-06,27.514,0.125,59.38,3.927
2009-08-07,27.365,0.801,62.7,3.671
2009-08-08,27.513,0.561,63.38,3.395
2009-08-09,27.436,0.507,64.49,3.404
2009-08-10,26.233,7.466,71.21,2.621
2009-08-11,25.034,4.784,83.72,2.651
2009-08-12,26.391,1.902,77.84,2.564
2009-08-13,27.471,0.254,66.67,2.843
2009-08-14,27.712,0.212,63.63,2.839
2009-08-15,27.386,0.621,66.29,2.312
2009-08-16,27.298,0.304,69.57,1.165
2009-08-17,26.706,6.593,77.86,0.571
2009-08-18,26.426,7.151,81.71,0.429
2009-08-19,26.985,8.978,78.45,1.08
2009-08-20,24.821,9.748,89.67,1.201
2009-08-21,25.567,8.669,82.77,1.309
2009-08-22,25.61,7.804,84.31,1.439
2009-08-23,25.335,15.788,85.63,1.206
2009-08-24,24.59,20.955,89.45,1.726
2009-08-25,23.706,17.148,91.18,2.662
2009-08-26,23.902,20.451,86.71,3.611
2009-08-27,23.86,13.117,88.05,3.374
2009-08-28,25.627,0.137,73.45,3.334
2009-08-29,26.419,0.564,73.47,3.053
2009-08-30,26.494,4.195,74.19,2.766
2009-08-31,25.143,8.904,84.15,2.345
2009-09-01,24.501,18.495,90.29,2.042
2009-09-02,23.685,22.026,93.71,2.262
2009-09-03,23.881,4.003,89.12,3.124
2009-09-04,24.669,13.558,86.31,3.53
2009-09-05,24.718,38.828,84.25,4.531
2009-09-06,24.454,7.379,85.47,3.589
2009-09-07,26.061,0.755,76.69,3.724
2009-09-08,26.417,0.15,72.02,3.773
2009-09-09,26.536,0.18,71.44,3.313
2009-09-10,26.689,0.141,72.1,2.53
2009-09-11,26.739,1.296,77.72,1.025
2009-09-12,27.281,1.013,77.04,0.839
2009-09-13,27.261,2.624,79.42,1.191
2009-09-14,27.61,0.157,70.7,1.54
2009-09-15,27.476,0.037,69.13,1.941
2009-09-16,27.398,0.137,68.63,1.941
2009-09-17,27.054,0.404,72.31,1.749
2009-09-18,27.376,0.455,71.55,1.199
2009-09-19,27.709,0.651,73.13,0.955
2009-09-20,28.262,0.468,70.48,0.572
2009-09-21,28.465,0.421,69.48,0.197
2009-09-22,27.936,0.92,73.29,0.742
2009-09-23,28.818,0.258,67.86,1.329
2009-09-24,29.188,0.065,60.45,2.08
2009-09-25,28.992,0.041,59.86,2.653
2009-09-26,28.882,0.198,57.65,2.792
2009-09-27,26.678,6.242,74.77,2.284
2009-09-28,26.566,10.708,79.42,1.898
2009-09-29,25.382,22.512,88.33,2.229
2009-09-30,24.692,48.649,91.72,2.04
2009-10-01,25.481,20.765,86.49,2.644
2009-10-02,24.309,18.141,92.97,1.469
2009-10-03,24.43,14.627,91.46,0.706
2009-10-04,24.523,10.204,88.89,2.561
2009-10-05,25.442,1.863,80.59,4.099
2009-10-06,25.427,2.062,81.36,3.483
2009-10-07,26.367,0.451,75.31,2.52
2009-10-08,25.974,0.382,74.49,1.954
2009-10-09,25.692,0.136,71.56,1.432
2009-10-10,26.283,0.188,67.23,0.523
2009-10-11,26.231,0.156,69.2,0.339
2009-10-12,26.121,0.201,67.93,0.411
2009-10-13,26.297,0.004,61.13,0.545
2009-10-14,26.215,0.022,63.85,0.711
2009-10-15,26.272,0.282,66.68,0.742
2009-10-16,26.454,0.218,68.01,0.433
2009-10-17,26.754,0.072,61.65,0.892
2009-10-18,26.832,0.0,58.19,0.738
2009-10-19,26.65,0.0,50.38,1.125
2009-10-20,26.481,0.0,46.16,1.254
2009-10-21,25.983,0.0,49.11,1.195
2009-10-22,25.754,0.003,47.2,1.562
2009-10-23,24.821,0.001,49.92,0.658
2009-10-24,24.405,0.001,49.1,0.632
2009-10-25,24.645,0.0,48.65,0.961
2009-10-26,24.853,0.002,51.51,1.567
2009-10-27,24.478,0.001,45.88,1.681
2009-10-28,24.895,0.001,46.87,1.676
2009-10-29,25.347,0.001,47.63,1.463
2009-10-30,25.196,0.003,48.5,1.551
2009-10-31,25.118,0.0,46.04,1.598
2009-11-01,24.76,0.0,43.92,1.772
2009-11-02,24.335,0.002,43.94,1.928
2009-11-03,24.254,0.001,48.1,1.89
2009-11-04,25.003,0.003,55.67,1.579
2009-11-05,25.155,0.196,64.93,1.767
2009-11-06,25.696,0.056,64.56,1.817
2009-11-07,25.147,2.798,74.37,1.846
2009-11-08,25.016,0.982,75.5,1.84
2009-11-09,24.434,1.52,76.07,1.823
2009-11-10,25.178,0.783,71.09,2.373
2009-11-11,24.951,2.949,75.99,3.94
2009-11-12,26.154,0.774,72.94,2.965
2009-11-13,25.879,1.669,74.82,1.835
2009-11-14,26.273,0.228,68.31,1.409
2009-11-15,27.021,0.275,62.08,1.628
2009-11-16,25.707,3.281,73.55,1.871
2009-11-17,24.157,17.614,85.84,0.889
2009-11-18,23.299,5.453,88.39,0.448
2009-11-19,23.261,0.507,72.61,2.152
2009-11-20,22.461,0.001,64.18,1.719
2009-11-21,21.625,0.0,58.26,1.735
2009-11-22,21.321,0.001,54.35,1.659
2009-11-23,22.077,0.001,56.16,1.471
2009-11-24,23.115,0.0,57.81,0.942
2009-11-25,23.738,0.0,54.79,0.937
2009-11-26,24.021,0.002,51.24,1.473
2009-11-27,22.644,0.001,45.8,2.006
2009-11-28,21.661,0.0,44.19,1.884
2009-11-29,21.209,0.002,46.44,1.645
2009-11-30,21.281,0.001,47.24,1.488
2009-12-01,21.491,0.001,48.72,1.513
2009-12-02,21.952,0.0,49.23,1.444
2009-12-03,22.434,0.0,49.45,1.34
2009-12-04,22.631,0.001,52.87,0.953
2009-12-05,22.411,0.002,51.39,1.415
2009-12-06,23.028,0.0,57.44,1.473
2009-12-07,23.441,0.001,57.21,1.447
2009-12-08,23.836,0.0,54.64,1.594
2009-12-09,23.398,0.0,54.44,1.491
2009-12-10,23.556,0.002,56.22,1.244
2009-12-11,23.684,0.003,54.0,1.661
2009-12-12,23.288,0.001,52.25,1.897
2009-12-13,23.375,0.003,52.46,1.516
2009-12-14,23.537,0.001,57.45,1.612
2009-12-15,23.929,0.0,57.91,1.658
2009-12-16,24.072,0.001,55.79,2.217
2009-12-17,24.148,0.001,54.69,2.219
2009-12-18,23.416,0.116,62.34,1.033
2009-12-19,23.59,0.083,58.75,1.809
2009-12-20,23.495,0.081,61.42,1.629
2009-12-21,23.472,0.028,59.21,1.733
2009-12-22,22.803,0.001,47.47,2.188
2009-12-23,21.682,0.001,39.07,1.859
2009-12-24,20.735,0.0,35.22,1.796
2009-12-25,20.672,0.002,39.03,1.555
2009-12-26,21.707,0.001,45.5,1.59
2009-12-27,22.949,0.0,49.7,1.882
2009-12-28,23.452,0.033,55.57,1.838
2009-12-29,23.087,2.691,65.58,1.633
2009-12-30,21.919,3.269,75.94,1.082
2009-12-31,22.27,0.022,63.53,1.568
2010-01-01,21.474,0.0,49.41,1.932
2010-01-02,21.308,0.001,46.23,1.575
2010-01-03,21.972,0.001,41.64,1.133
2010-01-04,23.562,0.0,45.16,1.229
2010-01-05,23.225,0.0,49.1,1.561
2010-01-06,21.822,0.0,45.86,1.796
2010-01-07,21.309,0.001,39.87,1.441
2010-01-08,22.049,0.0,44.47,1.111
2010-01-09,23.355,0.0,44.05,1.476
2010-01-10,24.515,0.02,53.99,1.667
2010-01-11,25.204,0.062,61.25,1.776
2010-01-12,24.253,12.751,77.03,0.845
2010-01-13,23.472,2.077,76.27,0.689
2010-01-14,22.91,0.815,71.7,1.655
2010-01-15,22.833,0.042,64.32,1.852
2010-01-16,22.213,0.003,55.58,1.52
2010-01-17,22.498,0.001,53.16,1.085
2010-01-18,22.689,0.0,47.55,0.853
2010-01-19,22.008,0.001,41.64,1.297
2010-01-20,21.52,0.001,33.06,1.556
2010-01-21,21.044,0.0,31.81,1.654
2010-01-22,21.214,0.001,33.92,1.119
2010-01-23,21.239,0.001,39.47,1.283
2010-01-24,21.956,0.001,44.49,1.262
2010-01-25,22.421,0.0,44.28,1.354
2010-01-26,22.571,0.001,38.9,1.928
2010-01-27,22.633,0.001,39.54,1.66
2010-01-28,23.167,0.001,43.86,1.218
2010-01-29,23.239,0.001,41.2,1.536
2010-01-30,22.691,0.003,35.14,1.39
2010-01-31,22.906,0.003,35.56,1.16
2010-02-01,24.079,0.002,39.85,1.547
2010-02-02,25.222,0.004,41.03,1.779
2010-02-03,25.325,0.004,40.93,1.743
2010-02-04,25.207,0.002,39.92,1.611
2010-02-05,24.844,0.002,44.65,1.332
2010-02-06,25.0,0.002,45.12,1.791
2010-02-07,24.643,0.002,44.62,1.332
2010-02-08,24.888,0.0,40.84,1.332
2010-02-09,26.024,0.001,35.81,1.909
2010-02-10,26.21,0.001,36.05,1.4
2010-02-11,26.122,0.001,38.47,2.584
2010-02-12,26.687,0.001,39.56,1.479
2010-02-13,27.979,0.181,39.6,1.499
2010-02-14,27.637,1.421,47.54,1.22
2010-02-15,27.954,0.271,46.56,0.761
2010-02-16,27.779,0.15,42.47,1.573
2010-02-17,28.155,0.084,45.67,0.528
2010-02-18,28.247,0.074,48.18,0.948
2010-02-19,28.544,0.435,44.75,1.248
2010-02-20,28.595,0.039,42.54,1.388
2010-02-21,28.875,0.101,43.24,1.821
2010-02-22,26.99,2.298,55.45,0.49
2010-02-23,27.522,1.063,53.77,1.186
2010-02-24,26.52,0.001,38.66,1.327
2010-02-25,27.493,0.006,39.01,0.626
2010-02-26,28.149,0.003,45.42,0.894
2010-02-27,28.492,0.0,39.82,0.874
2010-02-28,28.281,0.001,29.49,0.422
2010-03-01,28.935,0.002,29.51,1.009
2010-03-02,29.92,0.0,30.29,1.695
2010-03-03,30.625,0.002,31.44,1.309
2010-03-04,30.368,0.0,32.18,1.11
2010-03-05,29.99,0.0,32.66,1.29
2010-03-06,30.942,0.002,31.54,1.376
2010-03-07,29.86,-0.0,30.3,2.3
2010-03-08,30.183,0.001,29.41,0.946
2010-03-09,31.356,0.01,34.34,1.395
2010-03-10,31.441,0.011,36.22,1.688
2010-03-11,30.748,0.166,40.67,1.251
2010-03-12,30.507,0.161,41.6,0.458
2010-03-13,29.772,0.895,46.48,0.329
2010-03-14,30.293,0.028,32.6,1.521
2010-03-15,29.657,0.001,24.25,0.994
2010-03-16,30.246,0.0,25.04,0.789
2010-03-17,30.65,0.0,30.51,1.458
2010-03-18,30.553,0.0,29.91,1.785
2010-03-19,30.569,0.0,30.13,0.818
2010-03-20,31.373,0.001,25.96,0.786
2010-03-21,31.71,0.0,24.93,0.555
2010-03-22,32.085,0.0,23.76,1.134
2010-03-23,32.486,0.001,24.3,1.335
2010-03-24,32.561,0.0,27.09,1.665
2010-03-25,32.359,0.0,28.75,1.388
2010-03-26,32.441,0.002,29.42,1.739
2010-03-27,32.105,0.008,33.29,1.622
2010-03-28,32.178,0.006,36.81,1.406
2010-03-29,32.078,0.383,43.15,1.66
2010-03-30,32.593,0.002,32.26,1.502
2010-03-31,31.679,0.001,23.35,1.937
2010-04-01,30.549,0.003,22.84,2.34
2010-04-02,31.144,0.002,26.32,1.912
2010-04-03,31.697,0.001,24.26,1.06
2010-04-04,32.367,0.0,23.71,0.312
2010-04-05,33.173,0.0,27.4,0.569
2010-04-06,33.957,0.001,22.68,0.48
2010-04-07,34.332,0.002,26.41,1.125
2010-04-08,34.144,0.005,25.67,1.992
2010-04-09,33.76,0.001,27.6,2.056
2010-04-10,34.267,0.035,25.18,2.202
2010-04-11,34.546,0.141,25.79,1.362
2010-04-12,34.54,0.003,23.23,1.169
2010-04-13,34.565,0.0,21.84,1.006
2010-04-14,35.226,0.003,22.6,0.128
2010-04-15,35.393,0.001,26.73,0.826
2010-04-16,34.862,0.037,30.69,1.45
2010-04-17,34.759,0.191,30.09,1.436
2010-04-18,35.231,0.0,25.54,1.333
2010-04-19,35.26,0.003,23.83,1.676
2010-04-20,34.57,0.0,22.57,1.843
2010-04-21,34.337,0.002,23.01,1.515
2010-04-22,35.166,0.002,21.05,1.198
2010-04-23,35.412,0.062,22.13,0.469
2010-04-24,34.931,0.027,22.11,1.287
2010-04-25,34.903,0.003,19.7,0.76
2010-04-26,33.869,0.4,29.34,1.316
2010-04-27,34.629,0.003,27.18,1.435
2010-04-28,35.229,0.011,25.97,1.494
2010-04-29,32.849,2.113,40.7,1.538
2010-04-30,31.373,0.874,45.53,0.782
2010-05-01,32.063,0.804,41.49,0.367
2010-05-02,31.611,1.101,40.73,0.413
2010-05-03,30.891,0.548,39.59,0.766
2010-05-04,32.43,0.208,33.15,1.04
2010-05-05,33.114,0.022,31.83,1.048
2010-05-06,34.14,0.007,28.35,0.813
2010-05-07,34.427,0.023,31.76,1.102
2010-05-08,34.956,0.02,29.84,1.082
2010-05-09,35.699,0.0,23.23,0.492
2010-05-10,36.193,0.0,22.22,0.581
2010-05-11,36.11,0.002,20.72,0.555
2010-05-12,36.482,0.0,20.39,0.573
2010-05-13,36.919,0.001,23.84,1.474
2010-05-14,36.849,0.099,24.87,0.927
2010-05-15,36.391,0.019,25.56,0.669
2010-05-16,36.596,0.001,26.16,1.272
2010-05-17,36.935,0.001,26.6,0.87
2010-05-18,36.269,0.012,32.18,1.169
2010-05-19,33.88,0.453,43.27,1.77
2010-05-20,32.705,0.322,45.92,1.65
2010-05-21,32.271,0.156,47.35,1.037
2010-05-22,33.615,0.477,42.5,0.6
2010-05-23,36.117,0.002,28.51,0.874
2010-05-24,37.449,0.001,21.92,3.134
2010-05-25,36.979,0.0,20.57,4.117
2010-05-26,35.593,0.001,25.92,4.796
2010-05-27,35.015,0.0,30.14,3.977
2010-05-28,35.564,0.0,28.17,3.28
2010-05-29,35.774,0.0,22.78,3.296
2010-05-30,35.748,0.0,21.56,3.099
2010-05-31,35.95,0.0,21.48,3.195
2010-06-01,35.494,0.028,30.65,2.978
2010-06-02,34.29,0.386,36.78,3.522
2010-06-03,34.824,0.296,36.49,2.532
2010-06-04,35.153,0.133,35.42,3.406
2010-06-05,34.757,0.05,35.05,4.103
2010-06-06,34.544,0.003,32.33,3.998
2010-06-07,34.328,0.127,35.0,3.666
2010-06-08,34.392,0.012,34.81,2.92
2010-06-09,33.704,1.133,39.46,0.56
2010-06-10,32.531,1.554,48.19,0.185
2010-06-11,32.085,2.086,51.58,0.208
2010-06-12,32.149,1.284,52.53,0.562
2010-06-13,30.892,1.622,58.98,1.735
2010-06-14,27.81,11.886,74.23,2.66
2010-06-15,26.619,9.345,77.05,4.042
2010-06-16,27.884,1.431,68.88,4.851
2010-06-17,27.97,1.733,68.51,4.286
2010-06-18,28.647,0.638,67.31,2.691
2010-06-19,27.78,8.009,74.89,2.267
2010-06-20,27.092,2.949,77.43,3.071
2010-06-21,27.613,0.324,69.04,3.095
2010-06-22,30.054,3.818,62.45,3.144
2010-06-23,29.29,10.145,67.7,3.314
2010-06-24,28.201,3.103,71.16,3.229
2010-06-25,29.489,0.381,61.89,3.022
2010-06-26,29.928,0.135,61.29,2.495
2010-06-27,29.918,0.864,61.75,2.848
2010-06-28,30.142,1.462,61.07,2.599
2010-06-29,30.391,0.317,58.92,2.58
2010-06-30,27.935,5.502,73.07,2.409
2010-07-01,25.582,17.743,80.91,2.77
2010-07-02,23.416,62.525,94.52,2.817
2010-07-03,24.293,14.696,84.71,3.473
2010-07-04,26.8,1.724,71.6,2.897
2010-07-05,26.865,10.357,75.21,2.745
2010-07-06,24.721,30.103,88.13,2.595
2010-07-07,24.099,34.591,90.59,2.681
2010-07-08,24.445,15.493,89.1,2.822
2010-07-09,26.383,6.14,78.11,2.698
2010-07-10,27.435,3.147,75.19,2.547
2010-07-11,26.488,6.779,79.85,2.732
2010-07-12,26.716,2.995,71.83,3.249
2010-07-13,27.054,1.219,70.83,3.411
2010-07-14,27.094,1.327,71.84,3.31
2010-07-15,26.547,4.884,79.81,2.451
2010-07-16,26.235,7.984,83.47,2.021
2010-07-17,25.565,20.625,86.89,2.015
2010-07-18,27.055,3.031,78.26,2.358
2010-07-19,27.414,5.394,77.69,2.168
2010-07-20,27.172,5.018,77.52,2.853
2010-07-21,26.001,8.222,82.44,3.012
2010-07-22,24.802,9.965,86.17,3.696
2010-07-23,25.374,8.99,81.84,3.601
2010-07-24,24.001,27.815,89.57,4.269
2010-07-25,23.35,20.758,90.78,4.696
2010-07-26,24.178,9.498,84.45,4.306
2010-07-27,24.919,4.461,82.53,3.348
2010-07-28,25.213,11.658,82.38,3.057
2010-07-29,23.965,38.841,90.78,3.541
2010-07-30,23.561,45.277,91.22,3.311
2010-07-31,25.884,3.554,77.66,3.922
2010-08-01,26.431,0.746,71.68,4.217
2010-08-02,26.445,0.371,71.05,4.221
2010-08-03,26.299,2.338,74.58,4.121
2010-08-04,26.429,1.001,70.17,3.729
2010-08-05,24.982,17.487,79.45,3.212
2010-08-06,22.831,101.462,90.61,4.863
2010-08-07,24.836,4.443,72.76,3.661
2010-08-08,25.85,0.393,75.69,2.906
2010-08-09,26.305,0.369,72.24,3.007
2010-08-10,26.322,0.963,73.45,2.856
2010-08-11,26.395,4.796,80.7,2.23
2010-08-12,25.634,15.931,86.56,1.989
2010-08-13,24.445,18.797,92.36,2.007
2010-08-14,25.248,14.105,86.46,1.82
2010-08-15,25.204,36.786,89.93,0.905
2010-08-16,25.825,16.86,86.81,0.976
2010-08-17,26.204,10.137,84.24,1.289
2010-08-18,26.239,6.479,82.56,2.169
2010-08-19,26.254,9.159,81.46,1.759
2010-08-20,25.271,13.857,88.61,0.736
2010-08-21,25.451,15.009,85.9,0.499
2010-08-22,26.172,4.441,80.93,1.206
2010-08-23,26.95,1.841,78.34,2.006
2010-08-24,26.671,6.828,80.44,1.708
2010-08-25,25.548,17.922,87.53,1.265
2010-08-26,24.925,16.493,90.15,0.882
2010-08-27,25.533,5.431,83.63,1.673
2010-08-28,26.376,4.231,79.13,2.863
2010-08-29,24.725,18.294,87.64,3.26
2010-08-30,23.761,19.836,88.92,4.367
2010-08-31,23.692,8.916,86.28,4.284
2010-09-01,25.895,2.206,76.44,3.661
2010-09-02,25.63,4.397,78.03,3.308
2010-09-03,25.378,6.978,80.99,3.267
2010-09-04,23.569,35.821,91.55,3.851
2010-09-05,23.735,25.303,90.03,3.712
2010-09-06,24.195,19.959,89.18,3.403
2010-09-07,23.448,42.967,92.94,3.88
2010-09-08,24.261,9.628,85.89,4.027
2010-09-09,25.257,8.968,82.48,3.232
2010-09-10,26.143,0.119,74.44,2.418
2010-09-11,26.377,0.29,73.08,2.172
2010-09-12,26.422,0.313,74.98,1.679
2010-09-13,26.502,1.473,76.99,1.416
2010-09-14,26.02,7.534,82.18,1.395
2010-09-15,25.431,12.052,84.71,2.066
2010-09-16,24.396,11.051,89.27,2.588
2010-09-17,24.954,5.774,87.3,2.401
2010-09-18,25.601,1.297,80.43,2.343
2010-09-19,25.645,0.865,80.36,1.773
2010-09-20,25.958,12.389,82.95,1.226
2010-09-21,26.334,4.881,81.68,0.519
2010-09-22,25.996,8.216,83.56,0.565
2010-09-23,26.293,3.737,82.67,0.549
2010-09-24,25.622,11.728,85.33,0.827
2010-09-25,25.811,10.953,84.29,0.589
2010-09-26,25.977,6.563,84.1,0.511
2010-09-27,26.263,2.185,81.51,1.167
2010-09-28,26.69,0.992,78.92,1.256
2010-09-29,26.492,4.758,80.89,0.461
2010-09-30,26.192,0.017,70.05,1.65
2010-10-01,26.026,0.185,65.84,1.343
2010-10-02,26.045,1.623,75.24,0.815
2010-10-03,25.558,5.033,84.81,0.908
2010-10-04,25.994,7.463,83.74,0.582
2010-10-05,26.207,3.473,82.9,0.862
2010-10-06,26.638,0.228,71.06,2.084
2010-10-07,26.481,0.001,66.53,1.794
2010-10-08,26.403,0.07,68.53,1.526
2010-10-09,26.012,0.001,63.43,1.932
2010-10-10,26.312,0.002,63.46,2.061
2010-10-11,26.349,0.402,68.3,1.734
2010-10-12,26.537,0.137,65.64,1.013
2010-10-13,26.489,0.013,59.54,1.536
2010-10-14,26.304,0.053,62.08,2.025
2010-10-15,26.184,1.229,62.28,2.48
2010-10-16,23.068,26.646,85.0,2.541
2010-10-17,23.516,9.065,92.68,1.371
2010-10-18,23.974,5.857,89.85,1.785
2010-10-19,24.805,3.891,85.24,1.671
2010-10-20,25.697,2.993,82.04,1.149
2010-10-21,25.7,5.516,82.7,1.267
2010-10-22,24.818,7.16,86.19,1.417
2010-10-23,24.359,8.51,88.08,0.907
2010-10-24,25.273,0.575,78.97,0.951
2010-10-25,25.654,0.179,72.07,1.351
2010-10-26,25.168,0.018,68.91,1.485
2010-10-27,24.593,0.001,60.8,1.747
2010-10-28,24.019,0.0,60.3,2.012
2010-10-29,23.631,0.02,57.62,2.129
2010-10-30,22.077,6.233,81.26,2.329
2010-10-31,22.888,2.644,74.99,3.083
2010-11-01,22.194,3.591,78.61,2.391
2010-11-02,22.936,5.959,83.37,2.074
2010-11-03,23.183,2.49,87.63,1.42
2010-11-04,23.996,5.151,85.18,1.065
2010-11-05,24.354,0.604,81.77,1.064
2010-11-06,23.523,0.002,65.48,2.122
2010-11-07,23.399,0.753,71.5,3.061
2010-11-08,24.035,2.05,82.92,3.992
2010-11-09,25.123,0.927,78.33,2.836
2010-11-10,25.275,2.904,78.43,1.158
2010-11-11,25.059,6.065,81.9,0.514
2010-11-12,24.969,0.979,81.06,0.354
2010-11-13,25.42,1.465,79.37,0.396
2010-11-14,25.465,3.23,79.27,1.075
2010-11-15,24.989,1.27,80.37,1.097
2010-11-16,24.985,0.08,72.73,1.283
2010-11-17,23.788,4.496,83.26,2.099
2010-11-18,24.49,0.528,79.55,1.649
2010-11-19,24.776,3.335,79.8,0.549
2010-11-20,25.073,1.658,78.26,0.47
2010-11-21,24.407,7.24,81.83,0.654
2010-11-22,24.244,1.213,80.67,1.815
2010-11-23,24.073,0.0,68.85,2.247
2010-11-24,24.48,0.015,71.59,1.751
2010-11-25,24.82,0.308,74.09,1.299
2010-11-26,24.611,0.002,69.0,1.046
2010-11-27,24.091,0.0,68.97,1.592
2010-11-28,24.182,0.001,67.72,1.881
2010-11-29,24.196,0.001,67.27,1.371
2010-11-30,24.571,0.012,66.95,1.266
2010-12-01,24.318,0.004,67.2,1.539
2010-12-02,24.318,0.062,69.36,1.523
2010-12-03,23.768,0.389,71.07,1.316
2010-12-04,23.124,0.008,64.6,1.954
2010-12-05,22.655,0.003,53.59,2.576
2010-12-06,22.043,0.006,48.76,3.07
2010-12-07,21.479,1.422,74.21,2.716
2010-12-08,22.174,1.272,79.93,2.144
2010-12-09,22.762,0.054,72.3,1.202
2010-12-10,23.002,0.568,76.09,0.59
2010-12-11,23.133,0.353,73.27,0.742
2010-12-12,22.557,0.007,56.5,1.554
2010-12-13,22.238,0.0,55.12,0.974
2010-12-14,21.52,0.0,55.94,1.483
2010-12-15,20.542,0.002,49.2,1.906
2010-12-16,19.601,0.0,44.9,1.605
2010-12-17,19.492,0.0,46.52,1.503
2010-12-18,19.075,0.0,44.07,1.638
2010-12-19,18.991,0.0,42.36,2.244
2010-12-20,19.578,0.0,41.39,1.709
2010-12-21,19.321,0.0,40.85,1.117
2010-12-22,19.315,0.001,42.7,0.843
2010-12-23,20.418,0.001,47.7,1.688
2010-12-24,20.67,0.001,51.39,1.299
2010-12-25,21.02,0.0,49.31,1.422
2010-12-26,21.427,0.001,51.41,1.777
2010-12-27,21.028,0.0,56.69,1.984
2010-12-28,20.831,0.001,58.37,1.993
2010-12-29,21.204,0.016,62.98,1.721
2010-12-30,22.742,0.002,58.11,1.876
2010-12-31,23.489,0.002,57.26,0.134
2011-01-01,22.09,0.068,63.19,1.877
2011-01-02,21.813,0.002,53.93,2.006
2011-01-03,22.666,0.002,51.29,1.856
2011-01-04,22.215,0.001,49.59,1.489
2011-01-05,21.016,0.0,45.02,1.847
2011-01-06,18.699,0.001,35.15,2.011
2011-01-07,19.244,0.002,37.71,1.412
2011-01-08,19.955,0.0,36.75,0.996
2011-01-09,19.954,0.001,36.18,1.247
2011-01-10,19.779,0.002,36.11,1.836
2011-01-11,19.93,0.001,35.74,1.268
2011-01-12,20.327,0.001,35.72,0.94
2011-01-13,21.367,0.001,35.15,1.359
2011-01-14,22.39,0.001,36.57,1.871
2011-01-15,22.658,0.002,41.69,1.497
2011-01-16,22.268,0.003,44.53,1.081
2011-01-17,21.874,0.001,41.4,0.838
2011-01-18,22.626,0.0,38.48,0.107
2011-01-19,23.382,0.002,37.88,1.005
2011-01-20,22.947,0.0,37.35,1.834
2011-01-21,22.315,0.002,32.99,1.832
2011-01-22,22.251,0.002,32.09,1.239
2011-01-23,23.007,0.0,41.01,1.665
2011-01-24,23.394,0.0,45.97,1.665
2011-01-25,24.015,0.001,45.83,1.911
2011-01-26,24.371,0.0,36.64,1.93
2011-01-27,24.325,0.001,40.3,1.414
2011-01-28,24.697,0.001,37.89,2.215
2011-01-29,24.913,0.001,39.65,1.982
2011-01-30,25.019,0.0,39.09,1.721
2011-01-31,24.547,0.0,42.89,1.571
2011-02-01,24.738,0.0,40.08,1.439
2011-02-02,24.486,0.001,38.02,1.528
2011-02-03,24.028,0.0,38.08,1.489
2011-02-04,23.898,0.002,34.86,0.949
2011-02-05,23.88,0.001,32.08,1.17
2011-02-06,24.305,0.0,37.5,1.553
2011-02-07,24.856,0.002,34.48,1.457
2011-02-08,24.988,0.002,34.08,1.209
2011-02-09,25.469,0.002,31.81,1.741
2011-02-10,25.588,0.002,32.15,1.591
2011-02-11,25.186,0.003,34.29,1.218
2011-02-12,25.102,0.003,34.53,1.129
2011-02-13,25.802,0.0,32.96,1.691
2011-02-14,26.073,0.0,29.01,2.345
2011-02-15,25.718,0.0,24.11,2.683
2011-02-16,24.85,0.001,41.12,1.656
2011-02-17,24.948,0.019,43.1,1.082
2011-02-18,26.0,0.003,45.47,1.057
2011-02-19,26.761,0.289,47.93,1.312
2011-02-20,25.299,0.832,60.44,1.362
2011-02-21,24.258,0.402,58.35,2.034
2011-02-22,24.911,0.001,40.63,1.652
2011-02-23,25.295,0.014,52.3,1.554
2011-02-24,25.582,0.444,54.95,0.702
2011-02-25,25.17,0.391,58.37,0.87
2011-02-26,25.633,0.175,56.0,1.444
2011-02-27,25.742,0.137,54.5,1.494
2011-02-28,25.632,0.684,54.38,1.508
2011-03-01,26.597,0.016,45.49,1.665
2011-03-02,27.181,0.05,47.71,0.711
2011-03-03,28.095,0.001,42.38,1.381
2011-03-04,28.761,0.001,35.28,1.432
2011-03-05,29.113,0.006,35.26,1.031
2011-03-06,29.564,0.0,31.59,0.889
2011-03-07,29.91,0.0,31.33,0.805
2011-03-08,30.253,0.002,29.85,0.697
2011-03-09,29.897,0.002,31.08,0.737
2011-03-10,29.762,0.0,32.06,0.86
2011-03-11,29.112,0.0,31.55,0.441
2011-03-12,28.436,0.001,33.58,0.956
2011-03-13,28.488,0.001,33.28,0.697
2011-03-14,28.357,0.0,31.44,0.151
2011-03-15,28.331,0.002,29.73,0.534
2011-03-16,27.97,0.0,24.65,1.294
2011-03-17,28.739,0.0,27.21,1.588
2011-03-18,29.397,0.0,27.62,1.041
2011-03-19,30.215,0.0,26.0,1.472
2011-03-20,30.02,0.001,26.94,1.188
2011-03-21,29.851,0.0,25.72,0.566
2011-03-22,30.365,0.0,29.73,0.261
2011-03-23,31.01,0.001,33.89,1.618
2011-03-24,30.255,0.118,34.98,1.121
2011-03-25,29.177,0.437,42.47,1.632
2011-03-26,28.627,0.049,39.94,1.042
2011-03-27,29.273,0.001,31.48,0.233
2011-03-28,29.711,0.001,24.6,0.548
2011-03-29,29.997,0.0,26.02,0.89
2011-03-30,30.323,0.001,21.01,1.532
2011-03-31,30.539,0.001,19.05,2.243
2011-04-01,29.894,0.0,19.9,1.527
2011-04-02,29.959,0.002,23.5,0.291
2011-04-03,30.402,-0.0,26.99,0.991
2011-04-04,30.316,0.003,22.4,1.352
2011-04-05,30.608,0.002,25.23,0.272
2011-04-06,29.136,0.482,52.94,2.515
2011-04-07,30.242,0.013,41.75,1.801
2011-04-08,29.958,0.294,41.16,0.521
2011-04-09,29.305,1.011,45.49,1.678
2011-04-10,30.21,0.143,42.3,1.714
2011-04-11,30.855,0.055,38.19,1.041
2011-04-12,31.344,0.377,37.37,1.201
2011-04-13,30.99,1.788,41.82,1.096
2011-04-14,30.859,0.076,39.97,1.887
2011-04-15,31.285,0.178,40.47,1.232
2011-04-16,31.434,0.26,41.27,1.53
2011-04-17,30.99,1.475,45.42,1.059
2011-04-18,32.11,0.148,35.58,0.638
2011-04-19,32.153,0.459,37.66,1.787
2011-04-20,31.545,0.467,41.99,2.482
2011-04-21,30.234,2.308,52.51,1.975
2011-04-22,28.513,3.483,60.03,1.575
2011-04-23,29.02,0.15,53.38,1.182
2011-04-24,29.761,0.199,48.1,0.98
2011-04-25,30.095,0.905,50.1,1.223
2011-04-26,31.029,0.007,41.99,1.477
2011-04-27,31.392,0.001,36.45,1.609
2011-04-28,32.694,0.001,28.33,0.273
2011-04-29,32.306,0.001,35.73,1.328
2011-04-30,32.17,0.096,42.25,1.67
2011-05-01,32.226,0.697,43.41,0.859
2011-05-02,33.183,0.059,34.83,1.555
2011-05-03,33.775,0.001,26.51,2.227
2011-05-04,33.347,0.001,22.36,3.21
2011-05-05,32.995,0.0,24.76,2.794
2011-05-06,33.603,0.003,26.96,2.385
2011-05-07,33.296,0.0,23.41,2.691
2011-05-08,33.353,0.002,23.99,1.887
2011-05-09,34.001,0.039,27.56,2.063
2011-05-10,33.409,0.098,29.57,1.823
2011-05-11,33.231,0.009,26.27,1.802
2011-05-12,33.342,0.001,22.61,0.911
2011-05-13,33.748,0.0,22.7,0.558
2011-05-14,34.164,0.004,24.57,0.702
2011-05-15,34.646,0.002,23.78,0.984
2011-05-16,34.49,0.249,27.85,0.457
2011-05-17,34.23,0.3,34.59,0.921
2011-05-18,33.99,0.644,34.72,1.337
2011-05-19,34.952,0.263,30.79,1.568
2011-05-20,34.794,0.002,26.65,2.291
2011-05-21,33.752,0.0,29.39,3.237
2011-05-22,32.981,0.0,33.58,2.542
2011-05-23,33.631,0.035,36.21,2.17
2011-05-24,34.183,0.068,33.33,1.603
2011-05-25,33.808,1.092,35.69,1.216
2011-05-26,32.797,0.215,41.21,1.572
2011-05-27,33.208,0.349,40.28,1.438
2011-05-28,33.505,0.192,39.75,2.101
2011-05-29,34.524,0.24,34.88,2.296
2011-05-30,34.906,0.054,32.48,2.732
2011-05-31,34.138,0.049,35.46,2.659
2011-06-01,32.877,0.892,41.58,2.029
2011-06-02,31.347,4.181,52.33,1.165
2011-06-03,29.09,8.39,67.89,1.058
2011-06-04,28.781,1.314,65.21,2.929
2011-06-05,29.504,0.27,60.38,2.922
2011-06-06,29.858,3.205,60.64,2.52
2011-06-07,29.275,4.905,63.6,2.707
2011-06-08,28.851,1.974,64.05,3.355
2011-06-09,28.021,3.544,67.61,3.793
2011-06-10,27.202,2.522,71.75,3.791
2011-06-11,28.572,0.677,64.33,4.168
2011-06-12,29.656,0.11,56.06,4.067
2011-06-13,29.517,0.185,57.78,4.241
2011-06-14,29.88,0.107,54.86,4.431
2011-06-15,27.623,5.859,65.28,4.562
2011-06-16,28.368,0.574,60.65,5.162
2011-06-17,28.691,0.877,61.2,4.743
2011-06-18,30.013,0.071,49.5,5.133
2011-06-19,30.027,0.37,51.1,4.983
2011-06-20,28.941,0.795,56.16,4.749
2011-06-21,29.518,0.193,53.78,4.933
2011-06-22,30.228,0.057,50.76,4.582
2011-06-23,30.861,0.017,47.92,4.209
2011-06-24,30.383,0.255,50.09,4.012
2011-06-25,27.095,1.936,67.41,3.304
2011-06-26,27.446,4.286,64.91,3.815
2011-06-27,28.217,4.249,61.58,3.872
2011-06-28,29.24,0.234,56.77,4.716
2011-06-29,29.857,0.262,53.63,4.319
2011-06-30,30.756,0.003,46.12,3.285
2011-07-01,31.011,0.797,48.29,2.684
2011-07-02,28.163,5.199,65.92,2.515
2011-07-03,28.112,2.821,64.09,2.632
2011-07-04,27.794,3.811,67.39,1.553
2011-07-05,25.282,20.522,83.82,2.029
2011-07-06,23.462,45.268,94.62,2.722
2011-07-07,24.549,11.727,85.48,2.532
2011-07-08,26.444,1.218,73.39,3.409
2011-07-09,27.135,0.59,68.1,3.859
2011-07-10,27.69,0.612,64.7,3.859
2011-07-11,26.977,0.633,66.37,3.885
2011-07-12,25.571,23.729,78.93,3.205
2011-07-13,23.147,78.171,92.27,3.497
2011-07-14,24.759,1.759,80.81,4.091
2011-07-15,26.171,1.341,76.28,3.301
2011-07-16,26.51,0.938,75.42,3.308
2011-07-17,26.301,6.071,78.43,3.636
2011-07-18,26.44,1.923,75.8,4.386
2011-07-19,26.61,3.943,74.27,4.458
2011-07-20,25.33,7.491,79.96,4.182
2011-07-21,25.834,1.116,73.45,4.079
2011-07-22,25.156,1.746,76.86,3.686
2011-07-23,25.626,2.701,77.26,3.283
2011-07-24,26.228,1.362,73.76,2.099
2011-07-25,25.618,5.148,83.22,0.872
2011-07-26,26.587,4.393,78.1,0.959
2011-07-27,26.355,6.115,80.34,1.934
2011-07-28,25.656,13.112,82.58,2.401
2011-07-29,25.848,11.01,82.61,2.213
2011-07-30,25.981,9.743,82.26,2.521
2011-07-31,25.64,8.897,79.72,3.519
2011-08-01,25.527,5.529,78.87,3.687
2011-08-02,26.052,1.563,75.95,3.241
2011-08-03,25.035,14.996,84.31,3.108
2011-08-04,25.037,7.103,83.63,3.205
2011-08-05,25.928,2.243,77.78,3.293
2011-08-06,25.525,1.653,76.53,3.684
2011-08-07,26.237,1.176,73.83,3.824
2011-08-08,26.571,0.908,72.11,3.834
2011-08-09,26.48,0.343,71.88,3.867
2011-08-10,26.745,0.41,69.4,3.725
2011-08-11,26.828,0.466,69.07,3.674
2011-08-12,25.464,4.406,78.98,3.233
2011-08-13,25.36,1.196,79.52,2.998
2011-08-14,25.701,1.115,77.39,3.053
2011-08-15,26.676,0.736,72.46,2.592
2011-08-16,26.576,1.552,74.79,2.069
2011-08-17,26.697,2.891,75.04,2.025
2011-08-18,25.743,8.399,82.48,1.376
2011-08-19,24.517,23.13,89.3,1.294
2011-08-20,24.773,8.484,89.06,0.985
2011-08-21,24.914,10.518,86.39,0.705
2011-08-22,25.072,10.457,86.18,0.835
2011-08-23,25.804,12.909,84.35,1.144
2011-08-24,24.828,18.297,89.19,1.884
2011-08-25,23.83,14.383,88.7,3.132
2011-08-26,22.993,16.851,89.55,3.727
2011-08-27,22.726,27.973,92.07,4.016
2011-08-28,23.925,14.645,85.76,3.996
2011-08-29,24.631,11.386,84.97,3.144
2011-08-30,24.762,13.332,85.27,3.052
2011-08-31,23.962,14.228,91.49,2.416
2011-09-01,24.338,24.857,89.56,2.958
2011-09-02,24.732,16.008,85.45,3.883
2011-09-03,25.568,7.045,79.19,3.884
2011-09-04,26.055,1.033,76.28,3.634
2011-09-05,26.207,0.544,74.01,3.289
2011-09-06,25.69,3.658,75.77,3.916
2011-09-07,24.354,8.198,86.64,3.294
2011-09-08,25.53,0.688,76.39,2.671
2011-09-09,26.011,0.266,73.08,2.799
2011-09-10,25.792,1.211,73.69,2.606
2011-09-11,26.077,0.589,75.23,2.12
2011-09-12,26.423,0.459,73.98,1.903
2011-09-13,25.997,6.111,81.11,1.472
2011-09-14,25.462,7.556,85.37,1.635
2011-09-15,25.952,8.109,82.99,1.207
2011-09-16,25.077,4.35,85.2,2.299
2011-09-17,25.869,0.774,74.17,2.731
2011-09-18,26.198,0.352,74.17,2.564
2011-09-19,25.931,0.067,69.83,2.568
2011-09-20,25.795,0.422,71.14,2.786
2011-09-21,25.374,0.813,76.67,2.75
2011-09-22,25.107,0.952,76.27,2.571
2011-09-23,25.084,0.999,76.6,2.505
2011-09-24,25.422,0.926,76.21,2.339
2011-09-25,25.306,0.185,75.71,1.958
2011-09-26,25.699,0.338,75.79,2.037
2011-09-27,25.735,0.608,76.18,1.97
2011-09-28,25.947,1.065,75.8,1.537
2011-09-29,26.182,0.288,71.82,1.412
2011-09-30,26.347,0.013,65.6,1.436
2011-10-01,26.618,0.127,67.52,1.194
2011-10-02,26.673,0.242,67.38,1.421
2011-10-03,26.232,1.909,73.06,1.037
2011-10-04,24.728,0.789,79.48,1.472
2011-10-05,25.696,0.053,65.51,0.621
2011-10-06,25.977,0.22,66.99,0.98
2011-10-07,26.476,0.611,70.59,1.07
2011-10-08,26.606,0.49,72.72,1.143
2011-10-09,27.073,0.428,70.67,1.394
2011-10-10,26.245,3.258,76.28,1.088
2011-10-11,25.615,7.498,82.74,0.618
2011-10-12,25.237,5.435,84.78,0.066
2011-10-13,26.221,1.08,79.83,0.592
2011-10-14,26.769,2.254,78.9,0.36
2011-10-15,27.067,0.445,72.93,0.309
2011-10-16,27.161,0.013,64.87,0.411
2011-10-17,27.152,0.042,62.56,1.071
2011-10-18,26.652,0.341,67.07,0.844
2011-10-19,26.589,0.001,61.52,0.549
2011-10-20,26.689,0.028,58.59,0.014
2011-10-21,26.18,0.001,56.62,0.843
2011-10-22,26.376,0.001,49.3,1.311
2011-10-23,25.988,0.001,51.53,1.88
2011-10-24,25.546,0.001,49.86,2.072
2011-10-25,25.318,0.0,50.23,1.849
2011-10-26,25.635,0.001,55.68,1.753
2011-10-27,25.736,0.012,61.39,1.454
2011-10-28,26.112,0.02,59.3,1.516
2011-10-29,26.03,0.044,60.98,1.224
2011-10-30,25.404,0.001,52.83,1.513
2011-10-31,25.327,0.005,54.37,1.347
2011-11-01,24.983,0.072,57.34,1.288
2011-11-02,24.727,0.001,58.2,1.484
2011-11-03,24.629,0.448,67.01,1.592
2011-11-04,25.58,0.005,59.37,1.272
2011-11-05,25.47,0.001,58.19,1.224
2011-11-06,25.297,0.0,48.08,1.25
2011-11-07,25.099,0.0,45.39,1.0
2011-11-08,25.345,0.002,46.39,0.957
2011-11-09,25.088,0.001,46.78,1.187
2011-11-10,24.352,0.0,44.51,0.935
2011-11-11,24.734,0.001,51.55,0.819
2011-11-12,25.248,0.0,53.58,0.934
2011-11-13,25.683,0.0,48.37,1.284
2011-11-14,25.834,0.001,51.38,1.407
2011-11-15,24.889,0.001,53.33,1.524
2011-11-16,23.792,0.003,41.77,1.816
2011-11-17,23.73,0.0,39.89,1.749
2011-11-18,23.658,0.002,40.4,1.182
2011-11-19,23.993,0.001,43.75,1.074
2011-11-20,24.354,0.002,46.11,1.398
2011-11-21,24.018,0.0,46.74,1.646
2011-11-22,23.629,0.003,51.08,1.765
2011-11-23,23.363,0.001,53.12,1.772
2011-11-24,23.493,0.001,53.62,1.526
2011-11-25,23.949,0.0,53.31,1.907
2011-11-26,25.332,0.021,55.41,2.167
2011-11-27,25.359,0.001,58.25,2.329
2011-11-28,25.417,0.0,57.43,1.995
2011-11-29,25.715,0.002,57.5,1.229
2011-11-30,25.269,0.0,56.38,1.365
2011-12-01,24.558,0.001,52.71,1.095
2011-12-02,23.979,0.0,46.41,1.196
2011-12-03,23.606,0.001,47.98,1.143
2011-12-04,24.009,0.0,49.44,1.262
2011-12-05,24.597,0.0,49.26,1.18
2011-12-06,24.567,0.0,48.82,1.48
2011-12-07,23.762,0.0,47.77,1.826
2011-12-08,23.161,0.002,45.74,1.848
2011-12-09,23.879,0.001,48.84,1.103
2011-12-10,24.366,0.0,48.51,0.724
2011-12-11,24.306,0.0,45.21,1.124
2011-12-12,23.635,0.002,50.8,1.408
2011-12-13,22.959,0.002,48.21,1.73
2011-12-14,22.346,0.001,44.39,1.333
2011-12-15,22.216,0.001,47.83,1.244
2011-12-16,22.152,0.0,46.24,1.381
2011-12-17,22.102,0.001,47.15,1.314
2011-12-18,22.056,0.0,42.44,1.428
2011-12-19,21.795,0.0,46.28,1.143
2011-12-20,21.571,0.001,40.34,1.784
2011-12-21,21.4,0.001,40.59,1.591
2011-12-22,21.433,0.0,38.63,1.416
2011-12-23,21.527,0.0,38.3,1.26
2011-12-24,21.848,0.001,34.25,1.464
2011-12-25,21.666,0.0,38.14,1.555
2011-12-26,21.783,0.001,39.37,1.462
2011-12-27,21.652,0.0,38.78,1.57
2011-12-28,21.358,0.002,37.17,2.303
2011-12-29,22.489,0.0,50.21,2.051
2011-12-30,24.474,0.001,56.49,1.843
2011-12-31,23.983,1.147,72.34,2.488
2012-01-01,24.106,1.075,75.22,2.788
2012-01-02,24.453,0.797,69.6,1.418
2012-01-03,24.776,0.087,64.43,1.107
2012-01-04,25.647,0.016,57.92,1.466
2012-01-05,26.096,0.003,52.29,0.795
2012-01-06,26.475,0.001,47.97,1.823
2012-01-07,25.668,0.001,45.17,0.61
2012-01-08,25.192,0.001,41.6,1.073
2012-01-09,23.195,0.138,51.19,1.668
2012-01-10,21.609,0.505,53.43,2.192
2012-01-11,21.005,0.001,42.79,2.221
2012-01-12,20.301,0.001,33.85,2.077
2012-01-13,19.868,0.0,31.16,2.278
2012-01-14,19.085,0.0,24.37,1.879
2012-01-15,19.591,0.001,23.97,1.334
2012-01-16,21.064,0.001,29.88,1.297
2012-01-17,22.421,0.0,30.87,1.048
2012-01-18,21.95,0.0,37.86,1.063
2012-01-19,21.902,0.001,34.9,0.949
2012-01-20,21.281,0.0,37.18,1.609
2012-01-21,21.42,0.002,39.45,1.978
2012-01-22,23.185,0.0,41.03,2.044
2012-01-23,24.332,0.001,47.25,1.524
2012-01-24,25.216,0.0,44.89,1.932
2012-01-25,25.741,0.002,42.83,2.492
2012-01-26,25.046,0.001,40.47,1.076
2012-01-27,24.994,0.002,40.35,1.3
2012-01-28,25.132,0.001,39.23,2.067
2012-01-29,24.519,0.009,44.31,1.352
2012-01-30,23.793,0.002,47.52,2.356
2012-01-31,23.773,0.022,50.19,1.764
2012-02-01,23.545,0.032,52.71,1.973
2012-02-02,23.677,0.001,40.98,2.042
2012-02-03,23.385,0.0,35.84,1.826
2012-02-04,24.135,0.001,38.6,1.593
2012-02-05,25.325,0.001,40.65,1.78
2012-02-06,25.546,0.001,34.65,2.126
2012-02-07,26.494,0.0,33.58,2.393
2012-02-08,25.552,0.002,30.22,1.627
2012-02-09,23.133,0.003,25.0,1.894
2012-02-10,23.495,0.002,33.56,1.894
2012-02-11,24.868,0.001,38.97,2.043
2012-02-12,26.218,0.004,48.26,2.518
2012-02-13,26.809,0.002,44.9,2.367
2012-02-14,27.225,0.001,41.58,1.754
2012-02-15,27.961,0.001,32.48,1.783
2012-02-16,26.886,0.0,27.98,1.38
2012-02-17,27.037,0.001,36.4,1.783
2012-02-18,27.152,0.001,31.11,1.986
2012-02-19,27.384,0.001,29.8,0.725
2012-02-20,27.501,0.0,32.97,0.96
2012-02-21,27.68,0.001,24.76,1.204
2012-02-22,28.022,0.001,25.1,1.32
2012-02-23,28.418,0.002,27.39,0.965
2012-02-24,28.931,0.001,23.76,1.528
2012-02-25,28.53,0.0,23.67,1.575
2012-02-26,28.288,0.002,24.56,0.7
2012-02-27,28.956,0.002,23.16,1.331
2012-02-28,28.886,0.0,22.05,2.167
2012-02-29,27.179,0.001,18.52,1.648
2012-03-01,26.864,0.0,19.54,1.377
2012-03-02,26.56,0.0,20.26,1.597
2012-03-03,26.361,0.001,25.64,1.697
2012-03-04,27.589,0.0,22.02,1.47
2012-03-05,28.087,0.001,20.61,0.708
2012-03-06,28.639,0.003,22.62,1.43
2012-03-07,27.487,0.003,20.16,1.643
2012-03-08,26.609,0.002,21.0,2.17
2012-03-09,25.662,0.0,20.92,1.847
2012-03-10,26.429,0.001,17.72,1.523
2012-03-11,28.651,0.002,29.83,3.191
2012-03-12,29.022,0.0,27.25,1.881
2012-03-13,28.892,0.053,25.06,1.781
2012-03-14,28.056,0.022,22.01,1.956
2012-03-15,28.719,0.002,20.32,1.01
2012-03-16,29.558,0.0,25.55,0.52
2012-03-17,30.534,0.003,25.15,0.635
2012-03-18,30.623,0.0,23.56,0.795
2012-03-19,30.768,0.0,17.78,1.045
2012-03-20,30.834,0.0,18.74,0.476
2012-03-21,31.323,0.0,19.12,0.266
2012-03-22,30.961,0.002,20.52,0.825
2012-03-23,30.323,0.001,14.38,1.542
2012-03-24,30.351,0.002,13.2,1.323
2012-03-25,30.143,0.003,16.84,0.771
2012-03-26,30.378,0.0,21.36,1.171
2012-03-27,30.799,0.001,22.9,1.171
2012-03-28,31.225,0.001,23.73,1.192
2012-03-29,32.012,0.016,22.44,1.135
2012-03-30,32.237,0.031,21.79,0.68
2012-03-31,31.337,0.149,28.35,1.768
2012-04-01,31.18,0.073,29.42,2.191
2012-04-02,31.783,0.018,25.34,1.614
2012-04-03,32.062,0.172,25.64,1.311
2012-04-04,32.61,0.325,24.82,1.527
2012-04-05,32.591,0.002,22.87,1.016
2012-04-06,32.164,0.0,24.3,0.292
2012-04-07,32.177,0.004,30.88,1.573
2012-04-08,32.38,0.008,32.14,1.742
2012-04-09,32.894,0.275,32.51,1.883
2012-04-10,32.405,0.955,34.88,2.261
2012-04-11,30.966,1.511,41.78,2.082
2012-04-12,30.705,1.369,39.6,2.188
2012-04-13,30.937,1.826,37.07,1.093
2012-04-14,31.801,0.144,34.89,1.82
2012-04-15,31.783,0.16,36.34,1.318
2012-04-16,32.443,0.015,34.04,1.646
2012-04-17,33.139,0.0,28.31,1.094
2012-04-18,33.701,0.008,27.41,0.446
2012-04-19,33.964,0.19,27.71,1.09
2012-04-20,34.295,0.056,24.68,2.032
2012-04-21,33.528,0.018,27.43,2.612
2012-04-22,33.515,0.13,31.48,0.178
2012-04-23,31.932,1.212,40.66,1.318
2012-04-24,32.708,0.062,37.98,1.547
2012-04-25,32.759,0.323,36.65,0.875
2012-04-26,31.499,0.132,43.76,1.813
2012-04-27,32.506,0.148,40.56,1.641
2012-04-28,33.284,0.027,34.7,1.295
2012-04-29,33.771,0.0,31.08,0.55
2012-04-30,33.493,0.0,34.82,1.144
2012-05-01,34.278,0.002,24.16,0.408
2012-05-02,34.107,0.001,17.22,1.914
2012-05-03,34.006,0.0,18.59,1.73
2012-05-04,34.262,0.0,18.24,2.07
2012-05-05,33.649,0.0,24.83,1.006
2012-05-06,33.432,0.111,27.91,1.453
2012-05-07,33.102,0.14,28.85,1.704
2012-05-08,32.539,0.778,34.69,1.184
2012-05-09,33.899,0.084,28.49,0.997
2012-05-10,33.172,0.829,32.58,1.428
2012-05-11,32.839,0.659,37.74,0.857
2012-05-12,33.013,0.688,35.12,1.473
2012-05-13,32.733,0.469,37.55,1.468
2012-05-14,33.233,0.001,32.03,1.539
2012-05-15,33.865,0.003,26.67,1.462
2012-05-16,34.392,0.001,20.09,2.066
2012-05-17,35.017,0.001,17.23,2.9
2012-05-18,35.524,0.0,19.49,3.041
2012-05-19,36.277,0.03,17.78,2.881
2012-05-20,35.568,0.001,18.82,1.846
2012-05-21,35.653,0.0,17.24,1.703
2012-05-22,35.427,0.001,20.11,2.313
2012-05-23,35.449,0.003,22.15,2.5
2012-05-24,35.94,0.0,23.96,3.12
2012-05-25,35.841,0.001,25.21,3.313
2012-05-26,36.301,0.044,22.87,3.483
2012-05-27,35.973,0.002,22.43,3.699
2012-05-28,35.99,0.001,23.66,3.298
2012-05-29,35.963,0.002,23.25,2.977
2012-05-30,36.099,0.001,22.05,3.479
2012-05-31,35.522,0.002,23.83,3.077
2012-06-01,34.706,0.001,25.4,3.474
2012-06-02,34.92,0.0,20.57,3.782
2012-06-03,34.039,0.002,25.27,3.61
2012-06-04,34.915,0.009,27.97,2.657
2012-06-05,33.448,0.276,38.52,2.756
2012-06-06,30.433,4.607,57.22,3.062
2012-06-07,31.39,0.109,48.27,2.98
2012-06-08,32.785,0.066,41.52,3.45
2012-06-09,31.517,1.902,48.46,3.369
2012-06-10,31.522,0.412,45.0,3.397
2012-06-11,31.95,0.236,43.34,3.007
2012-06-12,32.38,0.332,43.39,1.748
2012-06-13,31.114,2.679,52.79,1.478
2012-06-14,30.626,7.918,58.59,1.687
2012-06-15,29.221,9.216,68.43,2.649
2012-06-16,29.142,1.882,60.08,3.524
2012-06-17,26.179,15.328,81.21,3.092
2012-06-18,24.535,19.995,87.82,3.597
2012-06-19,27.073,1.178,68.17,4.382
2012-06-20,28.283,0.032,57.18,4.518
2012-06-21,27.725,0.3,60.35,2.928
2012-06-22,27.912,0.793,60.78,3.294
2012-06-23,29.278,0.0,54.05,3.184
2012-06-24,29.569,0.097,56.23,3.718
2012-06-25,28.721,4.016,62.99,3.627
2012-06-26,28.951,0.918,60.01,3.671
2012-06-27,28.162,1.8,63.67,3.737
2012-06-28,27.583,2.083,67.34,3.133
2012-06-29,28.101,4.442,67.92,3.035
2012-06-30,28.133,4.059,67.6,3.014
2012-07-01,26.215,17.619,81.67,2.076
2012-07-02,27.239,1.484,72.49,2.833
2012-07-03,26.78,1.283,68.54,3.815
2012-07-04,28.254,0.08,60.27,4.191
2012-07-05,28.07,2.013,64.46,3.809
2012-07-06,25.561,14.921,81.33,3.032
2012-07-07,25.48,12.568,82.21,2.91
2012-07-08,26.861,0.397,70.83,2.897
2012-07-09,26.712,1.892,74.08,2.654
2012-07-10,27.709,0.71,68.59,2.539
2012-07-11,28.392,0.149,64.18,2.638
2012-07-12,27.855,4.591,69.35,2.442
2012-07-13,27.87,5.39,71.05,2.373
2012-07-14,26.642,4.56,75.31,2.366
2012-07-15,25.419,8.68,81.69,2.401
2012-07-16,25.332,6.484,80.45,1.993
2012-07-17,26.719,15.083,78.12,1.892
2012-07-18,24.722,13.765,87.73,3.494
2012-07-19,24.05,21.479,88.17,3.823
2012-07-20,24.832,10.008,83.99,3.111
2012-07-21,25.3,6.315,82.45,3.256
2012-07-22,25.131,6.395,78.89,3.727
2012-07-23,27.071,0.615,68.79,4.0
2012-07-24,26.61,7.359,71.33,3.744
2012-07-25,25.091,4.721,82.4,3.172
2012-07-26,25.165,2.588,80.27,4.174
2012-07-27,25.256,2.289,78.24,3.28
2012-07-28,26.088,1.192,71.88,4.019
2012-07-29,25.829,3.026,75.01,3.655
2012-07-30,25.598,1.935,72.16,4.088
2012-07-31,23.512,14.317,87.72,3.639
2012-08-01,26.034,1.09,70.76,3.704
2012-08-02,25.126,7.307,77.63,3.949
2012-08-03,24.58,12.119,82.44,3.734
2012-08-04,24.797,3.052,80.9,3.96
2012-08-05,26.087,2.737,73.52,4.25
2012-08-06,25.967,1.849,75.38,4.119
2012-08-07,26.213,3.612,76.22,3.18
2012-08-08,27.187,0.529,68.07,3.656
2012-08-09,26.419,3.496,72.39,3.395
2012-08-10,25.669,9.379,77.32,3.644
2012-08-11,25.473,3.881,76.57,3.521
2012-08-12,25.675,5.204,78.26,3.372
2012-08-13,26.739,0.755,69.34,3.061
2012-08-14,26.926,0.133,66.39,2.901
2012-08-15,26.699,0.14,68.64,2.344
2012-08-16,26.948,0.056,66.2,2.278
2012-08-17,26.859,0.169,65.46,2.785
2012-08-18,25.018,16.22,78.04,3.027
2012-08-19,23.225,31.542,90.61,3.913
2012-08-20,26.515,1.468,72.8,3.107
2012-08-21,26.406,0.187,71.32,2.451
2012-08-22,26.717,0.214,69.45,1.368
2012-08-23,27.241,5.607,73.49,0.911
2012-08-24,26.524,2.346,81.17,1.043
2012-08-25,27.113,1.588,75.65,1.429
2012-08-26,25.693,12.126,78.95,2.378
2012-08-27,24.449,10.819,86.84,2.723
2012-08-28,25.266,5.329,82.85,2.578
2012-08-29,25.817,11.377,84.26,1.553
2012-08-30,25.31,9.863,85.07,2.024
2012-08-31,25.348,5.823,84.59,2.24
2012-09-01,25.801,9.232,81.53,2.483
2012-09-02,26.001,11.137,82.8,2.473
2012-09-03,24.001,24.188,92.31,2.889
2012-09-04,23.482,30.123,92.77,3.818
2012-09-05,24.871,4.384,79.76,4.389
2012-09-06,26.169,0.718,72.65,3.671
2012-09-07,26.391,0.022,71.49,2.895
2012-09-08,26.609,0.997,74.02,2.476
2012-09-09,26.285,1.94,76.22,2.635
2012-09-10,24.714,5.463,84.62,3.352
2012-09-11,24.824,2.296,81.38,3.15
2012-09-12,26.103,0.454,74.04,2.67
2012-09-13,26.579,0.138,70.88,2.652
2012-09-14,26.488,0.249,68.6,3.198
2012-09-15,26.053,0.632,70.33,3.376
2012-09-16,25.743,0.177,71.28,2.513
2012-09-17,26.019,0.489,71.75,1.723
2012-09-18,25.702,2.261,76.96,1.329
2012-09-19,25.993,7.951,78.79,1.138
2012-09-20,25.389,7.343,84.63,0.814
2012-09-21,25.763,5.944,84.66,0.978
2012-09-22,25.927,15.966,83.29,1.541
2012-09-23,25.217,8.711,86.23,1.694
2012-09-24,25.688,1.499,80.37,2.119
2012-09-25,25.579,0.595,79.72,1.994
2012-09-26,25.512,0.673,80.37,1.584
2012-09-27,25.838,0.627,78.0,1.357
2012-09-28,26.044,0.352,72.37,1.742
2012-09-29,26.479,8.211,70.11,1.619
2012-09-30,25.362,22.502,86.78,1.202
2012-10-01,25.188,19.821,86.91,0.826
2012-10-02,23.729,26.59,91.7,0.591
2012-10-03,23.314,34.735,92.53,2.832
2012-10-04,25.1,6.724,83.22,2.571
2012-10-05,25.018,8.696,84.51,1.586
2012-10-06,25.335,3.232,83.3,0.649
2012-10-07,26.137,0.503,77.5,0.177
2012-10-08,26.09,0.001,64.4,0.923
2012-10-09,25.549,0.0,60.88,1.537
2012-10-10,25.037,0.001,62.98,1.85
2012-10-11,25.162,0.0,59.89,1.158
2012-10-12,25.331,0.0,58.4,0.844
2012-10-13,25.001,0.001,56.0,0.751
2012-10-14,24.963,0.0,56.19,1.046
2012-10-15,25.148,0.002,58.73,1.069
2012-10-16,25.268,0.002,57.55,1.072
2012-10-17,24.925,0.001,59.43,0.909
2012-10-18,25.193,0.001,59.71,1.202
2012-10-19,24.853,0.001,59.35,1.765
2012-10-20,24.807,3.264,69.83,1.523
2012-10-21,22.973,12.642,80.28,1.749
2012-10-22,24.382,1.578,75.59,1.167
2012-10-23,24.927,0.573,78.09,0.851
2012-10-24,24.743,1.788,77.9,0.489
2012-10-25,25.256,0.321,72.7,0.892
2012-10-26,24.951,1.756,75.29,0.982
2012-10-27,25.091,0.452,70.92,0.997
2012-10-28,24.602,0.01,64.17,1.847
2012-10-29,23.201,0.0,52.45,1.956
2012-10-30,22.337,0.0,52.94,2.145
2012-10-31,23.875,0.006,55.58,2.607
2012-11-01,22.439,14.716,84.91,2.76
2012-11-02,21.954,7.009,95.71,1.864
2012-11-03,22.758,2.791,92.07,1.815
2012-11-04,23.572,0.989,82.76,2.217
2012-11-05,23.719,0.024,72.12,1.658
2012-11-06,23.697,0.0,64.23,1.222
2012-11-07,23.834,0.001,68.02,1.031
2012-11-08,24.06,0.001,63.75,1.145
2012-11-09,23.393,0.001,59.15,1.443
2012-11-10,23.247,0.001,56.76,1.644
2012-11-11,23.251,0.0,57.3,1.271
2012-11-12,23.102,0.003,52.33,1.662
2012-11-13,22.307,0.001,52.75,1.515
2012-11-14,22.298,0.0,55.07,1.12
2012-11-15,21.799,0.0,55.24,1.818
2012-11-16,20.151,0.001,53.29,2.094
2012-11-17,20.343,0.0,54.17,1.665
2012-11-18,20.532,0.001,54.03,1.763
2012-11-19,21.301,0.002,60.11,1.811
2012-11-20,21.91,0.0,61.25,1.869
2012-11-21,23.283,0.002,68.07,1.74
2012-11-22,24.155,0.001,60.18,1.456
2012-11-23,24.71,0.099,66.12,1.202
2012-11-24,24.676,0.165,68.39,1.216
2012-11-25,24.843,0.035,66.62,1.007
2012-11-26,24.332,0.136,67.5,1.044
2012-11-27,23.894,0.003,61.7,1.185
2012-11-28,23.669,0.003,61.02,1.043
2012-11-29,24.006,0.001,59.79,0.624
2012-11-30,23.712,0.0,58.03,0.732
2012-12-01,23.517,0.001,55.33,1.47
2012-12-02,23.17,0.002,59.06,1.45
2012-12-03,22.952,0.002,54.76,1.886
2012-12-04,23.388,0.063,50.58,1.737
2012-12-05,23.029,3.371,66.32,1.409
2012-12-06,24.027,0.001,65.29,1.106
2012-12-07,24.477,0.001,63.79,0.868
2012-12-08,24.808,0.001,62.01,0.89
2012-12-09,25.562,0.001,58.17,1.263
2012-12-10,25.862,0.003,46.25,2.315
2012-12-11,25.283,0.001,45.58,1.936
2012-12-12,24.073,0.0,54.92,0.229
2012-12-13,24.536,0.002,52.23,1.878
2012-12-14,24.609,0.001,52.97,1.95
2012-12-15,24.035,0.001,52.77,1.591
2012-12-16,23.625,0.001,53.78,1.686
2012-12-17,23.129,0.0,56.71,2.315
2012-12-18,22.005,0.0,51.82,2.345
2012-12-19,21.493,0.001,47.82,1.751
2012-12-20,21.161,0.002,46.8,1.538
2012-12-21,21.73,0.001,55.07,1.533
2012-12-22,21.901,0.0,51.88,1.571
2012-12-23,21.078,0.0,46.17,1.657
2012-12-24,20.986,0.0,58.62,1.022
2012-12-25,20.706,0.001,47.64,1.75
2012-12-26,19.839,0.001,40.13,1.816
2012-12-27,19.739,0.001,40.63,1.257
2012-12-28,20.357,0.0,43.66,1.087
2012-12-29,21.907,0.0,55.28,1.858
2012-12-30,23.287,0.006,65.48,1.842
