date,temp_c,precip_mm,humidity_pct,wind_speed_ms
2000-01-01,15.564,0.0,70.99,1.681
2000-01-02,15.761,0.002,72.73,2.065
2000-01-03,15.49,0.0,71.65,2.524
2000-01-04,14.979,0.002,72.23,2.219
2000-01-05,14.861,0.003,70.34,2.478
2000-01-06,14.198,0.0,67.62,2.676
2000-01-07,14.168,0.001,70.95,2.242
2000-01-08,14.298,0.001,71.09,1.921
2000-01-09,14.87,0.004,71.39,0.818
2000-01-10,16.258,0.003,69.98,0.404
2000-01-11,17.256,0.0,69.41,0.276
2000-01-12,18.555,0.79,70.28,1.239
2000-01-13,17.799,1.477,77.99,1.568
2000-01-14,16.729,0.005,77.01,2.536
2000-01-15,16.644,0.0,60.72,2.758
2000-01-16,15.089,0.001,48.33,3.781
2000-01-17,13.395,0.001,55.22,3.598
2000-01-18,13.658,0.001,68.34,1.931
2000-01-19,14.748,0.001,67.04,2.411
2000-01-20,14.869,0.0,64.5,2.124
2000-01-21,15.856,0.002,63.04,1.583
2000-01-22,16.216,0.001,64.22,1.894
2000-01-23,16.719,0.005,67.57,1.177
2000-01-24,16.583,0.001,66.62,1.188
2000-01-25,16.46,0.001,63.74,0.692
2000-01-26,17.541,0.001,62.31,0.185
2000-01-27,17.238,0.021,69.98,1.659
2000-01-28,17.336,0.002,61.33,3.843
2000-01-29,15.393,0.0,64.26,3.06
2000-01-30,15.697,0.001,64.4,0.573
2000-01-31,16.929,0.001,58.9,3.022
2000-02-01,18.218,6.144,60.26,5.246
2000-02-02,17.112,0.681,72.93,2.982
2000-02-03,16.696,0.002,72.1,0.627
2000-02-04,17.237,0.484,68.83,1.456
2000-02-05,16.616,8.808,79.41,3.344
2000-02-06,16.493,0.893,80.38,0.849
2000-02-07,16.028,0.172,73.36,2.303
2000-02-08,15.345,0.002,65.68,2.263
2000-02-09,15.002,0.001,68.2,2.599
2000-02-10,15.703,0.002,69.93,0.656
2000-02-11,16.775,2.743,72.54,3.54
2000-02-12,16.773,0.762,78.79,0.636
2000-02-13,15.883,0.001,61.91,2.841
2000-02-14,14.597,0.0,58.03,3.33
2000-02-15,15.624,0.002,65.53,2.403
2000-02-16,16.44,0.002,69.44,1.662
2000-02-17,16.746,0.001,52.25,2.608
2000-02-18,16.799,0.002,44.62,2.426
2000-02-19,16.675,0.002,43.18,3.095
2000-02-20,16.431,0.0,47.94,0.512
2000-02-21,17.942,0.0,49.46,1.045
2000-02-22,18.703,0.003,42.85,2.657
2000-02-23,17.974,0.001,36.02,3.679
2000-02-24,17.789,0.0,38.35,3.782
2000-02-25,16.69,0.001,38.41,3.601
2000-02-26,16.752,0.0,39.73,2.847
2000-02-27,17.24,0.001,43.46,2.267
2000-02-28,18.762,0.002,45.62,0.646
2000-02-29,19.622,0.001,46.14,2.146
2000-03-01,20.968,0.029,48.1,1.921
2000-03-02,21.186,0.048,51.76,1.674
2000-03-03,22.04,0.001,46.43,1.958
2000-03-04,23.121,0.002,47.32,2.321
2000-03-05,23.725,0.002,47.32,0.527
2000-03-06,22.648,0.001,43.04,2.23
2000-03-07,23.612,0.02,42.69,1.245
2000-03-08,23.394,0.0,25.76,4.904
2000-03-09,21.44,0.0,29.61,4.731
2000-03-10,21.363,0.001,35.23,2.816
2000-03-11,22.886,0.003,39.76,2.088
2000-03-12,23.609,0.803,42.5,3.128
2000-03-13,21.499,2.367,57.54,2.649
2000-03-14,21.9,0.434,50.29,2.034
2000-03-15,22.1,0.002,35.91,3.921
2000-03-16,22.869,0.0,32.77,3.871
2000-03-17,23.939,0.001,36.02,2.172
2000-03-18,24.587,0.0,40.15,1.145
2000-03-19,24.353,0.0,33.93,2.806
2000-03-20,23.191,0.0,24.28,3.16
2000-03-21,23.715,0.002,27.83,0.592
2000-03-22,26.829,3.732,26.34,3.255
2000-03-23,18.773,31.002,85.39,2.929
2000-03-24,21.052,0.056,62.15,2.165
2000-03-25,21.69,0.0,54.7,1.88
2000-03-26,23.462,0.001,52.27,0.761
2000-03-27,24.156,0.003,49.34,1.514
2000-03-28,25.471,0.002,41.93,1.063
2000-03-29,26.925,0.0,42.28,0.413
2000-03-30,27.336,0.0,46.54,1.2
2000-03-31,27.549,0.0,39.9,2.244
2000-04-01,30.438,0.0,23.88,4.411
2000-04-02,29.968,0.0,20.69,5.519
2000-04-03,28.49,0.001,22.87,4.027
2000-04-04,29.332,0.001,21.46,3.88
2000-04-05,30.133,0.0,17.37,4.62
2000-04-06,30.052,0.001,15.2,4.779
2000-04-07,29.471,0.001,16.95,3.793
2000-04-08,32.038,0.0,15.85,5.087
2000-04-09,31.078,0.0,16.15,4.041
2000-04-10,30.138,0.001,20.76,1.695
2000-04-11,30.035,0.001,25.5,1.473
2000-04-12,29.904,0.001,34.87,2.699
2000-04-13,29.982,0.095,38.73,2.355
2000-04-14,30.749,0.719,41.68,2.752
2000-04-15,28.132,2.111,58.77,3.214
2000-04-16,28.763,0.106,50.97,0.822
2000-04-17,30.453,0.009,37.26,0.922
2000-04-18,31.2,0.001,43.28,2.301
2000-04-19,30.736,0.367,50.07,3.061
2000-04-20,30.883,1.017,50.62,3.244
2000-04-21,30.587,0.575,51.12,2.811
2000-04-22,30.845,0.798,51.98,1.2
2000-04-23,30.886,2.06,43.56,1.138
2000-04-24,28.745,1.121,54.09,2.177
2000-04-25,27.848,0.337,58.15,4.034
2000-04-26,29.235,0.262,53.9,4.108
2000-04-27,29.633,0.008,54.85,3.117
2000-04-28,30.489,0.479,53.48,1.589
2000-04-29,31.253,0.247,50.06,1.974
2000-04-30,31.558,0.002,47.28,0.339
2000-05-01,32.275,0.001,39.22,0.706
2000-05-02,30.69,0.217,52.7,4.207
2000-05-03,30.252,0.001,50.6,4.424
2000-05-04,30.594,0.028,50.47,3.815
2000-05-05,31.388,0.127,48.43,3.329
2000-05-06,30.922,4.556,51.48,2.896
2000-05-07,28.878,7.575,60.65,2.662
2000-05-08,30.097,0.414,57.55,1.394
2000-05-09,30.958,0.783,53.93,0.926
2000-05-10,31.263,0.29,53.89,0.603
2000-05-11,33.041,0.026,47.81,0.676
2000-05-12,33.989,0.089,44.02,0.998
2000-05-13,35.366,0.067,39.6,1.429
2000-05-14,34.351,0.21,44.69,2.954
2000-05-15,33.119,3.538,51.21,0.922
2000-05-16,31.36,2.801,60.28,1.997
2000-05-17,32.252,0.173,56.24,2.104
2000-05-18,33.901,0.069,50.57,1.655
2000-05-19,32.806,0.327,56.63,2.985
2000-05-20,29.541,10.247,68.4,3.389
2000-05-21,26.803,11.284,79.28,2.781
2000-05-22,28.489,0.514,70.55,3.815
2000-05-23,28.998,0.946,68.21,2.753
2000-05-24,29.152,3.813,73.09,1.659
2000-05-25,29.228,1.746,74.9,2.138
2000-05-26,31.686,0.029,65.34,1.847
2000-05-27,31.238,0.754,64.85,2.397
2000-05-28,30.937,0.206,63.91,2.712
2000-05-29,29.64,1.217,68.78,3.619
2000-05-30,28.106,2.737,71.99,3.253
2000-05-31,28.544,2.678,71.62,1.879
2000-06-01,29.578,0.892,66.76,0.838
2000-06-02,29.768,3.952,70.7,2.545
2000-06-03,29.929,3.433,72.73,3.061
2000-06-04,32.497,0.255,60.32,3.329
2000-06-05,30.951,4.374,69.54,4.647
2000-06-06,28.351,23.787,78.68,6.813
2000-06-07,26.667,35.571,89.39,6.497
2000-06-08,27.152,24.114,88.5,4.074
2000-06-09,26.725,19.674,92.56,1.911
2000-06-10,28.908,0.87,81.51,0.986
2000-06-11,30.833,0.292,69.82,1.921
2000-06-12,30.596,0.438,71.35,1.702
2000-06-13,31.519,0.121,64.98,2.449
2000-06-14,30.889,20.577,71.81,1.473
2000-06-15,26.855,17.855,89.73,1.239
2000-06-16,26.614,14.589,90.2,0.33
2000-06-17,29.374,3.711,78.63,2.171
2000-06-18,29.878,2.684,76.41,3.348
2000-06-19,28.119,15.489,82.83,4.328
2000-06-20,27.729,10.685,84.26,3.817
2000-06-21,26.679,28.747,92.16,2.275
2000-06-22,26.388,18.161,93.01,1.896
2000-06-23,26.864,52.085,87.88,0.821
2000-06-24,29.849,5.139,75.48,1.992
2000-06-25,28.766,5.328,80.55,1.1
2000-06-26,27.545,18.646,85.2,1.723
2000-06-27,27.486,15.764,87.31,1.684
2000-06-28,27.596,21.359,85.63,2.399
2000-06-29,29.024,2.522,78.32,4.342
2000-06-30,29.736,0.671,74.62,3.672
2000-07-01,29.886,1.353,74.84,3.382
2000-07-02,27.967,25.207,85.89,2.599
2000-07-03,27.085,17.435,89.21,1.541
2000-07-04,28.99,3.212,82.14,0.666
2000-07-05,29.466,17.447,81.15,0.783
2000-07-06,27.123,10.539,89.67,2.755
2000-07-07,26.829,14.838,90.44,2.402
2000-07-08,28.066,19.762,85.64,1.73
2000-07-09,27.025,14.848,90.17,1.721
2000-07-10,26.962,18.57,90.94,2.409
2000-07-11,28.092,3.365,83.82,3.986
2000-07-12,29.891,4.945,75.55,4.717
2000-07-13,28.747,6.744,79.13,6.121
2000-07-14,27.855,11.056,85.82,3.235
2000-07-15,27.178,14.912,89.23,1.734
2000-07-16,27.785,5.125,87.07,1.683
2000-07-17,29.949,2.658,77.98,2.207
2000-07-18,29.017,6.249,80.59,3.021
2000-07-19,28.446,6.614,78.01,5.318
2000-07-20,27.173,22.955,85.69,4.068
2000-07-21,26.235,14.915,90.3,0.829
2000-07-22,27.88,0.206,76.45,2.82
2000-07-23,27.708,0.993,75.38,3.807
2000-07-24,27.885,10.429,82.07,2.015
2000-07-25,26.843,15.307,89.61,1.213
2000-07-26,27.909,10.671,85.43,1.785
2000-07-27,28.166,5.176,81.31,3.296
2000-07-28,28.748,4.366,80.13,2.899
2000-07-29,27.81,13.668,84.71,2.777
2000-07-30,27.595,7.029,87.18,1.538
2000-07-31,26.704,11.363,90.8,0.899
2000-08-01,27.044,11.482,88.93,2.916
2000-08-02,29.336,0.805,72.13,4.687
2000-08-03,29.804,0.058,68.34,4.74
2000-08-04,29.987,0.043,68.48,4.141
2000-08-05,30.124,0.268,70.2,3.724
2000-08-06,30.188,0.303,74.62,1.54
2000-08-07,29.374,16.112,83.11,0.533
2000-08-08,27.294,5.994,89.85,1.101
2000-08-09,27.723,11.159,86.28,3.305
2000-08-10,27.59,11.812,85.18,4.158
2000-08-11,28.342,1.953,80.67,4.297
2000-08-12,28.341,4.361,83.14,3.241
2000-08-13,28.007,11.27,85.66,1.719
2000-08-14,27.198,8.529,87.93,1.627
2000-08-15,27.494,8.036,87.23,0.613
2000-08-16,27.04,10.759,88.48,1.364
2000-08-17,27.691,7.325,86.55,1.051
2000-08-18,27.404,10.258,86.73,3.128
2000-08-19,28.684,1.152,80.54,3.632
2000-08-20,28.123,6.596,84.79,2.585
2000-08-21,28.074,3.685,84.28,2.941
2000-08-22,29.321,0.684,79.04,2.839
2000-08-23,29.705,0.793,78.12,2.451
2000-08-24,29.741,0.422,76.44,2.749
2000-08-25,29.551,0.302,76.9,2.599
2000-08-26,29.825,0.139,76.34,1.352
2000-08-27,30.192,0.926,76.15,1.298
2000-08-28,28.848,4.416,83.3,2.043
2000-08-29,27.516,31.206,89.05,0.475
2000-08-30,26.358,24.932,90.29,0.544
2000-08-31,26.567,8.202,88.98,1.237
2000-09-01,27.296,15.404,87.36,1.49
2000-09-02,26.739,21.461,89.68,2.081
2000-09-03,27.743,6.62,84.81,3.743
2000-09-04,27.665,4.279,83.76,3.9
2000-09-05,27.268,6.895,86.62,3.568
2000-09-06,26.712,18.07,88.67,2.53
2000-09-07,26.118,16.921,92.02,2.599
2000-09-08,26.751,7.143,88.2,1.298
2000-09-09,26.946,3.446,87.04,0.151
2000-09-10,28.079,2.302,81.68,2.51
2000-09-11,28.204,0.623,77.43,3.415
2000-09-12,27.949,0.178,77.48,2.585
2000-09-13,28.056,0.001,77.86,1.855
2000-09-14,28.784,0.58,78.05,1.418
2000-09-15,26.309,15.326,89.75,3.236
2000-09-16,26.838,4.247,87.09,2.47
2000-09-17,26.222,3.169,88.38,2.288
2000-09-18,25.965,1.061,81.09,2.443
2000-09-19,26.453,0.297,78.41,2.345
2000-09-20,26.36,0.371,75.7,2.143
2000-09-21,24.752,2.019,77.75,4.246
2000-09-22,24.079,3.559,88.11,2.144
2000-09-23,25.008,1.092,85.08,1.225
2000-09-24,26.21,1.165,85.1,0.488
2000-09-25,26.62,0.11,77.76,1.578
2000-09-26,27.121,0.216,76.05,2.167
2000-09-27,26.679,0.002,72.91,2.689
2000-09-28,26.605,0.0,72.87,2.266
2000-09-29,26.961,0.628,76.71,0.49
2000-09-30,27.002,0.003,71.94,0.423
2000-10-01,26.913,0.003,71.45,0.63
2000-10-02,26.797,0.06,76.62,0.792
2000-10-03,26.932,0.023,73.94,1.233
2000-10-04,26.96,0.001,72.66,0.295
2000-10-05,27.803,0.035,74.14,0.441
2000-10-06,28.175,0.087,74.84,0.394
2000-10-07,28.106,0.409,77.89,0.827
2000-10-08,27.951,0.089,74.13,1.356
2000-10-09,27.546,0.003,71.09,0.778
2000-10-10,27.374,0.016,71.74,0.324
2000-10-11,26.956,0.001,68.87,1.287
2000-10-12,26.09,0.001,61.55,2.128
2000-10-13,25.058,0.001,56.79,2.592
2000-10-14,24.859,0.0,62.45,1.337
2000-10-15,26.16,0.0,63.98,0.237
2000-10-16,25.497,0.001,62.57,0.207
2000-10-17,25.468,0.0,58.88,1.184
2000-10-18,25.881,0.001,62.65,1.614
2000-10-19,25.925,0.0,62.66,0.77
2000-10-20,26.358,0.0,59.98,0.117
2000-10-21,26.882,0.003,58.5,1.035
2000-10-22,26.072,0.005,65.24,1.453
2000-10-23,26.134,0.003,64.98,0.484
2000-10-24,26.233,0.0,64.86,1.584
2000-10-25,25.815,0.01,66.78,2.11
2000-10-26,25.689,0.001,61.91,1.453
2000-10-27,25.387,0.001,58.24,1.358
2000-10-28,25.463,0.002,62.37,1.062
2000-10-29,24.353,0.002,64.22,1.867
2000-10-30,24.263,0.003,65.51,1.328
2000-10-31,25.093,0.0,60.68,0.243
2000-11-01,24.587,0.008,61.34,1.173
2000-11-02,24.445,0.002,62.0,0.598
2000-11-03,24.656,0.001,59.33,1.689
2000-11-04,24.676,0.001,56.99,2.11
2000-11-05,23.895,0.0,53.56,2.389
2000-11-06,23.959,0.003,56.35,1.796
2000-11-07,24.147,0.0,54.95,1.746
2000-11-08,23.82,0.0,53.32,1.691
2000-11-09,23.749,0.0,51.92,2.488
2000-11-10,23.043,0.001,52.23,2.158
2000-11-11,22.48,0.0,52.52,1.725
2000-11-12,21.545,0.001,53.99,1.516
2000-11-13,21.829,0.003,54.47,1.164
2000-11-14,21.993,0.002,53.83,2.266
2000-11-15,21.68,0.001,54.72,0.928
2000-11-16,21.714,0.0,54.48,1.278
2000-11-17,21.326,0.002,55.88,1.305
2000-11-18,21.216,0.0,60.79,1.427
2000-11-19,21.736,0.002,58.45,0.871
2000-11-20,22.134,0.001,58.41,1.721
2000-11-21,21.744,0.015,68.6,1.849
2000-11-22,21.709,0.003,68.52,1.587
2000-11-23,21.59,0.0,66.21,1.269
2000-11-24,21.514,0.0,64.33,2.877
2000-11-25,20.128,0.001,58.87,2.412
2000-11-26,18.856,0.0,55.65,1.687
2000-11-27,18.788,0.001,55.09,0.553
2000-11-28,19.875,0.001,56.06,1.57
2000-11-29,19.42,0.0,49.4,2.623
2000-11-30,17.962,0.0,48.61,2.65
2000-12-01,16.782,0.001,45.27,2.933
2000-12-02,15.657,0.001,49.47,1.943
2000-12-03,16.552,0.0,48.31,2.125
2000-12-04,16.512,0.001,50.83,2.757
2000-12-05,16.157,0.004,57.89,1.69
2000-12-06,16.635,0.0,60.06,1.292
2000-12-07,16.958,0.0,57.34,1.462
2000-12-08,16.999,0.0,54.32,2.103
2000-12-09,17.751,0.002,58.34,1.007
2000-12-10,16.872,0.0,58.59,1.255
2000-12-11,16.149,0.0,53.63,2.289
2000-12-12,15.356,0.001,58.04,1.516
2000-12-13,16.123,0.0,53.56,2.205
2000-12-14,16.366,0.001,54.9,1.311
2000-12-15,16.722,0.001,57.97,1.15
2000-12-16,17.698,0.002,62.8,0.628
2000-12-17,17.991,0.0,64.74,1.523
2000-12-18,18.335,0.001,63.15,2.82
2000-12-19,17.786,0.001,47.92,3.684
2000-12-20,15.802,0.001,61.45,1.939
2000-12-21,15.975,0.001,64.72,1.736
2000-12-22,16.545,0.0,63.94,2.193
2000-12-23,16.401,0.001,69.3,1.507
2000-12-24,17.435,0.001,68.48,1.863
2000-12-25,17.594,0.001,67.73,1.968
2000-12-26,17.008,0.001,65.69,1.843
2000-12-27,16.58,0.003,67.43,1.206
2000-12-28,16.951,0.001,66.45,1.766
2000-12-29,16.747,0.0,59.02,2.362
2000-12-30,16.437,0.058,60.76,1.508
2000-12-31,16.606,0.844,72.24,1.795
2001-01-01,17.286,0.737,71.65,1.43
2001-01-02,15.949,0.484,79.45,2.065
2001-01-03,15.65,0.0,69.9,3.294
2001-01-04,14.308,0.0,65.58,3.219
2001-01-05,13.331,0.001,69.23,2.801
2001-01-06,12.82,0.0,71.13,1.672
2001-01-07,13.009,0.003,68.62,1.818
2001-01-08,13.828,0.0,64.84,2.123
2001-01-09,13.673,0.002,62.81,3.015
2001-01-10,13.026,0.001,63.96,2.759
2001-01-11,12.576,0.002,65.62,2.228
2001-01-12,13.211,0.0,66.75,0.645
2001-01-13,13.811,0.0,63.52,2.541
2001-01-14,13.683,0.002,61.97,2.247
2001-01-15,14.162,0.003,62.19,1.209
2001-01-16,14.412,0.001,61.46,2.332
2001-01-17,14.347,0.0,58.88,2.311
2001-01-18,14.663,0.0,61.43,2.419
2001-01-19,14.953,0.0,62.21,1.948
2001-01-20,15.423,0.0,61.27,1.793
2001-01-21,16.971,0.001,53.16,0.521
2001-01-22,17.957,0.328,57.1,1.108
2001-01-23,17.865,0.011,54.23,3.36
2001-01-24,15.368,0.0,46.6,4.984
2001-01-25,13.473,0.001,52.91,2.913
2001-01-26,14.083,0.0,57.78,2.26
2001-01-27,14.671,0.001,58.23,2.455
2001-01-28,15.117,0.001,57.84,1.637
2001-01-29,16.396,0.001,62.51,1.395
2001-01-30,17.922,0.001,59.97,2.043
2001-01-31,19.729,0.0,56.0,2.553
2001-02-01,20.403,0.008,43.26,3.758
2001-02-02,16.677,-0.0,42.54,4.064
2001-02-03,14.786,0.0,49.21,3.069
2001-02-04,14.864,0.001,55.18,1.159
2001-02-05,16.142,0.003,50.75,1.974
2001-02-06,16.989,0.002,51.39,3.18
2001-02-07,17.149,0.002,46.49,3.248
2001-02-08,17.811,0.0,43.16,3.714
2001-02-09,16.592,0.002,54.2,2.065
2001-02-10,17.607,0.0,53.1,2.147
2001-02-11,17.797,0.001,48.99,2.433
2001-02-12,18.046,0.0,48.3,2.33
2001-02-13,18.481,0.001,48.29,2.208
2001-02-14,19.077,0.001,50.92,1.425
2001-02-15,19.007,0.368,66.56,0.629
2001-02-16,20.341,0.006,64.17,0.74
2001-02-17,21.085,0.002,59.24,1.582
2001-02-18,21.627,0.001,55.54,2.537
2001-02-19,21.878,0.001,51.04,3.279
2001-02-20,20.54,0.0,47.7,2.355
2001-02-21,21.129,0.005,49.51,1.45
2001-02-22,20.888,0.0,51.0,3.101
2001-02-23,21.367,0.0,55.4,1.842
2001-02-24,22.631,0.2,55.76,1.08
2001-02-25,22.073,5.921,59.8,2.712
2001-02-26,21.069,4.009,58.45,2.293
2001-02-27,19.649,0.002,45.16,2.479
2001-02-28,20.622,0.001,49.38,0.785
2001-03-01,21.513,0.001,41.02,2.47
2001-03-02,19.909,0.001,34.25,3.263
2001-03-03,20.233,0.0,38.08,2.982
2001-03-04,21.698,0.012,37.61,2.867
2001-03-05,21.114,0.002,35.73,3.582
2001-03-06,21.215,0.001,38.48,3.192
2001-03-07,21.101,0.0,41.81,1.526
2001-03-08,22.009,0.0,40.1,1.014
2001-03-09,22.938,0.001,40.37,1.189
2001-03-10,23.024,0.002,36.07,2.009
2001-03-11,23.176,0.001,37.35,1.478
2001-03-12,24.108,0.001,36.62,0.685
2001-03-13,24.735,0.0,39.59,0.457
2001-03-14,24.955,0.393,41.05,0.961
2001-03-15,25.576,0.246,40.18,2.767
2001-03-16,25.555,0.0,28.16,4.496
2001-03-17,24.389,0.0,27.31,3.718
2001-03-18,24.983,0.0,34.06,2.928
2001-03-19,25.989,0.001,34.91,1.316
2001-03-20,27.372,0.055,34.79,2.147
2001-03-21,27.609,5.444,43.53,1.532
2001-03-22,24.082,7.514,64.82,0.607
2001-03-23,25.037,0.12,47.5,2.667
2001-03-24,25.054,0.001,32.24,3.663
2001-03-25,25.597,0.0,32.61,3.648
2001-03-26,26.527,0.001,31.03,3.537
2001-03-27,26.728,0.0,33.28,2.919
2001-03-28,28.326,0.0,35.29,0.189
2001-03-29,28.713,0.253,35.87,2.29
2001-03-30,26.957,5.509,45.25,1.278
2001-03-31,26.259,0.095,43.24,1.824
2001-04-01,26.053,0.0,36.02,1.925
2001-04-02,26.25,0.001,32.89,2.627
2001-04-03,27.269,0.0,30.94,2.393
2001-04-04,28.835,0.001,23.84,2.971
2001-04-05,30.32,0.001,19.47,3.051
2001-04-06,30.292,0.06,22.74,0.979
2001-04-07,30.662,0.0,21.79,2.574
2001-04-08,30.768,0.001,23.23,3.339
2001-04-09,31.085,0.0,21.88,2.729
2001-04-10,31.409,0.001,20.56,0.745
2001-04-11,31.751,0.0,19.4,0.801
2001-04-12,32.674,0.006,21.58,1.045
2001-04-13,28.817,0.088,35.14,3.238
2001-04-14,28.305,2.152,49.64,1.95
2001-04-15,27.116,0.623,61.71,0.826
2001-04-16,27.663,0.62,53.85,0.862
2001-04-17,27.947,0.585,48.11,1.514
2001-04-18,27.225,0.456,52.43,0.736
2001-04-19,29.172,0.011,36.57,3.244
2001-04-20,29.657,0.001,32.83,4.845
2001-04-21,29.108,0.0,28.9,4.515
2001-04-22,29.774,0.001,23.05,3.438
2001-04-23,30.824,0.001,25.34,1.082
2001-04-24,32.268,0.001,27.49,1.131
2001-04-25,33.233,0.015,25.93,1.243
2001-04-26,33.25,0.0,27.35,0.898
2001-04-27,32.415,0.004,32.8,0.091
2001-04-28,33.143,0.001,32.49,0.973
2001-04-29,32.128,1.169,43.3,3.152
2001-04-30,31.02,1.05,50.47,3.518
2001-05-01,30.862,0.004,50.26,4.434
2001-05-02,30.945,0.061,50.64,2.839
2001-05-03,31.04,0.091,49.62,3.007
2001-05-04,28.647,1.179,62.48,3.83
2001-05-05,30.078,0.036,55.29,3.461
2001-05-06,29.861,0.396,60.15,4.489
2001-05-07,29.439,0.02,59.73,3.858
2001-05-08,30.149,3.31,61.25,2.197
2001-05-09,29.736,0.197,63.3,3.346
2001-05-10,30.775,0.003,55.16,3.753
2001-05-11,30.374,0.001,53.99,5.106
2001-05-12,30.713,0.002,50.39,3.84
2001-05-13,32.473,0.23,48.46,3.074
2001-05-14,30.575,1.294,59.83,2.6
2001-05-15,29.895,0.213,57.82,4.094
2001-05-16,31.336,0.197,54.36,2.18
2001-05-17,29.82,3.434,61.22,0.561
2001-05-18,30.251,2.812,60.3,1.774
2001-05-19,29.711,5.092,62.46,1.628
2001-05-20,28.966,4.832,68.61,0.543
2001-05-21,29.626,1.627,64.61,0.917
2001-05-22,31.713,0.239,56.48,0.578
2001-05-23,32.744,0.082,46.67,0.646
2001-05-24,33.655,0.012,46.63,1.664
2001-05-25,32.333,0.121,56.91,3.861
2001-05-26,31.495,0.398,57.51,4.271
2001-05-27,29.628,20.279,65.84,2.681
2001-05-28,30.37,2.432,65.19,1.069
2001-05-29,30.504,1.276,64.73,1.031
2001-05-30,30.138,1.584,65.35,1.428
2001-05-31,29.809,6.306,65.61,1.156
2001-06-01,28.241,4.303,74.43,1.943
2001-06-02,29.143,7.573,73.45,2.051
2001-06-03,27.459,139.109,82.91,3.451
2001-06-04,26.42,10.409,83.78,2.578
2001-06-05,28.932,2.772,74.52,0.161
2001-06-06,28.982,7.741,76.41,0.928
2001-06-07,29.065,0.636,75.03,2.003
2001-06-08,29.401,4.764,75.5,1.612
2001-06-09,29.596,8.913,75.76,2.478
2001-06-10,29.544,6.729,74.55,2.86
2001-06-11,30.247,1.573,69.32,3.075
2001-06-12,31.518,0.202,67.89,3.618
2001-06-13,31.299,0.476,66.56,4.874
2001-06-14,29.057,4.271,72.76,5.921
2001-06-15,28.233,3.507,73.94,5.169
2001-06-16,28.338,7.466,77.4,3.444
2001-06-17,28.263,8.042,81.76,1.997
2001-06-18,27.838,14.301,83.52,2.215
2001-06-19,27.434,11.634,83.65,2.799
2001-06-20,25.813,59.384,95.07,1.734
2001-06-21,26.771,17.8,89.71,2.118
2001-06-22,25.518,34.151,96.02,3.014
2001-06-23,28.244,9.679,82.81,3.125
2001-06-24,27.944,20.068,84.84,2.931
2001-06-25,28.098,8.391,83.36,3.152
2001-06-26,27.435,19.414,86.36,2.602
2001-06-27,27.514,17.883,86.93,2.376
2001-06-28,27.275,14.38,88.28,2.748
2001-06-29,28.906,6.922,82.74,2.959
2001-06-30,29.053,5.171,77.85,4.703
2001-07-01,28.905,1.314,75.63,4.366
2001-07-02,28.808,4.388,81.52,2.385
2001-07-03,28.262,4.685,85.67,0.783
2001-07-04,30.196,0.874,77.77,0.815
2001-07-05,30.65,10.478,77.18,0.085
2001-07-06,30.787,1.45,77.57,0.4
2001-07-07,29.362,7.441,83.12,1.756
2001-07-08,30.242,3.013,77.14,3.322
2001-07-09,29.858,3.984,76.33,5.204
2001-07-10,28.83,2.62,78.54,5.66
2001-07-11,28.958,4.277,78.12,4.496
2001-07-12,28.784,1.909,76.92,4.784
2001-07-13,28.987,1.019,76.75,3.125
2001-07-14,28.155,26.864,85.15,0.648
2001-07-15,26.298,29.841,93.56,1.74
2001-07-16,26.004,57.767,93.88,1.32
2001-07-17,27.202,9.579,88.43,2.191
2001-07-18,29.015,3.647,81.22,1.65
2001-07-19,27.852,14.456,87.91,2.294
2001-07-20,27.912,4.238,85.53,2.658
2001-07-21,28.421,5.133,83.84,2.346
2001-07-22,28.398,6.998,82.07,3.543
2001-07-23,29.502,1.266,76.6,4.407
2001-07-24,29.047,3.49,81.01,3.874
2001-07-25,28.206,5.919,85.25,3.362
2001-07-26,27.97,10.918,86.7,2.453
2001-07-27,27.125,16.613,91.45,1.92
2001-07-28,27.428,11.897,89.19,0.62
2001-07-29,26.516,38.826,92.95,3.046
2001-07-30,26.931,22.991,91.01,2.975
2001-07-31,29.033,1.733,81.15,2.945
2001-08-01,29.414,2.082,79.6,2.748
2001-08-02,29.485,0.724,79.79,0.391
2001-08-03,29.366,4.266,80.62,3.188
2001-08-04,29.314,1.005,80.17,3.465
2001-08-05,29.516,1.213,79.06,3.083
2001-08-06,28.794,2.505,81.43,3.318
2001-08-07,29.226,3.095,79.82,2.731
2001-08-08,29.475,2.478,80.38,2.324
2001-08-09,28.956,4.057,83.04,2.506
2001-08-10,29.424,0.729,79.01,3.106
2001-08-11,29.227,1.636,80.46,3.437
2001-08-12,29.276,2.67,80.93,2.561
2001-08-13,28.923,5.595,83.74,1.954
2001-08-14,28.935,3.295,82.5,2.676
2001-08-15,28.543,5.334,81.95,3.54
2001-08-16,28.885,5.596,82.67,1.984
2001-08-17,28.853,4.101,84.59,1.213
2001-08-18,28.091,8.276,88.38,1.602
2001-08-19,27.888,6.372,89.23,1.367
2001-08-20,29.181,6.813,84.9,1.559
2001-08-21,28.66,12.163,86.47,1.467
2001-08-22,26.882,14.277,91.61,1.488
2001-08-23,26.006,32.423,93.79,1.943
2001-08-24,25.686,20.385,94.27,1.759
2001-08-25,26.161,9.697,90.01,0.787
2001-08-26,27.958,6.703,85.61,0.173
2001-08-27,28.341,3.183,84.4,1.186
2001-08-28,28.062,4.253,83.93,1.728
2001-08-29,27.422,10.527,86.75,0.837
2001-08-30,26.982,7.975,87.88,0.426
2001-08-31,27.154,14.553,87.72,2.548
2001-09-01,26.462,29.805,90.25,4.6
2001-09-02,25.606,60.504,95.66,3.966
2001-09-03,25.489,53.414,96.09,2.625
2001-09-04,26.041,16.483,92.49,1.401
2001-09-05,26.303,4.408,89.82,0.949
2001-09-06,27.054,1.924,85.79,0.608
2001-09-07,26.782,9.019,87.17,1.445
2001-09-08,25.704,4.614,90.02,1.601
2001-09-09,27.729,2.244,84.28,0.533
2001-09-10,28.182,1.452,85.58,0.083
2001-09-11,27.576,0.984,84.62,1.249
2001-09-12,26.037,13.912,89.35,1.945
2001-09-13,25.341,13.431,91.9,2.81
2001-09-14,26.09,3.889,88.88,1.871
2001-09-15,26.973,2.905,88.75,0.123
2001-09-16,28.058,1.172,84.59,0.514
2001-09-17,27.971,0.444,79.88,0.231
2001-09-18,27.573,0.034,76.93,0.37
2001-09-19,27.648,0.001,75.37,0.841
2001-09-20,27.944,0.364,78.21,0.525
2001-09-21,27.771,0.765,83.52,1.418
2001-09-22,27.936,0.881,83.93,1.071
2001-09-23,28.303,1.145,81.77,1.235
2001-09-24,27.963,1.465,82.11,1.699
2001-09-25,27.832,1.534,82.99,1.799
2001-09-26,28.067,1.098,83.29,0.532
2001-09-27,28.213,0.274,77.77,0.466
2001-09-28,28.338,1.391,78.01,1.926
2001-09-29,28.645,0.569,76.6,2.841
2001-09-30,28.145,4.779,79.46,4.297
2001-10-01,25.176,29.425,91.25,4.702
2001-10-02,24.557,28.85,94.91,3.36
2001-10-03,25.267,15.38,90.93,2.956
2001-10-04,24.09,29.677,96.22,3.823
2001-10-05,24.386,6.694,88.64,2.348
2001-10-06,26.013,0.24,80.3,1.347
2001-10-07,27.005,0.502,81.28,0.609
2001-10-08,27.312,0.531,81.76,0.869
2001-10-09,27.074,0.195,79.51,1.471
2001-10-10,27.093,0.276,78.1,0.972
2001-10-11,26.941,0.55,82.26,0.307
2001-10-12,26.436,0.019,79.91,0.745
2001-10-13,26.922,0.058,77.41,0.399
2001-10-14,25.868,0.01,75.69,1.648
2001-10-15,25.518,0.003,74.08,0.859
2001-10-16,25.816,0.001,70.41,0.948
2001-10-17,24.937,0.245,72.7,0.995
2001-10-18,24.568,0.002,68.72,1.71
2001-10-19,24.531,0.0,70.13,1.161
2001-10-20,24.228,0.019,74.3,1.108
2001-10-21,24.933,0.002,72.55,0.636
2001-10-22,25.273,0.077,75.54,0.435
2001-10-23,25.339,0.482,78.37,1.069
2001-10-24,24.706,0.058,71.16,1.721
2001-10-25,24.596,0.001,69.62,1.275
2001-10-26,24.934,0.006,69.61,0.742
2001-10-27,24.57,0.0,68.32,1.415
2001-10-28,24.756,0.001,66.18,1.387
2001-10-29,25.201,0.006,64.27,0.557
2001-10-30,24.929,0.0,66.69,1.146
2001-10-31,25.03,0.001,65.35,2.027
2001-11-01,24.982,0.0,68.16,0.174
2001-11-02,25.208,0.011,71.72,1.368
2001-11-03,24.951,0.035,73.15,1.073
2001-11-04,25.097,0.055,69.49,0.661
2001-11-05,25.132,0.0,67.22,0.802
2001-11-06,24.504,0.325,68.19,0.932
2001-11-07,23.39,0.001,66.55,1.879
2001-11-08,22.562,0.0,65.0,2.101
2001-11-09,21.775,0.002,60.5,1.805
2001-11-10,20.812,0.002,58.02,1.268
2001-11-11,20.635,0.001,61.65,1.298
2001-11-12,20.662,0.002,64.6,1.518
2001-11-13,20.821,0.0,63.96,1.359
2001-11-14,20.69,0.002,62.38,1.632
2001-11-15,20.984,0.0,61.01,0.949
2001-11-16,20.877,0.001,62.49,0.852
2001-11-17,21.187,0.0,60.98,1.624
2001-11-18,21.39,0.001,65.69,1.601
2001-11-19,21.593,0.008,63.11,1.124
2001-11-20,21.353,0.0,63.56,1.272
2001-11-21,20.79,0.002,62.54,1.757
2001-11-22,20.911,0.001,63.32,1.866
2001-11-23,20.198,0.0,62.75,2.015
2001-11-24,19.939,0.001,62.51,0.97
2001-11-25,19.591,0.001,60.7,1.917
2001-11-26,18.864,0.0,62.49,1.295
2001-11-27,19.751,0.003,61.09,1.572
2001-11-28,18.782,-0.0,56.71,2.463
2001-11-29,18.447,0.001,62.24,2.273
2001-11-30,18.135,0.0,54.21,2.884
2001-12-01,17.063,0.0,62.04,2.073
2001-12-02,16.892,0.0,62.97,2.149
2001-12-03,17.493,0.001,63.12,1.095
2001-12-04,17.649,0.002,65.61,1.505
2001-12-05,17.981,0.001,64.28,1.538
2001-12-06,17.867,0.001,64.95,1.575
2001-12-07,17.475,0.001,64.61,1.01
2001-12-08,17.662,0.003,63.19,1.601
2001-12-09,17.284,0.0,66.42,0.938
2001-12-10,17.317,0.001,66.04,0.911
2001-12-11,17.344,0.0,70.67,0.401
2001-12-12,17.619,0.0,71.87,1.864
2001-12-13,17.097,0.001,73.15,0.825
2001-12-14,16.822,0.001,75.04,0.922
2001-12-15,16.418,0.0,73.34,1.384
2001-12-16,16.493,0.001,75.0,2.192
2001-12-17,16.026,0.003,76.8,1.552
2001-12-18,16.152,0.001,76.22,1.417
2001-12-19,16.429,0.001,72.79,1.791
2001-12-20,15.512,0.0,64.36,2.703
2001-12-21,14.519,0.0,71.71,1.524
2001-12-22,15.844,0.001,73.7,1.827
2001-12-23,15.416,0.001,71.98,1.873
2001-12-24,15.522,0.0,69.87,1.624
2001-12-25,15.759,0.002,69.53,0.885
2001-12-26,15.482,0.001,70.68,0.804
2001-12-27,15.527,0.001,71.09,1.517
2001-12-28,14.997,0.001,69.45,1.246
2001-12-29,15.009,0.002,65.57,1.991
2001-12-30,14.572,0.001,67.43,2.423
2001-12-31,14.041,0.001,70.59,2.306
2002-01-01,14.073,0.0,67.95,1.9
2002-01-02,14.188,0.0,68.44,2.323
2002-01-03,13.726,0.001,69.08,1.329
2002-01-04,14.611,0.001,69.92,0.585
2002-01-05,15.034,0.003,71.17,0.571
2002-01-06,14.938,0.0,66.49,0.397
2002-01-07,15.306,0.003,64.49,0.968
2002-01-08,15.265,0.0,62.82,1.645
2002-01-09,16.145,0.002,71.11,1.867
2002-01-10,15.924,0.001,65.3,2.514
2002-01-11,15.209,0.001,66.21,2.368
2002-01-12,15.708,0.004,69.16,0.959
2002-01-13,15.993,0.0,68.6,1.059
2002-01-14,17.071,0.002,66.94,0.631
2002-01-15,18.784,0.013,62.69,3.097
2002-01-16,18.612,0.174,67.46,2.997
2002-01-17,18.285,0.273,77.96,1.425
2002-01-18,17.748,7.635,83.71,2.369
2002-01-19,18.011,1.003,81.21,0.984
2002-01-20,15.578,8.461,87.82,1.581
2002-01-21,15.857,0.0,75.56,2.081
2002-01-22,15.709,0.001,63.66,2.202
2002-01-23,14.616,-0.0,62.89,3.342
2002-01-24,14.187,0.0,64.75,3.591
2002-01-25,14.016,0.001,65.74,2.343
2002-01-26,16.247,0.064,66.11,1.496
2002-01-27,16.932,7.731,69.89,3.625
2002-01-28,14.836,2.566,87.79,1.546
2002-01-29,14.077,0.631,83.06,0.7
2002-01-30,14.824,0.022,70.86,2.592
2002-01-31,14.593,0.001,67.51,2.555
2002-02-01,14.516,0.001,65.68,2.526
2002-02-02,15.42,0.0,59.34,3.231
2002-02-03,15.442,0.001,55.84,3.677
2002-02-04,14.377,0.003,65.62,2.3
2002-02-05,16.304,0.199,64.06,0.206
2002-02-06,17.66,0.515,70.5,1.69
2002-02-07,18.505,2.895,79.16,2.522
2002-02-08,18.542,1.936,86.64,2.458
2002-02-09,19.132,0.226,80.67,1.231
2002-02-10,18.421,0.0,67.84,2.129
2002-02-11,18.593,12.755,67.99,2.645
2002-02-12,17.998,0.053,76.14,1.755
2002-02-13,16.489,0.0,74.62,3.463
2002-02-14,16.704,0.001,75.5,2.418
2002-02-15,16.953,0.0,72.56,2.158
2002-02-16,18.017,0.003,74.49,1.439
2002-02-17,19.371,0.0,72.21,1.088
2002-02-18,20.148,0.001,69.3,2.427
2002-02-19,20.91,0.001,60.99,3.439
2002-02-20,20.702,0.002,57.61,2.542
2002-02-21,20.419,0.002,51.8,3.052
2002-02-22,21.154,0.002,60.28,0.544
2002-02-23,22.109,0.002,63.3,1.509
2002-02-24,23.298,1.186,61.11,0.756
2002-02-25,19.947,6.997,77.69,0.816
2002-02-26,19.465,0.002,54.18,3.445
2002-02-27,20.523,0.002,51.14,4.048
2002-02-28,20.17,0.0,56.0,2.584
2002-03-01,21.352,0.0,57.52,0.282
2002-03-02,23.216,4.862,54.82,3.16
2002-03-03,20.55,3.285,62.44,2.277
2002-03-04,19.454,0.002,51.75,3.506
2002-03-05,19.839,0.001,51.11,3.017
2002-03-06,20.123,0.001,44.36,2.576
2002-03-07,20.962,0.002,53.54,0.378
2002-03-08,21.822,0.001,44.81,2.326
2002-03-09,23.581,0.003,45.64,2.022
2002-03-10,25.649,0.001,48.67,1.164
2002-03-11,25.42,0.001,35.29,4.152
2002-03-12,23.94,0.001,38.13,3.512
2002-03-13,25.476,0.002,35.76,4.411
2002-03-14,25.55,0.0,32.71,4.207
2002-03-15,23.962,0.0,38.1,3.475
2002-03-16,24.097,0.001,38.04,3.225
2002-03-17,24.793,0.001,44.08,0.588
2002-03-18,26.165,0.0,41.61,1.236
2002-03-19,27.209,0.001,43.22,0.76
2002-03-20,27.838,0.0,44.91,0.315
2002-03-21,28.33,0.001,42.7,0.99
2002-03-22,27.632,0.543,39.88,1.821
2002-03-23,27.938,0.001,35.52,2.513
2002-03-24,28.083,0.001,32.81,1.794
2002-03-25,28.226,0.295,36.69,1.713
2002-03-26,27.637,0.684,42.79,2.222
2002-03-27,27.132,1.581,44.04,0.992
2002-03-28,27.079,0.001,37.52,1.141
2002-03-29,26.961,0.001,30.19,1.265
2002-03-30,27.256,0.0,34.89,1.315
2002-03-31,27.875,0.0,44.14,2.909
2002-04-01,28.17,0.773,44.84,3.372
2002-04-02,26.245,1.834,53.64,2.919
2002-04-03,25.028,0.009,54.48,2.698
2002-04-04,26.656,0.002,51.01,2.451
2002-04-05,28.594,0.002,45.25,1.719
2002-04-06,30.153,0.0,43.28,1.764
2002-04-07,30.092,0.223,49.12,1.803
2002-04-08,30.158,0.602,37.57,3.218
2002-04-09,29.702,0.012,29.83,3.815
2002-04-10,28.946,0.0,25.35,3.488
2002-04-11,29.235,0.0,25.2,0.576
2002-04-12,28.368,0.119,43.02,3.343
2002-04-13,28.792,0.0,41.36,2.266
2002-04-14,30.296,0.003,37.95,1.263
2002-04-15,31.118,0.0,41.25,1.966
2002-04-16,31.985,0.001,42.03,0.29
2002-04-17,32.325,0.001,35.73,0.451
2002-04-18,32.476,0.0,28.54,2.293
2002-04-19,32.766,0.001,19.63,2.886
2002-04-20,33.031,0.002,26.62,1.164
2002-04-21,31.699,2.032,43.72,2.108
2002-04-22,31.26,1.157,48.09,4.976
2002-04-23,30.419,0.0,48.07,5.123
2002-04-24,29.573,0.007,54.61,4.128
2002-04-25,30.703,0.397,53.26,4.196
2002-04-26,27.019,2.955,63.91,2.327
2002-04-27,29.179,0.002,43.36,0.963
2002-04-28,30.975,0.08,45.3,4.726
2002-04-29,28.259,2.245,58.35,4.313
2002-04-30,29.0,0.016,52.05,2.725
2002-05-01,30.437,0.002,49.0,4.075
2002-05-02,30.612,0.122,51.34,4.273
2002-05-03,29.578,0.126,56.56,3.443
2002-05-04,29.984,0.042,52.78,3.984
2002-05-05,30.049,0.228,53.57,4.651
2002-05-06,29.105,0.008,58.46,4.478
2002-05-07,30.156,0.01,54.91,2.941
2002-05-08,31.614,0.101,49.63,2.37
2002-05-09,32.576,0.048,51.32,3.223
2002-05-10,30.64,0.722,60.14,4.238
2002-05-11,31.122,0.145,59.78,3.769
2002-05-12,31.841,0.082,58.55,3.657
2002-05-13,32.42,0.252,55.02,3.704
2002-05-14,29.605,14.299,70.71,3.531
2002-05-15,30.595,0.169,63.28,3.875
2002-05-16,30.907,0.112,59.19,2.829
2002-05-17,31.427,0.232,60.47,2.866
2002-05-18,31.627,0.015,59.21,2.423
2002-05-19,32.09,0.0,53.69,2.597
2002-05-20,33.067,0.006,50.03,1.144
2002-05-21,33.139,0.626,44.29,0.407
2002-05-22,33.691,0.001,40.26,1.385
2002-05-23,32.402,0.086,54.15,4.773
2002-05-24,29.467,14.673,64.95,4.375
2002-05-25,27.427,1.639,72.4,3.908
2002-05-26,27.559,7.393,70.61,2.873
2002-05-27,24.756,28.254,81.73,2.625
2002-05-28,27.228,0.058,69.54,2.141
2002-05-29,28.142,4.234,69.37,2.466
2002-05-30,27.963,1.487,75.21,1.399
2002-05-31,29.227,0.225,68.94,1.512
2002-06-01,30.089,0.139,68.75,1.694
2002-06-02,30.484,0.735,69.53,1.553
2002-06-03,31.673,0.565,65.88,1.419
2002-06-04,30.791,0.895,67.36,3.122
2002-06-05,30.393,3.556,65.83,3.596
2002-06-06,29.479,3.797,68.38,2.98
2002-06-07,29.975,0.773,68.09,2.453
2002-06-08,29.695,5.506,73.17,2.682
2002-06-09,28.996,6.275,78.05,2.694
2002-06-10,27.746,12.445,83.61,3.266
2002-06-11,28.645,2.767,78.15,3.647
2002-06-12,28.992,3.015,75.22,3.213
2002-06-13,29.849,0.291,71.57,2.591
2002-06-14,29.98,14.345,73.27,2.727
2002-06-15,28.794,6.144,78.31,2.133
2002-06-16,29.802,2.96,76.03,2.282
2002-06-17,29.876,3.168,73.4,1.994
2002-06-18,30.572,1.189,74.4,1.382
2002-06-19,30.36,6.986,73.32,2.429
2002-06-20,29.848,0.818,73.61,2.325
2002-06-21,29.649,20.029,77.12,2.518
2002-06-22,28.713,2.21,78.82,2.036
2002-06-23,29.863,7.48,73.28,4.318
2002-06-24,30.733,0.279,67.84,5.477
2002-06-25,29.006,6.667,77.61,5.147
2002-06-26,27.245,9.486,84.61,4.844
2002-06-27,27.891,5.69,79.58,3.143
2002-06-28,29.108,14.488,80.32,1.528
2002-06-29,29.644,15.311,80.37,1.314
2002-06-30,29.861,4.242,80.13,0.94
2002-07-01,28.471,17.134,87.3,1.393
2002-07-02,26.949,10.097,91.96,1.368
2002-07-03,28.015,30.276,86.0,1.496
2002-07-04,26.259,73.043,95.43,2.065
2002-07-05,27.036,8.403,91.7,1.344
2002-07-06,29.376,4.053,84.35,0.556
2002-07-07,31.585,0.388,68.25,3.228
2002-07-08,31.553,0.126,70.67,1.31
2002-07-09,31.689,0.096,71.55,0.224
2002-07-10,31.983,0.012,66.0,1.986
2002-07-11,31.345,0.001,65.36,1.435
2002-07-12,32.094,0.022,66.55,0.384
2002-07-13,31.85,0.268,70.29,1.297
2002-07-14,31.11,0.15,73.28,2.291
2002-07-15,29.502,3.008,77.58,2.057
2002-07-16,29.61,4.257,78.9,1.456
2002-07-17,30.367,7.33,77.95,3.451
2002-07-18,29.766,5.796,79.44,3.563
2002-07-19,29.832,2.771,78.0,2.866
2002-07-20,28.323,19.566,87.53,0.978
2002-07-21,27.996,6.397,85.01,4.29
2002-07-22,30.041,1.089,69.08,4.708
2002-07-23,31.337,0.604,62.16,4.771
2002-07-24,31.255,0.487,63.06,3.643
2002-07-25,30.344,3.006,71.06,1.315
2002-07-26,29.809,2.656,78.16,0.39
2002-07-27,30.832,0.379,72.21,0.197
2002-07-28,30.812,0.779,74.56,0.938
2002-07-29,28.927,6.922,82.95,2.067
2002-07-30,27.886,11.168,86.7,2.478
2002-07-31,28.569,7.23,82.01,2.913
2002-08-01,29.531,1.607,80.2,3.265
2002-08-02,28.509,13.872,84.08,3.202
2002-08-03,26.795,15.238,89.91,3.117
2002-08-04,27.362,14.712,87.29,2.447
2002-08-05,28.201,5.897,84.78,2.224
2002-08-06,29.182,3.516,81.14,2.311
2002-08-07,29.13,6.145,83.15,1.71
2002-08-08,29.489,0.593,79.6,1.783
2002-08-09,29.47,11.045,82.52,1.466
2002-08-10,27.881,21.021,88.05,1.688
2002-08-11,26.957,46.734,91.79,0.193
2002-08-12,26.003,83.48,94.36,2.26
2002-08-13,26.681,12.525,87.49,4.871
2002-08-14,27.609,7.877,83.27,4.512
2002-08-15,28.255,2.013,81.86,3.484
2002-08-16,28.398,8.391,82.29,3.14
2002-08-17,28.226,7.307,81.14,4.083
2002-08-18,27.127,14.226,86.14,4.336
2002-08-19,27.394,2.572,85.13,3.683
2002-08-20,27.192,8.066,84.43,3.346
2002-08-21,25.996,10.406,87.57,3.747
2002-08-22,27.899,0.908,76.43,3.534
2002-08-23,27.908,2.359,79.21,5.341
2002-08-24,27.737,3.685,80.62,5.278
2002-08-25,28.745,1.155,82.5,1.199
2002-08-26,28.807,0.725,79.36,2.318
2002-08-27,28.543,7.909,81.5,2.603
2002-08-28,28.53,5.693,83.82,0.292
2002-08-29,27.937,8.048,84.03,3.211
2002-08-30,28.789,0.636,78.91,3.354
2002-08-31,28.571,0.923,79.16,3.774
2002-09-01,28.286,1.715,80.22,3.553
2002-09-02,28.264,1.006,79.8,3.518
2002-09-03,27.255,13.553,85.33,2.965
2002-09-04,26.415,22.392,87.71,3.689
2002-09-05,26.928,10.92,86.14,3.507
2002-09-06,28.132,6.356,82.8,3.357
2002-09-07,28.421,3.224,81.65,2.914
2002-09-08,28.253,11.977,84.48,0.341
2002-09-09,28.422,4.99,82.28,0.423
2002-09-10,26.775,12.872,86.4,3.173
2002-09-11,25.701,22.098,87.84,5.586
2002-09-12,25.354,23.658,92.07,5.061
2002-09-13,25.969,17.028,92.26,1.631
2002-09-14,27.226,1.157,87.41,0.792
2002-09-15,28.019,0.721,81.43,2.131
2002-09-16,27.13,7.745,84.0,0.91
2002-09-17,26.337,2.867,84.95,0.574
2002-09-18,26.362,0.745,85.52,0.773
2002-09-19,27.494,0.602,81.65,1.428
2002-09-20,28.009,0.011,77.64,1.213
2002-09-21,27.42,6.355,83.48,1.127
2002-09-22,26.878,11.227,87.59,1.87
2002-09-23,26.118,24.852,87.48,1.765
2002-09-24,25.088,18.1,90.87,2.144
2002-09-25,24.804,5.424,88.35,2.101
2002-09-26,25.271,0.268,83.22,1.493
2002-09-27,25.408,1.579,86.94,1.167
2002-09-28,26.248,2.25,85.81,1.189
2002-09-29,26.921,0.964,85.55,0.582
2002-09-30,26.373,0.002,77.58,1.64
2002-10-01,26.096,0.001,76.11,1.349
2002-10-02,26.423,0.002,75.74,1.449
2002-10-03,26.357,0.006,76.68,1.639
2002-10-04,26.67,0.069,77.07,0.671
2002-10-05,26.585,0.081,77.46,0.402
2002-10-06,27.023,0.726,80.79,0.597
2002-10-07,25.953,8.04,85.95,1.043
2002-10-08,25.577,10.815,84.02,1.552
2002-10-09,24.687,1.012,85.65,2.075
2002-10-10,25.779,0.474,81.4,0.805
2002-10-11,25.837,0.518,79.94,0.68
2002-10-12,25.7,1.338,81.61,1.83
2002-10-13,25.578,0.294,82.87,2.066
2002-10-14,25.819,0.812,81.68,1.506
2002-10-15,25.743,0.479,82.28,1.327
2002-10-16,26.378,0.166,75.83,0.215
2002-10-17,22.931,9.607,90.88,0.742
2002-10-18,23.277,0.375,80.61,1.822
2002-10-19,23.568,0.227,78.46,2.058
2002-10-20,24.061,0.069,77.05,1.554
2002-10-21,24.446,0.014,75.9,1.718
2002-10-22,24.833,0.001,76.83,0.833
2002-10-23,24.341,0.002,72.32,1.444
2002-10-24,23.035,0.001,64.54,1.826
2002-10-25,22.185,0.001,66.84,1.56
2002-10-26,22.089,0.001,67.82,1.663
2002-10-27,21.971,0.0,66.29,2.179
2002-10-28,22.047,0.0,69.93,1.795
2002-10-29,23.27,0.0,66.33,0.049
2002-10-30,23.39,0.001,67.3,0.371
2002-10-31,23.285,0.0,71.34,0.788
2002-11-01,23.981,0.0,70.8,0.593
2002-11-02,22.664,0.001,67.39,1.717
2002-11-03,23.151,0.001,63.29,0.31
2002-11-04,23.206,0.001,66.01,0.592
2002-11-05,22.822,0.002,67.6,0.542
2002-11-06,22.887,0.007,70.32,0.935
2002-11-07,22.839,0.105,70.57,0.402
2002-11-08,22.941,0.012,68.87,1.363
2002-11-09,22.771,0.002,70.17,1.518
2002-11-10,22.3,0.001,64.29,2.09
2002-11-11,22.479,0.0,62.15,1.286
2002-11-12,22.467,1.908,65.28,1.715
2002-11-13,21.403,0.002,64.18,3.079
2002-11-14,20.975,0.002,56.88,3.93
2002-11-15,19.747,0.002,62.55,2.124
2002-11-16,20.249,0.0,60.39,2.437
2002-11-17,20.285,0.003,64.28,1.967
2002-11-18,20.197,0.0,64.02,1.937
2002-11-19,20.234,0.0,63.86,1.864
2002-11-20,20.827,0.0,65.02,0.208
2002-11-21,21.321,0.002,63.47,1.481
2002-11-22,21.112,0.0,59.55,1.932
2002-11-23,20.302,0.0,60.46,1.684
2002-11-24,19.966,0.001,62.82,1.325
2002-11-25,20.671,0.002,65.93,1.11
2002-11-26,20.595,0.0,67.08,1.476
2002-11-27,20.211,0.003,67.04,2.006
2002-11-28,19.891,0.001,54.99,2.244
2002-11-29,19.506,0.002,58.41,2.205
2002-11-30,18.161,0.001,55.5,2.02
2002-12-01,18.659,0.003,57.21,2.376
2002-12-02,17.938,0.0,62.54,1.999
2002-12-03,17.598,0.0,59.47,1.936
2002-12-04,16.997,0.0,55.91,1.76
2002-12-05,16.697,0.003,54.24,1.785
2002-12-06,17.26,0.0,51.88,2.23
2002-12-07,18.008,0.001,60.12,2.718
2002-12-08,18.314,0.001,52.82,2.588
2002-12-09,17.789,0.001,54.41,2.811
2002-12-10,15.99,0.001,57.7,2.196
2002-12-11,16.629,0.0,57.71,1.278
2002-12-12,17.752,0.002,62.33,1.308
2002-12-13,18.63,0.0,66.44,1.612
2002-12-14,18.531,0.001,62.47,1.653
2002-12-15,18.121,0.0,63.05,1.104
2002-12-16,18.746,0.003,66.58,1.212
2002-12-17,18.416,0.001,70.25,1.905
2002-12-18,18.733,0.001,66.91,1.205
2002-12-19,18.573,0.0,69.9,1.252
2002-12-20,19.197,0.0,67.2,2.803
2002-12-21,18.238,0.002,62.73,2.747
2002-12-22,17.123,0.002,65.37,0.762
2002-12-23,16.984,0.003,67.84,0.224
2002-12-24,16.695,0.621,70.38,1.509
2002-12-25,16.527,0.029,76.1,1.243
2002-12-26,17.196,0.002,69.41,2.336
2002-12-27,16.585,0.001,63.59,3.308
2002-12-28,15.022,0.003,70.39,2.708
2002-12-29,14.854,0.003,68.59,1.396
2002-12-30,14.795,0.02,70.02,0.741
2002-12-31,13.008,23.551,88.73,2.708
2003-01-01,13.831,0.254,84.34,0.678
2003-01-02,14.23,0.024,80.14,0.493
2003-01-03,14.188,0.001,76.96,2.558
2003-01-04,13.816,0.006,73.76,3.237
2003-01-05,13.161,0.0,81.7,2.445
2003-01-06,11.942,0.005,84.71,1.937
2003-01-07,12.161,0.011,82.02,2.406
2003-01-08,11.473,0.014,80.99,2.078
2003-01-09,10.86,0.071,83.62,1.239
2003-01-10,11.499,0.01,82.25,2.278
2003-01-11,11.221,0.001,81.76,2.253
2003-01-12,10.924,0.003,80.65,2.104
2003-01-13,11.493,0.0,79.88,2.077
2003-01-14,11.819,0.007,81.73,1.573
2003-01-15,11.477,0.04,84.59,1.625
2003-01-16,12.849,0.0,80.61,2.102
2003-01-17,12.483,0.001,82.34,1.528
2003-01-18,11.786,0.002,83.55,1.734
2003-01-19,11.453,0.001,84.69,2.109
2003-01-20,10.706,0.001,84.2,2.262
2003-01-21,11.185,0.004,83.39,2.054
2003-01-22,11.315,0.012,85.51,1.292
2003-01-23,11.904,0.031,82.56,1.115
2003-01-24,13.63,0.005,79.66,0.913
2003-01-25,14.234,0.006,80.53,1.156
2003-01-26,15.161,0.001,75.8,2.366
2003-01-27,16.091,0.001,77.74,0.204
2003-01-28,17.472,4.524,81.26,1.548
2003-01-29,16.677,3.311,82.85,2.103
2003-01-30,16.12,0.011,76.22,2.019
2003-01-31,16.706,3.484,78.43,2.3
2003-02-01,16.973,7.428,83.64,3.331
2003-02-02,16.51,0.086,84.68,0.273
2003-02-03,17.621,0.083,78.63,2.621
2003-02-04,16.771,3.792,79.8,2.526
2003-02-05,16.906,0.0,76.8,2.59
2003-02-06,16.604,0.001,79.94,2.253
2003-02-07,16.795,0.002,74.8,0.112
2003-02-08,17.429,0.0,73.06,0.971
2003-02-09,18.198,0.03,75.06,0.708
2003-02-10,18.383,0.004,72.7,0.273
2003-02-11,18.588,0.238,68.7,1.238
2003-02-12,17.466,0.001,62.0,2.828
2003-02-13,16.709,0.001,67.66,2.947
2003-02-14,17.192,0.001,63.86,2.951
2003-02-15,17.34,0.001,66.03,0.476
2003-02-16,18.407,0.005,65.44,0.94
2003-02-17,20.159,0.412,65.04,1.604
2003-02-18,21.052,7.728,64.43,3.187
2003-02-19,17.498,29.761,90.36,2.591
2003-02-20,16.444,0.334,78.57,2.731
2003-02-21,16.696,0.001,70.22,3.509
2003-02-22,17.603,0.001,75.1,0.876
2003-02-23,19.143,0.003,73.79,0.27
2003-02-24,20.1,0.005,75.2,1.794
2003-02-25,20.173,0.001,70.06,2.809
2003-02-26,20.288,0.007,75.38,0.623
2003-02-27,21.082,0.0,73.48,1.502
2003-02-28,21.985,0.004,74.43,2.107
2003-03-01,22.61,0.081,75.24,1.455
2003-03-02,23.387,0.0,74.18,1.0
2003-03-03,24.452,0.537,62.97,2.335
2003-03-04,18.932,0.0,32.56,6.117
2003-03-05,16.869,0.002,46.91,4.219
2003-03-06,17.929,0.0,48.7,3.235
2003-03-07,19.523,0.001,39.12,3.784
2003-03-08,18.959,0.001,45.66,2.299
2003-03-09,20.302,0.0,48.76,0.424
2003-03-10,21.159,0.0,51.47,1.414
2003-03-11,23.121,0.0,49.34,1.802
2003-03-12,20.589,14.301,78.22,3.126
2003-03-13,20.774,0.041,72.04,1.15
2003-03-14,21.916,0.014,67.45,1.329
2003-03-15,22.742,0.001,64.41,0.604
2003-03-16,23.531,0.004,63.9,1.294
2003-03-17,24.246,0.036,59.76,0.757
2003-03-18,23.825,0.447,62.71,0.703
2003-03-19,23.235,0.093,51.58,1.799
2003-03-20,23.018,0.0,47.6,2.525
2003-03-21,23.555,0.002,52.04,0.579
2003-03-22,24.358,0.0,57.36,2.17
2003-03-23,25.687,0.0,55.66,1.125
2003-03-24,26.194,0.037,54.33,1.765
2003-03-25,26.437,0.008,51.4,1.545
2003-03-26,26.172,0.293,55.36,1.72
2003-03-27,26.537,0.11,54.54,1.538
2003-03-28,27.206,0.095,50.97,2.094
2003-03-29,27.256,0.012,50.21,1.877
2003-03-30,27.697,0.363,51.43,1.475
2003-03-31,28.063,0.001,36.79,3.799
2003-04-01,28.004,0.003,33.67,3.908
2003-04-02,26.867,0.0,35.03,2.522
2003-04-03,28.056,0.449,41.69,1.082
2003-04-04,27.79,2.309,49.67,3.391
2003-04-05,26.82,2.066,55.96,1.111
2003-04-06,27.867,0.002,37.98,2.383
2003-04-07,27.799,0.002,27.29,3.339
2003-04-08,28.198,0.002,29.17,3.156
2003-04-09,28.71,0.0,31.56,2.028
2003-04-10,29.798,0.003,33.99,0.118
2003-04-11,31.121,0.003,27.94,1.571
2003-04-12,31.719,0.003,23.35,2.876
2003-04-13,31.474,0.0,26.56,1.805
2003-04-14,30.012,1.381,45.21,2.216
2003-04-15,30.552,0.431,41.35,2.744
2003-04-16,29.999,0.449,46.74,2.502
2003-04-17,30.578,0.002,35.33,1.859
2003-04-18,30.874,0.002,32.8,0.545
2003-04-19,31.664,0.201,42.23,1.4
2003-04-20,30.811,1.214,44.53,0.901
2003-04-21,31.053,0.038,28.32,2.15
2003-04-22,30.05,0.002,28.56,1.54
2003-04-23,30.087,0.001,41.41,2.089
2003-04-24,31.764,0.001,45.07,2.612
2003-04-25,31.929,0.005,50.24,2.508
2003-04-26,32.457,0.008,49.76,2.823
2003-04-27,30.73,3.191,55.95,2.377
2003-04-28,30.459,0.697,49.37,2.36
2003-04-29,28.344,4.555,62.51,3.592
2003-04-30,28.197,1.619,58.48,3.324
2003-05-01,29.214,0.173,54.21,2.957
2003-05-02,29.92,0.001,53.56,3.389
2003-05-03,30.556,0.5,52.41,3.557
2003-05-04,29.035,0.027,47.5,1.522
2003-05-05,30.384,0.0,20.53,2.817
2003-05-06,31.317,0.0,19.49,1.334
2003-05-07,31.569,0.001,20.36,0.999
2003-05-08,31.445,0.062,22.1,1.709
2003-05-09,30.507,0.884,40.88,2.908
2003-05-10,30.582,0.03,43.71,2.599
2003-05-11,31.019,0.001,44.25,2.865
2003-05-12,31.503,0.001,47.29,4.071
2003-05-13,31.902,0.004,46.66,3.651
2003-05-14,32.647,0.031,45.89,2.593
2003-05-15,32.554,0.013,45.58,1.545
2003-05-16,32.699,0.001,35.84,0.203
2003-05-17,32.959,0.001,34.31,0.616
2003-05-18,33.205,0.038,39.81,1.638
2003-05-19,32.706,1.183,47.83,2.966
2003-05-20,32.647,0.355,43.44,1.914
2003-05-21,33.12,0.003,47.54,2.968
2003-05-22,31.398,0.07,55.17,3.252
2003-05-23,31.158,0.218,55.14,2.253
2003-05-24,32.373,0.06,46.53,0.531
2003-05-25,34.395,0.004,31.96,3.354
2003-05-26,35.474,-0.0,23.81,5.543
2003-05-27,35.383,0.002,19.93,5.041
2003-05-28,35.326,0.003,16.92,3.988
2003-05-29,34.939,0.002,19.86,2.52
2003-05-30,34.228,0.0,23.48,0.791
2003-05-31,34.619,0.001,38.05,1.243
2003-06-01,35.393,0.001,42.9,1.911
2003-06-02,35.652,0.002,41.35,1.638
2003-06-03,36.093,0.006,41.76,3.0
2003-06-04,33.512,1.101,54.09,4.818
2003-06-05,32.415,1.476,55.3,3.716
2003-06-06,30.565,4.24,60.91,3.521
2003-06-07,29.507,2.932,65.25,3.486
2003-06-08,29.248,7.308,70.66,2.237
2003-06-09,29.947,4.215,70.8,1.698
2003-06-10,31.376,0.114,66.18,2.731
2003-06-11,31.816,2.278,66.54,2.244
2003-06-12,32.488,0.183,62.69,2.2
2003-06-13,32.319,4.339,61.37,3.093
2003-06-14,31.159,2.269,64.56,3.421
2003-06-15,30.111,8.8,69.63,3.35
2003-06-16,29.417,2.738,74.67,4.052
2003-06-17,30.362,3.201,70.19,3.401
2003-06-18,30.691,1.348,67.5,3.452
2003-06-19,31.17,1.088,65.97,3.024
2003-06-20,30.552,1.555,71.02,2.743
2003-06-21,30.514,11.906,71.85,1.874
2003-06-22,29.564,7.315,76.52,2.875
2003-06-23,27.592,34.699,81.44,3.442
2003-06-24,26.817,14.779,87.54,3.628
2003-06-25,27.943,14.21,85.01,1.856
2003-06-26,28.178,17.13,86.14,0.904
2003-06-27,26.608,26.9,92.79,1.618
2003-06-28,27.342,18.169,86.99,1.118
2003-06-29,27.982,12.691,84.66,1.02
2003-06-30,28.198,7.034,84.48,0.901
2003-07-01,28.18,3.721,82.45,2.514
2003-07-02,27.709,9.447,85.03,3.4
2003-07-03,27.427,13.759,86.32,2.713
2003-07-04,27.132,21.678,88.97,3.117
2003-07-05,27.939,7.914,83.99,3.527
2003-07-06,29.082,2.445,79.99,2.957
2003-07-07,29.39,3.835,82.34,0.991
2003-07-08,28.412,15.075,84.45,1.058
2003-07-09,26.905,15.731,89.69,1.193
2003-07-10,27.591,8.397,83.25,2.56
2003-07-11,27.006,22.271,88.54,2.266
2003-07-12,26.432,18.607,90.45,2.188
2003-07-13,27.675,19.674,87.2,1.325
2003-07-14,27.375,9.451,86.03,2.871
2003-07-15,27.751,2.612,83.4,4.081
2003-07-16,29.184,1.392,78.5,4.336
2003-07-17,28.703,13.238,83.06,3.695
2003-07-18,29.601,3.487,79.3,2.647
2003-07-19,28.497,15.282,86.46,2.192
2003-07-20,27.88,13.599,86.86,2.683
2003-07-21,28.496,18.329,84.7,2.133
2003-07-22,27.721,13.323,86.02,1.795
2003-07-23,28.511,9.65,84.13,1.791
2003-07-24,29.842,2.468,80.89,0.386
2003-07-25,29.972,4.622,81.13,0.5
2003-07-26,30.385,4.934,75.13,4.505
2003-07-27,28.932,5.44,77.54,6.741
2003-07-28,27.733,14.973,85.69,3.433
2003-07-29,27.833,1.799,84.67,2.399
2003-07-30,27.99,22.884,83.39,4.306
2003-07-31,26.407,20.137,92.84,0.465
2003-08-01,26.932,18.175,89.81,3.53
2003-08-02,26.602,22.974,90.0,3.42
2003-08-03,27.898,8.194,86.03,1.709
2003-08-04,29.769,1.742,81.52,0.358
2003-08-05,30.261,2.093,78.62,1.068
2003-08-06,30.233,6.405,81.02,0.535
2003-08-07,30.27,6.505,79.99,1.862
2003-08-08,29.39,4.919,82.71,2.211
2003-08-09,28.562,9.834,85.8,1.721
2003-08-10,28.001,14.056,87.28,0.945
2003-08-11,27.877,15.271,86.78,0.772
2003-08-12,27.511,25.698,87.76,2.242
2003-08-13,27.034,22.523,90.35,3.999
2003-08-14,27.488,16.116,88.73,3.001
2003-08-15,27.892,9.119,86.16,3.828
2003-08-16,28.237,3.768,85.95,2.808
2003-08-17,28.093,13.433,87.86,1.411
2003-08-18,26.399,26.069,94.65,1.404
2003-08-19,25.323,19.714,96.73,0.878
2003-08-20,26.335,9.558,90.72,1.663
2003-08-21,27.934,1.745,84.78,1.584
2003-08-22,28.98,5.784,82.96,3.056
2003-08-23,28.323,3.08,80.85,6.188
2003-08-24,28.076,5.759,84.12,4.009
2003-08-25,27.237,17.168,89.72,1.748
2003-08-26,27.806,14.565,86.27,0.66
2003-08-27,27.642,9.102,86.65,1.457
2003-08-28,28.281,3.684,83.14,2.559
2003-08-29,28.031,4.323,83.54,3.968
2003-08-30,27.561,10.924,87.41,2.99
2003-08-31,27.371,14.808,88.6,1.805
2003-09-01,26.851,12.161,89.77,2.596
2003-09-02,27.536,5.601,84.73,3.802
2003-09-03,27.759,12.123,84.88,3.223
2003-09-04,26.578,29.034,90.65,2.607
2003-09-05,26.463,37.486,90.94,3.135
2003-09-06,27.109,8.701,87.32,3.424
2003-09-07,27.459,18.737,85.39,3.227
2003-09-08,27.356,5.572,85.07,3.868
2003-09-09,27.204,12.577,85.97,4.28
2003-09-10,27.472,14.948,86.84,3.531
2003-09-11,28.194,2.503,85.48,1.923
2003-09-12,27.474,7.968,87.23,1.921
2003-09-13,26.518,12.652,90.84,2.204
2003-09-14,27.163,9.47,87.39,2.965
2003-09-15,26.627,10.645,89.13,3.481
2003-09-16,26.58,14.35,89.9,2.666
2003-09-17,26.661,12.184,89.63,2.318
2003-09-18,26.399,6.971,89.05,2.158
2003-09-19,27.698,5.615,86.89,1.769
2003-09-20,27.89,6.088,85.91,2.194
2003-09-21,26.86,12.599,88.84,2.176
2003-09-22,25.955,13.67,91.95,2.139
2003-09-23,25.515,22.459,91.61,2.358
2003-09-24,24.656,34.547,93.53,3.144
2003-09-25,25.727,6.326,87.59,2.541
2003-09-26,27.06,4.113,84.62,1.327
2003-09-27,26.906,5.106,86.08,0.586
2003-09-28,25.741,10.367,90.39,1.026
2003-09-29,24.949,19.921,94.95,1.038
2003-09-30,25.469,10.45,90.85,0.426
2003-10-01,26.296,0.469,81.17,1.885
2003-10-02,25.229,0.002,76.21,1.815
2003-10-03,24.668,0.006,71.85,1.072
2003-10-04,24.759,0.001,72.25,0.982
2003-10-05,25.821,0.001,72.14,0.645
2003-10-06,26.573,0.883,81.22,2.463
2003-10-07,26.885,0.17,75.94,3.648
2003-10-08,25.693,0.463,77.13,4.017
2003-10-09,25.625,0.141,77.55,1.113
2003-10-10,26.046,0.012,76.23,2.981
2003-10-11,25.362,0.001,69.68,2.454
2003-10-12,24.721,0.0,68.96,2.211
2003-10-13,23.045,0.0,64.25,2.357
2003-10-14,22.54,0.0,66.73,1.728
2003-10-15,24.197,0.001,69.13,0.545
2003-10-16,25.206,0.003,73.37,0.476
2003-10-17,25.432,0.001,74.02,1.294
2003-10-18,25.387,0.0,71.82,1.409
2003-10-19,25.441,0.001,66.21,1.859
2003-10-20,24.437,0.0,60.98,2.413
2003-10-21,23.755,0.003,60.39,1.614
2003-10-22,23.971,0.001,58.76,0.32
2003-10-23,23.975,0.689,60.03,0.996
2003-10-24,23.585,0.29,73.95,1.452
2003-10-25,22.628,0.09,75.48,2.072
2003-10-26,23.534,1.169,75.79,1.034
2003-10-27,23.791,0.457,80.26,0.962
2003-10-28,24.432,0.038,76.33,0.465
2003-10-29,25.16,0.004,69.2,2.057
2003-10-30,24.929,0.001,63.48,2.366
2003-10-31,23.486,0.0,57.39,2.078
2003-11-01,23.608,0.001,56.09,1.235
2003-11-02,24.061,0.0,59.83,0.979
2003-11-03,23.918,0.001,60.76,1.714
2003-11-04,23.13,0.002,60.68,1.746
2003-11-05,23.325,0.002,61.82,1.801
2003-11-06,23.937,0.0,57.5,1.669
2003-11-07,23.562,0.002,57.11,1.171
2003-11-08,23.55,0.0,54.74,2.113
2003-11-09,22.926,0.003,49.58,2.828
2003-11-10,21.487,0.001,56.17,2.018
2003-11-11,21.122,0.001,57.3,0.55
2003-11-12,21.427,0.0,59.69,0.242
2003-11-13,21.964,0.001,62.52,0.792
2003-11-14,22.198,0.0,62.13,0.973
2003-11-15,21.285,0.001,56.91,2.304
2003-11-16,20.652,0.001,60.43,2.128
2003-11-17,21.412,0.002,62.12,1.486
2003-11-18,22.214,0.002,57.92,1.873
2003-11-19,22.532,0.001,52.67,3.149
2003-11-20,20.805,0.0,43.88,4.093
2003-11-21,18.48,0.0,55.65,2.329
2003-11-22,18.681,0.0,56.22,1.99
2003-11-23,18.935,0.0,58.5,1.271
2003-11-24,19.461,0.0,52.82,1.748
2003-11-25,18.514,0.001,50.69,2.575
2003-11-26,17.489,0.0,57.47,1.772
2003-11-27,17.137,0.002,50.85,1.874
2003-11-28,16.724,-0.0,54.4,1.228
2003-11-29,17.146,0.001,54.93,0.988
2003-11-30,17.442,0.002,57.21,2.072
2003-12-01,16.906,0.001,52.84,2.306
2003-12-02,17.106,0.001,57.76,1.922
2003-12-03,17.064,0.001,56.94,2.055
2003-12-04,17.551,0.003,59.52,1.649
2003-12-05,17.747,0.0,60.5,1.719
2003-12-06,17.848,0.001,63.31,0.825
2003-12-07,18.251,0.001,63.69,1.19
2003-12-08,18.928,0.001,62.98,1.036
2003-12-09,19.464,0.001,62.9,0.628
2003-12-10,19.17,0.001,65.41,1.342
2003-12-11,19.003,0.0,65.51,1.765
2003-12-12,19.711,0.002,62.27,0.521
2003-12-13,19.276,0.001,64.56,0.941
2003-12-14,19.575,0.0,63.89,0.51
2003-12-15,19.299,0.003,66.57,0.889
2003-12-16,18.564,0.002,67.62,1.477
2003-12-17,18.329,0.0,70.62,0.707
2003-12-18,17.953,0.001,71.3,1.147
2003-12-19,18.024,0.0,65.02,2.426
2003-12-20,17.169,0.001,62.41,2.773
2003-12-21,16.003,0.001,65.81,2.331
2003-12-22,14.932,0.001,67.11,1.65
2003-12-23,14.895,0.0,65.5,1.902
2003-12-24,14.995,0.001,60.15,3.072
2003-12-25,14.148,0.0,65.13,2.306
2003-12-26,13.772,0.003,62.94,1.114
2003-12-27,13.842,5.212,70.3,1.409
2003-12-28,14.616,1.002,70.07,1.958
2003-12-29,13.665,0.001,74.14,2.251
2003-12-30,13.01,0.0,76.04,1.863
2003-12-31,13.257,0.001,78.15,1.887
2004-01-01,13.298,0.0,79.29,2.138
2004-01-02,13.025,0.0,80.24,1.966
2004-01-03,13.181,0.0,78.51,2.254
2004-01-04,12.682,0.0,76.84,1.833
2004-01-05,13.088,0.001,75.61,0.85
2004-01-06,13.476,0.0,77.63,2.008
2004-01-07,13.752,0.001,79.92,2.328
2004-01-08,13.796,0.002,76.56,2.773
2004-01-09,13.698,0.002,74.51,2.084
2004-01-10,14.215,0.001,75.93,0.949
2004-01-11,14.697,0.002,77.46,1.458
2004-01-12,14.733,0.001,78.06,1.304
2004-01-13,14.703,0.0,74.89,1.508
2004-01-14,15.604,0.002,74.21,1.427
2004-01-15,16.609,0.005,74.58,0.835
2004-01-16,16.561,0.057,73.51,0.769
2004-01-17,16.08,0.003,73.48,0.925
2004-01-18,16.216,0.236,73.63,0.952
2004-01-19,16.675,0.0,76.05,2.478
2004-01-20,15.641,0.001,75.16,0.571
2004-01-21,16.241,5.083,75.76,1.754
2004-01-22,16.935,10.583,81.66,1.324
2004-01-23,16.243,21.099,91.82,2.39
2004-01-24,15.613,2.274,83.4,1.971
2004-01-25,13.885,0.033,77.97,2.534
2004-01-26,13.572,0.001,75.27,2.444
2004-01-27,13.453,0.002,74.03,2.513
2004-01-28,13.843,0.0,74.85,1.529
2004-01-29,14.133,0.003,75.53,0.343
2004-01-30,15.21,0.011,74.1,1.446
2004-01-31,15.525,1.556,80.18,1.591
2004-02-01,16.072,0.017,79.88,2.307
2004-02-02,14.212,0.003,70.95,3.643
2004-02-03,13.736,0.001,69.0,3.932
2004-02-04,13.133,0.001,74.03,1.585
2004-02-05,13.767,0.001,72.9,0.745
2004-02-06,14.396,0.001,68.28,2.349
2004-02-07,14.723,0.001,71.62,1.519
2004-02-08,15.167,0.001,69.51,0.715
2004-02-09,16.292,0.002,69.18,0.198
2004-02-10,17.112,0.001,68.23,0.672
2004-02-11,17.805,0.001,72.11,0.505
2004-02-12,18.433,0.014,75.07,0.891
2004-02-13,18.773,0.002,70.71,1.353
2004-02-14,19.09,0.025,70.39,2.383
2004-02-15,17.883,0.001,67.14,2.191
2004-02-16,18.153,0.0,67.76,0.892
2004-02-17,19.336,0.001,67.39,0.548
2004-02-18,19.746,0.011,68.9,0.789
2004-02-19,20.697,0.08,67.29,0.916
2004-02-20,20.376,0.001,66.56,2.165
2004-02-21,19.437,0.001,63.45,1.645
2004-02-22,20.69,0.002,54.56,3.237
2004-02-23,19.883,0.002,60.11,2.179
2004-02-24,20.538,0.0,57.48,1.482
2004-02-25,21.342,0.0,64.6,0.917
2004-02-26,21.669,0.003,60.62,1.493
2004-02-27,22.648,0.0,64.45,1.509
2004-02-28,24.324,0.001,53.71,3.072
2004-02-29,25.456,0.001,34.64,5.0
2004-03-01,23.465,0.002,31.86,5.466
2004-03-02,21.818,0.002,38.71,4.417
2004-03-03,21.342,0.001,44.79,3.528
2004-03-04,21.749,0.001,43.67,3.163
2004-03-05,23.032,0.0,39.96,3.802
2004-03-06,23.617,0.001,40.03,3.36
2004-03-07,22.799,0.0,42.29,1.511
2004-03-08,23.426,0.001,45.05,3.195
2004-03-09,23.767,0.0,46.47,0.367
2004-03-10,24.269,0.001,50.25,0.623
2004-03-11,23.715,0.005,62.45,1.015
2004-03-12,24.802,0.004,57.01,0.782
2004-03-13,25.711,0.001,55.78,0.398
2004-03-14,26.238,0.001,57.06,0.721
2004-03-15,26.765,0.001,52.72,0.309
2004-03-16,27.416,0.0,53.14,1.182
2004-03-17,28.619,0.001,51.46,2.165
2004-03-18,28.967,0.002,53.57,0.463
2004-03-19,28.572,0.001,44.95,2.627
2004-03-20,27.207,0.001,46.05,1.285
2004-03-21,27.041,0.002,54.26,0.673
2004-03-22,29.209,-0.0,44.48,2.305
2004-03-23,30.881,0.0,33.78,3.434
2004-03-24,31.531,0.001,22.35,4.694
2004-03-25,30.194,0.001,22.01,3.831
2004-03-26,30.938,0.016,22.53,2.8
2004-03-27,30.769,0.013,25.59,2.378
2004-03-28,29.411,0.0,21.9,3.837
2004-03-29,28.874,0.001,25.1,3.574
2004-03-30,28.442,0.002,23.52,2.987
2004-03-31,28.347,0.001,25.0,1.951
2004-04-01,29.134,0.0,29.2,0.794
2004-04-02,28.789,0.006,43.23,1.761
2004-04-03,29.765,0.003,35.8,1.103
2004-04-04,29.487,0.001,45.13,2.09
2004-04-05,29.382,0.076,47.23,1.999
2004-04-06,29.521,0.7,44.59,1.285
2004-04-07,29.088,0.853,48.77,3.423
2004-04-08,28.349,0.674,53.54,3.818
2004-04-09,29.113,0.01,51.0,2.308
2004-04-10,30.15,0.0,48.19,0.768
2004-04-11,30.699,0.0,41.66,0.421
2004-04-12,30.606,0.0,35.45,0.909
2004-04-13,31.819,0.003,28.88,1.788
2004-04-14,31.731,0.002,30.72,0.31
2004-04-15,33.265,0.002,24.58,2.369
2004-04-16,33.43,0.0,22.93,1.979
2004-04-17,32.271,0.001,39.84,1.878
2004-04-18,31.608,0.047,42.32,2.319
2004-04-19,31.081,0.001,45.29,4.252
2004-04-20,30.88,0.003,46.6,3.029
2004-04-21,31.097,0.005,45.27,2.741
2004-04-22,29.791,1.526,56.41,3.647
2004-04-23,26.972,5.701,62.19,2.0
2004-04-24,27.27,0.347,55.86,2.198
2004-04-25,27.165,1.128,58.25,1.807
2004-04-26,28.323,0.005,48.49,1.817
2004-04-27,28.882,0.13,51.14,1.633
2004-04-28,28.758,0.434,53.77,3.081
2004-04-29,29.865,0.413,51.65,3.858
2004-04-30,29.811,0.305,53.25,3.883
2004-05-01,29.38,1.468,46.61,1.17
2004-05-02,28.665,0.001,30.47,4.377
2004-05-03,27.917,0.001,28.59,3.466
2004-05-04,29.133,0.0,34.77,1.459
2004-05-05,31.168,0.001,30.97,0.316
2004-05-06,32.024,0.001,29.61,1.706
2004-05-07,32.865,0.002,36.62,2.147
2004-05-08,33.621,0.0,38.74,1.311
2004-05-09,34.394,0.002,33.67,1.837
2004-05-10,34.706,0.001,30.1,2.931
2004-05-11,34.142,0.001,22.86,3.447
2004-05-12,35.213,0.0,25.53,3.551
2004-05-13,35.682,0.001,31.16,4.584
2004-05-14,35.799,0.002,34.51,3.972
2004-05-15,36.133,-0.0,29.83,1.853
2004-05-16,35.276,0.037,46.7,3.437
2004-05-17,34.159,0.039,50.55,4.222
2004-05-18,33.145,0.023,54.59,3.283
2004-05-19,33.979,0.03,49.37,2.335
2004-05-20,33.502,0.107,51.83,2.286
2004-05-21,30.7,1.874,56.26,3.869
2004-05-22,28.466,0.69,62.59,4.569
2004-05-23,30.719,0.073,55.64,3.936
2004-05-24,29.225,2.484,65.23,3.244
2004-05-25,29.255,3.478,64.49,2.301
2004-05-26,28.841,9.084,67.74,2.348
2004-05-27,29.295,4.592,68.69,2.587
2004-05-28,29.855,0.244,63.52,1.037
2004-05-29,30.966,0.013,55.21,1.567
2004-05-30,31.471,0.023,56.8,2.86
2004-05-31,31.633,0.233,59.6,4.397
2004-06-01,30.427,0.336,63.96,4.712
2004-06-02,31.148,0.141,62.19,3.616
2004-06-03,30.723,0.103,64.44,3.298
2004-06-04,30.912,3.709,60.74,4.604
2004-06-05,30.002,0.803,65.06,3.768
2004-06-06,30.818,1.293,61.67,3.091
2004-06-07,29.767,0.204,67.21,3.423
2004-06-08,31.635,0.02,59.38,2.703
2004-06-09,31.64,0.917,59.79,0.851
2004-06-10,30.867,3.355,64.6,1.289
2004-06-11,29.355,10.134,73.67,2.158
2004-06-12,30.793,2.653,65.64,3.548
2004-06-13,29.707,6.424,66.92,5.682
2004-06-14,28.323,8.311,74.22,6.788
2004-06-15,27.982,8.386,78.7,7.642
2004-06-16,27.139,32.62,87.81,4.276
2004-06-17,27.524,110.246,87.27,4.808
2004-06-18,26.399,32.987,92.46,4.116
2004-06-19,26.487,15.3,89.67,2.325
2004-06-20,27.225,15.448,88.09,0.701
2004-06-21,28.475,13.2,82.8,1.447
2004-06-22,30.527,3.533,72.33,3.859
2004-06-23,30.977,2.622,67.39,4.627
2004-06-24,31.028,0.591,68.36,2.706
2004-06-25,30.352,1.051,72.17,2.315
2004-06-26,30.822,0.674,70.69,2.13
2004-06-27,30.822,2.144,71.66,2.39
2004-06-28,30.786,0.927,73.82,1.7
2004-06-29,31.519,0.022,66.39,1.633
2004-06-30,31.91,0.116,68.21,1.192
2004-07-01,29.998,7.525,77.31,3.156
2004-07-02,28.509,6.407,81.92,3.011
2004-07-03,27.026,10.866,89.11,3.364
2004-07-04,28.33,4.827,81.83,3.564
2004-07-05,26.65,17.462,91.11,3.201
2004-07-06,26.576,64.175,93.39,1.586
2004-07-07,26.479,21.149,93.01,1.044
2004-07-08,26.5,53.923,89.58,3.641
2004-07-09,27.774,8.51,83.19,4.06
2004-07-10,30.131,1.811,70.03,4.574
2004-07-11,29.426,9.931,74.93,1.691
2004-07-12,28.271,16.549,82.52,0.422
2004-07-13,27.154,5.065,85.89,1.0
2004-07-14,26.973,12.248,86.54,2.301
2004-07-15,27.791,5.086,81.71,3.37
2004-07-16,27.839,5.194,80.88,4.02
2004-07-17,26.081,7.145,91.34,2.522
2004-07-18,25.933,9.772,93.9,1.342
2004-07-19,29.753,1.916,75.35,5.008
2004-07-20,31.061,0.369,69.67,5.585
2004-07-21,30.557,0.613,72.19,1.606
2004-07-22,28.529,0.518,79.65,2.859
2004-07-23,29.103,1.55,79.53,2.759
2004-07-24,28.271,8.309,81.3,3.633
2004-07-25,27.544,16.501,85.3,3.289
2004-07-26,28.434,5.332,82.08,3.134
2004-07-27,29.191,2.291,78.86,3.232
2004-07-28,28.691,2.579,80.12,4.146
2004-07-29,28.396,8.062,79.8,4.714
2004-07-30,27.926,5.54,80.37,4.858
2004-07-31,27.352,14.106,85.3,3.686
2004-08-01,27.766,5.521,84.42,2.905
2004-08-02,28.153,5.778,84.53,3.047
2004-08-03,29.12,4.284,80.35,3.529
2004-08-04,28.939,3.293,80.14,4.844
2004-08-05,28.898,1.589,75.58,5.61
2004-08-06,27.93,4.471,83.32,3.888
2004-08-07,28.503,2.621,80.68,4.066
2004-08-08,28.318,3.286,79.28,4.94
2004-08-09,27.923,11.323,82.84,4.13
2004-08-10,28.37,6.647,81.75,3.592
2004-08-11,28.674,6.918,81.73,3.316
2004-08-12,29.025,8.897,81.42,3.268
2004-08-13,28.49,7.95,78.18,4.963
2004-08-14,27.817,5.981,81.92,4.546
2004-08-15,27.857,7.387,85.4,3.255
2004-08-16,27.784,8.075,85.76,2.538
2004-08-17,28.162,11.937,86.76,1.23
2004-08-18,28.093,8.378,85.7,0.396
2004-08-19,27.358,13.256,87.67,0.683
2004-08-20,27.29,12.718,89.16,2.163
2004-08-21,28.911,8.432,81.38,4.029
2004-08-22,28.829,2.401,81.05,4.176
2004-08-23,28.919,4.364,80.24,3.631
2004-08-24,27.423,10.231,86.98,2.16
2004-08-25,27.93,2.417,82.93,0.928
2004-08-26,27.745,2.619,83.81,2.32
2004-08-27,27.525,7.717,86.38,2.23
2004-08-28,27.985,3.178,88.31,1.044
2004-08-29,28.557,2.591,86.23,0.615
2004-08-30,29.234,2.192,82.3,1.879
2004-08-31,29.523,0.636,76.46,3.073
2004-09-01,29.465,1.163,78.63,2.769
2004-09-02,29.692,0.365,74.39,2.727
2004-09-03,29.48,0.539,76.75,1.843
2004-09-04,29.01,0.531,80.06,0.301
2004-09-05,28.891,1.959,81.52,1.746
2004-09-06,28.171,3.808,86.3,2.34
2004-09-07,29.112,1.295,84.33,0.777
2004-09-08,29.768,0.596,75.94,1.856
2004-09-09,29.764,0.388,74.65,0.917
2004-09-10,27.866,2.858,83.63,2.521
2004-09-11,27.115,7.409,85.79,2.041
2004-09-12,28.108,1.795,82.38,1.139
2004-09-13,28.523,0.479,77.07,0.88
2004-09-14,27.929,1.082,80.5,1.264
2004-09-15,27.264,0.547,80.06,0.881
2004-09-16,28.398,0.185,77.35,0.201
2004-09-17,27.438,4.225,82.41,0.994
2004-09-18,27.128,3.704,81.5,2.784
2004-09-19,26.053,6.51,86.73,3.645
2004-09-20,27.048,2.941,82.56,3.939
2004-09-21,27.571,5.988,81.82,3.578
2004-09-22,27.791,6.201,85.32,1.745
2004-09-23,28.332,3.123,82.82,1.013
2004-09-24,27.955,0.981,80.74,1.185
2004-09-25,28.155,0.496,79.11,0.446
2004-09-26,28.266,0.374,77.96,0.198
2004-09-27,27.916,1.051,81.0,0.834
2004-09-28,27.77,0.698,77.99,1.429
2004-09-29,26.878,2.255,83.2,2.25
2004-09-30,26.785,8.974,85.0,2.102
2004-10-01,25.476,4.169,88.42,2.43
2004-10-02,26.19,3.343,85.97,3.009
2004-10-03,26.785,3.684,82.36,2.773
2004-10-04,26.744,1.296,84.34,2.476
2004-10-05,26.527,1.017,81.79,2.229
2004-10-06,26.217,2.202,81.42,3.037
2004-10-07,25.881,1.012,77.96,1.377
2004-10-08,26.36,0.623,78.77,1.792
2004-10-09,26.634,0.118,75.98,0.872
2004-10-10,26.968,0.237,79.85,1.939
2004-10-11,26.518,0.749,80.82,1.687
2004-10-12,24.32,10.213,84.3,0.77
2004-10-13,24.851,0.203,73.46,2.08
2004-10-14,22.662,2.742,79.04,1.577
2004-10-15,23.048,0.0,69.65,2.545
2004-10-16,22.21,0.002,69.28,2.29
2004-10-17,22.453,0.001,67.9,1.863
2004-10-18,22.547,0.002,68.13,1.688
2004-10-19,23.225,0.0,69.41,1.399
2004-10-20,23.423,0.001,70.06,1.189
2004-10-21,23.258,0.001,65.15,1.714
2004-10-22,23.564,0.002,66.23,1.592
2004-10-23,23.474,0.015,66.95,1.483
2004-10-24,23.151,0.001,63.2,1.055
2004-10-25,23.413,0.001,61.55,1.121
2004-10-26,24.21,0.006,59.18,0.69
2004-10-27,24.049,0.098,62.25,0.788
2004-10-28,23.697,0.227,65.17,0.921
2004-10-29,23.175,0.078,61.01,0.657
2004-10-30,22.749,0.003,54.16,2.246
2004-10-31,22.12,0.001,50.5,2.599
2004-11-01,21.938,0.0,49.78,2.811
2004-11-02,21.138,0.0,44.75,2.721
2004-11-03,20.642,0.002,46.11,2.5
2004-11-04,20.63,0.002,54.95,1.124
2004-11-05,21.123,0.0,56.41,1.034
2004-11-06,21.711,0.002,56.73,1.145
2004-11-07,22.03,0.001,57.28,1.628
2004-11-08,21.857,0.001,55.41,1.7
2004-11-09,21.309,0.001,52.02,2.229
2004-11-10,21.216,0.001,53.11,1.015
2004-11-11,21.155,0.001,55.77,1.092
2004-11-12,21.346,0.001,56.04,1.86
2004-11-13,21.708,0.001,51.61,2.783
2004-11-14,21.583,0.0,52.72,2.488
2004-11-15,21.352,0.0,55.42,2.129
2004-11-16,21.819,0.001,58.5,0.71
2004-11-17,21.791,0.0,60.1,1.183
2004-11-18,21.833,0.001,63.67,1.517
2004-11-19,21.607,0.001,60.95,1.723
2004-11-20,22.003,0.001,60.93,0.604
2004-11-21,21.66,0.001,63.42,0.927
2004-11-22,22.195,0.001,61.59,0.864
2004-11-23,21.666,0.042,64.91,1.092
2004-11-24,20.573,0.059,67.54,2.049
2004-11-25,21.149,0.111,66.91,1.935
2004-11-26,20.773,0.126,66.17,1.313
2004-11-27,20.919,0.006,63.37,1.641
2004-11-28,20.574,0.001,62.0,1.6
2004-11-29,20.239,0.001,61.09,2.04
2004-11-30,19.422,0.002,64.24,1.456
2004-12-01,19.581,0.001,61.96,0.689
2004-12-02,19.845,0.002,62.48,1.286
2004-12-03,19.516,0.0,61.47,2.311
2004-12-04,19.382,0.002,58.29,2.655
2004-12-05,18.675,-0.0,61.5,2.016
2004-12-06,18.561,0.0,65.74,1.186
2004-12-07,20.164,0.001,63.63,0.804
2004-12-08,20.366,0.001,63.94,1.369
2004-12-09,18.956,0.0,67.67,1.497
2004-12-10,19.204,0.001,63.75,0.601
2004-12-11,20.006,0.001,63.25,0.369
2004-12-12,19.888,0.0,66.89,0.624
2004-12-13,19.933,0.001,68.16,1.988
2004-12-14,19.131,0.0,66.99,2.341
2004-12-15,18.519,0.002,68.01,1.486
2004-12-16,19.039,0.0,65.53,0.487
2004-12-17,19.453,0.0,65.52,0.114
2004-12-18,19.033,0.002,67.53,0.931
2004-12-19,19.068,0.01,69.09,0.288
2004-12-20,18.37,0.01,70.72,1.184
2004-12-21,18.17,0.003,70.12,1.243
2004-12-22,16.748,0.001,73.24,1.066
2004-12-23,16.639,0.002,75.33,0.881
2004-12-24,16.248,0.0,69.89,2.446
2004-12-25,15.49,0.003,62.19,3.625
2004-12-26,13.955,0.003,61.46,3.726
2004-12-27,13.147,0.0,63.94,0.564
2004-12-28,14.207,0.001,68.64,1.703
2004-12-29,14.745,0.002,68.8,2.296
2004-12-30,15.504,0.003,69.08,0.719
2004-12-31,16.448,0.001,69.2,2.198
2005-01-01,17.56,0.001,70.23,1.077
2005-01-02,17.54,0.049,74.46,0.639
2005-01-03,18.735,0.073,73.47,2.126
2005-01-04,17.312,0.001,63.57,3.48
2005-01-05,15.596,0.001,65.32,2.335
2005-01-06,15.104,0.001,62.37,2.225
2005-01-07,15.268,-0.0,63.44,2.901
2005-01-08,15.028,0.0,70.86,2.127
2005-01-09,15.474,0.001,64.99,2.583
2005-01-10,16.667,0.722,65.16,0.959
2005-01-11,16.107,0.12,70.52,0.936
2005-01-12,15.754,0.001,62.03,2.172
2005-01-13,14.968,0.002,57.8,2.488
2005-01-14,15.446,0.001,60.56,2.209
2005-01-15,16.517,0.002,66.03,1.456
2005-01-16,18.245,0.513,58.24,1.651
2005-01-17,18.499,7.054,68.23,1.198
2005-01-18,15.615,6.726,84.18,1.005
2005-01-19,14.781,0.0,67.8,3.452
2005-01-20,13.451,0.001,62.61,2.806
2005-01-21,14.637,1.075,68.44,0.516
2005-01-22,15.99,1.051,69.06,2.193
2005-01-23,13.885,16.11,83.16,2.847
2005-01-24,14.498,0.192,80.24,0.818
2005-01-25,15.185,0.0,71.09,2.288
2005-01-26,15.281,0.0,71.18,2.791
2005-01-27,15.951,0.001,72.64,0.759
2005-01-28,15.537,0.942,82.92,0.978
2005-01-29,16.274,0.053,81.8,0.127
2005-01-30,17.922,0.595,78.5,0.677
2005-01-31,16.737,11.4,92.07,0.363
2005-02-01,15.914,0.513,77.96,3.696
2005-02-02,14.488,0.001,67.86,3.631
2005-02-03,14.412,0.001,69.69,1.956
2005-02-04,15.701,0.0,65.47,0.607
2005-02-05,16.877,0.0,65.32,0.691
2005-02-06,17.487,0.016,67.64,1.178
2005-02-07,17.181,4.977,81.85,1.471
2005-02-08,18.013,0.919,82.78,0.976
2005-02-09,18.878,0.0,71.48,2.902
2005-02-10,20.049,0.001,62.36,3.228
2005-02-11,22.054,0.053,60.81,3.304
2005-02-12,22.592,0.001,58.22,4.705
2005-02-13,22.409,0.0,46.59,7.943
2005-02-14,21.653,0.0,44.0,7.852
2005-02-15,20.38,0.184,58.81,2.456
2005-02-16,19.528,0.454,72.78,1.267
2005-02-17,21.41,2.572,55.24,0.616
2005-02-18,20.556,0.004,66.05,1.051
2005-02-19,22.636,0.057,57.72,0.852
2005-02-20,22.005,0.991,62.59,1.908
2005-02-21,20.802,1.176,65.32,2.103
2005-02-22,19.555,13.655,78.71,1.97
2005-02-23,17.328,0.001,59.6,2.819
2005-02-24,19.12,0.001,59.05,3.151
2005-02-25,20.804,0.0,48.88,4.456
2005-02-26,20.715,0.0,47.08,4.497
2005-02-27,20.663,0.003,51.45,3.214
2005-02-28,23.569,0.001,44.91,4.325
2005-03-01,25.592,0.001,38.7,4.354
2005-03-02,26.324,0.0,37.59,5.479
2005-03-03,26.329,0.003,38.09,4.774
2005-03-04,26.992,0.001,43.16,3.868
2005-03-05,25.645,0.013,46.8,2.845
2005-03-06,26.365,0.0,40.79,4.197
2005-03-07,26.75,0.0,39.94,4.027
2005-03-08,25.204,0.001,54.57,2.93
2005-03-09,25.262,0.321,56.68,2.377
2005-03-10,25.052,0.092,53.97,3.275
2005-03-11,21.379,4.755,70.18,2.071
2005-03-12,22.367,0.0,52.57,1.836
2005-03-13,23.361,0.0,49.3,0.977
2005-03-14,24.192,0.002,46.69,1.781
2005-03-15,25.057,0.0,46.95,1.499
2005-03-16,26.918,0.002,42.44,0.444
2005-03-17,27.743,-0.0,41.57,1.308
2005-03-18,27.917,0.125,50.12,2.405
2005-03-19,27.105,0.376,57.43,1.98
2005-03-20,28.548,0.002,38.24,2.907
2005-03-21,28.704,0.019,34.83,2.574
2005-03-22,27.659,0.118,37.16,1.593
2005-03-23,27.073,0.039,28.14,2.134
2005-03-24,26.031,0.108,32.28,0.481
2005-03-25,24.994,0.003,30.63,2.902
2005-03-26,25.71,0.003,33.55,1.718
2005-03-27,26.925,0.001,41.73,1.745
2005-03-28,27.736,0.149,42.91,0.951
2005-03-29,28.108,0.075,28.15,1.7
2005-03-30,27.715,0.215,26.6,1.704
2005-03-31,27.747,0.001,20.97,3.121
2005-04-01,26.524,0.001,21.72,2.509
2005-04-02,27.255,0.002,25.83,1.794
2005-04-03,27.952,0.001,24.6,1.111
2005-04-04,27.845,0.002,33.31,1.602
2005-04-05,28.911,0.0,36.72,2.182
2005-04-06,30.04,0.0,35.89,1.509
2005-04-07,31.109,0.179,35.12,3.663
2005-04-08,30.982,1.282,39.02,3.431
2005-04-09,30.154,2.139,37.34,3.27
2005-04-10,29.05,0.026,25.7,1.653
2005-04-11,26.817,0.0,16.29,3.839
2005-04-12,27.21,0.001,16.3,3.618
2005-04-13,28.264,0.001,18.51,3.021
2005-04-14,29.608,0.0,22.19,2.399
2005-04-15,31.223,0.0,20.24,2.342
2005-04-16,31.88,0.002,19.74,2.078
2005-04-17,32.154,0.0,16.27,4.045
2005-04-18,30.691,0.0,16.16,3.192
2005-04-19,31.139,0.001,16.99,1.549
2005-04-20,30.926,0.001,24.37,2.264
2005-04-21,31.081,0.002,32.14,1.454
2005-04-22,32.354,0.0,29.73,1.987
2005-04-23,31.278,1.12,44.03,1.874
2005-04-24,31.957,0.795,35.95,0.795
2005-04-25,31.508,0.059,34.87,2.177
2005-04-26,31.562,1.205,31.39,2.63
2005-04-27,32.091,0.0,23.92,3.615
2005-04-28,30.917,0.043,25.15,2.63
2005-04-29,30.121,0.004,31.09,1.045
2005-04-30,26.831,1.258,51.87,2.706
2005-05-01,28.602,0.01,46.47,2.468
2005-05-02,28.51,0.18,51.59,2.068
2005-05-03,29.678,0.34,45.77,0.633
2005-05-04,28.787,0.361,48.57,0.902
2005-05-05,29.534,0.138,46.3,0.721
2005-05-06,28.647,0.358,54.36,1.796
2005-05-07,28.701,0.104,56.32,2.388
2005-05-08,29.787,0.081,54.77,1.876
2005-05-09,31.368,0.0,39.51,0.821
2005-05-10,31.639,0.001,26.12,3.492
2005-05-11,31.459,0.001,19.34,3.69
2005-05-12,31.755,0.0,21.89,1.91
2005-05-13,32.474,0.005,23.68,0.902
2005-05-14,31.59,0.092,36.33,1.068
2005-05-15,31.809,-0.0,32.62,0.47
2005-05-16,32.133,0.001,41.18,1.985
2005-05-17,32.444,0.48,49.42,2.227
2005-05-18,32.107,0.004,49.13,2.809
2005-05-19,32.649,0.12,41.23,1.139
2005-05-20,31.374,1.956,51.05,3.244
2005-05-21,31.758,0.0,49.8,2.827
2005-05-22,32.169,0.0,50.31,2.644
2005-05-23,32.78,0.563,50.92,2.453
2005-05-24,33.169,0.002,46.61,1.013
2005-05-25,33.971,0.001,28.79,1.274
2005-05-26,34.633,0.002,27.55,0.814
2005-05-27,33.978,0.537,32.93,0.326
2005-05-28,34.419,0.001,22.35,2.582
2005-05-29,34.574,0.0,20.84,1.249
2005-05-30,33.686,0.002,29.9,2.316
2005-05-31,36.047,0.0,24.06,3.865
2005-06-01,35.459,0.0,16.97,4.585
2005-06-02,35.018,0.0,16.72,3.944
2005-06-03,35.305,0.001,21.83,1.669
2005-06-04,34.674,0.639,40.01,2.912
2005-06-05,34.363,0.115,41.61,3.72
2005-06-06,34.419,0.103,44.23,3.405
2005-06-07,33.987,0.154,45.85,1.833
2005-06-08,34.098,0.454,45.97,0.645
2005-06-09,34.863,0.001,33.99,2.064
2005-06-10,35.3,0.0,31.81,1.329
2005-06-11,35.813,0.0,34.88,0.769
2005-06-12,35.53,0.0,40.58,0.849
2005-06-13,35.164,0.001,43.91,1.228
2005-06-14,35.805,0.0,37.37,0.851
2005-06-15,36.485,0.0,28.2,2.853
2005-06-16,36.203,0.001,31.74,1.236
2005-06-17,36.182,0.001,33.29,0.316
2005-06-18,36.51,0.001,36.25,0.798
2005-06-19,35.95,0.014,44.97,2.513
2005-06-20,35.354,0.028,49.12,3.538
2005-06-21,31.935,8.714,62.7,3.768
2005-06-22,29.924,27.194,74.94,2.637
2005-06-23,28.449,6.515,81.88,0.98
2005-06-24,29.226,10.659,78.04,0.929
2005-06-25,30.169,1.982,76.02,2.575
2005-06-26,30.804,1.297,73.52,2.703
2005-06-27,31.463,0.53,68.29,3.231
2005-06-28,30.886,1.895,67.5,4.411
2005-06-29,28.618,7.139,74.6,6.102
2005-06-30,28.048,5.06,78.68,6.721
2005-07-01,27.047,12.855,85.03,4.73
2005-07-02,28.03,17.745,82.17,4.595
2005-07-03,27.745,12.621,83.7,4.771
2005-07-04,27.226,7.653,84.77,5.66
2005-07-05,27.595,14.951,82.21,5.905
2005-07-06,28.145,14.248,83.05,3.102
2005-07-07,29.735,14.511,78.33,2.054
2005-07-08,29.767,4.135,79.74,2.141
2005-07-09,30.246,1.421,75.48,2.628
2005-07-10,28.981,16.876,80.24,3.282
2005-07-11,27.366,13.439,86.76,3.287
2005-07-12,27.073,19.847,86.93,1.723
2005-07-13,25.87,17.575,91.89,1.491
2005-07-14,27.004,10.171,88.07,2.094
2005-07-15,26.269,20.665,91.58,2.04
2005-07-16,25.82,26.288,93.94,1.567
2005-07-17,26.522,12.095,91.8,1.523
2005-07-18,27.514,18.981,88.22,0.591
2005-07-19,26.894,24.079,89.48,1.798
2005-07-20,27.828,16.253,86.71,0.941
2005-07-21,27.722,23.286,86.27,0.744
2005-07-22,27.402,15.908,87.91,0.476
2005-07-23,27.754,8.641,87.38,1.73
2005-07-24,29.555,1.046,78.08,2.238
2005-07-25,29.793,0.712,78.28,2.81
2005-07-26,30.429,0.334,70.6,4.384
2005-07-27,29.898,0.58,71.77,4.886
2005-07-28,29.221,5.313,79.96,3.502
2005-07-29,30.308,0.45,77.01,1.497
2005-07-30,30.563,1.267,77.57,2.044
2005-07-31,30.466,0.08,70.42,4.926
2005-08-01,29.927,1.213,75.28,4.252
2005-08-02,29.786,6.68,80.56,1.54
2005-08-03,28.367,5.607,85.17,2.629
2005-08-04,29.824,0.252,73.56,3.688
2005-08-05,27.797,6.054,84.59,3.16
2005-08-06,27.829,13.971,87.14,1.474
2005-08-07,27.24,50.527,88.52,1.256
2005-08-08,29.159,1.052,76.65,2.861
2005-08-09,29.884,0.526,70.38,3.901
2005-08-10,29.86,0.777,71.93,4.335
2005-08-11,29.774,0.5,71.99,4.022
2005-08-12,28.988,0.519,80.63,1.38
2005-08-13,30.007,7.372,80.79,0.797
2005-08-14,28.709,11.52,87.86,0.982
2005-08-15,26.587,40.584,93.23,2.504
2005-08-16,28.298,1.447,83.01,3.326
2005-08-17,28.178,14.462,85.73,1.78
2005-08-18,27.763,28.046,88.8,1.491
2005-08-19,27.596,13.079,88.32,2.65
2005-08-20,27.136,14.637,89.36,2.023
2005-08-21,27.036,24.642,88.75,2.044
2005-08-22,26.396,23.524,91.95,2.046
2005-08-23,25.77,21.293,95.16,1.642
2005-08-24,26.211,29.46,93.45,1.478
2005-08-25,27.923,3.676,84.34,1.184
2005-08-26,28.855,0.804,78.0,2.177
2005-08-27,28.891,0.52,80.09,1.53
2005-08-28,28.68,1.934,81.26,2.003
2005-08-29,29.361,1.299,77.61,2.883
2005-08-30,29.383,0.394,75.78,2.139
2005-08-31,29.48,1.324,80.89,1.111
2005-09-01,29.886,0.726,81.17,2.222
2005-09-02,30.783,0.304,77.47,1.586
2005-09-03,29.793,11.898,79.81,2.06
2005-09-04,27.803,7.576,86.91,2.707
2005-09-05,27.085,15.578,90.09,2.466
2005-09-06,26.028,5.146,91.88,2.606
2005-09-07,28.439,1.642,82.07,1.622
2005-09-08,29.442,3.368,79.22,2.19
2005-09-09,28.831,2.439,82.12,2.481
2005-09-10,28.302,1.523,81.69,3.45
2005-09-11,27.943,5.182,81.48,3.775
2005-09-12,28.715,3.756,77.88,4.363
2005-09-13,28.435,3.006,76.0,7.022
2005-09-14,27.195,4.611,81.29,6.519
2005-09-15,26.151,3.357,88.9,2.896
2005-09-16,26.289,22.411,87.66,0.797
2005-09-17,25.701,34.684,89.6,0.324
2005-09-18,28.259,1.829,80.38,1.062
2005-09-19,28.873,1.09,81.63,1.771
2005-09-20,29.472,0.278,76.86,2.686
2005-09-21,27.976,2.144,80.63,4.39
2005-09-22,27.282,7.264,86.15,2.639
2005-09-23,26.802,19.071,88.54,0.683
2005-09-24,27.441,6.221,85.87,0.924
2005-09-25,27.289,3.165,82.33,1.898
2005-09-26,27.047,0.767,78.91,2.64
2005-09-27,27.184,0.72,85.01,1.43
2005-09-28,27.865,0.315,78.0,2.389
2005-09-29,27.724,0.159,76.9,2.283
2005-09-30,27.717,0.176,77.26,1.472
2005-10-01,27.768,0.823,79.8,1.075
2005-10-02,27.398,2.369,81.92,1.531
2005-10-03,26.835,0.948,79.25,1.747
2005-10-04,26.601,0.458,77.9,1.191
2005-10-05,26.506,1.316,82.52,0.486
2005-10-06,26.971,0.37,78.27,0.401
2005-10-07,26.664,0.666,80.53,0.722
2005-10-08,26.868,1.006,81.88,0.818
2005-10-09,26.807,0.684,81.3,1.215
2005-10-10,26.757,0.59,81.21,0.713
2005-10-11,26.873,0.42,79.12,0.621
2005-10-12,26.832,0.171,75.3,0.413
2005-10-13,26.559,0.142,76.43,0.616
2005-10-14,26.629,0.018,74.85,0.722
2005-10-15,26.608,0.052,74.44,1.161
2005-10-16,26.419,0.036,74.02,1.081
2005-10-17,26.617,0.048,70.74,0.076
2005-10-18,26.253,1.481,74.35,1.498
2005-10-19,24.384,25.757,81.21,3.217
2005-10-20,23.202,4.739,77.93,4.248
2005-10-21,22.766,17.097,83.86,2.15
2005-10-22,21.904,3.52,89.67,1.666
2005-10-23,23.505,1.277,82.4,0.834
2005-10-24,23.768,0.592,80.09,0.412
2005-10-25,23.464,0.218,78.53,0.653
2005-10-26,23.643,0.0,73.09,1.01
2005-10-27,23.592,0.001,74.07,0.529
2005-10-28,23.654,0.001,72.28,0.544
2005-10-29,23.277,0.001,73.69,1.301
2005-10-30,22.661,0.003,69.62,0.549
2005-10-31,22.415,0.0,68.32,0.44
2005-11-01,22.283,0.002,66.84,0.739
2005-11-02,21.674,0.001,69.62,0.9
2005-11-03,21.15,0.001,71.04,1.397
2005-11-04,21.255,0.003,72.51,1.925
2005-11-05,21.009,0.0,64.26,2.575
2005-11-06,20.072,0.002,65.82,2.27
2005-11-07,19.746,0.003,67.02,1.36
2005-11-08,19.875,0.0,67.77,1.478
2005-11-09,20.363,0.001,69.05,1.872
2005-11-10,20.165,0.001,67.32,1.996
2005-11-11,20.241,-0.0,66.65,1.963
2005-11-12,20.842,0.001,64.71,2.554
2005-11-13,20.348,0.0,62.97,1.917
2005-11-14,19.961,0.0,68.94,1.805
2005-11-15,19.896,0.0,66.16,2.076
2005-11-16,19.627,0.0,63.24,1.997
2005-11-17,18.644,0.003,54.33,2.691
2005-11-18,17.978,0.001,53.61,1.76
2005-11-19,18.775,0.002,58.01,0.884
2005-11-20,19.426,0.002,63.51,0.922
2005-11-21,20.02,0.001,65.45,1.046
2005-11-22,19.738,0.0,67.06,1.431
2005-11-23,20.955,0.0,63.21,0.641
2005-11-24,20.265,0.0,63.27,0.822
2005-11-25,19.676,0.0,58.83,0.768
2005-11-26,18.234,0.002,59.59,1.65
2005-11-27,18.79,0.0,60.38,1.855
2005-11-28,19.229,0.002,56.88,2.538
2005-11-29,18.972,0.002,58.13,2.458
2005-11-30,19.661,0.001,58.81,2.59
2005-12-01,19.922,0.001,59.18,2.688
2005-12-02,18.485,0.001,52.04,2.84
2005-12-03,17.988,0.012,48.3,3.073
2005-12-04,16.557,0.001,50.41,3.595
2005-12-05,15.666,0.0,60.54,2.144
2005-12-06,16.237,0.001,65.64,1.239
2005-12-07,16.813,0.002,67.64,1.818
2005-12-08,17.094,0.003,69.11,1.467
2005-12-09,17.306,0.003,67.36,1.539
2005-12-10,16.924,0.0,59.37,2.054
2005-12-11,16.405,0.001,62.07,2.191
2005-12-12,15.643,0.001,48.75,2.668
2005-12-13,14.77,0.001,49.74,2.864
2005-12-14,14.466,0.001,60.3,1.793
2005-12-15,15.159,0.0,64.26,1.166
2005-12-16,15.977,0.001,64.01,1.685
2005-12-17,16.305,0.001,67.52,1.784
2005-12-18,15.751,0.001,65.97,1.965
2005-12-19,15.636,0.0,64.96,0.731
2005-12-20,16.132,0.0,60.86,0.825
2005-12-21,16.657,0.001,61.53,1.722
2005-12-22,17.542,0.002,64.39,1.763
2005-12-23,18.219,0.085,70.16,1.154
2005-12-24,17.14,0.66,69.31,2.316
2005-12-25,16.282,0.002,62.91,2.844
2005-12-26,15.102,0.001,63.65,2.347
2005-12-27,15.876,0.001,62.88,0.381
2005-12-28,15.155,0.0,68.28,0.436
2005-12-29,16.169,0.002,67.37,0.568
2005-12-30,15.877,0.001,71.55,0.61
2005-12-31,15.74,0.0,67.21,1.285
2006-01-01,16.667,0.001,66.21,1.121
2006-01-02,17.792,0.001,63.8,0.456
2006-01-03,17.434,0.002,66.06,1.391
2006-01-04,18.011,0.0,59.02,4.049
2006-01-05,15.295,0.0,62.34,3.524
2006-01-06,14.28,0.001,66.59,2.659
2006-01-07,14.798,0.001,68.44,2.567
2006-01-08,14.454,0.0,59.97,3.229
2006-01-09,13.357,0.001,60.13,2.668
2006-01-10,13.76,0.001,67.18,2.017
2006-01-11,13.706,0.001,65.84,2.042
2006-01-12,15.132,0.001,66.9,1.818
2006-01-13,15.714,0.0,66.41,2.378
2006-01-14,15.42,0.0,62.78,2.224
2006-01-15,16.335,0.001,66.04,0.7
2006-01-16,17.217,0.002,65.77,1.524
2006-01-17,18.302,0.001,68.56,0.317
2006-01-18,20.301,0.001,64.89,3.747
2006-01-19,20.915,0.0,51.8,4.961
2006-01-20,19.005,0.001,40.14,4.957
2006-01-21,18.646,0.0,40.83,5.031
2006-01-22,15.614,0.0,47.04,3.632
2006-01-23,14.317,0.0,46.93,2.715
2006-01-24,13.793,0.0,53.48,2.725
2006-01-25,14.217,0.0,64.4,1.419
2006-01-26,15.772,0.0,62.01,2.129
2006-01-27,15.622,0.001,58.11,2.308
2006-01-28,16.245,0.002,59.21,2.019
2006-01-29,17.085,0.001,62.35,2.069
2006-01-30,18.591,0.001,60.64,0.091
2006-01-31,19.064,0.001,67.2,0.252
2006-02-01,19.578,0.002,71.5,1.692
2006-02-02,18.806,0.001,66.76,1.731
2006-02-03,18.645,0.002,60.36,2.195
2006-02-04,19.022,0.001,62.64,2.062
2006-02-05,19.762,0.001,67.57,0.477
2006-02-06,20.035,0.001,65.86,0.647
2006-02-07,20.719,0.0,65.37,0.574
2006-02-08,21.125,0.001,66.26,0.538
2006-02-09,20.981,0.004,66.52,0.897
2006-02-10,20.554,0.086,67.13,1.623
2006-02-11,20.24,0.001,61.0,1.183
2006-02-12,20.625,0.0,60.98,1.154
2006-02-13,21.478,0.001,65.36,0.986
2006-02-14,22.669,0.0,64.0,1.19
2006-02-15,22.573,0.01,67.33,0.828
2006-02-16,22.99,0.001,57.48,2.161
2006-02-17,23.722,0.003,52.48,3.271
2006-02-18,23.146,-0.0,61.32,1.274
2006-02-19,23.986,0.002,64.47,0.715
2006-02-20,24.163,0.001,67.86,0.719
2006-02-21,24.81,0.001,58.09,2.631
2006-02-22,24.133,0.003,50.88,2.218
2006-02-23,25.261,0.0,43.6,3.101
2006-02-24,26.094,0.0,38.85,4.262
2006-02-25,25.794,0.002,43.17,3.421
2006-02-26,27.677,0.0,32.66,5.079
2006-02-27,27.469,0.004,31.15,5.538
2006-02-28,23.882,0.001,36.59,4.5
2006-03-01,22.229,0.0,44.79,3.1
2006-03-02,21.779,0.001,43.22,2.446
2006-03-03,21.941,0.002,43.51,2.524
2006-03-04,22.45,0.0,40.84,2.043
2006-03-05,23.149,0.001,38.11,1.598
2006-03-06,24.458,0.003,37.2,0.744
2006-03-07,25.587,0.0,36.65,1.045
2006-03-08,26.154,0.03,38.01,0.593
2006-03-09,26.763,0.041,48.02,1.932
2006-03-10,20.983,5.993,76.8,1.712
2006-03-11,19.839,5.862,82.48,0.714
2006-03-12,21.212,0.511,71.19,1.719
2006-03-13,22.516,0.14,63.94,1.948
2006-03-14,23.887,0.003,57.94,0.591
2006-03-15,22.838,0.127,63.61,0.976
2006-03-16,23.161,0.119,56.25,2.715
2006-03-17,23.657,0.001,35.96,4.158
2006-03-18,23.405,0.001,33.95,3.81
2006-03-19,23.9,0.002,33.98,2.915
2006-03-20,25.946,0.0,35.3,2.895
2006-03-21,27.946,0.0,31.68,3.868
2006-03-22,26.64,0.003,30.04,3.983
2006-03-23,26.854,0.002,29.15,3.698
2006-03-24,28.715,0.001,29.23,3.645
2006-03-25,30.614,0.025,26.01,3.518
2006-03-26,30.127,0.495,24.79,3.409
2006-03-27,28.196,0.001,23.12,4.311
2006-03-28,27.604,0.001,20.84,4.341
2006-03-29,26.886,0.001,23.74,3.844
2006-03-30,27.234,0.002,27.46,2.281
2006-03-31,28.179,0.001,27.73,2.108
2006-04-01,29.114,0.003,31.67,1.345
2006-04-02,29.854,0.001,26.47,1.177
2006-04-03,29.92,0.001,28.08,1.126
2006-04-04,29.599,0.001,24.37,2.177
2006-04-05,29.008,0.0,27.44,1.197
2006-04-06,29.743,0.001,39.0,1.443
2006-04-07,30.201,0.0,40.98,2.585
2006-04-08,30.607,0.007,42.09,2.667
2006-04-09,31.433,0.003,44.46,3.747
2006-04-10,30.705,0.522,45.45,1.756
2006-04-11,31.541,0.003,26.54,3.334
2006-04-12,31.472,0.001,16.23,3.263
2006-04-13,31.139,0.0,13.83,3.34
2006-04-14,30.884,0.001,11.73,3.198
2006-04-15,32.038,0.002,12.8,3.046
2006-04-16,31.809,0.655,24.95,2.206
2006-04-17,29.319,5.206,45.67,1.884
2006-04-18,23.621,7.742,68.27,2.015
2006-04-19,24.135,0.315,62.48,1.544
2006-04-20,26.844,0.026,50.67,1.356
2006-04-21,28.541,0.001,44.47,0.296
2006-04-22,29.399,0.216,42.88,0.639
2006-04-23,29.232,0.126,48.25,1.902
2006-04-24,30.033,0.002,44.67,2.573
2006-04-25,30.634,0.085,43.67,2.838
2006-04-26,30.111,0.005,48.52,3.611
2006-04-27,31.304,0.03,43.65,3.35
2006-04-28,31.538,0.448,43.33,2.848
2006-04-29,32.336,0.046,39.44,0.842
2006-04-30,33.45,0.002,34.58,1.266
2006-05-01,34.565,0.0,29.74,1.149
2006-05-02,33.388,0.048,37.52,1.625
2006-05-03,32.439,0.146,40.67,1.524
2006-05-04,32.837,0.003,31.79,0.83
2006-05-05,32.583,0.056,37.19,2.03
2006-05-06,32.657,0.124,43.26,3.074
2006-05-07,31.888,0.06,50.41,4.646
2006-05-08,30.737,0.14,54.59,4.161
2006-05-09,31.923,0.068,52.39,2.751
2006-05-10,29.974,0.742,60.63,3.524
2006-05-11,30.97,0.837,57.91,3.475
2006-05-12,30.297,2.978,61.63,3.48
2006-05-13,27.836,1.307,67.59,4.797
2006-05-14,30.267,0.002,56.79,3.481
2006-05-15,30.35,0.087,53.76,3.255
2006-05-16,30.824,0.02,51.06,3.467
2006-05-17,32.494,0.0,49.38,1.585
2006-05-18,32.139,1.081,51.27,1.173
2006-05-19,30.764,10.235,56.35,1.372
2006-05-20,28.319,4.993,69.38,1.467
2006-05-21,29.116,3.458,65.74,1.844
2006-05-22,30.135,0.843,61.66,1.819
2006-05-23,30.308,0.9,62.47,2.004
2006-05-24,30.658,1.602,64.48,1.243
2006-05-25,30.991,1.161,66.11,2.303
2006-05-26,31.033,6.934,67.17,2.541
2006-05-27,29.833,3.974,69.21,2.98
2006-05-28,29.243,3.534,74.35,2.757
2006-05-29,29.523,0.601,70.21,2.95
2006-05-30,32.04,0.167,64.54,2.975
2006-05-31,32.443,0.712,63.09,3.314
2006-06-01,32.542,0.242,61.19,2.796
2006-06-02,31.134,2.084,65.48,2.697
2006-06-03,28.565,36.841,79.56,2.887
2006-06-04,27.314,13.336,86.68,1.922
2006-06-05,28.452,10.607,82.08,1.223
2006-06-06,27.134,10.408,88.95,1.668
2006-06-07,27.475,10.587,87.81,1.446
2006-06-08,26.964,6.279,91.45,0.331
2006-06-09,29.559,1.062,77.75,1.714
2006-06-10,30.175,0.45,76.41,2.264
2006-06-11,31.651,0.004,62.64,1.86
2006-06-12,32.156,0.0,53.57,2.382
2006-06-13,31.912,0.0,51.77,2.173
2006-06-14,31.566,0.002,54.86,1.188
2006-06-15,31.991,0.001,52.2,1.453
2006-06-16,32.468,0.178,53.78,0.37
2006-06-17,31.959,0.122,59.07,0.8
2006-06-18,31.941,0.001,54.31,1.068
2006-06-19,32.477,0.002,55.11,1.086
2006-06-20,32.377,0.717,58.84,1.798
2006-06-21,31.481,1.589,66.51,3.48
2006-06-22,31.577,0.706,63.58,3.737
2006-06-23,32.031,0.713,61.47,3.873
2006-06-24,31.019,7.577,66.82,4.229
2006-06-25,28.827,26.764,80.99,2.977
2006-06-26,28.135,5.436,84.05,2.114
2006-06-27,27.718,12.521,86.17,1.68
2006-06-28,27.773,23.849,85.64,2.124
2006-06-29,27.375,13.759,87.13,2.019
2006-06-30,28.741,9.459,84.63,1.121
2006-07-01,29.6,9.499,82.32,0.663
2006-07-02,31.106,1.114,72.73,2.711
2006-07-03,30.915,0.07,68.53,5.407
2006-07-04,30.019,1.964,72.88,6.643
2006-07-05,29.547,3.892,79.47,3.165
2006-07-06,30.549,0.176,67.16,2.528
2006-07-07,29.984,7.389,72.24,3.862
2006-07-08,28.554,40.44,86.69,2.948
2006-07-09,27.382,33.213,90.59,1.572
2006-07-10,27.648,22.192,88.74,2.874
2006-07-11,29.019,6.813,81.9,1.889
2006-07-12,28.167,39.937,87.82,0.409
2006-07-13,27.041,32.491,91.05,2.782
2006-07-14,27.659,7.983,88.37,1.295
2006-07-15,28.019,17.901,87.83,2.085
2006-07-16,29.352,8.074,80.79,2.789
2006-07-17,30.091,4.072,77.23,3.324
2006-07-18,30.025,5.955,77.99,3.479
2006-07-19,28.221,15.149,85.75,3.01
2006-07-20,28.33,7.494,82.74,4.04
2006-07-21,29.303,1.186,73.33,5.717
2006-07-22,28.666,1.074,75.35,5.713
2006-07-23,28.133,3.858,84.31,2.418
2006-07-24,28.245,2.663,84.91,1.456
2006-07-25,28.106,20.311,85.9,2.288
2006-07-26,26.248,32.567,94.15,2.555
2006-07-27,27.029,6.816,87.48,3.215
2006-07-28,27.501,11.274,86.58,3.068
2006-07-29,29.312,2.952,77.55,3.33
2006-07-30,28.483,5.133,77.2,6.562
2006-07-31,29.089,1.436,79.5,3.193
2006-08-01,29.679,21.583,81.32,0.959
2006-08-02,28.418,8.907,83.08,2.198
2006-08-03,29.05,3.645,76.5,4.675
2006-08-04,29.102,0.588,71.78,6.393
2006-08-05,28.635,0.896,73.04,5.485
2006-08-06,27.799,6.747,83.26,3.563
2006-08-07,28.408,2.505,80.03,2.284
2006-08-08,28.422,1.804,80.61,1.457
2006-08-09,29.446,1.377,78.68,0.878
2006-08-10,29.711,2.887,79.69,1.041
2006-08-11,30.023,0.706,79.97,1.078
2006-08-12,29.49,8.113,82.69,2.278
2006-08-13,29.937,2.509,76.54,4.408
2006-08-14,29.551,3.239,78.49,4.402
2006-08-15,29.549,4.879,80.03,3.396
2006-08-16,30.501,1.019,76.73,3.144
2006-08-17,30.108,0.897,72.92,5.169
2006-08-18,28.998,4.279,79.26,4.389
2006-08-19,27.547,18.139,88.25,1.3
2006-08-20,27.535,8.648,89.8,0.588
2006-08-21,29.584,22.347,81.48,1.276
2006-08-22,27.624,26.228,87.35,2.021
2006-08-23,28.697,3.101,78.7,3.791
2006-08-24,28.734,3.442,80.09,2.81
2006-08-25,26.812,23.105,91.32,1.174
2006-08-26,26.651,39.038,91.14,2.567
2006-08-27,26.385,22.849,89.81,2.434
2006-08-28,25.945,17.559,91.79,1.074
2006-08-29,27.331,15.673,85.52,3.43
2006-08-30,27.709,6.212,81.51,5.751
2006-08-31,27.543,2.084,82.65,4.596
2006-09-01,27.809,0.245,77.73,0.694
2006-09-02,28.574,0.01,75.28,1.81
2006-09-03,29.158,0.022,77.87,1.11
2006-09-04,28.215,6.003,82.76,3.41
2006-09-05,28.459,0.643,77.1,4.23
2006-09-06,28.621,0.479,83.45,1.626
2006-09-07,29.312,0.768,79.23,2.188
2006-09-08,29.533,0.679,74.25,3.742
2006-09-09,29.226,2.686,74.99,1.871
2006-09-10,28.437,1.643,83.28,1.064
2006-09-11,28.875,1.065,78.27,1.7
2006-09-12,29.232,0.677,79.08,0.642
2006-09-13,28.413,2.591,83.71,2.189
2006-09-14,28.127,1.412,84.09,2.197
2006-09-15,27.722,1.456,81.78,2.39
2006-09-16,27.722,1.266,82.3,2.298
2006-09-17,28.287,1.083,79.76,1.946
2006-09-18,28.517,0.899,79.1,1.938
2006-09-19,29.342,0.352,77.33,1.149
2006-09-20,29.129,0.816,72.59,3.611
2006-09-21,27.24,0.278,75.22,3.497
2006-09-22,25.928,4.566,79.08,2.627
2006-09-23,24.878,33.481,88.94,2.3
2006-09-24,24.544,17.614,89.5,3.137
2006-09-25,24.447,5.769,89.1,2.915
2006-09-26,26.181,0.196,78.58,1.09
2006-09-27,26.626,0.003,77.89,1.499
2006-09-28,27.848,0.004,76.83,1.094
2006-09-29,28.296,1.957,81.87,1.729
2006-09-30,27.507,2.62,85.32,2.188
2006-10-01,28.394,0.81,82.59,0.927
2006-10-02,28.782,0.404,78.5,0.225
2006-10-03,28.81,2.249,79.06,1.489
2006-10-04,27.987,0.108,72.7,2.208
2006-10-05,27.615,0.002,74.74,0.602
2006-10-06,27.563,0.14,78.91,1.185
2006-10-07,27.619,0.06,77.85,1.1
2006-10-08,27.389,0.395,79.44,1.366
2006-10-09,27.717,0.359,77.94,0.825
2006-10-10,27.837,0.014,71.78,1.232
2006-10-11,27.543,0.004,73.22,0.275
2006-10-12,27.252,0.443,77.67,2.029
2006-10-13,26.898,0.642,80.63,2.251
2006-10-14,26.901,0.437,79.84,0.692
2006-10-15,26.744,0.063,73.3,0.109
2006-10-16,26.314,0.002,71.04,0.214
2006-10-17,26.502,0.003,69.56,0.45
2006-10-18,26.509,0.011,67.4,1.27
2006-10-19,23.649,3.293,78.68,1.313
2006-10-20,24.849,0.166,74.14,0.468
2006-10-21,22.725,6.724,82.83,0.335
2006-10-22,22.95,0.591,80.3,0.92
2006-10-23,23.312,0.017,69.74,0.94
2006-10-24,23.93,0.001,67.05,1.168
2006-10-25,24.579,0.001,67.35,0.704
2006-10-26,25.028,0.007,68.71,0.392
2006-10-27,24.944,0.203,70.35,0.462
2006-10-28,25.083,0.034,65.08,0.36
2006-10-29,24.468,0.002,65.91,0.954
2006-10-30,24.345,0.0,61.05,1.143
2006-10-31,24.026,0.003,63.33,0.621
2006-11-01,24.506,0.001,62.3,0.432
2006-11-02,23.513,0.176,65.43,1.491
2006-11-03,23.972,0.001,62.22,2.061
2006-11-04,24.573,0.0,61.81,2.548
2006-11-05,24.326,0.0,61.45,2.594
2006-11-06,23.727,0.0,62.73,1.572
2006-11-07,24.057,0.002,64.74,0.538
2006-11-08,23.799,0.003,65.93,1.429
2006-11-09,23.703,1.219,72.79,1.321
2006-11-10,23.097,0.905,76.1,0.403
2006-11-11,23.353,0.294,72.6,0.498
2006-11-12,23.098,0.302,74.04,0.257
2006-11-13,23.436,0.002,66.53,2.04
2006-11-14,23.305,0.002,63.98,1.398
2006-11-15,22.818,0.002,63.64,1.597
2006-11-16,22.032,0.0,60.75,2.18
2006-11-17,21.491,0.001,61.79,1.844
2006-11-18,22.09,0.0,62.31,2.153
2006-11-19,22.956,0.0,55.97,3.668
2006-11-20,21.957,0.001,55.67,3.369
2006-11-21,20.544,0.0,61.61,1.838
2006-11-22,20.875,0.002,60.75,2.039
2006-11-23,22.109,0.001,59.01,2.75
2006-11-24,20.908,0.001,51.71,2.758
2006-11-25,19.934,0.001,50.62,3.102
2006-11-26,17.97,0.001,47.65,3.141
2006-11-27,17.003,0.001,56.75,1.388
2006-11-28,17.184,0.001,55.22,2.07
2006-11-29,17.685,0.0,56.73,1.915
2006-11-30,18.006,0.0,48.26,2.996
2006-12-01,17.664,0.001,45.95,3.196
2006-12-02,16.489,0.002,50.91,2.53
2006-12-03,16.73,-0.0,54.74,1.715
2006-12-04,17.69,0.0,59.0,1.364
2006-12-05,19.411,0.003,60.04,1.348
2006-12-06,20.594,0.0,64.84,1.216
2006-12-07,21.134,0.003,63.69,1.823
2006-12-08,21.447,0.002,58.39,2.685
2006-12-09,20.082,0.001,61.31,2.903
2006-12-10,19.159,0.146,54.12,1.087
2006-12-11,17.435,9.963,80.0,2.464
2006-12-12,16.592,0.003,67.27,3.456
2006-12-13,15.472,0.004,65.47,2.112
2006-12-14,15.689,0.001,69.64,2.13
2006-12-15,15.491,0.001,72.1,1.17
2006-12-16,16.86,0.0,74.13,1.03
2006-12-17,17.727,0.002,72.51,1.506
2006-12-18,17.58,0.001,74.84,0.683
2006-12-19,18.088,0.001,70.62,1.33
2006-12-20,18.9,0.001,67.62,1.865
2006-12-21,19.019,0.001,69.54,0.814
2006-12-22,18.837,0.0,71.21,2.093
2006-12-23,17.997,0.002,70.98,2.064
2006-12-24,17.226,0.002,65.84,2.461
2006-12-25,15.949,0.0,63.38,2.237
2006-12-26,15.71,0.001,62.76,1.9
2006-12-27,16.75,0.003,71.04,2.478
2006-12-28,16.22,0.001,72.67,2.032
2006-12-29,15.732,0.001,70.73,1.805
2006-12-30,15.57,0.002,68.6,1.819
2006-12-31,15.324,0.001,66.63,1.207
2007-01-01,16.168,0.001,66.92,2.816
2007-01-02,15.452,0.001,60.65,3.47
2007-01-03,14.588,0.0,60.06,3.282
2007-01-04,13.496,0.001,62.11,2.453
2007-01-05,13.907,0.0,57.11,2.465
2007-01-06,15.892,0.002,43.17,3.206
2007-01-07,15.322,0.001,44.17,3.727
2007-01-08,12.713,0.001,53.49,2.36
2007-01-09,13.38,0.0,61.06,1.952
2007-01-10,14.569,0.002,60.74,2.425
2007-01-11,15.237,0.0,57.9,3.059
2007-01-12,14.494,0.001,58.86,2.648
2007-01-13,14.234,0.0,49.33,3.682
2007-01-14,13.118,0.002,54.88,2.649
2007-01-15,13.99,0.001,56.02,1.431
2007-01-16,14.908,0.0,59.71,0.379
2007-01-17,15.024,0.001,62.24,1.573
2007-01-18,14.612,0.001,63.16,1.754
2007-01-19,16.037,0.0,57.03,2.807
2007-01-20,17.2,0.0,55.29,2.969
2007-01-21,16.088,0.0,51.43,3.147
2007-01-22,14.412,0.0,57.52,2.282
2007-01-23,14.893,0.002,64.04,1.036
2007-01-24,16.133,0.001,64.34,2.1
2007-01-25,16.706,0.002,65.98,1.632
2007-01-26,18.295,0.0,65.19,0.588
2007-01-27,19.194,0.002,68.72,0.648
2007-01-28,19.769,0.001,72.76,0.346
2007-01-29,20.662,0.0,75.37,0.224
2007-01-30,21.515,0.001,73.22,0.504
2007-01-31,20.352,0.001,66.59,2.235
2007-02-01,19.659,0.0,67.27,0.594
2007-02-02,19.771,0.0,61.89,0.933
2007-02-03,19.956,0.001,62.0,0.837
2007-02-04,19.742,0.003,64.66,0.712
2007-02-05,19.416,0.022,67.63,0.315
2007-02-06,19.608,0.051,71.38,1.584
2007-02-07,17.442,3.953,87.23,2.49
2007-02-08,17.355,0.471,81.86,2.156
2007-02-09,18.754,0.101,74.0,2.619
2007-02-10,19.541,8.014,77.33,2.565
2007-02-11,16.357,20.935,86.25,3.259
2007-02-12,17.833,0.542,85.07,2.054
2007-02-13,17.427,26.639,88.15,2.852
2007-02-14,15.86,1.749,81.19,2.6
2007-02-15,15.819,0.004,74.71,2.857
2007-02-16,16.329,0.216,73.5,2.393
2007-02-17,16.51,0.032,73.16,2.099
2007-02-18,16.763,0.002,69.2,2.517
2007-02-19,18.137,-0.0,69.51,3.022
2007-02-20,17.576,0.002,69.62,2.736
2007-02-21,17.52,0.0,75.39,1.162
2007-02-22,19.724,0.001,74.82,0.968
2007-02-23,19.913,0.0,73.06,1.951
2007-02-24,20.854,0.003,61.63,2.265
2007-02-25,17.668,5.6,83.05,1.326
2007-02-26,18.627,0.051,77.08,1.078
2007-02-27,19.629,0.001,73.12,0.773
2007-02-28,21.138,1.442,66.9,3.134
2007-03-01,19.383,8.07,81.64,2.78
2007-03-02,18.873,0.413,70.57,2.762
2007-03-03,18.477,0.001,65.28,2.863
2007-03-04,19.706,0.003,58.61,3.192
2007-03-05,20.722,0.002,50.39,4.221
2007-03-06,19.858,0.001,44.69,4.183
2007-03-07,19.194,0.002,46.57,3.432
2007-03-08,19.505,0.001,54.07,1.0
2007-03-09,20.616,0.0,55.93,1.306
2007-03-10,22.049,0.0,51.95,1.532
2007-03-11,23.876,0.001,51.99,1.6
2007-03-12,23.185,4.908,52.43,2.812
2007-03-13,19.375,24.412,80.24,2.591
2007-03-14,20.42,3.47,79.86,1.543
2007-03-15,20.031,0.0,50.76,5.211
2007-03-16,19.643,0.003,52.61,4.028
2007-03-17,20.337,0.0,65.46,0.822
2007-03-18,22.454,0.001,62.41,1.104
2007-03-19,23.676,0.0,59.66,1.275
2007-03-20,25.392,0.002,58.73,0.711
2007-03-21,26.351,0.059,57.21,0.973
2007-03-22,26.824,0.472,50.88,2.198
2007-03-23,26.799,0.001,41.29,3.716
2007-03-24,25.763,0.0,37.09,4.592
2007-03-25,25.96,0.001,30.93,5.286
2007-03-26,25.492,0.002,33.98,3.999
2007-03-27,25.861,0.002,42.33,1.215
2007-03-28,27.274,0.0,43.28,1.457
2007-03-29,28.756,0.0,42.92,0.89
2007-03-30,29.614,0.002,41.3,0.931
2007-03-31,31.077,0.002,40.75,0.588
2007-04-01,32.833,0.002,28.84,4.319
2007-04-02,32.564,0.001,19.18,6.396
2007-04-03,29.927,0.001,20.03,5.22
2007-04-04,28.486,0.001,27.08,2.992
2007-04-05,29.119,0.0,30.97,1.546
2007-04-06,30.067,0.003,31.94,1.985
2007-04-07,29.178,0.556,38.82,1.21
2007-04-08,30.292,0.025,33.9,2.481
2007-04-09,29.831,1.928,32.94,2.33
2007-04-10,29.388,0.0,33.55,0.739
2007-04-11,29.579,0.0,42.62,2.555
2007-04-12,29.53,0.001,44.81,3.483
2007-04-13,29.076,0.313,51.52,2.615
2007-04-14,30.135,0.027,45.89,2.047
2007-04-15,30.957,0.001,42.71,1.941
2007-04-16,31.704,0.007,43.01,1.421
2007-04-17,29.502,7.974,59.15,2.684
2007-04-18,29.053,1.571,61.45,1.954
2007-04-19,29.79,1.395,55.72,1.334
2007-04-20,30.998,0.033,49.26,1.121
2007-04-21,31.139,0.228,46.66,1.182
2007-04-22,30.967,0.001,40.41,0.327
2007-04-23,31.741,0.001,36.47,0.594
2007-04-24,31.259,0.05,41.3,1.129
2007-04-25,30.643,0.087,46.46,2.811
2007-04-26,30.013,1.405,49.3,2.399
2007-04-27,30.871,0.078,45.62,2.604
2007-04-28,30.649,0.001,51.92,2.54
2007-04-29,31.981,1.499,44.87,2.496
2007-04-30,30.147,2.537,56.86,3.088
2007-05-01,31.426,0.009,47.66,1.978
2007-05-02,31.487,0.702,47.38,1.634
2007-05-03,33.004,0.026,41.7,1.91
2007-05-04,32.874,0.353,42.92,2.371
2007-05-05,31.93,2.877,51.07,1.178
2007-05-06,31.263,5.619,56.67,1.262
2007-05-07,28.508,4.194,72.62,1.499
2007-05-08,30.106,0.655,62.56,2.306
2007-05-09,30.702,0.182,59.02,2.15
2007-05-10,30.474,0.267,58.35,1.662
2007-05-11,31.183,1.568,56.13,3.252
2007-05-12,29.811,2.658,63.18,4.113
2007-05-13,30.237,0.989,56.1,2.464
2007-05-14,30.715,1.481,55.62,2.07
2007-05-15,29.817,2.334,62.45,2.491
2007-05-16,27.918,8.302,69.27,3.253
2007-05-17,29.892,0.172,64.72,2.059
2007-05-18,30.356,11.094,63.15,1.607
2007-05-19,29.802,1.108,68.04,0.663
2007-05-20,30.773,0.203,63.45,1.041
2007-05-21,32.042,0.002,49.53,1.231
2007-05-22,32.84,0.003,39.47,2.961
2007-05-23,33.554,0.0,31.46,3.375
2007-05-24,33.413,0.003,25.99,2.675
2007-05-25,33.382,0.001,31.48,1.2
2007-05-26,33.497,0.693,42.67,2.5
2007-05-27,32.377,2.028,46.39,0.707
2007-05-28,33.3,0.003,23.54,3.412
2007-05-29,33.381,0.001,26.56,3.731
2007-05-30,33.676,0.024,27.67,3.03
2007-05-31,34.407,0.001,25.27,3.364
2007-06-01,34.933,0.001,25.56,3.279
2007-06-02,35.307,0.001,25.96,1.501
2007-06-03,35.149,0.004,38.87,2.736
2007-06-04,33.854,0.214,50.25,2.205
2007-06-05,33.64,0.001,47.92,1.93
2007-06-06,33.883,0.009,48.19,2.273
2007-06-07,33.624,0.105,54.57,3.762
2007-06-08,33.911,0.224,54.29,3.188
2007-06-09,31.025,5.063,66.61,4.486
2007-06-10,29.517,4.049,69.6,4.066
2007-06-11,30.195,2.594,66.62,2.803
2007-06-12,32.155,1.542,62.51,3.037
2007-06-13,28.256,48.308,86.04,1.866
2007-06-14,26.179,24.186,94.33,1.747
2007-06-15,26.101,24.905,92.64,0.92
2007-06-16,29.284,2.424,77.92,2.603
2007-06-17,30.39,2.749,74.26,2.88
2007-06-18,31.359,0.64,71.27,2.783
2007-06-19,31.025,1.199,71.0,0.536
2007-06-20,29.65,2.129,78.42,3.05
2007-06-21,30.952,2.269,73.28,3.129
2007-06-22,29.449,8.296,77.94,4.972
2007-06-23,29.52,5.829,77.43,4.688
2007-06-24,29.349,3.528,79.46,3.997
2007-06-25,29.575,17.589,78.67,1.886
2007-06-26,29.067,17.817,81.92,0.655
2007-06-27,28.977,16.137,83.04,1.44
2007-06-28,30.005,2.218,74.73,3.5
2007-06-29,30.262,0.629,68.73,6.327
2007-06-30,30.153,2.104,71.3,6.261
2007-07-01,28.524,9.601,82.74,3.763
2007-07-02,28.261,15.446,87.27,2.019
2007-07-03,28.005,14.522,88.04,1.824
2007-07-04,28.479,21.952,86.01,0.606
2007-07-05,28.812,10.067,86.7,0.803
2007-07-06,30.23,2.363,77.23,2.73
2007-07-07,29.556,1.896,74.37,6.872
2007-07-08,28.566,11.055,80.97,5.489
2007-07-09,29.541,0.519,75.4,1.808
2007-07-10,30.123,1.099,76.06,1.63
2007-07-11,29.233,8.486,84.83,1.539
2007-07-12,29.156,22.068,84.54,1.257
2007-07-13,28.202,11.986,87.05,1.224
2007-07-14,28.046,39.299,88.09,0.845
2007-07-15,27.424,11.901,88.93,2.104
2007-07-16,27.386,39.379,87.97,4.052
2007-07-17,26.203,24.718,93.92,4.986
2007-07-18,26.92,4.958,91.52,0.98
2007-07-19,29.091,10.381,83.28,2.654
2007-07-20,29.218,3.495,77.9,4.001
2007-07-21,28.183,2.347,81.89,2.207
2007-07-22,28.166,23.909,86.77,1.128
2007-07-23,25.864,44.751,93.73,1.105
2007-07-24,26.318,27.456,92.09,1.135
2007-07-25,25.915,64.809,93.97,2.238
2007-07-26,26.201,23.776,92.89,2.138
2007-07-27,25.678,39.168,93.14,2.502
2007-07-28,26.432,25.115,88.99,0.963
2007-07-29,27.106,15.359,89.54,0.876
2007-07-30,26.433,24.419,94.05,1.674
2007-07-31,27.04,39.017,91.92,1.292
2007-08-01,26.367,36.451,93.09,1.311
2007-08-02,27.557,5.853,85.88,1.986
2007-08-03,27.896,4.915,85.43,2.423
2007-08-04,29.07,8.529,82.9,1.91
2007-08-05,29.909,4.236,79.23,1.922
2007-08-06,30.145,5.315,76.76,4.486
2007-08-07,29.696,1.978,74.78,6.246
2007-08-08,28.946,1.688,79.63,3.842
2007-08-09,29.904,0.746,80.61,0.946
2007-08-10,31.047,0.426,74.01,2.205
2007-08-11,31.375,0.506,73.47,3.307
2007-08-12,28.299,22.508,88.62,0.795
2007-08-13,27.028,21.028,94.5,1.144
2007-08-14,27.211,13.46,90.42,3.484
2007-08-15,27.955,7.848,85.85,3.609
2007-08-16,28.446,3.262,81.96,2.626
2007-08-17,28.743,2.54,81.92,1.78
2007-08-18,27.638,2.57,86.59,0.93
2007-08-19,27.647,14.241,86.87,2.948
2007-08-20,28.611,3.895,78.1,4.995
2007-08-21,28.878,0.238,76.88,3.422
2007-08-22,29.838,2.28,79.17,0.43
2007-08-23,29.054,8.588,83.94,0.294
2007-08-24,28.132,2.315,86.64,1.863
2007-08-25,29.061,3.025,82.15,0.587
2007-08-26,28.244,22.349,85.89,1.36
2007-08-27,27.475,8.141,87.46,2.218
2007-08-28,27.293,15.138,87.99,2.49
2007-08-29,27.982,7.896,86.65,2.265
2007-08-30,27.562,15.384,89.0,1.666
2007-08-31,27.597,17.533,88.55,1.536
2007-09-01,28.846,0.86,80.02,1.293
2007-09-02,28.611,7.41,85.34,1.978
2007-09-03,28.076,7.787,87.38,2.319
2007-09-04,28.376,11.973,84.85,0.816
2007-09-05,26.836,20.962,90.99,1.503
2007-09-06,25.661,13.099,90.84,2.752
2007-09-07,26.743,1.988,84.85,1.765
2007-09-08,27.703,7.157,87.03,0.402
2007-09-09,28.114,4.85,86.53,2.181
2007-09-10,29.283,0.641,78.53,2.686
2007-09-11,29.287,1.026,79.43,2.33
2007-09-12,29.206,1.007,81.6,1.941
2007-09-13,29.021,0.556,79.94,1.004
2007-09-14,28.985,1.047,80.63,0.851
2007-09-15,28.728,1.317,80.05,1.611
2007-09-16,28.577,1.024,80.75,1.41
2007-09-17,28.74,6.457,85.69,1.7
2007-09-18,28.04,13.064,86.31,1.872
2007-09-19,28.713,0.498,79.31,1.686
2007-09-20,29.043,0.648,81.09,1.782
2007-09-21,29.749,0.007,69.58,2.841
2007-09-22,28.752,0.008,66.47,3.619
2007-09-23,27.726,3.985,67.44,6.178
2007-09-24,24.492,43.458,85.08,8.559
2007-09-25,23.949,93.448,94.9,6.152
2007-09-26,24.061,16.408,93.07,3.328
2007-09-27,24.961,23.332,90.84,2.151
2007-09-28,25.005,19.222,94.1,2.502
2007-09-29,24.969,12.59,92.85,1.91
2007-09-30,26.567,3.194,87.74,0.796
2007-10-01,27.413,1.281,84.65,0.663
2007-10-02,27.974,0.967,83.1,0.779
2007-10-03,28.175,0.615,82.49,0.485
2007-10-04,28.503,0.635,81.81,0.189
2007-10-05,28.665,0.995,81.91,1.106
2007-10-06,28.315,0.004,73.25,2.417
2007-10-07,26.156,0.0,63.69,2.9
2007-10-08,24.907,0.0,70.71,1.963
2007-10-09,25.79,0.012,75.13,1.257
2007-10-10,26.051,0.045,75.99,0.58
2007-10-11,25.331,0.204,79.23,0.593
2007-10-12,25.121,0.006,68.47,1.516
2007-10-13,25.736,0.005,68.57,0.365
2007-10-14,26.43,0.808,77.07,1.315
2007-10-15,25.349,18.951,85.37,1.789
2007-10-16,24.516,5.873,86.19,1.834
2007-10-17,23.898,1.56,86.83,1.111
2007-10-18,24.245,0.458,82.22,0.975
2007-10-19,24.21,0.05,76.21,1.739
2007-10-20,24.241,0.008,73.73,1.465
2007-10-21,24.267,0.006,73.63,0.092
2007-10-22,24.294,0.006,73.95,0.362
2007-10-23,24.258,0.002,75.14,1.152
2007-10-24,24.109,0.021,75.01,1.402
2007-10-25,24.411,0.001,72.54,0.535
2007-10-26,24.565,0.002,71.99,0.796
2007-10-27,24.777,0.004,71.84,0.872
2007-10-28,24.724,0.001,70.43,0.194
2007-10-29,24.37,0.002,68.53,1.264
2007-10-30,24.868,0.04,71.98,1.766
2007-10-31,25.405,0.225,74.28,0.143
2007-11-01,24.653,0.069,70.67,1.004
2007-11-02,23.81,0.001,64.56,1.204
2007-11-03,23.463,0.001,64.52,1.047
2007-11-04,24.515,0.003,63.78,1.272
2007-11-05,25.086,0.097,65.24,0.847
2007-11-06,23.795,0.138,69.08,1.977
2007-11-07,23.992,0.023,69.28,1.411
2007-11-08,23.773,0.438,73.47,1.353
2007-11-09,22.821,1.043,73.51,1.063
2007-11-10,23.187,0.003,68.96,0.917
2007-11-11,22.703,0.001,66.25,1.321
2007-11-12,22.469,0.0,65.77,0.863
2007-11-13,22.096,0.004,66.77,0.813
2007-11-14,21.871,0.002,66.61,1.459
2007-11-15,22.319,0.0,59.07,1.499
2007-11-16,21.784,0.003,59.04,1.775
2007-11-17,21.471,0.001,57.84,0.631
2007-11-18,21.038,0.001,56.36,0.321
2007-11-19,20.441,0.0,54.51,1.623
2007-11-20,20.505,0.001,59.21,2.544
2007-11-21,20.079,0.0,60.78,1.749
2007-11-22,20.365,0.003,60.05,1.57
2007-11-23,20.497,0.001,62.6,1.852
2007-11-24,20.299,0.001,66.49,2.007
2007-11-25,20.5,0.0,64.76,1.199
2007-11-26,20.413,0.001,64.98,1.052
2007-11-27,20.055,0.0,67.2,1.375
2007-11-28,21.004,0.002,65.73,0.621
2007-11-29,20.985,0.0,64.37,1.307
2007-11-30,20.24,0.0,63.53,0.764
2007-12-01,19.9,0.0,67.57,1.413
2007-12-02,20.015,0.0,65.99,0.323
2007-12-03,18.07,2.625,77.49,2.13
2007-12-04,18.203,0.001,66.04,2.409
2007-12-05,17.564,0.0,62.82,1.192
2007-12-06,17.823,0.001,62.07,1.561
2007-12-07,17.563,0.0,63.29,2.068
2007-12-08,17.017,0.0,62.68,2.367
2007-12-09,17.393,0.0,65.5,1.591
2007-12-10,17.152,0.001,63.13,1.135
2007-12-11,17.896,0.172,61.99,1.065
2007-12-12,18.321,0.145,66.31,1.465
2007-12-13,18.584,0.033,70.73,0.848
2007-12-14,18.937,0.001,67.03,3.117
2007-12-15,16.111,0.0,62.47,2.934
2007-12-16,15.27,0.0,59.15,2.689
2007-12-17,14.645,0.001,57.57,2.729
2007-12-18,14.021,0.001,63.96,1.525
2007-12-19,15.213,0.0,62.08,2.42
2007-12-20,15.893,0.001,53.66,3.329
2007-12-21,16.136,0.001,55.08,2.96
2007-12-22,15.89,0.003,63.05,0.713
2007-12-23,16.526,0.0,69.17,0.47
2007-12-24,17.301,0.0,72.03,1.498
2007-12-25,17.16,0.001,71.27,1.565
2007-12-26,16.835,0.001,71.12,1.691
2007-12-27,16.566,0.0,62.32,2.365
2007-12-28,15.046,0.001,63.05,1.979
2007-12-29,15.234,0.001,62.03,1.879
2007-12-30,14.957,0.0,56.37,2.836
2007-12-31,13.922,0.0,55.06,2.652
2008-01-01,13.792,0.001,59.39,1.118
2008-01-02,14.854,0.0,60.42,0.899
2008-01-03,16.579,0.001,56.2,2.331
2008-01-04,15.61,0.003,56.99,2.731
2008-01-05,15.368,0.001,56.22,2.326
2008-01-06,15.644,0.002,64.33,1.5
2008-01-07,17.072,0.001,59.98,2.465
2008-01-08,17.152,0.002,66.34,1.664
2008-01-09,18.985,0.001,66.0,2.485
2008-01-10,20.396,0.0,62.35,3.308
2008-01-11,20.461,0.001,50.22,4.149
2008-01-12,17.513,0.001,45.15,4.609
2008-01-13,15.857,0.0,57.27,2.75
2008-01-14,16.224,0.0,52.44,3.455
2008-01-15,15.439,0.0,59.66,1.649
2008-01-16,16.231,0.001,68.24,1.097
2008-01-17,17.315,0.002,69.92,0.19
2008-01-18,18.706,0.785,70.42,2.042
2008-01-19,19.22,0.079,67.04,1.671
2008-01-20,17.789,0.0,54.68,3.234
2008-01-21,14.603,0.002,52.16,3.294
2008-01-22,15.067,0.003,61.4,1.156
2008-01-23,15.464,0.646,71.11,1.749
2008-01-24,15.008,0.033,72.61,0.623
2008-01-25,15.572,0.049,70.17,0.711
2008-01-26,15.015,0.375,70.63,1.337
2008-01-27,15.455,0.002,51.06,3.748
2008-01-28,14.162,0.003,44.98,3.691
2008-01-29,15.235,0.382,49.79,1.854
2008-01-30,14.465,0.008,61.56,0.622
2008-01-31,14.209,0.011,52.77,2.438
2008-02-01,13.31,0.0,52.34,2.557
2008-02-02,13.506,0.0,53.79,0.592
2008-02-03,14.161,0.108,54.97,2.37
2008-02-04,16.545,0.23,53.25,2.525
2008-02-05,17.867,0.128,62.36,2.407
2008-02-06,19.203,0.012,69.81,0.481
2008-02-07,19.195,1.018,75.32,1.686
2008-02-08,18.715,0.268,66.66,1.715
2008-02-09,16.946,-0.0,51.68,3.847
2008-02-10,15.543,0.001,52.45,3.446
2008-02-11,15.336,0.0,48.75,3.228
2008-02-12,15.482,0.004,41.78,3.64
2008-02-13,14.548,0.001,42.64,3.402
2008-02-14,14.614,0.0,50.97,1.564
2008-02-15,16.378,0.001,49.77,2.596
2008-02-16,17.299,0.001,53.81,0.882
2008-02-17,18.511,0.002,57.13,1.239
2008-02-18,19.81,0.009,54.34,1.501
2008-02-19,18.535,0.349,60.32,2.315
2008-02-20,18.349,0.039,58.44,1.397
2008-02-21,18.979,0.0,60.22,0.961
2008-02-22,20.171,0.001,59.83,1.114
2008-02-23,21.537,0.003,56.4,2.035
2008-02-24,22.092,0.071,54.54,0.9
2008-02-25,21.102,0.0,41.32,3.855
2008-02-26,19.356,0.001,42.77,3.012
2008-02-27,19.51,0.001,44.98,2.124
2008-02-28,20.545,0.001,47.1,0.874
2008-02-29,21.438,0.003,50.45,0.897
2008-03-01,22.71,0.002,51.21,0.655
2008-03-02,23.18,0.001,53.8,0.869
2008-03-03,23.313,0.038,53.36,1.51
2008-03-04,22.544,0.075,60.43,1.693
2008-03-05,23.547,0.023,58.92,1.99
2008-03-06,22.881,0.036,62.19,2.34
2008-03-07,23.443,0.002,59.37,1.508
2008-03-08,24.237,0.001,58.8,0.145
2008-03-09,24.703,0.0,53.21,1.542
2008-03-10,24.927,0.001,40.08,2.742
2008-03-11,23.85,0.001,47.55,2.28
2008-03-12,24.803,0.001,46.37,2.786
2008-03-13,25.682,0.017,43.38,3.325
2008-03-14,25.388,0.022,43.47,3.571
2008-03-15,24.785,0.001,44.78,3.244
2008-03-16,25.307,0.0,44.64,2.596
2008-03-17,25.867,0.001,46.11,1.304
2008-03-18,26.451,0.001,48.45,1.067
2008-03-19,27.017,0.001,49.79,2.442
2008-03-20,27.236,0.002,39.36,0.446
2008-03-21,26.966,0.002,31.73,2.869
2008-03-22,26.416,0.001,34.49,1.999
2008-03-23,26.582,0.0,39.66,0.755
2008-03-24,26.488,0.0,38.56,1.843
2008-03-25,27.091,0.001,32.09,2.469
2008-03-26,27.241,0.0,27.84,3.32
2008-03-27,28.033,0.0,26.64,4.052
2008-03-28,28.262,0.004,24.62,3.88
2008-03-29,27.075,0.404,30.9,1.849
2008-03-30,27.065,0.001,30.25,2.445
2008-03-31,26.614,0.036,36.6,2.484
2008-04-01,26.261,1.016,44.56,1.211
2008-04-02,26.854,0.004,41.23,0.76
2008-04-03,26.722,1.138,43.64,0.891
2008-04-04,26.538,0.752,42.65,0.623
2008-04-05,25.978,11.78,55.26,2.216
2008-04-06,23.741,0.706,69.57,1.096
2008-04-07,24.846,0.002,52.83,2.478
2008-04-08,26.155,0.0,43.61,3.024
2008-04-09,27.687,0.0,41.28,3.098
2008-04-10,28.611,0.001,35.37,3.443
2008-04-11,29.956,0.0,36.8,2.202
2008-04-12,29.52,1.185,41.82,0.833
2008-04-13,30.008,0.214,35.87,1.412
2008-04-14,30.218,0.001,35.3,0.797
2008-04-15,31.151,0.03,37.31,1.756
2008-04-16,30.914,1.407,46.37,2.315
2008-04-17,31.198,0.037,35.19,1.856
2008-04-18,30.273,0.001,23.2,3.509
2008-04-19,30.568,0.001,19.71,3.854
2008-04-20,31.562,0.0,17.41,4.333
2008-04-21,31.831,0.0,18.73,3.692
2008-04-22,31.83,0.002,21.89,2.506
2008-04-23,31.769,0.002,24.4,1.981
2008-04-24,32.095,0.001,22.16,2.004
2008-04-25,32.588,0.001,23.81,1.199
2008-04-26,33.216,0.001,22.08,1.726
2008-04-27,33.164,0.002,20.54,2.188
2008-04-28,32.005,0.002,23.77,1.594
2008-04-29,32.494,0.002,26.89,0.474
2008-04-30,32.271,0.001,44.08,1.821
2008-05-01,32.735,0.001,33.08,0.461
2008-05-02,32.196,0.072,31.08,0.219
2008-05-03,32.693,0.018,37.45,2.563
2008-05-04,32.434,0.001,45.28,4.416
2008-05-05,31.031,0.051,52.71,3.333
2008-05-06,32.121,0.114,45.52,1.465
2008-05-07,32.435,0.008,39.32,0.827
2008-05-08,32.31,0.067,34.11,0.92
2008-05-09,32.65,0.003,31.53,1.27
2008-05-10,33.02,0.073,32.4,1.649
2008-05-11,32.827,0.009,37.82,0.806
2008-05-12,31.527,1.168,46.2,1.36
2008-05-13,32.461,0.247,41.07,1.154
2008-05-14,33.044,0.044,40.65,0.718
2008-05-15,32.74,0.027,42.48,0.729
2008-05-16,33.349,0.042,42.42,0.741
2008-05-17,33.421,0.022,40.0,0.914
2008-05-18,32.524,0.816,48.6,1.803
2008-05-19,31.368,1.059,54.15,2.022
2008-05-20,30.933,2.729,53.55,1.579
2008-05-21,28.074,4.389,66.98,2.715
2008-05-22,26.802,28.557,79.8,0.563
2008-05-23,26.8,16.221,79.51,2.694
2008-05-24,25.461,12.754,86.29,2.011
2008-05-25,27.663,0.744,74.44,1.798
2008-05-26,29.349,0.124,70.39,0.617
2008-05-27,30.037,0.085,63.75,1.146
2008-05-28,29.916,0.001,58.49,1.478
2008-05-29,30.533,0.003,55.15,1.429
2008-05-30,31.03,0.034,51.7,0.804
2008-05-31,31.713,0.003,50.86,1.603
2008-06-01,32.423,0.156,53.5,1.397
2008-06-02,32.875,0.545,54.94,2.15
2008-06-03,32.053,0.248,59.4,3.343
2008-06-04,30.127,11.006,71.29,1.857
2008-06-05,28.113,29.072,79.25,1.167
2008-06-06,27.975,7.23,80.16,0.593
2008-06-07,27.668,8.095,82.13,1.989
2008-06-08,28.871,4.485,75.8,3.413
2008-06-09,29.194,5.783,75.94,3.714
2008-06-10,28.591,1.861,77.37,3.722
2008-06-11,28.493,9.909,79.89,3.493
2008-06-12,28.566,6.363,81.85,3.035
2008-06-13,27.97,20.902,86.55,1.157
2008-06-14,27.259,17.918,89.67,0.613
2008-06-15,26.155,44.927,95.56,2.89
2008-06-16,28.419,16.823,84.81,1.264
2008-06-17,26.937,28.516,89.9,0.763
2008-06-18,27.813,7.262,77.34,3.936
2008-06-19,25.651,5.315,88.52,4.183
2008-06-20,27.471,0.039,71.16,3.061
2008-06-21,27.174,5.11,81.85,2.667
2008-06-22,27.58,14.31,85.17,1.865
2008-06-23,27.053,14.51,88.52,1.768
2008-06-24,27.224,12.87,89.29,1.924
2008-06-25,28.61,5.58,83.61,2.08
2008-06-26,28.891,14.101,84.59,2.104
2008-06-27,28.103,26.224,88.19,2.288
2008-06-28,26.54,29.036,91.96,3.278
2008-06-29,25.418,61.897,94.98,4.203
2008-06-30,26.363,27.397,92.16,3.31
2008-07-01,26.467,11.205,91.86,2.633
2008-07-02,26.47,3.625,89.9,2.096
2008-07-03,27.566,3.698,84.91,3.636
2008-07-04,26.474,6.44,91.42,2.811
2008-07-05,26.882,3.684,88.5,3.485
2008-07-06,27.066,5.365,88.24,2.246
2008-07-07,28.903,2.277,81.39,0.551
2008-07-08,29.601,3.483,80.79,0.856
2008-07-09,29.1,7.106,78.27,4.721
2008-07-10,28.729,7.692,80.36,4.53
2008-07-11,27.768,13.847,85.98,2.242
2008-07-12,27.804,7.916,84.94,1.157
2008-07-13,27.234,5.071,86.19,1.396
2008-07-14,27.074,19.291,88.06,2.516
2008-07-15,26.812,16.058,90.36,2.987
2008-07-16,27.13,9.025,88.78,2.232
2008-07-17,27.399,14.864,88.56,1.6
2008-07-18,27.47,13.958,89.38,0.559
2008-07-19,26.533,22.231,92.59,1.771
2008-07-20,26.239,13.458,93.37,2.71
2008-07-21,26.917,31.102,90.0,1.311
2008-07-22,26.339,16.453,92.99,0.883
2008-07-23,25.975,18.78,95.58,1.501
2008-07-24,26.352,8.484,92.24,0.156
2008-07-25,26.72,16.446,91.16,2.311
2008-07-26,27.266,8.114,89.11,3.392
2008-07-27,28.594,2.754,81.25,3.906
2008-07-28,29.786,0.66,75.54,4.069
2008-07-29,29.492,0.915,74.29,4.939
2008-07-30,28.543,3.73,81.89,3.837
2008-07-31,29.12,4.922,79.55,3.776
2008-08-01,28.721,5.636,80.3,4.382
2008-08-02,28.816,18.463,81.22,3.602
2008-08-03,27.74,13.215,87.26,3.409
2008-08-04,28.513,10.267,83.5,3.163
2008-08-05,28.892,3.549,82.81,2.564
2008-08-06,27.856,26.136,87.0,1.293
2008-08-07,26.845,23.962,91.4,0.573
2008-08-08,28.958,3.243,85.22,0.11
2008-08-09,30.224,5.834,79.29,1.107
2008-08-10,28.92,6.281,79.71,4.983
2008-08-11,27.547,37.516,84.69,6.1
2008-08-12,26.997,30.7,89.88,3.544
2008-08-13,26.478,36.271,93.03,2.522
2008-08-14,26.844,14.003,89.91,1.799
2008-08-15,26.393,17.99,92.51,2.397
2008-08-16,26.574,12.21,90.96,2.809
2008-08-17,26.579,9.613,91.41,2.706
2008-08-18,26.824,20.964,90.68,1.207
2008-08-19,26.614,11.623,91.28,0.924
2008-08-20,26.3,10.389,90.88,3.439
2008-08-21,27.181,18.023,87.55,2.531
2008-08-22,27.574,5.62,85.95,1.789
2008-08-23,28.759,2.668,82.64,1.366
2008-08-24,28.988,7.641,83.53,1.361
2008-08-25,28.941,9.604,84.58,1.956
2008-08-26,28.089,9.001,87.37,1.357
2008-08-27,27.64,16.935,88.05,1.172
2008-08-28,27.93,10.506,87.09,1.759
2008-08-29,29.166,2.782,81.92,2.93
2008-08-30,29.519,2.372,81.14,2.272
2008-08-31,29.555,0.697,79.18,1.04
2008-09-01,29.442,0.61,79.51,1.343
2008-09-02,29.513,0.686,79.2,1.931
2008-09-03,29.431,2.611,80.19,0.497
2008-09-04,27.998,5.079,84.12,0.542
2008-09-05,27.242,6.188,84.83,0.684
2008-09-06,27.551,1.133,84.8,0.72
2008-09-07,28.013,0.556,79.64,0.872
2008-09-08,28.712,0.517,78.92,1.125
2008-09-09,29.008,1.941,80.64,2.449
2008-09-10,28.503,1.824,82.38,2.946
2008-09-11,28.934,2.015,81.3,2.793
2008-09-12,28.322,6.196,83.39,2.66
2008-09-13,28.654,6.353,83.52,2.057
2008-09-14,29.255,1.766,81.86,1.392
2008-09-15,28.794,3.799,84.76,0.839
2008-09-16,29.169,4.525,78.84,2.042
2008-09-17,28.477,1.808,76.7,4.992
2008-09-18,27.795,3.312,79.73,6.847
2008-09-19,26.014,72.384,91.14,5.123
2008-09-20,27.917,3.816,85.44,2.409
2008-09-21,28.233,15.031,84.68,0.568
2008-09-22,25.994,17.291,90.16,0.726
2008-09-23,26.856,2.033,84.75,0.738
2008-09-24,27.16,1.203,84.3,0.789
2008-09-25,27.499,1.827,82.12,2.046
2008-09-26,27.578,0.014,76.54,3.319
2008-09-27,27.67,0.018,77.86,2.599
2008-09-28,27.584,0.078,77.6,2.198
2008-09-29,27.007,5.584,82.56,1.052
2008-09-30,25.766,31.751,87.83,2.047
2008-10-01,27.36,0.094,80.02,0.318
2008-10-02,28.008,0.841,78.99,0.253
2008-10-03,27.419,1.395,84.25,1.075
2008-10-04,27.711,0.774,82.87,0.333
2008-10-05,27.756,1.067,80.91,0.714
2008-10-06,26.128,15.368,87.35,1.703
2008-10-07,25.935,1.535,84.97,0.656
2008-10-08,26.644,1.032,83.53,0.39
2008-10-09,26.41,1.407,84.34,1.056
2008-10-10,26.459,0.259,81.68,0.525
2008-10-11,26.614,0.723,83.04,0.55
2008-10-12,26.368,0.244,78.64,0.335
2008-10-13,26.341,0.066,76.41,0.401
2008-10-14,26.342,0.175,78.07,1.531
2008-10-15,26.177,0.068,76.47,1.477
2008-10-16,26.132,0.072,75.93,0.512
2008-10-17,25.493,0.0,73.31,1.067
2008-10-18,24.349,0.0,72.08,1.424
2008-10-19,24.05,0.003,68.46,1.858
2008-10-20,24.153,0.001,68.88,1.657
2008-10-21,24.094,0.0,69.91,1.591
2008-10-22,24.376,0.0,67.96,0.85
2008-10-23,24.3,0.002,70.3,0.825
2008-10-24,24.272,0.003,72.09,0.806
2008-10-25,24.567,0.002,69.68,1.264
2008-10-26,24.277,0.39,73.54,1.507
2008-10-27,23.869,0.009,65.98,0.198
2008-10-28,24.077,0.001,68.81,1.718
2008-10-29,24.282,0.004,71.38,0.924
2008-10-30,24.003,0.084,74.21,0.112
2008-10-31,24.211,0.004,71.76,0.631
2008-11-01,23.793,0.002,70.39,0.681
2008-11-02,23.634,0.0,71.81,0.986
2008-11-03,24.438,0.0,66.14,0.661
2008-11-04,24.258,0.045,65.86,1.122
2008-11-05,23.318,0.004,69.91,1.458
2008-11-06,23.462,0.002,67.92,1.3
2008-11-07,23.943,0.0,66.58,0.88
2008-11-08,23.602,0.001,64.09,0.887
2008-11-09,23.661,0.001,62.48,0.58
2008-11-10,23.85,0.0,63.16,0.561
2008-11-11,23.505,0.002,66.96,0.523
2008-11-12,23.066,0.0,65.71,0.374
2008-11-13,22.722,0.0,63.96,1.125
2008-11-14,22.547,0.0,65.88,0.657
2008-11-15,22.527,0.001,61.03,0.27
2008-11-16,21.489,0.003,64.13,1.717
2008-11-17,21.122,0.0,63.48,1.758
2008-11-18,21.658,0.004,60.55,0.822
2008-11-19,21.718,0.678,65.54,0.76
2008-11-20,22.079,0.006,67.08,1.875
2008-11-21,21.29,0.002,54.25,3.323
2008-11-22,18.655,0.001,53.91,2.762
2008-11-23,18.187,0.002,58.87,1.851
2008-11-24,18.812,0.0,62.1,0.959
2008-11-25,19.476,0.0,63.99,0.401
2008-11-26,20.167,0.001,66.8,0.662
2008-11-27,20.482,0.002,67.16,1.089
2008-11-28,20.177,0.001,67.17,1.414
2008-11-29,20.809,0.001,64.15,1.007
2008-11-30,20.644,0.003,63.81,0.342
2008-12-01,20.506,0.005,68.79,0.226
2008-12-02,20.491,0.001,69.54,1.251
2008-12-03,20.173,0.0,68.47,2.01
2008-12-04,20.207,0.001,63.32,0.2
2008-12-05,20.319,0.003,64.53,0.217
2008-12-06,20.468,0.001,69.89,0.834
2008-12-07,21.17,0.001,67.3,1.093
2008-12-08,21.009,0.0,67.23,1.689
2008-12-09,20.82,0.001,69.86,1.396
2008-12-10,20.677,0.0,71.43,1.227
2008-12-11,20.667,0.0,74.81,1.733
2008-12-12,21.017,0.0,70.04,1.825
2008-12-13,20.656,0.0,66.36,2.28
2008-12-14,18.601,0.002,57.67,3.014
2008-12-15,17.112,0.001,64.41,1.749
2008-12-16,18.156,0.002,69.29,0.416
2008-12-17,18.267,0.0,77.09,0.956
2008-12-18,18.594,0.001,77.68,0.195
2008-12-19,18.905,0.001,79.94,1.295
2008-12-20,18.803,0.006,81.44,0.385
2008-12-21,18.456,0.049,81.59,0.484
2008-12-22,18.974,0.063,80.52,1.074
2008-12-23,16.712,0.006,75.62,1.766
2008-12-24,17.193,0.005,72.45,1.329
2008-12-25,17.382,0.001,70.6,1.442
2008-12-26,17.079,0.006,72.6,1.127
2008-12-27,17.018,0.001,73.01,1.287
2008-12-28,16.883,0.0,72.72,1.179
2008-12-29,17.065,0.0,71.71,1.152
2008-12-30,17.295,0.0,73.68,0.192
2008-12-31,16.837,0.001,74.17,1.198
2009-01-01,15.58,0.0,72.52,1.908
2009-01-02,15.093,0.0,71.77,1.257
2009-01-03,15.326,0.001,74.21,0.751
2009-01-04,15.129,0.002,75.1,0.636
2009-01-05,15.33,0.0,75.94,0.409
2009-01-06,16.723,0.003,73.62,1.517
2009-01-07,17.304,0.0,73.76,1.651
2009-01-08,17.479,0.323,78.69,0.891
2009-01-09,18.021,0.278,78.2,1.013
2009-01-10,19.012,0.0,74.87,1.975
2009-01-11,18.101,0.0,69.85,3.094
2009-01-12,16.295,0.001,72.37,2.294
2009-01-13,15.946,0.0,71.03,1.524
2009-01-14,16.089,0.001,67.49,1.695
2009-01-15,17.133,0.0,70.06,0.918
2009-01-16,17.817,0.002,70.99,0.662
2009-01-17,17.945,0.002,74.54,1.363
2009-01-18,19.084,0.002,77.16,2.473
2009-01-19,20.528,0.002,61.5,4.124
2009-01-20,17.488,0.0,62.96,3.95
2009-01-21,16.335,0.001,71.36,1.376
2009-01-22,17.072,0.001,76.03,1.571
2009-01-23,17.534,0.001,75.12,1.863
2009-01-24,18.276,0.003,76.54,0.62
2009-01-25,18.914,0.002,81.15,0.651
2009-01-26,20.468,0.003,76.81,2.615
2009-01-27,20.451,0.002,65.64,3.868
2009-01-28,18.328,0.0,60.16,3.737
2009-01-29,17.311,0.003,67.52,2.04
2009-01-30,17.676,0.001,64.94,2.771
2009-01-31,17.457,0.0,56.75,3.486
2009-02-01,16.818,0.001,60.42,2.706
2009-02-02,16.785,0.001,66.28,1.659
2009-02-03,17.39,0.001,66.07,1.455
2009-02-04,18.555,0.0,63.28,0.389
2009-02-05,19.72,0.001,64.48,0.206
2009-02-06,19.934,0.001,63.77,1.248
2009-02-07,20.276,0.0,57.9,2.872
2009-02-08,19.297,0.005,56.54,2.597
2009-02-09,19.01,0.0,57.48,1.065
2009-02-10,19.921,0.0,56.94,1.669
2009-02-11,20.241,0.535,60.27,1.139
2009-02-12,19.009,0.0,63.84,3.501
2009-02-13,18.771,0.003,64.72,2.165
2009-02-14,20.127,0.002,63.21,2.267
2009-02-15,21.699,0.001,52.84,4.031
2009-02-16,19.63,0.0,47.68,3.335
2009-02-17,19.464,0.002,49.58,3.02
2009-02-18,20.096,0.0,50.84,3.175
2009-02-19,19.98,0.0,51.22,3.016
2009-02-20,21.296,0.0,51.21,2.682
2009-02-21,24.283,0.001,30.96,6.436
2009-02-22,24.508,0.0,27.82,6.399
2009-02-23,24.248,0.001,38.79,4.095
2009-02-24,24.713,0.001,41.86,4.06
2009-02-25,25.431,0.001,38.1,5.509
2009-02-26,24.609,0.002,31.86,5.604
2009-02-27,23.772,0.001,30.34,5.536
2009-02-28,22.926,0.001,25.72,5.821
2009-03-01,20.361,0.001,38.55,1.586
2009-03-02,21.488,0.002,45.7,1.735
2009-03-03,22.76,0.0,52.93,0.484
2009-03-04,25.026,0.002,55.68,2.622
2009-03-05,26.761,0.001,40.69,4.648
2009-03-06,24.403,0.0,35.58,4.171
2009-03-07,24.908,0.002,37.42,2.824
2009-03-08,24.963,0.001,38.98,2.701
2009-03-09,24.988,0.079,36.32,2.199
2009-03-10,25.186,0.0,30.72,3.264
2009-03-11,24.751,0.0,24.82,4.913
2009-03-12,22.693,0.001,38.42,2.875
2009-03-13,23.745,0.001,42.12,1.421
2009-03-14,24.924,0.001,41.15,1.14
2009-03-15,25.145,0.003,42.32,0.944
2009-03-16,25.447,0.018,35.11,0.218
2009-03-17,25.892,0.002,36.92,1.078
2009-03-18,25.548,0.042,36.2,0.536
2009-03-19,26.425,0.015,34.23,0.961
2009-03-20,26.619,0.355,38.72,2.423
2009-03-21,25.766,0.294,45.01,1.482
2009-03-22,25.263,0.001,47.36,1.095
2009-03-23,26.05,0.002,40.5,1.068
2009-03-24,26.884,0.002,35.32,1.643
2009-03-25,26.262,2.191,42.15,1.477
2009-03-26,25.116,0.007,41.62,1.408
2009-03-27,26.017,0.0,36.6,1.393
2009-03-28,27.471,0.001,36.84,1.109
2009-03-29,28.018,0.061,39.03,1.201
2009-03-30,28.388,0.141,35.83,2.984
2009-03-31,27.439,0.002,31.71,3.534
2009-04-01,27.065,-0.0,35.04,1.805
2009-04-02,28.436,0.003,39.11,0.884
2009-04-03,30.086,0.001,34.45,1.754
2009-04-04,29.861,0.0,25.01,2.775
2009-04-05,28.552,0.001,31.09,1.678
2009-04-06,30.117,0.001,27.23,3.817
2009-04-07,29.573,0.004,26.9,2.551
2009-04-08,29.637,0.456,28.24,2.051
2009-04-09,28.072,0.429,38.48,1.764
2009-04-10,27.868,0.001,30.06,4.036
2009-04-11,27.996,0.001,28.79,2.915
2009-04-12,29.507,0.0,30.57,1.422
2009-04-13,31.027,0.0,28.2,1.998
2009-04-14,31.568,0.001,25.68,0.855
2009-04-15,31.998,0.0,32.07,0.942
2009-04-16,33.543,0.001,22.41,1.97
2009-04-17,32.937,0.001,17.37,4.605
2009-04-18,32.92,0.001,17.81,5.841
2009-04-19,31.748,0.001,21.08,3.415
2009-04-20,31.864,0.0,26.3,1.135
2009-04-21,32.607,0.003,36.13,0.842
2009-04-22,33.016,0.0,27.42,1.841
2009-04-23,32.712,0.0,11.85,5.56
2009-04-24,33.005,0.001,12.19,5.381
2009-04-25,33.427,0.003,11.71,5.227
2009-04-26,32.218,0.003,11.81,4.261
2009-04-27,32.179,0.003,17.35,3.134
2009-04-28,33.073,0.003,23.86,0.904
2009-04-29,33.706,0.001,38.01,1.937
2009-04-30,33.478,0.001,44.33,1.945
2009-05-01,33.124,0.0,48.36,2.94
2009-05-02,32.313,0.001,50.07,4.089
2009-05-03,31.621,0.905,45.85,2.537
2009-05-04,32.212,0.002,40.46,1.58
2009-05-05,32.682,0.019,39.66,1.055
2009-05-06,33.284,0.0,25.94,3.53
2009-05-07,33.019,0.002,19.26,4.531
2009-05-08,33.565,0.0,19.41,4.681
2009-05-09,34.701,0.116,18.89,4.675
2009-05-10,34.231,0.25,21.38,1.995
2009-05-11,31.095,8.26,46.3,1.139
2009-05-12,27.169,1.417,64.1,4.196
2009-05-13,27.778,0.09,59.69,2.389
2009-05-14,29.416,0.067,54.24,3.107
2009-05-15,30.571,0.01,50.82,4.628
2009-05-16,30.457,0.061,57.72,4.14
2009-05-17,31.096,0.086,56.55,3.546
2009-05-18,32.294,0.088,52.71,2.714
2009-05-19,33.064,0.02,48.39,3.473
2009-05-20,31.56,0.623,61.37,3.368
2009-05-21,31.858,0.041,55.92,3.209
2009-05-22,31.161,0.295,60.82,3.997
2009-05-23,31.463,0.04,56.34,3.863
2009-05-24,31.378,1.548,59.67,3.151
2009-05-25,29.732,3.178,63.96,2.231
2009-05-26,32.067,0.06,51.65,1.016
2009-05-27,31.031,0.142,59.18,2.916
2009-05-28,30.876,7.633,61.83,3.271
2009-05-29,29.429,8.757,65.92,2.946
2009-05-30,29.202,8.179,70.22,2.012
2009-05-31,27.325,3.24,76.47,1.751
2009-06-01,29.775,0.204,61.81,1.159
2009-06-02,32.133,0.088,53.82,1.515
2009-06-03,32.304,0.057,58.2,2.288
2009-06-04,30.687,0.124,67.8,3.388
2009-06-05,31.633,0.229,62.54,3.395
2009-06-06,31.203,0.259,62.9,2.449
2009-06-07,33.421,0.016,43.99,2.751
2009-06-08,33.471,0.002,25.14,3.562
2009-06-09,33.297,0.0,25.21,2.269
2009-06-10,33.58,0.001,38.72,1.281
2009-06-11,33.93,0.046,49.67,2.077
2009-06-12,33.352,0.363,53.81,2.426
2009-06-13,33.288,0.33,55.4,2.519
2009-06-14,34.229,0.003,45.78,0.449
2009-06-15,35.387,0.0,31.12,2.949
2009-06-16,35.629,0.001,29.23,4.165
2009-06-17,34.867,0.002,29.49,3.827
2009-06-18,34.798,0.002,27.15,3.315
2009-06-19,35.453,0.001,24.43,3.036
2009-06-20,35.597,0.003,26.41,2.128
2009-06-21,35.304,0.002,32.73,0.355
2009-06-22,35.993,0.0,36.16,0.653
2009-06-23,35.974,0.001,43.9,2.423
2009-06-24,33.068,0.007,59.07,4.256
2009-06-25,32.487,8.055,62.9,3.652
2009-06-26,33.347,3.663,60.59,3.544
2009-06-27,30.532,17.297,75.63,3.44
2009-06-28,29.097,16.714,81.58,3.151
2009-06-29,28.504,20.912,85.66,0.85
2009-06-30,28.117,19.006,85.86,0.532
2009-07-01,29.885,5.537,79.91,1.771
2009-07-02,29.094,13.126,81.92,0.049
2009-07-03,28.908,7.044,81.37,2.023
2009-07-04,28.984,7.913,80.33,2.211
2009-07-05,29.475,9.267,79.83,2.284
2009-07-06,28.451,13.936,84.17,2.47
2009-07-07,28.945,11.178,82.14,2.943
2009-07-08,28.755,9.496,80.5,4.682
2009-07-09,29.262,2.987,78.06,4.92
2009-07-10,28.953,2.735,79.0,4.046
2009-07-11,29.59,2.189,78.01,2.266
2009-07-12,29.381,6.745,82.11,1.82
2009-07-13,29.839,5.443,79.11,2.34
2009-07-14,31.393,0.296,72.95,2.844
2009-07-15,30.857,0.19,68.28,5.488
2009-07-16,29.787,3.491,74.65,5.793
2009-07-17,29.333,10.553,80.8,2.959
2009-07-18,30.056,14.396,81.42,0.886
2009-07-19,28.583,20.671,86.26,0.256
2009-07-20,29.749,8.029,81.94,1.84
2009-07-21,30.909,0.449,71.22,5.076
2009-07-22,29.056,13.951,78.14,4.992
2009-07-23,28.12,13.198,86.16,3.167
2009-07-24,29.88,2.174,79.35,1.078
2009-07-25,30.705,0.569,72.18,3.313
2009-07-26,30.103,4.521,78.23,2.194
2009-07-27,27.568,20.924,90.48,2.474
2009-07-28,26.673,20.892,90.56,2.434
2009-07-29,27.376,17.429,87.65,2.261
2009-07-30,29.466,3.222,78.29,3.95
2009-07-31,30.168,1.703,72.83,3.916
2009-08-01,29.493,6.463,81.15,2.557
2009-08-02,29.374,7.465,83.82,1.237
2009-08-03,30.084,4.907,80.15,1.961
2009-08-04,30.975,1.394,73.96,2.869
2009-08-05,30.304,4.3,73.66,3.012
2009-08-06,28.626,4.993,82.81,1.394
2009-08-07,27.666,14.483,87.27,1.431
2009-08-08,28.784,9.429,84.23,1.256
2009-08-09,28.409,6.431,87.5,0.468
2009-08-10,28.285,11.026,88.14,2.201
2009-08-11,28.347,10.784,86.11,3.074
2009-08-12,28.307,17.407,88.37,1.939
2009-08-13,28.006,22.35,90.67,0.833
2009-08-14,26.977,11.635,91.71,2.743
2009-08-15,26.146,31.893,93.79,3.805
2009-08-16,26.353,19.861,93.68,1.835
2009-08-17,27.326,19.207,89.29,0.933
2009-08-18,27.441,15.472,88.91,1.781
2009-08-19,27.403,9.792,87.58,1.858
2009-08-20,28.551,6.697,83.11,1.719
2009-08-21,28.646,3.67,82.62,1.594
2009-08-22,28.946,7.815,81.44,1.966
2009-08-23,28.578,4.913,83.81,0.358
2009-08-24,27.112,7.741,87.0,2.8
2009-08-25,28.432,5.018,80.59,3.289
2009-08-26,28.083,5.841,82.3,3.577
2009-08-27,27.638,9.446,79.59,5.276
2009-08-28,27.052,12.734,85.09,5.148
2009-08-29,27.833,8.603,85.01,3.177
2009-08-30,28.447,17.699,86.12,2.158
2009-08-31,27.361,12.543,88.6,1.82
2009-09-01,27.937,10.812,87.4,1.548
2009-09-02,28.583,18.904,84.6,2.203
2009-09-03,28.795,4.665,84.5,2.225
2009-09-04,28.434,5.804,84.09,2.287
2009-09-05,27.82,15.696,86.1,1.675
2009-09-06,26.827,13.715,84.58,3.182
2009-09-07,25.728,24.063,88.48,4.663
2009-09-08,28.355,5.294,80.92,5.134
2009-09-09,26.116,8.917,87.05,6.687
2009-09-10,26.914,13.021,87.63,4.672
2009-09-11,26.647,13.878,90.65,1.891
2009-09-12,28.336,2.923,83.46,1.351
2009-09-13,28.374,0.143,78.88,2.137
2009-09-14,27.94,1.536,84.19,0.838
2009-09-15,28.539,0.802,82.84,1.341
2009-09-16,28.497,0.842,81.5,1.211
2009-09-17,28.909,0.237,79.3,0.299
2009-09-18,28.97,0.294,78.26,0.459
2009-09-19,28.586,0.177,77.62,0.411
2009-09-20,28.599,0.42,79.1,0.702
2009-09-21,28.898,0.853,77.91,1.94
2009-09-22,28.082,3.946,82.68,2.24
2009-09-23,27.03,3.649,87.4,1.66
2009-09-24,27.261,2.322,85.53,1.571
2009-09-25,27.045,2.577,84.08,2.186
2009-09-26,28.435,0.829,80.86,1.303
2009-09-27,29.532,0.101,78.24,0.564
2009-09-28,29.922,0.224,77.04,1.228
2009-09-29,29.345,2.081,80.05,1.564
2009-09-30,29.52,0.6,77.28,2.094
2009-10-01,29.676,0.074,73.29,2.978
2009-10-02,28.059,0.563,74.91,2.853
2009-10-03,27.209,0.276,74.85,2.519
2009-10-04,27.91,5.028,77.99,3.571
2009-10-05,26.695,10.411,83.92,4.554
2009-10-06,26.091,10.053,88.06,4.383
2009-10-07,25.272,22.872,93.7,1.533
2009-10-08,25.812,0.774,83.29,2.328
2009-10-09,26.71,0.0,75.0,2.858
2009-10-10,26.439,0.001,78.08,2.528
2009-10-11,25.988,0.026,79.22,1.312
2009-10-12,25.673,0.002,74.96,1.362
2009-10-13,24.943,0.003,73.58,1.239
2009-10-14,24.292,0.001,69.36,1.037
2009-10-15,25.101,0.0,74.96,0.864
2009-10-16,25.764,0.056,73.58,1.581
2009-10-17,24.874,0.0,69.38,2.439
2009-10-18,24.295,0.0,60.59,3.056
2009-10-19,24.28,0.0,56.55,3.648
2009-10-20,23.55,0.0,54.69,3.355
2009-10-21,22.779,0.0,62.44,2.19
2009-10-22,22.908,0.003,65.17,1.994
2009-10-23,22.589,0.001,56.47,2.664
2009-10-24,21.864,0.001,54.3,2.504
2009-10-25,22.1,0.0,57.87,2.093
2009-10-26,22.108,0.002,54.8,2.178
2009-10-27,22.085,0.001,56.14,2.147
2009-10-28,22.492,0.001,59.74,1.576
2009-10-29,23.569,0.001,59.66,2.106
2009-10-30,23.164,0.003,58.12,2.354
2009-10-31,23.061,0.0,59.11,1.607
2009-11-01,23.269,0.0,57.65,0.412
2009-11-02,24.306,0.002,56.97,1.513
2009-11-03,25.033,0.001,61.35,0.776
2009-11-04,24.759,0.001,64.04,0.396
2009-11-05,24.94,0.0,59.14,1.446
2009-11-06,24.334,0.002,57.81,1.888
2009-11-07,23.312,0.002,57.69,2.155
2009-11-08,23.124,0.0,59.67,1.993
2009-11-09,23.204,0.001,57.91,2.45
2009-11-10,23.835,0.0,54.07,2.829
2009-11-11,24.486,0.0,54.31,2.039
2009-11-12,23.193,0.022,65.86,1.883
2009-11-13,25.142,0.038,64.8,0.678
2009-11-14,24.504,0.035,74.79,3.44
2009-11-15,25.287,0.022,65.86,4.433
2009-11-16,22.577,0.835,79.25,3.416
2009-11-17,21.754,0.114,69.5,2.53
2009-11-18,22.388,0.0,63.68,3.356
2009-11-19,19.393,0.001,46.26,3.337
2009-11-20,17.755,0.001,51.2,2.337
2009-11-21,17.819,0.0,57.37,1.488
2009-11-22,18.804,0.001,57.14,1.9
2009-11-23,19.355,0.001,60.08,2.524
2009-11-24,18.703,0.0,56.16,2.461
2009-11-25,19.004,0.0,56.14,2.603
2009-11-26,18.807,0.002,58.58,2.223
2009-11-27,18.793,0.001,55.17,2.014
2009-11-28,19.088,0.0,52.99,1.982
2009-11-29,18.742,0.002,52.51,2.084
2009-11-30,18.935,0.001,56.27,1.566
2009-12-01,19.001,0.001,58.33,1.686
2009-12-02,18.986,0.0,63.84,1.931
2009-12-03,18.823,0.0,65.31,1.45
2009-12-04,19.033,0.001,62.33,2.071
2009-12-05,18.757,0.002,62.65,1.718
2009-12-06,18.782,0.0,59.53,2.453
2009-12-07,19.448,0.001,54.66,3.222
2009-12-08,18.207,0.0,52.49,2.543
2009-12-09,17.747,0.0,53.25,1.461
2009-12-10,17.74,0.002,57.45,1.135
2009-12-11,18.437,0.003,64.48,1.149
2009-12-12,18.899,0.001,67.32,1.06
2009-12-13,18.919,0.003,68.41,1.085
2009-12-14,19.078,0.001,62.88,2.734
2009-12-15,19.371,0.0,54.25,2.557
2009-12-16,20.24,0.007,59.19,2.905
2009-12-17,20.489,0.0,57.02,2.702
2009-12-18,19.59,0.001,53.36,2.733
2009-12-19,17.998,0.001,51.61,3.023
2009-12-20,16.141,0.0,56.07,2.367
2009-12-21,15.936,0.001,58.13,2.512
2009-12-22,15.597,0.001,58.59,2.556
2009-12-23,15.561,0.001,55.48,2.775
2009-12-24,15.922,0.0,50.82,3.525
2009-12-25,14.943,0.002,59.6,2.318
2009-12-26,14.769,0.001,61.79,1.9
2009-12-27,14.609,0.0,62.21,1.105
2009-12-28,15.014,0.001,57.1,2.563
2009-12-29,14.773,0.002,61.15,1.33
2009-12-30,14.938,3.66,68.49,0.859
2009-12-31,14.11,0.0,72.24,2.688
2010-01-01,14.443,0.0,71.55,1.141
2010-01-02,14.485,0.001,73.78,1.689
2010-01-03,15.564,0.141,73.73,2.406
2010-01-04,16.592,0.0,70.53,4.102
2010-01-05,14.455,0.032,78.06,1.89
2010-01-06,14.38,0.003,76.35,1.073
2010-01-07,14.875,0.002,76.01,0.68
2010-01-08,15.586,0.0,73.9,1.709
2010-01-09,15.076,0.0,76.57,2.502
2010-01-10,14.514,0.003,75.85,2.684
2010-01-11,14.204,0.009,75.48,2.728
2010-01-12,14.191,0.0,75.44,1.316
2010-01-13,15.877,3.423,76.66,1.434
2010-01-14,16.528,0.021,75.53,2.498
2010-01-15,15.575,0.002,78.57,1.575
2010-01-16,14.929,0.003,79.92,1.312
2010-01-17,14.215,0.003,83.87,1.958
2010-01-18,14.624,0.002,84.09,1.792
2010-01-19,15.666,0.001,81.25,2.143
2010-01-20,15.71,0.001,77.57,1.788
2010-01-21,15.793,0.0,74.37,2.184
2010-01-22,15.927,0.001,79.24,1.761
2010-01-23,15.362,0.002,81.12,1.544
2010-01-24,15.966,0.004,78.86,0.192
2010-01-25,16.669,0.0,75.06,0.928
2010-01-26,17.832,0.001,75.19,2.32
2010-01-27,18.077,0.001,72.98,2.349
2010-01-28,17.528,0.001,67.43,1.772
2010-01-29,17.962,0.001,69.83,2.103
2010-01-30,18.781,0.003,62.4,3.359
2010-01-31,17.129,0.003,59.81,2.419
2010-02-01,17.469,0.002,59.25,2.32
2010-02-02,17.518,0.004,52.83,3.228
2010-02-03,17.435,0.004,50.24,3.497
2010-02-04,17.027,0.002,51.1,3.104
2010-02-05,17.817,0.002,54.54,3.162
2010-02-06,18.16,0.002,65.45,0.914
2010-02-07,19.575,0.002,66.08,0.462
2010-02-08,21.122,0.015,66.74,0.765
2010-02-09,17.873,5.016,83.16,2.767
2010-02-10,19.528,0.001,73.87,1.303
2010-02-11,20.496,0.191,66.83,2.366
2010-02-12,15.329,12.044,87.09,0.827
2010-02-13,17.955,0.009,77.2,2.918
2010-02-14,18.407,0.001,68.53,3.371
2010-02-15,18.539,0.0,63.09,1.413
2010-02-16,19.437,0.264,60.69,1.402
2010-02-17,20.171,0.003,48.26,4.021
2010-02-18,18.281,0.001,51.29,3.913
2010-02-19,18.334,0.0,60.46,2.54
2010-02-20,18.897,0.001,55.9,2.488
2010-02-21,19.382,0.0,58.43,1.537
2010-02-22,21.006,0.0,61.25,0.411
2010-02-23,20.899,0.436,65.73,0.842
2010-02-24,21.921,0.0,56.49,2.834
2010-02-25,22.498,0.002,56.58,3.266
2010-02-26,22.305,0.003,55.5,2.643
2010-02-27,23.317,0.0,51.62,3.056
2010-02-28,23.34,0.001,58.46,1.053
2010-03-01,24.545,0.002,53.75,1.769
2010-03-02,26.563,0.0,44.09,4.426
2010-03-03,25.879,0.002,36.02,4.32
2010-03-04,26.179,0.0,43.06,3.576
2010-03-05,27.145,0.0,40.45,4.422
2010-03-06,24.878,0.002,38.27,4.116
2010-03-07,25.658,-0.0,43.23,4.739
2010-03-08,24.298,0.001,39.74,4.379
2010-03-09,23.354,0.0,43.44,3.404
2010-03-10,23.893,0.0,44.78,3.15
2010-03-11,24.411,0.002,42.16,3.036
2010-03-12,25.1,0.0,38.17,3.706
2010-03-13,25.971,0.001,38.82,4.018
2010-03-14,25.751,0.003,45.41,2.22
2010-03-15,26.371,0.001,41.98,1.162
2010-03-16,26.657,0.061,42.72,3.088
2010-03-17,26.93,0.0,39.95,2.752
2010-03-18,27.398,0.0,40.91,0.765
2010-03-19,27.972,0.0,43.48,1.849
2010-03-20,28.714,0.001,44.83,2.22
2010-03-21,30.255,0.0,43.89,2.656
2010-03-22,31.045,0.0,33.97,4.049
2010-03-23,31.03,0.001,27.64,4.004
2010-03-24,30.665,0.0,28.63,3.829
2010-03-25,30.25,0.0,36.76,2.173
2010-03-26,30.404,0.088,32.82,1.397
2010-03-27,30.79,0.001,26.47,2.798
2010-03-28,30.956,0.0,21.63,4.005
2010-03-29,29.451,0.0,34.07,1.223
2010-03-30,29.074,0.056,45.3,1.432
2010-03-31,29.582,0.911,35.97,1.703
2010-04-01,30.945,0.003,23.67,3.842
2010-04-02,30.823,0.002,20.1,3.522
2010-04-03,31.526,0.001,22.69,3.14
2010-04-04,31.922,0.0,20.45,3.374
2010-04-05,32.564,0.0,17.41,4.836
2010-04-06,32.23,0.001,14.68,5.535
2010-04-07,30.399,0.002,20.81,3.019
2010-04-08,31.694,0.005,22.62,1.834
2010-04-09,33.506,0.0,17.73,4.283
2010-04-10,33.88,0.002,16.74,4.292
2010-04-11,33.718,-0.0,19.11,3.561
2010-04-12,33.395,0.003,24.15,1.1
2010-04-13,32.073,0.757,33.8,0.651
2010-04-14,32.113,0.003,27.36,0.934
2010-04-15,32.44,0.001,36.96,2.154
2010-04-16,32.914,0.006,45.74,2.745
2010-04-17,33.004,0.001,46.15,2.091
2010-04-18,31.741,0.001,50.99,3.652
2010-04-19,32.118,0.001,50.27,1.103
2010-04-20,34.762,0.0,27.64,2.781
2010-04-21,34.566,0.002,22.51,2.382
2010-04-22,34.434,0.002,20.37,3.784
2010-04-23,34.444,0.001,18.73,3.505
2010-04-24,33.742,0.004,18.09,3.53
2010-04-25,34.206,0.003,17.12,3.297
2010-04-26,33.61,0.002,20.43,0.969
2010-04-27,31.905,0.001,44.66,4.14
2010-04-28,32.285,0.331,43.16,3.06
2010-04-29,31.684,1.46,49.91,3.304
2010-04-30,32.076,0.001,48.85,2.983
2010-05-01,31.478,0.703,54.89,0.474
2010-05-02,31.302,0.836,50.7,0.937
2010-05-03,31.314,1.657,49.4,1.027
2010-05-04,32.525,0.195,42.09,1.192
2010-05-05,31.618,0.308,47.64,3.402
2010-05-06,30.223,0.486,58.95,3.613
2010-05-07,30.683,0.137,58.22,1.927
2010-05-08,31.542,0.133,50.94,2.194
2010-05-09,33.319,0.0,35.47,4.068
2010-05-10,33.549,0.0,29.68,3.787
2010-05-11,34.695,0.002,23.94,3.513
2010-05-12,34.684,0.0,20.38,3.717
2010-05-13,34.924,0.001,19.15,2.839
2010-05-14,33.371,1.037,28.78,1.402
2010-05-15,32.641,2.922,40.25,0.113
2010-05-16,33.802,0.001,34.64,0.84
2010-05-17,33.495,0.011,48.12,3.737
2010-05-18,33.706,0.002,49.46,4.208
2010-05-19,34.601,0.085,48.61,2.74
2010-05-20,34.405,0.123,41.87,1.124
2010-05-21,34.107,0.031,39.65,1.865
2010-05-22,33.452,0.003,50.56,2.948
2010-05-23,31.876,0.839,58.37,3.362
2010-05-24,29.705,0.021,62.74,4.258
2010-05-25,31.751,0.205,56.68,2.484
2010-05-26,31.545,1.403,56.65,4.352
2010-05-27,30.721,0.071,61.19,5.188
2010-05-28,31.094,1.265,56.38,3.957
2010-05-29,32.347,0.0,53.65,3.036
2010-05-30,32.627,0.591,56.64,1.691
2010-05-31,33.598,0.105,41.74,1.127
2010-06-01,34.406,0.001,37.6,0.893
2010-06-02,34.712,0.001,41.38,0.455
2010-06-03,35.008,0.001,41.5,0.463
2010-06-04,34.287,0.378,45.22,2.167
2010-06-05,35.339,0.001,36.97,4.241
2010-06-06,34.992,0.002,31.18,4.95
2010-06-07,35.193,-0.0,29.12,3.491
2010-06-08,35.339,0.089,35.54,3.07
2010-06-09,32.874,0.001,43.59,3.025
2010-06-10,34.385,0.0,36.01,1.603
2010-06-11,35.335,0.001,38.21,1.392
2010-06-12,34.495,0.038,48.64,3.712
2010-06-13,34.226,0.03,50.64,3.746
2010-06-14,34.43,0.226,48.65,2.174
2010-06-15,34.722,0.027,48.78,0.545
2010-06-16,35.297,0.207,44.88,0.39
2010-06-17,31.906,0.63,59.62,1.662
2010-06-18,31.759,0.449,64.08,3.238
2010-06-19,32.507,0.509,61.87,3.486
2010-06-20,32.36,0.224,62.94,3.551
2010-06-21,32.863,0.907,63.44,2.749
2010-06-22,33.334,0.395,59.63,3.591
2010-06-23,32.377,0.373,62.41,3.457
2010-06-24,30.5,2.547,69.2,3.511
2010-06-25,30.484,3.015,70.4,3.005
2010-06-26,31.203,7.426,71.33,2.229
2010-06-27,31.578,0.956,70.2,1.939
2010-06-28,32.257,3.4,65.42,1.548
2010-06-29,31.277,8.003,70.24,1.828
2010-06-30,30.266,1.785,72.56,2.542
2010-07-01,29.106,8.597,78.0,2.842
2010-07-02,30.409,1.948,72.42,4.276
2010-07-03,30.723,1.243,69.96,4.925
2010-07-04,30.934,5.488,69.73,5.081
2010-07-05,31.053,12.809,72.36,3.446
2010-07-06,31.858,0.313,65.4,4.307
2010-07-07,31.779,0.428,63.59,4.628
2010-07-08,32.555,0.4,60.59,2.882
2010-07-09,31.494,7.713,70.44,1.415
2010-07-10,30.325,32.093,78.92,1.76
2010-07-11,28.439,41.783,86.47,2.177
2010-07-12,27.355,8.505,88.96,0.107
2010-07-13,28.305,10.03,81.89,1.064
2010-07-14,28.518,8.803,83.96,2.816
2010-07-15,30.284,3.075,77.56,3.279
2010-07-16,29.536,9.853,81.64,3.434
2010-07-17,29.504,27.287,84.36,2.326
2010-07-18,27.574,28.904,94.83,1.422
2010-07-19,27.194,34.679,93.66,2.446
2010-07-20,27.468,24.222,90.21,2.058
2010-07-21,28.243,12.598,86.9,2.422
2010-07-22,28.623,14.324,86.57,2.203
2010-07-23,29.463,9.028,83.84,0.689
2010-07-24,28.888,9.819,85.1,2.285
2010-07-25,30.237,2.201,74.48,5.214
2010-07-26,28.289,8.957,80.74,6.757
2010-07-27,27.204,19.258,88.0,4.494
2010-07-28,30.221,1.121,77.17,2.464
2010-07-29,29.83,7.935,78.42,2.914
2010-07-30,27.875,12.453,87.57,4.041
2010-07-31,27.894,9.021,83.42,3.807
2010-08-01,27.825,16.324,85.46,3.537
2010-08-02,27.705,9.376,85.39,4.352
2010-08-03,28.908,3.439,80.74,4.553
2010-08-04,29.785,1.392,76.99,3.878
2010-08-05,29.333,1.949,79.89,3.108
2010-08-06,30.168,0.156,72.83,4.992
2010-08-07,29.613,0.167,73.74,4.149
2010-08-08,30.046,3.71,80.23,1.361
2010-08-09,29.993,5.668,82.09,0.228
2010-08-10,29.734,8.057,84.79,0.796
2010-08-11,28.898,25.567,87.09,0.834
2010-08-12,28.95,23.909,85.08,1.853
2010-08-13,27.778,11.962,87.38,2.329
2010-08-14,28.969,6.078,84.57,1.921
2010-08-15,28.3,22.046,87.62,2.596
2010-08-16,28.718,12.966,86.43,1.623
2010-08-17,28.116,20.191,88.92,0.706
2010-08-18,27.489,28.218,91.62,1.817
2010-08-19,26.995,25.047,93.64,2.477
2010-08-20,27.567,14.967,89.62,2.036
2010-08-21,26.85,24.474,93.82,0.73
2010-08-22,27.278,27.014,90.83,1.04
2010-08-23,27.249,28.224,90.39,1.019
2010-08-24,26.461,25.83,94.15,1.868
2010-08-25,26.767,11.751,91.52,2.485
2010-08-26,28.625,5.146,85.64,1.442
2010-08-27,28.619,7.435,85.97,1.939
2010-08-28,28.032,8.212,87.81,2.3
2010-08-29,29.195,2.864,82.47,2.69
2010-08-30,29.19,2.589,81.11,3.998
2010-08-31,28.126,4.037,84.19,3.84
2010-09-01,28.853,2.919,83.49,3.091
2010-09-02,28.532,9.62,84.72,3.058
2010-09-03,28.249,13.309,86.36,3.244
2010-09-04,28.204,9.574,86.65,2.988
2010-09-05,29.094,1.61,83.28,2.905
2010-09-06,28.619,11.382,86.03,2.568
2010-09-07,28.011,5.201,85.79,4.047
2010-09-08,28.085,4.248,83.56,4.84
2010-09-09,27.897,8.036,85.61,3.524
2010-09-10,27.708,22.929,87.1,1.797
2010-09-11,27.071,15.202,89.29,0.752
2010-09-12,26.776,16.592,89.99,0.892
2010-09-13,27.623,13.962,87.29,0.794
2010-09-14,27.079,12.336,87.84,1.8
2010-09-15,25.881,14.221,91.29,3.062
2010-09-16,26.047,23.035,90.47,3.892
2010-09-17,25.55,13.609,92.66,3.953
2010-09-18,26.553,11.857,85.88,5.155
2010-09-19,26.734,5.794,85.19,5.645
2010-09-20,27.395,5.498,84.99,3.195
2010-09-21,26.821,11.167,88.5,1.442
2010-09-22,25.804,5.951,91.02,0.659
2010-09-23,26.662,1.554,84.31,0.475
2010-09-24,27.769,0.154,78.08,1.595
2010-09-25,27.495,0.575,81.17,1.164
2010-09-26,27.384,1.255,85.99,0.519
2010-09-27,27.81,0.189,76.55,2.322
2010-09-28,27.327,0.07,77.66,2.488
2010-09-29,27.298,0.107,76.53,0.905
2010-09-30,27.648,0.018,74.38,0.386
2010-10-01,28.015,0.419,78.48,0.59
2010-10-02,28.032,0.61,81.89,0.457
2010-10-03,28.001,0.132,77.31,0.923
2010-10-04,27.733,0.025,75.14,0.7
2010-10-05,27.641,0.064,73.84,0.611
2010-10-06,27.64,0.218,75.15,1.822
2010-10-07,26.997,0.318,77.79,2.806
2010-10-08,26.871,0.361,75.75,0.54
2010-10-09,26.909,0.707,73.73,1.993
2010-10-10,27.174,0.138,73.08,0.387
2010-10-11,27.148,0.096,73.03,1.366
2010-10-12,26.897,0.463,77.99,0.228
2010-10-13,27.383,0.015,70.1,0.945
2010-10-14,27.976,0.427,68.96,0.531
2010-10-15,27.763,0.621,71.15,2.028
2010-10-16,26.64,3.976,78.97,3.841
2010-10-17,24.818,4.987,84.98,3.886
2010-10-18,26.914,0.949,79.98,2.075
2010-10-19,27.074,9.135,82.54,0.507
2010-10-20,26.559,16.559,85.43,0.507
2010-10-21,25.276,7.999,87.2,0.123
2010-10-22,25.341,0.943,82.74,1.343
2010-10-23,25.5,0.019,78.44,1.242
2010-10-24,25.275,0.001,74.46,2.353
2010-10-25,23.375,0.0,65.27,2.015
2010-10-26,23.457,0.0,66.61,1.65
2010-10-27,23.448,0.001,61.97,2.258
2010-10-28,22.148,0.0,62.5,2.003
2010-10-29,22.407,0.001,63.34,0.987
2010-10-30,22.882,0.001,62.78,0.424
2010-10-31,20.855,0.01,77.13,1.22
2010-11-01,21.973,0.0,70.01,1.217
2010-11-02,22.576,0.001,69.71,1.426
2010-11-03,23.113,0.001,65.94,2.006
2010-11-04,22.721,0.001,64.67,1.774
2010-11-05,23.338,0.002,64.13,1.366
2010-11-06,24.096,0.002,68.63,0.474
2010-11-07,24.341,0.002,66.83,0.69
2010-11-08,24.227,0.001,68.72,1.406
2010-11-09,25.045,0.005,68.89,0.618
2010-11-10,25.448,0.003,66.0,0.703
2010-11-11,24.79,0.0,59.87,0.525
2010-11-12,23.563,0.0,57.84,1.042
2010-11-13,23.154,0.01,65.62,1.437
2010-11-14,23.82,0.009,71.38,1.209
2010-11-15,24.233,0.004,68.97,0.626
2010-11-16,24.357,0.146,71.31,0.879
2010-11-17,24.393,0.0,66.85,0.765
2010-11-18,23.817,0.223,68.83,1.724
2010-11-19,23.006,0.397,75.1,3.041
2010-11-20,21.576,0.001,51.2,3.804
2010-11-21,20.029,0.001,56.46,1.825
2010-11-22,21.014,0.002,61.69,0.108
2010-11-23,21.752,0.019,61.02,2.087
2010-11-24,21.758,0.001,63.49,2.513
2010-11-25,21.561,0.008,72.55,1.502
2010-11-26,22.957,0.004,71.29,2.816
2010-11-27,22.017,0.127,63.89,2.639
2010-11-28,20.975,0.01,55.66,2.782
2010-11-29,19.47,0.0,51.5,3.492
2010-11-30,17.813,0.001,55.48,2.939
2010-12-01,16.935,0.002,59.79,0.925
2010-12-02,16.873,0.001,62.81,1.196
2010-12-03,17.838,0.0,67.04,1.052
2010-12-04,17.946,0.001,66.3,0.983
2010-12-05,17.458,0.003,62.21,1.052
2010-12-06,17.681,0.001,58.73,1.62
2010-12-07,19.047,0.002,56.89,1.486
2010-12-08,20.116,0.001,62.12,0.468
2010-12-09,20.028,0.002,68.04,0.747
2010-12-10,20.65,0.001,59.98,2.64
2010-12-11,19.532,0.002,44.54,4.148
2010-12-12,16.006,0.001,56.59,2.793
2010-12-13,15.981,0.0,63.64,0.98
2010-12-14,16.575,0.0,59.88,2.489
2010-12-15,15.877,0.002,60.19,1.899
2010-12-16,16.299,0.0,62.66,2.031
2010-12-17,17.185,0.0,64.18,2.444
2010-12-18,16.933,0.0,59.66,2.796
2010-12-19,16.547,0.0,58.15,2.688
2010-12-20,15.216,0.0,63.2,2.181
2010-12-21,15.131,0.0,60.68,2.233
2010-12-22,15.584,0.001,61.99,1.265
2010-12-23,15.958,0.001,62.61,0.5
2010-12-24,16.159,0.001,61.84,1.678
2010-12-25,15.639,0.0,62.77,1.938
2010-12-26,15.355,0.001,64.96,1.375
2010-12-27,15.46,0.0,61.62,2.253
2010-12-28,15.594,0.001,63.34,1.864
2010-12-29,16.885,0.001,66.72,0.271
2010-12-30,17.352,0.002,70.05,0.752
2010-12-31,17.694,5.91,75.32,1.425
2011-01-01,14.642,0.004,72.29,3.599
2011-01-02,13.047,0.001,72.27,2.513
2011-01-03,11.993,0.001,71.54,2.283
2011-01-04,12.317,0.001,73.19,2.34
2011-01-05,12.538,0.0,72.2,2.544
2011-01-06,12.473,0.001,73.9,2.359
2011-01-07,12.659,0.002,76.69,1.461
2011-01-08,12.319,0.0,78.81,0.95
2011-01-09,12.263,0.008,81.52,1.793
2011-01-10,13.389,0.002,71.11,3.406
2011-01-11,12.373,0.001,76.3,1.846
2011-01-12,13.515,0.001,74.19,1.592
2011-01-13,14.458,0.001,72.51,1.888
2011-01-14,15.683,0.001,71.6,0.198
2011-01-15,17.327,0.212,70.18,1.549
2011-01-16,14.377,0.077,58.75,4.274
2011-01-17,12.78,0.001,62.83,2.401
2011-01-18,13.478,0.001,60.86,1.867
2011-01-19,13.843,0.002,57.98,2.714
2011-01-20,13.461,0.0,64.98,1.047
2011-01-21,14.143,0.002,65.32,1.856
2011-01-22,15.129,0.002,66.78,1.215
2011-01-23,16.552,0.0,63.2,1.658
2011-01-24,17.376,0.0,54.77,2.62
2011-01-25,17.508,0.035,49.33,2.216
2011-01-26,17.027,0.017,52.14,1.788
2011-01-27,16.202,0.001,45.56,3.404
2011-01-28,14.593,0.001,54.67,0.84
2011-01-29,15.571,0.006,58.52,1.721
2011-01-30,17.289,0.001,60.04,0.893
2011-01-31,17.767,0.0,54.7,3.437
2011-02-01,16.788,0.0,61.48,2.74
2011-02-02,16.587,0.001,65.01,1.03
2011-02-03,17.635,0.0,69.17,0.95
2011-02-04,18.297,0.002,69.08,1.397
2011-02-05,19.645,0.001,70.33,0.461
2011-02-06,20.243,0.0,71.32,0.907
2011-02-07,21.065,0.002,65.4,1.502
2011-02-08,21.266,0.002,49.52,3.516
2011-02-09,18.526,0.002,46.12,3.906
2011-02-10,17.859,0.002,49.63,3.047
2011-02-11,18.616,0.003,48.56,3.25
2011-02-12,18.898,0.003,58.02,1.96
2011-02-13,19.834,0.0,64.97,0.417
2011-02-14,21.805,0.038,63.99,0.311
2011-02-15,21.848,1.221,62.44,2.273
2011-02-16,16.831,17.119,86.35,2.636
2011-02-17,17.048,0.032,79.35,2.64
2011-02-18,16.948,0.001,65.41,3.017
2011-02-19,16.576,0.0,63.33,1.989
2011-02-20,17.5,0.002,61.86,0.725
2011-02-21,18.122,0.0,61.2,2.225
2011-02-22,18.406,0.001,59.85,2.701
2011-02-23,18.774,0.001,56.32,2.545
2011-02-24,19.554,0.01,53.9,2.306
2011-02-25,20.059,0.476,60.08,2.11
2011-02-26,20.069,0.075,54.56,2.118
2011-02-27,20.389,0.0,42.81,3.78
2011-02-28,19.382,0.001,40.47,3.589
2011-03-01,20.068,0.001,44.68,2.664
2011-03-02,22.571,0.001,48.31,2.802
2011-03-03,24.113,0.01,44.84,3.578
2011-03-04,23.363,1.248,52.45,3.629
2011-03-05,23.664,0.002,42.74,3.816
2011-03-06,23.579,0.0,37.06,5.021
2011-03-07,24.296,0.0,36.19,5.618
2011-03-08,25.02,0.002,37.47,5.424
2011-03-09,23.276,0.813,47.31,2.731
2011-03-10,23.657,0.023,40.84,2.226
2011-03-11,23.904,0.63,35.66,2.844
2011-03-12,23.001,0.001,38.68,3.035
2011-03-13,22.949,0.001,44.52,2.191
2011-03-14,24.191,0.0,45.08,0.538
2011-03-15,25.115,0.002,48.02,0.62
2011-03-16,26.229,0.0,43.29,2.084
2011-03-17,26.818,0.0,46.13,0.996
2011-03-18,27.127,0.0,47.79,0.453
2011-03-19,27.72,0.0,50.93,0.65
2011-03-20,27.951,0.283,48.45,0.714
2011-03-21,26.777,0.0,32.28,3.757
2011-03-22,25.824,0.0,33.77,3.317
2011-03-23,26.685,0.0,32.95,1.986
2011-03-24,27.132,0.001,32.74,1.861
2011-03-25,27.582,0.002,29.96,2.198
2011-03-26,27.29,0.007,32.64,2.36
2011-03-27,27.773,0.038,40.14,1.577
2011-03-28,26.408,0.002,55.64,3.911
2011-03-29,26.793,0.017,52.39,3.232
2011-03-30,26.11,0.125,60.0,1.929
2011-03-31,26.557,0.001,39.73,2.722
2011-04-01,27.022,0.0,33.55,1.953
2011-04-02,27.546,0.002,35.82,0.97
2011-04-03,27.541,1.885,39.4,1.102
2011-04-04,26.106,0.463,38.65,1.193
2011-04-05,26.002,0.002,29.99,1.706
2011-04-06,27.923,0.0,19.81,3.25
2011-04-07,29.572,0.002,18.76,3.894
2011-04-08,30.176,0.0,20.21,3.342
2011-04-09,29.468,0.122,23.87,1.497
2011-04-10,29.483,0.012,30.03,1.228
2011-04-11,29.98,0.001,29.14,0.684
2011-04-12,29.943,0.354,33.57,1.336
2011-04-13,28.458,1.7,45.27,2.329
2011-04-14,28.698,0.105,41.83,1.291
2011-04-15,29.106,0.009,41.64,1.623
2011-04-16,30.102,0.001,38.96,0.884
2011-04-17,31.69,0.001,35.2,0.981
2011-04-18,31.042,2.015,43.71,1.12
2011-04-19,29.441,2.629,44.95,1.1
2011-04-20,29.237,0.0,30.1,3.286
2011-04-21,29.812,0.0,20.65,3.142
2011-04-22,29.227,0.0,21.42,2.557
2011-04-23,30.021,0.001,23.56,1.318
2011-04-24,30.78,0.001,26.75,1.666
2011-04-25,29.755,2.046,44.28,4.185
2011-04-26,28.418,0.262,52.1,3.518
2011-04-27,30.036,0.008,42.32,1.911
2011-04-28,31.224,0.003,38.16,1.258
2011-04-29,31.429,0.192,45.97,3.111
2011-04-30,30.617,0.001,52.56,4.197
2011-05-01,31.004,0.577,50.26,1.885
2011-05-02,31.465,0.012,45.82,1.71
2011-05-03,31.521,1.249,48.42,2.25
2011-05-04,31.144,0.86,54.08,3.695
2011-05-05,30.954,0.166,52.21,2.784
2011-05-06,31.91,0.453,48.42,2.371
2011-05-07,30.728,0.849,55.78,0.994
2011-05-08,31.177,0.007,43.98,0.367
2011-05-09,32.087,0.003,38.84,0.758
2011-05-10,32.819,0.001,46.47,1.732
2011-05-11,32.689,0.005,48.2,2.825
2011-05-12,32.509,0.004,49.33,3.673
2011-05-13,32.279,1.445,52.31,2.131
2011-05-14,32.773,0.054,47.34,0.807
2011-05-15,33.4,0.002,44.94,1.926
2011-05-16,34.167,0.012,45.98,2.931
2011-05-17,33.076,0.044,53.53,3.394
2011-05-18,31.271,7.422,60.24,3.809
2011-05-19,27.404,3.153,72.64,4.345
2011-05-20,29.418,0.503,61.69,3.415
2011-05-21,30.61,1.678,61.87,2.131
2011-05-22,30.023,0.699,66.79,0.366
2011-05-23,31.485,0.146,56.0,1.894
2011-05-24,31.998,0.019,53.22,0.925
2011-05-25,32.221,0.368,60.17,3.879
2011-05-26,31.094,0.268,65.22,3.157
2011-05-27,31.2,1.52,65.67,1.381
2011-05-28,31.137,1.843,63.81,1.561
2011-05-29,31.484,0.183,61.53,2.813
2011-05-30,31.083,1.392,63.78,1.915
2011-05-31,30.85,0.52,62.35,2.478
2011-06-01,31.946,0.023,55.88,2.551
2011-06-02,33.099,0.305,51.4,1.818
2011-06-03,33.395,0.277,50.54,1.058
2011-06-04,33.678,0.001,41.47,0.714
2011-06-05,34.444,0.0,40.22,2.167
2011-06-06,35.118,0.004,45.93,3.016
2011-06-07,33.038,0.809,55.16,4.243
2011-06-08,31.245,8.648,60.73,3.329
2011-06-09,29.414,2.632,67.56,2.228
2011-06-10,31.702,0.749,58.6,0.826
2011-06-11,30.631,2.152,64.93,1.408
2011-06-12,30.835,3.959,67.6,3.034
2011-06-13,31.452,1.923,64.52,2.034
2011-06-14,30.756,5.072,66.71,2.274
2011-06-15,30.084,5.949,71.9,1.856
2011-06-16,30.321,4.624,71.59,0.076
2011-06-17,29.637,11.268,75.88,1.191
2011-06-18,28.543,11.332,78.37,0.701
2011-06-19,27.229,13.904,86.72,3.262
2011-06-20,28.492,11.056,79.61,6.365
2011-06-21,29.938,3.423,73.78,6.172
2011-06-22,30.035,10.963,76.6,4.585
2011-06-23,30.735,1.857,74.97,1.298
2011-06-24,30.982,0.105,67.5,1.676
2011-06-25,29.291,5.491,78.01,2.013
2011-06-26,28.313,13.485,83.19,3.114
2011-06-27,27.787,7.496,82.68,4.469
2011-06-28,27.161,12.643,86.81,5.004
2011-06-29,26.837,10.326,88.41,4.403
2011-06-30,25.919,19.308,93.61,2.544
2011-07-01,27.128,12.563,86.35,3.399
2011-07-02,30.085,2.88,72.92,3.595
2011-07-03,30.169,2.321,74.25,1.568
2011-07-04,28.642,23.415,84.14,1.763
2011-07-05,28.214,5.565,81.5,3.935
2011-07-06,28.927,2.958,78.39,3.826
2011-07-07,28.714,3.018,78.59,4.024
2011-07-08,28.371,16.657,81.85,3.361
2011-07-09,28.244,19.57,84.37,2.128
2011-07-10,27.869,12.108,85.36,1.276
2011-07-11,28.611,6.427,84.07,1.271
2011-07-12,29.288,11.111,83.05,2.0
2011-07-13,29.315,3.839,81.87,3.58
2011-07-14,29.859,0.716,76.94,3.805
2011-07-15,29.195,2.445,79.51,4.041
2011-07-16,28.301,7.175,83.46,3.714
2011-07-17,28.591,3.405,81.57,3.561
2011-07-18,29.204,8.393,81.85,1.835
2011-07-19,28.478,31.206,87.59,0.84
2011-07-20,26.413,43.376,93.38,2.799
2011-07-21,29.206,6.088,79.89,3.071
2011-07-22,28.412,0.677,76.64,6.077
2011-07-23,27.595,1.032,77.22,4.826
2011-07-24,28.638,1.144,76.49,3.888
2011-07-25,29.614,0.47,77.54,2.884
2011-07-26,29.642,4.304,79.74,2.065
2011-07-27,27.692,22.321,90.56,0.751
2011-07-28,27.531,38.853,91.83,1.346
2011-07-29,28.495,11.184,85.43,0.829
2011-07-30,28.033,18.468,88.4,0.972
2011-07-31,27.973,19.884,88.69,0.894
2011-08-01,28.673,5.019,85.78,1.031
2011-08-02,28.149,34.843,89.55,0.944
2011-08-03,27.815,25.506,91.45,1.832
2011-08-04,27.678,19.373,88.58,2.177
2011-08-05,26.992,20.757,91.32,1.89
2011-08-06,26.884,21.55,92.18,2.705
2011-08-07,27.029,12.053,89.4,3.82
2011-08-08,28.295,4.993,78.53,5.875
2011-08-09,26.279,7.897,89.1,4.691
2011-08-10,26.978,8.472,87.5,2.544
2011-08-11,27.513,3.926,82.27,3.752
2011-08-12,28.595,3.888,80.28,3.618
2011-08-13,28.198,8.182,78.67,6.445
2011-08-14,26.65,21.828,89.33,4.636
2011-08-15,26.642,11.01,91.34,1.288
2011-08-16,27.444,18.292,88.3,0.787
2011-08-17,26.642,18.948,91.07,1.422
2011-08-18,25.776,15.067,92.93,1.361
2011-08-19,26.389,8.362,88.3,3.744
2011-08-20,28.263,4.253,82.4,2.855
2011-08-21,29.778,0.187,77.5,0.935
2011-08-22,29.247,17.997,83.59,0.745
2011-08-23,26.336,22.617,94.78,1.507
2011-08-24,28.115,1.303,83.17,1.689
2011-08-25,27.518,2.71,86.85,2.902
2011-08-26,28.961,0.21,76.53,3.048
2011-08-27,28.967,1.011,78.38,3.32
2011-08-28,29.136,0.895,79.8,3.211
2011-08-29,29.364,3.007,81.15,3.194
2011-08-30,29.974,0.895,77.4,3.234
2011-08-31,29.2,3.4,79.85,3.36
2011-09-01,28.984,2.515,77.57,4.752
2011-09-02,27.907,5.607,79.14,6.106
2011-09-03,28.044,1.966,81.24,4.536
2011-09-04,29.276,0.592,78.42,3.104
2011-09-05,29.454,2.092,80.18,2.233
2011-09-06,28.93,12.14,82.7,1.954
2011-09-07,28.157,15.663,83.87,1.258
2011-09-08,26.912,16.408,89.89,1.164
2011-09-09,27.965,6.097,82.14,3.563
2011-09-10,28.006,6.757,80.23,5.537
2011-09-11,28.365,3.026,81.41,3.605
2011-09-12,28.032,9.968,86.52,1.383
2011-09-13,29.414,1.228,83.11,0.944
2011-09-14,27.832,20.729,87.18,0.934
2011-09-15,26.633,7.891,90.38,1.98
2011-09-16,27.069,8.794,88.78,0.59
2011-09-17,27.459,5.287,87.66,1.507
2011-09-18,28.05,1.393,85.02,1.679
2011-09-19,27.892,1.686,82.65,0.263
2011-09-20,26.837,3.811,86.9,0.699
2011-09-21,27.339,3.225,84.88,0.628
2011-09-22,27.083,9.082,88.43,1.002
2011-09-23,26.933,22.803,87.8,1.981
2011-09-24,25.603,28.967,90.71,4.237
2011-09-25,24.999,40.34,93.49,3.553
2011-09-26,27.021,0.702,77.06,3.277
2011-09-27,26.914,0.52,79.42,2.422
2011-09-28,27.412,0.809,81.69,2.259
2011-09-29,27.484,0.563,77.49,2.659
2011-09-30,27.608,0.138,75.58,2.735
2011-10-01,27.14,0.001,75.14,2.98
2011-10-02,27.261,0.146,77.65,2.244
2011-10-03,27.239,0.281,79.61,1.574
2011-10-04,27.303,0.798,80.59,0.377
2011-10-05,27.785,0.465,77.92,1.073
2011-10-06,27.64,0.079,76.49,0.512
2011-10-07,27.89,0.162,76.52,0.888
2011-10-08,27.637,0.766,80.25,0.57
2011-10-09,27.404,0.213,77.65,1.066
2011-10-10,27.408,0.002,73.49,1.607
2011-10-11,26.803,0.0,70.9,2.043
2011-10-12,26.111,0.001,68.5,1.911
2011-10-13,26.223,0.001,69.84,1.735
2011-10-14,26.31,0.001,69.62,1.813
2011-10-15,26.043,0.001,68.51,1.188
2011-10-16,26.091,0.001,65.11,0.694
2011-10-17,26.091,0.18,71.71,0.859
2011-10-18,26.479,0.389,73.57,0.52
2011-10-19,25.686,0.097,62.69,1.403
2011-10-20,26.017,0.004,53.84,0.839
2011-10-21,24.852,1.055,68.02,1.493
2011-10-22,24.65,0.404,77.96,0.408
2011-10-23,25.034,0.005,68.64,1.506
2011-10-24,25.373,0.001,67.45,0.877
2011-10-25,25.463,0.199,67.93,1.41
2011-10-26,25.119,0.006,62.47,1.055
2011-10-27,23.781,0.001,57.42,2.331
2011-10-28,23.307,0.001,56.36,1.216
2011-10-29,22.682,0.002,58.48,0.927
2011-10-30,22.974,0.001,60.04,1.551
2011-10-31,23.003,0.002,62.87,0.179
2011-11-01,23.278,0.052,63.44,0.377
2011-11-02,22.693,0.07,68.85,1.624
2011-11-03,23.091,0.09,69.11,1.839
2011-11-04,22.819,0.094,72.12,1.577
2011-11-05,23.082,0.274,70.94,0.325
2011-11-06,22.907,0.075,70.8,0.264
2011-11-07,22.335,0.032,69.15,1.508
2011-11-08,22.431,0.002,67.28,0.653
2011-11-09,22.927,0.001,66.37,0.636
2011-11-10,23.458,0.0,65.08,0.362
2011-11-11,23.718,0.002,64.84,0.461
2011-11-12,23.8,0.391,66.98,1.246
2011-11-13,21.821,0.155,76.81,1.367
2011-11-14,21.716,0.064,73.0,0.914
2011-11-15,21.461,0.063,69.87,0.682
2011-11-16,21.661,0.025,66.48,0.217
2011-11-17,21.448,0.012,71.18,1.596
2011-11-18,21.21,0.163,74.77,1.64
2011-11-19,21.103,0.015,73.11,1.017
2011-11-20,21.312,0.002,70.01,0.771
2011-11-21,21.31,0.0,68.36,1.238
2011-11-22,21.532,0.003,66.51,1.177
2011-11-23,21.476,0.001,66.02,1.193
2011-11-24,21.444,0.001,67.39,1.044
2011-11-25,21.108,0.0,67.14,2.129
2011-11-26,20.704,0.001,67.26,2.123
2011-11-27,20.223,0.001,64.14,2.437
2011-11-28,19.661,0.0,63.65,2.554
2011-11-29,19.09,0.002,62.97,1.783
2011-11-30,19.799,0.0,64.02,0.249
2011-12-01,20.407,0.001,65.8,1.188
2011-12-02,20.778,0.0,66.67,0.804
2011-12-03,21.588,0.01,64.81,1.672
2011-12-04,21.26,0.096,71.3,0.228
2011-12-05,21.085,0.002,70.22,0.803
2011-12-06,20.56,0.002,72.43,0.865
2011-12-07,20.282,0.007,74.04,0.038
2011-12-08,20.426,0.002,74.56,0.086
2011-12-09,19.88,0.005,73.3,1.671
2011-12-10,19.834,0.193,67.17,2.222
2011-12-11,18.096,0.093,69.35,1.984
2011-12-12,17.455,0.026,65.45,1.813
2011-12-13,16.353,0.002,66.18,2.296
2011-12-14,15.655,0.001,66.31,1.196
2011-12-15,14.992,0.001,69.21,1.297
2011-12-16,14.602,0.0,69.0,1.437
2011-12-17,14.977,0.001,67.98,0.49
2011-12-18,14.959,0.001,73.23,0.459
2011-12-19,14.915,0.0,74.83,1.767
2011-12-20,14.481,0.001,77.04,1.548
2011-12-21,14.626,0.001,76.02,2.042
2011-12-22,15.002,0.0,72.84,2.051
2011-12-23,14.655,0.001,64.6,2.628
2011-12-24,13.693,0.001,68.6,1.936
2011-12-25,14.219,0.0,69.56,1.261
2011-12-26,14.867,0.001,71.46,0.85
2011-12-27,15.787,0.0,74.51,0.281
2011-12-28,16.891,0.002,73.49,0.655
2011-12-29,16.659,0.0,73.51,0.799
2011-12-30,16.998,0.001,69.75,0.642
2011-12-31,18.345,0.001,68.6,1.477
2012-01-01,16.093,9.457,88.6,2.857
2012-01-02,16.014,6.372,89.15,0.558
2012-01-03,15.15,0.268,81.47,2.407
2012-01-04,15.935,0.047,75.93,1.433
2012-01-05,15.514,0.054,79.22,1.176
2012-01-06,15.923,0.017,74.23,0.968
2012-01-07,16.413,0.064,74.86,2.429
2012-01-08,16.667,0.019,75.03,2.153
2012-01-09,15.601,1.524,85.42,1.086
2012-01-10,13.753,0.346,81.83,2.154
2012-01-11,13.118,0.005,69.63,2.369
2012-01-12,13.318,0.118,70.02,3.039
2012-01-13,12.631,0.0,66.11,3.029
2012-01-14,12.566,0.0,69.99,1.94
2012-01-15,14.267,0.001,75.22,0.337
2012-01-16,15.569,0.496,75.84,1.779
2012-01-17,15.895,0.112,76.63,0.918
2012-01-18,15.54,0.442,74.66,1.302
2012-01-19,16.234,0.137,69.92,1.27
2012-01-20,15.287,0.416,69.8,2.878
2012-01-21,13.361,0.002,63.56,3.656
2012-01-22,12.978,0.0,67.8,2.371
2012-01-23,13.961,0.001,67.23,2.682
2012-01-24,14.325,0.0,65.3,2.519
2012-01-25,14.266,0.002,63.88,2.165
2012-01-26,16.103,0.001,62.26,2.953
2012-01-27,15.217,0.002,56.71,3.031
2012-01-28,14.463,0.001,58.87,1.93
2012-01-29,14.826,0.0,57.69,2.158
2012-01-30,14.624,0.0,58.28,2.319
2012-01-31,15.123,0.001,56.94,2.699
2012-02-01,15.402,0.001,50.95,3.314
2012-02-02,15.066,0.001,59.02,2.287
2012-02-03,16.11,0.0,58.97,2.389
2012-02-04,18.107,0.001,59.36,0.135
2012-02-05,19.474,0.001,55.29,1.671
2012-02-06,19.813,0.001,55.5,3.523
2012-02-07,20.817,0.271,53.29,2.189
2012-02-08,17.227,6.126,82.3,1.09
2012-02-09,14.019,0.003,44.92,4.086
2012-02-10,14.459,0.002,55.52,3.153
2012-02-11,14.974,0.001,56.84,2.582
2012-02-12,16.262,0.001,56.61,0.892
2012-02-13,16.899,0.655,59.77,2.582
2012-02-14,18.776,0.001,62.8,1.265
2012-02-15,19.364,0.303,60.05,1.949
2012-02-16,19.047,1.61,64.82,2.143
2012-02-17,19.877,0.001,55.76,2.734
2012-02-18,18.73,0.001,44.77,3.851
2012-02-19,18.738,0.001,45.42,3.605
2012-02-20,19.05,0.0,54.67,2.517
2012-02-21,20.392,0.001,59.12,1.26
2012-02-22,22.853,0.001,56.05,2.233
2012-02-23,24.499,0.002,46.6,4.531
2012-02-24,24.48,0.001,40.5,4.249
2012-02-25,22.91,0.0,35.81,4.651
2012-02-26,21.144,0.002,30.86,5.349
2012-02-27,19.756,0.002,38.3,3.594
2012-02-28,20.774,0.0,42.51,2.863
2012-02-29,20.806,0.001,40.58,2.523
2012-03-01,21.065,0.0,36.59,3.033
2012-03-02,22.295,0.0,38.43,3.447
2012-03-03,22.299,0.001,35.26,3.506
2012-03-04,23.163,0.0,43.44,1.603
2012-03-05,23.551,0.001,52.91,0.32
2012-03-06,24.702,0.257,44.7,1.255
2012-03-07,23.797,0.003,31.26,3.668
2012-03-08,22.723,0.002,27.66,1.713
2012-03-09,21.641,0.0,24.17,2.437
2012-03-10,20.619,0.001,29.33,2.421
2012-03-11,21.059,0.002,34.82,1.032
2012-03-12,22.559,1.871,42.05,0.341
2012-03-13,19.27,9.293,76.39,1.973
2012-03-14,20.387,0.013,57.16,3.106
2012-03-15,21.72,0.002,42.41,4.108
2012-03-16,21.701,0.0,44.32,2.175
2012-03-17,23.126,0.003,47.68,1.529
2012-03-18,24.346,0.0,46.92,2.114
2012-03-19,25.621,0.0,47.59,0.989
2012-03-20,26.978,0.0,49.76,0.455
2012-03-21,28.269,0.0,37.42,3.737
2012-03-22,24.316,0.002,27.3,4.802
2012-03-23,23.969,0.001,34.57,3.508
2012-03-24,24.772,0.002,42.25,2.24
2012-03-25,25.556,0.003,40.89,2.094
2012-03-26,26.929,0.0,40.31,1.669
2012-03-27,28.816,0.001,32.26,3.084
2012-03-28,29.995,0.001,25.06,4.166
2012-03-29,28.509,0.001,23.9,4.751
2012-03-30,27.149,0.0,32.87,1.319
2012-03-31,28.67,0.0,29.84,3.094
2012-04-01,29.369,0.002,34.09,1.96
2012-04-02,30.273,0.002,34.07,1.698
2012-04-03,30.302,0.011,34.16,1.766
2012-04-04,29.993,0.568,40.28,1.331
2012-04-05,28.976,0.15,44.07,1.382
2012-04-06,27.92,0.03,47.9,1.659
2012-04-07,28.157,0.005,51.14,2.642
2012-04-08,28.057,0.358,51.42,1.902
2012-04-09,28.213,0.045,52.75,3.064
2012-04-10,26.787,0.005,56.27,4.661
2012-04-11,27.455,0.361,54.72,2.284
2012-04-12,28.791,0.144,41.11,1.417
2012-04-13,29.875,0.168,29.92,1.59
2012-04-14,30.246,0.181,30.42,2.038
2012-04-15,28.332,1.052,40.78,2.468
2012-04-16,28.975,0.002,33.41,3.949
2012-04-17,30.732,0.005,29.79,3.936
2012-04-18,31.692,0.005,28.74,4.761
2012-04-19,32.495,0.0,27.53,4.629
2012-04-20,33.181,0.0,25.87,3.842
2012-04-21,32.738,0.002,28.5,4.476
2012-04-22,31.911,-0.0,23.85,5.284
2012-04-23,32.313,0.001,21.12,4.83
2012-04-24,32.556,0.0,20.7,3.484
2012-04-25,32.096,0.015,22.99,2.407
2012-04-26,32.828,0.02,23.07,2.757
2012-04-27,33.318,0.016,21.25,4.059
2012-04-28,31.685,0.0,24.24,4.201
2012-04-29,31.833,0.0,21.81,3.17
2012-04-30,31.914,0.0,18.5,2.124
2012-05-01,31.968,0.002,17.54,1.818
2012-05-02,31.315,0.001,19.71,2.377
2012-05-03,31.15,0.001,19.45,1.743
2012-05-04,30.806,0.079,30.22,2.11
2012-05-05,29.574,1.15,40.79,2.478
2012-05-06,30.405,0.001,32.89,0.839
2012-05-07,32.105,0.001,30.23,1.033
2012-05-08,33.438,0.012,29.75,0.779
2012-05-09,33.755,0.003,34.29,2.135
2012-05-10,33.179,0.031,40.36,2.464
2012-05-11,33.169,0.016,41.12,0.897
2012-05-12,32.921,0.156,40.56,0.554
2012-05-13,34.134,0.001,28.32,3.827
2012-05-14,34.533,0.001,23.29,4.665
2012-05-15,33.594,0.001,23.02,3.979
2012-05-16,34.346,0.001,21.01,3.694
2012-05-17,34.775,0.001,26.55,0.664
2012-05-18,33.388,0.0,44.28,1.848
2012-05-19,33.904,0.05,37.67,0.86
2012-05-20,33.637,0.001,33.0,0.885
2012-05-21,34.313,0.0,27.03,2.231
2012-05-22,35.206,0.001,20.83,3.281
2012-05-23,35.589,0.003,17.45,3.844
2012-05-24,34.725,0.0,15.23,3.785
2012-05-25,34.495,0.001,25.48,0.473
2012-05-26,34.88,0.0,41.88,2.283
2012-05-27,35.615,0.002,38.74,1.24
2012-05-28,34.869,0.001,33.64,0.344
2012-05-29,35.252,0.001,30.16,0.592
2012-05-30,35.972,0.001,33.34,1.911
2012-05-31,35.775,0.002,44.7,3.566
2012-06-01,34.736,0.018,51.52,3.333
2012-06-02,34.556,0.0,48.54,1.826
2012-06-03,35.684,0.002,31.65,1.949
2012-06-04,36.627,0.003,27.33,3.404
2012-06-05,35.506,0.056,33.12,1.307
2012-06-06,35.6,0.0,36.59,0.418
2012-06-07,34.819,0.005,37.97,2.527
2012-06-08,36.517,0.0,28.27,4.091
2012-06-09,36.398,0.002,25.97,4.102
2012-06-10,35.944,0.0,26.13,2.995
2012-06-11,35.81,0.0,32.57,0.439
2012-06-12,35.848,0.001,38.92,0.686
2012-06-13,36.262,0.001,37.24,0.299
2012-06-14,37.116,0.001,31.78,1.274
2012-06-15,37.762,0.001,24.9,3.104
2012-06-16,36.792,0.002,34.26,1.281
2012-06-17,33.75,0.002,53.05,3.646
2012-06-18,30.501,1.359,67.81,3.722
2012-06-19,28.26,6.484,83.93,1.549
2012-06-20,31.192,10.695,71.42,1.937
2012-06-21,29.893,5.539,77.66,3.467
2012-06-22,29.355,7.586,77.55,2.986
2012-06-23,29.448,20.158,78.74,1.279
2012-06-24,30.397,3.811,74.76,0.561
2012-06-25,34.195,0.006,48.84,2.871
2012-06-26,35.291,0.0,34.85,4.992
2012-06-27,34.596,0.561,43.35,2.604
2012-06-28,33.835,0.069,54.33,1.432
2012-06-29,33.404,0.071,59.07,2.535
2012-06-30,34.164,0.073,57.37,2.732
2012-07-01,33.321,0.569,61.53,4.8
2012-07-02,33.495,0.197,58.51,4.472
2012-07-03,31.564,4.51,64.8,4.239
2012-07-04,30.126,8.655,72.91,3.535
2012-07-05,28.381,27.586,84.01,1.833
2012-07-06,26.639,51.425,92.37,2.423
2012-07-07,27.139,13.409,87.34,3.591
2012-07-08,28.386,7.976,82.57,3.691
2012-07-09,28.58,6.993,80.33,4.896
2012-07-10,28.814,12.102,82.4,2.981
2012-07-11,29.089,12.602,85.08,0.13
2012-07-12,30.103,12.88,78.48,1.485
2012-07-13,28.484,11.991,87.25,0.936
2012-07-14,28.068,26.143,87.11,1.331
2012-07-15,27.469,34.614,88.99,0.343
2012-07-16,27.402,5.877,90.83,0.393
2012-07-17,29.528,3.917,80.87,1.339
2012-07-18,29.826,15.347,80.9,1.32
2012-07-19,27.267,34.054,92.37,0.693
2012-07-20,27.144,40.227,88.3,4.131
2012-07-21,29.161,2.74,79.65,4.165
2012-07-22,29.177,2.326,80.93,3.352
2012-07-23,29.396,2.912,82.48,2.549
2012-07-24,27.899,22.573,88.63,2.334
2012-07-25,27.627,14.991,88.62,3.033
2012-07-26,29.343,3.762,81.46,2.748
2012-07-27,28.831,12.122,83.32,3.178
2012-07-28,28.052,9.293,85.02,3.647
2012-07-29,27.971,13.229,86.16,3.929
2012-07-30,28.987,1.506,79.58,3.707
2012-07-31,29.322,0.675,78.38,2.818
2012-08-01,29.639,2.742,80.81,1.488
2012-08-02,28.635,14.181,85.85,0.666
2012-08-03,26.823,12.047,91.06,2.533
2012-08-04,28.734,5.36,80.78,2.488
2012-08-05,29.462,7.158,78.35,3.687
2012-08-06,28.727,7.652,80.39,4.595
2012-08-07,28.278,13.985,83.93,3.754
2012-08-08,28.168,12.966,85.78,3.083
2012-08-09,27.729,10.31,87.06,2.875
2012-08-10,29.636,2.825,78.62,3.328
2012-08-11,28.187,9.117,81.04,5.365
2012-08-12,27.091,14.814,85.38,4.251
2012-08-13,26.604,11.56,90.22,1.349
2012-08-14,27.828,11.202,84.6,0.997
2012-08-15,28.231,6.961,84.12,0.259
2012-08-16,28.813,12.158,85.04,0.62
2012-08-17,28.166,14.203,87.55,0.353
2012-08-18,28.561,6.619,84.93,2.081
2012-08-19,29.614,1.02,79.62,3.382
2012-08-20,28.817,4.653,82.31,3.023
2012-08-21,28.354,10.967,83.82,3.225
2012-08-22,26.481,19.203,90.52,3.295
2012-08-23,25.456,27.236,94.78,0.838
2012-08-24,27.381,16.586,88.77,0.747
2012-08-25,27.463,10.132,87.44,1.587
2012-08-26,27.811,3.305,85.25,2.621
2012-08-27,28.671,3.544,81.96,3.217
2012-08-28,28.907,5.985,82.37,2.955
2012-08-29,28.788,5.141,83.92,2.932
2012-08-30,29.187,3.728,82.31,3.016
2012-08-31,29.034,1.292,81.96,2.392
2012-09-01,29.252,11.27,80.91,2.322
2012-09-02,27.397,5.057,86.5,3.218
2012-09-03,28.788,2.99,80.69,3.55
2012-09-04,27.992,5.104,76.45,5.712
2012-09-05,27.977,0.521,74.73,6.571
2012-09-06,26.939,5.026,82.43,5.458
2012-09-07,27.005,2.584,87.2,2.569
2012-09-08,29.398,0.257,78.92,0.755
2012-09-09,29.133,3.833,80.41,1.962
2012-09-10,27.678,8.303,82.57,4.075
2012-09-11,27.799,12.306,86.78,3.077
2012-09-12,27.343,22.554,88.01,1.737
2012-09-13,26.017,28.417,93.53,0.38
2012-09-14,25.253,44.409,96.13,1.13
2012-09-15,24.362,68.578,97.23,2.305
2012-09-16,24.742,9.843,95.3,3.706
2012-09-17,25.325,34.499,93.58,4.365
2012-09-18,25.784,27.989,92.4,1.567
2012-09-19,26.479,7.059,89.64,0.057
2012-09-20,27.859,1.443,82.99,1.303
2012-09-21,28.184,0.55,78.59,2.142
2012-09-22,27.614,0.037,76.73,2.361
2012-09-23,27.391,0.027,74.21,2.771
2012-09-24,27.091,0.028,73.38,2.916
2012-09-25,26.976,0.007,76.68,1.874
2012-09-26,27.261,0.282,78.14,0.611
2012-09-27,27.821,0.459,79.35,0.708
2012-09-28,28.262,0.191,77.07,0.8
2012-09-29,28.779,0.025,74.85,0.508
2012-09-30,29.332,0.012,72.66,0.262
2012-10-01,29.026,0.529,76.22,0.725
2012-10-02,28.798,0.439,76.85,0.977
2012-10-03,28.147,1.655,79.8,1.143
2012-10-04,27.796,0.515,75.99,1.915
2012-10-05,27.006,0.001,69.16,2.419
2012-10-06,26.903,0.001,69.83,0.939
2012-10-07,27.243,0.015,71.3,0.288
2012-10-08,27.226,0.053,73.59,0.291
2012-10-09,26.085,2.565,78.78,1.595
2012-10-10,25.129,1.516,80.75,1.042
2012-10-11,25.938,0.046,70.97,2.138
2012-10-12,25.778,0.0,64.11,2.113
2012-10-13,25.606,0.001,64.64,0.488
2012-10-14,25.744,0.0,62.58,0.274
2012-10-15,25.79,0.003,65.98,0.742
2012-10-16,26.198,0.011,66.45,0.879
2012-10-17,25.997,0.016,67.0,0.522
2012-10-18,25.513,0.001,61.38,1.156
2012-10-19,25.426,0.001,58.85,1.177
2012-10-20,25.065,0.0,59.42,1.286
2012-10-21,24.188,0.001,57.05,1.869
2012-10-22,24.15,0.002,56.49,2.088
2012-10-23,23.931,0.003,52.25,2.5
2012-10-24,24.308,0.008,53.95,2.83
2012-10-25,23.384,0.004,55.91,2.276
2012-10-26,23.209,0.0,51.11,0.87
2012-10-27,23.03,0.0,51.42,1.338
2012-10-28,22.91,0.002,54.84,1.641
2012-10-29,23.079,0.0,52.07,1.667
2012-10-30,23.266,0.0,51.25,1.992
2012-10-31,23.252,0.001,52.49,1.778
2012-11-01,22.817,0.003,53.56,1.426
2012-11-02,22.483,0.001,53.02,0.677
2012-11-03,22.227,0.0,50.85,0.802
2012-11-04,22.501,0.0,55.35,0.757
2012-11-05,22.188,0.001,60.29,1.097
2012-11-06,22.65,0.0,54.41,1.676
2012-11-07,22.451,0.001,52.95,2.734
2012-11-08,22.004,0.0,55.4,2.66
2012-11-09,21.594,0.001,57.69,1.941
2012-11-10,21.519,0.001,58.53,0.896
2012-11-11,21.701,0.019,61.38,1.764
2012-11-12,21.873,0.003,57.82,1.015
2012-11-13,21.953,0.001,56.97,1.919
2012-11-14,21.076,0.0,58.48,2.538
2012-11-15,20.251,0.0,57.98,1.723
2012-11-16,20.309,0.001,59.86,1.1
2012-11-17,20.825,0.0,60.05,1.672
2012-11-18,20.616,0.001,60.95,1.456
2012-11-19,20.587,0.002,60.62,1.656
2012-11-20,20.606,0.0,59.3,2.221
2012-11-21,20.191,0.0,54.3,2.18
2012-11-22,19.417,0.001,52.99,2.569
2012-11-23,18.941,0.0,56.02,2.035
2012-11-24,19.369,0.0,51.55,2.8
2012-11-25,20.318,0.001,48.56,3.685
2012-11-26,18.829,0.001,48.23,2.912
2012-11-27,18.057,0.003,54.98,2.371
2012-11-28,17.478,0.001,56.04,1.832
2012-11-29,17.87,0.001,55.14,1.496
2012-11-30,19.796,0.0,54.31,3.081
2012-12-01,18.074,0.001,54.05,2.451
2012-12-02,17.675,0.002,56.63,2.039
2012-12-03,18.055,0.002,51.06,2.669
2012-12-04,18.162,0.001,46.47,3.237
2012-12-05,17.06,0.001,59.51,1.889
2012-12-06,17.337,0.001,56.63,2.356
2012-12-07,17.247,0.001,59.31,1.693
2012-12-08,17.28,0.001,61.66,1.705
2012-12-09,18.037,0.0,61.63,1.143
2012-12-10,19.304,0.003,58.42,0.79
2012-12-11,19.535,0.006,62.45,1.679
2012-12-12,18.987,0.049,65.0,1.38
2012-12-13,17.906,0.002,58.91,0.813
2012-12-14,18.063,0.001,61.83,1.628
2012-12-15,18.569,0.001,69.79,1.143
2012-12-16,19.183,0.001,65.36,2.999
2012-12-17,18.934,0.0,56.53,3.63
2012-12-18,16.337,0.0,67.43,2.279
2012-12-19,16.778,0.001,59.91,3.373
2012-12-20,14.907,0.002,67.59,2.207
2012-12-21,14.498,0.001,72.48,1.17
2012-12-22,14.89,0.0,74.12,0.821
2012-12-23,15.43,0.0,73.73,0.35
2012-12-24,15.272,0.0,76.55,1.589
2012-12-25,14.528,0.001,75.29,1.969
2012-12-26,14.499,0.001,75.73,1.885
2012-12-27,14.304,0.001,74.49,1.742
2012-12-28,14.34,0.0,75.03,1.519
2012-12-29,14.484,0.0,74.9,1.66
2012-12-30,15.703,0.0,71.37,2.089
