date,temp_c,precip_mm,humidity_pct,wind_speed_ms
2000-01-01,19.93,0.144,71.14,2.651
2000-01-02,20.165,0.002,64.65,2.188
2000-01-03,20.628,0.002,64.72,2.071
2000-01-04,21.046,0.004,64.31,1.976
2000-01-05,21.286,0.032,68.57,2.122
2000-01-06,21.281,0.24,71.08,2.17
2000-01-07,21.582,0.005,65.0,2.627
2000-01-08,20.511,0.113,73.21,2.379
2000-01-09,21.635,0.123,72.33,2.33
2000-01-10,20.635,5.266,80.3,1.608
2000-01-11,21.188,0.54,81.21,1.966
2000-01-12,21.956,0.079,71.59,1.961
2000-01-13,22.248,0.009,67.04,1.367
2000-01-14,22.615,0.001,65.56,1.183
2000-01-15,22.943,0.066,65.25,1.217
2000-01-16,22.387,0.048,68.52,2.141
2000-01-17,21.547,0.038,62.86,2.116
2000-01-18,21.018,0.002,52.56,2.157
2000-01-19,21.774,0.001,59.42,1.648
2000-01-20,22.762,0.001,52.25,1.193
2000-01-21,23.084,0.005,54.4,1.014
2000-01-22,22.473,0.002,45.74,1.31
2000-01-23,22.888,0.003,43.84,0.771
2000-01-24,23.013,0.001,49.82,1.539
2000-01-25,22.278,0.036,58.96,2.352
2000-01-26,21.563,0.007,54.51,2.353
2000-01-27,21.231,0.001,59.92,2.518
2000-01-28,21.697,0.002,57.29,2.309
2000-01-29,22.621,0.0,48.07,2.155
2000-01-30,22.248,0.002,46.51,2.093
2000-01-31,21.376,0.001,45.14,1.952
2000-02-01,20.923,0.003,46.72,1.687
2000-02-02,21.494,0.003,53.09,1.53
2000-02-03,23.471,0.367,68.36,2.16
2000-02-04,23.477,1.037,74.74,1.976
2000-02-05,24.615,0.122,64.89,1.465
2000-02-06,24.673,0.948,64.37,1.371
2000-02-07,24.498,0.523,65.52,0.866
2000-02-08,23.934,1.899,74.17,1.71
2000-02-09,23.244,2.168,76.83,1.536
2000-02-10,24.289,0.494,69.06,1.761
2000-02-11,23.863,1.543,73.0,1.473
2000-02-12,24.069,0.851,66.64,1.438
2000-02-13,23.777,0.004,56.6,2.152
2000-02-14,22.607,0.007,54.62,2.344
2000-02-15,22.352,0.015,56.35,2.288
2000-02-16,23.061,0.004,56.49,1.848
2000-02-17,24.468,0.001,53.7,1.302
2000-02-18,25.523,0.002,46.17,1.024
2000-02-19,25.208,0.025,53.44,1.109
2000-02-20,24.631,0.292,60.43,1.692
2000-02-21,24.796,0.748,61.48,1.553
2000-02-22,23.674,1.538,70.58,1.924
2000-02-23,24.158,0.757,70.01,2.351
2000-02-24,23.183,4.491,79.7,1.485
2000-02-25,23.661,2.504,75.33,1.019
2000-02-26,22.983,7.155,82.02,1.268
2000-02-27,21.721,7.96,88.51,2.107
2000-02-28,22.454,2.509,81.81,2.97
2000-02-29,22.587,0.023,66.16,2.445
2000-03-01,22.26,0.001,41.74,1.806
2000-03-02,22.798,0.0,32.28,1.188
2000-03-03,24.047,0.001,31.36,1.047
2000-03-04,25.037,0.002,30.43,1.235
2000-03-05,25.102,0.0,33.48,1.574
2000-03-06,24.9,0.001,33.89,1.232
2000-03-07,25.126,0.012,40.68,1.143
2000-03-08,26.383,0.012,54.1,1.277
2000-03-09,26.601,0.318,58.67,0.723
2000-03-10,26.776,0.081,54.25,1.455
2000-03-11,26.415,0.064,53.53,1.034
2000-03-12,27.083,0.005,50.25,0.972
2000-03-13,27.33,0.053,49.42,0.54
2000-03-14,27.529,0.125,51.18,1.215
2000-03-15,26.926,0.229,54.36,0.823
2000-03-16,27.171,0.043,51.17,0.913
2000-03-17,27.291,0.001,46.15,1.599
2000-03-18,27.447,0.086,48.04,1.281
2000-03-19,27.485,0.005,46.56,1.117
2000-03-20,27.593,0.0,40.27,1.656
2000-03-21,26.891,0.002,41.89,1.966
2000-03-22,25.597,0.001,44.81,2.24
2000-03-23,25.877,0.001,52.14,2.26
2000-03-24,26.268,0.009,50.98,2.422
2000-03-25,26.603,0.0,39.17,2.252
2000-03-26,26.167,0.211,44.75,2.512
2000-03-27,26.116,0.064,53.24,2.499
2000-03-28,25.991,0.104,56.37,2.193
2000-03-29,26.959,0.001,45.6,2.261
2000-03-30,27.559,0.0,35.77,1.543
2000-03-31,28.098,0.0,34.72,0.995
2000-04-01,26.176,1.208,56.46,1.056
2000-04-02,26.881,0.456,61.4,2.022
2000-04-03,27.147,0.886,61.47,1.661
2000-04-04,27.805,0.134,56.35,1.208
2000-04-05,28.07,0.008,50.76,1.198
2000-04-06,28.039,0.008,49.24,1.629
2000-04-07,27.253,0.061,56.61,1.786
2000-04-08,28.265,0.029,47.28,1.411
2000-04-09,29.467,0.0,40.68,1.049
2000-04-10,29.296,0.188,45.95,0.443
2000-04-11,28.561,3.149,54.76,0.446
2000-04-12,28.755,0.39,51.3,0.838
2000-04-13,28.545,1.701,53.47,1.448
2000-04-14,27.511,5.966,64.07,1.714
2000-04-15,27.535,3.347,61.2,1.279
2000-04-16,26.707,8.203,67.19,0.934
2000-04-17,26.78,7.318,69.71,0.301
2000-04-18,26.805,2.043,68.74,0.995
2000-04-19,26.497,0.87,62.46,1.274
2000-04-20,26.966,0.011,51.32,1.143
2000-04-21,27.628,0.11,55.35,1.134
2000-04-22,28.348,0.035,50.52,0.848
2000-04-23,28.699,0.182,49.59,0.864
2000-04-24,26.83,9.645,67.4,1.762
2000-04-25,28.41,0.015,51.03,2.613
2000-04-26,28.412,0.155,50.37,2.362
2000-04-27,28.292,0.904,56.71,2.115
2000-04-28,28.348,1.554,59.18,2.113
2000-04-29,28.673,1.294,58.19,2.167
2000-04-30,29.484,0.566,51.58,1.058
2000-05-01,27.842,3.349,62.12,1.595
2000-05-02,27.402,10.497,66.27,1.326
2000-05-03,26.897,6.949,69.8,1.589
2000-05-04,26.783,3.717,66.93,0.979
2000-05-05,26.247,7.05,71.57,1.011
2000-05-06,26.629,1.398,68.77,0.906
2000-05-07,25.698,13.556,73.41,1.232
2000-05-08,26.061,4.459,71.23,1.201
2000-05-09,26.478,5.382,72.29,0.569
2000-05-10,26.155,11.017,75.08,1.435
2000-05-11,26.455,4.42,70.37,2.236
2000-05-12,27.529,0.17,60.64,2.673
2000-05-13,27.544,0.012,53.32,3.155
2000-05-14,27.902,0.006,52.87,2.906
2000-05-15,28.017,0.001,52.22,3.326
2000-05-16,27.383,0.405,59.46,3.494
2000-05-17,26.243,2.262,65.28,3.885
2000-05-18,26.676,0.137,57.33,4.049
2000-05-19,26.354,1.109,61.83,4.277
2000-05-20,27.154,0.132,56.12,4.022
2000-05-21,27.592,0.004,54.42,3.61
2000-05-22,28.098,0.083,54.2,3.301
2000-05-23,28.108,0.516,55.69,2.4
2000-05-24,27.294,5.294,64.48,1.654
2000-05-25,26.482,9.447,69.99,2.011
2000-05-26,26.161,6.977,70.23,2.27
2000-05-27,25.98,1.941,68.4,2.729
2000-05-28,26.352,1.171,63.88,3.334
2000-05-29,26.456,2.893,63.84,2.824
2000-05-30,26.377,4.16,66.3,3.016
2000-05-31,25.845,5.174,68.0,3.441
2000-06-01,25.14,3.739,70.85,3.839
2000-06-02,24.635,3.041,71.11,3.967
2000-06-03,24.744,5.61,71.13,4.24
2000-06-04,24.329,8.992,76.04,4.491
2000-06-05,24.378,2.018,73.01,5.332
2000-06-06,23.225,4.825,83.03,4.466
2000-06-07,23.143,7.596,85.61,3.996
2000-06-08,24.789,0.631,73.05,4.087
2000-06-09,25.454,0.208,68.78,4.108
2000-06-10,25.261,2.335,70.38,4.003
2000-06-11,25.289,2.185,70.14,4.252
2000-06-12,23.9,1.807,74.29,4.392
2000-06-13,24.814,0.21,66.21,4.514
2000-06-14,25.186,0.362,66.26,4.53
2000-06-15,25.706,0.147,62.85,4.157
2000-06-16,25.558,0.542,63.95,4.426
2000-06-17,25.704,0.325,61.22,4.986
2000-06-18,25.649,0.532,63.17,4.788
2000-06-19,25.102,2.057,66.68,4.588
2000-06-20,25.857,0.284,63.96,4.151
2000-06-21,25.393,1.811,69.38,3.479
2000-06-22,25.422,0.775,68.04,3.259
2000-06-23,25.802,0.172,62.68,3.258
2000-06-24,26.411,0.067,58.37,3.31
2000-06-25,26.555,0.033,55.79,3.55
2000-06-26,26.432,0.013,56.54,3.935
2000-06-27,24.757,5.887,69.33,4.069
2000-06-28,24.443,2.369,69.62,4.587
2000-06-29,23.683,1.966,71.07,4.673
2000-06-30,23.001,3.747,77.54,4.522
2000-07-01,24.835,0.611,65.27,4.752
2000-07-02,25.282,0.259,60.95,4.886
2000-07-03,23.375,6.611,73.97,4.544
2000-07-04,22.083,16.807,87.67,3.996
2000-07-05,23.397,3.417,77.16,5.289
2000-07-06,23.489,3.499,76.92,4.964
2000-07-07,23.599,1.415,73.88,5.148
2000-07-08,23.6,0.442,68.64,6.121
2000-07-09,24.567,0.097,63.25,5.703
2000-07-10,24.784,0.481,64.71,5.65
2000-07-11,23.781,2.594,73.85,5.206
2000-07-12,24.198,0.344,67.47,5.684
2000-07-13,24.684,0.215,62.38,5.774
2000-07-14,24.745,0.405,64.54,5.305
2000-07-15,25.146,0.011,61.95,5.028
2000-07-16,25.102,0.086,61.88,4.952
2000-07-17,24.867,0.169,62.53,5.184
2000-07-18,24.846,0.057,62.63,5.013
2000-07-19,25.089,0.258,62.45,4.599
2000-07-20,25.794,0.103,59.01,3.765
2000-07-21,26.238,0.119,56.71,2.649
2000-07-22,26.438,0.11,56.82,2.052
2000-07-23,26.551,0.016,54.7,2.619
2000-07-24,26.645,0.004,52.02,2.501
2000-07-25,26.294,0.016,52.48,2.52
2000-07-26,26.332,0.056,54.04,3.139
2000-07-27,26.093,0.181,57.04,3.578
2000-07-28,26.27,0.09,56.71,3.374
2000-07-29,26.768,0.183,55.26,2.74
2000-07-30,26.152,3.094,63.38,2.024
2000-07-31,24.97,16.477,73.9,1.404
2000-08-01,24.976,9.608,73.73,1.529
2000-08-02,25.407,5.395,70.55,1.017
2000-08-03,24.56,32.974,77.86,1.003
2000-08-04,24.434,14.642,80.2,0.999
2000-08-05,24.568,5.8,79.0,0.616
2000-08-06,24.449,13.214,80.14,1.672
2000-08-07,23.985,5.247,79.08,2.647
2000-08-08,23.847,3.027,74.09,4.343
2000-08-09,22.358,7.519,81.63,4.846
2000-08-10,22.831,2.467,76.08,4.812
2000-08-11,23.711,0.164,70.19,4.412
2000-08-12,24.413,0.193,69.39,3.163
2000-08-13,24.497,5.421,75.48,1.323
2000-08-14,24.537,12.718,79.04,0.646
2000-08-15,23.42,8.756,83.11,1.633
2000-08-16,23.932,1.265,76.21,2.804
2000-08-17,23.892,3.219,74.74,3.305
2000-08-18,23.933,1.048,72.23,3.911
2000-08-19,24.42,0.286,67.64,4.622
2000-08-20,23.791,1.603,72.47,4.822
2000-08-21,22.77,5.08,78.51,4.781
2000-08-22,22.412,2.195,79.74,5.782
2000-08-23,23.021,6.616,78.75,5.867
2000-08-24,23.358,7.705,78.99,5.354
2000-08-25,22.638,17.842,85.79,4.386
2000-08-26,21.983,12.906,86.37,4.128
2000-08-27,22.53,4.954,81.39,4.232
2000-08-28,24.004,1.169,72.46,4.794
2000-08-29,24.151,0.893,70.48,4.517
2000-08-30,24.046,0.023,68.31,4.369
2000-08-31,24.044,0.471,70.77,4.016
2000-09-01,24.335,0.033,65.86,4.248
2000-09-02,24.107,0.104,66.73,4.456
2000-09-03,23.875,1.428,71.5,3.923
2000-09-04,24.167,1.375,71.96,3.142
2000-09-05,24.04,1.824,75.42,2.644
2000-09-06,24.364,0.345,71.1,2.545
2000-09-07,24.251,1.397,74.45,2.146
2000-09-08,24.809,0.136,67.54,1.967
2000-09-09,25.197,0.099,64.55,2.63
2000-09-10,25.279,0.128,62.86,3.033
2000-09-11,24.87,0.436,65.98,3.007
2000-09-12,24.428,3.703,71.87,2.032
2000-09-13,24.49,5.232,74.82,1.324
2000-09-14,24.932,3.974,75.33,1.009
2000-09-15,26.05,0.406,65.41,1.568
2000-09-16,25.271,8.442,74.15,2.015
2000-09-17,24.592,14.581,80.28,1.193
2000-09-18,24.183,18.541,82.52,1.603
2000-09-19,24.045,22.884,82.73,0.84
2000-09-20,24.1,15.492,82.21,0.393
2000-09-21,23.392,7.169,84.76,0.482
2000-09-22,23.777,4.006,81.2,1.146
2000-09-23,23.587,4.787,83.08,1.893
2000-09-24,23.578,3.287,83.89,1.89
2000-09-25,23.067,5.758,85.16,1.386
2000-09-26,23.32,2.315,82.98,1.629
2000-09-27,23.566,3.659,82.48,1.62
2000-09-28,24.31,1.048,77.23,1.009
2000-09-29,24.09,14.898,80.4,1.61
2000-09-30,23.123,33.067,86.56,1.588
2000-10-01,22.653,20.379,87.52,1.509
2000-10-02,23.142,6.975,83.71,1.504
2000-10-03,23.563,0.31,77.52,2.054
2000-10-04,23.829,0.295,76.53,1.571
2000-10-05,23.63,5.916,81.11,1.252
2000-10-06,23.289,12.819,82.76,1.087
2000-10-07,23.417,20.501,83.04,0.716
2000-10-08,23.362,22.903,83.51,1.163
2000-10-09,23.028,10.577,84.28,2.132
2000-10-10,23.647,7.197,81.34,1.584
2000-10-11,23.869,6.283,80.59,1.761
2000-10-12,23.969,4.867,79.02,2.105
2000-10-13,23.608,4.105,80.26,2.821
2000-10-14,23.908,1.027,77.09,1.865
2000-10-15,24.566,1.028,74.34,1.662
2000-10-16,24.267,0.046,63.38,2.18
2000-10-17,23.907,0.0,59.02,2.642
2000-10-18,23.998,0.004,65.39,2.718
2000-10-19,24.121,1.145,72.93,2.244
2000-10-20,23.013,5.71,84.75,2.149
2000-10-21,23.403,5.987,82.85,1.664
2000-10-22,22.716,15.599,86.01,1.705
2000-10-23,23.688,3.078,77.84,0.744
2000-10-24,22.706,0.001,63.38,1.158
2000-10-25,22.367,0.001,56.9,1.178
2000-10-26,22.856,0.0,58.91,1.396
2000-10-27,23.402,0.001,60.58,1.242
2000-10-28,23.893,0.004,58.57,1.13
2000-10-29,23.168,0.002,56.78,1.572
2000-10-30,22.739,0.003,57.01,1.175
2000-10-31,23.21,0.01,63.0,1.075
2000-11-01,22.442,0.053,74.39,1.309
2000-11-02,22.146,0.715,80.24,1.798
2000-11-03,23.423,0.18,74.22,1.66
2000-11-04,23.695,1.13,78.65,2.146
2000-11-05,23.542,0.108,70.86,1.726
2000-11-06,23.479,0.03,66.36,1.628
2000-11-07,22.912,0.017,69.88,1.993
2000-11-08,22.662,0.021,70.56,2.028
2000-11-09,22.371,0.911,75.74,2.07
2000-11-10,22.646,0.011,67.29,2.463
2000-11-11,22.263,1.61,78.24,2.331
2000-11-12,22.725,0.073,71.14,2.008
2000-11-13,22.112,0.124,71.65,2.181
2000-11-14,22.06,0.007,63.33,2.167
2000-11-15,21.901,0.456,70.38,2.713
2000-11-16,21.445,0.0,65.52,2.674
2000-11-17,21.613,0.027,70.51,2.486
2000-11-18,22.51,0.074,72.29,1.961
2000-11-19,22.43,0.823,80.58,2.106
2000-11-20,22.691,0.007,69.34,1.679
2000-11-21,23.302,0.264,71.23,2.34
2000-11-22,22.682,3.285,83.31,2.934
2000-11-23,22.004,4.83,87.51,2.948
2000-11-24,22.421,0.178,72.79,1.792
2000-11-25,21.471,0.001,62.91,1.691
2000-11-26,20.791,0.0,55.44,1.837
2000-11-27,21.244,0.001,59.07,1.538
2000-11-28,22.733,1.049,57.28,2.28
2000-11-29,22.037,10.051,78.47,3.744
2000-11-30,20.752,10.62,94.12,2.766
2000-12-01,22.178,2.052,81.69,1.845
2000-12-02,22.455,1.444,80.86,2.575
2000-12-03,22.456,2.211,81.46,2.697
2000-12-04,22.345,2.085,84.44,2.288
2000-12-05,21.338,0.203,73.99,1.844
2000-12-06,19.295,0.003,68.47,1.757
2000-12-07,18.752,0.0,68.06,2.005
2000-12-08,18.463,0.001,71.22,2.104
2000-12-09,18.723,0.002,69.71,1.85
2000-12-10,18.32,0.001,71.83,1.772
2000-12-11,18.452,0.0,65.73,1.814
2000-12-12,18.446,0.001,59.14,1.632
2000-12-13,19.014,0.0,48.93,1.748
2000-12-14,19.579,0.001,52.91,1.711
2000-12-15,19.275,0.001,61.65,2.01
2000-12-16,19.055,0.002,63.3,2.305
2000-12-17,19.424,0.0,64.1,2.293
2000-12-18,19.722,0.001,61.46,1.731
2000-12-19,20.096,0.001,50.73,1.841
2000-12-20,19.228,0.007,65.77,2.043
2000-12-21,19.182,0.003,67.85,2.246
2000-12-22,19.591,0.0,64.42,1.956
2000-12-23,20.293,0.001,66.96,2.055
2000-12-24,20.167,0.001,57.76,1.985
2000-12-25,20.442,0.001,48.89,2.187
2000-12-26,21.51,0.003,52.73,2.949
2000-12-27,21.16,0.022,61.74,3.483
2000-12-28,20.951,0.469,67.34,3.813
2000-12-29,20.35,6.22,92.13,2.071
2000-12-30,21.978,2.318,83.41,2.303
2000-12-31,22.553,0.804,76.91,1.64
2001-01-01,22.699,2.0,79.72,1.225
2001-01-02,22.196,3.706,81.79,1.341
2001-01-03,21.984,0.091,70.54,1.958
2001-01-04,21.932,0.015,68.56,2.331
2001-01-05,22.074,0.066,68.64,2.427
2001-01-06,21.128,0.02,63.92,1.965
2001-01-07,21.074,0.02,60.13,1.739
2001-01-08,20.996,0.015,55.15,1.707
2001-01-09,20.922,0.002,60.64,1.625
2001-01-10,22.222,0.001,62.42,1.984
2001-01-11,22.156,0.005,63.03,2.099
2001-01-12,22.523,0.069,65.0,2.39
2001-01-13,22.102,0.034,62.94,1.938
2001-01-14,21.813,0.002,52.2,2.056
2001-01-15,21.701,0.003,57.92,2.026
2001-01-16,21.29,0.004,63.16,2.203
2001-01-17,20.315,0.007,59.96,2.563
2001-01-18,20.905,0.025,63.38,2.447
2001-01-19,21.933,0.0,55.95,2.796
2001-01-20,21.514,0.0,55.64,2.453
2001-01-21,21.505,0.001,48.67,1.977
2001-01-22,21.889,0.001,51.77,1.228
2001-01-23,23.282,0.002,53.38,1.792
2001-01-24,23.491,0.026,63.32,1.911
2001-01-25,24.052,0.003,58.51,1.89
2001-01-26,23.444,0.007,52.44,1.985
2001-01-27,21.97,0.007,48.91,2.11
2001-01-28,21.244,0.001,43.0,2.007
2001-01-29,20.409,0.001,53.38,1.769
2001-01-30,21.806,0.001,55.17,2.061
2001-01-31,23.093,0.031,61.73,2.055
2001-02-01,23.425,0.076,65.02,2.082
2001-02-02,24.18,0.056,61.51,1.562
2001-02-03,25.347,0.033,56.93,1.057
2001-02-04,25.175,0.107,62.97,1.381
2001-02-05,24.793,0.092,57.95,1.515
2001-02-06,24.675,0.003,42.53,1.667
2001-02-07,24.394,0.002,34.98,2.204
2001-02-08,23.772,0.0,35.28,1.755
2001-02-09,23.419,0.002,34.75,1.558
2001-02-10,23.983,0.0,32.7,1.034
2001-02-11,24.414,0.001,36.18,0.78
2001-02-12,23.999,0.0,38.43,1.991
2001-02-13,22.984,0.001,44.88,1.753
2001-02-14,22.675,0.001,48.35,2.14
2001-02-15,23.014,0.002,47.12,1.487
2001-02-16,24.013,0.003,53.52,1.283
2001-02-17,24.629,0.049,55.71,1.628
2001-02-18,25.294,0.036,59.55,1.921
2001-02-19,25.997,0.031,55.97,1.355
2001-02-20,26.399,0.03,53.62,1.156
2001-02-21,26.701,0.001,49.04,1.215
2001-02-22,26.875,0.0,43.37,0.9
2001-02-23,26.35,0.0,41.9,1.597
2001-02-24,26.313,0.001,38.48,0.937
2001-02-25,27.115,0.001,37.68,0.691
2001-02-26,27.387,0.002,41.32,0.653
2001-02-27,26.77,0.013,44.5,1.837
2001-02-28,25.075,0.025,52.79,2.362
2001-03-01,24.195,0.011,50.61,2.078
2001-03-02,23.786,0.001,49.57,2.136
2001-03-03,23.731,0.0,54.8,2.402
2001-03-04,25.149,0.0,48.54,2.103
2001-03-05,25.92,0.001,45.8,1.453
2001-03-06,25.957,0.001,47.66,1.288
2001-03-07,26.031,0.049,49.73,1.042
2001-03-08,25.617,0.005,49.44,2.077
2001-03-09,25.828,0.064,52.55,1.577
2001-03-10,25.716,0.172,53.67,0.881
2001-03-11,24.905,2.029,62.55,0.712
2001-03-12,25.701,0.306,52.7,0.84
2001-03-13,25.766,0.209,50.98,0.703
2001-03-14,26.244,0.061,44.44,1.359
2001-03-15,26.625,0.0,39.32,1.478
2001-03-16,26.912,0.0,42.24,1.182
2001-03-17,27.406,0.0,40.23,1.223
2001-03-18,27.174,0.0,43.34,1.946
2001-03-19,27.022,0.001,42.5,1.64
2001-03-20,27.587,0.001,41.43,1.023
2001-03-21,28.167,0.016,43.38,0.475
2001-03-22,27.98,0.748,50.87,0.196
2001-03-23,28.655,0.052,47.9,0.277
2001-03-24,28.838,0.127,49.74,0.777
2001-03-25,28.65,0.112,51.02,0.697
2001-03-26,28.901,0.001,36.32,1.705
2001-03-27,29.098,0.0,41.48,1.676
2001-03-28,29.706,0.001,42.13,0.395
2001-03-29,29.029,0.071,49.07,1.426
2001-03-30,26.517,12.799,66.66,0.931
2001-03-31,27.137,1.553,62.45,0.443
2001-04-01,27.098,0.198,58.7,1.516
2001-04-02,26.921,0.039,56.38,1.617
2001-04-03,26.653,0.014,55.1,1.777
2001-04-04,26.776,0.004,55.57,1.981
2001-04-05,27.139,0.021,55.38,1.85
2001-04-06,27.494,0.013,47.45,1.868
2001-04-07,27.822,0.004,44.59,1.458
2001-04-08,27.355,0.234,57.26,1.016
2001-04-09,28.351,0.034,50.1,0.928
2001-04-10,27.599,0.159,56.72,2.239
2001-04-11,26.455,1.263,62.78,1.854
2001-04-12,23.876,15.176,78.58,1.977
2001-04-13,22.822,17.144,87.37,0.962
2001-04-14,24.579,1.961,74.9,0.783
2001-04-15,24.905,13.664,76.11,0.516
2001-04-16,24.48,19.795,80.73,0.549
2001-04-17,24.698,10.415,77.73,0.281
2001-04-18,25.134,8.45,76.21,1.05
2001-04-19,25.648,0.434,71.47,1.028
2001-04-20,26.262,0.881,71.18,0.833
2001-04-21,26.606,1.196,70.18,0.08
2001-04-22,27.068,0.272,66.53,1.207
2001-04-23,26.921,0.087,61.47,1.371
2001-04-24,26.578,0.002,56.14,1.583
2001-04-25,26.45,0.0,49.08,1.167
2001-04-26,26.691,0.0,52.82,1.041
2001-04-27,27.364,0.001,57.89,1.055
2001-04-28,27.867,0.004,57.1,0.832
2001-04-29,28.342,0.002,55.16,0.964
2001-04-30,28.34,0.007,55.47,1.016
2001-05-01,28.568,0.059,56.58,1.678
2001-05-02,28.907,0.066,51.86,0.573
2001-05-03,29.366,0.006,50.53,1.276
2001-05-04,28.697,2.769,60.65,1.42
2001-05-05,28.31,4.516,63.9,1.378
2001-05-06,27.894,3.543,66.28,1.552
2001-05-07,26.758,16.997,72.05,2.178
2001-05-08,28.016,0.062,60.2,2.548
2001-05-09,28.32,0.042,59.12,3.218
2001-05-10,28.873,0.002,50.65,2.99
2001-05-11,29.484,0.161,49.49,1.863
2001-05-12,28.675,0.498,57.48,2.4
2001-05-13,28.838,0.016,49.26,3.359
2001-05-14,28.739,0.018,46.68,2.881
2001-05-15,28.974,0.018,47.33,2.363
2001-05-16,28.626,0.628,54.32,1.989
2001-05-17,28.59,0.086,50.43,2.427
2001-05-18,28.69,0.002,46.54,2.881
2001-05-19,28.666,0.004,49.19,2.864
2001-05-20,28.352,0.315,50.99,2.725
2001-05-21,28.532,0.005,49.21,2.341
2001-05-22,27.574,1.539,58.95,2.863
2001-05-23,27.237,0.843,61.49,3.177
2001-05-24,26.963,0.192,58.63,4.27
2001-05-25,27.028,0.27,58.32,4.201
2001-05-26,27.401,0.264,57.66,3.942
2001-05-27,27.387,0.917,57.34,3.312
2001-05-28,26.997,0.625,59.27,3.913
2001-05-29,27.013,0.573,56.54,4.38
2001-05-30,27.31,0.204,54.32,4.469
2001-05-31,28.108,0.011,49.83,3.934
2001-06-01,28.875,0.093,46.78,3.126
2001-06-02,27.421,3.035,55.28,2.563
2001-06-03,27.291,0.388,55.56,2.307
2001-06-04,25.014,1.915,65.94,3.288
2001-06-05,24.845,0.866,70.12,3.671
2001-06-06,25.812,2.015,66.95,3.494
2001-06-07,25.718,0.641,65.22,3.792
2001-06-08,25.75,0.399,62.62,4.602
2001-06-09,25.952,0.711,61.4,4.487
2001-06-10,25.924,0.102,63.63,4.343
2001-06-11,23.956,12.114,78.35,4.186
2001-06-12,24.37,1.857,73.8,4.244
2001-06-13,23.414,2.851,79.53,4.604
2001-06-14,23.806,3.469,74.73,4.764
2001-06-15,23.311,2.779,75.98,4.354
2001-06-16,25.093,0.114,63.48,4.884
2001-06-17,25.685,0.04,61.82,4.706
2001-06-18,26.039,0.196,60.25,4.469
2001-06-19,25.958,0.381,64.18,4.37
2001-06-20,26.141,0.287,61.8,4.764
2001-06-21,25.788,0.248,62.72,5.1
2001-06-22,25.861,0.626,63.79,5.293
2001-06-23,26.211,0.466,61.68,5.479
2001-06-24,26.444,0.202,59.06,5.371
2001-06-25,26.54,0.478,60.05,5.102
2001-06-26,26.029,0.462,61.05,5.089
2001-06-27,26.206,0.924,60.51,5.149
2001-06-28,25.621,0.543,61.61,5.226
2001-06-29,25.461,1.072,66.45,4.656
2001-06-30,24.313,4.379,73.5,4.382
2001-07-01,25.252,0.799,66.67,4.723
2001-07-02,25.245,2.027,67.08,4.711
2001-07-03,25.726,0.238,61.76,5.484
2001-07-04,25.282,0.856,63.91,5.774
2001-07-05,24.525,4.683,71.06,5.287
2001-07-06,25.36,0.303,65.35,5.911
2001-07-07,25.54,1.428,64.6,6.38
2001-07-08,24.69,2.071,69.08,5.988
2001-07-09,24.923,0.159,64.99,5.788
2001-07-10,25.12,1.929,66.99,5.041
2001-07-11,24.947,1.016,66.8,4.503
2001-07-12,24.911,0.353,65.85,3.714
2001-07-13,25.337,0.81,65.15,3.729
2001-07-14,25.68,0.249,61.97,3.557
2001-07-15,24.563,4.8,70.07,3.746
2001-07-16,23.412,4.46,77.16,3.942
2001-07-17,24.666,0.232,65.21,4.432
2001-07-18,25.293,0.206,62.73,4.663
2001-07-19,25.654,0.056,60.01,4.569
2001-07-20,25.877,0.007,57.76,4.396
2001-07-21,25.765,0.004,55.37,4.117
2001-07-22,25.886,0.176,59.07,4.038
2001-07-23,26.037,0.545,63.16,3.343
2001-07-24,25.962,1.315,64.37,3.521
2001-07-25,25.133,8.254,70.32,3.348
2001-07-26,24.263,7.096,75.09,3.078
2001-07-27,24.595,7.883,74.01,2.9
2001-07-28,24.636,9.465,75.55,2.911
2001-07-29,24.765,1.07,69.64,3.931
2001-07-30,24.221,8.74,75.03,2.66
2001-07-31,23.945,14.289,79.11,2.369
2001-08-01,22.762,9.677,84.31,3.181
2001-08-02,23.121,4.011,79.67,4.241
2001-08-03,22.523,3.592,82.98,3.975
2001-08-04,23.102,4.116,78.98,4.004
2001-08-05,24.154,0.441,70.9,4.483
2001-08-06,24.382,0.733,69.11,4.238
2001-08-07,24.675,0.178,67.95,3.877
2001-08-08,24.408,1.433,72.07,3.725
2001-08-09,25.324,0.119,66.75,3.558
2001-08-10,25.106,0.8,70.9,3.347
2001-08-11,25.045,0.195,68.97,3.216
2001-08-12,24.959,0.019,66.05,3.603
2001-08-13,24.642,1.771,70.23,3.86
2001-08-14,24.769,0.026,66.28,4.114
2001-08-15,24.954,0.262,66.85,4.141
2001-08-16,25.285,0.404,66.11,4.395
2001-08-17,24.99,0.444,67.29,4.58
2001-08-18,24.666,2.826,68.26,4.731
2001-08-19,23.883,3.697,71.97,4.788
2001-08-20,24.827,0.251,64.94,4.75
2001-08-21,24.996,0.315,65.33,4.852
2001-08-22,25.346,0.524,64.97,4.547
2001-08-23,25.362,0.443,65.79,4.49
2001-08-24,25.644,0.462,64.99,4.36
2001-08-25,25.68,0.404,65.72,3.964
2001-08-26,25.246,1.14,68.99,3.816
2001-08-27,25.186,1.005,68.39,3.74
2001-08-28,25.351,0.271,61.98,5.019
2001-08-29,25.168,0.194,61.88,4.833
2001-08-30,25.347,0.16,60.56,4.857
2001-08-31,25.16,0.281,59.66,4.067
2001-09-01,25.753,0.129,56.63,3.416
2001-09-02,25.821,0.291,60.17,2.742
2001-09-03,26.414,0.146,56.91,2.326
2001-09-04,26.658,0.079,55.29,2.647
2001-09-05,26.163,0.002,49.86,3.168
2001-09-06,26.081,0.026,53.74,2.768
2001-09-07,26.432,0.03,54.3,1.635
2001-09-08,26.171,1.836,63.09,0.646
2001-09-09,25.194,16.701,73.46,1.374
2001-09-10,25.45,8.921,71.47,1.365
2001-09-11,25.013,1.831,68.34,1.946
2001-09-12,25.399,1.772,70.27,1.11
2001-09-13,24.948,11.648,76.4,0.864
2001-09-14,24.491,13.003,78.98,0.777
2001-09-15,24.736,12.247,77.52,0.703
2001-09-16,24.632,9.287,79.97,0.713
2001-09-17,24.319,9.398,81.98,1.315
2001-09-18,24.172,8.969,82.64,1.339
2001-09-19,24.152,18.723,82.29,0.976
2001-09-20,23.802,5.875,83.02,1.325
2001-09-21,24.117,2.679,79.79,0.82
2001-09-22,24.274,4.979,79.76,1.421
2001-09-23,24.282,9.925,78.54,2.009
2001-09-24,24.178,9.034,78.82,2.091
2001-09-25,23.819,10.492,79.56,2.338
2001-09-26,23.776,1.176,74.63,3.429
2001-09-27,23.141,2.977,78.56,3.532
2001-09-28,23.387,6.963,79.81,2.942
2001-09-29,23.832,2.205,79.66,2.36
2001-09-30,23.452,7.502,83.23,2.877
2001-10-01,24.793,0.163,70.39,3.853
2001-10-02,24.808,0.015,67.26,3.189
2001-10-03,24.815,0.164,66.17,2.05
2001-10-04,23.542,1.452,75.54,1.687
2001-10-05,23.033,15.274,83.56,2.621
2001-10-06,21.98,9.247,87.04,3.744
2001-10-07,23.874,3.362,77.32,2.91
2001-10-08,23.852,6.022,79.74,1.055
2001-10-09,24.046,1.092,78.51,0.701
2001-10-10,23.923,10.798,81.38,0.627
2001-10-11,23.71,13.594,83.7,1.342
2001-10-12,23.658,8.564,83.03,1.733
2001-10-13,23.457,9.692,83.59,2.16
2001-10-14,23.232,7.02,83.32,2.707
2001-10-15,23.385,8.226,83.73,1.987
2001-10-16,21.153,44.445,86.21,4.851
2001-10-17,21.519,1.857,81.22,2.404
2001-10-18,23.134,7.248,83.14,0.44
2001-10-19,23.546,6.426,84.56,0.574
2001-10-20,23.403,3.79,83.26,1.047
2001-10-21,23.219,4.056,84.64,1.645
2001-10-22,23.285,0.004,73.46,2.097
2001-10-23,23.403,0.637,74.93,1.579
2001-10-24,22.854,7.971,85.68,1.494
2001-10-25,22.863,9.675,88.54,1.041
2001-10-26,22.733,8.876,86.53,1.4
2001-10-27,23.027,1.791,83.55,1.142
2001-10-28,23.29,2.551,81.18,0.967
2001-10-29,22.955,0.025,69.47,0.964
2001-10-30,23.168,0.005,68.49,0.754
2001-10-31,23.199,0.048,69.46,0.776
2001-11-01,22.883,0.002,68.37,1.172
2001-11-02,22.242,3.873,81.46,1.535
2001-11-03,22.226,0.0,69.88,1.662
2001-11-04,23.012,2.141,75.14,1.462
2001-11-05,22.492,8.884,86.38,1.261
2001-11-06,22.405,7.807,88.13,1.081
2001-11-07,22.745,11.657,86.13,1.144
2001-11-08,22.628,5.027,84.02,1.943
2001-11-09,23.136,0.237,78.28,2.255
2001-11-10,23.049,0.017,71.3,2.3
2001-11-11,22.948,0.11,68.23,1.802
2001-11-12,23.279,0.306,73.29,1.36
2001-11-13,23.121,0.155,74.99,0.973
2001-11-14,23.505,1.095,77.82,0.969
2001-11-15,23.112,5.792,83.59,1.175
2001-11-16,22.304,4.077,86.05,1.567
2001-11-17,22.503,0.954,81.89,1.85
2001-11-18,21.593,4.8,87.52,1.964
2001-11-19,22.214,0.587,79.07,2.171
2001-11-20,22.142,0.071,73.41,2.191
2001-11-21,21.97,1.807,80.79,2.508
2001-11-22,21.712,3.819,84.39,2.351
2001-11-23,21.966,0.535,79.35,2.113
2001-11-24,21.571,0.283,77.19,1.971
2001-11-25,21.45,0.055,74.61,1.958
2001-11-26,21.187,0.009,72.83,1.645
2001-11-27,21.546,0.025,74.4,1.476
2001-11-28,21.265,0.293,75.6,1.64
2001-11-29,21.337,0.052,69.82,1.861
2001-11-30,20.781,0.15,74.46,2.205
2001-12-01,22.124,0.488,77.28,2.194
2001-12-02,21.626,0.148,73.29,2.372
2001-12-03,20.993,0.045,71.79,2.162
2001-12-04,20.76,0.005,73.32,1.976
2001-12-05,19.935,0.002,65.65,1.494
2001-12-06,19.478,0.003,61.31,1.6
2001-12-07,19.36,0.001,62.69,1.791
2001-12-08,19.288,0.004,61.11,1.658
2001-12-09,19.027,0.0,58.3,1.86
2001-12-10,19.18,0.001,63.78,1.744
2001-12-11,19.016,0.0,67.39,1.874
2001-12-12,19.265,0.0,62.18,1.896
2001-12-13,19.38,0.001,56.75,2.06
2001-12-14,19.911,0.001,64.32,2.183
2001-12-15,20.086,0.0,63.53,2.08
2001-12-16,20.438,0.001,56.83,2.169
2001-12-17,21.443,0.729,68.45,2.751
2001-12-18,21.995,0.899,75.72,2.961
2001-12-19,21.297,0.253,70.28,2.91
2001-12-20,21.141,1.57,68.64,3.1
2001-12-21,20.509,5.052,88.38,3.1
2001-12-22,20.505,3.503,88.89,2.87
2001-12-23,20.629,1.462,85.33,2.28
2001-12-24,20.875,5.338,85.02,2.058
2001-12-25,21.217,1.05,80.66,2.17
2001-12-26,21.572,1.067,80.28,2.357
2001-12-27,21.337,0.014,71.71,2.414
2001-12-28,21.222,0.369,76.33,2.439
2001-12-29,21.474,0.003,65.49,2.312
2001-12-30,21.123,0.001,64.21,2.15
2001-12-31,21.143,0.007,63.1,2.455
2002-01-01,21.051,0.001,67.68,2.928
2002-01-02,20.481,0.05,69.91,3.316
2002-01-03,19.826,0.005,66.7,2.836
2002-01-04,20.756,0.202,74.72,2.307
2002-01-05,21.442,1.735,79.71,2.415
2002-01-06,22.248,0.925,75.45,2.243
2002-01-07,22.177,1.177,78.72,2.302
2002-01-08,21.811,1.703,80.64,2.591
2002-01-09,21.535,2.064,79.49,2.519
2002-01-10,21.125,1.108,77.11,2.85
2002-01-11,21.139,0.014,63.96,2.481
2002-01-12,20.355,0.012,59.11,1.792
2002-01-13,19.044,0.001,54.58,1.845
2002-01-14,19.419,0.002,56.11,1.688
2002-01-15,20.044,0.005,54.33,1.383
2002-01-16,19.902,0.006,62.47,1.469
2002-01-17,20.039,0.012,63.76,1.53
2002-01-18,20.986,0.001,59.94,1.422
2002-01-19,22.049,0.017,63.84,1.526
2002-01-20,22.741,0.478,73.94,1.973
2002-01-21,23.59,0.722,74.1,2.034
2002-01-22,23.936,0.579,71.87,1.668
2002-01-23,24.263,0.055,63.79,1.571
2002-01-24,24.688,0.005,57.3,0.799
2002-01-25,25.452,0.001,56.97,0.718
2002-01-26,25.063,0.006,58.19,1.066
2002-01-27,24.315,0.025,64.12,1.77
2002-01-28,23.691,0.089,64.72,1.582
2002-01-29,22.924,0.092,65.24,1.643
2002-01-30,22.083,0.009,60.53,2.421
2002-01-31,21.906,0.381,72.31,3.067
2002-02-01,22.642,0.546,71.32,3.582
2002-02-02,20.845,6.002,80.81,2.576
2002-02-03,21.777,0.164,70.05,2.375
2002-02-04,22.38,0.003,63.47,2.483
2002-02-05,22.323,0.011,65.88,2.276
2002-02-06,23.076,0.006,64.45,1.924
2002-02-07,22.794,0.365,72.18,1.599
2002-02-08,22.511,0.988,75.27,2.25
2002-02-09,21.895,0.104,65.07,2.312
2002-02-10,21.28,0.001,58.79,2.021
2002-02-11,23.029,0.048,60.77,1.807
2002-02-12,22.764,0.025,63.11,2.288
2002-02-13,22.399,0.006,59.02,2.581
2002-02-14,22.612,0.006,60.99,2.514
2002-02-15,23.365,0.002,46.92,2.178
2002-02-16,23.982,0.003,47.39,2.081
2002-02-17,23.67,0.003,46.31,2.015
2002-02-18,23.324,0.003,48.61,1.933
2002-02-19,24.386,0.001,48.98,1.403
2002-02-20,24.538,0.002,46.79,1.708
2002-02-21,23.812,0.002,34.49,2.072
2002-02-22,23.243,0.002,40.67,2.187
2002-02-23,22.946,0.002,37.03,2.263
2002-02-24,23.266,0.002,32.46,2.191
2002-02-25,23.307,0.001,28.8,2.06
2002-02-26,24.035,0.002,45.9,1.837
2002-02-27,24.954,0.003,51.47,1.866
2002-02-28,25.32,0.001,41.63,1.876
2002-03-01,24.988,0.001,37.56,1.908
2002-03-02,25.106,0.001,32.66,1.756
2002-03-03,25.915,0.002,31.52,1.69
2002-03-04,26.033,0.002,33.2,1.84
2002-03-05,26.068,0.001,35.25,2.052
2002-03-06,26.036,0.001,34.22,1.826
2002-03-07,26.575,0.018,37.54,1.256
2002-03-08,26.157,0.05,54.21,2.244
2002-03-09,25.507,0.039,50.18,2.506
2002-03-10,25.929,0.0,44.1,2.054
2002-03-11,27.216,0.001,37.25,2.041
2002-03-12,27.096,0.001,36.95,2.309
2002-03-13,26.164,0.002,35.41,2.116
2002-03-14,25.838,0.001,41.67,1.741
2002-03-15,26.426,0.02,50.84,1.526
2002-03-16,26.959,0.034,52.08,1.261
2002-03-17,26.495,0.012,41.52,2.358
2002-03-18,25.748,0.0,42.82,2.601
2002-03-19,25.742,0.001,39.77,2.599
2002-03-20,25.786,0.0,35.59,2.175
2002-03-21,26.483,0.0,40.05,1.387
2002-03-22,27.752,0.001,39.69,0.232
2002-03-23,27.952,0.021,46.96,0.405
2002-03-24,28.183,0.077,49.11,1.098
2002-03-25,29.453,0.001,44.72,1.162
2002-03-26,28.36,0.004,46.91,2.249
2002-03-27,27.948,0.002,47.59,1.809
2002-03-28,28.475,0.112,51.56,1.405
2002-03-29,27.287,4.225,64.86,0.586
2002-03-30,27.181,1.444,64.09,1.459
2002-03-31,27.522,0.643,59.47,1.474
2002-04-01,27.767,0.571,57.84,0.954
2002-04-02,27.695,1.337,57.86,1.291
2002-04-03,28.901,0.012,45.62,0.336
2002-04-04,28.268,2.083,51.97,0.793
2002-04-05,27.669,0.728,56.92,1.222
2002-04-06,27.025,0.276,53.54,1.796
2002-04-07,27.206,0.001,42.86,1.708
2002-04-08,27.712,0.116,49.88,0.901
2002-04-09,27.942,0.275,53.39,0.435
2002-04-10,28.193,0.189,53.54,1.635
2002-04-11,28.8,0.022,48.38,1.573
2002-04-12,28.117,0.735,56.08,1.728
2002-04-13,28.31,0.404,51.85,1.707
2002-04-14,27.857,0.167,54.08,1.357
2002-04-15,28.411,0.006,46.72,1.605
2002-04-16,28.407,0.002,42.69,1.74
2002-04-17,28.444,0.001,44.0,1.741
2002-04-18,28.474,0.001,42.43,1.825
2002-04-19,28.629,0.002,48.33,2.217
2002-04-20,28.797,0.017,48.49,1.819
2002-04-21,29.041,0.05,47.34,1.878
2002-04-22,29.636,0.011,42.3,0.946
2002-04-23,29.698,0.041,46.23,1.603
2002-04-24,29.499,0.002,45.95,2.003
2002-04-25,29.134,0.001,45.74,2.026
2002-04-26,29.198,0.004,47.07,1.823
2002-04-27,29.783,0.003,44.42,1.892
2002-04-28,29.804,0.0,45.01,2.027
2002-04-29,29.994,0.001,42.75,1.588
2002-04-30,29.902,0.002,46.1,1.849
2002-05-01,29.018,0.012,41.43,1.982
2002-05-02,28.357,0.041,53.16,2.629
2002-05-03,27.282,0.502,65.08,2.479
2002-05-04,26.651,1.083,68.17,1.932
2002-05-05,27.629,0.018,58.91,1.667
2002-05-06,29.795,0.017,44.59,1.299
2002-05-07,28.974,1.898,54.58,1.597
2002-05-08,29.41,2.54,51.33,2.434
2002-05-09,27.806,12.499,65.05,3.256
2002-05-10,27.893,2.454,63.08,3.763
2002-05-11,28.018,1.522,62.79,4.187
2002-05-12,28.512,0.827,57.38,3.972
2002-05-13,28.2,0.438,58.42,3.916
2002-05-14,28.604,1.316,56.71,3.204
2002-05-15,28.096,7.455,62.69,2.454
2002-05-16,27.916,3.086,64.8,2.993
2002-05-17,26.766,4.992,67.6,4.109
2002-05-18,26.229,5.522,68.81,4.435
2002-05-19,26.651,0.402,63.44,4.705
2002-05-20,26.928,0.859,61.61,4.295
2002-05-21,26.917,1.56,63.09,3.423
2002-05-22,26.88,4.011,65.99,2.054
2002-05-23,27.119,2.869,66.72,1.516
2002-05-24,28.62,0.034,54.25,1.343
2002-05-25,26.926,10.287,69.98,1.659
2002-05-26,26.895,3.033,68.03,2.172
2002-05-27,26.719,7.317,68.82,2.118
2002-05-28,26.11,6.228,72.36,2.303
2002-05-29,25.993,6.39,72.91,2.696
2002-05-30,26.174,9.226,73.49,2.104
2002-05-31,26.243,4.293,75.04,1.573
2002-06-01,25.807,9.514,75.6,1.522
2002-06-02,25.541,7.677,73.56,1.97
2002-06-03,25.678,0.821,68.03,3.291
2002-06-04,25.907,0.39,66.09,3.241
2002-06-05,26.306,2.323,68.22,2.676
2002-06-06,26.273,1.674,67.44,2.504
2002-06-07,26.466,1.432,66.71,2.72
2002-06-08,26.891,0.713,63.86,3.079
2002-06-09,26.434,3.362,67.76,2.614
2002-06-10,25.986,7.469,72.91,2.363
2002-06-11,25.48,8.411,77.35,1.604
2002-06-12,25.314,4.702,77.24,1.823
2002-06-13,25.225,9.441,76.7,2.683
2002-06-14,25.73,0.85,66.84,4.551
2002-06-15,25.274,0.757,65.73,5.145
2002-06-16,25.39,1.104,67.3,4.668
2002-06-17,25.196,0.195,67.75,4.335
2002-06-18,24.651,5.014,73.62,4.267
2002-06-19,23.456,5.04,81.91,4.353
2002-06-20,24.75,0.569,71.0,5.072
2002-06-21,25.216,0.261,67.74,4.94
2002-06-22,25.361,1.457,68.1,4.697
2002-06-23,25.383,2.663,69.83,4.662
2002-06-24,25.665,0.391,66.69,5.552
2002-06-25,26.08,0.143,63.74,5.316
2002-06-26,26.062,0.105,63.03,4.351
2002-06-27,26.775,0.026,58.54,3.629
2002-06-28,26.823,0.303,62.2,3.226
2002-06-29,26.942,0.056,60.02,2.931
2002-06-30,27.046,0.021,57.33,3.766
2002-07-01,26.536,0.529,62.48,4.243
2002-07-02,26.332,0.423,62.32,4.748
2002-07-03,26.34,0.521,62.81,4.479
2002-07-04,26.859,0.256,59.62,4.483
2002-07-05,26.83,0.315,58.53,4.301
2002-07-06,26.999,0.275,58.33,4.291
2002-07-07,27.414,0.193,55.31,4.148
2002-07-08,26.884,0.156,53.58,4.257
2002-07-09,26.677,0.2,52.73,4.252
2002-07-10,26.421,0.131,55.96,4.661
2002-07-11,25.465,4.091,66.28,5.038
2002-07-12,25.938,0.433,62.71,4.892
2002-07-13,26.257,0.371,60.37,4.947
2002-07-14,25.726,1.019,62.84,4.908
2002-07-15,26.302,0.39,59.77,5.097
2002-07-16,24.872,1.459,66.18,5.182
2002-07-17,24.905,3.233,66.32,4.382
2002-07-18,25.626,0.744,62.59,4.044
2002-07-19,25.896,0.352,62.71,3.743
2002-07-20,26.041,0.405,62.17,3.585
2002-07-21,25.523,1.579,65.17,3.667
2002-07-22,24.127,7.594,73.63,3.256
2002-07-23,25.192,1.597,67.5,3.503
2002-07-24,25.621,0.19,61.75,3.758
2002-07-25,25.145,0.797,64.37,4.306
2002-07-26,26.056,0.006,54.73,4.331
2002-07-27,26.036,0.232,60.28,4.231
2002-07-28,25.658,0.702,65.12,3.953
2002-07-29,25.734,2.243,66.15,4.196
2002-07-30,25.658,2.08,66.13,3.987
2002-07-31,24.552,10.717,74.5,3.125
2002-08-01,25.138,2.014,70.97,3.498
2002-08-02,25.311,1.566,69.75,3.413
2002-08-03,25.003,3.627,70.52,3.701
2002-08-04,25.052,0.693,67.75,4.69
2002-08-05,23.886,4.759,74.39,4.594
2002-08-06,24.512,0.709,68.41,4.731
2002-08-07,24.687,0.065,63.15,4.998
2002-08-08,23.424,4.34,74.01,5.006
2002-08-09,22.725,3.331,76.19,4.836
2002-08-10,23.536,3.768,72.63,4.82
2002-08-11,23.926,1.779,69.67,4.898
2002-08-12,24.52,0.193,64.22,5.237
2002-08-13,24.936,0.196,64.06,5.312
2002-08-14,25.148,0.087,63.48,4.932
2002-08-15,25.273,0.296,65.03,5.086
2002-08-16,24.427,5.225,72.63,4.957
2002-08-17,24.061,1.798,69.59,5.279
2002-08-18,24.849,0.093,62.31,5.464
2002-08-19,25.37,0.213,62.28,5.094
2002-08-20,25.396,0.36,63.5,4.79
2002-08-21,25.506,0.199,61.81,4.355
2002-08-22,25.376,0.735,64.87,4.289
2002-08-23,25.541,0.171,61.91,4.189
2002-08-24,25.701,0.128,59.66,3.598
2002-08-25,26.224,0.048,56.95,2.937
2002-08-26,26.648,0.284,55.52,1.47
2002-08-27,26.061,5.123,65.33,1.101
2002-08-28,26.11,1.658,64.59,1.708
2002-08-29,25.975,0.775,64.04,1.828
2002-08-30,26.76,0.015,55.58,2.9
2002-08-31,26.405,0.698,61.73,3.176
2002-09-01,26.709,0.049,57.37,3.646
2002-09-02,26.78,0.07,57.22,3.599
2002-09-03,26.242,0.455,61.77,3.61
2002-09-04,26.467,0.591,61.27,3.216
2002-09-05,26.565,0.112,58.29,3.776
2002-09-06,25.884,1.285,62.08,4.307
2002-09-07,25.621,3.026,64.84,4.329
2002-09-08,25.75,0.129,60.08,4.423
2002-09-09,23.711,6.866,72.77,4.336
2002-09-10,25.213,0.028,56.73,3.851
2002-09-11,24.965,0.013,55.93,3.404
2002-09-12,25.536,0.092,55.92,3.182
2002-09-13,26.549,0.009,51.34,2.027
2002-09-14,25.633,5.702,65.37,1.234
2002-09-15,24.647,23.878,76.91,1.433
2002-09-16,23.836,11.452,80.72,2.543
2002-09-17,24.058,3.352,74.0,2.417
2002-09-18,24.696,1.468,72.26,1.833
2002-09-19,24.538,7.939,74.51,1.463
2002-09-20,24.763,5.26,74.79,1.79
2002-09-21,25.369,0.262,64.2,2.703
2002-09-22,24.926,0.005,58.78,2.554
2002-09-23,24.968,0.001,57.09,2.61
2002-09-24,25.883,0.007,58.79,2.083
2002-09-25,25.879,0.087,60.58,2.082
2002-09-26,26.165,0.324,62.21,1.611
2002-09-27,26.299,0.621,62.78,0.973
2002-09-28,25.804,2.732,67.48,0.32
2002-09-29,26.365,0.151,61.4,1.126
2002-09-30,26.051,0.694,60.89,1.083
2002-10-01,25.892,0.086,63.02,1.955
2002-10-02,26.025,0.19,63.29,1.609
2002-10-03,26.628,1.548,63.1,0.934
2002-10-04,26.504,0.171,60.87,1.551
2002-10-05,26.348,0.089,61.59,1.937
2002-10-06,25.139,1.298,71.93,1.669
2002-10-07,25.169,1.187,71.74,2.162
2002-10-08,24.585,1.086,72.89,2.306
2002-10-09,23.341,10.029,82.69,1.834
2002-10-10,23.908,19.41,82.56,0.66
2002-10-11,24.789,0.708,71.48,2.716
2002-10-12,23.616,12.348,81.57,2.21
2002-10-13,22.585,13.043,87.77,1.264
2002-10-14,23.34,9.529,85.4,1.42
2002-10-15,23.957,4.671,82.42,1.168
2002-10-16,24.593,5.453,76.54,1.402
2002-10-17,24.508,0.913,75.55,1.877
2002-10-18,25.166,0.021,66.61,2.356
2002-10-19,23.877,14.027,79.86,2.098
2002-10-20,24.399,0.027,66.57,1.335
2002-10-21,23.308,2.074,67.21,0.942
2002-10-22,23.859,0.01,63.77,1.765
2002-10-23,23.939,0.023,61.67,1.861
2002-10-24,23.991,0.288,59.32,2.225
2002-10-25,23.066,8.761,79.76,1.408
2002-10-26,22.848,9.943,84.61,0.826
2002-10-27,23.046,22.249,85.19,1.008
2002-10-28,22.128,14.617,91.13,0.647
2002-10-29,23.076,9.062,83.04,1.398
2002-10-30,22.475,6.948,85.05,2.125
2002-10-31,21.678,4.46,77.57,2.281
2002-11-01,20.107,5.147,93.99,1.749
2002-11-02,21.937,1.836,84.69,2.124
2002-11-03,22.7,0.614,78.38,2.343
2002-11-04,22.951,0.152,71.96,2.194
2002-11-05,22.213,4.016,83.33,2.052
2002-11-06,22.606,3.666,83.44,1.621
2002-11-07,22.477,7.608,84.43,1.534
2002-11-08,22.484,3.656,84.38,2.126
2002-11-09,21.905,7.955,89.15,2.014
2002-11-10,22.934,0.781,78.55,2.074
2002-11-11,23.764,0.319,72.61,1.194
2002-11-12,23.624,0.381,73.21,1.151
2002-11-13,23.352,0.816,77.11,0.835
2002-11-14,23.584,0.31,76.34,1.554
2002-11-15,23.41,0.073,73.68,2.294
2002-11-16,23.397,0.012,73.22,2.499
2002-11-17,22.654,0.009,72.65,2.447
2002-11-18,21.903,2.979,76.61,2.179
2002-11-19,21.971,0.09,76.5,2.028
2002-11-20,22.198,0.26,74.4,1.983
2002-11-21,22.069,0.003,68.66,2.158
2002-11-22,20.767,0.0,65.75,1.95
2002-11-23,21.42,0.0,57.15,1.117
2002-11-24,22.47,0.001,57.37,1.252
2002-11-25,23.09,0.002,54.0,1.107
2002-11-26,23.589,0.001,54.71,0.725
2002-11-27,23.045,0.003,53.25,1.154
2002-11-28,23.082,0.001,49.65,1.64
2002-11-29,21.993,0.002,48.45,1.69
2002-11-30,21.622,0.001,44.06,1.409
2002-12-01,21.497,0.003,47.85,1.411
2002-12-02,21.73,0.0,47.69,1.665
2002-12-03,22.466,0.001,52.98,1.537
2002-12-04,22.452,0.0,50.63,1.807
2002-12-05,22.363,0.003,53.45,2.167
2002-12-06,22.112,1.579,77.54,2.823
2002-12-07,21.925,4.829,87.46,2.579
2002-12-08,22.191,0.25,72.8,2.759
2002-12-09,21.993,0.001,55.77,2.789
2002-12-10,21.932,0.001,58.9,2.421
2002-12-11,22.013,0.0,59.1,2.565
2002-12-12,21.306,0.002,59.78,2.566
2002-12-13,20.66,0.0,55.49,2.472
2002-12-14,20.397,0.001,51.52,2.114
2002-12-15,21.32,0.0,55.27,2.285
2002-12-16,21.003,0.011,59.26,2.117
2002-12-17,20.892,0.001,47.97,2.176
2002-12-18,19.93,0.001,47.11,1.739
2002-12-19,20.574,0.0,45.39,1.934
2002-12-20,20.96,0.0,41.91,1.598
2002-12-21,21.05,0.002,36.82,1.888
2002-12-22,21.239,0.002,45.92,2.047
2002-12-23,20.996,0.004,53.92,2.232
2002-12-24,20.903,0.001,53.84,1.848
2002-12-25,21.675,0.002,46.66,1.515
2002-12-26,22.732,0.001,46.2,1.292
2002-12-27,23.073,0.001,50.05,1.316
2002-12-28,22.977,0.017,53.5,1.301
2002-12-29,22.269,0.084,58.38,1.436
2002-12-30,21.985,0.15,59.36,1.388
2002-12-31,22.275,0.001,57.42,0.888
2003-01-01,22.797,0.005,56.18,0.824
2003-01-02,22.365,0.013,60.55,2.504
2003-01-03,21.677,0.033,62.68,2.478
2003-01-04,22.659,0.007,59.72,2.233
2003-01-05,22.621,0.004,63.59,2.557
2003-01-06,23.002,0.001,56.68,2.606
2003-01-07,22.669,0.009,60.39,2.261
2003-01-08,23.094,0.003,60.62,2.3
2003-01-09,22.599,0.05,63.2,2.406
2003-01-10,22.392,0.017,61.92,2.365
2003-01-11,22.035,0.001,57.97,2.299
2003-01-12,21.717,0.003,60.03,2.613
2003-01-13,21.618,0.0,59.15,2.284
2003-01-14,21.305,0.013,58.97,2.876
2003-01-15,21.285,0.016,59.78,2.913
2003-01-16,21.769,0.003,59.46,2.664
2003-01-17,21.067,0.001,58.82,2.65
2003-01-18,21.908,0.004,57.63,2.525
2003-01-19,22.626,0.027,65.55,2.237
2003-01-20,22.382,0.387,73.74,2.233
2003-01-21,23.247,0.211,62.67,2.189
2003-01-22,23.044,0.01,43.86,1.925
2003-01-23,23.331,0.001,40.66,1.272
2003-01-24,24.104,0.001,46.83,1.021
2003-01-25,23.864,0.0,45.6,1.997
2003-01-26,22.641,0.002,52.21,2.019
2003-01-27,22.716,0.001,52.41,2.015
2003-01-28,22.358,0.003,52.61,1.984
2003-01-29,22.081,0.002,46.73,1.64
2003-01-30,22.666,0.001,44.86,1.455
2003-01-31,23.473,0.003,45.04,1.538
2003-02-01,23.482,1.145,69.15,2.137
2003-02-02,23.59,0.146,67.12,2.343
2003-02-03,23.691,0.04,58.51,2.259
2003-02-04,23.805,0.056,57.51,2.221
2003-02-05,24.302,0.058,59.8,2.653
2003-02-06,23.9,0.035,58.25,2.5
2003-02-07,24.391,0.022,54.69,2.154
2003-02-08,24.212,0.005,50.84,1.935
2003-02-09,24.293,0.002,49.94,2.127
2003-02-10,24.052,0.019,55.14,2.521
2003-02-11,24.444,0.051,53.76,2.46
2003-02-12,24.755,0.047,62.07,1.951
2003-02-13,25.551,0.276,62.51,1.381
2003-02-14,25.979,0.05,57.06,2.288
2003-02-15,25.373,0.066,58.28,2.048
2003-02-16,25.281,0.081,58.4,2.318
2003-02-17,25.231,0.031,54.25,2.359
2003-02-18,25.051,0.005,48.39,1.725
2003-02-19,25.522,0.004,50.38,1.312
2003-02-20,26.458,0.001,45.14,1.564
2003-02-21,26.209,0.001,39.73,1.697
2003-02-22,25.873,0.001,46.26,1.962
2003-02-23,25.289,0.003,49.28,2.364
2003-02-24,25.485,0.002,48.24,1.83
2003-02-25,25.456,0.146,54.12,1.249
2003-02-26,26.337,0.112,53.14,1.131
2003-02-27,25.922,0.051,51.48,1.927
2003-02-28,25.405,0.002,48.33,2.183
2003-03-01,25.694,0.002,45.18,1.569
2003-03-02,26.251,0.0,42.18,1.801
2003-03-03,26.296,0.001,36.2,1.646
2003-03-04,26.61,0.0,37.93,1.628
2003-03-05,26.905,0.002,40.28,2.189
2003-03-06,26.454,0.002,42.15,2.458
2003-03-07,26.578,0.004,42.74,2.502
2003-03-08,26.159,0.01,49.59,2.469
2003-03-09,25.775,0.003,49.0,2.451
2003-03-10,25.444,0.001,40.32,2.005
2003-03-11,26.573,0.0,45.49,1.615
2003-03-12,26.754,0.02,49.5,2.264
2003-03-13,26.499,0.132,59.81,2.396
2003-03-14,26.475,0.228,61.01,2.24
2003-03-15,27.075,4.3,56.65,1.726
2003-03-16,25.887,2.98,65.47,1.04
2003-03-17,25.824,10.427,65.28,1.552
2003-03-18,24.444,8.837,75.53,1.499
2003-03-19,25.709,0.149,66.05,1.923
2003-03-20,25.851,0.627,65.41,1.148
2003-03-21,25.869,0.676,63.64,2.253
2003-03-22,25.565,0.023,53.52,2.337
2003-03-23,25.781,0.0,42.24,1.975
2003-03-24,26.495,0.001,30.42,1.913
2003-03-25,27.027,0.002,32.57,1.839
2003-03-26,26.523,0.001,37.26,2.197
2003-03-27,27.335,0.001,41.06,1.226
2003-03-28,27.833,0.001,43.34,0.972
2003-03-29,28.263,0.014,47.55,1.205
2003-03-30,28.542,0.043,50.87,1.332
2003-03-31,28.747,0.278,50.96,0.634
2003-04-01,29.171,0.139,49.06,0.572
2003-04-02,29.052,0.384,49.83,1.314
2003-04-03,27.62,3.19,60.55,2.041
2003-04-04,27.479,2.551,56.69,1.667
2003-04-05,26.599,4.609,64.67,0.701
2003-04-06,26.617,0.327,57.44,1.703
2003-04-07,26.606,0.002,46.69,2.169
2003-04-08,26.965,0.003,49.67,1.719
2003-04-09,27.243,0.072,57.05,1.222
2003-04-10,27.165,0.624,60.92,1.543
2003-04-11,27.62,0.494,59.18,1.854
2003-04-12,28.057,0.241,54.96,0.923
2003-04-13,28.768,0.039,47.88,1.653
2003-04-14,29.06,0.002,38.11,1.8
2003-04-15,29.068,0.001,41.59,1.897
2003-04-16,29.215,0.05,48.18,2.073
2003-04-17,29.274,0.002,43.78,1.76
2003-04-18,30.059,0.011,41.66,0.91
2003-04-19,29.68,0.462,48.36,0.411
2003-04-20,30.059,0.012,45.42,1.782
2003-04-21,29.569,0.024,47.47,2.287
2003-04-22,29.034,0.04,47.86,2.198
2003-04-23,29.318,0.068,42.79,1.531
2003-04-24,29.783,0.05,42.39,0.708
2003-04-25,29.356,0.003,40.2,2.169
2003-04-26,28.523,0.003,37.87,2.072
2003-04-27,28.462,0.158,49.82,2.002
2003-04-28,26.698,6.828,67.57,1.374
2003-04-29,26.084,0.206,67.66,1.726
2003-04-30,26.006,0.468,66.9,2.08
2003-05-01,26.815,0.212,61.48,1.996
2003-05-02,28.28,0.032,56.47,1.847
2003-05-03,30.128,0.001,47.76,1.337
2003-05-04,29.063,2.445,59.07,1.917
2003-05-05,30.286,0.269,50.04,1.814
2003-05-06,28.088,3.007,60.68,3.208
2003-05-07,29.93,0.011,42.26,2.052
2003-05-08,30.23,0.001,41.57,0.586
2003-05-09,29.769,0.127,45.9,0.841
2003-05-10,29.679,0.01,40.69,1.083
2003-05-11,29.346,0.001,41.98,0.444
2003-05-12,28.53,0.001,47.79,1.388
2003-05-13,27.577,1.691,59.86,2.729
2003-05-14,28.843,0.133,50.53,3.774
2003-05-15,29.148,1.179,52.16,3.684
2003-05-16,28.567,2.755,57.69,3.853
2003-05-17,28.667,0.873,54.41,4.265
2003-05-18,29.063,0.552,48.98,4.225
2003-05-19,29.669,0.002,42.8,3.68
2003-05-20,29.999,0.001,41.53,2.71
2003-05-21,30.416,0.003,42.3,2.407
2003-05-22,30.092,0.38,43.91,3.151
2003-05-23,30.563,0.166,41.61,2.049
2003-05-24,30.799,0.156,42.92,1.813
2003-05-25,29.527,2.732,55.04,2.244
2003-05-26,29.96,1.248,51.79,2.508
2003-05-27,30.235,0.048,46.45,3.02
2003-05-28,30.108,0.051,46.27,3.174
2003-05-29,30.182,0.181,46.14,2.567
2003-05-30,30.633,0.0,39.94,3.323
2003-05-31,30.229,0.287,41.27,3.026
2003-06-01,29.426,2.031,51.66,2.622
2003-06-02,28.235,2.862,61.13,2.992
2003-06-03,27.819,8.201,66.24,3.253
2003-06-04,28.317,1.316,58.29,3.126
2003-06-05,27.93,1.882,58.77,3.441
2003-06-06,28.16,1.736,59.17,3.098
2003-06-07,28.216,1.33,59.31,2.879
2003-06-08,26.807,5.414,66.89,2.705
2003-06-09,27.555,0.737,61.96,2.632
2003-06-10,28.233,0.057,57.63,2.785
2003-06-11,28.448,0.093,56.61,2.729
2003-06-12,27.67,2.247,61.72,2.689
2003-06-13,26.739,5.602,69.41,2.456
2003-06-14,25.878,1.298,68.08,3.18
2003-06-15,25.932,0.254,63.5,4.214
2003-06-16,25.027,6.714,72.96,3.765
2003-06-17,26.473,0.92,64.8,4.289
2003-06-18,25.739,2.161,68.46,4.512
2003-06-19,25.442,0.321,67.66,5.067
2003-06-20,25.014,1.717,72.88,4.86
2003-06-21,24.06,9.706,79.6,4.465
2003-06-22,23.556,8.901,82.78,4.037
2003-06-23,24.39,2.921,76.93,4.26
2003-06-24,24.896,0.824,71.86,4.113
2003-06-25,25.713,0.417,64.68,4.391
2003-06-26,25.745,0.656,64.8,3.86
2003-06-27,25.882,3.173,66.28,3.796
2003-06-28,26.235,0.438,62.81,4.073
2003-06-29,26.127,0.299,61.78,4.277
2003-06-30,25.882,0.472,62.94,4.514
2003-07-01,25.42,1.813,67.16,3.708
2003-07-02,25.365,0.289,62.91,4.296
2003-07-03,23.326,9.379,77.67,3.269
2003-07-04,23.017,5.269,79.3,3.64
2003-07-05,22.572,4.6,82.87,3.845
2003-07-06,23.718,1.485,71.73,4.162
2003-07-07,24.951,0.121,64.63,4.724
2003-07-08,24.477,0.149,70.3,4.029
2003-07-09,24.442,3.803,72.96,3.585
2003-07-10,24.559,1.584,70.84,3.673
2003-07-11,24.511,0.759,70.6,3.989
2003-07-12,25.428,0.402,64.37,4.219
2003-07-13,25.365,2.269,69.11,4.157
2003-07-14,24.966,2.206,71.55,4.134
2003-07-15,23.966,2.781,75.87,4.4
2003-07-16,22.871,9.099,82.06,3.946
2003-07-17,24.692,2.069,72.31,3.572
2003-07-18,25.45,0.875,68.4,3.82
2003-07-19,25.504,0.585,68.71,3.635
2003-07-20,26.265,0.269,65.96,2.888
2003-07-21,25.524,2.12,71.36,3.333
2003-07-22,25.465,2.488,69.65,3.939
2003-07-23,25.596,0.883,66.86,4.822
2003-07-24,24.558,1.519,70.3,5.014
2003-07-25,25.338,0.042,63.0,5.873
2003-07-26,25.349,0.138,63.07,5.401
2003-07-27,25.841,0.286,61.21,5.164
2003-07-28,25.79,0.341,63.95,4.199
2003-07-29,25.643,5.473,68.57,3.402
2003-07-30,25.302,7.676,72.62,2.699
2003-07-31,24.862,3.917,75.16,2.21
2003-08-01,24.738,8.581,76.7,2.36
2003-08-02,24.464,2.979,75.51,2.524
2003-08-03,24.734,2.9,72.68,3.34
2003-08-04,25.229,0.738,67.93,4.233
2003-08-05,25.198,0.983,66.6,4.886
2003-08-06,25.228,0.391,65.56,4.965
2003-08-07,25.392,1.32,66.47,4.901
2003-08-08,25.803,0.341,65.53,4.32
2003-08-09,26.422,0.278,63.62,3.864
2003-08-10,26.868,0.094,60.0,3.396
2003-08-11,27.089,0.259,61.26,2.868
2003-08-12,27.37,0.04,58.07,3.156
2003-08-13,26.516,0.502,62.35,3.627
2003-08-14,25.956,0.904,64.08,3.86
2003-08-15,25.45,1.519,66.33,3.965
2003-08-16,25.09,3.668,68.01,3.903
2003-08-17,24.362,8.991,73.76,3.865
2003-08-18,24.814,1.013,68.66,4.199
2003-08-19,24.149,1.189,68.41,4.645
2003-08-20,24.241,2.894,69.16,4.667
2003-08-21,23.771,7.636,75.05,4.565
2003-08-22,21.781,24.739,90.58,4.762
2003-08-23,24.087,0.802,75.52,4.38
2003-08-24,25.024,1.101,70.99,3.766
2003-08-25,24.737,0.973,70.31,3.917
2003-08-26,24.21,4.885,73.59,3.567
2003-08-27,23.81,2.449,74.45,3.532
2003-08-28,24.54,0.328,68.33,3.484
2003-08-29,25.128,0.148,66.97,3.41
2003-08-30,25.242,0.434,68.63,3.116
2003-08-31,24.183,4.895,73.99,3.525
2003-09-01,24.088,3.856,72.04,4.067
2003-09-02,24.006,2.017,73.13,3.776
2003-09-03,25.239,0.247,66.84,4.068
2003-09-04,25.3,0.41,62.99,4.195
2003-09-05,25.339,0.024,61.22,4.022
2003-09-06,24.367,3.039,70.32,4.165
2003-09-07,25.404,0.545,65.27,4.151
2003-09-08,25.891,0.077,61.39,3.754
2003-09-09,25.576,0.383,63.41,4.119
2003-09-10,25.43,0.005,57.9,4.02
2003-09-11,25.461,0.004,56.34,4.01
2003-09-12,25.636,0.003,55.19,3.981
2003-09-13,25.865,0.062,54.93,3.892
2003-09-14,25.873,0.03,55.01,3.827
2003-09-15,25.948,0.421,59.37,3.728
2003-09-16,25.812,0.568,63.62,3.623
2003-09-17,25.363,4.515,66.99,3.342
2003-09-18,25.838,0.451,63.03,3.251
2003-09-19,26.248,0.079,56.25,2.882
2003-09-20,26.896,0.032,50.88,2.315
2003-09-21,26.961,0.094,53.9,2.161
2003-09-22,27.296,0.003,49.82,2.795
2003-09-23,26.925,0.005,53.4,3.048
2003-09-24,26.7,0.085,54.47,3.325
2003-09-25,26.198,6.445,63.64,2.239
2003-09-26,26.428,1.384,62.99,1.75
2003-09-27,26.5,0.762,61.33,1.461
2003-09-28,26.349,2.333,64.25,0.673
2003-09-29,26.168,5.792,67.91,0.352
2003-09-30,25.782,4.228,71.72,0.906
2003-10-01,25.113,6.157,75.43,0.736
2003-10-02,24.898,5.451,74.03,1.271
2003-10-03,23.78,10.286,82.02,1.365
2003-10-04,23.903,10.44,82.78,0.534
2003-10-05,24.24,4.133,77.87,2.336
2003-10-06,23.946,5.927,82.23,2.783
2003-10-07,23.814,4.99,82.17,2.709
2003-10-08,24.853,0.648,72.11,3.407
2003-10-09,25.317,0.12,64.47,3.296
2003-10-10,25.247,0.411,64.77,2.591
2003-10-11,24.016,9.139,76.19,1.586
2003-10-12,23.471,15.353,83.37,0.286
2003-10-13,23.519,8.83,82.79,0.415
2003-10-14,24.115,4.706,77.69,0.538
2003-10-15,24.447,0.105,69.1,1.125
2003-10-16,24.588,1.55,68.99,0.342
2003-10-17,25.099,1.279,70.42,0.148
2003-10-18,24.083,27.348,81.98,1.385
2003-10-19,23.213,9.749,87.14,2.065
2003-10-20,22.551,16.152,89.66,2.31
2003-10-21,22.366,20.86,87.22,2.565
2003-10-22,21.426,41.374,94.65,1.874
2003-10-23,22.784,4.778,86.55,2.412
2003-10-24,23.373,0.157,77.42,2.512
2003-10-25,23.111,0.016,69.09,1.612
2003-10-26,23.489,0.059,68.29,1.005
2003-10-27,23.06,0.135,67.6,0.636
2003-10-28,23.452,0.056,66.55,1.033
2003-10-29,23.731,0.338,72.19,1.343
2003-10-30,23.121,1.534,81.22,1.552
2003-10-31,23.267,0.213,75.26,1.525
2003-11-01,23.282,0.843,77.96,1.84
2003-11-02,23.097,0.917,78.36,2.169
2003-11-03,23.279,1.154,79.75,2.347
2003-11-04,23.351,0.445,73.37,2.161
2003-11-05,23.267,0.063,72.33,1.825
2003-11-06,23.665,0.559,71.58,2.155
2003-11-07,21.546,7.882,89.13,1.232
2003-11-08,21.662,9.454,89.8,1.778
2003-11-09,22.358,1.081,82.19,2.555
2003-11-10,21.952,0.244,69.61,2.438
2003-11-11,22.101,0.005,69.71,2.204
2003-11-12,22.519,0.104,73.59,2.566
2003-11-13,22.627,0.636,76.87,2.693
2003-11-14,22.855,0.951,78.69,2.52
2003-11-15,22.753,0.872,77.55,2.318
2003-11-16,22.808,0.018,70.8,2.027
2003-11-17,22.99,0.017,70.55,1.921
2003-11-18,22.218,0.015,69.97,1.989
2003-11-19,21.168,0.001,66.06,2.079
2003-11-20,21.582,0.0,68.4,2.366
2003-11-21,20.356,16.929,81.67,1.687
2003-11-22,19.516,31.088,90.67,1.632
2003-11-23,20.409,0.045,75.31,2.112
2003-11-24,20.252,0.281,74.71,2.129
2003-11-25,20.304,0.001,70.54,2.104
2003-11-26,20.557,0.0,71.53,1.753
2003-11-27,20.284,0.003,69.19,1.885
2003-11-28,20.526,9.624,86.02,1.649
2003-11-29,21.03,3.263,88.57,2.543
2003-11-30,21.818,0.273,79.64,2.33
2003-12-01,20.949,0.016,72.9,2.064
2003-12-02,20.509,0.002,70.46,1.696
2003-12-03,20.751,0.003,70.46,1.738
2003-12-04,20.286,0.003,68.12,1.814
2003-12-05,20.381,0.0,67.32,1.915
2003-12-06,19.373,0.001,65.25,1.974
2003-12-07,19.442,0.001,52.48,1.658
2003-12-08,20.022,0.001,60.05,1.645
2003-12-09,19.838,0.003,64.95,1.675
2003-12-10,19.625,0.001,64.4,1.782
2003-12-11,20.59,0.044,68.45,1.885
2003-12-12,21.724,0.109,70.02,2.354
2003-12-13,21.06,0.002,61.52,2.358
2003-12-14,20.984,0.0,53.66,2.251
2003-12-15,23.077,0.025,54.96,2.385
2003-12-16,23.976,0.141,54.4,1.174
2003-12-17,23.205,1.322,73.07,1.095
2003-12-18,21.59,3.361,80.38,1.38
2003-12-19,22.184,0.012,64.62,1.552
2003-12-20,21.357,0.002,59.73,1.85
2003-12-21,20.562,0.002,53.48,1.898
2003-12-22,20.249,0.001,55.33,1.855
2003-12-23,21.443,0.015,67.94,2.008
2003-12-24,22.239,1.496,77.76,1.696
2003-12-25,22.672,2.481,78.95,2.281
2003-12-26,22.779,0.745,71.39,2.464
2003-12-27,21.925,2.301,82.16,2.183
2003-12-28,22.703,0.643,74.11,2.333
2003-12-29,22.432,0.114,70.16,2.778
2003-12-30,22.172,0.015,66.7,2.665
2003-12-31,22.099,0.208,69.12,2.38
2004-01-01,21.907,0.175,69.74,1.963
2004-01-02,21.722,0.04,65.21,2.019
2004-01-03,20.891,0.002,61.49,2.06
2004-01-04,21.008,0.012,61.93,2.335
2004-01-05,21.929,0.09,62.16,2.263
2004-01-06,21.536,0.305,69.44,2.352
2004-01-07,20.978,0.153,69.17,2.308
2004-01-08,21.15,0.003,61.5,2.797
2004-01-09,20.42,0.006,60.43,2.828
2004-01-10,19.969,0.001,62.34,2.462
2004-01-11,20.377,0.002,53.21,2.065
2004-01-12,20.76,0.003,56.89,1.785
2004-01-13,20.894,0.004,52.24,1.825
2004-01-14,21.48,0.002,46.72,1.63
2004-01-15,21.47,0.005,48.9,1.728
2004-01-16,21.515,0.001,43.97,1.616
2004-01-17,21.084,0.003,47.24,1.539
2004-01-18,21.776,0.0,54.23,1.225
2004-01-19,22.463,0.001,53.92,1.697
2004-01-20,22.135,0.007,57.62,2.083
2004-01-21,22.503,0.003,60.24,2.143
2004-01-22,22.811,0.056,60.77,2.09
2004-01-23,23.754,0.161,61.99,2.073
2004-01-24,23.844,0.445,66.55,2.321
2004-01-25,23.898,0.554,66.97,1.622
2004-01-26,24.145,0.848,62.59,0.817
2004-01-27,23.872,0.854,69.53,2.172
2004-01-28,23.128,1.561,72.24,2.385
2004-01-29,23.241,0.141,67.29,2.167
2004-01-30,23.798,0.258,64.32,1.757
2004-01-31,24.201,0.457,64.29,1.753
2004-02-01,23.825,0.313,65.38,1.777
2004-02-02,23.029,0.036,59.64,2.423
2004-02-03,23.455,0.018,54.99,2.056
2004-02-04,24.007,0.023,55.04,1.946
2004-02-05,23.913,0.081,62.33,1.941
2004-02-06,24.782,0.057,60.92,1.685
2004-02-07,23.678,3.512,71.6,1.442
2004-02-08,22.664,0.718,63.63,2.294
2004-02-09,23.151,0.013,55.27,2.221
2004-02-10,22.476,0.015,56.55,2.057
2004-02-11,22.944,0.001,51.04,1.792
2004-02-12,22.944,0.0,42.65,2.209
2004-02-13,22.483,0.001,44.98,2.616
2004-02-14,22.529,0.002,41.21,2.467
2004-02-15,22.653,0.0,36.55,1.894
2004-02-16,22.95,0.0,34.54,2.18
2004-02-17,23.069,0.001,42.83,2.329
2004-02-18,23.479,0.001,47.06,1.805
2004-02-19,24.492,0.001,44.88,1.167
2004-02-20,24.828,0.001,43.04,1.885
2004-02-21,24.431,0.001,40.04,2.482
2004-02-22,23.761,0.002,34.79,2.502
2004-02-23,24.302,0.002,31.35,1.875
2004-02-24,24.383,0.0,34.02,1.988
2004-02-25,24.579,0.0,35.71,1.772
2004-02-26,25.037,0.003,32.66,1.8
2004-02-27,25.21,0.0,35.36,1.418
2004-02-28,25.563,0.001,37.0,1.169
2004-02-29,25.799,0.001,33.29,1.753
2004-03-01,25.951,0.002,34.04,1.765
2004-03-02,26.42,0.002,34.68,2.143
2004-03-03,26.528,0.001,36.94,2.03
2004-03-04,25.772,0.001,36.33,1.977
2004-03-05,25.385,0.0,28.81,1.862
2004-03-06,25.894,0.001,24.26,1.644
2004-03-07,26.792,0.0,31.11,1.961
2004-03-08,25.281,0.036,46.69,2.739
2004-03-09,25.036,0.015,46.9,2.696
2004-03-10,25.078,0.014,47.26,2.085
2004-03-11,25.753,0.028,45.77,2.02
2004-03-12,26.005,0.018,43.08,2.112
2004-03-13,26.561,0.001,40.16,2.215
2004-03-14,26.847,0.001,32.05,2.696
2004-03-15,27.055,0.001,21.73,2.241
2004-03-16,27.641,0.0,21.92,2.19
2004-03-17,27.897,0.001,20.1,1.779
2004-03-18,28.399,0.002,28.14,1.562
2004-03-19,28.967,0.001,27.06,1.359
2004-03-20,28.828,0.001,29.93,1.222
2004-03-21,28.877,0.002,34.21,0.726
2004-03-22,28.82,-0.0,38.17,1.521
2004-03-23,29.747,0.002,40.63,0.632
2004-03-24,29.585,0.002,43.22,0.352
2004-03-25,28.985,0.201,47.32,0.548
2004-03-26,28.829,0.073,46.46,1.057
2004-03-27,27.602,0.265,52.11,2.217
2004-03-28,27.047,0.433,60.74,1.806
2004-03-29,27.714,1.447,60.59,1.341
2004-03-30,27.698,2.05,60.15,0.999
2004-03-31,27.096,6.949,65.28,0.518
2004-04-01,27.307,2.38,62.57,0.394
2004-04-02,26.703,5.863,68.43,0.445
2004-04-03,26.474,7.616,71.72,0.166
2004-04-04,26.858,0.602,62.94,1.283
2004-04-05,26.987,0.933,61.51,0.7
2004-04-06,26.09,0.631,64.93,1.027
2004-04-07,26.275,8.355,64.06,1.043
2004-04-08,27.1,0.352,59.56,1.123
2004-04-09,28.065,0.06,53.36,0.507
2004-04-10,28.125,0.009,52.24,1.483
2004-04-11,28.404,0.0,48.11,1.972
2004-04-12,29.162,0.003,47.13,1.096
2004-04-13,30.001,0.004,44.83,0.627
2004-04-14,30.34,0.006,44.59,0.369
2004-04-15,30.109,0.577,50.88,1.597
2004-04-16,29.329,1.608,55.65,1.779
2004-04-17,31.218,0.011,43.06,1.196
2004-04-18,29.293,1.722,53.99,1.703
2004-04-19,30.267,0.558,48.71,0.447
2004-04-20,30.12,0.045,46.26,1.378
2004-04-21,29.204,0.51,51.52,0.567
2004-04-22,29.512,0.037,46.26,1.364
2004-04-23,29.331,0.8,49.29,0.584
2004-04-24,28.61,1.101,54.8,1.34
2004-04-25,27.649,1.217,60.77,2.078
2004-04-26,28.506,0.234,53.16,1.547
2004-04-27,27.561,5.325,60.28,0.945
2004-04-28,28.734,0.672,52.5,0.502
2004-04-29,27.913,1.794,59.46,0.483
2004-04-30,27.437,1.637,62.92,0.892
2004-05-01,28.056,0.135,55.62,2.129
2004-05-02,26.329,8.197,68.77,2.26
2004-05-03,22.605,38.229,93.6,3.038
2004-05-04,22.542,14.596,93.38,3.252
2004-05-05,23.41,7.374,88.0,2.952
2004-05-06,23.176,13.847,92.8,1.999
2004-05-07,24.043,10.812,86.18,2.004
2004-05-08,25.119,1.762,75.13,1.334
2004-05-09,25.455,1.668,72.08,1.461
2004-05-10,25.735,4.953,75.35,2.172
2004-05-11,26.566,0.185,65.89,2.549
2004-05-12,26.896,0.073,61.64,2.71
2004-05-13,27.031,2.759,68.56,2.41
2004-05-14,26.367,5.241,71.77,2.28
2004-05-15,26.072,7.193,73.55,2.627
2004-05-16,25.293,4.813,74.29,3.523
2004-05-17,24.484,7.287,76.65,3.822
2004-05-18,25.327,0.798,70.37,4.684
2004-05-19,25.868,0.303,65.69,5.334
2004-05-20,25.759,0.69,67.03,4.597
2004-05-21,25.868,0.186,64.43,4.588
2004-05-22,25.545,2.577,70.71,3.859
2004-05-23,25.15,3.456,73.21,3.541
2004-05-24,24.674,13.327,77.38,3.051
2004-05-25,23.699,24.515,83.44,2.322
2004-05-26,24.347,11.156,80.58,2.093
2004-05-27,24.524,19.102,80.86,2.359
2004-05-28,24.676,10.364,78.13,1.721
2004-05-29,24.457,24.063,81.65,1.823
2004-05-30,23.887,17.16,84.44,1.587
2004-05-31,24.455,10.698,82.16,1.646
2004-06-01,23.954,8.349,83.81,2.004
2004-06-02,24.791,2.926,78.54,2.446
2004-06-03,25.241,0.335,73.91,3.154
2004-06-04,25.564,2.372,74.89,2.276
2004-06-05,24.583,12.574,79.81,3.166
2004-06-06,25.077,0.971,72.48,3.551
2004-06-07,24.823,0.46,71.64,3.81
2004-06-08,24.32,1.592,73.37,4.376
2004-06-09,22.952,9.302,83.39,4.304
2004-06-10,23.588,3.551,77.49,5.05
2004-06-11,24.486,0.41,71.95,4.87
2004-06-12,24.412,0.859,73.82,4.993
2004-06-13,24.656,0.705,72.01,5.77
2004-06-14,24.929,0.618,70.37,5.706
2004-06-15,25.059,0.516,70.61,4.953
2004-06-16,24.89,0.503,70.33,5.685
2004-06-17,25.206,0.064,64.34,6.017
2004-06-18,24.802,0.151,67.1,5.598
2004-06-19,25.328,0.077,63.99,5.119
2004-06-20,25.474,0.003,61.07,4.732
2004-06-21,25.511,0.018,60.07,4.337
2004-06-22,25.579,0.004,58.35,4.055
2004-06-23,25.606,0.003,58.44,3.753
2004-06-24,25.364,0.097,59.25,4.041
2004-06-25,25.551,0.432,60.58,3.986
2004-06-26,24.812,2.428,68.24,4.222
2004-06-27,24.465,3.077,72.29,4.235
2004-06-28,25.269,0.511,67.03,4.177
2004-06-29,25.671,0.325,63.09,4.428
2004-06-30,25.594,0.27,63.34,4.79
2004-07-01,25.894,0.168,59.97,5.143
2004-07-02,25.225,1.617,67.03,4.821
2004-07-03,25.011,4.249,68.46,4.231
2004-07-04,25.731,0.245,63.82,4.163
2004-07-05,26.0,0.148,60.05,3.599
2004-07-06,26.15,0.713,61.5,2.587
2004-07-07,25.628,6.611,67.19,1.481
2004-07-08,25.256,5.931,71.85,1.381
2004-07-09,24.528,16.386,78.24,2.149
2004-07-10,24.532,7.324,76.09,2.37
2004-07-11,23.865,8.621,77.04,3.274
2004-07-12,22.887,10.893,79.52,3.752
2004-07-13,22.893,2.631,76.95,4.124
2004-07-14,23.991,0.57,70.84,4.515
2004-07-15,23.387,7.692,78.28,4.058
2004-07-16,24.71,0.429,71.39,3.536
2004-07-17,25.668,0.354,66.99,2.808
2004-07-18,25.058,5.428,74.33,2.355
2004-07-19,25.113,1.158,69.75,2.865
2004-07-20,24.639,0.738,70.18,4.056
2004-07-21,24.564,0.61,68.99,4.34
2004-07-22,24.694,0.876,68.06,4.159
2004-07-23,23.192,3.515,76.8,4.453
2004-07-24,24.307,1.335,70.64,4.166
2004-07-25,24.37,2.231,70.36,4.432
2004-07-26,24.541,0.748,69.19,4.501
2004-07-27,24.531,2.698,68.72,4.402
2004-07-28,24.751,0.82,66.2,4.323
2004-07-29,24.345,0.712,68.22,4.093
2004-07-30,24.935,0.312,66.09,3.801
2004-07-31,23.865,2.346,72.55,4.145
2004-08-01,24.212,1.108,67.71,4.677
2004-08-02,24.386,8.569,65.38,5.523
2004-08-03,22.839,7.497,78.18,5.541
2004-08-04,21.923,16.313,85.22,5.103
2004-08-05,23.934,1.754,73.11,4.862
2004-08-06,24.463,0.71,70.21,4.557
2004-08-07,24.304,0.238,69.31,4.603
2004-08-08,23.954,2.168,70.75,4.386
2004-08-09,24.472,0.011,67.1,3.984
2004-08-10,24.726,0.121,66.47,4.108
2004-08-11,24.601,0.003,63.79,4.479
2004-08-12,24.74,0.356,65.9,4.854
2004-08-13,23.676,6.318,74.77,4.326
2004-08-14,24.396,0.218,67.61,4.435
2004-08-15,24.511,0.428,67.12,4.532
2004-08-16,24.122,3.491,72.82,4.198
2004-08-17,24.908,0.182,67.14,4.281
2004-08-18,25.142,0.213,65.92,4.341
2004-08-19,24.808,0.683,67.44,4.739
2004-08-20,24.574,0.088,65.79,4.962
2004-08-21,24.924,0.015,62.37,5.135
2004-08-22,24.991,0.028,62.46,4.867
2004-08-23,25.265,0.177,63.67,4.309
2004-08-24,25.272,0.105,62.36,4.156
2004-08-25,25.35,0.019,61.26,3.619
2004-08-26,25.244,0.117,62.8,3.738
2004-08-27,25.563,0.021,59.44,4.119
2004-08-28,25.454,0.159,60.07,3.312
2004-08-29,25.474,0.075,59.63,3.473
2004-08-30,25.703,0.228,60.47,3.238
2004-08-31,25.556,0.185,58.35,3.422
2004-09-01,25.52,0.229,57.32,2.792
2004-09-02,26.226,0.616,57.9,1.553
2004-09-03,25.224,15.212,72.17,1.435
2004-09-04,24.351,13.72,78.92,1.904
2004-09-05,23.357,16.157,81.84,2.432
2004-09-06,22.525,8.427,84.35,1.8
2004-09-07,23.892,0.904,74.96,2.263
2004-09-08,23.998,1.44,76.0,2.651
2004-09-09,23.868,3.27,76.36,3.199
2004-09-10,23.027,8.139,79.8,3.651
2004-09-11,22.881,4.686,80.46,3.594
2004-09-12,23.769,0.216,72.52,3.13
2004-09-13,24.572,0.16,70.18,2.34
2004-09-14,24.563,3.223,76.47,1.789
2004-09-15,24.395,4.224,77.01,2.336
2004-09-16,24.91,0.548,71.53,1.883
2004-09-17,25.391,0.737,69.08,1.585
2004-09-18,25.112,2.673,73.63,1.718
2004-09-19,24.712,5.716,77.04,2.053
2004-09-20,25.12,0.015,67.32,2.37
2004-09-21,25.088,0.225,67.94,1.604
2004-09-22,25.189,0.188,67.07,0.576
2004-09-23,23.873,4.884,80.1,0.859
2004-09-24,23.323,9.182,84.06,1.309
2004-09-25,22.914,8.239,85.75,1.653
2004-09-26,22.817,9.384,84.8,2.067
2004-09-27,22.631,6.799,86.07,1.733
2004-09-28,21.817,11.718,91.28,1.354
2004-09-29,23.611,1.199,80.66,0.531
2004-09-30,24.086,4.209,78.82,0.527
2004-10-01,23.735,18.697,80.56,1.261
2004-10-02,23.122,23.299,82.59,2.242
2004-10-03,23.008,5.023,81.49,3.389
2004-10-04,23.469,2.396,78.75,3.933
2004-10-05,23.851,0.303,69.99,3.524
2004-10-06,23.325,0.0,64.11,2.777
2004-10-07,22.772,0.004,62.11,2.07
2004-10-08,23.104,0.001,60.21,1.733
2004-10-09,24.713,0.002,62.25,0.991
2004-10-10,25.232,0.066,65.55,0.699
2004-10-11,24.693,4.881,73.28,0.319
2004-10-12,24.342,7.12,78.27,0.675
2004-10-13,24.518,1.696,75.62,0.214
2004-10-14,24.257,18.045,79.58,0.378
2004-10-15,23.794,12.137,81.49,0.916
2004-10-16,23.458,9.391,83.09,0.932
2004-10-17,23.301,7.079,83.64,1.605
2004-10-18,22.445,8.901,87.77,1.585
2004-10-19,22.866,3.657,82.49,2.458
2004-10-20,22.622,4.828,85.48,2.156
2004-10-21,22.889,2.593,85.7,1.87
2004-10-22,23.336,1.488,80.83,2.539
2004-10-23,22.271,5.687,87.36,2.181
2004-10-24,22.894,1.156,79.65,2.339
2004-10-25,22.67,1.224,81.22,2.52
2004-10-26,22.95,1.565,79.44,2.518
2004-10-27,22.415,1.624,80.91,2.271
2004-10-28,22.402,6.344,83.24,2.272
2004-10-29,20.993,7.432,91.32,2.429
2004-10-30,20.837,30.592,95.04,2.7
2004-10-31,21.275,8.239,92.7,1.815
2004-11-01,22.182,4.932,85.13,1.643
2004-11-02,22.614,0.914,82.67,1.909
2004-11-03,22.708,0.065,74.27,2.221
2004-11-04,22.292,0.373,72.49,2.414
2004-11-05,19.671,20.672,84.53,1.6
2004-11-06,20.86,5.899,89.19,1.42
2004-11-07,22.09,6.762,88.97,2.142
2004-11-08,20.97,4.848,96.2,1.517
2004-11-09,22.182,2.295,85.83,1.84
2004-11-10,22.443,3.737,85.31,1.955
2004-11-11,22.406,1.755,85.75,2.0
2004-11-12,21.58,6.969,90.47,2.303
2004-11-13,22.504,0.564,81.18,2.276
2004-11-14,22.221,0.221,79.81,2.05
2004-11-15,21.662,0.336,80.7,1.805
2004-11-16,21.567,0.005,76.57,1.482
2004-11-17,22.239,0.104,80.04,1.457
2004-11-18,22.009,0.016,75.78,1.717
2004-11-19,20.258,0.001,65.99,1.747
2004-11-20,20.197,0.001,62.12,1.851
2004-11-21,20.634,0.001,69.1,2.126
2004-11-22,21.544,0.041,68.87,1.966
2004-11-23,21.396,0.108,68.62,1.809
2004-11-24,21.439,0.003,65.39,2.011
2004-11-25,21.129,0.019,69.7,2.232
2004-11-26,21.617,2.177,83.0,2.68
2004-11-27,21.496,0.931,79.33,3.027
2004-11-28,20.886,0.001,68.18,2.509
2004-11-29,20.353,0.001,63.36,2.143
2004-11-30,20.25,0.002,60.11,1.704
2004-12-01,20.662,0.001,65.14,1.558
2004-12-02,21.792,0.002,68.23,2.024
2004-12-03,22.001,0.008,68.98,2.36
2004-12-04,20.826,0.002,64.88,2.122
2004-12-05,20.524,-0.0,65.91,1.783
2004-12-06,19.956,0.001,64.3,1.692
2004-12-07,20.005,0.0,62.92,2.258
2004-12-08,21.145,0.119,74.95,2.185
2004-12-09,21.561,0.128,70.88,2.033
2004-12-10,21.109,0.023,67.35,2.49
2004-12-11,21.34,0.005,64.45,2.499
2004-12-12,21.615,0.005,68.32,2.427
2004-12-13,21.791,0.013,67.69,2.402
2004-12-14,21.891,0.018,69.3,2.403
2004-12-15,20.769,0.002,60.2,2.26
2004-12-16,20.263,0.001,64.99,2.052
2004-12-17,20.672,0.006,61.9,2.145
2004-12-18,20.34,0.011,61.53,1.825
2004-12-19,20.813,0.001,61.28,1.341
2004-12-20,21.257,0.001,63.09,0.919
2004-12-21,21.25,0.001,62.42,1.434
2004-12-22,21.398,0.001,58.0,1.436
2004-12-23,21.357,0.005,50.79,1.678
2004-12-24,22.276,0.011,64.48,2.357
2004-12-25,21.375,0.025,61.24,2.624
2004-12-26,20.555,0.003,58.44,2.249
2004-12-27,21.725,0.009,66.35,2.527
2004-12-28,21.176,0.019,63.9,2.594
2004-12-29,21.663,0.088,65.33,2.445
2004-12-30,21.281,0.03,62.03,2.23
2004-12-31,23.184,0.175,64.58,1.636
2005-01-01,22.165,0.663,67.27,1.782
2005-01-02,22.286,0.018,63.4,1.925
2005-01-03,22.841,0.009,60.75,1.734
2005-01-04,22.374,0.001,56.53,2.209
2005-01-05,21.143,0.001,51.75,2.024
2005-01-06,20.887,0.001,59.9,2.264
2005-01-07,21.34,0.0,60.48,2.116
2005-01-08,21.167,0.0,59.58,1.983
2005-01-09,21.321,0.001,51.61,1.839
2005-01-10,21.67,0.0,49.81,1.117
2005-01-11,22.612,0.002,49.64,0.875
2005-01-12,22.774,0.001,49.6,1.582
2005-01-13,21.89,0.002,53.12,1.858
2005-01-14,21.545,0.002,59.89,2.13
2005-01-15,21.191,0.012,56.08,2.09
2005-01-16,20.873,0.001,56.77,1.688
2005-01-17,22.291,0.008,63.18,1.307
2005-01-18,23.652,0.039,62.67,1.221
2005-01-19,23.848,0.133,63.52,2.176
2005-01-20,22.946,0.012,61.01,2.642
2005-01-21,22.688,0.042,66.05,2.841
2005-01-22,23.121,0.039,66.87,2.706
2005-01-23,22.915,0.196,68.29,1.92
2005-01-24,23.737,0.003,62.27,1.923
2005-01-25,23.402,0.009,60.63,1.868
2005-01-26,23.615,0.024,58.94,1.551
2005-01-27,23.284,0.359,64.22,1.434
2005-01-28,23.241,0.113,62.49,1.608
2005-01-29,22.828,0.044,61.61,2.503
2005-01-30,22.839,0.058,62.12,2.338
2005-01-31,22.454,2.252,73.74,1.505
2005-02-01,22.583,6.879,79.46,1.126
2005-02-02,22.972,1.878,73.81,2.076
2005-02-03,22.881,1.62,73.96,2.489
2005-02-04,22.839,0.782,70.65,2.294
2005-02-05,23.217,0.026,64.41,1.743
2005-02-06,23.351,0.002,59.7,1.769
2005-02-07,22.12,0.006,47.17,2.165
2005-02-08,21.745,0.016,57.77,2.36
2005-02-09,22.011,0.001,50.64,2.441
2005-02-10,22.532,0.001,48.32,2.557
2005-02-11,22.895,0.0,41.54,2.219
2005-02-12,22.858,0.001,32.85,2.308
2005-02-13,23.355,0.0,24.34,2.027
2005-02-14,24.785,0.0,21.44,1.56
2005-02-15,26.193,0.001,25.69,1.222
2005-02-16,26.871,0.001,26.52,0.842
2005-02-17,26.799,0.001,31.15,1.187
2005-02-18,26.244,0.003,33.16,1.486
2005-02-19,25.338,0.003,36.55,1.691
2005-02-20,24.552,0.001,36.18,2.04
2005-02-21,24.608,0.02,44.58,2.062
2005-02-22,24.715,1.136,67.34,1.744
2005-02-23,25.465,0.432,62.26,1.987
2005-02-24,25.828,0.003,50.36,1.554
2005-02-25,26.061,0.0,40.49,1.964
2005-02-26,25.938,0.0,36.51,2.11
2005-02-27,25.215,0.003,28.87,2.052
2005-02-28,25.106,0.001,32.64,2.203
2005-03-01,24.941,0.001,41.41,2.345
2005-03-02,25.073,0.0,41.53,1.92
2005-03-03,25.2,0.003,43.48,2.037
2005-03-04,25.519,0.001,44.95,1.841
2005-03-05,26.288,0.101,54.28,1.888
2005-03-06,26.266,0.296,60.16,1.992
2005-03-07,26.244,0.103,57.77,2.523
2005-03-08,26.059,0.059,55.83,2.453
2005-03-09,25.728,0.273,60.53,1.895
2005-03-10,25.976,1.837,61.92,0.408
2005-03-11,26.303,1.318,62.17,1.239
2005-03-12,26.386,2.397,61.38,0.824
2005-03-13,25.697,5.886,63.49,0.816
2005-03-14,25.843,0.312,61.24,1.709
2005-03-15,26.486,0.005,51.87,1.699
2005-03-16,25.949,0.002,49.95,1.975
2005-03-17,25.425,0.007,46.75,2.343
2005-03-18,25.803,0.001,37.77,2.077
2005-03-19,26.076,0.002,34.63,2.0
2005-03-20,26.208,0.008,43.32,1.61
2005-03-21,27.516,0.001,41.91,1.358
2005-03-22,28.128,0.001,40.84,1.406
2005-03-23,29.07,0.002,43.79,1.269
2005-03-24,29.662,0.177,43.12,0.75
2005-03-25,29.531,0.094,45.22,0.995
2005-03-26,29.049,0.021,46.05,1.115
2005-03-27,28.292,0.095,52.82,1.509
2005-03-28,29.009,0.011,46.24,1.285
2005-03-29,29.019,0.282,49.07,0.869
2005-03-30,29.026,0.147,51.51,0.936
2005-03-31,28.008,2.241,56.47,0.506
2005-04-01,28.143,0.244,54.09,1.248
2005-04-02,27.614,0.012,52.8,2.37
2005-04-03,25.893,1.917,68.27,1.859
2005-04-04,23.652,7.413,81.93,2.114
2005-04-05,22.274,20.82,92.16,1.85
2005-04-06,23.697,8.286,83.19,1.247
2005-04-07,24.462,23.734,81.82,0.692
2005-04-08,25.787,0.187,69.77,1.231
2005-04-09,25.417,5.227,76.25,0.648
2005-04-10,25.464,5.437,77.63,0.573
2005-04-11,25.077,9.199,81.03,0.466
2005-04-12,25.34,3.019,79.45,0.944
2005-04-13,25.924,0.59,73.08,1.277
2005-04-14,26.581,0.191,67.48,0.947
2005-04-15,26.738,0.107,64.05,1.052
2005-04-16,26.837,0.002,57.03,0.897
2005-04-17,26.807,0.0,52.37,1.226
2005-04-18,27.161,0.0,49.6,1.396
2005-04-19,26.846,0.015,57.45,1.656
2005-04-20,25.811,0.584,67.55,1.899
2005-04-21,26.498,0.388,63.38,1.249
2005-04-22,27.347,0.131,57.9,1.329
2005-04-23,27.876,0.144,55.76,1.153
2005-04-24,27.884,0.099,55.49,1.353
2005-04-25,27.363,1.052,63.0,0.596
2005-04-26,28.038,0.377,59.12,0.678
2005-04-27,26.628,11.189,71.17,0.503
2005-04-28,26.973,5.978,68.88,0.722
2005-04-29,28.31,0.179,59.85,0.453
2005-04-30,28.196,0.16,61.55,1.199
2005-05-01,27.743,0.767,63.77,0.658
2005-05-02,26.874,3.626,69.17,1.025
2005-05-03,26.147,4.158,70.69,0.469
2005-05-04,26.086,8.03,70.29,0.296
2005-05-05,25.172,12.024,76.14,1.371
2005-05-06,27.03,0.191,61.31,0.829
2005-05-07,27.887,0.467,58.67,0.908
2005-05-08,28.281,0.128,54.52,1.216
2005-05-09,27.561,1.873,61.21,2.731
2005-05-10,27.281,7.946,65.57,2.63
2005-05-11,27.625,1.153,63.75,1.936
2005-05-12,28.142,3.447,61.89,1.57
2005-05-13,27.632,4.717,66.98,1.96
2005-05-14,29.007,0.155,55.8,1.678
2005-05-15,29.048,0.002,50.37,1.8
2005-05-16,28.928,0.002,50.48,2.287
2005-05-17,29.15,0.002,50.99,2.176
2005-05-18,29.448,0.005,50.16,1.326
2005-05-19,29.935,0.003,50.55,0.28
2005-05-20,29.486,0.035,52.44,0.888
2005-05-21,29.683,0.047,50.49,0.763
2005-05-22,29.849,0.069,51.05,0.724
2005-05-23,29.282,1.186,57.97,1.397
2005-05-24,28.747,1.473,59.28,1.776
2005-05-25,28.085,10.925,64.46,1.659
2005-05-26,27.451,12.371,69.12,1.34
2005-05-27,26.275,12.227,75.45,1.659
2005-05-28,26.116,12.578,74.84,1.469
2005-05-29,25.816,9.018,75.74,1.269
2005-05-30,25.427,13.33,78.11,1.842
2005-05-31,26.106,2.254,73.25,2.088
2005-06-01,26.568,0.637,67.54,3.402
2005-06-02,26.174,5.278,72.04,3.396
2005-06-03,26.328,9.052,73.46,2.679
2005-06-04,27.077,11.548,72.24,1.997
2005-06-05,26.07,9.325,78.99,1.272
2005-06-06,26.003,4.49,75.99,2.356
2005-06-07,26.574,0.242,69.7,2.804
2005-06-08,25.6,11.677,74.39,2.887
2005-06-09,25.11,9.598,79.14,3.421
2005-06-10,25.563,1.681,73.86,3.923
2005-06-11,26.355,0.316,67.74,4.18
2005-06-12,26.672,0.094,64.51,3.947
2005-06-13,26.209,4.105,70.46,3.34
2005-06-14,26.592,0.333,67.42,3.304
2005-06-15,27.008,0.074,62.72,3.075
2005-06-16,27.003,0.142,63.67,3.545
2005-06-17,26.343,0.155,66.46,4.87
2005-06-18,25.081,3.49,72.55,4.622
2005-06-19,26.041,0.126,63.92,4.896
2005-06-20,25.402,0.545,68.02,4.89
2005-06-21,23.753,9.996,76.49,4.378
2005-06-22,23.68,2.029,74.27,4.107
2005-06-23,24.688,0.174,68.56,4.76
2005-06-24,25.736,0.116,64.98,4.762
2005-06-25,25.61,0.296,64.88,4.492
2005-06-26,25.661,0.184,64.61,4.934
2005-06-27,25.709,0.157,63.27,5.054
2005-06-28,25.459,0.372,63.36,5.214
2005-06-29,25.672,0.052,61.49,4.851
2005-06-30,25.585,0.808,65.21,4.502
2005-07-01,25.404,0.698,64.98,4.794
2005-07-02,25.77,0.346,61.76,4.736
2005-07-03,25.679,0.379,62.75,4.624
2005-07-04,25.808,0.359,62.32,4.984
2005-07-05,25.599,0.866,63.61,5.411
2005-07-06,25.774,1.046,63.09,5.25
2005-07-07,26.221,0.289,60.44,4.962
2005-07-08,26.68,0.226,58.76,4.661
2005-07-09,25.819,0.575,64.39,4.734
2005-07-10,26.422,0.357,60.45,4.114
2005-07-11,26.181,0.39,63.39,4.402
2005-07-12,25.854,2.239,66.32,4.013
2005-07-13,25.412,12.055,69.84,2.397
2005-07-14,24.846,16.943,78.19,1.572
2005-07-15,24.732,17.594,79.74,0.675
2005-07-16,24.207,19.014,82.14,0.879
2005-07-17,24.322,5.729,80.35,1.656
2005-07-18,25.069,2.658,73.54,1.956
2005-07-19,24.962,4.609,75.76,2.728
2005-07-20,24.704,4.624,76.2,3.088
2005-07-21,24.731,1.872,71.21,4.331
2005-07-22,23.676,9.72,78.0,4.196
2005-07-23,24.095,2.753,75.78,4.11
2005-07-24,23.08,3.282,78.68,4.939
2005-07-25,23.625,2.129,74.23,5.675
2005-07-26,23.968,2.883,71.74,5.415
2005-07-27,24.609,0.607,68.8,5.192
2005-07-28,24.777,0.954,67.71,5.161
2005-07-29,23.888,5.205,71.71,5.429
2005-07-30,24.239,3.998,70.68,5.33
2005-07-31,24.712,0.409,67.5,5.728
2005-08-01,24.367,1.213,68.04,5.874
2005-08-02,24.916,0.077,65.1,5.628
2005-08-03,24.675,0.195,63.2,5.17
2005-08-04,24.404,0.421,67.06,4.874
2005-08-05,24.641,0.176,65.51,4.773
2005-08-06,24.82,0.05,62.06,4.9
2005-08-07,24.897,0.098,62.23,4.761
2005-08-08,24.96,0.512,63.52,4.391
2005-08-09,23.419,6.863,77.14,3.867
2005-08-10,24.281,3.87,73.1,4.354
2005-08-11,24.844,1.082,67.78,4.723
2005-08-12,24.825,0.583,66.0,4.852
2005-08-13,25.155,0.268,64.95,4.495
2005-08-14,25.374,0.524,65.06,4.406
2005-08-15,24.893,0.44,66.27,4.478
2005-08-16,24.005,0.583,68.31,4.647
2005-08-17,24.447,1.06,68.86,4.326
2005-08-18,25.328,0.01,61.51,4.233
2005-08-19,25.193,0.102,63.01,4.181
2005-08-20,25.174,0.002,57.46,3.723
2005-08-21,25.582,0.025,59.33,2.819
2005-08-22,26.037,0.228,60.72,1.649
2005-08-23,25.324,8.149,69.74,0.518
2005-08-24,24.914,1.56,70.24,1.81
2005-08-25,25.341,1.963,67.19,2.384
2005-08-26,25.198,5.061,69.97,1.83
2005-08-27,24.539,14.269,76.55,1.255
2005-08-28,24.98,15.437,77.9,0.597
2005-08-29,25.052,2.61,74.93,0.935
2005-08-30,25.328,1.983,72.76,1.58
2005-08-31,24.858,13.2,78.0,2.22
2005-09-01,24.758,20.066,80.21,1.483
2005-09-02,24.779,10.819,81.45,1.701
2005-09-03,24.726,19.045,82.33,1.115
2005-09-04,24.445,15.452,82.89,1.142
2005-09-05,23.979,7.355,79.52,2.779
2005-09-06,24.016,2.012,78.0,2.349
2005-09-07,23.54,2.533,81.26,2.083
2005-09-08,24.53,0.574,78.16,2.326
2005-09-09,24.392,5.14,79.11,3.18
2005-09-10,24.439,1.59,75.0,3.779
2005-09-11,24.429,1.25,72.0,4.426
2005-09-12,24.182,0.376,72.43,4.614
2005-09-13,24.558,0.334,71.3,4.157
2005-09-14,24.608,0.252,70.99,3.737
2005-09-15,24.178,1.155,73.43,2.921
2005-09-16,24.841,0.243,67.83,2.987
2005-09-17,24.705,0.024,65.52,3.339
2005-09-18,24.913,0.126,63.07,4.357
2005-09-19,23.87,0.14,63.82,5.856
2005-09-20,23.698,0.254,70.44,5.173
2005-09-21,24.762,0.135,66.57,4.028
2005-09-22,25.241,0.029,63.69,2.661
2005-09-23,25.496,0.011,61.75,2.325
2005-09-24,25.604,0.183,62.38,2.621
2005-09-25,25.702,0.029,61.18,2.349
2005-09-26,25.557,0.006,58.21,2.28
2005-09-27,25.501,0.3,63.53,2.115
2005-09-28,25.326,2.494,69.13,1.799
2005-09-29,24.984,0.799,71.95,2.095
2005-09-30,24.899,1.622,71.12,1.865
2005-10-01,25.002,3.527,70.56,1.751
2005-10-02,24.504,21.619,77.38,1.188
2005-10-03,23.823,20.051,81.32,1.009
2005-10-04,23.963,19.1,81.02,0.576
2005-10-05,23.773,22.329,83.02,0.82
2005-10-06,24.152,7.125,81.33,0.435
2005-10-07,23.723,9.532,84.3,0.166
2005-10-08,23.573,11.728,84.51,0.449
2005-10-09,23.514,6.054,81.87,1.113
2005-10-10,22.303,12.679,89.29,1.168
2005-10-11,22.616,14.844,88.57,1.067
2005-10-12,22.228,11.457,90.94,0.695
2005-10-13,22.043,51.044,92.29,1.112
2005-10-14,22.983,13.075,83.31,1.771
2005-10-15,23.91,1.691,80.05,0.535
2005-10-16,23.737,2.609,81.39,0.665
2005-10-17,23.508,7.672,83.79,0.08
2005-10-18,23.019,21.656,86.47,1.2
2005-10-19,22.956,16.451,85.38,1.912
2005-10-20,23.551,7.151,83.44,1.154
2005-10-21,23.978,2.494,79.64,0.677
2005-10-22,23.385,25.309,85.69,0.45
2005-10-23,23.093,14.017,85.89,1.033
2005-10-24,22.619,20.021,89.0,0.561
2005-10-25,22.341,27.327,89.41,0.991
2005-10-26,22.532,20.212,87.95,1.829
2005-10-27,21.368,22.187,91.92,3.409
2005-10-28,21.668,1.74,79.48,3.614
2005-10-29,23.185,0.262,79.04,2.919
2005-10-30,24.15,0.783,78.67,1.445
2005-10-31,23.435,4.245,86.33,0.352
2005-11-01,23.419,6.689,86.3,0.702
2005-11-02,22.747,11.098,88.34,0.289
2005-11-03,22.361,4.9,86.55,1.022
2005-11-04,22.766,1.422,84.94,1.623
2005-11-05,22.355,4.164,86.84,2.314
2005-11-06,21.619,3.732,85.61,2.662
2005-11-07,21.424,0.198,82.71,2.647
2005-11-08,21.44,19.247,87.42,2.473
2005-11-09,21.269,23.238,90.46,1.67
2005-11-10,21.931,3.465,85.58,1.271
2005-11-11,22.335,1.115,83.27,2.035
2005-11-12,21.797,0.233,79.45,1.644
2005-11-13,20.306,0.0,68.72,1.387
2005-11-14,20.12,0.0,69.05,1.453
2005-11-15,20.086,0.0,70.85,1.395
2005-11-16,19.581,0.0,66.61,1.358
2005-11-17,19.414,0.003,65.67,1.559
2005-11-18,19.371,0.001,66.94,1.575
2005-11-19,19.551,0.002,71.44,1.66
2005-11-20,20.566,0.02,70.56,2.094
2005-11-21,20.578,17.007,87.6,2.696
2005-11-22,20.646,12.385,95.18,3.282
2005-11-23,20.626,30.354,95.87,3.724
2005-11-24,20.524,13.555,93.64,2.986
2005-11-25,20.84,5.234,91.47,2.385
2005-11-26,21.374,1.525,83.41,2.417
2005-11-27,21.249,1.277,81.93,2.065
2005-11-28,20.221,0.002,75.78,1.94
2005-11-29,19.591,0.002,73.55,1.53
2005-11-30,19.924,0.001,66.83,1.371
2005-12-01,21.011,0.001,70.79,1.332
2005-12-02,21.952,9.519,81.67,1.742
2005-12-03,20.796,46.733,96.43,1.075
2005-12-04,20.579,18.008,96.16,1.62
2005-12-05,21.142,1.678,84.23,2.141
2005-12-06,20.981,0.01,75.32,1.825
2005-12-07,20.977,0.002,76.34,1.711
2005-12-08,19.428,0.004,61.59,1.855
2005-12-09,21.278,0.136,65.2,1.94
2005-12-10,21.842,1.463,80.14,2.759
2005-12-11,21.379,5.984,88.21,2.391
2005-12-12,21.472,0.763,80.0,2.384
2005-12-13,20.613,1.648,83.39,2.092
2005-12-14,21.475,0.332,80.37,1.901
2005-12-15,20.291,0.04,77.92,2.104
2005-12-16,19.389,0.001,71.83,2.084
2005-12-17,20.707,1.269,76.09,2.009
2005-12-18,20.998,1.847,82.29,2.656
2005-12-19,21.874,0.844,79.07,2.381
2005-12-20,22.237,0.306,78.86,2.016
2005-12-21,22.053,1.251,82.22,1.433
2005-12-22,22.418,0.289,76.38,0.692
2005-12-23,22.572,0.323,74.66,0.267
2005-12-24,22.444,0.361,75.07,1.48
2005-12-25,21.184,0.201,75.55,1.978
2005-12-26,19.595,0.003,70.94,1.605
2005-12-27,18.674,0.003,68.89,1.48
2005-12-28,19.468,0.223,78.06,1.482
2005-12-29,19.163,0.076,73.84,1.448
2005-12-30,18.498,0.011,73.97,1.747
2005-12-31,18.742,0.091,75.61,2.106
2006-01-01,18.519,0.004,73.8,1.937
2006-01-02,18.415,0.01,74.63,1.831
2006-01-03,18.996,0.002,72.47,1.782
2006-01-04,19.733,0.001,71.15,1.685
2006-01-05,20.551,0.109,75.9,1.66
2006-01-06,20.014,0.001,68.81,2.105
2006-01-07,21.175,0.187,78.39,2.249
2006-01-08,21.514,1.279,86.04,2.107
2006-01-09,22.457,0.695,77.28,2.157
2006-01-10,21.217,0.002,63.26,2.229
2006-01-11,19.829,0.002,65.94,2.082
2006-01-12,20.942,0.001,70.25,1.923
2006-01-13,20.611,0.001,65.19,1.782
2006-01-14,21.953,0.045,66.93,1.736
2006-01-15,22.458,0.122,77.77,2.021
2006-01-16,22.573,0.04,73.59,1.851
2006-01-17,22.29,0.036,70.57,1.256
2006-01-18,21.541,0.001,54.92,1.584
2006-01-19,20.498,0.0,48.77,1.47
2006-01-20,20.978,0.001,50.44,1.569
2006-01-21,21.642,0.0,51.4,1.652
2006-01-22,22.095,0.0,43.68,1.128
2006-01-23,23.063,0.0,44.84,0.634
2006-01-24,23.081,0.0,49.34,0.777
2006-01-25,21.861,0.0,55.47,2.017
2006-01-26,21.281,0.001,55.55,2.213
2006-01-27,21.097,0.442,69.73,2.795
2006-01-28,21.078,0.002,60.57,2.265
2006-01-29,20.078,0.001,51.87,1.978
2006-01-30,19.899,0.001,50.73,1.864
2006-01-31,19.955,0.001,55.33,1.962
2006-02-01,20.098,0.002,62.67,2.06
2006-02-02,20.215,0.001,61.96,2.147
2006-02-03,21.142,0.004,64.66,2.127
2006-02-04,22.833,0.015,67.62,2.11
2006-02-05,22.908,0.01,53.19,2.237
2006-02-06,21.623,0.001,40.06,2.001
2006-02-07,21.159,0.0,44.47,2.01
2006-02-08,20.481,0.0,46.25,1.901
2006-02-09,20.616,0.002,43.05,1.535
2006-02-10,21.602,0.004,46.3,1.598
2006-02-11,21.55,0.003,49.29,2.11
2006-02-12,20.995,0.0,44.91,2.134
2006-02-13,20.611,0.001,37.15,1.861
2006-02-14,21.452,0.0,33.3,1.533
2006-02-15,22.795,0.002,31.91,0.954
2006-02-16,23.761,0.001,34.74,0.929
2006-02-17,24.033,0.003,39.39,1.154
2006-02-18,24.087,-0.0,41.41,1.824
2006-02-19,24.049,0.002,39.57,1.647
2006-02-20,24.507,0.0,39.42,1.865
2006-02-21,23.735,0.0,36.75,1.781
2006-02-22,23.178,0.003,31.59,1.942
2006-02-23,23.156,0.0,28.94,2.077
2006-02-24,23.314,0.0,26.85,1.745
2006-02-25,24.064,0.002,32.4,1.152
2006-02-26,24.371,0.0,37.8,1.353
2006-02-27,24.864,0.006,49.57,1.059
2006-02-28,25.417,0.043,56.43,1.265
2006-03-01,26.098,0.094,58.46,1.565
2006-03-02,25.843,0.031,57.34,2.129
2006-03-03,24.203,6.27,78.78,1.875
2006-03-04,24.504,0.967,74.47,1.805
2006-03-05,25.223,3.73,70.08,0.79
2006-03-06,25.357,0.263,61.05,1.339
2006-03-07,25.046,0.037,57.51,1.708
2006-03-08,24.982,0.002,51.28,1.969
2006-03-09,24.606,4.367,66.12,1.8
2006-03-10,23.736,16.853,76.89,0.849
2006-03-11,24.175,4.633,75.08,0.806
2006-03-12,25.127,0.438,57.73,0.325
2006-03-13,24.781,1.261,68.93,1.773
2006-03-14,24.331,1.972,73.8,1.584
2006-03-15,24.504,1.251,70.33,1.401
2006-03-16,25.011,0.684,66.28,0.58
2006-03-17,25.217,0.368,62.89,0.46
2006-03-18,26.074,0.019,56.65,1.624
2006-03-19,25.387,0.025,58.56,2.284
2006-03-20,25.645,0.0,52.86,1.597
2006-03-21,26.215,0.0,40.6,1.525
2006-03-22,26.913,0.003,37.07,1.024
2006-03-23,27.856,0.002,37.42,1.086
2006-03-24,27.602,0.001,41.5,1.222
2006-03-25,27.558,0.002,42.1,1.148
2006-03-26,27.997,0.006,41.47,0.614
2006-03-27,27.869,0.003,41.83,0.499
2006-03-28,27.198,0.001,40.27,1.858
2006-03-29,26.339,0.013,47.29,1.902
2006-03-30,26.486,0.096,60.21,1.56
2006-03-31,27.545,0.006,46.9,1.302
2006-04-01,27.959,0.003,41.65,1.501
2006-04-02,27.996,0.0,43.66,1.283
2006-04-03,28.261,0.051,45.65,0.506
2006-04-04,28.404,0.015,47.19,1.061
2006-04-05,28.802,0.033,45.18,1.059
2006-04-06,29.249,0.02,42.29,0.344
2006-04-07,29.391,0.004,41.54,0.319
2006-04-08,29.072,0.028,46.12,0.447
2006-04-09,28.762,0.008,46.79,1.311
2006-04-10,28.239,0.009,48.77,1.544
2006-04-11,28.834,0.003,45.16,0.941
2006-04-12,29.258,0.002,46.17,0.648
2006-04-13,28.922,0.0,46.14,1.604
2006-04-14,28.076,0.118,54.69,1.987
2006-04-15,25.915,10.613,71.99,0.876
2006-04-16,24.947,10.902,77.16,1.13
2006-04-17,24.734,10.46,78.51,1.145
2006-04-18,24.942,7.709,77.25,0.457
2006-04-19,25.899,1.203,70.12,0.637
2006-04-20,26.232,0.255,63.88,1.212
2006-04-21,26.316,0.044,56.62,1.058
2006-04-22,26.703,0.002,48.95,0.659
2006-04-23,27.732,0.002,48.67,0.503
2006-04-24,28.014,0.001,47.46,0.957
2006-04-25,28.56,0.06,48.84,1.36
2006-04-26,28.644,0.27,54.06,1.59
2006-04-27,28.452,1.236,56.12,1.53
2006-04-28,29.355,0.029,50.65,2.102
2006-04-29,29.216,0.035,47.99,2.44
2006-04-30,29.724,0.002,42.74,2.115
2006-05-01,30.048,0.001,42.95,1.801
2006-05-02,28.968,1.142,53.92,0.496
2006-05-03,28.271,0.613,59.54,1.383
2006-05-04,27.813,0.207,59.05,1.572
2006-05-05,28.399,0.161,56.19,1.235
2006-05-06,28.249,1.459,60.01,0.421
2006-05-07,28.577,0.356,57.52,0.687
2006-05-08,29.235,0.179,54.71,1.041
2006-05-09,29.621,0.17,50.75,0.961
2006-05-10,28.438,3.642,59.49,1.596
2006-05-11,28.276,6.494,63.55,1.294
2006-05-12,27.732,4.924,66.97,1.739
2006-05-13,28.751,0.348,56.92,2.09
2006-05-14,28.545,0.641,55.74,1.654
2006-05-15,29.097,0.496,54.33,1.963
2006-05-16,28.318,3.994,59.94,1.738
2006-05-17,28.408,1.444,60.65,2.371
2006-05-18,26.853,8.112,70.15,2.525
2006-05-19,27.202,0.468,59.16,3.683
2006-05-20,27.238,0.097,54.96,3.745
2006-05-21,27.04,0.141,54.68,3.456
2006-05-22,27.819,0.043,53.64,3.165
2006-05-23,27.677,0.108,56.87,3.095
2006-05-24,27.098,0.964,60.37,3.575
2006-05-25,26.282,0.671,63.39,4.132
2006-05-26,25.501,14.757,68.96,3.827
2006-05-27,25.208,3.751,73.8,3.732
2006-05-28,23.985,31.45,77.82,4.1
2006-05-29,24.293,3.006,74.83,4.276
2006-05-30,24.006,4.473,77.38,3.895
2006-05-31,23.493,7.058,82.33,3.459
2006-06-01,24.287,0.946,73.79,4.606
2006-06-02,24.453,1.253,71.83,4.336
2006-06-03,25.148,0.111,69.2,4.234
2006-06-04,25.217,0.294,69.2,3.945
2006-06-05,25.324,0.227,68.11,4.001
2006-06-06,25.831,0.165,66.38,3.211
2006-06-07,25.379,0.277,67.85,3.445
2006-06-08,25.983,0.033,61.32,3.349
2006-06-09,26.308,0.047,59.16,3.216
2006-06-10,26.141,0.03,59.54,3.381
2006-06-11,26.419,0.144,59.01,3.182
2006-06-12,27.181,0.06,55.48,2.976
2006-06-13,27.374,0.031,50.56,2.715
2006-06-14,26.907,1.184,58.89,1.788
2006-06-15,26.204,10.677,70.74,2.015
2006-06-16,25.16,20.649,77.71,2.307
2006-06-17,25.564,4.035,74.0,2.051
2006-06-18,25.835,4.785,73.72,1.318
2006-06-19,25.829,28.348,76.6,1.444
2006-06-20,24.874,10.094,79.78,1.721
2006-06-21,24.959,7.991,78.95,1.92
2006-06-22,24.932,5.618,77.47,2.291
2006-06-23,24.641,4.883,76.83,3.561
2006-06-24,25.049,1.025,72.39,4.0
2006-06-25,24.096,0.458,75.97,4.66
2006-06-26,23.502,8.464,79.84,4.523
2006-06-27,24.862,2.318,73.12,4.365
2006-06-28,23.831,6.8,79.23,4.477
2006-06-29,24.962,1.202,71.9,5.212
2006-06-30,24.314,4.136,75.27,4.934
2006-07-01,25.236,0.079,66.57,5.945
2006-07-02,25.156,0.294,66.2,6.609
2006-07-03,25.223,0.382,66.33,6.837
2006-07-04,25.071,0.327,66.18,6.525
2006-07-05,25.247,0.099,63.9,5.787
2006-07-06,25.18,0.041,64.33,4.972
2006-07-07,25.543,0.121,64.54,4.612
2006-07-08,25.655,0.957,66.14,4.646
2006-07-09,25.751,0.047,63.2,4.767
2006-07-10,25.683,0.114,63.51,4.853
2006-07-11,25.472,0.435,64.64,5.144
2006-07-12,24.815,1.168,68.5,4.888
2006-07-13,24.439,4.53,73.02,4.893
2006-07-14,25.131,0.996,68.36,5.488
2006-07-15,25.385,0.392,66.35,5.644
2006-07-16,25.667,0.256,64.03,5.666
2006-07-17,25.448,0.263,63.23,5.53
2006-07-18,25.684,0.184,61.96,5.066
2006-07-19,25.317,0.402,64.32,4.674
2006-07-20,25.421,0.317,64.17,4.547
2006-07-21,25.378,0.089,62.55,4.656
2006-07-22,25.611,0.04,60.4,4.219
2006-07-23,25.982,0.133,59.09,3.813
2006-07-24,26.292,0.992,57.03,3.443
2006-07-25,25.398,1.399,64.54,2.689
2006-07-26,24.136,1.948,73.13,3.641
2006-07-27,24.039,0.829,69.42,4.584
2006-07-28,24.687,0.226,63.62,4.888
2006-07-29,25.185,0.05,58.29,5.0
2006-07-30,25.593,0.2,58.87,4.867
2006-07-31,25.416,0.287,61.62,4.524
2006-08-01,25.448,0.152,60.29,4.584
2006-08-02,25.422,0.092,58.73,4.956
2006-08-03,24.723,0.457,63.13,5.309
2006-08-04,24.271,0.543,67.48,4.327
2006-08-05,25.376,0.217,63.55,3.816
2006-08-06,25.354,0.743,65.78,3.274
2006-08-07,26.106,0.234,58.95,3.398
2006-08-08,25.875,0.18,60.23,3.889
2006-08-09,25.286,1.304,64.33,4.465
2006-08-10,25.132,0.235,62.74,5.098
2006-08-11,24.24,2.003,69.59,5.166
2006-08-12,23.835,7.022,75.05,4.516
2006-08-13,25.006,1.552,67.99,4.896
2006-08-14,25.727,0.243,62.79,5.274
2006-08-15,25.077,1.557,67.62,5.35
2006-08-16,25.228,0.32,64.06,5.833
2006-08-17,25.165,0.271,62.62,5.174
2006-08-18,24.861,5.278,70.59,3.755
2006-08-19,24.862,6.987,72.85,3.027
2006-08-20,24.629,13.306,77.64,2.216
2006-08-21,24.015,5.666,80.8,2.307
2006-08-22,24.903,0.111,68.48,2.675
2006-08-23,25.682,0.008,61.48,2.324
2006-08-24,25.76,0.005,61.08,2.291
2006-08-25,25.355,3.394,71.27,1.527
2006-08-26,26.095,0.046,59.36,3.253
2006-08-27,25.432,0.0,55.83,3.829
2006-08-28,25.234,0.141,61.92,4.15
2006-08-29,24.747,0.476,63.28,4.246
2006-08-30,25.134,0.765,65.13,3.53
2006-08-31,25.476,0.898,65.1,2.64
2006-09-01,26.011,0.605,63.36,2.545
2006-09-02,25.466,13.441,71.46,1.082
2006-09-03,25.183,10.286,76.54,1.254
2006-09-04,24.744,8.875,79.3,1.826
2006-09-05,25.537,0.023,66.38,1.439
2006-09-06,25.196,6.541,74.82,0.538
2006-09-07,24.634,1.719,77.78,0.845
2006-09-08,24.6,4.348,79.43,1.102
2006-09-09,24.191,6.001,81.63,0.67
2006-09-10,24.711,1.17,75.79,1.44
2006-09-11,24.783,2.048,74.43,2.195
2006-09-12,24.838,3.243,73.25,3.187
2006-09-13,25.131,1.204,72.1,3.229
2006-09-14,23.614,6.286,78.75,3.45
2006-09-15,23.458,2.706,79.74,3.363
2006-09-16,23.342,3.548,81.13,3.719
2006-09-17,24.179,0.567,72.99,4.278
2006-09-18,24.669,0.173,69.26,4.155
2006-09-19,24.664,0.391,70.08,3.954
2006-09-20,23.805,3.817,77.21,3.371
2006-09-21,24.188,1.451,74.49,3.482
2006-09-22,24.737,0.167,69.09,3.193
2006-09-23,25.342,0.473,67.68,2.524
2006-09-24,25.003,1.006,70.84,2.17
2006-09-25,24.028,6.925,77.6,2.813
2006-09-26,24.257,4.529,73.88,3.685
2006-09-27,24.689,4.792,71.12,2.984
2006-09-28,24.668,6.862,73.29,2.722
2006-09-29,24.401,3.674,74.76,3.078
2006-09-30,24.911,0.633,68.53,3.626
2006-10-01,25.023,0.437,67.58,3.125
2006-10-02,25.265,0.494,67.59,2.476
2006-10-03,25.745,0.067,64.37,1.592
2006-10-04,25.497,1.373,68.58,2.469
2006-10-05,25.616,0.36,66.07,2.821
2006-10-06,25.336,2.225,70.41,2.74
2006-10-07,24.611,21.924,75.65,2.442
2006-10-08,23.676,17.481,82.38,2.257
2006-10-09,23.558,3.081,80.33,1.906
2006-10-10,24.419,0.357,72.34,0.273
2006-10-11,23.919,10.087,81.76,0.437
2006-10-12,24.774,0.428,69.06,0.825
2006-10-13,24.184,0.077,68.53,1.686
2006-10-14,24.206,0.081,70.11,1.57
2006-10-15,24.361,0.288,71.5,1.768
2006-10-16,24.168,0.767,76.75,1.836
2006-10-17,23.819,3.261,79.4,1.501
2006-10-18,23.916,2.047,78.58,1.496
2006-10-19,23.274,5.112,81.75,1.479
2006-10-20,23.711,1.425,80.5,1.452
2006-10-21,23.37,1.884,81.92,1.555
2006-10-22,23.847,0.075,69.77,2.192
2006-10-23,23.502,0.95,76.29,2.007
2006-10-24,23.233,0.455,77.33,2.271
2006-10-25,23.841,1.543,74.71,2.617
2006-10-26,22.288,6.971,85.56,2.569
2006-10-27,21.775,11.151,89.41,2.4
2006-10-28,21.505,16.503,92.67,0.554
2006-10-29,22.501,11.092,87.77,0.906
2006-10-30,23.2,5.661,85.23,0.119
2006-10-31,22.689,8.415,87.01,0.761
2006-11-01,22.69,7.339,88.76,1.259
2006-11-02,22.772,4.586,85.28,1.939
2006-11-03,22.123,9.531,88.54,1.865
2006-11-04,22.027,4.183,87.55,1.773
2006-11-05,22.729,2.972,83.75,1.388
2006-11-06,22.458,11.024,85.78,1.032
2006-11-07,21.759,4.437,88.02,0.837
2006-11-08,21.684,3.844,86.47,1.213
2006-11-09,21.622,4.494,86.6,1.286
2006-11-10,22.594,1.756,81.19,1.856
2006-11-11,22.405,1.975,82.03,2.02
2006-11-12,22.206,1.29,81.39,2.107
2006-11-13,22.496,2.271,80.58,2.204
2006-11-14,22.033,4.44,84.77,2.133
2006-11-15,21.926,5.538,86.83,2.367
2006-11-16,22.159,4.382,84.96,2.554
2006-11-17,22.495,3.655,84.85,2.986
2006-11-18,21.345,19.516,93.71,2.222
2006-11-19,22.2,7.888,89.18,1.636
2006-11-20,21.836,7.913,89.6,1.672
2006-11-21,22.078,0.371,80.97,1.779
2006-11-22,22.355,0.013,77.35,1.635
2006-11-23,22.954,0.114,76.32,1.118
2006-11-24,21.936,0.02,74.49,1.379
2006-11-25,22.072,0.025,77.58,1.358
2006-11-26,23.154,0.412,80.13,1.322
2006-11-27,22.817,1.859,85.08,1.622
2006-11-28,22.779,0.842,80.06,2.041
2006-11-29,22.038,0.952,81.32,2.17
2006-11-30,21.388,0.041,75.97,2.286
2006-12-01,20.342,0.016,72.63,1.923
2006-12-02,20.268,0.011,74.19,1.959
2006-12-03,21.17,0.762,81.45,2.495
2006-12-04,20.919,0.064,73.85,2.5
2006-12-05,21.162,0.005,72.16,2.103
2006-12-06,20.681,0.002,70.03,2.097
2006-12-07,20.429,0.004,69.15,2.127
2006-12-08,20.806,0.006,70.25,2.312
2006-12-09,20.515,0.006,68.59,2.138
2006-12-10,21.178,2.552,83.98,2.051
2006-12-11,22.388,10.172,85.72,1.841
2006-12-12,22.422,1.721,83.23,2.031
2006-12-13,21.951,0.117,76.36,2.254
2006-12-14,21.33,0.028,72.32,2.607
2006-12-15,20.697,0.019,70.88,2.354
2006-12-16,19.881,0.01,66.93,2.503
2006-12-17,19.047,0.037,72.56,2.134
2006-12-18,20.177,0.002,66.39,1.887
2006-12-19,20.497,0.004,67.4,2.098
2006-12-20,20.244,0.03,69.95,2.556
2006-12-21,21.138,0.393,74.49,2.563
2006-12-22,20.851,0.778,75.48,2.911
2006-12-23,21.309,0.116,70.05,2.736
2006-12-24,20.434,0.006,70.59,2.348
2006-12-25,20.834,0.021,69.29,2.36
2006-12-26,20.555,0.064,70.4,2.026
2006-12-27,20.238,0.051,70.16,1.909
2006-12-28,19.981,0.004,65.08,1.738
2006-12-29,19.806,0.001,55.2,1.709
2006-12-30,20.247,0.002,57.07,1.593
2006-12-31,20.017,0.001,55.84,1.629
2007-01-01,19.887,0.001,58.88,1.74
2007-01-02,20.865,0.001,55.76,1.673
2007-01-03,20.723,0.0,56.7,1.529
2007-01-04,21.128,0.001,56.03,1.53
2007-01-05,21.497,0.048,61.17,1.949
2007-01-06,20.814,0.046,63.37,2.322
2007-01-07,20.123,0.003,62.47,2.422
2007-01-08,20.507,0.003,62.32,2.474
2007-01-09,22.183,0.049,64.1,2.692
2007-01-10,21.772,0.007,65.24,2.433
2007-01-11,21.712,0.0,67.2,2.322
2007-01-12,21.257,0.002,62.96,2.071
2007-01-13,20.66,0.0,51.73,1.904
2007-01-14,21.025,0.002,53.8,1.685
2007-01-15,22.099,0.015,65.04,1.833
2007-01-16,22.489,0.022,53.62,1.845
2007-01-17,22.62,0.013,54.17,1.676
2007-01-18,21.332,0.002,47.93,2.066
2007-01-19,21.169,0.0,55.62,1.932
2007-01-20,21.898,0.001,58.45,1.804
2007-01-21,21.625,0.009,53.29,1.749
2007-01-22,22.281,0.0,38.72,1.494
2007-01-23,22.436,0.002,45.83,2.032
2007-01-24,22.327,0.012,56.72,2.358
2007-01-25,22.327,0.119,64.95,2.601
2007-01-26,22.969,0.013,55.22,2.289
2007-01-27,23.078,0.096,67.95,2.754
2007-01-28,22.477,0.581,71.39,2.568
2007-01-29,22.794,0.105,63.52,2.728
2007-01-30,22.546,0.08,60.31,2.432
2007-01-31,22.29,0.011,51.08,1.916
2007-02-01,22.281,0.001,44.84,2.127
2007-02-02,21.781,0.0,52.14,2.24
2007-02-03,22.472,0.001,52.74,1.788
2007-02-04,23.347,0.002,52.07,1.348
2007-02-05,23.474,0.006,48.07,1.543
2007-02-06,23.477,0.001,43.33,1.797
2007-02-07,23.531,0.0,45.51,2.003
2007-02-08,23.373,0.0,43.55,2.118
2007-02-09,22.356,0.002,49.8,2.513
2007-02-10,22.116,0.078,65.13,2.398
2007-02-11,23.373,0.196,63.08,1.911
2007-02-12,24.199,0.166,61.82,1.536
2007-02-13,24.716,0.694,56.95,1.329
2007-02-14,25.399,0.003,41.63,0.713
2007-02-15,25.27,0.016,44.91,0.838
2007-02-16,25.456,0.45,51.06,0.971
2007-02-17,24.578,0.969,62.54,1.375
2007-02-18,23.35,1.794,71.57,2.02
2007-02-19,22.372,1.004,73.69,2.837
2007-02-20,22.96,0.031,57.39,2.885
2007-02-21,22.37,0.001,51.67,2.164
2007-02-22,22.396,0.001,45.5,2.198
2007-02-23,21.686,0.0,45.26,2.246
2007-02-24,22.688,0.003,54.48,1.913
2007-02-25,25.095,0.002,53.67,1.339
2007-02-26,25.995,0.002,52.05,1.517
2007-02-27,26.273,0.01,48.73,1.966
2007-02-28,25.285,0.008,45.95,2.22
2007-03-01,26.392,0.007,47.2,1.024
2007-03-02,27.339,0.388,47.71,0.598
2007-03-03,26.351,0.264,56.33,1.958
2007-03-04,25.7,0.033,53.67,2.438
2007-03-05,25.749,0.005,47.8,1.905
2007-03-06,26.128,0.001,47.67,2.05
2007-03-07,26.024,0.002,44.86,1.889
2007-03-08,26.365,0.001,46.53,1.723
2007-03-09,26.157,0.0,48.25,2.26
2007-03-10,25.813,0.002,50.24,2.109
2007-03-11,25.703,0.001,49.08,2.051
2007-03-12,24.99,0.002,42.49,2.06
2007-03-13,25.475,0.023,46.28,1.898
2007-03-14,25.73,0.042,53.58,1.82
2007-03-15,26.07,0.002,47.66,1.846
2007-03-16,26.409,0.005,49.85,2.21
2007-03-17,26.63,0.005,45.86,1.936
2007-03-18,26.942,0.002,37.21,1.788
2007-03-19,27.581,0.0,32.97,1.347
2007-03-20,27.756,0.002,31.75,1.559
2007-03-21,28.059,0.0,35.07,1.39
2007-03-22,28.005,0.0,39.53,1.083
2007-03-23,27.69,0.001,42.61,1.889
2007-03-24,28.672,0.0,38.82,0.837
2007-03-25,29.242,0.001,39.76,1.467
2007-03-26,29.148,0.002,38.25,1.718
2007-03-27,28.706,0.002,40.06,1.939
2007-03-28,28.493,0.0,40.39,1.541
2007-03-29,27.849,0.0,40.51,1.944
2007-03-30,26.884,0.002,35.71,2.22
2007-03-31,26.618,0.002,44.88,1.828
2007-04-01,28.058,0.109,52.68,1.539
2007-04-02,28.853,0.004,42.64,1.304
2007-04-03,28.882,0.002,39.02,1.829
2007-04-04,28.33,0.002,42.89,2.441
2007-04-05,27.142,0.007,44.62,2.302
2007-04-06,27.183,0.005,43.0,1.833
2007-04-07,27.021,0.008,44.79,1.833
2007-04-08,27.346,0.02,53.08,2.193
2007-04-09,27.408,0.042,54.82,1.866
2007-04-10,27.363,0.073,57.42,1.802
2007-04-11,28.313,0.031,53.97,1.482
2007-04-12,28.295,0.773,55.62,0.896
2007-04-13,27.428,3.648,60.55,1.193
2007-04-14,26.986,1.819,60.19,1.514
2007-04-15,26.164,1.066,63.12,1.518
2007-04-16,27.133,0.025,53.52,1.653
2007-04-17,26.684,5.493,63.02,0.804
2007-04-18,26.586,6.413,67.28,0.279
2007-04-19,26.561,4.687,69.94,0.591
2007-04-20,25.775,8.728,74.94,0.569
2007-04-21,25.499,21.262,76.77,0.472
2007-04-22,26.315,4.93,70.52,0.921
2007-04-23,26.282,4.648,72.69,0.688
2007-04-24,26.713,2.859,68.68,0.596
2007-04-25,27.783,0.061,59.39,0.763
2007-04-26,27.534,0.036,60.95,1.472
2007-04-27,27.694,0.027,61.14,1.484
2007-04-28,28.178,0.002,55.56,1.266
2007-04-29,28.585,0.366,56.67,0.8
2007-04-30,29.03,0.002,49.69,0.891
2007-05-01,29.612,0.026,49.3,0.51
2007-05-02,27.38,17.43,69.29,1.234
2007-05-03,26.124,22.555,77.53,1.608
2007-05-04,26.625,11.631,73.66,0.974
2007-05-05,26.755,5.918,73.31,1.206
2007-05-06,26.487,18.087,76.6,1.4
2007-05-07,26.84,2.779,74.48,2.398
2007-05-08,26.857,0.309,70.03,3.175
2007-05-09,26.685,2.487,69.58,3.483
2007-05-10,27.774,0.071,60.25,3.531
2007-05-11,28.043,0.494,60.02,2.783
2007-05-12,27.418,0.457,62.63,3.804
2007-05-13,27.74,2.282,63.97,3.142
2007-05-14,28.49,0.051,57.11,3.825
2007-05-15,28.178,0.062,54.6,3.45
2007-05-16,28.703,0.002,48.69,2.476
2007-05-17,28.773,0.04,51.14,1.751
2007-05-18,28.257,2.066,56.93,2.047
2007-05-19,28.467,1.197,57.97,2.094
2007-05-20,28.305,2.293,60.67,2.399
2007-05-21,28.1,1.98,62.44,2.014
2007-05-22,28.384,0.404,59.61,1.643
2007-05-23,28.222,2.924,63.36,1.154
2007-05-24,26.658,6.734,73.75,1.077
2007-05-25,26.788,3.573,69.85,1.374
2007-05-26,26.635,6.841,71.17,1.945
2007-05-27,25.893,8.497,73.0,2.209
2007-05-28,25.459,7.05,71.92,3.324
2007-05-29,25.338,0.431,66.48,2.407
2007-05-30,25.475,4.642,72.91,1.812
2007-05-31,26.843,0.768,65.36,1.782
2007-06-01,27.584,0.067,59.37,1.967
2007-06-02,28.055,0.348,58.06,2.292
2007-06-03,27.695,1.437,61.67,1.913
2007-06-04,28.313,1.03,59.74,1.482
2007-06-05,27.284,13.609,67.42,1.723
2007-06-06,25.816,19.659,78.71,1.754
2007-06-07,25.497,0.554,75.2,2.191
2007-06-08,25.817,9.824,76.8,1.853
2007-06-09,26.185,1.344,70.87,2.927
2007-06-10,26.048,2.053,71.92,3.081
2007-06-11,26.395,2.378,71.0,2.404
2007-06-12,26.216,4.799,75.5,2.035
2007-06-13,26.438,2.127,71.12,2.598
2007-06-14,25.808,1.551,71.53,2.106
2007-06-15,26.133,1.359,69.32,2.849
2007-06-16,25.803,1.644,66.06,3.776
2007-06-17,25.112,3.107,71.61,3.771
2007-06-18,24.851,10.609,75.5,4.215
2007-06-19,24.827,3.811,72.13,4.848
2007-06-20,23.975,12.622,75.92,4.398
2007-06-21,22.393,17.839,89.36,4.439
2007-06-22,22.701,11.264,89.28,5.027
2007-06-23,22.375,11.662,88.65,4.248
2007-06-24,24.356,1.525,74.39,3.771
2007-06-25,24.591,1.665,72.68,4.306
2007-06-26,24.586,1.817,72.84,4.688
2007-06-27,23.333,5.686,77.59,4.815
2007-06-28,23.845,2.035,75.07,5.235
2007-06-29,24.356,2.431,72.11,5.335
2007-06-30,24.937,0.897,72.01,5.132
2007-07-01,24.636,2.825,76.17,4.789
2007-07-02,24.843,2.426,75.43,4.527
2007-07-03,25.144,1.807,71.35,5.093
2007-07-04,24.759,0.339,70.05,5.092
2007-07-05,25.214,0.209,67.11,5.458
2007-07-06,25.31,0.372,66.82,5.964
2007-07-07,25.431,0.143,65.47,5.918
2007-07-08,25.17,0.277,64.81,5.671
2007-07-09,25.327,0.151,64.76,5.139
2007-07-10,25.193,0.734,67.64,4.794
2007-07-11,25.171,3.294,70.28,4.267
2007-07-12,25.589,1.362,67.03,4.781
2007-07-13,25.122,2.296,68.77,5.164
2007-07-14,25.59,0.924,65.91,5.519
2007-07-15,25.108,0.72,68.28,5.065
2007-07-16,24.96,1.549,71.65,5.031
2007-07-17,24.395,0.592,72.39,4.92
2007-07-18,25.178,4.269,71.87,3.17
2007-07-19,25.002,7.434,75.6,1.767
2007-07-20,24.844,6.02,76.53,2.179
2007-07-21,24.738,1.382,73.34,3.159
2007-07-22,23.965,1.141,74.77,3.29
2007-07-23,24.255,8.662,77.88,1.422
2007-07-24,23.722,6.628,82.75,0.925
2007-07-25,23.59,12.683,83.44,1.53
2007-07-26,24.205,2.787,77.64,2.697
2007-07-27,24.205,3.252,76.47,3.294
2007-07-28,24.593,1.071,73.07,3.049
2007-07-29,23.103,9.409,82.23,3.108
2007-07-30,22.91,3.753,83.27,2.666
2007-07-31,22.598,10.912,86.95,2.829
2007-08-01,22.972,8.939,82.57,3.425
2007-08-02,22.392,16.871,85.95,3.748
2007-08-03,23.704,1.935,76.82,3.96
2007-08-04,24.04,1.876,73.67,4.551
2007-08-05,23.084,10.285,79.69,4.636
2007-08-06,22.396,11.626,84.29,4.593
2007-08-07,23.986,0.354,72.08,5.277
2007-08-08,24.502,0.451,70.06,5.083
2007-08-09,24.575,0.446,69.87,5.017
2007-08-10,23.813,1.347,73.44,4.635
2007-08-11,24.395,0.204,69.07,4.821
2007-08-12,24.611,0.069,68.55,4.415
2007-08-13,24.731,0.156,66.59,4.114
2007-08-14,24.809,0.007,63.21,3.251
2007-08-15,25.243,0.035,63.88,2.501
2007-08-16,25.9,0.223,64.58,2.083
2007-08-17,25.272,4.171,71.92,2.441
2007-08-18,25.198,0.292,67.79,3.364
2007-08-19,25.672,0.101,63.22,3.411
2007-08-20,24.702,7.082,73.72,3.407
2007-08-21,23.695,9.079,78.98,3.806
2007-08-22,23.88,4.602,75.76,3.642
2007-08-23,23.942,7.46,77.89,3.066
2007-08-24,23.748,26.975,82.38,2.086
2007-08-25,23.449,16.521,85.52,2.019
2007-08-26,24.323,0.699,74.9,2.938
2007-08-27,24.52,0.289,74.27,2.775
2007-08-28,24.479,5.443,78.58,2.569
2007-08-29,24.212,3.625,78.62,2.852
2007-08-30,23.304,3.567,81.68,3.451
2007-08-31,23.575,1.13,75.28,4.297
2007-09-01,23.503,0.525,74.81,4.332
2007-09-02,23.217,1.917,78.54,3.826
2007-09-03,24.099,0.267,74.08,4.133
2007-09-04,24.814,1.176,72.54,3.615
2007-09-05,24.563,2.149,74.55,3.947
2007-09-06,24.594,0.264,71.05,3.93
2007-09-07,24.974,0.323,70.64,3.316
2007-09-08,24.825,6.185,76.92,1.292
2007-09-09,24.431,12.458,81.48,0.327
2007-09-10,24.861,2.058,79.53,0.666
2007-09-11,24.878,2.099,77.96,0.793
2007-09-12,24.969,14.307,79.33,1.029
2007-09-13,24.907,18.17,79.56,1.866
2007-09-14,23.511,2.23,81.5,3.377
2007-09-15,23.901,0.929,76.8,3.406
2007-09-16,23.814,0.926,78.69,3.307
2007-09-17,23.519,6.47,80.05,3.74
2007-09-18,22.915,4.783,81.98,4.161
2007-09-19,23.683,0.786,73.5,4.377
2007-09-20,24.323,0.096,69.07,4.422
2007-09-21,24.872,0.012,65.88,4.631
2007-09-22,24.79,0.241,68.8,4.696
2007-09-23,25.1,0.252,68.09,4.75
2007-09-24,24.773,0.797,72.13,4.044
2007-09-25,24.465,0.963,75.21,3.594
2007-09-26,24.897,0.165,69.81,2.498
2007-09-27,24.832,3.776,73.74,2.177
2007-09-28,24.894,0.054,66.57,3.203
2007-09-29,24.797,3.169,73.12,3.106
2007-09-30,24.409,5.729,75.91,3.192
2007-10-01,23.492,8.743,78.61,3.856
2007-10-02,24.331,1.499,73.22,3.286
2007-10-03,24.816,0.155,67.53,2.875
2007-10-04,24.78,0.573,70.33,3.004
2007-10-05,24.831,0.33,66.35,3.236
2007-10-06,24.598,0.228,64.76,3.709
2007-10-07,24.708,0.129,63.04,3.573
2007-10-08,24.715,0.384,65.27,2.724
2007-10-09,25.732,0.18,61.7,1.075
2007-10-10,26.606,0.155,55.22,1.184
2007-10-11,26.374,0.543,59.79,1.319
2007-10-12,26.725,0.997,55.36,1.243
2007-10-13,26.302,1.121,57.73,1.054
2007-10-14,26.176,0.421,56.53,0.876
2007-10-15,26.442,0.02,53.53,1.128
2007-10-16,26.089,0.992,59.22,0.738
2007-10-17,24.76,4.866,70.38,1.162
2007-10-18,23.998,6.516,76.54,0.964
2007-10-19,23.308,5.955,81.16,1.249
2007-10-20,23.008,16.081,83.31,0.346
2007-10-21,23.187,15.645,82.46,0.282
2007-10-22,21.883,26.683,90.44,1.367
2007-10-23,21.684,11.992,91.4,2.148
2007-10-24,22.096,5.594,88.47,2.886
2007-10-25,22.533,3.208,85.73,3.077
2007-10-26,21.437,14.838,94.67,1.776
2007-10-27,22.178,13.381,88.34,1.156
2007-10-28,20.67,16.27,90.32,1.328
2007-10-29,21.308,19.731,86.43,1.762
2007-10-30,23.131,1.724,79.95,1.3
2007-10-31,23.981,0.059,75.81,2.167
2007-11-01,23.101,6.888,82.9,0.916
2007-11-02,22.459,3.982,86.58,1.13
2007-11-03,22.689,7.045,84.95,1.679
2007-11-04,22.137,4.748,90.12,1.607
2007-11-05,22.542,2.525,86.21,1.011
2007-11-06,22.742,7.841,85.22,0.354
2007-11-07,23.14,0.473,75.82,1.078
2007-11-08,22.854,0.507,77.43,1.109
2007-11-09,22.865,0.075,72.56,1.016
2007-11-10,22.54,0.008,68.07,1.466
2007-11-11,22.175,0.003,68.85,1.874
2007-11-12,22.07,0.001,67.99,2.006
2007-11-13,21.613,0.0,60.08,1.687
2007-11-14,20.807,0.0,55.44,1.769
2007-11-15,20.623,0.0,52.28,1.416
2007-11-16,20.689,0.003,52.61,1.624
2007-11-17,20.596,0.001,58.67,1.837
2007-11-18,22.241,0.009,63.77,1.997
2007-11-19,22.437,4.481,82.4,2.516
2007-11-20,21.022,4.273,90.9,2.488
2007-11-21,22.705,0.319,75.56,2.381
2007-11-22,22.74,0.086,72.88,2.169
2007-11-23,21.644,0.032,61.78,1.691
2007-11-24,20.178,0.001,48.81,1.937
2007-11-25,19.867,0.0,52.83,1.807
2007-11-26,21.39,0.225,71.74,2.034
2007-11-27,22.834,0.116,70.62,1.709
2007-11-28,22.937,0.503,72.74,1.751
2007-11-29,22.672,0.069,69.62,2.036
2007-11-30,21.558,0.025,61.99,2.204
2007-12-01,21.536,0.011,67.04,1.99
2007-12-02,21.624,0.474,72.85,2.479
2007-12-03,21.704,1.175,76.6,2.666
2007-12-04,22.097,0.075,68.67,3.275
2007-12-05,21.173,1.247,76.32,3.796
2007-12-06,21.107,1.941,79.13,3.34
2007-12-07,21.401,0.985,75.97,2.775
2007-12-08,22.523,0.021,68.21,2.01
2007-12-09,22.53,0.183,70.0,1.884
2007-12-10,22.395,0.038,66.82,1.728
2007-12-11,22.411,0.063,66.07,2.062
2007-12-12,22.59,0.033,67.43,2.234
2007-12-13,21.422,4.349,67.74,2.566
2007-12-14,18.578,13.091,83.16,1.966
2007-12-15,21.569,0.016,75.62,2.643
2007-12-16,21.531,0.036,71.79,3.302
2007-12-17,22.239,0.061,65.27,3.606
2007-12-18,20.011,33.092,91.07,3.755
2007-12-19,20.059,22.31,98.75,2.501
2007-12-20,21.272,5.039,91.81,2.67
2007-12-21,21.98,1.161,83.73,2.171
2007-12-22,21.567,0.004,67.37,1.431
2007-12-23,20.908,0.0,65.98,1.229
2007-12-24,19.997,0.0,58.9,1.461
2007-12-25,20.239,0.001,55.36,1.17
2007-12-26,20.915,0.001,58.55,1.35
2007-12-27,21.337,0.0,64.94,1.184
2007-12-28,22.003,0.001,66.82,1.024
2007-12-29,22.751,0.001,68.06,1.141
2007-12-30,22.387,0.003,69.89,1.469
2007-12-31,21.452,0.085,70.89,1.929
2008-01-01,21.213,0.021,65.64,1.919
2008-01-02,20.673,0.021,63.06,2.102
2008-01-03,20.287,0.002,56.41,2.171
2008-01-04,21.633,7.871,74.83,2.354
2008-01-05,19.478,6.621,76.95,2.195
2008-01-06,19.414,0.009,67.21,2.451
2008-01-07,19.26,0.002,67.32,2.235
2008-01-08,19.274,0.002,61.82,2.105
2008-01-09,19.857,0.001,61.21,1.749
2008-01-10,20.588,0.001,63.84,1.588
2008-01-11,20.537,0.003,61.9,1.706
2008-01-12,19.954,0.01,59.24,1.819
2008-01-13,20.65,0.011,55.74,1.867
2008-01-14,20.917,0.001,53.16,1.627
2008-01-15,20.724,0.0,51.37,1.916
2008-01-16,20.942,0.001,54.91,2.045
2008-01-17,20.687,0.004,51.29,1.748
2008-01-18,20.508,0.001,46.31,1.565
2008-01-19,20.357,0.001,53.88,1.354
2008-01-20,21.295,0.001,54.54,1.346
2008-01-21,22.307,0.033,59.47,1.545
2008-01-22,23.07,0.041,63.71,1.863
2008-01-23,23.06,0.065,63.14,1.794
2008-01-24,23.755,0.021,60.06,1.491
2008-01-25,24.002,0.004,56.93,1.065
2008-01-26,24.874,0.053,56.3,0.689
2008-01-27,24.662,1.377,62.15,1.299
2008-01-28,23.542,0.555,66.51,1.674
2008-01-29,24.079,0.231,62.24,0.98
2008-01-30,25.169,0.013,56.3,0.721
2008-01-31,25.333,0.101,50.35,0.28
2008-02-01,24.566,1.053,66.51,1.547
2008-02-02,23.797,1.645,71.5,1.329
2008-02-03,23.506,1.141,70.9,2.302
2008-02-04,23.482,0.439,67.09,1.874
2008-02-05,23.638,0.102,65.12,1.961
2008-02-06,23.866,0.012,57.99,1.86
2008-02-07,24.49,0.021,60.04,1.728
2008-02-08,24.717,1.159,68.9,2.001
2008-02-09,23.835,5.089,77.88,1.615
2008-02-10,23.835,4.79,79.06,1.328
2008-02-11,23.815,2.266,78.28,1.833
2008-02-12,24.207,0.425,69.94,1.991
2008-02-13,23.979,0.712,70.6,1.845
2008-02-14,24.45,0.203,67.01,2.312
2008-02-15,23.61,1.66,72.8,2.512
2008-02-16,24.353,0.443,63.56,2.175
2008-02-17,24.014,0.018,50.98,1.948
2008-02-18,23.769,0.001,38.47,1.794
2008-02-19,24.572,0.0,44.59,1.441
2008-02-20,25.452,0.002,45.01,1.728
2008-02-21,25.359,0.003,44.64,1.909
2008-02-22,24.927,0.002,48.5,2.041
2008-02-23,24.634,0.023,50.05,1.9
2008-02-24,24.573,0.001,33.53,1.941
2008-02-25,25.092,0.0,37.95,1.89
2008-02-26,24.896,0.001,40.29,2.49
2008-02-27,24.371,0.001,35.8,2.753
2008-02-28,24.026,0.001,35.46,2.609
2008-02-29,24.574,0.003,33.85,2.366
2008-03-01,25.407,0.039,46.18,1.94
2008-03-02,25.966,0.004,41.5,1.788
2008-03-03,24.873,0.003,25.58,2.078
2008-03-04,24.518,0.0,22.66,2.123
2008-03-05,25.025,0.001,27.15,2.266
2008-03-06,24.767,0.002,31.05,2.336
2008-03-07,24.082,0.002,28.11,2.34
2008-03-08,24.098,0.001,22.89,2.58
2008-03-09,24.817,0.0,29.54,2.19
2008-03-10,25.912,0.001,31.64,2.374
2008-03-11,24.736,0.001,43.43,2.42
2008-03-12,22.994,2.644,74.95,2.324
2008-03-13,23.683,7.723,78.31,2.273
2008-03-14,22.582,17.982,86.52,1.819
2008-03-15,24.023,3.282,78.27,1.503
2008-03-16,24.321,0.908,73.51,1.612
2008-03-17,24.486,0.534,69.15,1.761
2008-03-18,24.431,0.193,69.97,2.26
2008-03-19,24.484,0.569,71.91,2.504
2008-03-20,22.517,21.758,87.53,2.356
2008-03-21,21.3,19.179,96.8,2.228
2008-03-22,22.275,14.259,88.9,2.556
2008-03-23,22.421,10.637,89.94,1.469
2008-03-24,23.244,7.968,82.54,0.869
2008-03-25,23.876,2.012,76.49,0.452
2008-03-26,23.836,6.387,79.52,0.239
2008-03-27,25.033,2.184,73.29,0.13
2008-03-28,24.507,14.051,79.91,0.239
2008-03-29,24.272,10.401,79.88,0.295
2008-03-30,24.071,14.029,80.4,0.627
2008-03-31,24.27,14.738,79.3,1.08
2008-04-01,24.117,5.535,79.86,0.774
2008-04-02,24.64,2.832,76.17,0.413
2008-04-03,24.951,2.506,74.01,0.245
2008-04-04,24.411,2.944,77.4,0.462
2008-04-05,24.573,0.748,73.51,1.526
2008-04-06,24.565,0.253,70.27,1.631
2008-04-07,24.608,0.035,66.26,1.76
2008-04-08,25.073,0.009,59.47,1.682
2008-04-09,25.552,0.008,55.4,1.694
2008-04-10,25.658,0.007,53.05,1.647
2008-04-11,26.107,0.0,44.14,1.441
2008-04-12,26.917,0.002,47.07,1.414
2008-04-13,27.127,0.002,44.78,1.233
2008-04-14,27.252,0.004,51.42,1.5
2008-04-15,27.846,0.017,52.49,1.447
2008-04-16,28.078,0.056,52.07,1.035
2008-04-17,28.099,0.0,46.47,1.157
2008-04-18,28.509,0.001,41.19,0.459
2008-04-19,29.147,0.005,42.29,1.043
2008-04-20,29.172,0.0,35.61,0.976
2008-04-21,29.221,0.0,31.94,1.105
2008-04-22,29.431,0.002,36.59,0.478
2008-04-23,29.543,0.004,39.33,0.643
2008-04-24,28.848,0.001,43.36,1.382
2008-04-25,28.303,0.006,47.17,1.737
2008-04-26,28.145,0.029,54.45,1.503
2008-04-27,29.238,0.012,46.52,0.178
2008-04-28,27.819,7.922,61.75,2.619
2008-04-29,27.168,8.069,67.66,2.541
2008-04-30,28.65,0.595,58.09,1.66
2008-05-01,28.44,1.739,55.87,2.464
2008-05-02,28.47,1.152,55.11,2.776
2008-05-03,28.469,0.499,53.08,2.59
2008-05-04,28.558,0.0,44.86,2.527
2008-05-05,28.433,0.0,42.69,3.006
2008-05-06,28.561,0.054,45.96,2.206
2008-05-07,27.33,3.52,57.96,1.558
2008-05-08,26.507,8.683,64.03,1.914
2008-05-09,26.838,4.811,64.31,2.008
2008-05-10,26.839,5.259,65.39,2.521
2008-05-11,26.723,2.705,66.21,2.351
2008-05-12,27.619,0.119,57.82,2.74
2008-05-13,27.892,0.093,52.36,2.697
2008-05-14,28.272,0.029,49.5,3.203
2008-05-15,28.279,0.243,52.98,3.406
2008-05-16,28.682,0.645,48.76,3.564
2008-05-17,28.621,0.61,50.77,3.74
2008-05-18,28.149,2.514,55.13,3.053
2008-05-19,27.874,2.431,57.65,1.973
2008-05-20,27.71,1.321,60.03,2.115
2008-05-21,26.788,9.397,67.43,1.99
2008-05-22,25.837,12.435,74.13,1.443
2008-05-23,25.677,16.131,75.45,1.824
2008-05-24,25.919,9.169,72.58,1.598
2008-05-25,25.888,8.683,75.03,1.588
2008-05-26,25.906,10.878,76.12,1.843
2008-05-27,25.938,5.452,74.69,1.812
2008-05-28,25.936,11.866,77.84,1.698
2008-05-29,26.57,1.078,71.66,2.389
2008-05-30,25.816,13.214,74.33,2.708
2008-05-31,24.737,7.45,78.46,3.041
2008-06-01,25.031,8.526,77.58,2.165
2008-06-02,24.951,7.925,79.6,1.086
2008-06-03,25.801,1.377,73.05,1.812
2008-06-04,25.948,2.084,67.62,2.645
2008-06-05,26.179,1.069,64.41,3.713
2008-06-06,25.546,1.002,67.85,4.13
2008-06-07,24.972,7.77,74.17,3.78
2008-06-08,24.492,2.982,74.6,4.059
2008-06-09,23.661,5.049,80.21,3.896
2008-06-10,23.595,2.487,77.59,3.907
2008-06-11,25.068,0.123,67.48,4.45
2008-06-12,24.368,4.346,75.11,4.067
2008-06-13,24.734,0.641,70.34,4.509
2008-06-14,25.13,0.265,67.01,4.951
2008-06-15,25.145,0.934,66.21,5.002
2008-06-16,25.271,0.217,65.68,4.636
2008-06-17,24.165,1.76,73.77,4.281
2008-06-18,25.023,0.915,69.96,4.119
2008-06-19,24.747,3.998,73.05,3.889
2008-06-20,25.655,0.872,69.32,3.304
2008-06-21,26.105,0.565,65.66,3.429
2008-06-22,24.998,4.687,71.79,3.626
2008-06-23,25.664,0.14,62.6,4.218
2008-06-24,25.596,0.069,61.27,4.635
2008-06-25,25.132,0.546,65.5,4.748
2008-06-26,25.677,0.136,63.16,4.537
2008-06-27,25.758,0.805,65.7,4.471
2008-06-28,24.31,4.87,74.21,4.651
2008-06-29,24.988,0.369,68.09,4.805
2008-06-30,25.403,0.342,66.22,4.552
2008-07-01,24.044,1.53,72.11,4.486
2008-07-02,25.676,0.022,61.08,4.534
2008-07-03,26.105,0.276,63.56,3.424
2008-07-04,26.169,0.06,60.88,3.65
2008-07-05,26.403,0.059,59.46,3.97
2008-07-06,24.937,1.297,66.81,4.335
2008-07-07,25.41,0.287,61.8,5.104
2008-07-08,25.734,0.255,60.75,5.034
2008-07-09,25.741,0.573,64.1,4.449
2008-07-10,25.927,0.232,61.32,4.226
2008-07-11,26.282,0.301,59.72,4.307
2008-07-12,26.422,0.195,58.04,3.901
2008-07-13,26.913,0.646,58.17,2.769
2008-07-14,25.999,9.062,69.37,1.383
2008-07-15,25.774,9.91,73.26,1.451
2008-07-16,25.606,6.166,73.05,2.496
2008-07-17,25.531,1.341,68.72,2.882
2008-07-18,25.386,4.759,71.7,3.018
2008-07-19,24.872,5.338,74.16,3.019
2008-07-20,25.057,9.727,74.66,1.822
2008-07-21,24.923,9.939,75.97,2.138
2008-07-22,24.564,11.269,78.82,1.864
2008-07-23,24.891,4.973,76.15,2.301
2008-07-24,24.563,2.735,73.66,4.262
2008-07-25,23.103,7.132,80.18,4.614
2008-07-26,24.256,0.245,69.71,5.357
2008-07-27,23.144,8.568,78.26,5.135
2008-07-28,22.489,8.775,81.26,5.109
2008-07-29,23.866,3.243,73.3,4.927
2008-07-30,24.582,1.537,70.03,4.805
2008-07-31,25.037,0.308,67.87,4.809
2008-08-01,24.636,2.338,71.5,4.455
2008-08-02,24.72,0.24,69.54,4.06
2008-08-03,24.52,3.978,73.77,3.708
2008-08-04,24.645,0.324,69.06,3.734
2008-08-05,25.126,0.068,66.02,3.947
2008-08-06,25.227,0.3,66.09,4.393
2008-08-07,25.121,0.266,64.01,4.922
2008-08-08,23.238,2.099,74.44,5.257
2008-08-09,23.646,0.918,71.15,5.922
2008-08-10,22.882,6.683,75.36,5.764
2008-08-11,23.648,4.875,73.82,5.044
2008-08-12,24.092,6.933,75.5,3.798
2008-08-13,23.635,4.774,78.11,4.071
2008-08-14,23.304,3.407,77.66,3.879
2008-08-15,22.524,1.611,72.49,4.063
2008-08-16,24.214,0.702,69.66,3.011
2008-08-17,23.943,12.426,77.56,2.326
2008-08-18,23.94,4.612,78.36,1.972
2008-08-19,24.131,0.765,75.88,2.403
2008-08-20,24.123,1.964,74.29,2.63
2008-08-21,24.368,1.477,72.62,3.25
2008-08-22,24.942,0.113,66.21,3.33
2008-08-23,25.118,0.109,63.47,3.189
2008-08-24,25.444,0.179,63.36,2.166
2008-08-25,24.531,15.604,76.25,0.957
2008-08-26,24.202,17.612,80.44,0.805
2008-08-27,24.278,16.296,80.38,0.404
2008-08-28,24.423,3.688,78.61,0.608
2008-08-29,24.47,10.472,79.82,0.479
2008-08-30,24.499,9.276,80.89,0.366
2008-08-31,23.923,13.854,84.66,0.082
2008-09-01,23.847,11.526,83.01,0.504
2008-09-02,24.44,4.563,81.33,0.442
2008-09-03,24.109,9.726,83.0,0.52
2008-09-04,24.558,6.13,80.36,0.584
2008-09-05,24.695,8.694,79.79,1.362
2008-09-06,24.526,5.852,79.46,1.472
2008-09-07,23.66,8.768,80.59,2.752
2008-09-08,22.794,5.231,81.99,3.304
2008-09-09,23.005,2.67,78.43,4.576
2008-09-10,24.046,3.956,72.62,4.353
2008-09-11,24.277,0.184,67.26,4.603
2008-09-12,23.735,0.125,69.7,4.57
2008-09-13,24.312,0.103,68.56,3.849
2008-09-14,24.064,1.2,72.04,3.701
2008-09-15,24.31,0.007,65.84,3.995
2008-09-16,24.337,0.387,66.94,4.441
2008-09-17,24.33,0.074,65.5,4.505
2008-09-18,24.311,0.018,64.37,3.694
2008-09-19,24.788,0.435,66.66,2.808
2008-09-20,24.067,8.956,77.53,1.963
2008-09-21,24.93,0.119,68.27,2.369
2008-09-22,24.889,0.084,65.74,2.432
2008-09-23,25.284,0.059,63.78,2.119
2008-09-24,25.522,0.369,66.19,2.334
2008-09-25,25.628,0.007,58.19,2.792
2008-09-26,24.731,0.033,62.75,2.523
2008-09-27,25.655,0.002,55.33,2.162
2008-09-28,25.238,0.005,54.33,1.83
2008-09-29,25.623,0.101,56.89,1.323
2008-09-30,25.654,0.285,59.19,0.899
2008-10-01,25.595,0.787,62.11,0.96
2008-10-02,25.885,0.972,64.02,0.75
2008-10-03,25.77,2.956,66.22,0.549
2008-10-04,24.667,6.848,74.35,0.763
2008-10-05,24.507,8.194,76.81,0.581
2008-10-06,24.624,4.783,76.0,0.7
2008-10-07,24.462,8.042,77.45,0.871
2008-10-08,24.771,6.385,77.25,0.943
2008-10-09,24.826,4.953,76.88,0.768
2008-10-10,25.228,0.608,69.94,1.525
2008-10-11,24.294,12.795,76.6,1.634
2008-10-12,22.991,3.249,83.29,1.815
2008-10-13,23.11,3.191,84.69,1.99
2008-10-14,22.399,7.606,91.02,1.797
2008-10-15,23.283,6.847,83.96,2.136
2008-10-16,23.013,2.455,84.75,2.006
2008-10-17,23.539,3.135,83.18,2.107
2008-10-18,23.333,5.657,84.9,1.951
2008-10-19,23.504,5.386,83.2,1.797
2008-10-20,23.032,8.875,85.74,1.718
2008-10-21,22.753,14.098,89.3,2.082
2008-10-22,21.675,18.547,95.94,1.567
2008-10-23,23.13,7.323,87.19,0.495
2008-10-24,22.797,5.805,87.46,0.629
2008-10-25,23.218,8.269,86.68,0.354
2008-10-26,22.969,3.3,81.79,1.172
2008-10-27,22.255,0.0,58.94,1.707
2008-10-28,21.761,0.001,58.56,1.429
2008-10-29,22.365,0.0,60.96,0.616
2008-10-30,22.329,0.002,64.38,0.988
2008-10-31,22.417,0.001,60.02,1.3
2008-11-01,22.064,0.002,58.73,1.214
2008-11-02,22.165,0.0,55.0,1.001
2008-11-03,22.336,0.0,54.9,1.087
2008-11-04,22.645,0.0,55.71,1.091
2008-11-05,22.882,0.0,61.26,1.083
2008-11-06,22.555,0.002,62.39,1.605
2008-11-07,22.713,0.0,60.87,1.772
2008-11-08,23.11,0.001,60.84,1.723
2008-11-09,23.948,0.005,61.15,1.639
2008-11-10,23.895,1.075,73.12,2.311
2008-11-11,23.698,0.005,64.85,2.215
2008-11-12,23.167,0.0,57.47,2.006
2008-11-13,23.49,0.001,60.79,1.448
2008-11-14,23.565,0.001,57.23,2.133
2008-11-15,25.116,0.097,51.14,2.334
2008-11-16,24.914,0.351,61.44,0.995
2008-11-17,24.491,0.51,70.36,2.325
2008-11-18,24.15,1.752,75.37,2.324
2008-11-19,23.684,0.304,75.08,2.385
2008-11-20,23.216,2.617,80.79,1.885
2008-11-21,24.04,0.42,68.77,2.312
2008-11-22,21.461,20.323,92.99,2.364
2008-11-23,21.686,7.951,90.67,2.657
2008-11-24,22.772,1.454,78.94,2.838
2008-11-25,21.879,3.673,77.99,3.423
2008-11-26,20.548,30.282,86.25,4.245
2008-11-27,19.565,55.027,95.48,3.169
2008-11-28,20.578,8.919,95.63,1.941
2008-11-29,22.039,5.414,91.04,1.94
2008-11-30,22.131,2.941,88.94,2.021
2008-12-01,22.556,1.648,85.11,1.715
2008-12-02,22.455,1.421,81.96,1.624
2008-12-03,21.259,0.063,76.41,1.452
2008-12-04,20.899,0.001,76.48,1.683
2008-12-05,21.329,0.028,74.21,1.992
2008-12-06,21.271,0.002,74.91,1.991
2008-12-07,21.09,0.001,72.86,1.809
2008-12-08,21.289,1.346,84.76,1.876
2008-12-09,21.329,1.785,83.91,2.103
2008-12-10,21.884,1.602,85.69,1.607
2008-12-11,21.39,0.005,73.98,1.567
2008-12-12,21.383,0.045,74.45,1.679
2008-12-13,21.99,0.205,74.62,2.07
2008-12-14,21.259,0.023,71.31,2.334
2008-12-15,20.518,1.065,75.55,2.125
2008-12-16,21.091,0.125,75.82,2.566
2008-12-17,21.061,0.125,72.4,3.129
2008-12-18,20.933,0.097,70.99,3.085
2008-12-19,19.949,0.016,74.47,2.206
2008-12-20,19.74,0.003,70.98,1.474
2008-12-21,19.906,0.018,67.31,1.471
2008-12-22,19.872,0.0,64.9,1.846
2008-12-23,20.294,0.001,67.71,2.093
2008-12-24,21.003,0.541,77.11,1.882
2008-12-25,21.749,0.012,69.39,1.981
2008-12-26,20.994,0.03,67.14,1.26
2008-12-27,21.103,0.001,57.13,1.461
2008-12-28,20.337,0.0,52.95,1.487
2008-12-29,19.733,0.0,51.49,1.88
2008-12-30,19.282,0.0,58.12,1.677
2008-12-31,19.519,0.001,55.97,1.781
2009-01-01,20.63,0.004,59.09,1.855
2009-01-02,21.012,0.013,62.55,1.965
2009-01-03,20.696,0.002,60.68,2.05
2009-01-04,20.827,0.002,61.73,1.953
2009-01-05,20.676,0.002,60.47,1.619
2009-01-06,20.923,0.003,57.76,1.612
2009-01-07,20.087,1.313,67.69,1.672
2009-01-08,21.332,1.777,80.44,2.496
2009-01-09,21.582,0.042,68.0,2.4
2009-01-10,21.347,0.033,65.63,2.758
2009-01-11,21.289,0.014,66.26,2.437
2009-01-12,20.628,0.005,59.33,2.472
2009-01-13,20.306,0.127,63.58,3.194
2009-01-14,20.358,0.695,64.5,3.228
2009-01-15,21.339,0.037,65.11,2.894
2009-01-16,20.446,0.407,64.59,2.478
2009-01-17,20.092,0.012,60.84,2.18
2009-01-18,20.133,0.02,62.95,1.883
2009-01-19,20.354,0.002,49.15,2.162
2009-01-20,20.306,0.0,58.96,1.973
2009-01-21,20.749,0.001,51.55,1.674
2009-01-22,21.262,0.001,51.05,1.633
2009-01-23,21.593,0.001,48.81,1.715
2009-01-24,21.376,0.004,48.52,1.809
2009-01-25,21.44,0.002,50.6,1.802
2009-01-26,22.449,0.015,63.19,1.604
2009-01-27,23.914,0.039,66.06,1.152
2009-01-28,24.478,0.064,62.9,1.397
2009-01-29,24.105,0.019,55.07,1.804
2009-01-30,23.428,0.009,35.13,1.565
2009-01-31,23.282,0.0,39.75,1.72
2009-02-01,23.36,0.001,41.01,1.655
2009-02-02,23.717,0.001,44.24,1.679
2009-02-03,24.198,0.001,47.11,1.862
2009-02-04,24.203,0.0,49.54,1.555
2009-02-05,24.209,0.001,46.87,1.61
2009-02-06,23.94,0.001,45.0,1.954
2009-02-07,23.455,0.0,48.17,2.171
2009-02-08,23.08,0.005,50.22,2.217
2009-02-09,22.658,0.0,49.73,2.188
2009-02-10,22.738,0.0,43.24,1.868
2009-02-11,23.446,0.001,37.51,1.124
2009-02-12,24.372,0.0,41.12,1.078
2009-02-13,24.927,0.003,41.93,1.052
2009-02-14,24.696,0.002,40.33,1.479
2009-02-15,24.595,0.001,37.32,1.667
2009-02-16,23.617,0.0,40.25,2.176
2009-02-17,22.259,0.002,47.94,2.348
2009-02-18,23.184,0.0,46.16,2.012
2009-02-19,23.817,0.0,38.52,2.328
2009-02-20,23.165,0.0,53.81,2.358
2009-02-21,24.66,0.002,57.48,2.194
2009-02-22,25.494,0.0,55.32,2.191
2009-02-23,26.136,0.001,48.94,1.721
2009-02-24,27.256,0.001,40.38,0.909
2009-02-25,28.118,0.001,39.34,1.135
2009-02-26,27.931,0.002,37.59,1.72
2009-02-27,26.931,0.001,33.25,1.857
2009-02-28,27.175,0.001,25.05,1.326
2009-03-01,28.24,0.001,25.89,1.533
2009-03-02,27.261,0.002,30.3,1.783
2009-03-03,26.954,0.0,31.76,1.633
2009-03-04,27.388,0.002,29.29,1.178
2009-03-05,27.433,0.001,28.23,0.996
2009-03-06,27.987,0.0,26.61,1.35
2009-03-07,27.485,0.002,30.55,2.101
2009-03-08,25.974,0.001,30.0,1.861
2009-03-09,22.491,1.295,55.38,2.249
2009-03-10,21.513,7.704,74.08,2.578
2009-03-11,23.474,1.53,75.75,1.634
2009-03-12,25.203,2.221,69.15,1.088
2009-03-13,25.819,0.006,50.5,1.731
2009-03-14,25.746,0.047,54.95,1.763
2009-03-15,26.009,0.002,50.45,1.144
2009-03-16,26.149,0.004,43.67,1.554
2009-03-17,26.2,0.002,45.3,1.619
2009-03-18,26.953,0.001,43.36,1.444
2009-03-19,27.036,0.002,38.26,1.677
2009-03-20,27.384,0.0,37.45,1.401
2009-03-21,27.488,0.287,46.19,0.79
2009-03-22,26.94,0.502,53.55,1.591
2009-03-23,26.234,0.01,48.83,2.074
2009-03-24,26.326,0.146,51.91,0.929
2009-03-25,26.498,0.005,47.13,1.438
2009-03-26,26.336,1.544,55.21,0.802
2009-03-27,27.489,0.061,51.4,1.001
2009-03-28,27.194,0.003,50.08,1.738
2009-03-29,26.836,0.009,44.67,2.032
2009-03-30,27.222,0.0,40.97,1.77
2009-03-31,27.694,0.002,37.19,1.809
2009-04-01,28.02,0.0,38.87,1.77
2009-04-02,27.797,0.003,37.65,2.057
2009-04-03,27.814,0.001,36.56,2.071
2009-04-04,27.681,0.0,38.0,2.126
2009-04-05,27.724,0.001,39.37,1.567
2009-04-06,28.783,0.001,44.54,1.73
2009-04-07,28.486,0.001,44.84,2.232
2009-04-08,28.476,0.01,43.66,1.769
2009-04-09,27.352,0.024,52.54,2.582
2009-04-10,26.803,0.02,54.92,2.127
2009-04-11,27.775,0.053,43.72,1.84
2009-04-12,27.646,0.012,43.42,0.765
2009-04-13,29.249,0.002,38.32,0.393
2009-04-14,29.635,0.002,39.92,0.606
2009-04-15,30.382,0.005,39.47,0.475
2009-04-16,30.497,0.005,41.03,1.126
2009-04-17,29.64,0.441,46.92,1.366
2009-04-18,30.723,0.012,43.38,1.319
2009-04-19,29.726,0.443,51.39,0.733
2009-04-20,27.589,19.655,67.46,2.071
2009-04-21,27.926,1.659,61.6,1.924
2009-04-22,27.046,6.705,67.16,1.684
2009-04-23,27.78,1.341,59.94,1.454
2009-04-24,28.579,1.195,55.42,0.8
2009-04-25,27.351,4.385,64.45,0.48
2009-04-26,28.171,0.54,55.91,0.567
2009-04-27,28.559,0.003,47.19,1.091
2009-04-28,28.57,0.012,47.51,0.942
2009-04-29,28.767,0.002,43.77,0.642
2009-04-30,29.216,0.001,42.61,0.506
2009-05-01,29.068,0.016,48.51,1.844
2009-05-02,30.039,0.037,43.16,0.606
2009-05-03,28.802,2.412,53.13,1.762
2009-05-04,28.235,3.239,56.71,1.74
2009-05-05,27.96,1.403,56.48,1.865
2009-05-06,28.004,2.457,57.24,1.619
2009-05-07,29.633,0.111,46.84,0.41
2009-05-08,29.387,0.575,50.88,1.074
2009-05-09,27.7,7.76,63.84,2.019
2009-05-10,27.887,3.982,63.57,2.077
2009-05-11,29.562,0.008,47.91,1.624
2009-05-12,30.181,0.009,46.03,1.378
2009-05-13,29.682,0.008,47.04,2.962
2009-05-14,29.221,0.142,48.09,3.124
2009-05-15,27.282,16.542,64.99,1.88
2009-05-16,26.923,4.541,69.51,1.493
2009-05-17,26.767,7.871,70.77,1.205
2009-05-18,26.168,17.416,75.65,1.279
2009-05-19,25.556,28.938,79.64,2.04
2009-05-20,25.447,28.546,78.68,2.55
2009-05-21,25.489,15.165,78.61,2.218
2009-05-22,25.554,10.901,76.86,2.789
2009-05-23,26.224,2.796,74.62,3.84
2009-05-24,25.618,8.726,76.29,4.143
2009-05-25,26.293,0.111,71.02,3.728
2009-05-26,26.702,0.106,66.64,2.601
2009-05-27,26.039,2.109,69.58,2.437
2009-05-28,26.34,3.272,70.87,2.441
2009-05-29,25.888,13.039,77.95,2.587
2009-05-30,25.749,13.578,78.29,1.991
2009-05-31,25.244,10.915,81.26,2.246
2009-06-01,25.507,3.882,75.41,2.974
2009-06-02,26.122,0.121,67.84,3.293
2009-06-03,26.339,0.122,66.25,3.869
2009-06-04,26.464,0.005,63.88,4.4
2009-06-05,25.641,0.805,69.43,4.743
2009-06-06,23.378,4.803,80.61,4.572
2009-06-07,24.72,0.608,70.27,5.215
2009-06-08,25.386,1.343,69.24,4.394
2009-06-09,25.778,0.053,67.76,3.577
2009-06-10,26.773,0.719,64.07,3.047
2009-06-11,25.044,18.997,75.94,2.412
2009-06-12,25.351,9.14,74.14,2.397
2009-06-13,25.246,8.499,77.1,2.199
2009-06-14,25.317,2.657,75.41,2.559
2009-06-15,24.911,0.779,72.99,3.525
2009-06-16,25.661,0.096,67.57,3.308
2009-06-17,25.652,2.429,72.48,3.321
2009-06-18,25.509,15.174,76.64,2.528
2009-06-19,25.113,3.811,75.59,2.668
2009-06-20,25.116,4.338,73.61,2.927
2009-06-21,25.574,0.223,66.11,3.416
2009-06-22,25.157,3.152,71.84,3.662
2009-06-23,26.006,0.3,65.05,4.153
2009-06-24,26.038,0.62,65.99,4.037
2009-06-25,25.476,1.849,69.17,4.296
2009-06-26,24.189,4.155,74.13,4.565
2009-06-27,24.96,2.668,69.93,4.044
2009-06-28,25.347,2.048,68.98,3.695
2009-06-29,25.415,6.056,72.21,3.09
2009-06-30,25.402,6.838,73.53,3.481
2009-07-01,24.912,0.574,68.82,5.082
2009-07-02,24.404,3.973,72.16,5.201
2009-07-03,23.891,2.791,75.63,5.223
2009-07-04,23.875,7.078,76.05,5.04
2009-07-05,23.221,5.835,82.37,4.35
2009-07-06,23.419,4.581,80.58,4.754
2009-07-07,22.911,9.232,82.12,4.549
2009-07-08,22.852,11.45,83.54,4.073
2009-07-09,23.405,3.201,77.41,4.505
2009-07-10,24.375,0.393,71.47,4.167
2009-07-11,24.693,0.746,69.35,4.743
2009-07-12,25.145,0.042,65.57,5.349
2009-07-13,24.369,2.454,70.51,5.967
2009-07-14,24.691,0.6,69.29,5.982
2009-07-15,24.054,8.933,75.5,5.53
2009-07-16,23.951,4.268,77.31,4.825
2009-07-17,23.941,4.143,76.92,4.921
2009-07-18,22.878,10.129,81.9,4.563
2009-07-19,22.45,8.064,83.79,4.993
2009-07-20,23.922,0.196,71.68,5.587
2009-07-21,24.627,0.073,66.55,5.665
2009-07-22,24.569,0.096,66.93,5.291
2009-07-23,25.103,0.046,65.46,4.673
2009-07-24,25.359,0.003,63.91,4.111
2009-07-25,25.347,0.005,64.73,4.025
2009-07-26,25.534,0.05,60.32,4.086
2009-07-27,25.141,0.556,66.4,4.456
2009-07-28,25.191,0.05,64.89,4.391
2009-07-29,24.443,9.984,76.06,3.413
2009-07-30,24.408,3.883,74.1,3.676
2009-07-31,24.313,4.257,75.63,3.909
2009-08-01,24.667,3.161,73.25,4.053
2009-08-02,25.331,0.216,64.95,4.385
2009-08-03,25.343,0.088,63.7,4.279
2009-08-04,25.174,0.23,64.35,4.72
2009-08-05,25.231,0.08,63.58,4.569
2009-08-06,25.526,0.173,63.73,4.564
2009-08-07,25.661,0.123,62.77,4.327
2009-08-08,25.473,0.397,65.92,4.203
2009-08-09,25.846,0.319,64.93,4.153
2009-08-10,25.551,0.523,66.03,4.299
2009-08-11,25.824,0.264,63.72,3.7
2009-08-12,26.076,0.893,65.76,3.595
2009-08-13,26.7,0.142,61.23,3.49
2009-08-14,26.193,4.613,68.48,2.265
2009-08-15,24.374,11.595,79.46,1.962
2009-08-16,24.55,18.622,78.68,1.922
2009-08-17,22.427,19.512,91.33,1.71
2009-08-18,24.381,1.382,77.98,0.823
2009-08-19,24.822,3.405,79.06,1.59
2009-08-20,24.647,2.095,78.24,1.495
2009-08-21,24.058,9.464,82.07,1.143
2009-08-22,24.192,5.852,78.48,2.288
2009-08-23,23.984,7.863,78.83,3.393
2009-08-24,23.391,1.323,75.31,4.574
2009-08-25,23.657,1.285,74.2,4.455
2009-08-26,24.33,0.23,70.88,4.448
2009-08-27,24.524,0.058,68.18,4.106
2009-08-28,24.889,0.138,66.59,3.951
2009-08-29,25.095,0.138,66.09,3.778
2009-08-30,25.172,0.287,67.92,3.467
2009-08-31,24.007,5.037,77.21,3.336
2009-09-01,22.604,23.865,88.95,3.496
2009-09-02,23.323,3.164,79.0,4.266
2009-09-03,23.953,3.383,75.95,4.912
2009-09-04,24.311,2.525,73.13,5.386
2009-09-05,24.314,2.269,73.24,5.573
2009-09-06,24.167,2.951,74.31,4.649
2009-09-07,24.605,0.759,71.2,4.342
2009-09-08,24.669,0.056,66.81,4.101
2009-09-09,24.964,0.019,65.15,3.53
2009-09-10,25.093,0.011,64.77,2.739
2009-09-11,25.672,0.352,66.3,1.341
2009-09-12,25.572,5.769,74.76,1.013
2009-09-13,25.3,22.558,78.4,1.033
2009-09-14,24.9,9.959,79.27,2.143
2009-09-15,24.811,2.388,77.67,2.533
2009-09-16,24.363,27.184,81.52,1.629
2009-09-17,24.5,25.846,81.43,1.204
2009-09-18,24.357,29.512,82.61,0.672
2009-09-19,24.229,16.775,82.47,1.976
2009-09-20,23.939,20.509,84.69,1.409
2009-09-21,24.264,9.33,83.76,0.738
2009-09-22,23.935,5.997,84.67,0.934
2009-09-23,24.451,3.821,79.24,2.178
2009-09-24,24.723,1.009,76.39,2.898
2009-09-25,24.451,1.251,76.95,3.21
2009-09-26,24.939,1.077,74.72,2.864
2009-09-27,24.4,1.881,78.68,3.041
2009-09-28,24.306,3.309,77.26,3.501
2009-09-29,24.131,1.812,73.76,4.798
2009-09-30,23.915,0.344,69.28,5.234
2009-10-01,22.882,0.799,76.63,5.537
2009-10-02,23.987,0.373,72.35,5.358
2009-10-03,23.678,1.383,77.94,4.947
2009-10-04,24.447,0.181,69.9,4.858
2009-10-05,24.459,0.072,67.8,4.661
2009-10-06,24.811,0.18,67.77,3.696
2009-10-07,24.636,0.032,66.85,3.088
2009-10-08,24.404,0.379,69.38,2.322
2009-10-09,24.862,0.743,70.73,1.1
2009-10-10,24.924,1.355,73.32,0.382
2009-10-11,24.196,8.11,79.24,0.083
2009-10-12,23.556,9.166,81.22,0.532
2009-10-13,24.394,0.502,73.01,0.115
2009-10-14,24.295,2.996,74.32,0.641
2009-10-15,24.569,0.24,64.97,1.139
2009-10-16,24.705,0.003,58.19,1.008
2009-10-17,25.023,0.009,59.1,1.045
2009-10-18,25.823,0.023,59.43,1.044
2009-10-19,25.481,0.001,54.32,1.16
2009-10-20,25.816,0.0,51.42,1.435
2009-10-21,25.789,0.0,50.52,1.484
2009-10-22,25.556,0.003,43.79,1.433
2009-10-23,25.184,0.001,42.78,1.006
2009-10-24,25.006,0.001,50.44,0.609
2009-10-25,25.247,0.03,57.65,1.113
2009-10-26,25.555,0.002,54.0,1.97
2009-10-27,24.94,0.08,65.92,1.944
2009-10-28,23.896,7.959,79.86,2.511
2009-10-29,23.121,3.667,84.62,2.266
2009-10-30,23.829,1.005,75.27,2.492
2009-10-31,23.857,0.577,69.4,2.101
2009-11-01,24.29,0.015,60.4,2.592
2009-11-02,23.855,0.122,63.35,2.738
2009-11-03,23.344,1.383,74.77,2.905
2009-11-04,23.415,2.707,76.54,2.96
2009-11-05,22.121,2.571,88.27,2.514
2009-11-06,21.951,12.027,91.2,2.224
2009-11-07,21.482,16.079,97.58,2.643
2009-11-08,21.409,16.89,97.2,2.756
2009-11-09,21.711,5.495,93.76,2.912
2009-11-10,21.195,17.921,96.33,2.112
2009-11-11,22.995,0.807,84.24,1.032
2009-11-12,24.108,5.208,82.72,0.643
2009-11-13,23.301,2.705,85.88,1.696
2009-11-14,22.12,8.461,91.06,1.87
2009-11-15,21.683,7.734,93.9,1.636
2009-11-16,22.745,1.108,84.14,1.352
2009-11-17,22.755,10.77,86.84,0.506
2009-11-18,22.553,10.877,88.06,0.269
2009-11-19,22.75,6.303,86.84,0.796
2009-11-20,23.19,3.406,85.79,1.343
2009-11-21,22.467,5.813,87.05,1.437
2009-11-22,22.831,1.652,83.22,1.685
2009-11-23,22.885,1.646,82.85,1.76
2009-11-24,22.543,4.534,86.05,1.148
2009-11-25,23.09,0.342,78.81,1.581
2009-11-26,22.82,0.067,73.46,1.468
2009-11-27,21.629,0.036,73.29,1.893
2009-11-28,21.182,0.003,72.85,1.983
2009-11-29,21.684,0.002,69.23,1.763
2009-11-30,22.192,0.013,72.78,1.763
2009-12-01,22.323,2.158,68.91,1.887
2009-12-02,22.32,4.731,84.52,1.991
2009-12-03,22.625,5.355,84.76,1.513
2009-12-04,22.405,6.918,86.16,1.494
2009-12-05,21.545,0.134,72.52,1.649
2009-12-06,20.181,0.001,72.88,1.456
2009-12-07,20.326,0.002,70.56,1.479
2009-12-08,20.777,0.001,72.25,1.792
2009-12-09,20.862,0.019,70.27,2.31
2009-12-10,20.705,0.002,67.89,2.355
2009-12-11,21.653,0.025,64.81,2.678
2009-12-12,21.895,0.998,77.21,2.529
2009-12-13,22.095,1.479,78.4,2.596
2009-12-14,21.943,0.828,73.31,2.362
2009-12-15,21.854,3.999,83.29,2.932
2009-12-16,21.465,9.196,88.03,1.963
2009-12-17,19.955,10.488,90.72,1.597
2009-12-18,21.496,0.745,83.42,1.841
2009-12-19,22.287,0.181,76.54,2.512
2009-12-20,22.31,0.426,77.55,2.871
2009-12-21,21.494,3.412,84.95,3.074
2009-12-22,21.475,2.004,82.92,2.83
2009-12-23,21.709,0.087,76.89,2.549
2009-12-24,21.84,0.031,71.45,2.597
2009-12-25,21.525,0.017,71.65,2.054
2009-12-26,21.52,0.063,74.59,1.942
2009-12-27,21.982,0.217,71.9,1.789
2009-12-28,21.263,1.201,78.82,1.673
2009-12-29,21.542,0.08,74.95,2.287
2009-12-30,21.837,0.01,71.74,1.632
2009-12-31,22.469,1.048,77.04,1.428
2010-01-01,21.833,0.004,71.42,2.359
2010-01-02,21.408,0.009,68.0,2.229
2010-01-03,21.478,0.043,68.34,1.524
2010-01-04,21.427,0.006,59.17,1.285
2010-01-05,21.591,0.001,58.35,1.471
2010-01-06,21.423,0.0,62.94,2.188
2010-01-07,20.983,0.007,67.04,1.951
2010-01-08,21.739,1.963,68.56,1.879
2010-01-09,22.383,1.298,79.9,1.86
2010-01-10,22.69,1.17,79.58,1.791
2010-01-11,23.491,0.238,74.43,1.803
2010-01-12,23.807,1.022,74.25,1.198
2010-01-13,23.591,2.65,78.43,1.369
2010-01-14,23.693,0.176,72.35,2.37
2010-01-15,22.051,0.022,65.69,2.582
2010-01-16,21.224,0.009,66.81,2.496
2010-01-17,22.345,0.036,66.28,2.457
2010-01-18,23.037,0.28,68.7,1.782
2010-01-19,22.546,1.211,73.27,1.999
2010-01-20,22.224,0.034,65.52,1.977
2010-01-21,21.488,0.0,58.81,1.945
2010-01-22,21.184,0.001,53.81,1.865
2010-01-23,20.748,0.001,53.78,2.227
2010-01-24,21.596,0.175,54.67,1.853
2010-01-25,22.504,0.068,59.61,2.103
2010-01-26,22.657,0.053,60.91,2.348
2010-01-27,22.801,0.055,62.32,2.461
2010-01-28,22.583,0.029,60.41,2.547
2010-01-29,22.356,0.005,59.26,2.255
2010-01-30,22.714,0.003,54.36,1.997
2010-01-31,22.803,0.003,55.48,1.842
2010-02-01,22.452,0.002,57.04,1.855
2010-02-02,21.859,0.004,52.47,2.32
2010-02-03,21.917,0.004,43.96,2.147
2010-02-04,21.703,0.002,47.86,2.128
2010-02-05,21.294,0.002,51.48,2.237
2010-02-06,21.671,0.002,51.04,2.604
2010-02-07,21.799,0.003,55.94,2.214
2010-02-08,22.891,0.0,43.43,1.929
2010-02-09,23.748,0.001,45.88,1.313
2010-02-10,24.212,0.003,57.57,1.819
2010-02-11,24.804,0.003,55.35,2.001
2010-02-12,25.06,0.014,60.69,2.088
2010-02-13,25.019,0.037,58.61,2.088
2010-02-14,25.815,0.006,52.72,1.554
2010-02-15,24.928,0.004,53.6,1.993
2010-02-16,24.34,0.005,51.37,1.92
2010-02-17,25.106,0.006,53.92,1.681
2010-02-18,26.162,0.006,46.84,1.755
2010-02-19,25.676,0.0,51.16,1.645
2010-02-20,25.905,0.001,45.71,1.839
2010-02-21,25.873,0.0,52.74,1.84
2010-02-22,26.609,0.002,50.43,1.934
2010-02-23,26.798,0.014,45.49,1.547
2010-02-24,26.813,0.564,52.3,0.584
2010-02-25,27.388,0.104,47.92,1.12
2010-02-26,26.944,0.067,53.36,1.371
2010-02-27,27.285,0.0,44.38,1.789
2010-02-28,26.737,0.001,36.82,1.789
2010-03-01,26.086,0.002,33.73,1.987
2010-03-02,25.878,0.0,29.72,1.476
2010-03-03,26.605,0.002,30.26,0.861
2010-03-04,27.234,0.0,32.81,1.033
2010-03-05,28.199,0.0,36.64,0.849
2010-03-06,28.958,0.118,45.76,0.655
2010-03-07,29.443,0.007,47.26,0.833
2010-03-08,28.451,0.001,47.78,2.144
2010-03-09,26.992,0.002,40.88,2.309
2010-03-10,26.691,0.0,46.4,2.262
2010-03-11,26.771,0.003,50.73,2.734
2010-03-12,26.091,0.035,49.93,2.294
2010-03-13,26.652,0.002,44.37,2.026
2010-03-14,27.658,0.003,42.41,1.344
2010-03-15,28.872,0.011,40.03,1.671
2010-03-16,28.231,0.011,43.97,1.847
2010-03-17,27.308,0.0,41.27,2.502
2010-03-18,26.108,0.001,42.36,2.507
2010-03-19,26.934,0.0,38.4,1.891
2010-03-20,27.965,0.001,28.58,1.624
2010-03-21,28.436,0.0,26.2,2.056
2010-03-22,28.349,0.0,24.14,1.322
2010-03-23,28.371,0.001,28.61,1.579
2010-03-24,27.918,0.0,35.34,1.619
2010-03-25,27.832,0.003,42.58,1.949
2010-03-26,28.243,0.004,46.19,1.605
2010-03-27,29.268,0.002,46.77,1.19
2010-03-28,29.159,0.064,49.82,1.707
2010-03-29,29.555,0.006,45.53,0.895
2010-03-30,29.419,1.047,50.83,0.902
2010-03-31,28.193,2.899,58.56,1.672
2010-04-01,29.996,0.003,39.93,0.669
2010-04-02,30.318,0.004,41.26,0.789
2010-04-03,29.767,0.002,45.53,1.947
2010-04-04,29.069,0.0,43.34,2.0
2010-04-05,29.433,0.001,41.72,1.699
2010-04-06,29.54,0.002,43.73,1.828
2010-04-07,29.42,0.007,46.02,2.267
2010-04-08,28.008,0.257,59.47,2.209
2010-04-09,29.792,0.002,43.77,1.14
2010-04-10,30.594,0.002,37.34,1.057
2010-04-11,31.005,0.008,40.0,1.418
2010-04-12,30.984,0.111,42.33,0.305
2010-04-13,30.542,0.653,47.03,0.454
2010-04-14,29.281,2.124,56.38,0.573
2010-04-15,29.948,0.196,53.05,1.782
2010-04-16,29.353,0.042,50.0,1.639
2010-04-17,29.516,0.125,52.7,1.488
2010-04-18,29.772,0.339,51.17,0.664
2010-04-19,28.735,3.449,59.04,1.591
2010-04-20,28.636,3.635,61.5,1.613
2010-04-21,28.808,1.785,59.12,1.41
2010-04-22,28.906,3.476,60.6,0.179
2010-04-23,29.94,0.038,49.74,1.361
2010-04-24,29.249,0.556,55.29,0.069
2010-04-25,29.456,0.82,54.03,0.76
2010-04-26,29.496,0.545,55.32,1.736
2010-04-27,29.63,0.409,52.27,1.012
2010-04-28,29.816,0.075,50.26,1.116
2010-04-29,29.725,0.127,50.29,2.181
2010-04-30,27.398,14.301,65.8,0.774
2010-05-01,27.04,3.121,68.15,1.152
2010-05-02,27.88,3.755,63.96,0.102
2010-05-03,27.752,2.754,63.04,0.501
2010-05-04,27.55,4.484,66.38,1.003
2010-05-05,28.401,1.277,60.94,1.179
2010-05-06,29.769,0.167,54.64,0.057
2010-05-07,29.77,0.364,56.91,0.656
2010-05-08,28.519,6.14,63.54,0.15
2010-05-09,29.142,0.867,57.83,0.678
2010-05-10,30.264,0.027,49.8,0.236
2010-05-11,30.856,0.036,48.98,0.569
2010-05-12,30.995,0.237,50.03,0.48
2010-05-13,30.651,0.361,52.18,1.175
2010-05-14,29.785,2.587,57.43,1.167
2010-05-15,30.234,1.848,55.42,0.662
2010-05-16,28.946,5.05,62.88,1.368
2010-05-17,28.845,5.513,63.41,1.645
2010-05-18,27.671,17.667,68.63,2.615
2010-05-19,24.784,13.529,83.64,4.293
2010-05-20,25.184,2.891,79.87,4.685
2010-05-21,26.783,0.05,68.92,3.972
2010-05-22,27.786,0.261,63.09,3.035
2010-05-23,27.565,4.076,68.42,3.02
2010-05-24,27.993,2.361,66.88,3.79
2010-05-25,28.461,0.173,62.3,4.295
2010-05-26,28.257,0.531,62.49,4.466
2010-05-27,28.889,0.003,55.37,3.858
2010-05-28,28.991,0.158,55.9,3.289
2010-05-29,29.194,0.133,55.78,2.993
2010-05-30,27.541,9.644,66.75,2.988
2010-05-31,27.045,1.565,66.21,3.807
2010-06-01,28.411,2.957,57.49,2.793
2010-06-02,27.862,11.593,64.79,2.494
2010-06-03,27.58,11.871,70.08,2.086
2010-06-04,27.498,10.304,72.19,2.427
2010-06-05,26.753,2.316,70.84,3.445
2010-06-06,26.572,1.177,65.12,4.341
2010-06-07,25.185,6.391,75.12,3.971
2010-06-08,25.892,2.822,71.1,3.572
2010-06-09,25.682,2.161,74.56,2.495
2010-06-10,25.578,7.384,74.99,2.602
2010-06-11,24.268,1.98,75.99,4.022
2010-06-12,24.666,9.073,80.28,4.154
2010-06-13,24.751,3.309,77.63,4.333
2010-06-14,23.785,7.133,83.38,3.664
2010-06-15,24.858,0.413,76.45,3.832
2010-06-16,25.732,3.215,73.2,3.16
2010-06-17,25.572,2.809,73.48,3.346
2010-06-18,25.711,1.789,72.51,3.145
2010-06-19,25.398,4.322,75.45,2.678
2010-06-20,25.943,0.755,71.47,2.413
2010-06-21,26.767,0.668,66.48,2.587
2010-06-22,26.153,1.478,70.22,3.481
2010-06-23,25.902,0.521,68.63,4.284
2010-06-24,25.09,0.701,70.15,4.748
2010-06-25,24.665,2.29,73.39,5.002
2010-06-26,25.372,0.867,70.83,4.681
2010-06-27,26.086,0.742,69.69,3.642
2010-06-28,26.596,0.885,67.79,3.334
2010-06-29,26.396,5.517,68.96,3.19
2010-06-30,25.867,2.099,68.64,4.273
2010-07-01,24.398,14.083,77.97,4.062
2010-07-02,23.041,9.227,81.72,3.874
2010-07-03,24.195,7.291,79.19,3.704
2010-07-04,24.583,3.449,78.14,3.272
2010-07-05,24.56,4.346,76.92,3.721
2010-07-06,24.247,3.718,75.41,3.526
2010-07-07,23.939,6.596,78.96,2.711
2010-07-08,24.339,3.433,78.09,1.819
2010-07-09,24.647,8.358,79.79,1.268
2010-07-10,25.294,13.655,78.42,0.872
2010-07-11,25.669,3.482,75.85,1.733
2010-07-12,25.177,6.167,76.89,2.358
2010-07-13,25.0,3.181,73.99,3.025
2010-07-14,25.433,0.147,66.71,3.679
2010-07-15,25.258,0.63,70.45,3.623
2010-07-16,24.328,5.516,75.86,3.741
2010-07-17,24.424,1.628,75.22,3.793
2010-07-18,24.566,2.248,74.59,4.45
2010-07-19,23.936,7.222,78.43,4.893
2010-07-20,22.701,12.559,85.34,3.81
2010-07-21,23.32,7.642,82.64,3.756
2010-07-22,23.417,1.179,77.57,3.85
2010-07-23,24.517,0.22,69.32,4.362
2010-07-24,24.464,0.144,68.47,5.363
2010-07-25,24.024,0.767,69.75,5.644
2010-07-26,24.503,0.201,68.39,5.44
2010-07-27,25.039,0.277,67.65,5.043
2010-07-28,24.168,4.112,73.05,5.018
2010-07-29,23.624,1.773,76.88,4.799
2010-07-30,22.865,9.538,82.71,4.639
2010-07-31,24.387,0.281,69.85,4.93
2010-08-01,24.671,0.126,67.54,4.605
2010-08-02,24.953,0.157,67.54,4.439
2010-08-03,24.24,2.327,72.37,4.663
2010-08-04,23.913,4.09,75.1,4.249
2010-08-05,25.217,0.24,67.56,4.005
2010-08-06,25.011,0.818,68.51,3.789
2010-08-07,24.978,1.627,71.45,3.493
2010-08-08,25.302,1.87,70.7,3.708
2010-08-09,25.657,0.713,67.04,3.821
2010-08-10,26.118,0.025,61.52,3.765
2010-08-11,26.189,0.262,64.21,3.933
2010-08-12,25.723,1.953,70.8,2.905
2010-08-13,25.283,5.726,74.22,2.921
2010-08-14,25.275,3.926,73.96,2.921
2010-08-15,24.731,4.845,77.6,1.982
2010-08-16,24.526,5.53,77.5,2.935
2010-08-17,24.876,0.729,71.15,4.563
2010-08-18,24.438,2.331,72.17,3.971
2010-08-19,25.343,2.395,70.09,2.73
2010-08-20,24.409,11.965,80.57,1.531
2010-08-21,23.125,16.008,86.88,1.897
2010-08-22,23.496,7.935,82.25,3.219
2010-08-23,24.164,5.31,78.48,3.551
2010-08-24,23.195,18.102,85.72,3.801
2010-08-25,22.037,26.432,91.08,3.518
2010-08-26,23.766,2.13,78.87,3.843
2010-08-27,24.443,0.664,76.1,3.489
2010-08-28,24.891,1.429,77.15,3.233
2010-08-29,24.304,1.925,77.62,3.492
2010-08-30,23.305,10.225,81.75,3.739
2010-08-31,23.026,1.07,77.42,3.908
2010-09-01,24.312,0.051,68.14,4.008
2010-09-02,24.622,0.237,70.28,4.081
2010-09-03,24.097,0.402,73.62,3.741
2010-09-04,24.485,0.261,71.32,3.693
2010-09-05,24.044,1.261,74.32,3.633
2010-09-06,24.132,0.51,72.79,4.144
2010-09-07,24.451,0.433,72.21,4.313
2010-09-08,24.404,1.524,73.58,4.031
2010-09-09,24.658,1.336,73.18,3.26
2010-09-10,24.358,5.277,75.39,2.839
2010-09-11,23.658,4.69,79.05,2.732
2010-09-12,24.603,0.554,73.12,2.416
2010-09-13,23.927,7.11,77.74,3.102
2010-09-14,23.513,3.733,78.98,3.148
2010-09-15,24.2,1.224,75.51,3.463
2010-09-16,24.417,2.154,74.47,3.435
2010-09-17,24.24,1.625,73.6,3.433
2010-09-18,23.993,0.04,69.03,3.454
2010-09-19,24.525,0.048,66.43,2.455
2010-09-20,24.937,1.089,70.63,0.428
2010-09-21,24.292,10.882,81.21,0.416
2010-09-22,24.425,15.047,79.72,0.064
2010-09-23,24.91,2.274,77.39,0.626
2010-09-24,24.623,5.912,79.72,1.114
2010-09-25,24.224,5.657,81.8,0.638
2010-09-26,24.263,6.618,81.21,1.066
2010-09-27,23.737,4.524,83.19,1.956
2010-09-28,23.788,1.632,81.7,1.999
2010-09-29,23.804,6.649,83.76,1.165
2010-09-30,24.728,1.3,77.2,0.88
2010-10-01,23.939,9.902,83.07,0.822
2010-10-02,23.626,16.272,83.66,0.851
2010-10-03,23.458,3.922,84.85,1.187
2010-10-04,24.429,5.403,81.66,0.298
2010-10-05,24.605,5.275,81.07,1.204
2010-10-06,24.372,2.796,80.37,3.068
2010-10-07,24.163,8.679,81.41,2.297
2010-10-08,25.166,1.613,75.07,1.568
2010-10-09,24.344,6.743,81.5,1.972
2010-10-10,24.482,0.817,76.95,1.815
2010-10-11,24.976,0.031,65.76,2.57
2010-10-12,24.815,0.636,68.58,2.167
2010-10-13,24.189,3.598,75.89,2.139
2010-10-14,24.271,7.241,77.12,2.565
2010-10-15,23.549,0.515,75.08,3.697
2010-10-16,24.003,0.304,67.71,3.834
2010-10-17,24.119,0.186,68.45,2.829
2010-10-18,24.463,0.394,71.88,2.073
2010-10-19,25.004,0.493,71.77,1.464
2010-10-20,24.63,4.182,78.53,1.304
2010-10-21,24.432,6.619,79.76,1.714
2010-10-22,24.012,6.081,78.98,2.75
2010-10-23,23.384,3.583,82.06,2.799
2010-10-24,24.244,0.136,72.1,2.768
2010-10-25,24.786,0.731,72.69,1.505
2010-10-26,24.374,6.976,79.15,0.305
2010-10-27,23.265,7.62,86.2,0.319
2010-10-28,23.295,5.499,83.01,1.51
2010-10-29,23.116,1.97,81.16,1.99
2010-10-30,22.341,9.008,89.34,1.451
2010-10-31,22.173,4.393,88.41,1.389
2010-11-01,22.154,34.88,89.79,0.557
2010-11-02,22.715,8.225,86.35,0.602
2010-11-03,23.11,4.652,85.96,0.974
2010-11-04,22.913,4.99,84.75,1.046
2010-11-05,22.845,10.829,84.78,0.892
2010-11-06,23.339,0.314,73.95,1.397
2010-11-07,20.405,35.522,87.69,3.073
2010-11-08,21.845,1.767,86.25,1.118
2010-11-09,23.072,3.632,86.71,1.854
2010-11-10,22.652,7.112,87.33,0.935
2010-11-11,22.536,10.642,88.09,0.209
2010-11-12,23.52,0.619,80.57,0.429
2010-11-13,23.348,1.735,84.91,0.979
2010-11-14,23.123,0.605,82.22,1.385
2010-11-15,22.43,6.998,85.06,1.095
2010-11-16,21.997,17.909,87.15,2.56
2010-11-17,21.469,15.2,92.69,2.212
2010-11-18,22.224,3.88,88.05,1.771
2010-11-19,22.527,1.942,83.93,1.631
2010-11-20,22.615,5.313,80.88,1.132
2010-11-21,22.136,2.918,86.65,1.084
2010-11-22,22.475,0.958,83.27,1.482
2010-11-23,22.735,1.387,82.68,1.41
2010-11-24,22.29,0.956,82.39,1.807
2010-11-25,22.079,7.292,78.13,1.823
2010-11-26,21.274,4.679,83.67,1.362
2010-11-27,20.737,7.439,92.34,1.75
2010-11-28,21.211,0.523,83.38,2.348
2010-11-29,21.413,0.062,76.5,2.387
2010-11-30,22.146,0.083,77.62,2.61
2010-12-01,21.21,5.499,87.53,2.588
2010-12-02,21.631,6.636,87.35,2.442
2010-12-03,21.769,0.182,77.61,2.573
2010-12-04,20.722,0.576,72.18,2.287
2010-12-05,20.595,1.716,71.43,2.57
2010-12-06,20.4,1.026,71.39,2.861
2010-12-07,21.315,0.466,83.42,1.437
2010-12-08,22.752,0.559,79.16,1.299
2010-12-09,22.477,0.473,76.36,1.606
2010-12-10,22.454,0.004,71.99,1.366
2010-12-11,22.397,0.26,75.61,1.571
2010-12-12,22.329,0.646,75.46,0.589
2010-12-13,21.995,1.504,79.17,0.641
2010-12-14,22.049,2.269,82.99,1.018
2010-12-15,21.856,3.835,84.79,1.851
2010-12-16,20.826,2.536,88.92,1.654
2010-12-17,21.351,2.029,83.82,1.792
2010-12-18,20.827,0.086,75.84,1.891
2010-12-19,20.456,0.307,74.9,2.542
2010-12-20,20.611,3.16,86.19,2.73
2010-12-21,20.106,0.0,69.05,1.829
2010-12-22,18.842,0.002,58.94,1.256
2010-12-23,18.724,0.001,65.53,1.142
2010-12-24,18.49,0.003,69.85,1.306
2010-12-25,19.167,0.0,71.64,1.527
2010-12-26,19.488,0.001,68.66,1.681
2010-12-27,19.274,0.0,70.08,1.665
2010-12-28,19.394,2.458,77.41,1.857
2010-12-29,20.379,0.367,82.14,1.537
2010-12-30,20.751,0.112,74.35,1.37
2010-12-31,21.378,0.03,71.36,1.208
2011-01-01,22.569,0.024,69.33,0.954
2011-01-02,22.733,0.211,70.61,1.452
2011-01-03,21.891,1.334,76.67,2.543
2011-01-04,21.602,0.353,76.19,2.713
2011-01-05,21.158,0.372,77.38,2.518
2011-01-06,21.694,0.001,66.05,2.305
2011-01-07,22.078,0.005,67.66,1.95
2011-01-08,22.329,0.001,66.2,1.634
2011-01-09,22.207,0.001,57.17,1.629
2011-01-10,21.771,0.002,51.68,1.655
2011-01-11,20.531,0.001,44.43,1.585
2011-01-12,20.231,0.001,48.5,1.569
2011-01-13,20.226,0.001,51.65,1.858
2011-01-14,20.109,0.001,47.99,2.164
2011-01-15,21.101,0.003,62.36,2.108
2011-01-16,22.81,0.004,65.06,1.562
2011-01-17,23.26,0.001,61.61,1.168
2011-01-18,22.3,0.001,50.94,1.661
2011-01-19,21.873,0.002,42.86,1.4
2011-01-20,22.228,0.0,45.2,1.801
2011-01-21,22.032,0.003,54.54,2.274
2011-01-22,21.388,0.014,62.01,2.341
2011-01-23,20.896,0.004,62.49,2.679
2011-01-24,20.246,0.0,59.93,2.454
2011-01-25,20.23,0.005,63.15,2.373
2011-01-26,20.679,0.065,70.16,2.526
2011-01-27,21.333,0.002,53.55,2.143
2011-01-28,21.37,0.002,53.66,2.043
2011-01-29,21.87,0.001,51.36,2.369
2011-01-30,21.879,0.0,54.09,2.377
2011-01-31,22.167,0.0,52.37,2.303
2011-02-01,22.141,0.0,45.17,2.38
2011-02-02,21.78,0.001,47.17,2.714
2011-02-03,21.977,0.0,48.02,2.928
2011-02-04,21.728,0.002,43.99,2.238
2011-02-05,21.92,0.001,47.97,2.171
2011-02-06,21.538,0.0,42.26,2.097
2011-02-07,22.039,0.002,42.94,1.708
2011-02-08,22.514,0.002,36.19,1.514
2011-02-09,21.824,0.002,30.64,1.797
2011-02-10,21.95,0.002,27.74,1.942
2011-02-11,21.669,0.003,37.29,2.262
2011-02-12,21.721,0.003,33.99,2.028
2011-02-13,21.913,0.0,29.33,1.926
2011-02-14,22.272,0.0,39.44,1.835
2011-02-15,23.337,0.001,52.39,0.929
2011-02-16,24.572,0.001,53.59,0.601
2011-02-17,25.14,0.001,53.39,0.767
2011-02-18,25.422,0.003,56.31,1.198
2011-02-19,25.041,0.355,63.89,2.028
2011-02-20,25.265,0.246,63.02,2.119
2011-02-21,24.335,5.869,72.25,1.258
2011-02-22,22.98,5.421,78.2,1.813
2011-02-23,22.696,2.586,76.61,1.797
2011-02-24,23.348,1.781,72.59,1.54
2011-02-25,23.9,2.272,70.52,0.817
2011-02-26,23.478,5.963,75.3,1.191
2011-02-27,23.677,0.002,59.15,2.153
2011-02-28,23.157,0.001,54.46,2.388
2011-03-01,22.86,0.002,55.33,2.332
2011-03-02,23.018,0.001,44.12,2.076
2011-03-03,23.038,0.001,34.78,1.985
2011-03-04,24.06,0.001,37.34,1.556
2011-03-05,24.88,0.002,41.31,1.472
2011-03-06,24.925,0.0,32.89,1.786
2011-03-07,25.596,0.0,29.47,2.022
2011-03-08,27.467,0.002,31.57,1.652
2011-03-09,27.608,0.002,32.77,1.163
2011-03-10,26.979,0.0,29.8,1.721
2011-03-11,26.437,0.001,31.43,1.702
2011-03-12,25.916,0.009,46.55,2.308
2011-03-13,26.174,0.01,45.48,2.382
2011-03-14,26.013,0.001,38.28,2.258
2011-03-15,26.076,0.002,41.66,2.341
2011-03-16,25.883,0.0,40.92,2.535
2011-03-17,24.631,0.001,39.18,2.469
2011-03-18,24.311,0.0,40.28,2.086
2011-03-19,25.528,0.0,31.83,1.544
2011-03-20,26.712,0.001,37.33,1.004
2011-03-21,27.645,0.001,42.86,0.251
2011-03-22,28.193,0.001,41.64,1.418
2011-03-23,27.855,0.0,38.92,1.637
2011-03-24,27.856,0.004,36.44,0.864
2011-03-25,27.551,0.034,47.12,1.57
2011-03-26,26.367,2.702,60.44,0.349
2011-03-27,27.185,0.022,51.11,1.401
2011-03-28,27.759,0.023,48.1,1.143
2011-03-29,28.205,0.006,41.04,1.07
2011-03-30,28.245,0.001,35.07,1.205
2011-03-31,28.26,0.001,39.51,0.611
2011-04-01,29.015,0.007,38.96,0.544
2011-04-02,28.479,0.241,45.24,1.108
2011-04-03,27.654,0.762,52.19,1.311
2011-04-04,28.571,0.009,43.8,0.665
2011-04-05,28.156,0.071,46.63,0.958
2011-04-06,27.482,0.007,44.21,2.4
2011-04-07,26.679,0.002,46.6,2.008
2011-04-08,27.212,0.001,45.14,1.753
2011-04-09,27.726,0.012,48.75,1.999
2011-04-10,27.279,0.059,53.74,2.299
2011-04-11,27.444,0.04,53.2,2.069
2011-04-12,28.025,0.022,47.8,1.884
2011-04-13,28.628,0.187,47.68,1.653
2011-04-14,27.464,1.766,57.44,0.418
2011-04-15,27.436,2.268,57.8,0.294
2011-04-16,27.899,0.103,50.19,1.781
2011-04-17,28.167,0.018,49.14,1.73
2011-04-18,29.075,0.023,48.11,1.38
2011-04-19,28.337,3.753,55.39,0.374
2011-04-20,27.095,4.066,64.56,0.558
2011-04-21,25.352,29.16,76.99,1.16
2011-04-22,24.317,62.895,82.49,0.234
2011-04-23,23.029,38.454,88.26,0.505
2011-04-24,24.239,9.588,82.32,0.53
2011-04-25,25.188,1.484,76.75,0.604
2011-04-26,25.69,0.539,74.16,0.919
2011-04-27,26.086,0.153,68.94,0.9
2011-04-28,27.212,0.005,61.38,1.299
2011-04-29,26.798,1.276,68.5,1.855
2011-04-30,26.307,9.871,74.22,0.93
2011-05-01,26.568,4.059,70.61,0.812
2011-05-02,27.129,1.756,65.19,1.623
2011-05-03,26.683,9.456,72.67,2.016
2011-05-04,26.814,3.017,70.15,2.603
2011-05-05,27.911,0.009,55.35,2.134
2011-05-06,28.231,0.007,53.98,2.958
2011-05-07,27.427,-0.0,51.4,3.672
2011-05-08,26.439,0.002,49.38,2.664
2011-05-09,27.203,0.003,51.74,2.409
2011-05-10,27.196,0.003,54.25,2.296
2011-05-11,27.778,0.086,54.28,1.791
2011-05-12,27.378,0.83,60.76,1.693
2011-05-13,27.933,0.927,58.67,1.389
2011-05-14,26.551,11.964,72.04,1.603
2011-05-15,27.952,0.131,58.52,0.91
2011-05-16,28.55,0.037,51.53,0.497
2011-05-17,27.901,0.234,56.93,0.693
2011-05-18,27.684,0.541,61.31,1.121
2011-05-19,27.224,5.478,66.92,1.512
2011-05-20,26.819,3.506,70.48,1.723
2011-05-21,26.78,2.853,66.63,2.213
2011-05-22,27.576,0.048,56.18,2.018
2011-05-23,27.433,2.848,65.02,1.889
2011-05-24,27.278,4.47,68.47,1.623
2011-05-25,27.234,3.524,69.04,1.426
2011-05-26,27.19,5.234,67.14,1.349
2011-05-27,26.759,12.909,70.39,2.436
2011-05-28,26.029,11.805,74.55,2.88
2011-05-29,26.094,9.904,75.64,2.985
2011-05-30,26.814,3.658,70.82,2.392
2011-05-31,26.235,11.338,75.28,2.693
2011-06-01,25.848,11.078,76.62,2.135
2011-06-02,23.896,10.482,85.94,2.433
2011-06-03,24.351,2.871,79.77,3.324
2011-06-04,25.211,0.031,73.69,3.395
2011-06-05,25.483,1.633,74.06,3.342
2011-06-06,25.071,5.948,76.5,3.599
2011-06-07,25.677,0.181,69.43,3.666
2011-06-08,25.481,0.903,70.62,3.614
2011-06-09,25.954,0.224,67.77,3.513
2011-06-10,25.681,1.088,69.85,4.011
2011-06-11,25.44,0.914,68.82,4.311
2011-06-12,25.716,0.869,66.24,4.718
2011-06-13,25.265,1.843,68.7,4.775
2011-06-14,24.648,3.037,73.03,5.206
2011-06-15,23.863,0.341,74.14,4.696
2011-06-16,24.645,0.342,69.57,5.52
2011-06-17,24.219,3.069,73.69,5.021
2011-06-18,25.584,0.271,64.23,5.431
2011-06-19,25.708,0.022,62.11,5.08
2011-06-20,25.946,0.162,59.98,4.828
2011-06-21,26.131,0.0,56.48,4.636
2011-06-22,25.969,0.038,59.19,4.645
2011-06-23,25.608,0.542,66.02,3.972
2011-06-24,26.408,0.32,63.01,4.29
2011-06-25,25.491,5.103,69.6,4.48
2011-06-26,25.027,1.373,69.04,4.614
2011-06-27,24.596,6.178,73.13,4.897
2011-06-28,24.573,0.68,68.7,4.663
2011-06-29,25.465,0.031,63.75,3.986
2011-06-30,26.328,0.421,63.28,2.987
2011-07-01,25.201,8.387,73.42,3.34
2011-07-02,23.718,8.206,79.2,3.376
2011-07-03,24.303,4.58,76.1,3.467
2011-07-04,24.454,8.536,75.2,3.658
2011-07-05,23.907,4.395,78.53,3.268
2011-07-06,23.642,4.851,78.02,3.994
2011-07-07,24.917,0.183,69.38,3.558
2011-07-08,25.727,0.284,67.11,3.686
2011-07-09,26.227,0.139,62.96,3.336
2011-07-10,26.153,0.006,61.37,3.777
2011-07-11,24.858,4.673,71.53,4.19
2011-07-12,24.933,1.989,69.31,4.78
2011-07-13,24.927,0.126,65.86,4.914
2011-07-14,24.702,0.557,67.32,5.067
2011-07-15,24.459,1.697,72.16,5.241
2011-07-16,23.262,9.105,81.77,4.507
2011-07-17,23.993,4.315,76.1,4.85
2011-07-18,23.873,5.606,76.53,4.474
2011-07-19,24.238,5.799,76.0,4.633
2011-07-20,24.71,1.823,70.19,4.658
2011-07-21,24.775,0.457,68.03,4.998
2011-07-22,24.868,0.691,68.49,4.649
2011-07-23,24.624,0.586,68.88,4.722
2011-07-24,24.697,2.787,71.29,4.18
2011-07-25,24.185,5.627,76.11,3.522
2011-07-26,24.465,5.738,75.88,2.923
2011-07-27,24.753,4.331,73.13,3.88
2011-07-28,24.415,3.891,72.63,4.245
2011-07-29,23.665,6.032,76.77,4.074
2011-07-30,23.478,7.548,79.93,3.859
2011-07-31,23.245,5.659,79.9,4.27
2011-08-01,24.999,0.011,63.89,4.694
2011-08-02,23.271,9.367,78.71,4.247
2011-08-03,22.88,6.853,81.8,4.217
2011-08-04,23.805,2.888,75.9,4.189
2011-08-05,23.899,1.852,77.9,3.836
2011-08-06,24.3,0.423,73.65,4.484
2011-08-07,24.374,0.435,71.75,4.58
2011-08-08,24.571,0.757,71.76,3.949
2011-08-09,25.359,1.097,69.14,3.853
2011-08-10,25.45,0.309,67.39,3.632
2011-08-11,24.958,2.697,70.62,4.074
2011-08-12,24.643,1.094,70.54,4.18
2011-08-13,25.255,0.065,65.02,3.783
2011-08-14,25.627,0.26,63.7,2.973
2011-08-15,25.076,8.875,72.06,1.726
2011-08-16,24.039,14.127,80.71,2.522
2011-08-17,23.664,21.285,81.72,2.427
2011-08-18,22.53,10.828,86.09,3.115
2011-08-19,23.177,2.311,79.65,3.194
2011-08-20,23.295,5.494,80.04,3.072
2011-08-21,22.654,9.025,86.64,2.561
2011-08-22,24.024,5.998,79.49,2.207
2011-08-23,24.4,3.013,77.66,2.456
2011-08-24,23.969,5.653,78.71,3.065
2011-08-25,24.058,3.505,77.18,3.173
2011-08-26,24.726,0.739,72.25,3.591
2011-08-27,24.202,0.995,72.07,4.396
2011-08-28,24.802,0.712,66.18,5.165
2011-08-29,23.694,1.047,72.83,4.975
2011-08-30,23.769,2.642,76.69,4.333
2011-08-31,23.498,4.48,82.21,3.827
2011-09-01,22.772,11.695,85.86,4.262
2011-09-02,23.829,5.925,79.23,3.843
2011-09-03,23.467,2.406,78.59,4.231
2011-09-04,24.522,1.023,73.1,3.756
2011-09-05,24.765,0.067,69.67,3.752
2011-09-06,24.537,1.06,71.59,3.788
2011-09-07,24.631,0.362,70.06,4.293
2011-09-08,24.878,1.106,70.25,3.584
2011-09-09,24.95,1.935,71.62,3.319
2011-09-10,24.81,0.714,71.08,3.125
2011-09-11,24.846,0.611,70.99,3.37
2011-09-12,24.644,6.417,74.16,2.869
2011-09-13,24.267,6.147,77.7,3.069
2011-09-14,24.291,3.908,75.62,3.322
2011-09-15,24.085,3.932,77.93,3.782
2011-09-16,24.576,2.027,73.34,3.681
2011-09-17,24.881,0.382,69.45,3.307
2011-09-18,24.954,0.198,68.8,3.264
2011-09-19,24.976,1.532,71.56,2.967
2011-09-20,23.906,6.895,77.6,2.874
2011-09-21,24.492,0.317,68.13,3.801
2011-09-22,24.222,0.01,64.25,3.494
2011-09-23,24.15,0.001,57.6,2.783
2011-09-24,24.764,0.002,57.23,2.64
2011-09-25,25.757,0.042,58.08,2.056
2011-09-26,25.781,0.124,58.84,2.336
2011-09-27,25.889,0.234,59.6,2.223
2011-09-28,26.004,0.156,58.41,2.443
2011-09-29,26.085,0.218,59.97,2.153
2011-09-30,25.863,1.915,65.53,1.0
2011-10-01,25.03,5.18,71.68,0.826
2011-10-02,25.153,3.756,72.89,1.58
2011-10-03,24.803,7.902,77.23,1.166
2011-10-04,24.56,0.131,64.14,2.057
2011-10-05,25.498,0.081,55.91,1.004
2011-10-06,25.642,0.128,61.29,1.493
2011-10-07,25.637,0.499,64.04,1.124
2011-10-08,25.111,2.645,70.65,1.7
2011-10-09,24.643,17.789,76.92,1.157
2011-10-10,24.044,28.101,82.2,0.914
2011-10-11,23.624,15.32,83.77,0.574
2011-10-12,23.362,16.603,84.86,0.555
2011-10-13,23.503,6.937,84.87,0.38
2011-10-14,23.742,5.54,84.25,0.407
2011-10-15,24.134,8.595,84.19,0.289
2011-10-16,24.439,1.719,79.44,0.792
2011-10-17,24.426,1.347,78.17,0.526
2011-10-18,24.987,0.099,68.64,0.772
2011-10-19,25.43,0.086,65.34,0.528
2011-10-20,24.696,5.398,74.62,0.317
2011-10-21,24.722,1.605,73.61,0.89
2011-10-22,24.47,0.26,72.97,1.826
2011-10-23,23.803,6.196,81.04,1.447
2011-10-24,23.228,7.789,84.38,1.783
2011-10-25,22.35,9.428,89.93,1.941
2011-10-26,22.048,10.505,92.09,2.269
2011-10-27,22.074,5.441,89.94,1.847
2011-10-28,23.057,4.056,83.86,2.072
2011-10-29,22.546,3.921,86.7,2.261
2011-10-30,22.37,6.535,87.36,2.217
2011-10-31,21.53,9.076,94.54,1.973
2011-11-01,21.563,8.29,93.02,1.94
2011-11-02,21.84,7.936,91.37,1.573
2011-11-03,21.743,12.672,91.19,1.406
2011-11-04,22.113,6.116,90.43,2.024
2011-11-05,22.046,10.237,89.22,1.872
2011-11-06,22.313,3.399,85.74,1.097
2011-11-07,21.573,0.007,66.55,1.452
2011-11-08,21.396,0.002,55.5,1.394
2011-11-09,22.055,0.001,60.57,1.237
2011-11-10,21.492,0.0,59.85,1.497
2011-11-11,22.043,0.001,64.86,1.217
2011-11-12,22.155,0.0,63.96,1.173
2011-11-13,21.885,0.0,62.45,1.506
2011-11-14,21.731,0.001,61.12,1.922
2011-11-15,21.782,0.0,61.98,2.116
2011-11-16,22.626,0.003,56.73,2.422
2011-11-17,21.875,2.327,79.72,2.274
2011-11-18,21.951,0.724,76.74,2.505
2011-11-19,21.097,0.001,52.2,2.511
2011-11-20,20.698,0.002,57.47,2.451
2011-11-21,21.289,0.0,63.85,2.446
2011-11-22,21.371,0.003,62.25,2.409
2011-11-23,21.933,0.009,68.13,2.51
2011-11-24,22.487,0.908,74.51,3.116
2011-11-25,21.796,12.126,88.97,4.095
2011-11-26,21.008,16.777,96.13,3.618
2011-11-27,21.654,17.485,93.24,2.119
2011-11-28,21.75,2.928,92.02,1.607
2011-11-29,22.607,3.142,87.3,1.839
2011-11-30,22.817,0.907,82.26,1.864
2011-12-01,22.951,0.181,78.6,1.186
2011-12-02,23.319,0.045,73.36,0.857
2011-12-03,23.243,0.556,76.32,0.533
2011-12-04,22.334,1.02,80.05,1.244
2011-12-05,21.668,0.031,70.71,1.526
2011-12-06,21.146,0.002,66.92,1.552
2011-12-07,20.826,0.007,69.59,2.123
2011-12-08,21.185,0.059,72.23,2.23
2011-12-09,22.33,2.039,81.84,2.545
2011-12-10,23.157,0.94,79.09,1.948
2011-12-11,22.494,0.056,73.46,2.033
2011-12-12,21.987,0.014,67.9,2.063
2011-12-13,22.119,0.002,64.75,2.362
2011-12-14,22.164,0.003,64.97,2.264
2011-12-15,21.27,1.565,80.27,2.504
2011-12-16,20.305,0.011,67.02,2.331
2011-12-17,19.223,0.001,66.0,2.237
2011-12-18,19.64,0.0,65.23,2.324
2011-12-19,20.889,0.0,65.13,1.825
2011-12-20,20.044,0.001,64.71,2.231
2011-12-21,20.35,0.003,66.97,2.265
2011-12-22,19.836,0.0,65.79,2.179
2011-12-23,19.454,0.025,65.21,1.889
2011-12-24,19.974,0.001,53.35,2.055
2011-12-25,20.064,0.001,51.5,1.819
2011-12-26,20.746,0.001,45.34,1.424
2011-12-27,21.082,0.0,42.46,1.538
2011-12-28,22.475,0.002,33.17,2.504
2011-12-29,23.295,1.551,55.36,3.682
2011-12-30,19.921,20.983,91.93,4.036
2011-12-31,20.721,0.297,79.67,2.602
2012-01-01,21.881,0.26,75.27,1.917
2012-01-02,22.157,0.323,74.18,1.606
2012-01-03,22.607,0.073,73.43,1.506
2012-01-04,23.253,0.194,74.32,2.055
2012-01-05,22.728,0.052,70.38,1.595
2012-01-06,22.182,0.093,67.46,1.559
2012-01-07,21.499,0.024,62.35,1.494
2012-01-08,21.813,0.008,63.95,1.316
2012-01-09,23.273,0.116,69.11,1.47
2012-01-10,23.241,0.299,64.44,1.779
2012-01-11,22.327,1.72,73.64,1.58
2012-01-12,21.889,1.198,72.14,2.087
2012-01-13,21.742,0.042,65.53,2.404
2012-01-14,20.539,0.005,59.25,2.152
2012-01-15,18.966,0.001,52.4,1.895
2012-01-16,19.292,0.001,47.48,1.273
2012-01-17,20.143,0.0,44.71,0.868
2012-01-18,21.616,0.0,43.4,0.765
2012-01-19,21.863,0.001,51.64,1.173
2012-01-20,22.159,0.0,53.64,1.052
2012-01-21,21.745,0.002,52.03,1.814
2012-01-22,21.129,0.007,51.5,1.936
2012-01-23,20.693,0.002,56.59,1.954
2012-01-24,20.407,0.0,56.51,1.855
2012-01-25,19.766,0.002,55.05,1.81
2012-01-26,20.711,0.001,55.11,1.797
2012-01-27,21.689,0.006,60.05,1.792
2012-01-28,22.145,0.03,59.14,2.142
2012-01-29,22.383,0.019,56.99,1.807
2012-01-30,21.975,0.013,57.42,2.593
2012-01-31,21.24,0.033,56.99,2.362
2012-02-01,20.896,0.001,52.06,2.554
2012-02-02,21.386,0.002,53.46,2.849
2012-02-03,21.599,0.002,59.9,2.668
2012-02-04,22.241,0.002,51.57,1.818
2012-02-05,22.884,0.001,51.95,1.59
2012-02-06,23.279,0.004,60.1,1.706
2012-02-07,23.941,0.014,59.19,1.951
2012-02-08,24.552,0.003,51.18,1.515
2012-02-09,25.063,0.004,53.96,1.803
2012-02-10,24.726,0.008,56.39,1.908
2012-02-11,24.008,0.092,62.53,2.037
2012-02-12,23.977,0.001,57.81,2.137
2012-02-13,23.716,0.005,54.63,1.991
2012-02-14,23.946,0.012,47.27,1.518
2012-02-15,24.65,0.001,45.44,1.103
2012-02-16,25.369,0.0,48.22,1.09
2012-02-17,24.714,0.003,53.49,2.156
2012-02-18,23.79,0.018,42.21,2.144
2012-02-19,23.977,0.001,33.76,2.006
2012-02-20,25.011,0.0,30.15,1.847
2012-02-21,25.51,0.001,33.61,1.894
2012-02-22,24.414,0.001,34.78,2.11
2012-02-23,24.321,0.002,25.35,2.162
2012-02-24,24.398,0.001,25.78,2.252
2012-02-25,24.02,0.0,22.12,2.222
2012-02-26,24.011,0.002,21.98,2.312
2012-02-27,24.733,0.002,22.17,1.939
2012-02-28,25.959,0.0,24.67,1.006
2012-02-29,26.966,0.001,37.97,0.032
2012-03-01,27.647,0.001,44.91,1.604
2012-03-02,28.21,0.0,40.83,0.733
2012-03-03,27.613,0.001,28.65,0.968
2012-03-04,27.811,0.0,31.33,1.432
2012-03-05,27.05,0.002,47.31,2.002
2012-03-06,27.347,0.003,42.74,0.67
2012-03-07,28.459,0.003,36.05,0.922
2012-03-08,28.371,0.002,35.94,1.246
2012-03-09,27.721,0.004,32.86,0.961
2012-03-10,27.025,0.059,43.43,2.047
2012-03-11,26.112,0.003,40.98,2.783
2012-03-12,25.824,0.153,55.32,2.714
2012-03-13,26.244,0.284,61.68,2.691
2012-03-14,26.443,0.243,57.45,2.345
2012-03-15,26.707,0.095,54.62,2.263
2012-03-16,27.336,0.003,48.06,1.857
2012-03-17,28.0,0.004,42.23,1.617
2012-03-18,28.441,0.0,32.44,1.668
2012-03-19,28.874,0.0,32.64,1.237
2012-03-20,29.147,0.0,31.7,1.086
2012-03-21,29.012,0.0,32.1,1.091
2012-03-22,28.474,0.002,34.37,1.389
2012-03-23,28.225,0.001,33.23,1.917
2012-03-24,27.607,0.002,25.24,2.208
2012-03-25,27.186,0.003,24.6,2.089
2012-03-26,26.453,0.0,30.57,2.25
2012-03-27,26.474,0.007,39.03,1.933
2012-03-28,27.121,0.024,52.33,1.724
2012-03-29,28.178,0.001,37.75,1.22
2012-03-30,29.059,0.004,36.11,0.371
2012-03-31,27.749,0.697,44.49,1.323
2012-04-01,26.995,0.052,50.17,1.932
2012-04-02,26.96,0.003,44.52,2.095
2012-04-03,27.845,0.002,37.34,1.384
2012-04-04,28.394,0.0,31.95,1.005
2012-04-05,29.22,0.001,35.65,0.608
2012-04-06,29.551,0.001,36.02,1.49
2012-04-07,29.144,0.002,40.12,2.034
2012-04-08,28.974,0.06,44.51,2.089
2012-04-09,29.182,0.205,44.69,1.69
2012-04-10,29.558,0.078,44.33,1.654
2012-04-11,29.426,0.001,41.09,1.916
2012-04-12,29.443,0.006,43.02,1.281
2012-04-13,29.315,0.008,41.9,2.012
2012-04-14,28.421,0.003,45.9,2.452
2012-04-15,28.73,0.002,43.44,1.876
2012-04-16,30.055,0.002,40.07,1.305
2012-04-17,30.213,0.498,43.55,0.125
2012-04-18,30.315,0.174,41.75,0.335
2012-04-19,30.318,0.005,41.29,1.348
2012-04-20,29.969,0.017,43.1,1.028
2012-04-21,31.039,0.016,38.29,1.362
2012-04-22,30.64,0.004,36.68,1.336
2012-04-23,29.884,0.316,44.84,0.991
2012-04-24,29.444,0.312,48.76,1.185
2012-04-25,26.843,10.286,68.27,0.591
2012-04-26,25.177,13.125,78.83,1.234
2012-04-27,25.103,6.29,78.87,0.72
2012-04-28,26.172,2.618,72.27,1.744
2012-04-29,26.467,5.29,72.36,1.265
2012-04-30,25.999,7.414,75.51,1.606
2012-05-01,26.598,2.996,70.62,1.829
2012-05-02,26.74,3.184,68.78,1.851
2012-05-03,27.782,0.323,62.33,2.483
2012-05-04,28.085,0.007,55.13,2.7
2012-05-05,27.976,0.001,50.59,3.118
2012-05-06,27.977,0.001,45.45,2.719
2012-05-07,28.536,0.001,45.09,1.364
2012-05-08,28.013,1.422,53.81,1.392
2012-05-09,27.576,2.206,59.99,1.351
2012-05-10,26.85,10.029,64.62,1.696
2012-05-11,25.858,14.741,75.25,1.209
2012-05-12,25.949,8.67,74.99,2.053
2012-05-13,26.193,6.581,73.7,1.344
2012-05-14,26.552,5.416,72.44,1.455
2012-05-15,26.506,8.18,73.1,1.698
2012-05-16,27.198,0.734,68.71,2.244
2012-05-17,27.906,0.327,64.55,2.545
2012-05-18,28.599,0.001,55.68,1.893
2012-05-19,28.618,0.446,57.69,2.692
2012-05-20,29.082,0.461,53.01,2.521
2012-05-21,28.335,1.286,56.12,2.838
2012-05-22,28.524,0.791,57.24,2.533
2012-05-23,28.716,0.122,53.59,3.485
2012-05-24,27.945,0.711,55.87,3.78
2012-05-25,27.849,0.008,56.74,3.944
2012-05-26,27.463,0.58,58.1,3.992
2012-05-27,27.381,7.528,63.59,3.679
2012-05-28,27.683,3.601,62.04,3.387
2012-05-29,27.633,2.633,61.84,3.444
2012-05-30,27.396,3.317,64.83,3.893
2012-05-31,27.73,1.607,58.82,3.72
2012-06-01,28.149,0.076,52.19,4.08
2012-06-02,28.696,0.009,52.74,3.894
2012-06-03,27.748,0.669,59.9,3.949
2012-06-04,28.182,0.377,57.51,3.783
2012-06-05,27.53,0.822,60.44,4.315
2012-06-06,26.782,1.834,63.19,4.548
2012-06-07,26.399,0.79,64.58,4.571
2012-06-08,26.501,1.841,62.73,4.501
2012-06-09,27.223,0.18,56.75,5.041
2012-06-10,27.309,0.08,52.85,4.749
2012-06-11,27.38,0.0,48.54,4.362
2012-06-12,26.827,0.353,58.01,4.064
2012-06-13,26.105,8.293,68.39,3.011
2012-06-14,26.549,1.344,66.08,2.961
2012-06-15,26.436,2.222,65.09,3.739
2012-06-16,26.161,2.229,66.49,4.012
2012-06-17,25.167,1.774,68.09,4.864
2012-06-18,22.362,11.421,85.42,4.633
2012-06-19,25.013,0.642,66.24,5.25
2012-06-20,25.825,0.278,61.21,5.277
2012-06-21,25.725,0.183,62.09,4.732
2012-06-22,25.598,1.211,66.7,4.035
2012-06-23,26.752,0.239,60.26,3.744
2012-06-24,26.762,0.103,57.92,3.961
2012-06-25,26.649,0.155,60.01,3.456
2012-06-26,25.605,6.953,68.48,3.423
2012-06-27,25.541,0.69,66.18,3.735
2012-06-28,24.65,1.679,69.15,4.344
2012-06-29,24.648,0.764,70.19,4.513
2012-06-30,25.843,0.085,59.13,4.923
2012-07-01,23.578,9.262,75.64,4.553
2012-07-02,22.195,14.654,85.55,4.169
2012-07-03,24.616,1.773,68.7,4.958
2012-07-04,25.56,0.207,62.71,4.828
2012-07-05,26.329,0.079,59.27,4.476
2012-07-06,26.524,0.035,58.8,4.231
2012-07-07,26.173,0.771,63.42,3.862
2012-07-08,25.983,0.14,63.34,3.947
2012-07-09,25.829,1.445,66.5,3.5
2012-07-10,25.467,3.272,69.36,3.626
2012-07-11,26.117,0.64,63.47,4.423
2012-07-12,26.471,0.401,62.43,4.021
2012-07-13,26.424,1.088,63.03,4.006
2012-07-14,25.732,3.636,67.65,3.479
2012-07-15,25.009,7.671,71.13,2.596
2012-07-16,25.108,7.323,72.17,2.163
2012-07-17,25.438,1.41,70.67,2.78
2012-07-18,24.819,4.106,71.33,3.873
2012-07-19,25.311,0.123,62.72,4.751
2012-07-20,25.015,1.287,65.85,5.198
2012-07-21,24.93,1.064,67.35,5.202
2012-07-22,25.454,0.511,65.61,4.709
2012-07-23,26.142,0.321,63.9,4.586
2012-07-24,26.225,0.277,62.53,4.393
2012-07-25,25.806,0.758,64.23,4.447
2012-07-26,25.443,0.342,63.43,4.853
2012-07-27,25.24,1.991,67.19,4.365
2012-07-28,25.528,0.107,63.74,4.442
2012-07-29,25.858,0.424,61.56,4.203
2012-07-30,26.0,0.08,56.82,4.567
2012-07-31,25.868,0.053,55.15,4.987
2012-08-01,25.776,0.031,56.27,4.766
2012-08-02,26.223,0.226,57.04,5.091
2012-08-03,25.502,0.304,59.62,5.118
2012-08-04,25.527,0.735,61.47,5.19
2012-08-05,26.091,0.225,59.06,5.225
2012-08-06,24.892,3.412,68.12,4.394
2012-08-07,24.183,2.786,74.1,3.832
2012-08-08,24.525,8.072,74.45,3.949
2012-08-09,24.025,3.571,75.23,4.587
2012-08-10,23.91,8.739,76.54,4.334
2012-08-11,23.901,4.292,75.36,3.808
2012-08-12,22.982,11.556,83.64,3.224
2012-08-13,24.643,2.432,72.88,3.088
2012-08-14,25.33,1.004,68.95,2.974
2012-08-15,25.307,1.129,69.02,3.307
2012-08-16,25.372,0.754,67.51,3.466
2012-08-17,24.584,1.15,70.16,4.456
2012-08-18,25.079,0.367,64.77,4.799
2012-08-19,25.726,0.037,59.23,4.496
2012-08-20,26.062,0.006,56.61,3.43
2012-08-21,26.443,0.385,58.79,2.686
2012-08-22,25.639,3.681,67.84,1.186
2012-08-23,25.513,15.598,72.97,1.165
2012-08-24,24.966,2.941,71.48,2.311
2012-08-25,24.931,2.595,73.76,3.17
2012-08-26,23.412,8.391,79.04,3.977
2012-08-27,23.877,0.647,72.0,4.221
2012-08-28,24.264,1.758,71.12,4.355
2012-08-29,23.354,11.589,81.09,3.9
2012-08-30,22.67,16.297,86.85,3.297
2012-08-31,23.309,13.379,78.42,3.831
2012-09-01,23.918,3.004,75.55,4.183
2012-09-02,24.487,1.907,75.09,4.466
2012-09-03,24.208,2.31,75.26,4.552
2012-09-04,23.963,1.278,73.51,4.514
2012-09-05,24.692,0.669,69.56,3.827
2012-09-06,25.046,0.684,69.27,3.21
2012-09-07,24.408,5.664,75.15,3.256
2012-09-08,23.526,4.066,80.14,2.979
2012-09-09,23.807,4.835,77.77,3.604
2012-09-10,24.277,1.025,72.02,3.911
2012-09-11,25.055,0.31,67.06,3.902
2012-09-12,24.923,0.9,69.2,3.331
2012-09-13,25.035,1.493,70.46,3.19
2012-09-14,25.549,0.446,66.99,3.41
2012-09-15,24.407,3.781,72.02,3.8
2012-09-16,25.214,0.069,63.42,3.86
2012-09-17,25.393,0.207,62.62,3.104
2012-09-18,25.456,0.017,59.83,2.854
2012-09-19,25.902,0.013,57.2,1.927
2012-09-20,25.977,0.154,57.25,1.621
2012-09-21,26.736,0.014,53.08,1.252
2012-09-22,26.842,0.11,53.38,2.183
2012-09-23,27.209,0.016,50.28,1.959
2012-09-24,27.029,0.069,50.62,2.47
2012-09-25,26.707,0.002,47.05,2.674
2012-09-26,27.424,0.167,50.28,1.664
2012-09-27,25.09,22.164,71.16,1.566
2012-09-28,23.676,16.348,80.72,2.132
2012-09-29,23.679,21.255,83.88,0.9
2012-09-30,23.323,4.788,83.81,2.245
2012-10-01,23.877,2.422,79.17,2.387
2012-10-02,24.537,0.002,65.97,2.339
2012-10-03,24.332,0.0,60.25,2.325
2012-10-04,24.682,0.0,61.11,2.1
2012-10-05,25.122,0.001,61.79,1.105
2012-10-06,25.873,0.122,63.05,0.561
2012-10-07,24.94,0.777,72.93,1.313
2012-10-08,24.968,13.292,76.23,0.517
2012-10-09,23.689,6.154,81.22,0.732
2012-10-10,25.212,0.003,58.92,1.057
2012-10-11,25.586,0.027,61.47,0.626
2012-10-12,25.229,4.076,71.11,0.658
2012-10-13,23.938,22.359,81.56,0.574
2012-10-14,23.973,21.752,81.38,0.401
2012-10-15,23.388,24.556,85.07,0.252
2012-10-16,23.35,5.716,83.06,0.935
2012-10-17,23.688,0.181,72.51,1.895
2012-10-18,23.01,1.244,77.18,2.024
2012-10-19,22.325,18.511,87.46,2.438
2012-10-20,21.35,17.566,94.36,2.462
2012-10-21,22.086,6.133,89.98,2.392
2012-10-22,22.43,2.103,86.52,2.135
2012-10-23,22.643,2.615,83.09,2.094
2012-10-24,22.553,3.263,87.42,1.701
2012-10-25,23.303,1.217,81.53,1.588
2012-10-26,23.341,0.02,72.16,1.874
2012-10-27,22.559,0.009,71.34,2.159
2012-10-28,22.544,0.046,69.34,2.558
2012-10-29,22.976,0.366,71.77,2.355
2012-10-30,21.231,10.633,81.6,2.395
2012-10-31,20.213,79.197,91.39,3.89
2012-11-01,21.65,3.631,83.75,3.089
2012-11-02,22.923,0.261,78.03,2.332
2012-11-03,23.442,1.3,76.37,2.184
2012-11-04,23.622,2.308,80.55,0.912
2012-11-05,23.582,0.127,75.73,0.71
2012-11-06,23.324,0.006,74.96,1.323
2012-11-07,23.617,0.422,77.37,1.09
2012-11-08,23.781,0.086,74.25,1.39
2012-11-09,23.488,0.001,68.83,1.646
2012-11-10,23.559,0.011,71.26,1.706
2012-11-11,23.193,0.057,69.83,1.519
2012-11-12,22.69,0.003,64.79,1.727
2012-11-13,21.894,0.001,63.41,1.921
2012-11-14,20.915,0.0,53.77,2.143
2012-11-15,20.538,0.0,54.05,1.878
2012-11-16,20.754,0.001,52.17,1.742
2012-11-17,21.181,0.0,54.48,1.392
2012-11-18,21.424,0.001,49.98,1.196
2012-11-19,22.262,0.002,48.31,0.581
2012-11-20,24.85,0.007,55.85,0.753
2012-11-21,25.057,0.027,62.82,0.558
2012-11-22,24.969,0.826,69.4,1.838
2012-11-23,22.679,10.11,87.4,1.846
2012-11-24,23.192,0.013,69.87,2.179
2012-11-25,23.627,0.062,68.74,2.16
2012-11-26,23.084,0.003,67.56,2.333
2012-11-27,22.807,0.003,63.84,2.158
2012-11-28,21.825,0.002,54.16,2.067
2012-11-29,21.266,0.001,46.69,1.608
2012-11-30,22.188,0.0,53.16,1.159
2012-12-01,22.48,0.001,54.78,1.647
2012-12-02,22.968,0.148,43.52,2.13
2012-12-03,22.541,40.325,74.73,2.816
2012-12-04,21.703,37.46,89.99,1.913
2012-12-05,22.908,1.504,81.5,2.857
2012-12-06,22.553,1.129,78.54,2.469
2012-12-07,21.268,0.02,75.95,1.5
2012-12-08,21.256,0.001,69.6,1.016
2012-12-09,21.529,0.0,63.92,0.794
2012-12-10,21.351,0.004,61.33,1.153
2012-12-11,21.523,0.001,63.85,1.275
2012-12-12,21.974,0.001,65.79,1.172
2012-12-13,21.71,0.003,66.86,1.456
2012-12-14,20.866,0.007,69.42,1.806
2012-12-15,20.469,0.008,66.86,2.195
2012-12-16,20.416,0.001,66.38,2.527
2012-12-17,21.174,0.002,67.87,3.184
2012-12-18,20.827,0.002,66.47,2.737
2012-12-19,20.617,0.005,70.15,2.282
2012-12-20,20.85,0.002,68.94,2.253
2012-12-21,20.76,0.001,70.8,1.887
2012-12-22,20.835,0.003,61.5,1.983
2012-12-23,21.085,0.013,66.45,2.276
2012-12-24,21.336,0.006,63.27,1.998
2012-12-25,21.731,0.001,62.3,2.14
2012-12-26,22.266,0.001,62.72,2.375
2012-12-27,22.339,0.001,64.8,2.348
2012-12-28,21.345,4.172,70.63,1.582
2012-12-29,22.102,1.979,86.92,1.982
2012-12-30,23.159,1.781,84.71,2.028
2019-01-01,19.927,0.0,49.78,2.045
2019-01-02,19.677,0.001,55.64,2.17
2019-01-03,20.242,0.0,48.25,1.998
2019-01-04,20.201,0.001,52.7,2.408
2019-01-05,20.224,0.0,56.11,2.014
2019-01-06,20.565,0.002,56.29,1.926
2019-01-07,20.821,0.003,56.86,1.632
2019-01-08,21.665,0.001,42.16,1.966
2019-01-09,21.493,0.0,39.51,1.886
2019-01-10,21.398,0.001,46.98,1.958
2019-01-11,21.639,0.009,53.25,1.774
2019-01-12,21.555,0.001,53.82,2.021
2019-01-13,21.585,0.002,49.43,1.892
2019-01-14,21.519,0.002,49.53,1.984
2019-01-15,21.094,0.0,39.16,2.14
2019-01-16,21.357,0.001,45.37,2.04
2019-01-17,21.691,0.002,56.14,2.02
2019-01-18,21.756,0.011,54.68,2.097
2019-01-19,21.512,0.001,47.45,2.146
2019-01-20,21.302,0.001,46.74,2.061
2019-01-21,21.155,0.002,45.2,1.861
2019-01-22,21.683,0.015,48.98,1.457
2019-01-23,23.082,0.01,55.16,1.493
2019-01-24,23.58,0.023,57.01,1.861
2019-01-25,23.605,0.024,60.97,1.962
2019-01-26,23.752,0.286,65.86,1.776
2019-01-27,22.781,2.08,72.41,1.77
2019-01-28,21.879,3.643,76.03,1.322
2019-01-29,22.199,0.335,64.57,2.366
2019-01-30,22.515,0.017,57.95,2.452
2019-01-31,22.245,0.07,58.07,2.601
2019-02-01,22.576,0.019,55.35,2.036
2019-02-02,23.017,0.003,52.65,1.793
2019-02-03,23.257,0.005,55.45,2.273
2019-02-04,23.71,0.013,58.01,2.691
2019-02-05,23.697,0.012,58.49,2.307
2019-02-06,24.459,0.0,48.25,2.013
2019-02-07,25.061,0.005,48.52,1.854
2019-02-08,25.774,0.093,56.17,1.401
2019-02-09,25.284,1.257,63.89,1.509
2019-02-10,25.653,0.22,60.33,2.575
2019-02-11,24.421,0.136,60.84,3.119
2019-02-12,23.574,0.005,57.68,3.038
2019-02-13,23.647,0.001,51.95,2.461
2019-02-14,24.491,0.001,55.82,2.486
2019-02-15,25.169,0.036,58.23,1.574
2019-02-16,26.605,0.037,54.41,0.809
2019-02-17,27.364,0.024,45.41,0.955
2019-02-18,27.118,0.464,49.27,0.783
2019-02-19,26.313,0.417,62.49,2.391
2019-02-20,25.389,0.019,56.0,2.764
2019-02-21,24.834,0.012,46.92,2.511
2019-02-22,24.794,0.002,33.1,2.437
2019-02-23,25.735,0.003,26.66,2.181
2019-02-24,26.012,0.002,30.25,2.073
2019-02-25,26.356,0.001,28.36,1.685
2019-02-26,27.017,0.003,39.58,1.1
2019-02-27,27.372,0.022,48.19,1.184
2019-02-28,27.685,0.013,42.16,0.295
2019-03-01,26.835,0.531,59.38,2.293
2019-03-02,25.987,0.048,57.89,2.568
2019-03-03,26.484,0.002,52.74,1.771
2019-03-04,27.351,0.012,50.73,1.505
2019-03-05,28.182,0.26,49.82,1.031
2019-03-06,29.631,0.001,38.8,0.581
2019-03-07,29.527,0.0,35.66,0.812
2019-03-08,28.878,0.004,43.01,1.169
2019-03-09,27.224,0.454,56.28,1.564
2019-03-10,27.906,0.029,50.6,2.002
2019-03-11,27.365,0.003,42.62,2.24
2019-03-12,27.236,0.0,34.62,2.481
2019-03-13,26.856,0.0,32.74,2.547
2019-03-14,27.271,0.001,30.98,2.534
2019-03-15,27.137,0.003,29.51,2.623
2019-03-16,25.971,0.003,37.23,2.497
2019-03-17,25.657,0.005,41.52,1.993
2019-03-18,26.67,0.002,47.07,1.822
2019-03-19,27.644,0.002,47.7,1.741
2019-03-20,27.557,0.002,46.57,2.12
2019-03-21,27.756,0.0,39.06,1.815
2019-03-22,28.231,0.003,43.82,1.628
2019-03-23,29.004,0.003,42.5,1.543
2019-03-24,29.063,-0.0,42.88,1.731
2019-03-25,28.584,0.0,37.62,2.382
2019-03-26,28.405,0.0,34.94,2.179
2019-03-27,28.581,0.001,27.84,1.612
2019-03-28,29.346,0.0,29.7,1.688
2019-03-29,29.694,0.002,33.52,1.377
2019-03-30,29.612,0.001,31.33,1.639
2019-03-31,29.89,0.0,29.14,1.085
2019-04-01,29.713,0.002,31.48,1.514
2019-04-02,29.365,0.002,38.32,1.688
2019-04-03,28.409,0.007,44.58,2.244
2019-04-04,28.373,0.001,39.02,2.301
2019-04-05,28.898,0.002,36.53,1.534
2019-04-06,29.335,0.002,31.1,1.595
2019-04-07,29.659,-0.0,35.36,1.744
2019-04-08,29.652,0.027,40.9,1.72
2019-04-09,29.312,0.545,46.66,0.923
2019-04-10,29.495,0.068,42.4,2.007
2019-04-11,29.816,0.033,39.45,1.574
2019-04-12,30.138,0.001,36.15,1.796
2019-04-13,29.718,0.0,37.02,1.966
2019-04-14,29.529,0.001,36.79,2.03
2019-04-15,29.474,0.0,32.4,1.457
2019-04-16,30.276,0.002,37.43,1.37
2019-04-17,28.624,4.491,57.78,0.542
2019-04-18,28.559,5.403,60.84,0.789
2019-04-19,28.671,0.939,56.72,1.108
2019-04-20,27.531,8.975,64.64,0.611
2019-04-21,28.522,0.174,55.09,0.59
2019-04-22,27.596,2.575,62.59,0.409
2019-04-23,27.394,1.758,62.59,0.74
2019-04-24,28.426,0.001,50.01,1.712
2019-04-25,28.894,0.001,41.75,1.453
2019-04-26,29.537,0.0,42.08,1.386
2019-04-27,29.642,0.013,43.95,1.599
2019-04-28,29.445,0.017,45.69,1.542
2019-04-29,29.233,0.445,51.1,0.65
2019-04-30,28.189,9.341,61.82,2.604
2019-05-01,27.927,1.671,64.29,3.574
2019-05-02,29.638,0.002,45.04,3.502
2019-05-03,29.365,0.001,44.13,3.169
2019-05-04,29.242,0.082,48.28,1.835
2019-05-05,30.285,0.046,43.25,0.847
2019-05-06,30.607,0.219,45.48,0.954
2019-05-07,28.023,7.888,63.2,2.021
2019-05-08,27.342,5.209,67.0,3.253
2019-05-09,28.544,0.566,57.6,2.556
2019-05-10,29.928,0.165,48.46,0.852
2019-05-11,28.854,3.61,59.38,1.644
2019-05-12,29.016,1.884,56.92,1.284
2019-05-13,28.295,3.584,63.51,1.797
2019-05-14,28.35,1.09,62.5,1.522
2019-05-15,27.711,4.699,67.21,1.336
2019-05-16,28.309,1.363,63.17,0.941
2019-05-17,27.881,2.931,67.91,1.202
2019-05-18,29.268,0.136,56.46,0.486
2019-05-19,29.864,0.301,49.67,0.457
2019-05-20,29.847,0.093,46.75,0.505
2019-05-21,29.674,0.019,46.79,0.353
2019-05-22,29.631,0.327,52.87,0.215
2019-05-23,29.464,1.038,55.7,0.837
2019-05-24,29.212,0.582,57.13,1.449
2019-05-25,28.25,8.197,65.59,2.028
2019-05-26,28.245,5.225,66.53,2.187
2019-05-27,29.514,0.333,58.35,1.476
2019-05-28,28.912,6.578,64.4,1.638
2019-05-29,28.304,9.378,67.87,1.572
2019-05-30,27.615,17.508,72.31,1.484
2019-05-31,27.166,5.29,73.09,2.429
2019-06-01,27.457,7.937,70.2,1.732
2019-06-02,27.296,13.926,73.46,2.577
2019-06-03,26.186,5.13,76.0,2.82
2019-06-04,27.325,1.239,69.24,1.822
2019-06-05,26.496,12.216,76.78,1.306
2019-06-06,27.967,1.27,69.63,1.002
2019-06-07,27.634,3.118,70.81,1.558
2019-06-08,26.84,5.488,74.92,1.695
2019-06-09,27.462,1.172,67.09,2.058
2019-06-10,26.178,3.647,72.57,2.674
2019-06-11,26.834,0.095,67.21,3.61
2019-06-12,26.762,0.254,67.24,4.719
2019-06-13,26.381,0.892,67.8,4.388
2019-06-14,26.273,0.631,68.05,4.007
2019-06-15,27.347,0.08,61.76,4.061
2019-06-16,27.578,0.062,60.79,3.844
2019-06-17,27.314,0.043,60.25,3.782
2019-06-18,27.265,0.157,60.19,3.868
2019-06-19,26.959,2.206,65.09,3.931
2019-06-20,26.555,2.564,66.4,4.24
2019-06-21,25.444,2.065,71.64,3.911
2019-06-22,25.657,0.511,69.97,4.331
2019-06-23,26.689,0.585,65.34,3.859
2019-06-24,26.446,4.322,68.25,2.922
2019-06-25,26.448,5.193,68.65,2.868
2019-06-26,26.23,1.018,68.12,3.524
2019-06-27,26.806,0.252,61.04,4.383
2019-06-28,26.955,0.048,57.92,4.989
2019-06-29,27.115,0.019,58.18,4.884
2019-06-30,26.545,0.157,61.23,5.047
2019-07-01,27.423,0.165,58.61,4.55
2019-07-02,26.96,0.64,62.78,4.304
2019-07-03,26.734,0.293,63.67,4.526
2019-07-04,25.815,4.73,70.16,4.554
2019-07-05,26.427,0.608,63.71,5.178
2019-07-06,26.209,0.209,62.28,5.087
2019-07-07,26.757,0.101,57.07,5.257
2019-07-08,27.019,0.135,57.01,5.125
2019-07-09,26.143,1.197,65.82,4.185
2019-07-10,25.104,8.244,71.02,4.303
2019-07-11,25.944,0.222,63.72,3.445
2019-07-12,26.658,2.336,61.96,2.607
2019-07-13,26.03,7.896,68.07,2.555
2019-07-14,25.668,7.48,71.42,3.077
2019-07-15,25.448,5.713,72.78,3.437
2019-07-16,25.867,0.571,66.28,3.679
2019-07-17,25.743,7.429,71.66,3.073
2019-07-18,25.504,9.969,74.23,2.988
2019-07-19,24.71,3.664,75.77,3.869
2019-07-20,25.559,0.694,68.83,4.325
2019-07-21,24.671,3.407,74.51,4.175
2019-07-22,23.01,16.333,82.78,4.018
2019-07-23,23.414,3.713,76.16,3.786
2019-07-24,24.615,4.987,74.42,3.551
2019-07-25,24.489,4.4,76.87,3.454
2019-07-26,22.885,8.452,84.63,3.455
2019-07-27,24.524,0.232,71.51,4.186
2019-07-28,24.721,0.603,69.66,4.327
2019-07-29,24.693,0.187,68.5,4.197
2019-07-30,24.974,0.019,65.14,3.986
2019-07-31,25.656,0.301,64.0,4.133
2019-08-01,25.85,0.113,61.14,4.433
2019-08-02,25.176,0.056,62.82,4.798
2019-08-03,25.425,0.155,63.79,4.848
2019-08-04,25.883,0.189,63.56,5.132
2019-08-05,24.955,1.985,70.07,5.2
2019-08-06,24.73,1.901,71.81,5.508
2019-08-07,25.369,1.657,70.22,5.735
2019-08-08,24.325,3.481,77.48,5.604
2019-08-09,24.676,0.686,73.73,5.619
2019-08-10,24.292,4.588,76.82,5.369
2019-08-11,25.19,0.096,65.46,5.336
2019-08-12,25.064,2.635,69.23,4.521
2019-08-13,24.863,6.878,74.03,3.905
2019-08-14,24.753,3.065,72.4,4.472
2019-08-15,25.065,2.574,71.67,4.032
2019-08-16,24.472,9.466,76.46,3.815
2019-08-17,23.404,6.537,83.83,2.894
2019-08-18,22.688,12.786,90.1,2.296
2019-08-19,24.072,14.108,82.46,2.087
2019-08-20,24.318,3.209,79.43,2.799
2019-08-21,24.018,2.626,77.35,3.576
2019-08-22,23.446,3.619,79.94,3.806
2019-08-23,24.251,0.599,72.71,3.97
2019-08-24,24.224,0.954,72.9,3.984
2019-08-25,24.756,0.443,70.83,3.716
2019-08-26,24.547,0.294,72.37,3.646
2019-08-27,24.722,1.146,71.36,3.721
2019-08-28,25.334,0.799,69.5,3.511
2019-08-29,25.309,1.024,69.99,3.938
2019-08-30,25.764,0.361,66.14,4.457
2019-08-31,25.1,0.446,68.38,3.982
2019-09-01,24.378,2.346,74.21,3.469
2019-09-02,24.304,2.538,75.13,4.052
2019-09-03,24.849,1.781,71.64,4.297
2019-09-04,24.78,1.889,72.55,4.658
2019-09-05,25.554,0.511,67.81,5.084
2019-09-06,25.783,0.219,64.82,5.387
2019-09-07,25.471,0.403,64.82,5.337
2019-09-08,25.766,0.491,64.94,5.068
2019-09-09,25.928,0.2,63.56,4.589
2019-09-10,25.884,1.21,67.28,3.43
2019-09-11,25.056,7.232,74.37,2.959
2019-09-12,24.704,6.967,75.94,2.856
2019-09-13,25.068,0.794,73.68,2.671
2019-09-14,25.604,2.055,69.85,2.449
2019-09-15,25.013,7.729,75.24,2.573
2019-09-16,23.486,11.174,83.32,3.198
2019-09-17,23.26,13.817,85.47,2.409
2019-09-18,23.074,16.688,87.12,2.091
2019-09-19,24.481,5.046,78.89,2.117
2019-09-20,24.718,0.319,75.8,1.831
2019-09-21,25.431,1.266,74.36,0.738
2019-09-22,24.36,17.525,83.57,0.666
2019-09-23,24.259,31.502,84.78,0.877
2019-09-24,23.516,13.336,87.34,0.252
2019-09-25,23.001,17.164,90.42,1.35
2019-09-26,23.569,0.977,81.05,1.697
2019-09-27,23.883,3.871,80.76,0.598
2019-09-28,24.342,0.265,75.56,1.311
2019-09-29,24.194,0.756,76.85,1.719
2019-09-30,24.106,1.317,79.39,1.421
2019-10-01,24.353,11.716,79.94,0.782
2019-10-02,24.865,3.983,76.49,0.461
2019-10-03,24.45,2.443,78.39,0.142
2019-10-04,24.407,4.213,77.44,0.293
2019-10-05,24.111,3.205,78.86,0.379
2019-10-06,24.81,0.961,75.45,0.382
2019-10-07,24.368,10.195,79.13,0.587
2019-10-08,24.303,3.877,78.3,0.353
2019-10-09,24.568,4.351,77.82,0.415
2019-10-10,24.73,1.574,76.81,0.977
2019-10-11,24.9,1.571,74.47,0.853
2019-10-12,24.826,2.663,75.47,1.314
2019-10-13,24.612,8.728,78.21,1.136
2019-10-14,24.997,2.364,75.63,1.73
2019-10-15,24.089,6.283,81.45,1.675
2019-10-16,22.69,12.324,88.46,1.791
2019-10-17,22.338,7.078,89.86,1.709
2019-10-18,23.477,2.409,82.77,1.638
2019-10-19,23.605,2.445,81.82,1.531
2019-10-20,23.144,9.833,85.7,1.343
2019-10-21,22.349,20.576,91.55,0.193
2019-10-22,22.24,15.108,90.34,1.704
2019-10-23,23.243,13.68,85.3,2.15
2019-10-24,22.462,5.381,86.32,1.448
2019-10-25,23.098,1.875,81.45,1.198
2019-10-26,22.987,3.28,82.68,0.975
2019-10-27,23.319,1.723,80.51,0.51
2019-10-28,22.818,0.971,84.63,1.702
2019-10-29,21.802,6.223,89.48,2.429
2019-10-30,21.002,10.789,97.97,2.175
2019-10-31,22.025,3.485,88.69,1.983
2019-11-01,22.996,1.607,81.67,1.007
2019-11-02,23.517,0.752,79.42,1.052
2019-11-03,23.472,0.285,76.87,1.323
2019-11-04,23.946,0.001,69.4,1.08
2019-11-05,24.581,0.299,71.39,1.099
2019-11-06,24.422,2.915,74.59,0.291
2019-11-07,24.231,4.21,77.48,0.903
2019-11-08,23.995,6.948,80.18,0.783
2019-11-09,24.236,4.033,79.09,0.36
2019-11-10,24.334,0.853,75.67,0.705
2019-11-11,23.584,0.407,73.12,1.532
2019-11-12,23.037,0.029,71.98,1.949
2019-11-13,23.178,0.037,71.84,2.333
2019-11-14,22.912,2.646,82.31,2.199
2019-11-15,23.295,2.166,83.32,1.76
2019-11-16,23.352,2.017,79.36,1.855
2019-11-17,24.334,0.054,67.78,1.822
2019-11-18,23.915,1.496,79.99,2.2
2019-11-19,24.388,0.431,74.42,1.728
2019-11-20,23.204,7.379,83.07,2.516
2019-11-21,23.218,2.04,80.22,2.916
2019-11-22,22.47,0.359,76.41,2.398
2019-11-23,22.612,0.115,72.73,2.506
2019-11-24,22.697,0.007,69.91,2.059
2019-11-25,22.377,0.58,74.88,2.569
2019-11-26,22.881,0.706,70.84,2.909
2019-11-27,23.3,2.596,79.04,3.083
2019-11-28,22.735,1.61,83.98,2.804
2019-11-29,23.164,1.51,80.16,3.019
2019-11-30,22.2,20.359,89.31,2.918
2019-12-01,21.211,17.33,98.36,2.304
2019-12-02,21.711,1.895,87.97,2.401
2019-12-03,20.87,2.123,87.11,2.61
2019-12-04,21.388,1.576,82.21,3.299
2019-12-05,21.58,0.632,78.84,2.916
2019-12-06,20.984,0.024,74.15,2.67
2019-12-07,21.388,1.564,83.01,2.368
2019-12-08,21.291,1.465,83.37,2.489
2019-12-09,21.512,0.067,75.73,2.582
2019-12-10,21.258,0.137,76.11,2.204
2019-12-11,21.987,0.003,69.87,1.792
2019-12-12,21.957,0.024,72.89,1.895
2019-12-13,22.32,1.71,79.46,1.957
2019-12-14,21.272,8.078,91.59,2.009
2019-12-15,21.952,0.129,75.21,2.436
2019-12-16,21.947,0.442,78.5,2.088
2019-12-17,21.562,0.105,74.93,2.87
2019-12-18,21.886,0.305,77.41,2.819
2019-12-19,21.348,0.355,77.86,2.704
2019-12-20,21.688,0.057,74.31,2.158
2019-12-21,22.028,0.269,76.17,2.496
2019-12-22,21.974,0.022,71.71,2.251
2019-12-23,21.667,0.251,72.8,1.853
2019-12-24,21.728,0.281,81.52,1.82
2019-12-25,22.291,0.575,81.85,2.111
2019-12-26,22.572,0.156,77.75,1.455
2019-12-27,22.705,0.099,74.83,1.768
2019-12-28,21.988,0.019,73.42,2.239
2019-12-29,21.97,0.045,69.88,2.246
2019-12-30,21.848,0.672,76.18,2.258
2024-01-01,22.791,0.009,63.8,2.062
2024-01-02,22.291,0.004,66.44,2.105
2024-01-03,22.909,0.592,67.07,2.336
2024-01-04,21.895,5.297,81.19,1.976
2024-01-05,22.234,2.629,81.46,2.004
2024-01-06,22.842,1.384,78.82,2.394
2024-01-07,22.416,4.86,76.21,2.552
2024-01-08,20.602,65.672,96.15,1.977
2024-01-09,21.488,0.561,82.55,2.656
2024-01-10,21.555,0.023,77.01,2.267
2024-01-11,21.341,0.001,72.97,2.189
2024-01-12,20.944,0.002,74.76,2.029
2024-01-13,21.614,0.017,76.53,1.54
2024-01-14,22.219,0.002,70.85,1.616
2024-01-15,21.602,0.004,71.79,1.464
2024-01-16,21.711,0.001,71.06,1.408
2024-01-17,21.815,0.001,69.4,1.475
2024-01-18,22.078,0.011,68.26,1.51
2024-01-19,22.846,0.057,71.62,1.955
2024-01-20,22.516,0.004,70.01,1.742
2024-01-21,22.855,0.004,66.12,1.678
2024-01-22,23.013,0.003,65.0,1.625
2024-01-23,22.613,0.003,67.62,1.738
2024-01-24,22.926,0.055,67.1,1.526
2024-01-25,22.9,0.002,65.31,1.84
2024-01-26,22.231,0.004,61.0,2.212
2024-01-27,22.339,0.013,63.96,2.405
2024-01-28,22.597,0.093,66.91,2.427
2024-01-29,21.964,0.016,60.1,2.175
2024-01-30,23.158,0.006,56.23,1.202
2024-01-31,24.451,0.014,61.54,1.252
2024-02-01,25.263,0.093,62.96,1.103
2024-02-02,25.087,0.471,66.64,1.496
2024-02-03,24.556,0.023,62.44,2.105
2024-02-04,23.739,0.008,54.7,2.045
2024-02-05,23.512,0.001,53.08,1.864
2024-02-06,23.934,0.001,53.39,1.848
2024-02-07,24.781,0.003,43.14,1.859
2024-02-08,25.366,-0.0,40.25,1.915
2024-02-09,24.846,0.004,51.49,2.265
2024-02-10,23.941,0.021,61.75,2.322
2024-02-11,23.43,0.043,60.21,2.41
2024-02-12,23.237,0.009,55.15,2.393
2024-02-13,24.274,0.058,62.83,2.432
2024-02-14,24.46,0.017,59.45,2.557
2024-02-15,23.794,0.004,54.51,2.53
2024-02-16,23.755,0.012,61.51,2.6
2024-02-17,24.677,0.002,47.87,2.259
2024-02-18,25.148,0.001,46.3,1.907
2024-02-19,25.05,0.007,52.87,1.999
2024-02-20,25.685,0.009,50.81,1.699
2024-02-21,26.989,0.003,50.81,0.927
2024-02-22,27.487,0.005,51.46,1.104
2024-02-23,27.911,0.523,48.59,0.583
2024-02-24,25.95,1.036,67.52,2.152
2024-02-25,25.624,0.01,60.0,2.643
2024-02-26,24.896,0.147,63.71,3.342
2024-02-27,24.817,0.02,61.3,2.62
2024-02-28,25.128,0.0,47.79,2.31
2024-02-29,25.184,0.0,44.95,2.226
2024-03-01,25.598,0.002,47.03,2.284
2024-03-02,26.09,0.002,39.68,1.955
2024-03-03,26.145,0.008,46.54,1.41
2024-03-04,26.841,0.003,45.27,1.55
2024-03-05,26.792,0.002,45.29,1.867
2024-03-06,27.561,0.002,43.38,1.105
2024-03-07,27.544,0.001,40.04,1.35
2024-03-08,28.006,0.0,41.91,1.474
2024-03-09,28.227,0.68,47.26,1.931
2024-03-10,27.018,0.295,56.5,2.065
2024-03-11,27.186,0.008,49.3,2.149
2024-03-12,27.671,0.0,44.13,1.809
2024-03-13,28.389,0.0,41.17,1.382
2024-03-14,28.955,0.005,42.74,0.653
2024-03-15,28.623,0.002,47.6,1.816
2024-03-16,27.983,0.004,51.33,2.117
2024-03-17,27.302,0.043,50.49,2.566
2024-03-18,27.394,0.01,44.77,1.695
2024-03-19,27.594,0.004,40.25,1.977
2024-03-20,27.351,0.024,47.67,2.199
2024-03-21,26.678,0.028,54.48,2.58
2024-03-22,27.214,0.009,52.5,2.048
2024-03-23,27.574,0.005,44.73,2.236
2024-03-24,27.63,0.001,39.9,2.173
2024-03-25,27.876,0.002,41.15,2.195
2024-03-26,27.446,0.002,41.17,2.36
2024-03-27,27.309,0.001,44.55,1.983
2024-03-28,28.439,0.0,45.29,1.922
2024-03-29,28.912,0.0,40.64,2.048
2024-03-30,28.8,0.002,36.82,1.887
2024-03-31,28.333,0.001,41.26,1.71
2024-04-01,29.093,0.004,48.29,1.47
2024-04-02,29.9,0.001,43.01,1.634
2024-04-03,29.635,0.0,42.73,1.745
2024-04-04,29.772,0.002,39.3,1.883
2024-04-05,30.123,0.001,33.76,1.496
2024-04-06,30.452,0.002,35.28,2.09
2024-04-07,30.267,0.001,30.93,1.564
2024-04-08,29.82,0.019,38.6,2.086
2024-04-09,28.453,0.027,46.9,2.599
2024-04-10,28.408,0.003,47.47,2.646
2024-04-11,28.868,0.103,50.62,2.906
2024-04-12,27.993,0.738,61.64,2.947
2024-04-13,28.08,0.237,56.64,2.594
2024-04-14,28.416,0.001,45.38,2.465
2024-04-15,28.654,0.001,49.18,2.44
2024-04-16,29.637,0.001,39.83,2.036
2024-04-17,30.858,0.0,36.65,1.51
2024-04-18,31.536,0.0,38.03,1.258
2024-04-19,31.68,0.054,39.16,1.186
2024-04-20,31.156,0.172,41.95,0.474
2024-04-21,30.735,0.246,44.42,1.808
2024-04-22,31.054,0.001,37.8,1.401
2024-04-23,30.342,0.003,36.85,2.387
2024-04-24,30.641,0.001,34.65,2.331
2024-04-25,30.812,0.001,38.39,2.202
2024-04-26,30.594,0.0,37.39,2.173
2024-04-27,30.346,0.004,39.47,2.202
2024-04-28,30.902,0.003,41.56,2.111
2024-04-29,31.008,0.002,40.54,1.881
2024-04-30,31.727,0.009,42.79,2.064
2024-05-01,32.874,0.001,35.96,1.109
2024-05-02,32.87,0.151,41.27,0.881
2024-05-03,29.913,9.646,61.29,1.148
2024-05-04,29.754,4.906,60.94,1.352
2024-05-05,30.732,0.479,49.31,1.838
2024-05-06,31.266,0.337,45.57,1.211
2024-05-07,30.34,2.922,53.0,0.336
2024-05-08,28.074,7.682,67.58,0.634
2024-05-09,28.331,3.388,64.32,1.206
2024-05-10,27.859,5.589,68.09,0.553
2024-05-11,27.96,3.593,69.42,1.331
2024-05-12,27.064,8.176,73.69,0.604
2024-05-13,27.215,6.062,68.93,1.179
2024-05-14,27.702,0.862,66.4,0.891
2024-05-15,27.815,1.626,64.74,1.047
2024-05-16,26.176,2.173,74.91,0.49
2024-05-17,26.001,11.761,78.25,0.443
2024-05-18,26.112,11.349,79.01,0.451
2024-05-19,25.195,12.998,84.99,0.311
2024-05-20,24.47,13.937,88.82,0.334
2024-05-21,25.022,17.998,87.68,0.349
2024-05-22,25.815,6.581,83.11,0.826
2024-05-23,26.133,7.41,81.94,0.229
2024-05-24,26.082,7.973,80.88,2.242
2024-05-25,26.557,0.08,69.47,3.862
2024-05-26,26.708,0.403,65.98,4.49
2024-05-27,27.48,0.037,62.39,4.274
2024-05-28,27.248,0.281,67.06,4.213
2024-05-29,27.76,0.012,64.74,3.794
2024-05-30,27.473,10.391,70.26,3.135
2024-05-31,29.057,0.079,62.83,2.739
2024-06-01,27.751,8.891,74.46,2.212
2024-06-02,27.114,9.677,74.76,1.452
2024-06-03,26.48,1.648,78.34,1.108
2024-06-04,26.321,11.488,78.33,1.462
2024-06-05,26.045,9.647,79.67,1.933
2024-06-06,25.588,10.613,82.84,1.674
2024-06-07,24.77,10.011,85.17,1.901
2024-06-08,25.387,2.192,77.0,3.12
2024-06-09,25.935,0.513,71.47,3.961
2024-06-10,25.996,2.728,71.05,4.451
2024-06-11,25.013,7.682,77.56,4.164
2024-06-12,25.077,1.227,76.39,4.132
2024-06-13,25.638,0.715,71.56,3.752
2024-06-14,26.231,0.061,65.89,3.296
2024-06-15,26.73,0.053,59.83,3.168
2024-06-16,26.528,0.342,67.08,2.957
2024-06-17,26.671,4.949,69.48,2.442
2024-06-18,26.093,4.793,72.79,2.944
2024-06-19,25.211,8.142,77.16,3.076
2024-06-20,25.701,0.513,69.6,4.068
2024-06-21,25.898,1.116,69.69,4.141
2024-06-22,26.265,1.565,69.5,3.641
2024-06-23,25.477,3.224,71.43,3.848
2024-06-24,25.562,1.318,70.03,4.718
2024-06-25,25.006,4.902,77.49,4.636
2024-06-26,24.546,0.688,78.29,4.53
2024-06-27,24.797,0.358,74.19,4.797
2024-06-28,26.368,0.081,66.09,3.982
2024-06-29,26.6,0.503,67.88,3.377
2024-06-30,25.775,3.298,74.21,3.149
2024-07-01,24.66,5.205,78.49,3.8
2024-07-02,26.477,0.021,65.56,4.2
2024-07-03,26.289,0.834,66.85,3.881
2024-07-04,25.794,1.364,70.16,3.32
2024-07-05,25.586,3.838,71.27,3.839
2024-07-06,25.494,0.496,67.61,3.951
2024-07-07,25.75,2.581,67.94,3.805
2024-07-08,23.544,14.807,82.66,3.502
2024-07-09,25.456,1.241,68.94,3.195
2024-07-10,26.094,2.852,68.17,2.922
2024-07-11,25.24,1.714,73.65,3.142
2024-07-12,25.474,9.13,75.63,3.679
2024-07-13,25.329,0.27,70.22,4.801
2024-07-14,24.354,6.68,74.77,5.239
2024-07-15,22.58,34.861,89.86,4.659
2024-07-16,22.797,14.635,88.37,4.457
2024-07-17,24.535,5.641,78.2,5.456
2024-07-18,23.045,16.151,85.94,5.468
2024-07-19,22.992,8.098,82.86,5.541
2024-07-20,24.0,1.423,75.55,5.338
2024-07-21,25.083,0.286,70.22,5.589
2024-07-22,25.329,0.262,68.29,5.172
2024-07-23,25.504,0.129,69.33,4.948
2024-07-24,25.24,0.256,70.39,5.135
2024-07-25,24.732,10.216,76.59,4.785
2024-07-26,25.322,1.158,72.27,5.644
2024-07-27,25.746,0.118,63.29,5.992
2024-07-28,24.901,0.036,68.44,5.438
2024-07-29,25.067,5.68,75.12,4.497
2024-07-30,24.25,3.931,80.0,4.389
2024-07-31,24.197,3.522,79.84,3.705
2024-08-01,24.16,5.647,80.51,3.734
2024-08-02,24.408,1.911,76.34,4.096
2024-08-03,24.459,5.688,75.97,3.662
2024-08-04,25.461,0.359,70.0,3.479
2024-08-05,24.539,8.79,78.93,2.26
2024-08-06,23.995,8.384,82.14,2.432
2024-08-07,23.864,4.652,80.62,2.736
2024-08-08,23.839,3.426,79.43,2.745
2024-08-09,24.602,47.007,79.98,2.363
2024-08-10,24.035,51.896,85.26,1.993
2024-08-11,24.983,15.309,79.9,1.914
2024-08-12,25.525,7.16,79.22,1.104
2024-08-13,25.389,5.702,81.01,0.355
2024-08-14,25.875,1.995,76.21,1.109
2024-08-15,25.55,4.045,82.01,0.388
2024-08-16,25.248,14.926,84.94,0.383
2024-08-17,25.975,1.721,78.88,0.777
2024-08-18,26.238,1.117,74.91,0.349
2024-08-19,25.117,7.88,83.83,0.83
2024-08-20,25.549,1.784,79.92,1.029
2024-08-21,24.622,1.74,81.63,1.972
2024-08-22,25.066,0.047,73.0,2.275
2024-08-23,25.499,0.023,71.92,2.425
2024-08-24,24.685,0.9,73.61,3.588
2024-08-25,24.653,0.057,70.99,4.204
2024-08-26,25.052,0.538,69.51,4.1
2024-08-27,24.808,1.284,73.07,3.413
2024-08-28,24.035,3.798,77.78,3.301
2024-08-29,23.991,9.05,80.08,3.732
2024-08-30,23.811,3.385,80.94,3.879
2024-08-31,24.114,1.919,76.7,4.724
2024-09-01,23.893,7.572,81.08,3.821
2024-09-02,24.941,1.518,75.51,3.691
2024-09-03,25.204,0.52,71.78,3.933
2024-09-04,25.133,0.104,69.69,4.221
2024-09-05,25.548,0.192,68.75,4.282
2024-09-06,25.327,0.508,70.47,4.016
2024-09-07,24.831,2.988,74.1,3.82
2024-09-08,24.939,1.005,72.34,4.343
2024-09-09,24.595,0.422,73.68,4.175
2024-09-10,25.347,0.225,69.06,4.459
2024-09-11,25.415,0.216,68.33,3.795
2024-09-12,25.606,0.085,66.69,3.511
2024-09-13,25.507,0.003,64.13,3.178
2024-09-14,25.747,0.038,63.82,3.363
2024-09-15,25.734,0.166,64.32,3.578
2024-09-16,25.775,0.068,62.46,3.75
2024-09-17,25.813,0.097,63.21,3.871
2024-09-18,25.263,0.001,56.06,2.904
2024-09-19,25.584,0.064,58.73,2.592
2024-09-20,25.978,0.256,61.91,2.774
2024-09-21,25.936,0.118,61.79,3.297
2024-09-22,25.715,0.37,64.23,3.364
2024-09-23,25.25,2.364,70.71,3.543
2024-09-24,25.999,0.185,62.98,4.082
2024-09-25,26.108,0.022,62.13,3.673
2024-09-26,26.167,0.106,64.51,3.02
2024-09-27,26.027,2.096,67.01,2.012
2024-09-28,25.345,7.02,77.54,0.493
2024-09-29,25.319,1.584,75.7,1.432
2024-09-30,25.755,0.301,70.8,1.385
2024-10-01,26.418,0.447,68.32,1.232
2024-10-02,26.717,2.759,69.21,1.203
2024-10-03,26.378,1.395,69.2,2.043
2024-10-04,25.5,22.956,77.01,1.553
2024-10-05,23.503,21.051,87.27,1.554
2024-10-06,24.405,3.052,78.74,0.083
2024-10-07,24.455,1.208,75.49,1.489
2024-10-08,24.343,1.729,81.24,1.434
2024-10-09,24.204,3.399,83.7,1.477
2024-10-10,23.84,5.252,84.91,1.393
2024-10-11,23.978,4.708,84.72,1.347
2024-10-12,23.44,5.99,85.99,1.836
2024-10-13,23.756,3.89,85.07,1.328
2024-10-14,22.589,26.293,91.99,1.244
2024-10-15,22.162,32.369,94.11,0.643
2024-10-16,22.782,3.598,84.71,1.472
2024-10-17,24.186,0.911,79.05,1.597
2024-10-18,24.051,3.075,82.28,0.679
2024-10-19,22.836,10.304,91.38,0.806
2024-10-20,23.752,12.793,85.39,0.421
2024-10-21,23.25,13.442,90.08,0.159
2024-10-22,23.772,19.987,86.95,0.162
2024-10-23,24.062,5.37,82.89,0.178
2024-10-24,23.33,7.823,86.72,1.221
2024-10-25,24.084,0.019,72.84,1.43
2024-10-26,23.484,0.188,70.86,1.764
2024-10-27,23.66,0.021,70.03,1.491
2024-10-28,24.139,0.163,71.76,1.088
2024-10-29,24.639,0.29,73.0,1.02
2024-10-30,24.379,1.188,77.56,0.199
2024-10-31,24.167,2.874,83.39,0.565
2024-11-01,23.603,7.957,85.38,0.672
2024-11-02,23.261,7.532,84.64,1.171
2024-11-03,23.278,2.917,82.95,1.374
2024-11-04,22.906,2.339,83.24,1.28
2024-11-05,22.881,0.064,72.85,1.34
2024-11-06,24.211,1.094,67.18,1.46
2024-11-07,23.357,0.755,79.26,1.648
2024-11-08,23.501,0.02,73.07,1.78
2024-11-09,23.01,0.006,69.5,1.781
2024-11-10,22.981,0.013,67.73,1.794
2024-11-11,24.023,0.021,67.77,1.621
2024-11-12,22.996,2.507,79.85,1.92
2024-11-13,22.443,5.359,90.04,2.176
2024-11-14,22.55,5.638,87.8,1.707
2024-11-15,22.997,5.14,85.06,1.834
2024-11-16,22.819,3.454,87.19,2.176
2024-11-17,23.053,1.536,81.46,2.346
2024-11-18,23.11,0.358,77.46,2.55
2024-11-19,22.683,0.048,73.09,2.227
2024-11-20,22.069,0.004,73.66,1.804
2024-11-21,22.223,0.017,73.39,1.606
2024-11-22,21.499,0.0,71.01,1.528
2024-11-23,22.449,0.055,73.66,1.326
2024-11-24,22.66,0.069,74.19,1.486
2024-11-25,22.501,0.005,70.1,1.743
2024-11-26,22.153,1.872,76.67,2.807
2024-11-27,21.845,0.157,72.57,2.795
2024-11-28,22.437,1.199,55.93,2.885
2024-11-29,22.058,0.903,66.64,3.021
2024-11-30,21.911,17.286,82.83,4.136
2024-12-01,21.79,53.175,91.12,4.159
2024-12-02,21.926,6.643,93.76,0.775
2024-12-03,22.718,7.841,90.38,1.719
2024-12-04,23.086,1.646,81.99,1.785
2024-12-05,23.135,1.634,84.63,1.582
2024-12-06,23.039,0.05,80.02,1.208
2024-12-07,22.993,0.355,82.28,1.347
2024-12-08,22.641,0.083,76.83,1.162
2024-12-09,22.817,0.082,76.25,0.95
2024-12-10,22.83,0.018,74.78,1.732
2024-12-11,21.668,11.364,84.81,2.521
2024-12-12,20.951,26.102,96.1,2.819
2024-12-13,21.978,1.637,84.86,2.777
2024-12-14,20.962,0.005,77.25,2.393
2024-12-15,19.371,0.006,78.53,1.906
2024-12-16,19.377,0.005,74.74,1.65
2024-12-17,21.757,0.318,74.05,1.336
2024-12-18,22.403,2.5,82.6,1.813
2024-12-19,23.551,0.384,75.56,1.55
2024-12-20,23.784,0.523,77.61,1.42
2024-12-21,23.399,0.332,76.08,0.865
2024-12-22,22.708,0.864,80.38,0.571
2024-12-23,21.83,0.302,77.87,0.553
2024-12-24,22.107,0.038,72.32,0.988
2024-12-25,22.56,0.853,78.15,1.399
2024-12-26,22.341,3.011,89.11,2.308
2024-12-27,21.095,5.252,93.07,1.999
2024-12-28,21.439,0.288,80.12,2.167
2024-12-29,21.697,0.001,74.66,1.869
2024-12-30,21.953,0.409,77.45,2.513
