date,mean_ndvi,mean_evi,mean_ndwi,cloud_cover_pct,collection_id,sensor_name,satellite_platform,observation_year,composite_start_date,composite_end_date,image_count,valid_pixel_count,district_cropland_pixels,coverage_fraction
2000-01-30,0.4575080092477252,0.28473267978443434,0.08544439802252304,3,LANDSAT/LE07/C02/T1_L2,Landsat 7 ETM+,LANDSAT_7,2000,2000-01-01,2012-12-31,1,148671,511147.0,0.29086
2000-01-30,0.4539509297681357,0.2901026234587623,0.08826274746354683,11,LANDSAT/LE07/C02/T1_L2,Landsat 7 ETM+,LANDSAT_7,2000,2000-01-01,2012-12-31,1,42230,511147.0,0.08262
2000-02-07,0.3806130887545759,0.3496739013257483,0.11335836485691918,45,LANDSAT/LT05/C02/T1_L2,Landsat 5 TM,LANDSAT_5,2000,2000-01-01,2012-12-31,1,2795,511147.0,0.00547
2000-04-03,0.3822753766515871,0.26848613426660184,-0.013899151602606668,14,LANDSAT/LE07/C02/T1_L2,Landsat 7 ETM+,LANDSAT_7,2000,2000-01-01,2012-12-31,1,96282,511147.0,0.18836
2000-04-03,0.39488869843939817,0.2772236850830068,0.002909039900889282,28,LANDSAT/LE07/C02/T1_L2,Landsat 7 ETM+,LANDSAT_7,2000,2000-01-01,2012-12-31,1,36623,511147.0,0.07165
2000-04-10,0.2715900391242331,0.16505213614845157,-0.102454567508593,0,LANDSAT/LE07/C02/T1_L2,Landsat 7 ETM+,LANDSAT_7,2000,2000-01-01,2012-12-31,1,183109,511147.0,0.35823
2000-04-19,0.33669063582303527,0.23814666310657945,-0.025072801826517638,15,LANDSAT/LE07/C02/T1_L2,Landsat 7 ETM+,LANDSAT_7,2000,2000-01-01,2012-12-31,1,41308,511147.0,0.08081
2000-05-05,0.2804575414083791,0.19608262284839242,-0.060310576619344115,2,LANDSAT/LE07/C02/T1_L2,Landsat 7 ETM+,LANDSAT_7,2000,2000-01-01,2012-12-31,1,155060,511147.0,0.30336
2000-05-12,0.28284252395565007,0.17302257468709586,-0.08292909884596748,0,LANDSAT/LE07/C02/T1_L2,Landsat 7 ETM+,LANDSAT_7,2000,2000-01-01,2012-12-31,1,375531,511147.0,0.73468
2000-07-15,0.326670728646434,0.22106328896147318,-0.01064671580108162,13,LANDSAT/LE07/C02/T1_L2,Landsat 7 ETM+,LANDSAT_7,2000,2000-01-01,2012-12-31,1,306812,511147.0,0.60024
2000-07-15,0.30094067192720325,0.19779311353677623,-0.03123399798853316,3,LANDSAT/LE07/C02/T1_L2,Landsat 7 ETM+,LANDSAT_7,2000,2000-01-01,2012-12-31,1,174056,511147.0,0.34052
2000-09-10,0.4938288270289999,0.360740352000162,0.16718571243091634,3,LANDSAT/LE07/C02/T1_L2,Landsat 7 ETM+,LANDSAT_7,2000,2000-01-01,2012-12-31,1,160799,511147.0,0.31458
2000-09-10,0.4777673341638171,0.3461153632233041,0.17352085456766494,6,LANDSAT/LE07/C02/T1_L2,Landsat 7 ETM+,LANDSAT_7,2000,2000-01-01,2012-12-31,1,48803,511147.0,0.09548
2000-10-19,0.4418890452386079,0.32652777968828683,0.09556039276814952,31,LANDSAT/LE07/C02/T1_L2,Landsat 7 ETM+,LANDSAT_7,2000,2000-01-01,2012-12-31,1,2786,511147.0,0.00545
2000-10-28,0.539030738706999,0.3559167302991074,0.15596918333423143,0,LANDSAT/LE07/C02/T1_L2,Landsat 7 ETM+,LANDSAT_7,2000,2000-01-01,2012-12-31,1,162869,511147.0,0.31863
2000-10-28,0.549038916790179,0.36459441340574417,0.1652170991172419,0,LANDSAT/LE07/C02/T1_L2,Landsat 7 ETM+,LANDSAT_7,2000,2000-01-01,2012-12-31,1,48810,511147.0,0.09549
2000-11-04,0.5407452989120995,0.359715590159273,0.16353789685793124,44,LANDSAT/LE07/C02/T1_L2,Landsat 7 ETM+,LANDSAT_7,2000,2000-01-01,2012-12-31,1,155339,511147.0,0.3039
2000-11-04,0.5490825960896466,0.35795250296256487,0.17175876514250193,43,LANDSAT/LE07/C02/T1_L2,Landsat 7 ETM+,LANDSAT_7,2000,2000-01-01,2012-12-31,1,51688,511147.0,0.10112
2000-11-20,0.42711696746840144,0.3187592667935287,0.18960087690285105,52,LANDSAT/LE07/C02/T1_L2,Landsat 7 ETM+,LANDSAT_7,2000,2000-01-01,2012-12-31,1,59163,511147.0,0.11575
2000-12-06,0.5410000963771217,0.33436826110005136,0.1525154092176522,10,LANDSAT/LE07/C02/T1_L2,Landsat 7 ETM+,LANDSAT_7,2000,2000-01-01,2012-12-31,1,161584,511147.0,0.31612
2000-12-06,0.5159326191130654,0.32821910838188795,0.143229344413674,28,LANDSAT/LE07/C02/T1_L2,Landsat 7 ETM+,LANDSAT_7,2000,2000-01-01,2012-12-31,1,82441,511147.0,0.16129
2000-12-15,0.4752105609208794,0.30078208931365324,0.113513226468401,11,LANDSAT/LE07/C02/T1_L2,Landsat 7 ETM+,LANDSAT_7,2000,2000-01-01,2012-12-31,1,157969,511147.0,0.30905
2000-12-15,0.4936214568912625,0.31517754919001145,0.1245820599807274,6,LANDSAT/LE07/C02/T1_L2,Landsat 7 ETM+,LANDSAT_7,2000,2000-01-01,2012-12-31,1,48182,511147.0,0.09426
2001-01-07,0.5065685757343578,0.3262315914367635,0.11549816591581766,27,LANDSAT/LE07/C02/T1_L2,Landsat 7 ETM+,LANDSAT_7,2001,2000-01-01,2012-12-31,1,42965,511147.0,0.08406
2001-02-09,0.40313845795172965,0.2763533579839739,0.021120109280808198,4,LANDSAT/LT05/C02/T1_L2,Landsat 5 TM,LANDSAT_5,2001,2000-01-01,2012-12-31,1,33470,511147.0,0.06548
2001-02-24,0.3800756564089229,0.23138464142793322,-0.00606417608047932,0,LANDSAT/LE07/C02/T1_L2,Landsat 7 ETM+,LANDSAT_7,2001,2000-01-01,2012-12-31,1,372460,511147.0,0.72867
2001-02-24,0.38058715919608455,0.22975882904874353,-0.0037269878371531074,1,LANDSAT/LE07/C02/T1_L2,Landsat 7 ETM+,LANDSAT_7,2001,2000-01-01,2012-12-31,1,183959,511147.0,0.35989
2001-03-04,0.34764986158675276,0.21645863311244182,-0.023574984655309595,0,LANDSAT/LT05/C02/T1_L2,Landsat 5 TM,LANDSAT_5,2001,2000-01-01,2012-12-31,1,350832,511147.0,0.68636
2001-03-04,0.34626772195765504,0.21446996460233536,-0.021790275484674018,2,LANDSAT/LT05/C02/T1_L2,Landsat 5 TM,LANDSAT_5,2001,2000-01-01,2012-12-31,1,175709,511147.0,0.34375
2001-03-21,0.31743988823780817,0.21097512852668135,-0.06713312570039391,1,LANDSAT/LE07/C02/T1_L2,Landsat 7 ETM+,LANDSAT_7,2001,2000-01-01,2012-12-31,1,158725,511147.0,0.31053
2001-03-21,0.306987220205269,0.20792132860158882,-0.06364983404224495,3,LANDSAT/LE07/C02/T1_L2,Landsat 7 ETM+,LANDSAT_7,2001,2000-01-01,2012-12-31,1,47282,511147.0,0.0925
2001-04-22,0.3292979942753246,0.22381715008573425,-0.07098838046890392,3,LANDSAT/LE07/C02/T1_L2,Landsat 7 ETM+,LANDSAT_7,2001,2000-01-01,2012-12-31,1,149952,511147.0,0.29336
2001-04-22,0.3355685765835864,0.23059326854447762,-0.06350121172290854,4,LANDSAT/LE07/C02/T1_L2,Landsat 7 ETM+,LANDSAT_7,2001,2000-01-01,2012-12-31,1,48370,511147.0,0.09463
2001-04-29,0.3119348451864633,0.2366260842750387,-0.0035369459851496247,17,LANDSAT/LE07/C02/T1_L2,Landsat 7 ETM+,LANDSAT_7,2001,2000-01-01,2012-12-31,1,191462,511147.0,0.37457
2001-04-29,0.31372121691954674,0.2637773927062394,0.01625397792178135,53,LANDSAT/LE07/C02/T1_L2,Landsat 7 ETM+,LANDSAT_7,2001,2000-01-01,2012-12-31,1,129334,511147.0,0.25303
2001-04-30,0.2656067851843684,0.2137962917148232,-0.009712348167642604,52,LANDSAT/LT05/C02/T1_L2,Landsat 5 TM,LANDSAT_5,2001,2000-01-01,2012-12-31,1,124354,511147.0,0.24328
2001-04-30,0.2739474346736016,0.2159439107478894,-0.018101384661253,34,LANDSAT/LT05/C02/T1_L2,Landsat 5 TM,LANDSAT_5,2001,2000-01-01,2012-12-31,1,32353,511147.0,0.06329
2001-05-15,0.3211193719903753,0.2112152330504909,-0.021708814209902436,0,LANDSAT/LE07/C02/T1_L2,Landsat 7 ETM+,LANDSAT_7,2001,2000-01-01,2012-12-31,1,184846,511147.0,0.36163
2001-05-16,0.32513465801346947,0.2402517233301125,-0.009306590270595796,8,LANDSAT/LT05/C02/T1_L2,Landsat 5 TM,LANDSAT_5,2001,2000-01-01,2012-12-31,1,42826,511147.0,0.08378
2001-05-23,0.35313303177450145,0.22077947211780863,-0.007410649433621238,1,LANDSAT/LT05/C02/T1_L2,Landsat 5 TM,LANDSAT_5,2001,2000-01-01,2012-12-31,1,383182,511147.0,0.74965
2001-06-01,0.33002649771515846,0.24807233700474082,0.013496650740971393,38,LANDSAT/LT05/C02/T1_L2,Landsat 5 TM,LANDSAT_5,2001,2000-01-01,2012-12-31,1,129719,511147.0,0.25378
2001-06-01,0.38360918563593743,0.29037166261291075,0.056961005757190694,63,LANDSAT/LT05/C02/T1_L2,Landsat 5 TM,LANDSAT_5,2001,2000-01-01,2012-12-31,1,47768,511147.0,0.09345
2001-06-08,0.39466298003603,0.2766783535002344,0.06939238780649566,23,LANDSAT/LT05/C02/T1_L2,Landsat 5 TM,LANDSAT_5,2001,2000-01-01,2012-12-31,1,256186,511147.0,0.5012
2001-07-03,0.32216917401461964,0.2256149662298479,-0.016213496083576216,5,LANDSAT/LT05/C02/T1_L2,Landsat 5 TM,LANDSAT_5,2001,2000-01-01,2012-12-31,1,169808,511147.0,0.33221
2001-08-28,0.4823432065181417,0.3428929309759366,0.13015664336256916,43,LANDSAT/LE07/C02/T1_L2,Landsat 7 ETM+,LANDSAT_7,2001,2000-01-01,2012-12-31,1,155390,511147.0,0.304
2001-08-28,0.4800207282424957,0.33310652409752844,0.1265699770540223,10,LANDSAT/LE07/C02/T1_L2,Landsat 7 ETM+,LANDSAT_7,2001,2000-01-01,2012-12-31,1,48745,511147.0,0.09536
2001-09-04,0.474267732690756,0.3292018713978252,0.10716796359790229,7,LANDSAT/LE07/C02/T1_L2,Landsat 7 ETM+,LANDSAT_7,2001,2000-01-01,2012-12-31,1,322105,511147.0,0.63016
2001-09-04,0.46436359781750886,0.3186503219563409,0.10127770665812655,1,LANDSAT/LE07/C02/T1_L2,Landsat 7 ETM+,LANDSAT_7,2001,2000-01-01,2012-12-31,1,178339,511147.0,0.3489
2001-09-05,0.41331558949414554,0.34895283800106464,0.09952908430251907,46,LANDSAT/LT05/C02/T1_L2,Landsat 5 TM,LANDSAT_5,2001,2000-01-01,2012-12-31,1,24401,511147.0,0.04774
2001-09-13,0.5022376351311602,0.36148400454987795,0.15459333799828848,43,LANDSAT/LE07/C02/T1_L2,Landsat 7 ETM+,LANDSAT_7,2001,2000-01-01,2012-12-31,1,118093,511147.0,0.23104
2001-09-13,0.5037738550898848,0.35188233944626307,0.14549607194029768,10,LANDSAT/LE07/C02/T1_L2,Landsat 7 ETM+,LANDSAT_7,2001,2000-01-01,2012-12-31,1,46888,511147.0,0.09173
2001-10-31,0.5397120998678704,0.35517874367728863,0.1890738451786048,13,LANDSAT/LE07/C02/T1_L2,Landsat 7 ETM+,LANDSAT_7,2001,2000-01-01,2012-12-31,1,80375,511147.0,0.15724
2001-10-31,0.5234155251549522,0.34532208015906674,0.18340285748781276,20,LANDSAT/LE07/C02/T1_L2,Landsat 7 ETM+,LANDSAT_7,2001,2000-01-01,2012-12-31,1,28818,511147.0,0.05638
2001-12-09,0.5249534031640166,0.31151249772367745,0.1540571818269738,0,LANDSAT/LE07/C02/T1_L2,Landsat 7 ETM+,LANDSAT_7,2001,2000-01-01,2012-12-31,1,360080,511147.0,0.70445
2001-12-09,0.5387684731559792,0.32461187336890224,0.12915199531648713,0,LANDSAT/LE07/C02/T1_L2,Landsat 7 ETM+,LANDSAT_7,2001,2000-01-01,2012-12-31,1,163058,511147.0,0.319
2002-01-03,0.46085161438066424,0.31633377838575866,0.16657604465512466,2,LANDSAT/LE07/C02/T1_L2,Landsat 7 ETM+,LANDSAT_7,2002,2000-01-01,2012-12-31,1,152747,511147.0,0.29883
2002-01-03,0.5141120968909336,0.34299940950470464,0.1583691493464058,11,LANDSAT/LE07/C02/T1_L2,Landsat 7 ETM+,LANDSAT_7,2002,2000-01-01,2012-12-31,1,44705,511147.0,0.08746
2002-01-10,0.5405480903315865,0.3794644125379269,0.14523939114988996,57,LANDSAT/LE07/C02/T1_L2,Landsat 7 ETM+,LANDSAT_7,2002,2000-01-01,2012-12-31,1,20292,511147.0,0.0397
2002-01-26,0.39873013336389035,0.3123707011543329,0.14253637143477407,59,LANDSAT/LE07/C02/T1_L2,Landsat 7 ETM+,LANDSAT_7,2002,2000-01-01,2012-12-31,1,80896,511147.0,0.15826
2002-01-26,0.4544896030381803,0.29691237356201605,0.06406683085241117,40,LANDSAT/LE07/C02/T1_L2,Landsat 7 ETM+,LANDSAT_7,2002,2000-01-01,2012-12-31,1,11160,511147.0,0.02183
2002-02-20,0.44404421486429874,0.2976307506923171,0.08350139669898074,6,LANDSAT/LE07/C02/T1_L2,Landsat 7 ETM+,LANDSAT_7,2002,2000-01-01,2012-12-31,1,138939,511147.0,0.27182
2002-02-20,0.4197663472278996,0.286756782308584,0.0557059171702754,11,LANDSAT/LE07/C02/T1_L2,Landsat 7 ETM+,LANDSAT_7,2002,2000-01-01,2012-12-31,1,42880,511147.0,0.08389
2002-02-27,0.39046525395901915,0.22358623764110205,0.008376251699546745,0,LANDSAT/LE07/C02/T1_L2,Landsat 7 ETM+,LANDSAT_7,2002,2000-01-01,2012-12-31,1,365028,511147.0,0.71414
2002-02-27,0.35877411860047015,0.20354302400388677,-0.03376101932349662,1,LANDSAT/LE07/C02/T1_L2,Landsat 7 ETM+,LANDSAT_7,2002,2000-01-01,2012-12-31,1,181310,511147.0,0.35471
2002-03-15,0.34884195233461807,0.2326684403243409,-0.016814729463550906,30,LANDSAT/LE07/C02/T1_L2,Landsat 7 ETM+,LANDSAT_7,2002,2000-01-01,2012-12-31,1,190685,511147.0,0.37305
2002-03-15,0.32337521500797045,0.21722438509941125,-0.03618100122383993,39,LANDSAT/LE07/C02/T1_L2,Landsat 7 ETM+,LANDSAT_7,2002,2000-01-01,2012-12-31,1,127701,511147.0,0.24983
2002-03-24,0.30217611356813,0.22047903364906113,-0.03431603841147866,11,LANDSAT/LE07/C02/T1_L2,Landsat 7 ETM+,LANDSAT_7,2002,2000-01-01,2012-12-31,1,143279,511147.0,0.28031
2002-03-24,0.31321258885198394,0.22978574930057158,-0.03954133699423794,3,LANDSAT/LE07/C02/T1_L2,Landsat 7 ETM+,LANDSAT_7,2002,2000-01-01,2012-12-31,1,44505,511147.0,0.08707
2002-03-31,0.3017726069804189,0.2086055314114689,-0.03702464033886374,20,LANDSAT/LE07/C02/T1_L2,Landsat 7 ETM+,LANDSAT_7,2002,2000-01-01,2012-12-31,1,185658,511147.0,0.36322
2002-03-31,0.2809919077824366,0.1888124423872309,-0.05778232090268518,23,LANDSAT/LE07/C02/T1_L2,Landsat 7 ETM+,LANDSAT_7,2002,2000-01-01,2012-12-31,1,109375,511147.0,0.21398
2002-04-16,0.2996848201438812,0.18949898335675505,-0.0518081686674399,1,LANDSAT/LE07/C02/T1_L2,Landsat 7 ETM+,LANDSAT_7,2002,2000-01-01,2012-12-31,1,354130,511147.0,0.69281
2002-04-16,0.2924295753204079,0.18263799506849648,-0.06329347740128381,13,LANDSAT/LE07/C02/T1_L2,Landsat 7 ETM+,LANDSAT_7,2002,2000-01-01,2012-12-31,1,179063,511147.0,0.35032
2002-04-25,0.2694928343394823,0.2073959802406496,-0.04318835535307363,13,LANDSAT/LE07/C02/T1_L2,Landsat 7 ETM+,LANDSAT_7,2002,2000-01-01,2012-12-31,1,87643,511147.0,0.17146
2002-04-25,0.2681561967731201,0.21004652325834117,-0.048876619076710016,24,LANDSAT/LE07/C02/T1_L2,Landsat 7 ETM+,LANDSAT_7,2002,2000-01-01,2012-12-31,1,29587,511147.0,0.05788
2002-05-02,0.20889701281434622,0.17417951544610688,-0.041630902561891156,27,LANDSAT/LE07/C02/T1_L2,Landsat 7 ETM+,LANDSAT_7,2002,2000-01-01,2012-12-31,1,51393,511147.0,0.10054
2002-06-12,0.4202390685885861,0.31431192549292425,0.08049947505492354,20,LANDSAT/LE07/C02/T1_L2,Landsat 7 ETM+,LANDSAT_7,2002,2000-01-01,2012-12-31,1,93213,511147.0,0.18236
2002-06-12,0.41881107060921013,0.31410305419532686,0.07353262919722656,70,LANDSAT/LE07/C02/T1_L2,Landsat 7 ETM+,LANDSAT_7,2002,2000-01-01,2012-12-31,1,54362,511147.0,0.10635
2002-06-28,0.4008795229206283,0.2934290273983891,0.049889789718417205,0,LANDSAT/LE07/C02/T1_L2,Landsat 7 ETM+,LANDSAT_7,2002,2000-01-01,2012-12-31,1,163712,511147.0,0.32028
2002-06-28,0.39972564068982536,0.297935305957094,0.05178175411051478,0,LANDSAT/LE07/C02/T1_L2,Landsat 7 ETM+,LANDSAT_7,2002,2000-01-01,2012-12-31,1,53798,511147.0,0.10525
2002-07-21,0.3802414061527015,0.2808104582217735,0.1014899251254679,23,LANDSAT/LE07/C02/T1_L2,Landsat 7 ETM+,LANDSAT_7,2002,2000-01-01,2012-12-31,1,27007,511147.0,0.05284
2002-07-21,0.2889189144203224,0.2500622757791431,0.10717161555148141,59,LANDSAT/LE07/C02/T1_L2,Landsat 7 ETM+,LANDSAT_7,2002,2000-01-01,2012-12-31,1,2475,511147.0,0.00484
2002-09-07,0.36623732243025436,0.2719381922902364,0.04070127926276057,37,LANDSAT/LE07/C02/T1_L2,Landsat 7 ETM+,LANDSAT_7,2002,2000-01-01,2012-12-31,1,76415,511147.0,0.1495
2002-09-07,0.32857783382532435,0.233617128121665,-0.009820381394733839,18,LANDSAT/LE07/C02/T1_L2,Landsat 7 ETM+,LANDSAT_7,2002,2000-01-01,2012-12-31,1,22873,511147.0,0.04475
2002-09-16,0.43593119381303475,0.3052392904336591,0.08312668362498897,21,LANDSAT/LE07/C02/T1_L2,Landsat 7 ETM+,LANDSAT_7,2002,2000-01-01,2012-12-31,1,129396,511147.0,0.25315
2002-09-16,0.46352840501218817,0.32357235485371755,0.1023508624797246,2,LANDSAT/LE07/C02/T1_L2,Landsat 7 ETM+,LANDSAT_7,2002,2000-01-01,2012-12-31,1,47627,511147.0,0.09318
2002-09-23,0.46665452383814204,0.30770687775193123,0.07717428259667661,13,LANDSAT/LE07/C02/T1_L2,Landsat 7 ETM+,LANDSAT_7,2002,2000-01-01,2012-12-31,1,368750,511147.0,0.72142
2002-09-23,0.4374341306356034,0.2851880296242193,0.04844415819944848,1,LANDSAT/LE07/C02/T1_L2,Landsat 7 ETM+,LANDSAT_7,2002,2000-01-01,2012-12-31,1,184516,511147.0,0.36098
2002-10-02,0.4312743154127231,0.34888431305545736,0.08334910883930262,25,LANDSAT/LE07/C02/T1_L2,Landsat 7 ETM+,LANDSAT_7,2002,2000-01-01,2012-12-31,1,44765,511147.0,0.08758
2002-10-02,0.4128528424252112,0.3297334980687557,0.0694558902120769,22,LANDSAT/LE07/C02/T1_L2,Landsat 7 ETM+,LANDSAT_7,2002,2000-01-01,2012-12-31,1,15025,511147.0,0.02939
2002-10-25,0.48902448307122465,0.3753870756361149,0.1502613387314397,66,LANDSAT/LE07/C02/T1_L2,Landsat 7 ETM+,LANDSAT_7,2002,2000-01-01,2012-12-31,1,45417,511147.0,0.08885
2002-11-03,0.4708214853796215,0.3916679789045177,0.15732553007015002,31,LANDSAT/LE07/C02/T1_L2,Landsat 7 ETM+,LANDSAT_7,2002,2000-01-01,2012-12-31,1,33653,511147.0,0.06584
2002-11-03,0.4193940689753051,0.36351789308864574,0.13190697553817016,33,LANDSAT/LE07/C02/T1_L2,Landsat 7 ETM+,LANDSAT_7,2002,2000-01-01,2012-12-31,1,13381,511147.0,0.02618
2002-11-26,0.48892077551762647,0.31722592831394886,0.09670988898491084,0,LANDSAT/LE07/C02/T1_L2,Landsat 7 ETM+,LANDSAT_7,2002,2000-01-01,2012-12-31,1,363890,511147.0,0.71191
2002-11-26,0.4920591511770437,0.31848324912955606,0.09852545236228727,4,LANDSAT/LE07/C02/T1_L2,Landsat 7 ETM+,LANDSAT_7,2002,2000-01-01,2012-12-31,1,174019,511147.0,0.34045
2002-12-21,0.4144338602908215,0.29330895838240495,0.06758429419284871,21,LANDSAT/LE07/C02/T1_L2,Landsat 7 ETM+,LANDSAT_7,2002,2000-01-01,2012-12-31,1,31296,511147.0,0.06123
2002-12-21,0.40262022836079764,0.29005327924135654,0.06569566764938312,29,LANDSAT/LE07/C02/T1_L2,Landsat 7 ETM+,LANDSAT_7,2002,2000-01-01,2012-12-31,1,16574,511147.0,0.03243
2002-12-28,0.4019934536634687,0.27358049112989086,0.05930919311562661,22,LANDSAT/LE07/C02/T1_L2,Landsat 7 ETM+,LANDSAT_7,2002,2000-01-01,2012-12-31,1,296985,511147.0,0.58102
2002-12-28,0.40454757137038366,0.28181024357188816,0.051457071159148514,67,LANDSAT/LE07/C02/T1_L2,Landsat 7 ETM+,LANDSAT_7,2002,2000-01-01,2012-12-31,1,89293,511147.0,0.17469
2003-01-06,0.38788378614108976,0.2937985349733313,0.04639149464170885,13,LANDSAT/LE07/C02/T1_L2,Landsat 7 ETM+,LANDSAT_7,2003,2000-01-01,2012-12-31,1,48044,511147.0,0.09399
2003-01-06,0.40981273631346665,0.2994667503803659,0.05358127969367906,14,LANDSAT/LE07/C02/T1_L2,Landsat 7 ETM+,LANDSAT_7,2003,2000-01-01,2012-12-31,1,19881,511147.0,0.03889
2003-01-22,0.3934164759138438,0.2662461248167941,0.019075527645314,15,LANDSAT/LE07/C02/T1_L2,Landsat 7 ETM+,LANDSAT_7,2003,2000-01-01,2012-12-31,1,122567,511147.0,0.23979
2003-01-22,0.3908917870571008,0.27370064387031984,0.02310311393310851,15,LANDSAT/LE07/C02/T1_L2,Landsat 7 ETM+,LANDSAT_7,2003,2000-01-01,2012-12-31,1,28479,511147.0,0.05572
2003-01-29,0.3774909632358583,0.23390080395122234,0.004557615009534898,2,LANDSAT/LE07/C02/T1_L2,Landsat 7 ETM+,LANDSAT_7,2003,2000-01-01,2012-12-31,1,325411,511147.0,0.63663
2003-01-29,0.3864256263025997,0.2350014039944339,0.005122335464878197,3,LANDSAT/LE07/C02/T1_L2,Landsat 7 ETM+,LANDSAT_7,2003,2000-01-01,2012-12-31,1,178986,511147.0,0.35017
2003-02-14,0.32472416905117335,0.23402900347419592,-0.011601518442228443,27,LANDSAT/LE07/C02/T1_L2,Landsat 7 ETM+,LANDSAT_7,2003,2000-01-01,2012-12-31,1,38169,511147.0,0.07467
2003-02-14,0.2994779223232972,0.22089182733740606,-0.03281647887783337,33,LANDSAT/LE07/C02/T1_L2,Landsat 7 ETM+,LANDSAT_7,2003,2000-01-01,2012-12-31,1,16287,511147.0,0.03186
2003-02-23,0.28796479254616597,0.22775289523232717,-0.036918388321904694,17,LANDSAT/LE07/C02/T1_L2,Landsat 7 ETM+,LANDSAT_7,2003,2000-01-01,2012-12-31,1,40525,511147.0,0.07928
2003-02-23,0.2772860070481248,0.22032868137443967,-0.04477548932779724,30,LANDSAT/LE07/C02/T1_L2,Landsat 7 ETM+,LANDSAT_7,2003,2000-01-01,2012-12-31,1,12063,511147.0,0.0236
2003-03-18,0.2728266259492265,0.1702072626932139,-0.02790929356080197,15,LANDSAT/LE07/C02/T1_L2,Landsat 7 ETM+,LANDSAT_7,2003,2000-01-01,2012-12-31,1,254739,511147.0,0.49837
2003-03-18,0.2463979952849359,0.16023900287813278,-0.06959106342190707,24,LANDSAT/LE07/C02/T1_L2,Landsat 7 ETM+,LANDSAT_7,2003,2000-01-01,2012-12-31,1,120260,511147.0,0.23527
2003-04-03,0.2157800341803672,0.15410864384579603,-0.08709181748317668,44,LANDSAT/LE07/C02/T1_L2,Landsat 7 ETM+,LANDSAT_7,2003,2000-01-01,2012-12-31,1,275802,511147.0,0.53957
2003-04-03,0.19615149860932565,0.1401650831315033,-0.08785320254602286,20,LANDSAT/LE07/C02/T1_L2,Landsat 7 ETM+,LANDSAT_7,2003,2000-01-01,2012-12-31,1,127852,511147.0,0.25013
2003-04-12,0.2835318185978321,0.2030426218359486,-0.07802009293942527,5,LANDSAT/LE07/C02/T1_L2,Landsat 7 ETM+,LANDSAT_7,2003,2000-01-01,2012-12-31,1,135022,511147.0,0.26415
2003-04-12,0.24141175472302476,0.17236076330532807,-0.09635278047596817,10,LANDSAT/LE07/C02/T1_L2,Landsat 7 ETM+,LANDSAT_7,2003,2000-01-01,2012-12-31,1,46726,511147.0,0.09141
2003-04-19,0.23218244157192794,0.1525634729779059,-0.0898377200687338,2,LANDSAT/LE07/C02/T1_L2,Landsat 7 ETM+,LANDSAT_7,2003,2000-01-01,2012-12-31,1,323813,511147.0,0.6335
2003-04-19,0.22409569055919845,0.14346982609074674,-0.10553391255383979,23,LANDSAT/LE07/C02/T1_L2,Landsat 7 ETM+,LANDSAT_7,2003,2000-01-01,2012-12-31,1,180140,511147.0,0.35242
2003-05-05,0.22384883590461307,0.14349044810384462,-0.10030763133011586,2,LANDSAT/LE07/C02/T1_L2,Landsat 7 ETM+,LANDSAT_7,2003,2000-01-01,2012-12-31,1,371213,511147.0,0.72624
2003-05-05,0.22313357423610083,0.1412125720835564,-0.10276967021224868,2,LANDSAT/LE07/C02/T1_L2,Landsat 7 ETM+,LANDSAT_7,2003,2000-01-01,2012-12-31,1,183898,511147.0,0.35978
2003-05-21,0.2148114963149103,0.14032280126743796,-0.1011940334823748,2,LANDSAT/LE07/C02/T1_L2,Landsat 7 ETM+,LANDSAT_7,2003,2000-01-01,2012-12-31,1,338195,511147.0,0.66164
2003-05-21,0.22803749849675856,0.14530968584665022,-0.09777601292499634,5,LANDSAT/LE07/C02/T1_L2,Landsat 7 ETM+,LANDSAT_7,2003,2000-01-01,2012-12-31,1,175084,511147.0,0.34253
2003-05-30,0.2149535022257991,0.15832038071511798,-0.06508987016730879,12,LANDSAT/LE07/C02/T1_L2,Landsat 7 ETM+,LANDSAT_7,2003,2000-01-01,2012-12-31,1,117374,511147.0,0.22963
2003-05-30,0.20801683942925434,0.15330967068883436,-0.07432801880975178,25,LANDSAT/LE07/C02/T1_L2,Landsat 7 ETM+,LANDSAT_7,2003,2000-01-01,2012-12-31,1,38506,511147.0,0.07533
2003-08-09,0.504681988638333,0.34797371024582374,0.11455697142027237,17,LANDSAT/LE07/C02/T1_L2,Landsat 7 ETM+,LANDSAT_7,2003,2000-01-01,2012-12-31,1,124853,511147.0,0.24426
2003-10-12,0.6077018115924884,0.40562904285291007,0.22749656779080754,32,LANDSAT/LE07/C02/T1_L2,Landsat 7 ETM+,LANDSAT_7,2003,2000-01-01,2012-12-31,1,259543,511147.0,0.50777
2003-10-28,0.5744114158298985,0.4000060881324278,0.19999963266862125,18,LANDSAT/LE07/C02/T1_L2,Landsat 7 ETM+,LANDSAT_7,2003,2000-01-01,2012-12-31,1,127169,511147.0,0.24879
2003-10-28,0.5454308313372371,0.45403817562833715,0.22692696832717824,44,LANDSAT/LE07/C02/T1_L2,Landsat 7 ETM+,LANDSAT_7,2003,2000-01-01,2012-12-31,1,14189,511147.0,0.02776
2003-11-13,0.5303859318451386,0.38560064265996474,0.1923004861539423,58,LANDSAT/LE07/C02/T1_L2,Landsat 7 ETM+,LANDSAT_7,2003,2000-01-01,2012-12-31,1,31632,511147.0,0.06188
2003-11-13,0.5666986037333378,0.4201557929140801,0.20369956660570512,59,LANDSAT/LE07/C02/T1_L2,Landsat 7 ETM+,LANDSAT_7,2003,2000-01-01,2012-12-31,1,15484,511147.0,0.03029
2003-11-14,0.5007267284647788,0.40128677151778297,0.19744205591203687,25,LANDSAT/LT05/C02/T1_L2,Landsat 5 TM,LANDSAT_5,2003,2000-01-01,2012-12-31,1,31109,511147.0,0.06086
2003-11-14,0.39888073682432224,0.33214253361794827,0.17235487128848442,60,LANDSAT/LT05/C02/T1_L2,Landsat 5 TM,LANDSAT_5,2003,2000-01-01,2012-12-31,1,7652,511147.0,0.01497
2003-12-07,0.5281993489941845,0.32718254932464447,0.12192348714548785,0,LANDSAT/LT05/C02/T1_L2,Landsat 5 TM,LANDSAT_5,2003,2000-01-01,2012-12-31,1,377509,511147.0,0.73855
2003-12-07,0.5680990081490648,0.35052815996441855,0.14570540551221764,0,LANDSAT/LT05/C02/T1_L2,Landsat 5 TM,LANDSAT_5,2003,2000-01-01,2012-12-31,1,169297,511147.0,0.33121
2003-12-08,0.48434967818707175,0.3215295393008503,0.11282534669495292,3,LANDSAT/LE07/C02/T1_L2,Landsat 7 ETM+,LANDSAT_7,2003,2000-01-01,2012-12-31,1,103419,511147.0,0.20233
2003-12-08,0.4933312507081975,0.3326362285416443,0.10733732102649755,2,LANDSAT/LE07/C02/T1_L2,Landsat 7 ETM+,LANDSAT_7,2003,2000-01-01,2012-12-31,1,33897,511147.0,0.06632
2003-12-16,0.489899851887133,0.33096869203797097,0.09475445938539506,12,LANDSAT/LT05/C02/T1_L2,Landsat 5 TM,LANDSAT_5,2003,2000-01-01,2012-12-31,1,166320,511147.0,0.32539
2003-12-16,0.5039251383847889,0.34689194068097273,0.09783918492895925,36,LANDSAT/LT05/C02/T1_L2,Landsat 5 TM,LANDSAT_5,2003,2000-01-01,2012-12-31,1,44395,511147.0,0.08685
2003-12-31,-0.006621502980572851,1.1346152265500018,0.1436556327278964,6,LANDSAT/LE07/C02/T1_L2,Landsat 7 ETM+,LANDSAT_7,2003,2000-01-01,2012-12-31,1,232951,511147.0,0.45574
2003-12-31,0.4384745690820287,0.33228197296044465,0.23119707243205953,55,LANDSAT/LE07/C02/T1_L2,Landsat 7 ETM+,LANDSAT_7,2003,2000-01-01,2012-12-31,1,113,511147.0,0.00022
2004-01-09,0.42275901222499046,0.29108350426218993,0.07485950322838424,24,LANDSAT/LE07/C02/T1_L2,Landsat 7 ETM+,LANDSAT_7,2004,2000-01-01,2012-12-31,1,61086,511147.0,0.11951
2004-01-09,0.4290107390791826,0.30482411071572313,0.08143986414398002,42,LANDSAT/LE07/C02/T1_L2,Landsat 7 ETM+,LANDSAT_7,2004,2000-01-01,2012-12-31,1,23722,511147.0,0.04641
2004-01-16,0.4365588483738926,0.26241029600655486,0.043633866883603455,1,LANDSAT/LE07/C02/T1_L2,Landsat 7 ETM+,LANDSAT_7,2004,2000-01-01,2012-12-31,1,262169,511147.0,0.5129
2004-01-16,0.4642253830498105,0.28027755275498684,0.058402972243369364,3,LANDSAT/LE07/C02/T1_L2,Landsat 7 ETM+,LANDSAT_7,2004,2000-01-01,2012-12-31,1,119146,511147.0,0.2331
2004-01-25,0.39427180392880745,0.27698474090212943,0.03507902856664969,12,LANDSAT/LE07/C02/T1_L2,Landsat 7 ETM+,LANDSAT_7,2004,2000-01-01,2012-12-31,1,24670,511147.0,0.04826
2004-02-02,0.3932084375648072,0.31063543230108637,0.0440772019859143,23,LANDSAT/LT05/C02/T1_L2,Landsat 5 TM,LANDSAT_5,2004,2000-01-01,2012-12-31,1,38067,511147.0,0.07447
2004-02-02,0.34040049825496266,0.28158167287927627,0.010883928577386999,29,LANDSAT/LT05/C02/T1_L2,Landsat 5 TM,LANDSAT_5,2004,2000-01-01,2012-12-31,1,8309,511147.0,0.01626
2004-02-09,0.3581551688606852,0.23524693663368276,0.003724602645399582,6,LANDSAT/LT05/C02/T1_L2,Landsat 5 TM,LANDSAT_5,2004,2000-01-01,2012-12-31,1,296465,511147.0,0.58
2004-02-09,0.35446929403751776,0.22711938760318998,-0.01020680774841018,18,LANDSAT/LT05/C02/T1_L2,Landsat 5 TM,LANDSAT_5,2004,2000-01-01,2012-12-31,1,150271,511147.0,0.29399
2004-02-10,0.379376306438959,0.2625473513015855,0.00718185212317643,6,LANDSAT/LE07/C02/T1_L2,Landsat 7 ETM+,LANDSAT_7,2004,2000-01-01,2012-12-31,1,73720,511147.0,0.14422
2004-02-10,0.349285664140528,0.24638796283173597,-0.010857264173415699,9,LANDSAT/LE07/C02/T1_L2,Landsat 7 ETM+,LANDSAT_7,2004,2000-01-01,2012-12-31,1,27447,511147.0,0.0537
2004-02-17,0.3367379077952079,0.20507644825769697,-0.03241527225095531,0,LANDSAT/LE07/C02/T1_L2,Landsat 7 ETM+,LANDSAT_7,2004,2000-01-01,2012-12-31,1,271710,511147.0,0.53157
2004-02-17,0.32787163829584953,0.19515394190622593,-0.044541692529592745,3,LANDSAT/LE07/C02/T1_L2,Landsat 7 ETM+,LANDSAT_7,2004,2000-01-01,2012-12-31,1,148606,511147.0,0.29073
2004-02-18,0.36244809377983067,0.24490874175992686,-0.020601076130250088,0,LANDSAT/LT05/C02/T1_L2,Landsat 5 TM,LANDSAT_5,2004,2000-01-01,2012-12-31,1,162288,511147.0,0.3175
2004-02-18,0.32644406576544827,0.22288113052849862,-0.0463936101216449,9,LANDSAT/LT05/C02/T1_L2,Landsat 5 TM,LANDSAT_5,2004,2000-01-01,2012-12-31,1,40338,511147.0,0.07892
2004-02-25,0.3159618073717082,0.19135512065735893,-0.04169737754589835,0,LANDSAT/LT05/C02/T1_L2,Landsat 5 TM,LANDSAT_5,2004,2000-01-01,2012-12-31,1,382649,511147.0,0.74861
2004-02-25,0.3024907944488689,0.17928589999263875,-0.056597283084293036,1,LANDSAT/LT05/C02/T1_L2,Landsat 5 TM,LANDSAT_5,2004,2000-01-01,2012-12-31,1,175066,511147.0,0.3425
2004-02-26,0.34111365810647565,0.22508801803588147,-0.04217007822687582,0,LANDSAT/LE07/C02/T1_L2,Landsat 7 ETM+,LANDSAT_7,2004,2000-01-01,2012-12-31,1,99520,511147.0,0.1947
2004-02-26,0.2998475694133308,0.19938100489497335,-0.0680832832812661,1,LANDSAT/LE07/C02/T1_L2,Landsat 7 ETM+,LANDSAT_7,2004,2000-01-01,2012-12-31,1,32578,511147.0,0.06374
2004-03-04,0.2913381708982498,0.17960898791775182,-0.06137660471308576,0,LANDSAT/LE07/C02/T1_L2,Landsat 7 ETM+,LANDSAT_7,2004,2000-01-01,2012-12-31,1,274235,511147.0,0.53651
2004-03-04,0.2865441114055075,0.1731758846867371,-0.06969957762357722,2,LANDSAT/LE07/C02/T1_L2,Landsat 7 ETM+,LANDSAT_7,2004,2000-01-01,2012-12-31,1,149220,511147.0,0.29193
2004-03-05,0.31731127159852496,0.21354867079023218,-0.051884427975028506,0,LANDSAT/LT05/C02/T1_L2,Landsat 5 TM,LANDSAT_5,2004,2000-01-01,2012-12-31,1,163611,511147.0,0.32009
2004-03-05,0.287628921630141,0.1958800936289489,-0.07110132833688373,1,LANDSAT/LT05/C02/T1_L2,Landsat 5 TM,LANDSAT_5,2004,2000-01-01,2012-12-31,1,39570,511147.0,0.07741
2004-03-12,0.27976471751855314,0.17715917101855302,-0.04827641753721664,4,LANDSAT/LT05/C02/T1_L2,Landsat 5 TM,LANDSAT_5,2004,2000-01-01,2012-12-31,1,254654,511147.0,0.4982
2004-03-12,0.27731953069411724,0.1731000261498037,-0.059683646927792176,5,LANDSAT/LT05/C02/T1_L2,Landsat 5 TM,LANDSAT_5,2004,2000-01-01,2012-12-31,1,155816,511147.0,0.30484
2004-03-21,0.25707873267595155,0.17946927500274135,-0.07690389362386849,2,LANDSAT/LT05/C02/T1_L2,Landsat 5 TM,LANDSAT_5,2004,2000-01-01,2012-12-31,1,167358,511147.0,0.32742
2004-03-21,0.22986336694477114,0.16164339015604096,-0.08727412687788628,2,LANDSAT/LT05/C02/T1_L2,Landsat 5 TM,LANDSAT_5,2004,2000-01-01,2012-12-31,1,46156,511147.0,0.0903
2004-03-28,0.23542840083202063,0.17058335869240243,-0.06507899293997732,28,LANDSAT/LT05/C02/T1_L2,Landsat 5 TM,LANDSAT_5,2004,2000-01-01,2012-12-31,1,188601,511147.0,0.36898
2004-03-28,0.23985249724714455,0.17145785165449584,-0.07109089584737541,21,LANDSAT/LT05/C02/T1_L2,Landsat 5 TM,LANDSAT_5,2004,2000-01-01,2012-12-31,1,82842,511147.0,0.16207
2004-04-05,0.20272665271949586,0.1526544843118545,-0.03783604995669758,45,LANDSAT/LE07/C02/T1_L2,Landsat 7 ETM+,LANDSAT_7,2004,2000-01-01,2012-12-31,1,20746,511147.0,0.04059
2004-04-06,0.2635853282502729,0.22276460433357895,-0.06909678725054696,36,LANDSAT/LT05/C02/T1_L2,Landsat 5 TM,LANDSAT_5,2004,2000-01-01,2012-12-31,1,195,511147.0,0.00038
2004-04-13,0.25936671684063894,0.16395762876194328,-0.08826821791039924,0,LANDSAT/LT05/C02/T1_L2,Landsat 5 TM,LANDSAT_5,2004,2000-01-01,2012-12-31,1,392579,511147.0,0.76804
2004-04-13,0.27414196116109785,0.17109761092452994,-0.08189871030162557,3,LANDSAT/LT05/C02/T1_L2,Landsat 5 TM,LANDSAT_5,2004,2000-01-01,2012-12-31,1,173359,511147.0,0.33916
2004-04-14,0.2561599157673991,0.17777617489489708,-0.08745531924192343,2,LANDSAT/LE07/C02/T1_L2,Landsat 7 ETM+,LANDSAT_7,2004,2000-01-01,2012-12-31,1,100314,511147.0,0.19625
2004-04-14,0.2347221278717966,0.16461559189174432,-0.09196166495064582,6,LANDSAT/LE07/C02/T1_L2,Landsat 7 ETM+,LANDSAT_7,2004,2000-01-01,2012-12-31,1,33224,511147.0,0.065
2004-04-21,0.24012360020078766,0.15854038088619965,-0.08859322743713621,5,LANDSAT/LE07/C02/T1_L2,Landsat 7 ETM+,LANDSAT_7,2004,2000-01-01,2012-12-31,1,268652,511147.0,0.52559
2004-04-21,0.25016807586931783,0.16233453563089875,-0.08304021542396263,15,LANDSAT/LE07/C02/T1_L2,Landsat 7 ETM+,LANDSAT_7,2004,2000-01-01,2012-12-31,1,150431,511147.0,0.2943
2004-04-22,0.24195684161654185,0.18984924447594287,-0.06664995883329129,19,LANDSAT/LT05/C02/T1_L2,Landsat 5 TM,LANDSAT_5,2004,2000-01-01,2012-12-31,1,116684,511147.0,0.22828
2004-04-22,0.220981286139603,0.1733692876375213,-0.07422497905109894,63,LANDSAT/LT05/C02/T1_L2,Landsat 5 TM,LANDSAT_5,2004,2000-01-01,2012-12-31,1,34885,511147.0,0.06825
2004-04-29,0.24240228397089625,0.16164299127245962,-0.06725955599883175,25,LANDSAT/LT05/C02/T1_L2,Landsat 5 TM,LANDSAT_5,2004,2000-01-01,2012-12-31,1,394576,511147.0,0.77194
2004-04-29,0.2527616040573215,0.16698701987822226,-0.06238860526653718,8,LANDSAT/LT05/C02/T1_L2,Landsat 5 TM,LANDSAT_5,2004,2000-01-01,2012-12-31,1,169869,511147.0,0.33233
2004-04-30,0.2204607449401071,0.16901232385334655,-0.05579592330604624,18,LANDSAT/LE07/C02/T1_L2,Landsat 7 ETM+,LANDSAT_7,2004,2000-01-01,2012-12-31,1,58980,511147.0,0.11539
2004-04-30,0.1948916100764214,0.15413690483748219,-0.05764662138353541,34,LANDSAT/LE07/C02/T1_L2,Landsat 7 ETM+,LANDSAT_7,2004,2000-01-01,2012-12-31,1,17961,511147.0,0.03514
2004-05-08,0.3069199815842593,0.21473320795634607,0.05333713083593931,44,LANDSAT/LT05/C02/T1_L2,Landsat 5 TM,LANDSAT_5,2004,2000-01-01,2012-12-31,1,46493,511147.0,0.09096
2004-05-08,0.2645466010041138,0.20119619670732838,0.005066752262371878,37,LANDSAT/LT05/C02/T1_L2,Landsat 5 TM,LANDSAT_5,2004,2000-01-01,2012-12-31,1,1978,511147.0,0.00387
2004-05-15,0.36678487069640536,0.24470311742229417,0.012803523489967824,27,LANDSAT/LT05/C02/T1_L2,Landsat 5 TM,LANDSAT_5,2004,2000-01-01,2012-12-31,1,316009,511147.0,0.61824
2004-05-15,0.39206517470539665,0.2564221857041123,0.023700731798649368,20,LANDSAT/LT05/C02/T1_L2,Landsat 5 TM,LANDSAT_5,2004,2000-01-01,2012-12-31,1,172469,511147.0,0.33742
2004-05-16,0.3452924328058537,0.2485238166479111,0.08320335372537066,62,LANDSAT/LE07/C02/T1_L2,Landsat 7 ETM+,LANDSAT_7,2004,2000-01-01,2012-12-31,1,13269,511147.0,0.02596
2004-05-23,0.40252532137092906,0.2564559581234044,0.019265782842700623,8,LANDSAT/LE07/C02/T1_L2,Landsat 7 ETM+,LANDSAT_7,2004,2000-01-01,2012-12-31,1,249150,511147.0,0.48743
2004-05-23,0.4119103118153367,0.2621323930114419,0.02394947850533036,11,LANDSAT/LE07/C02/T1_L2,Landsat 7 ETM+,LANDSAT_7,2004,2000-01-01,2012-12-31,1,133980,511147.0,0.26212
2004-05-24,0.44126796832030324,0.2852961770945712,0.1425418244272518,41,LANDSAT/LT05/C02/T1_L2,Landsat 5 TM,LANDSAT_5,2004,2000-01-01,2012-12-31,1,121887,511147.0,0.23846
2004-05-24,0.429338739110634,0.2667073848427196,0.13802055917997108,59,LANDSAT/LT05/C02/T1_L2,Landsat 5 TM,LANDSAT_5,2004,2000-01-01,2012-12-31,1,41763,511147.0,0.0817
2004-05-31,0.45669553440806926,0.3032581821608751,0.11954996793901608,17,LANDSAT/LT05/C02/T1_L2,Landsat 5 TM,LANDSAT_5,2004,2000-01-01,2012-12-31,1,320000,511147.0,0.62604
2004-05-31,0.46157767568557656,0.30706116777447856,0.09849880637937589,9,LANDSAT/LT05/C02/T1_L2,Landsat 5 TM,LANDSAT_5,2004,2000-01-01,2012-12-31,1,157181,511147.0,0.30751
2004-06-01,0.42867757135259454,0.30976674349185246,0.13056509610618425,31,LANDSAT/LE07/C02/T1_L2,Landsat 7 ETM+,LANDSAT_7,2004,2000-01-01,2012-12-31,1,5791,511147.0,0.01133
2004-06-08,0.4142307715853419,0.30977367134982614,0.15277785995044335,34,LANDSAT/LE07/C02/T1_L2,Landsat 7 ETM+,LANDSAT_7,2004,2000-01-01,2012-12-31,1,128810,511147.0,0.252
2004-06-16,0.41287310988042913,0.30737456652974876,0.12685535064245235,53,LANDSAT/LT05/C02/T1_L2,Landsat 5 TM,LANDSAT_5,2004,2000-01-01,2012-12-31,1,171526,511147.0,0.33557
2004-06-16,0.4219426677006282,0.31106344476182685,0.10899892869373701,29,LANDSAT/LT05/C02/T1_L2,Landsat 5 TM,LANDSAT_5,2004,2000-01-01,2012-12-31,1,77703,511147.0,0.15202
2004-06-17,0.42021225858314176,0.3059325037334993,0.10968580840570204,45,LANDSAT/LE07/C02/T1_L2,Landsat 7 ETM+,LANDSAT_7,2004,2000-01-01,2012-12-31,1,92115,511147.0,0.18021
2004-06-17,0.40889329187125134,0.29234068730047247,0.11386611931251818,43,LANDSAT/LE07/C02/T1_L2,Landsat 7 ETM+,LANDSAT_7,2004,2000-01-01,2012-12-31,1,29523,511147.0,0.05776
2004-06-24,0.4069291774646757,0.28029130728770707,0.09151592536217808,2,LANDSAT/LE07/C02/T1_L2,Landsat 7 ETM+,LANDSAT_7,2004,2000-01-01,2012-12-31,1,274060,511147.0,0.53617
2004-06-24,0.4099680110622879,0.2802819076264136,0.08470199836827617,1,LANDSAT/LE07/C02/T1_L2,Landsat 7 ETM+,LANDSAT_7,2004,2000-01-01,2012-12-31,1,148148,511147.0,0.28983
2004-06-25,0.36555233977265816,0.2925465666616544,0.11329685439504507,50,LANDSAT/LT05/C02/T1_L2,Landsat 5 TM,LANDSAT_5,2004,2000-01-01,2012-12-31,1,127406,511147.0,0.24926
2004-06-25,0.36529991677794,0.28507078783985196,0.11329190018995121,43,LANDSAT/LT05/C02/T1_L2,Landsat 5 TM,LANDSAT_5,2004,2000-01-01,2012-12-31,1,37666,511147.0,0.07369
2004-07-02,0.3550655537699152,0.2786624787045147,0.10913406430600481,67,LANDSAT/LT05/C02/T1_L2,Landsat 5 TM,LANDSAT_5,2004,2000-01-01,2012-12-31,1,251157,511147.0,0.49136
2004-07-02,0.36740498932057314,0.2841942764729269,0.10804542044178905,52,LANDSAT/LT05/C02/T1_L2,Landsat 5 TM,LANDSAT_5,2004,2000-01-01,2012-12-31,1,86699,511147.0,0.16962
2004-07-11,0.3766478896170684,0.3147247677343943,0.08432886940310229,68,LANDSAT/LT05/C02/T1_L2,Landsat 5 TM,LANDSAT_5,2004,2000-01-01,2012-12-31,1,13294,511147.0,0.02601
2004-07-18,0.48295920829714806,0.32760553530576053,0.12482572118885578,16,LANDSAT/LT05/C02/T1_L2,Landsat 5 TM,LANDSAT_5,2004,2000-01-01,2012-12-31,1,363526,511147.0,0.7112
2004-07-18,0.487310162604389,0.32457080137047184,0.12134801881971688,5,LANDSAT/LT05/C02/T1_L2,Landsat 5 TM,LANDSAT_5,2004,2000-01-01,2012-12-31,1,175759,511147.0,0.34385
2004-07-19,0.4020042217049221,0.28352771357048123,0.06415605143210659,1,LANDSAT/LE07/C02/T1_L2,Landsat 7 ETM+,LANDSAT_7,2004,2000-01-01,2012-12-31,1,97546,511147.0,0.19084
2004-07-19,0.39270579409206763,0.2744037754891665,0.0684611287399337,5,LANDSAT/LE07/C02/T1_L2,Landsat 7 ETM+,LANDSAT_7,2004,2000-01-01,2012-12-31,1,32983,511147.0,0.06453
2004-08-12,0.3246480526476518,0.2749196151344416,0.030037487358897625,67,LANDSAT/LT05/C02/T1_L2,Landsat 5 TM,LANDSAT_5,2004,2000-01-01,2012-12-31,1,7750,511147.0,0.01516
2004-08-19,0.2874439980032142,0.23240782201600166,0.04194320172907984,63,LANDSAT/LT05/C02/T1_L2,Landsat 5 TM,LANDSAT_5,2004,2000-01-01,2012-12-31,1,42429,511147.0,0.08301
2004-08-27,0.38343092479700125,0.25550688477578437,0.04926480655292934,12,LANDSAT/LE07/C02/T1_L2,Landsat 7 ETM+,LANDSAT_7,2004,2000-01-01,2012-12-31,1,270724,511147.0,0.52964
2004-08-27,0.397952499680017,0.26348517681908384,0.05311741822566092,16,LANDSAT/LE07/C02/T1_L2,Landsat 7 ETM+,LANDSAT_7,2004,2000-01-01,2012-12-31,1,142599,511147.0,0.27898
2004-08-28,0.30360895856421827,0.23438687999964478,0.0047635659640865415,40,LANDSAT/LT05/C02/T1_L2,Landsat 5 TM,LANDSAT_5,2004,2000-01-01,2012-12-31,1,145456,511147.0,0.28457
2004-08-28,0.3040627801389583,0.23730887440092788,0.025184336701337944,21,LANDSAT/LT05/C02/T1_L2,Landsat 5 TM,LANDSAT_5,2004,2000-01-01,2012-12-31,1,35959,511147.0,0.07035
2004-09-29,0.49893500649723804,0.4145269400815665,0.24352196644199414,58,LANDSAT/LT05/C02/T1_L2,Landsat 5 TM,LANDSAT_5,2004,2000-01-01,2012-12-31,1,17206,511147.0,0.03366
2004-09-29,0.5303184148090392,0.42136748772120086,0.2406272336906751,12,LANDSAT/LT05/C02/T1_L2,Landsat 5 TM,LANDSAT_5,2004,2000-01-01,2012-12-31,1,4711,511147.0,0.00922
2004-10-06,0.5593743295231818,0.45324999133719296,0.23883696767207319,51,LANDSAT/LT05/C02/T1_L2,Landsat 5 TM,LANDSAT_5,2004,2000-01-01,2012-12-31,1,8813,511147.0,0.01724
2004-10-06,0.526593766064598,0.40948942000526667,0.21914543625106805,27,LANDSAT/LT05/C02/T1_L2,Landsat 5 TM,LANDSAT_5,2004,2000-01-01,2012-12-31,1,4096,511147.0,0.00801
2004-10-07,0.5596640712987808,0.410497929855131,0.17112210168660855,19,LANDSAT/LE07/C02/T1_L2,Landsat 7 ETM+,LANDSAT_7,2004,2000-01-01,2012-12-31,1,100572,511147.0,0.19676
2004-10-07,0.5327834708251094,0.394882664109494,0.15792180676712136,17,LANDSAT/LE07/C02/T1_L2,Landsat 7 ETM+,LANDSAT_7,2004,2000-01-01,2012-12-31,1,33588,511147.0,0.06571
2004-10-14,0.5593579073592345,0.4011250062567053,0.2084425096949712,47,LANDSAT/LE07/C02/T1_L2,Landsat 7 ETM+,LANDSAT_7,2004,2000-01-01,2012-12-31,1,104701,511147.0,0.20484
2004-10-14,0.555134443110786,0.3954438769384515,0.24220676527519538,63,LANDSAT/LE07/C02/T1_L2,Landsat 7 ETM+,LANDSAT_7,2004,2000-01-01,2012-12-31,1,29327,511147.0,0.05737
2004-10-15,0.5230244203318369,0.4325064345583389,0.23052311768945594,25,LANDSAT/LT05/C02/T1_L2,Landsat 5 TM,LANDSAT_5,2004,2000-01-01,2012-12-31,1,28838,511147.0,0.05642
2004-10-15,0.520409612076902,0.3980618802947294,0.20088535614076738,33,LANDSAT/LT05/C02/T1_L2,Landsat 5 TM,LANDSAT_5,2004,2000-01-01,2012-12-31,1,7848,511147.0,0.01535
2004-10-22,0.5553353060728189,0.39989543413976375,0.24938527750480144,45,LANDSAT/LT05/C02/T1_L2,Landsat 5 TM,LANDSAT_5,2004,2000-01-01,2012-12-31,1,159579,511147.0,0.3122
2004-10-22,0.545554526863328,0.39923040310000274,0.2281173828359823,37,LANDSAT/LT05/C02/T1_L2,Landsat 5 TM,LANDSAT_5,2004,2000-01-01,2012-12-31,1,76415,511147.0,0.1495
2004-10-23,0.5895802088263327,0.4163145945025181,0.2281947389930534,30,LANDSAT/LE07/C02/T1_L2,Landsat 7 ETM+,LANDSAT_7,2004,2000-01-01,2012-12-31,1,63577,511147.0,0.12438
2004-10-23,0.53659016020262,0.41197522290705174,0.2147237015732463,43,LANDSAT/LE07/C02/T1_L2,Landsat 7 ETM+,LANDSAT_7,2004,2000-01-01,2012-12-31,1,20980,511147.0,0.04104
2004-11-16,0.42736482708873086,0.3437526328623279,0.20845431238846518,36,LANDSAT/LT05/C02/T1_L2,Landsat 5 TM,LANDSAT_5,2004,2000-01-01,2012-12-31,1,68996,511147.0,0.13498
2004-11-16,0.4377594230662266,0.3449969011788427,0.2109412479819245,45,LANDSAT/LT05/C02/T1_L2,Landsat 5 TM,LANDSAT_5,2004,2000-01-01,2012-12-31,1,13247,511147.0,0.02592
2004-11-23,0.47807056555946764,0.3107884433478392,0.1683280448783918,58,LANDSAT/LT05/C02/T1_L2,Landsat 5 TM,LANDSAT_5,2004,2000-01-01,2012-12-31,1,309909,511147.0,0.6063
2004-11-23,0.5112985912663729,0.31382840169291787,0.15741712824860374,56,LANDSAT/LT05/C02/T1_L2,Landsat 5 TM,LANDSAT_5,2004,2000-01-01,2012-12-31,1,159860,511147.0,0.31275
2004-11-24,0.45554447832520994,0.30897612095281085,0.15631278046085784,38,LANDSAT/LE07/C02/T1_L2,Landsat 7 ETM+,LANDSAT_7,2004,2000-01-01,2012-12-31,1,66879,511147.0,0.13084
2004-11-24,0.48919196366221757,0.318571003012272,0.16313425263982664,58,LANDSAT/LE07/C02/T1_L2,Landsat 7 ETM+,LANDSAT_7,2004,2000-01-01,2012-12-31,1,31550,511147.0,0.06172
2004-12-01,0.5272516110872519,0.30401122692437477,0.1536847792992727,0,LANDSAT/LE07/C02/T1_L2,Landsat 7 ETM+,LANDSAT_7,2004,2000-01-01,2012-12-31,1,269136,511147.0,0.52653
2004-12-01,0.532286650438644,0.3052313079930329,0.14390281494742518,2,LANDSAT/LE07/C02/T1_L2,Landsat 7 ETM+,LANDSAT_7,2004,2000-01-01,2012-12-31,1,144505,511147.0,0.28271
2004-12-02,0.4710531129118862,0.302838941844209,0.15837544373295923,24,LANDSAT/LT05/C02/T1_L2,Landsat 5 TM,LANDSAT_5,2004,2000-01-01,2012-12-31,1,161395,511147.0,0.31575
2004-12-02,0.5018771440585652,0.3148048186911811,0.1813662947220971,40,LANDSAT/LT05/C02/T1_L2,Landsat 5 TM,LANDSAT_5,2004,2000-01-01,2012-12-31,1,43906,511147.0,0.0859
2004-12-09,0.500215509944281,0.30867492727748796,0.17725853287678384,23,LANDSAT/LT05/C02/T1_L2,Landsat 5 TM,LANDSAT_5,2004,2000-01-01,2012-12-31,1,188487,511147.0,0.36875
2004-12-09,0.4806863865847846,0.3060684498307761,0.14075219969425878,43,LANDSAT/LT05/C02/T1_L2,Landsat 5 TM,LANDSAT_5,2004,2000-01-01,2012-12-31,1,69634,511147.0,0.13623
2004-12-10,0.4491892549146544,0.30263917637132154,0.1466035372888238,11,LANDSAT/LE07/C02/T1_L2,Landsat 7 ETM+,LANDSAT_7,2004,2000-01-01,2012-12-31,1,74017,511147.0,0.14481
2004-12-10,0.4732836647952463,0.31943398982662446,0.167709377371366,4,LANDSAT/LE07/C02/T1_L2,Landsat 7 ETM+,LANDSAT_7,2004,2000-01-01,2012-12-31,1,21471,511147.0,0.04201
2004-12-17,0.49316904672916106,0.28858642897290937,0.12985094710640974,0,LANDSAT/LE07/C02/T1_L2,Landsat 7 ETM+,LANDSAT_7,2004,2000-01-01,2012-12-31,1,271308,511147.0,0.53078
2004-12-17,0.5065316234883448,0.2925096884391975,0.11849212970448471,2,LANDSAT/LE07/C02/T1_L2,Landsat 7 ETM+,LANDSAT_7,2004,2000-01-01,2012-12-31,1,142102,511147.0,0.27801
2004-12-18,0.4426957224503936,0.2934770316705705,0.11833869680612881,7,LANDSAT/LT05/C02/T1_L2,Landsat 5 TM,LANDSAT_5,2004,2000-01-01,2012-12-31,1,157316,511147.0,0.30777
2004-12-18,0.4697735293069106,0.30782291302097675,0.14226218653986483,7,LANDSAT/LT05/C02/T1_L2,Landsat 5 TM,LANDSAT_5,2004,2000-01-01,2012-12-31,1,42093,511147.0,0.08235
2004-12-26,0.43576778538362515,0.27509346484615327,0.10817268113011676,12,LANDSAT/LE07/C02/T1_L2,Landsat 7 ETM+,LANDSAT_7,2004,2000-01-01,2012-12-31,1,94865,511147.0,0.18559
2004-12-26,0.4603217128265857,0.29249851172444563,0.12912770762910192,20,LANDSAT/LE07/C02/T1_L2,Landsat 7 ETM+,LANDSAT_7,2004,2000-01-01,2012-12-31,1,32532,511147.0,0.06365
2005-01-02,0.46252470750723057,0.27668099765657184,0.11772784313471704,28,LANDSAT/LE07/C02/T1_L2,Landsat 7 ETM+,LANDSAT_7,2005,2000-01-01,2012-12-31,1,130817,511147.0,0.25593
2005-01-02,0.4768544379360702,0.28991404856158143,0.11035280112035051,10,LANDSAT/LE07/C02/T1_L2,Landsat 7 ETM+,LANDSAT_7,2005,2000-01-01,2012-12-31,1,60052,511147.0,0.11748
2005-01-03,0.43387920559136833,0.298599914256694,0.1031821936987753,15,LANDSAT/LT05/C02/T1_L2,Landsat 5 TM,LANDSAT_5,2005,2000-01-01,2012-12-31,1,56203,511147.0,0.10995
2005-01-03,0.4226502355472897,0.3115173264634118,0.11211927303428396,17,LANDSAT/LT05/C02/T1_L2,Landsat 5 TM,LANDSAT_5,2005,2000-01-01,2012-12-31,1,13311,511147.0,0.02604
2005-01-10,0.4325551657757518,0.2749246540279911,0.10106049614575506,15,LANDSAT/LT05/C02/T1_L2,Landsat 5 TM,LANDSAT_5,2005,2000-01-01,2012-12-31,1,97828,511147.0,0.19139
2005-01-10,0.4503866479446632,0.2872308033106734,0.0939173261543945,40,LANDSAT/LT05/C02/T1_L2,Landsat 5 TM,LANDSAT_5,2005,2000-01-01,2012-12-31,1,100709,511147.0,0.19703
2005-01-11,0.3906923595995716,0.27813623247370606,0.0801645441322885,28,LANDSAT/LE07/C02/T1_L2,Landsat 7 ETM+,LANDSAT_7,2005,2000-01-01,2012-12-31,1,58131,511147.0,0.11373
2005-01-18,0.4294492526105725,0.28186113882327524,0.11304975386502542,25,LANDSAT/LE07/C02/T1_L2,Landsat 7 ETM+,LANDSAT_7,2005,2000-01-01,2012-12-31,1,73948,511147.0,0.14467
2005-01-18,0.45403386098217724,0.3061692318473972,0.1080384414301236,38,LANDSAT/LE07/C02/T1_L2,Landsat 7 ETM+,LANDSAT_7,2005,2000-01-01,2012-12-31,1,41211,511147.0,0.08062
2005-01-19,0.321086547593673,0.2899634587095712,0.0761911971423779,25,LANDSAT/LT05/C02/T1_L2,Landsat 5 TM,LANDSAT_5,2005,2000-01-01,2012-12-31,1,39667,511147.0,0.0776
2005-01-19,0.35142544710891604,0.30593851875566985,0.08333204296603768,26,LANDSAT/LT05/C02/T1_L2,Landsat 5 TM,LANDSAT_5,2005,2000-01-01,2012-12-31,1,8574,511147.0,0.01677
2005-01-26,0.4330691323236901,0.2777978177999001,0.07264280964643824,8,LANDSAT/LT05/C02/T1_L2,Landsat 5 TM,LANDSAT_5,2005,2000-01-01,2012-12-31,1,208898,511147.0,0.40868
2005-01-26,0.4353255476218177,0.2752221803271285,0.05938668314458134,11,LANDSAT/LT05/C02/T1_L2,Landsat 5 TM,LANDSAT_5,2005,2000-01-01,2012-12-31,1,108571,511147.0,0.21241
2005-01-27,0.42552139898971236,0.2941935034171464,0.08513223241049561,11,LANDSAT/LE07/C02/T1_L2,Landsat 7 ETM+,LANDSAT_7,2005,2000-01-01,2012-12-31,1,53472,511147.0,0.10461
2005-01-27,0.4336405132216169,0.3004244226204508,0.1103854449891188,21,LANDSAT/LE07/C02/T1_L2,Landsat 7 ETM+,LANDSAT_7,2005,2000-01-01,2012-12-31,1,19139,511147.0,0.03744
2005-02-04,0.4038882071329016,0.33705453191148105,0.08727694628119105,36,LANDSAT/LT05/C02/T1_L2,Landsat 5 TM,LANDSAT_5,2005,2000-01-01,2012-12-31,1,26019,511147.0,0.0509
2005-02-04,0.38362246881042894,0.3400028389135728,0.10286126983834898,34,LANDSAT/LT05/C02/T1_L2,Landsat 5 TM,LANDSAT_5,2005,2000-01-01,2012-12-31,1,3367,511147.0,0.00659
2005-02-12,0.43355877568928314,0.28708311628007754,0.052438219739420054,0,LANDSAT/LE07/C02/T1_L2,Landsat 7 ETM+,LANDSAT_7,2005,2000-01-01,2012-12-31,1,102161,511147.0,0.19987
2005-02-12,0.4442707444829843,0.29582385134345796,0.06328472650109089,8,LANDSAT/LE07/C02/T1_L2,Landsat 7 ETM+,LANDSAT_7,2005,2000-01-01,2012-12-31,1,32746,511147.0,0.06406
2005-02-20,0.40774161205447595,0.2801644789956289,0.026772341253677594,9,LANDSAT/LT05/C02/T1_L2,Landsat 5 TM,LANDSAT_5,2005,2000-01-01,2012-12-31,1,152053,511147.0,0.29747
2005-02-20,0.41186298015171147,0.2877676065015403,0.037703666380383034,19,LANDSAT/LT05/C02/T1_L2,Landsat 5 TM,LANDSAT_5,2005,2000-01-01,2012-12-31,1,38603,511147.0,0.07552
2005-02-28,0.37989739797776473,0.2564502857333668,0.01320649453937777,0,LANDSAT/LE07/C02/T1_L2,Landsat 7 ETM+,LANDSAT_7,2005,2000-01-01,2012-12-31,1,104319,511147.0,0.20409
2005-02-28,0.38974752563995146,0.26462580687593057,0.021069920399562337,0,LANDSAT/LE07/C02/T1_L2,Landsat 7 ETM+,LANDSAT_7,2005,2000-01-01,2012-12-31,1,33741,511147.0,0.06601
2005-03-07,0.3419349105556144,0.23882938108885984,0.013357470447543792,38,LANDSAT/LE07/C02/T1_L2,Landsat 7 ETM+,LANDSAT_7,2005,2000-01-01,2012-12-31,1,112385,511147.0,0.21987
2005-03-07,0.32945601235678584,0.22559332709312993,-0.008417657622686227,61,LANDSAT/LE07/C02/T1_L2,Landsat 7 ETM+,LANDSAT_7,2005,2000-01-01,2012-12-31,1,64403,511147.0,0.126
2005-03-08,0.3566684332971819,0.27179113546566,0.005618373015364699,16,LANDSAT/LT05/C02/T1_L2,Landsat 5 TM,LANDSAT_5,2005,2000-01-01,2012-12-31,1,67094,511147.0,0.13126
2005-03-08,0.3615389629254632,0.27385990310526737,0.00038458513540214734,11,LANDSAT/LT05/C02/T1_L2,Landsat 5 TM,LANDSAT_5,2005,2000-01-01,2012-12-31,1,17595,511147.0,0.03442
2005-03-15,0.35466814354301096,0.21795570098599065,-0.01823462776391856,18,LANDSAT/LT05/C02/T1_L2,Landsat 5 TM,LANDSAT_5,2005,2000-01-01,2012-12-31,1,365409,511147.0,0.71488
2005-03-15,0.3373498587707759,0.2077287789744426,-0.03950839957165527,6,LANDSAT/LT05/C02/T1_L2,Landsat 5 TM,LANDSAT_5,2005,2000-01-01,2012-12-31,1,152413,511147.0,0.29818
2005-03-16,0.34697887710306335,0.22893349036626703,-0.021406236060920413,0,LANDSAT/LE07/C02/T1_L2,Landsat 7 ETM+,LANDSAT_7,2005,2000-01-01,2012-12-31,1,101858,511147.0,0.19927
2005-03-16,0.3598786826855693,0.24038612824625236,-0.013145168035162703,4,LANDSAT/LE07/C02/T1_L2,Landsat 7 ETM+,LANDSAT_7,2005,2000-01-01,2012-12-31,1,33365,511147.0,0.06527
2005-03-23,0.26974446303589994,0.18965355772176792,-0.035101672483742505,19,LANDSAT/LE07/C02/T1_L2,Landsat 7 ETM+,LANDSAT_7,2005,2000-01-01,2012-12-31,1,5738,511147.0,0.01123
2005-03-23,0.2724646950322338,0.20184949836725838,-0.0083802458307149,42,LANDSAT/LE07/C02/T1_L2,Landsat 7 ETM+,LANDSAT_7,2005,2000-01-01,2012-12-31,1,3827,511147.0,0.00749
2005-03-24,0.30845415644980634,0.24273091454309875,-0.03606761434735917,7,LANDSAT/LT05/C02/T1_L2,Landsat 5 TM,LANDSAT_5,2005,2000-01-01,2012-12-31,1,161186,511147.0,0.31534
2005-03-24,0.3243677631743566,0.2550545406421722,-0.02783771358322246,5,LANDSAT/LT05/C02/T1_L2,Landsat 5 TM,LANDSAT_5,2005,2000-01-01,2012-12-31,1,42055,511147.0,0.08228
2005-03-31,0.27533549687373415,0.21677367896264407,-0.007934240068795553,41,LANDSAT/LT05/C02/T1_L2,Landsat 5 TM,LANDSAT_5,2005,2000-01-01,2012-12-31,1,164938,511147.0,0.32268
2005-03-31,0.27128386236336094,0.20944552320225826,-0.025132231780097335,43,LANDSAT/LT05/C02/T1_L2,Landsat 5 TM,LANDSAT_5,2005,2000-01-01,2012-12-31,1,37579,511147.0,0.07352
2005-04-01,0.28228114123165415,0.24303427312807657,-0.02792833390345779,21,LANDSAT/LE07/C02/T1_L2,Landsat 7 ETM+,LANDSAT_7,2005,2000-01-01,2012-12-31,1,46399,511147.0,0.09077
2005-04-16,0.36808161684148727,0.251337690575827,0.0024366399445875067,13,LANDSAT/LT05/C02/T1_L2,Landsat 5 TM,LANDSAT_5,2005,2000-01-01,2012-12-31,1,270421,511147.0,0.52905
2005-04-16,0.3816431778019495,0.26256537530248314,0.01938616152334282,17,LANDSAT/LT05/C02/T1_L2,Landsat 5 TM,LANDSAT_5,2005,2000-01-01,2012-12-31,1,146204,511147.0,0.28603
2005-04-17,0.3748850540667253,0.27073687471077157,-0.004701452641835361,5,LANDSAT/LE07/C02/T1_L2,Landsat 7 ETM+,LANDSAT_7,2005,2000-01-01,2012-12-31,1,88260,511147.0,0.17267
2005-04-17,0.37848719973147565,0.28076157445273675,0.002136897196875639,11,LANDSAT/LE07/C02/T1_L2,Landsat 7 ETM+,LANDSAT_7,2005,2000-01-01,2012-12-31,1,26442,511147.0,0.05173
2005-04-25,0.3740284440415161,0.2704154799297032,-0.010599039684746691,7,LANDSAT/LT05/C02/T1_L2,Landsat 5 TM,LANDSAT_5,2005,2000-01-01,2012-12-31,1,150977,511147.0,0.29537
2005-04-25,0.36999824735245224,0.27327454651491556,-0.012053964711118817,11,LANDSAT/LT05/C02/T1_L2,Landsat 5 TM,LANDSAT_5,2005,2000-01-01,2012-12-31,1,37068,511147.0,0.07252
2005-05-02,0.22321383421016852,0.15983957199955334,0.032805957132495366,69,LANDSAT/LT05/C02/T1_L2,Landsat 5 TM,LANDSAT_5,2005,2000-01-01,2012-12-31,1,29,511147.0,6e-05
2005-05-03,0.3646676518521943,0.26332595593075825,0.09982288697173737,70,LANDSAT/LE07/C02/T1_L2,Landsat 7 ETM+,LANDSAT_7,2005,2000-01-01,2012-12-31,1,57690,511147.0,0.11286
2005-05-03,0.3325783195514686,0.2342248598854558,0.05828894115804742,22,LANDSAT/LE07/C02/T1_L2,Landsat 7 ETM+,LANDSAT_7,2005,2000-01-01,2012-12-31,1,1308,511147.0,0.00256
2005-05-10,0.40052756187934213,0.26865455736777855,0.04087122863553369,24,LANDSAT/LE07/C02/T1_L2,Landsat 7 ETM+,LANDSAT_7,2005,2000-01-01,2012-12-31,1,150739,511147.0,0.2949
2005-05-10,0.41173230806841377,0.2760231295818891,0.04406531773017972,7,LANDSAT/LE07/C02/T1_L2,Landsat 7 ETM+,LANDSAT_7,2005,2000-01-01,2012-12-31,1,116527,511147.0,0.22797
2005-05-11,0.40424814324392977,0.30402099528302673,0.04133077036499703,0,LANDSAT/LT05/C02/T1_L2,Landsat 5 TM,LANDSAT_5,2005,2000-01-01,2012-12-31,1,157440,511147.0,0.30801
2005-05-11,0.40882207784641816,0.31138788007107776,0.03892352197666739,0,LANDSAT/LT05/C02/T1_L2,Landsat 5 TM,LANDSAT_5,2005,2000-01-01,2012-12-31,1,38130,511147.0,0.0746
2005-05-18,0.36870160110612926,0.25208434220552034,0.022069945018002638,0,LANDSAT/LT05/C02/T1_L2,Landsat 5 TM,LANDSAT_5,2005,2000-01-01,2012-12-31,1,393565,511147.0,0.76996
2005-05-18,0.3788195433504784,0.2554724696967328,0.01885758854324451,0,LANDSAT/LT05/C02/T1_L2,Landsat 5 TM,LANDSAT_5,2005,2000-01-01,2012-12-31,1,174804,511147.0,0.34198
2005-05-19,0.36148389297969913,0.2671462910193075,0.024958862550273853,2,LANDSAT/LE07/C02/T1_L2,Landsat 7 ETM+,LANDSAT_7,2005,2000-01-01,2012-12-31,1,102260,511147.0,0.20006
2005-05-19,0.35569780507894794,0.26648329748821137,0.02010839867059117,2,LANDSAT/LE07/C02/T1_L2,Landsat 7 ETM+,LANDSAT_7,2005,2000-01-01,2012-12-31,1,33236,511147.0,0.06502
2005-05-26,0.3544899221731758,0.2372029253813417,0.010904211222012117,17,LANDSAT/LE07/C02/T1_L2,Landsat 7 ETM+,LANDSAT_7,2005,2000-01-01,2012-12-31,1,262825,511147.0,0.51419
2005-05-26,0.3697922776118865,0.24226631868286844,0.016395248672298246,3,LANDSAT/LE07/C02/T1_L2,Landsat 7 ETM+,LANDSAT_7,2005,2000-01-01,2012-12-31,1,138298,511147.0,0.27056
2005-06-03,0.3819824515997151,0.2648888105403775,0.04616458615247369,16,LANDSAT/LT05/C02/T1_L2,Landsat 5 TM,LANDSAT_5,2005,2000-01-01,2012-12-31,1,300283,511147.0,0.58747
2005-06-03,0.39052810009214933,0.2665480284190257,0.037036126055320806,4,LANDSAT/LT05/C02/T1_L2,Landsat 5 TM,LANDSAT_5,2005,2000-01-01,2012-12-31,1,169978,511147.0,0.33254
2005-06-04,0.3337389976457832,0.253218412421421,0.03133360365956574,38,LANDSAT/LE07/C02/T1_L2,Landsat 7 ETM+,LANDSAT_7,2005,2000-01-01,2012-12-31,1,71306,511147.0,0.1395
2005-06-12,0.3113273620708672,0.25207284198442814,0.03117921159115402,59,LANDSAT/LT05/C02/T1_L2,Landsat 5 TM,LANDSAT_5,2005,2000-01-01,2012-12-31,1,77032,511147.0,0.1507
2005-06-12,0.3253448714412536,0.25577986907122346,0.042353113861286075,67,LANDSAT/LT05/C02/T1_L2,Landsat 5 TM,LANDSAT_5,2005,2000-01-01,2012-12-31,1,27676,511147.0,0.05414
2005-06-19,0.3874838090386465,0.27763858555645327,0.07666620060737803,18,LANDSAT/LT05/C02/T1_L2,Landsat 5 TM,LANDSAT_5,2005,2000-01-01,2012-12-31,1,216314,511147.0,0.42319
2005-06-19,0.371395416313843,0.2661336198540267,0.0666031220717407,29,LANDSAT/LT05/C02/T1_L2,Landsat 5 TM,LANDSAT_5,2005,2000-01-01,2012-12-31,1,151317,511147.0,0.29603
2005-07-05,0.32952702871570744,0.24998382875840422,0.051020237900320974,40,LANDSAT/LT05/C02/T1_L2,Landsat 5 TM,LANDSAT_5,2005,2000-01-01,2012-12-31,1,243232,511147.0,0.47586
2005-07-05,0.33847902635749033,0.2567671777494271,0.056481260096762416,44,LANDSAT/LT05/C02/T1_L2,Landsat 5 TM,LANDSAT_5,2005,2000-01-01,2012-12-31,1,41056,511147.0,0.08032
2005-07-21,0.3754652936899621,0.28372097052109535,0.1158153156542842,50,LANDSAT/LT05/C02/T1_L2,Landsat 5 TM,LANDSAT_5,2005,2000-01-01,2012-12-31,1,103161,511147.0,0.20182
2005-07-21,0.30580246902699815,0.25150370196974636,0.11794210261224701,69,LANDSAT/LT05/C02/T1_L2,Landsat 5 TM,LANDSAT_5,2005,2000-01-01,2012-12-31,1,17918,511147.0,0.03505
2005-07-30,0.24582699652780524,0.24464595669801378,0.02104745764507957,68,LANDSAT/LT05/C02/T1_L2,Landsat 5 TM,LANDSAT_5,2005,2000-01-01,2012-12-31,1,254,511147.0,0.0005
2005-08-06,0.35180077741117194,0.26790646135108276,0.03750224896438353,21,LANDSAT/LT05/C02/T1_L2,Landsat 5 TM,LANDSAT_5,2005,2000-01-01,2012-12-31,1,52199,511147.0,0.10212
2005-08-06,0.3520251168773494,0.2610349048593507,0.03627718003962264,15,LANDSAT/LT05/C02/T1_L2,Landsat 5 TM,LANDSAT_5,2005,2000-01-01,2012-12-31,1,11559,511147.0,0.02261
2005-09-16,0.4991233071438232,0.37582299296671484,0.13215151150101692,6,LANDSAT/LT05/C02/T1_L2,Landsat 5 TM,LANDSAT_5,2005,2000-01-01,2012-12-31,1,175425,511147.0,0.3432
2005-09-16,0.46141904736434197,0.34581860879467263,0.10219904440689685,11,LANDSAT/LT05/C02/T1_L2,Landsat 5 TM,LANDSAT_5,2005,2000-01-01,2012-12-31,1,51390,511147.0,0.10054
2005-09-23,0.48878099434169237,0.3530393904884246,0.17218570304137767,27,LANDSAT/LT05/C02/T1_L2,Landsat 5 TM,LANDSAT_5,2005,2000-01-01,2012-12-31,1,259847,511147.0,0.50836
2005-09-23,0.49137075732825913,0.3532064097915422,0.15401657245652708,18,LANDSAT/LT05/C02/T1_L2,Landsat 5 TM,LANDSAT_5,2005,2000-01-01,2012-12-31,1,141934,511147.0,0.27768
2005-10-02,0.48399308904482274,0.42297615643113956,0.18746040600615402,56,LANDSAT/LT05/C02/T1_L2,Landsat 5 TM,LANDSAT_5,2005,2000-01-01,2012-12-31,1,90233,511147.0,0.17653
2005-10-09,0.5570523629188111,0.373967016511668,0.18898777159955207,17,LANDSAT/LT05/C02/T1_L2,Landsat 5 TM,LANDSAT_5,2005,2000-01-01,2012-12-31,1,367028,511147.0,0.71805
2005-10-09,0.5569688960633431,0.3729965798824115,0.19151102603428224,58,LANDSAT/LT05/C02/T1_L2,Landsat 5 TM,LANDSAT_5,2005,2000-01-01,2012-12-31,1,172388,511147.0,0.33726
2005-10-17,0.5543874425599841,0.38897072200667315,0.23492249465812423,35,LANDSAT/LE07/C02/T1_L2,Landsat 7 ETM+,LANDSAT_7,2005,2000-01-01,2012-12-31,1,107381,511147.0,0.21008
2005-10-17,0.5408020758200094,0.37825855442490314,0.2170810608441325,31,LANDSAT/LE07/C02/T1_L2,Landsat 7 ETM+,LANDSAT_7,2005,2000-01-01,2012-12-31,1,62268,511147.0,0.12182
2005-11-10,0.5440532689057199,0.3621502471322336,0.2353882525823252,65,LANDSAT/LT05/C02/T1_L2,Landsat 5 TM,LANDSAT_5,2005,2000-01-01,2012-12-31,1,223874,511147.0,0.43798
2005-11-19,0.47454295900001064,0.35815373032659115,0.16267817062802112,39,LANDSAT/LT05/C02/T1_L2,Landsat 5 TM,LANDSAT_5,2005,2000-01-01,2012-12-31,1,23877,511147.0,0.04671
2005-11-19,0.48808230804153624,0.38312695700072624,0.1716291594218845,50,LANDSAT/LT05/C02/T1_L2,Landsat 5 TM,LANDSAT_5,2005,2000-01-01,2012-12-31,1,4413,511147.0,0.00863
2005-11-26,0.525843552736788,0.394473250766407,0.2644289533662315,50,LANDSAT/LT05/C02/T1_L2,Landsat 5 TM,LANDSAT_5,2005,2000-01-01,2012-12-31,1,6493,511147.0,0.0127
2005-11-27,0.2097153303840713,0.21455775937813898,0.26659075235693164,66,LANDSAT/LE07/C02/T1_L2,Landsat 7 ETM+,LANDSAT_7,2005,2000-01-01,2012-12-31,1,82,511147.0,0.00016
2005-12-29,0.41946323263011953,0.25242060854146914,0.20406974286511037,2,LANDSAT/LE07/C02/T1_L2,Landsat 7 ETM+,LANDSAT_7,2005,2000-01-01,2012-12-31,1,79638,511147.0,0.1558
2005-12-29,0.4342418314038442,0.2766376220891706,0.21178516644531356,27,LANDSAT/LE07/C02/T1_L2,Landsat 7 ETM+,LANDSAT_7,2005,2000-01-01,2012-12-31,1,23936,511147.0,0.04683
2006-01-05,0.46478927429069844,0.3046942860346124,0.172769349248589,51,LANDSAT/LE07/C02/T1_L2,Landsat 7 ETM+,LANDSAT_7,2006,2000-01-01,2012-12-31,1,10209,511147.0,0.01997
2006-01-21,0.4893345535378819,0.27271297196768723,0.13161997041316326,0,LANDSAT/LE07/C02/T1_L2,Landsat 7 ETM+,LANDSAT_7,2006,2000-01-01,2012-12-31,1,275492,511147.0,0.53897
2006-01-21,0.5124941827240694,0.288513498390607,0.10595597732772809,0,LANDSAT/LE07/C02/T1_L2,Landsat 7 ETM+,LANDSAT_7,2006,2000-01-01,2012-12-31,1,148749,511147.0,0.29101
2006-01-30,0.4568186285559758,0.28366399550843296,0.1631592373043818,8,LANDSAT/LE07/C02/T1_L2,Landsat 7 ETM+,LANDSAT_7,2006,2000-01-01,2012-12-31,1,100398,511147.0,0.19642
2006-01-30,0.48384718529865,0.30078422301497904,0.15940991872463026,3,LANDSAT/LE07/C02/T1_L2,Landsat 7 ETM+,LANDSAT_7,2006,2000-01-01,2012-12-31,1,33485,511147.0,0.06551
2006-02-06,0.4614480762399177,0.2704020849527639,0.11798400899000604,0,LANDSAT/LE07/C02/T1_L2,Landsat 7 ETM+,LANDSAT_7,2006,2000-01-01,2012-12-31,1,273594,511147.0,0.53526
2006-02-06,0.4672235290691195,0.2738489840282697,0.07864324656006981,0,LANDSAT/LE07/C02/T1_L2,Landsat 7 ETM+,LANDSAT_7,2006,2000-01-01,2012-12-31,1,148763,511147.0,0.29104
2006-02-07,0.4460540862590777,0.2804088136905193,0.12816544696792784,0,LANDSAT/LT05/C02/T1_L2,Landsat 5 TM,LANDSAT_5,2006,2000-01-01,2012-12-31,1,153536,511147.0,0.30038
2006-02-07,0.45307306435760736,0.29152432866481653,0.11604362588126341,7,LANDSAT/LT05/C02/T1_L2,Landsat 5 TM,LANDSAT_5,2006,2000-01-01,2012-12-31,1,38938,511147.0,0.07618
2006-02-14,0.4358265781881349,0.25908466497443905,0.09534954470712316,0,LANDSAT/LT05/C02/T1_L2,Landsat 5 TM,LANDSAT_5,2006,2000-01-01,2012-12-31,1,402539,511147.0,0.78752
2006-02-14,0.4311594589821859,0.25665293181183213,0.03835171702756333,0,LANDSAT/LT05/C02/T1_L2,Landsat 5 TM,LANDSAT_5,2006,2000-01-01,2012-12-31,1,172667,511147.0,0.3378
2006-02-15,0.4489539285974263,0.2924048130372781,0.15161400752178428,27,LANDSAT/LE07/C02/T1_L2,Landsat 7 ETM+,LANDSAT_7,2006,2000-01-01,2012-12-31,1,96307,511147.0,0.18841
2006-02-15,0.45244430971532723,0.30453048456366927,0.14293621305727397,19,LANDSAT/LE07/C02/T1_L2,Landsat 7 ETM+,LANDSAT_7,2006,2000-01-01,2012-12-31,1,29231,511147.0,0.05719
2006-02-23,0.45611151811203443,0.3097840962330192,0.14953658123982813,45,LANDSAT/LT05/C02/T1_L2,Landsat 5 TM,LANDSAT_5,2006,2000-01-01,2012-12-31,1,28563,511147.0,0.05588
2006-02-23,0.46053177236067666,0.32482949935326827,0.1360091907802281,16,LANDSAT/LT05/C02/T1_L2,Landsat 5 TM,LANDSAT_5,2006,2000-01-01,2012-12-31,1,10231,511147.0,0.02002
2006-03-02,0.4029216539201111,0.25849533607815295,0.06865413788212585,15,LANDSAT/LT05/C02/T1_L2,Landsat 5 TM,LANDSAT_5,2006,2000-01-01,2012-12-31,1,228005,511147.0,0.44607
2006-03-10,0.418557930616655,0.2590341060527286,0.06395037422355825,41,LANDSAT/LE07/C02/T1_L2,Landsat 7 ETM+,LANDSAT_7,2006,2000-01-01,2012-12-31,1,158882,511147.0,0.31083
2006-03-10,0.37588007346533553,0.23558111646919064,0.015955121730844894,26,LANDSAT/LE07/C02/T1_L2,Landsat 7 ETM+,LANDSAT_7,2006,2000-01-01,2012-12-31,1,93951,511147.0,0.1838
2006-03-11,0.2638354533238407,0.28256516860255987,0.12325413863709937,69,LANDSAT/LT05/C02/T1_L2,Landsat 5 TM,LANDSAT_5,2006,2000-01-01,2012-12-31,1,13999,511147.0,0.02739
2006-03-26,0.4144001072475261,0.25764907803456566,0.03801946091728649,0,LANDSAT/LE07/C02/T1_L2,Landsat 7 ETM+,LANDSAT_7,2006,2000-01-01,2012-12-31,1,276706,511147.0,0.54134
2006-03-26,0.3966799681340659,0.24248119205024607,0.0047094477977087795,1,LANDSAT/LE07/C02/T1_L2,Landsat 7 ETM+,LANDSAT_7,2006,2000-01-01,2012-12-31,1,150271,511147.0,0.29399
2006-04-03,0.36687020049043084,0.239068979860892,0.022561029853410533,0,LANDSAT/LT05/C02/T1_L2,Landsat 5 TM,LANDSAT_5,2006,2000-01-01,2012-12-31,1,393267,511147.0,0.76938
2006-04-03,0.35417912929428286,0.22588258508135745,-0.008214516111822024,4,LANDSAT/LT05/C02/T1_L2,Landsat 5 TM,LANDSAT_5,2006,2000-01-01,2012-12-31,1,169317,511147.0,0.33125
2006-04-11,0.36442286260643036,0.24076173565988493,0.009417380750648418,5,LANDSAT/LE07/C02/T1_L2,Landsat 7 ETM+,LANDSAT_7,2006,2000-01-01,2012-12-31,1,225613,511147.0,0.44139
2006-04-11,0.356809594195377,0.22941592864625449,-0.00851671034855966,9,LANDSAT/LE07/C02/T1_L2,Landsat 7 ETM+,LANDSAT_7,2006,2000-01-01,2012-12-31,1,145538,511147.0,0.28473
2006-04-12,0.3436673459968798,0.2575841635870651,0.02553114379918983,34,LANDSAT/LT05/C02/T1_L2,Landsat 5 TM,LANDSAT_5,2006,2000-01-01,2012-12-31,1,128018,511147.0,0.25045
2006-04-12,0.36467054631320245,0.27263615503417715,0.02259773612661007,14,LANDSAT/LT05/C02/T1_L2,Landsat 5 TM,LANDSAT_5,2006,2000-01-01,2012-12-31,1,35423,511147.0,0.0693
2006-04-28,0.2991331168645099,0.21388629672779322,-0.015381966030091747,19,LANDSAT/LT05/C02/T1_L2,Landsat 5 TM,LANDSAT_5,2006,2000-01-01,2012-12-31,1,159364,511147.0,0.31178
2006-04-28,0.3073816867524264,0.2237551784106005,-0.02155909195999646,14,LANDSAT/LT05/C02/T1_L2,Landsat 5 TM,LANDSAT_5,2006,2000-01-01,2012-12-31,1,42329,511147.0,0.08281
2006-05-05,0.29514867466062306,0.23615292665464663,0.0280972793340073,51,LANDSAT/LT05/C02/T1_L2,Landsat 5 TM,LANDSAT_5,2006,2000-01-01,2012-12-31,1,92377,511147.0,0.18072
2006-05-06,0.2966636212528838,0.22437792803055115,0.0005578662307272407,20,LANDSAT/LE07/C02/T1_L2,Landsat 7 ETM+,LANDSAT_7,2006,2000-01-01,2012-12-31,1,71642,511147.0,0.14016
2006-05-06,0.3022194387746007,0.23309018955753857,-0.0045130615835995355,19,LANDSAT/LE07/C02/T1_L2,Landsat 7 ETM+,LANDSAT_7,2006,2000-01-01,2012-12-31,1,22869,511147.0,0.04474
2006-05-13,0.3252667163413811,0.21691685321804635,-0.0012561636543988951,21,LANDSAT/LE07/C02/T1_L2,Landsat 7 ETM+,LANDSAT_7,2006,2000-01-01,2012-12-31,1,261289,511147.0,0.51118
2006-05-13,0.3425945230901354,0.225771398655654,-0.0006736511614861011,34,LANDSAT/LE07/C02/T1_L2,Landsat 7 ETM+,LANDSAT_7,2006,2000-01-01,2012-12-31,1,136944,511147.0,0.26792
2006-05-14,0.2842373532304398,0.21344637722390877,-0.006379976054261065,13,LANDSAT/LT05/C02/T1_L2,Landsat 5 TM,LANDSAT_5,2006,2000-01-01,2012-12-31,1,156858,511147.0,0.30687
2006-05-14,0.28045526510076063,0.2172909324670057,-0.015395279503512103,6,LANDSAT/LT05/C02/T1_L2,Landsat 5 TM,LANDSAT_5,2006,2000-01-01,2012-12-31,1,38628,511147.0,0.07557
2006-05-21,0.3284855333548198,0.22626884524661886,0.008518592799101691,0,LANDSAT/LT05/C02/T1_L2,Landsat 5 TM,LANDSAT_5,2006,2000-01-01,2012-12-31,1,398306,511147.0,0.77924
2006-05-21,0.3602670499805155,0.2515767041155527,0.028131704230938217,10,LANDSAT/LT05/C02/T1_L2,Landsat 5 TM,LANDSAT_5,2006,2000-01-01,2012-12-31,1,169887,511147.0,0.33236
2006-05-22,0.2887821611251252,0.20627812477260654,-0.0052147583473046485,10,LANDSAT/LE07/C02/T1_L2,Landsat 7 ETM+,LANDSAT_7,2006,2000-01-01,2012-12-31,1,105589,511147.0,0.20657
2006-05-22,0.28093138557138625,0.20387769798146096,-0.02114637253449362,45,LANDSAT/LE07/C02/T1_L2,Landsat 7 ETM+,LANDSAT_7,2006,2000-01-01,2012-12-31,1,33790,511147.0,0.06611
2006-05-29,0.3517176503892624,0.2526444596898044,0.03106684986591676,31,LANDSAT/LE07/C02/T1_L2,Landsat 7 ETM+,LANDSAT_7,2006,2000-01-01,2012-12-31,1,263946,511147.0,0.51638
2006-05-29,0.39499281557684446,0.27180923117709765,0.052099796792659483,52,LANDSAT/LE07/C02/T1_L2,Landsat 7 ETM+,LANDSAT_7,2006,2000-01-01,2012-12-31,1,129154,511147.0,0.25267
2006-05-30,0.3063369273185976,0.23284658298306282,0.014967538568770384,30,LANDSAT/LT05/C02/T1_L2,Landsat 5 TM,LANDSAT_5,2006,2000-01-01,2012-12-31,1,121058,511147.0,0.23684
2006-06-06,0.33856085075702624,0.2671665725683865,0.09332485570770213,57,LANDSAT/LT05/C02/T1_L2,Landsat 5 TM,LANDSAT_5,2006,2000-01-01,2012-12-31,1,176965,511147.0,0.34621
2006-06-15,0.36268321044843077,0.24880698408451557,0.038039938803336636,3,LANDSAT/LT05/C02/T1_L2,Landsat 5 TM,LANDSAT_5,2006,2000-01-01,2012-12-31,1,159402,511147.0,0.31185
2006-06-15,0.3900487494618091,0.26295181689311636,0.06568270959850529,1,LANDSAT/LT05/C02/T1_L2,Landsat 5 TM,LANDSAT_5,2006,2000-01-01,2012-12-31,1,41359,511147.0,0.08091
2006-06-22,0.42702681578340185,0.28964966330386277,0.09491322041664178,40,LANDSAT/LT05/C02/T1_L2,Landsat 5 TM,LANDSAT_5,2006,2000-01-01,2012-12-31,1,369513,511147.0,0.72291
2006-06-22,0.44193766470018553,0.3115666455696478,0.09644260478993151,46,LANDSAT/LT05/C02/T1_L2,Landsat 5 TM,LANDSAT_5,2006,2000-01-01,2012-12-31,1,143275,511147.0,0.2803
2006-06-23,0.41309472510425627,0.27382785097896795,0.11112780652477468,23,LANDSAT/LE07/C02/T1_L2,Landsat 7 ETM+,LANDSAT_7,2006,2000-01-01,2012-12-31,1,82003,511147.0,0.16043
2006-07-08,0.40325297206651256,0.28567420439188473,0.0628578138211023,50,LANDSAT/LT05/C02/T1_L2,Landsat 5 TM,LANDSAT_5,2006,2000-01-01,2012-12-31,1,162415,511147.0,0.31775
2006-07-08,0.3793086946066729,0.27065606797279923,0.02950017523132273,32,LANDSAT/LT05/C02/T1_L2,Landsat 5 TM,LANDSAT_5,2006,2000-01-01,2012-12-31,1,20766,511147.0,0.04063
2006-07-17,0.3594331477568947,0.2840727598447823,0.06329974854516336,27,LANDSAT/LT05/C02/T1_L2,Landsat 5 TM,LANDSAT_5,2006,2000-01-01,2012-12-31,1,87842,511147.0,0.17185
2006-07-17,0.3047367062987164,0.21317792580843287,0.04828495114700351,37,LANDSAT/LT05/C02/T1_L2,Landsat 5 TM,LANDSAT_5,2006,2000-01-01,2012-12-31,1,6032,511147.0,0.0118
2006-07-24,0.3820289790977186,0.2620210903351151,0.041326645800344994,7,LANDSAT/LT05/C02/T1_L2,Landsat 5 TM,LANDSAT_5,2006,2000-01-01,2012-12-31,1,369432,511147.0,0.72275
2006-07-24,0.3528558204742976,0.23802325199678975,0.01343776801950447,1,LANDSAT/LT05/C02/T1_L2,Landsat 5 TM,LANDSAT_5,2006,2000-01-01,2012-12-31,1,170870,511147.0,0.33429
2006-08-09,0.3325808303103369,0.23565290713896472,0.021740491897443683,46,LANDSAT/LT05/C02/T1_L2,Landsat 5 TM,LANDSAT_5,2006,2000-01-01,2012-12-31,1,200027,511147.0,0.39133
2006-08-09,0.33725970544493117,0.2263564288214961,-0.00173400435258848,16,LANDSAT/LT05/C02/T1_L2,Landsat 5 TM,LANDSAT_5,2006,2000-01-01,2012-12-31,1,139951,511147.0,0.2738
2006-08-18,0.3336458387781395,0.24694815884557467,0.007008646928434363,6,LANDSAT/LT05/C02/T1_L2,Landsat 5 TM,LANDSAT_5,2006,2000-01-01,2012-12-31,1,159571,511147.0,0.31218
2006-08-18,0.31685764628177393,0.23913500806630592,-0.0018441887809811251,5,LANDSAT/LT05/C02/T1_L2,Landsat 5 TM,LANDSAT_5,2006,2000-01-01,2012-12-31,1,40706,511147.0,0.07964
2006-08-25,0.3886563465451678,0.2620449261783966,0.04048433884835724,2,LANDSAT/LT05/C02/T1_L2,Landsat 5 TM,LANDSAT_5,2006,2000-01-01,2012-12-31,1,391260,511147.0,0.76545
2006-08-25,0.3761968643494686,0.2440692063011883,0.01726859317930598,3,LANDSAT/LT05/C02/T1_L2,Landsat 5 TM,LANDSAT_5,2006,2000-01-01,2012-12-31,1,171367,511147.0,0.33526
2006-09-03,0.40292104162935616,0.30962898568636327,0.0744401096184819,22,LANDSAT/LT05/C02/T1_L2,Landsat 5 TM,LANDSAT_5,2006,2000-01-01,2012-12-31,1,144823,511147.0,0.28333
2006-09-03,0.4509986194194949,0.35140277483255467,0.1110310210680738,20,LANDSAT/LT05/C02/T1_L2,Landsat 5 TM,LANDSAT_5,2006,2000-01-01,2012-12-31,1,33155,511147.0,0.06486
2006-09-10,0.4505947860833564,0.34810679665618877,0.14600752135630762,38,LANDSAT/LT05/C02/T1_L2,Landsat 5 TM,LANDSAT_5,2006,2000-01-01,2012-12-31,1,25453,511147.0,0.0498
2006-10-05,0.44209972486247173,0.4244080582384337,0.2749349168129812,66,LANDSAT/LT05/C02/T1_L2,Landsat 5 TM,LANDSAT_5,2006,2000-01-01,2012-12-31,1,1406,511147.0,0.00275
2006-10-12,0.5627803595904478,0.3870832056626941,0.21230765898914813,0,LANDSAT/LT05/C02/T1_L2,Landsat 5 TM,LANDSAT_5,2006,2000-01-01,2012-12-31,1,367826,511147.0,0.71961
2006-10-12,0.5622860174129561,0.38347943519807404,0.20681465875522861,10,LANDSAT/LT05/C02/T1_L2,Landsat 5 TM,LANDSAT_5,2006,2000-01-01,2012-12-31,1,169484,511147.0,0.33158
2006-10-13,0.5265243151006913,0.44767828013846656,0.19130335822354805,17,LANDSAT/LE07/C02/T1_L2,Landsat 7 ETM+,LANDSAT_7,2006,2000-01-01,2012-12-31,1,44334,511147.0,0.08673
2006-10-13,0.5506514493446855,0.45276377221561065,0.21892390588596886,15,LANDSAT/LE07/C02/T1_L2,Landsat 7 ETM+,LANDSAT_7,2006,2000-01-01,2012-12-31,1,17699,511147.0,0.03463
2006-10-20,0.6014842815147318,0.40351485553938704,0.21546864437392763,14,LANDSAT/LE07/C02/T1_L2,Landsat 7 ETM+,LANDSAT_7,2006,2000-01-01,2012-12-31,1,131636,511147.0,0.25753
2006-10-20,0.5864867548784921,0.3999018069602112,0.19537326512599867,28,LANDSAT/LE07/C02/T1_L2,Landsat 7 ETM+,LANDSAT_7,2006,2000-01-01,2012-12-31,1,75620,511147.0,0.14794
2006-10-21,0.5426663728500053,0.4935751439501286,0.25123290442584534,52,LANDSAT/LT05/C02/T1_L2,Landsat 5 TM,LANDSAT_5,2006,2000-01-01,2012-12-31,1,29006,511147.0,0.05675
2006-11-05,0.5852948824467663,0.41571140929828837,0.2681716819155443,52,LANDSAT/LE07/C02/T1_L2,Landsat 7 ETM+,LANDSAT_7,2006,2000-01-01,2012-12-31,1,50987,511147.0,0.09975
2006-11-06,0.5162861503272597,0.4285983664277359,0.22646187031433157,47,LANDSAT/LT05/C02/T1_L2,Landsat 5 TM,LANDSAT_5,2006,2000-01-01,2012-12-31,1,50332,511147.0,0.09847
2006-11-06,0.44601913224043965,0.40804217269822535,0.22345328146272972,44,LANDSAT/LT05/C02/T1_L2,Landsat 5 TM,LANDSAT_5,2006,2000-01-01,2012-12-31,1,14983,511147.0,0.02931
2006-11-21,0.5274890605968254,0.3167771934860651,0.206845251773049,39,LANDSAT/LE07/C02/T1_L2,Landsat 7 ETM+,LANDSAT_7,2006,2000-01-01,2012-12-31,1,8186,511147.0,0.01601
2006-11-22,0.41422799977612873,0.3658910100669739,0.193736288951306,59,LANDSAT/LT05/C02/T1_L2,Landsat 5 TM,LANDSAT_5,2006,2000-01-01,2012-12-31,1,119222,511147.0,0.23324
2006-11-30,0.43551342431905044,0.3556472884369997,0.1574788827748255,23,LANDSAT/LE07/C02/T1_L2,Landsat 7 ETM+,LANDSAT_7,2006,2000-01-01,2012-12-31,1,18824,511147.0,0.03683
2006-12-07,0.5653289580869374,0.36506824575169045,0.208950506807186,17,LANDSAT/LE07/C02/T1_L2,Landsat 7 ETM+,LANDSAT_7,2006,2000-01-01,2012-12-31,1,65324,511147.0,0.1278
2006-12-07,0.5665673502906744,0.38245250397360353,0.1976228115363789,22,LANDSAT/LE07/C02/T1_L2,Landsat 7 ETM+,LANDSAT_7,2006,2000-01-01,2012-12-31,1,40745,511147.0,0.07971
2006-12-08,0.41261377547363426,0.34767296766396355,0.09676686916319181,20,LANDSAT/LT05/C02/T1_L2,Landsat 5 TM,LANDSAT_5,2006,2000-01-01,2012-12-31,1,22374,511147.0,0.04377
2006-12-08,0.4347393705662536,0.36356111108129846,0.11768110893038639,14,LANDSAT/LT05/C02/T1_L2,Landsat 5 TM,LANDSAT_5,2006,2000-01-01,2012-12-31,1,10482,511147.0,0.02051
2006-12-15,0.49392683337393994,0.3445758925374955,0.1735564228008876,22,LANDSAT/LT05/C02/T1_L2,Landsat 5 TM,LANDSAT_5,2006,2000-01-01,2012-12-31,1,197812,511147.0,0.387
2006-12-15,0.514195925725426,0.3635241379120021,0.17127851149089013,26,LANDSAT/LT05/C02/T1_L2,Landsat 5 TM,LANDSAT_5,2006,2000-01-01,2012-12-31,1,90001,511147.0,0.17608
2006-12-16,0.4672846619435989,0.3153177530901544,0.14578191766985335,8,LANDSAT/LE07/C02/T1_L2,Landsat 7 ETM+,LANDSAT_7,2006,2000-01-01,2012-12-31,1,86308,511147.0,0.16885
2006-12-16,0.4987901228203685,0.3384831322875265,0.1617287835920351,18,LANDSAT/LE07/C02/T1_L2,Landsat 7 ETM+,LANDSAT_7,2006,2000-01-01,2012-12-31,1,29416,511147.0,0.05755
2006-12-31,0.4737804745224374,0.3098402796887196,0.12531148352607951,2,LANDSAT/LT05/C02/T1_L2,Landsat 5 TM,LANDSAT_5,2006,2000-01-01,2012-12-31,1,288726,511147.0,0.56486
2006-12-31,0.5099591438958702,0.32743355278847047,0.13189281290530447,5,LANDSAT/LT05/C02/T1_L2,Landsat 5 TM,LANDSAT_5,2006,2000-01-01,2012-12-31,1,170310,511147.0,0.33319
2007-01-01,0.4487227473430291,0.29945560448417374,0.09761802838204306,27,LANDSAT/LE07/C02/T1_L2,Landsat 7 ETM+,LANDSAT_7,2007,2000-01-01,2012-12-31,1,103386,511147.0,0.20226
2007-01-01,0.4690509627520744,0.314658954784627,0.11264142629851637,19,LANDSAT/LE07/C02/T1_L2,Landsat 7 ETM+,LANDSAT_7,2007,2000-01-01,2012-12-31,1,33860,511147.0,0.06624
2007-01-08,0.4738842250690118,0.30445337804184863,0.1074287700077061,3,LANDSAT/LE07/C02/T1_L2,Landsat 7 ETM+,LANDSAT_7,2007,2000-01-01,2012-12-31,1,271642,511147.0,0.53144
2007-01-08,0.5047969284606321,0.3261017221458087,0.11590643420883949,30,LANDSAT/LE07/C02/T1_L2,Landsat 7 ETM+,LANDSAT_7,2007,2000-01-01,2012-12-31,1,115822,511147.0,0.22659
2007-01-16,0.4582380965455095,0.2940172336134714,0.09868663134210541,2,LANDSAT/LT05/C02/T1_L2,Landsat 5 TM,LANDSAT_5,2007,2000-01-01,2012-12-31,1,257336,511147.0,0.50345
2007-01-16,0.46116120493402596,0.31875469189716343,0.10804353296187359,21,LANDSAT/LT05/C02/T1_L2,Landsat 5 TM,LANDSAT_5,2007,2000-01-01,2012-12-31,1,81492,511147.0,0.15943
2007-01-17,0.40161512099572394,0.30360144374058295,0.09020457606897593,34,LANDSAT/LE07/C02/T1_L2,Landsat 7 ETM+,LANDSAT_7,2007,2000-01-01,2012-12-31,1,14215,511147.0,0.02781
2007-01-24,0.4177442848022643,0.3021164253363065,0.10524020579306731,18,LANDSAT/LE07/C02/T1_L2,Landsat 7 ETM+,LANDSAT_7,2007,2000-01-01,2012-12-31,1,53215,511147.0,0.10411
2007-01-24,0.43304082363481644,0.3159866193410603,0.08861984949554724,22,LANDSAT/LE07/C02/T1_L2,Landsat 7 ETM+,LANDSAT_7,2007,2000-01-01,2012-12-31,1,25422,511147.0,0.04974
2007-01-25,0.3577844955343709,0.3006310826030911,0.05076368988671089,30,LANDSAT/LT05/C02/T1_L2,Landsat 5 TM,LANDSAT_5,2007,2000-01-01,2012-12-31,1,32483,511147.0,0.06355
2007-02-01,0.4508340295576626,0.28016277236740667,0.06375879110396121,1,LANDSAT/LT05/C02/T1_L2,Landsat 5 TM,LANDSAT_5,2007,2000-01-01,2012-12-31,1,278226,511147.0,0.54432
2007-02-01,0.453847647579271,0.27921785565538354,0.045817809808078216,3,LANDSAT/LT05/C02/T1_L2,Landsat 5 TM,LANDSAT_5,2007,2000-01-01,2012-12-31,1,151330,511147.0,0.29606
2007-02-02,0.4318302548888767,0.28928909133886144,0.06927473836637413,11,LANDSAT/LE07/C02/T1_L2,Landsat 7 ETM+,LANDSAT_7,2007,2000-01-01,2012-12-31,1,62015,511147.0,0.12133
2007-02-02,0.4469920390460719,0.3000027818066573,0.0768365291941698,6,LANDSAT/LE07/C02/T1_L2,Landsat 7 ETM+,LANDSAT_7,2007,2000-01-01,2012-12-31,1,24640,511147.0,0.04821
2007-02-09,0.4094286404515607,0.2671362436229639,0.06501097857877235,9,LANDSAT/LE07/C02/T1_L2,Landsat 7 ETM+,LANDSAT_7,2007,2000-01-01,2012-12-31,1,159324,511147.0,0.3117
2007-02-09,0.389243996515955,0.2584513759395961,0.04619770925059139,23,LANDSAT/LE07/C02/T1_L2,Landsat 7 ETM+,LANDSAT_7,2007,2000-01-01,2012-12-31,1,118062,511147.0,0.23097
2007-02-10,0.40701201720392954,0.28743232305236455,0.04515032894634237,17,LANDSAT/LT05/C02/T1_L2,Landsat 5 TM,LANDSAT_5,2007,2000-01-01,2012-12-31,1,125835,511147.0,0.24618
2007-02-10,0.42888597558623454,0.3097878638601272,0.05280704054892262,20,LANDSAT/LT05/C02/T1_L2,Landsat 5 TM,LANDSAT_5,2007,2000-01-01,2012-12-31,1,53648,511147.0,0.10496
2007-02-17,0.3509046078757457,0.2613135082457267,0.09218445178369382,35,LANDSAT/LT05/C02/T1_L2,Landsat 5 TM,LANDSAT_5,2007,2000-01-01,2012-12-31,1,3255,511147.0,0.00637
2007-02-17,0.3063787101469591,0.21591355408394447,-0.004427995347332238,28,LANDSAT/LT05/C02/T1_L2,Landsat 5 TM,LANDSAT_5,2007,2000-01-01,2012-12-31,1,11656,511147.0,0.0228
2007-02-18,0.37122995736494263,0.30540164812837906,0.09797694990373572,30,LANDSAT/LE07/C02/T1_L2,Landsat 7 ETM+,LANDSAT_7,2007,2000-01-01,2012-12-31,1,46143,511147.0,0.09027
2007-02-25,0.4162613398790241,0.24895343087767807,0.017719064727739778,0,LANDSAT/LE07/C02/T1_L2,Landsat 7 ETM+,LANDSAT_7,2007,2000-01-01,2012-12-31,1,271262,511147.0,0.53069
2007-02-25,0.39834585302647313,0.2378906480078495,-0.0052589984893448285,9,LANDSAT/LE07/C02/T1_L2,Landsat 7 ETM+,LANDSAT_7,2007,2000-01-01,2012-12-31,1,148345,511147.0,0.29022
2007-02-26,0.4110609367071524,0.27500825345412583,0.02289614511666935,5,LANDSAT/LT05/C02/T1_L2,Landsat 5 TM,LANDSAT_5,2007,2000-01-01,2012-12-31,1,200685,511147.0,0.39262
2007-02-26,0.4170718462489113,0.2843123388239894,0.01953485972446403,30,LANDSAT/LT05/C02/T1_L2,Landsat 5 TM,LANDSAT_5,2007,2000-01-01,2012-12-31,1,80342,511147.0,0.15718
2007-03-05,0.397585446388918,0.24333786404801455,0.008268428362263882,3,LANDSAT/LT05/C02/T1_L2,Landsat 5 TM,LANDSAT_5,2007,2000-01-01,2012-12-31,1,311999,511147.0,0.61039
2007-03-05,0.3722453962002185,0.22502509618484187,-0.02371356775512716,1,LANDSAT/LT05/C02/T1_L2,Landsat 5 TM,LANDSAT_5,2007,2000-01-01,2012-12-31,1,174709,511147.0,0.3418
2007-03-06,0.3969649826283929,0.26671964033840884,0.01656957468493989,9,LANDSAT/LE07/C02/T1_L2,Landsat 7 ETM+,LANDSAT_7,2007,2000-01-01,2012-12-31,1,104205,511147.0,0.20387
2007-03-06,0.4088833055819549,0.2742541362994224,0.02879393604036344,24,LANDSAT/LE07/C02/T1_L2,Landsat 7 ETM+,LANDSAT_7,2007,2000-01-01,2012-12-31,1,34682,511147.0,0.06785
2007-03-13,0.36500190945121913,0.2361655566108062,-0.009969516972436003,8,LANDSAT/LE07/C02/T1_L2,Landsat 7 ETM+,LANDSAT_7,2007,2000-01-01,2012-12-31,1,121508,511147.0,0.23772
2007-03-13,0.3396755002463161,0.21765161859104115,-0.03321987293551296,30,LANDSAT/LE07/C02/T1_L2,Landsat 7 ETM+,LANDSAT_7,2007,2000-01-01,2012-12-31,1,90702,511147.0,0.17745
2007-03-14,0.35683851663210153,0.2624617980657006,-0.00938812360225682,15,LANDSAT/LT05/C02/T1_L2,Landsat 5 TM,LANDSAT_5,2007,2000-01-01,2012-12-31,1,94585,511147.0,0.18504
2007-03-14,0.34954301071635646,0.2662614825948739,-0.018436481294775185,23,LANDSAT/LT05/C02/T1_L2,Landsat 5 TM,LANDSAT_5,2007,2000-01-01,2012-12-31,1,28514,511147.0,0.05578
2007-03-21,0.3227540280741396,0.20877563931402174,-0.0389012192890455,0,LANDSAT/LT05/C02/T1_L2,Landsat 5 TM,LANDSAT_5,2007,2000-01-01,2012-12-31,1,315488,511147.0,0.61722
2007-03-21,0.30221379154306116,0.19093903555479366,-0.06548074347885544,0,LANDSAT/LT05/C02/T1_L2,Landsat 5 TM,LANDSAT_5,2007,2000-01-01,2012-12-31,1,173498,511147.0,0.33943
2007-03-22,0.3234844504485269,0.22440904371709708,-0.03397341898021308,4,LANDSAT/LE07/C02/T1_L2,Landsat 7 ETM+,LANDSAT_7,2007,2000-01-01,2012-12-31,1,105337,511147.0,0.20608
2007-03-22,0.33308113832868164,0.23326924692278003,-0.027974605923285465,3,LANDSAT/LE07/C02/T1_L2,Landsat 7 ETM+,LANDSAT_7,2007,2000-01-01,2012-12-31,1,35307,511147.0,0.06907
2007-03-29,0.30885121943360827,0.1977636772806257,-0.05679782379106175,0,LANDSAT/LE07/C02/T1_L2,Landsat 7 ETM+,LANDSAT_7,2007,2000-01-01,2012-12-31,1,267370,511147.0,0.52308
2007-03-29,0.2972016422595038,0.1871797214579481,-0.07200028391083574,0,LANDSAT/LE07/C02/T1_L2,Landsat 7 ETM+,LANDSAT_7,2007,2000-01-01,2012-12-31,1,148015,511147.0,0.28957
2007-03-30,0.2980437113003836,0.20393778210971117,-0.06413467738557999,1,LANDSAT/LT05/C02/T1_L2,Landsat 5 TM,LANDSAT_5,2007,2000-01-01,2012-12-31,1,200834,511147.0,0.39291
2007-03-30,0.2987604746835303,0.2066545169978335,-0.07414326081022653,3,LANDSAT/LT05/C02/T1_L2,Landsat 5 TM,LANDSAT_5,2007,2000-01-01,2012-12-31,1,75223,511147.0,0.14717
2007-04-14,0.2800129374228539,0.18996148129851823,-0.05257890622860624,14,LANDSAT/LE07/C02/T1_L2,Landsat 7 ETM+,LANDSAT_7,2007,2000-01-01,2012-12-31,1,171508,511147.0,0.33554
2007-04-14,0.276730325223163,0.19001681854123192,-0.060897117359358904,21,LANDSAT/LE07/C02/T1_L2,Landsat 7 ETM+,LANDSAT_7,2007,2000-01-01,2012-12-31,1,76079,511147.0,0.14884
2007-04-15,0.26462007939894977,0.20748877921934936,-0.056167633615332814,35,LANDSAT/LT05/C02/T1_L2,Landsat 5 TM,LANDSAT_5,2007,2000-01-01,2012-12-31,1,83482,511147.0,0.16332
2007-04-15,0.26944294800636015,0.20752584131203033,-0.06629628383905296,54,LANDSAT/LT05/C02/T1_L2,Landsat 5 TM,LANDSAT_5,2007,2000-01-01,2012-12-31,1,49961,511147.0,0.09774
2007-04-22,0.3162093326898693,0.19745700912709072,-0.041732327327833656,55,LANDSAT/LT05/C02/T1_L2,Landsat 5 TM,LANDSAT_5,2007,2000-01-01,2012-12-31,1,267664,511147.0,0.52365
2007-04-22,0.33797530100782364,0.2108142918097956,-0.03820008619646184,47,LANDSAT/LT05/C02/T1_L2,Landsat 5 TM,LANDSAT_5,2007,2000-01-01,2012-12-31,1,111388,511147.0,0.21792
2007-04-23,0.2703983857974006,0.1826991182320657,-0.08900697419005517,2,LANDSAT/LE07/C02/T1_L2,Landsat 7 ETM+,LANDSAT_7,2007,2000-01-01,2012-12-31,1,109490,511147.0,0.2142
2007-04-30,0.3180099877544954,0.21153251011916394,-0.032004892492825114,5,LANDSAT/LE07/C02/T1_L2,Landsat 7 ETM+,LANDSAT_7,2007,2000-01-01,2012-12-31,1,250933,511147.0,0.49092
2007-04-30,0.35405034634983873,0.23853894721736907,-0.001225150138963759,13,LANDSAT/LE07/C02/T1_L2,Landsat 7 ETM+,LANDSAT_7,2007,2000-01-01,2012-12-31,1,122951,511147.0,0.24054
2007-05-01,0.2623426027399725,0.18586624267906668,-0.0811084441148152,3,LANDSAT/LT05/C02/T1_L2,Landsat 5 TM,LANDSAT_5,2007,2000-01-01,2012-12-31,1,201483,511147.0,0.39418
2007-05-01,0.27463003308209166,0.197640827595814,-0.07844932636138752,4,LANDSAT/LT05/C02/T1_L2,Landsat 5 TM,LANDSAT_5,2007,2000-01-01,2012-12-31,1,73480,511147.0,0.14376
2007-05-08,0.28540401633144097,0.21085873230569038,-0.04418065645668929,45,LANDSAT/LT05/C02/T1_L2,Landsat 5 TM,LANDSAT_5,2007,2000-01-01,2012-12-31,1,104007,511147.0,0.20348
2007-05-08,0.38844721272524524,0.2781803002109579,0.023049943642312148,13,LANDSAT/LT05/C02/T1_L2,Landsat 5 TM,LANDSAT_5,2007,2000-01-01,2012-12-31,1,53578,511147.0,0.10482
2007-05-09,0.25653690871560425,0.1828886280091416,-0.06522703983832788,34,LANDSAT/LE07/C02/T1_L2,Landsat 7 ETM+,LANDSAT_7,2007,2000-01-01,2012-12-31,1,99704,511147.0,0.19506
2007-05-09,0.2718914471507616,0.19275039642907588,-0.04589344598701159,45,LANDSAT/LE07/C02/T1_L2,Landsat 7 ETM+,LANDSAT_7,2007,2000-01-01,2012-12-31,1,27421,511147.0,0.05365
2007-05-16,0.3101790288303797,0.207934079303974,-0.011743119429317592,7,LANDSAT/LE07/C02/T1_L2,Landsat 7 ETM+,LANDSAT_7,2007,2000-01-01,2012-12-31,1,141592,511147.0,0.27701
2007-05-17,0.2670589168690586,0.19304825984060744,-0.06127461680479079,19,LANDSAT/LT05/C02/T1_L2,Landsat 5 TM,LANDSAT_5,2007,2000-01-01,2012-12-31,1,191011,511147.0,0.37369
2007-05-17,0.2906422878253585,0.2137868169632104,-0.050448231322560017,7,LANDSAT/LT05/C02/T1_L2,Landsat 5 TM,LANDSAT_5,2007,2000-01-01,2012-12-31,1,60400,511147.0,0.11817
2007-05-24,0.3389874953720728,0.24758408305138832,0.04605299813615026,58,LANDSAT/LT05/C02/T1_L2,Landsat 5 TM,LANDSAT_5,2007,2000-01-01,2012-12-31,1,147517,511147.0,0.2886
2007-05-24,0.3363506372606346,0.24669637275045997,0.046626917638411945,31,LANDSAT/LT05/C02/T1_L2,Landsat 5 TM,LANDSAT_5,2007,2000-01-01,2012-12-31,1,121152,511147.0,0.23702
2007-06-01,0.35698602500327203,0.2275330612941139,-0.019927886954438024,0,LANDSAT/LE07/C02/T1_L2,Landsat 7 ETM+,LANDSAT_7,2007,2000-01-01,2012-12-31,1,285286,511147.0,0.55813
2007-06-01,0.3950654987866985,0.2515568472794303,0.0003046658072946567,0,LANDSAT/LE07/C02/T1_L2,Landsat 7 ETM+,LANDSAT_7,2007,2000-01-01,2012-12-31,1,148585,511147.0,0.29069
2007-06-02,0.2897263381799514,0.20424211484304036,-0.04979632978055008,0,LANDSAT/LT05/C02/T1_L2,Landsat 5 TM,LANDSAT_5,2007,2000-01-01,2012-12-31,1,183134,511147.0,0.35828
2007-06-02,0.310524193973455,0.22540765690874054,-0.037257728869290956,0,LANDSAT/LT05/C02/T1_L2,Landsat 5 TM,LANDSAT_5,2007,2000-01-01,2012-12-31,1,44113,511147.0,0.0863
2007-06-09,0.37699986826598963,0.25428734494458044,0.036190475142468835,17,LANDSAT/LT05/C02/T1_L2,Landsat 5 TM,LANDSAT_5,2007,2000-01-01,2012-12-31,1,147643,511147.0,0.28885
2007-06-25,0.36505740826379424,0.28144854533351943,0.06359667610891903,50,LANDSAT/LT05/C02/T1_L2,Landsat 5 TM,LANDSAT_5,2007,2000-01-01,2012-12-31,1,26060,511147.0,0.05098
2007-07-03,0.4346336637208563,0.3236695444212558,0.09241827512950801,61,LANDSAT/LE07/C02/T1_L2,Landsat 7 ETM+,LANDSAT_7,2007,2000-01-01,2012-12-31,1,70475,511147.0,0.13788
2007-07-03,0.3337982264810841,0.2406974086453444,0.022839166180978986,68,LANDSAT/LE07/C02/T1_L2,Landsat 7 ETM+,LANDSAT_7,2007,2000-01-01,2012-12-31,1,19512,511147.0,0.03817
2007-07-04,0.40009273635456194,0.3184700485695695,0.058163596133304095,28,LANDSAT/LT05/C02/T1_L2,Landsat 5 TM,LANDSAT_5,2007,2000-01-01,2012-12-31,1,93694,511147.0,0.1833
2007-07-04,0.3810170207317964,0.29961125435271185,0.03919305362866052,49,LANDSAT/LT05/C02/T1_L2,Landsat 5 TM,LANDSAT_5,2007,2000-01-01,2012-12-31,1,30229,511147.0,0.05914
2007-07-11,0.3814869210148299,0.27731712412251536,0.05207883823350043,43,LANDSAT/LT05/C02/T1_L2,Landsat 5 TM,LANDSAT_5,2007,2000-01-01,2012-12-31,1,104605,511147.0,0.20465
2007-07-11,0.2841253229206099,0.22499779311381396,0.0015423792308329473,50,LANDSAT/LT05/C02/T1_L2,Landsat 5 TM,LANDSAT_5,2007,2000-01-01,2012-12-31,1,14850,511147.0,0.02905
2007-07-20,0.42051875408449113,0.338071462587304,0.12307240064040947,62,LANDSAT/LT05/C02/T1_L2,Landsat 5 TM,LANDSAT_5,2007,2000-01-01,2012-12-31,1,116929,511147.0,0.22876
2007-07-20,0.38706185301992224,0.3011877746352581,0.08765182719611951,39,LANDSAT/LT05/C02/T1_L2,Landsat 5 TM,LANDSAT_5,2007,2000-01-01,2012-12-31,1,33654,511147.0,0.06584
2007-07-27,0.3686876410985169,0.2749729636462257,0.05427647109434476,42,LANDSAT/LT05/C02/T1_L2,Landsat 5 TM,LANDSAT_5,2007,2000-01-01,2012-12-31,1,86438,511147.0,0.16911
2007-08-28,0.47462303600490113,0.4004170108422428,0.23962540145271113,70,LANDSAT/LT05/C02/T1_L2,Landsat 5 TM,LANDSAT_5,2007,2000-01-01,2012-12-31,1,34965,511147.0,0.0684
2007-08-28,0.5127735987821522,0.3929430808665129,0.2080370971657186,25,LANDSAT/LT05/C02/T1_L2,Landsat 5 TM,LANDSAT_5,2007,2000-01-01,2012-12-31,1,53976,511147.0,0.1056
2007-08-29,0.5778290952970396,0.4547288064429403,0.23337749644306496,34,LANDSAT/LE07/C02/T1_L2,Landsat 7 ETM+,LANDSAT_7,2007,2000-01-01,2012-12-31,1,3120,511147.0,0.0061
2007-09-13,0.5044208263344695,0.36433036947207986,0.16535107506280886,55,LANDSAT/LT05/C02/T1_L2,Landsat 5 TM,LANDSAT_5,2007,2000-01-01,2012-12-31,1,169351,511147.0,0.33132
2007-09-13,0.5204835560683407,0.3563039278149609,0.14043182729657552,4,LANDSAT/LT05/C02/T1_L2,Landsat 5 TM,LANDSAT_5,2007,2000-01-01,2012-12-31,1,165281,511147.0,0.32335
2007-09-29,0.5118050850926376,0.34512074896182493,0.15370309838483107,16,LANDSAT/LT05/C02/T1_L2,Landsat 5 TM,LANDSAT_5,2007,2000-01-01,2012-12-31,1,387408,511147.0,0.75792
2007-09-29,0.45583853631562765,0.303491912549082,0.0856065964668628,4,LANDSAT/LT05/C02/T1_L2,Landsat 5 TM,LANDSAT_5,2007,2000-01-01,2012-12-31,1,171093,511147.0,0.33472
2007-09-30,0.4209066398559016,0.3356683151824093,0.105620075419965,47,LANDSAT/LE07/C02/T1_L2,Landsat 7 ETM+,LANDSAT_7,2007,2000-01-01,2012-12-31,1,351,511147.0,0.00069
2007-10-16,0.4708923530628108,0.3727793217259077,0.11162120814754846,25,LANDSAT/LE07/C02/T1_L2,Landsat 7 ETM+,LANDSAT_7,2007,2000-01-01,2012-12-31,1,67930,511147.0,0.1329
2007-10-16,0.4610283357674831,0.3542431047463577,0.11451649980219351,41,LANDSAT/LE07/C02/T1_L2,Landsat 7 ETM+,LANDSAT_7,2007,2000-01-01,2012-12-31,1,21155,511147.0,0.04139
2007-11-01,0.4752934306578703,0.363337355303717,0.20358766343357193,42,LANDSAT/LE07/C02/T1_L2,Landsat 7 ETM+,LANDSAT_7,2007,2000-01-01,2012-12-31,1,76467,511147.0,0.1496
2007-11-01,0.5594239065701812,0.391792131756016,0.20044638098958434,70,LANDSAT/LE07/C02/T1_L2,Landsat 7 ETM+,LANDSAT_7,2007,2000-01-01,2012-12-31,1,25086,511147.0,0.04908
2007-11-08,0.5582805769623123,0.3723020897667179,0.20242975060940274,36,LANDSAT/LE07/C02/T1_L2,Landsat 7 ETM+,LANDSAT_7,2007,2000-01-01,2012-12-31,1,90125,511147.0,0.17632
2007-11-08,0.5634106372070119,0.3663876852578474,0.1944753970141876,48,LANDSAT/LE07/C02/T1_L2,Landsat 7 ETM+,LANDSAT_7,2007,2000-01-01,2012-12-31,1,51409,511147.0,0.10058
2007-11-17,0.48107153887615883,0.33486846049070834,0.11645609750564176,6,LANDSAT/LE07/C02/T1_L2,Landsat 7 ETM+,LANDSAT_7,2007,2000-01-01,2012-12-31,1,86892,511147.0,0.16999
2007-11-17,0.4862792281542954,0.33818883292400476,0.09895308072709391,1,LANDSAT/LE07/C02/T1_L2,Landsat 7 ETM+,LANDSAT_7,2007,2000-01-01,2012-12-31,1,31683,511147.0,0.06198
2007-11-24,0.5412993918187129,0.3294960571513028,0.1199489768814497,0,LANDSAT/LE07/C02/T1_L2,Landsat 7 ETM+,LANDSAT_7,2007,2000-01-01,2012-12-31,1,264791,511147.0,0.51803
2007-11-24,0.542413296154147,0.3340483184351487,0.11648709341055781,0,LANDSAT/LE07/C02/T1_L2,Landsat 7 ETM+,LANDSAT_7,2007,2000-01-01,2012-12-31,1,138455,511147.0,0.27087
2007-12-10,0.4990936598125228,0.3018641404427013,0.1470484028854815,12,LANDSAT/LE07/C02/T1_L2,Landsat 7 ETM+,LANDSAT_7,2007,2000-01-01,2012-12-31,1,121190,511147.0,0.23709
2007-12-26,0.4395866863197869,0.30512889510461755,0.21544163897787483,51,LANDSAT/LE07/C02/T1_L2,Landsat 7 ETM+,LANDSAT_7,2007,2000-01-01,2012-12-31,1,28896,511147.0,0.05653
2007-12-26,0.5059745762921581,0.3055972285024854,0.16082743788724765,22,LANDSAT/LE07/C02/T1_L2,Landsat 7 ETM+,LANDSAT_7,2007,2000-01-01,2012-12-31,1,11965,511147.0,0.02341
2008-01-11,0.49200207562006043,0.3014591274166042,0.13580649819309115,13,LANDSAT/LE07/C02/T1_L2,Landsat 7 ETM+,LANDSAT_7,2008,2000-01-01,2012-12-31,1,109253,511147.0,0.21374
2008-01-11,0.5187874879936293,0.32390921540663414,0.13581696164692122,25,LANDSAT/LE07/C02/T1_L2,Landsat 7 ETM+,LANDSAT_7,2008,2000-01-01,2012-12-31,1,47067,511147.0,0.09208
2008-01-20,0.5001688268557954,0.30897983901565107,0.15827914813224297,0,LANDSAT/LE07/C02/T1_L2,Landsat 7 ETM+,LANDSAT_7,2008,2000-01-01,2012-12-31,1,112620,511147.0,0.22033
2008-01-20,0.5129233470666525,0.32493063599643,0.14414258383187695,0,LANDSAT/LE07/C02/T1_L2,Landsat 7 ETM+,LANDSAT_7,2008,2000-01-01,2012-12-31,1,33291,511147.0,0.06513
2008-02-05,0.38932165720134776,0.3304349200239231,0.18068965637684245,13,LANDSAT/LE07/C02/T1_L2,Landsat 7 ETM+,LANDSAT_7,2008,2000-01-01,2012-12-31,1,42164,511147.0,0.08249
2008-02-05,0.34291543850209916,0.31915436331108493,0.16516304589313027,15,LANDSAT/LE07/C02/T1_L2,Landsat 7 ETM+,LANDSAT_7,2008,2000-01-01,2012-12-31,1,10077,511147.0,0.01971
2008-02-12,0.5128804160938838,0.3171546270562634,0.11886678436625366,39,LANDSAT/LE07/C02/T1_L2,Landsat 7 ETM+,LANDSAT_7,2008,2000-01-01,2012-12-31,1,53740,511147.0,0.10514
2008-02-13,0.4689132542480454,0.32980982902817924,0.11474620462162885,13,LANDSAT/LT05/C02/T1_L2,Landsat 5 TM,LANDSAT_5,2008,2000-01-01,2012-12-31,1,89505,511147.0,0.17511
2008-02-20,0.4466198769878453,0.2768008115767233,0.06769124561518944,2,LANDSAT/LT05/C02/T1_L2,Landsat 5 TM,LANDSAT_5,2008,2000-01-01,2012-12-31,1,308693,511147.0,0.60392
2008-02-20,0.42974006931379044,0.2668360945861001,0.03299367899903068,3,LANDSAT/LT05/C02/T1_L2,Landsat 5 TM,LANDSAT_5,2008,2000-01-01,2012-12-31,1,133913,511147.0,0.26199
2008-02-21,0.4267632149114435,0.3240198386382296,0.11849484680880569,7,LANDSAT/LE07/C02/T1_L2,Landsat 7 ETM+,LANDSAT_7,2008,2000-01-01,2012-12-31,1,31271,511147.0,0.06118
2008-02-21,0.4435799219848029,0.34028065789205714,0.11985790679094081,9,LANDSAT/LE07/C02/T1_L2,Landsat 7 ETM+,LANDSAT_7,2008,2000-01-01,2012-12-31,1,8737,511147.0,0.01709
2008-02-28,0.43736352158872777,0.2587546455511127,0.04300234902784363,1,LANDSAT/LE07/C02/T1_L2,Landsat 7 ETM+,LANDSAT_7,2008,2000-01-01,2012-12-31,1,257318,511147.0,0.50341
2008-02-28,0.4173233095055825,0.24602785693064888,0.014648860835457002,4,LANDSAT/LE07/C02/T1_L2,Landsat 7 ETM+,LANDSAT_7,2008,2000-01-01,2012-12-31,1,145056,511147.0,0.28379
2008-02-29,0.4344104278172876,0.2750631646372653,0.049938304584695295,4,LANDSAT/LT05/C02/T1_L2,Landsat 5 TM,LANDSAT_5,2008,2000-01-01,2012-12-31,1,156317,511147.0,0.30582
2008-02-29,0.4400811236187594,0.2838259385637893,0.043097353281569745,67,LANDSAT/LT05/C02/T1_L2,Landsat 5 TM,LANDSAT_5,2008,2000-01-01,2012-12-31,1,37562,511147.0,0.07349
2008-03-07,0.3742084267107981,0.2374359882627462,0.011722289218948434,9,LANDSAT/LT05/C02/T1_L2,Landsat 5 TM,LANDSAT_5,2008,2000-01-01,2012-12-31,1,292812,511147.0,0.57285
2008-03-07,0.34626596479009164,0.22151559802451326,-0.019493191365306816,26,LANDSAT/LT05/C02/T1_L2,Landsat 5 TM,LANDSAT_5,2008,2000-01-01,2012-12-31,1,112422,511147.0,0.21994
2008-03-08,0.4152177124952787,0.26894659210581856,0.04606584299905088,0,LANDSAT/LE07/C02/T1_L2,Landsat 7 ETM+,LANDSAT_7,2008,2000-01-01,2012-12-31,1,103222,511147.0,0.20194
2008-03-08,0.41836676836652503,0.2750735782080395,0.03869411126822184,2,LANDSAT/LE07/C02/T1_L2,Landsat 7 ETM+,LANDSAT_7,2008,2000-01-01,2012-12-31,1,29825,511147.0,0.05835
2008-03-16,0.36339231959446316,0.2618728041870708,0.05131736613850005,49,LANDSAT/LT05/C02/T1_L2,Landsat 5 TM,LANDSAT_5,2008,2000-01-01,2012-12-31,1,42247,511147.0,0.08265
2008-03-31,0.44693232692156837,0.30539926183138594,0.08292732007899999,36,LANDSAT/LE07/C02/T1_L2,Landsat 7 ETM+,LANDSAT_7,2008,2000-01-01,2012-12-31,1,216788,511147.0,0.42412
2008-03-31,0.4333110048867703,0.29028922438157473,0.06588678804839632,39,LANDSAT/LE07/C02/T1_L2,Landsat 7 ETM+,LANDSAT_7,2008,2000-01-01,2012-12-31,1,98679,511147.0,0.19305
2008-04-01,0.4007749019263596,0.3590450708448674,0.10846189668663578,55,LANDSAT/LT05/C02/T1_L2,Landsat 5 TM,LANDSAT_5,2008,2000-01-01,2012-12-31,1,5,511147.0,1e-05
2008-04-08,0.4722024671841063,0.2942473409713021,0.04503539859983864,1,LANDSAT/LT05/C02/T1_L2,Landsat 5 TM,LANDSAT_5,2008,2000-01-01,2012-12-31,1,373238,511147.0,0.7302
2008-04-08,0.4741608496748317,0.2976421312976833,0.04213130016549157,12,LANDSAT/LT05/C02/T1_L2,Landsat 5 TM,LANDSAT_5,2008,2000-01-01,2012-12-31,1,167947,511147.0,0.32857
2008-04-09,0.44757319708354937,0.3155506765704987,0.0672593784327929,7,LANDSAT/LE07/C02/T1_L2,Landsat 7 ETM+,LANDSAT_7,2008,2000-01-01,2012-12-31,1,82482,511147.0,0.16137
2008-04-09,0.4622572141188009,0.33074543312161253,0.07023540739788764,33,LANDSAT/LE07/C02/T1_L2,Landsat 7 ETM+,LANDSAT_7,2008,2000-01-01,2012-12-31,1,24374,511147.0,0.04768
2008-04-16,0.4273559577596497,0.27700854099817335,0.03806435969486933,5,LANDSAT/LE07/C02/T1_L2,Landsat 7 ETM+,LANDSAT_7,2008,2000-01-01,2012-12-31,1,209586,511147.0,0.41003
2008-04-16,0.441575274989395,0.2981403595453598,0.054820217061834535,30,LANDSAT/LE07/C02/T1_L2,Landsat 7 ETM+,LANDSAT_7,2008,2000-01-01,2012-12-31,1,92040,511147.0,0.18007
2008-04-17,0.38521068294509003,0.2815302018158353,0.028433863032122208,20,LANDSAT/LT05/C02/T1_L2,Landsat 5 TM,LANDSAT_5,2008,2000-01-01,2012-12-31,1,59826,511147.0,0.11704
2008-04-17,0.3904735719332129,0.2662503645601634,0.05491315701020243,23,LANDSAT/LT05/C02/T1_L2,Landsat 5 TM,LANDSAT_5,2008,2000-01-01,2012-12-31,1,1455,511147.0,0.00285
2008-04-24,0.35546122552579956,0.24702448640868294,0.0036768119298226454,15,LANDSAT/LT05/C02/T1_L2,Landsat 5 TM,LANDSAT_5,2008,2000-01-01,2012-12-31,1,347283,511147.0,0.67942
2008-04-25,0.3659308121097574,0.2574462547217865,0.008440322753937255,9,LANDSAT/LE07/C02/T1_L2,Landsat 7 ETM+,LANDSAT_7,2008,2000-01-01,2012-12-31,1,77965,511147.0,0.15253
2008-05-03,0.3136173442822257,0.22320543099879345,-0.01663483654216331,5,LANDSAT/LT05/C02/T1_L2,Landsat 5 TM,LANDSAT_5,2008,2000-01-01,2012-12-31,1,162766,511147.0,0.31843
2008-05-03,0.3263621187934527,0.2351584001122833,-0.014839523409979129,10,LANDSAT/LT05/C02/T1_L2,Landsat 5 TM,LANDSAT_5,2008,2000-01-01,2012-12-31,1,38347,511147.0,0.07502
2008-05-10,0.3459880244203295,0.22787609822079985,0.00648801301626777,0,LANDSAT/LT05/C02/T1_L2,Landsat 5 TM,LANDSAT_5,2008,2000-01-01,2012-12-31,1,387896,511147.0,0.75887
2008-05-10,0.37208217856972076,0.24926859043927263,0.01998813570744471,4,LANDSAT/LT05/C02/T1_L2,Landsat 5 TM,LANDSAT_5,2008,2000-01-01,2012-12-31,1,160157,511147.0,0.31333
2008-05-11,0.33030045070315767,0.22527456232852236,0.01579215556271844,5,LANDSAT/LE07/C02/T1_L2,Landsat 7 ETM+,LANDSAT_7,2008,2000-01-01,2012-12-31,1,93964,511147.0,0.18383
2008-05-11,0.3404250353324973,0.23748740116537242,0.015228284744000333,21,LANDSAT/LE07/C02/T1_L2,Landsat 7 ETM+,LANDSAT_7,2008,2000-01-01,2012-12-31,1,22679,511147.0,0.04437
2008-05-19,0.34521036187113713,0.24929860113662522,0.01791843964267585,50,LANDSAT/LT05/C02/T1_L2,Landsat 5 TM,LANDSAT_5,2008,2000-01-01,2012-12-31,1,166431,511147.0,0.3256
2008-05-19,0.3635433671276363,0.2697419953416697,0.02385140745415485,31,LANDSAT/LT05/C02/T1_L2,Landsat 5 TM,LANDSAT_5,2008,2000-01-01,2012-12-31,1,40616,511147.0,0.07946
2008-05-26,0.4212409559891694,0.2831189022999707,0.05903180640630828,2,LANDSAT/LT05/C02/T1_L2,Landsat 5 TM,LANDSAT_5,2008,2000-01-01,2012-12-31,1,377182,511147.0,0.73791
2008-05-26,0.434451995003335,0.29487286181388106,0.06115509589998185,1,LANDSAT/LT05/C02/T1_L2,Landsat 5 TM,LANDSAT_5,2008,2000-01-01,2012-12-31,1,175651,511147.0,0.34364
2008-05-27,0.3554336643406357,0.2595277383726805,0.03744802455436907,46,LANDSAT/LE07/C02/T1_L2,Landsat 7 ETM+,LANDSAT_7,2008,2000-01-01,2012-12-31,1,25870,511147.0,0.05061
2008-05-27,0.3735815047849877,0.2751704034625522,0.07997362490501896,53,LANDSAT/LE07/C02/T1_L2,Landsat 7 ETM+,LANDSAT_7,2008,2000-01-01,2012-12-31,1,5499,511147.0,0.01076
2008-06-03,0.4727779745544746,0.31396838215952355,0.08858542847083867,3,LANDSAT/LE07/C02/T1_L2,Landsat 7 ETM+,LANDSAT_7,2008,2000-01-01,2012-12-31,1,266530,511147.0,0.52144
2008-06-03,0.48611819669238593,0.32265550148346744,0.09386797062935286,2,LANDSAT/LE07/C02/T1_L2,Landsat 7 ETM+,LANDSAT_7,2008,2000-01-01,2012-12-31,1,139441,511147.0,0.2728
2008-06-20,0.39005284327367323,0.2995368474361518,0.07412596731491798,10,LANDSAT/LT05/C02/T1_L2,Landsat 5 TM,LANDSAT_5,2008,2000-01-01,2012-12-31,1,78299,511147.0,0.15318
2008-06-20,0.3735168240034388,0.2985278727215908,0.06574054298544389,44,LANDSAT/LT05/C02/T1_L2,Landsat 5 TM,LANDSAT_5,2008,2000-01-01,2012-12-31,1,17497,511147.0,0.03423
2008-06-27,0.41129221222905216,0.2822406002773251,0.07094693438084367,40,LANDSAT/LT05/C02/T1_L2,Landsat 5 TM,LANDSAT_5,2008,2000-01-01,2012-12-31,1,338229,511147.0,0.66171
2008-06-27,0.41583909468101954,0.28533016263180633,0.07169614027018108,35,LANDSAT/LT05/C02/T1_L2,Landsat 5 TM,LANDSAT_5,2008,2000-01-01,2012-12-31,1,145718,511147.0,0.28508
2008-07-06,0.3326221986737003,0.24662007552710774,0.054357497121559815,14,LANDSAT/LT05/C02/T1_L2,Landsat 5 TM,LANDSAT_5,2008,2000-01-01,2012-12-31,1,26733,511147.0,0.0523
2008-07-13,0.36404114136421306,0.24640989191366486,0.037767707447568924,0,LANDSAT/LT05/C02/T1_L2,Landsat 5 TM,LANDSAT_5,2008,2000-01-01,2012-12-31,1,384239,511147.0,0.75172
2008-07-13,0.3529757956683782,0.23775490952024642,0.02785553593605425,2,LANDSAT/LT05/C02/T1_L2,Landsat 5 TM,LANDSAT_5,2008,2000-01-01,2012-12-31,1,173160,511147.0,0.33877
2008-07-14,0.3209391814036167,0.2477693002617294,0.039823755100327464,52,LANDSAT/LE07/C02/T1_L2,Landsat 7 ETM+,LANDSAT_7,2008,2000-01-01,2012-12-31,1,84905,511147.0,0.16611
2008-07-22,0.3888324425158548,0.28622481259550325,0.07592915479102438,31,LANDSAT/LT05/C02/T1_L2,Landsat 5 TM,LANDSAT_5,2008,2000-01-01,2012-12-31,1,135115,511147.0,0.26434
2008-07-22,0.38924281617828466,0.28026650172007445,0.0574425432910416,15,LANDSAT/LT05/C02/T1_L2,Landsat 5 TM,LANDSAT_5,2008,2000-01-01,2012-12-31,1,43421,511147.0,0.08495
2008-07-29,0.32796031508135587,0.2904098779024907,0.11514225446518621,67,LANDSAT/LT05/C02/T1_L2,Landsat 5 TM,LANDSAT_5,2008,2000-01-01,2012-12-31,1,6615,511147.0,0.01294
2008-08-07,0.43263790919767686,0.3259954257431934,0.08069391076403663,18,LANDSAT/LT05/C02/T1_L2,Landsat 5 TM,LANDSAT_5,2008,2000-01-01,2012-12-31,1,147888,511147.0,0.28933
2008-08-07,0.3977540658885701,0.29611073211187,0.0488962206307787,5,LANDSAT/LT05/C02/T1_L2,Landsat 5 TM,LANDSAT_5,2008,2000-01-01,2012-12-31,1,37297,511147.0,0.07297
2008-08-23,0.45331340429875217,0.3449833377756598,0.15737738731917714,52,LANDSAT/LT05/C02/T1_L2,Landsat 5 TM,LANDSAT_5,2008,2000-01-01,2012-12-31,1,105540,511147.0,0.20648
2008-08-23,0.44723368430541394,0.3356635555346706,0.14423945418110243,6,LANDSAT/LT05/C02/T1_L2,Landsat 5 TM,LANDSAT_5,2008,2000-01-01,2012-12-31,1,19290,511147.0,0.03774
2008-08-30,0.4706971669350368,0.34587494667945395,0.14298707068140112,33,LANDSAT/LT05/C02/T1_L2,Landsat 5 TM,LANDSAT_5,2008,2000-01-01,2012-12-31,1,140771,511147.0,0.2754
2008-08-30,0.46263499264933633,0.3489617574251084,0.17555470658273678,61,LANDSAT/LT05/C02/T1_L2,Landsat 5 TM,LANDSAT_5,2008,2000-01-01,2012-12-31,1,26283,511147.0,0.05142
2008-08-31,0.4397914480385292,0.3697337913098186,0.11998731424144903,49,LANDSAT/LE07/C02/T1_L2,Landsat 7 ETM+,LANDSAT_7,2008,2000-01-01,2012-12-31,1,2636,511147.0,0.00516
2008-09-15,0.5004824792933282,0.35136588962116844,0.17124568500660275,13,LANDSAT/LT05/C02/T1_L2,Landsat 5 TM,LANDSAT_5,2008,2000-01-01,2012-12-31,1,314108,511147.0,0.61452
2008-09-24,0.48709778508578494,0.4202343990312718,0.18453796585187693,40,LANDSAT/LT05/C02/T1_L2,Landsat 5 TM,LANDSAT_5,2008,2000-01-01,2012-12-31,1,3536,511147.0,0.00692
2008-10-01,0.49505968231174996,0.347742046547265,0.15864479869613832,15,LANDSAT/LT05/C02/T1_L2,Landsat 5 TM,LANDSAT_5,2008,2000-01-01,2012-12-31,1,305364,511147.0,0.59741
2008-10-01,0.45656395666901883,0.33491050291248264,0.1335817689883529,14,LANDSAT/LT05/C02/T1_L2,Landsat 5 TM,LANDSAT_5,2008,2000-01-01,2012-12-31,1,60573,511147.0,0.1185
2008-10-09,0.5276433799755376,0.3601358838538665,0.13734323641753546,22,LANDSAT/LE07/C02/T1_L2,Landsat 7 ETM+,LANDSAT_7,2008,2000-01-01,2012-12-31,1,211246,511147.0,0.41328
2008-10-09,0.49499742563521704,0.34107214481577197,0.11460918945643625,12,LANDSAT/LE07/C02/T1_L2,Landsat 7 ETM+,LANDSAT_7,2008,2000-01-01,2012-12-31,1,110305,511147.0,0.2158
2008-10-10,0.5083288456797618,0.40998897054083455,0.15455185429999244,16,LANDSAT/LT05/C02/T1_L2,Landsat 5 TM,LANDSAT_5,2008,2000-01-01,2012-12-31,1,68326,511147.0,0.13367
2008-10-10,0.5111382193484751,0.4218475584872653,0.17490607568011526,21,LANDSAT/LT05/C02/T1_L2,Landsat 5 TM,LANDSAT_5,2008,2000-01-01,2012-12-31,1,18051,511147.0,0.03531
2008-10-17,0.5383877126146369,0.39858389295954294,0.24982654571321633,66,LANDSAT/LT05/C02/T1_L2,Landsat 5 TM,LANDSAT_5,2008,2000-01-01,2012-12-31,1,83204,511147.0,0.16278
2008-10-18,0.48286515560431276,0.5568324533957227,0.3291765760981793,56,LANDSAT/LE07/C02/T1_L2,Landsat 7 ETM+,LANDSAT_7,2008,2000-01-01,2012-12-31,1,3349,511147.0,0.00655
2008-11-02,0.5417106850521074,0.3514521438109932,0.1556157093433041,0,LANDSAT/LT05/C02/T1_L2,Landsat 5 TM,LANDSAT_5,2008,2000-01-01,2012-12-31,1,361601,511147.0,0.70743
2008-11-02,0.5205667202571267,0.33787280194744634,0.1373815931516893,0,LANDSAT/LT05/C02/T1_L2,Landsat 5 TM,LANDSAT_5,2008,2000-01-01,2012-12-31,1,168782,511147.0,0.3302
2008-11-03,0.5538529355027801,0.38020127282738536,0.13813923034405828,0,LANDSAT/LE07/C02/T1_L2,Landsat 7 ETM+,LANDSAT_7,2008,2000-01-01,2012-12-31,1,106583,511147.0,0.20852
2008-11-03,0.545465641800537,0.37364949014981275,0.14373825583475053,0,LANDSAT/LE07/C02/T1_L2,Landsat 7 ETM+,LANDSAT_7,2008,2000-01-01,2012-12-31,1,31290,511147.0,0.06122
2008-11-11,0.4997592258855525,0.3617690627328392,0.12257943484704206,24,LANDSAT/LT05/C02/T1_L2,Landsat 5 TM,LANDSAT_5,2008,2000-01-01,2012-12-31,1,54551,511147.0,0.10672
2008-11-11,0.4852558063424356,0.3583900281657259,0.140268668401756,22,LANDSAT/LT05/C02/T1_L2,Landsat 5 TM,LANDSAT_5,2008,2000-01-01,2012-12-31,1,6684,511147.0,0.01308
2008-11-18,0.4380940194885653,0.35280711237244194,0.1849792901866697,68,LANDSAT/LT05/C02/T1_L2,Landsat 5 TM,LANDSAT_5,2008,2000-01-01,2012-12-31,1,48105,511147.0,0.09411
2008-11-18,0.47759075762187236,0.3636654075663222,0.1714653891515195,39,LANDSAT/LT05/C02/T1_L2,Landsat 5 TM,LANDSAT_5,2008,2000-01-01,2012-12-31,1,29446,511147.0,0.05761
2008-12-04,0.4875002683787969,0.27937011630322023,0.1927082508707924,1,LANDSAT/LT05/C02/T1_L2,Landsat 5 TM,LANDSAT_5,2008,2000-01-01,2012-12-31,1,411810,511147.0,0.80566
2008-12-04,0.5259486278435384,0.30411314388489336,0.175171964370928,0,LANDSAT/LT05/C02/T1_L2,Landsat 5 TM,LANDSAT_5,2008,2000-01-01,2012-12-31,1,167831,511147.0,0.32834
2008-12-12,0.5149173536020552,0.28851073123066784,0.1462916190329408,5,LANDSAT/LE07/C02/T1_L2,Landsat 7 ETM+,LANDSAT_7,2008,2000-01-01,2012-12-31,1,219671,511147.0,0.42976
2008-12-12,0.5546209339278885,0.31058070217879763,0.13509399256761911,1,LANDSAT/LE07/C02/T1_L2,Landsat 7 ETM+,LANDSAT_7,2008,2000-01-01,2012-12-31,1,135902,511147.0,0.26588
2008-12-13,0.4081331539173194,0.26842430104821907,0.15584188178555103,27,LANDSAT/LT05/C02/T1_L2,Landsat 5 TM,LANDSAT_5,2008,2000-01-01,2012-12-31,1,60888,511147.0,0.11912
2008-12-20,0.41743567651557484,0.25851608544824817,0.118953339237957,10,LANDSAT/LT05/C02/T1_L2,Landsat 5 TM,LANDSAT_5,2008,2000-01-01,2012-12-31,1,290116,511147.0,0.56758
2008-12-20,0.48003839273859367,0.2996167648142073,0.12664111885846802,10,LANDSAT/LT05/C02/T1_L2,Landsat 5 TM,LANDSAT_5,2008,2000-01-01,2012-12-31,1,134072,511147.0,0.2623
2008-12-21,0.3709298329172522,0.2595076659996715,0.15137688834831056,31,LANDSAT/LE07/C02/T1_L2,Landsat 7 ETM+,LANDSAT_7,2008,2000-01-01,2012-12-31,1,2827,511147.0,0.00553
2008-12-21,0.40147016989792983,0.2945389892501063,0.147044081937682,21,LANDSAT/LE07/C02/T1_L2,Landsat 7 ETM+,LANDSAT_7,2008,2000-01-01,2012-12-31,1,520,511147.0,0.00102
2008-12-28,0.46240554589823374,0.26730749742020893,0.10996475149718771,0,LANDSAT/LE07/C02/T1_L2,Landsat 7 ETM+,LANDSAT_7,2008,2000-01-01,2012-12-31,1,283305,511147.0,0.55425
2008-12-28,0.5239642491039304,0.30423037281162085,0.1046563862509559,0,LANDSAT/LE07/C02/T1_L2,Landsat 7 ETM+,LANDSAT_7,2008,2000-01-01,2012-12-31,1,144834,511147.0,0.28335
2008-12-29,0.41683123820872375,0.24479263320352695,0.12590160552009874,1,LANDSAT/LT05/C02/T1_L2,Landsat 5 TM,LANDSAT_5,2008,2000-01-01,2012-12-31,1,156075,511147.0,0.30534
2008-12-29,0.43183451553974356,0.25211284027100084,0.13057397331284876,3,LANDSAT/LT05/C02/T1_L2,Landsat 5 TM,LANDSAT_5,2008,2000-01-01,2012-12-31,1,35166,511147.0,0.0688
2009-01-05,0.39422320201648936,0.24968425591531213,0.11206540959079968,17,LANDSAT/LT05/C02/T1_L2,Landsat 5 TM,LANDSAT_5,2009,2000-01-01,2012-12-31,1,244991,511147.0,0.4793
2009-01-05,0.4464914868128685,0.2913165706000674,0.09459811696941772,10,LANDSAT/LT05/C02/T1_L2,Landsat 5 TM,LANDSAT_5,2009,2000-01-01,2012-12-31,1,90151,511147.0,0.17637
2009-01-06,0.431622861464478,0.2524003301235734,0.1322865328187381,5,LANDSAT/LE07/C02/T1_L2,Landsat 7 ETM+,LANDSAT_7,2009,2000-01-01,2012-12-31,1,103730,511147.0,0.20294
2009-01-06,0.4445001862567421,0.25989032995260897,0.1303935137857526,12,LANDSAT/LE07/C02/T1_L2,Landsat 7 ETM+,LANDSAT_7,2009,2000-01-01,2012-12-31,1,31670,511147.0,0.06196
2009-01-13,0.41912670880980946,0.2476065553208774,0.1313367494698355,32,LANDSAT/LE07/C02/T1_L2,Landsat 7 ETM+,LANDSAT_7,2009,2000-01-01,2012-12-31,1,116583,511147.0,0.22808
2009-01-13,0.45087591383065373,0.28895802428548756,0.09255747396232285,25,LANDSAT/LE07/C02/T1_L2,Landsat 7 ETM+,LANDSAT_7,2009,2000-01-01,2012-12-31,1,48683,511147.0,0.09524
2009-01-14,0.3081678838757622,0.2488342396084889,0.14485935446419812,18,LANDSAT/LT05/C02/T1_L2,Landsat 5 TM,LANDSAT_5,2009,2000-01-01,2012-12-31,1,31246,511147.0,0.06113
2009-01-14,0.34229687478215953,0.2534285517183035,0.15172311382515086,5,LANDSAT/LT05/C02/T1_L2,Landsat 5 TM,LANDSAT_5,2009,2000-01-01,2012-12-31,1,1838,511147.0,0.0036
2009-01-21,0.42415284583290497,0.2435975720528921,0.09648765102070406,0,LANDSAT/LT05/C02/T1_L2,Landsat 5 TM,LANDSAT_5,2009,2000-01-01,2012-12-31,1,404022,511147.0,0.79042
2009-01-21,0.4457223213198341,0.2613736778532903,0.06681383553741295,2,LANDSAT/LT05/C02/T1_L2,Landsat 5 TM,LANDSAT_5,2009,2000-01-01,2012-12-31,1,168465,511147.0,0.32958
2009-01-22,0.4397120390318142,0.27073790208797194,0.12674633768506952,2,LANDSAT/LE07/C02/T1_L2,Landsat 7 ETM+,LANDSAT_7,2009,2000-01-01,2012-12-31,1,100350,511147.0,0.19632
2009-01-22,0.47051997910645654,0.2851777334966381,0.13182620685198862,27,LANDSAT/LE07/C02/T1_L2,Landsat 7 ETM+,LANDSAT_7,2009,2000-01-01,2012-12-31,1,30471,511147.0,0.05961
2009-01-29,0.38983967437471345,0.27953756390481194,0.09268089127986973,27,LANDSAT/LE07/C02/T1_L2,Landsat 7 ETM+,LANDSAT_7,2009,2000-01-01,2012-12-31,1,134296,511147.0,0.26273
2009-01-29,0.42107357491828984,0.2970967862895122,0.07923003381923842,57,LANDSAT/LE07/C02/T1_L2,Landsat 7 ETM+,LANDSAT_7,2009,2000-01-01,2012-12-31,1,66496,511147.0,0.13009
2009-01-30,0.4363372776523893,0.27038935117579516,0.10169599300962114,21,LANDSAT/LT05/C02/T1_L2,Landsat 5 TM,LANDSAT_5,2009,2000-01-01,2012-12-31,1,155706,511147.0,0.30462
2009-01-30,0.44127872370619875,0.274521493971972,0.11072553574472616,19,LANDSAT/LT05/C02/T1_L2,Landsat 5 TM,LANDSAT_5,2009,2000-01-01,2012-12-31,1,36197,511147.0,0.07082
2009-02-06,0.4293495150899389,0.25524994274022056,0.08758700820062568,0,LANDSAT/LT05/C02/T1_L2,Landsat 5 TM,LANDSAT_5,2009,2000-01-01,2012-12-31,1,405429,511147.0,0.79317
2009-02-06,0.4175335549422483,0.24998623907968837,0.04585843814423524,1,LANDSAT/LT05/C02/T1_L2,Landsat 5 TM,LANDSAT_5,2009,2000-01-01,2012-12-31,1,168581,511147.0,0.32981
2009-02-07,0.45791823518596586,0.29190547714702586,0.10843391870630478,3,LANDSAT/LE07/C02/T1_L2,Landsat 7 ETM+,LANDSAT_7,2009,2000-01-01,2012-12-31,1,96206,511147.0,0.18822
2009-02-07,0.4632706370753851,0.30283013352079824,0.1186930117003148,11,LANDSAT/LE07/C02/T1_L2,Landsat 7 ETM+,LANDSAT_7,2009,2000-01-01,2012-12-31,1,27838,511147.0,0.05446
2009-02-14,0.4522848142833474,0.27272622844612027,0.07863224423723572,0,LANDSAT/LE07/C02/T1_L2,Landsat 7 ETM+,LANDSAT_7,2009,2000-01-01,2012-12-31,1,292336,511147.0,0.57192
2009-02-14,0.4334817968522228,0.2611492763457518,0.03773478445642497,0,LANDSAT/LE07/C02/T1_L2,Landsat 7 ETM+,LANDSAT_7,2009,2000-01-01,2012-12-31,1,150472,511147.0,0.29438
2009-02-15,0.455642382584575,0.2942345173237308,0.09327239398023666,0,LANDSAT/LT05/C02/T1_L2,Landsat 5 TM,LANDSAT_5,2009,2000-01-01,2012-12-31,1,156789,511147.0,0.30674
2009-02-15,0.4602814662768944,0.3009145918021365,0.10881120488999715,0,LANDSAT/LT05/C02/T1_L2,Landsat 5 TM,LANDSAT_5,2009,2000-01-01,2012-12-31,1,36584,511147.0,0.07157
2009-02-22,0.4124298387040313,0.2559508297493187,0.07740638560448475,1,LANDSAT/LT05/C02/T1_L2,Landsat 5 TM,LANDSAT_5,2009,2000-01-01,2012-12-31,1,348851,511147.0,0.68249
2009-02-22,0.3842980002917723,0.2359711461377307,0.031565557205431735,8,LANDSAT/LT05/C02/T1_L2,Landsat 5 TM,LANDSAT_5,2009,2000-01-01,2012-12-31,1,140021,511147.0,0.27393
2009-02-23,0.478655920919439,0.29930195482746264,0.09594337964833666,2,LANDSAT/LE07/C02/T1_L2,Landsat 7 ETM+,LANDSAT_7,2009,2000-01-01,2012-12-31,1,101336,511147.0,0.19825
2009-02-23,0.4807713492641353,0.30445556463083334,0.10621731113701346,8,LANDSAT/LE07/C02/T1_L2,Landsat 7 ETM+,LANDSAT_7,2009,2000-01-01,2012-12-31,1,30041,511147.0,0.05877
2009-03-02,0.43269015365744307,0.26451226150716123,0.0503974197350291,0,LANDSAT/LE07/C02/T1_L2,Landsat 7 ETM+,LANDSAT_7,2009,2000-01-01,2012-12-31,1,286411,511147.0,0.56033
2009-03-02,0.39877750149928337,0.24107275961590166,0.008822103484945273,0,LANDSAT/LE07/C02/T1_L2,Landsat 7 ETM+,LANDSAT_7,2009,2000-01-01,2012-12-31,1,146966,511147.0,0.28752
2009-03-03,0.44310371833392675,0.2933738199312855,0.073691140128767,4,LANDSAT/LT05/C02/T1_L2,Landsat 5 TM,LANDSAT_5,2009,2000-01-01,2012-12-31,1,158517,511147.0,0.31012
2009-03-03,0.45381461792473726,0.3026344035437418,0.08800691420840513,3,LANDSAT/LT05/C02/T1_L2,Landsat 5 TM,LANDSAT_5,2009,2000-01-01,2012-12-31,1,36282,511147.0,0.07098
2009-03-18,0.4205739648324314,0.2572669620105642,0.017307062915804385,0,LANDSAT/LE07/C02/T1_L2,Landsat 7 ETM+,LANDSAT_7,2009,2000-01-01,2012-12-31,1,279166,511147.0,0.54616
2009-03-18,0.38505076242216174,0.23535808361889926,-0.019135691085050588,0,LANDSAT/LE07/C02/T1_L2,Landsat 7 ETM+,LANDSAT_7,2009,2000-01-01,2012-12-31,1,145438,511147.0,0.28453
2009-03-26,0.3922054849539698,0.23829906630569997,-0.0006907876592196724,0,LANDSAT/LT05/C02/T1_L2,Landsat 5 TM,LANDSAT_5,2009,2000-01-01,2012-12-31,1,393390,511147.0,0.76962
2009-03-26,0.35916401007685683,0.2175506666042242,-0.030731406116242435,1,LANDSAT/LT05/C02/T1_L2,Landsat 5 TM,LANDSAT_5,2009,2000-01-01,2012-12-31,1,168443,511147.0,0.32954
2009-04-03,0.3722257673379081,0.22862860241605365,-0.020886571894587404,0,LANDSAT/LE07/C02/T1_L2,Landsat 7 ETM+,LANDSAT_7,2009,2000-01-01,2012-12-31,1,273533,511147.0,0.53514
2009-04-03,0.3542661417231213,0.21691636738483133,-0.03345616408729279,7,LANDSAT/LE07/C02/T1_L2,Landsat 7 ETM+,LANDSAT_7,2009,2000-01-01,2012-12-31,1,140046,511147.0,0.27398
2009-04-04,0.35365671914543345,0.23674802118030605,-0.021598680670230803,1,LANDSAT/LT05/C02/T1_L2,Landsat 5 TM,LANDSAT_5,2009,2000-01-01,2012-12-31,1,162436,511147.0,0.31779
2009-04-04,0.3751473585859009,0.25406615163253377,-0.008292874299065566,2,LANDSAT/LT05/C02/T1_L2,Landsat 5 TM,LANDSAT_5,2009,2000-01-01,2012-12-31,1,39710,511147.0,0.07769
2009-04-20,0.2744314630869077,0.20455759071766627,-0.04585264603031646,58,LANDSAT/LT05/C02/T1_L2,Landsat 5 TM,LANDSAT_5,2009,2000-01-01,2012-12-31,1,135197,511147.0,0.2645
2009-04-20,0.2941637804357903,0.22186401335148775,-0.03714739320183309,10,LANDSAT/LT05/C02/T1_L2,Landsat 5 TM,LANDSAT_5,2009,2000-01-01,2012-12-31,1,24706,511147.0,0.04833
2009-04-27,0.26966073594199885,0.18894305041684317,-0.04442422925416862,7,LANDSAT/LT05/C02/T1_L2,Landsat 5 TM,LANDSAT_5,2009,2000-01-01,2012-12-31,1,272238,511147.0,0.5326
2009-04-27,0.284085869514003,0.19429194636433575,-0.03957873600235026,10,LANDSAT/LT05/C02/T1_L2,Landsat 5 TM,LANDSAT_5,2009,2000-01-01,2012-12-31,1,126709,511147.0,0.24789
2009-05-05,0.32261298995920124,0.2652275247825258,0.10695327507728312,44,LANDSAT/LE07/C02/T1_L2,Landsat 7 ETM+,LANDSAT_7,2009,2000-01-01,2012-12-31,1,40,511147.0,8e-05
2009-05-06,0.2777509838945578,0.19167708738785674,-0.05861064269766226,2,LANDSAT/LT05/C02/T1_L2,Landsat 5 TM,LANDSAT_5,2009,2000-01-01,2012-12-31,1,162625,511147.0,0.31816
2009-05-06,0.2857264592881291,0.20081121923055292,-0.052190751987064264,3,LANDSAT/LT05/C02/T1_L2,Landsat 5 TM,LANDSAT_5,2009,2000-01-01,2012-12-31,1,37871,511147.0,0.07409
2009-05-13,0.2572272587204419,0.17430228407217188,-0.05428904777014717,2,LANDSAT/LT05/C02/T1_L2,Landsat 5 TM,LANDSAT_5,2009,2000-01-01,2012-12-31,1,339882,511147.0,0.66494
2009-05-13,0.26236170009502136,0.17972155940955314,-0.04765478606961113,26,LANDSAT/LT05/C02/T1_L2,Landsat 5 TM,LANDSAT_5,2009,2000-01-01,2012-12-31,1,145860,511147.0,0.28536
2009-05-29,0.34749880141691847,0.21577331444633327,0.01976721409804306,1,LANDSAT/LT05/C02/T1_L2,Landsat 5 TM,LANDSAT_5,2009,2000-01-01,2012-12-31,1,393347,511147.0,0.76954
2009-05-29,0.33979773280739306,0.22206464452972702,-0.022900531954468194,7,LANDSAT/LT05/C02/T1_L2,Landsat 5 TM,LANDSAT_5,2009,2000-01-01,2012-12-31,1,169309,511147.0,0.33123
2009-06-23,0.40332752976809527,0.28814721508863267,0.03409111970426962,10,LANDSAT/LT05/C02/T1_L2,Landsat 5 TM,LANDSAT_5,2009,2000-01-01,2012-12-31,1,164034,511147.0,0.32091
2009-06-23,0.3620911294184724,0.26134689086668433,0.009446590712633072,41,LANDSAT/LT05/C02/T1_L2,Landsat 5 TM,LANDSAT_5,2009,2000-01-01,2012-12-31,1,39963,511147.0,0.07818
2009-06-30,0.37510669832265536,0.24733833304343533,0.015016258851016337,23,LANDSAT/LT05/C02/T1_L2,Landsat 5 TM,LANDSAT_5,2009,2000-01-01,2012-12-31,1,387029,511147.0,0.75718
2009-06-30,0.3387448246225782,0.21620128499696778,-0.016457237161356025,5,LANDSAT/LT05/C02/T1_L2,Landsat 5 TM,LANDSAT_5,2009,2000-01-01,2012-12-31,1,169475,511147.0,0.33156
2009-07-16,0.2978229509397641,0.22217750992324273,-0.00976494674921329,39,LANDSAT/LT05/C02/T1_L2,Landsat 5 TM,LANDSAT_5,2009,2000-01-01,2012-12-31,1,50092,511147.0,0.098
2009-07-25,0.29814082167538947,0.23669722911446042,0.003827820944150186,30,LANDSAT/LT05/C02/T1_L2,Landsat 5 TM,LANDSAT_5,2009,2000-01-01,2012-12-31,1,119011,511147.0,0.23283
2009-07-25,0.28537328084461894,0.22269303616867242,-0.0028765539290482125,18,LANDSAT/LT05/C02/T1_L2,Landsat 5 TM,LANDSAT_5,2009,2000-01-01,2012-12-31,1,40808,511147.0,0.07984
2009-08-01,0.3478912557111267,0.22408640267251087,0.04781555721063649,23,LANDSAT/LT05/C02/T1_L2,Landsat 5 TM,LANDSAT_5,2009,2000-01-01,2012-12-31,1,309069,511147.0,0.60466
2009-08-01,0.3065767212421529,0.20152880585014568,0.0035745807431210525,19,LANDSAT/LT05/C02/T1_L2,Landsat 5 TM,LANDSAT_5,2009,2000-01-01,2012-12-31,1,72122,511147.0,0.1411
2009-08-10,0.3358756243258807,0.28570805977986913,0.05840347245054335,53,LANDSAT/LT05/C02/T1_L2,Landsat 5 TM,LANDSAT_5,2009,2000-01-01,2012-12-31,1,119723,511147.0,0.23422
2009-08-26,0.458825097265358,0.3512829852207424,0.07695719143727797,44,LANDSAT/LT05/C02/T1_L2,Landsat 5 TM,LANDSAT_5,2009,2000-01-01,2012-12-31,1,162552,511147.0,0.31801
2009-08-26,0.45745637532101774,0.35355167200847515,0.08177764482337929,64,LANDSAT/LT05/C02/T1_L2,Landsat 5 TM,LANDSAT_5,2009,2000-01-01,2012-12-31,1,40275,511147.0,0.07879
2009-09-10,0.4104038791622737,0.27468599329089843,0.03250826263871958,0,LANDSAT/LE07/C02/T1_L2,Landsat 7 ETM+,LANDSAT_7,2009,2000-01-01,2012-12-31,1,280363,511147.0,0.5485
2009-09-11,0.43849991932098187,0.34132916286757514,0.07716145273022534,11,LANDSAT/LT05/C02/T1_L2,Landsat 5 TM,LANDSAT_5,2009,2000-01-01,2012-12-31,1,160119,511147.0,0.31325
2009-09-11,0.3900559934692561,0.300089566889745,0.04394979762995284,1,LANDSAT/LT05/C02/T1_L2,Landsat 5 TM,LANDSAT_5,2009,2000-01-01,2012-12-31,1,40031,511147.0,0.07832
2009-09-18,0.4668614718507916,0.3156312530050863,0.18491697213040745,18,LANDSAT/LT05/C02/T1_L2,Landsat 5 TM,LANDSAT_5,2009,2000-01-01,2012-12-31,1,317609,511147.0,0.62137
2009-09-18,0.4700855422732091,0.33375311838090876,0.17591365763573458,44,LANDSAT/LT05/C02/T1_L2,Landsat 5 TM,LANDSAT_5,2009,2000-01-01,2012-12-31,1,74686,511147.0,0.14611
2009-10-04,0.5143946973601501,0.36668978445751804,0.16444758077795105,24,LANDSAT/LT05/C02/T1_L2,Landsat 5 TM,LANDSAT_5,2009,2000-01-01,2012-12-31,1,368901,511147.0,0.72171
2009-10-04,0.4887011222127099,0.34398042991873534,0.1320375825826498,13,LANDSAT/LT05/C02/T1_L2,Landsat 5 TM,LANDSAT_5,2009,2000-01-01,2012-12-31,1,150590,511147.0,0.29461
2009-10-12,0.5210705792190848,0.39257033538540953,0.17755325675999664,50,LANDSAT/LE07/C02/T1_L2,Landsat 7 ETM+,LANDSAT_7,2009,2000-01-01,2012-12-31,1,85985,511147.0,0.16822
2009-10-12,0.49296000992771205,0.3888518674621633,0.17045951045779548,48,LANDSAT/LE07/C02/T1_L2,Landsat 7 ETM+,LANDSAT_7,2009,2000-01-01,2012-12-31,1,31437,511147.0,0.0615
2009-10-13,0.49455539387027014,0.41946886286751367,0.14260397462467594,18,LANDSAT/LT05/C02/T1_L2,Landsat 5 TM,LANDSAT_5,2009,2000-01-01,2012-12-31,1,68705,511147.0,0.13441
2009-10-13,0.4636366900391292,0.40703712205101183,0.15442852506404953,19,LANDSAT/LT05/C02/T1_L2,Landsat 5 TM,LANDSAT_5,2009,2000-01-01,2012-12-31,1,19644,511147.0,0.03843
2009-10-20,0.46267268289927904,0.3201174759277153,0.09493417358525204,6,LANDSAT/LT05/C02/T1_L2,Landsat 5 TM,LANDSAT_5,2009,2000-01-01,2012-12-31,1,369177,511147.0,0.72225
2009-10-28,0.4837587795865331,0.3326685256860997,0.1484146143925106,63,LANDSAT/LE07/C02/T1_L2,Landsat 7 ETM+,LANDSAT_7,2009,2000-01-01,2012-12-31,1,43018,511147.0,0.08416
2009-10-28,0.47857144353864367,0.3240285787662678,0.11149958293457092,50,LANDSAT/LE07/C02/T1_L2,Landsat 7 ETM+,LANDSAT_7,2009,2000-01-01,2012-12-31,1,41432,511147.0,0.08106
2009-11-21,0.5317496559169375,0.3727611973620187,0.21316496625750964,32,LANDSAT/LT05/C02/T1_L2,Landsat 5 TM,LANDSAT_5,2009,2000-01-01,2012-12-31,1,125806,511147.0,0.24612
2009-11-21,0.5365472453668235,0.373221375202294,0.2002380790781513,67,LANDSAT/LT05/C02/T1_L2,Landsat 5 TM,LANDSAT_5,2009,2000-01-01,2012-12-31,1,63649,511147.0,0.12452
2009-11-22,0.5805669003311968,0.3759444226456846,0.23426604911944618,20,LANDSAT/LE07/C02/T1_L2,Landsat 7 ETM+,LANDSAT_7,2009,2000-01-01,2012-12-31,1,48953,511147.0,0.09577
2009-11-29,0.580127017818566,0.3686570067963829,0.15512504549115708,10,LANDSAT/LE07/C02/T1_L2,Landsat 7 ETM+,LANDSAT_7,2009,2000-01-01,2012-12-31,1,163352,511147.0,0.31958
2009-11-29,0.5813980761681349,0.3673387779427174,0.1547652828725529,53,LANDSAT/LE07/C02/T1_L2,Landsat 7 ETM+,LANDSAT_7,2009,2000-01-01,2012-12-31,1,115506,511147.0,0.22597
2009-12-07,0.5222674007257214,0.33565973527208215,0.15276618882914036,40,LANDSAT/LT05/C02/T1_L2,Landsat 5 TM,LANDSAT_5,2009,2000-01-01,2012-12-31,1,301767,511147.0,0.59037
2009-12-07,0.5461086407468363,0.3407362101299143,0.15422109786283938,42,LANDSAT/LT05/C02/T1_L2,Landsat 5 TM,LANDSAT_5,2009,2000-01-01,2012-12-31,1,166105,511147.0,0.32497
2009-12-08,0.5126982603016571,0.34613450966691606,0.1675334484870852,13,LANDSAT/LE07/C02/T1_L2,Landsat 7 ETM+,LANDSAT_7,2009,2000-01-01,2012-12-31,1,29543,511147.0,0.0578
2009-12-08,0.512380596084108,0.35327400345702,0.18761883116749623,35,LANDSAT/LE07/C02/T1_L2,Landsat 7 ETM+,LANDSAT_7,2009,2000-01-01,2012-12-31,1,8629,511147.0,0.01688
2009-12-24,0.5180083928579912,0.3682720971839878,0.22460951592489897,47,LANDSAT/LE07/C02/T1_L2,Landsat 7 ETM+,LANDSAT_7,2009,2000-01-01,2012-12-31,1,4219,511147.0,0.00825
2009-12-31,0.455418322526426,0.33610808037136847,0.17420953187464555,51,LANDSAT/LE07/C02/T1_L2,Landsat 7 ETM+,LANDSAT_7,2009,2000-01-01,2012-12-31,1,57224,511147.0,0.11195
2009-12-31,0.47330051418794084,0.4074007769482209,0.18276981968941977,52,LANDSAT/LE07/C02/T1_L2,Landsat 7 ETM+,LANDSAT_7,2009,2000-01-01,2012-12-31,1,10099,511147.0,0.01976
2010-01-16,0.5457896010531145,0.3386052821676017,0.15336155345513094,31,LANDSAT/LE07/C02/T1_L2,Landsat 7 ETM+,LANDSAT_7,2010,2000-01-01,2012-12-31,1,134408,511147.0,0.26295
2010-01-16,0.5853904367445962,0.38238041371339293,0.16703532885628325,26,LANDSAT/LE07/C02/T1_L2,Landsat 7 ETM+,LANDSAT_7,2010,2000-01-01,2012-12-31,1,29205,511147.0,0.05714
2010-01-17,0.4857401186845261,0.3419155605043518,0.12740021516043243,22,LANDSAT/LT05/C02/T1_L2,Landsat 5 TM,LANDSAT_5,2010,2000-01-01,2012-12-31,1,88754,511147.0,0.17364
2010-01-17,0.4999307869379071,0.36354558777661117,0.13644675678538692,14,LANDSAT/LT05/C02/T1_L2,Landsat 5 TM,LANDSAT_5,2010,2000-01-01,2012-12-31,1,16719,511147.0,0.03271
2010-01-24,0.5043255075186694,0.3116225385475612,0.11646025249555139,18,LANDSAT/LT05/C02/T1_L2,Landsat 5 TM,LANDSAT_5,2010,2000-01-01,2012-12-31,1,314767,511147.0,0.61581
2010-01-25,0.5202240663494297,0.34077845291691233,0.13342250080491602,10,LANDSAT/LE07/C02/T1_L2,Landsat 7 ETM+,LANDSAT_7,2010,2000-01-01,2012-12-31,1,64597,511147.0,0.12638
2010-01-25,0.533287606934471,0.3473239942519106,0.15114270928283657,19,LANDSAT/LE07/C02/T1_L2,Landsat 7 ETM+,LANDSAT_7,2010,2000-01-01,2012-12-31,1,21608,511147.0,0.04227
2010-02-02,0.48964875559975835,0.3413403010252479,0.10243077654563192,7,LANDSAT/LT05/C02/T1_L2,Landsat 5 TM,LANDSAT_5,2010,2000-01-01,2012-12-31,1,145300,511147.0,0.28426
2010-02-02,0.5052190170063402,0.3530489050439057,0.12611509957896633,7,LANDSAT/LT05/C02/T1_L2,Landsat 5 TM,LANDSAT_5,2010,2000-01-01,2012-12-31,1,37373,511147.0,0.07312
2010-02-09,0.4699939677666125,0.2888821915704527,0.0850053745495982,0,LANDSAT/LT05/C02/T1_L2,Landsat 5 TM,LANDSAT_5,2010,2000-01-01,2012-12-31,1,383553,511147.0,0.75038
2010-02-09,0.4632940841133409,0.2894585423204134,0.07732053609717081,0,LANDSAT/LT05/C02/T1_L2,Landsat 5 TM,LANDSAT_5,2010,2000-01-01,2012-12-31,1,172838,511147.0,0.33814
2010-02-10,0.4871337103331979,0.3410000913876719,0.10050723517374135,11,LANDSAT/LE07/C02/T1_L2,Landsat 7 ETM+,LANDSAT_7,2010,2000-01-01,2012-12-31,1,51467,511147.0,0.10069
2010-02-10,0.512650367697705,0.34682798360424955,0.13357249170359484,14,LANDSAT/LE07/C02/T1_L2,Landsat 7 ETM+,LANDSAT_7,2010,2000-01-01,2012-12-31,1,15848,511147.0,0.031
2010-02-17,0.49211022997810894,0.3005944523069256,0.07478179850611423,3,LANDSAT/LE07/C02/T1_L2,Landsat 7 ETM+,LANDSAT_7,2010,2000-01-01,2012-12-31,1,215338,511147.0,0.42128
2010-02-17,0.4765574996192449,0.2931833006017506,0.06283628448878209,32,LANDSAT/LE07/C02/T1_L2,Landsat 7 ETM+,LANDSAT_7,2010,2000-01-01,2012-12-31,1,106777,511147.0,0.2089
2010-02-18,0.4621392097150862,0.3290512674245469,0.08499855533971173,43,LANDSAT/LT05/C02/T1_L2,Landsat 5 TM,LANDSAT_5,2010,2000-01-01,2012-12-31,1,97898,511147.0,0.19153
2010-02-18,0.4963458101929967,0.35396521097265965,0.11630696263273019,21,LANDSAT/LT05/C02/T1_L2,Landsat 5 TM,LANDSAT_5,2010,2000-01-01,2012-12-31,1,15413,511147.0,0.03015
2010-02-25,0.41126342890119205,0.27526126975415277,0.060398492186206916,5,LANDSAT/LT05/C02/T1_L2,Landsat 5 TM,LANDSAT_5,2010,2000-01-01,2012-12-31,1,368631,511147.0,0.72118
2010-02-25,0.4003385343471071,0.25903386051012706,0.037445225499901175,2,LANDSAT/LT05/C02/T1_L2,Landsat 5 TM,LANDSAT_5,2010,2000-01-01,2012-12-31,1,168865,511147.0,0.33036
2010-02-26,0.39348072692104746,0.33408217874735147,0.09225143166839496,19,LANDSAT/LE07/C02/T1_L2,Landsat 7 ETM+,LANDSAT_7,2010,2000-01-01,2012-12-31,1,18090,511147.0,0.03539
2010-03-05,0.40132028537303355,0.2572659079032902,0.021633223082407785,0,LANDSAT/LE07/C02/T1_L2,Landsat 7 ETM+,LANDSAT_7,2010,2000-01-01,2012-12-31,1,259828,511147.0,0.50832
2010-03-05,0.38031058306457255,0.24171911246800953,0.0019956199651833205,1,LANDSAT/LE07/C02/T1_L2,Landsat 7 ETM+,LANDSAT_7,2010,2000-01-01,2012-12-31,1,137468,511147.0,0.26894
2010-03-14,0.37879854024314535,0.26436676937837766,0.005795923457332037,7,LANDSAT/LE07/C02/T1_L2,Landsat 7 ETM+,LANDSAT_7,2010,2000-01-01,2012-12-31,1,91425,511147.0,0.17886
2010-03-14,0.3955591742489216,0.2858259369662364,0.028011099852566865,34,LANDSAT/LE07/C02/T1_L2,Landsat 7 ETM+,LANDSAT_7,2010,2000-01-01,2012-12-31,1,21566,511147.0,0.04219
2010-03-21,0.33662317485013793,0.21467023429935278,-0.039524203056620494,0,LANDSAT/LE07/C02/T1_L2,Landsat 7 ETM+,LANDSAT_7,2010,2000-01-01,2012-12-31,1,259309,511147.0,0.50731
2010-03-21,0.3329965011548125,0.20954581156756621,-0.044018082922765225,1,LANDSAT/LE07/C02/T1_L2,Landsat 7 ETM+,LANDSAT_7,2010,2000-01-01,2012-12-31,1,137019,511147.0,0.26806
2010-03-29,0.28943803225066256,0.2008404224269157,-0.031863763628155434,16,LANDSAT/LT05/C02/T1_L2,Landsat 5 TM,LANDSAT_5,2010,2000-01-01,2012-12-31,1,280499,511147.0,0.54876
2010-03-29,0.2964411139189412,0.2011613952491628,-0.03262539720349819,18,LANDSAT/LT05/C02/T1_L2,Landsat 5 TM,LANDSAT_5,2010,2000-01-01,2012-12-31,1,133962,511147.0,0.26208
2010-03-30,0.30971548910936353,0.21413414752652352,-0.06386230208453142,2,LANDSAT/LE07/C02/T1_L2,Landsat 7 ETM+,LANDSAT_7,2010,2000-01-01,2012-12-31,1,118492,511147.0,0.23182
2010-03-30,0.33776833490932096,0.23445639654440045,-0.04983796228602188,6,LANDSAT/LE07/C02/T1_L2,Landsat 7 ETM+,LANDSAT_7,2010,2000-01-01,2012-12-31,1,35420,511147.0,0.0693
2010-04-06,0.28288673437192485,0.20603937672359288,-0.03525388582889535,37,LANDSAT/LE07/C02/T1_L2,Landsat 7 ETM+,LANDSAT_7,2010,2000-01-01,2012-12-31,1,217371,511147.0,0.42526
2010-04-06,0.30235984512745995,0.1984008255333537,-0.043990672735251826,10,LANDSAT/LE07/C02/T1_L2,Landsat 7 ETM+,LANDSAT_7,2010,2000-01-01,2012-12-31,1,124540,511147.0,0.24365
2010-04-22,0.2769126412481355,0.1834130687329503,-0.05397378851890741,6,LANDSAT/LE07/C02/T1_L2,Landsat 7 ETM+,LANDSAT_7,2010,2000-01-01,2012-12-31,1,265335,511147.0,0.5191
2010-04-22,0.2927823975472686,0.19312012005011644,-0.04854518978418511,11,LANDSAT/LE07/C02/T1_L2,Landsat 7 ETM+,LANDSAT_7,2010,2000-01-01,2012-12-31,1,139428,511147.0,0.27277
2010-05-08,0.2867955013566382,0.20533091417872978,-0.02436603764272869,18,LANDSAT/LE07/C02/T1_L2,Landsat 7 ETM+,LANDSAT_7,2010,2000-01-01,2012-12-31,1,246786,511147.0,0.48281
2010-05-08,0.3220687971869795,0.23767477589061373,0.021366693186170155,30,LANDSAT/LE07/C02/T1_L2,Landsat 7 ETM+,LANDSAT_7,2010,2000-01-01,2012-12-31,1,122449,511147.0,0.23956
2010-05-09,0.24773578978057578,0.1900820475189622,-0.05297287337153438,44,LANDSAT/LT05/C02/T1_L2,Landsat 5 TM,LANDSAT_5,2010,2000-01-01,2012-12-31,1,127916,511147.0,0.25025
2010-05-16,0.26828188079280657,0.21116409051480758,-0.009039186902410186,53,LANDSAT/LT05/C02/T1_L2,Landsat 5 TM,LANDSAT_5,2010,2000-01-01,2012-12-31,1,279453,511147.0,0.54672
2010-05-16,0.33486469505487904,0.2583645061197459,0.04419124147611169,51,LANDSAT/LT05/C02/T1_L2,Landsat 5 TM,LANDSAT_5,2010,2000-01-01,2012-12-31,1,150812,511147.0,0.29505
2010-05-25,0.305308097794995,0.22263479484566,-0.019310274297071134,19,LANDSAT/LT05/C02/T1_L2,Landsat 5 TM,LANDSAT_5,2010,2000-01-01,2012-12-31,1,164359,511147.0,0.32155
2010-05-25,0.29571524306125696,0.21652262770310401,-0.029195001887653907,26,LANDSAT/LT05/C02/T1_L2,Landsat 5 TM,LANDSAT_5,2010,2000-01-01,2012-12-31,1,42870,511147.0,0.08387
2010-06-01,0.3586694206120013,0.24699308264692618,0.027404143062903324,0,LANDSAT/LT05/C02/T1_L2,Landsat 5 TM,LANDSAT_5,2010,2000-01-01,2012-12-31,1,390031,511147.0,0.76305
2010-06-01,0.4231105195270773,0.29676959018010907,0.07735882620839507,3,LANDSAT/LT05/C02/T1_L2,Landsat 5 TM,LANDSAT_5,2010,2000-01-01,2012-12-31,1,170238,511147.0,0.33305
2010-06-02,0.33997603787768743,0.24309386353930848,-0.024429563724495125,20,LANDSAT/LE07/C02/T1_L2,Landsat 7 ETM+,LANDSAT_7,2010,2000-01-01,2012-12-31,1,102634,511147.0,0.20079
2010-06-02,0.32027747645291404,0.23073415218752474,-0.036034682053649916,0,LANDSAT/LE07/C02/T1_L2,Landsat 7 ETM+,LANDSAT_7,2010,2000-01-01,2012-12-31,1,31503,511147.0,0.06163
2010-10-16,0.5635839382590945,0.3905428075007977,0.1387398721383644,0,LANDSAT/LT05/C02/T1_L2,Landsat 5 TM,LANDSAT_5,2010,2000-01-01,2012-12-31,1,176334,511147.0,0.34498
2010-10-16,0.5477098307702035,0.38311554294870614,0.1300128891498177,7,LANDSAT/LT05/C02/T1_L2,Landsat 5 TM,LANDSAT_5,2010,2000-01-01,2012-12-31,1,48829,511147.0,0.09553
2010-11-01,0.4702075883268306,0.38798676679644506,0.2481392048460041,56,LANDSAT/LT05/C02/T1_L2,Landsat 5 TM,LANDSAT_5,2010,2000-01-01,2012-12-31,1,571,511147.0,0.00112
2010-12-11,0.44497236837901355,0.28818532837627603,0.3014350838825359,54,LANDSAT/LE07/C02/T1_L2,Landsat 7 ETM+,LANDSAT_7,2010,2000-01-01,2012-12-31,1,11034,511147.0,0.02159
2010-12-11,0.47452569757916946,0.3131663732476979,0.3029313172787437,42,LANDSAT/LE07/C02/T1_L2,Landsat 7 ETM+,LANDSAT_7,2010,2000-01-01,2012-12-31,1,181,511147.0,0.00035
2010-12-18,0.4289858918695834,0.26270671951623903,0.3061584060186431,61,LANDSAT/LE07/C02/T1_L2,Landsat 7 ETM+,LANDSAT_7,2010,2000-01-01,2012-12-31,1,13311,511147.0,0.02604
2010-12-27,0.5098618151977956,0.28930325055220474,0.20826516998950326,10,LANDSAT/LE07/C02/T1_L2,Landsat 7 ETM+,LANDSAT_7,2010,2000-01-01,2012-12-31,1,94781,511147.0,0.18543
2010-12-27,0.521750358845907,0.298263573249197,0.20227896083249194,22,LANDSAT/LE07/C02/T1_L2,Landsat 7 ETM+,LANDSAT_7,2010,2000-01-01,2012-12-31,1,29837,511147.0,0.05837
2011-01-12,0.5052171102731847,0.2908583331568991,0.1825150710377543,5,LANDSAT/LE07/C02/T1_L2,Landsat 7 ETM+,LANDSAT_7,2011,2000-01-01,2012-12-31,1,102661,511147.0,0.20084
2011-01-12,0.5046975857751965,0.2951865053680691,0.17178936584303536,18,LANDSAT/LE07/C02/T1_L2,Landsat 7 ETM+,LANDSAT_7,2011,2000-01-01,2012-12-31,1,30073,511147.0,0.05883
2011-01-19,0.5114330045429574,0.2878950460603522,0.13366996953394153,1,LANDSAT/LE07/C02/T1_L2,Landsat 7 ETM+,LANDSAT_7,2011,2000-01-01,2012-12-31,1,272575,511147.0,0.53326
2011-01-19,0.5325108128783215,0.3030705416655931,0.10948775883299208,4,LANDSAT/LE07/C02/T1_L2,Landsat 7 ETM+,LANDSAT_7,2011,2000-01-01,2012-12-31,1,143448,511147.0,0.28064
2011-01-20,0.4324987405586762,0.28803729053040417,0.13428413523955407,9,LANDSAT/LT05/C02/T1_L2,Landsat 5 TM,LANDSAT_5,2011,2000-01-01,2012-12-31,1,84561,511147.0,0.16543
2011-01-20,0.4448497072176319,0.2892683164586063,0.1262879290513936,10,LANDSAT/LT05/C02/T1_L2,Landsat 5 TM,LANDSAT_5,2011,2000-01-01,2012-12-31,1,24571,511147.0,0.04807
2011-01-27,0.44267697986063825,0.275988076293623,0.10123292266700196,9,LANDSAT/LT05/C02/T1_L2,Landsat 5 TM,LANDSAT_5,2011,2000-01-01,2012-12-31,1,212779,511147.0,0.41628
2011-01-27,0.44801087373687126,0.2849009397879236,0.08084621895422031,15,LANDSAT/LT05/C02/T1_L2,Landsat 5 TM,LANDSAT_5,2011,2000-01-01,2012-12-31,1,95526,511147.0,0.18689
2011-02-05,0.4622149139216457,0.3078435454808832,0.12314684308989947,6,LANDSAT/LT05/C02/T1_L2,Landsat 5 TM,LANDSAT_5,2011,2000-01-01,2012-12-31,1,157977,511147.0,0.30906
2011-02-05,0.4677081688392368,0.30599350389697244,0.11835777733384573,14,LANDSAT/LT05/C02/T1_L2,Landsat 5 TM,LANDSAT_5,2011,2000-01-01,2012-12-31,1,37757,511147.0,0.07387
2011-02-12,0.4442046481439182,0.26555900079417616,0.08309292677069689,0,LANDSAT/LT05/C02/T1_L2,Landsat 5 TM,LANDSAT_5,2011,2000-01-01,2012-12-31,1,390331,511147.0,0.76364
2011-02-12,0.43112656373020486,0.25827434423985185,0.04103632918726751,1,LANDSAT/LT05/C02/T1_L2,Landsat 5 TM,LANDSAT_5,2011,2000-01-01,2012-12-31,1,171479,511147.0,0.33548
2011-02-20,0.4027937062434885,0.30180888137500417,0.08018394801784819,38,LANDSAT/LE07/C02/T1_L2,Landsat 7 ETM+,LANDSAT_7,2011,2000-01-01,2012-12-31,1,55030,511147.0,0.10766
2011-02-21,0.40003633057420207,0.32162218058988956,0.12250664674194667,22,LANDSAT/LT05/C02/T1_L2,Landsat 5 TM,LANDSAT_5,2011,2000-01-01,2012-12-31,1,62039,511147.0,0.12137
2011-02-21,0.40665247996036524,0.315764519583259,0.12335662097446873,21,LANDSAT/LT05/C02/T1_L2,Landsat 5 TM,LANDSAT_5,2011,2000-01-01,2012-12-31,1,15420,511147.0,0.03017
2011-02-28,0.4510911477057058,0.28384821352439005,0.10564047803886364,7,LANDSAT/LT05/C02/T1_L2,Landsat 5 TM,LANDSAT_5,2011,2000-01-01,2012-12-31,1,230049,511147.0,0.45006
2011-02-28,0.40914368305089616,0.26561471127373537,0.06915770131365337,22,LANDSAT/LT05/C02/T1_L2,Landsat 5 TM,LANDSAT_5,2011,2000-01-01,2012-12-31,1,111830,511147.0,0.21878
2011-03-09,0.475783900376587,0.31141090295171936,0.09723724239523109,0,LANDSAT/LT05/C02/T1_L2,Landsat 5 TM,LANDSAT_5,2011,2000-01-01,2012-12-31,1,165121,511147.0,0.32304
2011-03-09,0.48219541316111514,0.3161519546342179,0.09823322333687255,0,LANDSAT/LT05/C02/T1_L2,Landsat 5 TM,LANDSAT_5,2011,2000-01-01,2012-12-31,1,39028,511147.0,0.07635
2011-03-17,0.43494881478307257,0.31761850379095197,0.09024590423281995,15,LANDSAT/LE07/C02/T1_L2,Landsat 7 ETM+,LANDSAT_7,2011,2000-01-01,2012-12-31,1,54034,511147.0,0.10571
2011-04-01,0.35029505173898423,0.22624175819908363,-0.004609004722714475,0,LANDSAT/LT05/C02/T1_L2,Landsat 5 TM,LANDSAT_5,2011,2000-01-01,2012-12-31,1,388901,511147.0,0.76084
2011-04-01,0.33319807098311455,0.21341706121729975,-0.02415839406940462,0,LANDSAT/LT05/C02/T1_L2,Landsat 5 TM,LANDSAT_5,2011,2000-01-01,2012-12-31,1,168543,511147.0,0.32973
2011-04-02,0.3514411396863876,0.2461116693352632,-0.0017979586848048366,1,LANDSAT/LE07/C02/T1_L2,Landsat 7 ETM+,LANDSAT_7,2011,2000-01-01,2012-12-31,1,103574,511147.0,0.20263
2011-04-02,0.37473000953692115,0.2651455048015545,0.004718057304169219,3,LANDSAT/LE07/C02/T1_L2,Landsat 7 ETM+,LANDSAT_7,2011,2000-01-01,2012-12-31,1,31564,511147.0,0.06175
2011-05-20,0.285514504896518,0.2567874771240315,0.007414337223980313,37,LANDSAT/LE07/C02/T1_L2,Landsat 7 ETM+,LANDSAT_7,2011,2000-01-01,2012-12-31,1,60161,511147.0,0.1177
2011-05-20,0.31270014858926226,0.278794921500615,-0.009668797075945135,5,LANDSAT/LE07/C02/T1_L2,Landsat 7 ETM+,LANDSAT_7,2011,2000-01-01,2012-12-31,1,10486,511147.0,0.02051
2011-06-21,0.3371263280028126,0.2638882196745324,0.03659645955305045,6,LANDSAT/LE07/C02/T1_L2,Landsat 7 ETM+,LANDSAT_7,2011,2000-01-01,2012-12-31,1,69056,511147.0,0.1351
2011-06-21,0.3362491392414569,0.25555941872969107,0.05020092166008877,3,LANDSAT/LE07/C02/T1_L2,Landsat 7 ETM+,LANDSAT_7,2011,2000-01-01,2012-12-31,1,6358,511147.0,0.01244
2011-08-15,0.5203613860034686,0.36357111196683095,0.13781228897952533,15,LANDSAT/LE07/C02/T1_L2,Landsat 7 ETM+,LANDSAT_7,2011,2000-01-01,2012-12-31,1,284689,511147.0,0.55696
2011-08-15,0.512149925677242,0.3627743506809915,0.1308493678799745,43,LANDSAT/LE07/C02/T1_L2,Landsat 7 ETM+,LANDSAT_7,2011,2000-01-01,2012-12-31,1,141624,511147.0,0.27707
2011-09-25,0.6035772044879925,0.43093017382330207,0.21710496842592236,3,LANDSAT/LE07/C02/T1_L2,Landsat 7 ETM+,LANDSAT_7,2011,2000-01-01,2012-12-31,1,105168,511147.0,0.20575
2011-09-25,0.5964495864222042,0.4355073839517651,0.21090666889121468,2,LANDSAT/LE07/C02/T1_L2,Landsat 7 ETM+,LANDSAT_7,2011,2000-01-01,2012-12-31,1,31829,511147.0,0.06227
2011-10-02,0.5637108462060378,0.41446680305160605,0.1624076936815854,18,LANDSAT/LE07/C02/T1_L2,Landsat 7 ETM+,LANDSAT_7,2011,2000-01-01,2012-12-31,1,61055,511147.0,0.11945
2011-10-10,0.5820883035822998,0.4075463493649421,0.24568972591941088,33,LANDSAT/LT05/C02/T1_L2,Landsat 5 TM,LANDSAT_5,2011,2000-01-01,2012-12-31,1,269389,511147.0,0.52703
2011-10-10,0.5837736350614073,0.44124562407802814,0.27785874981171943,42,LANDSAT/LT05/C02/T1_L2,Landsat 5 TM,LANDSAT_5,2011,2000-01-01,2012-12-31,1,9369,511147.0,0.01833
2011-10-18,0.5786321910469947,0.4472303386370226,0.2464282573026378,60,LANDSAT/LE07/C02/T1_L2,Landsat 7 ETM+,LANDSAT_7,2011,2000-01-01,2012-12-31,1,44050,511147.0,0.08618
2011-10-18,0.5889565734838824,0.44684218993837027,0.22808091947669823,52,LANDSAT/LE07/C02/T1_L2,Landsat 7 ETM+,LANDSAT_7,2011,2000-01-01,2012-12-31,1,40403,511147.0,0.07904
2011-10-19,0.5621429039747786,0.41522037981922044,0.19170744257203562,46,LANDSAT/LT05/C02/T1_L2,Landsat 5 TM,LANDSAT_5,2011,2000-01-01,2012-12-31,1,154973,511147.0,0.30319
2011-10-19,0.571937900892385,0.4228824903191403,0.19527581627005894,59,LANDSAT/LT05/C02/T1_L2,Landsat 5 TM,LANDSAT_5,2011,2000-01-01,2012-12-31,1,41187,511147.0,0.08058
2011-11-12,0.5649830664197968,0.38989206028770435,0.17826680707506012,20,LANDSAT/LE07/C02/T1_L2,Landsat 7 ETM+,LANDSAT_7,2011,2000-01-01,2012-12-31,1,66443,511147.0,0.12999
2011-11-12,0.5788997451646165,0.4077971312460483,0.17714060990305572,41,LANDSAT/LE07/C02/T1_L2,Landsat 7 ETM+,LANDSAT_7,2011,2000-01-01,2012-12-31,1,25389,511147.0,0.04967
2011-11-19,0.6068851820185596,0.36599241963319223,0.1752651721759773,0,LANDSAT/LE07/C02/T1_L2,Landsat 7 ETM+,LANDSAT_7,2011,2000-01-01,2012-12-31,1,285398,511147.0,0.55835
2011-12-05,0.5632913520865408,0.3789222529119492,0.19915450444804506,8,LANDSAT/LE07/C02/T1_L2,Landsat 7 ETM+,LANDSAT_7,2011,2000-01-01,2012-12-31,1,200049,511147.0,0.39137
2011-12-05,0.5771125261865535,0.3903680680489799,0.19391614423448006,15,LANDSAT/LE07/C02/T1_L2,Landsat 7 ETM+,LANDSAT_7,2011,2000-01-01,2012-12-31,1,111999,511147.0,0.21911
2011-12-14,0.5071096779788097,0.3195234193872889,0.17137968127919656,67,LANDSAT/LE07/C02/T1_L2,Landsat 7 ETM+,LANDSAT_7,2011,2000-01-01,2012-12-31,1,86108,511147.0,0.16846
2011-12-21,0.5142482668097862,0.33592125838705367,0.18037383064636275,31,LANDSAT/LE07/C02/T1_L2,Landsat 7 ETM+,LANDSAT_7,2011,2000-01-01,2012-12-31,1,130198,511147.0,0.25472
2011-12-21,0.560777725532779,0.37148448227144737,0.19107583930842462,31,LANDSAT/LE07/C02/T1_L2,Landsat 7 ETM+,LANDSAT_7,2011,2000-01-01,2012-12-31,1,58675,511147.0,0.11479
2012-01-15,0.46614334392477036,0.30045445560077516,0.1509339242356515,28,LANDSAT/LE07/C02/T1_L2,Landsat 7 ETM+,LANDSAT_7,2012,2000-01-01,2012-12-31,1,54211,511147.0,0.10606
2012-01-15,0.4733072481368692,0.3179377281068652,0.1626321010873475,39,LANDSAT/LE07/C02/T1_L2,Landsat 7 ETM+,LANDSAT_7,2012,2000-01-01,2012-12-31,1,21418,511147.0,0.0419
2012-01-31,0.38295942739503125,0.30349648967886556,0.19949746889562892,21,LANDSAT/LE07/C02/T1_L2,Landsat 7 ETM+,LANDSAT_7,2012,2000-01-01,2012-12-31,1,24203,511147.0,0.04735
2012-01-31,0.3925709675719643,0.3178044059198796,0.21251999955039463,44,LANDSAT/LE07/C02/T1_L2,Landsat 7 ETM+,LANDSAT_7,2012,2000-01-01,2012-12-31,1,5263,511147.0,0.0103
2012-02-16,0.4895402080464416,0.3128057974809686,0.12130348787506234,19,LANDSAT/LE07/C02/T1_L2,Landsat 7 ETM+,LANDSAT_7,2012,2000-01-01,2012-12-31,1,77860,511147.0,0.15232
2012-02-16,0.498781037851958,0.3240314058390316,0.1225773885993007,15,LANDSAT/LE07/C02/T1_L2,Landsat 7 ETM+,LANDSAT_7,2012,2000-01-01,2012-12-31,1,21126,511147.0,0.04133
2012-03-03,0.4236298029665886,0.2916172827190504,0.06907766471753568,1,LANDSAT/LE07/C02/T1_L2,Landsat 7 ETM+,LANDSAT_7,2012,2000-01-01,2012-12-31,1,104822,511147.0,0.20507
2012-03-03,0.4288325360194277,0.2995461668226236,0.06723772160240213,3,LANDSAT/LE07/C02/T1_L2,Landsat 7 ETM+,LANDSAT_7,2012,2000-01-01,2012-12-31,1,31490,511147.0,0.06161
2012-03-19,0.389821269706073,0.2585537436203333,0.01896572283942063,1,LANDSAT/LE07/C02/T1_L2,Landsat 7 ETM+,LANDSAT_7,2012,2000-01-01,2012-12-31,1,105526,511147.0,0.20645
2012-03-19,0.4055253680698083,0.27327349597510875,0.021886646079925385,1,LANDSAT/LE07/C02/T1_L2,Landsat 7 ETM+,LANDSAT_7,2012,2000-01-01,2012-12-31,1,32130,511147.0,0.06286
2012-03-26,0.3513235896283939,0.22313959002083866,-0.02245808404340676,0,LANDSAT/LE07/C02/T1_L2,Landsat 7 ETM+,LANDSAT_7,2012,2000-01-01,2012-12-31,1,283444,511147.0,0.55453
2012-03-26,0.3371433892825785,0.21343028481402856,-0.03482523913954036,0,LANDSAT/LE07/C02/T1_L2,Landsat 7 ETM+,LANDSAT_7,2012,2000-01-01,2012-12-31,1,147034,511147.0,0.28766
2012-04-04,0.3511941517568566,0.23459030504444767,-0.025944687890831264,3,LANDSAT/LE07/C02/T1_L2,Landsat 7 ETM+,LANDSAT_7,2012,2000-01-01,2012-12-31,1,104918,511147.0,0.20526
2012-04-04,0.37719883674634247,0.2551623092826507,-0.01640058304583044,6,LANDSAT/LE07/C02/T1_L2,Landsat 7 ETM+,LANDSAT_7,2012,2000-01-01,2012-12-31,1,31155,511147.0,0.06095
2012-04-11,0.33595905260776987,0.21408688510467266,-0.02703476063211908,5,LANDSAT/LE07/C02/T1_L2,Landsat 7 ETM+,LANDSAT_7,2012,2000-01-01,2012-12-31,1,183827,511147.0,0.35964
2012-04-11,0.3417063318332854,0.21316408209434254,-0.03552955808978435,7,LANDSAT/LE07/C02/T1_L2,Landsat 7 ETM+,LANDSAT_7,2012,2000-01-01,2012-12-31,1,136999,511147.0,0.26802
2012-05-13,0.4201240110509509,0.2978603175675719,0.005135275988327457,16,LANDSAT/LE07/C02/T1_L2,Landsat 7 ETM+,LANDSAT_7,2012,2000-01-01,2012-12-31,1,3473,511147.0,0.00679
2012-05-22,0.2777110914967937,0.21826617772178167,-0.026222998834034856,25,LANDSAT/LE07/C02/T1_L2,Landsat 7 ETM+,LANDSAT_7,2012,2000-01-01,2012-12-31,1,98057,511147.0,0.19184
2012-06-07,0.31660227810780156,0.21846094246065698,-0.020065462168986383,0,LANDSAT/LE07/C02/T1_L2,Landsat 7 ETM+,LANDSAT_7,2012,2000-01-01,2012-12-31,1,103929,511147.0,0.20333
2012-06-23,0.3279357941925262,0.23156155502576056,-0.014713666244585116,0,LANDSAT/LE07/C02/T1_L2,Landsat 7 ETM+,LANDSAT_7,2012,2000-01-01,2012-12-31,1,100373,511147.0,0.19637
2012-09-11,0.5439350794156002,0.41745080088961706,0.18075411582728898,6,LANDSAT/LE07/C02/T1_L2,Landsat 7 ETM+,LANDSAT_7,2012,2000-01-01,2012-12-31,1,100609,511147.0,0.19683
2012-10-04,0.575926240214312,0.38073633009561914,0.16200964091534484,0,LANDSAT/LE07/C02/T1_L2,Landsat 7 ETM+,LANDSAT_7,2012,2000-01-01,2012-12-31,1,150522,511147.0,0.29448
2012-10-13,0.509244541383526,0.44681432311234737,0.17419710886589243,20,LANDSAT/LE07/C02/T1_L2,Landsat 7 ETM+,LANDSAT_7,2012,2000-01-01,2012-12-31,1,59507,511147.0,0.11642
2012-10-13,0.5278088058020765,0.46746269878835645,0.1779145933989458,26,LANDSAT/LE07/C02/T1_L2,Landsat 7 ETM+,LANDSAT_7,2012,2000-01-01,2012-12-31,1,20334,511147.0,0.03978
2012-11-05,0.5810059589259426,0.4140708086747969,0.2389311281150199,25,LANDSAT/LE07/C02/T1_L2,Landsat 7 ETM+,LANDSAT_7,2012,2000-01-01,2012-12-31,1,193933,511147.0,0.37941
2012-11-05,0.5678053352577899,0.4300858520529111,0.2049589499746711,20,LANDSAT/LE07/C02/T1_L2,Landsat 7 ETM+,LANDSAT_7,2012,2000-01-01,2012-12-31,1,73565,511147.0,0.14392
2012-11-14,0.5653282370693501,0.3871246257728079,0.15899600603042485,13,LANDSAT/LE07/C02/T1_L2,Landsat 7 ETM+,LANDSAT_7,2012,2000-01-01,2012-12-31,1,81974,511147.0,0.16037
2012-11-14,0.5765267909053121,0.3957599525943501,0.17021432129165617,34,LANDSAT/LE07/C02/T1_L2,Landsat 7 ETM+,LANDSAT_7,2012,2000-01-01,2012-12-31,1,28647,511147.0,0.05604
2012-11-21,0.549695705372377,0.3745736980963375,0.16238444137927419,31,LANDSAT/LE07/C02/T1_L2,Landsat 7 ETM+,LANDSAT_7,2012,2000-01-01,2012-12-31,1,183879,511147.0,0.35974
2012-11-21,0.5585133452967592,0.3669477643166282,0.14613371420825427,6,LANDSAT/LE07/C02/T1_L2,Landsat 7 ETM+,LANDSAT_7,2012,2000-01-01,2012-12-31,1,143827,511147.0,0.28138
2012-12-07,0.5762808061574167,0.36186127781572114,0.21817803128886767,15,LANDSAT/LE07/C02/T1_L2,Landsat 7 ETM+,LANDSAT_7,2012,2000-01-01,2012-12-31,1,112534,511147.0,0.22016
2012-12-07,0.5927040765136136,0.383591310433941,0.1937445028742103,23,LANDSAT/LE07/C02/T1_L2,Landsat 7 ETM+,LANDSAT_7,2012,2000-01-01,2012-12-31,1,47589,511147.0,0.0931
2012-12-23,0.4416093842887229,0.3621842035522491,0.19761665413015989,39,LANDSAT/LE07/C02/T1_L2,Landsat 7 ETM+,LANDSAT_7,2012,2000-01-01,2012-12-31,1,13968,511147.0,0.02733
